# .PCD v0.7 - Point Cloud Data file format
VERSION 0.7
FIELDS x y z intensity
SIZE 4 4 4 4
TYPE F F F F
COUNT 1 1 1 1
WIDTH 20064
HEIGHT 1
VIEWPOINT 0 0 0 1 0 0 0
POINTS 20064
DATA ascii
0 0 0 0
-1.816 1.66 -0.183 17
-1.804 1.569 -0.126 88
-1.795 1.49 -0.079999998 100
0 0 0 0
-1.811 1.5779999 -0.17900001 24
-1.798 1.4910001 -0.122 94
-1.7819999 1.413 -0.075000003 85
-2.2190001 1.931 -0.28999999 0
-1.791 1.487 -0.17299999 19
-1.784 1.4119999 -0.117 73
-1.78 1.346 -0.071000002 84
-2.7179999 2.253 -0.34999999 34
-1.78 1.409 -0.168 113
-1.777 1.341 -0.113 60
-1.8430001 1.329 -0.068999998 72
-2.4579999 1.939 -0.31200001 30
-1.78 1.342 -0.16500001 63
-1.847 1.327 -0.114 71
-1.9299999 1.327 -0.068000004 91
-1.821 1.367 -0.228 24
-1.857 1.332 -0.169 15
-1.933 1.323 -0.115 75
-2.0139999 1.317 -0.067000002 85
-2.6889999 1.919 -0.33199999 24
-1.934 1.319 -0.17299999 68
-2.0179999 1.313 -0.117 69
-2.1059999 1.311 -0.066 82
-2.622 1.777 -0.31999999 6
-2.0309999 1.317 -0.17900001 148
-2.1110001 1.3049999 -0.119 76
-2.194 1.2970001 -0.064999998 83
-2.668 1.716 -0.32100001 5
-2.1289999 1.3099999 -0.184 34
-2.207 1.296 -0.121 77
-2.2839999 1.281 -0.064000003 77
-2.806 1.711 -0.33399999 7
-2.2160001 1.2920001 -0.18799999 6
-2.3 1.279 -0.122 72
-2.391 1.271 -0.063000001 66
-2.9460001 1.699 -0.347 1
-2.352 1.299 -0.197 47
-2.4170001 1.272 -0.125 65
-2.7479999 1.383 -0.068000004 150
-2.4389999 1.33 -0.28400001 6
-2.75 1.4349999 -0.227 6
-2.7539999 1.37 -0.139 87
-2.8299999 1.344 -0.064999998 5
-2.7550001 1.4170001 -0.31799999 5
-2.7579999 1.357 -0.22400001 14
-2.8510001 1.337 -0.14 5
-2.9519999 1.322 -0.064000003 5
-2.789 1.35 -0.31900001 4
-2.8770001 1.3329999 -0.23100001 5
-2.9920001 1.3200001 -0.14300001 4
-3.152 1.327 -0.064000003 6
-2.8929999 1.316 -0.32800001 0
-3.0220001 1.313 -0.23899999 4
-3.2 1.325 -0.149 11
-3.1889999 1.2589999 -0.059999999 7
0 0 0 0
-3.1800001 1.294 -0.248 11
-3.293 1.275 -0.149 5
-3.398 1.253 -0.059 2
0 0 0 0
-3.3329999 1.266 -0.257 4
-3.4530001 1.2460001 -0.153 4
-3.5769999 1.228 -0.057999998 0
0 0 0 0
-3.5009999 1.235 -0.266 1
-6.21 2.082 -0.26800001 34
-6.1799998 1.9680001 -0.093000002 6
0 0 0 0
-6.2420001 2.039 -0.47 0
-6.1900001 1.9170001 -0.26100001 34
-6.1479998 1.807 -0.085000001 24
0 0 0 0
-6.1950002 1.864 -0.461 0
-6.178 1.7589999 -0.25400001 34
-6.1129999 1.648 -0.078000002 58
0 0 0 0
-6.1950002 1.705 -0.456 0
-6.1560001 1.601 -0.248 36
-6.0929999 1.497 -0.071000002 61
0 0 0 0
-6.1469998 1.5369999 -0.44800001 1
-6.1209998 1.442 -0.241 36
-6.0700002 1.348 -0.064000003 63
0 0 0 0
-6.1399999 1.383 -0.44299999 1
0 0 0 0
0 0 0 0
0 0 0 0
0 0 0 0
0 0 0 0
0 0 0 0
0 0 0 0
0 0 0 0
0 0 0 0
-3.727 0.56800002 -0.028000001 8
0 0 0 0
-3.6989999 0.56099999 -0.259 29
0 0 0 0
-5.3709998 0.69400001 -0.035999998 17
0 0 0 0
0 0 0 0
-5.388 0.63200003 -0.19 14
0 0 0 0
0 0 0 0
-3.826 0.398 -0.264 4
-3.8800001 0.36399999 -0.134 6
-3.869 0.32600001 -0.018999999 6
0 0 0 0
0 0 0 0
-6.5229998 0.463 -0.221 24
-6.5380001 0.40200001 -0.027000001 121
0 0 0 0
0 0 0 0
-6.8520002 0.329 -0.228 16
-15.332 0.60100001 -0.050999999 30
0 0 0 0
0 0 0 0
-2.033 0.050000001 -0.066 42
-1.993 0.033 -0.0049999999 51
-1.932 0.029999999 -0.199 4
-1.989 0.018999999 -0.133 7
-1.984 0.0040000002 -0.063000001 46
-1.984 -0.0099999998 -0.003 58
-1.898 -0.015 -0.19499999 15
-1.97 -0.027000001 -0.131 66
-1.9960001 -0.041000001 -0.061999999 46
-1.997 -0.055 -0.0020000001 48
-1.973 -0.063000001 -0.20299999 31
-2 -0.074000001 -0.132 15
-9.052 -0.39300001 -0.27900001 1
-9.0459995 -0.45300001 -0.003 8
0 0 0 0
0 0 0 0
-9.0220003 -0.60000002 -0.27399999 20
-2.0469999 -0.148 0 0
0 0 0 0
0 0 0 0
-2.0799999 -0.186 -0.061999999 54
-1.987 -0.189 0.001 41
-2.046 -0.215 -0.20900001 13
-2.059 -0.223 -0.134 28
-2.0610001 -0.23199999 -0.059999999 51
-1.99 -0.234 0.003 42
-2.0220001 -0.26199999 -0.206 13
-2.072 -0.273 -0.134 12
-6.895 -0.93699998 -0.199 0
-8.8900003 -1.249 0.02 119
0 0 0 0
0 0 0 0
-6.4759998 -1.031 -0.184 12
-6.4439998 -1.052 0.017999999 8
0 0 0 0
0 0 0 0
-6.454 -1.179 -0.18099999 11
-6.4239998 -1.196 0.022 10
0 0 0 0
0 0 0 0
-6.4349999 -1.329 -0.177 12
-6.4060001 -1.34 0.025 8
0 0 0 0
0 0 0 0
-6.4239998 -1.48 -0.175 12
-6.3850002 -1.487 0.028999999 8
0 0 0 0
0 0 0 0
-6.3629999 -1.6210001 -0.171 2
-6.3150001 -1.619 0.032000002 2
0 0 0 0
0 0 0 0
-6.1630001 -1.721 -0.163 10
-6.158 -1.727 0.034000002 19
0 0 0 0
-4.579 -1.396 -0.29100001 1
-6.2399998 -1.897 -0.163 7
-6.2449999 -1.902 0.037999999 6
0 0 0 0
-4.48 -1.4809999 -0.285 1
-6.151 -2.0250001 -0.15899999 5
-6.223 -2.0480001 0.041000001 5
0 0 0 0
-4.375 -1.5599999 -0.278 2
-5.9299998 -2.1040001 -0.152 10
-6.1259999 -2.168 0.043000001 5
0 0 0 0
-4.2779999 -1.6390001 -0.27200001 2
0 0 0 0
0 0 0 0
0 0 0 0
-3.7490001 -1.539 -0.23800001 0
0 0 0 0
0 0 0 0
0 0 0 0
-3.411 -1.494 -0.21699999 1
0 0 0 0
0 0 0 0
0 0 0 0
-3.1059999 -1.449 -0.197 0
0 0 0 0
0 0 0 0
0 0 0 0
0 0 0 0
0 0 0 0
0 0 0 0
0 0 0 0
0 0 0 0
0 0 0 0
0 0 0 0
0 0 0 0
0 0 0 0
0 0 0 0
-2.7820001 -1.507 0.027000001 0
-2.277 -1.357 -0.23999999 2
0 0 0 0
0 0 0 0
-8.5410004 -4.8769999 0.086000003 1
-2.0120001 -1.266 -0.213 3
0 0 0 0
0 0 0 0
-8.3900003 -5.0419998 0.086999997 1
-1.903 -1.262 -0.20200001 3
-3.921 -2.552 -0.25299999 0
0 0 0 0
-2.0039999 -1.267 0.021 4
-1.755 -1.225 -0.18799999 1
-3.8789999 -2.655 -0.25099999 0
0 0 0 0
0 0 0 0
0 0 0 0
-3.869 -2.7820001 -0.252 0
0 0 0 0
0 0 0 0
0 0 0 0
-3.8380001 -2.8989999 -0.25099999 0
0 0 0 0
-4.0770001 -2.977 0.046 1
0 0 0 0
0 0 0 0
0 0 0 0
0 0 0 0
0 0 0 0
0 0 0 0
0 0 0 0
0 0 0 0
0 0 0 0
0 0 0 0
0 0 0 0
0 0 0 0
0 0 0 0
0 0 0 0
0 0 0 0
0 0 0 0
0 0 0 0
0 0 0 0
0 0 0 0
0 0 0 0
0 0 0 0
0 0 0 0
-5.822 -5.698 -0.14399999 1
0 0 0 0
0 0 0 0
-4.6539998 -4.8920002 -0.324 0
-5.7690001 -5.9099998 -0.14399999 1
0 0 0 0
0 0 0 0
-4.408 -4.8540001 -0.31 0
-5.723 -6.138 -0.145 13
-5.723 -6.0079999 0.071999997 13
0 0 0 0
-4.1589999 -4.802 -0.296 6
-5.7059999 -6.4070001 -0.146 1
-2.526 -2.7750001 0.030999999 1
0 0 0 0
-5.1069999 -6.1799998 -0.36899999 1
-2.3280001 -2.7379999 -0.059999999 5
-5.678 -6.5240002 0.071000002 5
-5.046 -6.6110001 -0.61799997 0
-2.1619999 -2.743 -0.15800001 5
-5.6170001 -6.921 -0.149 1
-0.926 -1.115 0.011 0
-1.972 -2.7149999 -0.245 1
-5.0240002 -6.6919999 -0.37400001 1
-5.5840001 -7.2080002 -0.15099999 3
-0.875 -1.102 0.0099999998 1
-4.9650002 -7.1830001 -0.62900001 1
-4.9879999 -6.9749999 -0.37799999 1
-5.5359998 -7.4970002 -0.153 2
-0.829 -1.094 0.0099999998 1
-4.9320002 -7.5120001 -0.63599998 1
-4.9520001 -7.2740002 -0.38299999 1
0 0 0 0
-0.77999997 -1.079 0.0089999996 12
-4.8649998 -7.8039999 -0.63999999 1
-4.8940001 -7.5640001 -0.38600001 1
0 0 0 0
0 0 0 0
-4.8010001 -8.1199999 -0.64499998 1
-4.8610001 -7.9089999 -0.391 1
0 0 0 0
0 0 0 0
0 0 0 0
-4.8060002 -8.2410002 -0.396 1
0 0 0 0
0 0 0 0
-0.50700003 -0.958 -0.071000002 0
0 0 0 0
0 0 0 0
0 0 0 0
-0.49900001 -1 -0.071999997 0
-0.50999999 -0.977 -0.044 0
0 0 0 0
-0.58399999 -1.035 0.0060000001 0
-0.46200001 -0.98400003 -0.068000004 3
-0.49200001 -0.99900001 -0.044 1
-0.50800002 -0.986 -0.017000001 0
-0.51099998 -0.95599997 0.0049999999 1
-0.43399999 -0.98400003 -0.066 4
-0.45500001 -0.98100001 -0.041999999 4
-0.48300001 -0.991 -0.017000001 3
-0.50700003 -1.002 0.0040000002 0
-0.405 -0.97899997 -0.064000003 5
-0.42899999 -0.98299998 -0.041000001 4
-0.45199999 -0.98500001 -0.017000001 4
-0.472 -0.98799998 0.0040000002 5
-0.375 -0.97000003 -0.061999999 6
-0.39899999 -0.97399998 -0.039000001 6
-0.41999999 -0.97399998 -0.016000001 5
-0.43900001 -0.97399998 0.003 6
-0.34599999 -0.96100003 -0.059 2
-0.37 -0.96700001 -0.037999999 6
-0.39199999 -0.97000003 -0.016000001 6
-0.41299999 -0.97500002 0.0020000001 5
-0.324 -0.97100002 -0.057999998 0
-0.33500001 -0.94 -0.035999998 1
-0.366 -0.96700001 -0.016000001 7
-0.384 -0.96899998 0.0020000001 7
-0.317 -1.029 -0.059 0
-0.32300001 -0.97899997 -0.035999998 0
-0.33199999 -0.94199997 -0.015 0
-0.35800001 -0.96499997 0.001 7
-0.303 -1.073 -0.059999999 0
-0.31900001 -1.046 -0.037999999 0
-0.322 -0.98500001 -0.016000001 0
-0.32800001 -0.94999999 0.001 0
0 0 0 0
-0.30700001 -1.1 -0.039000001 0
-0.31600001 -1.048 -0.017000001 0
-0.322 -1.005 0 0
-0.23100001 -0.99299997 -0.052000001 1
0 0 0 0
-0.308 -1.115 -0.017999999 0
-0.31299999 -1.061 0 0
0 0 0 0
-0.23100001 -1.002 -0.034000002 0
0 0 0 0
0 0 0 0
0 0 0 0
0 0 0 0
-0.228 -1.001 -0.016000001 0
0 0 0 0
0 0 0 0
0 0 0 0
0 0 0 0
0 0 0 0
0 0 0 0
0 0 0 0
0 0 0 0
0 0 0 0
0 0 0 0
0 0 0 0
0 0 0 0
0 0 0 0
0 0 0 0
0 0 0 0
0 0 0 0
0 0 0 0
-1.885 -28.349001 -1.198 10
0 0 0 0
0 0 0 0
0 0 0 0
-1.223 -28.214001 -1.152 16
-1.849 -28.313999 -0.82200003 8
0 0 0 0
0 0 0 0
-0.588 -29.059999 -1.147 9
-1.184 -28.191999 -0.80000001 13
0 0 0 0
0 0 0 0
0 0 0 0
-0.55000001 -28.976999 -0.80500001 8
-1.145 -28.166 -0.477 14
0 0 0 0
0.75 -28.875 -1.061 7
0 0 0 0
0 0 0 0
0 0 0 0
1.406 -28.688 -1.016 7
0 0 0 0
0 0 0 0
0 0 0 0
2.0580001 -28.549999 -0.97399998 10
0 0 0 0
0 0 0 0
0 0 0 0
0 0 0 0
0 0 0 0
1.4680001 -28.615999 -0.50599998 13
0 0 0 0
0 0 0 0
0 0 0 0
0 0 0 0
0 0 0 0
0 0 0 0
0 0 0 0
0 0 0 0
0 0 0 0
0 0 0 0
0 0 0 0
0 0 0 0
0 0 0 0
0 0 0 0
0 0 0 0
0 0 0 0
0 0 0 0
0 0 0 0
0 0 0 0
0 0 0 0
0 0 0 0
0 0 0 0
0 0 0 0
0.182 -0.95300001 -0.017999999 0
0 0 0 0
0 0 0 0
0 0 0 0
0 0 0 0
0.186 -0.94800001 -0.016000001 0
0 0 0 0
0 0 0 0
0 0 0 0
0 0 0 0
0 0 0 0
0 0 0 0
0 0 0 0
0 0 0 0
4.151 -12.364 -0.25400001 1
0 0 0 0
0 0 0 0
0 0 0 0
6.1669998 -17.063 -0.331 3
0 0 0 0
0 0 0 0
0 0 0 0
5.6830001 -14.672 -0.26699999 9
6.1939998 -17.028999 -0.34799999 3
0 0 0 0
3.971 -12.396 -0.289 1
0 0 0 0
5.7010002 -14.634 -0.294 8
6.2189999 -16.999001 -0.38100001 2
5.9819999 -17.284 -0.42500001 3
5.4130001 -12.286 -0.19400001 4
5.9720001 -14.341 -0.28299999 3
5.7259998 -14.598 -0.33500001 7
5.5469999 -14.901 -0.38499999 2
5.7129998 -12.202 -0.178 2
5.4349999 -12.25 -0.23800001 3
6.0050001 -14.315 -0.336 2
5.7969999 -14.529 -0.39399999 10
6.0300002 -12.155 -0.162 2
5.7659998 -12.236 -0.234 3
5.4809999 -12.266 -0.29499999 2
5.2540002 -12.318 -0.35100001 2
6.3870001 -12.176 -0.148 3
6.0749998 -12.155 -0.229 2
5.8000002 -12.208 -0.301 2
5.5510001 -12.22 -0.366 3
0 0 0 0
6.4169998 -12.137 -0.22499999 2
6.1279998 -12.165 -0.308 3
5.8839998 -12.182 -0.382 4
0 0 0 0
0 0 0 0
6.474 -12.146 -0.31600001 3
6.2150002 -12.145 -0.39899999 2
0 0 0 0
0 0 0 0
0 0 0 0
6.5500002 -12.095 -0.417 2
0 0 0 0
0 0 0 0
0 0 0 0
0 0 0 0
6.0679998 -8.9420004 -0.052999999 1
0 0 0 0
0 0 0 0
0 0 0 0
6.007 -8.434 -0.039000001 1
6.079 -8.8710003 -0.154 1
0 0 0 0
0 0 0 0
0 0 0 0
5.9819999 -8.3120003 -0.14300001 1
6.0370002 -8.7139997 -0.26199999 1
6.1030002 -9.1079998 -0.377 1
5.8940001 -7.5289998 -0.014 1
5.908 -7.8270001 -0.133 1
5.9520001 -8.1809998 -0.25400001 1
0 0 0 0
5.8049998 -7.0809999 -0.0040000002 1
5.8590002 -7.4029999 -0.125 1
5.8930001 -7.7210002 -0.248 1
5.9640002 -8.0550003 -0.36500001 1
5.77 -6.724 0.0049999999 1
5.8080001 -7.0040002 -0.117 1
5.8340001 -7.2849998 -0.241 1
5.9200001 -7.6160002 -0.361 1
5.7010002 -6.3499999 0.013 1
5.723 -6.5890002 -0.109 1
5.7880001 -6.8920002 -0.236 1
5.8629999 -7.184 -0.35699999 1
5.6490002 -6.0159998 0.021 1
5.6550002 -6.2160001 -0.102 1
5.7150002 -6.494 -0.23 1
5.7649999 -6.7350001 -0.34999999 1
5.5999999 -5.6989999 0.028999999 1
5.619 -5.901 -0.097000003 1
5.6469998 -6.1220002 -0.22499999 1
5.7150002 -6.3629999 -0.34599999 1
0 0 0 0
5.586 -5.6009998 -0.090999998 1
5.6110001 -5.8060002 -0.221 1
5.6430001 -5.993 -0.34200001 1
0 0 0 0
5.5570002 -5.3239999 -0.086000003 1
5.5599999 -5.4899998 -0.21600001 1
5.6069999 -5.6810002 -0.33899999 0
5.513 -4.9039998 0.048 0
5.4959998 -5.0300002 -0.081 1
5.5170002 -5.2020001 -0.213 1
5.566 -5.3779998 -0.33700001 1
5.4569998 -4.6399999 0.052999999 1
5.4629998 -4.776 -0.077 1
5.5050001 -4.9520001 -0.211 1
5.52 -5.0869999 -0.33399999 0
5.4130001 -4.3959999 0.057999998 1
5.4429998 -4.5430002 -0.074000001 1
5.4640002 -4.6900001 -0.208 1
5.4850001 -4.8179998 -0.33199999 1
3.806 -2.9519999 0.044 2
0 0 0 0
5.4120002 -4.4310002 -0.205 1
5.4590001 -4.5689998 -0.33000001 1
3.9530001 -2.9260001 0.050000001 10
3.848 -2.9219999 -0.046999998 2
3.8050001 -2.9690001 -0.14300001 1
0 0 0 0
1.154 -0.815 0.015 0
4.02 -2.911 -0.046999998 14
3.948 -2.9330001 -0.147 14
3.858 -2.9300001 -0.234 1
1.187 -0.79900002 0.017000001 4
1.1720001 -0.80800003 -0.013 3
1.173 -0.83099997 -0.043000001 0
4.04 -2.9189999 -0.24600001 14
1.2589999 -0.80699998 0.018999999 0
4.3520002 -2.858 -0.046999998 12
1.1900001 -0.801 -0.044 11
1.183 -0.81300002 -0.071999997 3
1.299 -0.792 0.02 1
4.5409999 -2.836 -0.048 13
0 0 0 0
4.3899999 -2.8659999 -0.26800001 13
1.3430001 -0.778 0.022 1
4.7340002 -2.8069999 -0.048 11
0 0 0 0
4.5910001 -2.842 -0.28099999 12
1.4069999 -0.77399999 0.024 1
4.9349999 -2.7750001 -0.048 10
4.8569999 -2.796 -0.17900001 12
4.7979999 -2.813 -0.29499999 10
1.461 -0.76200002 0.025 1
5.1589999 -2.7479999 -0.048 11
5.0669999 -2.7620001 -0.18700001 11
5.0089998 -2.779 -0.30899999 10
1.525 -0.75199997 0.028000001 1
0 0 0 0
5.3800001 -2.77 -0.198 1
0 0 0 0
1.5829999 -0.73799998 0.028999999 0
0 0 0 0
5.5310001 -2.688 -0.20299999 0
0 0 0 0
1.687 -0.74000001 0.032000002 0
0 0 0 0
5.6880002 -2.5999999 -0.20900001 0
0 0 0 0
5.8579998 -2.418 0.116 1
0 0 0 0
5.8629999 -2.517 -0.21600001 13
0 0 0 0
0 0 0 0
5.349 -2.1070001 -0.043000001 0
5.869 -2.358 -0.21600001 15
5.8559999 -2.3870001 -0.368 15
0 0 0 0
5.2800002 -1.941 -0.041000001 0
0 0 0 0
0 0 0 0
0 0 0 0
0 0 0 0
0 0 0 0
0 0 0 0
0 0 0 0
0 0 0 0
0 0 0 0
2.1099999 -0.68699998 -0.134 0
5.197 -1.494 0.115 1
5.2189999 -1.522 -0.037999999 1
0 0 0 0
2.2320001 -0.66900003 -0.14300001 2
5.2010002 -1.3710001 0.117 2
5.1900001 -1.385 -0.037 2
0 0 0 0
2.4519999 -0.67000002 -0.15800001 4
5.152 -1.2359999 0.117 3
5.1459999 -1.248 -0.035999998 4
0 0 0 0
2.6370001 -0.653 -0.171 4
5.6859999 -1.23 0.131 2
5.566 -1.215 -0.039000001 7
5.7049999 -1.261 -0.214 10
2.806 -0.62300003 -0.182 3
5.1479998 -0.995 0.121 6
5.1399999 -1 -0.035 10
0 0 0 0
2.859 -0.56400001 -0.18700001 0
5.1170001 -0.87 0.121 13
5.1020002 -0.87199998 -0.035 9
0 0 0 0
0 0 0 0
5.0910001 -0.75099999 0.122 15
5.0910001 -0.75099999 -0.034000002 11
0 0 0 0
0 0 0 0
5.0890002 -0.63499999 0.124 15
5.0640001 -0.63 -0.034000002 13
0 0 0 0
0 0 0 0
5.0609999 -0.51700002 0.124 15
5.0489998 -0.50999999 -0.033 14
4.0289998 -0.40400001 -0.155 6
0 0 0 0
5.0619998 -0.40400001 0.125 16
5.0370002 -0.39300001 -0.033 15
0 0 0 0
0 0 0 0
5.5159998 -0.31600001 0.138 1
5.546 -0.30500001 -0.035999998 0
0 0 0 0
0 0 0 0
5.5300002 -0.19400001 0.14 80
5.6440001 -0.18000001 -0.037 0
0 0 0 0
0 0 0 0
4.9770002 -0.064000003 0.127 118
4.9780002 -0.046 -0.033 112
4.9809999 -0.029999999 -0.19599999 2
0 0 0 0
4.967 0.045000002 0.127 122
4.9699998 0.067000002 -0.033 105
4.9619999 0.086999997 -0.197 21
4.973 0.109 -0.34599999 2
4.9530001 0.156 0.12800001 110
4.9499998 0.18000001 -0.033 118
4.9660001 0.204 -0.198 25
4.9530001 0.228 -0.34799999 2
4.9310002 0.266 0.12800001 123
4.9380002 0.294 -0.033 132
4.9489999 0.31999999 -0.199 30
3.3599999 0.236 -0.237 4
3.431 0.26100001 0.089000002 37
3.401 0.28099999 -0.023 35
4.619 0.40799999 -0.18700001 23
0 0 0 0
3.4419999 0.34 0.090000004 68
4.8870001 0.51599997 -0.033 150
4.9070001 0.551 -0.2 55
0 0 0 0
3.428 0.41499999 0.090000004 38
4.8860002 0.63 -0.033 145
4.8920002 0.66600001 -0.20200001 75
4.8829999 0.70300001 -0.354 7
3.418 0.49200001 0.090999998 38
4.8699999 0.74199998 -0.034000002 150
4.8660002 0.78100002 -0.20200001 66
4.8559999 0.81800002 -0.35499999 4
3.4059999 0.56800002 0.090999998 89
4.8470001 0.852 -0.034000002 130
4.8499999 0.89600003 -0.20299999 62
4.842 0.93800002 -0.35699999 3
3.398 0.64499998 0.090999998 94
4.8400002 0.96600002 -0.035 126
4.8379998 1.012 -0.205 54
0 0 0 0
3.392 0.722 0.090999998 92
4.5170002 1.01 -0.033 24
4.7379999 1.109 -0.20299999 39
0 0 0 0
3.375 0.79799998 0.090999998 92
3.3169999 0.82200003 -0.025 29
3.276 0.84799999 -0.141 31
4.802 1.2970001 -0.36500001 1
3.3380001 0.86799997 0.090000004 37
4.7940001 1.306 -0.035999998 114
4.783 1.36 -0.20900001 59
4.7709999 1.413 -0.366 3
4.7800002 1.358 0.12899999 131
4.7690001 1.4170001 -0.037 113
4.7610002 1.475 -0.20999999 62
4.7670002 1.5369999 -0.37 3
4.7649999 1.469 0.12899999 119
4.7509999 1.531 -0.037999999 110
4.7550001 1.597 -0.212 63
4.7470002 1.659 -0.37200001 3
4.744 1.579 0.12899999 103
4.737 1.647 -0.039000001 111
4.7329998 1.715 -0.214 64
4.7210002 1.78 -0.37400001 5
4.7319999 1.694 0.12899999 81
4.7189999 1.763 -0.039000001 115
4.71 1.834 -0.215 66
0 0 0 0
4.7140002 1.807 0.12800001 109
4.7020001 1.882 -0.039999999 114
1.349 0.56300002 -0.061999999 1
3.405 1.475 -0.27599999 9
4.6820002 1.9170001 0.127 111
1.36 0.57999998 -0.012 2
3.408 1.517 -0.15899999 13
4.6659999 2.1589999 -0.382 3
4.7080002 2.052 0.12800001 7
4.665 2.1210001 -0.041999999 71
4.6560001 2.2049999 -0.221 72
4.6550002 2.2920001 -0.38600001 4
4.6620002 2.1570001 0.127 95
4.6430001 2.2409999 -0.043000001 72
4.6440001 2.335 -0.223 70
0 0 0 0
4.6409998 2.2739999 0.126 83
3.756 1.92 -0.035999998 0
2.293 1.222 -0.111 4
0 0 0 0
0 0 0 0
2.276 1.23 -0.022 7
4.0999999 2.3110001 -0.20200001 7
0 0 0 0
0 0 0 0
3.954 2.2579999 -0.039999999 12
4.0910001 2.4349999 -0.205 6
0 0 0 0
4.072 2.349 0.11 4
4.0500002 2.438 -0.043000001 2
1.864 1.17 -0.093999997 0
4.5780001 2.99 -0.40599999 2
4.0879998 2.4809999 0.11 1
1.852 1.174 -0.02 2
4.5549998 3.013 -0.235 40
0 0 0 0
1.849 1.1799999 0.050000001 2
0 0 0 0
1.715 1.193 -0.090000004 12
0 0 0 0
4.5549998 3.0539999 0.122 4
1.7130001 1.201 -0.02 47
4.494 3.2869999 -0.23999999 5
0 0 0 0
1.697 1.194 0.045000002 46
1.34 0.98500001 -0.016000001 0
4.5549998 3.4990001 -0.24699999 27
0 0 0 0
1.346 0.99299997 0.035999998 2
4.7160001 3.638 -0.059999999 32
4.8969998 3.951 -0.27000001 13
2.2809999 1.918 -0.21799999 5
4.7779999 3.6949999 0.127 28
4.9039998 3.9690001 -0.064000003 14
2.2739999 1.926 -0.12800001 0
0 0 0 0
4.8870001 3.96 0.12899999 8
2.2739999 1.928 -0.030999999 8
4.823 4.2839999 -0.27700001 6
0 0 0 0
0 0 0 0
4.2979999 3.8210001 -0.061000001 13
0.95899999 0.89399999 -0.056000002 0
0 0 0 0
0 0 0 0
4.171 3.8829999 -0.061000001 17
0.95200002 0.93000001 -0.056000002 4
0 0 0 0
4.1890001 3.8900001 0.108 18
0.93199998 0.90899998 -0.014 1
0 0 0 0
1.05 1.125 -0.11 1
3.9230001 3.813 0.1 3
3.928 4.0100002 -0.063000001 12
1.073 1.152 -0.067000002 6
1.663 1.87 -0.178 4
3.97 4.0370002 0.101 4
1.072 1.147 -0.017999999 155
1.619 1.823 -0.103 57
0 0 0 0
1.068 1.137 0.027000001 24
1.62 1.816 -0.028000001 11
2.717 3.2079999 -0.177 10
0 0 0 0
1.633 1.818 0.039999999 3
1.599 1.878 -0.028999999 2
2.118 2.625 -0.141 25
0 0 0 0
1.61 1.878 0.039000001 0
2.6370001 3.2449999 -0.050000001 21
2.556 3.325 -0.175 5
0 0 0 0
2.6600001 3.2490001 0.064000003 11
2.0710001 2.675 -0.041000001 23
2.187 2.9879999 -0.154 4
2.9260001 4.2199998 -0.352 4
2.5810001 3.302 0.061000001 11
0 0 0 0
1.484 2.131 -0.107 2
0 0 0 0
0 0 0 0
1.479 2.1040001 -0.032000002 1
3.006 4.5440001 -0.22499999 17
0 0 0 0
2.7190001 3.826 0.061999999 2
3.02 4.5139999 -0.07 16
1.538 2.448 -0.118 16
0 0 0 0
3.0710001 4.5349998 0.068999998 8
1.546 2.4319999 -0.037999999 13
0 0 0 0
0.972 1.737 -0.131 1
0 0 0 0
0 0 0 0
0.99000001 1.755 -0.081 2
0 0 0 0
1.812 2.9590001 0.039000001 1
1.003 1.753 -0.027000001 22
0.95999998 1.802 -0.082000002 2
0 0 0 0
1.011 1.74 0.021 15
0.96700001 1.784 -0.028000001 14
2.684 5.3330002 -0.23800001 22
2.131 4.5489998 -0.32100001 3
0.96899998 1.758 0.018999999 9
2.734 5.3379998 -0.083999999 21
2.51 5.2930002 -0.23199999 26
2.04 4.6389999 -0.31999999 75
2.789 5.3439999 0.054000001 19
2.5669999 5.3109999 -0.083999999 21
2.3399999 5.2540002 -0.226 25
0 0 0 0
2.2550001 4.5770001 0.041999999 15
2.4030001 5.2810001 -0.083999999 26
0 0 0 0
0.90899998 2.369 -0.156 9
2.079 4.474 0.037 24
2.017 4.723 -0.075000003 14
0.41299999 1.0599999 -0.044 2
0.81900001 2.296 -0.148 180
1.97 4.5089998 0.033 31
0 0 0 0
0 0 0 0
0 0 0 0
0 0 0 0
0.88999999 2.3840001 -0.037999999 150
1.293 3.842 -0.153 0
0 0 0 0
0.90600002 2.365 0.012 34
1.342 3.872 -0.063000001 0
0 0 0 0
0 0 0 0
0 0 0 0
0 0 0 0
0.29899999 1.051 -0.039999999 21
0 0 0 0
0 0 0 0
0.308 1.045 -0.017000001 25
0 0 0 0
0 0 0 0
0 0 0 0
0 0 0 0
0 0 0 0
0 0 0 0
0 0 0 0
0 0 0 0
0.352 1.677 -0.061000001 32
0.66600001 3.743 -0.206 1
0 0 0 0
0.37 1.674 -0.028000001 4
0.69300002 3.733 -0.134 1
0.56999999 3.7149999 -0.199 1
0.87300003 3.77 0 0
0.736 3.744 -0.063000001 0
0.60000002 3.721 -0.132 1
0.29499999 2.2880001 -0.12 15
0.34799999 1.678 -0.001 9
0.64399999 3.733 -0.063000001 1
0.31799999 2.3139999 -0.079999998 2
0.38999999 3.6989999 -0.189 4
0.68800002 3.75 -0.0060000001 1
0.551 3.711 -0.063000001 4
0.41999999 3.701 -0.126 4
0.303 3.7119999 -0.186 8
0.59299999 3.717 -0.0089999996 1
0.28600001 2.2939999 -0.039000001 52
0 0 0 0
0.25299999 4.369 -0.213 17
0.31299999 2.3039999 -0.0070000002 14
0.37400001 3.7060001 -0.064000003 0
0.156 2.369 -0.078000002 18
0.074000001 2.171 -0.103 3
0.41499999 3.6919999 -0.015 2
0.184 2.3729999 -0.041000001 99
0.198 4.6430001 -0.15099999 43
0.046999998 4.5339999 -0.20999999 14
0 0 0 0
0.21799999 4.0240002 -0.071000002 3
0.088 4.6389999 -0.148 13
-0.059999999 4.5560002 -0.206 21
0 0 0 0
0.14300001 4.6739998 -0.082999997 22
-0.018999999 4.6040001 -0.14399999 41
-0.152 4.1529999 -0.183 27
0.207 4.9200001 -0.033 15
0.034000002 4.645 -0.082999997 57
-0.102 3.6830001 -0.113 4
-0.27000001 4.4889998 -0.193 31
0.088 4.7839999 -0.035999998 15
-0.072999999 4.6300001 -0.083999999 58
-0.236 4.5970001 -0.139 54
-0.37400001 4.4749999 -0.18700001 13
-0.021 4.6669998 -0.039000001 56
-0.182 4.6059999 -0.083999999 59
-0.34200001 4.5780001 -0.13600001 55
-0.484 4.506 -0.183 1
-0.103 3.688 -0.034000002 7
-0.28799999 4.5900002 -0.085000001 56
-0.37599999 3.8280001 -0.112 154
0 0 0 0
-0.229 4.441 -0.045000002 30
-0.39500001 4.5830002 -0.085000001 56
-0.55800003 4.5679998 -0.131 8
0 0 0 0
-0.29300001 3.9159999 -0.043000001 6
-0.421 3.8280001 -0.071999997 9
0 0 0 0
-0.41299999 2.3069999 -0.085000001 11
-0.37599999 3.819 -0.046 120
0 0 0 0
-0.76099998 4.4809999 -0.124 6
-0.903 4.4390001 -0.15899999 13
0 0 0 0
-0.70700002 4.487 -0.086000003 1
-0.447 2.303 -0.061999999 150
-1.045 4.585 -0.15899999 65
0 0 0 0
-0.421 2.3210001 -0.045000002 65
-1 4.5770001 -0.121 59
-1.1619999 4.6009998 -0.154 42
-0.76200002 4.4780002 -0.066 44
-0.94800001 4.6009998 -0.090000004 58
-1.112 4.5749998 -0.119 58
0 0 0 0
-0.44600001 2.2950001 -0.035999998 28
-1.0599999 4.599 -0.090999998 58
-1.278 4.7659998 -0.121 11
0 0 0 0
-1.01 4.605 -0.075999998 49
-1.182 4.6279998 -0.092 25
0 0 0 0
0 0 0 0
-1.123 4.6030002 -0.081 51
0 0 0 0
0 0 0 0
0 0 0 0
-1.284 4.7740002 -0.088 7
-0.296 0.96799999 -0.018999999 26
-1.258 3.652 -0.086999997 67
-1.707 4.4819999 -0.123 40
0 0 0 0
0 0 0 0
-1.698 4.5770001 -0.107 15
-1.513 3.7130001 -0.097000003 26
0 0 0 0
0 0 0 0
-1.523 3.8299999 -0.086999997 9
-1.4910001 3.4289999 -0.085000001 42
-1.2640001 3.6459999 -0.078000002 54
-1.724 4.4790001 -0.094999999 25
-1.4809999 3.4860001 -0.077 40
-1.576 3.4059999 -0.079999998 88
-1.697 4.5450001 -0.103 32
-1.508 3.6589999 -0.078000002 31
-1.544 3.4089999 -0.072999999 26
-1.665 3.392 -0.075999998 92
-1.523 3.8010001 -0.090000004 16
-0.51599997 1.173 -0.025 1
-1.637 3.402 -0.071000002 91
-1.757 3.378 -0.071000002 103
-1.473 3.437 -0.085000001 49
-1.594 3.405 -0.074000001 93
-1.727 3.385 -0.068999998 100
-1.853 3.369 -0.066 129
-1.559 3.414 -0.088 57
-1.684 3.388 -0.075000003 91
-1.8200001 3.372 -0.067000002 96
-1.028 1.772 -0.032000002 6
-1.65 3.395 -0.090999998 95
-1.779 3.3770001 -0.075999998 103
-1.9170001 3.362 -0.064000003 114
-1.9450001 3.1819999 -0.052999999 46
-1.742 3.3770001 -0.094999999 94
-1.882 3.3759999 -0.077 131
-1.9960001 3.319 -0.061999999 126
-1.9220001 2.9860001 -0.045000002 41
-1.839 3.369 -0.098999999 104
-1.033 1.755 -0.039999999 5
-1.934 3.053 -0.055 48
-1.906 2.8180001 -0.037999999 52
-1.934 3.348 -0.102 62
-1.9400001 3.1270001 -0.072999999 45
-1.92 2.8800001 -0.048999999 43
-1.899 2.6730001 -0.032000002 70
-1.947 3.1930001 -0.102 45
-1.919 2.9349999 -0.068999998 49
-1.9 2.7119999 -0.045000002 58
-1.97 2.641 -0.027000001 125
-1.921 2.9890001 -0.098999999 44
-1.901 2.7639999 -0.066 52
-1.944 2.6429999 -0.041999999 134
-1.939 2.48 -0.022 56
-1.9069999 2.816 -0.097000003 41
-1.914 2.648 -0.064000003 102
-1.948 2.5209999 -0.037999999 51
-1.921 2.3440001 -0.016000001 59
-1.902 2.6689999 -0.096000001 75
-1.9529999 2.5710001 -0.063000001 60
-1.936 2.3900001 -0.034000002 56
-1.91 2.224 -0.011 58
-1.9680001 2.6259999 -0.097999997 96
-1.928 2.418 -0.059999999 50
-1.915 2.256 -0.029999999 56
-1.896 2.108 -0.0070000002 60
-1.931 2.4530001 -0.094999999 50
-1.913 2.2869999 -0.057999998 55
-1.906 2.141 -0.027000001 58
-1.8710001 1.987 -0.003 92
-1.9220001 2.3239999 -0.093999997 56
-1.906 2.171 -0.056000002 65
-1.897 2.0339999 -0.024 63
-1.839 1.865 0 76
-1.909 2.1989999 -0.093000002 58
-1.891 2.0550001 -0.054000001 64
-1.842 1.887 -0.021 76
-1.8329999 1.777 0.0040000002 79
-1.898 2.0829999 -0.090999998 61
-1.844 1.9119999 -0.050999999 70
-1.839 1.7970001 -0.017999999 79
-1.8200001 1.686 0.0080000004 84
-1.849 1.934 -0.088 73
-1.835 1.8150001 -0.048999999 77
-1.827 1.705 -0.015 80
-1.8099999 1.602 0.011 89
-1.835 1.83 -0.086999997 74
-1.8279999 1.725 -0.046999998 90
-1.813 1.6160001 -0.013 86
-1.804 1.525 0.014 91
-1.8279999 1.737 -0.086000003 85
-1.816 1.6339999 -0.046 91
-1.807 1.5369999 -0.011 89
-1.79 1.444 0.017000001 72
-1.816 1.6440001 -0.085000001 74
-1.809 1.553 -0.044 97
-1.794 1.456 -0.0080000004 75
-1.7819999 1.372 0.02 83
-1.811 1.562 -0.083999999 84
-1.799 1.471 -0.043000001 100
-1.784 1.38 -0.0060000001 80
-1.817 1.334 0.023 80
-1.7920001 1.473 -0.082999997 62
-1.785 1.391 -0.041000001 81
-1.8150001 1.339 -0.0040000002 80
-1.901 1.331 0.027000001 104
-1.783 1.395 -0.082000002 81
-1.8049999 1.34 -0.041000001 80
-1.89 1.3279999 -0.003 76
-1.982 1.322 0.032000002 86
-1.799 1.339 -0.082000002 74
-1.88 1.3279999 -0.041000001 65
-1.978 1.323 -0.001 85
-2.072 1.3150001 0.035999998 82
-1.878 1.329 -0.085000001 65
-1.97 1.323 -0.041999999 86
-2.0669999 1.314 0 86
-2.161 1.304 0.041000001 86
-1.97 1.323 -0.089000002 76
-2.0580001 1.313 -0.043000001 83
-2.1570001 1.302 0.003 76
-2.2509999 1.291 0.045000002 74
-2.0650001 1.316 -0.093000002 70
-2.154 1.304 -0.044 81
-2.2479999 1.288 0.0049999999 75
-2.3540001 1.279 0.050999999 74
-2.1559999 1.302 -0.096000001 71
-2.2460001 1.288 -0.044 82
-2.358 1.279 0.0070000002 73
-2.7449999 1.413 0.063000001 13
-2.2520001 1.286 -0.1 67
-2.3540001 1.278 -0.045000002 71
-2.7590001 1.416 0.011 11
-2.7750001 1.351 0.067000002 6
-2.359 1.274 -0.104 72
-2.7390001 1.404 -0.050999999 15
-2.7969999 1.3559999 0.014 5
-2.898 1.33 0.074000001 4
-2.7449999 1.397 -0.121 25
-2.796 1.351 -0.050999999 5
-2.9100001 1.329 0.017000001 5
-3.03 1.309 0.081 4
-2.809 1.345 -0.123 5
-2.9260001 1.33 -0.052000001 5
-3.0420001 1.3049999 0.02 4
-3.1730001 1.2869999 0.088 14
-2.951 1.327 -0.12899999 4
-3.0780001 1.312 -0.052999999 4
-3.168 1.274 0.024 12
-3.336 1.266 0.097000003 4
-3.1659999 1.3329999 -0.138 6
-3.1659999 1.262 -0.052999999 12
-3.358 1.262 0.028000001 4
-3.4890001 1.2359999 0.105 1
-3.2019999 1.257 -0.139 7
-3.3800001 1.257 -0.055 4
-3.5150001 1.229 0.032000002 1
0 0 0 0
-3.4130001 1.2460001 -0.147 2
-3.572 1.233 -0.056000002 1
0 0 0 0
0 0 0 0
-6.223 2.1029999 -0.26699999 27
-6.1859999 1.973 -0.094999999 14
0 0 0 0
-6.1329999 1.719 0.207 66
-6.1989999 1.929 -0.26499999 27
-6.1529999 1.804 -0.092 39
-6.1409998 1.683 0.071999997 60
-6.1059999 1.566 0.212 60
-6.1739998 1.758 -0.26300001 27
-6.1129999 1.638 -0.088 63
-6.1110001 1.526 0.075999998 62
-6.0879998 1.4170001 0.21799999 67
-6.152 1.592 -0.26100001 27
-6.099 1.48 -0.085000001 68
-6.1009998 1.376 0.081 68
0 0 0 0
-6.1160002 1.426 -0.259 33
-6.0749998 1.324 -0.082000002 53
0 0 0 0
0 0 0 0
0 0 0 0
0 0 0 0
0 0 0 0
-3.7320001 0.60900003 0.146 8
0 0 0 0
0 0 0 0
-3.723 0.57499999 0.057999998 6
-3.747 0.52499998 0.15000001 8
-3.6900001 0.58200002 -0.154 6
-3.7639999 0.54500002 -0.046 6
-5.3930001 0.70700002 0.088 17
-5.3959999 0.634 0.223 10
-5.3179998 0.708 -0.221 14
-5.3769999 0.65100002 -0.063000001 17
-5.408 0.583 0.093000002 8
-3.8050001 0.361 0.161 9
-5.395 0.58499998 -0.223 13
-3.878 0.377 -0.043000001 7
-3.8559999 0.32699999 0.068999998 7
-6.5250001 0.47299999 0.28299999 24
0 0 0 0
-6.526 0.47999999 -0.071000002 19
-6.5409999 0.40400001 0.122 112
-6.8579998 0.34400001 0.30500001 12
-6.54 0.389 -0.26899999 118
-6.8280001 0.34099999 -0.071000002 11
-15.195 0.58999997 0.296 78
-1.997 0.056000002 0.090999998 48
-7.0229998 0.248 -0.287 1
-2.0250001 0.052999999 -0.02 29
-1.999 0.032000002 0.039999999 50
-1.9809999 0.011 0.092 54
-1.997 0.022 -0.081 44
-1.9910001 0.0049999999 -0.017999999 52
-1.997 -0.013 0.041999999 52
-2.0020001 -0.033 0.094999999 57
-1.992 -0.025 -0.081 45
-1.994 -0.039999999 -0.017999999 48
-2.007 -0.059 0.043000001 44
-9.1029997 -0.352 0.44400001 5
-2.0090001 -0.074000001 -0.081 24
-9.0480003 -0.39700001 -0.077 5
-9.0360003 -0.47299999 0.204 10
-9.0380001 -0.55000001 0.44999999 28
-6.6929998 -0.41100001 -0.26899999 1
-8.9919996 -0.60799998 -0.071999997 65
-1.9859999 -0.149 0.046 29
-1.905 -0.15800001 0.097000003 37
-2.1159999 -0.18099999 -0.083999999 31
-2.0239999 -0.184 -0.015 36
-1.949 -0.191 0.046999998 38
-1.8940001 -0.2 0.097999997 43
-2.056 -0.226 -0.082000002 64
-2.0020001 -0.23 -0.014 47
-1.957 -0.237 0.048999999 34
-1.914 -0.245 0.101 30
-6.5079999 -0.87699997 -0.25799999 1
-8.901 -1.237 -0.057999998 150
-7.5539999 -1.091 0.19499999 2
-6.5180001 -0.98299998 0.35299999 25
-6.4640002 -1.03 -0.255 23
-6.4460001 -1.05 -0.037999999 9
-6.4380002 -1.08 0.171 115
-6.4429998 -1.118 0.35600001 10
-6.4349999 -1.186 -0.25299999 19
-6.4569998 -1.207 -0.035999998 12
-6.4650002 -1.237 0.178 12
-6.3790002 -1.253 0.36000001 9
-6.4289999 -1.346 -0.25099999 18
-6.4109998 -1.3559999 -0.032000002 9
-6.2719998 -1.349 0.178 37
-6.2709999 -1.378 0.361 26
-6.4089999 -1.5039999 -0.249 17
-6.3959999 -1.51 -0.028000001 8
-6.3930001 -1.529 0.18700001 8
-6.3979998 -1.5549999 0.37599999 7
-6.3150001 -1.645 -0.244 6
-6.3530002 -1.658 -0.024 13
-6.1669998 -1.624 0.186 8
-6.1259999 -1.6339999 0.36700001 8
-6.1929998 -1.774 -0.23800001 107
-6.1659999 -1.765 -0.02 98
-6.2529998 -1.799 0.19400001 8
-6.2480001 -1.8150001 0.382 7
-5.941 -1.857 -0.227 4
-6.2420001 -1.946 -0.017000001 6
-6.224 -1.944 0.199 7
0 0 0 0
-6.2020001 -2.105 -0.235 9
-6.1849999 -2.0880001 -0.013 6
-6.2129998 -2.099 0.205 5
0 0 0 0
-4.2820001 -1.569 -0.161 1
-4.276 -1.556 -0.0060000001 19
-4.2740002 -1.552 0.145 3
-4.276 -1.557 0.27700001 3
0 0 0 0
0 0 0 0
0 0 0 0
0 0 0 0
0 0 0 0
0 0 0 0
-6.2579999 -2.602 0.22499999 2
0 0 0 0
0 0 0 0
-8.5790005 -3.826 0.003 0
-8.6730003 -3.839 0.32100001 0
0 0 0 0
0 0 0 0
0 0 0 0
0 0 0 0
0 0 0 0
0 0 0 0
0 0 0 0
0 0 0 0
0 0 0 0
0 0 0 0
0 0 0 0
0 0 0 0
0 0 0 0
-2.5599999 -1.465 -0.090999998 0
0 0 0 0
0 0 0 0
0 0 0 0
0 0 0 0
-5.3460002 -3.178 0.022 5
0 0 0 0
0 0 0 0
0 0 0 0
-2.013 -1.261 0.0099999998 60
0 0 0 0
0 0 0 0
0 0 0 0
0 0 0 0
0 0 0 0
0 0 0 0
0 0 0 0
0 0 0 0
0 0 0 0
0 0 0 0
0 0 0 0
-4.0890002 -2.9790001 0.030999999 2
0 0 0 0
0 0 0 0
0 0 0 0
0 0 0 0
0 0 0 0
0 0 0 0
0 0 0 0
0 0 0 0
0 0 0 0
0 0 0 0
0 0 0 0
0 0 0 0
0 0 0 0
0 0 0 0
0 0 0 0
0 0 0 0
0 0 0 0
0 0 0 0
0 0 0 0
0 0 0 0
0 0 0 0
0 0 0 0
-5.8010001 -5.777 -0.177 1
-5.8070002 -5.6259999 0.083999999 9
0 0 0 0
-3.049 -2.829 0.28999999 2
-5.75 -6.0050001 -0.17200001 8
-5.7729998 -5.8590002 0.090999998 15
0 0 0 0
-5.8249998 -5.652 0.56800002 3
-5.7049999 -6.2480001 -0.167 9
-2.6170001 -2.7839999 0.045000002 0
-5.7849998 -5.9910002 0.35800001 18
-5.7820001 -5.8660002 0.57800001 3
0 0 0 0
-5.7030001 -6.355 0.107 12
-5.7309999 -6.2140002 0.368 17
-5.7649999 -6.1149998 0.59200001 2
0 0 0 0
-5.6550002 -6.6030002 0.115 9
-5.6950002 -6.4629998 0.37799999 18
-5.7340002 -6.3610001 0.60500002 1
-5.579 -7.0630002 -0.15000001 7
-5.6199999 -6.882 0.124 1
-5.6490002 -6.7090001 0.389 17
-5.724 -6.6409998 0.62 1
-5.5440001 -7.3740001 -0.14300001 4
-5.598 -7.1900001 0.134 12
-5.6290002 -7.0050001 0.40200001 15
0 0 0 0
-5.1100001 -7.1430001 -0.127 1
-0.792 -1.067 0.02 9
-5.585 -7.283 0.414 15
0 0 0 0
0 0 0 0
0 0 0 0
-5.5500002 -7.5869999 0.428 6
0 0 0 0
0 0 0 0
0 0 0 0
-5.1539998 -7.3909998 0.41299999 6
0 0 0 0
0 0 0 0
0 0 0 0
-5.48 -8.2539997 0.458 7
0 0 0 0
-5.316 -9.1490002 -0.105 5
0 0 0 0
-5.4450002 -8.6199999 0.47499999 8
0 0 0 0
0 0 0 0
0 0 0 0
-5.2020001 -8.665 0.47400001 20
-5.3909998 -8.6879997 0.72600001 2
-0.50800002 -0.97899997 -0.0080000004 0
-0.51800001 -0.94999999 0.021 0
0 0 0 0
-5.3379998 -9.0450001 0.74599999 3
-0.48300001 -0.986 -0.0070000002 4
-0.514 -0.99699998 0.023 0
-0.51899999 -0.96100003 0.052000001 0
0 0 0 0
-0.447 -0.97000003 -0.0049999999 8
-0.48100001 -0.98799998 0.023 4
-0.51300001 -1.0039999 0.054000001 0
-0.514 -0.96799999 0.077 0
-0.421 -0.97399998 -0.0040000002 6
-0.449 -0.97899997 0.023 5
-0.47499999 -0.98500001 0.052000001 4
-0.505 -1.0039999 0.079000004 1
-0.39300001 -0.97000003 -0.0020000001 9
-0.421 -0.977 0.024 4
-0.44400001 -0.977 0.052000001 6
-0.46599999 -0.98299998 0.075999998 5
-0.36500001 -0.96600002 -0.001 9
-0.391 -0.97100002 0.024 7
-0.417 -0.97500002 0.050999999 5
-0.43599999 -0.97500002 0.075000003 5
-0.333 -0.94700003 0 0
-0.36199999 -0.96200001 0.025 6
-0.38699999 -0.96600002 0.050000001 8
-0.40700001 -0.96700001 0.072999999 6
-0.32499999 -0.99900001 0.001 0
-0.33399999 -0.95300001 0.025 0
-0.35800001 -0.95599997 0.050000001 7
-0.382 -0.96600002 0.071999997 7
-0.315 -1.053 0.0020000001 0
-0.32600001 -1.006 0.027000001 1
-0.33399999 -0.958 0.050000001 0
-0.354 -0.95999998 0.071000002 4
0 0 0 0
-0.31200001 -1.0420001 0.028999999 0
-0.33000001 -1.0190001 0.052999999 0
-0.33199999 -0.96499997 0.071000002 0
-0.24600001 -0.99000001 0.0049999999 0
-3.711 -13.519 0.38299999 12
-0.31900001 -1.069 0.055 0
-0.324 -1.018 0.074000001 0
-0.226 -1.007 0.0060000001 0
0 0 0 0
0 0 0 0
-0.317 -1.0779999 0.077 0
0 0 0 0
-0.227 -1.007 0.028999999 0
-0.24600001 -0.986 0.050999999 0
0 0 0 0
0 0 0 0
0 0 0 0
0 0 0 0
-0.24600001 -1.002 0.07 1
0 0 0 0
0 0 0 0
0 0 0 0
0 0 0 0
-0.126 -0.986 0.011 0
0 0 0 0
0 0 0 0
0 0 0 0
-0.103 -0.98799998 0.013 0
0 0 0 0
0 0 0 0
0 0 0 0
-0.079000004 -0.977 0.014 0
-2.3670001 -22.129 0.72500002 21
0 0 0 0
0 0 0 0
-0.057 -0.98000002 0.015 0
0 0 0 0
0 0 0 0
0 0 0 0
-0.033 -0.94999999 0.016000001 6
0 0 0 0
-2.5 -29.291 1.503 7
0 0 0 0
-0.011 -0.977 0.017999999 0
-1.091 -29.091999 1.013 9
-1.8150001 -29.165001 1.497 8
-2.431 -29.238001 1.918 8
0.0099999998 -0.97000003 0.018999999 0
-0.417 -29.017 1.031 7
-1.145 -29.077999 1.493 6
-1.756 -29.181999 1.897 8
0.032000002 -0.96399999 0.02 0
0.248 -28.853001 1.0470001 8
-0.47999999 -28.976 1.489 9
-1.087 -29.013 1.869 10
0.054000001 -0.95499998 0.021 0
0.90700001 -28.780001 1.066 15
0 0 0 0
-0.42699999 -28.962 1.85 9
0.075999998 -0.954 0.023 0
1.561 -28.690001 1.082 12
0 0 0 0
0.229 -28.931 1.832 7
0.097999997 -0.954 0.024 0
0 0 0 0
0 0 0 0
0 0 0 0
0.119 -0.94300002 0.025 1
0 0 0 0
0 0 0 0
1.538 -28.683001 1.786 10
0.14300001 -0.95599997 0.027000001 170
0.118 -0.95499998 0.037999999 0
0 0 0 0
2.194 -28.594999 1.767 14
0 0 0 0
0.141 -0.95599997 0.039000001 2
0 0 0 0
0 0 0 0
0 0 0 0
0.164 -0.95999998 0.039999999 0
0 0 0 0
0 0 0 0
0 0 0 0
0 0 0 0
0 0 0 0
0 0 0 0
0 0 0 0
0 0 0 0
0 0 0 0
0 0 0 0
0 0 0 0
0 0 0 0
6.0450001 -28.040001 1.476 11
0 0 0 0
0 0 0 0
0 0 0 0
5.033 -21.003 1.1109999 4
0 0 0 0
0 0 0 0
0 0 0 0
0 0 0 0
0 0 0 0
7.7810001 -22.556 0.94700003 5
3.9330001 -12.422 0.58999997 19
0 0 0 0
0 0 0 0
8.3249998 -22.448 0.98500001 5
0 0 0 0
3.892 -12.39 0.66600001 12
0 0 0 0
0 0 0 0
0 0 0 0
4.1659999 -12.273 0.66399997 2
3.9130001 -12.39 0.71499997 8
0 0 0 0
0 0 0 0
0 0 0 0
0 0 0 0
0 0 0 0
0 0 0 0
0 0 0 0
8.2519999 -22.457001 1.2819999 4
7.9099998 -16.558001 0.85500002 3
0 0 0 0
0 0 0 0
0 0 0 0
7.7249999 -15.265 0.82099998 3
7.881 -16.572001 0.90200001 4
0 0 0 0
0 0 0 0
7.5430002 -14.105 0.78899997 5
7.704 -15.292 0.85299999 4
7.8699999 -16.615 0.93300003 4
0 0 0 0
7.4330001 -13.169 0.76700002 6
7.5110002 -14.1 0.80500001 5
7.6389999 -15.223 0.861 3
0 0 0 0
0 0 0 0
7.4419999 -13.235 0.77399999 4
7.5139999 -14.145 0.80900002 5
7.6830001 -15.204 0.84799999 6
0 0 0 0
0 0 0 0
7.3990002 -13.188 0.76099998 6
7.5339999 -14.081 0.78399998 3
7.0710001 -10.761 0.704 6
0 0 0 0
0 0 0 0
7.4159999 -13.119 0.72799999 6
6.9629998 -10.094 0.68699998 6
7.0560002 -10.753 0.67900002 5
0 0 0 0
0 0 0 0
6.8779998 -9.5030003 0.67299998 6
6.967 -10.104 0.65499997 5
7.0419998 -10.736 0.64099997 4
0 0 0 0
6.809 -8.9759998 0.66100001 8
6.8600001 -9.4790001 0.63099998 9
6.954 -10.088 0.60900003 7
7.0549998 -10.665 0.58700001 6
6.7420001 -8.4860001 0.64899999 9
6.7930002 -8.9510002 0.61199999 10
6.8400002 -9.4440002 0.579 12
6.9520001 -9.9960003 0.54900002 7
6.671 -8.0179996 0.63800001 12
6.73 -8.4619999 0.59500003 8
6.7859998 -8.9300003 0.55500001 10
6.8720002 -9.401 0.51700002 10
6.6149998 -7.598 0.62900001 12
6.658 -7.9879999 0.57800001 10
6.7059999 -8.415 0.52999997 10
6.777 -8.8299999 0.48500001 10
6.5409999 -7.1820002 0.61900002 13
6.605 -7.5679998 0.56400001 11
6.6430001 -7.947 0.509 14
6.7069998 -8.3290005 0.45699999 12
6.5029998 -6.8239999 0.61199999 12
6.5419998 -7.1570001 0.55000001 12
6.5770001 -7.5089998 0.48899999 13
6.6589999 -7.8800001 0.433 12
6.4450002 -6.4679999 0.60399997 12
6.4850001 -6.7789998 0.537 14
6.5149999 -7.1009998 0.47 15
6.585 -7.4320002 0.40900001 14
0 0 0 0
6.4499998 -6.4429998 0.52600002 10
6.4710002 -6.7309999 0.454 16
6.5190001 -7.02 0.38699999 16
0 0 0 0
6.303 -6.0159998 0.50700003 1
6.4549999 -6.414 0.44 5
6.4710002 -6.6479998 0.36700001 13
6.2940001 -5.5209999 0.58399999 15
6.323 -5.7670002 0.50199997 15
0 0 0 0
0 0 0 0
6.2620001 -5.25 0.57999998 13
6.2789998 -5.4710002 0.493 16
6.322 -5.723 0.40900001 16
0 0 0 0
6.21 -4.9770002 0.57300001 14
6.2410002 -5.191 0.48500001 14
6.2709999 -5.4159999 0.396 17
6.3239999 -5.6389999 0.315 7
6.1739998 -4.724 0.56900001 15
6.2020001 -4.9229999 0.47600001 14
6.2220001 -5.1279998 0.384 14
6.2709999 -5.3309999 0.30000001 6
6.1389999 -4.4850001 0.565 13
6.191 -4.6890001 0.47099999 17
6.211 -4.881 0.37400001 17
6.2049999 -5.027 0.28400001 6
1.174 -0.81800002 0.108 1
6.1500001 -4.4429998 0.463 18
6.1630001 -4.6170001 0.36300001 17
6.1919999 -4.7789998 0.27200001 2
6.0910001 -4.0479999 0.55900002 15
1.182 -0.81300002 0.088 6
6.1170001 -4.3649998 0.35299999 13
6.1690001 -4.533 0.26100001 1
6.0599999 -3.835 0.55599999 16
0 0 0 0
1.182 -0.80199999 0.066 9
1.156 -0.80800003 0.046 1
6.04 -3.6370001 0.55400002 15
0 0 0 0
0 0 0 0
6.1100001 -4.0580001 0.23800001 1
5.9970002 -3.431 0.55000001 14
6.02 -3.5639999 0.43900001 17
0 0 0 0
6.0799999 -3.832 0.229 1
5.974 -3.244 0.54799998 15
5.9920001 -3.365 0.43399999 16
6.0100002 -3.494 0.32100001 19
6.0539999 -3.618 0.219 1
5.9429998 -3.059 0.546 15
5.9510002 -3.1670001 0.42899999 17
5.9720001 -3.2869999 0.31299999 18
6.0339999 -3.4159999 0.20999999 1
5.9239998 -2.885 0.54400003 14
5.9229999 -2.9809999 0.42399999 16
5.9429998 -3.095 0.30599999 18
6.0279999 -3.2249999 0.20200001 0
5.8850002 -2.707 0.54100001 14
5.9070001 -2.8069999 0.421 16
5.9159999 -2.908 0.30000001 17
0 0 0 0
5.8639998 -2.54 0.54000002 14
5.8839998 -2.6340001 0.417 16
5.8889999 -2.7249999 0.294 16
0 0 0 0
5.8410001 -2.3789999 0.53899997 14
5.8000002 -2.441 0.40900001 15
5.8670001 -2.5510001 0.289 15
0 0 0 0
5.823 -2.221 0.53799999 14
5.836 -2.3 0.41 16
5.849 -2.381 0.28400001 15
0 0 0 0
5.8049998 -2.069 0.537 13
3.7550001 -1.381 0.26300001 0
3.7090001 -1.41 0.177 0
5.3099999 -2.0710001 0.148 0
5.7719998 -1.915 0.53500003 14
3.7090001 -1.271 0.259 0
3.688 -1.3049999 0.17399999 0
5.2750001 -1.914 0.142 1
5.7579999 -1.77 0.53500003 13
5.7639999 -1.8279999 0.40200001 12
5.77 -1.891 0.26899999 13
0 0 0 0
5.7220001 -1.622 0.53299999 15
5.7519999 -1.682 0.40000001 15
5.7509999 -1.7359999 0.26499999 12
0 0 0 0
5.7119999 -1.483 0.53399998 7
5.7210002 -1.533 0.39700001 15
5.7280002 -1.585 0.26100001 12
5.2119999 -1.479 0.127 2
0 0 0 0
5.7069998 -1.39 0.396 13
5.7199998 -1.438 0.25799999 12
5.1550002 -1.329 0.121 1
0 0 0 0
5.7010002 -1.252 0.39500001 10
5.6919999 -1.291 0.25400001 9
2.5880001 -0.60100001 0.059 159
5.6360002 -1.0700001 0.53200001 15
5.6259999 -1.101 0.38999999 15
5.1750002 -1.0470001 0.229 10
5.2909999 -1.097 0.116 9
5.6199999 -0.93900001 0.53200001 16
5.1139998 -0.88200003 0.354 4
5.3210001 -0.94800001 0.233 19
5.119 -0.93400002 0.109 10
5.6020002 -0.81 0.53200001 17
5.0830002 -0.75800002 0.352 12
5.2360001 -0.80699998 0.228 20
5.086 -0.801 0.105 13
5.5419998 -0.67699999 0.52899998 11
5.0760002 -0.639 0.35100001 14
5.191 -0.676 0.22400001 20
5.0749998 -0.67500001 0.102 14
5.2709999 -0.52700001 0.505 5
5.053 -0.51999998 0.34999999 13
5.1069999 -0.54299998 0.219 16
5.046 -0.54799998 0.097999997 15
5.5229998 -0.428 0.53200001 14
5.1040001 -0.40700001 0.354 16
5.118 -0.42300001 0.219 18
5.0409999 -0.42500001 0.094999999 15
5.527 -0.30500001 0.53500003 1
5.5050001 -0.31400001 0.38299999 3
5.473 -0.32300001 0.23199999 4
0 0 0 0
5.5100002 -0.183 0.53600001 97
5.5229998 -0.18799999 0.38499999 102
5.5219998 -0.197 0.233 95
0 0 0 0
5.244 -0.057999998 0.51200002 15
4.974 -0.057999998 0.347 85
4.9710002 -0.061000001 0.20900001 119
4.9770002 -0.059 0.086000003 105
5.2740002 0.056000002 0.51800001 43
4.9660001 0.056000002 0.34799999 125
4.9650002 0.055 0.208 116
4.96 0.059999999 0.083999999 103
5.1430001 0.169 0.50800002 60
4.9899998 0.169 0.35100001 150
4.947 0.17200001 0.207 113
4.947 0.17900001 0.081 106
5.3889999 0.29800001 0.53600001 97
5.0190001 0.28600001 0.354 151
4.927 0.28799999 0.206 121
4.9310002 0.29800001 0.079000004 108
3.503 0.271 0.34999999 33
3.4679999 0.27700001 0.24600001 36
3.4419999 0.28200001 0.14399999 33
3.424 0.29100001 0.054000001 36
4.4460001 0.442 0.447 25
3.4760001 0.35699999 0.24699999 43
3.451 0.36399999 0.14399999 73
3.4219999 0.37400001 0.052999999 0
4.585 0.55800003 0.46399999 43
3.4619999 0.43599999 0.24699999 37
3.438 0.44499999 0.14300001 52
3.4289999 0.45899999 0.052000001 1
4.5760002 0.66000003 0.46599999 52
3.451 0.514 0.248 33
3.4260001 0.52499998 0.14300001 51
3.415 0.54100001 0.050999999 4
4.552 0.75999999 0.46700001 150
3.4389999 0.59200001 0.249 32
3.4070001 0.60500002 0.142 41
3.4000001 0.62199998 0.048999999 6
4.5349998 0.86000001 0.46900001 119
3.424 0.671 0.249 32
3.392 0.685 0.142 40
3.388 0.70599997 0.048999999 8
4.5219998 0.96200001 0.47099999 80
3.4170001 0.75099999 0.25 31
3.395 0.76999998 0.14300001 68
3.368 0.78799999 0.048 8
4.3460002 1.025 0.456 22
3.411 0.83200002 0.252 31
3.3629999 0.84600002 0.142 33
3.3299999 0.86400002 0.046999998 37
3.427 0.88800001 0.36199999 39
5.2509999 1.408 0.38999999 130
4.7800002 1.322 0.20299999 103
4.7740002 1.363 0.066 108
5.2399998 1.483 0.55900002 105
5.2290001 1.531 0.39199999 117
4.7639999 1.439 0.20299999 122
4.7540002 1.482 0.064999998 94
5.223 1.604 0.56199998 99
5.2119999 1.656 0.39399999 104
4.7449999 1.557 0.204 103
4.7379999 1.604 0.064999998 102
5.2020001 1.724 0.565 96
5.2030001 1.784 0.39700001 103
4.7220001 1.674 0.205 114
1.777 0.64999998 0.024 6
5.1849999 1.846 0.56800002 102
5.178 1.909 0.398 100
1.775 0.67699999 0.077 4
4.7069998 1.854 0.064999998 99
1.715 0.65399998 0.189 12
5.1570001 2.0380001 0.40099999 93
4.6919999 1.916 0.207 105
4.678 1.975 0.064000003 80
1.592 0.64700001 0.178 13
5.1389999 2.1670001 0.40400001 102
4.6799998 2.0420001 0.20900001 14
4.6690001 2.1040001 0.064000003 97
1.516 0.65700001 0.171 10
5.1409998 2.3080001 0.40799999 1
4.6570001 2.164 0.20999999 114
4.6560001 2.2360001 0.064000003 107
1.403 0.64499998 0.16 1
5.105 2.434 0.41 108
4.6350002 2.2880001 0.211 72
3.7750001 1.928 0.052999999 0
1.392 0.67699999 0.16 12
3.7650001 1.901 0.30599999 10
0 0 0 0
2.2809999 1.235 0.032000002 8
1.388 0.71399999 0.162 15
4.3169999 2.3050001 0.35499999 0
0 0 0 0
4.086 2.342 0.059 4
1.382 0.75 0.163 10
2.2119999 1.247 0.184 0
4.0890002 2.392 0.19400001 7
4.0560002 2.4579999 0.059 3
1.418 0.81099999 0.169 34
2.1140001 1.257 0.17900001 0
1.681 1.0369999 0.081 1
1.847 1.181 0.027000001 3
1.373 0.82599998 0.16599999 9
1.9299999 1.2079999 0.16500001 2
1.846 1.2 0.090000004 3
4.5440001 3.063 0.068999998 31
1.376 0.87099999 0.169 8
1.85 1.217 0.161 2
4.5219998 3.095 0.226 65
1.689 1.199 0.026000001 23
1.363 0.90499997 0.169 8
1.8710001 1.294 0.16500001 3
0 0 0 0
4.5139999 3.3729999 0.072999999 16
1.373 0.95599997 0.17299999 7
1.8890001 1.3710001 0.17 2
4.506 3.4070001 0.234 63
4.9089999 3.8559999 0.082000002 22
1.349 0.98500001 0.17299999 37
1.864 1.42 0.171 2
4.8979998 3.888 0.25999999 23
2.2750001 1.878 0.039000001 6
4.9169998 3.7620001 0.63999999 24
1.847 1.474 0.17200001 2
0 0 0 0
2.2509999 1.952 0.039999999 4
4.8930001 3.9200001 0.64700001 24
1.8609999 1.557 0.177 5
2.2379999 1.956 0.124 1
3.6570001 3.329 0.068000004 4
2.2620001 1.896 0.30399999 27
2.158 1.891 0.20900001 39
2.326 2.131 0.132 4
4.0929999 3.9130001 0.079999998 7
2.155 1.89 0.294 39
2.0480001 1.88 0.20200001 46
2.2820001 2.1919999 0.133 4
0 0 0 0
2.0420001 1.874 0.28400001 44
1.947 1.8710001 0.197 50
0.91399997 0.921 0.055 1
1.074 1.13 0.022 23
1.9400001 1.8609999 0.27500001 50
1.844 1.8559999 0.19 24
1.076 1.136 0.066 1
0 0 0 0
1.844 1.85 0.266 50
1.076 1.1339999 0.114 2
0 0 0 0
2.96 3.434 0.07 2
0.93699998 0.98299998 0.138 13
0 0 0 0
0 0 0 0
2.664 3.2460001 0.066 11
0.89499998 0.98199999 0.13500001 3
1.591 1.839 0.177 2
2.1440001 2.612 0.146 6
2.582 3.3069999 0.068000004 9
0.87900001 1.0089999 0.13500001 2
1.531 1.854 0.175 74
2.069 2.645 0.146 31
0 0 0 0
1.503 1.807 0.237 2
1.456 1.848 0.171 33
2.023 2.7160001 0.148 80
0 0 0 0
1.427 1.796 0.23 17
1.376 1.832 0.167 21
0 0 0 0
1.893 2.825 0.059999999 1
1.353 1.784 0.22400001 16
1.303 1.8200001 0.163 8
1.87 2.7750001 0.148 1
1.656 2.6040001 0.056000002 6
1.291 1.783 0.22 12
1.235 1.812 0.15899999 6
0 0 0 0
0 0 0 0
0 0 0 0
1.184 1.825 0.15800001 23
1.632 2.6860001 0.14 6
0 0 0 0
0.81699997 1.243 0.147 0
1.155 1.876 0.16 152
1.011 1.756 0.090999998 1
0.96399999 1.79 0.039999999 4
1.095 1.751 0.204 45
0 0 0 0
0.96899998 1.78 0.092 2
2.368 4.6599998 0.108 20
1.044 1.757 0.20100001 4
0 0 0 0
1.183 2.3010001 0.118 6
2.1700001 4.5359998 0.107 19
0 0 0 0
1.05 2.0039999 0.164 2
1.123 2.316 0.118 4
1.9579999 4.3610001 0.105 62
0.93800002 1.7539999 0.193 10
0.889 1.795 0.145 8
1.049 2.3 0.117 17
1.869 4.447 0.11 16
0.88300002 1.745 0.189 46
0.83499998 1.79 0.14300001 4
1.024 2.3940001 0.122 32
0 0 0 0
0.82999998 1.7359999 0.185 68
1.076 2.4530001 0.19400001 150
0 0 0 0
0 0 0 0
0.78200001 1.737 0.182 60
0 0 0 0
0 0 0 0
0 0 0 0
0.73199999 1.729 0.17900001 52
0 0 0 0
0 0 0 0
0 0 0 0
0 0 0 0
0 0 0 0
0.74900001 2.3380001 0.119 23
0 0 0 0
0.648 1.751 0.176 13
1.276 3.8399999 0.29300001 0
0 0 0 0
0 0 0 0
0.59799999 1.735 0.17200001 66
0 0 0 0
0 0 0 0
0 0 0 0
0.55500001 1.739 0.17 60
0 0 0 0
0.56699997 2.3239999 0.119 1
0.35100001 1.677 0.050000001 2
0 0 0 0
0.221 0.861 0.064000003 4
0.50099999 2.286 0.118 16
0.47600001 2.5799999 0.079000004 0
0.234 0.86699998 0.082000002 150
0.60900003 2.6210001 0.19400001 2
0.46200001 2.3729999 0.123 0
0.597 3.7320001 0.118 1
0.42500001 1.733 0.163 16
0.354 1.7029999 0.125 1
0.417 2.4519999 0.12800001 30
0.31299999 2.3069999 0.075000003 3
0.38299999 1.73 0.161 32
0.493 2.677 0.19599999 78
0.38999999 2.6670001 0.14 57
0.414 3.714 0.124 2
0.74299997 3.77 0.34799999 0
0.426 2.6659999 0.19499999 117
0.29499999 2.4130001 0.127 40
0.32499999 3.724 0.12800001 43
0.465 2.678 0.244 75
0.50800002 3.7320001 0.27200001 0
0.36700001 3.733 0.199 8
0 0 0 0
0.40000001 2.6719999 0.241 59
0.41800001 3.711 0.26899999 1
0.28200001 3.773 0.20299999 23
0.163 4.085 0.149 3
0.292 2.313 0.207 3
0.336 3.7709999 0.273 40
0.25600001 4.9970002 0.271 13
0.041000001 2.5610001 0.096000001 3
0.38299999 3.7130001 0.329 2
0 0 0 0
0.114 4.1059999 0.22499999 45
-0.017999999 2.4790001 0.094999999 54
0.30700001 3.8340001 0.336 2
0.175 4.125 0.29800001 3
0.0089999996 2.21 0.122 48
-0.077 2.487 0.098999999 7
0.28299999 4.9860001 0.43399999 3
0.041999999 2.207 0.15899999 9
-0.041999999 2.2019999 0.123 47
-0.133 2.438 0.1 8
0.139 4.1529999 0.35800001 52
-0.0089999996 2.3050001 0.16599999 163
-0.093000002 2.197 0.124 51
-0.191 2.438 0.103 10
0.027000001 2.6229999 0.22400001 8
-0.061999999 2.299 0.16599999 162
-0.14399999 2.184 0.125 59
-0.249 2.441 0.106 13
-0.033 2.6099999 0.222 94
-0.115 2.27 0.164 150
-0.19400001 2.168 0.126 54
0 0 0 0
-0.146 4.105 0.347 39
-0.168 2.27 0.164 150
-0.24600001 2.1670001 0.127 30
0 0 0 0
-0.223 3.783 0.317 31
-0.22400001 2.303 0.167 161
0 0 0 0
-0.708 4.0609999 0.193 45
-0.34400001 4.1750002 0.34799999 46
-0.31 2.566 0.186 4
0 0 0 0
-0.80299997 4.0419998 0.199 11
-0.27200001 2.5769999 0.214 38
0 0 0 0
-0.75400001 4.0749998 0.25 24
-0.89999998 4.0339999 0.204 51
0 0 0 0
-0.69 4.0949998 0.30000001 3
-0.85000002 4.0580001 0.25400001 43
-0.99199998 4.0050001 0.20900001 51
0 0 0 0
-0.30899999 1.605 0.118 1
-0.94400001 4.0359998 0.25600001 47
-1.0880001 3.9920001 0.215 50
-0.292 1.652 0.13500001 4
-0.354 1.632 0.12 2
-0.417 1.612 0.104 1
0 0 0 0
-0.32100001 1.595 0.13 43
-0.39300001 1.625 0.121 25
-1.136 4.0029998 0.26300001 10
-0.68900001 2.1259999 0.122 0
-0.368 1.63 0.132 9
-0.43000001 1.614 0.121 181
0 0 0 0
-0.69800001 1.995 0.118 7
-0.403 1.609 0.13 26
0 0 0 0
-0.52200001 1.558 0.106 6
-0.60000002 1.5930001 0.097000003 108
-0.428 1.5549999 0.126 10
-0.493 1.554 0.118 1
-0.579 1.602 0.111 6
-0.75700003 1.877 0.119 2
0 0 0 0
-0.52700001 1.535 0.118 12
-0.64600003 1.666 0.118 46
-0.77600002 1.804 0.118 2
-0.50199997 1.538 0.124 2
-0.58999997 1.596 0.123 17
-0.74000001 1.785 0.12899999 20
-0.82300001 1.7970001 0.122 34
-0.47499999 1.346 0.109 5
-0.70599997 1.7819999 0.139 55
-0.792 1.79 0.133 50
-0.87300003 1.795 0.125 68
-0.58600003 1.544 0.125 0
-0.75400001 1.78 0.141 11
-0.85000002 1.806 0.13699999 84
-0.95499998 1.853 0.134 150
-0.72500002 1.783 0.14399999 54
-0.80800003 1.79 0.14300001 26
-0.96600002 1.934 0.15000001 150
-1.028 1.885 0.141 58
-0.77499998 1.784 0.145 12
-0.98400003 2.05 0.16599999 150
-1.0319999 1.952 0.155 62
-1.045 1.8150001 0.141 24
-0.98799998 2.1359999 0.17399999 75
-1.024 2.013 0.16500001 61
-1.046 1.872 0.152 41
-2.6830001 4.4219999 0.35600001 83
-1.017 2.069 0.169 57
-1.033 1.918 0.15899999 61
-1.064 1.804 0.15000001 7
-2.809 4.3969998 0.366 93
-1.029 1.973 0.162 59
-1.04 1.825 0.154 31
-2.737 4.4039998 0.377 105
-2.9460001 4.3850002 0.37900001 100
-1.038 1.881 0.155 47
-2.6730001 4.447 0.382 74
-2.869 4.3860002 0.38600001 94
-3.1960001 4.5279999 0.40599999 94
-1.056 1.811 0.15000001 14
-2.7839999 4.3969998 0.38299999 97
-3.0599999 4.448 0.40200001 150
-2.9879999 4.0339999 0.375 52
-2.7149999 4.4120002 0.368 95
-2.9189999 4.3790002 0.38800001 99
-2.954 4.0879998 0.38 34
-2.4920001 3.2060001 0.30899999 11
-2.8469999 4.3909998 0.36899999 96
-3.191 4.5510001 0.41100001 138
-3.1359999 4.1350002 0.39500001 75
-2.4849999 3.0510001 0.30599999 69
-3.0480001 4.4629998 0.37900001 150
-2.9419999 3.994 0.368 44
-2.5020001 3.1429999 0.30899999 57
-2.4649999 2.8900001 0.30000001 61
-3.135 4.3649998 0.37400001 29
-2.484 3.2119999 0.30199999 9
-2.4790001 2.9719999 0.301 57
-2.441 2.7309999 0.29499999 62
-3.062 4.0560002 0.35100001 60
-2.4849999 3.0610001 0.294 68
-2.4560001 2.809 0.294 68
-2.4389999 2.6059999 0.29300001 122
-2.4909999 3.141 0.27500001 54
-2.4579999 2.8870001 0.28299999 65
-2.431 2.654 0.28600001 75
-2.503 2.5550001 0.29899999 122
-2.46 2.9549999 0.26100001 55
-2.4349999 2.7279999 0.273 67
-2.4790001 2.5840001 0.28799999 140
-2.48 2.418 0.29499999 80
-2.431 2.7839999 0.249 61
-2.4330001 2.599 0.26699999 130
-2.4820001 2.47 0.285 75
-2.4660001 2.2980001 0.292 78
-2.4189999 2.6400001 0.23999999 69
-2.4920001 2.5409999 0.26800001 95
-2.473 2.3499999 0.28099999 73
-2.454 2.1849999 0.28999999 82
-2.4849999 2.5840001 0.23899999 140
-2.4690001 2.402 0.25999999 69
-2.46 2.2320001 0.27599999 78
-2.434 2.069 0.287 72
-2.4630001 2.4419999 0.229 74
-2.4549999 2.2780001 0.25299999 77
-2.444 2.1170001 0.27200001 77
-2.4219999 1.966 0.285 95
-2.4560001 2.322 0.222 68
-2.4419999 2.1619999 0.248 70
-2.4260001 2.0039999 0.26800001 83
-2.3759999 1.842 0.27900001 81
-2.4389999 2.197 0.215 69
-2.421 2.0439999 0.241 72
-2.3829999 1.878 0.26100001 76
-2.3699999 1.752 0.278 84
-2.415 2.073 0.207 66
-2.3940001 1.926 0.235 87
-2.372 1.783 0.25799999 90
-2.3559999 1.66 0.27599999 94
-2.404 1.966 0.2 87
-2.362 1.811 0.228 85
-2.352 1.684 0.25400001 96
-2.345 1.575 0.27500001 94
-2.355 1.8329999 0.192 103
-2.3469999 1.714 0.223 90
-2.348 1.601 0.252 88
-2.3340001 1.492 0.27399999 87
-2.3280001 1.724 0.185 150
-2.3410001 1.626 0.22 101
-2.3399999 1.518 0.25 100
-2.3239999 1.4119999 0.273 118
-2.326 1.638 0.18099999 149
-2.329 1.538 0.21600001 96
-2.322 1.431 0.24699999 102
-2.316 1.337 0.27200001 126
-2.322 1.553 0.177 97
-2.3139999 1.451 0.212 109
-2.3139999 1.354 0.245 118
-2.349 1.2869999 0.27700001 95
-2.3080001 1.464 0.17200001 95
-2.306 1.3710001 0.20900001 104
-2.329 1.2920001 0.24600001 97
-3.2349999 1.678 0.382 10
-2.299 1.382 0.168 112
-2.306 1.299 0.207 104
-2.4100001 1.266 0.25400001 38
-3.227 1.5829999 0.382 6
-2.29 1.302 0.164 102
-2.3940001 1.276 0.214 64
-2.73 1.354 0.287 5
-3.194 1.479 0.38 1
-2.382 1.28 0.168 65
-2.7320001 1.374 0.242 8
0 0 0 0
-3.207 1.398 0.38299999 5
-2.7360001 1.387 0.19 3
0 0 0 0
0 0 0 0
-3.1860001 1.3049999 0.382 8
0 0 0 0
0 0 0 0
-3.1819999 1.314 0.33399999 4
-6.881 2.641 0.82800001 56
0 0 0 0
0 0 0 0
-6.901 2.668 0.72600001 1
-6.8520002 2.454 0.82800001 62
0 0 0 0
0 0 0 0
-6.8559999 2.4719999 0.722 49
-6.8270001 2.2750001 0.829 61
0 0 0 0
0 0 0 0
-6.829 2.286 0.72000003 60
-6.8049998 2.1010001 0.83099997 64
0 0 0 0
0 0 0 0
-6.8060002 2.1070001 0.71899998 57
-6.7740002 1.925 0.83200002 63
0 0 0 0
-6.6300001 2.062 0.56800002 48
-6.7919998 1.934 0.71899998 53
-6.7509999 1.757 0.83399999 29
-6.2199998 1.923 0.39700001 0
-6.5609999 1.873 0.56099999 47
0 0 0 0
-6.6030002 1.564 0.82099998 4
-6.1490002 1.74 0.389 54
-6.1389999 1.598 0.52399999 38
0 0 0 0
0 0 0 0
-6.1300001 1.577 0.38499999 55
-6.1079998 1.436 0.52100003 56
0 0 0 0
0 0 0 0
-6.105 1.413 0.38100001 58
0 0 0 0
0 0 0 0
0 0 0 0
0 0 0 0
0 0 0 0
-3.8050001 0.62599999 0.41100001 0
0 0 0 0
0 0 0 0
-3.767 0.60900003 0.322 6
-3.7490001 0.52999997 0.40700001 6
-3.7379999 0.456 0.48100001 6
-3.7309999 0.583 0.23 6
-3.7449999 0.51599997 0.32100001 7
-3.8099999 0.44999999 0.41600001 8
-3.73 0.37099999 0.484 5
-3.77 0.495 0.23100001 8
-3.839 0.43700001 0.33000001 1
-3.7379999 0.35499999 0.41 7
-3.7479999 0.289 0.491 7
-3.8280001 0.40900001 0.235 8
-3.7679999 0.34 0.32499999 7
-3.7939999 0.27399999 0.419 7
-6.7360001 0.37 0.88999999 11
-3.8150001 0.31299999 0.234 6
-6.5510001 0.43599999 0.56699997 115
-6.934 0.34099999 0.77200001 11
-1.965 0.064000003 0.26199999 53
-6.5580001 0.38 0.40200001 56
-2.0439999 0.088 0.177 6
-1.974 0.052000001 0.221 47
-1.966 0.021 0.264 52
-2.0380001 0.068000004 0.125 29
-1.974 0.037999999 0.17200001 46
-1.973 0.0070000002 0.223 44
-1.98 -0.022 0.26800001 51
-1.984 0.018999999 0.122 44
-1.98 -0.0070000002 0.17399999 48
-1.993 -0.037 0.227 47
-2.027 -0.067000002 0.27700001 29
-1.992 -0.028999999 0.123 42
-2.0280001 -0.055 0.17900001 31
-1.8839999 -0.078000002 0.21600001 0
-1.83 -0.101 0.25299999 41
-9.1149998 -0.35499999 0.565 4
-9.059 -0.461 0.80699998 5
-1.836 -0.118 0.213 42
-1.798 -0.139 0.25099999 45
-1.944 -0.122 0.121 6
-1.847 -0.13699999 0.16500001 34
-1.801 -0.15700001 0.20999999 44
-1.7970001 -0.17900001 0.25299999 45
-1.877 -0.164 0.117 35
-1.829 -0.17900001 0.16500001 39
-1.809 -0.199 0.214 40
-1.8099999 -0.221 0.25799999 46
-1.881 -0.20999999 0.118 33
-1.853 -0.22499999 0.169 31
-1.887 -0.25099999 0.22499999 9
-6.586 -0.95300001 0.95099998 25
-8.9449997 -1.222 0.56900001 32
-7.5229998 -1.096 0.69400001 34
-6.4840002 -1.013 0.78200001 25
-6.4580002 -1.079 0.94300002 121
-6.4640002 -1.044 0.41499999 8
-6.4510002 -1.094 0.60100001 7
-6.4489999 -1.159 0.787 6
-6.4369998 -1.221 0.95099998 96
-6.447 -1.202 0.41800001 7
-6.421 -1.245 0.60399997 7
-6.4320002 -1.307 0.79400003 7
-6.428 -1.368 0.96100003 119
-6.2620001 -1.325 0.41 27
-6.4229999 -1.403 0.61199999 4
-6.4229999 -1.457 0.80199999 5
-6.421 -1.5140001 0.972 4
-6.4169998 -1.522 0.42500001 5
-6.3920002 -1.554 0.616 7
-6.4109998 -1.609 0.81099999 4
-6.3559999 -1.647 0.97399998 3
-6.1960001 -1.6289999 0.41600001 5
-6.1290002 -1.642 0.59799999 8
-6.1409998 -1.689 0.78600001 4
-6.2849998 -1.776 0.97600001 3
-6.2729998 -1.812 0.426 5
-6.2459998 -1.832 0.61799997 6
-6.244 -1.87 0.81 5
-6.2579999 -1.919 0.98400003 4
0 0 0 0
-6.2290001 -1.987 0.625 8
-6.2459998 -2.027 0.82200003 3
-6.223 -2.0580001 0.99199998 2
0 0 0 0
-6.2119999 -2.142 0.63200003 6
-6.204 -2.1689999 0.82800001 6
-4.2940001 -1.526 0.69400001 8
-6.1810002 -2.283 0.44 2
0 0 0 0
0 0 0 0
0 0 0 0
0 0 0 0
0 0 0 0
0 0 0 0
-4.0749998 -1.652 0.67799997 8
0 0 0 0
0 0 0 0
0 0 0 0
0 0 0 0
0 0 0 0
0 0 0 0
0 0 0 0
0 0 0 0
0 0 0 0
0 0 0 0
0 0 0 0
0 0 0 0
0 0 0 0
0 0 0 0
0 0 0 0
0 0 0 0
0 0 0 0
0 0 0 0
0 0 0 0
0 0 0 0
0 0 0 0
0 0 0 0
0 0 0 0
0 0 0 0
0 0 0 0
0 0 0 0
0 0 0 0
0 0 0 0
0 0 0 0
0 0 0 0
0 0 0 0
0 0 0 0
0 0 0 0
0 0 0 0
0 0 0 0
-5.3520002 -3.526 1.036 5
0 0 0 0
0 0 0 0
0 0 0 0
0 0 0 0
0 0 0 0
0 0 0 0
0 0 0 0
0 0 0 0
0 0 0 0
0 0 0 0
0 0 0 0
0 0 0 0
0 0 0 0
0 0 0 0
0 0 0 0
0 0 0 0
0 0 0 0
0 0 0 0
0 0 0 0
0 0 0 0
0 0 0 0
0 0 0 0
0 0 0 0
0 0 0 0
0 0 0 0
0 0 0 0
0 0 0 0
0 0 0 0
0 0 0 0
-5.8130002 -5.7010002 0.89300001 20
0 0 0 0
0 0 0 0
-5.744 -6.0539999 0.67299998 4
-5.7610002 -5.921 0.91299999 16
0 0 0 0
0 0 0 0
-5.7069998 -6.3130002 0.69400001 7
-5.75 -6.191 0.94 18
0 0 0 0
0 0 0 0
-5.6659999 -6.5760002 0.71600002 10
-5.6929998 -6.4239998 0.96200001 18
-1.001 -1.102 0.211 0
0 0 0 0
-5.6339998 -6.8639998 0.741 12
-5.6589999 -6.6919999 0.98900002 19
-0.95499998 -1.1 0.207 1
0 0 0 0
-5.5939999 -7.1589999 0.76800001 11
-5.6230001 -6.9710002 1.017 17
-0.912 -1.1 0.204 1
0 0 0 0
-5.5560002 -7.4710002 0.796 13
-5.586 -7.2659998 1.049 13
-0.86799997 -1.097 0.2 0
0 0 0 0
0 0 0 0
-5.559 -7.5890002 1.084 6
0 0 0 0
0 0 0 0
0 0 0 0
0 0 0 0
0 0 0 0
0 0 0 0
-5.4169998 -8.4890003 0.89300001 13
0 0 0 0
0 0 0 0
0 0 0 0
-5.3660002 -8.8660002 0.93000001 14
-5.4169998 -8.5889997 1.194 11
0 0 0 0
0 0 0 0
0 0 0 0
-5.3590002 -8.9490004 1.235 13
0 0 0 0
0 0 0 0
-0.51499999 -0.95099998 0.098999999 0
0 0 0 0
0 0 0 0
0 0 0 0
-0.51099998 -0.99900001 0.104 0
-0.52100003 -0.96899998 0.132 0
0 0 0 0
-0.60100001 -1.033 0.204 0
-0.477 -0.98900002 0.103 3
-0.50300002 -0.991 0.134 1
-0.52200001 -0.98000002 0.163 0
0 0 0 0
-0.43900001 -0.96899998 0.101 5
-0.47099999 -0.98199999 0.132 3
-0.49200001 -0.977 0.162 2
-0.51700002 -0.98799998 0.191 0
-0.41299999 -0.97100002 0.102 5
-0.43900001 -0.97500002 0.131 3
-0.46700001 -0.98100001 0.161 3
-0.48300001 -0.97299999 0.186 3
-0.384 -0.96700001 0.101 6
-0.40900001 -0.96499997 0.12899999 4
-0.435 -0.97100002 0.15800001 3
-0.45699999 -0.97500002 0.184 3
-0.34799999 -0.93900001 0.098999999 1
-0.38100001 -0.96100003 0.12800001 5
-0.40900001 -0.97100002 0.15700001 5
-0.43000001 -0.972 0.182 3
-0.33399999 -0.972 0.103 0
-0.347 -0.93699998 0.124 0
-0.38 -0.96200001 0.154 6
-0.403 -0.96899998 0.18000001 5
-0.32699999 -1.029 0.109 0
-0.33399999 -0.97100002 0.12899999 0
-0.34299999 -0.93000001 0.149 0
-0.375 -0.963 0.177 6
-0.317 -1.086 0.116 0
-0.32800001 -1.0319999 0.13699999 0
-0.336 -0.97799999 0.155 0
-0.34 -0.93199998 0.17 0
0 0 0 0
-0.31900001 -1.087 0.14399999 0
-0.329 -1.034 0.164 0
-0.33500001 -0.986 0.178 0
-0.23999999 -0.99400002 0.107 1
0 0 0 0
-0.322 -1.095 0.17200001 0
-0.32600001 -1.035 0.186 0
0 0 0 0
-0.243 -0.99599999 0.132 0
0 0 0 0
-0.31999999 -1.099 0.19599999 0
0 0 0 0
0 0 0 0
-0.244 -0.99599999 0.156 0
0 0 0 0
0 0 0 0
0 0 0 0
0 0 0 0
-0.243 -0.99900001 0.176 1
0 0 0 0
0 0 0 0
0 0 0 0
0 0 0 0
0 0 0 0
0 0 0 0
0 0 0 0
0 0 0 0
0 0 0 0
0 0 0 0
0 0 0 0
-2.9920001 -17.235001 2.9920001 3
0 0 0 0
0 0 0 0
0 0 0 0
-2.6029999 -17.261999 2.983 4
0 0 0 0
0 0 0 0
0 0 0 0
0 0 0 0
0 0 0 0
0 0 0 0
0 0 0 0
0 0 0 0
0 0 0 0
0 0 0 0
0 0 0 0
0 0 0 0
0 0 0 0
0 0 0 0
-0.47999999 -12.943 2.0050001 1
0 0 0 0
0 0 0 0
0.17399999 -12.852 1.776 1
-0.18700001 -12.886 1.998 2
0 0 0 0
0 0 0 0
0.465 -12.784 1.777 3
0.107 -12.905 2.0039999 3
0 0 0 0
0 0 0 0
0.75400001 -12.709 1.779 2
0.39399999 -12.774 1.987 4
0.132 -18.077999 3.0580001 3
0 0 0 0
1.044 -12.694 1.79 2
0.68400002 -12.775 1.9910001 3
0 0 0 0
0 0 0 0
0 0 0 0
0.96799999 -12.698 1.985 3
0 0 0 0
0 0 0 0
1.6109999 -12.525 1.795 26
1.2589999 -12.69 1.99 3
0 0 0 0
0 0 0 0
0 0 0 0
0 0 0 0
0 0 0 0
0 0 0 0
0 0 0 0
0 0 0 0
0 0 0 0
0 0 0 0
0 0 0 0
0 0 0 0
0 0 0 0
0 0 0 0
2.8329999 -12.709 1.892 1
2.401 -12.502 1.995 5
0 0 0 0
0 0 0 0
3.0680001 -12.415 1.868 2
2.698 -12.509 2.007 3
0 0 0 0
0 0 0 0
3.4170001 -12.589 1.916 2
2.9809999 -12.434 2.007 5
3.9660001 -18.58 3.1470001 3
0 0 0 0
0 0 0 0
3.2980001 -12.497 2.0309999 4
4.3249998 -18.212 3.0929999 3
0 0 0 0
0 0 0 0
3.566 -12.367 2.0239999 4
4.8309999 -18.469 3.145 3
0 0 0 0
0 0 0 0
3.8640001 -12.332 2.033 3
0 0 0 0
0 0 0 0
0 0 0 0
0 0 0 0
0 0 0 0
0 0 0 0
7.823 -19.634001 3.187 3
0 0 0 0
6.1389999 -18.271999 3.1470001 3
0 0 0 0
0 0 0 0
0 0 0 0
6.5749998 -18.188 3.1470001 4
7.8280001 -15.988 2.6199999 3
0 0 0 0
0 0 0 0
0 0 0 0
7.664 -14.798 2.4760001 6
7.8790002 -16.427 2.786 4
0 0 0 0
0 0 0 0
7.5510001 -13.807 2.3599999 5
7.6700001 -15.095 2.6029999 5
0 0 0 0
7.8119998 -17.705999 3.118 3
7.3959999 -12.828 2.2409999 5
7.4959998 -13.96 2.447 5
7.6360002 -15.294 2.698 4
7.8779998 -16.805 2.98 6
7.1999998 -11.857 2.1199999 2
7.3610001 -12.994 2.316 5
7.5159998 -14.225 2.54 4
7.7379999 -15.57 2.7820001 3
7.1149998 -11.143 2.039 5
7.1149998 -11.922 2.1630001 1
7.3709998 -13.213 2.3889999 5
7.5770001 -14.4 2.595 7
7.0229998 -10.474 1.962 4
7.1550002 -11.387 2.1059999 4
0 0 0 0
7.4180002 -13.348 2.4260001 6
6.9190001 -9.8299999 1.888 9
7.0089998 -10.613 2.0009999 4
0 0 0 0
0 0 0 0
6.849 -9.2810001 1.827 5
6.9349999 -10.001 1.923 5
7.0229998 -10.777 2.0320001 5
0 0 0 0
6.7540002 -8.7360001 1.7640001 6
6.8520002 -9.415 1.848 7
6.9200001 -10.108 1.934 6
7.0630002 -10.864 2.036 6
6.7069998 -8.2849998 1.7180001 7
6.7459998 -8.842 1.772 6
6.8499999 -9.5310001 1.853 7
6.9720001 -10.203 1.934 6
6.6469998 -7.842 1.671 7
6.7080002 -8.3909998 1.719 8
6.7729998 -8.9790001 1.777 5
6.8800001 -9.5860004 1.839 7
6.5770001 -7.4169998 1.624 10
6.6430001 -7.9359999 1.663 10
6.6989999 -8.4709997 1.706 10
6.8039999 -9.0279999 1.756 8
6.5310001 -7.0430002 1.587 10
6.5780001 -7.5040002 1.61 12
6.6459999 -8.0190001 1.645 9
6.7259998 -8.5089998 1.678 12
6.4619999 -6.6620002 1.546 11
6.5110002 -7.0970001 1.5599999 14
6.5830002 -7.5799999 1.585 9
6.6680002 -8.0450001 1.61 12
6.461 -6.3699999 1.524 3
6.461 -6.73 1.518 14
6.5149999 -7.164 1.529 15
6.5910001 -7.585 1.5420001 11
0 0 0 0
6.4380002 -6.4070001 1.483 9
6.4650002 -6.79 1.479 12
6.5409999 -7.1849999 1.485 13
0 0 0 0
0 0 0 0
6.4070001 -6.4250002 1.432 11
6.4689999 -6.7820001 1.426 11
0 0 0 0
0 0 0 0
0 0 0 0
6.4250002 -6.4299998 1.378 11
0 0 0 0
0 0 0 0
6.302 -5.7639999 1.347 14
0 0 0 0
0 0 0 0
0.99299997 -0.82300001 0.213 1
6.2600002 -5.4679999 1.311 15
0 0 0 0
6.1589999 -4.6339998 1.353 11
1.045 -0.82800001 0.221 0
6.2199998 -5.1859999 1.276 12
6.2620001 -5.4450002 1.243 15
6.1259999 -4.3990002 1.334 11
1.062 -0.80299997 0.222 1
6.2059999 -4.9349999 1.25 6
6.2249999 -5.1630001 1.206 13
1.163 -0.796 0.25099999 1
1.122 -0.80900002 0.23100001 1
1.0779999 -0.81699997 0.213 1
6.1820002 -4.8860002 1.171 12
6.0479999 -3.95 1.295 10
1.149 -0.78899997 0.234 1
1.115 -0.80500001 0.21600001 1
6.1409998 -4.6240001 1.137 14
6.0250001 -3.7460001 1.281 13
6.0679998 -3.971 1.224 15
1.171 -0.80599999 0.22400001 3
6.1170001 -4.3860002 1.109 12
6.0139999 -3.5580001 1.27 15
6.0440001 -3.763 1.206 15
0 0 0 0
1.146 -0.78100002 0.20299999 1
5.9699998 -3.3570001 1.253 13
6.0100002 -3.556 1.187 17
0 0 0 0
6.0840001 -3.9419999 1.059 4
5.954 -3.177 1.242 13
5.98 -3.358 1.169 16
6.0120001 -3.5510001 1.098 14
1.278 -0.78600001 0.21799999 1
5.915 -2.99 1.228 16
5.9439998 -3.164 1.151 16
5.9770002 -3.346 1.077 17
1.335 -0.778 0.22400001 1
5.901 -2.8210001 1.219 13
5.9159999 -2.98 1.136 17
5.9320002 -3.1429999 1.0549999 17
1.393 -0.76800001 0.229 1
5.8670001 -2.6489999 1.207 16
5.8850002 -2.799 1.1210001 18
5.914 -2.9590001 1.039 17
5.9229999 -3.089 0.96100003 7
5.8470001 -2.4849999 1.198 16
5.869 -2.6289999 1.11 16
5.881 -2.7750001 1.021 17
5.9039998 -2.902 0.94300002 10
5.8390002 -2.332 1.192 15
5.8509998 -2.4649999 1.099 16
5.8600001 -2.6010001 1.006 16
5.8920002 -2.7260001 0.926 13
5.7989998 -2.1700001 1.181 16
5.8270001 -2.3010001 1.087 15
5.8520002 -2.438 0.99400002 15
5.8579998 -2.5439999 0.90799999 14
5.7729998 -2.016 1.173 14
5.7989998 -2.141 1.076 16
5.816 -2.2639999 0.97899997 14
5.849 -2.3770001 0.89399999 14
5.7529998 -1.869 1.1670001 5
5.783 -1.988 1.067 13
5.7979999 -2.1040001 0.96700001 13
5.8239999 -2.207 0.87900001 12
5.7360001 -1.725 1.161 4
5.7550001 -1.8329999 1.057 14
5.777 -1.947 0.95499998 12
5.7930002 -2.04 0.86299998 13
5.7160001 -1.5829999 1.156 15
5.7340002 -1.6849999 1.049 14
5.7579999 -1.7920001 0.94499999 13
5.763 -1.875 0.84899998 13
5.6929998 -1.443 1.15 14
5.7059999 -1.5369999 1.04 2
5.7410002 -1.642 0.935 12
5.7529998 -1.722 0.838 11
5.6490002 -1.3 1.141 3
5.6729999 -1.392 1.031 13
5.7119999 -1.4910001 0.92400002 12
5.737 -1.572 0.82700002 10
5.6589999 -1.174 1.142 14
5.6560001 -1.255 1.024 14
0 0 0 0
5.6890001 -1.413 0.81199998 6
5.6300001 -1.041 1.137 13
5.6490002 -1.119 1.021 14
5.6479998 -1.198 0.903 2
5.665 -1.2640001 0.801 6
5.6129999 -0.91000003 1.1339999 7
5.6170001 -0.98199999 1.013 14
5.6329999 -1.058 0.89600003 15
5.6570001 -1.122 0.79400003 9
5.6110001 -0.78500003 1.135 101
5.6030002 -0.84899998 1.01 16
5.6170001 -0.92000002 0.88999999 16
5.5999999 -0.972 0.77999997 7
5.592 -0.65700001 1.133 103
5.5929999 -0.71899998 1.007 13
5.5799999 -0.77999997 0.88099998 18
5.586 -0.833 0.77200001 14
3.994 -0.38100001 0.81099999 7
5.5879998 -0.58999997 1.006 82
5.5599999 -0.64600003 0.875 17
5.4439998 -0.67799997 0.74800003 12
4.2189999 -0.31 0.85799998 3
5.5580001 -0.461 1 86
5.559 -0.51599997 0.87199998 18
5.263 -0.52899998 0.71899998 10
4.2810001 -0.221 0.87300003 8
4.9099998 -0.296 0.884 1
5.5479999 -0.38499999 0.86799997 89
5.5050001 -0.41999999 0.74800003 12
5.5019999 -0.164 1.125 96
4.8260002 -0.18099999 0.87 9
5.513 -0.25400001 0.86199999 46
5.5359998 -0.28999999 0.74900001 13
5.2259998 -0.041000001 1.073 11
5.2129998 -0.078000002 0.94099998 10
5.4359999 -0.122 0.84899998 150
5.5050001 -0.155 0.74299997 101
5.4330001 0.075999998 1.119 95
5.4330001 0.041000001 0.98199999 95
5.1900001 0.0040000002 0.81 67
5.1880002 -0.022 0.69700003 23
5.4200001 0.193 1.12 98
5.4180002 0.163 0.98199999 94
5.4299998 0.131 0.84799999 78
5.1339998 0.102 0.68900001 63
5.3969998 0.31 1.12 96
5.4120002 0.28600001 0.98400003 94
3.938 0.18700001 0.61500001 0
5.1370001 0.22400001 0.68800002 61
5.3870001 0.42699999 1.123 96
3.3399999 0.25099999 0.60900003 10
3.3599999 0.23800001 0.52600002 7
5.3959999 0.36500001 0.722 86
5.3740001 0.54400003 1.126 94
3.2920001 0.32300001 0.602 42
3.309 0.31200001 0.51899999 53
3.329 0.30599999 0.44499999 59
5.3460002 0.65899998 1.127 94
3.286 0.39700001 0.60399997 47
3.2980001 0.38800001 0.51800001 62
3.2980001 0.38299999 0.44100001 70
5.336 0.77700001 1.131 95
3.2809999 0.472 0.60600001 39
3.286 0.46599999 0.51800001 81
3.2880001 0.46200001 0.44 91
5.3169999 0.89300001 1.1339999 95
3.2639999 0.54500002 0.60600001 35
3.2750001 0.542 0.51800001 86
3.28 0.54299998 0.44 92
5.2940001 1.008 1.136 96
3.26 0.62099999 0.60799998 30
3.2590001 0.61799997 0.51800001 77
3.2620001 0.62099999 0.43900001 97
5.2820001 1.126 1.142 96
3.25 0.69499999 0.61000001 22
3.244 0.69400001 0.51800001 75
3.2539999 0.70099998 0.44 98
5.2639999 1.243 1.146 96
3.2360001 0.76800001 0.61199999 10
3.2390001 0.773 0.51999998 80
3.2349999 0.778 0.43900001 86
5.243 1.359 1.15 96
3.2379999 0.847 0.61699998 4
3.2219999 0.84899998 0.52100003 29
3.2309999 0.861 0.44100001 27
5.2340002 1.478 1.1569999 97
5.2280002 1.495 1.003 94
5.2379999 1.512 0.852 17
5.2179999 1.526 0.71600002 53
5.2129998 1.597 1.163 96
5.204 1.6160001 1.007 94
5.211 1.6390001 0.85500002 51
5.2080002 1.66 0.71899998 97
5.1919999 1.715 1.168 97
5.1880002 1.742 1.013 95
5.191 1.767 0.85799998 42
5.1789999 1.791 0.72100002 97
5.177 1.836 1.176 98
5.1700001 1.8660001 1.018 99
5.165 1.8940001 0.86199999 96
1.711 0.63800001 0.23999999 11
1.67 0.63300002 0.38299999 41
1.677 0.648 0.333 9
1.572 0.61799997 0.264 3
1.521 0.60900003 0.215 15
1.476 0.597 0.34200001 5
1.444 0.59600002 0.28999999 11
1.391 0.58499998 0.236 38
1.388 0.59500003 0.198 84
1.399 0.602 0.32699999 9
3.6889999 1.6210001 0.74900001 15
5.1149998 2.296 0.88 15
0 0 0 0
3.6789999 1.679 0.87099999 11
3.678 1.7180001 0.75599998 13
5.1020002 2.4360001 0.88800001 33
5.0879998 2.4820001 0.74400002 15
0 0 0 0
3.6570001 1.811 0.76099998 11
3.767 1.908 0.66399997 5
1.368 0.70899999 0.20200001 1
0 0 0 0
3.6459999 1.909 0.76800001 11
5.0430002 2.7049999 0.90100002 90
1.367 0.75099999 0.205 2
3.6329999 1.956 0.89200002 10
3.6140001 1.998 0.77100003 10
2.112 1.197 0.382 18
2.0650001 1.2 0.31400001 142
2.0569999 1.166 0.51099998 29
2.027 1.181 0.43799999 50
2 1.196 0.36700001 61
1.944 1.194 0.30000001 150
1.96 1.169 0.49399999 42
1.938 1.189 0.42500001 54
1.9170001 1.209 0.35699999 55
1.8609999 1.205 0.292 141
1.921 1.2029999 0.491 5
1.881 1.2130001 0.419 59
1.857 1.233 0.352 25
1.349 0.921 0.21600001 2
3.562 2.3410001 0.92500001 8
1.905 1.291 0.43200001 0
2.21 1.544 0.426 4
0 0 0 0
1.756 1.21 0.463 10
0 0 0 0
2.1960001 1.613 0.43200001 4
4.9200001 3.723 0.81800002 3
1.664 1.201 0.44600001 23
0 0 0 0
2.1289999 1.642 0.426 6
4.8969998 3.895 0.83099997 22
1.5829999 1.196 0.43099999 13
1.773 1.387 0.42300001 2
2.0799999 1.683 0.42500001 7
2.2720001 1.898 0.39300001 27
1.52 1.202 0.421 2
1.719 1.408 0.41800001 2
2.0320001 1.725 0.42399999 7
2.1570001 1.893 0.382 26
1.568 1.2970001 0.442 0
1.683 1.4450001 0.41800001 3
1.982 1.7640001 0.42199999 7
2.0420001 1.882 0.37099999 45
1.507 1.303 0.433 6
1.642 1.475 0.41600001 7
1.927 1.799 0.41999999 7
1.923 1.8609999 0.35800001 54
1.465 1.325 0.42899999 9
1.6210001 1.525 0.41999999 10
1.875 1.834 0.419 6
1.825 1.853 0.34900001 64
1.429 1.35 0.42699999 9
1.594 1.569 0.42199999 11
0.88700002 0.90899998 0.20299999 53
0.866 0.92299998 0.17 45
1.393 1.376 0.42500001 9
0.88200003 0.90899998 0.23899999 82
0.86299998 0.92799997 0.20299999 14
0.83899999 0.93900001 0.17 8
0.898 0.926 0.28 62
0.85500002 0.92199999 0.237 14
0.81800002 0.92199999 0.198 10
0.79299998 0.93199998 0.16599999 8
0.85299999 0.92000002 0.27200001 10
0.81400001 0.91900003 0.23199999 9
0.778 0.91900003 0.19400001 9
0.75599998 0.93300003 0.163 7
0.81900001 0.92299998 0.26800001 4
0.77200001 0.912 0.226 9
0.73799998 0.91500002 0.189 12
0.71600002 0.92900002 0.16 7
1.2640001 1.49 0.42399999 1
0.73199999 0.90600002 0.22 9
0.69700003 0.90700001 0.185 12
0.68300003 0.93099999 0.15800001 6
0 0 0 0
0.69099998 0.89700001 0.214 14
0.66299999 0.90600002 0.182 12
0.64999998 0.93400002 0.156 4
0 0 0 0
0.65200001 0.88800001 0.20900001 15
0.62699997 0.90100002 0.178 12
0.60299999 0.912 0.15099999 0
0.662 0.89399999 0.241 8
0.62699997 0.89499998 0.207 12
0 0 0 0
0.57999998 0.92500001 0.15099999 5
0.63200003 0.89499998 0.237 13
0.58899999 0.884 0.20200001 3
0.56099999 0.89300001 0.17200001 11
0.54799998 0.92400002 0.149 4
0.597 0.88700002 0.23100001 12
0.55800003 0.88099998 0.198 6
0.54000002 0.90600002 0.17200001 3
0.537 0.95700002 0.153 4
0 0 0 0
0.54000002 0.89600003 0.199 1
0 0 0 0
0.52999997 1.001 0.15899999 8
0.53899997 0.88200003 0.223 2
1.01 1.767 0.38699999 0
0.94300002 1.766 0.329 4
0.52499998 1.051 0.16500001 8
0.972 1.674 0.417 1
0.958 1.767 0.38299999 29
0.88599998 1.758 0.324 66
0.523 1.113 0.17399999 9
0 0 0 0
0.898 1.753 0.375 34
0.82999998 1.747 0.31900001 74
0 0 0 0
0.90399998 1.73 0.41999999 1
0.85000002 1.757 0.37200001 43
0.778 1.744 0.31600001 68
0.71100003 1.726 0.26699999 7
0 0 0 0
0.79699999 1.747 0.366 57
0.72600001 1.737 0.31299999 63
0.65899998 1.714 0.264 14
0 0 0 0
0.745 1.739 0.361 71
0.472 1.207 0.21600001 3
0.61299998 1.7180001 0.264 66
0 0 0 0
0.47999999 1.196 0.24600001 152
0.63 1.7309999 0.308 17
0.56800002 1.723 0.264 73
0 0 0 0
0.648 1.725 0.352 8
0.58200002 1.724 0.30500001 71
0.51499999 1.696 0.259 59
0.243 0.62800002 0.14399999 0
0.60000002 1.717 0.34799999 9
0.53600001 1.719 0.303 67
0 0 0 0
0.255 0.70599997 0.16 4
0 0 0 0
0 0 0 0
0.215 0.85500002 0.13 2
0.24600001 0.73299998 0.164 1
0.237 0.79299998 0.15800001 1
0 0 0 0
0.38600001 1.705 0.25999999 15
0.228 0.73299998 0.163 1
0.219 0.79900002 0.15800001 1
0.206 0.87599999 0.152 3
0.54799998 2.7249999 0.417 14
0.214 0.74599999 0.164 4
0.192 0.76999998 0.152 1
0.168 0.79699999 0.139 0
0.48500001 2.7479999 0.42199999 78
0.19599999 0.745 0.163 10
0.176 0.78399998 0.154 1
0.162 0.87 0.15099999 0
0.41299999 2.7249999 0.419 25
0.17900001 0.74800003 0.162 1
0.16 0.79699999 0.156 0
0.366 2.25 0.391 0
0.29300001 2.3050001 0.35600001 7
0.164 0.76300001 0.164 1
0.14 0.79100001 0.154 0
0.345 2.494 0.433 4
0.38699999 3.75 0.58099997 23
0.149 0.77999997 0.167 1
0.121 0.792 0.154 0
0.25299999 2.2060001 0.38299999 14
0.296 3.7550001 0.58399999 1
0.133 0.79400003 0.169 1
0.103 0.79400003 0.154 0
0 0 0 0
0.132 2.3970001 0.375 36
0.114 0.78799999 0.167 4
0.082999997 0.778 0.15000001 0
0.148 2.201 0.384 1
0.074000001 2.3840001 0.375 15
0.097000003 0.801 0.169 4
0.064000003 0.773 0.149 0
0.096000001 2.1860001 0.382 13
0.017000001 2.3710001 0.375 16
0.078000002 0.79000002 0.16599999 4
0.045000002 0.76200002 0.147 0
0.044 2.168 0.38 13
-0.037999999 2.3710001 0.37799999 17
0.059999999 0.787 0.164 4
0 0 0 0
-0.0060000001 2.1630001 0.38100001 13
-0.093999997 2.3469999 0.377 16
0.041000001 0.77200001 0.161 4
0 0 0 0
-0.056000002 2.1500001 0.38 13
-0.148 2.3239999 0.377 16
0.023 0.764 0.15800001 4
0 0 0 0
-0.105 2.131 0.37799999 12
-0.20200001 2.3069999 0.377 15
0.0060000001 0.75700003 0.15700001 3
-0.024 0.77100003 0.149 0
-0.155 2.1229999 0.37900001 13
-0.255 2.289 0.37799999 15
-0.011 0.74199998 0.153 1
-0.043000001 0.79500002 0.154 2
-0.204 2.1110001 0.37900001 13
0 0 0 0
-0.027000001 0.73299998 0.15099999 3
-0.061999999 0.796 0.154 3
-0.25099999 2.086 0.377 11
0 0 0 0
-0.044 0.72799999 0.15000001 3
-0.081 0.79699999 0.155 4
0 0 0 0
-0.405 2.198 0.375 14
-0.059999999 0.72000003 0.148 3
-0.098999999 0.796 0.155 3
-0.34999999 2.0799999 0.382 0
-0.45500001 2.1800001 0.377 3
-0.075999998 0.71499997 0.147 3
0 0 0 0
-0.38999999 2.0320001 0.37599999 12
-0.498 2.131 0.373 10
0 0 0 0
-0.336 1.948 0.384 1
-0.44100001 2.0380001 0.38 3
-1.242 4.8039999 0.85299999 11
0 0 0 0
-0.37900001 1.933 0.382 13
-0.48300001 2.0039999 0.37799999 12
-1.357 4.783 0.861 1
-0.329 1.8559999 0.384 12
-0.426 1.932 0.38499999 4
-1.278 4.8000002 0.91500002 10
0 0 0 0
-0.373 1.8559999 0.384 14
-0.46700001 1.905 0.382 11
0 0 0 0
0 0 0 0
-0.421 1.869 0.38800001 5
-1.295 4.7989998 0.96899998 8
0 0 0 0
0 0 0 0
-0.458 1.836 0.382 12
0 0 0 0
0 0 0 0
-1.747 4.494 0.86199999 49
-0.46700001 1.7029999 0.35600001 3
0 0 0 0
0 0 0 0
-0.63099998 1.518 0.296 37
0 0 0 0
0 0 0 0
-1.771 4.4759998 0.90600002 23
-0.55000001 1.2410001 0.24600001 31
0 0 0 0
-1.688 4.5349998 0.94700003 28
-0.64399999 1.524 0.31299999 40
0 0 0 0
0 0 0 0
-1.781 4.4650002 0.94099998 9
-0.56 1.243 0.259 34
-1.077 2.152 0.44299999 11
-1.699 4.506 0.963 52
-0.64300001 1.511 0.32100001 36
0 0 0 0
-1.101 2.0780001 0.43700001 58
-0.62 1.535 0.33000001 2
-0.56099999 1.237 0.266 31
0 0 0 0
-1.1 1.9630001 0.421 42
-0.64300001 1.493 0.32300001 31
0 0 0 0
-1.103 2.052 0.449 14
-1.095 1.853 0.40599999 16
-0.56800002 1.238 0.27000001 12
0 0 0 0
-1.11 1.956 0.435 32
-2.7520001 4.4190001 0.99000001 100
0 0 0 0
-1.099 2.033 0.45500001 2
-1.109 1.853 0.41999999 12
-2.8870001 4.4039998 1.01 91
-2.3629999 4.572 1.018 2
-1.107 1.936 0.44 23
-2.786 4.414 1.02 103
-3.046 4.4159999 1.038 85
-1.094 1.999 0.44999999 2
-2.6849999 4.4510002 1.027 76
-2.9170001 4.3920002 1.035 92
-3.2 4.4190001 1.063 36
-1.0930001 1.891 0.43000001 27
-2.802 4.4109998 1.033 100
-3.079 4.4099998 1.061 71
-3.3310001 4.3839998 1.081 44
-2.707 4.4369998 1.022 91
-2.9400001 4.3979998 1.0470001 111
-3.2479999 4.4299998 1.089 33
-3.4260001 4.2969999 1.0880001 52
-2.829 4.4029999 1.027 98
-3.1029999 4.415 1.0700001 50
-3.3640001 4.3730001 1.099 51
-3.556 4.257 1.107 6
-2.9820001 4.4099998 1.0420001 141
-3.26 4.4169998 1.09 33
-3.45 4.276 1.099 46
-3.5350001 4.0380001 1.079 6
-3.142 4.4180002 1.0599999 35
-3.3740001 4.355 1.095 57
-3.573 4.224 1.112 6
0 0 0 0
-3.303 4.421 1.076 36
-3.4679999 4.2649999 1.095 31
-3.533 3.9860001 1.076 6
0 0 0 0
-3.404 4.3400002 1.074 53
-3.5999999 4.224 1.1059999 11
0 0 0 0
0 0 0 0
-3.5550001 4.3169999 1.087 13
-3.543 3.9649999 1.062 1
0 0 0 0
0 0 0 0
-3.5480001 4.1079998 1.053 6
0 0 0 0
0 0 0 0
0 0 0 0
0 0 0 0
0 0 0 0
0 0 0 0
0 0 0 0
0 0 0 0
0 0 0 0
0 0 0 0
0 0 0 0
0 0 0 0
0 0 0 0
0 0 0 0
0 0 0 0
0 0 0 0
0 0 0 0
0 0 0 0
-3.339 2.517 0.89999998 10
0 0 0 0
0 0 0 0
0 0 0 0
-3.3110001 2.3800001 0.884 9
0 0 0 0
0 0 0 0
-3.3429999 2.4790001 0.87699997 10
-3.3640001 2.3039999 0.88999999 8
0 0 0 0
-3.3469999 2.569 0.85399997 1
-3.3110001 2.339 0.85900003 10
-3.3329999 2.174 0.875 10
0 0 0 0
-3.322 2.4289999 0.83399999 9
-3.359 2.2579999 0.861 10
-3.322 2.0610001 0.866 10
-3.335 2.507 0.79900002 10
-3.3340001 2.3199999 0.82499999 10
-3.3399999 2.1359999 0.84799999 8
-3.299 1.944 0.85399997 9
-3.303 2.362 0.77700001 10
-3.3380001 2.2079999 0.815 10
-3.3150001 2.0150001 0.83399999 12
-3.2869999 1.839 0.84600002 8
-3.3529999 2.279 0.77499998 10
-3.3210001 2.0869999 0.80000001 9
-3.29 1.897 0.81999999 12
-3.2650001 1.732 0.83600003 10
-3.3329999 2.151 0.75800002 10
-3.3 1.967 0.78500003 13
-3.2909999 1.798 0.81400001 9
-3.2460001 1.6289999 0.82800001 12
-3.319 2.0309999 0.74299997 9
-3.2839999 1.855 0.77200001 13
-3.26 1.686 0.80000001 8
-3.2309999 1.531 0.81999999 9
-3.2969999 1.9119999 0.727 10
-3.2690001 1.747 0.76099998 8
-3.2460001 1.584 0.79100001 13
-3.2130001 1.4349999 0.81300002 8
-3.279 1.7970001 0.71200001 9
-3.253 1.642 0.74900001 12
-3.2379999 1.49 0.78399998 12
-3.207 1.347 0.80900002 7
-3.263 1.688 0.69999999 8
-3.224 1.533 0.736 13
-3.22 1.3940001 0.77600002 8
-3.2079999 1.2640001 0.80699998 4
-3.2449999 1.581 0.68699998 12
-3.2190001 1.439 0.72799999 11
-3.1900001 1.294 0.764 11
-6.7210002 2.4760001 1.689 34
-3.2379999 1.483 0.67799997 8
-3.2190001 1.35 0.722 7
-6.6609998 2.5280001 1.59 34
-6.527 2.2390001 1.638 47
-3.224 1.3839999 0.667 7
-3.2030001 1.255 0.71399999 1
-6.5359998 2.312 1.554 49
-6.4920001 2.066 1.627 41
-3.1900001 1.28 0.653 8
-6.5450001 2.391 1.45 47
-6.5209999 2.1389999 1.546 48
-6.48 1.905 1.623 46
-6.5489998 2.4460001 1.33 45
-6.5159998 2.2090001 1.434 48
-6.4959998 1.9680001 1.536 50
-6.4380002 1.738 1.613 52
-6.5370002 2.2639999 1.316 49
-6.4850001 2.029 1.42 49
-6.4530001 1.796 1.522 47
-6.421 1.58 1.61 53
-6.493 2.076 1.2970001 46
-6.4400001 1.851 1.404 57
-6.4359999 1.633 1.516 59
-6.3779998 1.421 1.6 55
-6.4689999 1.896 1.283 48
-6.441 1.6900001 1.399 16
-6.4039998 1.471 1.507 52
-6.0890002 1.215 1.53 54
0 0 0 0
-6.441 1.528 1.3940001 2
0 0 0 0
-3.517 0.62 0.88499999 6
0 0 0 0
0 0 0 0
0 0 0 0
-3.4879999 0.53600001 0.88 17
0 0 0 0
0 0 0 0
-3.533 0.56099999 0.83099997 13
-3.45 0.45300001 0.87300003 19
0 0 0 0
-3.9649999 0.65100002 0.852 64
-3.497 0.47400001 0.824 16
-3.434 0.373 0.87199998 20
-3.921 0.65200001 0.75800002 10
-3.7119999 0.51999998 0.79699999 8
-3.4809999 0.39199999 0.82099998 20
-3.7939999 0.32800001 0.96700001 75
-3.7780001 0.53399998 0.72799999 39
-3.7379999 0.435 0.80199999 8
-3.7690001 0.33700001 0.89099997 113
-3.8369999 0.24699999 0.98100001 110
-3.747 0.43799999 0.72100002 87
-3.7479999 0.347 0.80500001 9
-3.859 0.257 0.91500002 105
-1.9809999 0.082999997 0.509 41
-3.7590001 0.347 0.722 80
-3.727 0.257 0.801 39
-1.985 0.086999997 0.472 42
-1.946 0.039000001 0.50199997 57
-3.8789999 0.264 0.74400002 49
-1.982 0.090000004 0.426 45
-1.95 0.041000001 0.465 44
-1.923 -0.003 0.49900001 48
-1.983 0.086000003 0.38 41
-1.954 0.043000001 0.421 46
-1.941 -0.0020000001 0.465 42
-1.895 -0.044 0.49399999 51
-1.954 0.037999999 0.375 42
-1.951 -0.0020000001 0.42199999 45
-1.918 -0.046 0.461 43
-1.8710001 -0.085000001 0.491 43
-1.959 -0.0080000004 0.37599999 43
-1.933 -0.046999998 0.419 38
-1.872 -0.086999997 0.45300001 35
-1.841 -0.124 0.486 35
-1.965 -0.056000002 0.37799999 52
-1.855 -0.089000002 0.40400001 35
-1.83 -0.127 0.44499999 38
-1.836 -0.164 0.48800001 39
-1.8380001 -0.097000003 0.35499999 33
-1.821 -0.13 0.398 38
-1.823 -0.168 0.44600001 44
-1.825 -0.204 0.48899999 53
-1.811 -0.139 0.35100001 39
-1.8150001 -0.17200001 0.39899999 39
-1.8430001 -0.211 0.45300001 39
-8.1099997 -1.0880001 2.1889999 40
-1.811 -0.184 0.352 44
-1.825 -0.21699999 0.403 34
-8.9200001 -1.232 2.211 30
-6.5170002 -1.02 1.773 1
-1.834 -0.23100001 0.35800001 41
-7.5539999 -1.077 1.6799999 35
-6.5009999 -1.0470001 1.623 2
-6.5040002 -1.163 1.784 2
-6.5040002 -0.98100001 1.278 3
-6.48 -1.08 1.451 5
-6.4289999 -1.1849999 1.618 7
-6.48 -1.307 1.794 1
-6.4959998 -1.141 1.284 2
-6.4819999 -1.237 1.462 2
-6.46 -1.3430001 1.64 2
-6.3309999 -1.421 1.7690001 7
-6.4590001 -1.298 1.286 10
-6.461 -1.39 1.4680001 2
-6.447 -1.492 1.65 2
-6.4520001 -1.598 1.8200001 1
-6.4549999 -1.46 1.295 2
-6.4460001 -1.546 1.478 2
-6.4050002 -1.635 1.655 1
-6.1820002 -1.674 1.762 1
-6.4219999 -1.617 1.299 2
-6.1560001 -1.63 1.424 2
-6.2750001 -1.7539999 1.637 1
-6.2740002 -1.846 1.806 1
-6.2030001 -1.724 1.267 1
-6.2680001 -1.817 1.464 2
-6.2750001 -1.908 1.655 1
-6.2680001 -1.993 1.824 1
-6.2690001 -1.9069999 1.2920001 2
-6.27 -1.977 1.48 1
-6.2600002 -2.0580001 1.668 1
-6.2189999 -2.1289999 1.831 1
-6.256 -2.069 1.303 1
-6.2459998 -2.132 1.49 1
-6.2350001 -2.2060001 1.6799999 1
-6.1469998 -2.2539999 1.831 2
-3.7460001 -1.341 0.78899997 5
-6.2160001 -2.2850001 1.5 1
-6.2080002 -2.3559999 1.693 1
-6.086 -2.3829999 1.834 3
-3.619 -1.395 0.77200001 9
-3.2179999 -1.27 0.78600001 8
0 0 0 0
-6.0539999 -2.5239999 1.848 1
-3.437 -1.421 0.74199998 7
-3.1459999 -1.327 0.77899998 10
-2.8239999 -1.22 0.79000002 10
-2.7130001 -1.201 0.83899999 0
-3.4960001 -1.546 0.76499999 1
-3.0940001 -1.391 0.77600002 4
-2.79 -1.28 0.79100001 13
-2.4920001 -1.168 0.78100002 13
-6.158 -2.905 1.368 1
-3.072 -1.4680001 0.78100002 7
-2.717 -1.321 0.78100002 6
-2.4690001 -1.223 0.78500003 15
0 0 0 0
0 0 0 0
-2.7179999 -1.398 0.79299998 9
-2.4260001 -1.2690001 0.78200001 14
0 0 0 0
0 0 0 0
0 0 0 0
-2.4119999 -1.329 0.79000002 3
-9.6309996 -5.4310002 2.2449999 1
0 0 0 0
-5.2979999 -3.0350001 1.595 1
-2.359 -1.367 0.78399998 14
-5.323 -3.1730001 1.263 10
0 0 0 0
-2.0250001 -1.221 0.62 4
-2.0179999 -1.229 0.68199998 4
-5.329 -3.3540001 1.288 0
-5.2950001 -3.339 1.461 12
-1.952 -1.237 0.60699999 0
0 0 0 0
-5.2680001 -3.4960001 1.298 14
-5.27 -3.497 1.482 16
0 0 0 0
0 0 0 0
-5.237 -3.6619999 1.317 16
-5.2449999 -3.6589999 1.503 16
0 0 0 0
-4.3080001 -3.023 1.5319999 16
-4.2010002 -3.0910001 1.08 5
-5.223 -3.8280001 1.527 22
0 0 0 0
-1.612 -1.184 0.58399999 2
-5.9689999 -4.618 1.568 8
-5.9809999 -4.6020002 1.786 18
0 0 0 0
0 0 0 0
0 0 0 0
-5.9549999 -4.8060002 1.817 18
-4.5840001 -3.6860001 1.5700001 0
0 0 0 0
0 0 0 0
-5.8909998 -4.987 1.84 13
-5.9050002 -4.9699998 2.0669999 10
-4.046 -3.3989999 1.5549999 0
0 0 0 0
-5.9099998 -5.243 1.89 1
-5.9120002 -5.2059999 2.1159999 18
-3.9489999 -3.4660001 1.55 1
0 0 0 0
-1.227 -1.141 0.40200001 0
-5.8600001 -5.4000001 2.1459999 20
-3.8540001 -3.5320001 1.545 4
0 0 0 0
0 0 0 0
-5.8169999 -5.6059999 2.1819999 18
-5.8260002 -5.5780001 2.391 10
0 0 0 0
0 0 0 0
-5.7849998 -5.829 2.224 19
-5.7839999 -5.783 2.4289999 14
0 0 0 0
0 0 0 0
-5.7470002 -6.0560002 2.267 12
-5.756 -6.0079999 2.4760001 11
0 0 0 0
-5.7080002 -6.3909998 2.086 6
-1.0089999 -1.113 0.40900001 1
-5.7529998 -6.2719998 2.5380001 2
0 0 0 0
-5.6680002 -6.6539998 2.1359999 14
-0.95300001 -1.099 0.39700001 1
0 0 0 0
0 0 0 0
-5.6259999 -6.9229999 2.187 17
-5.6599998 -6.8319998 2.428 5
0 0 0 0
0 0 0 0
-5.585 -7.2069998 2.243 19
-5.605 -7.0830002 2.4779999 14
-5.5089998 -6.8530002 2.6370001 3
0 0 0 0
-5.5640001 -7.5370002 2.313 12
-5.5830002 -7.388 2.5469999 7
-0.82800001 -1.0779999 0.40799999 1
0 0 0 0
-5.5279999 -7.8579998 2.3800001 3
0 0 0 0
-0.78799999 -1.073 0.40000001 1
0 0 0 0
-5.4629998 -8.165 2.4430001 11
0 0 0 0
-0.764 -1.0880001 0.40000001 1
-5.408 -8.7910004 2.299 4
-5.428 -8.5319996 2.523 13
0 0 0 0
-4.934 -7.3600001 2.6719999 1
0 0 0 0
-5.3909998 -8.927 2.612 3
0 0 0 0
0 0 0 0
-0.51999998 -0.94499999 0.243 0
0 0 0 0
0 0 0 0
0 0 0 0
-0.52100003 -1.003 0.25600001 0
-0.523 -0.96399999 0.27599999 0
0 0 0 0
-0.59299999 -1.024 0.35800001 0
-0.47600001 -0.97299999 0.24600001 3
-0.50599998 -0.986 0.28 1
-0.52399999 -0.98199999 0.31099999 0
0 0 0 0
-0.44600001 -0.96700001 0.243 5
-0.47099999 -0.97299999 0.27399999 3
-0.493 -0.97500002 0.30599999 2
-0.52100003 -0.99800003 0.34099999 0
-0.41999999 -0.97100002 0.243 4
-0.442 -0.96899998 0.271 3
-0.46399999 -0.972 0.30199999 2
-0.48300001 -0.97500002 0.33000001 2
-0.391 -0.96799999 0.241 4
-0.41499999 -0.97000003 0.27000001 3
-0.43700001 -0.97100002 0.29899999 3
-0.45699999 -0.97600001 0.32699999 3
-0.354 -0.94 0.233 1
-0.38699999 -0.96700001 0.26699999 4
-0.40700001 -0.96100003 0.294 3
-0.428 -0.96799999 0.322 2
-0.338 -0.96799999 0.23999999 0
-0.34900001 -0.93199998 0.25600001 0
-0.384 -0.96799999 0.294 4
-0.403 -0.96700001 0.31900001 3
-0.333 -1.029 0.25400001 0
-0.34099999 -0.97899997 0.26800001 0
-0.34400001 -0.926 0.27900001 0
-0.375 -0.95999998 0.31299999 3
-0.322 -1.0829999 0.26699999 0
-0.33500001 -1.038 0.28299999 0
-0.33899999 -0.97899997 0.29300001 0
-0.347 -0.94800001 0.30700001 0
0 0 0 0
-0.32499999 -1.094 0.29699999 0
-0.33500001 -1.0420001 0.31 0
-0.34 -0.99699998 0.32100001 0
-0.245 -0.99699998 0.245 0
0 0 0 0
-0.32600001 -1.098 0.32499999 0
-0.329 -1.0369999 0.331 0
0 0 0 0
-0.24699999 -0.99699998 0.26899999 0
0 0 0 0
-0.32600001 -1.11 0.352 0
0 0 0 0
0 0 0 0
-0.24699999 -0.995 0.292 0
-2.3199999 -8.599 2.7160001 25
-1.9630001 -11.372 2.806 3
0 0 0 0
0 0 0 0
0 0 0 0
-1.688 -11.378 2.813 3
-1.825 -10.37 2.79 2
0 0 0 0
0 0 0 0
-1.418 -11.378 2.819 3
-1.5829999 -10.384 2.7920001 2
-1.704 -9.5299997 2.773 3
0 0 0 0
-1.146 -11.359 2.823 3
-1.342 -10.4 2.7969999 3
-1.492 -9.573 2.779 3
-1.581 -8.8889999 2.7520001 4
-0.87199998 -11.316 2.823 3
-1.103 -10.42 2.8039999 3
-1.281 -9.6429996 2.7950001 3
-1.385 -8.9250002 2.753 4
-0.60399997 -11.315 2.835 3
-0.86199999 -10.441 2.8139999 2
-1.062 -9.658 2.796 3
-1.193 -8.9969997 2.766 4
-0.338 -11.278 2.8380001 2
-0.61900002 -10.423 2.8150001 3
-0.84500003 -9.6780005 2.799 2
-0.99699998 -9.0349998 2.7690001 4
-0.071999997 -11.192 2.8329999 4
-0.38 -10.404 2.816 3
-0.625 -9.6590004 2.793 3
-0.79799998 -9.0539999 2.7679999 4
0.18700001 -11.16 2.8410001 3
-0.142 -10.388 2.819 2
-0.40900001 -9.698 2.8039999 3
-0.602 -9.1049995 2.777 4
0.44299999 -11.108 2.845 3
0.093999997 -10.357 2.8199999 3
-0.192 -9.7019997 2.806 4
-0.40200001 -9.1300001 2.78 3
0.69700003 -10.997 2.836 1
0.33000001 -10.32 2.8199999 3
0.024 -9.7220001 2.8150001 3
-0.20100001 -9.1470003 2.7809999 4
0.86199999 -9.9429998 2.5829999 1
0.56300002 -10.231 2.809 7
0.244 -9.7130003 2.8169999 4
0.003 -9.1669998 2.786 3
1.201 -10.886 2.8510001 3
0.72500002 -9.2910004 2.563 1
0.45899999 -9.6610003 2.8069999 3
0.206 -9.1960001 2.7939999 4
1.444 -10.774 2.8469999 3
1.029 -10.184 2.8239999 19
0.61900002 -8.8249998 2.5699999 1
0.40599999 -9.1260004 2.7720001 10
1.683 -10.675 2.846 3
1.263 -10.158 2.8340001 3
0.89600003 -9.6630001 2.822 3
0.60799998 -9.0880003 2.7620001 6
1.923 -10.597 2.852 3
1.488 -10.097 2.8340001 3
1.1109999 -9.6440001 2.825 2
0.80400002 -9.04 2.7490001 17
2.1489999 -10.465 2.8440001 4
1.707 -10.004 2.826 3
1.329 -9.6129999 2.8280001 4
1.01 -9.0740004 2.763 14
2.378 -10.36 2.846 3
1.931 -9.9490004 2.8310001 3
1.54 -9.5550003 2.822 3
1.235 -9.2139997 2.8110001 4
2.6010001 -10.238 2.845 4
2.1500001 -9.8500004 2.8269999 3
1.755 -9.5159998 2.825 4
1.442 -9.191 2.8099999 6
2.8239999 -10.135 2.849 3
2.3610001 -9.7480001 2.8210001 3
1.9680001 -9.4619999 2.8239999 4
1.651 -9.1820002 2.8150001 5
3.0280001 -9.9689999 2.8369999 5
2.576 -9.6730003 2.823 3
2.181 -9.4180002 2.8269999 3
1.8559999 -9.151 2.8139999 4
3.24 -9.849 2.839 4
2.786 -9.573 2.8210001 4
2.3889999 -9.3559999 2.825 3
2.063 -9.1160002 2.8139999 4
3.447 -9.7290001 2.8410001 4
2.987 -9.4659996 2.8169999 3
2.598 -9.3059998 2.8280001 4
2.2639999 -9.0690002 2.8099999 3
3.654 -9.6090002 2.845 2
3.2049999 -9.4069996 2.829 3
2.7950001 -9.198 2.8169999 4
2.47 -9.0290003 2.8099999 5
3.8929999 -9.5690002 2.8759999 1
3.4130001 -9.3190002 2.8329999 3
3 -9.1300001 2.8180001 4
2.6819999 -8.9969997 2.816 4
4.0450001 -9.3179998 2.8440001 3
2.839 -7.2329998 2.2260001 1
3.217 -9.0830002 2.8280001 4
2.8840001 -8.9370003 2.813 4
4.2329998 -9.1739998 2.8440001 3
3.8380001 -9.1569996 2.8529999 1
3.4130001 -8.9899998 2.8239999 3
3.0899999 -8.8830004 2.8139999 3
4.4120002 -9.0159998 2.8399999 3
3.997 -8.9619999 2.8280001 3
2.8929999 -7.132 2.2609999 3
3.3039999 -8.8540001 2.823 4
4.5910001 -8.8629999 2.839 4
4.184 -8.8380003 2.826 3
2.8 -6.48 2.075 0
2.8570001 -7.1669998 2.3010001 3
4.757 -8.6990004 2.835 4
4.3649998 -8.7110004 2.823 4
4.006 -8.7259998 2.8239999 3
2.743 -6.4530001 2.0880001 2
4.941 -8.5690002 2.8429999 3
4.5510001 -8.5869999 2.8239999 4
4.204 -8.6370001 2.826 3
3.914 -8.6590004 2.826 3
5.0879998 -8.3809996 2.832 3
4.717 -8.4300003 2.816 4
4.401 -8.5380001 2.829 4
4.1160002 -8.5760002 2.826 5
5.243 -8.2040005 2.829 3
4.908 -8.3199997 2.8239999 4
4.5879998 -8.4280005 2.8269999 4
4.3140001 -8.4919996 2.8239999 6
5.3829999 -8.0190001 2.8199999 3
5.0780001 -8.1800003 2.823 4
4.7620001 -8.2919998 2.819 4
4.5120001 -8.4060001 2.8239999 5
5.5430002 -7.8660002 2.825 3
5.2350001 -8.0240002 2.816 3
4.9419999 -8.1730003 2.8169999 3
4.7020001 -8.3030005 2.8199999 5
5.6739998 -7.6820002 2.8169999 3
5.3909998 -7.869 2.8110001 3
5.118 -8.052 2.8139999 3
4.902 -8.2180004 2.823 4
5.822 -7.5219998 2.819 4
5.5430002 -7.7119999 2.806 3
5.3080001 -7.9439998 2.819 3
5.0949998 -8.1169996 2.822 4
5.9089999 -7.289 2.796 4
5.6900001 -7.552 2.802 3
5.4660001 -7.7930002 2.8099999 3
5.2810001 -8.0019999 2.819 4
5.776 -6.8049998 2.6730001 5
5.8639998 -7.4229999 2.812 4
5.6240001 -7.6409998 2.802 3
5.4759998 -7.8979998 2.8210001 4
5.7509999 -6.4759998 2.6059999 11
5.7950001 -7.006 2.7090001 4
5.8010001 -7.52 2.806 3
5.6630001 -7.7820001 2.8199999 3
6.3130002 -6.7930002 2.8039999 2
5.6919999 -6.5739999 2.5969999 10
5.8499999 -7.2340002 2.7490001 4
5.842 -7.6560001 2.816 4
6.4169998 -6.6030002 2.7980001 6
5.809 -6.4099998 2.5910001 1
5.7350001 -6.7729998 2.6229999 8
5.8590002 -7.3249998 2.7379999 4
6.3979998 -6.2969999 2.7409999 9
6.4130001 -6.7659998 2.7980001 4
5.7690001 -6.507 2.5710001 3
5.8109999 -6.9349999 2.6370001 9
6.2880001 -5.9200001 2.648 1
6.3930001 -6.4460001 2.733 14
6.415 -6.914 2.789 5
5.73 -6.527 2.527 7
6.3169999 -5.6869998 2.618 9
6.421 -6.1890001 2.6900001 2
6.414 -6.6030002 2.7219999 12
6.5019999 -7.073 2.79 10
6.276 -5.401 2.563 8
6.3130002 -5.8150001 2.596 10
6.381 -6.277 2.648 11
6.447 -6.6960001 2.694 10
6.2670002 -5.1560001 2.523 3
6.27 -5.5209999 2.533 9
6.2880001 -5.9089999 2.5539999 2
6.4039998 -6.3530002 2.6099999 13
1.027 -0.80699998 0.40799999 1
6.23 -5.2420001 2.474 12
6.289 -5.6459999 2.5009999 10
6.3319998 -5.9990001 2.5190001 1
1.071 -0.80400002 0.41999999 1
6.2059999 -4.9879999 2.425 5
6.2379999 -5.3499999 2.4319999 10
6.309 -5.7080002 2.4530001 11
6.1329999 -4.3959999 2.3770001 5
1.059 -0.81300002 0.40700001 1
6.1999998 -5.0770001 2.372 11
6.2719998 -5.415 2.3840001 8
1.1670001 -0.79799998 0.447 1
1.097 -0.80299997 0.41600001 1
6.1550002 -4.8099999 2.312 12
6.2160001 -5.1209998 2.313 13
6.059 -3.951 2.2969999 8
1.149 -0.80199999 0.42899999 1
6.1729999 -4.599 2.279 2
6.177 -4.8520002 2.2520001 10
6.0320001 -3.7449999 2.2650001 10
6.0510001 -4.0250001 2.234 6
1.1339999 -0.80500001 0.412 1
6.1389999 -4.5970001 2.1949999 10
5.9889998 -3.536 2.2279999 9
6.0240002 -3.8150001 2.1960001 9
1.17 -0.79100001 0.41800001 1
6.1170001 -4.3639998 2.1470001 8
5.9699998 -3.3510001 2.2019999 8
5.9889998 -3.6059999 2.158 10
6.0289998 -3.8800001 2.1240001 4
1.168 -0.792 0.40200001 1
5.934 -3.1619999 2.1719999 10
5.9510002 -3.404 2.1210001 9
6.0009999 -3.671 2.0840001 12
1.229 -0.79299998 0.41600001 1
5.8979998 -2.9779999 2.142 11
5.9349999 -3.22 2.0929999 11
5.9689999 -3.467 2.0450001 12
1.266 -0.77600002 0.42199999 1
5.8940001 -2.8150001 2.1259999 7
5.9190001 -3.0420001 2.0669999 16
5.9349999 -3.267 2.0079999 11
5.9910002 -3.484 1.966 7
5.8600001 -2.6429999 2.0999999 11
5.8899999 -2.8629999 2.0380001 16
5.9369998 -3.0929999 1.984 14
5.947 -3.2739999 1.923 11
5.835 -2.4790001 2.079 8
5.8670001 -2.6900001 2.013 14
5.8959999 -2.902 1.948 16
5.9190001 -3.0810001 1.887 12
1.757 -0.70200002 0.62300003 2
5.835 -2.5179999 1.9859999 9
5.8600001 -2.7190001 1.915 17
5.9109998 -2.904 1.859 14
5.7870002 -2.165 2.0409999 72
5.8210001 -2.3599999 1.967 15
5.836 -2.5469999 1.888 18
5.8860002 -2.7219999 1.8279999 17
5.757 -2.0120001 2.0220001 90
1.831 -0.69400001 0.61400002 2
5.8309999 -2.3870001 1.868 15
5.849 -2.54 1.795 18
5.744 -1.868 2.01 98
5.7490001 -2.0350001 1.9170001 55
5.7849998 -2.2130001 1.837 9
5.8429999 -2.3770001 1.772 16
2.391 -0.72000003 0.83399999 3
5.744 -1.89 1.904 104
1.96 -0.699 0.61699998 0
5.8099999 -2.2060001 1.743 16
2.418 -0.671 0.83999997 15
5.7220001 -1.742 1.887 102
1.9960001 -0.66000003 0.62400001 2
5.7709999 -2.0380001 1.714 15
2.404 -0.611 0.83399999 4
2.5239999 -0.70599997 0.82800001 0
5.7199998 -1.748 1.774 97
5.7680001 -1.885 1.697 11
2.4260001 -0.56099999 0.83899999 15
2.562 -0.65600002 0.83700001 14
5.7020001 -1.601 1.757 97
2.1429999 -0.64499998 0.625 0
2.421 -0.50400001 0.83600003 17
2.55 -0.59200001 0.82999998 4
5.6789999 -1.4529999 1.739 95
5.6939998 -1.569 1.647 94
2.4549999 -0.456 0.847 14
2.5550001 -0.53299999 0.829 13
2.573 -0.59600002 0.78399998 5
5.678 -1.42 1.63 102
5.619 -0.92000002 1.937 101
2.5699999 -0.477 0.83200002 15
2.572 -0.53299999 0.77899998 6
2.566 -0.57800001 0.73100001 5
5.6009998 -0.79299998 1.9299999 106
2.631 -0.42699999 0.84899998 9
2.7639999 -0.50700003 0.83399999 16
2.994 -0.60100001 0.84799999 9
5.5819998 -0.667 1.924 103
5.6040001 -0.78200001 1.806 96
2.7709999 -0.442 0.833 15
2.9809999 -0.52499998 0.83999997 6
5.5619998 -0.542 1.918 104
5.5799999 -0.653 1.796 94
2.8770001 -0.391 0.86199999 5
3.0090001 -0.45699999 0.84299999 12
5.5419998 -0.41999999 1.913 104
5.559 -0.523 1.788 93
5.5780001 -0.62800002 1.6670001 90
3.0409999 -0.38699999 0.84799999 10
5.5219998 -0.29800001 1.909 101
5.5349998 -0.396 1.78 94
5.5580001 -0.49599999 1.658 90
5.5700002 -0.57599998 1.548 93
5.4959998 -0.177 1.903 103
5.5100002 -0.27000001 1.772 92
5.5359998 -0.36500001 1.649 90
5.5489998 -0.44100001 1.538 100
5.401 -0.057 1.874 19
5.4860001 -0.148 1.765 92
5.5040002 -0.236 1.637 90
5.52 -0.30899999 1.525 100
5.4229999 0.057999998 1.885 75
5.23 -0.024 1.684 5
5.4650002 -0.108 1.625 90
5.4920001 -0.177 1.5140001 99
5.4159999 0.17399999 1.888 98
5.4159999 0.096000001 1.747 91
5.4239998 0.017000001 1.612 29
5.243 -0.043000001 1.444 9
5.3940001 0.28999999 1.886 99
5.4000001 0.21699999 1.7460001 89
5.415 0.142 1.6109999 87
5.421 0.083999999 1.492 96
5.3839998 0.40799999 1.891 99
5.3899999 0.338 1.747 89
5.3940001 0.26800001 1.607 88
5.4050002 0.213 1.488 96
5.368 0.523 1.893 98
5.3720002 0.458 1.747 89
5.3829999 0.39300001 1.6059999 87
5.388 0.34200001 1.484 95
5.3520002 0.63700002 1.895 99
5.3590002 0.57800001 1.748 88
5.3610001 0.51599997 1.603 86
5.369 0.47 1.48 96
5.336 0.75099999 1.898 99
5.3379998 0.69599998 1.748 97
5.342 0.63800001 1.602 86
5.3530002 0.59600002 1.478 95
5.3200002 0.866 1.902 98
5.3130002 0.81300002 1.747 88
5.3260002 0.76300001 1.603 87
5.3369999 0.72299999 1.477 109
5.2989998 0.98100001 1.906 99
5.303 0.93300003 1.753 87
5.3179998 0.88800001 1.607 90
5.309 0.84899998 1.474 103
5.2810001 1.095 1.91 97
5.289 1.054 1.757 93
5.2909999 1.01 1.6059999 86
5.3000002 0.98000002 1.478 96
5.2610002 1.211 1.9170001 97
5.2649999 1.173 1.76 89
5.2779999 1.137 1.6109999 89
5.277 1.107 1.478 95
5.2379999 1.325 1.921 99
5.2490001 1.294 1.767 92
5.2509999 1.2589999 1.612 86
5.2490001 1.234 1.478 96
5.2360001 1.4450001 1.9349999 99
5.2270002 1.414 1.771 89
5.2340002 1.383 1.6160001 87
5.2410002 1.363 1.483 97
5.2119999 1.558 1.9400001 97
5.198 1.53 1.774 90
5.2220001 1.51 1.624 87
5.2220001 1.494 1.488 96
5.1960001 1.675 1.95 98
5.1999998 1.658 1.788 90
5.2010002 1.636 1.6289999 87
5.1999998 1.623 1.492 96
5.1789999 1.794 1.96 101
5.177 1.779 1.796 90
5.1760001 1.762 1.635 99
5.191 1.758 1.501 99
5.158 1.9119999 1.97 99
5.1599998 1.905 1.807 90
1.567 0.57499999 0.5 14
1.6109999 0.58899999 0.47 4
5.1389999 2.033 1.982 99
1.45 0.57200003 0.51300001 33
1.475 0.57999998 0.47499999 28
1.484 0.58399999 0.43700001 25
3.688 1.552 1.437 8
1.411 0.59399998 0.50400001 3
1.4220001 0.59799999 0.46200001 42
1.408 0.59399998 0.419 64
3.671 1.637 1.4450001 8
3.6700001 1.641 1.324 8
3.6789999 1.649 1.209 8
3.6659999 1.649 1.103 10
3.651 1.723 1.4529999 6
3.6559999 1.735 1.334 8
3.6570001 1.742 1.216 9
3.6530001 1.751 1.112 9
3.6359999 1.813 1.464 7
3.6400001 1.8279999 1.344 7
3.6340001 1.836 1.223 8
3.6470001 1.857 1.124 6
3.605 1.895 1.4680001 3
3.6070001 1.914 1.349 7
3.632 1.943 1.238 8
1.29 0.69700003 0.403 1
3.609 1.999 1.489 6
3.598 2.016 1.364 8
3.609 2.0409999 1.248 8
3.6110001 2.0650001 1.145 6
3.5829999 2.086 1.498 3
3.582 2.1129999 1.376 7
3.5929999 2.145 1.26 7
3.589 2.1689999 1.155 6
3.566 2.181 1.512 1
3.569 2.214 1.391 6
3.582 2.2509999 1.275 7
3.579 2.2809999 1.169 7
3.575 2.2920001 1.536 0
3.5539999 2.316 1.406 6
3.566 2.3599999 1.29 7
3.569 2.398 1.186 6
4.9549999 3.3299999 2.161 70
3.5420001 2.4230001 1.423 7
3.536 2.46 1.301 7
3.539 2.5050001 1.197 6
4.927 3.467 2.1819999 91
3.5220001 2.5280001 1.439 6
3.5250001 2.576 1.319 7
3.5020001 2.608 1.207 3
4.9159999 3.6199999 2.2119999 25
3.51 2.642 1.46 7
3.493 2.6819999 1.3329999 3
3.4879999 2.7309999 1.226 3
4.8959999 3.773 2.2420001 26
3.494 2.7539999 1.479 5
3.473 2.7980001 1.351 2
3.464 2.8510001 1.244 3
4.8590002 3.914 2.263 28
3.4549999 2.8529999 1.492 1
3.431 2.8989999 1.362 3
4.8280001 4.1729999 1.772 26
4.8410001 4.073 2.2950001 31
4.8200002 4.1630001 2.1210001 26
4.8210001 4.2680001 1.955 26
4.8060002 4.3600001 1.804 26
4.7410002 4.1669998 2.29 30
4.8080001 4.3449998 2.1600001 26
4.796 4.4499998 1.988 27
1.206 1.148 0.463 1
4.6220002 4.244 2.277 29
4.7779999 4.5170002 2.1930001 27
4.7690001 4.6389999 2.0239999 27
1.147 1.146 0.45199999 20
4.5209999 4.335 2.2739999 30
4.7449999 4.6919999 2.227 30
4.7410002 4.8319998 2.063 27
0.85399997 0.89600003 0.34599999 60
4.4390001 4.4460001 2.2809999 29
0.88300002 0.91399997 0.42399999 15
0.83700001 0.89399999 0.373 49
0.824 0.90799999 0.34299999 14
0.86199999 0.90100002 0.45199999 37
0.82599998 0.89399999 0.40700001 10
0.80800003 0.90499997 0.37099999 8
1 1.156 0.42899999 3
0.80900002 0.884 0.435 9
0.78500003 0.889 0.396 9
0.97100002 1.1390001 0.458 0
0.94300002 1.145 0.417 1
0.764 0.87099999 0.41999999 10
0.74699998 0.88499999 0.38699999 6
0.91600001 1.128 0.44499999 22
4.8130002 6.1399999 2.197 1
0.73100001 0.87199998 0.41299999 14
0.713 0.88599998 0.38100001 0
0.86699998 1.1210001 0.435 9
0.917 1.23 0.433 1
0.699 0.87099999 0.405 15
4.039 5.2519999 2.221 4
0.829 1.124 0.42899999 8
0.866 1.222 0.42399999 9
0.66799998 0.87 0.398 16
3.901 5.3179998 2.2119999 31
0.671 0.95599997 0.359 9
0.59399998 0.884 0.30199999 13
0.639 0.87199998 0.39199999 14
0 0 0 0
0.588 0.88099998 0.32600001 16
0.48199999 0.755 0.255 8
0.61000001 0.87199998 0.38600001 14
0.58399999 0.87699997 0.35299999 12
0.31900001 0.50300002 0.184 8
0.30899999 0.51099998 0.17 9
0.56099999 0.83999997 0.366 21
0.31200001 0.493 0.19599999 8
0.30000001 0.49900001 0.18000001 8
0.29100001 0.509 0.167 9
0.30899999 0.48500001 0.208 9
0.29499999 0.48899999 0.192 8
0 0 0 0
0 0 0 0
0 0 0 0
0 0 0 0
0.26499999 0.49200001 0.17299999 8
0.259 0.509 0.164 8
0.28 0.486 0.20299999 9
0.26499999 0.48899999 0.18700001 7
0 0 0 0
0 0 0 0
0 0 0 0
0 0 0 0
0.236 0.493 0.17 7
0.23 0.51099998 0.162 7
0.24699999 0.47600001 0.19400001 8
0.235 0.48500001 0.18099999 7
0 0 0 0
0 0 0 0
0 0 0 0
0 0 0 0
0.207 0.48800001 0.16500001 7
0.197 0.50199997 0.156 6
0.22 0.472 0.18799999 8
0.208 0.48199999 0.177 7
0 0 0 0
0 0 0 0
0 0 0 0
0 0 0 0
0.18000001 0.48699999 0.163 6
0.17 0.50400001 0.155 5
0.19400001 0.46900001 0.183 7
0.18000001 0.477 0.17200001 6
0 0 0 0
0 0 0 0
0 0 0 0
0 0 0 0
0.154 0.486 0.16 6
0.14399999 0.505 0.154 4
0.169 0.46599999 0.178 7
0.156 0.479 0.17 6
0 0 0 0
0 0 0 0
0 0 0 0
0 0 0 0
0.12899999 0.48500001 0.15800001 5
0.117 0.50099999 0.152 5
0.145 0.463 0.17399999 7
0.131 0.47499999 0.167 6
0 0 0 0
0 0 0 0
0 0 0 0
0 0 0 0
0.104 0.47999999 0.156 5
0.090999998 0.49599999 0.15000001 3
0.122 0.461 0.171 7
0.108 0.47499999 0.16500001 5
0 0 0 0
0 0 0 0
0 0 0 0
0 0 0 0
0.079999998 0.47799999 0.154 5
0.067000002 0.49700001 0.15099999 4
0.098999999 0.45500001 0.16599999 6
0.086000003 0.47400001 0.163 5
0 0 0 0
0 0 0 0
0 0 0 0
0 0 0 0
0.057 0.477 0.154 5
0.041999999 0.493 0.15000001 4
0.079000004 0.45899999 0.16599999 6
0.063000001 0.46900001 0.16 5
0 0 0 0
0 0 0 0
0 0 0 0
0 0 0 0
0.034000002 0.47400001 0.153 5
0.017999999 0.49399999 0.15099999 4
0.057 0.45199999 0.162 6
0.041000001 0.46900001 0.16 5
0 0 0 0
0 0 0 0
0 0 0 0
0 0 0 0
0.012 0.47799999 0.154 5
-0.0040000002 0.491 0.15099999 4
0 0 0 0
0.02 0.46900001 0.15899999 5
0 0 0 0
0 0 0 0
0 0 0 0
0 0 0 0
-0.0089999996 0.46900001 0.152 4
-0.028000001 0.48899999 0.152 4
0.016000001 0.454 0.161 6
-0.001 0.461 0.15700001 4
0 0 0 0
0 0 0 0
0 0 0 0
0 0 0 0
-0.030999999 0.46799999 0.153 4
0 0 0 0
-0.003 0.44999999 0.15899999 6
-0.022 0.456 0.156 4
0 0 0 0
0 0 0 0
0 0 0 0
0 0 0 0
-0.052000001 0.456 0.15099999 4
0 0 0 0
-0.023 0.447 0.15800001 6
-0.043000001 0.45699999 0.15700001 4
0 0 0 0
-0.22400001 1.258 0.40599999 25
0 0 0 0
0 0 0 0
-0.197 1.22 0.40799999 0
-0.252 1.242 0.405 4
-0.043000001 0.44499999 0.15800001 6
0 0 0 0
-0.219 1.1849999 0.39899999 28
-0.27900001 1.227 0.40400001 5
0 0 0 0
0 0 0 0
-0.252 1.202 0.40799999 5
-0.31 1.225 0.40700001 5
0 0 0 0
-0.22 1.168 0.40700001 4
-0.278 1.186 0.40599999 4
-0.43399999 1.559 0.52399999 1
-0.23800001 1.426 0.50800002 4
-0.248 1.169 0.41 5
-0.30700001 1.1849999 0.40900001 5
0 0 0 0
-0.27599999 1.447 0.51700002 1
-0.278 1.176 0.41499999 3
-0.34999999 1.2309999 0.428 0
-0.38999999 1.182 0.40700001 2
-0.31400001 1.465 0.52499998 8
-0.30599999 1.175 0.417 3
0 0 0 0
-0.41499999 1.166 0.40599999 0
-0.34999999 1.471 0.52899998 0
-0.29899999 1.051 0.37599999 0
-0.38499999 1.148 0.40700001 3
-1.816 4.7420001 1.675 6
-0.38499999 1.469 0.53100002 5
0 0 0 0
-0.41 1.137 0.40799999 1
-1.932 4.7080002 1.687 5
-0.28799999 1.006 0.36500001 0
-0.377 1.125 0.40900001 3
0 0 0 0
-2.0599999 4.6999998 1.71 5
0 0 0 0
-0.40200001 1.112 0.40799999 2
0 0 0 0
-0.59200001 1.268 0.46900001 11
-0.37400001 1.1109999 0.40900001 6
0 0 0 0
-2.0869999 4.7150002 1.757 7
-0.62699997 1.265 0.47499999 0
-0.39899999 1.1 0.40700001 2
0 0 0 0
-0.59799999 1.27 0.47999999 6
-2.4489999 4.6599998 1.78 5
0 0 0 0
-2.076 4.6960001 1.776 6
-0.63200003 1.266 0.48500001 1
-2.572 4.6279998 1.799 5
0 0 0 0
-0.59799999 1.273 0.48699999 4
-2.056 3.888 1.512 13
-2.6789999 4.5650001 1.807 20
-2.0840001 4.7049999 1.786 5
-0.62199998 1.248 0.48300001 2
-2.582 4.6199999 1.825 6
-2.753 4.4510002 1.796 100
-0.60000002 1.275 0.48800001 3
-2.039 3.8659999 1.516 14
-2.6989999 4.5749998 1.837 19
-2.8859999 4.4310002 1.823 97
-1.9529999 3.9130001 1.515 44
-2.5780001 4.6240001 1.8380001 6
-2.7620001 4.4439998 1.8150001 100
-3.0669999 4.4759998 1.88 101
-2.0510001 3.882 1.52 13
-2.691 4.5749998 1.845 19
-2.888 4.4159999 1.836 95
-3.296 4.579 1.964 99
-2.5829999 4.6269999 1.8329999 5
-2.7520001 4.441 1.817 98
-3.0710001 4.4689999 1.892 150
-3.3940001 4.4949999 1.969 54
-2.6889999 4.5700002 1.831 21
-2.8840001 4.4250002 1.839 106
-3.3050001 4.5780001 1.976 93
-3.4879999 4.402 1.973 38
-2.76 4.4510002 1.806 99
-3.0680001 4.4790001 1.892 150
-3.4089999 4.4980001 1.982 57
-3.5320001 4.2509999 1.951 56
-2.8940001 4.4349999 1.825 104
-3.2939999 4.5770001 1.967 97
-3.5 4.4039998 1.9809999 41
-3.5039999 4.0250001 1.893 54
-3.099 4.5159998 1.886 100
-3.395 4.494 1.967 59
-3.5510001 4.2620001 1.959 58
0 0 0 0
-3.2980001 4.5749998 1.9400001 101
-3.4809999 4.3930001 1.96 42
-3.5139999 4.026 1.893 58
0 0 0 0
-3.4030001 4.4959998 1.938 46
-3.5339999 4.2540002 1.9349999 59
0 0 0 0
0 0 0 0
-3.4849999 4.388 1.924 44
-3.507 4.0279999 1.8710001 61
0 0 0 0
0 0 0 0
-3.5380001 4.2480001 1.897 53
0 0 0 0
0 0 0 0
0 0 0 0
-3.503 4.0110002 1.826 58
0 0 0 0
0 0 0 0
0 0 0 0
0 0 0 0
0 0 0 0
0 0 0 0
0 0 0 0
0 0 0 0
0 0 0 0
0 0 0 0
0 0 0 0
0 0 0 0
0 0 0 0
0 0 0 0
-3.352 2.5350001 1.557 10
0 0 0 0
0 0 0 0
0 0 0 0
-3.3199999 2.3929999 1.523 9
0 0 0 0
0 0 0 0
0 0 0 0
-3.3699999 2.3139999 1.529 10
0 0 0 0
0 0 0 0
-3.329 2.3889999 1.498 9
-3.359 2.1960001 1.508 10
0 0 0 0
-3.3469999 2.5209999 1.485 9
-3.3800001 2.3110001 1.502 9
-3.3329999 2.072 1.482 10
0 0 0 0
-3.3239999 2.3840001 1.452 9
-3.3540001 2.1819999 1.472 10
-3.3139999 1.9579999 1.46 10
-3.3410001 2.497 1.423 9
-3.362 2.2950001 1.447 10
-3.3469999 2.069 1.452 10
-3.3010001 1.851 1.442 10
-3.3199999 2.3599999 1.39 9
-3.345 2.1719999 1.419 10
-3.313 1.944 1.4220001 9
-3.2820001 1.743 1.423 9
-3.3699999 2.2780001 1.387 9
-3.322 2.0480001 1.391 10
-3.3039999 1.839 1.404 9
-3.2739999 1.645 1.409 9
-3.345 2.148 1.355 10
-3.306 1.933 1.367 10
-3.2820001 1.73 1.382 9
-3.244 1.539 1.387 9
-3.319 2.0220001 1.325 10
-3.296 1.826 1.347 9
-3.27 1.6289999 1.365 9
-3.23 1.4450001 1.373 9
-3.3069999 1.909 1.301 8
-3.276 1.716 1.324 9
-3.2509999 1.527 1.346 9
-3.21 1.349 1.357 8
-3.2850001 1.794 1.275 9
-3.2539999 1.61 1.302 9
-3.24 1.432 1.332 9
-3.21 1.265 1.351 1
-3.2750001 1.688 1.255 9
-3.2379999 1.5089999 1.283 12
-3.198 1.327 1.306 8
-5.2160001 1.923 2.1860001 39
-3.253 1.58 1.233 9
-3.2290001 1.414 1.268 9
-5.3839998 2.092 2.1860001 23
-5.2470002 1.801 2.1919999 42
-3.243 1.4809999 1.215 9
-3.201 1.314 1.247 12
-5.4359999 1.971 2.1949999 36
-5.2600002 1.675 2.1900001 42
-3.2149999 1.376 1.192 9
-5.645 2.165 2.1819999 37
-5.4679999 1.842 2.197 37
-5.2789998 1.552 2.1930001 42
-3.2019999 1.2819999 1.176 7
-5.6939998 2.0320001 2.1860001 37
-5.4879999 1.711 2.1949999 39
-5.3070002 1.432 2.2 43
-5.9640002 2.224 2.171 30
-5.7410002 1.899 2.1900001 36
-5.5240002 1.584 2.2019999 39
-5.3119998 1.307 2.1989999 38
-6.0120001 2.079 2.1700001 29
-5.7909999 1.768 2.197 25
-5.5549998 1.457 2.207 38
-4.277 0.95200002 1.768 4
-6.085 1.943 2.1800001 30
-5.8099999 1.625 2.1930001 41
-5.5710001 1.327 2.2079999 37
-4.48 0.89300001 1.851 7
-6.1329999 1.798 2.1819999 30
-1.834 0.46700001 0.68900001 23
-1.902 0.40700001 0.75199997 1
-1.978 0.34900001 0.81699997 0
-1.831 0.48899999 0.64700001 24
-1.862 0.428 0.69700003 30
-1.937 0.36899999 0.76499999 32
-1.9809999 0.30399999 0.81900001 33
-1.847 0.44600001 0.64999998 54
-1.899 0.38999999 0.708 38
-1.957 0.32699999 0.77200001 45
-2.007 0.26199999 0.82999998 37
-1.891 0.41 0.662 12
-1.946 0.35299999 0.72399998 30
-1.985 0.285 0.78200001 43
-2.0369999 0.221 0.84399998 43
-6.2979999 1.207 2.1949999 30
-1.992 0.31400001 0.74000001 3
-2.026 0.244 0.79799998 13
-2.155 0.185 0.89399999 80
-5.0760002 0.847 1.763 5
-5 0.66799998 1.854 18
-5.652 0.55299997 2.2290001 39
-2.1040001 0.134 0.875 16
-5.2989998 0.75400001 1.835 4
-5.6890001 0.625 2.1070001 27
-5.6570001 0.42399999 2.233 38
-1.948 0.082000002 0.81199998 47
-3.8039999 0.44800001 1.314 3
-6.0029998 0.51899999 2.223 37
-1.994 0.104 0.78799999 23
-1.906 0.037999999 0.79699999 57
-3.8369999 0.359 1.323 0
-6.0100002 0.377 2.2260001 36
-1.916 0.056000002 0.759 47
-1.882 -0.003 0.79000002 57
-6.414 0.44499999 2.211 30
-1.9349999 0.075999998 0.71700001 54
-1.8890001 0.013 0.75 54
-1.858 -0.044 0.78299999 71
-1.957 0.088 0.67400002 43
-1.8890001 0.029999999 0.70099998 54
-1.87 -0.028999999 0.745 62
-1.865 -0.085000001 0.79000002 60
-1.895 0.039000001 0.653 55
-1.87 -0.013 0.69499999 60
-1.8609999 -0.07 0.74400002 63
-1.888 -0.12800001 0.80299997 63
-1.873 -0.0049999999 0.64600003 56
-1.858 -0.056000002 0.69199997 63
-1.87 -0.113 0.75 62
-1.927 -0.17299999 0.824 54
-1.8559999 -0.050000001 0.64099997 61
-1.867 -0.1 0.69800001 64
-1.908 -0.15899999 0.76899999 59
-1.9579999 -0.21799999 0.84200001 58
-1.859 -0.094999999 0.64399999 56
-1.887 -0.146 0.708 56
-1.955 -0.207 0.792 47
-1.822 -0.244 0.78799999 35
-1.886 -0.142 0.65499997 54
-1.934 -0.19499999 0.72899997 52
-1.813 -0.233 0.73799998 34
-1.84 -0.287 0.801 4
-1.924 -0.192 0.671 52
-1.7920001 -0.223 0.67799997 32
-1.821 -0.27700001 0.74599999 11
-5.1529999 -0.92000002 2.26 44
-1.7690001 -0.219 0.61900002 34
-5.9169998 -0.87800002 2.253 23
-5.507 -0.96399999 2.2709999 39
-5.1339998 -1.033 2.2679999 42
-6.4000001 -0.95200002 2.2520001 29
-5.9159999 -1.0190001 2.2650001 36
-5.4809999 -1.087 2.2750001 38
-5.0970001 -1.141 2.2690001 47
-6.3660002 -1.1059999 2.253 29
-5.895 -1.158 2.2720001 37
-5.4530001 -1.21 2.2809999 41
-5.0599999 -1.248 2.2709999 47
-6.3579998 -1.263 2.2639999 27
-5.8649998 -1.295 2.276 37
-5.4130001 -1.329 2.2820001 36
-5.0229998 -1.3559999 2.2750001 50
-6.3130002 -1.414 2.2639999 29
-5.8260002 -1.4299999 2.2780001 38
-5.3829999 -1.451 2.2880001 36
-4.9850001 -1.462 2.2780001 47
-6.2729998 -1.566 2.267 30
-5.7940001 -1.566 2.2850001 38
-5.3429999 -1.5700001 2.2920001 35
-4.9450002 -1.567 2.2809999 44
-6.2189999 -1.7130001 2.266 26
-5.7600002 -1.701 2.2909999 37
-5.3039999 -1.688 2.2969999 35
-4.9219999 -1.679 2.2939999 32
-6.1880002 -1.8660001 2.2750001 25
-5.7030001 -1.831 2.2909999 36
-5.2589998 -1.8049999 2.3 40
-4.8660002 -1.777 2.2909999 48
-6.1370001 -2.0150001 2.2780001 28
-5.664 -1.965 2.2969999 37
-5.2090001 -1.92 2.303 42
-4.8169999 -1.878 2.293 48
-6.098 -2.1670001 2.2869999 29
-5.6090002 -2.0929999 2.299 38
-5.158 -2.033 2.3050001 37
-4.7729998 -1.9809999 2.299 50
-6.04 -2.312 2.2909999 30
-5.5539999 -2.223 2.303 37
-5.105 -2.145 2.3080001 36
-4.7179999 -2.079 2.299 48
-5.9840002 -2.4579999 2.296 28
-5.4840002 -2.3440001 2.3010001 33
-5.053 -2.2590001 2.313 36
-4.6630001 -2.175 2.3 44
-5.921 -2.602 2.3010001 28
-5.4349999 -2.4749999 2.309 35
-4.9910002 -2.3659999 2.313 35
-4.618 -2.276 2.3069999 40
-5.8579998 -2.7449999 2.3069999 29
-5.368 -2.598 2.312 35
-4.9380002 -2.477 2.319 35
-4.559 -2.3710001 2.309 43
-5.7950001 -2.8889999 2.3150001 28
-5.3060002 -2.721 2.3169999 35
-4.8769999 -2.585 2.322 35
-4.4970002 -2.4630001 2.309 40
-5.6729999 -3.0020001 2.3 5
-5.2389998 -2.8429999 2.322 34
-4.8130002 -2.691 2.326 34
-4.4439998 -2.559 2.3139999 41
-1.931 -1.082 0.79500002 15
-1.848 -1.059 0.83099997 0
-4.7389998 -2.79 2.325 28
-4.395 -2.6589999 2.3239999 43
-1.8789999 -1.114 0.78600001 17
-1.742 -1.053 0.79699999 13
-1.682 -1.0420001 0.83899999 0
-4.3639998 -2.77 2.3429999 39
-1.852 -1.16 0.78899997 17
-1.704 -1.085 0.792 16
-1.5829999 -1.03 0.80199999 12
0 0 0 0
-1.809 -1.1950001 0.78500003 11
-1.674 -1.122 0.792 15
-1.5420001 -1.053 0.79500002 14
-1.4529999 -1.012 0.80599999 11
-1.801 -1.253 0.79699999 5
-1.643 -1.1569999 0.792 13
-1.5190001 -1.0880001 0.79699999 14
-1.4 -1.02 0.79000002 13
-1.758 -1.2869999 0.79299998 17
-1.597 -1.182 0.78500003 2
-1.495 -1.122 0.79900002 15
-1.382 -1.053 0.79400003 14
-3.9030001 -3.006 1.799 77
-1.585 -1.23 0.79500002 13
-1.454 -1.143 0.792 10
-1.358 -1.081 0.79500002 16
-3.8770001 -3.138 1.827 73
-1.552 -1.2640001 0.79500002 12
-1.436 -1.181 0.79799998 3
-1.33 -1.107 0.79400003 17
-3.8610001 -3.2839999 1.862 75
-3.8659999 -3.3010001 2.023 73
-1.413 -1.216 0.80199999 17
-1.298 -1.128 0.79000002 9
-3.842 -3.431 1.898 68
-3.8410001 -3.4389999 2.0580001 75
-1.377 -1.239 0.79799998 11
-1.278 -1.16 0.79400003 3
-1.187 -1.112 0.60100001 0
-3.8199999 -3.582 2.095 75
-3.816 -3.592 2.263 63
-1.2589999 -1.193 0.80000001 15
-1.127 -1.109 0.58600003 2
-4.5819998 -4.5009999 2.576 28
-4.243 -4.1750002 2.576 24
-1.2309999 -1.217 0.79900002 16
0 0 0 0
-4.4650002 -4.5939999 2.575 27
-4.1550002 -4.276 2.585 26
-3.8599999 -3.9820001 2.5639999 25
0 0 0 0
-1.006 -1.085 0.59600002 2
-4.0479999 -4.3559999 2.5829999 25
-3.773 -4.0630002 2.5669999 25
-4.5960002 -5.2309999 2.6070001 3
-0.97899997 -1.1059999 0.597 2
-3.9460001 -4.441 2.586 25
-3.6860001 -4.1440001 2.5710001 25
-4.4569998 -5.3260002 2.608 4
-0.92500001 -1.095 0.57999998 0
-3.8499999 -4.5320001 2.5929999 23
-3.599 -4.2249999 2.5769999 25
-4.3049998 -5.4039998 2.6029999 4
-4.0599999 -5.04 2.628 2
-0.87400001 -1.076 0.60500002 2
-3.5090001 -4.3010001 2.5799999 25
-4.1739998 -5.506 2.612 4
-3.9189999 -5.1009998 2.619 4
-0.838 -1.079 0.59799999 2
-3.4089999 -4.3670001 2.579 25
-4.0469999 -5.6129999 2.625 5
-3.7780001 -5.1599998 2.6099999 7
-0.80000001 -1.081 0.58899999 1
-3.3199999 -4.4450002 2.5840001 25
-3.902 -5.6989999 2.6300001 3
-3.654 -5.2420001 2.6140001 8
-3.461 -4.8959999 2.632 2
-0.75700003 -1.061 0.60799998 2
-3.7579999 -5.7810001 2.6340001 5
-3.5320001 -5.3260002 2.622 7
0 0 0 0
-0.71399999 -1.0470001 0.59200001 3
-3.6300001 -5.8920002 2.6530001 2
-3.408 -5.4070001 2.6289999 4
0 0 0 0
0 0 0 0
-0.60900003 -1.043 0.465 4
0 0 0 0
-3.096 -5.0640001 2.619 8
0 0 0 0
-0.53200001 -0.96399999 0.42500001 0
0 0 0 0
0 0 0 0
-0.60500002 -1.022 0.55599999 1
-0.51300001 -0.98500001 0.43000001 0
-0.52899998 -0.98500001 0.463 0
-0.53100002 -0.96200001 0.486 0
-0.52999997 -0.94099998 0.50599998 0
-0.46700001 -0.95200002 0.412 8
-0.48199999 -0.94999999 0.442 7
-0.52399999 -1.001 0.50099999 0
-0.53100002 -0.991 0.52700001 0
-0.43799999 -0.949 0.40799999 8
-0.449 -0.93699998 0.43200001 0
0 0 0 0
0 0 0 0
-0.414 -0.95700002 0.40900001 8
-0.42899999 -0.95099998 0.435 8
-0.44600001 -0.954 0.46799999 4
-0.45899999 -0.954 0.49700001 8
-0.389 -0.963 0.40799999 2
-0.40799999 -0.96399999 0.43799999 2
-0.421 -0.954 0.46399999 6
-0.435 -0.95499998 0.49200001 8
-0.352 -0.93599999 0.39500001 0
-0.37799999 -0.95300001 0.43000001 1
-0.39899999 -0.963 0.46399999 1
-0.41600001 -0.96700001 0.49399999 4
-0.34299999 -0.98199999 0.412 0
-0.34999999 -0.94700003 0.42500001 0
-0.35800001 -0.921 0.44100001 0
-0.38800001 -0.95999998 0.486 1
-0.33700001 -1.044 0.43599999 0
-0.345 -1.002 0.447 0
-0.347 -0.954 0.454 0
-0.352 -0.92799997 0.46599999 0
0 0 0 0
-0.333 -1.046 0.46399999 0
-0.34299999 -1.013 0.47799999 0
-0.34299999 -0.96600002 0.48199999 0
0 0 0 0
0 0 0 0
-0.33399999 -1.0650001 0.5 0
0 0 0 0
-0.241 -0.98100001 0.40700001 0
-0.26499999 -0.986 0.43399999 0
-1.6619999 -5.7309999 2.677 20
0 0 0 0
-0.219 -0.99400002 0.41100001 0
0 0 0 0
0 0 0 0
-1.55 -5.4510002 2.665 3
0 0 0 0
0 0 0 0
0 0 0 0
0 0 0 0
0 0 0 0
-1.211 -6.177 2.6949999 5
0 0 0 0
0 0 0 0
0 0 0 0
-1.067 -6.198 2.6989999 4
-1.146 -5.8470001 2.6860001 5
0 0 0 0
0 0 0 0
-0.92199999 -6.2030001 2.698 5
-1.016 -5.8670001 2.6860001 5
-1.0779999 -5.5739999 2.6700001 5
0 0 0 0
-0.78200001 -6.2379999 2.711 3
-0.88700002 -5.9039998 2.697 4
-0.96100003 -5.6170001 2.6789999 5
0 0 0 0
0 0 0 0
-0.75300002 -5.8979998 2.688 5
-0.83999997 -5.6440001 2.6830001 4
0 0 0 0
0 0 0 0
-0.62300003 -5.9229999 2.6949999 6
-0.71899998 -5.664 2.6830001 5
0 0 0 0
-0.052999999 -0.94599998 0.41100001 0
-0.49200001 -5.9429998 2.701 6
-0.597 -5.684 2.6849999 5
0 0 0 0
0 0 0 0
-0.359 -5.9489999 2.7019999 6
-0.47499999 -5.7090001 2.6900001 5
0 0 0 0
-0.0089999996 -0.95099998 0.41499999 0
-0.227 -5.9450002 2.7 7
-0.35100001 -5.7270002 2.6930001 6
0 0 0 0
0 0 0 0
-0.094999999 -5.941 2.698 6
-0.228 -5.7470002 2.6989999 5
0 0 0 0
0.033 -0.94999999 0.417 0
0.026000001 -4.283 1.947 0
-0.103 -5.7080002 2.677 7
0 0 0 0
0 0 0 0
0.156 -5.5120001 2.5090001 4
0.014 -4.086 1.915 3
0.106 -0.93699998 0.403 0
0 0 0 0
0.29800001 -5.882 2.681 9
0.138 -5.4289999 2.5439999 6
0.12800001 -0.93300003 0.40400001 0
0 0 0 0
0.43200001 -5.9180002 2.7030001 8
0.266 -5.6329999 2.6400001 6
0.15099999 -0.93900001 0.40900001 0
0 0 0 0
0.56199998 -5.895 2.7 9
0.39399999 -5.698 2.6730001 7
0.17200001 -0.92799997 0.40799999 0
0 0 0 0
0.69300002 -5.8850002 2.704 8
0.52100003 -5.7189999 2.6849999 6
0.19499999 -0.93400002 0.414 0
0 0 0 0
0.824 -5.8629999 2.7030001 7
0.64700001 -5.7249999 2.6919999 9
0.21699999 -0.93000001 0.41600001 0
1.176 -5.9629998 2.7090001 6
0.95499998 -5.849 2.707 8
0.77399999 -5.7199998 2.6949999 8
0.237 -0.91799998 0.41499999 0
1.309 -5.921 2.71 5
1.084 -5.8239999 2.7079999 7
0.90499997 -5.7410002 2.711 6
0 0 0 0
1.437 -5.8670001 2.7049999 7
1.211 -5.7839999 2.7030001 8
1.027 -5.7049999 2.701 7
0 0 0 0
1.568 -5.8249998 2.7079999 7
1.341 -5.7589998 2.707 8
1.155 -5.6960001 2.7060001 7
1.951 -5.8400002 2.7260001 6
1.696 -5.7740002 2.707 7
1.466 -5.7179999 2.7030001 9
1.28 -5.6680002 2.704 8
2.0810001 -5.7820001 2.7309999 6
1.825 -5.7280002 2.71 7
1.596 -5.691 2.7079999 7
1.405 -5.6430001 2.7030001 8
2.1989999 -5.6939998 2.724 6
1.95 -5.6739998 2.711 8
1.72 -5.6490002 2.707 7
1.531 -5.6209998 2.7049999 7
2.316 -5.6090002 2.7190001 5
2.076 -5.625 2.7149999 7
1.847 -5.6139998 2.71 8
1.655 -5.5830002 2.701 7
2.425 -5.5100002 2.7079999 7
2.194 -5.5500002 2.7090001 7
1.9680001 -5.5630002 2.707 7
1.783 -5.5630002 2.707 7
2.5420001 -5.434 2.7090001 6
2.3069999 -5.4720001 2.701 6
2.0940001 -5.5219998 2.711 7
1.909 -5.5339999 2.71 7
2.6589999 -5.3610001 2.7119999 5
2.425 -5.408 2.701 7
2.211 -5.4590001 2.7049999 8
2.036 -5.5029998 2.714 7
2.7650001 -5.2690001 2.707 7
2.536 -5.329 2.6949999 7
2.3280001 -5.3979998 2.7 8
2.155 -5.4510002 2.707 8
2.8759999 -5.1880002 2.7090001 7
2.6500001 -5.2589998 2.6949999 7
2.448 -5.3439999 2.7019999 7
2.276 -5.4050002 2.7060001 7
2.9860001 -5.1100001 2.7130001 5
2.7639999 -5.1900001 2.697 6
2.566 -5.2859998 2.7019999 8
2.3929999 -5.348 2.7 6
3.0869999 -5.0149999 2.7090001 5
2.8800001 -5.1259999 2.701 6
2.6800001 -5.2210002 2.698 7
2.5179999 -5.3080001 2.704 6
0 0 0 0
2.9860001 -5.0430002 2.6989999 7
2.7939999 -5.1550002 2.697 7
2.6400001 -5.2600002 2.7049999 7
0 0 0 0
3.0899999 -4.96 2.697 6
2.914 -5.1009998 2.704 7
2.7550001 -5.1950002 2.7 6
3.3770001 -4.7309999 2.7049999 6
0 0 0 0
3.0179999 -5.0190001 2.6960001 7
2.881 -5.1529999 2.7079999 6
3.4660001 -4.6290002 2.701 5
0 0 0 0
3.161 -4.9990001 2.724 0
2.9920001 -5.0819998 2.7019999 7
3.5550001 -4.5310001 2.7 5
3.3889999 -4.7020001 2.691 6
3.253 -4.9000001 2.7090001 1
3.1159999 -5.0320001 2.7079999 5
3.6440001 -4.4359999 2.7 5
3.483 -4.6110001 2.688 6
3.342 -4.7950001 2.6930001 7
0 0 0 0
3.7179999 -4.323 2.6919999 5
3.5780001 -4.5209999 2.6860001 6
3.4430001 -4.7129998 2.6889999 6
0 0 0 0
3.802 -4.2259998 2.6930001 6
3.675 -4.434 2.688 6
3.5469999 -4.631 2.6889999 6
3.448 -4.8119998 2.697 6
3.8759999 -4.1160002 2.688 5
3.757 -4.3309999 2.6819999 6
3.6440001 -4.5440001 2.6849999 5
3.563 -4.743 2.7 5
3.9549999 -4.0159998 2.6889999 5
3.845 -4.2360001 2.681 6
3.7449999 -4.46 2.6860001 6
3.6760001 -4.6719999 2.7019999 5
4.04 -3.9219999 2.6949999 1
3.9260001 -4.1350002 2.677 6
3.8380001 -4.3670001 2.681 6
3.7709999 -4.5770001 2.6919999 6
4.0999999 -3.806 2.687 1
4.0100002 -4.039 2.677 7
3.925 -4.2690001 2.675 6
3.8829999 -4.5029998 2.6949999 6
0.93000001 -0.82499999 0.59899998 1
4.098 -3.947 2.6800001 3
4.0229998 -4.184 2.677 6
3.9790001 -4.4070001 2.688 5
0.96100003 -0.81599998 0.60900003 2
4.177 -3.846 2.6800001 1
4.1160002 -4.092 2.678 6
4.0749998 -4.3130002 2.6830001 6
0 0 0 0
0.95999998 -0.84500003 0.60399997 0
4.2080002 -3.9979999 2.6789999 5
4.184 -4.2309999 2.687 6
4.3260002 -3.352 2.664 3
0.96600002 -0.81199998 0.59799999 1
4.3179998 -3.9219999 2.6919999 1
4.2919998 -4.1490002 2.6930001 5
4.388 -3.2460001 2.6659999 24
0.99000001 -0.796 0.60299999 3
4.381 -3.802 2.678 2
4.3709998 -4.0380001 2.6800001 5
1.136 -0.80199999 0.68099999 1
1.035 -0.79500002 0.62 1
0.99800003 -0.82700002 0.59799999 1
4.4790001 -3.954 2.687 4
1.15 -0.77499998 0.68099999 3
4.5019999 -3.299 2.6570001 23
1.027 -0.81300002 0.60399997 2
4.5929999 -3.8699999 2.698 1
4.5370002 -2.9130001 2.6570001 19
1.147 -0.801 0.667 2
1.058 -0.80000001 0.61199999 2
4.671 -3.7579999 2.6900001 2
1.414 -0.86400002 0.81900001 0
1.136 -0.75599998 0.65200001 3
1.1210001 -0.80800003 0.63800001 1
1.072 -0.82200003 0.60500002 0
1.437 -0.83499998 0.824 11
4.6869998 -2.9719999 2.655 22
1.151 -0.79100001 0.64499998 3
1.087 -0.796 0.60299999 2
1.455 -0.80299997 0.82700002 13
4.743 -2.862 2.654 23
4.816 -3.1500001 2.658 23
1.126 -0.78500003 0.61299998 3
1.471 -0.77100003 0.829 5
1.47 -0.84299999 0.81300002 4
4.882 -3.0380001 2.6559999 24
1.156 -0.76700002 0.61900002 1
1.469 -0.72899997 0.81999999 9
1.505 -0.81900001 0.82300001 13
4.9530001 -2.9289999 2.6589999 24
5.0619998 -3.1960001 2.6689999 23
1.4910001 -0.69999999 0.82599998 18
1.5190001 -0.78399998 0.82300001 10
5.0170002 -2.816 2.658 24
5.138 -3.0810001 2.668 24
1.4960001 -0.662 0.82300001 18
1.529 -0.74599999 0.81999999 3
1.568 -0.83399999 0.81999999 9
5.2259998 -2.973 2.674 27
1.502 -0.62599999 0.82099998 18
1.54 -0.70899999 0.81800002 10
1.591 -0.80000001 0.82300001 13
5.2459998 -2.825 2.6470001 26
1.522 -0.59600002 0.82599998 17
1.561 -0.67699999 0.82300001 18
1.617 -0.76700002 0.82700002 10
5.1459999 -2.6210001 2.563 50
1.576 -0.57800001 0.85100001 11
1.569 -0.639 0.81999999 18
1.618 -0.72299999 0.81900001 6
1.681 -0.80800003 0.82700002 12
4.927 -1.686 2.648 43
1.582 -0.60399997 0.82099998 21
1.632 -0.68599999 0.81800002 15
1.7029999 -0.76999998 0.82700002 13
4.9390001 -1.571 2.642 47
1.6210001 -0.57800001 0.83499998 16
1.65 -0.64999998 0.81900001 18
1.722 -0.73199999 0.82800001 4
4.9640002 -1.462 2.6440001 47
1.684 -0.55800003 0.86199999 3
1.6619999 -0.611 0.81900001 19
1.7359999 -0.69 0.82499999 12
4.9819999 -1.351 2.6440001 43
5.0050001 -1.538 2.5480001 66
1.6900001 -0.57800001 0.82499999 18
1.756 -0.65100002 0.82700002 17
4.9920001 -1.238 2.642 50
4.9809999 -1.409 2.523 84
1.751 -0.55500001 0.84899998 10
1.7690001 -0.61000001 0.82499999 20
4.9990001 -1.125 2.638 55
4.9569998 -1.285 2.4990001 90
5.052 -1.475 2.434 57
1.783 -0.56900001 0.824 18
4.9959998 -1.011 2.6300001 52
4.934 -1.1619999 2.477 88
5.2719998 -1.41 2.5250001 32
1.839 -0.54000002 0.84399998 13
4.9699998 -0.89499998 2.6110001 49
4.9320002 -1.046 2.4660001 87
5.4860001 -1.335 2.612 43
5.6880002 -1.527 2.5899999 97
4.9580002 -0.78299999 2.6010001 51
4.9190001 -0.93000001 2.4519999 84
5.5100002 -1.2079999 2.609 39
5.6690001 -1.381 2.563 104
4.7069998 -0.63999999 2.467 25
4.9099998 -0.81599998 2.441 84
5.5450001 -1.0829999 2.6140001 38
5.6469998 -1.237 2.5380001 100
4.566 -0.51999998 2.392 40
4.9120002 -0.70499998 2.437 82
5.5650001 -0.95499998 2.6140001 53
5.6199999 -1.094 2.5120001 102
4.5630002 -0.421 2.3900001 43
4.8559999 -0.58700001 2.404 38
5.5669999 -0.82499999 2.605 67
5.6100001 -0.95599997 2.4949999 101
4.5739999 -0.324 2.3959999 32
4.8189998 -0.47400001 2.3829999 41
5.5630002 -0.69599998 2.595 76
5.586 -0.81800002 2.473 103
4.5650001 -0.22499999 2.3929999 45
4.829 -0.36700001 2.3859999 43
5.1589999 -0.52499998 2.402 37
5.5679998 -0.68199998 2.4549999 100
4.5549998 -0.127 2.3900001 48
4.835 -0.25999999 2.388 39
5.151 -0.40700001 2.3929999 34
5.5430002 -0.54799998 2.4360001 92
4.5359998 -0.029999999 2.3829999 45
4.835 -0.153 2.3870001 44
5.1669998 -0.28799999 2.3970001 31
5.507 -0.414 2.414 77
4.5139999 0.067000002 2.3759999 47
4.8210001 -0.046 2.382 48
5.1830001 -0.17 2.4030001 46
5.5019999 -0.28299999 2.408 92
4.5079999 0.163 2.3789999 48
4.8150001 0.059999999 2.382 47
5.1659999 -0.050999999 2.3940001 48
5.48 -0.153 2.3940001 90
4.4850001 0.25799999 2.3729999 44
4.802 0.167 2.3789999 49
5.158 0.066 2.391 49
5.46 -0.023 2.3829999 70
4.4660001 0.35299999 2.3699999 49
4.789 0.273 2.378 52
5.1350002 0.184 2.3829999 50
5.415 0.104 2.3629999 100
4.447 0.447 2.368 49
4.743 0.37599999 2.3599999 46
5.1220002 0.301 2.3800001 48
5.402 0.23100001 2.359 99
4.415 0.53799999 2.3599999 50
4.7199998 0.479 2.3559999 48
5.0970001 0.417 2.372 45
5.3829999 0.35699999 2.352 100
4.3920002 0.63099998 2.358 51
4.7020001 0.58200002 2.3540001 50
5.0749998 0.53299999 2.368 49
5.3670001 0.484 2.349 99
4.369 0.72299999 2.3559999 52
4.678 0.68599999 2.352 52
5.0409999 0.64700001 2.3599999 48
5.3540001 0.611 2.349 99
4.3379998 0.81300002 2.352 53
4.6500001 0.787 2.348 54
5.026 0.76300001 2.3610001 50
5.3379998 0.73799998 2.348 101
4.302 0.90100002 2.345 51
4.6209998 0.88800001 2.345 48
4.9860001 0.87400001 2.352 52
5.3099999 0.86299998 2.3440001 102
4.276 0.991 2.3440001 52
4.585 0.98699999 2.339 53
4.9460001 0.986 2.3440001 51
5.2969999 0.99000001 2.348 99
4.2399998 1.0779999 2.3399999 51
4.5489998 1.085 2.3340001 51
4.921 1.099 2.3440001 52
5.2680001 1.115 2.346 94
4.2020001 1.164 2.3340001 53
4.5159998 1.184 2.332 54
4.881 1.2079999 2.339 47
5.2379999 1.24 2.346 92
4.1729999 1.251 2.3340001 52
4.473 1.279 2.326 51
4.8379998 1.317 2.3340001 54
5.1999998 1.362 2.3429999 73
4.1370001 1.337 2.332 51
4.4349999 1.375 2.323 55
4.7969999 1.425 2.3299999 51
5.1700001 1.4859999 2.345 71
4.0949998 1.419 2.3269999 46
4.3899999 1.4680001 2.3169999 42
4.7529998 1.5319999 2.326 39
5.125 1.6059999 2.342 64
4.0539999 1.503 2.323 53
4.3530002 1.563 2.3169999 54
4.7049999 1.637 2.322 52
5.0780001 1.725 2.339 52
4.0029998 1.581 2.3150001 53
4.2989998 1.653 2.309 53
4.6500001 1.739 2.3150001 52
5.0100002 1.837 2.3280001 50
3.95 1.658 2.306 53
4.2589998 1.7460001 2.3099999 52
4.6009998 1.8430001 2.312 50
4.954 1.952 2.3239999 50
3.914 1.7410001 2.3069999 54
4.2059999 1.834 2.303 54
4.5380001 1.941 2.3039999 50
4.8930001 2.0650001 2.319 48
3.8670001 1.819 2.3039999 52
4.1459999 1.918 2.2939999 53
4.4899998 2.043 2.303 48
4.8330002 2.175 2.3139999 51
3.812 1.892 2.2950001 52
4.099 2.0079999 2.2939999 50
4.4219999 2.1370001 2.2950001 56
4.7649999 2.2839999 2.3099999 48
3.7709999 1.971 2.296 46
4.0539999 2.098 2.296 56
4.3569999 2.2309999 2.2880001 55
4.7030001 2.3940001 2.3080001 47
3.7179999 2.046 2.2909999 52
3.993 2.1800001 2.29 50
4.2989998 2.329 2.2880001 54
4.6290002 2.497 2.302 43
3.664 2.119 2.286 51
3.944 2.27 2.2920001 52
4.2270002 2.418 2.28 52
4.5549998 2.602 2.2980001 42
3.6159999 2.194 2.2850001 52
3.8759999 2.3469999 2.283 50
4.158 2.5090001 2.276 51
4.4889998 2.7079999 2.299 35
3.5610001 2.266 2.2820001 51
3.813 2.425 2.279 51
4.0970001 2.6029999 2.276 51
4.4039998 2.802 2.29 39
3.5090001 2.3380001 2.279 50
3.753 2.5039999 2.276 54
4.0149999 2.6830001 2.266 46
4.3200002 2.8959999 2.2839999 40
3.457 2.4100001 2.279 51
3.6860001 2.579 2.27 47
3.948 2.7720001 2.2650001 45
4.2399998 2.993 2.2820001 39
3.398 2.477 2.2739999 51
3.625 2.6589999 2.27 51
3.8759999 2.8570001 2.263 45
4.151 3.082 2.2750001 43
3.3369999 2.543 2.27 49
3.5599999 2.7349999 2.2679999 55
3.796 2.938 2.2579999 50
4.0630002 3.1719999 2.2720001 45
3.2820001 2.6129999 2.27 49
3.493 2.8099999 2.266 55
3.72 3.02 2.256 49
3.9760001 3.2620001 2.2690001 47
3.2260001 2.6819999 2.27 50
3.4219999 2.881 2.263 55
3.6500001 3.1059999 2.2590001 50
3.881 3.3429999 2.263 49
3.1659999 2.7479999 2.2690001 48
3.355 2.9519999 2.26 58
3.5680001 3.181 2.2550001 52
3.7839999 3.4200001 2.256 50
3.105 2.812 2.267 51
3.29 3.0280001 2.263 55
3.4820001 3.2520001 2.2490001 53
3.688 3.497 2.2509999 51
3.0420001 2.8740001 2.2639999 52
3.2190001 3.0969999 2.2620001 49
3.395 3.322 2.2449999 55
3.5929999 3.575 2.2479999 50
2.977 2.9349999 2.2620001 57
3.1440001 3.1619999 2.2590001 55
3.3050001 3.3870001 2.2390001 54
3.4909999 3.6440001 2.2420001 53
2.9130001 2.9979999 2.2609999 51
3.0569999 3.217 2.2490001 60
3.2190001 3.457 2.237 51
0 0 0 0
2.8469999 3.059 2.2609999 51
2.977 3.2750001 2.2449999 56
3.132 3.5250001 2.2349999 52
0.73199999 0.84200001 0.49700001 9
2.779 3.115 2.2579999 56
2.902 3.339 2.2449999 57
3.0409999 3.5869999 2.2320001 50
0.70099998 0.847 0.491 15
2.71 3.1700001 2.2550001 58
2.823 3.3970001 2.2409999 57
2.9419999 3.6370001 2.2219999 50
0.66900003 0.84899998 0.48300001 15
2.635 3.2179999 2.247 51
2.74 3.45 2.237 56
0 0 0 0
0.63800001 0.85100001 0.477 16
2.5639999 3.2709999 2.244 58
2.661 3.5090001 2.237 56
0.62300003 0.84799999 0.50099999 8
0.61000001 0.85500002 0.47099999 14
2.4920001 3.323 2.2420001 57
2.5780001 3.562 2.234 53
0.597 0.85399997 0.49700001 15
0.58099997 0.85900003 0.46700001 13
2.4170001 3.372 2.2390001 56
2.4860001 3.602 2.2260001 56
0.57200003 0.86000001 0.493 17
0.31200001 0.486 0.25999999 9
2.342 3.418 2.2360001 56
2.4070001 3.6600001 2.2279999 58
0.30500001 0.48300001 0.273 8
0.29499999 0.484 0.25600001 9
2.2650001 3.4649999 2.2320001 47
0 0 0 0
0.28799999 0.47999999 0.26800001 8
0 0 0 0
0.29800001 0.47799999 0.30399999 10
0.287 0.48300001 0.28600001 7
0 0 0 0
0.257 0.472 0.244 9
0.285 0.47999999 0.301 9
0 0 0 0
0.25600001 0.47499999 0.259 8
0 0 0 0
0.26499999 0.46799999 0.289 9
0.255 0.47400001 0.27399999 7
0 0 0 0
0.223 0.461 0.233 9
0 0 0 0
0 0 0 0
0.222 0.46399999 0.248 7
0 0 0 0
0.236 0.46200001 0.27900001 9
0.22400001 0.46599999 0.26300001 6
0 0 0 0
0.19499999 0.458 0.228 8
1.7970001 3.717 2.2190001 47
1.78 3.9289999 2.2 6
0.19400001 0.45899999 0.23999999 7
0 0 0 0
1.717 3.7509999 2.214 49
1.698 3.9809999 2.207 45
0 0 0 0
0.163 0.44 0.21600001 7
1.6339999 3.7839999 2.211 48
0.178 0.44600001 0.245 2
0.17 0.46000001 0.237 6
0 0 0 0
1.5549999 3.825 2.2130001 49
1.507 4.0219998 2.1930001 12
0 0 0 0
0.139 0.43900001 0.213 7
1.47 3.8540001 2.2090001 48
0 0 0 0
0.141 0.44499999 0.227 6
0 0 0 0
1.382 3.8759999 2.2019999 49
0.14300001 0.44299999 0.237 6
0 0 0 0
0.114 0.433 0.208 7
1.301 3.9130001 2.2049999 41
0 0 0 0
0.116 0.43700001 0.22 6
0 0 0 0
1.215 3.937 2.201 36
0.12 0.43599999 0.23100001 6
0 0 0 0
0.090999998 0.42899999 0.205 7
1.124 3.941 2.187 12
0 0 0 0
0.093999997 0.43099999 0.21600001 6
0 0 0 0
0 0 0 0
0.097000003 0.428 0.22499999 6
0 0 0 0
0.068999998 0.42500001 0.20299999 7
0.104 0.43700001 0.23899999 7
0 0 0 0
0.072999999 0.43200001 0.215 6
0 0 0 0
0 0 0 0
0.075999998 0.42300001 0.22 6
0 0 0 0
0.048 0.426 0.20299999 7
0.082999997 0.43099999 0.233 6
0 0 0 0
0.050999999 0.42199999 0.20900001 6
0 0 0 0
0 0 0 0
0.056000002 0.419 0.21699999 6
0 0 0 0
0.027000001 0.417 0.199 7
0.063000001 0.42500001 0.228 6
0 0 0 0
0.030999999 0.41999999 0.208 6
0 0 0 0
0 0 0 0
0.037 0.41800001 0.215 6
0 0 0 0
0.0070000002 0.417 0.2 7
0.044 0.42500001 0.226 6
0 0 0 0
0.012 0.41499999 0.206 6
0 0 0 0
0 0 0 0
0.017999999 0.417 0.214 6
0 0 0 0
-0.012 0.405 0.19599999 7
0.024 0.41800001 0.221 6
0 0 0 0
-0.0070000002 0.414 0.206 6
0 0 0 0
0 0 0 0
0 0.41 0.211 6
0 0 0 0
-0.030999999 0.41 0.2 7
0.0060000001 0.41299999 0.21699999 6
0 0 0 0
-0.026000001 0.412 0.206 6
0 0 0 0
0 0 0 0
-0.018999999 0.40799999 0.20999999 6
0 0 0 0
-0.54900002 4.3779998 2.1600001 4
-0.011 0.414 0.21699999 6
0 0 0 0
-0.044 0.403 0.20299999 5
-0.653 4.3639998 2.168 22
0 0 0 0
-0.037 0.405 0.20900001 6
-0.57300001 4.2610002 2.1630001 43
0 0 0 0
-0.028999999 0.403 0.212 6
-0.48300001 4.198 2.177 9
-0.671 4.2350001 2.1630001 14
-0.852 4.283 2.161 5
0 0 0 0
-0.57499999 4.164 2.1670001 50
0 0 0 0
-0.95099998 4.2449999 2.161 48
-0.045000002 0.38699999 0.204 3
-0.66900003 4.1469998 2.1659999 10
-0.86199999 4.1739998 2.1589999 5
-1.046 4.2069998 2.1600001 47
-0.57200003 4.0960002 2.164 50
0 0 0 0
-0.95700002 4.1500001 2.161 53
-1.14 4.1599998 2.1570001 45
-0.66299999 4.0819998 2.161 2
-0.852 4.0999999 2.161 6
-1.05 4.118 2.161 51
-1.234 4.1170001 2.158 47
-0.759 4.0949998 2.174 0
-0.94599998 4.0830002 2.164 55
-1.143 4.0830002 2.161 50
-1.325 4.0689998 2.1570001 48
-0.84600002 4.0599999 2.1619999 48
-1.038 4.059 2.164 54
-1.2309999 4.033 2.154 52
-1.4170001 4.0209999 2.1570001 47
-0.93900001 4.0440001 2.1630001 54
-1.128 4.0250001 2.1619999 52
-1.325 4.006 2.161 55
-1.506 3.9719999 2.1570001 47
-1.03 4.0240002 2.1619999 52
-1.221 4.0019999 2.165 56
-1.416 3.967 2.1619999 54
-1.594 3.9219999 2.158 48
-1.12 4 2.1589999 47
-1.309 3.9679999 2.1630001 52
-1.501 3.9170001 2.158 53
-1.6799999 3.869 2.1589999 47
-1.212 3.9809999 2.161 48
-1.396 3.927 2.1589999 55
-1.59 3.8800001 2.1619999 53
-1.763 3.813 2.158 48
-1.3 3.9519999 2.158 48
-1.485 3.895 2.1600001 56
-1.675 3.8329999 2.161 53
-1.846 3.757 2.158 53
-1.39 3.924 2.158 49
-1.572 3.859 2.161 54
-1.756 3.777 2.158 54
-1.928 3.7019999 2.1600001 52
-1.48 3.9000001 2.1600001 53
-1.659 3.819 2.161 56
-1.8430001 3.7360001 2.1630001 55
-2.01 3.6470001 2.1630001 50
-1.566 3.8599999 2.155 49
-1.7460001 3.7809999 2.1630001 55
-1.9220001 3.6789999 2.1600001 54
-2.086 3.5829999 2.1619999 46
-1.6569999 3.8329999 2.158 49
-1.829 3.7349999 2.161 55
-2.003 3.6259999 2.161 55
-2.164 3.5250001 2.1659999 55
-1.744 3.7969999 2.1570001 49
-1.914 3.6919999 2.1619999 55
-2.086 3.579 2.1659999 53
-2.2360001 3.4579999 2.164 48
-1.8329999 3.763 2.1589999 53
-2 3.651 2.1670001 57
-2.1619999 3.5209999 2.1659999 55
-2.3069999 3.3900001 2.1630001 52
-1.92 3.724 2.1589999 51
-2.0799999 3.599 2.165 55
-2.2379999 3.46 2.1659999 55
-2.3789999 3.3269999 2.1670001 53
-2.0090001 3.688 2.1619999 56
-2.1589999 3.5469999 2.165 57
-2.3180001 3.4100001 2.1719999 55
-2.448 3.2590001 2.168 54
-2.0910001 3.6370001 2.1589999 49
-2.2420001 3.4990001 2.168 55
-2.388 3.3429999 2.1700001 56
-2.5150001 3.191 2.1689999 53
-2.1800001 3.5999999 2.1630001 49
-2.325 3.4519999 2.1730001 57
-2.461 3.283 2.1719999 54
-2.5810001 3.1210001 2.171 51
-2.2650001 3.556 2.1659999 46
-2.4000001 3.3929999 2.1719999 57
-2.5320001 3.22 2.174 55
-2.6500001 3.0569999 2.177 51
-2.3440001 3.5 2.1619999 49
-2.4760001 3.3369999 2.1730001 57
-2.602 3.1559999 2.1760001 54
-2.7079999 2.983 2.1760001 48
-2.4289999 3.4530001 2.165 48
-2.5510001 3.277 2.174 55
-2.6719999 3.0929999 2.1800001 54
-2.763 2.904 2.174 45
-2.5109999 3.402 2.1670001 51
-2.618 3.2079999 2.1689999 55
-2.74 3.029 2.184 54
-2.8269999 2.8369999 2.181 51
-2.586 3.339 2.1630001 49
-2.698 3.1559999 2.177 52
-2.803 2.9579999 2.184 52
-2.878 2.7579999 2.1789999 54
-2.674 3.2939999 2.1719999 47
-2.7679999 3.0910001 2.178 55
-2.8659999 2.8889999 2.187 54
-2.9360001 2.6860001 2.184 55
-2.75 3.233 2.171 48
-2.836 3.0239999 2.178 53
-2.925 2.816 2.187 53
-2.9849999 2.6070001 2.184 55
-2.829 3.175 2.174 44
-2.9100001 2.964 2.184 57
-2.9809999 2.74 2.1860001 54
-3.0320001 2.5280001 2.1830001 54
-2.9070001 3.1129999 2.1760001 49
-2.974 2.8929999 2.184 52
-3.036 2.665 2.187 55
-3.0880001 2.4560001 2.1900001 57
-2.9779999 3.046 2.175 48
-3.033 2.816 2.181 53
-3.0910001 2.5899999 2.1889999 54
-3.138 2.3800001 2.1949999 55
-3.0510001 2.9790001 2.1760001 48
-3.099 2.7479999 2.1849999 57
-3.1500001 2.5190001 2.1949999 55
-3.1760001 2.296 2.1930001 57
-3.1210001 2.9089999 2.177 48
-3.1619999 2.677 2.187 56
-3.198 2.4389999 2.1949999 55
-3.223 2.22 2.198 55
-3.1919999 2.839 2.178 47
-3.2219999 2.6029999 2.1889999 58
-3.2539999 2.3659999 2.2 56
-3.26 2.1370001 2.198 57
-3.256 2.7639999 2.177 48
-3.2809999 2.5280001 2.1919999 58
-3.2939999 2.2820001 2.197 54
-3.3069999 2.062 2.2049999 58
-3.329 2.6949999 2.1830001 46
-3.3410001 2.454 2.1960001 56
-3.339 2.201 2.198 55
-3.3410001 1.978 2.2049999 58
-3.392 2.618 2.1819999 51
-3.388 2.3699999 2.1930001 59
-3.385 2.122 2.2019999 55
-3.365 1.89 2.201 59
-3.4430001 2.5320001 2.1760001 53
-3.359 2.2349999 2.142 132
-3.2290001 1.923 2.076 118
-3.1589999 1.681 2.0480001 57
-3.2550001 2.2780001 2.023 61
-3.2130001 2.033 2.0209999 60
-3.184 1.798 2.0250001 55
-3.151 1.587 2.026 74
-3.2349999 2.1530001 1.978 59
-3.191 1.918 1.9809999 64
-3.174 1.698 1.999 60
-3.1340001 1.4910001 2.0009999 66
-3.2060001 2.027 1.931 57
-3.178 1.811 1.949 64
-3.1489999 1.594 1.965 63
-3.1159999 1.396 1.976 64
-3.1949999 1.9170001 1.896 56
-3.1630001 1.707 1.918 62
-3.1340001 1.497 1.938 59
-3.109 1.309 1.959 80
-3.175 1.8049999 1.859 63
-3.1470001 1.6059999 1.887 66
-3.1259999 1.4069999 1.918 65
-3.0869999 1.219 1.9349999 65
-3.1589999 1.699 1.826 61
-3.1329999 1.508 1.859 62
-3.1010001 1.312 1.888 66
-3.072 1.1339999 1.915 64
-3.1440001 1.597 1.795 65
-3.118 1.413 1.8329999 68
-3.0829999 1.222 1.864 67
-3.059 1.052 1.899 58
-3.1210001 1.494 1.762 51
-3.0929999 1.317 1.802 62
-3.0769999 1.1390001 1.85 56
-3.0469999 0.972 1.8839999 67
-3.2379999 1.457 1.808 9
-3.0899999 1.232 1.785 68
-3.062 1.0549999 1.83 67
-3.1229999 0.91900003 1.925 32
-3.2190001 1.359 1.779 9
-3.1010001 1.153 1.778 29
-3.049 0.97399998 1.813 72
-3.4200001 0.92400002 2.102 41
-3.2620001 1.286 1.786 32
-3.2279999 1.117 1.839 26
-3.1029999 0.91399997 1.837 40
-3.6400001 0.89700001 2.2320001 58
-3.253 1.1950001 1.766 15
-3.267 1.046 1.849 9
-3.296 0.88999999 1.943 32
-3.6489999 0.81300002 2.234 58
-4.1090002 1.4 2.2130001 59
-3.1860001 0.93900001 1.793 15
-3.6789999 0.90499997 2.1619999 47
-3.655 0.73000002 2.234 57
-3.3859999 1.0650001 1.8099999 11
-3.313 0.89399999 1.855 36
-3.8169999 0.847 2.237 55
-3.6619999 0.64700001 2.2360001 58
-3.494 1.0089999 1.8559999 7
-3.543 0.86900002 1.975 34
-3.825 0.75800002 2.2360001 55
-3.6670001 0.56400001 2.2379999 57
-3.411 0.898 1.801 24
-3.97 0.87599999 2.204 53
-3.836 0.671 2.2390001 55
-3.677 0.48199999 2.2449999 58
-3.6229999 0.86199999 1.902 29
-4.0339999 0.79299998 2.2320001 59
-3.848 0.583 2.243 55
-3.6800001 0.40000001 2.247 57
-3.947 0.83999997 2.063 18
-4.0500002 0.699 2.2349999 59
-3.8570001 0.49599999 2.247 55
-3.6719999 0.31799999 2.2449999 51
-4.2709999 0.80400002 2.223 53
-4.066 0.60399997 2.2379999 59
-3.8610001 0.40799999 2.2479999 54
-1.999 0.12800001 1.224 17
-4.2919998 0.70300001 2.2260001 58
-4.0739999 0.509 2.24 59
-3.872 0.32100001 2.2550001 54
-1.961 0.082999997 1.2029999 41
-4.3049998 0.59899998 2.2260001 53
-4.086 0.41499999 2.244 59
-2.0439999 0.123 1.191 0
-1.957 0.039000001 1.2029999 57
-4.3210001 0.49700001 2.2290001 54
-4.0960002 0.31999999 2.2479999 60
-1.9910001 0.075000003 1.1619999 25
-1.97 -0.003 1.215 43
-4.3379998 0.39500001 2.2349999 57
-4.1079998 0.22499999 2.2550001 38
-2 0.029999999 1.169 39
-1.9910001 -0.046 1.232 16
-2.0669999 0.138 1.064 25
-2.0369999 0.064000003 1.119 3
-1.98 -0.014 1.16 38
-3.652 -0.16500001 2.2679999 34
-1.999 0.086000003 1.029 19
-1.98 0.016000001 1.089 48
-1.976 -0.057999998 1.161 34
-3.631 -0.244 2.2639999 39
-1.956 0.037 1.007 35
-1.942 -0.028000001 1.0700001 29
-1.954 -0.102 1.151 15
-3.6259999 -0.32300001 2.2709999 56
-1.915 -0.0089999996 0.98699999 33
-1.901 -0.071999997 1.049 31
-1.923 -0.14399999 1.138 11
-3.6110001 -0.40099999 2.273 55
-1.885 -0.054000001 0.97299999 50
-1.8839999 -0.115 1.043 49
-1.899 -0.185 1.128 17
-3.596 -0.479 2.2750001 55
-1.88 -0.098999999 0.972 64
-1.887 -0.15899999 1.048 70
-1.91 -0.229 1.14 5
-3.579 -0.55599999 2.2780001 55
-1.8890001 -0.145 0.97899997 59
-1.888 -0.20299999 1.053 52
-3.806 -0.54400003 2.283 54
-3.5599999 -0.63300002 2.28 55
-1.886 -0.19 0.98100001 57
-1.898 -0.249 1.063 29
-3.7850001 -0.62800002 2.2839999 54
-3.546 -0.70999998 2.2869999 56
-1.877 -0.235 0.98100001 53
-4.0469999 -0.62800002 2.279 59
-3.776 -0.71399999 2.2920001 55
-3.5250001 -0.78500003 2.289 55
-1.862 -0.27900001 0.97799999 42
-4.0300002 -0.722 2.2820001 58
-3.756 -0.79799998 2.2950001 54
-3.5 -0.86000001 2.29 53
-4.2969999 -0.75 2.2679999 51
-4.0149999 -0.815 2.2880001 59
-3.733 -0.88099998 2.2980001 54
-3.483 -0.935 2.2969999 57
-4.283 -0.85299999 2.2750001 51
-3.9879999 -0.90700001 2.2880001 58
-3.714 -0.96399999 2.303 55
-3.454 -1.008 2.2969999 56
-4.2620001 -0.95599997 2.2780001 48
-3.9690001 -1 2.2939999 59
-3.6860001 -1.045 2.3039999 54
-3.424 -1.08 2.2969999 55
-4.2350001 -1.058 2.2809999 53
-3.9389999 -1.09 2.2950001 60
-3.6559999 -1.126 2.3050001 55
-3.3970001 -1.153 2.3010001 56
-4.2030001 -1.158 2.2820001 62
-3.905 -1.1799999 2.2950001 59
-3.628 -1.206 2.309 54
-3.368 -1.224 2.303 55
-4.1739998 -1.26 2.2869999 54
-3.8840001 -1.273 2.3039999 61
-3.5929999 -1.285 2.309 54
-3.336 -1.294 2.3050001 61
-4.1479998 -1.362 2.2939999 54
-3.8499999 -1.3609999 2.306 59
-3.5580001 -1.363 2.3110001 54
-3.309 -1.3660001 2.3110001 56
-4.1069999 -1.4579999 2.2939999 54
-3.8099999 -1.448 2.306 60
-3.533 -1.444 2.319 55
-3.27 -1.432 2.309 49
-4.3130002 -1.649 2.4349999 27
-4.119 -1.675 2.52 70
-3.8099999 -1.6569999 2.529 62
-3.4890001 -1.618 2.4920001 45
-4.4060001 -1.809 2.517 57
-4.0749998 -1.7690001 2.523 66
-3.7620001 -1.737 2.5280001 57
-3.5 -1.714 2.53 52
-4.3530002 -1.911 2.517 55
-4.0320001 -1.863 2.5280001 58
-3.73 -1.824 2.5369999 51
-3.454 -1.785 2.529 45
-4.2909999 -2.0090001 2.5139999 44
-3.9849999 -1.954 2.53 50
-3.6849999 -1.905 2.54 43
-3.408 -1.854 2.5280001 40
-4.2490001 -2.1159999 2.5239999 42
-3.9230001 -2.039 2.526 41
-3.635 -1.983 2.539 34
-3.3599999 -1.9220001 2.527 29
-4.1880002 -2.2130001 2.5239999 35
-3.8640001 -2.1229999 2.5239999 35
-3.596 -2.066 2.5480001 29
-3.335 -2.003 2.5439999 22
-4.1059999 -2.2980001 2.513 27
-3.8169999 -2.214 2.5309999 28
-3.5409999 -2.1400001 2.5469999 23
-3.28 -2.066 2.539 15
-4.0770001 -2.4130001 2.536 26
-3.767 -2.303 2.5369999 23
-3.473 -2.207 2.5369999 21
-3.24 -2.138 2.5469999 14
-4.0159998 -2.51 2.5409999 19
-3.7060001 -2.3859999 2.5380001 21
-3.4460001 -2.2980001 2.5580001 19
-3.178 -2.1960001 2.5380001 14
-3.954 -2.605 2.5469999 18
-3.654 -2.474 2.546 16
-3.3870001 -2.369 2.5569999 18
-3.1340001 -2.2650001 2.5439999 14
-3.8789999 -2.6930001 2.546 19
-3.579 -2.546 2.54 21
-3.335 -2.4449999 2.563 19
-3.089 -2.3340001 2.5510001 15
-3.8080001 -2.783 2.549 19
-3.5220001 -2.632 2.5469999 24
-3.273 -2.5120001 2.562 22
-3.0439999 -2.4030001 2.559 21
-3.7260001 -2.8629999 2.546 26
-3.4519999 -2.7060001 2.546 26
-3.221 -2.5869999 2.569 24
-2.9749999 -2.4519999 2.5469999 29
-1.209 -0.97600001 0.84399998 0
-3.3759999 -2.7739999 2.5420001 32
-3.148 -2.6459999 2.562 32
-2.924 -2.516 2.552 39
-1.145 -0.97100002 0.81699997 14
-3.3099999 -2.8510001 2.546 38
-3.0929999 -2.7179999 2.569 38
-2.8729999 -2.5799999 2.5569999 43
-1.0930001 -0.97399998 0.79900002 18
-1.059 -0.95599997 0.833 10
-3.0209999 -2.777 2.5639999 45
-2.8150001 -2.6370001 2.5569999 46
-1.068 -0.99900001 0.801 21
-1.002 -0.94700003 0.80699998 9
-0.97399998 -0.93599999 0.84500003 0
-2.753 -2.691 2.556 48
-1.044 -1.024 0.80299997 21
-0.97399998 -0.96499997 0.80400002 27
-0.93699998 -0.94099998 0.83200002 19
-2.701 -2.7539999 2.563 54
-1.013 -1.043 0.801 19
-0.95099998 -0.98699999 0.80599999 27
-0.89300001 -0.93699998 0.81199998 22
-0.87400001 -0.92900002 0.84799999 1
-0.991 -1.071 0.80500001 19
-0.92799997 -1.0089999 0.80699998 28
-0.86799997 -0.95200002 0.81 6
-0.838 -0.93000001 0.833 22
-0.954 -1.0829999 0.79900002 8
-0.903 -1.028 0.80800003 27
-0.84200001 -0.96499997 0.80599999 27
-0.80000001 -0.92699999 0.815 5
-0.92799997 -1.1059999 0.801 3
-0.87900001 -1.049 0.80900002 27
-0.82300001 -0.986 0.80900002 6
-0.773 -0.93400002 0.80800003 27
-0.90600002 -1.1339999 0.80800003 16
-0.847 -1.059 0.80400002 11
-0.79799998 -1.001 0.80800003 27
-0.75199997 -0.949 0.80699998 7
-0.87900001 -1.156 0.81099999 23
-0.80400002 -1.0549999 0.78799999 3
-0.77700001 -1.02 0.81 6
-0.73299998 -0.96600002 0.80900002 5
-0.84799999 -1.173 0.81099999 15
-0.79799998 -1.099 0.80800003 7
-0.75300002 -1.035 0.81 26
-0.71100003 -0.97799999 0.80800003 27
-2.6010001 -3.7880001 2.582 42
-0.77899998 -1.126 0.81599998 22
-0.72799999 -1.048 0.80800003 2
-0.69400001 -0.99900001 0.81300002 5
-2.5009999 -3.8369999 2.5810001 41
-0.75 -1.1390001 0.815 26
-0.69999999 -1.057 0.80400002 3
-0.67199999 -1.013 0.81300002 26
-0.61199999 -0.99000001 0.65799999 1
-0.639 -1.021 0.72100002 11
-0.61400002 -0.97299999 0.73100001 5
-0.61799997 -0.97500002 0.77200001 0
-0.58499998 -0.99900001 0.65700001 3
-0.60600001 -1.021 0.713 0
-0.61400002 -1.022 0.75800002 0
-0.60600001 -1.003 0.78399998 3
-0.537 -0.97000003 0.63 0
-0.53500003 -0.95099998 0.65600002 3
-0.537 -0.94 0.68900001 3
-0.53500003 -0.92900002 0.71700001 4
-0.514 -0.98400003 0.63300002 5
-0.53200001 -0.99699998 0.68099999 0
-0.53899997 -0.99400002 0.72000003 0
-0.53299999 -0.972 0.74199998 0
-0.47600001 -0.96600002 0.61699998 0
-0.493 -0.97799999 0.66100001 4
-0.49900001 -0.972 0.69700003 4
-0.50700003 -0.972 0.73400003 5
-0.43900001 -0.94800001 0.60000002 0
-0.458 -0.96399999 0.64600003 0
-0.46799999 -0.963 0.68400002 0
-0.48100001 -0.972 0.72600001 0
-0.41499999 -0.95599997 0.60000002 1
-0.428 -0.95499998 0.63499999 0
-0.43900001 -0.95499998 0.67199999 0
-0.44999999 -0.95999998 0.70999998 4
-0.38299999 -0.94499999 0.58999997 1
-0.40000001 -0.95099998 0.62699997 1
-0.41499999 -0.95899999 0.66900003 1
-0.42199999 -0.95200002 0.69700003 0
-0.35600001 -0.94300002 0.58499998 0
-0.359 -0.91299999 0.59799999 0
-0.38699999 -0.949 0.65600002 0
-0.39899999 -0.95499998 0.69300002 1
0 0 0 0
-0.35299999 -0.963 0.62599999 0
-0.35600001 -0.93199998 0.63999999 0
-0.361 -0.91799998 0.66000003 0
-0.32100001 -0.98900002 0.60699999 0
-0.35100001 -1.029 0.66500002 1
-0.35699999 -1.001 0.68199998 0
0 0 0 0
-0.29100001 -0.977 0.597 0
0 0 0 0
-0.33700001 -1.0140001 0.68599999 1
0 0 0 0
0 0 0 0
-1.1900001 -4.0929999 2.618 4
0 0 0 0
-0.30500001 -0.94599998 0.66500002 1
-0.24699999 -1.002 0.60900003 0
0 0 0 0
-0.27200001 -0.95899999 0.64099997 0
-1.125 -3.7590001 2.625 2
0 0 0 0
-0.995 -4.1160002 2.612 2
0 0 0 0
0 0 0 0
0 0 0 0
0 0 0 0
-0.94099998 -3.9660001 2.6259999 4
0 0 0 0
0 0 0 0
-0.186 -0.96399999 0.60799998 0
-0.85100001 -3.9749999 2.6210001 39
-0.88 -3.806 2.6110001 6
0 0 0 0
-0.163 -0.96200001 0.60500002 0
-0.764 -3.9960001 2.625 39
-0.801 -3.832 2.615 45
0 0 0 0
-0.142 -0.96799999 0.60799998 0
-0.676 -4.0110002 2.6259999 40
-0.72000003 -3.8499999 2.615 43
0 0 0 0
-0.119 -0.96799999 0.60799998 0
-0.58899999 -4.0320001 2.6329999 37
-0.63999999 -3.8759999 2.6210001 45
-0.331 -4.382 2.655 8
-0.096000001 -0.963 0.60399997 0
-0.49900001 -4.0380001 2.631 40
-0.55800003 -3.8959999 2.625 44
-0.226 -4.368 2.652 9
-0.072999999 -0.949 0.59500003 0
0 0 0 0
-0.47499999 -3.904 2.6210001 44
-0.123 -4.3740001 2.6630001 0
-0.052000001 -0.95700002 0.60100001 0
-0.075000003 -0.949 0.616 0
-0.39399999 -3.9260001 2.628 45
-0.017999999 -3.9460001 2.4089999 11
-0.029999999 -0.95099998 0.597 0
0 0 0 0
-0.31 -3.9360001 2.6270001 44
0.082000002 -4.3099999 2.642 14
-0.0080000004 -0.94999999 0.59799999 0
-0.033 -0.94800001 0.61500001 0
-0.226 -3.947 2.6300001 45
0.184 -4.3210001 2.6589999 14
0.013 -0.94800001 0.59799999 0
-0.012 -0.93900001 0.60900003 0
-0.142 -3.944 2.6229999 40
0.285 -4.3049998 2.6619999 13
0.034000002 -0.95200002 0.602 0
0.0080000004 -0.94700003 0.61400002 0
-0.052999999 -3.5899999 2.3840001 51
0.384 -4.2709999 2.6559999 10
0.056000002 -0.94199997 0.59799999 0
0.028000001 -0.94 0.61000001 1
0.026000001 -3.925 2.6040001 50
0.484 -4.263 2.6659999 8
0.077 -0.94099998 0.59899998 0
0.048999999 -0.93800002 0.61000001 1
0.111 -3.98 2.6389999 49
0 0 0 0
0.097999997 -0.93900001 0.60000002 1
0.07 -0.93599999 0.60900003 1
0.19599999 -3.9790001 2.638 47
0.15099999 -0.93699998 0.59399998 0
0.12 -0.93900001 0.60299999 4
0.090999998 -0.94 0.61400002 1
0.28099999 -3.974 2.6359999 46
0.17200001 -0.926 0.59100002 0
0.141 -0.93599999 0.60399997 1
0.111 -0.93300003 0.61000001 1
0 0 0 0
0.19400001 -0.92400002 0.59500003 0
0.162 -0.93000001 0.60299999 0
0.131 -0.93199998 0.61199999 1
0.45300001 -3.967 2.6359999 2
0.21600001 -0.92299998 0.59899998 0
0.183 -0.926 0.60500002 0
0.15099999 -0.921 0.60699999 1
0 0 0 0
0.235 -0.91000003 0.59600002 0
0.20299999 -0.917 0.60299999 0
0.17200001 -0.92500001 0.61199999 1
0.148 -0.93699998 0.625 0
0.25799999 -0.91100001 0.60299999 0
0.22499999 -0.91799998 0.60699999 1
0.192 -0.91600001 0.60900003 1
0.16500001 -0.91500002 0.61199999 0
0.28 -0.90600002 0.60600001 0
0.244 -0.90799999 0.60500002 0
0.213 -0.91399997 0.611 0
0.186 -0.92000002 0.61699998 0
0.301 -0.90100002 0.60900003 1
0.26499999 -0.903 0.60699999 0
0.23100001 -0.90499997 0.60799998 0
0.206 -0.917 0.61699998 0
0.31999999 -0.889 0.60799998 0
0.287 -0.89999998 0.611 0
0.25299999 -0.90700001 0.61299998 0
0.227 -0.91900003 0.62099999 0
0 0 0 0
0 0 0 0
0.27399999 -0.90399998 0.61500001 0
0.242 -0.89499998 0.60699999 0
1.566 -3.783 2.652 3
1.409 -3.816 2.6389999 2
1.261 -3.846 2.6359999 2
0 0 0 0
1.645 -3.7249999 2.6470001 46
1.492 -3.7780001 2.641 55
1.348 -3.825 2.642 52
1.222 -3.8429999 2.6340001 2
1.723 -3.6719999 2.645 47
1.576 -3.7409999 2.642 53
1.432 -3.793 2.642 54
1.003 -2.934 2.023 0
1.802 -3.6210001 2.6470001 46
1.656 -3.6960001 2.642 54
1.513 -3.756 2.6389999 54
1.396 -3.809 2.6440001 49
1.875 -3.5610001 2.642 48
1.734 -3.648 2.6389999 54
1.597 -3.7249999 2.641 54
1.4809999 -3.7839999 2.6440001 49
1.9450001 -3.4979999 2.6359999 48
1.811 -3.599 2.6370001 54
1.679 -3.687 2.641 52
1.564 -3.7539999 2.6429999 49
2.0209999 -3.4460001 2.641 47
1.8890001 -3.5539999 2.638 54
1.76 -3.6500001 2.641 55
1.648 -3.724 2.6429999 49
2.0940001 -3.3900001 2.642 46
1.9630001 -3.4990001 2.635 55
1.84 -3.6099999 2.641 54
1.733 -3.6930001 2.6440001 48
2.1600001 -3.325 2.638 46
2.0380001 -3.4519999 2.6359999 53
1.916 -3.563 2.6370001 54
1.814 -3.6559999 2.641 48
2.2320001 -3.2709999 2.642 46
2.1129999 -3.401 2.638 53
1.994 -3.5190001 2.6370001 52
1.897 -3.6229999 2.6429999 48
2.299 -3.211 2.6440001 47
2.1830001 -3.3440001 2.635 51
2.072 -3.474 2.6370001 53
1.977 -3.5829999 2.641 49
2.3599999 -3.141 2.6389999 37
2.2550001 -3.2909999 2.6370001 54
2.148 -3.427 2.6370001 52
2.0580001 -3.5420001 2.6400001 48
0.74800003 -0.94999999 0.815 1
2.326 -3.2360001 2.638 46
2.224 -3.3789999 2.6370001 53
2.1389999 -3.503 2.642 48
0.77600002 -0.94099998 0.82499999 16
2.3929999 -3.178 2.638 44
2.3010001 -3.3329999 2.641 51
2.2190001 -3.4590001 2.641 46
0.79799998 -0.92500001 0.829 5
2.4649999 -3.1259999 2.6440001 46
2.3710001 -3.277 2.6370001 40
2.2950001 -3.411 2.638 46
0.815 -0.903 0.82700002 23
0.78600001 -0.95200002 0.82099998 6
2.45 -3.233 2.6440001 50
2.378 -3.3710001 2.6429999 47
0.833 -0.88200003 0.82800001 3
0.81 -0.93800002 0.82499999 22
2.5220001 -3.1789999 2.6440001 50
2.4530001 -3.3180001 2.6400001 37
0.838 -0.84799999 0.815 4
0.83200002 -0.92000002 0.82700002 5
2.589 -3.118 2.641 54
2.533 -3.2720001 2.6429999 48
0.84899998 -0.82200003 0.81099999 4
0.85000002 -0.89999998 0.82599998 23
0.82099998 -0.94499999 0.81599998 4
2.612 -3.224 2.6470001 49
0.87800002 -0.81199998 0.82300001 3
0.87 -0.88099998 0.82800001 1
0.84500003 -0.93000001 0.81800002 18
2.6849999 -3.168 2.645 50
0.89499998 -0.79100001 0.824 24
0.87300003 -0.84500003 0.81400001 5
0.87400001 -0.92000002 0.82599998 6
2.757 -3.109 2.6429999 49
0.90700001 -0.76700002 0.82300001 5
0.88999999 -0.824 0.81400001 5
0.89200002 -0.898 0.82499999 25
2.8340001 -3.056 2.6470001 48
0.92400002 -0.74599999 0.82499999 22
0.91100001 -0.80599999 0.81699997 14
0.91600001 -0.88200003 0.829 4
0.90200001 -0.93000001 0.82200003 8
0.93400002 -0.72100002 0.82099998 5
0.93599999 -0.792 0.82499999 4
0.921 -0.84899998 0.81599998 6
0.92699999 -0.91399997 0.82499999 21
0.95300001 -0.70200002 0.82599998 23
0.94700003 -0.76599997 0.82099998 23
0.93199998 -0.82099998 0.80900002 3
0.94999999 -0.89600003 0.82599998 23
0.963 -0.67699999 0.824 5
0.96499997 -0.74599999 0.82300001 4
0.958 -0.80699998 0.81599998 10
0.97100002 -0.875 0.82599998 24
0.99299997 -0.66600001 0.83899999 21
0.98000002 -0.72399998 0.82300001 26
0.98299998 -0.79100001 0.82099998 5
0.99000001 -0.85299999 0.824 10
1.027 -0.65600002 0.85799998 1
0.99000001 -0.69700003 0.81900001 4
0.99800003 -0.76700002 0.81999999 25
0.99199998 -0.81599998 0.80900002 4
3.177 -1.934 2.625 46
1.006 -0.676 0.81999999 24
1.02 -0.74800003 0.82300001 5
1.018 -0.80000001 0.815 6
3.2079999 -1.858 2.6229999 46
1.039 -0.66500002 0.83600003 5
1.03 -0.72100002 0.81800002 26
1.043 -0.78299999 0.81900001 17
3.2379999 -1.7819999 2.6210001 44
1.073 -0.65399998 0.85299999 9
1.052 -0.70099998 0.82300001 6
1.067 -0.76300001 0.82300001 25
3.2679999 -1.706 2.6210001 46
3.335 -1.932 2.619 50
1.063 -0.67500001 0.81900001 25
1.085 -0.74000001 0.82300001 22
3.299 -1.631 2.6229999 51
3.372 -1.8559999 2.618 55
1.097 -0.66299999 0.83399999 5
1.102 -0.71600002 0.82200003 25
3.3239999 -1.554 2.6210001 51
3.4030001 -1.776 2.6140001 55
1.126 -0.64600003 0.84399998 14
1.1160001 -0.68900001 0.81900001 27
3.342 -1.475 2.6159999 51
3.434 -1.696 2.6110001 55
1.16 -0.63099998 0.85900003 1
1.133 -0.66399997 0.81999999 25
3.3559999 -1.395 2.608 57
3.467 -1.619 2.612 54
3.573 -1.8430001 2.615 52
1.158 -0.64499998 0.82599998 21
3.3829999 -1.3200001 2.612 57
3.4890001 -1.536 2.605 55
3.612 -1.762 2.6140001 51
1.196 -0.63 0.84200001 12
3.4000001 -1.243 2.609 60
3.5179999 -1.456 2.605 54
3.648 -1.679 2.6110001 54
1.238 -0.61699998 0.86000001 2
3.408 -1.163 2.6010001 58
3.543 -1.376 2.6029999 54
3.6819999 -1.596 2.609 51
3.822 -1.7970001 2.6240001 48
3.4260001 -1.087 2.602 58
3.566 -1.296 2.6010001 56
3.7149999 -1.512 2.608 51
3.8699999 -1.7130001 2.6259999 48
3.4389999 -1.01 2.5999999 58
3.5880001 -1.215 2.598 56
3.75 -1.429 2.608 51
3.918 -1.628 2.6289999 50
3.425 -0.926 2.579 57
3.6099999 -1.1339999 2.599 58
3.777 -1.342 2.605 56
3.951 -1.536 2.625 51
3.1919999 -0.79000002 2.3940001 61
3.6300001 -1.053 2.598 58
3.802 -1.256 2.602 58
3.987 -1.446 2.6229999 49
3.1830001 -0.71499997 2.3800001 51
3.6400001 -0.97000003 2.592 57
3.822 -1.1670001 2.5969999 59
4.0170002 -1.354 2.619 50
1.924 -0.389 1.4349999 18
3.5940001 -0.87400001 2.5469999 100
3.846 -1.081 2.596 60
4.0419998 -1.26 2.6129999 53
1.982 -0.35699999 1.475 85
3.3670001 -0.74000001 2.375 54
3.8640001 -0.99299997 2.592 58
4.0710001 -1.1670001 2.6110001 53
3.204 -0.50700003 2.3789999 49
1.923 -0.37900001 1.352 14
3.878 -0.90399998 2.586 62
4.098 -1.073 2.6099999 52
3.2060001 -0.43700001 2.3759999 50
2.184 -0.38 1.531 19
1.944 -0.40700001 1.29 13
4.1100001 -0.97500002 2.5999999 55
3.207 -0.368 2.3759999 51
3.3959999 -0.51499999 2.3729999 48
1.997 -0.37099999 1.319 150
1.975 -0.41999999 1.242 14
3.201 -0.29800001 2.369 54
3.4000001 -0.43900001 2.3710001 49
3.595 -0.58399999 2.365 51
2.0420001 -0.38600001 1.277 150
3.1930001 -0.229 2.362 50
3.4059999 -0.36399999 2.3699999 56
3.622 -0.505 2.375 50
2.1689999 -0.35800001 1.35 10
3.1889999 -0.161 2.3599999 54
3.3970001 -0.28799999 2.3599999 56
3.622 -0.42199999 2.368 51
3.8380001 -0.54299998 2.378 54
3.184 -0.093000002 2.358 57
3.3929999 -0.213 2.3559999 54
3.6300001 -0.34 2.368 54
3.8570001 -0.454 2.382 45
3.1719999 -0.026000001 2.3510001 54
3.395 -0.138 2.3570001 53
3.631 -0.257 2.3640001 53
3.8670001 -0.36399999 2.3800001 57
3.1700001 0.041000001 2.352 53
3.3870001 -0.064000003 2.3510001 54
3.628 -0.17399999 2.359 52
3.875 -0.27500001 2.3789999 58
3.1570001 0.107 2.3469999 52
3.3789999 0.0099999998 2.346 54
3.6259999 -0.092 2.3559999 52
3.8740001 -0.184 2.3740001 58
3.145 0.17299999 2.3429999 54
3.3710001 0.083999999 2.3429999 57
3.6170001 -0.0099999998 2.349 51
3.8699999 -0.093000002 2.369 58
3.1340001 0.23899999 2.3410001 60
3.3610001 0.15700001 2.3399999 57
3.6059999 0.071999997 2.342 51
3.8670001 -0.003 2.3640001 59
3.1229999 0.30500001 2.3399999 61
3.3499999 0.23 2.336 59
3.598 0.153 2.339 50
3.865 0.086000003 2.3629999 60
3.108 0.36899999 2.336 57
3.3399999 0.30399999 2.335 61
3.589 0.234 2.336 51
3.8469999 0.176 2.3529999 55
3.098 0.43399999 2.3369999 58
3.326 0.37599999 2.332 65
3.5739999 0.315 2.3310001 50
3.8410001 0.266 2.352 62
3.0810001 0.498 2.3340001 67
3.312 0.44800001 2.329 67
3.5669999 0.39700001 2.332 52
3.829 0.35499999 2.349 60
3.052 0.55900002 2.322 55
3.296 0.51899999 2.3269999 60
3.55 0.47600001 2.3280001 55
3.812 0.44400001 2.3429999 61
3.0350001 0.62199998 2.3199999 55
3.279 0.59100002 2.325 65
3.529 0.55500001 2.322 56
3.7939999 0.53299999 2.339 62
3.016 0.68400002 2.3180001 52
3.257 0.66100001 2.3199999 64
3.5150001 0.63499999 2.322 55
3.7809999 0.62099999 2.339 62
2.997 0.74599999 2.316 58
3.2379999 0.73100001 2.3180001 66
3.497 0.71499997 2.3210001 55
3.7590001 0.70899999 2.335 61
2.98 0.80800003 2.3169999 59
3.221 0.801 2.319 68
3.474 0.79299998 2.3180001 60
3.743 0.79699999 2.336 61
2.9560001 0.86900002 2.3139999 60
3.1930001 0.86900002 2.313 71
3.4489999 0.87099999 2.3150001 63
3.7090001 0.88200003 2.3269999 61
2.925 0.92699999 2.306 56
3.1730001 0.93900001 2.313 70
3.4189999 0.94700003 2.309 62
3.677 0.96700001 2.322 64
2.9059999 0.98799998 2.3080001 60
3.1440001 1.006 2.3099999 67
3.3840001 1.021 2.3010001 61
3.651 1.053 2.3199999 66
2.8789999 1.046 2.303 60
3.1140001 1.072 2.3050001 63
3.3610001 1.098 2.302 65
3.6240001 1.138 2.3199999 65
2.848 1.102 2.2969999 58
3.092 1.141 2.3069999 67
3.3269999 1.1720001 2.2980001 61
3.5899999 1.221 2.3169999 62
2.8269999 1.163 2.3 60
3.0599999 1.205 2.303 70
3.299 1.248 2.2980001 61
3.5580001 1.3049999 2.316 61
2.799 1.22 2.2980001 62
3.026 1.27 2.299 55
3.2679999 1.322 2.2980001 58
3.52 1.387 2.3139999 61
2.7639999 1.274 2.2920001 57
2.9979999 1.336 2.3010001 72
3.23 1.3940001 2.2939999 62
3.4749999 1.465 2.3069999 60
2.7360001 1.331 2.2909999 62
2.9560001 1.396 2.2920001 67
3.1889999 1.4630001 2.289 58
3.4360001 1.545 2.306 60
2.7049999 1.386 2.289 63
2.9200001 1.4579999 2.289 71
3.1489999 1.533 2.286 57
3.3889999 1.622 2.3 59
2.6700001 1.4400001 2.2850001 58
2.8859999 1.52 2.289 60
3.1059999 1.601 2.2820001 54
3.3399999 1.697 2.2950001 59
2.641 1.495 2.286 58
2.848 1.581 2.2850001 59
3.063 1.669 2.2780001 59
3.2969999 1.775 2.296 58
2.6010001 1.545 2.2780001 60
2.8050001 1.6390001 2.28 63
3.0190001 1.7359999 2.276 56
3.2390001 1.844 2.286 62
2.5669999 1.598 2.277 57
2.7679999 1.7 2.2809999 64
2.9690001 1.799 2.27 54
3.184 1.915 2.2820001 57
2.5369999 1.654 2.2809999 66
2.7279999 1.7589999 2.279 62
2.9230001 1.864 2.2690001 50
3.1370001 1.99 2.283 62
2.4949999 1.702 2.2739999 57
2.681 1.812 2.273 57
2.878 1.9299999 2.2690001 55
3.0799999 2.0569999 2.2780001 58
2.457 1.751 2.2709999 59
2.6429999 1.873 2.276 64
2.8310001 1.994 2.2690001 53
3.0190001 2.1229999 2.273 61
2.421 1.803 2.2709999 49
2.595 1.925 2.2709999 61
2.777 2.053 2.2639999 52
2.967 2.194 2.2750001 60
2.382 1.853 2.27 60
2.543 1.975 2.263 63
2.723 2.112 2.2609999 53
2.9070001 2.2579999 2.2709999 57
2.3410001 1.9 2.267 62
2.5020001 2.0320001 2.266 58
2.6730001 2.1730001 2.2620001 54
2.846 2.322 2.2690001 57
2.3010001 1.949 2.266 63
2.451 2.0829999 2.2620001 64
2.612 2.2249999 2.2550001 58
2.786 2.3859999 2.2690001 57
2.2579999 1.995 2.2639999 62
2.404 2.135 2.2609999 66
2.5610001 2.286 2.257 61
2.72 2.444 2.2639999 55
2.2130001 2.0380001 2.2590001 57
2.3570001 2.188 2.2620001 64
2.5050001 2.3410001 2.256 59
2.665 2.513 2.2720001 45
2.1689999 2.0829999 2.257 57
2.3080001 2.2390001 2.263 71
2.4430001 2.3900001 2.2509999 51
2.6010001 2.572 2.2720001 38
2.1270001 2.1289999 2.257 49
2.256 2.286 2.26 59
2.401 2.4590001 2.2650001 44
2.53 2.6240001 2.267 37
2.079 2.171 2.2539999 51
2.2030001 2.3329999 2.2579999 59
2.336 2.506 2.26 43
2.46 2.6760001 2.2639999 37
2.036 2.217 2.2550001 58
2.152 2.381 2.2579999 50
2.2709999 2.552 2.256 43
2.3889999 2.727 2.2609999 37
1.99 2.2590001 2.253 57
2.096 2.425 2.256 59
2.2119999 2.6040001 2.2579999 43
2.3169999 2.777 2.26 38
1.941 2.299 2.25 53
2.0439999 2.4719999 2.2579999 63
2.1440001 2.645 2.2520001 44
2.243 2.822 2.256 39
1.8940001 2.3410001 2.2509999 57
1.983 2.5079999 2.2509999 71
2.0680001 2.6760001 2.2390001 48
2.1670001 2.865 2.2520001 39
1.844 2.3789999 2.247 55
1.9220001 2.5450001 2.2449999 67
2.006 2.7219999 2.2409999 55
2.096 2.9130001 2.2539999 45
1.793 2.4159999 2.2449999 55
1.865 2.5869999 2.2449999 67
1.936 2.7579999 2.2360001 53
2.007 2.9360001 2.2379999 55
1.744 2.457 2.2460001 58
1.807 2.6259999 2.244 65
1.868 2.796 2.233 52
1.933 2.9779999 2.2379999 55
1.6900001 2.4890001 2.24 52
1.743 2.6559999 2.237 64
1.8049999 2.8410001 2.2379999 27
0 0 0 0
1.6390001 2.526 2.24 52
0 0 0 0
0 0 0 0
0.27200001 0.46700001 0.34200001 9
0 0 0 0
0.271 0.456 0.37400001 9
0.26699999 0.46599999 0.35800001 7
0 0 0 0
0.26499999 0.44800001 0.38600001 10
0 0 0 0
0.248 0.458 0.347 8
0.242 0.465 0.333 9
0.25299999 0.44999999 0.38299999 9
0.244 0.45500001 0.36399999 7
0.23800001 0.465 0.34900001 7
1.536 3.131 2.2219999 55
0.241 0.45100001 0.37900001 9
0.233 0.45899999 0.36300001 7
1.448 2.9949999 2.2249999 51
1.459 3.1630001 2.224 56
0 0 0 0
1.37 2.848 2.2260001 50
1.377 3.023 2.224 57
1.3789999 3.187 2.223 52
0 0 0 0
1.312 2.8900001 2.2360001 68
1.302 3.0420001 2.2179999 53
1.296 3.204 2.217 52
1.2539999 2.7490001 2.2309999 10
1.24 2.8989999 2.2219999 61
1.227 3.0610001 2.214 55
1.216 3.2260001 2.217 52
1.1950001 2.7739999 2.227 54
1.175 2.9230001 2.22 59
1.156 3.086 2.2149999 54
1.1339999 3.2420001 2.214 54
1.135 2.7969999 2.223 47
1.109 2.9489999 2.22 57
1.08 3.102 2.2119999 53
1.051 3.2539999 2.21 57
1.0779999 2.8269999 2.2260001 50
1.041 2.9649999 2.2149999 60
1.007 3.1240001 2.2130001 55
0.97100002 3.27 2.21 55
1.017 2.848 2.2219999 54
0.97500002 2.987 2.2149999 55
0.93400002 3.138 2.21 54
0.88999999 3.28 2.207 52
0.95700002 2.869 2.2190001 52
0.90899998 3.0079999 2.2149999 56
0.85900003 3.154 2.2090001 55
0.80900002 3.29 2.2060001 51
0.89700001 2.892 2.2190001 55
0.84200001 3.0250001 2.2130001 60
0.78399998 3.164 2.207 45
0.72600001 3.2920001 2.201 51
0.83399999 2.9070001 2.2130001 44
0.773 3.0350001 2.2079999 54
0.70999998 3.177 2.2060001 52
0.64600003 3.303 2.204 55
0.77200001 2.927 2.2119999 49
0.70499998 3.052 2.2079999 56
0.63300002 3.181 2.2019999 57
0.56400001 3.3 2.1989999 54
0.70999998 2.947 2.2130001 54
0.63599998 3.066 2.2079999 54
0.55900002 3.1919999 2.204 56
0.484 3.3080001 2.2019999 55
0.64700001 2.964 2.211 56
0.56599998 3.072 2.204 54
0.484 3.1930001 2.2 65
0.403 3.3069999 2.2 54
0.58399999 2.9779999 2.2090001 52
0.49900001 3.0840001 2.2030001 56
0.40900001 3.191 2.194 52
0.32300001 3.2980001 2.1949999 55
0.52100003 2.993 2.2079999 54
0.43000001 3.095 2.204 59
0.33500001 3.194 2.194 52
0 0 0 0
0.45699999 3.0050001 2.2060001 55
0.361 3.0999999 2.2019999 56
0.25999999 3.194 2.1930001 42
0.02 0.40799999 0.27200001 7
0.391 3.01 2.2 50
0.29100001 3.102 2.198 55
0 0 0 0
0 0 0 0
0.32699999 3.026 2.2030001 54
0.22 3.096 2.191 15
0.014 0.412 0.28299999 6
0 0.414 0.27700001 7
0.26100001 3.033 2.201 53
0 0 0 0
0 0 0 0
0 0 0 0
0 0 0 0
0.0099999998 0.40900001 0.289 6
-0.0040000002 0.419 0.28799999 6
-0.017999999 0.41 0.27700001 7
0.017999999 0.419 0.30199999 7
0 0 0 0
0 0 0 0
0 0 0 0
0 0 0 0
-0.0070000002 0.41 0.28999999 6
-0.023 0.417 0.28799999 6
-0.037 0.40599999 0.27599999 7
0 0.41299999 0.29699999 7
0 0 0 0
0 0 0 0
-0.37200001 3.1849999 2.1849999 44
0 0 0 0
-0.025 0.40099999 0.28400001 6
-0.041999999 0.40700001 0.28400001 5
-0.447 3.168 2.187 70
-0.017000001 0.39700001 0.28400001 6
0 0 0 0
-0.39500001 3.1140001 2.1830001 48
-0.51899999 3.1359999 2.1800001 54
0 0 0 0
-0.043000001 0.40099999 0.285 5
-0.46599999 3.098 2.1830001 54
-0.59200001 3.1199999 2.1860001 5
-0.034000002 0.39300001 0.28200001 7
-0.40000001 3.0680001 2.187 57
-0.53500003 3.075 2.1789999 53
-0.662 3.0899999 2.1819999 10
-0.33399999 3.046 2.187 28
-0.46799999 3.053 2.184 60
0 0 0 0
0 0 0 0
-0.39899999 3.033 2.1800001 50
-0.53600001 3.0450001 2.187 54
-0.67500001 3.046 2.1860001 14
0 0 0 0
-0.46700001 3.029 2.181 57
0 0 0 0
0 0 0 0
-0.87 3.0020001 2.181 3
-0.53600001 3.0250001 2.184 52
-0.67199999 3.0109999 2.184 1
0 0 0 0
-0.93800002 2.97 2.181 65
0 0 0 0
0 0 0 0
0 0 0 0
-1.003 2.9319999 2.178 56
0 0 0 0
-0.13500001 0.50099999 0.368 0
-0.94499999 2.947 2.187 6
-1.069 2.901 2.1800001 63
0 0 0 0
-0.87099999 2.9530001 2.181 3
-1.007 2.9070001 2.1789999 51
-1.132 2.865 2.1789999 56
0 0 0 0
-0.94099998 2.9449999 2.191 6
-1.072 2.8800001 2.1800001 54
-1.194 2.826 2.1789999 57
-0.86799997 2.961 2.178 4
-1.003 2.914 2.184 62
-1.137 2.852 2.1819999 54
-1.256 2.7880001 2.1800001 50
-0.93400002 2.9419999 2.1760001 60
-1.067 2.8859999 2.1819999 56
-1.2 2.8210001 2.184 52
-1.318 2.75 2.181 54
-0.99900001 2.9219999 2.174 50
-1.132 2.862 2.1830001 57
-1.263 2.7880001 2.1849999 50
-1.376 2.7060001 2.1789999 54
-1.069 2.9130001 2.1819999 53
-1.197 2.8369999 2.1849999 57
-1.325 2.7550001 2.1860001 55
-1.4349999 2.6670001 2.1819999 59
-1.135 2.8900001 2.181 55
-1.2589999 2.8050001 2.1830001 58
-1.385 2.7179999 2.1860001 50
-1.492 2.6240001 2.1830001 55
-1.2 2.868 2.181 59
-1.322 2.776 2.184 59
-1.442 2.677 2.184 55
-1.545 2.5739999 2.1789999 48
-1.266 2.8440001 2.181 56
-1.3839999 2.7449999 2.184 59
-1.5 2.638 2.1849999 56
-1.603 2.5350001 2.184 55
-1.33 2.816 2.1789999 54
-1.444 2.711 2.184 57
-1.5599999 2.602 2.1889999 48
-1.655 2.487 2.1849999 58
-1.395 2.7880001 2.1800001 56
-1.507 2.6800001 2.187 58
-1.6160001 2.559 2.1889999 56
-1.707 2.4389999 2.1849999 51
-1.459 2.76 2.1800001 58
-1.5650001 2.641 2.1849999 52
-1.6720001 2.5179999 2.191 51
-1.7589999 2.3929999 2.188 51
-1.523 2.7320001 2.1819999 53
-1.625 2.605 2.187 55
-1.725 2.473 2.1900001 56
-1.8099999 2.345 2.191 60
-1.584 2.697 2.1789999 58
-1.684 2.5680001 2.1889999 61
-1.777 2.427 2.1900001 51
-1.8559999 2.2939999 2.1900001 59
-1.647 2.664 2.1800001 55
-1.7410001 2.529 2.1889999 60
-1.8279999 2.381 2.1900001 54
-1.904 2.244 2.1930001 57
-1.709 2.6289999 2.1800001 56
-1.7970001 2.487 2.1889999 56
-1.8789999 2.335 2.1919999 53
-1.951 2.1949999 2.1960001 59
-1.767 2.589 2.178 54
-1.853 2.447 2.191 59
-1.931 2.29 2.1949999 56
-1.997 2.1440001 2.1989999 60
-1.83 2.5550001 2.181 55
-1.908 2.404 2.1930001 56
-1.979 2.2409999 2.1960001 57
-2.043 2.0940001 2.204 58
-1.8890001 2.5150001 2.181 55
-1.959 2.3559999 2.1900001 53
-2.0280001 2.194 2.2 60
-2.0769999 2.033 2.198 71
-1.946 2.473 2.1800001 56
-2.0150001 2.3139999 2.194 55
-2.073 2.142 2.1989999 48
-2.118 1.98 2.2 62
-2.01 2.437 2.187 58
-2.063 2.263 2.1919999 53
-2.119 2.0910001 2.201 60
-2.155 1.924 2.2 58
-2.0639999 2.3900001 2.1849999 54
-2.1159999 2.2179999 2.1949999 57
-2.161 2.0380001 2.2019999 56
-2.1960001 1.8710001 2.2049999 60
-2.122 2.346 2.1860001 51
-2.1689999 2.1719999 2.201 64
-2.2049999 1.987 2.2049999 62
-2.2260001 1.8099999 2.201 63
-2.1800001 2.302 2.1900001 54
-2.214 2.118 2.198 59
-2.247 1.933 2.207 58
-2.263 1.756 2.207 60
-2.2349999 2.2550001 2.191 57
-2.2609999 2.0669999 2.198 58
-2.2869999 1.8789999 2.2090001 54
-2.2939999 1.697 2.2060001 55
-2.286 2.2030001 2.1900001 58
-2.3099999 2.016 2.2030001 65
-2.3280001 1.825 2.2130001 64
-2.3269999 1.641 2.2090001 61
-2.339 2.1530001 2.191 57
-2.3540001 1.9630001 2.204 59
-2.368 1.771 2.2160001 60
-2.3570001 1.5829999 2.21 59
-2.3929999 2.1029999 2.194 53
-2.3959999 1.9069999 2.204 60
-2.4030001 1.714 2.2179999 55
-2.385 1.524 2.2119999 61
-2.4389999 2.046 2.1919999 57
-2.4419999 1.854 2.2079999 63
-2.4330001 1.653 2.2149999 59
-2.4070001 1.462 2.2090001 63
-2.4909999 1.994 2.1960001 55
-2.4820001 1.796 2.2090001 65
-2.4679999 1.596 2.2179999 52
-2.4360001 1.405 2.2130001 58
-2.5369999 1.936 2.1949999 53
-2.52 1.738 2.2090001 58
-2.5009999 1.538 2.221 63
-2.457 1.344 2.2119999 60
-2.5829999 1.8789999 2.1960001 54
-2.563 1.683 2.214 54
-2.5280001 1.476 2.22 51
-2.4809999 1.285 2.2149999 58
-2.6370001 1.826 2.2049999 48
-2.596 1.62 2.2119999 49
-2.5550001 1.416 2.22 49
-2.506 1.227 2.2190001 57
-2.687 1.771 2.2119999 57
-2.632 1.5599999 2.214 61
-2.5910001 1.36 2.2290001 58
-2.527 1.168 2.221 45
-2.727 1.7079999 2.211 54
-2.671 1.502 2.2190001 59
-2.6129999 1.2970001 2.227 55
-2.543 1.1059999 2.22 53
-2.7709999 1.647 2.214 58
-2.7 1.438 2.2179999 63
-2.6359999 1.234 2.227 50
-2.562 1.0470001 2.224 54
-2.8080001 1.582 2.2130001 56
-2.7309999 1.375 2.2179999 65
-2.658 1.1720001 2.227 60
-2.5799999 0.98699999 2.2279999 68
-2.8410001 1.515 2.211 58
-2.76 1.311 2.22 65
-2.677 1.109 2.227 55
-2.5899999 0.92500001 2.2249999 72
-2.885 1.4529999 2.2179999 59
-2.789 1.248 2.2219999 64
-2.6960001 1.046 2.2279999 61
-2.6059999 0.86500001 2.2290001 71
-2.9189999 1.386 2.2179999 60
-2.8139999 1.182 2.2219999 58
-2.7160001 0.98400003 2.2309999 60
-2.6159999 0.80500001 2.2290001 77
-2.9460001 1.3150001 2.2160001 54
-2.8410001 1.118 2.2249999 63
-2.734 0.92199999 2.233 63
-2.6270001 0.74400002 2.2309999 71
-2.984 1.249 2.2219999 55
-2.865 1.052 2.227 64
-2.75 0.85799998 2.234 65
-2.6400001 0.685 2.2349999 70
-3.007 1.177 2.2179999 57
-2.8870001 0.98500001 2.2279999 65
-2.766 0.79500002 2.237 65
-2.645 0.62400001 2.234 77
-3.0350001 1.107 2.2190001 57
-2.9089999 0.91900003 2.2320001 67
-2.7809999 0.73199999 2.24 65
-2.6530001 0.56400001 2.237 74
-3.0739999 1.04 2.23 60
-2.9260001 0.85100001 2.2309999 64
-2.7850001 0.66600001 2.2360001 67
-2.6559999 0.50300002 2.2360001 65
-3.0940001 0.96700001 2.2279999 55
-2.9430001 0.78299999 2.233 67
-2.7969999 0.60299999 2.2390001 72
-2.6619999 0.44400001 2.24 67
-3.1140001 0.89300001 2.227 60
-2.9590001 0.71499997 2.2349999 70
-2.806 0.53899997 2.24 68
-2.664 0.384 2.2409999 70
-3.1389999 0.82099998 2.2320001 65
-2.9749999 0.64700001 2.2379999 67
-2.8099999 0.47499999 2.2390001 63
-2.6689999 0.32499999 2.244 69
-3.1570001 0.74699998 2.233 64
-2.9860001 0.57800001 2.2379999 69
-2.822 0.412 2.2460001 65
-2.6659999 0.26499999 2.243 69
-3.1730001 0.67199999 2.233 66
-3 0.509 2.2420001 65
-2.829 0.34799999 2.2490001 67
-2.6619999 0.206 2.243 62
-3.188 0.597 2.234 64
-3.0039999 0.43900001 2.24 57
-2.826 0.28400001 2.2460001 66
-2.6659999 0.148 2.2490001 68
-3.2 0.52100003 2.2360001 64
-3.0109999 0.37 2.2409999 60
-2.832 0.22 2.2509999 63
-2.658 0.089000002 2.2449999 71
-3.2090001 0.44499999 2.2349999 64
-3.026 0.301 2.2490001 69
-2.832 0.15700001 2.2520001 65
-2.6559999 0.030999999 2.2490001 69
-3.2219999 0.37 2.2390001 59
-3.027 0.23100001 2.2490001 68
-2.829 0.093000002 2.2520001 63
-2.6530001 -0.026000001 2.253 62
-3.2320001 0.294 2.2420001 66
-3.029 0.161 2.25 68
-2.829 0.029999999 2.256 65
-2.6489999 -0.083999999 2.256 69
-1.9809999 0.133 1.373 2
-3.03 0.090999998 2.2520001 70
-2.8269999 -0.032000002 2.2590001 66
-2.6400001 -0.141 2.256 61
-1.959 0.085000001 1.357 6
-3.03 0.021 2.2539999 70
-2.8199999 -0.094999999 2.2590001 60
-2.6340001 -0.198 2.2609999 72
-1.95 0.037999999 1.351 7
-3.0280001 -0.046999998 2.256 69
-2.8139999 -0.15700001 2.2609999 57
-2.625 -0.25400001 2.2620001 64
-1.98 -0.0070000002 1.373 2
-3.0239999 -0.117 2.2579999 67
-2.8050001 -0.22 2.2620001 62
-2.6140001 -0.31 2.2639999 68
-3.2420001 -0.089000002 2.2520001 55
-3.0150001 -0.186 2.257 59
-2.7980001 -0.28200001 2.2650001 63
-2.6070001 -0.36700001 2.27 68
-3.2390001 -0.16599999 2.2550001 57
-3.013 -0.25600001 2.263 63
-2.7920001 -0.345 2.27 67
-2.596 -0.42199999 2.273 72
-3.2320001 -0.243 2.2550001 54
-3.0050001 -0.32499999 2.2650001 63
-2.78 -0.40599999 2.2720001 62
-2.5810001 -0.477 2.273 69
-3.233 -0.32100001 2.2639999 55
-2.997 -0.39399999 2.2690001 66
-2.766 -0.46700001 2.2720001 62
-2.5680001 -0.53200001 2.276 67
-3.2219999 -0.39700001 2.2650001 57
-2.983 -0.46200001 2.27 65
-2.7539999 -0.528 2.276 64
-2.5550001 -0.58700001 2.28 68
-3.21 -0.47299999 2.267 55
-2.973 -0.53100002 2.2739999 66
-2.7420001 -0.58899999 2.28 70
-2.5380001 -0.63999999 2.2820001 61
-3.1989999 -0.551 2.2720001 57
-2.9590001 -0.59899998 2.2780001 69
-2.7260001 -0.64999998 2.283 71
-2.52 -0.69300002 2.283 69
-3.188 -0.62699997 2.277 56
-2.941 -0.667 2.279 66
-2.7119999 -0.70999998 2.2880001 67
-2.5039999 -0.74699998 2.2869999 67
-3.1689999 -0.70200002 2.2780001 60
-2.9289999 -0.73500001 2.2850001 64
-2.694 -0.76899999 2.29 66
-2.484 -0.79900002 2.2880001 68
-3.1530001 -0.778 2.283 56
-2.9119999 -0.80299997 2.29 62
-2.6719999 -0.82800001 2.2909999 69
-2.4660001 -0.85100001 2.2920001 68
-3.131 -0.85299999 2.2839999 57
-2.8889999 -0.86799997 2.29 66
-2.654 -0.88700002 2.2950001 70
-2.4460001 -0.903 2.2950001 73
-3.108 -0.926 2.2869999 66
-2.8640001 -0.93400002 2.2909999 67
-2.631 -0.94499999 2.2969999 68
-2.4219999 -0.95300001 2.2950001 69
-3.0880001 -1.001 2.2939999 61
-2.8380001 -0.99800003 2.2920001 71
-2.6040001 -1.001 2.296 64
-2.401 -1.0039999 2.2980001 67
-3.0599999 -1.074 2.2950001 58
-2.8110001 -1.062 2.293 65
-2.5829999 -1.059 2.302 66
-2.378 -1.054 2.3 67
-3.023 -1.143 2.2920001 57
-2.7839999 -1.126 2.296 68
-2.5550001 -1.113 2.3010001 62
-2.352 -1.103 2.3010001 62
-2.9979999 -1.216 2.2980001 57
-2.7539999 -1.188 2.2969999 63
-2.526 -1.168 2.302 57
-2.3280001 -1.152 2.3050001 60
-2.9660001 -1.2869999 2.3010001 57
-2.727 -1.252 2.302 58
-2.5020001 -1.224 2.3080001 48
-2.3010001 -1.2 2.306 59
-2.928 -1.355 2.3010001 50
-2.697 -1.314 2.3050001 51
-2.473 -1.278 2.3099999 47
-2.2709999 -1.2460001 2.3050001 52
-3.1630001 -1.556 2.52 54
-2.9170001 -1.505 2.5280001 50
-2.6459999 -1.443 2.5050001 150
-2.2620001 -1.303 2.326 51
-3.1259999 -1.632 2.5250001 40
-2.859 -1.559 2.5109999 44
-2.615 -1.501 2.51 40
-2.4130001 -1.459 2.516 38
-3.075 -1.701 2.5220001 36
-2.8429999 -1.637 2.5339999 43
-2.6129999 -1.5779999 2.5439999 42
-2.398 -1.52 2.536 44
-3.0350001 -1.775 2.529 28
-2.806 -1.7029999 2.54 35
-2.573 -1.632 2.543 41
-2.365 -1.569 2.5380001 44
-2.987 -1.844 2.5309999 23
-2.7550001 -1.76 2.5350001 32
-2.5320001 -1.6849999 2.543 40
-2.3299999 -1.618 2.539 45
-2.937 -1.9119999 2.533 21
-2.711 -1.821 2.5369999 33
-2.4949999 -1.7410001 2.5469999 41
-2.2939999 -1.664 2.539 45
-2.888 -1.9809999 2.5369999 20
-2.665 -1.881 2.539 33
-2.45 -1.79 2.543 42
-2.2590001 -1.7130001 2.543 44
-2.836 -2.046 2.539 22
-2.619 -1.9400001 2.5420001 35
-2.4100001 -1.844 2.5469999 42
-2.2260001 -1.762 2.5480001 45
-2.766 -2.099 2.527 22
-2.5699999 -1.997 2.543 39
-2.368 -1.896 2.55 43
-2.1830001 -1.804 2.5439999 45
-2.73 -2.177 2.5480001 30
-2.516 -2.05 2.54 45
-2.323 -1.944 2.549 43
-2.1459999 -1.85 2.546 45
-2.6730001 -2.2379999 2.55 37
-2.4660001 -2.105 2.5420001 46
-2.2820001 -1.998 2.556 48
-2.1029999 -1.891 2.5439999 45
-2.6099999 -2.2950001 2.549 39
-2.4189999 -2.1630001 2.55 47
-2.22 -2.0309999 2.5380001 40
-2.0650001 -1.936 2.5469999 53
-2.549 -2.3510001 2.5510001 43
-2.3629999 -2.2130001 2.5480001 49
-2.187 -2.0899999 2.5550001 51
-2.0250001 -1.979 2.55 57
-2.4809999 -2.401 2.546 51
-2.309 -2.2639999 2.55 51
-2.1440001 -2.1400001 2.5610001 51
-1.977 -2.0150001 2.543 59
-2.4189999 -2.4560001 2.549 56
-2.2579999 -2.3169999 2.556 52
-2.092 -2.1819999 2.559 54
-1.9400001 -2.0599999 2.55 54
-2.358 -2.5120001 2.5539999 56
-2.2030001 -2.368 2.5599999 54
-2.043 -2.2260001 2.5599999 53
-1.901 -2.1059999 2.5580001 59
-2.2939999 -2.5639999 2.5580001 57
-2.1429999 -2.4119999 2.559 60
-1.994 -2.2709999 2.5639999 56
-1.8559999 -2.1440001 2.5580001 52
-2.223 -2.608 2.5550001 58
-2.0780001 -2.45 2.553 59
-1.943 -2.3139999 2.566 58
-1.811 -2.1819999 2.5580001 57
-2.075 -2.556 2.461 150
-2.0250001 -2.5020001 2.563 55
-1.89 -2.352 2.5650001 52
-1.767 -2.221 2.5599999 58
-2.0940001 -2.7090001 2.5680001 57
-1.964 -2.5439999 2.5639999 55
-1.837 -2.392 2.566 54
-1.722 -2.2590001 2.562 54
-0.66299999 -0.90200001 0.84200001 12
-1.905 -2.5869999 2.5680001 54
-1.7869999 -2.434 2.572 51
-1.677 -2.2980001 2.566 49
-0.62800002 -0.89899999 0.82700002 6
-1.845 -2.6300001 2.572 55
-1.732 -2.47 2.572 50
-1.6289999 -2.3329999 2.5669999 54
-0.59500003 -0.89600003 0.81300002 7
-0.58999997 -0.884 0.85299999 1
-1.678 -2.5079999 2.5739999 50
-1.58 -2.3659999 2.566 54
-0.56800002 -0.903 0.81 6
-0.565 -0.88999999 0.84799999 7
-1.623 -2.5450001 2.5780001 52
-1.531 -2.398 2.566 54
-0.55199999 -0.92400002 0.81999999 2
-1.654 -2.7420001 2.5799999 4
-1.5650001 -2.576 2.575 52
-1.484 -2.4349999 2.572 51
-0.54699999 -0.96799999 0.84899998 2
-0.54000002 -0.94300002 0.87699997 2
-0.54400003 -0.94099998 0.93000001 2
-0.54400003 -0.93599999 0.97600001 2
0 0 0 0
-0.53299999 -0.98199999 0.90399998 2
-0.54400003 -0.99000001 0.96700001 0
-0.542 -0.97899997 1.0089999 2
-0.48199999 -0.958 0.824 0
-0.49599999 -0.96700001 0.88 5
-0.50099999 -0.96100003 0.92799997 5
-0.50599998 -0.96100003 0.97899997 5
-0.45300001 -0.95599997 0.815 5
-0.463 -0.954 0.861 0
-0.47499999 -0.96100003 0.91900003 0
-0.47799999 -0.95599997 0.96200001 4
-0.421 -0.94499999 0.80000001 0
-0.43799999 -0.95899999 0.85799998 5
-0.44400001 -0.95200002 0.90100002 5
-0.44999999 -0.94800001 0.94499999 4
-0.39500001 -0.949 0.79799998 5
-0.40599999 -0.94599998 0.83899999 1
-0.41600001 -0.94499999 0.88700002 0
-0.43000001 -0.95599997 0.94199997 0
-0.36899999 -0.94999999 0.79299998 0
-0.37 -0.91799998 0.80800003 4
0 0 0 0
0 0 0 0
-0.354 -0.98000002 0.81400001 6
-0.35100001 -0.93199998 0.81400001 6
-0.347 -0.88999999 0.82099998 5
-0.34599999 -0.86299998 0.83499998 6
-0.331 -0.98799998 0.81699997 4
-0.33000001 -0.94 0.81699997 4
-0.32699999 -0.898 0.82200003 5
-0.324 -0.86000001 0.82499999 6
-0.287 -0.93099999 0.76599997 0
-0.30599999 -0.94 0.81199998 4
-0.30599999 -0.898 0.81599998 5
-0.30500001 -0.86500001 0.82300001 6
-0.27000001 -0.954 0.78200001 0
-0.28 -0.93300003 0.801 0
-0.28299999 -0.89399999 0.80699998 0
-0.285 -0.86500001 0.81599998 6
-0.25099999 -0.97500002 0.79699999 3
0 0 0 0
-0.266 -0.90899998 0.81599998 7
-0.26699999 -0.87099999 0.815 7
-0.23100001 -0.99599999 0.81199998 0
-0.242 -0.963 0.81999999 5
-0.24699999 -0.921 0.82099998 6
-0.25 -0.88 0.81800002 7
-0.20200001 -0.97600001 0.79400003 4
-0.21699999 -0.958 0.81300002 6
-0.227 -0.926 0.82099998 6
-0.23100001 -0.88499999 0.81800002 6
-0.184 -1.007 0.81800002 0
-0.19599999 -0.963 0.815 3
-0.207 -0.93000001 0.82099998 6
-0.213 -0.89099997 0.81800002 7
-0.15899999 -1.006 0.81800002 5
-0.17200001 -0.95499998 0.80599999 2
-0.18799999 -0.93800002 0.82499999 6
-0.19499999 -0.89899999 0.81999999 6
-0.13500001 -1.0039999 0.815 1
-0.15000001 -0.95899999 0.80699998 0
-0.167 -0.93900001 0.82200003 6
-0.177 -0.90700001 0.82300001 6
-0.111 -1.0089999 0.81999999 2
-0.127 -0.95599997 0.80400002 0
-0.146 -0.94300002 0.82300001 6
-0.15800001 -0.90799999 0.81999999 6
-0.086999997 -1.002 0.815 3
0 0 0 0
-0.125 -0.94199997 0.81999999 7
-0.139 -0.91399997 0.82200003 6
-0.063000001 -1.0039999 0.81900001 4
-0.083999999 -0.96200001 0.80800003 0
-0.105 -0.94800001 0.82300001 6
-0.12 -0.92000002 0.82300001 7
-0.039000001 -1.003 0.81999999 4
0 0 0 0
-0.083999999 -0.94499999 0.81900001 7
-0.101 -0.92199999 0.82200003 7
-0.016000001 -0.99900001 0.81900001 5
-0.039999999 -0.95700002 0.80500001 0
-0.063000001 -0.94700003 0.81999999 4
-0.082000002 -0.93000001 0.82599998 7
0.0070000002 -0.99800003 0.82099998 5
0 0 0 0
-0.041999999 -0.94 0.81300002 3
-0.061999999 -0.926 0.82099998 7
0.029999999 -1.001 0.82599998 5
0.0020000001 -0.95200002 0.80299997 0
-0.022 -0.94300002 0.815 1
-0.043000001 -0.92799997 0.81999999 7
0.054000001 -0.99299997 0.824 5
0.024 -0.95300001 0.80500001 0
-0.001 -0.94400001 0.815 1
-0.023 -0.93199998 0.82200003 7
0.075999998 -0.98000002 0.81699997 4
0.045000002 -0.94700003 0.80199999 0
0.017999999 -0.93199998 0.80500001 0
-0.0040000002 -0.92799997 0.81699997 8
0.098999999 -0.977 0.81900001 3
0.067000002 -0.95200002 0.80900002 0
0.037999999 -0.93400002 0.80699998 0
0.015 -0.93199998 0.81900001 7
0.121 -0.97000003 0.81800002 2
0.088 -0.94499999 0.80599999 0
0.059 -0.93000001 0.80500001 0
0.035 -0.93800002 0.82300001 6
0.142 -0.958 0.81300002 0
0.109 -0.93900001 0.80400002 0
0.079000004 -0.92699999 0.80400002 0
0.054000001 -0.92799997 0.815 4
0.163 -0.94400001 0.80800003 0
0.13 -0.93800002 0.80699998 0
0.098999999 -0.92400002 0.80199999 0
0.074000001 -0.93099999 0.81699997 2
0 0 0 0
0.149 -0.92299998 0.79799998 0
0.119 -0.92299998 0.80299997 0
0.093999997 -0.92699999 0.81400001 1
0.204 -0.926 0.80500001 0
0.17200001 -0.92900002 0.80800003 0
0.14 -0.92400002 0.80699998 0
0.113 -0.92000002 0.80900002 1
0 0 0 0
0.19 -0.91399997 0.80000001 0
0.15899999 -0.91799998 0.80500001 0
0.132 -0.917 0.80599999 1
0.245 -0.90700001 0.80299997 0
0.212 -0.91500002 0.80599999 0
0.18000001 -0.91600001 0.80599999 0
0.153 -0.917 0.80800003 1
0.26499999 -0.898 0.80299997 0
0.23199999 -0.90799999 0.80599999 0
0.2 -0.91600001 0.80900002 0
0.17200001 -0.912 0.80500001 1
0.28600001 -0.89200002 0.80599999 1
0.25299999 -0.90399998 0.80800003 0
0.219 -0.90700001 0.80599999 0
0.191 -0.90899998 0.80400002 0
0.30899999 -0.89300001 0.81599998 2
0.27399999 -0.90200001 0.81199998 1
0.241 -0.90799999 0.81 1
0.212 -0.91100001 0.80900002 0
0.33199999 -0.89200002 0.82499999 7
0.294 -0.89499998 0.81300002 3
0.26100001 -0.90499997 0.81300002 1
0.23100001 -0.90499997 0.80599999 0
0.34900001 -0.87699997 0.82099998 7
0.31600001 -0.89399999 0.81999999 5
0.28099999 -0.90100002 0.81400001 2
0.252 -0.90600002 0.81 0
0.36899999 -0.86900002 0.824 7
0.33500001 -0.88499999 0.81999999 6
0.301 -0.89499998 0.815 3
0.271 -0.89700001 0.80599999 1
0.38800001 -0.85799998 0.82499999 7
0.35600001 -0.87900001 0.82300001 6
0.32499999 -0.90100002 0.82599998 5
0.292 -0.898 0.81 1
0.40599999 -0.84500003 0.824 7
0.37400001 -0.86900002 0.82200003 6
0.34200001 -0.88499999 0.81800002 7
0.31299999 -0.89499998 0.81199998 1
0.42500001 -0.83399999 0.82499999 7
0.39300001 -0.85900003 0.82200003 6
0.36199999 -0.88099998 0.82099998 7
0.33399999 -0.89399999 0.81599998 2
0.44100001 -0.81900001 0.82300001 7
0.41100001 -0.84799999 0.82099998 6
0.38100001 -0.87099999 0.81900001 7
0.354 -0.88800001 0.81599998 3
0.456 -0.80299997 0.81900001 7
0.43000001 -0.838 0.82200003 6
0.40000001 -0.86299998 0.81900001 7
0.37400001 -0.88099998 0.815 4
0.47499999 -0.79400003 0.82300001 7
0.44800001 -0.82700002 0.82200003 6
0.421 -0.85699999 0.82200003 7
0.398 -0.88499999 0.82499999 6
0.486 -0.77200001 0.815 7
0.465 -0.815 0.82200003 6
0.43799999 -0.84500003 0.81900001 7
0.41600001 -0.87400001 0.82200003 7
0.50599998 -0.76499999 0.82200003 7
0.48300001 -0.80500001 0.824 6
0.45699999 -0.838 0.82099998 7
0.435 -0.866 0.82099998 7
0.52100003 -0.75 0.82099998 7
0.50199997 -0.79500002 0.82499999 6
0.47600001 -0.82800001 0.82099998 7
0.456 -0.85900003 0.82300001 7
0.54000002 -0.741 0.82700002 6
0.514 -0.77600002 0.81900001 6
0.49700001 -0.82200003 0.82499999 7
0.477 -0.85399997 0.82599998 7
0.55900002 -0.73299998 0.83399999 6
0.52999997 -0.76300001 0.81800002 6
0.51200002 -0.80699998 0.82099998 7
0.49700001 -0.84500003 0.82499999 7
0.583 -0.72899997 0.847 6
0.54699999 -0.75099999 0.81900001 6
0.52999997 -0.79500002 0.82099998 7
0.51200002 -0.82999998 0.81999999 7
0.59899998 -0.71600002 0.85000002 2
0.56300002 -0.73900002 0.81999999 6
0.54500002 -0.78100002 0.81800002 7
0.53399998 -0.82300001 0.824 7
1.888 -2.154 2.6159999 5
0.58499998 -0.73199999 0.82800001 5
0.56199998 -0.76800001 0.81699997 7
0.55199999 -0.81199998 0.82200003 7
1.92 -2.095 2.602 47
0.60399997 -0.72399998 0.83399999 6
0.58099997 -0.759 0.81999999 7
0.56999999 -0.801 0.82200003 7
1.9630001 -2.0480001 2.6059999 47
0.62699997 -0.71799999 0.84500003 5
0.59600002 -0.74400002 0.81699997 6
0.588 -0.78899997 0.82099998 7
2.003 -1.998 2.6070001 46
0.64499998 -0.70599997 0.84899998 1
0.61699998 -0.73699999 0.824 6
0.60600001 -0.77600002 0.81999999 7
2.04 -1.947 2.605 46
2.023 -2.118 2.6010001 6
0.64099997 -0.73199999 0.83399999 6
0.62400001 -0.764 0.81999999 7
2.0650001 -1.885 2.5899999 70
2.0710001 -2.075 2.6070001 54
0.66000003 -0.72000003 0.83700001 7
0.64200002 -0.75099999 0.81999999 6
2.0580001 -1.7970001 2.5380001 112
2.1110001 -2.0239999 2.6029999 51
0.68199998 -0.71200001 0.84399998 5
0.65799999 -0.73699999 0.81800002 7
2.089 -1.744 2.5350001 36
2.152 -1.974 2.602 47
0.69999999 -0.69999999 0.847 1
0.67699999 -0.72500002 0.81999999 6
2.175 -1.7359999 2.5999999 44
2.1919999 -1.923 2.602 49
2.201 -2.105 2.605 7
0.699 -0.71600002 0.82499999 6
2.2090001 -1.6849999 2.6029999 44
2.2279999 -1.87 2.598 52
2.243 -2.052 2.599 44
0.72000003 -0.70599997 0.82999998 7
2.2349999 -1.628 2.5969999 44
2.2579999 -1.813 2.589 43
2.293 -2.006 2.6029999 46
0.75199997 -0.70499998 0.847 6
2.2590001 -1.571 2.5910001 44
2.3039999 -1.767 2.598 49
2.3329999 -1.952 2.5969999 45
0.76899999 -0.68900001 0.84799999 2
2.2869999 -1.517 2.5910001 44
2.329 -1.706 2.5869999 45
2.3759999 -1.901 2.5969999 44
2.4159999 -2.0710001 2.6059999 6
2.3139999 -1.464 2.5910001 45
2.3640001 -1.654 2.5880001 44
2.4200001 -1.85 2.599 44
2.474 -2.026 2.6140001 52
2.3280001 -1.402 2.5780001 44
2.395 -1.599 2.585 48
2.4590001 -1.795 2.596 45
2.52 -1.971 2.6110001 51
2.3540001 -1.349 2.579 44
2.428 -1.544 2.585 47
2.4960001 -1.739 2.5929999 45
2.566 -1.916 2.609 52
2.3770001 -1.295 2.5799999 44
2.454 -1.487 2.5799999 48
2.5369999 -1.6849999 2.595 44
2.615 -1.863 2.6110001 51
2.3970001 -1.239 2.5769999 44
2.4860001 -1.433 2.5829999 51
2.579 -1.632 2.598 47
2.655 -1.803 2.6059999 53
2.415 -1.183 2.575 44
2.5139999 -1.376 2.582 51
2.6110001 -1.572 2.5940001 44
2.7019999 -1.748 2.609 53
2.434 -1.127 2.5739999 43
2.536 -1.317 2.576 49
2.648 -1.515 2.595 47
2.74 -1.686 2.6040001 56
2.447 -1.0700001 2.5680001 44
2.5569999 -1.258 2.572 51
2.6789999 -1.455 2.592 49
2.779 -1.625 2.6010001 54
2.4579999 -1.013 2.5610001 65
2.5829999 -1.202 2.572 50
2.7019999 -1.391 2.5829999 48
2.8169999 -1.564 2.5999999 56
2.3510001 -0.91000003 2.4330001 52
2.602 -1.142 2.5669999 52
2.7320001 -1.33 2.5799999 46
2.859 -1.503 2.602 52
2.3340001 -0.84600002 2.401 43
2.6210001 -1.0829999 2.5639999 56
2.7639999 -1.27 2.582 49
2.8859999 -1.4349999 2.592 52
1.411 -0.47799999 1.443 5
2.5139999 -0.97500002 2.441 150
2.7839999 -1.205 2.5739999 47
2.9289999 -1.374 2.598 53
1.409 -0.44400001 1.434 34
2.4619999 -0.89300001 2.372 79
2.8110001 -1.143 2.5739999 51
2.9619999 -1.309 2.5969999 52
1.454 -0.42399999 1.473 13
2.4790001 -0.83899999 2.372 34
2.8299999 -1.0779999 2.5669999 51
2.9909999 -1.242 2.5940001 52
2.345 -0.63 2.365 38
1.421 -0.44600001 1.35 11
1.411 -0.50199997 1.2690001 15
3.02 -1.174 2.592 52
2.3540001 -0.579 2.365 49
1.585 -0.46000001 1.497 16
1.414 -0.46799999 1.261 19
3.046 -1.105 2.5880001 52
2.3629999 -0.52899998 2.3670001 50
2.507 -0.67000002 2.355 53
1.437 -0.44 1.272 119
1.467 -0.49399999 1.235 12
2.3629999 -0.47600001 2.359 78
2.5220001 -0.61500001 2.358 47
1.49 -0.41999999 1.3099999 2
1.567 -0.48800001 1.308 63
2.184 -0.39300001 2.175 154
2.5320001 -0.55900002 2.3559999 57
2.6919999 -0.69499999 2.352 56
1.604 -0.46000001 1.3279999 17
2.1949999 -0.347 2.181 88
2.5480001 -0.505 2.3610001 150
2.71 -0.63499999 2.3540001 50
2.878 -0.755 2.365 57
2.352 -0.32100001 2.3329999 87
2.513 -0.442 2.3210001 150
2.7190001 -0.574 2.349 46
2.9000001 -0.69 2.3670001 56
2.3770001 -0.27399999 2.3540001 56
2.4130001 -0.37 2.2219999 150
2.026 -0.38 1.7410001 8
2.915 -0.62400001 2.3640001 48
2.3710001 -0.223 2.346 50
2.4219999 -0.31799999 2.224 150
2.7460001 -0.45199999 2.3499999 150
1.962 -0.37200001 1.582 16
2.3710001 -0.17299999 2.3440001 49
2.559 -0.28 2.345 64
2.7179999 -0.38499999 2.3180001 150
2.9489999 -0.49000001 2.3659999 67
2.3740001 -0.123 2.3469999 54
2.5639999 -0.22400001 2.345 64
2.566 -0.30500001 2.181 96
2.96 -0.42199999 2.365 60
2.3699999 -0.072999999 2.3440001 51
2.566 -0.168 2.3440001 65
2.76 -0.26499999 2.3399999 65
2.964 -0.354 2.358 72
2.368 -0.023 2.3429999 47
2.566 -0.112 2.3410001 60
2.7550001 -0.20299999 2.3310001 59
2.964 -0.28400001 2.3499999 65
2.3629999 0.025 2.339 56
2.5610001 -0.057 2.336 60
2.7590001 -0.141 2.3299999 61
2.97 -0.21600001 2.349 69
2.3510001 0.074000001 2.3299999 48
2.559 -0.001 2.335 53
2.7620001 -0.079000004 2.3299999 61
2.9749999 -0.147 2.3469999 66
2.349 0.122 2.332 54
2.5539999 0.052999999 2.3310001 63
2.7550001 -0.017000001 2.322 61
2.9719999 -0.078000002 2.342 70
2.342 0.171 2.3299999 51
2.552 0.109 2.3310001 64
2.7539999 0.044 2.322 57
2.977 -0.0099999998 2.3440001 64
2.332 0.219 2.325 56
2.5469999 0.164 2.3299999 63
2.753 0.106 2.322 61
2.97 0.057999998 2.3369999 60
2.3269999 0.26699999 2.326 55
2.539 0.219 2.3269999 64
2.7409999 0.168 2.3139999 62
2.967 0.127 2.335 73
2.316 0.315 2.323 56
2.5320001 0.273 2.325 65
2.7390001 0.23 2.316 65
2.96 0.19599999 2.3310001 74
2.306 0.36199999 2.3199999 57
2.5250001 0.32800001 2.326 65
2.734 0.29100001 2.3150001 70
2.9489999 0.264 2.326 68
2.302 0.41 2.325 58
2.5120001 0.382 2.3210001 71
2.7190001 0.352 2.309 70
2.944 0.333 2.3269999 69
2.2880001 0.45699999 2.3210001 58
2.4979999 0.435 2.316 69
2.711 0.41299999 2.309 70
2.934 0.40099999 2.3239999 66
2.2750001 0.50300002 2.3180001 52
2.487 0.48899999 2.316 65
2.698 0.47400001 2.3069999 69
2.921 0.46799999 2.322 69
2.2620001 0.54900002 2.316 48
2.4719999 0.542 2.313 75
2.6849999 0.53399998 2.3039999 68
2.908 0.53600001 2.3210001 72
2.2479999 0.59500003 2.3139999 58
2.451 0.59299999 2.3050001 54
2.6689999 0.59399998 2.302 72
2.888 0.60299999 2.3150001 76
2.2320001 0.64099997 2.3110001 57
2.441 0.64700001 2.3080001 63
2.655 0.65399998 2.302 74
2.868 0.66799998 2.3099999 67
2.22 0.68699998 2.312 60
2.4230001 0.699 2.3039999 60
2.635 0.71200001 2.2980001 69
2.848 0.73500001 2.3069999 70
2.2019999 0.73100001 2.309 58
2.4059999 0.75 2.303 60
2.6170001 0.77100003 2.2969999 73
2.8269999 0.80000001 2.3050001 70
2.184 0.77499998 2.3050001 57
2.3889999 0.80199999 2.303 61
2.5969999 0.82999998 2.296 76
2.8039999 0.86400002 2.302 75
2.168 0.81999999 2.3050001 57
2.3670001 0.852 2.299 62
2.569 0.88499999 2.2880001 76
2.779 0.92900002 2.3 78
2.1489999 0.86400002 2.303 61
2.348 0.903 2.299 59
2.5480001 0.94300002 2.2880001 77
2.7520001 0.99199998 2.296 80
2.128 0.90600002 2.299 52
2.3269999 0.954 2.2980001 64
2.5220001 0.99900001 2.2839999 72
2.723 1.054 2.2920001 67
2.112 0.95099998 2.3010001 59
2.303 1.003 2.2950001 63
2.494 1.054 2.2809999 75
2.698 1.118 2.293 76
2.092 0.99400002 2.299 57
2.279 1.052 2.293 67
2.473 1.112 2.2839999 71
2.6659999 1.179 2.29 79
2.0710001 1.0369999 2.299 58
2.26 1.102 2.2969999 60
2.4430001 1.165 2.2809999 73
2.631 1.238 2.286 68
2.05 1.079 2.2969999 56
2.2320001 1.149 2.293 66
2.4130001 1.219 2.279 70
2.5999999 1.299 2.286 71
2.0220001 1.118 2.29 56
2.2 1.194 2.2850001 67
2.3840001 1.273 2.279 71
2.5639999 1.357 2.283 71
2 1.16 2.29 61
2.177 1.243 2.2880001 76
2.349 1.324 2.2739999 72
2.526 1.414 2.28 65
1.979 1.202 2.2909999 63
2.1459999 1.288 2.2850001 67
2.3169999 1.376 2.273 70
2.4879999 1.471 2.2780001 72
1.952 1.242 2.2880001 59
2.118 1.334 2.2850001 66
2.2839999 1.428 2.273 69
2.448 1.526 2.2750001 72
1.926 1.2819999 2.2850001 61
2.0840001 1.377 2.279 72
2.247 1.476 2.2690001 64
2.4089999 1.582 2.2739999 67
1.903 1.324 2.2880001 62
2.0510001 1.42 2.276 65
2.2119999 1.526 2.2690001 67
2.368 1.636 2.2739999 69
1.875 1.362 2.2850001 60
2.0190001 1.464 2.2739999 68
2.178 1.577 2.2720001 75
2.3210001 1.686 2.2679999 76
1.8430001 1.397 2.2780001 65
1.987 1.507 2.2739999 69
2.135 1.622 2.267 73
2.2780001 1.738 2.2690001 71
1.814 1.4349999 2.276 62
1.954 1.55 2.2739999 68
2.092 1.665 2.2609999 70
2.2360001 1.791 2.27 69
1.784 1.471 2.2720001 59
1.915 1.587 2.267 68
2.049 1.709 2.2579999 64
2.1819999 1.834 2.2620001 64
1.756 1.511 2.2739999 64
1.883 1.631 2.27 63
2.01 1.755 2.2590001 60
2.1329999 1.88 2.2590001 68
1.726 1.5470001 2.2720001 63
1.847 1.6720001 2.2690001 63
1.965 1.796 2.2550001 66
2.0880001 1.9299999 2.2620001 71
1.6950001 1.5829999 2.27 63
1.8099999 1.711 2.2679999 56
1.923 1.839 2.2550001 67
2.036 1.974 2.2590001 75
1.663 1.619 2.2690001 63
1.771 1.748 2.2650001 65
1.88 1.882 2.2550001 69
1.9809999 2.013 2.2520001 67
1.636 1.659 2.2750001 46
1.732 1.786 2.2639999 66
1.832 1.92 2.2520001 65
1.932 2.0580001 2.2539999 75
1.601 1.692 2.2709999 45
1.691 1.822 2.2620001 65
1.788 1.961 2.253 66
1.878 2.098 2.253 75
1.561 1.72 2.2620001 58
1.651 1.858 2.2609999 60
1.7410001 1.999 2.253 68
1.824 2.1370001 2.2509999 74
1.5319999 1.76 2.2679999 59
1.6109999 1.8940001 2.26 59
1.693 2.0369999 2.253 64
1.771 2.177 2.2520001 71
1.4960001 1.7920001 2.266 59
1.567 1.927 2.257 56
1.645 2.073 2.2520001 61
1.714 2.2130001 2.25 81
1.46 1.823 2.263 61
1.527 1.9630001 2.26 58
1.597 2.109 2.2539999 62
1.656 2.2449999 2.2460001 71
1.423 1.8559999 2.263 59
1.483 1.994 2.257 61
1.543 2.1370001 2.247 50
1.597 2.276 2.244 65
1.386 1.886 2.2609999 59
1.437 2.023 2.253 61
1.495 2.174 2.2509999 55
1.541 2.3110001 2.2460001 72
1.35 1.92 2.2639999 54
1.395 2.0580001 2.256 63
1.443 2.2049999 2.25 60
1.483 2.342 2.2449999 40
1.311 1.948 2.26 57
1.348 2.085 2.253 64
0 0 0 0
0 0 0 0
0 0 0 0
0 0 0 0
0.26100001 0.442 0.43900001 8
0.25099999 0.44100001 0.41299999 9
0.264 0.43000001 0.484 6
0.25400001 0.433 0.45500001 5
0.244 0.435 0.42699999 7
0 0 0 0
0.24699999 0.42199999 0.46799999 9
0.23800001 0.42699999 0.44299999 6
0 0 0 0
0.22400001 0.44100001 0.40400001 9
0.233 0.419 0.458 8
0.22400001 0.42300001 0.43399999 7
0.22 0.43900001 0.42199999 7
0 0 0 0
0.221 0.41600001 0.44999999 9
0.211 0.42199999 0.428 7
0 0 0 0
0.19400001 0.43200001 0.38800001 9
0.20900001 0.414 0.442 9
0.20100001 0.42500001 0.426 7
0.19400001 0.43399999 0.40900001 7
1.067 2.53 2.2579999 12
0.20100001 0.41999999 0.442 10
0.19 0.42399999 0.421 7
0 0 0 0
0.995 2.5250001 2.237 47
0.18700001 0.41299999 0.43000001 9
0 0 0 0
0.168 0.428 0.396 8
0.93000001 2.5339999 2.23 72
0 0 0 0
0.16500001 0.41800001 0.40700001 8
0 0 0 0
0.86799997 2.549 2.2309999 65
0.16599999 0.41299999 0.421 9
0 0 0 0
0.14300001 0.419 0.38299999 2
0.80500001 2.562 2.2309999 69
0 0 0 0
0.14399999 0.41600001 0.398 8
0 0 0 0
0.74000001 2.5669999 2.224 65
0.145 0.41 0.40900001 9
0 0 0 0
0.72100002 2.4809999 2.2379999 13
0.67900002 2.5810001 2.2290001 71
0 0 0 0
0.124 0.41600001 0.39199999 7
0.662 2.4879999 2.233 56
0.61500001 2.585 2.2249999 61
0.125 0.40799999 0.40000001 9
0.66100001 2.4119999 2.2579999 10
0.60399997 2.4960001 2.23 55
0.55299997 2.5929999 2.2249999 60
0 0 0 0
0.60399997 2.4100001 2.243 31
0.54500002 2.5009999 2.2260001 56
0.491 2.5969999 2.2249999 59
0.106 0.40700001 0.39300001 8
0 0 0 0
0.48800001 2.5150001 2.2309999 51
0.428 2.5999999 2.224 63
0 0 0 0
0.49599999 2.425 2.233 12
0.42899999 2.517 2.227 54
0.36500001 2.598 2.2219999 58
0.086999997 0.403 0.38299999 8
0.442 2.4360001 2.233 61
0.37 2.5179999 2.223 58
0.30199999 2.5969999 2.221 55
0.465 2.381 2.2509999 2
0.38800001 2.441 2.2290001 55
0.31200001 2.523 2.224 52
0.23999999 2.595 2.221 61
0.414 2.392 2.247 18
0.33399999 2.4489999 2.2279999 53
0.25400001 2.523 2.2219999 58
0 0 0 0
0.36399999 2.4000001 2.2420001 25
0.28 2.4560001 2.227 49
0.198 2.539 2.234 11
0 0 0 0
0.31299999 2.415 2.2449999 6
0.227 2.47 2.234 3
0 0 0 0
0.0080000004 0.40099999 0.345 8
0 0 0 0
0 0 0 0
0.013 0.40799999 0.36000001 7
0 0 0 0
0.034000002 0.39899999 0.36700001 8
0.018999999 0.41100001 0.37 6
0 0 0 0
-0.0099999998 0.40200001 0.34799999 8
0 0 0 0
0 0 0 0
-0.0049999999 0.403 0.35600001 7
0 0 0 0
0.017000001 0.396 0.36300001 8
0.001 0.40799999 0.36700001 6
0 0 0 0
-0.028000001 0.40200001 0.35100001 7
0 0 0 0
0 0 0 0
-0.023 0.40000001 0.35499999 6
-0.241 2.53 2.22 3
0 0.39399999 0.35800001 8
-0.016000001 0.405 0.36500001 6
0 0 0 0
-0.29800001 2.5079999 2.214 57
0 0 0 0
0 0 0 0
-0.041000001 0.39700001 0.35499999 4
-0.35699999 2.4990001 2.221 42
-0.017000001 0.39500001 0.359 7
-0.034000002 0.40599999 0.36700001 6
-0.31400001 2.4630001 2.211 45
-0.414 2.483 2.2219999 35
0 0 0 0
-0.264 2.4530001 2.2190001 39
-0.373 2.4679999 2.2260001 34
-0.46900001 2.46 2.2179999 38
-0.034000002 0.39899999 0.361 7
-0.31799999 2.4449999 2.217 57
-0.42699999 2.451 2.223 35
-0.52499998 2.4419999 2.22 35
-0.266 2.45 2.2219999 43
-0.373 2.4419999 2.221 38
-0.48199999 2.434 2.221 36
-0.57999998 2.421 2.221 38
-0.31900001 2.4430001 2.2160001 40
-0.42699999 2.4319999 2.22 37
-0.53600001 2.4170001 2.221 37
-0.634 2.3970001 2.2190001 37
-0.37400001 2.4460001 2.221 35
-0.48199999 2.427 2.224 40
-0.58899999 2.3989999 2.2190001 35
-0.685 2.368 2.214 34
-0.42899999 2.4449999 2.223 36
-0.53500003 2.4119999 2.221 38
-0.64200002 2.3800001 2.2190001 37
-0.73900002 2.3469999 2.2179999 35
-0.48199999 2.434 2.2179999 35
-0.588 2.3959999 2.217 35
-0.69499999 2.362 2.22 38
-0.78899997 2.3169999 2.2149999 35
-0.53600001 2.425 2.2160001 36
-0.64200002 2.388 2.2219999 36
-0.74699998 2.3399999 2.2190001 35
-0.84100002 2.2939999 2.2190001 36
-0.59100002 2.4219999 2.22 36
-0.69300002 2.3659999 2.2160001 36
-0.79799998 2.3169999 2.2179999 35
-0.88800001 2.26 2.2130001 52
-0.64399999 2.4059999 2.2149999 35
-0.74599999 2.3499999 2.2160001 35
-0.85000002 2.2969999 2.221 36
-0.93699998 2.2320001 2.214 61
-0.69700003 2.3940001 2.2119999 35
-0.80000001 2.3380001 2.221 38
-0.89700001 2.2650001 2.214 45
-0.98199999 2.1949999 2.207 52
-0.75300002 2.388 2.2179999 37
-0.85100001 2.3180001 2.2190001 38
-0.94499999 2.237 2.211 53
-1.031 2.168 2.2130001 58
-0.80699998 2.3759999 2.2190001 37
-0.898 2.2869999 2.2090001 49
-0.99599999 2.2149999 2.2160001 58
-1.076 2.1340001 2.21 58
-0.85900003 2.3559999 2.214 39
-0.95200002 2.2720001 2.2149999 62
-1.044 2.188 2.217 60
-1.12 2.099 2.2090001 63
-0.91000003 2.332 2.2060001 56
-1.002 2.2479999 2.2130001 59
-1.09 2.1570001 2.2149999 55
-1.165 2.0669999 2.211 59
-0.96399999 2.3150001 2.2060001 55
-1.05 2.2219999 2.21 53
-1.136 2.128 2.2149999 57
-1.209 2.0339999 2.214 62
-1.0140001 2.2920001 2.201 54
-1.101 2.201 2.214 58
-1.182 2.098 2.2149999 52
-1.25 1.997 2.2130001 58
-1.068 2.276 2.204 52
-1.15 2.1760001 2.214 60
-1.228 2.069 2.2179999 53
-1.2920001 1.9630001 2.2160001 60
-1.1210001 2.256 2.2049999 58
-1.196 2.1440001 2.2090001 57
-1.274 2.04 2.2219999 55
-1.332 1.926 2.2160001 61
-1.1720001 2.2320001 2.2030001 56
-1.248 2.1229999 2.2160001 62
-1.3150001 2.003 2.2179999 58
-1.368 1.885 2.2119999 62
-1.225 2.211 2.2049999 57
-1.295 2.095 2.2160001 64
-1.358 1.97 2.22 57
-1.41 1.851 2.2190001 49
-1.276 2.1860001 2.2060001 60
-1.339 2.0610001 2.2130001 61
-1.402 1.938 2.223 59
-1.446 1.812 2.2179999 56
-1.325 2.1570001 2.2030001 57
-1.387 2.0339999 2.217 64
-1.4400001 1.899 2.2190001 45
-1.4809999 1.771 2.2179999 64
-1.3789999 2.135 2.2079999 59
-1.431 2 2.2149999 59
-1.479 1.862 2.22 56
-1.518 1.733 2.221 59
-1.427 2.1040001 2.2060001 53
-1.475 1.9680001 2.2160001 57
-1.523 1.83 2.227 52
-1.549 1.6900001 2.2190001 60
-1.474 2.072 2.2030001 48
-1.522 1.938 2.221 64
-1.557 1.788 2.223 59
-1.58 1.647 2.217 56
-1.526 2.046 2.2090001 59
-1.563 1.9 2.2190001 62
-1.591 1.7460001 2.2190001 58
-1.6160001 1.609 2.224 65
-1.575 2.0139999 2.21 60
-1.605 1.864 2.2190001 62
-1.631 1.711 2.2249999 63
-1.645 1.567 2.224 59
-1.619 1.977 2.2060001 55
-1.648 1.829 2.221 60
-1.665 1.67 2.224 57
-1.67 1.5190001 2.2179999 63
-1.668 1.9450001 2.2090001 62
-1.687 1.789 2.22 62
-1.698 1.628 2.224 58
-1.699 1.477 2.22 61
-1.712 1.908 2.2079999 62
-1.726 1.751 2.221 61
-1.734 1.589 2.2279999 58
-1.728 1.4349999 2.224 63
-1.756 1.869 2.207 60
-1.767 1.7130001 2.223 59
-1.762 1.544 2.224 55
-1.753 1.391 2.224 64
-1.8049999 1.835 2.2119999 58
-1.803 1.67 2.2219999 62
-1.796 1.503 2.2279999 60
-1.78 1.348 2.227 65
-1.846 1.794 2.21 50
-1.84 1.6289999 2.2219999 61
-1.8279999 1.461 2.2309999 62
-1.806 1.3049999 2.23 64
-1.89 1.7539999 2.2119999 56
-1.876 1.587 2.224 67
-1.855 1.416 2.23 59
-1.825 1.257 2.2260001 69
-1.933 1.714 2.214 60
-1.91 1.543 2.224 62
-1.881 1.37 2.2279999 62
-1.85 1.215 2.2320001 66
-1.975 1.6720001 2.2160001 61
-1.944 1.499 2.2249999 63
-1.91 1.327 2.2309999 62
-1.8710001 1.169 2.2320001 58
-2.0109999 1.624 2.2119999 52
-1.979 1.456 2.227 56
-1.936 1.2819999 2.233 62
-1.89 1.124 2.233 61
-2.0539999 1.5829999 2.217 67
-2.01 1.41 2.227 65
-1.962 1.2359999 2.234 58
-1.909 1.0779999 2.234 62
-2.0910001 1.536 2.217 66
-2.04 1.363 2.2279999 64
-1.987 1.191 2.237 61
-1.927 1.0319999 2.2349999 52
-2.1229999 1.485 2.2130001 61
-2.072 1.318 2.23 61
-2.007 1.143 2.2349999 60
-1.941 0.98500001 2.234 68
-2.165 1.442 2.22 62
-2.098 1.2690001 2.2290001 63
-2.0280001 1.096 2.2360001 63
-1.9579999 0.94 2.237 71
-2.198 1.392 2.22 59
-2.1259999 1.22 2.23 65
-2.053 1.051 2.2409999 64
-1.974 0.89399999 2.2390001 68
-2.23 1.342 2.2190001 62
-2.152 1.171 2.23 65
-2.073 1.003 2.2420001 69
-1.987 0.84799999 2.24 72
-2.2650001 1.2920001 2.2219999 55
-2.177 1.122 2.2309999 63
-2.0910001 0.95499998 2.243 62
-2.0009999 0.80199999 2.2420001 71
-2.296 1.24 2.223 56
-2.201 1.072 2.2320001 63
-2.108 0.90600002 2.244 66
-2.0120001 0.755 2.243 69
-2.323 1.186 2.2219999 66
-2.227 1.023 2.237 64
-2.125 0.85799998 2.2460001 66
-2.023 0.70899999 2.2449999 70
-2.3570001 1.135 2.2279999 61
-2.2460001 0.97000003 2.234 65
-2.138 0.80900002 2.2449999 69
-2.036 0.66399997 2.2509999 74
-2.3789999 1.079 2.224 59
-2.2679999 0.91900003 2.237 67
-2.158 0.76200002 2.2520001 70
-2.043 0.61699998 2.25 74
-2.4059999 1.025 2.2260001 59
-2.293 0.86900002 2.243 73
-2.168 0.71200001 2.25 69
-2.0469999 0.56999999 2.247 65
-2.4319999 0.96899998 2.2290001 62
-2.3080001 0.81599998 2.2420001 74
-2.175 0.66100001 2.2460001 69
-2.0569999 0.52499998 2.2509999 68
-2.457 0.91399997 2.2309999 61
-2.319 0.76099998 2.237 70
-2.188 0.61199999 2.2490001 66
-2.0639999 0.479 2.2550001 69
-2.4749999 0.85600001 2.2290001 60
-2.3380001 0.708 2.2409999 70
-2.2030001 0.56400001 2.256 69
-2.063 0.43099999 2.2490001 63
-2.4979999 0.79900002 2.234 58
-2.3540001 0.65600002 2.2449999 63
-2.207 0.51300001 2.2520001 65
-2.0680001 0.38600001 2.2520001 65
-2.517 0.741 2.234 65
-2.3710001 0.602 2.2490001 70
-2.217 0.46399999 2.256 67
-2.072 0.34 2.2539999 66
-2.53 0.68099999 2.2320001 61
-2.3789999 0.54699999 2.247 63
-2.2249999 0.414 2.2579999 66
-2.0739999 0.29499999 2.256 65
-2.556 0.62400001 2.2420001 70
-2.388 0.49200001 2.2460001 67
-2.2309999 0.36399999 2.26 70
-2.0780001 0.25 2.26 62
-2.5650001 0.56300002 2.2390001 64
-2.3970001 0.43799999 2.247 65
-2.2360001 0.315 2.2620001 70
-2.0780001 0.204 2.2609999 64
-2.5799999 0.50400001 2.2409999 60
-2.4100001 0.384 2.2539999 70
-2.2420001 0.26499999 2.266 72
-2.079 0.15899999 2.263 64
-2.5940001 0.44400001 2.2449999 67
-2.414 0.32800001 2.2520001 61
-2.2449999 0.215 2.2679999 72
-2.079 0.115 2.266 64
-2.6029999 0.382 2.2460001 68
-2.4189999 0.273 2.253 61
-2.2460001 0.16500001 2.2679999 68
-2.0780001 0.07 2.2690001 64
-2.6070001 0.32100001 2.243 61
-2.424 0.21799999 2.2550001 61
-2.247 0.116 2.2709999 67
-2.0739999 0.025 2.2690001 63
-2.6129999 0.259 2.244 60
-2.427 0.162 2.257 65
-2.244 0.066 2.27 68
-2.0710001 -0.017999999 2.2720001 69
-2.6259999 0.199 2.2520001 68
-2.4289999 0.107 2.2579999 62
-2.2420001 0.017000001 2.2709999 61
-2.0650001 -0.061999999 2.2709999 57
-2.6210001 0.13699999 2.2460001 60
-2.4289999 0.052000001 2.26 66
-2.243 -0.032000002 2.277 67
-2.056 -0.105 2.2690001 70
-2.6300001 0.075000003 2.2539999 64
-2.4319999 -0.003 2.2650001 70
-2.233 -0.081 2.2720001 53
-2.0569999 -0.149 2.2780001 65
-2.631 0.013 2.256 65
-2.4260001 -0.057999998 2.263 62
-2.234 -0.13 2.279 67
-2.0510001 -0.193 2.2809999 66
-2.6300001 -0.046999998 2.2579999 66
-2.4230001 -0.113 2.2650001 61
-2.2290001 -0.17900001 2.2809999 66
-2.0369999 -0.235 2.2750001 72
-2.625 -0.11 2.2579999 62
-2.4219999 -0.168 2.27 70
-2.221 -0.227 2.2820001 66
-2.0320001 -0.278 2.28 75
-2.6240001 -0.171 2.2620001 69
-2.4159999 -0.223 2.2709999 70
-2.2149999 -0.27599999 2.2850001 67
-2.0209999 -0.31999999 2.28 69
-2.6159999 -0.233 2.2620001 65
-2.411 -0.278 2.2750001 76
-2.2079999 -0.32499999 2.2880001 67
-2.013 -0.36300001 2.2839999 75
-2.6099999 -0.294 2.2650001 69
-2.4000001 -0.333 2.2739999 69
-2.197 -0.37200001 2.289 68
-2.0009999 -0.405 2.283 70
-2.602 -0.35600001 2.267 71
-2.3900001 -0.38699999 2.2750001 68
-2.188 -0.41999999 2.2920001 69
-1.99 -0.44600001 2.2850001 70
-2.5899999 -0.417 2.2679999 68
-2.381 -0.44100001 2.28 76
-2.1760001 -0.46799999 2.293 68
-1.979 -0.48800001 2.2869999 70
-2.579 -0.477 2.2709999 72
-2.375 -0.49599999 2.2869999 70
-2.1630001 -0.51499999 2.2939999 65
-1.973 -0.52999997 2.2969999 70
-2.5680001 -0.53899997 2.2750001 72
-2.3559999 -0.54799998 2.283 74
-2.1500001 -0.56199998 2.2969999 69
-1.9529999 -0.56900001 2.29 69
-2.549 -0.59799999 2.2739999 68
-2.346 -0.60299999 2.29 70
-2.1359999 -0.60799998 2.299 66
-1.939 -0.60900003 2.2920001 69
-2.539 -0.65899998 2.2809999 72
-2.3310001 -0.65600002 2.293 73
-2.118 -0.653 2.2969999 55
-1.929 -0.65100002 2.2980001 63
-2.5150001 -0.71700001 2.279 54
-2.313 -0.708 2.2939999 70
-2.1099999 -0.70099998 2.3080001 75
-1.916 -0.69099998 2.303 68
-2.5020001 -0.77700001 2.286 75
-2.299 -0.76200002 2.3 68
-2.092 -0.74599999 2.3080001 68
-1.899 -0.73000002 2.303 66
-2.48 -0.83499998 2.2880001 72
-2.279 -0.81300002 2.302 65
-2.072 -0.79100001 2.3080001 73
-1.883 -0.76899999 2.3050001 70
-2.4579999 -0.89300001 2.29 73
-2.257 -0.86400002 2.303 64
-2.052 -0.83499998 2.309 63
-1.867 -0.80900002 2.309 64
-2.431 -0.949 2.29 67
-2.2360001 -0.91500002 2.3050001 64
-2.0339999 -0.88 2.313 69
-1.847 -0.84600002 2.3069999 70
-2.408 -1.006 2.2950001 69
-2.214 -0.96499997 2.309 62
-2.01 -0.92199999 2.3110001 64
-1.8279999 -0.884 2.3080001 68
-2.3789999 -1.061 2.2950001 64
-2.187 -1.013 2.3069999 62
-1.993 -0.96700001 2.3180001 71
-1.8099999 -0.92199999 2.3110001 64
-2.3510001 -1.1160001 2.2969999 59
-2.1630001 -1.063 2.3110001 62
-1.966 -1.007 2.3139999 63
-1.788 -0.958 2.3099999 69
-2.322 -1.17 2.3 58
-2.138 -1.1109999 2.3139999 60
-1.942 -1.049 2.3150001 60
-1.7690001 -0.99599999 2.3139999 65
-2.29 -1.223 2.3010001 54
-2.1070001 -1.156 2.312 55
-1.924 -1.094 2.3239999 65
-1.748 -1.0319999 2.3150001 62
-2.2579999 -1.275 2.3039999 39
-2.079 -1.2029999 2.3150001 51
-1.899 -1.135 2.325 59
-1.726 -1.068 2.316 61
-2.4330001 -1.452 2.523 46
-2.0469999 -1.248 2.3139999 52
-1.87 -1.173 2.323 59
-1.705 -1.104 2.319 63
-2.391 -1.5039999 2.5220001 46
-2.201 -1.4119999 2.5280001 50
-1.839 -1.211 2.319 60
-1.681 -1.1390001 2.319 63
-2.355 -1.561 2.5280001 44
-2.1589999 -1.455 2.5209999 64
-1.975 -1.362 2.53 127
-1.661 -1.176 2.325 39
-2.3180001 -1.6160001 2.5339999 44
-2.135 -1.51 2.5380001 51
-1.936 -1.398 2.52 51
-1.7690001 -1.308 2.5139999 32
-2.277 -1.669 2.5380001 45
-2.096 -1.5549999 2.536 49
-1.924 -1.454 2.5480001 62
-1.761 -1.358 2.5420001 54
-2.2309999 -1.7180001 2.5380001 45
-2.0610001 -1.603 2.5420001 55
-1.89 -1.493 2.5469999 60
-1.725 -1.3890001 2.5309999 59
-2.1889999 -1.7690001 2.543 44
-2.0220001 -1.648 2.5439999 54
-1.857 -1.534 2.5480001 58
-1.712 -1.437 2.5550001 61
-2.142 -1.816 2.5439999 45
-1.979 -1.689 2.5420001 58
-1.823 -1.574 2.5510001 63
-1.683 -1.473 2.556 58
-2.0929999 -1.862 2.5450001 46
-1.942 -1.735 2.549 55
-1.79 -1.614 2.5550001 57
-1.652 -1.507 2.556 58
-2.0439999 -1.9069999 2.5469999 45
-1.899 -1.777 2.55 56
-1.7539999 -1.652 2.556 59
-1.626 -1.546 2.563 60
-1.997 -1.9529999 2.5510001 58
-1.8559999 -1.816 2.55 60
-1.7180001 -1.6900001 2.559 64
-1.592 -1.5779999 2.5610001 59
-1.934 -1.983 2.5380001 52
-1.816 -1.86 2.5569999 63
-1.681 -1.725 2.559 57
-1.5599999 -1.6109999 2.5610001 60
-1.887 -2.029 2.5450001 60
-1.768 -1.895 2.5550001 61
-1.643 -1.762 2.5610001 55
-1.528 -1.6440001 2.562 59
-1.839 -2.073 2.552 56
-1.72 -1.929 2.552 68
-1.607 -1.799 2.566 66
-1.494 -1.675 2.5599999 59
-1.783 -2.109 2.552 54
-1.671 -1.962 2.5480001 65
-1.566 -1.832 2.5650001 59
-1.461 -1.7079999 2.562 56
-1.7309999 -2.1470001 2.556 58
-1.631 -2.0050001 2.5610001 62
-1.522 -1.86 2.559 55
-1.427 -1.739 2.562 59
-1.677 -2.184 2.5599999 53
-1.581 -2.036 2.559 67
-1.48 -1.89 2.5580001 63
-1.391 -1.768 2.5610001 57
-1.62 -2.2160001 2.559 50
-1.535 -2.072 2.5650001 59
-1.433 -1.914 2.549 63
-1.355 -1.7970001 2.5610001 60
-1.566 -2.2509999 2.5639999 53
-1.485 -2.102 2.563 54
-1.393 -1.948 2.5539999 69
-1.318 -1.826 2.559 58
-1.511 -2.2850001 2.5699999 54
-1.433 -2.1289999 2.5610001 57
-1.3559999 -1.984 2.5639999 56
-1.284 -1.858 2.5639999 56
-1.45 -2.309 2.566 46
-1.382 -2.1570001 2.5610001 52
-1.313 -2.0139999 2.566 55
-1.243 -1.8789999 2.556 59
-0.55400002 -0.93099999 1.023 3
-0.55900002 -0.91799998 1.076 1
-1.268 -2.04 2.5650001 55
-1.204 -1.905 2.5539999 62
-0.54900002 -0.97399998 1.059 2
-0.55000001 -0.95099998 1.102 2
-0.55500001 -0.93800002 1.164 2
-0.55400002 -0.91900003 1.215 2
-0.50999999 -0.95700002 1.031 5
-0.53299999 -0.97100002 1.114 3
-0.551 -0.97799999 1.199 2
-0.54299998 -0.94400001 1.2309999 2
-0.47999999 -0.95300001 1.017 5
-0.498 -0.95700002 1.087 4
-0.51300001 -0.958 1.161 4
-0.52999997 -0.96700001 1.245 2
-0.45100001 -0.95099998 1.007 4
-0.465 -0.94599998 1.063 4
-0.48199999 -0.949 1.138 4
-0.49599999 -0.94999999 1.2079999 3
-0.42199999 -0.94599998 0.99400002 6
-0.442 -0.95300001 1.061 5
-0.45699999 -0.94999999 1.127 4
-0.46599999 -0.94099998 1.182 3
0 0 0 0
-0.41499999 -0.95099998 1.051 6
-0.43000001 -0.94499999 1.109 5
-0.442 -0.94099998 1.169 3
0 0 0 0
-0.373 -0.91000003 0.99800003 2
-0.40400001 -0.94099998 1.095 5
-0.41800001 -0.93800002 1.153 4
-0.35699999 -0.98100001 1.012 1
-0.368 -0.95700002 1.041 2
-0.36700001 -0.91000003 1.049 1
-0.38600001 -0.91799998 1.1160001 3
-0.35100001 -1.039 1.067 2
-0.361 -1.006 1.0880001 1
-0.36500001 -0.96399999 1.102 1
-0.36500001 -0.921 1.109 1
0 0 0 0
-0.35299999 -1.0599999 1.1390001 2
-0.361 -1.021 1.158 1
-0.361 -0.97000003 1.156 2
-0.235 -0.81900001 0.83499998 0
-0.745 -2.4130001 2.5799999 51
-0.35100001 -1.063 1.196 2
-0.35600001 -1.02 1.205 2
-0.21699999 -0.82800001 0.84100002 3
-0.69 -2.428 2.582 61
-0.70599997 -2.3039999 2.576 54
-0.34900001 -1.0700001 1.253 1
-0.197 -0.83099997 0.84299999 6
-0.634 -2.438 2.582 56
-0.65799999 -2.3269999 2.5840001 55
-0.67400002 -2.224 2.5810001 64
-0.176 -0.82700002 0.83700001 8
-0.579 -2.447 2.582 59
-0.60799998 -2.339 2.5829999 55
-0.62800002 -2.2390001 2.579 61
-0.156 -0.82599998 0.83499998 8
-0.523 -2.4560001 2.582 60
-0.55599999 -2.348 2.5780001 59
-0.583 -2.256 2.579 62
-0.13500001 -0.82200003 0.83099997 8
-0.199 -1.053 1.104 1
-0.50700003 -2.365 2.5840001 60
-0.537 -2.273 2.5799999 71
-0.115 -0.81699997 0.82599998 8
-0.16599999 -0.99599999 1.0420001 1
-0.456 -2.378 2.586 60
-0.49000001 -2.29 2.5810001 61
-0.096000001 -0.81599998 0.82499999 8
-0.142 -0.99199998 1.036 5
-0.40400001 -2.3870001 2.585 58
-0.44299999 -2.3050001 2.582 67
-0.075999998 -0.81300002 0.82300001 8
-0.102 -0.84399998 0.88099998 1
-0.32300001 -2.191 2.3640001 150
-0.396 -2.322 2.585 56
-0.057 -0.81 0.82200003 8
-0.079999998 -0.81300002 0.84799999 3
-0.27200001 -2.171 2.335 50
-0.315 -2.109 2.335 63
-0.037999999 -0.80800003 0.82099998 8
-0.061000001 -0.815 0.85000002 4
-0.242 -2.3399999 2.5090001 56
-0.271 -2.1159999 2.332 59
-0.02 -0.80699998 0.82200003 8
-0.043000001 -0.80900002 0.84299999 5
-0.197 -2.4170001 2.585 62
-0.243 -2.2850001 2.5050001 53
-0.001 -0.79900002 0.81699997 8
-0.025 -0.80699998 0.84200001 6
-0.145 -2.4189999 2.5829999 65
-0.20200001 -2.368 2.585 69
0.016000001 -0.79900002 0.81999999 8
-0.0070000002 -0.80299997 0.838 6
-0.093000002 -2.421 2.5799999 61
-0.152 -2.3789999 2.5869999 68
0.035 -0.79299998 0.81800002 8
0.0099999998 -0.80299997 0.83899999 6
0 0 0 0
-0.102 -2.388 2.5880001 63
0.052999999 -0.79299998 0.82200003 8
0.028000001 -0.801 0.83899999 6
0.003 -0.80699998 0.85900003 0
-0.052000001 -2.395 2.5880001 72
0.071000002 -0.79000002 0.82300001 8
0.046 -0.79400003 0.83499998 7
0.021 -0.80299997 0.85399997 1
-0.0020000001 -2.3989999 2.585 71
0.088 -0.78500003 0.82300001 8
0.063000001 -0.79500002 0.838 6
0.037999999 -0.79900002 0.85000002 3
0.048 -2.405 2.586 63
0.106 -0.78299999 0.82599998 8
0.081 -0.79100001 0.83700001 6
0.055 -0.801 0.85299999 5
0.1 -2.4100001 2.586 70
0.124 -0.78200001 0.83099997 8
0.097999997 -0.78799999 0.83700001 7
0.071999997 -0.79500002 0.84799999 6
0 0 0 0
0.142 -0.77899998 0.83399999 8
0.116 -0.787 0.83899999 6
0.089000002 -0.792 0.84600002 6
0.066 -0.79400003 0.85000002 3
0.161 -0.77999997 0.84200001 7
0.133 -0.78500003 0.84200001 6
0.107 -0.79000002 0.84500003 7
0.082999997 -0.79100001 0.84600002 6
0.17900001 -0.778 0.847 7
0.15099999 -0.78299999 0.84399998 6
0.124 -0.78899997 0.84600002 7
0.1 -0.79000002 0.84500003 7
0.19599999 -0.77200001 0.84799999 3
0.169 -0.78200001 0.84799999 5
0.141 -0.78500003 0.84500003 7
0.117 -0.79000002 0.84600002 8
0.65499997 -2.3510001 2.6070001 8
0.186 -0.77999997 0.85100001 3
0.15800001 -0.78200001 0.84399998 6
0.134 -0.78399998 0.83999997 8
0.70300001 -2.319 2.5969999 55
0.20200001 -0.77100003 0.847 1
0.175 -0.778 0.84299999 6
0.15099999 -0.78200001 0.83899999 8
0.75300002 -2.2969999 2.5999999 53
0.671 -2.3429999 2.5940001 10
0.193 -0.78100002 0.85000002 6
0.168 -0.77899998 0.838 8
0.801 -2.27 2.599 49
0.72299999 -2.326 2.596 62
0.20999999 -0.77600002 0.84899998 6
0.185 -0.77700001 0.83700001 8
0.85000002 -2.2460001 2.602 54
0.773 -2.306 2.596 59
0.229 -0.778 0.85600001 4
0.20299999 -0.77899998 0.84100002 8
0.89899999 -2.223 2.6059999 56
0.82200003 -2.2850001 2.595 56
0.245 -0.77200001 0.85399997 2
0.219 -0.773 0.838 7
0.94199997 -2.187 2.598 56
0.87199998 -2.267 2.599 59
0.26199999 -0.76599997 0.852 0
0.237 -0.77100003 0.838 8
0.98799998 -2.1600001 2.5999999 62
0.92000002 -2.2409999 2.595 53
0.852 -2.322 2.6029999 10
0.255 -0.77200001 0.84299999 7
1.0319999 -2.1300001 2.5999999 55
0.96600002 -2.214 2.592 60
0.90100002 -2.3010001 2.599 52
0.271 -0.76300001 0.838 8
1.074 -2.096 2.595 55
1.015 -2.194 2.5969999 68
0.95200002 -2.283 2.598 58
0.289 -0.75999999 0.83899999 8
1.118 -2.0669999 2.599 56
1.059 -2.1619999 2.589 67
1.001 -2.26 2.5940001 55
0.30700001 -0.75800002 0.84100002 7
1.159 -2.033 2.5969999 51
1.104 -2.135 2.5880001 58
1.052 -2.2409999 2.596 57
0.32699999 -0.75800002 0.847 6
1.2 -2.0009999 2.5969999 52
1.15 -2.109 2.589 59
1.1 -2.217 2.5929999 54
0.347 -0.75999999 0.85600001 5
1.24 -1.9680001 2.598 48
1.196 -2.0829999 2.5910001 62
1.149 -2.194 2.592 55
0.36199999 -0.74900001 0.84899998 2
1.281 -1.936 2.5999999 42
1.238 -2.052 2.589 54
1.197 -2.1700001 2.592 52
0.37900001 -0.74199998 0.84799999 1
1.317 -1.898 2.596 47
1.283 -2.023 2.5899999 55
1.245 -2.1440001 2.5910001 51
1.2130001 -2.2520001 2.596 7
1.3559999 -1.865 2.5999999 45
1.326 -1.993 2.592 53
1.294 -2.119 2.592 56
1.2690001 -2.2360001 2.6029999 53
1.3890001 -1.825 2.5940001 42
1.367 -1.961 2.5910001 54
1.341 -2.0929999 2.5929999 53
1.322 -2.2149999 2.605 55
1.424 -1.788 2.5929999 41
1.41 -1.931 2.5940001 55
1.386 -2.063 2.589 54
1.373 -2.1889999 2.602 58
1.459 -1.752 2.595 41
1.449 -1.896 2.5910001 55
1.4349999 -2.0369999 2.5929999 51
1.425 -2.164 2.602 56
1.493 -1.715 2.595 41
1.488 -1.862 2.5899999 49
1.48 -2.006 2.592 49
1.477 -2.1400001 2.605 50
1.526 -1.677 2.595 38
1.528 -1.8279999 2.5910001 51
1.525 -1.975 2.5910001 50
1.525 -2.108 2.599 50
1.557 -1.6390001 2.5940001 42
1.566 -1.793 2.5910001 49
1.566 -1.9400001 2.5869999 47
1.576 -2.0799999 2.6010001 50
1.5880001 -1.6 2.595 42
1.599 -1.753 2.585 49
1.612 -1.908 2.589 44
1.622 -2.0450001 2.595 50
1.614 -1.558 2.589 41
1.637 -1.7180001 2.5880001 47
1.653 -1.872 2.5869999 48
1.674 -2.016 2.598 51
1.643 -1.518 2.589 43
1.6720001 -1.679 2.586 51
1.694 -1.835 2.5829999 46
1.721 -1.982 2.5969999 51
1.666 -1.474 2.582 44
1.705 -1.64 2.5840001 56
1.7359999 -1.801 2.585 44
1.766 -1.9450001 2.592 47
1.692 -1.433 2.5799999 48
1.738 -1.6 2.582 46
1.774 -1.761 2.5810001 46
1.813 -1.91 2.592 49
1.723 -1.397 2.5869999 45
1.7690001 -1.559 2.579 51
1.8150001 -1.724 2.582 43
1.86 -1.873 2.592 49
1.7460001 -1.355 2.5840001 45
1.7970001 -1.515 2.572 55
1.854 -1.6849999 2.5810001 44
1.908 -1.8380001 2.595 49
1.77 -1.313 2.5829999 43
1.827 -1.475 2.5710001 58
1.8940001 -1.646 2.582 48
1.896 -1.7460001 2.5190001 39
1.793 -1.272 2.582 42
1.857 -1.433 2.5699999 54
1.919 -1.595 2.566 35
1.9910001 -1.753 2.586 61
1.816 -1.2309999 2.5829999 47
1.8890001 -1.393 2.573 59
1.9680001 -1.563 2.582 48
2.0150001 -1.6950001 2.5610001 57
1.8380001 -1.189 2.5829999 46
1.92 -1.353 2.576 60
2.0009999 -1.5190001 2.5769999 46
2.0810001 -1.673 2.5910001 46
1.859 -1.147 2.5829999 45
1.946 -1.3099999 2.575 60
2.0309999 -1.472 2.5710001 48
2.122 -1.628 2.5899999 45
0.95599997 -0.56199998 1.314 1
1.971 -1.265 2.5710001 53
2.0669999 -1.4299999 2.5739999 52
2.1589999 -1.581 2.585 47
0.93800002 -0.52499998 1.277 18
2 -1.223 2.575 63
2.099 -1.3839999 2.572 55
2.198 -1.535 2.5840001 49
0.96100003 -0.51200002 1.295 12
2.0239999 -1.179 2.5739999 63
2.1259999 -1.336 2.566 57
2.234 -1.4859999 2.5810001 49
0.96600002 -0.48800001 1.29 9
1.002 -0.55500001 1.2589999 5
2.1570001 -1.289 2.566 61
2.27 -1.437 2.5780001 48
0.97600001 -0.46799999 1.293 7
1.016 -0.53399998 1.262 8
2.1819999 -1.24 2.5599999 61
2.306 -1.388 2.5780001 51
1.211 -0.55000001 1.591 0
2.0910001 -1.0420001 2.5699999 61
2.21 -1.192 2.559 60
2.3399999 -1.337 2.576 52
1.209 -0.51800001 1.576 15
2.1099999 -0.99599999 2.5669999 62
2.2390001 -1.1440001 2.559 58
2.3710001 -1.284 2.573 53
1.223 -0.49399999 1.5829999 6
1.225 -0.546 1.476 10
1.23 -0.59399998 1.3890001 4
2.4000001 -1.23 2.5669999 48
1.881 -0.71499997 2.418 150
1.237 -0.51899999 1.477 14
1.237 -0.56400001 1.381 9
2.4319999 -1.178 2.5680001 55
1.848 -0.65799999 2.3610001 53
2.1619999 -0.85399997 2.559 61
1.232 -0.52899998 1.3609999 3
2.461 -1.123 2.566 51
1.857 -0.61799997 2.358 56
2.181 -0.80699998 2.5610001 67
1.258 -0.50700003 1.375 11
2.4879999 -1.068 2.563 53
1.845 -0.57099998 2.3299999 151
2.0829999 -0.72000003 2.427 151
2.3380001 -0.884 2.5320001 47
2.4119999 -0.97100002 2.457 150
1.819 -0.52200001 2.286 150
1.428 -0.46000001 1.653 4
2.335 -0.824 2.506 47
2.358 -0.88700002 2.3770001 57
1.83 -0.484 2.289 150
1.613 -0.48100001 1.854 5
1.4349999 -0.47099999 1.528 2
2.3740001 -0.83200002 2.369 58
1.7130001 -0.41600001 2.1340001 28
2.0639999 -0.56800002 2.358 61
1.5829999 -0.47999999 1.671 9
1.4069999 -0.45699999 1.391 29
1.795 -0.396 2.227 150
2.049 -0.51599997 2.3269999 150
2.2449999 -0.62699997 2.3529999 56
1.48 -0.44299999 1.45 91
1.891 -0.37599999 2.3380001 66
1.918 -0.44 2.168 151
2.26 -0.57700002 2.3529999 66
2.427 -0.667 2.359 47
1.909 -0.33899999 2.3529999 56
1.887 -0.38999999 2.122 38
2.2690001 -0.52600002 2.348 62
2.451 -0.61400002 2.365 53
1.9069999 -0.29800001 2.3440001 54
1.956 -0.361 2.191 151
2.276 -0.47400001 2.3410001 84
2.4660001 -0.55800003 2.3629999 66
1.9119999 -0.259 2.345 57
2.1010001 -0.34099999 2.3440001 74
2.053 -0.38 2.1010001 150
2.4790001 -0.50099999 2.3599999 58
1.9170001 -0.219 2.3469999 58
2.1070001 -0.29499999 2.3429999 67
2.175 -0.35299999 2.2160001 150
2.233 -0.398 2.1140001 150
1.916 -0.17900001 2.342 59
2.1110001 -0.25 2.3399999 66
2.309 -0.322 2.3429999 65
2.313 -0.35800001 2.1789999 117
1.919 -0.14 2.342 61
2.1170001 -0.204 2.3410001 65
2.316 -0.27000001 2.3410001 63
2.4349999 -0.31900001 2.283 150
1.92 -0.1 2.3399999 56
2.119 -0.15899999 2.339 64
2.319 -0.21799999 2.3369999 62
2.52 -0.27200001 2.3540001 68
1.921 -0.061000001 2.3399999 54
2.115 -0.113 2.3310001 70
2.326 -0.16599999 2.3369999 64
2.5209999 -0.213 2.3469999 72
1.919 -0.022 2.3369999 56
2.122 -0.068000004 2.335 59
2.3269999 -0.114 2.3340001 65
2.5239999 -0.155 2.3440001 67
1.919 0.017000001 2.3369999 59
2.1210001 -0.022 2.332 64
2.329 -0.061999999 2.332 64
2.5309999 -0.097000003 2.345 72
1.919 0.056000002 2.3380001 59
2.118 0.023 2.329 66
2.3280001 -0.0099999998 2.329 67
2.5320001 -0.037999999 2.342 67
1.913 0.094999999 2.332 57
2.118 0.068000004 2.329 66
2.325 0.041000001 2.325 60
2.5239999 0.018999999 2.3329999 63
1.91 0.134 2.332 58
2.1129999 0.114 2.325 70
2.322 0.093000002 2.322 62
2.5239999 0.078000002 2.332 65
1.908 0.17299999 2.3310001 58
2.108 0.15899999 2.3210001 67
2.3199999 0.145 2.322 64
2.5220001 0.13600001 2.3310001 64
1.904 0.212 2.3310001 58
2.105 0.204 2.3210001 70
2.3169999 0.197 2.3210001 63
2.5190001 0.19499999 2.3299999 60
1.9 0.25099999 2.3310001 55
2.0999999 0.25 2.3210001 69
2.3080001 0.249 2.316 63
2.5109999 0.25299999 2.326 71
1.89 0.289 2.3239999 62
2.0940001 0.29499999 2.3199999 71
2.3039999 0.301 2.3169999 66
2.5039999 0.31099999 2.3239999 74
1.877 0.32699999 2.3150001 63
2.085 0.33899999 2.3150001 70
2.2939999 0.352 2.3139999 59
2.49 0.368 2.3169999 82
1.874 0.366 2.3180001 59
2.075 0.38299999 2.312 67
2.2850001 0.403 2.312 62
2.4849999 0.42699999 2.3210001 72
1.867 0.40400001 2.3169999 57
2.0669999 0.428 2.3110001 66
2.2720001 0.454 2.3069999 67
2.4679999 0.48300001 2.3139999 73
1.8559999 0.44100001 2.313 60
2.0580001 0.47299999 2.3110001 67
2.26 0.505 2.3050001 63
2.457 0.54000002 2.313 76
1.851 0.47999999 2.316 59
2.043 0.51599997 2.3050001 74
2.2460001 0.55400002 2.302 53
2.438 0.59600002 2.3080001 61
1.839 0.51700002 2.3110001 48
2.0320001 0.56 2.3050001 73
2.237 0.60600001 2.306 66
2.4230001 0.65200001 2.3069999 72
1.826 0.55400002 2.306 56
2.02 0.60299999 2.3039999 75
2.2160001 0.65399998 2.2980001 65
2.404 0.708 2.3039999 69
1.822 0.59299999 2.313 59
2.01 0.648 2.306 71
2.1989999 0.70300001 2.296 68
2.388 0.764 2.3050001 67
1.8099999 0.63099998 2.3110001 58
1.9910001 0.69 2.3 68
2.1830001 0.75300002 2.2950001 65
2.3670001 0.81900001 2.302 66
1.793 0.66600001 2.303 57
1.977 0.73199999 2.299 68
2.1659999 0.80199999 2.2950001 68
2.3469999 0.87300003 2.302 67
1.783 0.704 2.3050001 62
1.961 0.77499998 2.2980001 67
2.1429999 0.84899998 2.29 71
2.325 0.92799997 2.302 67
1.767 0.74000001 2.3 57
1.9450001 0.81800002 2.2969999 68
2.1240001 0.89700001 2.29 72
2.2939999 0.977 2.2939999 68
1.753 0.77600002 2.299 55
1.928 0.86000001 2.2969999 67
2.0999999 0.94300002 2.2869999 64
2.266 1.029 2.29 75
1.7410001 0.81400001 2.3 60
1.91 0.90100002 2.296 66
2.079 0.991 2.2869999 65
2.25 1.085 2.299 77
1.723 0.84899998 2.296 55
1.887 0.94099998 2.2909999 65
2.0580001 1.038 2.289 70
2.2149999 1.133 2.2909999 73
1.707 0.88499999 2.2939999 55
1.869 0.98299998 2.293 64
2.029 1.082 2.283 62
2.184 1.182 2.2869999 70
1.696 0.92400002 2.3 58
1.847 1.022 2.29 69
2 1.125 2.2780001 62
2.152 1.23 2.2850001 78
1.675 0.958 2.2939999 64
1.825 1.063 2.289 68
1.978 1.1720001 2.2820001 71
2.119 1.279 2.283 78
1.656 0.99199998 2.29 62
1.804 1.103 2.289 66
1.946 1.2130001 2.277 68
2.0829999 1.324 2.2780001 77
1.641 1.029 2.2939999 69
1.779 1.141 2.2869999 70
1.915 1.255 2.2739999 72
2.049 1.37 2.277 76
1.6160001 1.061 2.2850001 54
1.752 1.178 2.283 70
1.887 1.298 2.2739999 71
2.0139999 1.416 2.276 69
1.599 1.097 2.2869999 64
1.727 1.216 2.2820001 69
1.854 1.3380001 2.2709999 66
1.977 1.46 2.2739999 75
1.58 1.132 2.2880001 67
1.7 1.253 2.279 66
1.824 1.38 2.2720001 70
1.9400001 1.5039999 2.2739999 73
1.561 1.168 2.2909999 65
1.673 1.29 2.2780001 67
1.7920001 1.42 2.2720001 64
1.901 1.546 2.2720001 69
1.534 1.198 2.2809999 64
1.646 1.326 2.2780001 66
1.756 1.4579999 2.2690001 66
1.859 1.585 2.2679999 70
1.515 1.234 2.286 63
1.617 1.362 2.277 66
1.722 1.4960001 2.2679999 64
1.821 1.628 2.27 68
1.4910001 1.266 2.283 62
1.587 1.397 2.2739999 68
1.689 1.536 2.27 69
1.78 1.668 2.27 71
1.467 1.3 2.2820001 68
1.5599999 1.434 2.277 63
1.651 1.5700001 2.266 62
1.738 1.706 2.2690001 67
1.443 1.332 2.2809999 64
1.528 1.467 2.2739999 67
1.6109999 1.603 2.2609999 58
1.694 1.742 2.2679999 72
1.4170001 1.364 2.279 63
1.4960001 1.5 2.273 65
1.576 1.641 2.2650001 61
1.646 1.774 2.2609999 71
1.391 1.395 2.276 63
1.464 1.533 2.2720001 65
1.5369999 1.675 2.2639999 64
1.602 1.8099999 2.2620001 65
1.368 1.4299999 2.2809999 66
1.4299999 1.564 2.2690001 69
1.494 1.704 2.2579999 61
1.557 1.8430001 2.2620001 69
1.335 1.456 2.2709999 62
1.393 1.591 2.263 64
1.455 1.737 2.2590001 61
1.512 1.877 2.2620001 76
1.307 1.485 2.2690001 62
1.3609999 1.625 2.2650001 58
1.415 1.7690001 2.2590001 64
1.46 1.902 2.2550001 65
1.281 1.5190001 2.273 60
1.3279999 1.6569999 2.267 64
1.3710001 1.795 2.2539999 60
1.4170001 1.936 2.26 66
1.251 1.548 2.2709999 54
1.29 1.683 2.2620001 61
1.3329999 1.829 2.26 61
1.3660001 1.961 2.2550001 57
1.221 1.577 2.2679999 53
1.256 1.715 2.266 66
1.288 1.854 2.2550001 59
1.317 1.988 2.2550001 66
1.191 1.607 2.27 62
1.217 1.739 2.26 60
1.244 1.88 2.253 57
1.268 2.0150001 2.256 30
1.159 1.6339999 2.267 59
1.178 1.7640001 2.257 64
0 0 0 0
0 0 0 0
1.126 1.66 2.2639999 60
1.1440001 1.796 2.263 65
0.25400001 0.42500001 0.495 7
0.23899999 0.42300001 0.463 8
1.095 1.6900001 2.266 64
1.103 1.819 2.2579999 57
0.237 0.41800001 0.48100001 8
0 0 0 0
1.0599999 1.7130001 2.26 62
1.058 1.8329999 2.2449999 26
0.22499999 0.41800001 0.47600001 9
0.212 0.41800001 0.44800001 9
1.027 1.7410001 2.2620001 64
0 0 0 0
0.212 0.41600001 0.46900001 9
0.199 0.417 0.44299999 9
0.99299997 1.767 2.2620001 48
0.20900001 0.40200001 0.47999999 9
0 0 0 0
0.18799999 0.419 0.44100001 9
0.954 1.786 2.253 28
0 0 0 0
0.189 0.417 0.46000001 8
0 0 0 0
0 0 0 0
0.18700001 0.403 0.46900001 9
0 0 0 0
0.162 0.412 0.42699999 9
0 0 0 9
0 0 0 0
0.16500001 0.41100001 0.44600001 8
0 0 0 0
0 0 0 0
0.168 0.40599999 0.463 9
0 0 0 0
0.14 0.41 0.41999999 9
0 0 0 9
0 0 0 0
0.14300001 0.40900001 0.43700001 8
0 0 0 0
0 0 0 0
0.146 0.40200001 0.45100001 8
0 0 0 0
0.117 0.403 0.40900001 8
0 0 0 9
0 0 0 0
0.122 0.40799999 0.43000001 8
0 0 0 0
0 0 0 0
0.126 0.40099999 0.442 8
0 0 0 0
0.097000003 0.40400001 0.40700001 8
0 0 0 9
0 0 0 0
0.102 0.40599999 0.42399999 8
0 0 0 0
0 0 0 0
0.105 0.39500001 0.42899999 8
0 0 0 0
0.075999998 0.39700001 0.398 8
0 0 0 9
0 0 0 0
0.082000002 0.403 0.41800001 7
0 0 0 0
0 0 0 0
0.086999997 0.398 0.42699999 8
0 0 0 0
0.057 0.396 0.396 8
0 0 0 9
0 0 0 0
0.063000001 0.40000001 0.41299999 7
0 0 0 0
0 0 0 0
0.068999998 0.39500001 0.419 7
0 0 0 0
0.039000001 0.396 0.396 8
0.077 0.39700001 0.43200001 8
0 0 0 0
0.044 0.396 0.40700001 7
0 0 0 0
0 0 0 0
0.050999999 0.39700001 0.41800001 7
0 0 0 0
0.021 0.398 0.39899999 8
0.059 0.40000001 0.42899999 8
0 0 0 0
0.026000001 0.39700001 0.40700001 7
0 0 0 0
0 0 0 0
0.033 0.39399999 0.412 7
0 0 0 0
0.0020000001 0.39399999 0.39700001 8
0.041999999 0.39899999 0.42300001 8
0 0 0 0
0.0080000004 0.39700001 0.40700001 7
0 0 0 0
0 0 0 0
0.016000001 0.391 0.40700001 7
0 0 0 0
-0.015 0.39399999 0.40099999 8
0.024 0.39899999 0.419 8
0 0 0 0
-0.0089999996 0.39500001 0.40700001 7
0 0 0 0
0 0 0 0
-0.001 0.39300001 0.40799999 7
0 0 0 0
-0.032000002 0.391 0.40099999 8
0.0070000002 0.40099999 0.41800001 8
0 0 0 0
-0.026000001 0.39399999 0.40700001 7
-0.23100001 2.161 2.2290001 76
0 0 0 0
-0.017999999 0.39199999 0.40799999 7
-0.19400001 2.1500001 2.2309999 6
-0.27900001 2.152 2.233 57
-0.0099999998 0.38999999 0.405 8
0 0 0 0
-0.243 2.145 2.234 60
-0.32800001 2.1429999 2.2379999 45
0 0 0 0
-0.035 0.389 0.405 6
-0.28999999 2.138 2.2360001 51
-0.375 2.1259999 2.2360001 47
-0.027000001 0.38800001 0.40200001 8
-0.245 2.148 2.24 67
-0.338 2.131 2.24 42
-0.42199999 2.1140001 2.2409999 50
-0.199 2.1589999 2.2309999 20
-0.29100001 2.135 2.2309999 42
-0.38600001 2.1210001 2.2409999 43
-0.46700001 2.0899999 2.234 48
-0.24699999 2.158 2.23 61
-0.34099999 2.141 2.244 41
-0.43200001 2.1099999 2.2420001 43
-0.51300001 2.0739999 2.237 46
-0.29699999 2.164 2.2360001 45
-0.38800001 2.1300001 2.24 43
-0.47799999 2.0940001 2.24 45
-0.55800003 2.0569999 2.24 42
-0.34599999 2.165 2.2379999 40
-0.43399999 2.119 2.2360001 42
-0.52399999 2.079 2.2390001 42
-0.602 2.0350001 2.237 46
-0.39399999 2.1570001 2.234 41
-0.48199999 2.1110001 2.237 41
-0.56900001 2.0639999 2.24 43
-0.64499998 2.013 2.237 48
-0.44400001 2.1559999 2.2360001 37
-0.52899998 2.1010001 2.2379999 42
-0.61299998 2.0450001 2.237 45
-0.68800002 1.99 2.2360001 54
-0.493 2.152 2.237 42
-0.57599998 2.089 2.237 42
-0.66000003 2.0320001 2.243 44
-0.72799999 1.962 2.23 60
-0.54000002 2.1370001 2.227 39
-0.62199998 2.0769999 2.237 44
-0.70300001 2.0120001 2.2409999 45
-0.76800001 1.9349999 2.2279999 66
-0.59200001 2.141 2.2390001 38
-0.66799998 2.063 2.237 44
-0.74599999 1.992 2.24 45
-0.80900002 1.9119999 2.2290001 70
-0.639 2.125 2.2320001 43
-0.71399999 2.0480001 2.2360001 44
-0.79000002 1.973 2.2420001 46
-0.84799999 1.887 2.23 63
-0.68900001 2.119 2.2360001 37
-0.76200002 2.0380001 2.243 46
-0.82800001 1.941 2.23 49
-0.88599998 1.858 2.2260001 65
-0.73699999 2.1059999 2.234 39
-0.80599999 2.017 2.2379999 41
-0.86900002 1.918 2.23 60
-0.92500001 1.834 2.23 64
-0.78500003 2.092 2.2320001 36
-0.84799999 1.992 2.2290001 51
-0.912 1.899 2.2349999 67
-0.96200001 1.807 2.23 65
-0.83399999 2.0769999 2.2309999 39
-0.89399999 1.976 2.233 66
-0.95200002 1.876 2.2360001 66
-0.99900001 1.778 2.23 62
-0.87900001 2.056 2.223 55
-0.93800002 1.957 2.234 63
-0.99199998 1.85 2.2349999 63
-1.034 1.748 2.23 71
-0.926 2.0380001 2.2219999 64
-0.97799999 1.928 2.2249999 59
-1.029 1.823 2.2320001 69
-1.069 1.719 2.23 68
-0.97399998 2.0209999 2.221 63
-1.022 1.908 2.227 56
-1.068 1.7970001 2.233 66
-1.102 1.688 2.2290001 71
-1.023 2.0039999 2.223 66
-1.066 1.888 2.23 61
-1.103 1.765 2.227 60
-1.137 1.659 2.233 71
-1.069 1.983 2.221 65
-1.105 1.859 2.224 58
-1.142 1.74 2.2320001 64
-1.168 1.627 2.2309999 66
-1.115 1.961 2.2190001 66
-1.149 1.839 2.23 63
-1.179 1.7130001 2.233 61
-1.198 1.594 2.23 74
-1.163 1.941 2.223 59
-1.192 1.814 2.2320001 67
-1.214 1.683 2.234 65
-1.2309999 1.564 2.233 73
-1.2079999 1.918 2.2219999 56
-1.2309999 1.786 2.2290001 62
-1.249 1.653 2.233 66
-1.2589999 1.529 2.2320001 75
-1.253 1.892 2.221 54
-1.2690001 1.756 2.227 66
-1.2819999 1.6210001 2.2320001 67
-1.2869999 1.495 2.2309999 72
-1.298 1.8660001 2.221 57
-1.311 1.7309999 2.2320001 64
-1.316 1.591 2.234 65
-1.317 1.464 2.234 76
-1.3430001 1.84 2.221 57
-1.348 1.699 2.2290001 62
-1.35 1.5599999 2.2360001 67
-1.344 1.429 2.234 66
-1.386 1.811 2.22 58
-1.387 1.671 2.2320001 64
-1.383 1.528 2.2379999 62
-1.367 1.391 2.23 56
-1.429 1.781 2.2190001 44
-1.424 1.6390001 2.2320001 64
-1.413 1.494 2.2379999 68
-1.395 1.36 2.2349999 69
-1.47 1.749 2.217 56
-1.461 1.607 2.2320001 64
-1.4450001 1.461 2.24 71
-1.418 1.323 2.233 71
-1.513 1.719 2.2179999 61
-1.4960001 1.573 2.2309999 67
-1.475 1.427 2.2409999 67
-1.441 1.2869999 2.233 62
-1.553 1.6849999 2.2179999 63
-1.531 1.539 2.2320001 67
-1.502 1.391 2.24 68
-1.466 1.253 2.237 62
-1.596 1.654 2.221 59
-1.562 1.501 2.227 64
-1.533 1.358 2.244 64
-1.489 1.217 2.2379999 63
-1.636 1.619 2.221 66
-1.6 1.471 2.2349999 69
-1.557 1.3200001 2.2420001 65
-1.5089999 1.1799999 2.237 69
-1.676 1.584 2.2219999 65
-1.63 1.432 2.2320001 67
-1.582 1.281 2.2390001 67
-1.534 1.147 2.244 62
-1.715 1.548 2.223 64
-1.66 1.393 2.2290001 70
-1.607 1.244 2.24 69
-1.551 1.108 2.2420001 66
-1.748 1.507 2.2190001 64
-1.693 1.358 2.233 65
-1.632 1.207 2.2420001 70
-1.568 1.0700001 2.24 62
-1.789 1.472 2.2249999 68
-1.723 1.319 2.234 68
-1.656 1.17 2.243 67
-1.587 1.034 2.243 64
-1.823 1.431 2.223 63
-1.749 1.278 2.23 69
-1.686 1.136 2.253 68
-1.604 0.99699998 2.244 69
-1.855 1.388 2.22 64
-1.781 1.2410001 2.2360001 66
-1.7029999 1.094 2.247 71
-1.624 0.96100003 2.2490001 63
-1.893 1.349 2.2260001 67
-1.808 1.2 2.2360001 62
-1.723 1.0549999 2.247 70
-1.637 0.92199999 2.247 64
-1.924 1.3049999 2.224 61
-1.834 1.159 2.2360001 62
-1.745 1.017 2.2509999 69
-1.653 0.88499999 2.25 62
-1.955 1.262 2.224 58
-1.8609999 1.119 2.2390001 66
-1.765 0.977 2.2520001 69
-1.664 0.84500003 2.2460001 68
-1.988 1.2180001 2.227 66
-1.886 1.076 2.2390001 65
-1.784 0.93699998 2.253 73
-1.679 0.80800003 2.25 70
-2.0150001 1.1720001 2.2260001 63
-1.906 1.0319999 2.2360001 58
-1.801 0.89600003 2.2539999 71
-1.692 0.77100003 2.253 70
-2.046 1.127 2.2290001 60
-1.931 0.99000001 2.24 66
-1.821 0.85699999 2.2579999 71
-1.701 0.73199999 2.25 66
-2.0769999 1.082 2.233 68
-1.955 0.94700003 2.244 75
-1.832 0.81400001 2.253 73
-1.7180001 0.69599998 2.2579999 70
-2.102 1.034 2.233 68
-1.973 0.90100002 2.2420001 66
-1.851 0.77399999 2.2590001 70
-1.724 0.65600002 2.2550001 76
-2.1259999 0.98500001 2.2320001 66
-1.994 0.85799998 2.2449999 76
-1.862 0.73199999 2.256 70
-1.732 0.61699998 2.253 66
-2.1530001 0.93800002 2.237 68
-2.0120001 0.81199998 2.2449999 72
-1.875 0.69 2.2579999 72
-1.742 0.57999998 2.257 69
-2.175 0.88800001 2.2360001 68
-2.027 0.76599997 2.244 69
-1.8890001 0.64899999 2.26 77
-1.75 0.54100001 2.2579999 74
-2.1900001 0.83499998 2.2309999 67
-2.049 0.72100002 2.25 72
-1.901 0.60699999 2.263 79
-1.757 0.50400001 2.2590001 69
-2.2160001 0.787 2.2379999 68
-2.0650001 0.67500001 2.2520001 70
-1.909 0.56400001 2.2609999 67
-1.763 0.465 2.2590001 69
-2.233 0.73500001 2.237 66
-2.0739999 0.62699997 2.2479999 73
-1.923 0.523 2.266 77
-1.7690001 0.42699999 2.2620001 70
-2.25 0.68300003 2.2379999 69
-2.092 0.58099997 2.2539999 66
-1.9299999 0.47999999 2.2650001 78
-1.773 0.389 2.2620001 74
-2.266 0.63099998 2.2390001 66
-2.102 0.53299999 2.253 65
-1.939 0.43799999 2.2679999 76
-1.78 0.35100001 2.2650001 73
-2.286 0.579 2.244 66
-2.115 0.486 2.256 84
-1.947 0.39500001 2.2709999 80
-1.777 0.31299999 2.2590001 76
-2.293 0.52399999 2.2390001 66
-2.128 0.43900001 2.26 76
-1.952 0.352 2.27 80
-1.781 0.27500001 2.2609999 76
-2.3069999 0.47099999 2.2420001 73
-2.1329999 0.38999999 2.2579999 72
-1.9529999 0.30899999 2.266 74
-1.784 0.237 2.263 72
-2.322 0.41800001 2.247 67
-2.1389999 0.34200001 2.2579999 70
-1.9630001 0.26699999 2.2739999 76
-1.79 0.2 2.27 70
-2.3310001 0.36399999 2.2479999 67
-2.148 0.294 2.2609999 76
-1.965 0.22400001 2.2739999 79
-1.79 0.162 2.2709999 67
-2.339 0.31 2.2490001 68
-2.155 0.245 2.2639999 75
-1.962 0.18099999 2.2690001 76
-1.791 0.125 2.273 68
-2.3499999 0.25600001 2.2539999 62
-2.1589999 0.197 2.2650001 77
-1.97 0.139 2.277 79
-1.7869999 0.086999997 2.2690001 74
-2.352 0.2 2.253 62
-2.1619999 0.148 2.266 75
-1.97 0.096000001 2.2780001 70
-1.7869999 0.050000001 2.2720001 72
-2.3610001 0.146 2.2590001 67
-2.1630001 0.098999999 2.267 76
-1.967 0.052999999 2.2739999 76
-1.79 0.013 2.2780001 70
-2.359 0.090000004 2.256 58
-2.164 0.050000001 2.2679999 74
-1.972 0.0099999998 2.283 79
-1.786 -0.023 2.277 61
-2.359 0.035 2.257 58
-2.165 0.001 2.2709999 78
-1.967 -0.030999999 2.2809999 67
-1.784 -0.059999999 2.28 64
-2.3610001 -0.018999999 2.2609999 58
-2.161 -0.046 2.27 71
-1.967 -0.072999999 2.2839999 75
-1.781 -0.097000003 2.2820001 67
-2.3640001 -0.074000001 2.266 61
-2.158 -0.094999999 2.2709999 72
-1.9630001 -0.116 2.2850001 80
-1.772 -0.133 2.277 72
-2.358 -0.12899999 2.2650001 62
-2.161 -0.14300001 2.2780001 73
-1.96 -0.15800001 2.2880001 78
-1.767 -0.169 2.2780001 71
-2.355 -0.184 2.2679999 61
-2.1530001 -0.192 2.277 67
-1.954 -0.2 2.2880001 74
-1.768 -0.206 2.286 71
-2.3510001 -0.23899999 2.2720001 60
-2.1470001 -0.23999999 2.279 69
-1.948 -0.242 2.29 79
-1.757 -0.242 2.2809999 75
-2.342 -0.294 2.2720001 63
-2.1429999 -0.289 2.283 70
-1.941 -0.28400001 2.2909999 76
-1.7539999 -0.278 2.2880001 67
-2.335 -0.34799999 2.2750001 62
-2.1340001 -0.336 2.283 73
-1.933 -0.32600001 2.2920001 75
-1.749 -0.315 2.2909999 67
-2.3280001 -0.403 2.28 68
-2.1240001 -0.384 2.2850001 72
-1.929 -0.368 2.2980001 72
-1.74 -0.34999999 2.29 70
-2.313 -0.456 2.2780001 61
-2.115 -0.43200001 2.2869999 70
-1.92 -0.40900001 2.299 71
-1.7309999 -0.38600001 2.2909999 69
-2.3039999 -0.50999999 2.283 66
-2.1059999 -0.479 2.2909999 65
-1.905 -0.449 2.2950001 76
-1.727 -0.42199999 2.2980001 68
-2.2920001 -0.56400001 2.2869999 62
-2.0899999 -0.52499998 2.289 71
-1.899 -0.491 2.303 75
-1.712 -0.456 2.2920001 67
-2.2709999 -0.616 2.2839999 60
-2.0799999 -0.57300001 2.2939999 71
-1.887 -0.53100002 2.3039999 76
-1.702 -0.491 2.293 69
-2.256 -0.66799998 2.2869999 54
-2.0650001 -0.61900002 2.2950001 69
-1.872 -0.57099998 2.302 70
-1.694 -0.52700001 2.2969999 63
-2.2449999 -0.72299999 2.2969999 62
-2.0510001 -0.66500002 2.2980001 66
-1.86 -0.611 2.3039999 68
-1.684 -0.56199998 2.3 67
-2.223 -0.773 2.296 62
-2.0369999 -0.71200001 2.303 72
-1.853 -0.653 2.3139999 71
-1.668 -0.59500003 2.296 61
-2.2049999 -0.82499999 2.3010001 60
-2.0190001 -0.75700003 2.3039999 68
-1.832 -0.69099998 2.3080001 73
-1.66 -0.63099998 2.302 66
-2.184 -0.875 2.303 61
-1.9960001 -0.80000001 2.3010001 70
-1.822 -0.73199999 2.316 73
-1.646 -0.66399997 2.302 65
-2.1589999 -0.92400002 2.303 63
-1.98 -0.84500003 2.3069999 68
-1.804 -0.76999998 2.3150001 68
-1.632 -0.69800001 2.302 66
-2.1359999 -0.97399998 2.3080001 61
-1.959 -0.889 2.3080001 68
-1.786 -0.80800003 2.316 70
-1.617 -0.73100001 2.302 65
-2.1110001 -1.023 2.3099999 60
-1.937 -0.93199998 2.3099999 68
-1.77 -0.847 2.3199999 70
-1.603 -0.76499999 2.303 67
-2.085 -1.0700001 2.312 60
-1.918 -0.97600001 2.316 64
-1.751 -0.88499999 2.3199999 70
-1.591 -0.79900002 2.309 61
-2.0580001 -1.118 2.316 56
-1.892 -1.017 2.3150001 64
-1.732 -0.92199999 2.322 70
-1.577 -0.83399999 2.313 73
-2.0239999 -1.161 2.313 52
-1.867 -1.058 2.316 61
-1.711 -0.958 2.322 65
-1.5599999 -0.866 2.313 70
-1.992 -1.205 2.313 55
-1.844 -1.1 2.3199999 66
-1.6900001 -0.995 2.323 70
-1.5470001 -0.90100002 2.319 64
-2.0039999 -1.277 2.3659999 150
-1.8150001 -1.1390001 2.319 58
-1.6670001 -1.031 2.3239999 68
-1.53 -0.93400002 2.3210001 59
-2.1029999 -1.41 2.527 56
-1.785 -1.176 2.316 64
-1.647 -1.068 2.3269999 66
-1.511 -0.96499997 2.3199999 61
-2.0639999 -1.454 2.526 67
-1.799 -1.245 2.3740001 150
-1.623 -1.102 2.3269999 63
-1.494 -0.99800003 2.323 63
-2.0350001 -1.506 2.539 53
-1.886 -1.368 2.5320001 77
-1.5700001 -1.117 2.2869999 24
-1.475 -1.029 2.3239999 63
-1.9960001 -1.549 2.54 51
-1.851 -1.4069999 2.53 65
-1.535 -1.142 2.2709999 16
-1.457 -1.063 2.3280001 66
-1.954 -1.59 2.539 56
-1.834 -1.459 2.5539999 60
-1.618 -1.2589999 2.434 150
-1.433 -1.091 2.323 60
-1.916 -1.635 2.5450001 53
-1.795 -1.495 2.549 60
-1.6619999 -1.35 2.543 56
-1.414 -1.124 2.3269999 57
-1.873 -1.675 2.546 55
-1.7589999 -1.533 2.5510001 61
-1.633 -1.387 2.5439999 80
-1.399 -1.159 2.3380001 78
-1.829 -1.712 2.5450001 56
-1.727 -1.574 2.5569999 60
-1.6109999 -1.429 2.5580001 60
-1.425 -1.2309999 2.421 151
-1.789 -1.755 2.553 57
-1.6900001 -1.6109999 2.5599999 56
-1.5779999 -1.461 2.5550001 63
-1.472 -1.326 2.543 63
-1.7410001 -1.788 2.549 58
-1.649 -1.6440001 2.556 61
-1.55 -1.498 2.5610001 57
-1.444 -1.3559999 2.539 56
-1.696 -1.824 2.5510001 59
-1.614 -1.683 2.563 56
-1.517 -1.53 2.5599999 57
-1.424 -1.393 2.55 65
-1.651 -1.86 2.5550001 63
-1.573 -1.715 2.562 60
-1.483 -1.562 2.559 55
-1.399 -1.427 2.5539999 58
-1.608 -1.897 2.563 66
-1.5319999 -1.7460001 2.5610001 60
-1.452 -1.597 2.5650001 60
-1.372 -1.459 2.5550001 61
-1.533 -1.896 2.5190001 42
-1.4910001 -1.778 2.562 61
-1.415 -1.624 2.559 52
-1.3430001 -1.488 2.553 60
-1.488 -1.929 2.5250001 45
-1.449 -1.808 2.562 57
-1.383 -1.658 2.5639999 65
-1.316 -1.521 2.5580001 57
-1.457 -1.982 2.5569999 61
-1.4069999 -1.8380001 2.5639999 58
-1.345 -1.6849999 2.5599999 56
-1.288 -1.553 2.5610001 51
-1.408 -2.0090001 2.5580001 51
-1.364 -1.867 2.5650001 60
-1.3099999 -1.716 2.5639999 61
-1.258 -1.5829999 2.562 54
-1.3609999 -2.04 2.5650001 53
-1.317 -1.8890001 2.5569999 56
-1.273 -1.744 2.563 60
-1.229 -1.614 2.5650001 54
-1.309 -2.063 2.563 51
-1.2690001 -1.909 2.549 58
-1.238 -1.774 2.5669999 58
-1.198 -1.6440001 2.5669999 60
-0.55699998 -0.92400002 1.135 2
-1.2309999 -1.943 2.562 59
-1.2 -1.802 2.5680001 57
-1.164 -1.668 2.5610001 56
-0.54900002 -0.95999998 1.168 2
-0.56400001 -0.935 1.2180001 2
-1.161 -1.8279999 2.5680001 57
-1.133 -1.698 2.5650001 58
-0.52100003 -0.96100003 1.158 4
-0.55000001 -0.95999998 1.2359999 2
-0.56 -0.92400002 1.281 2
-1.099 -1.725 2.5639999 55
-0.49000001 -0.95499998 1.141 4
-0.51999998 -0.95599997 1.2180001 4
-0.55299997 -0.95999998 1.313 2
-0.55599999 -0.91500002 1.34 2
-0.461 -0.95200002 1.128 4
-0.48500001 -0.94099998 1.186 3
-0.52399999 -0.95599997 1.291 3
-0.55000001 -0.949 1.369 2
-0.43099999 -0.94400001 1.11 5
-0.46000001 -0.94199997 1.177 3
-0.49900001 -0.958 1.278 4
-0.52399999 -0.94999999 1.351 2
-0.40400001 -0.94199997 1.1 5
-0.43700001 -0.94999999 1.175 5
-0.46599999 -0.94400001 1.245 3
-0.49700001 -0.94800001 1.329 3
-0.36899999 -0.91500002 1.063 1
-0.40799999 -0.94 1.154 4
-0.442 -0.94599998 1.235 4
-0.47299999 -0.949 1.313 3
-0.36500001 -0.96799999 1.117 1
-0.375 -0.91900003 1.119 1
-0.41499999 -0.94199997 1.216 4
-0.44400001 -0.94099998 1.285 3
-0.359 -1.022 1.174 2
-0.37 -0.96700001 1.169 2
-0.377 -0.90700001 1.159 1
-0.41600001 -0.93199998 1.257 3
-0.352 -1.079 1.234 1
-0.36199999 -1.013 1.216 2
-0.373 -0.95499998 1.21 2
-0.38100001 -0.90499997 1.207 2
-0.68300003 -2.2650001 2.5810001 56
-0.35800001 -1.076 1.283 1
-0.366 -1 1.256 2
-0.36700001 -0.92500001 1.22 2
-0.62900001 -2.27 2.579 54
-0.67199999 -2.1789999 2.5840001 52
-0.36000001 -1.056 1.3150001 1
-0.36399999 -0.98000002 1.277 2
-0.57499999 -2.2739999 2.5769999 60
-0.61900002 -2.177 2.5680001 64
-0.66399997 -2.0910001 2.5829999 40
-0.35800001 -1.028 1.327 1
-0.523 -2.283 2.582 59
-0.56400001 -2.161 2.5380001 101
-0.602 -2.049 2.5120001 52
-0.65499997 -2.0190001 2.579 17
-0.46900001 -2.2820001 2.5769999 64
-0.51999998 -2.1919999 2.5639999 98
-0.55699998 -2.059 2.507 44
-0.61000001 -2.027 2.563 52
-0.41800001 -2.2909999 2.585 56
-0.47499999 -2.2160001 2.582 63
-0.51099998 -2.0639999 2.497 36
-0.56 -2.016 2.527 42
-0.333 -2.0929999 2.3610001 139
-0.42500001 -2.221 2.5799999 52
-0.46900001 -2.089 2.5120001 48
-0.51499999 -2.02 2.51 50
-0.28099999 -2.0610001 2.325 54
-0.34200001 -2.0280001 2.349 116
-0.426 -2.108 2.52 69
-0.472 -2.0339999 2.506 50
-0.25299999 -2.223 2.51 64
-0.29499999 -2.0179999 2.3329999 55
-0.35600001 -1.982 2.3570001 150
-0.43099999 -2.0539999 2.5120001 49
-0.20900001 -2.2880001 2.586 54
-0.26800001 -2.164 2.497 70
-0.30899999 -1.966 2.3280001 56
-0.37 -1.972 2.3940001 150
-0.15700001 -2.283 2.585 50
-0.228 -2.243 2.585 53
-0.28099999 -2.0810001 2.4530001 150
-0.31900001 -1.929 2.325 59
-0.106 -2.283 2.5899999 47
-0.17900001 -2.2460001 2.5869999 52
-0.249 -2.197 2.5810001 65
-0.28600001 -1.995 2.3900001 150
-0.055 -2.2739999 2.5869999 47
-0.12899999 -2.24 2.579 56
-0.20200001 -2.2119999 2.589 54
-0.259 -2.1340001 2.5409999 81
-0.0049999999 -2.2650001 2.585 54
-0.079999998 -2.2449999 2.585 50
-0.154 -2.22 2.5910001 59
-0.21699999 -2.184 2.585 52
0.044 -2.26 2.589 53
-0.030999999 -2.24 2.582 55
-0.106 -2.217 2.582 48
-0.17 -2.197 2.5880001 56
0.093999997 -2.2509999 2.5880001 49
0.017000001 -2.2379999 2.5810001 54
-0.057 -2.224 2.586 54
-0.123 -2.2090001 2.5899999 65
0.14300001 -2.2420001 2.5899999 53
0.066 -2.237 2.5840001 56
-0.0089999996 -2.2279999 2.586 53
-0.075000003 -2.217 2.5880001 56
0.192 -2.2349999 2.596 49
0.115 -2.2320001 2.5840001 55
0.037999999 -2.2290001 2.5840001 52
-0.027000001 -2.2290001 2.592 52
0.241 -2.2260001 2.599 47
0.164 -2.227 2.585 53
0.086999997 -2.237 2.592 53
0.021 -2.2349999 2.589 56
0.28799999 -2.2090001 2.595 46
0.212 -2.227 2.592 51
0.13600001 -2.2360001 2.5899999 51
0.07 -2.2420001 2.5899999 48
0.336 -2.2019999 2.6040001 51
0.26100001 -2.2190001 2.5910001 50
0.185 -2.234 2.589 53
0.119 -2.2479999 2.592 52
0.382 -2.1819999 2.598 50
0.308 -2.207 2.5880001 51
0.234 -2.2360001 2.592 57
0.169 -2.253 2.592 44
0.428 -2.165 2.5969999 47
0.35699999 -2.204 2.595 49
0.28299999 -2.2320001 2.5910001 59
0.219 -2.257 2.5929999 43
0.47299999 -2.1470001 2.596 52
0.40400001 -2.1900001 2.5910001 54
0.333 -2.2320001 2.595 54
0.27000001 -2.263 2.5969999 55
0.51899999 -2.131 2.598 50
0.45100001 -2.1789999 2.5910001 52
0.382 -2.23 2.598 49
0.32100001 -2.2650001 2.598 55
0.56199998 -2.1099999 2.596 46
0.498 -2.168 2.5929999 54
0.43099999 -2.221 2.595 49
0.37099999 -2.263 2.596 58
0.60699999 -2.0929999 2.598 44
0.54500002 -2.155 2.5929999 53
0.47999999 -2.2130001 2.5940001 53
0.42199999 -2.26 2.5940001 58
0.64899999 -2.072 2.5969999 45
0.58999997 -2.1400001 2.592 53
0.52899998 -2.2060001 2.5940001 49
0.47400001 -2.2590001 2.595 64
0.69199997 -2.0510001 2.598 46
0.63700002 -2.1259999 2.5940001 51
0.57800001 -2.197 2.5940001 48
0.52499998 -2.2520001 2.5899999 60
0.73500001 -2.0320001 2.602 43
0.68199998 -2.1110001 2.5940001 54
0.62699997 -2.1860001 2.5940001 52
0.57800001 -2.2509999 2.596 58
0.77600002 -2.0090001 2.5999999 50
0.72799999 -2.095 2.5969999 52
0.67699999 -2.1789999 2.599 51
0.62900001 -2.243 2.592 61
0.81699997 -1.9859999 2.6010001 45
0.773 -2.0780001 2.5969999 52
0.72500002 -2.164 2.595 55
0.68000001 -2.234 2.5899999 62
0.85699999 -1.9630001 2.6029999 47
0.81800002 -2.0599999 2.598 52
0.773 -2.1500001 2.5940001 47
0.73500001 -2.234 2.599 65
0.89499998 -1.938 2.602 47
0.861 -2.039 2.596 48
0.82099998 -2.1359999 2.5940001 49
0.78600001 -2.2219999 2.5969999 63
0.93199998 -1.909 2.5969999 50
0.90499997 -2.0209999 2.599 50
0.87 -2.1229999 2.598 48
0.838 -2.21 2.595 63
0.97100002 -1.885 2.5999999 50
0.94800001 -1.999 2.598 55
0.917 -2.105 2.596 47
0.89200002 -2.2019999 2.5999999 64
1.006 -1.855 2.595 44
0.99000001 -1.976 2.5969999 52
0.96499997 -2.0880001 2.5969999 52
0.94199997 -2.1860001 2.596 55
1.0420001 -1.827 2.5940001 45
1.031 -1.951 2.595 56
1.011 -2.066 2.592 45
0.99299997 -2.168 2.592 64
1.079 -1.801 2.596 47
1.072 -1.927 2.595 47
1.056 -2.0439999 2.589 46
1.046 -2.155 2.596 67
1.1109999 -1.768 2.589 43
1.112 -1.901 2.592 48
1.103 -2.023 2.589 49
1.096 -2.135 2.5929999 65
1.145 -1.74 2.589 42
1.151 -1.873 2.5899999 43
1.149 -2.0020001 2.5899999 51
1.149 -2.1199999 2.596 60
1.1799999 -1.714 2.5940001 41
1.191 -1.849 2.592 51
1.193 -1.976 2.586 47
1.199 -2.098 2.5940001 52
1.211 -1.6799999 2.5880001 41
1.229 -1.8200001 2.589 45
1.238 -1.952 2.5840001 45
1.249 -2.075 2.5910001 58
1.243 -1.65 2.589 39
1.2690001 -1.794 2.5910001 45
1.286 -1.932 2.592 54
1.303 -2.0580001 2.5969999 55
1.276 -1.622 2.5929999 41
1.307 -1.766 2.5910001 44
1.3279999 -1.902 2.585 45
1.353 -2.0339999 2.5969999 49
1.307 -1.591 2.592 41
1.344 -1.737 2.592 43
1.373 -1.877 2.5880001 54
1.401 -2.007 2.5940001 54
1.3329999 -1.5549999 2.5840001 48
1.381 -1.706 2.5910001 46
1.416 -1.848 2.5869999 52
1.451 -1.9809999 2.5940001 52
1.3609999 -1.522 2.5829999 44
1.4170001 -1.677 2.592 43
1.456 -1.816 2.582 47
1.5 -1.952 2.592 52
1.385 -1.485 2.5739999 32
1.45 -1.642 2.5869999 50
1.499 -1.7869999 2.5840001 43
1.548 -1.923 2.592 57
1.418 -1.4579999 2.5840001 48
1.483 -1.608 2.5840001 43
1.5420001 -1.758 2.586 48
1.595 -1.893 2.5910001 51
1.449 -1.429 2.5899999 53
1.521 -1.58 2.5910001 46
1.579 -1.722 2.5799999 51
1.642 -1.8609999 2.5899999 53
1.472 -1.393 2.585 41
1.544 -1.536 2.5739999 56
1.622 -1.691 2.5829999 45
1.687 -1.826 2.586 50
1.497 -1.358 2.582 41
1.576 -1.501 2.572 55
1.658 -1.654 2.5780001 54
1.734 -1.793 2.5880001 46
1.524 -1.325 2.586 42
1.607 -1.466 2.5699999 50
1.6950001 -1.617 2.5739999 52
1.778 -1.757 2.586 49
1.546 -1.289 2.5810001 47
1.64 -1.433 2.573 53
1.733 -1.581 2.5739999 54
1.8200001 -1.7180001 2.582 48
1.569 -1.2539999 2.5810001 45
1.669 -1.396 2.572 54
1.773 -1.5470001 2.5780001 49
1.867 -1.682 2.585 42
1.594 -1.221 2.585 46
1.699 -1.36 2.572 53
1.804 -1.5039999 2.569 58
1.913 -1.647 2.589 46
1.614 -1.184 2.5799999 45
1.729 -1.325 2.5739999 58
1.836 -1.4630001 2.5650001 55
1.938 -1.5930001 2.5669999 43
1.635 -1.149 2.5799999 47
1.76 -1.289 2.5780001 52
1.872 -1.425 2.566 57
1.982 -1.554 2.5699999 49
1.656 -1.113 2.579 51
1.7819999 -1.247 2.5699999 50
1.9069999 -1.386 2.5669999 60
2.0369999 -1.523 2.5880001 53
1.677 -1.077 2.579 50
1.808 -1.2079999 2.5680001 53
1.943 -1.347 2.5699999 54
2.0669999 -1.473 2.5769999 58
1.697 -1.041 2.5799999 50
1.8380001 -1.1720001 2.573 58
1.973 -1.303 2.5669999 55
2.109 -1.431 2.5799999 60
1.716 -1.005 2.579 44
1.8609999 -1.131 2.5710001 57
2.0020001 -1.2589999 2.563 66
2.1400001 -1.381 2.573 67
0.95300001 -0.53200001 1.418 9
0.95599997 -0.55299997 1.303 8
2.0369999 -1.2180001 2.569 62
2.178 -1.335 2.5739999 60
0.95499998 -0.50800002 1.406 5
0.94999999 -0.523 1.279 14
2.0599999 -1.171 2.5599999 67
2.2060001 -1.284 2.5650001 65
0.97000003 -0.49000001 1.414 8
0.98100001 -0.51300001 1.306 19
2.085 -1.124 2.556 58
2.2420001 -1.237 2.5680001 59
1.784 -0.85600001 2.5769999 52
0.97799999 -0.484 1.2869999 13
2.1129999 -1.079 2.5569999 66
2.2780001 -1.189 2.5710001 64
1.723 -0.78399998 2.4660001 150
1.971 -0.92500001 2.5650001 64
2.1400001 -1.033 2.5569999 69
2.3050001 -1.136 2.5650001 58
1.229 -0.52899998 1.744 4
1.211 -0.537 1.5599999 34
1.2 -0.546 1.4170001 11
1.245 -0.57800001 1.368 11
1.665 -0.67699999 2.345 150
1.22 -0.509 1.557 36
1.239 -0.53100002 1.446 55
1.266 -0.55299997 1.373 11
1.686 -0.64499998 2.355 78
1.987 -0.77999997 2.5120001 150
2.2090001 -0.889 2.552 68
1.276 -0.52200001 1.368 2
1.698 -0.61000001 2.355 57
1.909 -0.70300001 2.3929999 150
2.2290001 -0.83999997 2.549 67
2.3399999 -0.89600003 2.48 48
1.7079999 -0.574 2.3529999 50
1.891 -0.64999998 2.3510001 150
2.25 -0.79100001 2.5480001 69
2.3310001 -0.83099997 2.444 60
1.693 -0.53100002 2.3169999 150
1.904 -0.60900003 2.348 150
2.1530001 -0.70300001 2.4170001 150
1.401 -0.463 1.455 15
1.595 -0.465 2.1700001 150
1.891 -0.56099999 2.3150001 150
0 0 0 0
1.409 -0.43000001 1.449 20
1.587 -0.42699999 2.1459999 43
1.931 -0.528 2.349 57
2.128 -0.58999997 2.3510001 65
2.3099999 -0.64700001 2.3559999 43
1.671 -0.414 2.2490001 150
1.788 -0.44800001 2.161 105
2.141 -0.54299998 2.348 63
2.329 -0.59399998 2.3570001 64
1.755 -0.39700001 2.348 53
1.771 -0.403 2.1270001 32
2.132 -0.49000001 2.323 120
2.3499999 -0.542 2.3610001 66
1.761 -0.361 2.3469999 57
1.8609999 -0.382 2.223 150
2.0109999 -0.41499999 2.178 150
2.3610001 -0.48699999 2.3559999 74
1.7690001 -0.324 2.346 53
1.972 -0.36000001 2.3440001 59
1.938 -0.354 2.0869999 69
2.2820001 -0.41600001 2.2639999 150
1.776 -0.28799999 2.3469999 53
1.98 -0.31799999 2.3429999 59
2.1800001 -0.34799999 2.336 68
2.1689999 -0.34299999 2.1400001 35
1.781 -0.252 2.345 54
1.98 -0.27399999 2.3340001 67
2.1919999 -0.30000001 2.3380001 67
2.392 -0.322 2.349 75
1.785 -0.215 2.342 58
1.992 -0.23199999 2.339 64
2.198 -0.25099999 2.335 65
2.3970001 -0.266 2.3440001 66
1.7920001 -0.17900001 2.3429999 56
1.997 -0.19 2.3380001 63
2.204 -0.20100001 2.3329999 64
2.405 -0.211 2.3429999 68
1.796 -0.142 2.3429999 55
2.0020001 -0.147 2.3369999 62
2.2119999 -0.152 2.3340001 68
2.411 -0.155 2.3410001 65
1.794 -0.105 2.335 45
2.0050001 -0.104 2.336 62
2.2149999 -0.102 2.332 65
2.415 -0.098999999 2.3399999 68
1.799 -0.068999998 2.3369999 54
2.006 -0.059999999 2.332 55
2.2149999 -0.052000001 2.3280001 59
2.4200001 -0.043000001 2.3399999 62
1.803 -0.032000002 2.3380001 56
2.006 -0.017000001 2.3280001 68
2.2149999 -0.003 2.325 63
2.4119999 0.013 2.3299999 65
1.801 0.0040000002 2.332 56
2.007 0.025 2.3269999 68
2.214 0.046999998 2.322 62
2.4070001 0.068999998 2.3239999 70
1.802 0.041000001 2.3310001 54
2.006 0.068000004 2.326 67
2.207 0.096000001 2.3139999 59
2.411 0.125 2.3280001 66
1.802 0.078000002 2.3299999 54
2.0050001 0.112 2.3239999 72
2.2119999 0.146 2.3199999 65
2.4070001 0.18099999 2.325 62
1.798 0.115 2.3239999 49
2.0039999 0.155 2.323 66
2.2019999 0.19499999 2.312 61
2.398 0.236 2.3199999 69
1.801 0.152 2.3269999 55
2.0009999 0.198 2.322 69
2.197 0.245 2.309 64
2.395 0.292 2.3210001 73
1.799 0.19 2.326 54
1.993 0.241 2.3150001 68
2.1930001 0.294 2.3099999 63
2.3889999 0.34799999 2.3199999 71
1.793 0.226 2.3199999 50
1.9910001 0.285 2.3169999 68
2.1860001 0.34400001 2.3080001 66
2.3770001 0.403 2.316 58
1.79 0.264 2.319 50
1.9859999 0.32800001 2.316 67
2.1789999 0.39300001 2.3069999 66
2.369 0.458 2.3169999 74
1.789 0.301 2.3199999 52
1.976 0.37 2.3099999 70
2.1719999 0.442 2.3080001 68
2.3540001 0.51200002 2.312 68
1.7819999 0.338 2.3150001 49
1.969 0.41299999 2.309 71
2.1600001 0.491 2.3050001 63
2.3429999 0.56800002 2.313 59
1.78 0.37599999 2.3180001 55
1.962 0.456 2.309 70
2.145 0.53899997 2.3 61
2.326 0.62099999 2.309 69
1.774 0.41299999 2.316 54
1.952 0.49900001 2.306 70
2.1359999 0.588 2.302 67
2.309 0.67400002 2.3069999 72
1.7640001 0.449 2.309 50
1.942 0.54100001 2.3050001 70
2.1229999 0.63599998 2.3010001 66
2.2920001 0.727 2.3050001 75
1.757 0.48699999 2.3080001 50
1.931 0.58399999 2.3039999 71
2.108 0.68400002 2.299 67
2.276 0.78100002 2.3069999 78
1.752 0.52399999 2.3099999 52
1.919 0.625 2.302 68
2.0899999 0.73000002 2.296 64
2.253 0.83200002 2.302 81
1.743 0.56099999 2.3080001 54
1.9069999 0.66799998 2.3010001 71
2.073 0.77700001 2.2950001 63
2.23 0.88300002 2.3 75
1.7359999 0.59899998 2.309 53
1.893 0.70899999 2.299 68
2.0539999 0.82300001 2.2920001 61
2.2079999 0.93400002 2.2980001 73
1.724 0.63599998 2.303 56
1.877 0.75 2.2950001 65
2.0350001 0.86900002 2.2920001 64
2.1800001 0.98299998 2.293 71
1.714 0.67299998 2.303 58
1.867 0.79400003 2.3010001 68
2.0150001 0.91500002 2.2909999 61
2.155 1.0319999 2.2920001 69
1.7029999 0.70999998 2.302 60
1.848 0.833 2.2950001 69
1.995 0.95999998 2.29 65
2.128 1.081 2.29 72
1.6900001 0.74699998 2.299 58
1.83 0.87300003 2.293 71
1.974 1.006 2.2909999 65
2.0999999 1.128 2.2880001 68
1.677 0.78299999 2.2969999 60
1.814 0.91500002 2.2939999 69
1.949 1.049 2.2880001 62
2.075 1.177 2.2909999 66
1.668 0.82200003 2.3010001 58
1.794 0.954 2.2909999 71
1.921 1.09 2.2820001 66
2.0439999 1.223 2.2880001 77
1.65 0.85699999 2.2939999 57
1.774 0.99400002 2.29 70
1.8940001 1.132 2.28 61
2.0109999 1.268 2.286 77
1.635 0.89300001 2.2920001 57
1.755 1.033 2.29 70
1.869 1.175 2.28 64
1.975 1.3099999 2.279 72
1.62 0.92900002 2.2909999 59
1.7309999 1.071 2.2850001 66
1.839 1.214 2.2750001 71
1.9400001 1.352 2.276 67
1.607 0.96700001 2.2939999 63
1.71 1.11 2.2850001 71
1.814 1.258 2.2780001 67
1.9069999 1.396 2.276 66
1.589 1.003 2.2909999 63
1.686 1.148 2.283 68
1.783 1.296 2.2750001 72
1.872 1.438 2.276 71
1.571 1.039 2.289 58
1.6619999 1.1849999 2.2809999 68
1.753 1.335 2.2739999 69
1.8380001 1.48 2.277 71
1.554 1.075 2.29 61
1.637 1.222 2.28 68
1.723 1.375 2.2739999 72
1.796 1.516 2.27 59
1.5319999 1.109 2.2839999 57
1.612 1.2589999 2.279 72
1.689 1.4119999 2.2709999 66
1.756 1.552 2.266 65
1.515 1.146 2.2869999 66
1.587 1.2970001 2.2809999 78
1.6569999 1.449 2.27 63
1.725 1.598 2.276 68
1.492 1.1799999 2.283 62
1.557 1.33 2.2750001 70
1.6210001 1.483 2.267 60
1.681 1.63 2.2690001 67
1.47 1.214 2.2809999 66
1.53 1.365 2.2750001 71
1.59 1.522 2.27 63
1.636 1.6619999 2.2620001 66
1.451 1.251 2.2839999 64
1.5 1.4 2.273 70
1.55 1.552 2.263 64
1.598 1.699 2.266 55
1.423 1.2819999 2.276 60
1.471 1.433 2.2709999 69
1.515 1.587 2.263 64
1.5549999 1.732 2.2639999 70
1.398 1.314 2.2720001 59
1.441 1.467 2.2709999 69
1.479 1.62 2.263 66
1.5089999 1.76 2.2590001 66
1.377 1.351 2.277 63
1.409 1.499 2.2679999 72
1.4400001 1.65 2.26 58
1.4680001 1.793 2.26 61
1.348 1.381 2.2709999 58
1.375 1.528 2.2639999 64
1.402 1.682 2.26 61
1.424 1.824 2.2609999 66
1.323 1.415 2.27 59
1.347 1.5650001 2.27 62
1.3660001 1.715 2.263 62
1.3789999 1.852 2.2590001 59
1.298 1.45 2.2739999 57
1.313 1.595 2.2679999 65
1.324 1.7410001 2.2579999 62
1.334 1.88 2.26 70
1.2690001 1.4809999 2.27 57
1.277 1.623 2.2639999 55
1.284 1.7690001 2.257 63
1.288 1.906 2.2579999 66
1.24 1.511 2.267 55
1.244 1.655 2.266 60
1.244 1.798 2.2590001 62
1.239 1.927 2.253 63
1.209 1.54 2.2639999 56
1.2079999 1.682 2.263 64
1.2 1.8200001 2.253 57
0 0 0 0
1.178 1.569 2.26 57
1.171 1.709 2.26 61
1.16 1.849 2.256 64
0 0 0 0
1.149 1.602 2.2620001 50
1.135 1.737 2.26 59
0 0 0 0
0.228 0.414 0.46799999 10
1.119 1.635 2.266 65
1.098 1.763 2.2590001 62
0.235 0.414 0.493 8
0 0 0 0
1.086 1.663 2.2620001 63
1.0599999 1.789 2.2579999 60
0.222 0.414 0.486 9
0.204 0.41499999 0.46000001 9
1.051 1.689 2.2590001 62
1.022 1.8150001 2.2590001 41
0.20900001 0.41100001 0.47799999 9
0 0 0 0
1.021 1.723 2.266 57
0.97399998 1.823 2.2379999 4
0 0 0 0
0.17900001 0.41 0.44600001 9
0.98400003 1.7460001 2.2590001 51
0 0 0 0
0.18799999 0.414 0.472 8
0 0 0 0
0.94800001 1.773 2.2579999 47
0 0 0 9
0 0 0 0
0.156 0.40599999 0.435 9
0.90899998 1.793 2.2490001 8
0 0 0 0
0.164 0.41 0.458 8
0 0 0 0
0 0 0 0
0 0 0 9
0 0 0 0
0.13500001 0.405 0.42899999 9
0 0 0 9
0 0 0 0
0.142 0.40700001 0.44800001 8
0 0 0 0
0 0 0 0
0 0 0 8
0 0 0 0
0.114 0.40099999 0.42199999 9
0 0 0 9
0 0 0 0
0.121 0.40400001 0.43900001 8
0 0 0 0
0 0 0 0
0.12899999 0.39700001 0.447 8
0 0 0 0
0.093999997 0.40000001 0.417 9
0 0 0 9
0 0 0 0
0.102 0.403 0.433 8
0 0 0 0
0 0 0 0
0.109 0.39500001 0.43799999 8
0 0 0 0
0.075999998 0.40200001 0.417 8
0 0 0 9
0 0 0 0
0.082000002 0.39899999 0.42500001 7
0 0 0 0
0 0 0 0
0.090999998 0.39700001 0.433 8
0 0 0 0
0.056000002 0.39700001 0.41100001 8
0 0 0 9
0 0 0 0
0.063000001 0.398 0.421 7
0 0 0 0
0 0 0 0
0.071999997 0.39399999 0.42500001 8
0 0 0 0
0.037999999 0.396 0.41 8
0.082000002 0.39899999 0.43700001 8
0 0 0 0
0.045000002 0.39700001 0.419 7
0 0 0 0
0 0 0 0
0.054000001 0.39500001 0.42199999 7
0 0 0 0
0.02 0.38999999 0.40599999 8
0.063000001 0.40000001 0.43099999 8
0 0 0 0
0.027000001 0.396 0.41600001 7
0 0 0 0
0 0 0 0
0.035999998 0.396 0.41999999 7
0 0 0 0
0.003 0.39199999 0.40900001 8
0.045000002 0.40099999 0.42699999 8
0 0 0 0
0.0099999998 0.39500001 0.41499999 7
0 0 0 0
0 0 0 0
0.017999999 0.39199999 0.414 7
0 0 0 0
-0.013 0.389 0.40900001 8
0.027000001 0.40200001 0.42300001 8
0 0 0 0
-0.0070000002 0.396 0.417 7
0 0 0 0
0 0 0 0
0.001 0.38699999 0.40799999 7
0 0 0 0
-0.029999999 0.389 0.412 8
0.0089999996 0.39899999 0.41600001 8
0 0 0 0
-0.024 0.39300001 0.41499999 7
-0.213 2.0969999 2.233 28
0 0 0 0
-0.016000001 0.38999999 0.41 7
0 0 0 0
-0.25799999 2.0880001 2.2349999 59
-0.0080000004 0.38999999 0.405 8
0 0 0 0
-0.223 2.085 2.2179999 1
-0.30500001 2.0840001 2.2449999 54
0 0 0 0
-0.033 0.39199999 0.412 7
-0.271 2.0940001 2.2360001 54
-0.34900001 2.0680001 2.2420001 43
-0.026000001 0.389 0.40099999 8
-0.23100001 2.128 2.24 37
-0.317 2.0929999 2.243 45
-0.39300001 2.0569999 2.2449999 48
0 0 0 0
-0.278 2.1170001 2.2309999 51
-0.36399999 2.086 2.247 42
-0.43599999 2.0380001 2.2409999 46
-0.244 2.1619999 2.227 5
-0.32800001 2.128 2.247 45
-0.40799999 2.069 2.2409999 42
-0.477 2.0120001 2.2309999 53
-0.29499999 2.1689999 2.2349999 9
-0.375 2.1210001 2.2460001 46
-0.45300001 2.059 2.2420001 41
-0.51899999 1.995 2.2309999 58
-0.34599999 2.1700001 2.2360001 38
-0.42199999 2.1059999 2.237 43
-0.498 2.0469999 2.243 42
-0.56 1.977 2.2309999 62
-0.39500001 2.1630001 2.2320001 38
-0.46900001 2.0969999 2.2360001 41
-0.542 2.0339999 2.244 49
-0.60100001 1.957 2.2290001 61
-0.447 2.165 2.237 39
-0.51599997 2.0869999 2.2349999 41
-0.58700001 2.02 2.2460001 49
-0.64200002 1.942 2.234 66
-0.49700001 2.158 2.234 39
-0.56300002 2.076 2.2349999 41
-0.63 2.0039999 2.2449999 46
-0.68300003 1.9220001 2.2349999 61
-0.54699999 2.1489999 2.2309999 39
-0.61000001 2.0669999 2.2379999 47
-0.671 1.9809999 2.2379999 51
-0.72000003 1.896 2.23 68
-0.60000002 2.1470001 2.2360001 38
-0.65799999 2.0569999 2.24 45
-0.71200001 1.96 2.234 58
-0.759 1.877 2.233 69
-0.64999998 2.1359999 2.234 40
-0.70499998 2.0439999 2.2409999 45
-0.75400001 1.942 2.2349999 57
-0.796 1.851 2.2290001 71
-0.69999999 2.125 2.2320001 38
-0.75099999 2.029 2.2409999 44
-0.796 1.923 2.2349999 57
-0.83399999 1.83 2.2320001 58
-0.75099999 2.115 2.233 41
-0.79699999 2.0150001 2.243 42
-0.83600003 1.901 2.233 57
-0.87099999 1.808 2.234 73
-0.801 2.1010001 2.2320001 39
-0.83899999 1.989 2.2320001 54
-0.87599999 1.881 2.234 63
-0.90600002 1.7819999 2.233 78
-0.84799999 2.082 2.2260001 45
-0.884 1.972 2.233 66
-0.91500002 1.857 2.2320001 67
-0.94099998 1.756 2.2320001 76
-0.89700001 2.062 2.221 60
-0.92900002 1.954 2.234 61
-0.95499998 1.835 2.2320001 66
-0.97299999 1.726 2.227 69
-0.94800001 2.049 2.224 57
-0.972 1.9299999 2.23 67
-0.99400002 1.812 2.234 68
-1.008 1.702 2.23 70
-0.99699998 2.0309999 2.224 59
-1.017 1.911 2.233 61
-1.031 1.7869999 2.233 67
-1.04 1.675 2.23 72
-1.044 2.01 2.221 58
-1.057 1.8839999 2.227 58
-1.069 1.763 2.234 68
-1.073 1.647 2.23 67
-1.0930001 1.988 2.22 58
-1.099 1.86 2.2260001 59
-1.107 1.738 2.2349999 70
-1.103 1.618 2.2279999 69
-1.141 1.967 2.22 58
-1.143 1.8380001 2.2290001 65
-1.1440001 1.712 2.237 68
-1.135 1.591 2.23 69
-1.189 1.946 2.2219999 66
-1.187 1.816 2.233 67
-1.179 1.6849999 2.237 64
-1.168 1.566 2.2360001 71
-1.237 1.9220001 2.2219999 63
-1.225 1.786 2.2279999 66
-1.215 1.6569999 2.2379999 65
-1.197 1.535 2.2349999 73
-1.281 1.893 2.217 56
-1.268 1.763 2.2320001 64
-1.249 1.6289999 2.2390001 66
-1.224 1.503 2.2320001 67
-1.329 1.87 2.221 56
-1.306 1.732 2.2290001 63
-1.2819999 1.599 2.2379999 58
-1.252 1.474 2.234 66
-1.375 1.842 2.221 57
-1.344 1.7029999 2.2290001 63
-1.317 1.571 2.2420001 66
-1.277 1.4400001 2.23 69
-1.419 1.811 2.2190001 57
-1.387 1.677 2.2349999 67
-1.348 1.539 2.24 67
-1.309 1.415 2.24 70
-1.4630001 1.781 2.2190001 61
-1.423 1.6440001 2.2320001 60
-1.3789999 1.507 2.2390001 59
-1.332 1.381 2.2360001 70
-1.5089999 1.753 2.223 67
-1.4579999 1.61 2.23 66
-1.413 1.478 2.244 67
-1.3559999 1.348 2.2349999 61
-1.548 1.715 2.217 64
-1.495 1.5779999 2.23 64
-1.443 1.4450001 2.244 67
-1.382 1.317 2.2379999 59
-1.5930001 1.686 2.2219999 65
-1.533 1.5470001 2.233 66
-1.473 1.4119999 2.2460001 68
-1.4069999 1.286 2.24 64
-1.6339999 1.649 2.22 66
-1.5650001 1.51 2.23 71
-1.502 1.3789999 2.247 68
-1.429 1.252 2.2390001 62
-1.673 1.612 2.2190001 66
-1.601 1.477 2.233 67
-1.527 1.3430001 2.243 75
-1.45 1.2180001 2.2379999 59
-1.717 1.579 2.2249999 64
-1.6339999 1.4400001 2.233 67
-1.553 1.307 2.2420001 70
-1.474 1.187 2.243 62
-1.753 1.538 2.221 64
-1.666 1.403 2.2320001 66
-1.58 1.272 2.243 71
-1.495 1.153 2.243 66
-1.791 1.499 2.221 65
-1.7 1.368 2.2360001 63
-1.605 1.237 2.244 67
-1.512 1.117 2.2390001 75
-1.827 1.459 2.221 66
-1.728 1.327 2.2320001 67
-1.63 1.2 2.244 64
-1.535 1.086 2.2460001 62
-1.867 1.421 2.2260001 64
-1.756 1.288 2.2309999 64
-1.655 1.165 2.247 71
-1.55 1.049 2.2409999 68
-1.898 1.375 2.221 63
-1.788 1.25 2.2349999 75
-1.679 1.128 2.2479999 72
-1.5700001 1.015 2.244 69
-1.936 1.336 2.227 62
-1.813 1.2079999 2.2320001 69
-1.697 1.0880001 2.243 73
-1.589 0.98100001 2.247 70
-1.9680001 1.291 2.2260001 59
-1.8430001 1.169 2.2360001 60
-1.726 1.054 2.253 77
-1.605 0.94599998 2.247 72
-1.998 1.245 2.2249999 63
-1.872 1.1289999 2.2390001 70
-1.744 1.015 2.2509999 72
-1.617 0.90799999 2.2420001 71
-2.0320001 1.202 2.2290001 68
-1.897 1.087 2.24 66
-1.761 0.97399998 2.247 73
-1.633 0.87400001 2.244 72
-2.059 1.153 2.227 62
-1.919 1.043 2.2379999 66
-1.785 0.93800002 2.2550001 78
-1.648 0.83899999 2.2460001 71
-2.0869999 1.1059999 2.2279999 65
-1.946 1.002 2.243 73
-1.803 0.89899999 2.2550001 70
-1.663 0.80400002 2.2479999 70
-2.1199999 1.061 2.234 64
-1.969 0.958 2.244 77
-1.821 0.85900003 2.256 70
-1.6799999 0.76999998 2.253 67
-2.145 1.011 2.233 65
-1.99 0.91399997 2.244 75
-1.84 0.81999999 2.2590001 74
-1.691 0.73299998 2.2509999 71
-2.1689999 0.96200001 2.233 68
-2.013 0.87 2.2479999 70
-1.855 0.77899998 2.2590001 77
-1.7029999 0.69700003 2.2520001 67
-2.198 0.91399997 2.24 65
-2.0309999 0.824 2.2479999 70
-1.869 0.73900002 2.2579999 72
-1.715 0.66100001 2.2550001 72
-2.2190001 0.86199999 2.2390001 67
-2.046 0.77700001 2.2449999 76
-1.886 0.699 2.2620001 74
-1.726 0.625 2.256 68
-2.233 0.80800003 2.233 69
-2.0680001 0.73299998 2.2520001 71
-1.898 0.65700001 2.2609999 69
-1.7359999 0.588 2.256 66
-2.2590001 0.759 2.24 66
-2.0810001 0.685 2.2490001 68
-1.911 0.616 2.263 76
-1.747 0.55299997 2.26 72
-2.279 0.70700002 2.2420001 66
-2.096 0.639 2.2490001 68
-1.921 0.574 2.2620001 67
-1.755 0.51599997 2.2590001 70
-2.2950001 0.65399998 2.2420001 65
-2.1129999 0.59200001 2.2539999 72
-1.9349999 0.53299999 2.266 76
-1.765 0.47999999 2.2620001 72
-2.3110001 0.60000002 2.244 61
-2.1240001 0.54400003 2.253 64
-1.944 0.491 2.266 76
-1.771 0.44299999 2.2609999 73
-2.3239999 0.546 2.244 63
-2.1370001 0.49700001 2.2550001 73
-1.954 0.449 2.2679999 76
-1.777 0.40599999 2.2620001 72
-2.3410001 0.493 2.2479999 68
-2.1459999 0.44800001 2.2539999 69
-1.9630001 0.40700001 2.27 78
-1.783 0.36899999 2.2609999 69
-2.355 0.43900001 2.2509999 66
-2.1559999 0.40000001 2.256 73
-1.9680001 0.36500001 2.2679999 78
-1.79 0.33199999 2.2639999 71
-2.365 0.384 2.2520001 70
-2.164 0.352 2.256 72
-1.976 0.322 2.2709999 76
-1.796 0.29499999 2.266 69
-2.372 0.329 2.2520001 67
-2.1730001 0.30399999 2.2590001 69
-1.982 0.28 2.2709999 75
-1.8 0.25799999 2.267 69
-2.3789999 0.273 2.2520001 66
-2.1800001 0.255 2.2609999 68
-1.9859999 0.237 2.2720001 74
-1.8049999 0.222 2.2690001 67
-2.385 0.21799999 2.2539999 61
-2.1830001 0.206 2.26 69
-1.99 0.19499999 2.273 74
-1.8049999 0.184 2.266 68
-2.3889999 0.163 2.2550001 62
-2.191 0.15700001 2.2650001 69
-1.998 0.152 2.279 68
-1.808 0.147 2.267 70
-2.395 0.107 2.2579999 63
-2.1919999 0.108 2.2639999 74
-1.995 0.109 2.2739999 74
-1.811 0.11 2.27 69
-2.395 0.050999999 2.2579999 60
-2.1900001 0.059 2.2620001 68
-2.0020001 0.066 2.2809999 71
-1.813 0.072999999 2.2720001 68
-2.395 -0.003 2.2590001 60
-2.1949999 0.0099999998 2.267 70
-2.0020001 0.024 2.2809999 73
-1.813 0.035999998 2.2720001 65
-2.398 -0.059 2.2639999 59
-2.1949999 -0.037999999 2.2690001 77
-2.0009999 -0.017999999 2.2820001 70
-1.814 0 2.2739999 72
-2.3940001 -0.114 2.2639999 59
-2.1889999 -0.086999997 2.266 66
-2.0009999 -0.061000001 2.283 73
-1.812 -0.037 2.273 66
-2.3889999 -0.17 2.2650001 63
-2.194 -0.13699999 2.2750001 64
-1.998 -0.104 2.2839999 73
-1.811 -0.074000001 2.2739999 69
-2.388 -0.22499999 2.27 69
-2.1889999 -0.185 2.2750001 68
-1.994 -0.147 2.283 69
-1.813 -0.111 2.279 66
-2.378 -0.28 2.2679999 60
-2.1819999 -0.234 2.2739999 68
-1.994 -0.19 2.2880001 69
-1.807 -0.148 2.2750001 71
-2.3699999 -0.33500001 2.27 61
-2.1819999 -0.28299999 2.2809999 72
-1.989 -0.23199999 2.289 69
-1.809 -0.186 2.283 75
-2.3659999 -0.38999999 2.277 66
-2.1730001 -0.33199999 2.2809999 71
-1.983 -0.27399999 2.2880001 70
-1.806 -0.223 2.2850001 72
-2.3540001 -0.44400001 2.277 64
-2.1619999 -0.37900001 2.279 68
-1.979 -0.317 2.2920001 72
-1.801 -0.25999999 2.2850001 72
-2.342 -0.498 2.279 61
-2.1589999 -0.42899999 2.2869999 68
-1.972 -0.36000001 2.293 74
-1.7970001 -0.29699999 2.286 73
-2.332 -0.55299997 2.2839999 73
-2.148 -0.477 2.2880001 71
-1.961 -0.40099999 2.29 69
-1.791 -0.33399999 2.286 76
-2.3180001 -0.60600001 2.286 72
-2.132 -0.523 2.2850001 72
-1.957 -0.44400001 2.2969999 75
-1.788 -0.37200001 2.2909999 63
-2.2969999 -0.65799999 2.283 61
-2.1240001 -0.57200003 2.2909999 66
-1.947 -0.486 2.2969999 67
-1.7819999 -0.40900001 2.293 66
-2.2939999 -0.71499997 2.3 61
-2.1099999 -0.61900002 2.2920001 68
-1.937 -0.528 2.2980001 76
-1.776 -0.44600001 2.2950001 65
-2.27 -0.76499999 2.296 63
-2.0999999 -0.667 2.299 58
-1.927 -0.56999999 2.3 74
-1.768 -0.48300001 2.296 70
-2.2520001 -0.81699997 2.3 61
-2.089 -0.71499997 2.306 69
-1.9170001 -0.61199999 2.3039999 67
-1.76 -0.51999998 2.2969999 73
-2.233 -0.86799997 2.3039999 64
-2.069 -0.75999999 2.3039999 65
-1.904 -0.653 2.3050001 68
-1.75 -0.55699998 2.2969999 73
-2.211 -0.91900003 2.306 63
-2.0510001 -0.80599999 2.3050001 63
-1.891 -0.69400001 2.3069999 73
-1.739 -0.59299999 2.2969999 61
-2.188 -0.96799999 2.3080001 64
-2.036 -0.852 2.3110001 65
-1.876 -0.73500001 2.3069999 73
-1.73 -0.63099998 2.3 70
-2.1630001 -1.018 2.3099999 65
-2.0139999 -0.89600003 2.3099999 66
-1.865 -0.77700001 2.3139999 69
-1.724 -0.66900003 2.3069999 69
-2.135 -1.0650001 2.3099999 62
-1.993 -0.94 2.3110001 60
-1.85 -0.81800002 2.316 77
-1.71 -0.70499998 2.306 68
-2.105 -1.1109999 2.309 54
-1.973 -0.98500001 2.316 69
-1.831 -0.85699999 2.3150001 73
-1.699 -0.74299997 2.309 69
-2.0810001 -1.159 2.3150001 60
-1.948 -1.027 2.3150001 61
-1.812 -0.89600003 2.3139999 71
-1.688 -0.77999997 2.3110001 71
-2.053 -1.206 2.3180001 58
-1.925 -1.0700001 2.316 67
-1.799 -0.93800002 2.322 69
-1.673 -0.81599998 2.3110001 66
-2.0469999 -1.266 2.349 150
-1.901 -1.113 2.319 64
-1.78 -0.977 2.3239999 66
-1.6569999 -0.85100001 2.3099999 66
-2.1600001 -1.405 2.52 93
-1.876 -1.155 2.3210001 62
-1.761 -1.017 2.326 71
-1.643 -0.88700002 2.3110001 65
-2.1240001 -1.452 2.5209999 59
-1.845 -1.193 2.3169999 56
-1.738 -1.054 2.3239999 68
-1.627 -0.92299998 2.312 61
-2.099 -1.506 2.536 47
-1.87 -1.268 2.385 155
-1.719 -1.094 2.329 67
-1.612 -0.96100003 2.316 71
-2.0610001 -1.551 2.5380001 45
-1.95 -1.387 2.529 65
-1.694 -1.13 2.3269999 69
-1.6 -0.99900001 2.3239999 72
-2.0209999 -1.594 2.5380001 42
-1.919 -1.4299999 2.5309999 64
-1.674 -1.169 2.3329999 61
-1.58 -1.034 2.322 70
-1.982 -1.636 2.54 44
-1.897 -1.479 2.5469999 55
-1.799 -1.316 2.5450001 59
-1.5599999 -1.068 2.3210001 68
-1.944 -1.681 2.546 45
-1.865 -1.522 2.5510001 61
-1.765 -1.35 2.5350001 58
-1.533 -1.098 2.309 68
-1.902 -1.721 2.546 46
-1.8279999 -1.561 2.55 55
-1.7410001 -1.391 2.5420001 74
-1.517 -1.136 2.3180001 54
-1.857 -1.758 2.5439999 50
-1.794 -1.602 2.5539999 60
-1.722 -1.439 2.5580001 58
-1.534 -1.2 2.3759999 150
-1.816 -1.799 2.55 54
-1.758 -1.64 2.5550001 63
-1.6900001 -1.475 2.556 51
-1.579 -1.29 2.4820001 150
-1.772 -1.836 2.5510001 51
-1.716 -1.674 2.55 58
-1.661 -1.5140001 2.5580001 48
-1.59 -1.3559999 2.539 51
-1.726 -1.87 2.5510001 59
-1.682 -1.714 2.5569999 61
-1.632 -1.554 2.5639999 52
-1.5700001 -1.399 2.549 66
-1.681 -1.906 2.5539999 63
-1.643 -1.75 2.5580001 58
-1.598 -1.5880001 2.5610001 54
-1.548 -1.439 2.556 59
-1.632 -1.937 2.552 60
-1.601 -1.7819999 2.5550001 67
-1.5650001 -1.625 2.5639999 56
-1.52 -1.475 2.5550001 56
-1.567 -1.947 2.5239999 43
-1.564 -1.8200001 2.562 63
-1.53 -1.658 2.5610001 49
-1.492 -1.511 2.5550001 58
-1.53 -1.989 2.5409999 57
-1.521 -1.851 2.5610001 62
-1.494 -1.692 2.5599999 52
-1.465 -1.548 2.5580001 62
-1.493 -2.0339999 2.5610001 57
-1.479 -1.882 2.5599999 71
-1.46 -1.727 2.563 59
-1.434 -1.582 2.556 61
-1.442 -2.059 2.5580001 54
-1.429 -1.903 2.5480001 60
-1.426 -1.763 2.5669999 53
-1.406 -1.62 2.5610001 58
-1.393 -2.0869999 2.5610001 50
-1.385 -1.932 2.5469999 64
-1.39 -1.796 2.569 60
-1.374 -1.654 2.5599999 63
-1.344 -2.1140001 2.563 51
-1.348 -1.971 2.562 68
-1.352 -1.8279999 2.5699999 59
-1.342 -1.688 2.5610001 55
-0.565 -0.935 1.1210001 2
-1.307 -2.0039999 2.569 62
-1.313 -1.859 2.569 61
-1.309 -1.722 2.5610001 61
-0.56 -0.97299999 1.155 2
-0.56999999 -0.91799998 1.161 1
-1.265 -1.876 2.552 54
-1.275 -1.755 2.562 55
-0.52899998 -0.96899998 1.1390001 4
-0.56300002 -0.95200002 1.1900001 2
-1.229 -1.911 2.5599999 71
-1.2410001 -1.788 2.562 56
-0.495 -0.95700002 1.115 4
-0.54299998 -0.96600002 1.194 3
-0.565 -0.92199999 1.217 2
-1.207 -1.822 2.5650001 57
-0.46399999 -0.94800001 1.095 4
-0.509 -0.95300001 1.164 4
-0.55800003 -0.95700002 1.2460001 2
-1.171 -1.855 2.5669999 50
-0.43700001 -0.94499999 1.0829999 5
-0.47999999 -0.94800001 1.146 4
-0.53299999 -0.96200001 1.235 4
-0.55699998 -0.92699999 1.261 2
-0.40900001 -0.93800002 1.067 5
-0.45100001 -0.94199997 1.127 4
-0.50099999 -0.95200002 1.207 3
-0.551 -0.96499997 1.2920001 2
-0.37099999 -0.90399998 1.022 1
-0.43000001 -0.95099998 1.127 5
-0.47400001 -0.95099998 1.191 3
-0.51800001 -0.95499998 1.2589999 3
-0.37099999 -0.963 1.082 1
-0.38800001 -0.912 1.071 2
-0.44400001 -0.94199997 1.166 4
-0.48800001 -0.94700003 1.2309999 3
-0.366 -1.017 1.137 2
-0.37599999 -0.93800002 1.094 1
-0.41800001 -0.93800002 1.148 4
-0.45899999 -0.94199997 1.2079999 3
-0.36000001 -1.073 1.194 2
-0.37099999 -0.98799998 1.143 2
-0.38100001 -0.90899998 1.1 1
-0.43200001 -0.93800002 1.186 4
-0.72600001 -2.3299999 2.5810001 55
-0.36399999 -1.039 1.193 2
-0.37599999 -0.95700002 1.146 1
-0.40099999 -0.92299998 1.151 4
-0.671 -2.3329999 2.575 53
-0.352 -1.0779999 1.23 1
-0.37 -1.0039999 1.191 2
-0.37400001 -0.91600001 1.1289999 1
-0.62 -2.345 2.5799999 55
-0.68699998 -2.2720001 2.575 67
-0.36199999 -1.052 1.2359999 1
-0.36899999 -0.96600002 1.175 2
-0.56599998 -2.348 2.576 61
-0.63700002 -2.283 2.573 58
-0.708 -2.2149999 2.5799999 47
-0.36500001 -1.022 1.23 2
-0.514 -2.355 2.579 60
-0.58700001 -2.296 2.576 60
-0.66000003 -2.234 2.5810001 57
-0.35600001 -1.072 1.276 1
-0.46200001 -2.362 2.582 57
-0.53600001 -2.306 2.575 62
-0.61199999 -2.25 2.5799999 57
-0.67699999 -2.198 2.5869999 59
-0.40900001 -2.362 2.579 62
-0.48500001 -2.3169999 2.576 63
-0.56300002 -2.267 2.5810001 58
-0.62900001 -2.217 2.5829999 55
-0.32699999 -2.165 2.362 150
-0.435 -2.3269999 2.5780001 60
-0.51300001 -2.2809999 2.579 59
-0.58099997 -2.237 2.582 57
-0.27599999 -2.1389999 2.3329999 52
-0.36000001 -2.1860001 2.415 156
-0.46399999 -2.2950001 2.579 57
-0.53399998 -2.2590001 2.5840001 64
-0.24699999 -2.3050001 2.5150001 63
-0.301 -2.1129999 2.3280001 55
-0.414 -2.3069999 2.5780001 75
-0.484 -2.2750001 2.579 63
-0.20200001 -2.3629999 2.5799999 54
-0.26300001 -2.1889999 2.405 150
-0.33000001 -2.109 2.3440001 89
-0.43399999 -2.2939999 2.5799999 68
-0.15099999 -2.365 2.585 59
-0.23 -2.3440001 2.5710001 83
-0.28400001 -2.1170001 2.3410001 78
-0.361 -2.174 2.427 154
-0.1 -2.3610001 2.585 57
-0.18000001 -2.358 2.5829999 69
-0.25600001 -2.293 2.5250001 78
-0.301 -2.1059999 2.3340001 59
-0.048999999 -2.3570001 2.585 57
-0.12899999 -2.358 2.5810001 63
-0.20999999 -2.355 2.5840001 58
-0.264 -2.1919999 2.414 150
0 -2.352 2.586 60
-0.077 -2.3599999 2.5810001 63
-0.15800001 -2.3610001 2.5810001 57
-0.229 -2.3469999 2.5680001 94
0.050000001 -2.345 2.586 60
-0.026000001 -2.359 2.5810001 61
-0.107 -2.3699999 2.5829999 60
-0.178 -2.3789999 2.589 66
0.1 -2.3380001 2.5869999 54
0.024 -2.3610001 2.5840001 67
-0.054000001 -2.3740001 2.5810001 59
-0.124 -2.388 2.586 65
0.149 -2.3310001 2.589 60
0.075000003 -2.3570001 2.582 60
-0.001 -2.3770001 2.579 60
-0.071000002 -2.402 2.589 66
0.198 -2.3210001 2.589 51
0.126 -2.3540001 2.5829999 61
0.050999999 -2.3870001 2.586 59
-0.016000001 -2.408 2.5840001 66
0.24699999 -2.3110001 2.589 53
0.177 -2.3529999 2.586 59
0.104 -2.388 2.5840001 61
0.037999999 -2.4130001 2.5810001 63
0.29499999 -2.303 2.5940001 56
0.228 -2.346 2.585 61
0.15700001 -2.3900001 2.585 58
0 0 0 0
0.34299999 -2.2880001 2.5910001 59
0.27900001 -2.3399999 2.585 62
0.20999999 -2.3900001 2.585 55
0.048 -0.79299998 0.84299999 8
0.38999999 -2.276 2.592 57
0.33000001 -2.3369999 2.5899999 55
0 0 0 0
0.066 -0.78799999 0.83700001 8
0.43700001 -2.263 2.5940001 59
0.38 -2.3299999 2.5910001 64
0 0 0 0
0.083999999 -0.79000002 0.83700001 7
0.48500001 -2.2509999 2.598 58
0.43000001 -2.316 2.586 61
0.122 -0.78600001 0.85299999 0
0.103 -0.792 0.83899999 8
0.52999997 -2.2309999 2.5940001 49
0.48100001 -2.309 2.5899999 56
0.139 -0.78200001 0.85000002 1
0.121 -0.78600001 0.83200002 8
0.57700002 -2.2190001 2.599 59
0.52899998 -2.2950001 2.5869999 60
0.15700001 -0.77899998 0.84799999 2
0.139 -0.78799999 0.83399999 8
0.62099999 -2.1989999 2.596 53
0.57800001 -2.279 2.5829999 54
0.175 -0.77700001 0.84899998 2
0.15700001 -0.78299999 0.829 8
0.66500002 -2.1800001 2.596 48
0.62800002 -2.2690001 2.5869999 61
0.192 -0.77399999 0.84799999 2
0.175 -0.77700001 0.824 8
0.70899999 -2.1630001 2.598 48
0.67699999 -2.256 2.589 65
0.20999999 -0.77200001 0.84899998 2
0.19400001 -0.778 0.82599998 8
0.75400001 -2.145 2.5999999 47
0.72500002 -2.2390001 2.586 59
0.228 -0.77100003 0.852 1
0.212 -0.77600002 0.82599998 8
0.796 -2.1229999 2.599 52
0.77600002 -2.2290001 2.5940001 61
0.24600001 -0.76700002 0.852 0
0.229 -0.76800001 0.82099998 8
0.83899999 -2.102 2.5999999 50
0.82200003 -2.2079999 2.589 63
0.26499999 -0.76800001 0.85799998 0
0.248 -0.76700002 0.82200003 8
0.88099998 -2.082 2.602 43
0.87 -2.1889999 2.589 58
0.85900003 -2.3150001 2.6010001 9
0.26800001 -0.76599997 0.82499999 8
0.92199999 -2.059 2.6010001 53
0.91900003 -2.175 2.595 59
0 0 0 0
0.287 -0.76300001 0.82599998 8
0.96200001 -2.033 2.598 52
0.963 -2.1500001 2.589 57
0.96100003 -2.27 2.5869999 55
0.30500001 -0.75700003 0.82300001 8
1.003 -2.0109999 2.6010001 52
1.011 -2.131 2.592 55
1.016 -2.2579999 2.5929999 59
0.324 -0.755 0.82599998 8
1.0420001 -1.985 2.5999999 46
1.058 -2.1110001 2.5940001 60
1.067 -2.2349999 2.589 55
0.345 -0.75400001 0.82999998 8
1.081 -1.96 2.6010001 48
1.1 -2.082 2.5869999 61
1.1160001 -2.211 2.5840001 59
0.36199999 -0.74599999 0.82800001 8
1.12 -1.934 2.602 47
1.1440001 -2.056 2.5840001 56
1.17 -2.194 2.589 55
0.38499999 -0.74900001 0.838 8
1.154 -1.901 2.5929999 40
1.191 -2.0350001 2.5899999 54
1.221 -2.1689999 2.586 59
0.405 -0.74299997 0.83999997 7
1.194 -1.878 2.598 44
1.233 -2.006 2.585 59
1.27 -2.1429999 2.5840001 56
0.428 -0.74400002 0.84899998 5
1.229 -1.848 2.596 42
1.277 -1.9809999 2.5869999 55
1.324 -2.1240001 2.5910001 51
0.44600001 -0.73500001 0.847 3
1.2640001 -1.819 2.5940001 37
1.321 -1.956 2.5899999 54
1.373 -2.096 2.589 48
0.463 -0.72399998 0.84399998 1
1.302 -1.793 2.599 38
1.364 -1.927 2.5899999 53
1.4220001 -2.066 2.586 50
1.4859999 -2.211 2.6070001 6
1.334 -1.7589999 2.5929999 39
1.405 -1.897 2.5880001 51
1.473 -2.0409999 2.5910001 48
1.538 -2.177 2.599 49
1.368 -1.73 2.5940001 41
1.446 -1.867 2.589 53
1.517 -2.0050001 2.5829999 48
1.591 -2.1440001 2.595 47
1.404 -1.702 2.5969999 46
1.4859999 -1.836 2.5880001 53
1.564 -1.973 2.5810001 47
1.649 -2.1159999 2.599 49
1.433 -1.666 2.5899999 43
1.523 -1.801 2.5829999 48
1.6109999 -1.941 2.5810001 45
1.7 -2.0799999 2.595 49
1.466 -1.635 2.5910001 44
1.5650001 -1.771 2.5869999 53
1.655 -1.905 2.5769999 44
1.7539999 -2.046 2.595 47
1.498 -1.603 2.5910001 42
1.603 -1.7359999 2.585 50
1.7029999 -1.873 2.5799999 47
1.808 -2.0120001 2.5969999 49
1.528 -1.569 2.589 41
1.636 -1.697 2.5769999 50
1.748 -1.837 2.579 47
1.858 -1.973 2.5940001 45
1.5549999 -1.533 2.5840001 43
1.675 -1.664 2.5810001 48
1.791 -1.799 2.5769999 46
1.91 -1.934 2.5940001 50
1.581 -1.4960001 2.5769999 45
1.709 -1.626 2.576 54
1.835 -1.761 2.5769999 43
1.951 -1.886 2.582 44
1.61 -1.4630001 2.5780001 46
1.743 -1.5880001 2.573 50
1.877 -1.722 2.5769999 42
1.961 -1.809 2.5309999 150
1.641 -1.4299999 2.5810001 44
1.781 -1.554 2.5780001 56
1.91 -1.675 2.5650001 40
2.0409999 -1.796 2.572 86
1.673 -1.399 2.5869999 44
1.8150001 -1.516 2.5769999 58
1.949 -1.632 2.562 51
2.043 -1.714 2.516 47
1.696 -1.36 2.579 44
1.841 -1.471 2.566 64
1.992 -1.592 2.5650001 54
2.1559999 -1.724 2.5969999 46
1.724 -1.326 2.582 47
1.875 -1.432 2.5669999 59
2.0409999 -1.557 2.5780001 48
2.1989999 -1.675 2.5929999 47
1.749 -1.289 2.5799999 46
1.9119999 -1.397 2.575 62
2.0610001 -1.499 2.553 39
2.2420001 -1.627 2.5910001 51
1.775 -1.252 2.5799999 46
1.944 -1.3559999 2.575 65
2.1159999 -1.4680001 2.576 54
2.2809999 -1.574 2.586 45
1.799 -1.214 2.5780001 44
1.976 -1.3150001 2.576 54
2.148 -1.418 2.5699999 54
2.3210001 -1.523 2.5840001 49
1.824 -1.177 2.579 47
2.0020001 -1.271 2.572 62
2.1730001 -1.365 2.5580001 51
2.3640001 -1.473 2.586 48
1.846 -1.1390001 2.5780001 55
2.026 -1.226 2.5650001 68
2.2119999 -1.3200001 2.562 54
2.402 -1.418 2.5829999 53
1.868 -1.1 2.575 51
2.0569999 -1.184 2.569 63
2.2460001 -1.273 2.5639999 60
2.438 -1.364 2.5799999 49
0.94400001 -0.52999997 1.285 15
2.079 -1.138 2.563 70
2.273 -1.22 2.5569999 51
2.4719999 -1.307 2.5769999 50
0.97000003 -0.51899999 1.307 19
2.105 -1.0930001 2.562 70
2.3039999 -1.171 2.5569999 52
2.5039999 -1.25 2.573 54
0.963 -0.49000001 1.283 9
2.128 -1.0470001 2.559 74
2.3329999 -1.119 2.556 51
2.5369999 -1.193 2.5710001 46
1.952 -0.94300002 2.572 48
1.187 -0.55199999 1.411 10
1.261 -0.56999999 1.365 9
2.5680001 -1.1339999 2.569 53
1.2 -0.54900002 1.5650001 4
1.216 -0.53399998 1.4299999 16
1.278 -0.54299998 1.367 10
2.6029999 -1.0779999 2.573 53
1.201 -0.51999998 1.551 31
1.23 -0.509 1.432 4
2.3559999 -0.93800002 2.4920001 60
2.487 -0.96100003 2.4300001 150
1.224 -0.5 1.566 0
2.2179999 -0.861 2.5550001 70
2.3369999 -0.87 2.447 57
2.4489999 -0.88099998 2.3659999 65
1.937 -0.74599999 2.457 150
2.2360001 -0.81300002 2.552 73
2.335 -0.81 2.421 52
1.403 -0.46799999 1.342 25
1.877 -0.67900002 2.3599999 52
2.2620001 -0.76700002 2.559 70
1.402 -0.45100001 1.4400001 47
1.489 -0.458 1.411 60
1.3839999 -0.46799999 1.727 3
1.421 -0.447 1.594 11
1.561 -0.463 1.59 18
2.517 -0.70999998 2.3640001 50
1.4069999 -0.44400001 1.7410001 6
1.582 -0.461 1.761 6
2.3299999 -0.634 2.3540001 45
2.527 -0.648 2.3540001 67
1.893 -0.55500001 2.325 150
2.1289999 -0.56999999 2.3529999 66
2.348 -0.58099997 2.3540001 64
2.546 -0.58999997 2.3540001 55
1.934 -0.523 2.358 57
2.1429999 -0.52399999 2.3510001 64
2.3610001 -0.528 2.3510001 64
2.5699999 -0.53200001 2.3610001 79
1.752 -0.435 2.1229999 27
2.1210001 -0.47 2.313 150
2.375 -0.47400001 2.3499999 66
1.951 -0.35600001 1.781 4
1.774 -0.40200001 2.1359999 27
1.967 -0.391 2.131 34
2.2149999 -0.38999999 2.1789999 150
2.589 -0.41 2.3499999 82
1.901 -0.389 2.2750001 150
1.965 -0.34599999 2.118 98
2.181 -0.333 2.1340001 33
2.359 -0.317 2.1300001 31
1.975 -0.36199999 2.3510001 62
2.184 -0.336 2.342 66
2.405 -0.31200001 2.3429999 69
2.608 -0.28799999 2.345 79
1.983 -0.32100001 2.349 60
2.1919999 -0.28799999 2.3399999 65
2.4100001 -0.257 2.339 63
2.615 -0.227 2.3429999 77
1.9910001 -0.27900001 2.3469999 59
2.2019999 -0.241 2.3410001 69
2.414 -0.20200001 2.3340001 62
2.619 -0.16599999 2.339 72
1.999 -0.23800001 2.346 61
2.207 -0.192 2.3380001 68
2.427 -0.148 2.339 67
2.6210001 -0.104 2.335 71
2.0020001 -0.19599999 2.3399999 57
2.2119999 -0.14399999 2.336 70
2.4260001 -0.092 2.3329999 60
2.625 -0.043000001 2.3340001 68
2.0079999 -0.154 2.3380001 58
2.2190001 -0.096000001 2.3369999 67
2.427 -0.037 2.329 65
2.622 0.017999999 2.3280001 59
2.0150001 -0.112 2.339 63
2.2160001 -0.046999998 2.329 54
2.428 0.017999999 2.3269999 57
2.6240001 0.079999998 2.329 81
2.017 -0.07 2.3340001 46
2.22 0.001 2.3280001 61
2.427 0.072999999 2.3239999 58
2.6170001 0.141 2.323 75
2.0209999 -0.028000001 2.332 57
2.2219999 0.048999999 2.3269999 58
2.428 0.12800001 2.3239999 61
2.6170001 0.20299999 2.3239999 68
2.026 0.014 2.3329999 57
2.22 0.097999997 2.323 63
2.424 0.183 2.3210001 60
2.6140001 0.264 2.3239999 79
2.0239999 0.057 2.3269999 56
2.223 0.147 2.325 67
2.4189999 0.23899999 2.3169999 63
2.6029999 0.32499999 2.3180001 89
2.027 0.1 2.326 55
2.2160001 0.19599999 2.3180001 65
2.414 0.294 2.316 63
2.5929999 0.38600001 2.3150001 83
2.027 0.14300001 2.3239999 55
2.2130001 0.244 2.316 62
2.4089999 0.34900001 2.316 62
2.5840001 0.44600001 2.3139999 85
2.0280001 0.186 2.3239999 58
2.2090001 0.29300001 2.3150001 63
2.398 0.403 2.3110001 68
2.5699999 0.50599998 2.3099999 67
2.027 0.23 2.322 59
2.207 0.34200001 2.3150001 61
2.3840001 0.45699999 2.3039999 59
2.553 0.56400001 2.3050001 82
2.0250001 0.273 2.3199999 60
2.197 0.391 2.309 62
2.3789999 0.51200002 2.3080001 69
2.54 0.62400001 2.3039999 81
2.0220001 0.317 2.3169999 60
2.191 0.44 2.309 64
2.3670001 0.56599998 2.3050001 62
2.523 0.68300003 2.3010001 81
2.0209999 0.361 2.3180001 57
2.1830001 0.48800001 2.3069999 61
2.3499999 0.61900002 2.3 54
2.5090001 0.74199998 2.303 80
2.0139999 0.40400001 2.3139999 58
2.1700001 0.53600001 2.3010001 55
2.3399999 0.67299998 2.302 62
2.4849999 0.79799998 2.2969999 77
2.01 0.44800001 2.312 56
2.164 0.58499998 2.3039999 61
2.322 0.72500002 2.2980001 59
2.4660001 0.85600001 2.2969999 78
2.0039999 0.49200001 2.3110001 54
2.154 0.63300002 2.303 62
2.3010001 0.77600002 2.2920001 62
2.4460001 0.91399997 2.296 79
1.9960001 0.53600001 2.3080001 54
2.141 0.68199998 2.3010001 62
2.289 0.83099997 2.296 61
2.4230001 0.97000003 2.296 76
1.987 0.57999998 2.3050001 52
2.128 0.73000002 2.299 61
2.266 0.88099998 2.2909999 66
2.3989999 1.025 2.2939999 74
1.978 0.62400001 2.303 57
2.1140001 0.778 2.2980001 61
2.2460001 0.93300003 2.29 63
2.375 1.081 2.2950001 80
1.971 0.66900003 2.303 65
2.0940001 0.82300001 2.2909999 62
2.2290001 0.98500001 2.2920001 70
2.346 1.1339999 2.2920001 65
1.9579999 0.71200001 2.2980001 54
2.0799999 0.87199998 2.293 61
2.2060001 1.036 2.2909999 71
2.3169999 1.187 2.29 65
1.952 0.75800002 2.303 59
2.066 0.92000002 2.2939999 66
2.1789999 1.084 2.286 64
2.29 1.2410001 2.2909999 69
1.939 0.80199999 2.3 59
2.0469999 0.96600002 2.2920001 64
2.1570001 1.135 2.2869999 56
2.2550001 1.29 2.286 68
1.927 0.847 2.3 65
2.0280001 1.013 2.2909999 62
2.1329999 1.184 2.2880001 58
2.2179999 1.3380001 2.28 71
1.915 0.89099997 2.3010001 60
2.0090001 1.0599999 2.2920001 69
2.1010001 1.23 2.2820001 67
2.187 1.39 2.2809999 76
1.901 0.93599999 2.3 64
1.985 1.104 2.2869999 60
2.073 1.278 2.2809999 67
2.1530001 1.439 2.2809999 71
1.881 0.97799999 2.293 62
1.962 1.149 2.286 62
2.0450001 1.325 2.2809999 66
2.115 1.485 2.2780001 67
1.867 1.023 2.296 59
1.938 1.194 2.2839999 64
2.0139999 1.3710001 2.279 67
2.0780001 1.5319999 2.277 71
1.849 1.067 2.2939999 60
1.915 1.239 2.2839999 70
1.98 1.414 2.2750001 67
2.036 1.574 2.2709999 69
1.825 1.107 2.286 55
1.887 1.281 2.279 67
1.948 1.459 2.2750001 66
1.997 1.619 2.27 73
1.811 1.154 2.2909999 64
1.865 1.3279999 2.2839999 66
1.911 1.5 2.2690001 72
1.956 1.6619999 2.2679999 65
1.788 1.196 2.2869999 63
1.834 1.368 2.2780001 63
1.881 1.546 2.2739999 68
1.914 1.7029999 2.2650001 52
1.766 1.238 2.2850001 66
1.806 1.4119999 2.2780001 64
1.845 1.587 2.2720001 68
1.869 1.7410001 2.2609999 62
1.744 1.281 2.2850001 60
1.777 1.4529999 2.277 66
1.804 1.625 2.266 67
1.8279999 1.783 2.2620001 68
1.719 1.323 2.2820001 59
1.743 1.4910001 2.2709999 61
1.765 1.664 2.263 64
1.784 1.821 2.26 70
1.6950001 1.365 2.2809999 67
1.7130001 1.534 2.273 65
1.725 1.7 2.2590001 55
1.7410001 1.86 2.2609999 61
1.668 1.405 2.2780001 55
1.6799999 1.573 2.27 64
1.689 1.7410001 2.2609999 61
1.697 1.898 2.2620001 62
1.64 1.4450001 2.2739999 52
1.647 1.612 2.2690001 63
1.649 1.779 2.2609999 59
1.651 1.933 2.2609999 66
1.61 1.485 2.2709999 54
1.612 1.651 2.2679999 49
1.609 1.816 2.2609999 59
1.605 1.969 2.2620001 65
1.586 1.529 2.2750001 53
1.577 1.688 2.266 52
1.564 1.848 2.256 48
1.556 2 2.2579999 47
1.557 1.5700001 2.2750001 58
1.541 1.726 2.2650001 58
1.524 1.885 2.257 57
1.507 2.03 2.257 67
1.522 1.605 2.2679999 53
1.505 1.763 2.2650001 61
1.4809999 1.918 2.257 54
1.456 2.0580001 2.253 57
1.4910001 1.645 2.2679999 51
1.464 1.795 2.2590001 64
1.436 1.949 2.2539999 58
1.4069999 2.086 2.2509999 63
1.4579999 1.683 2.266 51
1.426 1.832 2.26 57
1.391 1.98 2.253 56
1.357 2.1129999 2.25 57
1.4220001 1.7180001 2.2609999 53
1.388 1.8660001 2.26 60
1.347 2.0120001 2.2539999 58
1.308 2.142 2.2520001 37
1.3890001 1.757 2.2620001 54
1.347 1.899 2.2579999 56
1.301 2.04 2.2520001 52
0 0 0 0
1.352 1.7920001 2.2579999 55
1.3049999 1.9299999 2.256 56
0 0 0 0
0.237 0.43200001 0.44400001 10
1.313 1.825 2.253 54
1.263 1.961 2.2539999 56
0.249 0.433 0.465 8
0 0 0 0
1.276 1.862 2.2539999 50
1.22 1.992 2.2539999 34
0.236 0.43200001 0.45899999 9
0.211 0.428 0.43099999 9
1.2410001 1.9 2.2579999 52
0 0 0 0
0 0 0 0
0 0 0 0
0 0 0 0
0.233 0.42300001 0.46399999 9
0.20900001 0.42699999 0.44299999 7
0.18799999 0.43000001 0.42500001 9
0.252 0.428 0.491 7
0 0 0 0
0 0 0 0
0 0 0 0
0.234 0.41800001 0.47099999 10
0.207 0.41800001 0.44600001 7
0.18700001 0.43000001 0.43599999 7
0.164 0.42500001 0.41499999 9
0.223 0.41999999 0.46599999 9
0 0 0 0
0 0 0 0
0 0 0 0
0.208 0.41499999 0.45300001 10
0.184 0.41800001 0.43599999 7
0.162 0.42399999 0.42300001 7
0.141 0.42199999 0.40599999 9
0 0 0 0
0 0 0 0
0 0 0 0
0 0 0 0
0.185 0.41600001 0.44100001 9
0.163 0.42199999 0.43000001 7
0.139 0.41800001 0.41100001 7
0.12 0.41800001 0.398 8
0 0 0 0
0 0 0 0
0 0 0 0
0 0 0 0
0.162 0.414 0.42699999 9
0.139 0.41499999 0.41499999 7
0.119 0.421 0.40799999 7
0.1 0.41800001 0.39500001 8
0 0 0 0
0 0 0 0
0 0 0 0
0 0 0 0
0.138 0.40799999 0.412 9
0.119 0.417 0.40900001 7
0.097999997 0.414 0.39700001 7
0.079999998 0.414 0.389 5
0 0 0 0
0 0 0 0
0 0 0 0
0.40700001 2.381 2.2349999 15
0.118 0.41 0.405 9
0.098999999 0.41499999 0.40200001 7
0.079000004 0.41499999 0.39500001 6
0.354 2.3870001 2.237 28
0 0 0 0
0 0 0 0
0 0 0 0
0.301 2.3900001 2.237 18
0.096000001 0.403 0.38999999 8
0.079000004 0.41499999 0.396 7
0.059 0.40900001 0.38699999 4
0.249 2.4000001 2.247 0
0 0 0 0
0 0 0 0
0.29100001 2.3840001 2.2449999 6
0 0 0 0
0.077 0.40400001 0.38499999 8
0.059 0.40700001 0.38499999 4
0 0 0 0
0.023 0.398 0.373 8
0.39700001 2.382 2.2479999 0
0.29100001 2.385 2.244 8
0.030999999 0.40400001 0.37900001 7
0 0 0 0
0.34099999 2.388 2.2390001 31
0.237 2.395 2.2449999 4
0 0 0 0
0.0060000001 0.39899999 0.375 8
0.28600001 2.4000001 2.2349999 33
0 0 0 0
0.013 0.40400001 0.37799999 7
0 0 0 0
0.23199999 2.4189999 2.2390001 26
0.021 0.39899999 0.37200001 7
0 0 0 0
-0.0099999998 0.39500001 0.373 8
0 0 0 0
0 0 0 0
-0.0040000002 0.40400001 0.37799999 7
0 0 0 0
0.018999999 0.39500001 0.36199999 8
0.003 0.40400001 0.37400001 6
0 0 0 0
-0.027000001 0.391 0.37099999 8
0 0 0 0
0 0 0 0
-0.022 0.403 0.37900001 7
0 0 0 0
0.001 0.39899999 0.36300001 7
-0.014 0.40400001 0.37400001 6
0 0 0 0
-0.045000002 0.39500001 0.37799999 7
0 0 0 0
0 0 0 0
-0.039000001 0.40099999 0.37799999 7
-0.31400001 2.313 2.227 46
-0.017000001 0.396 0.35800001 7
-0.033 0.405 0.37400001 6
0 0 0 0
-0.36399999 2.3050001 2.2309999 37
0 0 0 0
0 0 0 0
-0.33899999 2.355 2.2379999 11
-0.412 2.289 2.2290001 40
-0.035999998 0.396 0.35699999 7
-0.050999999 0.398 0.36899999 5
-0.38999999 2.3399999 2.2320001 35
-0.46000001 2.276 2.2309999 40
0 0 0 0
-0.36199999 2.3970001 2.227 36
-0.44100001 2.3299999 2.233 35
-0.50599998 2.2520001 2.2219999 36
-0.338 2.4419999 2.1989999 1
-0.41800001 2.3959999 2.2309999 38
-0.49200001 2.3199999 2.234 36
-0.55400002 2.243 2.2290001 40
-0.40000001 2.4630001 2.2190001 36
-0.472 2.3840001 2.227 40
-0.542 2.302 2.23 37
-0.60100001 2.2260001 2.23 38
-0.46000001 2.4630001 2.2219999 36
-0.52600002 2.3729999 2.2249999 35
-0.59299999 2.2920001 2.234 36
-0.64600003 2.204 2.2260001 41
-0.51899999 2.4590001 2.2219999 37
-0.58099997 2.3659999 2.227 38
-0.64200002 2.2750001 2.2309999 38
-0.69199997 2.187 2.2290001 40
-0.57700002 2.45 2.2190001 38
-0.634 2.3529999 2.2249999 38
-0.69 2.257 2.2290001 35
-0.736 2.1670001 2.2290001 41
-0.63599998 2.4419999 2.2190001 36
-0.68699998 2.336 2.221 39
-0.74000001 2.243 2.233 37
-0.77999997 2.145 2.2279999 38
-0.69499999 2.4319999 2.217 36
-0.74199998 2.325 2.223 38
-0.78899997 2.2249999 2.233 36
-0.82300001 2.1229999 2.227 40
-0.75599998 2.427 2.223 38
-0.796 2.312 2.2249999 36
-0.83700001 2.2060001 2.234 36
-0.86500001 2.099 2.2260001 57
-0.81400001 2.4100001 2.2179999 36
-0.847 2.2909999 2.221 38
-0.88099998 2.1789999 2.2260001 52
-0.90700001 2.0739999 2.2249999 62
-0.87099999 2.3929999 2.2149999 36
-0.898 2.2679999 2.2160001 48
-0.926 2.152 2.221 59
-0.94599998 2.0450001 2.2190001 67
-0.92500001 2.368 2.2049999 48
-0.94999999 2.2490001 2.2160001 58
-0.97100002 2.1270001 2.2179999 63
-0.98799998 2.0220001 2.221 66
-0.98299998 2.3510001 2.2049999 58
-1.001 2.2279999 2.2149999 61
-1.018 2.108 2.2219999 58
-1.027 1.995 2.22 70
-1.04 2.3310001 2.2030001 58
-1.0549999 2.2130001 2.22 62
-1.064 2.086 2.224 64
-1.068 1.971 2.2219999 69
-1.099 2.3150001 2.2060001 59
-1.105 2.1889999 2.2190001 63
-1.107 2.0580001 2.22 62
-1.108 1.946 2.224 69
-1.156 2.2939999 2.207 53
-1.155 2.164 2.2179999 64
-1.152 2.0339999 2.223 67
-1.146 1.918 2.2249999 66
-1.212 2.2690001 2.2049999 53
-1.205 2.1400001 2.2179999 67
-1.1950001 2.006 2.2219999 62
-1.183 1.89 2.224 66
-1.268 2.247 2.207 58
-1.2539999 2.112 2.2160001 63
-1.237 1.978 2.221 64
-1.219 1.859 2.2219999 66
-1.324 2.221 2.2060001 57
-1.304 2.0869999 2.2190001 63
-1.281 1.9529999 2.2260001 69
-1.257 1.832 2.2260001 71
-1.377 2.191 2.2030001 57
-1.352 2.0580001 2.2179999 67
-1.322 1.923 2.2260001 65
-1.2920001 1.801 2.2249999 68
-1.433 2.165 2.2060001 59
-1.398 2.0280001 2.217 63
-1.362 1.891 2.224 62
-1.327 1.772 2.227 70
-1.488 2.1370001 2.2079999 49
-1.446 1.998 2.2190001 62
-1.402 1.8609999 2.224 60
-1.3609999 1.74 2.2260001 75
-1.536 2.099 2.201 60
-1.492 1.966 2.2179999 65
-1.443 1.831 2.2279999 50
-1.393 1.707 2.2249999 68
-1.5930001 2.072 2.207 65
-1.539 1.9349999 2.221 73
-1.4809999 1.798 2.227 62
-1.426 1.675 2.2260001 65
-1.646 2.039 2.21 54
-1.58 1.897 2.2160001 61
-1.521 1.766 2.2290001 66
-1.457 1.641 2.2249999 75
-1.696 2.0020001 2.2079999 58
-1.631 1.87 2.2260001 69
-1.557 1.7309999 2.2290001 62
-1.489 1.609 2.227 76
-1.7460001 1.966 2.2090001 57
-1.673 1.8329999 2.2249999 65
-1.5930001 1.6950001 2.2279999 67
-1.521 1.577 2.2290001 76
-1.7970001 1.929 2.211 58
-1.7130001 1.793 2.2219999 60
-1.631 1.6619999 2.2320001 68
-1.551 1.543 2.2290001 73
-1.846 1.89 2.2119999 64
-1.756 1.757 2.224 70
-1.664 1.624 2.23 66
-1.576 1.5039999 2.224 77
-1.896 1.852 2.2149999 61
-1.7970001 1.7180001 2.2249999 63
-1.697 1.586 2.2290001 68
-1.608 1.472 2.23 69
-1.942 1.809 2.2149999 58
-1.832 1.674 2.22 62
-1.733 1.55 2.2320001 71
-1.6339999 1.4349999 2.2279999 77
-1.984 1.762 2.2119999 63
-1.875 1.637 2.2260001 70
-1.762 1.51 2.2290001 68
-1.661 1.4 2.2290001 73
-2.0239999 1.714 2.2079999 66
-1.913 1.595 2.2260001 67
-1.7920001 1.469 2.227 68
-1.688 1.364 2.23 74
-2.0739999 1.674 2.2160001 66
-1.949 1.551 2.2249999 67
-1.826 1.432 2.2309999 67
-1.715 1.3279999 2.2320001 75
-2.1140001 1.626 2.214 67
-1.984 1.507 2.2249999 66
-1.857 1.393 2.233 67
-1.738 1.289 2.23 76
-2.1559999 1.579 2.2160001 67
-2.0179999 1.462 2.2249999 59
-1.885 1.351 2.233 68
-1.763 1.253 2.233 75
-2.194 1.528 2.2149999 67
-2.052 1.4170001 2.2249999 64
-1.9170001 1.312 2.237 65
-1.788 1.216 2.2349999 72
-2.2320001 1.478 2.2160001 70
-2.0910001 1.375 2.233 66
-1.943 1.27 2.237 63
-1.809 1.177 2.234 67
-2.267 1.425 2.214 65
-2.1170001 1.325 2.227 71
-1.969 1.227 2.237 67
-1.835 1.141 2.2390001 74
-2.3039999 1.374 2.2149999 74
-2.1470001 1.277 2.227 71
-1.997 1.1849999 2.24 68
-1.8559999 1.102 2.2390001 73
-2.3369999 1.3200001 2.214 71
-2.1789999 1.23 2.23 67
-2.02 1.14 2.2379999 64
-1.874 1.061 2.2360001 72
-2.375 1.2690001 2.22 69
-2.2090001 1.182 2.233 71
-2.0439999 1.097 2.24 69
-1.897 1.023 2.2409999 73
-2.408 1.214 2.2219999 63
-2.233 1.13 2.23 63
-2.0710001 1.0549999 2.2449999 67
-1.915 0.98299998 2.2409999 75
-2.437 1.158 2.2219999 74
-2.2620001 1.082 2.233 71
-2.0899999 1.008 2.2420001 70
-1.9299999 0.94099998 2.237 74
-2.4690001 1.102 2.2249999 58
-2.289 1.0319999 2.2360001 71
-2.1099999 0.96200001 2.2420001 70
-1.95 0.90200001 2.2409999 81
-2.497 1.046 2.2260001 69
-2.312 0.98000002 2.2360001 66
-2.1329999 0.91799998 2.2449999 77
-1.972 0.86299998 2.247 79
-2.5220001 0.98699999 2.2260001 70
-2.336 0.92799997 2.2379999 67
-2.1500001 0.87099999 2.244 71
-1.9859999 0.82099998 2.2449999 75
-2.5469999 0.92799997 2.2279999 64
-2.3599999 0.87699997 2.2409999 76
-2.174 0.82599998 2.25 73
-2.0020001 0.77999997 2.2460001 80
-2.573 0.87 2.23 72
-2.378 0.82300001 2.24 63
-2.1930001 0.77999997 2.253 75
-2.0179999 0.73900002 2.2479999 76
-2.592 0.80900002 2.2290001 69
-2.3970001 0.76899999 2.2409999 77
-2.2079999 0.73199999 2.2520001 76
-2.0309999 0.69700003 2.2479999 79
-2.6159999 0.75 2.234 73
-2.4170001 0.71600002 2.244 67
-2.2219999 0.68400002 2.2509999 73
-2.0469999 0.65600002 2.2520001 76
-2.6359999 0.68900001 2.2360001 77
-2.4289999 0.66000003 2.24 63
-2.237 0.63599998 2.253 70
-2.0599999 0.61400002 2.2520001 76
-2.6440001 0.625 2.2290001 72
-2.4519999 0.60799998 2.2490001 76
-2.2509999 0.588 2.2539999 72
-2.0710001 0.57099998 2.2520001 73
-2.668 0.565 2.2379999 77
-2.4649999 0.55199999 2.2490001 74
-2.2639999 0.54000002 2.2550001 59
-2.086 0.52899998 2.257 84
-2.681 0.50300002 2.2379999 76
-2.473 0.49599999 2.2449999 64
-2.277 0.491 2.2579999 69
-2.095 0.486 2.256 84
-2.6919999 0.44 2.2379999 78
-2.493 0.442 2.253 67
-2.2909999 0.44299999 2.2620001 75
-2.102 0.442 2.2539999 73
-2.701 0.377 2.2379999 77
-2.5020001 0.38600001 2.253 67
-2.2980001 0.39300001 2.2590001 67
-2.115 0.40000001 2.2590001 79
-2.714 0.31400001 2.243 74
-2.51 0.329 2.2539999 66
-2.3080001 0.34400001 2.2620001 73
-2.1210001 0.35600001 2.257 82
-2.7219999 0.25099999 2.244 70
-2.52 0.273 2.257 75
-2.3180001 0.294 2.2650001 69
-2.1300001 0.31200001 2.2590001 81
-2.7279999 0.18799999 2.2460001 73
-2.53 0.21699999 2.2609999 66
-2.3239999 0.244 2.2650001 68
-2.138 0.26899999 2.2609999 80
-2.7309999 0.124 2.2460001 74
-2.53 0.16 2.257 74
-2.3310001 0.19400001 2.2679999 72
-2.1440001 0.22499999 2.263 77
-2.733 0.059999999 2.247 72
-2.539 0.103 2.263 70
-2.335 0.14399999 2.2679999 66
-2.1489999 0.18000001 2.2620001 77
-2.7349999 -0.0020000001 2.2490001 76
-2.54 0.046 2.263 69
-2.336 0.093999997 2.266 66
-2.155 0.13600001 2.2650001 73
-2.7409999 -0.066 2.256 70
-2.54 -0.0099999998 2.263 67
-2.3410001 0.044 2.27 71
-2.1600001 0.092 2.2679999 75
-2.7349999 -0.12899999 2.2539999 61
-2.5439999 -0.067000002 2.2679999 63
-2.3410001 -0.0060000001 2.2690001 67
-2.1600001 0.046999998 2.2639999 69
-2.74 -0.193 2.2620001 74
-2.5409999 -0.124 2.2679999 61
-2.3440001 -0.057 2.2720001 59
-2.165 0.0020000001 2.2690001 75
-2.7360001 -0.257 2.2650001 71
-2.539 -0.18099999 2.27 64
-2.3510001 -0.107 2.28 58
-2.168 -0.041999999 2.2709999 72
-2.7219999 -0.31900001 2.2609999 67
-2.5369999 -0.23800001 2.273 65
-2.3469999 -0.15800001 2.279 61
-2.168 -0.086999997 2.27 70
-2.72 -0.38299999 2.267 68
-2.5309999 -0.29499999 2.273 61
-2.3429999 -0.208 2.279 58
-2.171 -0.132 2.2750001 74
-2.711 -0.44600001 2.27 74
-2.523 -0.35100001 2.273 61
-2.346 -0.25999999 2.2850001 67
-2.1670001 -0.177 2.273 70
-2.697 -0.50700003 2.2690001 68
-2.5190001 -0.40900001 2.2780001 64
-2.339 -0.31 2.2839999 65
-2.165 -0.223 2.273 73
-2.6900001 -0.57099998 2.276 71
-2.5109999 -0.465 2.28 66
-2.335 -0.361 2.286 63
-2.1670001 -0.26899999 2.279 68
-2.675 -0.63200003 2.277 67
-2.4979999 -0.51999998 2.279 62
-2.3310001 -0.41299999 2.29 70
-2.1630001 -0.31400001 2.2780001 68
-2.658 -0.69300002 2.2780001 68
-2.494 -0.57800001 2.2869999 65
-2.325 -0.463 2.293 65
-2.158 -0.36000001 2.279 68
-2.6470001 -0.75599998 2.2850001 58
-2.48 -0.634 2.2880001 65
-2.316 -0.514 2.293 63
-2.1559999 -0.40599999 2.2820001 66
-2.628 -0.81599998 2.2869999 64
-2.464 -0.68800002 2.2869999 58
-2.3099999 -0.565 2.2980001 63
-2.154 -0.45300001 2.2869999 61
-2.6040001 -0.87400001 2.286 68
-2.464 -0.74800003 2.303 66
-2.299 -0.616 2.299 59
-2.148 -0.49900001 2.289 65
-2.5869999 -0.935 2.2920001 66
-2.4419999 -0.801 2.299 67
-2.2850001 -0.66500002 2.2980001 56
-2.145 -0.546 2.2939999 68
-2.562 -0.99299997 2.2920001 67
-2.4230001 -0.85500002 2.3 67
-2.28 -0.71799999 2.3069999 58
-2.1329999 -0.59100002 2.2909999 64
-2.5369999 -1.051 2.2939999 60
-2.408 -0.91100001 2.3050001 69
-2.2709999 -0.76999998 2.312 68
-2.1199999 -0.63599998 2.2880001 56
-2.516 -1.11 2.3 55
-2.3859999 -0.96399999 2.3050001 64
-2.2479999 -0.81699997 2.3050001 59
-2.119 -0.685 2.2980001 65
-2.4890001 -1.1670001 2.303 54
-2.3640001 -1.017 2.306 63
-2.237 -0.86799997 2.3110001 64
-2.108 -0.73100001 2.299 67
-2.4590001 -1.221 2.303 54
-2.3429999 -1.0700001 2.309 66
-2.2179999 -0.91600001 2.3099999 67
-2.0969999 -0.77700001 2.3010001 67
-2.4300001 -1.276 2.3050001 51
-2.3210001 -1.123 2.312 62
-2.2019999 -0.96600002 2.313 60
-2.085 -0.82300001 2.302 63
-2.563 -1.4220001 2.4649999 136
-2.296 -1.175 2.3139999 56
-2.1860001 -1.016 2.3180001 63
-2.076 -0.87199998 2.309 62
-2.5769999 -1.507 2.5150001 46
-2.2690001 -1.225 2.3139999 52
-2.168 -1.066 2.3210001 65
-2.059 -0.917 2.3069999 63
-2.563 -1.5779999 2.54 47
-2.2820001 -1.298 2.3570001 150
-2.1440001 -1.112 2.3180001 57
-2.049 -0.96499997 2.313 64
-2.517 -1.6289999 2.5339999 40
-2.3989999 -1.436 2.5109999 73
-2.1240001 -1.161 2.322 56
-2.029 -1.01 2.3110001 62
-2.477 -1.683 2.5350001 33
-2.378 -1.4960001 2.5250001 53
-2.0999999 -1.2079999 2.3210001 50
-2.0120001 -1.056 2.312 60
-2.4389999 -1.739 2.54 31
-2.355 -1.556 2.5369999 43
-2.131 -1.289 2.385 151
-1.999 -1.104 2.319 52
-2.3989999 -1.794 2.5439999 33
-2.3199999 -1.607 2.5380001 40
-2.2219999 -1.411 2.5179999 59
-1.977 -1.148 2.316 57
-2.3499999 -1.841 2.54 35
-2.2880001 -1.661 2.5439999 40
-2.2049999 -1.4680001 2.5320001 44
-1.9579999 -1.194 2.319 52
-2.312 -1.896 2.549 39
-2.2509999 -1.712 2.546 39
-2.1860001 -1.526 2.5450001 39
-1.988 -1.273 2.381 150
-2.2650001 -1.9450001 2.549 44
-2.21 -1.76 2.543 39
-2.155 -1.575 2.546 37
-2.0769999 -1.3940001 2.5179999 77
-2.211 -1.9859999 2.5420001 46
-2.175 -1.811 2.549 40
-2.122 -1.623 2.546 37
-2.062 -1.449 2.53 45
-2.1670001 -2.036 2.5480001 49
-2.1329999 -1.858 2.549 42
-2.0869999 -1.671 2.5450001 37
-2.043 -1.5039999 2.5420001 39
-2.122 -2.085 2.5539999 50
-2.0929999 -1.906 2.552 45
-2.0580001 -1.722 2.5510001 38
-2.013 -1.55 2.539 40
-2.0699999 -2.1259999 2.552 53
-2.0480001 -1.949 2.55 47
-2.0209999 -1.768 2.55 40
-1.985 -1.599 2.5409999 40
-2.026 -2.1760001 2.5610001 55
-1.999 -1.988 2.5439999 53
-1.984 -1.814 2.5510001 44
-1.959 -1.649 2.546 40
-1.973 -2.2160001 2.5610001 61
-1.955 -2.033 2.546 58
-1.949 -1.862 2.5550001 44
-1.929 -1.698 2.5480001 41
-1.919 -2.2550001 2.5610001 55
-1.9170001 -2.0840001 2.5569999 52
-1.911 -1.9069999 2.5550001 50
-1.896 -1.745 2.5480001 43
-1.867 -2.2950001 2.563 54
-1.87 -2.125 2.5569999 53
-1.867 -1.947 2.55 54
-1.8660001 -1.794 2.553 43
-1.813 -2.332 2.5650001 56
-1.822 -2.164 2.556 54
-1.826 -1.99 2.55 58
-1.835 -1.844 2.559 44
-1.758 -2.368 2.566 55
-1.777 -2.2079999 2.562 54
-1.79 -2.039 2.5580001 56
-1.795 -1.885 2.553 53
-1.707 -2.408 2.573 62
-1.728 -2.2460001 2.563 55
-1.749 -2.0829999 2.5610001 58
-1.763 -1.936 2.5610001 51
-1.65 -2.4400001 2.573 56
-1.676 -2.2809999 2.5610001 51
-1.665 -2.0739999 2.5009999 150
-1.722 -1.977 2.5569999 60
-1.5930001 -2.4719999 2.5739999 54
-1.63 -2.3239999 2.569 54
-1.666 -2.1730001 2.572 53
-1.6849999 -2.023 2.5599999 55
-0.56400001 -0.92000002 0.94599998 1
-1.577 -2.3559999 2.566 59
-1.6160001 -2.207 2.5650001 56
-1.635 -2.0539999 2.5450001 106
-0.565 -0.96799999 0.98500001 2
-1.525 -2.392 2.569 53
-1.573 -2.25 2.5710001 50
-1.607 -2.1140001 2.5669999 54
-0.542 -0.977 0.98400003 4
-0.56400001 -0.92799997 0.98400003 3
-1.527 -2.29 2.5739999 54
-1.564 -2.155 2.566 48
-0.50199997 -0.954 0.95200002 5
-0.55800003 -0.96600002 1.011 2
-1.475 -2.322 2.569 40
-1.523 -2.201 2.5710001 49
-0.472 -0.94700003 0.935 0
-0.528 -0.96200001 0.995 5
-0.57099998 -0.94499999 1.029 3
-1.476 -2.2379999 2.5669999 50
-0.44800001 -0.94999999 0.93000001 6
-0.49900001 -0.95899999 0.98000002 5
-0.56 -0.97500002 1.0470001 2
-0.57200003 -0.91100001 1.027 0
-0.38699999 -0.86900002 0.84500003 6
-0.472 -0.95700002 0.96700001 5
-0.52499998 -0.96200001 1.0190001 5
-0.565 -0.94800001 1.05 2
-0.359 -0.85399997 0.824 8
-0.43900001 -0.94199997 0.94300002 0
-0.493 -0.95300001 0.99599999 5
-0.54500002 -0.963 1.05 3
-0.338 -0.85600001 0.81999999 7
-0.37799999 -0.861 0.85299999 38
-0.465 -0.94999999 0.98000002 0
-0.51599997 -0.96100003 1.031 4
-0.317 -0.85799998 0.81699997 7
-0.35499999 -0.85900003 0.84399998 5
-0.43799999 -0.94800001 0.96600002 6
-0.48300001 -0.95099998 1.005 4
-0.296 -0.85600001 0.81 8
-0.333 -0.85799998 0.83600003 6
-0.39500001 -0.90799999 0.91500002 0
-0.45699999 -0.95300001 0.99299997 4
-0.27599999 -0.85900003 0.80900002 8
-0.31099999 -0.85500002 0.82599998 6
0 0 0 0
-0.428 -0.94599998 0.972 5
-0.257 -0.86400002 0.81 8
-0.28799999 -0.85100001 0.81599998 6
-0.32699999 -0.85500002 0.84299999 6
0 0 0 0
-0.23999999 -0.875 0.81699997 7
-0.26899999 -0.85500002 0.81400001 6
-0.30500001 -0.852 0.83200002 6
-0.34200001 -0.85900003 0.85900003 2
-0.221 -0.88 0.81900001 7
-0.25 -0.861 0.81400001 6
-0.28200001 -0.84799999 0.81999999 6
-0.31900001 -0.85699999 0.847 6
-0.20100001 -0.88 0.81599998 7
-0.23199999 -0.87 0.81800002 6
-0.26199999 -0.85100001 0.815 7
-0.294 -0.84799999 0.829 7
-0.182 -0.884 0.81800002 7
-0.212 -0.87199998 0.81599998 6
-0.244 -0.85799998 0.815 7
-0.273 -0.84899998 0.81999999 7
-0.163 -0.889 0.81999999 7
-0.19400001 -0.88300002 0.82099998 6
-0.22499999 -0.866 0.81599998 6
-0.25400001 -0.85699999 0.81900001 7
-0.14399999 -0.88800001 0.81699997 7
-0.17399999 -0.88099998 0.81599998 6
-0.206 -0.87099999 0.815 6
-0.233 -0.861 0.815 7
-0.125 -0.89200002 0.81999999 7
-0.155 -0.88700002 0.81800002 6
-0.18700001 -0.88200003 0.81999999 6
-0.215 -0.87 0.81599998 7
-0.105 -0.88999999 0.81800002 7
-0.13600001 -0.89099997 0.81900001 6
-0.167 -0.88200003 0.815 6
-0.19499999 -0.87699997 0.815 7
-0.086000003 -0.88800001 0.815 7
-0.116 -0.88999999 0.81599998 6
-0.148 -0.89099997 0.81800002 6
-0.176 -0.889 0.81900001 7
-0.067000002 -0.88999999 0.81699997 7
-0.096000001 -0.89099997 0.815 6
-0.12800001 -0.89399999 0.81699997 6
-0.15700001 -0.898 0.82099998 6
-0.048 -0.88999999 0.81800002 8
-0.077 -0.89300001 0.815 6
-0.108 -0.90200001 0.81999999 7
-0.13600001 -0.90399998 0.81999999 6
-0.028999999 -0.88700002 0.81599998 8
-0.057999998 -0.89700001 0.81699997 6
-0.088 -0.90399998 0.81800002 7
-0.116 -0.91500002 0.82499999 7
-0.0099999998 -0.88499999 0.815 8
-0.037999999 -0.89700001 0.81599998 6
-0.068000004 -0.90700001 0.81800002 7
-0.094999999 -0.91900003 0.82300001 7
0.0080000004 -0.884 0.81599998 8
-0.017999999 -0.898 0.81599998 6
-0.046999998 -0.91000003 0.81800002 7
-0.074000001 -0.92299998 0.82200003 7
0.026000001 -0.88 0.81400001 8
0 -0.89700001 0.815 7
-0.027000001 -0.912 0.81699997 7
-0.052999999 -0.93000001 0.824 7
0.045000002 -0.87800002 0.81400001 8
0.02 -0.898 0.81599998 7
-0.0060000001 -0.91399997 0.81699997 7
-0.030999999 -0.93199998 0.82200003 7
0.063000001 -0.875 0.81300002 8
0.039000001 -0.89499998 0.81400001 7
0.013 -0.91600001 0.81699997 7
-0.0099999998 -0.93000001 0.81699997 7
0.081 -0.87099999 0.81300002 8
0.059 -0.89600003 0.81599998 7
0.034000002 -0.91500002 0.815 7
0.011 -0.93300003 0.81699997 4
0.1 -0.86799997 0.81300002 8
0.079000004 -0.89499998 0.815 7
0.055 -0.91799998 0.81699997 7
0.033 -0.935 0.81599998 1
0.118 -0.86500001 0.81300002 8
0.097999997 -0.89200002 0.815 7
0.075999998 -0.92000002 0.81800002 7
0.054000001 -0.92500001 0.80500001 1
0.13600001 -0.86000001 0.81300002 8
0.118 -0.89099997 0.815 7
0.097000003 -0.91900003 0.81800002 7
0.075999998 -0.92799997 0.80599999 0
0.153 -0.85500002 0.81199998 8
0.13699999 -0.88800001 0.815 7
0.118 -0.92299998 0.82200003 6
0.097999997 -0.92500001 0.80199999 0
0.171 -0.85399997 0.815 8
0.156 -0.884 0.81400001 7
0.139 -0.92000002 0.81999999 6
0.12 -0.926 0.80299997 0
0.189 -0.84799999 0.81400001 8
0.176 -0.884 0.81800002 7
0.15899999 -0.91399997 0.81599998 5
0 0 0 0
0.205 -0.83600003 0.80800003 8
0.19499999 -0.87900001 0.81599998 6
0.182 -0.917 0.82099998 4
0.16599999 -0.93199998 0.80900002 0
0.22400001 -0.83899999 0.81599998 8
0.215 -0.87599999 0.81699997 7
0.20299999 -0.91399997 0.81999999 4
0 0 0 0
0.23899999 -0.82700002 0.81 8
0.233 -0.87 0.81599998 6
0.223 -0.90799999 0.81800002 4
0.211 -0.93099999 0.81 0
0.25799999 -0.82700002 0.81599998 8
0.252 -0.86500001 0.81599998 6
0.244 -0.90499997 0.81800002 5
0 0 0 0
0.273 -0.815 0.81099999 8
0.271 -0.85900003 0.815 6
0.26499999 -0.90100002 0.81800002 5
0.25600001 -0.926 0.80900002 0
0.29100001 -0.81199998 0.81400001 8
0.29100001 -0.85699999 0.81900001 6
0.28799999 -0.90100002 0.82099998 6
0 0 0 0
0.30599999 -0.80000001 0.80900002 8
0.31 -0.852 0.81999999 6
0.30899999 -0.89499998 0.82099998 6
0.30000001 -0.912 0.80199999 0
0.32300001 -0.796 0.81300002 8
0.32699999 -0.84200001 0.81599998 6
0.32800001 -0.88700002 0.81800002 6
0 0 0 0
0.338 -0.78600001 0.81 8
0.34599999 -0.83600003 0.81699997 6
0.34999999 -0.88200003 0.81900001 7
0.34799999 -0.91100001 0.80900002 0
0.35600001 -0.78200001 0.81400001 7
0.36500001 -0.82999998 0.81800002 6
0.37 -0.875 0.81900001 7
0.37 -0.90600002 0.81 4
0.37 -0.76899999 0.81 8
0.384 -0.82300001 0.81900001 6
0.39199999 -0.87099999 0.82099998 7
0.391 -0.89399999 0.80500001 0
0.38699999 -0.76300001 0.81300002 7
0.40099999 -0.81400001 0.81800002 6
0.41 -0.85799998 0.81599998 7
0 0 0 0
0.40000001 -0.75099999 0.80900002 8
0.41999999 -0.80599999 0.81900001 6
0.433 -0.85399997 0.81900001 7
0.43700001 -0.884 0.80800003 0
0.42199999 -0.75400001 0.82200003 7
0.435 -0.79400003 0.815 6
0.456 -0.85100001 0.824 6
0.46000001 -0.87699997 0.80900002 4
0.433 -0.73799998 0.81400001 8
0.45500001 -0.78799999 0.81800002 6
0.47299999 -0.83600003 0.81900001 6
0.48199999 -0.86799997 0.80800003 0
0.45899999 -0.74599999 0.83399999 7
0.472 -0.77700001 0.81699997 6
0.49399999 -0.829 0.82099998 7
0.50800002 -0.866 0.81400001 13
0.47499999 -0.73799998 0.83600003 8
0.48899999 -0.76700002 0.81699997 6
0.51499999 -0.82099998 0.82300001 6
0.52899998 -0.85500002 0.81300002 3
0.5 -0.741 0.852 5
0.505 -0.75599998 0.81599998 6
0.53299999 -0.80800003 0.81999999 6
0.55800003 -0.85500002 0.82300001 5
0.514 -0.72899997 0.85000002 3
0.52399999 -0.74800003 0.81900001 6
0.55299997 -0.79799998 0.82099998 6
0.58200002 -0.84799999 0.82599998 6
0.537 -0.73000002 0.86400002 0
0.54299998 -0.741 0.82300001 6
0.57099998 -0.78500003 0.81900001 6
0.60399997 -0.83499998 0.82499999 6
1.66 -2.161 2.5999999 46
0.55699998 -0.72500002 0.81800002 7
0.58999997 -0.77200001 0.81800002 7
0.62400001 -0.82099998 0.82300001 6
1.704 -2.125 2.5999999 48
0.58099997 -0.72399998 0.82999998 6
0.60900003 -0.76099998 0.81900001 6
0.64499998 -0.80800003 0.82300001 6
1.747 -2.0880001 2.599 46
0.60399997 -0.72000003 0.83999997 6
0.62800002 -0.74900001 0.81900001 6
0.667 -0.796 0.824 6
1.789 -2.0510001 2.598 49
0.62199998 -0.70899999 0.84200001 3
0.64499998 -0.73500001 0.81800002 6
0.68800002 -0.78200001 0.824 6
1.826 -2.0079999 2.5910001 47
0.648 -0.70700002 0.85500002 0
0.66799998 -0.72600001 0.824 6
0.708 -0.76700002 0.82300001 6
1.8710001 -1.974 2.5969999 45
2.0239999 -2.112 2.605 55
0.68900001 -0.71499997 0.82800001 7
0.72500002 -0.75 0.81999999 6
1.915 -1.938 2.5999999 48
2.069 -2.0680001 2.602 54
0.71600002 -0.70999998 0.838 7
0.745 -0.73400003 0.81999999 6
1.942 -1.886 2.585 44
2.115 -2.023 2.6010001 52
0.736 -0.69700003 0.84100002 4
0.76599997 -0.72000003 0.82200003 6
1.967 -1.8329999 2.566 67
2.161 -1.978 2.6010001 51
0.76999998 -0.69599998 0.85900003 0
0.78299999 -0.70099998 0.81999999 5
2.0090001 -1.796 2.572 57
2.204 -1.9299999 2.598 54
2.375 -2.05 2.5929999 46
0.81099999 -0.69199997 0.829 6
2.0599999 -1.766 2.5880001 50
2.2460001 -1.882 2.596 51
2.4289999 -2.0009999 2.596 47
0.847 -0.68800002 0.84600002 5
2.0999999 -1.726 2.592 44
2.293 -1.837 2.599 54
2.477 -1.947 2.5940001 46
0.87400001 -0.676 0.85500002 1
2.1389999 -1.6849999 2.595 45
2.3340001 -1.7869999 2.598 55
2.5239999 -1.891 2.5910001 46
2.734 -2.013 2.618 54
2.1730001 -1.64 2.5929999 44
2.3740001 -1.737 2.596 55
2.576 -1.839 2.595 47
2.783 -1.948 2.6129999 54
2.2 -1.589 2.5840001 45
2.4130001 -1.6849999 2.5940001 54
2.6199999 -1.781 2.5929999 47
2.829 -1.882 2.608 53
2.2349999 -1.545 2.585 49
2.447 -1.631 2.589 51
2.6630001 -1.722 2.5899999 49
2.8800001 -1.817 2.6059999 54
2.267 -1.499 2.5829999 48
2.487 -1.579 2.5899999 54
2.7079999 -1.664 2.5910001 53
2.9289999 -1.752 2.6059999 52
2.2950001 -1.45 2.5780001 45
2.5250001 -1.527 2.5910001 56
2.7449999 -1.601 2.586 50
2.973 -1.683 2.6029999 53
2.326 -1.402 2.5769999 45
2.559 -1.471 2.5880001 54
2.7880001 -1.541 2.5869999 47
3.0220001 -1.617 2.6040001 52
2.358 -1.355 2.579 47
2.5929999 -1.416 2.5869999 55
2.825 -1.478 2.5840001 47
3.0650001 -1.5470001 2.6029999 49
2.3840001 -1.3049999 2.5739999 45
2.6270001 -1.36 2.586 55
2.8629999 -1.415 2.5840001 50
3.1010001 -1.473 2.5969999 47
2.4119999 -1.256 2.573 44
2.6559999 -1.302 2.582 52
2.8970001 -1.35 2.5810001 50
3.1459999 -1.404 2.5999999 52
2.437 -1.205 2.5699999 44
2.6830001 -1.243 2.5780001 55
2.934 -1.285 2.582 47
3.1860001 -1.332 2.6010001 55
2.4619999 -1.153 2.5669999 45
2.7119999 -1.184 2.576 53
2.9619999 -1.217 2.5769999 46
3.2160001 -1.255 2.5940001 57
2.4909999 -1.104 2.5680001 45
2.7390001 -1.125 2.573 55
2.9890001 -1.148 2.572 48
3.253 -1.1799999 2.596 62
2.5179999 -1.053 2.569 48
2.7650001 -1.0650001 2.5710001 55
3.0209999 -1.081 2.572 47
3.2780001 -1.102 2.5880001 57
2.3469999 -0.92400002 2.372 48
1.3839999 -0.498 1.274 10
1.498 -0.49700001 1.263 50
3.3110001 -1.026 2.589 58
2.3670001 -0.875 2.369 48
1.376 -0.461 1.256 10
1.543 -0.47299999 1.29 54
3.336 -0.94800001 2.586 58
2.3770001 -0.82300001 2.358 38
1.41 -0.43799999 1.275 71
1.589 -0.44800001 1.317 4
3.0910001 -0.79900002 2.3770001 60
1.402 -0.45199999 1.3789999 8
1.595 -0.45699999 1.431 5
2.8599999 -0.73500001 2.3510001 58
3.1070001 -0.72399998 2.3699999 58
1.526 -0.45699999 1.489 54
2.6470001 -0.69599998 2.3559999 64
2.881 -0.67000002 2.3510001 57
1.902 -0.39500001 1.441 18
2.4389999 -0.67400002 2.3599999 51
2.664 -0.63800001 2.3540001 63
2.8989999 -0.60399997 2.349 66
2.013 -0.36899999 1.515 150
2.4530001 -0.62199998 2.3559999 37
2.6830001 -0.57999998 2.355 45
2.158 -0.398 1.738 9
2.211 -0.35100001 1.654 3
2.477 -0.57300001 2.3629999 55
1.9220001 -0.37099999 1.676 8
2.938 -0.472 2.3540001 63
3.1849999 -0.428 2.372 66
2.4879999 -0.52100003 2.358 56
2.714 -0.46200001 2.3540001 150
2.9489999 -0.40400001 2.3499999 66
3.1860001 -0.352 2.3629999 65
2.4890001 -0.46599999 2.345 150
2.724 -0.40200001 2.3499999 74
2.9579999 -0.336 2.3469999 64
3.1919999 -0.27599999 2.358 64
2.5 -0.41299999 2.3410001 150
2.4879999 -0.31099999 2.1359999 30
2.957 -0.26800001 2.3380001 68
3.2019999 -0.2 2.358 63
2.2909999 -0.32800001 2.1329999 30
2.7349999 -0.28 2.3380001 75
2.9719999 -0.2 2.3410001 58
3.2019999 -0.124 2.352 62
2.5350001 -0.308 2.349 59
2.75 -0.22 2.342 64
2.977 -0.131 2.3380001 58
3.2030001 -0.048 2.348 62
2.546 -0.25400001 2.349 60
2.757 -0.15899999 2.3399999 69
2.977 -0.061999999 2.3329999 58
3.2030001 0.027000001 2.345 64
2.5539999 -0.2 2.346 58
2.7579999 -0.097000003 2.3340001 61
2.98 0.0049999999 2.3310001 53
3.198 0.103 2.3399999 55
2.5580001 -0.145 2.3410001 53
2.7650001 -0.035999998 2.3340001 64
2.9760001 0.074000001 2.326 48
3.1919999 0.178 2.336 66
2.5639999 -0.090000004 2.339 55
2.763 0.025 2.3280001 57
2.9719999 0.142 2.322 57
3.187 0.25400001 2.3329999 65
2.5680001 -0.035 2.335 55
2.763 0.086999997 2.325 65
2.974 0.211 2.323 66
3.184 0.33000001 2.3340001 71
2.5699999 0.018999999 2.3310001 49
2.7679999 0.148 2.3269999 67
2.9660001 0.27900001 2.3180001 60
3.1719999 0.40400001 2.329 66
2.5739999 0.075000003 2.3299999 58
2.766 0.20999999 2.3239999 65
2.9579999 0.347 2.3139999 59
3.164 0.479 2.329 74
2.576 0.131 2.3280001 58
2.7579999 0.27200001 2.3169999 63
2.951 0.41499999 2.312 63
3.1459999 0.55299997 2.323 81
2.573 0.18700001 2.322 59
2.757 0.33399999 2.3180001 69
2.9419999 0.48300001 2.3110001 60
3.1289999 0.62599999 2.319 69
2.573 0.243 2.3199999 59
2.7490001 0.39500001 2.3139999 69
2.9300001 0.551 2.3080001 61
3.119 0.70099998 2.3210001 70
2.576 0.30000001 2.322 60
2.7460001 0.458 2.3150001 68
2.918 0.61799997 2.306 56
3.095 0.773 2.3150001 77
2.572 0.35699999 2.3180001 57
2.737 0.51999998 2.312 70
2.9070001 0.68599999 2.3069999 57
3.0710001 0.84399998 2.3099999 83
2.5699999 0.414 2.316 61
2.727 0.58099997 2.309 70
2.888 0.75199997 2.3010001 59
3.0539999 0.91600001 2.312 73
2.5650001 0.47099999 2.3139999 63
2.714 0.64300001 2.3050001 64
2.869 0.81800002 2.2980001 57
3.0280001 0.98699999 2.3080001 80
2.5550001 0.52700001 2.309 60
2.7030001 0.704 2.303 71
2.855 0.88499999 2.3 64
2.9979999 1.0549999 2.302 78
2.5550001 0.58499998 2.313 59
2.688 0.76499999 2.3010001 67
2.835 0.95099998 2.2980001 64
2.9760001 1.126 2.3039999 72
2.5420001 0.64200002 2.3069999 52
2.6719999 0.82599998 2.2969999 71
2.8110001 1.015 2.2950001 58
2.9430001 1.193 2.299 71
2.5309999 0.69800001 2.303 55
2.6589999 0.88700002 2.2980001 76
2.7880001 1.08 2.293 69
2.9119999 1.261 2.2969999 60
2.52 0.75599998 2.3 59
2.6370001 0.94599998 2.2920001 66
2.7550001 1.141 2.2839999 65
2.8800001 1.3279999 2.2950001 65
2.5079999 0.81300002 2.2980001 59
2.6170001 1.007 2.289 68
2.733 1.205 2.286 59
2.8429999 1.392 2.29 58
2.494 0.87 2.2950001 57
2.599 1.067 2.289 74
2.7030001 1.267 2.283 54
2.803 1.455 2.2850001 72
2.483 0.92799997 2.296 58
2.5769999 1.126 2.2869999 63
2.6700001 1.326 2.277 59
2.77 1.52 2.286 72
2.4649999 0.98500001 2.2920001 59
2.55 1.183 2.2809999 68
2.6459999 1.391 2.2820001 58
2.7320001 1.5829999 2.2839999 71
2.45 1.0420001 2.2909999 57
2.529 1.244 2.283 61
2.6110001 1.45 2.2780001 66
2.687 1.642 2.279 66
2.4349999 1.101 2.2909999 60
2.5009999 1.301 2.279 63
2.569 1.505 2.2679999 63
2.648 1.704 2.279 59
2.414 1.1569999 2.2880001 60
2.4749999 1.359 2.277 70
2.539 1.566 2.2709999 61
2.6029999 1.761 2.2750001 73
2.3870001 1.211 2.28 55
2.447 1.4170001 2.276 71
2.497 1.62 2.263 57
2.5510001 1.813 2.266 54
2.372 1.271 2.2839999 63
2.418 1.474 2.2750001 69
2.4579999 1.676 2.2609999 57
2.5150001 1.877 2.273 69
2.3440001 1.324 2.277 58
2.3829999 1.527 2.2690001 60
2.421 1.733 2.2609999 57
2.46 1.925 2.263 61
2.3199999 1.38 2.276 62
2.3570001 1.587 2.273 62
2.3829999 1.789 2.2609999 49
2.411 1.978 2.2609999 61
2.293 1.4349999 2.273 63
2.3210001 1.641 2.2690001 59
2.3399999 1.842 2.2590001 55
2.362 2.0320001 2.26 57
2.2709999 1.494 2.276 58
2.2869999 1.6950001 2.267 60
2.302 1.899 2.2609999 55
2.312 2.082 2.2579999 61
2.237 1.545 2.2679999 54
2.2490001 1.748 2.2650001 60
2.2550001 1.948 2.256 54
2.2590001 2.131 2.2550001 64
2.2119999 1.603 2.2709999 44
2.2130001 1.801 2.2639999 56
2.2079999 1.997 2.253 50
2.2130001 2.1860001 2.2590001 60
2.1800001 1.656 2.2679999 57
2.1719999 1.85 2.2590001 46
2.164 2.049 2.2539999 56
2.158 2.2320001 2.257 65
2.1470001 1.709 2.2650001 54
2.1370001 1.906 2.2620001 62
2.1159999 2.096 2.2520001 50
2.1010001 2.2750001 2.2520001 52
2.1129999 1.763 2.263 53
2.095 1.956 2.2590001 63
2.0680001 2.1440001 2.25 50
2.046 2.319 2.2509999 56
2.076 1.813 2.2579999 52
2.052 2.0050001 2.257 59
2.02 2.1919999 2.2509999 55
1.988 2.359 2.2479999 48
2.0409999 1.8660001 2.2579999 52
2.0120001 2.0580001 2.26 60
1.97 2.237 2.2490001 51
1.9299999 2.3989999 2.2449999 57
2.0050001 1.919 2.257 54
1.962 2.099 2.2509999 59
1.916 2.279 2.2460001 54
1.874 2.4419999 2.2460001 57
1.967 1.971 2.257 52
1.918 2.148 2.2520001 55
1.8660001 2.325 2.247 50
1.816 2.4809999 2.2449999 62
1.924 2.0190001 2.2520001 51
1.873 2.197 2.253 61
1.813 2.3670001 2.247 52
1.755 2.516 2.243 62
1.883 2.0680001 2.2509999 50
1.824 2.24 2.25 60
1.753 2.4000001 2.2390001 51
1.694 2.55 2.24 68
1.84 2.1170001 2.2479999 55
1.778 2.2880001 2.2520001 53
1.7029999 2.444 2.243 56
1.635 2.585 2.24 63
1.795 2.164 2.2449999 53
1.728 2.3310001 2.2509999 55
1.646 2.4809999 2.2409999 58
1.576 2.622 2.243 45
1.753 2.2149999 2.2479999 54
1.677 2.3729999 2.25 53
1.5880001 2.5139999 2.237 52
0 0 0 0
1.707 2.2620001 2.247 48
1.622 2.411 2.2449999 55
0 0 0 0
0.249 0.46000001 0.384 10
1.658 2.3069999 2.244 46
1.571 2.4530001 2.2460001 56
0.26100001 0.458 0.39700001 8
0 0 0 0
1.6109999 2.355 2.2460001 56
1.515 2.49 2.243 54
0.25 0.463 0.39500001 9
0.223 0.46200001 0.37799999 9
1.559 2.3970001 2.2420001 56
1.455 2.5179999 2.234 6
0 0 0 0
1.266 2.7709999 2.247 0
1.507 2.4389999 2.24 50
0 0 0 0
0.22 0.456 0.38 8
1.193 2.7750001 2.2309999 52
1.455 2.4809999 2.2390001 15
0.235 0.45300001 0.38999999 9
0 0 0 0
1.13 2.796 2.23 57
0 0 0 0
0 0 0 0
1.1720001 2.7309999 2.2320001 3
1.063 2.812 2.2249999 58
0.23800001 0.45300001 0.39500001 10
0.20999999 0.45500001 0.382 7
1.107 2.7490001 2.2260001 62
0.99699998 2.8239999 2.22 55
0 0 0 0
1.174 2.7019999 2.2409999 35
1.044 2.7720001 2.224 57
0.93300003 2.8440001 2.2219999 71
0.20900001 0.447 0.37900001 10
1.108 2.7179999 2.2290001 61
0.98199999 2.7980001 2.2260001 50
0.86699998 2.8559999 2.2179999 65
1.178 2.6819999 2.2390001 16
1.0470001 2.7490001 2.23 55
0.91900003 2.8180001 2.2249999 61
0.80000001 2.8629999 2.2119999 53
1.115 2.7090001 2.2320001 58
0.98500001 2.7739999 2.227 53
0.85399997 2.8340001 2.221 55
0.73699999 2.8800001 2.2160001 62
1.054 2.7420001 2.2290001 52
0.92199999 2.7969999 2.224 50
0.79100001 2.8540001 2.2219999 53
0.67000002 2.885 2.211 63
0.99000001 2.7679999 2.223 52
0.85900003 2.8210001 2.223 55
0.72500002 2.865 2.2179999 58
0.60399997 2.8900001 2.207 65
0.92900002 2.8 2.223 46
0.79400003 2.8410001 2.2190001 52
0.66100001 2.8789999 2.217 56
0.54000002 2.9030001 2.21 58
0.86400002 2.826 2.2190001 51
0.72899997 2.8599999 2.217 53
0.59500003 2.8929999 2.2160001 59
0.47499999 2.9089999 2.21 58
0.79900002 2.8510001 2.2149999 51
0.66399997 2.8789999 2.2160001 54
0.52999997 2.9000001 2.2119999 60
0.40900001 2.9059999 2.204 62
0.73400003 2.8800001 2.2160001 51
0.59799999 2.8940001 2.2119999 57
0.465 2.911 2.2119999 60
0.345 2.914 2.207 65
0.667 2.9000001 2.211 50
0.53200001 2.908 2.2090001 54
0.39899999 2.921 2.2119999 62
0.28099999 2.914 2.2049999 64
0.59899998 2.9189999 2.2060001 51
0.46599999 2.9230001 2.2079999 55
0.333 2.9230001 2.2079999 57
0.21699999 2.9159999 2.2049999 58
0.53200001 2.9430001 2.207 56
0.40000001 2.9419999 2.211 54
0.26800001 2.9330001 2.21 62
0.152 2.9089999 2.201 63
0.46399999 2.961 2.204 52
0.33199999 2.948 2.2049999 51
0.20299999 2.938 2.21 53
0.088 2.9059999 2.2 48
0.39399999 2.9790001 2.2019999 55
0.26499999 2.9619999 2.207 56
0.13699999 2.9319999 2.2030001 55
0 0 0 0
0.32499999 2.9979999 2.2030001 51
0.197 2.9660001 2.2019999 49
0.071999997 2.9389999 2.2060001 38
-0.0049999999 0.40700001 0.30899999 7
0.255 3.017 2.204 52
0.12899999 2.973 2.201 58
0 0 0 0
0 0 0 0
0.186 3.063 2.2260001 137
0.061000001 2.9860001 2.2060001 32
-0.0080000004 0.41 0.308 6
-0.023 0.40900001 0.31200001 7
0.112 3.0369999 2.198 52
0 0 0 0
0 0 0 0
0 0 0 0
0 0 0 0
-0.0099999998 0.40400001 0.29699999 6
-0.026000001 0.412 0.31 6
-0.039999999 0.405 0.31099999 7
0 0 0 0
0 0 0 0
0 0 0 0
0 0 0 0
-0.013 0.398 0.285 6
-0.028999999 0.414 0.30399999 6
-0.044 0.41 0.31 6
-0.057999998 0.403 0.31200001 7
0 0 0 0
0 0 0 0
0 0 0 0
-0.46700001 2.8169999 2.191 40
-0.032000002 0.396 0.28299999 6
-0.046999998 0.40700001 0.30000001 6
-0.063000001 0.40700001 0.30899999 6
-0.52700001 2.8010001 2.191 67
0 0 0 0
0 0 0 0
-0.509 2.8710001 2.191 58
-0.58600003 2.786 2.1919999 68
-0.050999999 0.39399999 0.28099999 6
-0.064000003 0.39199999 0.28999999 2
-0.57200003 2.858 2.1900001 60
-0.64399999 2.763 2.188 65
0 0 0 0
-0.55400002 2.9489999 2.187 58
-0.63499999 2.8440001 2.1900001 55
-0.70099998 2.7409999 2.1849999 70
-0.546 3.0539999 2.1830001 11
-0.62300003 2.9430001 2.1889999 60
-0.69700003 2.8269999 2.188 54
-0.759 2.7260001 2.1889999 44
-0.62 3.049 2.1830001 56
-0.69099998 2.927 2.1860001 38
0 0 0 0
-0.81599998 2.7019999 2.187 39
-0.69199997 3.0320001 2.1760001 46
0 0 0 0
-0.133 0.45199999 0.354 0
-0.87099999 2.6789999 2.1860001 61
0 0 0 0
0 0 0 0
-0.15099999 0.47499999 0.375 0
-0.92900002 2.6619999 2.191 70
0 0 0 0
0 0 0 0
-0.94499999 2.7590001 2.194 2
-0.98199999 2.6329999 2.187 68
0 0 0 0
0 0 0 0
-1.0089999 2.7460001 2.201 8
-1.038 2.6099999 2.1889999 72
-0.99299997 2.994 2.1830001 1
-1.03 2.8529999 2.1900001 10
-1.063 2.707 2.1889999 60
-1.092 2.585 2.191 65
-1.062 2.9660001 2.175 55
-1.0930001 2.8239999 2.184 63
-1.124 2.687 2.1919999 63
-1.145 2.559 2.191 66
-1.136 2.948 2.1760001 57
-1.16 2.803 2.1849999 55
-1.182 2.658 2.1900001 58
-1.197 2.5280001 2.1889999 58
-1.209 2.927 2.175 58
-1.225 2.776 2.1830001 59
-1.24 2.6329999 2.191 57
-1.249 2.5009999 2.191 66
-1.283 2.9059999 2.1760001 57
-1.2869999 2.7460001 2.1789999 62
-1.299 2.6059999 2.1930001 60
-1.3 2.4719999 2.1930001 69
-1.353 2.8770001 2.1730001 55
-1.3559999 2.727 2.1860001 59
-1.3559999 2.5769999 2.1930001 60
-1.347 2.4330001 2.1860001 70
-1.427 2.855 2.177 55
-1.419 2.698 2.1860001 57
-1.41 2.543 2.191 58
-1.402 2.411 2.1949999 66
-1.4960001 2.822 2.1730001 56
-1.4809999 2.665 2.1849999 56
-1.4680001 2.516 2.1949999 59
-1.448 2.375 2.1919999 79
-1.567 2.7920001 2.174 51
-1.549 2.642 2.1919999 54
-1.522 2.4809999 2.194 55
-1.495 2.339 2.1900001 68
-1.638 2.763 2.1760001 53
-1.6059999 2.6010001 2.1860001 55
-1.577 2.4489999 2.1960001 60
-1.545 2.309 2.1949999 79
-1.705 2.7260001 2.174 52
-1.671 2.573 2.191 59
-1.63 2.4130001 2.1949999 59
-1.591 2.273 2.194 72
-1.781 2.701 2.1830001 60
-1.7309999 2.5350001 2.1900001 61
-1.683 2.3770001 2.1960001 61
-1.637 2.237 2.1949999 74
-1.85 2.665 2.184 58
-1.7920001 2.5 2.1919999 63
-1.7359999 2.3410001 2.198 62
-1.6799999 2.198 2.194 80
-1.916 2.6240001 2.1830001 63
-1.846 2.4549999 2.187 62
-1.7869999 2.302 2.198 62
-1.728 2.165 2.198 73
-1.982 2.582 2.1830001 62
-1.9069999 2.418 2.1919999 65
-1.836 2.263 2.198 62
-1.7690001 2.1240001 2.1960001 79
-2.05 2.5420001 2.1860001 62
-1.9630001 2.375 2.1900001 66
-1.885 2.2219999 2.198 63
-1.811 2.0840001 2.1949999 73
-2.112 2.4949999 2.184 60
-2.0209999 2.3340001 2.1930001 63
-1.9349999 2.1819999 2.201 71
-1.855 2.046 2.1989999 79
-2.177 2.45 2.1860001 57
-2.0810001 2.2950001 2.198 62
-1.9809999 2.1370001 2.1989999 62
-1.895 2.0039999 2.198 73
-2.2420001 2.405 2.1889999 57
-2.1340001 2.2479999 2.198 58
-2.0320001 2.098 2.204 65
-1.938 1.966 2.2019999 81
-2.3039999 2.3570001 2.191 54
-2.1849999 2.198 2.1960001 57
-2.076 2.052 2.2030001 55
-1.975 1.9220001 2.201 74
-2.3629999 2.303 2.1900001 54
-2.237 2.1500001 2.1960001 60
-2.1229999 2.0079999 2.2060001 63
-2.016 1.882 2.204 78
-2.424 2.253 2.1930001 55
-2.2909999 2.1029999 2.2 56
-2.1630001 1.959 2.2030001 54
-2.053 1.837 2.204 78
-2.4820001 2.198 2.1949999 59
-2.3399999 2.0510001 2.1989999 57
-2.2160001 1.921 2.214 62
-2.0650001 1.772 2.178 91
-2.539 2.1429999 2.1960001 54
-2.391 2.0009999 2.2030001 60
-2.2579999 1.872 2.2149999 60
-2.125 1.748 2.204 65
-2.5969999 2.0880001 2.1989999 56
-2.4419999 1.95 2.2060001 67
-2.302 1.825 2.2179999 62
-2.1630001 1.705 2.2079999 77
-2.6489999 2.027 2.1989999 55
-2.487 1.895 2.2060001 63
-2.342 1.775 2.2190001 68
-2.201 1.6619999 2.2130001 74
-2.7019999 1.9680001 2.201 55
-2.5339999 1.841 2.2079999 60
-2.378 1.722 2.2160001 59
-2.2290001 1.612 2.2079999 73
-2.7520001 1.905 2.201 55
-2.579 1.785 2.21 63
-2.4170001 1.671 2.2190001 66
-2.266 1.568 2.2130001 71
-2.8039999 1.844 2.2049999 57
-2.6199999 1.726 2.2090001 55
-2.454 1.619 2.22 69
-2.2950001 1.518 2.211 78
-2.852 1.781 2.207 56
-2.664 1.669 2.2130001 55
-2.4890001 1.566 2.221 65
-2.3269999 1.471 2.2130001 66
-2.8989999 1.715 2.2090001 55
-2.7049999 1.61 2.2149999 65
-2.5250001 1.512 2.2219999 66
-2.3599999 1.424 2.217 71
-2.944 1.648 2.211 56
-2.74 1.5470001 2.2130001 66
-2.556 1.456 2.221 63
-2.3870001 1.373 2.2149999 70
-2.984 1.5779999 2.2090001 57
-2.7809999 1.487 2.217 62
-2.5940001 1.404 2.227 61
-2.4119999 1.321 2.2130001 78
-3.0280001 1.511 2.2130001 53
-2.8150001 1.424 2.2160001 62
-2.6199999 1.345 2.223 70
-2.4430001 1.273 2.2179999 72
-3.0680001 1.441 2.2149999 54
-2.849 1.36 2.217 61
-2.654 1.29 2.227 65
-2.4690001 1.222 2.2179999 74
-3.1040001 1.369 2.2160001 55
-2.8959999 1.302 2.2279999 72
-2.6830001 1.233 2.2279999 68
-2.493 1.17 2.2179999 72
-3.1459999 1.299 2.2219999 55
-2.925 1.2359999 2.2279999 74
-2.7079999 1.174 2.227 67
-2.5179999 1.119 2.2190001 71
-3.1819999 1.226 2.224 53
-2.95 1.168 2.2249999 72
-2.737 1.1160001 2.23 64
-2.539 1.066 2.2179999 70
-3.2130001 1.152 2.2249999 53
-2.9849999 1.104 2.2309999 71
-2.76 1.056 2.2290001 58
-2.5650001 1.0140001 2.221 79
-3.142 1.043 2.158 2
-3.0120001 1.0369999 2.2320001 59
-2.786 0.99699998 2.2320001 64
-2.5929999 0.963 2.227 68
-3.2360001 0.99000001 2.204 11
-3.0339999 0.96799999 2.2309999 68
-2.8099999 0.93699998 2.233 67
-2.6129999 0.90899998 2.2279999 77
-3.2939999 0.92299998 2.2279999 56
-3.062 0.89999998 2.2349999 72
-2.8299999 0.875 2.233 66
-2.631 0.85399997 2.227 69
-3.3239999 0.847 2.233 66
-3.085 0.83099997 2.237 68
-2.848 0.81400001 2.2320001 66
-2.6530001 0.801 2.2309999 69
-3.3410001 0.76800001 2.2309999 67
-3.1059999 0.76200002 2.2379999 74
-2.8729999 0.75400001 2.2379999 72
-2.6700001 0.74599999 2.2320001 70
-3.3559999 0.68800002 2.2290001 64
-3.128 0.69199997 2.2420001 72
-2.891 0.69099998 2.2390001 70
-2.684 0.69 2.23 70
-3.381 0.611 2.2360001 66
-3.141 0.62 2.24 82
-2.9089999 0.62900001 2.2409999 74
-2.7019999 0.63499999 2.2320001 71
-3.3940001 0.53100002 2.2349999 65
-3.154 0.54900002 2.2390001 82
-2.925 0.56599998 2.243 72
-2.7149999 0.57800001 2.2320001 69
-3.404 0.45100001 2.234 62
-3.1730001 0.479 2.244 75
-2.938 0.50300002 2.243 67
-2.727 0.52200001 2.2309999 69
-3.425 0.37200001 2.2420001 54
-3.187 0.40700001 2.2460001 58
-2.951 0.43900001 2.244 52
-2.744 0.465 2.2349999 59
-3.4330001 0.292 2.2420001 58
-3.1919999 0.33399999 2.243 77
-2.9679999 0.37599999 2.2490001 66
-2.7579999 0.40900001 2.2379999 78
-1.971 0.121 1.285 21
-3.207 0.26199999 2.2490001 63
-2.9760001 0.31099999 2.2490001 64
-2.766 0.35100001 2.2360001 68
-1.96 0.074000001 1.277 38
-1.973 0.116 1.381 2
-2.983 0.24600001 2.2479999 62
-2.783 0.294 2.243 69
-1.965 0.028000001 1.28 36
-1.959 0.071000002 1.369 5
-2.9960001 0.182 2.253 65
-2.789 0.236 2.2420001 71
-1.989 -0.017000001 1.296 5
-1.9680001 0.027000001 1.375 2
-3.01 0.116 2.26 66
-2.7969999 0.177 2.243 66
-3.4619999 -0.111 2.257 55
-2.017 -0.017000001 1.409 1
-3.013 0.050999999 2.26 60
-2.8080001 0.119 2.247 71
-3.46 -0.192 2.2590001 56
-3.2279999 -0.101 2.256 70
-3.0179999 -0.014 2.263 61
-2.8169999 0.059999999 2.2509999 69
-3.4519999 -0.27200001 2.2579999 54
-3.233 -0.17399999 2.2609999 62
-3.0220001 -0.079999998 2.2650001 69
-2.8210001 0.001 2.2509999 71
-3.4579999 -0.354 2.2690001 55
-3.2379999 -0.248 2.2679999 70
-3.0150001 -0.145 2.26 52
-2.8280001 -0.057999998 2.2550001 70
-3.45 -0.435 2.27 58
-3.23 -0.32100001 2.267 64
-3.023 -0.212 2.267 62
-2.8269999 -0.117 2.2520001 62
-3.4430001 -0.51499999 2.2739999 55
-3.23 -0.39500001 2.2720001 62
-3.0239999 -0.278 2.2709999 66
-2.832 -0.178 2.256 58
-3.4400001 -0.597 2.2820001 55
-3.2249999 -0.46799999 2.2750001 70
-3.0209999 -0.345 2.2720001 70
-2.8399999 -0.23800001 2.2639999 73
-3.425 -0.676 2.283 55
-3.2190001 -0.54100001 2.279 60
-3.026 -0.41299999 2.28 62
-2.839 -0.29899999 2.2650001 71
-3.408 -0.75599998 2.2850001 55
-3.2090001 -0.61500001 2.2809999 61
-3.0220001 -0.47999999 2.283 61
-2.8369999 -0.36000001 2.2650001 78
-3.3989999 -0.83700001 2.293 55
-3.198 -0.68800002 2.2839999 57
-3.0109999 -0.546 2.2809999 62
-2.8429999 -0.42199999 2.273 62
-3.375 -0.91399997 2.2920001 56
-3.1860001 -0.76099998 2.286 63
-3.01 -0.61400002 2.2880001 60
-2.8380001 -0.48300001 2.2739999 61
-3.352 -0.991 2.2939999 56
-3.1819999 -0.83600003 2.2969999 59
-2.997 -0.67900002 2.2880001 56
-2.8299999 -0.54400003 2.273 63
-3.3340001 -1.071 2.299 60
-3.161 -0.90700001 2.2950001 60
-2.9860001 -0.74599999 2.289 53
-2.825 -0.60600001 2.2750001 65
-3.3010001 -1.145 2.296 59
-3.135 -0.97600001 2.2920001 64
-2.977 -0.81400001 2.293 59
-2.819 -0.66799998 2.2780001 59
-3.276 -1.221 2.3 55
-3.1210001 -1.049 2.2980001 62
-2.961 -0.88 2.293 62
-2.809 -0.72899997 2.2780001 51
-3.25 -1.2970001 2.3039999 56
-3.099 -1.12 2.3010001 61
-2.95 -0.94700003 2.2980001 61
-2.812 -0.79400003 2.29 58
-3.214 -1.369 2.303 56
-3.076 -1.191 2.303 58
-2.937 -1.0140001 2.303 63
-2.7980001 -0.85600001 2.289 57
-3.46 -1.569 2.507 56
-3.0510001 -1.26 2.3050001 62
-2.9159999 -1.079 2.3010001 61
-2.79 -0.91900003 2.293 59
-3.4319999 -1.652 2.516 54
-3.0250001 -1.33 2.3069999 58
-2.8959999 -1.145 2.303 61
-2.776 -0.98100001 2.2950001 63
-3.404 -1.735 2.526 49
-3.207 -1.497 2.471 127
-2.8800001 -1.212 2.309 56
-2.763 -1.044 2.2969999 56
-3.3610001 -1.811 2.527 43
-3.2290001 -1.596 2.5150001 51
-2.855 -1.276 2.3080001 52
-2.747 -1.107 2.299 52
-3.3269999 -1.892 2.536 29
-3.2119999 -1.678 2.53 49
-2.8759999 -1.362 2.346 150
-2.734 -1.171 2.3039999 66
-3.2839999 -1.9680001 2.54 19
-3.1730001 -1.75 2.53 38
-3.059 -1.5319999 2.5190001 58
-2.714 -1.232 2.3039999 57
-3.2279999 -2.036 2.536 13
-3.1240001 -1.8150001 2.5220001 26
-3.04 -1.607 2.529 48
-2.694 -1.294 2.3050001 53
-3.188 -2.1129999 2.5439999 12
-3.098 -1.893 2.5350001 19
-3.016 -1.681 2.5369999 42
-2.8859999 -1.464 2.49 52
-3.1300001 -2.1789999 2.54 11
-3.053 -1.961 2.533 12
-2.9879999 -1.752 2.5420001 26
-2.885 -1.544 2.513 45
-3.0840001 -2.2509999 2.546 12
-3.01 -2.03 2.5350001 12
-2.9579999 -1.824 2.5469999 18
-2.8770001 -1.6210001 2.53 39
-3.0339999 -2.322 2.5510001 13
-2.9630001 -2.096 2.5339999 12
-2.915 -1.887 2.5420001 16
-2.852 -1.6900001 2.533 30
-2.983 -2.392 2.5569999 20
-2.918 -2.164 2.5369999 12
-2.8859999 -1.96 2.5510001 11
-2.836 -1.766 2.5469999 17
-2.918 -2.45 2.5510001 31
-2.8870001 -2.243 2.553 18
-2.8510001 -2.029 2.556 11
-2.799 -1.829 2.543 12
-2.8640001 -2.517 2.556 43
-2.8180001 -2.2909999 2.536 26
-2.799 -2.0880001 2.5469999 11
-2.766 -1.895 2.5439999 12
-2.802 -2.5769999 2.556 48
-2.7780001 -2.3629999 2.5469999 35
-2.766 -2.1589999 2.556 18
-2.7360001 -1.965 2.549 11
-2.7449999 -2.6400001 2.5599999 54
-2.734 -2.4330001 2.556 45
-2.724 -2.2260001 2.5580001 29
-2.7 -2.03 2.549 12
-2.681 -2.697 2.5599999 59
-2.687 -2.5 2.563 51
-2.6800001 -2.29 2.5599999 35
-2.658 -2.092 2.546 17
-2.6140001 -2.75 2.5580001 56
-2.6270001 -2.556 2.559 53
-2.6340001 -2.3540001 2.562 41
-2.6210001 -2.1589999 2.549 26
-0.83200002 -0.91600001 0.83499998 10
-2.566 -2.6110001 2.556 54
-2.5799999 -2.411 2.5569999 47
-2.5829999 -2.2249999 2.553 36
-0.80000001 -0.921 0.824 6
-2.513 -2.6730001 2.562 54
-2.5250001 -2.467 2.552 50
-2.54 -2.2880001 2.552 39
-0.76499999 -0.92199999 0.81099999 23
-2.448 -2.7219999 2.556 54
-2.4760001 -2.5280001 2.5550001 51
-2.4909999 -2.3469999 2.5480001 40
-0.73900002 -0.93199998 0.80699998 7
-0.78200001 -0.91000003 0.838 12
-2.4260001 -2.5899999 2.559 51
-2.4489999 -2.411 2.5510001 50
-0.71799999 -0.94800001 0.80699998 7
-0.74800003 -0.91000003 0.82300001 4
-2.3759999 -2.652 2.563 51
-2.4089999 -2.4809999 2.5599999 55
-0.69700003 -0.96399999 0.80900002 7
-0.71200001 -0.90799999 0.80500001 26
-0.76499999 -0.89300001 0.84500003 1
-2.362 -2.5439999 2.563 56
-0.66799998 -0.96700001 0.80000001 3
-0.69400001 -0.92500001 0.80699998 5
-0.73500001 -0.898 0.833 16
-2.313 -2.605 2.5639999 56
-0.639 -0.97100002 0.79299998 4
-0.67000002 -0.93599999 0.80299997 29
-0.70999998 -0.90799999 0.82499999 7
-2.2639999 -2.668 2.5680001 58
-0.63099998 -1.006 0.81099999 6
-0.65100002 -0.954 0.80699998 1
-0.67900002 -0.90899998 0.81199998 5
-0.72799999 -0.898 0.84600002 4
-0.56699997 -0.95099998 0.75700003 0
-0.63499999 -0.977 0.81300002 31
-0.66100001 -0.92799997 0.81400001 7
-0.699 -0.903 0.833 26
-0.55599999 -0.98100001 0.773 3
-0.602 -0.97100002 0.79699999 3
-0.64300001 -0.94700003 0.81599998 5
-0.667 -0.90399998 0.81699997 5
-0.52499998 -0.97500002 0.75999999 0
-0.55699998 -0.94499999 0.76499999 3
-0.62099999 -0.95999998 0.81400001 7
-0.64099997 -0.91000003 0.80699998 32
-0.49000001 -0.96100003 0.741 5
-0.54400003 -0.972 0.77700001 0
-0.58899999 -0.95599997 0.79799998 1
-0.62599999 -0.93400002 0.81199998 6
-0.461 -0.95599997 0.73000002 0
-0.51300001 -0.96600002 0.76300001 5
-0.56 -0.95599997 0.78600001 3
-0.60900003 -0.95300001 0.815 7
-0.43700001 -0.95999998 0.727 6
-0.479 -0.95300001 0.74400002 0
-0.54299998 -0.97799999 0.792 0
-0.579 -0.95499998 0.80199999 0
-0.39899999 -0.93000001 0.69800001 0
-0.456 -0.95999998 0.741 5
-0.50599998 -0.95999998 0.76700002 5
-0.56099999 -0.97299999 0.80400002 3
0 0 0 0
-0.42899999 -0.95499998 0.73000002 0
-0.47600001 -0.95599997 0.75300002 0
-0.53399998 -0.97799999 0.79500002 0
0 0 0 0
-0.39199999 -0.92799997 0.70200002 0
-0.449 -0.954 0.74199998 6
-0.49900001 -0.96499997 0.77200001 5
-0.35800001 -1.012 0.74400002 2
0 0 0 0
-0.41499999 -0.93599999 0.72000003 0
-0.47 -0.96399999 0.75999999 0
0 0 0 0
-0.37799999 -1.0190001 0.75800002 0
-0.39300001 -0.94400001 0.71700001 0
-0.44100001 -0.95899999 0.745 5
-0.29100001 -0.95300001 0.69199997 0
-0.345 -0.99699998 0.73500001 2
-0.384 -0.98299998 0.73900002 2
-0.39899999 -0.92199999 0.70700002 0
0 0 0 0
-0.301 -0.93800002 0.68599999 0
-0.377 -1.034 0.76899999 0
0 0 0 0
-0.93599999 -3.6129999 2.5999999 5
-0.29699999 -0.99800003 0.72500002 0
-0.36199999 -1.066 0.78600001 2
0 0 0 0
-0.85799998 -3.6340001 2.6040001 47
-0.98699999 -3.6070001 2.602 44
-0.29699999 -0.94300002 0.68800002 0
0 0 0 0
-0.77700001 -3.642 2.6010001 47
-0.90700001 -3.625 2.5999999 50
0 0 0 0
0 0 0 0
-0.699 -3.665 2.609 47
-0.82700002 -3.6470001 2.6010001 50
-0.96499997 -3.628 2.6029999 5
0 0 0 0
-0.61900002 -3.6719999 2.608 47
-0.74800003 -3.6700001 2.605 49
-0.88499999 -3.661 2.6059999 51
-1.008 -3.638 2.6029999 3
-0.54100001 -3.6949999 2.618 51
-0.66799998 -3.6930001 2.608 52
-0.80400002 -3.6860001 2.6059999 49
-0.92699999 -3.677 2.6059999 43
-0.46200001 -3.707 2.622 52
-0.58700001 -3.711 2.6099999 53
-0.72299999 -3.7190001 2.6110001 47
-0.847 -3.7190001 2.612 43
-0.38100001 -3.7079999 2.619 49
-0.505 -3.724 2.6099999 52
-0.64099997 -3.747 2.6140001 50
-0.76300001 -3.7539999 2.6140001 43
-0.30000001 -3.7019999 2.6129999 47
-0.42399999 -3.7409999 2.6129999 53
-0.55599999 -3.766 2.6129999 49
-0.68000001 -3.7920001 2.6199999 42
-0.22 -3.698 2.609 48
-0.34200001 -3.7550001 2.6159999 53
-0.472 -3.7869999 2.6140001 52
-0.59299999 -3.819 2.619 42
-0.12800001 -3.3670001 2.3759999 53
-0.259 -3.7609999 2.6140001 50
-0.38699999 -3.8080001 2.6159999 50
-0.505 -3.846 2.619 41
-0.061000001 -3.638 2.569 54
-0.169 -3.625 2.5150001 47
-0.30199999 -3.832 2.622 49
-0.417 -3.8729999 2.6210001 44
0.017000001 -3.714 2.6240001 56
-0.086999997 -3.5150001 2.4360001 65
-0.215 -3.8380001 2.6159999 43
-0.32800001 -3.901 2.6240001 43
0.096000001 -3.7130001 2.6270001 55
-0.0099999998 -3.783 2.619 56
-0.116 -3.5 2.378 48
-0.23800001 -3.928 2.6289999 43
0.17399999 -3.701 2.6229999 55
0.071999997 -3.79 2.6229999 55
-0.039999999 -3.8239999 2.5910001 57
-0.133 -3.5780001 2.3829999 36
0.25400001 -3.7 2.628 57
0.156 -3.7880001 2.622 56
0.046999998 -3.8829999 2.6259999 55
-0.050999999 -3.786 2.5109999 47
0.33199999 -3.688 2.6259999 58
0.23999999 -3.7869999 2.622 54
0.13600001 -3.8889999 2.6259999 55
0.039000001 -3.987 2.635 45
0.41 -3.681 2.6289999 60
0.32300001 -3.7880001 2.6259999 57
0.22499999 -3.8940001 2.6270001 54
0 0 0 0
0.48800001 -3.677 2.6359999 59
0.40700001 -3.786 2.6289999 58
0.31400001 -3.8970001 2.6270001 54
0.052000001 -0.92500001 0.60799998 0
0.565 -3.655 2.6300001 60
0.491 -3.779 2.6289999 58
0.405 -3.9089999 2.635 57
0.074000001 -0.92699999 0.60799998 1
0.64200002 -3.6389999 2.6300001 58
0.57499999 -3.7750001 2.6329999 57
0.495 -3.9030001 2.632 56
0.096000001 -0.91900003 0.602 1
0.71899998 -3.6259999 2.632 59
0.65799999 -3.7620001 2.631 57
0.58499998 -3.8970001 2.631 56
0.118 -0.92199999 0.60299999 2
0.79400003 -3.6029999 2.6289999 58
0.741 -3.7479999 2.6300001 57
0.67500001 -3.891 2.631 54
0.14 -0.921 0.60299999 1
0.86900002 -3.5829999 2.6289999 58
0.82499999 -3.737 2.632 57
0.76599997 -3.881 2.628 50
0.163 -0.921 0.60299999 1
0.94499999 -3.5650001 2.631 58
0.90700001 -3.7179999 2.6300001 58
0.85500002 -3.8670001 2.6259999 52
0.183 -0.90899998 0.59600002 1
1.0190001 -3.54 2.6300001 57
0.98799998 -3.6949999 2.6270001 57
0.94700003 -3.8599999 2.6289999 46
0.205 -0.91000003 0.597 0
1.0930001 -3.517 2.631 58
1.071 -3.681 2.631 57
1.039 -3.852 2.6329999 50
0.228 -0.90899998 0.59799999 0
1.169 -3.5 2.6370001 58
1.152 -3.6570001 2.6289999 57
1.1289999 -3.832 2.631 44
0.25 -0.90499997 0.597 0
1.24 -3.467 2.632 57
1.233 -3.632 2.6270001 57
1.223 -3.8239999 2.6389999 50
0.27599999 -0.912 0.60399997 0
1.313 -3.4389999 2.6329999 57
1.317 -3.6170001 2.6340001 58
1.3099999 -3.7969999 2.6340001 53
0.296 -0.89999998 0.59799999 0
1.385 -3.4130001 2.635 57
1.395 -3.5829999 2.6289999 57
1.4 -3.7720001 2.6329999 52
0.31999999 -0.90200001 0.602 0
1.4579999 -3.3859999 2.638 58
1.477 -3.5599999 2.632 57
1.4910001 -3.7509999 2.635 54
0.34200001 -0.89399999 0.60000002 0
1.528 -3.3510001 2.6359999 58
1.559 -3.5339999 2.6359999 58
1.58 -3.724 2.635 52
0.36399999 -0.88700002 0.59899998 0
1.598 -3.319 2.6370001 58
1.638 -3.5020001 2.6359999 57
1.668 -3.6919999 2.6329999 52
0.38499999 -0.87900001 0.59799999 0
1.6670001 -3.2839999 2.6370001 55
1.712 -3.461 2.6289999 55
1.758 -3.6630001 2.6340001 49
0.40799999 -0.87300003 0.59799999 0
1.735 -3.2460001 2.6359999 54
1.794 -3.4330001 2.635 58
1.846 -3.631 2.635 50
0.43599999 -0.87800002 0.60600001 0
1.8049999 -3.2149999 2.6400001 54
1.867 -3.3900001 2.6300001 56
1.9299999 -3.5869999 2.6289999 51
0.45699999 -0.86900002 0.60500002 0
1.8710001 -3.174 2.6389999 50
1.942 -3.349 2.628 54
2.02 -3.5569999 2.635 50
0.47999999 -0.86199999 0.60699999 0
0.60100001 -0.97299999 0.81900001 6
2.0179999 -3.3099999 2.628 54
2.1029999 -3.5120001 2.631 46
0 0 0 0
0.61799997 -0.954 0.81400001 2
2.096 -3.2750001 2.6329999 52
2.188 -3.4690001 2.6300001 46
2.2820001 -3.6670001 2.638 3
0.64499998 -0.95300001 0.824 26
2.1659999 -3.223 2.6270001 54
2.2720001 -3.424 2.6289999 46
2.3800001 -3.6259999 2.641 33
0.667 -0.94099998 0.82499999 7
2.244 -3.187 2.6340001 52
2.3610001 -3.385 2.6340001 45
2.473 -3.579 2.641 37
0.68900001 -0.93000001 0.82800001 6
2.3199999 -3.1440001 2.6370001 45
2.437 -3.3280001 2.6270001 26
2.576 -3.5420001 2.6500001 18
0.70700002 -0.91399997 0.82700002 6
0.73699999 -0.954 0.81199998 1
2.527 -3.289 2.6359999 49
2.6619999 -3.4820001 2.6440001 42
0.72100002 -0.89200002 0.81999999 4
0.759 -0.94 0.81300002 8
2.6099999 -3.24 2.638 47
2.7520001 -3.4260001 2.6429999 42
0.74800003 -0.88700002 0.829 9
0.787 -0.93099999 0.81999999 5
2.687 -3.1830001 2.6359999 45
2.8469999 -3.375 2.6470001 41
0.74599999 -0.84799999 0.80699998 0
0.815 -0.92199999 0.82599998 25
2.77 -3.1300001 2.6389999 46
2.9360001 -3.316 2.648 46
0.76599997 -0.83499998 0.80900002 3
0.83200002 -0.89999998 0.82200003 6
2.8499999 -3.0739999 2.6400001 46
3.0209999 -3.25 2.6440001 40
0.78799999 -0.82300001 0.81199998 1
0.861 -0.89099997 0.82999998 23
0.90700001 -0.93400002 0.81800002 3
3.1099999 -3.1889999 2.6459999 44
0.81599998 -0.81699997 0.82300001 18
0.87800002 -0.86900002 0.82599998 1
0.93000001 -0.91500002 0.81800002 15
3.191 -3.118 2.6440001 41
0.83600003 -0.80299997 0.82599998 5
0.87699997 -0.83099997 0.80699998 3
0.96100003 -0.90200001 0.824 24
3.2750001 -3.049 2.6440001 44
0.85000002 -0.78299999 0.82200003 23
0.89700001 -0.81300002 0.80599999 4
0.98199999 -0.88 0.82300001 24
3.358 -2.9790001 2.645 41
0.86900002 -0.76700002 0.824 5
0.92799997 -0.80400002 0.81699997 12
1.0039999 -0.85900003 0.82300001 16
1.066 -0.89999998 0.81999999 8
0.884 -0.74900001 0.82300001 25
0.95300001 -0.79000002 0.82300001 6
1.023 -0.83399999 0.82099998 4
1.098 -0.88300002 0.82499999 22
0.903 -0.73299998 0.82499999 6
0.97500002 -0.77200001 0.82599998 24
1.033 -0.80299997 0.81199998 3
1.126 -0.86199999 0.82800001 24
0.91799998 -0.713 0.824 7
0.98900002 -0.74800003 0.82099998 4
1.062 -0.787 0.81900001 11
1.132 -0.824 0.81599998 5
0.93699998 -0.69700003 0.82700002 7
1.008 -0.72799999 0.82300001 26
1.089 -0.76800001 0.82300001 22
1.108 -0.76599997 0.78299999 3
0.95099998 -0.67699999 0.82599998 5
1.025 -0.70700002 0.82200003 4
1.101 -0.73900002 0.81800002 19
1.098 -0.72100002 0.76099998 3
0.98699999 -0.671 0.84299999 23
1.04 -0.68400002 0.82099998 25
1.108 -0.70700002 0.80900002 7
1.214 -0.75599998 0.82700002 20
1.02 -0.662 0.85799998 2
1.063 -0.66500002 0.82499999 4
1.138 -0.69 0.81699997 24
1.234 -0.727 0.82599998 22
3.1659999 -1.964 2.6259999 48
1.092 -0.64999998 0.83499998 20
1.153 -0.66299999 0.815 22
1.251 -0.69700003 0.824 20
3.2130001 -1.9 2.6259999 48
1.137 -0.64300001 0.85699999 8
1.179 -0.64099997 0.82099998 19
1.268 -0.667 0.82300001 21
3.253 -1.832 2.6240001 53
3.5220001 -1.89 2.618 53
1.232 -0.634 0.84500003 21
1.288 -0.639 0.824 22
3.2969999 -1.766 2.6240001 53
3.5680001 -1.814 2.6170001 51
3.868 -1.878 2.619 38
1.3279999 -0.62 0.838 16
3.3369999 -1.698 2.6229999 52
3.612 -1.7359999 2.6159999 52
3.924 -1.793 2.622 48
1.398 -0.611 0.87 3
3.365 -1.623 2.6129999 54
3.6559999 -1.658 2.6159999 50
3.97 -1.704 2.6210001 46
4.2750001 -1.75 2.6289999 39
3.4119999 -1.557 2.618 52
3.707 -1.5829999 2.6210001 50
4.0079999 -1.612 2.615 49
4.3260002 -1.65 2.6289999 41
3.437 -1.4809999 2.608 54
3.7460001 -1.502 2.6199999 49
4.0580001 -1.522 2.618 47
4.3720002 -1.548 2.628 45
3.474 -1.41 2.608 52
3.779 -1.418 2.615 46
4.0970001 -1.4299999 2.6170001 45
4.4120002 -1.443 2.625 47
3.5109999 -1.339 2.6099999 55
3.8099999 -1.3329999 2.6110001 55
4.1279998 -1.3329999 2.6099999 43
4.4629998 -1.342 2.6300001 54
3.5469999 -1.267 2.6099999 52
3.846 -1.25 2.6099999 58
4.1680002 -1.24 2.612 47
4.4809999 -1.2309999 2.6170001 48
3.5769999 -1.192 2.608 53
3.8729999 -1.164 2.6059999 60
4.1919999 -1.142 2.605 51
4.5159998 -1.124 2.6159999 57
3.6010001 -1.115 2.602 58
3.904 -1.079 2.6040001 60
4.2199998 -1.044 2.6010001 51
4.5489998 -1.017 2.6159999 56
3.6270001 -1.039 2.599 55
3.9230001 -0.991 2.596 58
4.2519999 -0.94800001 2.602 50
4.5780001 -0.90899998 2.6140001 55
3.6559999 -0.963 2.599 59
1.919 -0.43900001 1.261 2
2.187 -0.43399999 1.329 45
4.579 -0.796 2.599 51
3.641 -0.87599999 2.569 52
1.8890001 -0.38800001 1.233 15
2.177 -0.38 1.3150001 25
4.2480001 -0.63300002 2.3970001 46
1.901 -0.414 1.331 13
1.985 -0.361 1.2869999 154
3.9560001 -0.59600002 2.3770001 55
4.2540002 -0.52999997 2.3889999 46
1.965 -0.384 1.367 151
3.6900001 -0.58700001 2.3789999 53
3.977 -0.505 2.3770001 56
4.2620001 -0.42699999 2.3840001 43
2.178 -0.377 1.505 7
3.7149999 -0.50599998 2.382 55
4.0040002 -0.414 2.382 34
4.2969999 -0.32699999 2.3940001 49
3.4679999 -0.52499998 2.3829999 56
3.7390001 -0.42399999 2.385 54
4.0149999 -0.32100001 2.3800001 56
4.302 -0.22499999 2.3900001 50
3.49 -0.45199999 2.3859999 56
3.7509999 -0.34099999 2.3829999 55
4.0180001 -0.228 2.3740001 57
4.2989998 -0.122 2.3829999 48
3.5020001 -0.377 2.382 56
3.7520001 -0.257 2.375 55
4.0190001 -0.13500001 2.369 57
4.303 -0.018999999 2.381 48
3.5079999 -0.301 2.375 55
3.7579999 -0.17299999 2.3710001 54
4.0250001 -0.041000001 2.3670001 57
4.2979999 0.083999999 2.375 49
3.52 -0.22499999 2.372 55
3.7650001 -0.086999997 2.368 55
4.0229998 0.052000001 2.362 56
4.2859998 0.186 2.368 50
3.5309999 -0.149 2.3710001 57
3.7739999 -0.003 2.368 55
4.0170002 0.146 2.3559999 56
4.2880001 0.289 2.369 49
3.5350001 -0.071000002 2.3659999 56
3.7620001 0.081 2.3559999 56
4.0149999 0.23899999 2.3529999 54
4.276 0.391 2.3640001 51
3.539 0.0040000002 2.3610001 56
3.763 0.16500001 2.3540001 54
4.007 0.33000001 2.3499999 57
4.2540002 0.49000001 2.3559999 51
3.5409999 0.079999998 2.358 55
3.7650001 0.25 2.3529999 55
3.993 0.42300001 2.3429999 57
4.244 0.59100002 2.355 56
3.5420001 0.15800001 2.3529999 51
3.7579999 0.33399999 2.348 55
3.9820001 0.51599997 2.339 58
4.2199998 0.69099998 2.348 51
3.5420001 0.237 2.348 57
3.756 0.421 2.346 55
3.977 0.61000001 2.3399999 57
4.1950002 0.79100001 2.342 51
3.5469999 0.31600001 2.348 55
3.747 0.50599998 2.3410001 55
3.9590001 0.70200002 2.3340001 57
4.1789999 0.89099997 2.342 53
3.55 0.39399999 2.348 55
3.737 0.58999997 2.3380001 55
3.9430001 0.79400003 2.332 57
4.152 0.99000001 2.3369999 51
3.5409999 0.472 2.342 54
3.727 0.676 2.335 55
3.9260001 0.88599998 2.3299999 58
4.1269999 1.086 2.336 54
3.539 0.551 2.342 56
3.717 0.75999999 2.335 55
3.902 0.97500002 2.326 57
4.0960002 1.183 2.332 55
3.5339999 0.63 2.339 56
3.697 0.84399998 2.3280001 55
3.881 1.066 2.325 58
4.052 1.275 2.323 52
3.5220001 0.70899999 2.3340001 55
3.688 0.93000001 2.3299999 57
3.8570001 1.1569999 2.322 58
4.0240002 1.373 2.323 53
3.5139999 0.78899997 2.332 57
3.6719999 1.016 2.3280001 55
3.8269999 1.245 2.3169999 57
3.9909999 1.4680001 2.322 57
3.5050001 0.86900002 2.3299999 57
3.6470001 1.098 2.322 57
3.8 1.335 2.316 57
3.9489999 1.558 2.3169999 58
3.4849999 0.94599998 2.322 58
3.628 1.183 2.3210001 56
3.766 1.4220001 2.312 58
3.8989999 1.647 2.309 56
3.4749999 1.027 2.323 58
3.6070001 1.266 2.3210001 62
3.733 1.508 2.3099999 57
3.8599999 1.737 2.309 57
3.4549999 1.104 2.319 58
3.576 1.346 2.3150001 55
3.698 1.594 2.3080001 57
3.8069999 1.823 2.302 59
3.4430001 1.186 2.3199999 57
3.5510001 1.4299999 2.3139999 55
3.654 1.676 2.3010001 57
3.7609999 1.911 2.3 56
3.4260001 1.267 2.3180001 58
3.5209999 1.513 2.3099999 55
3.6059999 1.758 2.293 56
3.7190001 2.0020001 2.302 55
3.4059999 1.347 2.3169999 57
3.4820001 1.591 2.302 55
3.5739999 1.845 2.296 56
3.658 2.0810001 2.293 55
3.3770001 1.424 2.3099999 58
3.4519999 1.673 2.302 55
3.523 1.923 2.289 56
3.6010001 2.1619999 2.2880001 55
3.3510001 1.502 2.306 58
3.414 1.752 2.2969999 54
3.4790001 2.0050001 2.2869999 56
3.549 2.2449999 2.2880001 49
3.326 1.581 2.306 57
3.3770001 1.83 2.2950001 54
3.4319999 2.0840001 2.2850001 56
3.493 2.3239999 2.2869999 52
3.293 1.6569999 2.3 56
3.3429999 1.911 2.2950001 54
3.3840001 2.1630001 2.2839999 56
3.425 2.3970001 2.279 56
3.2639999 1.735 2.299 57
3.2950001 1.985 2.2880001 55
3.332 2.2420001 2.28 52
3.3729999 2.4809999 2.2820001 54
3.2249999 1.811 2.2909999 57
3.256 2.066 2.2869999 54
3.28 2.3180001 2.2780001 55
3.3069999 2.5539999 2.277 47
3.191 1.888 2.2880001 55
3.211 2.141 2.2839999 54
3.2249999 2.392 2.2750001 55
3.237 2.622 2.2709999 48
3.1619999 1.969 2.29 56
3.165 2.2160001 2.2809999 54
3.1670001 2.4649999 2.2720001 54
3.174 2.6960001 2.2709999 48
3.1210001 2.0439999 2.2850001 55
3.115 2.29 2.277 54
3.118 2.5420001 2.276 53
3.1099999 2.7679999 2.2720001 52
3.079 2.1159999 2.2809999 55
3.0699999 2.3640001 2.2780001 54
3.0550001 2.6099999 2.2709999 55
3.0369999 2.8310001 2.266 55
3.0380001 2.191 2.279 53
3.017 2.4349999 2.2739999 54
2.994 2.6800001 2.2690001 55
2.967 2.8970001 2.2639999 54
2.994 2.266 2.2750001 55
2.9660001 2.51 2.273 54
2.928 2.7479999 2.2650001 56
2.8989999 2.967 2.2650001 55
2.948 2.3399999 2.2709999 53
2.908 2.5769999 2.2679999 55
2.865 2.8139999 2.263 56
2.8210001 3.0250001 2.2590001 53
2.9070001 2.418 2.273 51
2.8559999 2.651 2.2690001 54
2.799 2.8789999 2.2609999 55
2.7520001 3.0910001 2.2620001 54
2.859 2.49 2.2709999 52
2.796 2.717 2.2650001 54
2.7349999 2.9460001 2.2620001 56
2.6719999 3.142 2.256 56
2.8039999 2.556 2.2650001 56
2.7420001 2.7869999 2.267 55
2.6700001 3.0090001 2.263 55
2.5929999 3.1949999 2.2520001 47
2.757 2.6329999 2.2679999 57
2.6800001 2.852 2.2639999 54
2.5969999 3.0650001 2.2579999 53
2.513 3.2460001 2.2490001 57
2.704 2.704 2.266 56
2.6159999 2.914 2.2609999 52
2.526 3.1270001 2.257 56
2.431 3.296 2.244 57
2.6429999 2.77 2.2590001 50
2.562 2.993 2.2690001 46
2.448 3.1760001 2.25 56
2.345 3.3369999 2.2360001 55
2.596 2.849 2.266 35
2.4860001 3.043 2.2579999 55
2.3740001 3.2309999 2.2479999 55
2.266 3.388 2.2360001 58
2.54 2.9189999 2.266 34
2.4170001 3.0999999 2.253 55
2.2980001 3.2820001 2.244 55
2.184 3.4330001 2.234 57
2.4679999 2.974 2.2539999 44
2.3499999 3.1589999 2.253 55
2.2190001 3.3269999 2.24 54
2.0999999 3.471 2.23 55
2.4070001 3.039 2.253 56
2.276 3.211 2.247 55
2.1400001 3.372 2.2360001 55
0 0 0 0
2.3410001 3.0999999 2.25 58
2.2019999 3.2650001 2.243 55
2.063 3.4219999 2.2349999 54
0 0 0 0
2.2709999 3.158 2.244 58
2.131 3.3199999 2.2420001 55
1.983 3.4660001 2.2320001 7
0.242 0.47 0.29100001 9
2.207 3.224 2.2449999 58
2.0550001 3.3740001 2.2390001 55
0 0 0 0
0 0 0 0
2.1340001 3.2820001 2.2409999 56
1.974 3.414 2.2309999 12
0.243 0.47400001 0.29699999 8
0.21699999 0.47299999 0.287 8
2.059 3.335 2.2349999 58
0 0 0 0
0 0 0 0
1.592 3.688 2.2190001 12
1.9859999 3.391 2.2320001 19
0.243 0.46900001 0.29699999 8
0.21600001 0.47299999 0.28999999 7
1.5039999 3.7160001 2.2160001 54
0 0 0 0
0 0 0 0
1.572 3.6630001 2.2219999 12
1.416 3.7390001 2.2130001 51
0.24600001 0.46900001 0.29899999 9
0.21799999 0.47400001 0.29300001 7
1.488 3.6989999 2.221 53
1.327 3.756 2.207 52
0 0 0 0
1.5779999 3.642 2.221 11
1.399 3.72 2.2130001 53
1.238 3.776 2.204 45
0.21799999 0.46799999 0.289 9
1.495 3.681 2.2190001 54
1.3150001 3.7520001 2.2130001 51
1.155 3.809 2.2090001 47
1.597 3.6489999 2.22 2
1.4119999 3.7190001 2.217 54
1.229 3.7809999 2.2119999 52
1.067 3.826 2.207 47
1.516 3.7 2.221 51
1.325 3.7509999 2.2130001 52
1.142 3.803 2.2090001 50
0.97500002 3.8239999 2.1960001 46
1.428 3.7309999 2.211 48
1.24 3.7809999 2.2090001 49
1.056 3.8280001 2.2090001 50
0.89099997 3.8510001 2.201 52
1.341 3.7679999 2.2049999 47
1.154 3.8139999 2.2079999 53
0.96799999 3.849 2.207 51
0.80199999 3.8599999 2.1989999 49
1.257 3.8139999 2.2049999 44
1.067 3.845 2.207 51
0.88 3.8699999 2.2060001 50
0.71600002 3.8770001 2.201 43
1.169 3.849 2.201 45
0.97799999 3.8710001 2.2030001 51
0.792 3.885 2.2030001 49
0.62800002 3.8840001 2.1989999 20
1.08 3.8889999 2.201 45
0.89099997 3.904 2.2049999 48
0.70099998 3.892 2.1960001 23
0 0 0 0
0.991 3.9260001 2.2 44
0.79799998 3.9100001 2.194 21
0 0 0 0
0.048999999 0.42300001 0.23800001 7
0.89899999 3.9530001 2.1949999 13
0 0 0 0
0 0 0 0
0 0 0 0
0 0 0 0
0.067000002 0.43099999 0.23899999 6
0.048 0.435 0.243 6
0.029999999 0.42899999 0.241 7
0.078000002 0.44100001 0.23999999 7
0 0 0 0
0 0 0 0
0 0 0 0
0 0 0 0
0.046 0.426 0.234 6
0.028000001 0.435 0.242 6
0.011 0.42699999 0.23999999 7
0.056000002 0.435 0.234 6
0 0 0 0
0 0 0 0
0 0 0 0
0 0 0 0
0.026000001 0.41800001 0.227 6
0.0080000004 0.42399999 0.235 5
-0.0070000002 0.421 0.237 7
0.034000002 0.42899999 0.228 6
0 0 0 0
0 0 0 0
0 0 0 0
0 0 0 0
0.0060000001 0.41800001 0.226 6
-0.0099999998 0.42399999 0.235 5
-0.025 0.41499999 0.235 7
0.014 0.42699999 0.22499999 6
0 0 0 0
0 0 0 0
0 0 0 0
0 0 0 0
-0.012 0.41499999 0.22400001 6
-0.028999999 0.41999999 0.233 5
-0.043000001 0.412 0.235 7
-0.0060000001 0.419 0.219 6
0 0 0 0
0 0 0 0
0 0 0 0
0 0 0 0
-0.030999999 0.414 0.223 6
-0.046999998 0.412 0.23 5
-0.061000001 0.40799999 0.234 6
-0.025 0.414 0.215 6
0 0 0 0
0 0 0 0
0 0 0 0
0 0 0 0
-0.050000001 0.41 0.221 6
-0.066 0.412 0.23100001 5
-0.72600001 3.7260001 2.161 3
-0.045000002 0.40799999 0.212 6
0 0 0 0
0 0 0 0
-0.80800003 3.714 2.1659999 57
0 0 0 0
-0.068000004 0.403 0.21799999 6
-0.79799998 3.8529999 2.177 4
0 0 0 0
-0.064000003 0.405 0.20999999 7
-0.773 3.977 2.161 25
-0.884 3.832 2.1760001 18
-0.96600002 3.665 2.164 1
0 0 0 0
-0.86900002 3.9749999 2.1670001 53
0 0 0 0
-1.044 3.638 2.164 58
-0.86400002 4.1360002 2.1559999 5
0 0 0 0
-1.053 3.7820001 2.171 7
-1.1210001 3.608 2.1619999 55
0 0 0 0
-1.053 3.9330001 2.161 4
-1.1339999 3.747 2.165 50
-1.196 3.575 2.1600001 57
0 0 0 0
-1.146 3.914 2.1619999 49
-1.2180001 3.723 2.1659999 52
-1.272 3.5450001 2.1600001 57
-1.171 4.1020002 2.158 41
-1.237 3.8889999 2.1600001 55
-1.302 3.6989999 2.1670001 53
-1.349 3.517 2.1619999 58
-1.27 4.0749998 2.154 46
-1.331 3.872 2.164 55
-1.382 3.6630001 2.164 53
-1.421 3.4779999 2.1589999 57
-1.372 4.0549998 2.154 49
-1.421 3.842 2.1619999 55
-1.4630001 3.628 2.1619999 52
-1.495 3.448 2.161 59
-1.472 4.027 2.151 46
-1.51 3.8099999 2.1600001 56
-1.545 3.598 2.1630001 54
-1.568 3.4130001 2.1630001 58
-1.571 3.9979999 2.1489999 47
-1.601 3.78 2.1600001 55
-1.624 3.563 2.1630001 54
-1.642 3.3770001 2.164 58
-1.671 3.971 2.1500001 48
-1.689 3.744 2.1589999 54
-1.707 3.5320001 2.1659999 51
-1.712 3.339 2.165 58
-1.774 3.9460001 2.154 45
-1.776 3.707 2.1570001 55
-1.788 3.4990001 2.1700001 54
-1.785 3.303 2.1670001 61
-1.872 3.9100001 2.1530001 47
-1.867 3.674 2.1600001 55
-1.8660001 3.46 2.1700001 54
-1.854 3.2609999 2.1670001 58
-1.969 3.8699999 2.152 47
-1.9529999 3.632 2.1589999 54
-1.942 3.4170001 2.1700001 54
-1.916 3.2090001 2.161 89
-2.069 3.835 2.154 48
-2.0380001 3.589 2.158 56
-2.0120001 3.3629999 2.1630001 55
-1.99 3.1760001 2.1689999 60
-2.164 3.789 2.152 48
-2.1270001 3.552 2.1619999 55
-2.095 3.3310001 2.1719999 55
-2.0550001 3.1289999 2.168 56
-2.2609999 3.747 2.1530001 51
-2.2130001 3.5079999 2.1630001 58
-2.168 3.2839999 2.171 54
-2.122 3.085 2.1700001 57
-2.3599999 3.7049999 2.1570001 48
-2.299 3.464 2.1659999 50
-2.2449999 3.24 2.175 53
-2.188 3.04 2.1719999 57
-2.4530001 3.6530001 2.1559999 50
-2.3829999 3.4159999 2.1670001 57
-2.3139999 3.187 2.1730001 55
-2.25 2.99 2.171 56
-2.5480001 3.605 2.1589999 50
-2.4660001 3.365 2.1689999 58
-2.3829999 3.1329999 2.171 54
-2.3150001 2.9430001 2.174 57
-2.641 3.552 2.1600001 50
-2.543 3.3080001 2.1659999 56
-2.4579999 3.0880001 2.1760001 54
-2.3740001 2.8900001 2.1730001 57
-2.733 3.4960001 2.161 47
-2.6270001 3.2579999 2.171 54
-2.527 3.033 2.1760001 54
-2.4360001 2.8399999 2.175 57
-2.825 3.4400001 2.164 46
-2.7090001 3.2049999 2.174 56
-2.5929999 2.977 2.1760001 54
-2.4960001 2.7869999 2.1760001 57
-2.9200001 3.3859999 2.1700001 46
-2.7809999 3.1400001 2.171 55
-2.668 2.928 2.1819999 53
-2.556 2.734 2.178 57
-3.0020001 3.316 2.1659999 49
-2.858 3.0799999 2.1719999 50
-2.7320001 2.869 2.1819999 53
-2.612 2.678 2.177 57
-3.0880001 3.2490001 2.1670001 48
-2.9360001 3.0209999 2.1760001 57
-2.796 2.809 2.1830001 52
-2.6670001 2.6210001 2.177 55
-3.174 3.184 2.1700001 47
-3.003 2.95 2.1719999 54
-2.862 2.75 2.1849999 54
-2.7260001 2.5669999 2.181 57
-3.256 3.112 2.171 48
-3.0799999 2.8889999 2.177 56
-2.924 2.688 2.187 55
-2.779 2.5079999 2.181 55
-3.339 3.0409999 2.1730001 48
-3.145 2.8169999 2.175 54
-2.9849999 2.625 2.188 54
-2.836 2.4530001 2.1860001 57
-3.3940001 2.9449999 2.1589999 22
-3.2160001 2.7479999 2.177 56
-3.043 2.559 2.188 55
-2.888 2.392 2.1860001 57
0 0 0 0
-3.2839999 2.678 2.1789999 58
-3.1040001 2.494 2.1900001 56
-2.934 2.3269999 2.184 57
0 0 0 0
-3.355 2.608 2.1830001 57
-3.1570001 2.425 2.1889999 55
-2.9879999 2.2679999 2.187 56
-3.3180001 2.483 1.983 64
-3.4170001 2.533 2.1830001 60
-3.22 2.3610001 2.194 56
-3.0350001 2.204 2.187 56
-3.296 2.345 1.933 61
-3.3989999 2.4000001 2.1340001 86
-3.2709999 2.29 2.194 56
-3.0829999 2.141 2.1889999 59
-3.276 2.214 1.887 58
-3.273 2.2 2.0209999 64
-3.3239999 2.2190001 2.1949999 56
-3.135 2.0810001 2.194 57
-3.2539999 2.0869999 1.8430001 57
-3.2409999 2.0710001 1.97 57
-3.378 2.1489999 2.198 56
-3.1819999 2.016 2.1960001 59
-3.2309999 1.965 1.801 58
-3.23 1.96 1.933 64
-3.339 2.0220001 2.1429999 150
-3.224 1.948 2.1960001 59
-3.2179999 1.852 1.767 55
-3.2119999 1.85 1.895 72
-3.2260001 1.858 2.0420001 95
-3.2709999 1.883 2.2 59
-3.237 1.761 1.752 25
-3.194 1.742 1.859 60
-3.1949999 1.747 1.997 61
-3.3210001 1.8200001 2.207 64
-3.3050001 1.697 1.765 9
-3.181 1.641 1.8279999 60
-3.1789999 1.648 1.962 59
-3.342 1.7410001 2.1960001 59
-3.2980001 1.595 1.739 8
-3.165 1.5420001 1.7970001 73
-3.168 1.5549999 1.934 61
-3.2690001 1.6160001 2.1240001 150
-3.2839999 1.492 1.711 9
-3.1570001 1.449 1.772 53
-3.1500001 1.461 1.901 68
-3.1789999 1.489 2.0439999 119
-3.2650001 1.39 1.682 9
-3.181 1.373 1.766 27
-3.1359999 1.3710001 1.873 78
-3.1459999 1.393 2.003 66
-3.26 1.2970001 1.6619999 6
-3.243 1.311 1.781 9
-3.1199999 1.283 1.845 72
-3.138 1.311 1.979 81
-4.3369999 1.6059999 2.1900001 54
-3.2850001 1.2410001 1.788 39
-3.109 1.199 1.821 75
-3.1270001 1.229 1.9529999 89
-4.3769999 1.503 2.1889999 54
-3.276 1.152 1.767 16
-3.0910001 1.114 1.795 66
-3.108 1.146 1.925 79
-4.4299998 1.403 2.197 51
-3.3050001 1.0779999 1.768 18
-3.0910001 1.038 1.781 57
-3.096 1.068 1.902 79
-3.5869999 1.043 1.766 13
-3.4979999 1.053 1.857 10
-3.1010001 0.96600002 1.772 32
-3.0880001 0.99299997 1.883 75
-3.7909999 1.005 1.854 7
-3.4449999 0.95099998 1.8150001 8
-3.2090001 0.92299998 1.821 35
-3.1170001 0.93000001 1.887 30
-3.642 0.87300003 1.77 12
-3.5079999 0.88200003 1.836 32
-3.4159999 0.90100002 1.925 30
-3.3069999 0.91100001 1.988 31
-3.868 0.82999998 1.869 25
-3.7479999 0.85100001 1.951 26
-3.654 0.87800002 2.0469999 24
-3.71 0.93800002 2.2160001 56
-4.1869998 0.79500002 2.013 15
-4.276 0.86799997 2.2130001 55
-3.9979999 0.86799997 2.227 59
-3.743 0.86199999 2.2219999 62
-4.6100001 0.76200002 2.2060001 56
-4.3119998 0.773 2.221 64
-4.0170002 0.77999997 2.2260001 60
-3.7679999 0.78399998 2.2249999 60
-4.6350002 0.65399998 2.21 57
-4.3260002 0.67400002 2.2190001 63
-4.04 0.69300002 2.2279999 59
-3.789 0.70599997 2.2260001 61
-4.6479998 0.54299998 2.21 52
-4.3540001 0.57700002 2.2249999 63
-4.0609999 0.60399997 2.23 58
-3.809 0.62599999 2.227 59
-2.0710001 0.192 0.98199999 47
-4.3740001 0.47799999 2.2290001 63
-4.0749998 0.51499999 2.2290001 58
-3.832 0.546 2.23 61
-2.056 0.142 0.97299999 40
-2.0869999 0.17900001 1.0599999 15
-4.1100001 0.428 2.2409999 60
-3.8499999 0.46599999 2.2320001 62
-1.977 0.089000002 0.93400002 48
-2.053 0.12899999 1.041 24
-4.1240001 0.33700001 2.2420001 59
-3.8570001 0.384 2.2290001 60
-1.95 0.041999999 0.921 46
-1.99 0.079000004 1.007 30
-4.138 0.24699999 2.244 44
-3.882 0.303 2.2360001 52
-1.9220001 -0.003 0.90799999 55
-1.962 0.033 0.99199998 38
-2.0320001 0.075999998 1.1 13
-2.069 0.117 1.188 0
-1.901 -0.048 0.89899999 60
-1.918 -0.0099999998 0.97000003 44
-2.003 0.030999999 1.082 44
-2.0220001 0.071000002 1.159 36
-1.903 -0.093000002 0.90100002 67
-1.896 -0.052999999 0.95899999 57
-1.964 -0.012 1.0599999 38
-2.0209999 0.028000001 1.156 39
-1.925 -0.14 0.91299999 70
-1.898 -0.097000003 0.95999998 69
-1.925 -0.054000001 1.039 36
-1.992 -0.014 1.138 50
-1.937 -0.186 0.921 45
-1.916 -0.142 0.97000003 66
-1.908 -0.096000001 1.029 56
-1.982 -0.056000002 1.13 39
-1.896 -0.228 0.90399998 40
-1.903 -0.184 0.96499997 56
-1.91 -0.138 1.031 64
-1.962 -0.097000003 1.118 25
-1.95 -0.28099999 0.93300003 17
-1.895 -0.228 0.963 49
-1.91 -0.18099999 1.0319999 59
-1.928 -0.13699999 1.098 38
-4.6890001 -0.78799999 2.2539999 53
-1.909 -0.273 0.97299999 59
-1.913 -0.22400001 1.035 49
-1.9170001 -0.177 1.092 46
-4.6799998 -0.89999998 2.26 53
-4.421 -0.73699999 2.2609999 56
-1.9119999 -0.26699999 1.036 13
-1.9349999 -0.221 1.103 36
-4.6599998 -1.01 2.263 47
-4.4089999 -0.838 2.263 57
-4.1859999 -0.67900002 2.273 59
-3.96 -0.53899997 2.2590001 57
-4.6350002 -1.119 2.2639999 53
-4.4039998 -0.94199997 2.27 55
-4.1739998 -0.77200001 2.273 57
-3.9590001 -0.625 2.2620001 58
-4.6139998 -1.228 2.2690001 55
-4.3839998 -1.0420001 2.2709999 63
-4.1739998 -0.86699998 2.2809999 60
-3.9619999 -0.713 2.267 57
-4.5929999 -1.339 2.2750001 56
-4.3590002 -1.142 2.2709999 61
-4.1700001 -0.963 2.286 60
-3.9590001 -0.80000001 2.2709999 59
-4.5570002 -1.444 2.2750001 56
-4.3460002 -1.245 2.2780001 62
-4.1550002 -1.057 2.2869999 61
-3.954 -0.889 2.273 53
-4.5310001 -1.553 2.2809999 55
-4.3179998 -1.344 2.2780001 63
-4.131 -1.149 2.2850001 61
-3.95 -0.977 2.2780001 56
-4.5549998 -1.681 2.3139999 86
-4.2870002 -1.441 2.2780001 64
-4.1149998 -1.243 2.2880001 62
-3.938 -1.0650001 2.279 58
-4.539 -1.796 2.329 87
-4.421 -1.6 2.3670001 69
-4.1009998 -1.3380001 2.293 62
-3.9230001 -1.153 2.279 57
-4.5430002 -1.92 2.3559999 90
-4.5570002 -1.766 2.46 82
-4.0840001 -1.433 2.2980001 62
-3.9159999 -1.243 2.2850001 60
-4.52 -2.036 2.369 88
-4.5479999 -1.883 2.477 83
-4.29 -1.614 2.4300001 71
-3.9030001 -1.332 2.289 60
-4.4949999 -2.151 2.3840001 87
-4.5370002 -1.999 2.4949999 83
-4.3889999 -1.763 2.5039999 56
-3.885 -1.421 2.29 62
-4.4850001 -2.2750001 2.4089999 78
-4.5149999 -2.1140001 2.507 78
-4.3540001 -1.862 2.5039999 58
-4.0650001 -1.5880001 2.4100001 67
-4.4689999 -2.3989999 2.4319999 66
-4.4829998 -2.224 2.516 61
-4.3429999 -1.972 2.5179999 55
-4.1799998 -1.739 2.4949999 54
-4.448 -2.5209999 2.454 61
-4.4159999 -2.3169999 2.507 45
-4.3010001 -2.069 2.516 54
-4.1690001 -1.842 2.5050001 56
-4.4439998 -2.6570001 2.487 49
-4.381 -2.427 2.517 32
-4.2639999 -2.1700001 2.5179999 50
-4.1440001 -1.939 2.5079999 54
-4.4349999 -2.7909999 2.52 39
-4.3449998 -2.536 2.5280001 29
-4.224 -2.2690001 2.52 40
-4.1129999 -2.0350001 2.5090001 52
-4.336 -2.8699999 2.5039999 4
-4.2849998 -2.6329999 2.527 20
-4.1799998 -2.3659999 2.5209999 29
-4.0819998 -2.131 2.5120001 48
0 0 0 0
-4.237 -2.7379999 2.5339999 19
-4.1430001 -2.4679999 2.527 26
-4.0419998 -2.2249999 2.51 37
-1.367 -0.99800003 0.81699997 1
-4.1570001 -2.8210001 2.5220001 15
-4.118 -2.579 2.5420001 18
-4.0320001 -2.336 2.5280001 24
-1.301 -0.99599999 0.792 12
-4 -2.849 2.4649999 17
-4.0679998 -2.675 2.543 18
-3.997 -2.4349999 2.5320001 19
-1.28 -1.027 0.79400003 17
-1.309 -0.97799999 0.81999999 9
-4.0040002 -2.7639999 2.5369999 18
-3.9630001 -2.5350001 2.5380001 17
-1.257 -1.057 0.79500002 18
-1.256 -0.98299998 0.80000001 13
-3.9530001 -2.8599999 2.54 18
-3.924 -2.6329999 2.5420001 17
-1.2309999 -1.084 0.79500002 19
-1.226 -1.0039999 0.79500002 17
-1.277 -0.96799999 0.833 3
-3.868 -2.7219999 2.5369999 18
-1.2029999 -1.109 0.79400003 8
-1.204 -1.033 0.79500002 18
-1.222 -0.96899998 0.80900002 12
-3.8180001 -2.8139999 2.536 19
-1.178 -1.136 0.79500002 3
-1.176 -1.056 0.792 15
-1.184 -0.98299998 0.79699999 17
-3.7650001 -2.9059999 2.5350001 25
-1.1569999 -1.169 0.80000001 16
-1.159 -1.089 0.79699999 15
-1.163 -1.011 0.796 18
-1.196 -0.96600002 0.81699997 9
-1.131 -1.196 0.80199999 18
-1.1210001 -1.102 0.787 4
-1.142 -1.038 0.79699999 14
-1.149 -0.97100002 0.79699999 16
-1.105 -1.222 0.80400002 3
-1.113 -1.1440001 0.79900002 9
-1.128 -1.072 0.80199999 21
-1.128 -0.99699998 0.79500002 22
-3.4219999 -3.9619999 2.556 33
-1.094 -1.176 0.80400002 21
-1.096 -1.09 0.79500002 8
-1.1109999 -1.027 0.79699999 16
-3.3369999 -4.0430002 2.563 33
-1.063 -1.196 0.801 10
-1.081 -1.123 0.80000001 4
-1.097 -1.0599999 0.80000001 23
-3.243 -4.1160002 2.566 34
-3.299 -3.8829999 2.55 41
-1.061 -1.154 0.80299997 18
-1.071 -1.082 0.79699999 13
-3.1530001 -4.191 2.5710001 35
-3.221 -3.9690001 2.556 41
-1.039 -1.183 0.80500001 18
-1.045 -1.105 0.79299998 3
-3.062 -4.2690001 2.5780001 34
-3.1359999 -4.0469999 2.5599999 40
-1.007 -1.199 0.79900002 2
-1.035 -1.1440001 0.80199999 12
-0.76800001 -1.123 0.66799998 1
-3.05 -4.1240001 2.563 37
-3.158 -3.9360001 2.5699999 45
-1.015 -1.174 0.80400002 23
-0.66900003 -1.027 0.60299999 1
-2.9690001 -4.2080002 2.573 35
-3.0780001 -4.0159998 2.572 41
-0.98100001 -1.188 0.79500002 5
-0.61199999 -0.98699999 0.57200003 5
-0.75099999 -1.117 0.67199999 1
-2.9960001 -4.0970001 2.575 41
-3.0880001 -3.9119999 2.5650001 40
-0.56199998 -0.954 0.546 0
-0.64300001 -1.005 0.59500003 1
-2.9130001 -4.177 2.5780001 36
-3.0150001 -4.0009999 2.569 41
0 0 0 0
0 0 0 0
-0.74400002 -1.119 0.67900002 1
-2.931 -4.079 2.5669999 43
-0.505 -0.95200002 0.53299999 17
-0.56999999 -0.98500001 0.56800002 0
-0.639 -1.011 0.60299999 5
-2.858 -4.1739998 2.575 29
-0.47499999 -0.94599998 0.52399999 15
0 0 0 0
-0.574 -0.954 0.56 0
-0.73000002 -1.12 0.67799997 1
-0.45100001 -0.95099998 0.52100003 9
-0.495 -0.95200002 0.53500003 8
0 0 0 0
-0.61299998 -0.98900002 0.588 5
-0.428 -0.95700002 0.51999998 1
-0.46700001 -0.94999999 0.52700001 9
-0.51499999 -0.95099998 0.542 9
-0.57200003 -0.97100002 0.56800002 0
-0.38999999 -0.926 0.49900001 0
-0.44600001 -0.95999998 0.52700001 3
-0.48699999 -0.949 0.53299999 9
0 0 0 0
-0.382 -0.96700001 0.51700002 0
-0.41499999 -0.94700003 0.51499999 0
-0.46200001 -0.954 0.528 9
-0.50300002 -0.95099998 0.53799999 9
-0.384 -1.0369999 0.55000001 0
-0.38999999 -0.94700003 0.509 0
-0.43700001 -0.95700002 0.52399999 1
-0.47299999 -0.94599998 0.52700001 9
-0.37200001 -1.08 0.56900001 2
-0.377 -0.97899997 0.52100003 0
-0.40000001 -0.93099999 0.50300002 0
-0.45199999 -0.958 0.52600002 8
-1.614 -5.0339999 2.6370001 3
-0.37900001 -1.052 0.55500001 0
-0.389 -0.963 0.51499999 0
-0.42500001 -0.95700002 0.51800001 1
0 0 0 0
-0.368 -1.098 0.57499999 1
-0.382 -1.013 0.53500003 0
-0.38699999 -0.92699999 0.495 0
0 0 0 0
-0.30399999 -0.98000002 0.509 0
-0.37799999 -1.075 0.56199998 0
-0.382 -0.97799999 0.51599997 0
0 0 0 0
0 0 0 0
-1.658 -5.0770001 2.6289999 20
0 0 0 0
-1.166 -5.1609998 2.6500001 5
0 0 0 0
0 0 0 0
0 0 0 0
-1.051 -5.1820002 2.6500001 5
0 0 0 0
0 0 0 0
0 0 0 0
-0.935 -5.1929998 2.6470001 6
-1.123 -5.2249999 2.6440001 7
0 0 0 0
0 0 0 0
-0.82200003 -5.2210002 2.654 6
-1.008 -5.256 2.6459999 7
-1.209 -5.2849998 2.6429999 7
0 0 0 0
-0.708 -5.2389998 2.658 5
-0.88999999 -5.2779999 2.6440001 7
-1.096 -5.3460002 2.654 8
0 0 0 0
-0.59500003 -5.2649999 2.6659999 5
-0.77600002 -5.3150001 2.652 6
-0.97500002 -5.3699999 2.6489999 7
-1.164 -5.4310002 2.655 6
-0.48100001 -5.2820001 2.671 6
-0.65899998 -5.3379998 2.654 6
-0.85500002 -5.4039998 2.6489999 6
-1.044 -5.493 2.6630001 5
-0.366 -5.2859998 2.6700001 6
-0.542 -5.3740001 2.6630001 7
-0.73500001 -5.4460001 2.654 6
-0.91900003 -5.5409999 2.664 6
-0.249 -5.2859998 2.6689999 6
-0.42300001 -5.4060001 2.6700001 6
-0.61400002 -5.4920001 2.6619999 6
-0.79500002 -5.5910001 2.668 6
-0.13500001 -5.323 2.687 0
-0.30199999 -5.4039998 2.664 7
-0.49000001 -5.5279999 2.6670001 6
-0.66799998 -5.632 2.6689999 6
-0.018999999 -5.29 2.671 3
-0.182 -5.4130001 2.6630001 7
-0.36500001 -5.5560002 2.6700001 6
-0.54000002 -5.6950002 2.681 5
0.086000003 -4.8340001 2.4430001 10
0 0 0 0
-0.23899999 -5.572 2.6670001 8
-0.41 -5.7399998 2.688 5
0.20999999 -5.3080001 2.6860001 11
0.052999999 -4.967 2.438 6
-0.081 -4.039 1.927 9
-0.27599999 -5.7659998 2.6849999 6
0.324 -5.2940001 2.6830001 11
0.177 -5.3769999 2.638 15
0.014 -5.5500002 2.641 15
-0.142 -5.8080001 2.6919999 2
0.44 -5.2940001 2.6889999 6
0.29899999 -5.4000001 2.6489999 20
0.13500001 -5.2389998 2.487 7
0 0 0 0
0.55599999 -5.2940001 2.6949999 10
0.417 -5.3779998 2.6400001 17
0.26800001 -5.5240002 2.618 13
0 0 0 0
0.66900003 -5.2740002 2.6930001 10
0.53799999 -5.3709998 2.6389999 17
0.396 -5.5440001 2.625 13
0.26899999 -5.8530002 2.6819999 8
0.77999997 -5.2399998 2.684 6
0.65700001 -5.3610001 2.6370001 16
0.53799999 -5.6849999 2.6900001 10
0.41 -5.895 2.6949999 8
0.89300001 -5.2259998 2.688 8
0.77600002 -5.3439999 2.6340001 14
0.667 -5.658 2.6760001 8
0.54900002 -5.8920002 2.688 7
1.006 -5.2090001 2.6900001 7
0.89499998 -5.3270001 2.632 14
0.80000001 -5.6700001 2.6830001 6
0.69199997 -5.9089999 2.6919999 7
1.122 -5.2069998 2.7019999 9
1.015 -5.3169999 2.635 14
0.93199998 -5.6659999 2.684 8
0.83999997 -5.9400001 2.7030001 6
1.234 -5.177 2.7 9
1.138 -5.3130002 2.642 13
1.066 -5.6589999 2.6849999 8
0.98400003 -5.9489999 2.7060001 4
1.339 -5.131 2.691 6
1.257 -5.2919998 2.642 13
1.202 -5.6589999 2.6900001 9
1.126 -5.9330001 2.701 6
1.446 -5.0869999 2.6830001 6
1.3890001 -5.3179998 2.6659999 11
1.34 -5.6669998 2.701 11
1.27 -5.921 2.698 6
1.554 -5.0539999 2.684 6
1.5190001 -5.3280001 2.684 7
1.465 -5.618 2.6860001 8
0 0 0 0
1.668 -5.0380001 2.6930001 8
1.642 -5.3099999 2.6889999 11
1.6 -5.6009998 2.687 8
0 0 0 0
1.772 -4.9889998 2.687 8
1.7690001 -5.3000002 2.7 9
1.733 -5.579 2.6889999 8
0 0 0 0
1.881 -4.9569998 2.6900001 8
1.89 -5.27 2.7019999 11
1.878 -5.5869999 2.7049999 11
0 0 0 0
1.987 -4.9169998 2.6900001 8
2.003 -5.217 2.6930001 11
2.003 -5.5359998 2.6960001 8
0 0 0 0
2.089 -4.8670001 2.687 8
2.1210001 -5.177 2.6930001 11
2.1340001 -5.4949999 2.691 7
0 0 0 0
2.1919999 -4.8200002 2.6849999 7
2.2309999 -5.118 2.684 8
2.26 -5.4450002 2.6849999 7
2.312 -5.823 2.7160001 4
2.2920001 -4.7680001 2.6830001 6
2.3529999 -5.086 2.6900001 11
2.3959999 -5.4130001 2.6889999 7
0 0 0 0
2.3970001 -4.723 2.684 7
2.467 -5.0349998 2.687 8
2.527 -5.3709998 2.6889999 6
0 0 0 0
2.5009999 -4.6789999 2.688 8
2.5899999 -5.0019999 2.6960001 10
2.6530001 -5.3150001 2.684 7
2.7550001 -5.7080002 2.7179999 5
2.5999999 -4.6230001 2.6849999 7
2.6900001 -4.9239998 2.681 8
2.7869999 -5.2750001 2.688 7
2.9030001 -5.665 2.72 5
2.6960001 -4.5630002 2.6819999 7
2.809 -4.8790002 2.6860001 7
2.9119999 -5.217 2.6849999 7
3.05 -5.6149998 2.72 6
2.7969999 -4.5120001 2.6849999 7
2.9159999 -4.8150001 2.6819999 8
3.0439999 -5.1680002 2.6889999 7
0 0 0 0
2.8970001 -4.4580002 2.687 7
3.027 -4.757 2.6819999 4
2.329 -3.7520001 1.974 3
0 0 0 0
0 0 0 0
0 0 0 0
3.2950001 -5.0450001 2.688 6
3.483 -5.4400001 2.72 5
0 0 0 0
0 0 0 0
3.415 -4.9710002 2.6819999 6
3.6259999 -5.375 2.721 6
0 0 0 0
3.352 -4.5640001 2.681 6
3.5469999 -4.9159999 2.6889999 6
3.767 -5.3039999 2.72 5
3.263 -4.191 2.6760001 7
3.4549999 -4.4910002 2.678 6
3.664 -4.8379998 2.6860001 7
3.892 -5.21 2.7090001 6
3.368 -4.1399999 2.687 7
3.563 -4.4229999 2.6800001 6
3.767 -4.7399998 2.6719999 6
4.0419998 -5.1469998 2.717 4
3.4489999 -4.0599999 2.6789999 5
3.6589999 -4.342 2.675 8
3.895 -4.6739998 2.6789999 5
4.1859999 -5.0739999 2.7219999 3
3.546 -3.9990001 2.6849999 5
3.7650001 -4.27 2.6760001 6
4.0159998 -4.599 2.681 5
4.3150001 -4.9809999 2.7179999 3
3.6489999 -3.9430001 2.697 1
3.868 -4.1950002 2.677 7
4.1129999 -4.4949999 2.668 6
4.4510002 -4.8959999 2.72 3
3.7260001 -3.858 2.6889999 1
3.9579999 -4.105 2.671 6
4.2550001 -4.4380002 2.6849999 5
4.5710001 -4.79 2.7130001 4
0.84899998 -0.84200001 0.59899998 1
4.0539999 -4.0219998 2.6700001 5
4.3590002 -4.3400002 2.681 6
4.6989999 -4.6929998 2.7119999 5
0.86500001 -0.82300001 0.597 1
4.1810002 -3.9679999 2.691 2
4.4549999 -4.2340002 2.671 5
4.8449998 -4.6100001 2.723 3
0.90499997 -0.824 0.611 0
4.2420001 -3.848 2.668 1
4.5760002 -4.151 2.6789999 5
4.9460001 -4.4840002 2.71 3
0.93699998 -0.81800002 0.62 2
4.3579998 -3.7809999 2.6819999 2
4.7030001 -4.0700002 2.6889999 4
5.0599999 -4.3699999 2.7049999 4
4.0890002 -3.4189999 2.654 3
0.99699998 -0.82599998 0.60100001 1
4.8340001 -3.9909999 2.704 3
5.1890001 -4.2659998 2.7090001 3
4.1750002 -3.3429999 2.6589999 24
1.025 -0.81199998 0.60600001 2
4.8670001 -3.8310001 2.6659999 1
5.3189998 -4.1620002 2.7160001 4
4.2509999 -3.256 2.658 24
1.0420001 -0.78799999 0.60399997 3
4.9920001 -3.7449999 2.6789999 3
5.3369999 -3.9719999 2.668 4
1.12 -0.82099998 0.68800002 2
1.099 -0.79299998 0.625 3
1.125 -0.80400002 0.59200001 1
0 0 0 0
1.114 -0.77999997 0.67299998 3
4.7600002 -3.2780001 2.661 24
1.17 -0.79500002 0.60399997 1
5.2680001 -3.539 2.53 4
4.4780002 -2.9979999 2.6619999 24
4.8390002 -3.175 2.6589999 25
1.209 -0.78100002 0.61299998 2
5.289 -3.3699999 2.493 1
4.5549998 -2.911 2.665 24
4.915 -3.0699999 2.6570001 25
1.252 -0.76700002 0.62400001 1
5.8590002 -3.536 2.7119999 1
4.619 -2.8139999 2.661 24
4.9970002 -2.967 2.6589999 25
5.1669998 -3.006 2.5350001 37
1.341 -0.76599997 0.61000001 1
1.45 -0.84200001 0.82300001 11
5.079 -2.865 2.6619999 25
5.1630001 -2.8440001 2.493 39
1.386 -0.74699998 0.62099999 2
1.48 -0.81699997 0.82800001 15
5.1420002 -2.7509999 2.6559999 21
5.223 -2.721 2.4860001 24
5.8559999 -2.9790001 2.5840001 49
1.5 -0.787 0.82800001 11
1.607 -0.81400001 0.81900001 10
5.645 -2.7750001 2.648 27
5.8169999 -2.7850001 2.53 50
1.492 -0.74199998 0.81300002 2
1.643 -0.787 0.82599998 14
5.7360001 -2.655 2.655 28
5.7800002 -2.598 2.48 59
1.524 -0.71799999 0.82099998 10
1.671 -0.75400001 0.829 8
1.796 -0.78100002 0.82099998 13
5.7579999 -2.421 2.438 61
1.549 -0.68900001 0.824 17
1.654 -0.70300001 0.81099999 2
1.822 -0.74199998 0.82200003 14
1.965 -0.76999998 0.82200003 3
1.5650001 -0.65700001 0.82300001 17
1.699 -0.67699999 0.824 18
1.824 -0.69300002 0.81400001 3
2.0090001 -0.73199999 0.83099997 16
1.579 -0.62300003 0.82099998 17
1.716 -0.63999999 0.82300001 18
1.859 -0.65700001 0.81999999 16
2.006 -0.67699999 0.81999999 3
1.597 -0.59100002 0.82099998 19
1.733 -0.602 0.82300001 20
1.88 -0.616 0.82200003 17
2.049 -0.63700002 0.82999998 17
1.655 -0.57200003 0.84299999 12
1.753 -0.565 0.824 18
1.897 -0.57300001 0.82099998 19
2.0650001 -0.58700001 0.829 18
4.9549999 -1.596 2.4990001 90
1.83 -0.54500002 0.852 12
1.925 -0.53200001 0.82599998 14
2.079 -0.53799999 0.82700002 17
4.9559999 -1.479 2.477 95
5.6370001 -1.543 2.602 95
5.6339998 -1.418 2.3970001 79
2.1530001 -0.50099999 0.84899998 14
4.954 -1.363 2.454 84
5.6279998 -1.405 2.5769999 103
5.619 -1.275 2.372 97
5.592 -1.161 2.191 101
4.9759998 -1.2539999 2.444 63
5.6110001 -1.266 2.549 103
5.5949998 -1.133 2.345 96
5.573 -1.017 2.1689999 99
5.217 -1.196 2.5420001 34
5.592 -1.132 2.523 99
5.5830002 -0.99599999 2.325 97
5.5570002 -0.87699997 2.151 97
5.4180002 -1.12 2.6199999 38
5.579 -0.99900001 2.5 99
5.5619998 -0.85799998 2.302 93
5.5359998 -0.73699999 2.131 97
5.4590001 -1.006 2.622 38
5.5560002 -0.866 2.474 98
5.5380001 -0.72299999 2.28 94
5.5240002 -0.60000002 2.1159999 98
5.4829998 -0.88800001 2.6159999 27
5.5359998 -0.736 2.451 98
5.526 -0.58999997 2.2639999 94
5.4949999 -0.463 2.0969999 95
5.507 -0.76999998 2.6110001 74
5.5240002 -0.60699999 2.4319999 97
5.5050001 -0.45699999 2.2460001 92
5.4710002 -0.32800001 2.0799999 97
5.5139999 -0.648 2.598 81
5.4920001 -0.479 2.4070001 91
5.4749999 -0.32499999 2.2249999 91
5.447 -0.19499999 2.066 91
5.1339998 -0.491 2.4059999 32
5.4759998 -0.35299999 2.3889999 95
5.461 -0.197 2.2119999 90
5.25 -0.061999999 1.987 5
5.1599998 -0.38100001 2.4059999 32
5.4619999 -0.229 2.375 94
5.428 -0.068999998 2.194 89
5.3800001 0.064999998 2.0339999 88
5.1880002 -0.27000001 2.4089999 21
5.4359999 -0.106 2.3559999 94
5.3860002 0.056000002 2.1730001 87
5.3720002 0.19499999 2.029 96
5.2259998 -0.15800001 2.4159999 41
5.3769999 0.017000001 2.3239999 68
5.369 0.182 2.1630001 89
5.3449998 0.32300001 2.0179999 93
5.217 -0.043000001 2.402 31
5.3800001 0.138 2.3199999 91
5.3590002 0.30700001 2.1570001 88
5.3330002 0.45199999 2.0139999 92
5.244 0.071000002 2.4059999 44
5.3600001 0.25999999 2.3069999 91
5.3340001 0.43200001 2.1459999 86
5.316 0.579 2.0109999 92
5.2470002 0.186 2.401 43
5.3400002 0.38 2.2950001 92
5.322 0.55599999 2.142 85
5.302 0.70700002 2.0090001 92
5.2459998 0.30000001 2.395 45
5.329 0.5 2.289 92
5.2989998 0.67900002 2.135 87
5.2649999 0.82999998 2 95
5.263 0.417 2.398 46
5.3070002 0.62099999 2.279 91
5.2779999 0.80199999 2.1289999 86
5.2610002 0.95999998 2.0050001 94
5.2550001 0.53200001 2.391 53
5.2880001 0.74000001 2.2709999 91
5.263 0.926 2.128 87
5.2449999 1.087 2.007 95
5.2470002 0.64899999 2.385 55
5.2750001 0.86000001 2.267 91
5.2490001 1.051 2.128 86
5.2199998 1.2130001 2.006 92
5.243 0.76599997 2.381 60
5.2529998 0.97899997 2.2609999 91
5.2210002 1.173 2.1229999 86
5.2059999 1.342 2.0109999 93
5.2360001 0.88300002 2.378 65
5.2319999 1.099 2.256 91
5.2080002 1.298 2.1270001 88
5.1890001 1.471 2.016 95
5.2179999 0.99800003 2.3699999 64
5.2210002 1.221 2.257 91
5.1900001 1.4220001 2.1289999 88
5.1680002 1.599 2.0209999 97
5.2080002 1.117 2.3659999 69
5.1999998 1.341 2.2539999 91
5.1680002 1.548 2.1300001 90
5.1430001 1.728 2.0250001 94
5.1900001 1.234 2.362 70
5.1760001 1.462 2.2509999 92
5.1500001 1.674 2.135 88
5.1240001 1.858 2.033 96
5.1620002 1.348 2.3529999 68
5.1680002 1.587 2.257 92
5.1339998 1.803 2.141 89
5.1030002 1.989 2.0420001 95
5.1479998 1.4680001 2.3510001 66
5.1469998 1.71 2.2579999 92
5.1100001 1.928 2.1470001 89
3.6500001 1.524 1.474 7
5.1339998 1.587 2.3510001 58
5.1279998 1.834 2.2609999 91
5.1009998 2.063 2.1600001 81
3.6289999 1.617 1.4809999 7
5.1059999 1.705 2.346 58
5.1110001 1.96 2.266 93
5.0840001 2.1949999 2.1700001 80
3.6140001 1.714 1.49 6
5.0809999 1.822 2.3429999 53
5.0960002 2.0899999 2.2739999 94
5.0539999 2.3239999 2.177 89
3.6110001 1.821 1.506 5
5.0500002 1.941 2.339 47
5.072 2.217 2.279 95
5.039 2.461 2.1919999 94
3.595 1.921 1.518 5
5.0139999 2.0569999 2.3329999 45
5.0539999 2.348 2.2880001 98
5.0110002 2.5940001 2.2019999 95
3.5550001 2.0090001 1.52 1
4.9780002 2.174 2.329 36
5.0359998 2.48 2.299 100
4.9959998 2.7360001 2.22 96
4.9780002 2.9719999 2.1589999 14
4.9489999 2.2939999 2.329 40
5.0079999 2.609 2.3069999 98
4.9749999 2.875 2.237 97
4.9489999 3.1129999 2.178 91
4.895 2.402 2.319 39
4.9829998 2.743 2.3169999 83
4.9749999 3.0320001 2.2650001 2
4.9190001 3.26 2.198 98
4.8569999 2.5209999 2.3169999 38
4.888 2.8380001 2.296 7
4.9380002 3.1689999 2.279 77
4.9070001 3.4230001 2.2279999 96
4.8119998 2.6370001 2.3139999 36
0 0 0 0
4.908 3.3150001 2.296 86
4.881 3.579 2.2550001 27
4.7600002 2.7509999 2.3080001 33
0 0 0 0
4.8410001 3.4360001 2.299 39
4.8600001 3.7420001 2.286 28
4.7129998 2.8670001 2.306 35
4.724 3.197 2.2969999 36
4.744 3.536 2.289 36
4.7680001 3.855 2.2850001 28
4.6609998 2.9820001 2.303 34
4.6560001 3.3080001 2.2939999 35
4.658 3.6440001 2.2839999 37
4.6919999 3.9779999 2.2939999 28
4.6030002 3.0929999 2.299 35
4.579 3.4130001 2.2880001 36
4.5650001 3.743 2.279 35
4.5939999 4.0830002 2.293 37
4.5450001 3.2049999 2.296 35
4.4959998 3.5139999 2.28 37
4.4660001 3.839 2.2709999 33
4.4860001 4.1789999 2.2880001 28
4.48 3.316 2.2909999 33
4.4159999 3.6199999 2.2750001 37
4.415 3.9779999 2.2880001 37
4.3720002 4.2719998 2.2809999 39
4.408 3.421 2.283 34
4.3379998 3.7260001 2.2720001 35
4.2789998 4.0409999 2.2639999 37
4.197 4.2969999 2.243 28
4.335 3.527 2.276 32
4.2519999 3.825 2.266 35
4.1659999 4.1199999 2.2520001 37
0.83499998 0.89700001 0.458 18
4.2639999 3.6329999 2.2709999 24
4.164 3.9230001 2.26 39
4.0689998 4.2150002 2.2490001 37
0.787 0.88499999 0.44299999 10
4.1900001 3.7360001 2.267 33
4.0770001 4.0209999 2.257 37
0.82599998 0.89600003 0.46700001 26
0.741 0.87400001 0.42899999 10
4.1100001 3.8399999 2.2609999 32
3.98 4.1090002 2.2490001 37
0.77999997 0.88599998 0.45199999 10
0.70700002 0.87400001 0.421 10
4.0279999 3.9389999 2.2539999 36
0.82499999 0.89200002 0.47600001 23
0.73799998 0.87900001 0.43900001 10
0.67299998 0.87300003 0.41299999 14
3.941 4.0359998 2.247 34
0.77600002 0.87900001 0.458 10
0.70300001 0.87800002 0.43000001 9
0.63999999 0.87199998 0.405 14
0.82999998 0.88999999 0.48199999 21
0.727 0.86299998 0.44 12
0.667 0.87300003 0.41999999 13
0.61299998 0.87599999 0.40099999 15
0.78399998 0.88 0.465 9
0.69999999 0.87099999 0.43399999 9
0.63499999 0.87400001 0.412 13
0.57999998 0.87199998 0.39300001 15
0.741 0.87199998 0.449 9
0.66600001 0.86900002 0.42399999 12
0.60299999 0.87099999 0.40400001 13
0.55199999 0.87400001 0.38800001 15
0.70499998 0.86900002 0.43799999 10
0.63499999 0.86799997 0.41600001 12
0.574 0.87099999 0.398 13
0.52600002 0.87599999 0.384 15
0.67299998 0.87099999 0.42899999 13
0.60399997 0.86900002 0.40799999 12
0.54900002 0.87599999 0.39399999 12
0.28 0.491 0.213 9
0.63999999 0.86900002 0.41800001 13
0.57800001 0.87199998 0.403 12
0.52200001 0.87699997 0.38800001 15
0.26199999 0.48500001 0.208 9
0.61000001 0.86900002 0.41 14
0.54900002 0.87199998 0.39500001 12
0.27900001 0.49399999 0.21600001 7
0 0 0 0
0.579 0.86699998 0.40099999 18
0.52100003 0.87199998 0.38800001 13
0.26199999 0.491 0.211 7
0.23 0.479 0.20100001 9
0.55299997 0.87300003 0.39500001 14
0.27900001 0.493 0.21600001 8
0 0 0 0
0 0 0 0
0.52200001 0.866 0.38499999 25
0.26100001 0.48699999 0.20999999 7
0.228 0.47999999 0.20100001 7
0.20100001 0.472 0.19400001 8
0.28 0.491 0.214 9
0 0 0 0
0 0 0 0
0 0 0 0
0.26100001 0.48300001 0.207 9
0.229 0.47999999 0.20100001 7
0.20100001 0.479 0.197 7
0.176 0.47400001 0.192 8
0 0 0 0
0 0 0 0
0 0 0 0
0 0 0 0
0.227 0.47299999 0.19599999 8
0.20200001 0.47999999 0.19599999 7
0.176 0.479 0.193 6
0.15000001 0.46900001 0.18700001 7
0 0 0 0
0 0 0 0
0 0 0 0
0 0 0 0
0.198 0.46700001 0.18799999 9
0.17399999 0.47099999 0.18799999 6
0.148 0.46900001 0.186 6
0.125 0.463 0.183 7
0 0 0 0
0 0 0 0
0 0 0 0
0 0 0 0
0.171 0.46200001 0.18099999 8
0.149 0.47 0.184 6
0.124 0.465 0.182 6
0.102 0.45899999 0.17900001 7
0 0 0 0
0 0 0 0
0 0 0 0
0 0 0 0
0.145 0.45699999 0.175 7
0.126 0.47400001 0.182 6
0.101 0.46399999 0.17900001 6
0.081 0.46000001 0.17900001 7
0 0 0 0
0 0 0 0
0 0 0 0
0 0 0 0
0.121 0.454 0.169 7
0.1 0.463 0.175 6
0.078000002 0.458 0.175 5
0.057999998 0.44999999 0.17399999 7
0 0 0 0
0 0 0 0
0 0 0 0
0 0 0 0
0.097000003 0.44800001 0.164 6
0.078000002 0.461 0.17200001 6
0.056000002 0.456 0.17299999 5
0.037 0.44800001 0.17299999 7
0 0 0 0
0 0 0 0
0 0 0 0
0 0 0 0
0.075000003 0.45100001 0.162 6
0.056000002 0.46200001 0.17 5
0.035 0.456 0.17200001 5
0.017000001 0.44100001 0.17 6
0 0 0 0
0 0 0 0
0 0 0 0
0 0 0 0
0.052999999 0.44800001 0.15899999 6
0 0 0 0
0.014 0.45199999 0.17 5
-0.0020000001 0.44100001 0.17 6
0 0 0 0
0 0 0 0
0 0 0 0
0 0 0 0
0.032000002 0.45100001 0.15800001 6
0.013 0.46000001 0.167 5
-0.0060000001 0.44999999 0.169 5
-0.022 0.433 0.168 6
0 0 0 0
0 0 0 0
0 0 0 0
0 0 0 0
0.0099999998 0.454 0.15700001 6
-0.0080000004 0.45300001 0.163 5
-0.026000001 0.44100001 0.16599999 5
-0.041000001 0.43200001 0.168 6
0 0 0 0
0 0 0 0
0 0 0 0
0 0 0 0
-0.011 0.449 0.154 6
-0.028999999 0.449 0.162 5
-0.046 0.43900001 0.16599999 5
-0.059999999 0.43099999 0.169 6
0 0 0 0
0 0 0 0
0 0 0 0
0 0 0 0
-0.032000002 0.44800001 0.153 6
-0.050000001 0.44999999 0.162 5
-0.066 0.43599999 0.16500001 5
-0.079000004 0.42699999 0.169 6
0 0 0 0
0 0 0 0
0 0 0 0
0 0 0 0
-0.052999999 0.44499999 0.152 6
-0.071000002 0.44800001 0.162 5
-0.085000001 0.433 0.16500001 5
0 0 0 0
0 0 0 0
0 0 0 0
-1.197 5.3909998 2.0710001 3
0 0 0 0
-0.075000003 0.44299999 0.15099999 6
-0.090999998 0.43900001 0.15899999 4
0 0 0 0
-0.28200001 1.008 0.41 6
0 0 0 0
0 0 0 0
0 0 0 0
-0.30500001 1.002 0.41100001 6
0 0 0 0
0 0 0 0
0 0 0 0
-0.32499999 0.991 0.40900001 8
0 0 0 0
0 0 0 0
-0.32300001 1.011 0.39700001 1
-0.34799999 0.986 0.41100001 6
-0.31999999 1.181 0.40599999 4
0 0 0 0
0 0 0 0
-0.373 0.986 0.41499999 8
-0.34900001 1.177 0.40599999 4
-0.33500001 1.006 0.37400001 0
-0.384 1.039 0.414 4
-0.396 0.98199999 0.417 9
-0.50999999 1.58 0.54699999 1
0 0 0 0
-0.41 1.036 0.417 5
-0.41999999 0.97799999 0.419 9
0 0 0 0
-0.41999999 1.091 0.41100001 6
-0.43000001 1.018 0.41299999 3
0 0 0 0
-0.43599999 1.155 0.40400001 4
0 0 0 0
0 0 0 0
0 0 0 0
0 0 0 0
0 0 0 0
-1.851 3.8859999 1.61 2
-1.924 3.7739999 1.674 42
0 0 0 0
-2.194 4.684 1.809 4
-1.938 3.842 1.609 55
-2.0280001 3.7720001 1.694 46
-2.1800001 4.7140002 1.687 4
-1.947 3.9170001 1.527 13
-2.0439999 3.8329999 1.623 20
-2.628 4.6399999 2.1110001 4
-1.956 3.974 1.4349999 42
-2.0420001 3.8800001 1.529 41
-2.5999999 4.6220002 1.9809999 5
-2.7390001 4.5999999 2.1199999 30
-2.431 4.651 1.6950001 3
-2.5769999 4.6279998 1.844 5
-2.7320001 4.6129999 2.003 18
-2.7909999 4.461 2.085 103
-2.569 4.6399999 1.709 5
-2.721 4.631 1.867 12
-2.7739999 4.4510002 1.9579999 100
-2.9130001 4.4390001 2.105 118
-2.7119999 4.6290002 1.724 6
-2.7609999 4.4580002 1.8200001 109
-2.905 4.4349999 1.979 98
-3.0469999 4.4299998 2.1340001 98
-2.757 4.4569998 1.679 95
-2.892 4.434 1.835 102
-3.0599999 4.4499998 2.0150001 150
-3.1789999 4.4120002 2.158 41
-2.8940001 4.4349999 1.693 97
-3.05 4.447 1.8660001 150
-3.312 4.5929999 2.112 98
-3.2720001 4.3400002 2.1589999 40
-3.0409999 4.421 1.711 95
-3.3099999 4.5929999 1.957 97
-3.4519999 4.5650001 2.1340001 97
-3.3570001 4.256 2.154 42
-3.323 4.5900002 1.803 108
-3.411 4.507 1.951 63
-3.566 4.5029998 2.141 43
-3.4449999 4.177 2.152 40
-3.425 4.4980001 1.795 33
-3.503 4.4109998 1.942 42
-3.6670001 4.4239998 2.141 37
-3.54 4.1079998 2.1559999 39
-3.5079999 4.3839998 1.779 44
-3.562 4.276 1.916 61
-3.615 4.165 2.0539999 45
-3.6489999 4.0539999 2.1689999 14
-3.5669999 4.2410002 1.751 57
-3.5339999 4.0479999 1.848 62
0 0 0 0
0 0 0 0
-3.546 4.0159998 1.6900001 18
0 0 0 0
0 0 0 0
0 0 0 0
0 0 0 0
0 0 0 0
0 0 0 0
0 0 0 0
0 0 0 0
0 0 0 0
0 0 0 0
0 0 0 0
0 0 0 0
0 0 0 0
0 0 0 0
0 0 0 0
0 0 0 0
0 0 0 0
0 0 0 0
0 0 0 0
0 0 0 0
0 0 0 0
0 0 0 0
0 0 0 0
0 0 0 0
0 0 0 0
0 0 0 0
0 0 0 0
0 0 0 0
0 0 0 0
-3.3900001 2.6010001 1.584 10
-3.4000001 2.549 1.691 10
0 0 0 0
-3.3789999 2.533 1.438 9
-3.3770001 2.4719999 1.551 10
-3.368 2.414 1.649 10
-3.3629999 2.45 1.293 10
-3.345 2.388 1.398 9
-3.359 2.346 1.517 9
-3.4059999 2.332 1.642 11
-3.392 2.348 1.281 9
-3.4030001 2.3110001 1.397 10
-3.398 2.263 1.511 10
-3.3900001 2.2149999 1.61 10
-3.3940001 2.23 1.2589999 10
-3.378 2.181 1.365 10
-3.378 2.142 1.479 10
-3.3770001 2.1040001 1.581 10
-3.362 2.0940001 1.226 10
-3.3610001 2.0610001 1.337 10
-3.3559999 2.0239999 1.449 10
-3.3599999 1.995 1.553 10
-3.3559999 1.98 1.205 10
-3.3499999 1.949 1.314 10
-3.339 1.913 1.421 10
-3.346 1.89 1.526 10
-3.336 1.86 1.1799999 10
-3.3310001 1.835 1.288 9
-3.332 1.811 1.4 9
-3.3329999 1.789 1.501 10
-3.322 1.749 1.159 9
-3.313 1.727 1.2640001 9
-3.3099999 1.705 1.373 9
-3.306 1.684 1.472 10
-3.296 1.635 1.135 9
-3.2920001 1.62 1.2410001 9
-3.293 1.604 1.35 9
-3.2969999 1.592 1.451 10
-3.276 1.528 1.115 9
-3.2739999 1.518 1.219 12
-3.276 1.507 1.3279999 9
-3.283 1.498 1.429 9
-3.2539999 1.423 1.094 9
-3.2609999 1.42 1.201 11
-3.2620001 1.413 1.309 9
-3.266 1.4069999 1.408 9
-3.2360001 1.324 1.077 9
-3.2260001 1.317 1.175 11
-3.2379999 1.317 1.286 11
-3.234 1.311 1.38 9
-6.5209999 2.4849999 2.148 32
-5.9949999 2.286 2.1630001 42
-5.5560002 2.118 2.1849999 40
-5.1539998 1.9630001 2.1789999 42
-6.5819998 2.3280001 2.1470001 32
-6.0580001 2.1500001 2.165 40
-5.6170001 1.998 2.1889999 39
-5.1999998 1.854 2.1789999 47
-6.6589999 2.1760001 2.154 33
-6.1199999 2.0139999 2.1689999 41
-5.6700001 1.877 2.1919999 36
-5.2420001 1.743 2.178 48
-6.7140002 2.017 2.155 33
-1.8559999 0.56300002 0.65200001 14
-5.7129998 1.751 2.1900001 34
-5.2839999 1.632 2.1789999 48
-6.7639999 1.857 2.1559999 33
-1.853 0.51599997 0.64700001 11
-1.86 0.52499998 0.708 11
-5.3319998 1.522 2.181 48
-6.7839999 1.689 2.1489999 34
-1.886 0.47799999 0.65399998 24
-1.873 0.484 0.708 38
-5.381 1.4119999 2.1860001 47
-6.7519999 1.508 2.1259999 31
-6.323 1.448 2.178 38
-1.903 0.44600001 0.71399999 34
-5.4359999 1.301 2.1930001 36
-6.1350002 1.217 1.9220001 43
-6.375 1.306 2.184 42
-1.946 0.41100001 0.72600001 26
-1.9400001 0.41999999 0.778 11
-6.1209998 1.061 1.909 47
-6.415 1.16 2.187 31
-1.978 0.37200001 0.73400003 5
-1.967 0.382 0.78399998 41
-6.099 0.90799999 1.895 50
-5.2740002 0.82800001 1.79 14
-4.9970002 0.82499999 1.845 2
-1.984 0.34200001 0.787 49
-3.8510001 0.479 1.193 43
-3.888 0.51899999 1.3150001 4
-4.9320002 0.70200002 1.813 17
-2.016 0.303 0.79500002 38
-3.8640001 0.38800001 1.194 34
-3.8199999 0.41999999 1.2869999 22
-5.401 0.64700001 1.978 18
-2.0580001 0.264 0.80800003 5
-6.5580001 0.5 2.023 28
-6.5450001 0.56699997 2.2 31
-6.0689998 0.58999997 2.2149999 39
-5.6469998 0.602 2.2090001 45
-2.006 0.104 0.61799997 39
-2.007 0.127 0.67299998 2
-6.098 0.45500001 2.2179999 39
-2.204 0.18700001 0.85799998 0
-1.939 0.054000001 0.597 49
-1.961 0.078000002 0.65600002 41
-1.988 0.103 0.72100002 50
-2.072 0.131 0.80400002 7
-1.9 0.0080000004 0.58499998 60
-1.909 0.032000002 0.63800001 59
-1.938 0.057999998 0.70099998 54
-1.966 0.082000002 0.76099998 63
-1.888 -0.035999998 0.58200002 73
-1.8940001 -0.0099999998 0.63300002 71
-1.899 0.014 0.68599999 63
-1.927 0.039000001 0.74400002 56
-1.8839999 -0.081 0.58099997 67
-1.888 -0.054000001 0.63099998 71
-1.887 -0.027000001 0.68099999 71
-1.905 -0.0020000001 0.73400003 61
-1.8890001 -0.126 0.58399999 64
-1.885 -0.097999997 0.63 58
-1.886 -0.068999998 0.68000001 69
-1.88 -0.041999999 0.72299999 73
-1.8049999 -0.164 0.55900002 71
-1.914 -0.14300001 0.63999999 64
-1.8940001 -0.111 0.68300003 62
-1.883 -0.082999997 0.722 78
-1.7589999 -0.20200001 0.54699999 39
-1.821 -0.17900001 0.61000001 127
-1.934 -0.15700001 0.69700003 54
-1.915 -0.126 0.73400003 58
-1.796 -0.25 0.56099999 2
-1.789 -0.21699999 0.60100001 25
-1.874 -0.19400001 0.676 123
-1.956 -0.171 0.74900001 59
-6.559 -1.073 2.0569999 1
-6.5349998 -0.94800001 2.201 16
-1.812 -0.228 0.65399998 32
-1.921 -0.20999999 0.736 114
-6.5479999 -1.229 2.0639999 1
-6.5450001 -1.103 2.2119999 2
-6.2220001 -0.92699999 2.2509999 27
-1.826 -0.23899999 0.69999999 36
-6.5349998 -1.388 2.072 1
-6.5359998 -1.257 2.2179999 1
-6.2049999 -1.066 2.2490001 27
-5.8540001 -0.89700001 2.2449999 35
-6.5079999 -1.544 2.076 1
-6.5019999 -1.4069999 2.2160001 2
-6.2160001 -1.211 2.26 28
-5.848 -1.027 2.2449999 27
-6.375 -1.6720001 2.0480001 0
-6.4879999 -1.562 2.221 1
-6.197 -1.352 2.2590001 37
-5.8509998 -1.159 2.2490001 27
-6.3340001 -1.823 2.05 1
-6.3639998 -1.687 2.191 1
-6.1950002 -1.497 2.266 29
-5.8540001 -1.2920001 2.2550001 27
-6.3319998 -1.987 2.0669999 0
-6.3460002 -1.839 2.198 1
-6.1859999 -1.642 2.2720001 28
-5.8429999 -1.423 2.256 27
-6.3330002 -2.1500001 2.086 1
-6.3249998 -1.9910001 2.2060001 1
-6.1620002 -1.7819999 2.273 29
-5.8439999 -1.558 2.2620001 27
-6.3060002 -2.3080001 2.0969999 0
-6.3010001 -2.1429999 2.2130001 1
-6.1440001 -1.927 2.2780001 29
-5.8379998 -1.692 2.267 28
-6.2639999 -2.4619999 2.1029999 0
-6.2909999 -2.3010001 2.227 0
-6.1170001 -2.0699999 2.2809999 28
-5.8249998 -1.827 2.27 27
0 0 0 0
-6.2750001 -2.461 2.2390001 0
-6.0840001 -2.21 2.2820001 29
-5.8070002 -1.961 2.273 27
0 0 0 0
-6.217 -2.6040001 2.2390001 1
-6.0500002 -2.3529999 2.2839999 28
-5.7880001 -2.0969999 2.2750001 28
-2.342 -1.1160001 0.81400001 3
-6.2210002 -2.776 2.2620001 1
-6.0209999 -2.4979999 2.29 27
-5.7620001 -2.23 2.276 27
-2.2219999 -1.124 0.78200001 15
-6.1799998 -2.928 2.27 2
-5.98 -2.6389999 2.2909999 28
-5.7379999 -2.3640001 2.28 27
-2.1900001 -1.173 0.78100002 17
-2.1849999 -1.096 0.81099999 6
-5.941 -2.7809999 2.296 28
-5.7059999 -2.4990001 2.2809999 28
-2.0699999 -1.171 0.75 6
-2.0899999 -1.11 0.78500003 17
-5.8990002 -2.9230001 2.299 27
-5.6760001 -2.635 2.2839999 27
-2.0580001 -1.229 0.75599998 4
-2.049 -1.149 0.77899998 17
-2.0610001 -1.08 0.81099999 8
-5.6500001 -2.7750001 2.289 28
-2.0969999 -1.319 0.78299999 14
-2.0280001 -1.199 0.78100002 17
-1.9680001 -1.0880001 0.78200001 16
-5.6160002 -2.9130001 2.293 25
0 0 0 0
-1.998 -1.243 0.77999997 4
-1.943 -1.131 0.77999997 16
-1.959 -1.071 0.80599999 11
0 0 0 0
-1.9859999 -1.3 0.78600001 16
-1.924 -1.179 0.78100002 15
-1.8839999 -1.085 0.78200001 16
-3.97 -2.9030001 1.561 82
0 0 0 0
-1.908 -1.228 0.78399998 5
-1.86 -1.126 0.77999997 16
-3.9419999 -3.0250001 1.58 75
-3.9779999 -2.8710001 1.624 73
-1.887 -1.275 0.78600001 15
-1.844 -1.1720001 0.77999997 17
-1.421 -1.1440001 0.58099997 2
-3.9579999 -2.9960001 1.643 75
-1.86 -1.319 0.78500003 2
-1.818 -1.212 0.778 3
-3.921 -3.309 1.636 5
-3.9349999 -3.122 1.661 76
-3.9719999 -2.9519999 1.7 73
-1.817 -1.271 0.78600001 17
-3.9059999 -3.454 1.666 8
-1.358 -1.1289999 0.58399999 2
-3.947 -3.073 1.714 75
-1.7869999 -1.309 0.78200001 3
-3.8859999 -3.599 1.6950001 14
-3.927 -3.418 1.721 2
-3.9300001 -3.2049999 1.733 76
-3.95 -3.0309999 1.752 81
-5.737 -5.566 2.5610001 4
-3.9089999 -3.562 1.747 8
-1.311 -1.119 0.588 1
-3.9300001 -3.155 1.766 79
-5.598 -5.6869998 2.5610001 5
-5.5830002 -5.3249998 2.5480001 3
-1.274 -1.138 0.58099997 1
-3.9089999 -3.283 1.7819999 77
-5.473 -5.8210001 2.5680001 5
-5.4879999 -5.48 2.5599999 2
-3.9119999 -3.6530001 1.817 1
-1.267 -1.113 0.58600003 2
-5.3449998 -5.9520001 2.576 3
-5.368 -5.6079998 2.562 5
-5.427 -5.303 2.569 2
-1.237 -1.137 0.58200002 1
-5.1939998 -6.0609999 2.5739999 3
-5.237 -5.7259998 2.559 4
-5.3099999 -5.4260001 2.5650001 3
-5.3940001 -5.1820002 2.579 1
-5.0739999 -6.2020001 2.5880001 3
-5.1240001 -5.8649998 2.5669999 5
-5.2059999 -5.5630002 2.5680001 4
-5.2810001 -5.3039999 2.5699999 3
-4.9330001 -6.3210001 2.5929999 3
-5 -5.9920001 2.5710001 4
-5.0960002 -5.6989999 2.569 4
-5.1820002 -5.441 2.569 5
-4.7930002 -6.4390001 2.6010001 4
-4.8870001 -6.1329999 2.582 3
-4.9920001 -5.8410001 2.576 3
-5.0840001 -5.5819998 2.5710001 3
-4.6589999 -6.566 2.612 6
-4.7800002 -6.2859998 2.5999999 3
-4.8850002 -5.9829998 2.5829999 3
-4.98 -5.7210002 2.5710001 3
-4.5349998 -6.71 2.632 1
-4.6339998 -6.3920002 2.5969999 6
-4.7880001 -6.1409998 2.598 2
-4.9050002 -5.895 2.5880001 2
-0.662 -1.029 0.398 1
-4.5209999 -6.5409999 2.6140001 1
-4.6719999 -6.2800002 2.6040001 4
-4.8010001 -6.04 2.592 2
-0.58499998 -0.95700002 0.366 0
-4.3800001 -6.6539998 2.6170001 5
-4.5359998 -6.3920002 2.5999999 6
-4.7020001 -6.197 2.6010001 3
-0.56300002 -0.97000003 0.366 0
0 0 0 0
-4.428 -6.5469999 2.615 2
-4.5879998 -6.3369999 2.6040001 6
-0.52600002 -0.95599997 0.35699999 7
-0.57099998 -0.95999998 0.366 0
0 0 0 0
-4.474 -6.4809999 2.6099999 2
-0.50300002 -0.96399999 0.35600001 8
-0.54900002 -0.97299999 0.366 1
-0.58399999 -0.954 0.368 0
-4.368 -6.6440001 2.622 5
-0.47499999 -0.963 0.352 7
-0.51499999 -0.963 0.35800001 8
-0.574 -0.98799998 0.375 0
0 0 0 0
-0.447 -0.96200001 0.34799999 3
-0.48899999 -0.96499997 0.354 6
-0.52999997 -0.96100003 0.359 7
-0.57200003 -0.963 0.366 0
-0.417 -0.95300001 0.34200001 2
-0.463 -0.96899998 0.35100001 3
-0.50199997 -0.96200001 0.354 7
-0.55000001 -0.97399998 0.36300001 1
-0.39199999 -0.95300001 0.33899999 0
-0.43099999 -0.95700002 0.34299999 2
-0.48199999 -0.97500002 0.35299999 4
-0.52100003 -0.97299999 0.35699999 8
-0.38600001 -1.002 0.354 0
-0.39700001 -0.93599999 0.33199999 0
-0.45100001 -0.96700001 0.34599999 2
-0.493 -0.97399998 0.35100001 3
-0.38 -1.057 0.37 0
-0.391 -0.98299998 0.345 0
-0.414 -0.94400001 0.333 1
-0.46200001 -0.96799999 0.34299999 2
-0.373 -1.1160001 0.389 0
-0.384 -1.034 0.36000001 0
-0.39399999 -0.958 0.33399999 0
-0.43399999 -0.96499997 0.33700001 2
0 0 0 0
-0.373 -1.079 0.37200001 0
-0.38800001 -1.007 0.347 0
-0.39399999 -0.93300003 0.32100001 0
0 0 0 0
0 0 0 0
-0.38299999 -1.063 0.36199999 0
-0.38999999 -0.98299998 0.33399999 0
0 0 0 0
-0.29300001 -0.991 0.336 0
0 0 0 0
-0.384 -1.036 0.347 0
-1.882 -7.9260001 2.7060001 4
0 0 0 0
-0.30599999 -0.991 0.33000001 0
-0.37200001 -1.081 0.35699999 0
-1.702 -7.961 2.7060001 4
0 0 0 0
0 0 0 0
0 0 0 0
-1.524 -7.9970002 2.7090001 3
-1.819 -8.1129999 2.697 4
0 0 0 0
0 0 0 0
-1.1109999 -6.6360002 2.2409999 2
-1.641 -8.177 2.7030001 2
-1.97 -8.335 2.7030001 3
0 0 0 0
-1.169 -8.0799999 2.723 3
-1.204 -6.7909999 2.2320001 2
-1.785 -8.4029999 2.7019999 3
0 0 0 0
-0.98799998 -8.0930004 2.721 3
-1.276 -8.2770004 2.7090001 3
-1.603 -8.4870005 2.7090001 3
-1.913 -8.6739998 2.707 3
-0.80800003 -8.1149998 2.724 6
-1.0930001 -8.323 2.7119999 5
-1.418 -8.5710001 2.7160001 3
-1.73 -8.8000002 2.72 4
-0.62800002 -8.1409998 2.73 4
-0.91000003 -8.382 2.721 4
-1.223 -8.618 2.7119999 4
-1.538 -8.8979998 2.724 4
-0.44999999 -8.1730003 2.7390001 4
-0.72299999 -8.4200001 2.724 3
-1.031 -8.6829996 2.7160001 4
-1.339 -8.9910002 2.727 3
-0.26699999 -8.1639996 2.7349999 4
-0.53299999 -8.4440002 2.724 4
-0.83600003 -8.7469997 2.72 4
-1.14 -9.1020002 2.737 5
-0.086999997 -8.1920004 2.7449999 4
-0.34299999 -8.4829998 2.73 3
-0.64200002 -8.8360004 2.734 4
-0.935 -9.1820002 2.7409999 4
0.092 -8.1750002 2.7420001 4
-0.154 -8.5080004 2.733 3
-0.44 -8.8690004 2.73 3
-0.727 -9.2609997 2.744 4
0.27000001 -8.052 2.7030001 1
0.035999998 -8.5310001 2.7360001 4
-0.23899999 -8.9560003 2.7460001 3
-0.51800001 -9.3809996 2.7609999 3
0.412 -7.4190001 2.4949999 2
0.229 -8.5790005 2.75 2
-0.035 -8.9779997 2.7420001 4
-0.30199999 -9.4449997 2.7620001 4
0.61699998 -7.954 2.6800001 6
0.421 -8.5799999 2.7490001 1
0.17 -9.0349998 2.7520001 4
-0.081 -9.5310001 2.7709999 3
0.81199998 -8.1359997 2.7479999 3
0.61000001 -8.5059996 2.724 3
0.38100001 -9.099 2.763 2
0.142 -9.573 2.7690001 5
0.99599999 -8.1569996 2.7620001 4
0.81300002 -8.6000004 2.7550001 3
0.537 -8.2919998 2.513 4
0.368 -9.6529999 2.779 4
1.175 -8.1370001 2.7650001 3
1.006 -8.5869999 2.7539999 3
0.79699999 -9.0550003 2.7390001 24
0.54000002 -8.7790003 2.517 1
1.35 -8.0839996 2.757 5
1.2029999 -8.6009998 2.763 3
1.015 -9.1370001 2.7609999 3
0.824 -9.7060003 2.773 4
1.53 -8.066 2.7620001 3
1.399 -8.5939999 2.766 3
1.227 -9.1339998 2.7590001 4
1.066 -9.8199997 2.7980001 2
1.7079999 -8.0439997 2.767 4
1.59 -8.5579996 2.7609999 4
1.444 -9.158 2.766 4
1.3 -9.8310003 2.7939999 3
1.882 -8 2.766 3
1.795 -8.5769997 2.7750001 3
1.661 -9.1639996 2.7690001 3
1.541 -9.8520002 2.7939999 4
2.0580001 -7.9650002 2.7690001 4
1.9859999 -8.5240002 2.767 3
1.89 -9.2069998 2.7850001 4
1.789 -9.901 2.8039999 4
2.234 -7.9239998 2.77 3
2.1819999 -8.5019999 2.77 3
2.102 -9.165 2.777 4
2.03 -9.9020004 2.803 4
2.405 -7.862 2.766 4
2.375 -8.4639997 2.77 3
2.322 -9.1499996 2.777 3
2.27 -9.8839998 2.7980001 5
2.5769999 -7.8140001 2.7679999 3
2.5699999 -8.4289999 2.7709999 4
2.5420001 -9.1300001 2.7780001 5
2.5239999 -9.908 2.8050001 4
2.7409999 -7.7410002 2.7620001 4
2.7579999 -8.3710003 2.7679999 3
2.756 -9.085 2.7739999 3
2.7709999 -9.9040003 2.8080001 4
2.9189999 -7.7080002 2.7720001 3
2.971 -8.3809996 2.7869999 3
2.9849999 -9.0839996 2.7850001 4
3.0250001 -9.8970003 2.8099999 3
3.0840001 -7.6389999 2.7690001 3
3.154 -8.2989998 2.777 3
3.2060001 -9.0489998 2.786 4
3.279 -9.8800001 2.812 5
3.2579999 -7.5830002 2.7720001 2
3.339 -8.2220001 2.77 3
2.7650001 -7.2589998 2.2449999 1
3.54 -9.8809996 2.8210001 4
0 0 0 0
0 0 0 0
0 0 0 0
2.852 -7.3979998 2.119 2
0 0 0 0
0 0 0 0
0 0 0 0
4.0539999 -9.8199997 2.826 7
3.7490001 -7.362 2.77 3
3.9159999 -8.0450001 2.777 3
4.105 -8.8780003 2.7980001 3
4.309 -9.7740002 2.8269999 5
3.905 -7.2779999 2.7690001 4
4.1069999 -7.9790001 2.78 3
4.3070002 -8.7770004 2.7869999 4
4.5450001 -9.6800003 2.816 4
4.0710001 -7.2090001 2.773 3
4.2800002 -7.8779998 2.7720001 5
4.5170002 -8.6890001 2.7809999 3
4.8340001 -9.6899996 2.8380001 3
4.237 -7.1339998 2.776 4
4.4629998 -7.7909999 2.77 4
4.7589998 -8.6560001 2.796 3
5.0799999 -9.6000004 2.8310001 3
4.4050002 -7.0609999 2.7820001 3
3.8080001 -6.3119998 2.2690001 2
4.9660001 -8.5570002 2.79 3
5.3369999 -9.526 2.832 3
3.7019999 -5.6589999 2.2579999 10
4.8449998 -7.6399999 2.779 3
5.1659999 -8.4469995 2.783 3
5.6079998 -9.474 2.842 4
3.875 -5.651 2.2850001 2
5.0279999 -7.5500002 2.7809999 3
5.4060001 -8.3929996 2.7950001 4
5.8200002 -9.3170004 2.822 4
4.8470001 -6.7509999 2.7690001 1
5.2160001 -7.4650002 2.7850001 3
5.612 -8.2849998 2.793 3
6.0669999 -9.2159996 2.8199999 4
5.0110002 -6.6719999 2.777 1
5.3800001 -7.342 2.777 3
5.816 -8.1709995 2.789 3
5.9749999 -8.6169996 2.6670001 6
5.1259999 -6.526 2.7579999 1
5.5510001 -7.23 2.7750001 3
5.8629999 -7.8470001 2.7149999 4
5.835 -8 2.507 2
5.2940001 -6.447 2.7690001 3
5.7399998 -7.1370001 2.7809999 4
5.8080001 -7.4060001 2.599 7
6.6529999 -8.6739998 2.7539999 9
5.4380002 -6.3390002 2.767 3
5.7210002 -6.796 2.691 3
6.4549999 -7.849 2.796 4
6.6009998 -8.1940002 2.6389999 8
5.5960002 -6.243 2.773 3
5.6620002 -6.4289999 2.589 10
6.48 -7.5139999 2.72 8
6.506 -7.6900001 2.5150001 5
5.6079998 -5.9920001 2.71 5
6.2490001 -6.7810001 2.78 1
6.4439998 -7.131 2.6259999 10
6.4559999 -7.2680001 2.4159999 11
5.5430002 -5.6719999 2.615 7
6.3439999 -6.5809999 2.7490001 9
6.3660002 -6.724 2.5209999 11
6.4039998 -6.8699999 2.323 11
5.5749998 -5.4629998 2.569 1
6.3140001 -6.2639999 2.668 9
6.3210001 -6.3709998 2.4349999 10
6.3429999 -6.4860001 2.234 11
6.2290001 -5.8460002 2.806 1
6.27 -5.9460001 2.585 1
6.2509999 -6.0120001 2.3440001 0
0 0 0 0
0.90100002 -0.81 0.39700001 1
6.2270002 -5.6459999 2.5079999 11
6.2379999 -5.7259998 2.2809999 12
0 0 0 0
0 0 0 0
6.1900001 -5.362 2.437 12
6.1939998 -5.4260001 2.211 13
6.2020001 -5.4850001 2.013 11
0 0 0 0
6.151 -5.0929999 2.3699999 11
6.1550002 -5.1430001 2.1459999 11
6.1609998 -5.1900001 1.95 12
6.1220002 -4.822 2.5380001 4
6.1040001 -4.8270001 2.3039999 9
6.1040001 -4.862 2.0799999 14
6.1069999 -4.8959999 1.886 11
6.0749998 -4.5770001 2.4719999 8
6.0840001 -4.592 2.25 5
6.0760002 -4.6129999 2.027 9
6.0900002 -4.6469998 1.839 9
1.1160001 -0.80400002 0.44600001 1
1.118 -0.80500001 0.405 1
1.1059999 -0.79900002 0.361 1
1.112 -0.80599999 0.32800001 1
6.0190001 -4.1389999 2.3629999 9
1.17 -0.80299997 0.41600001 1
6.0159998 -4.1389999 1.927 13
6.0089998 -4.1409998 1.738 10
5.9910002 -3.931 2.3110001 8
1.2 -0.78399998 0.419 0
6.0079999 -3.928 1.888 3
6.0009999 -3.9260001 1.701 2
5.9549999 -3.727 2.26 8
5.9580002 -3.7079999 2.0480001 5
5.9530001 -3.698 1.837 9
5.9439998 -3.6849999 1.652 9
5.9349999 -3.539 2.217 7
5.927 -3.5050001 2.003 7
5.9289999 -3.494 1.798 4
5.9229999 -3.4779999 1.617 10
5.9029999 -3.3499999 2.1719999 8
5.8860002 -3.3050001 1.9579999 8
0 0 0 0
5.8860002 -3.2679999 1.579 10
5.8740001 -3.1659999 2.1289999 9
5.8639998 -3.122 1.921 11
0 0 0 0
5.8530002 -3.0669999 1.545 11
5.849 -2.9920001 2.0899999 9
5.8600001 -2.951 1.891 10
5.8610001 -2.921 1.6950001 12
5.8309999 -2.8770001 1.5140001 11
5.8249998 -2.822 2.053 11
5.8260002 -2.7720001 1.854 13
5.8299999 -2.7360001 1.661 14
5.8080001 -2.6930001 1.4859999 5
5.8039999 -2.6589999 2.0179999 6
5.7979999 -2.6010001 1.821 14
5.7950001 -2.556 1.628 16
5.8060002 -2.5220001 1.464 0
5.7750001 -2.4960001 1.983 5
5.7719998 -2.4330001 1.789 14
5.7839999 -2.391 1.604 15
5.7540002 -2.336 1.432 8
5.7399998 -2.336 1.947 7
5.75 -2.2739999 1.761 14
5.7509999 -2.2219999 1.575 15
5.744 -2.1719999 1.4119999 13
1.831 -0.699 0.61299998 0
5.7379999 -2.1210001 1.7359999 15
5.7309999 -2.0599999 1.551 15
5.7220001 -2.007 1.39 15
1.897 -0.67699999 0.62800002 0
5.7069998 -1.965 1.7079999 14
5.698 -1.899 1.525 15
5.6999998 -1.845 1.369 13
5.6810002 -1.891 1.862 94
2.052 -0.65499997 0.60699999 0
5.6799998 -1.747 1.5039999 15
5.6690001 -1.6849999 1.348 14
5.6550002 -1.748 1.835 96
5.6589999 -1.666 1.658 63
5.6620002 -1.597 1.485 11
5.6420002 -1.529 1.3279999 13
5.6389999 -1.609 1.8099999 102
5.6420002 -1.524 1.637 99
2.3840001 -0.61199999 0.61900002 0
5.6030002 -1.374 1.307 3
2.6099999 -0.68400002 0.82999998 3
2.5339999 -0.62400001 0.72799999 3
2.5380001 -0.58899999 0.653 6
5.599 -1.2309999 1.296 4
2.5220001 -0.60299999 0.79500002 5
2.5250001 -0.56099999 0.71899998 7
5.5999999 -1.1619999 1.431 91
5.586 -1.086 1.283 73
2.517 -0.54400003 0.78600001 5
2.977 -0.59100002 0.84200001 10
5.5910001 -1.023 1.4170001 86
5.572 -0.94400001 1.271 85
2.7049999 -0.523 0.83700001 16
2.96 -0.51899999 0.82999998 5
3.3659999 -0.53500003 0.84799999 7
5.553 -0.80299997 1.2589999 86
2.723 -0.46599999 0.83600003 15
3.0020001 -0.45699999 0.83600003 11
3.3570001 -0.45300001 0.83999997 7
3.7869999 -0.454 0.85399997 1
2.8069999 -0.41800001 0.85600001 8
3.026 -0.38999999 0.83700001 11
3.3729999 -0.375 0.83899999 8
3.802 -0.36300001 0.85299999 9
5.5339999 -0.70099998 1.675 92
5.5209999 -0.58600003 1.5190001 90
3.5150001 -0.30700001 0.87 5
3.8469999 -0.27399999 0.86000001 6
5.52 -0.57700002 1.659 101
5.4879999 -0.456 1.501 93
5.4860001 -0.34999999 1.352 88
5.4699998 -0.25600001 1.219 96
5.5029998 -0.454 1.6440001 99
5.4749999 -0.331 1.489 96
5.4619999 -0.219 1.34 89
5.4029999 -0.122 1.201 56
5.4770002 -0.331 1.625 100
5.447 -0.206 1.475 98
5.329 -0.089000002 1.303 18
5.3889999 0.0089999996 1.1950001 92
5.447 -0.20999999 1.608 98
5.2810001 -0.079999998 1.424 13
5.3850002 0.035 1.314 85
5.3670001 0.13699999 1.189 92
5.3150001 -0.089000002 1.561 13
5.3800001 0.041000001 1.4450001 87
5.368 0.161 1.307 89
5.3569999 0.26699999 1.186 93
5.3850002 0.026000001 1.574 91
5.3629999 0.162 1.436 94
5.3530002 0.28600001 1.301 90
5.3390002 0.396 1.182 93
5.3629999 0.145 1.5599999 96
5.3540001 0.28299999 1.4299999 89
5.3379998 0.412 1.296 87
5.3169999 0.52399999 1.178 94
5.3540001 0.26199999 1.551 95
5.3319998 0.40400001 1.42 89
5.3189998 0.53600001 1.291 89
5.303 0.65200001 1.177 98
5.336 0.37799999 1.541 95
5.3119998 0.52399999 1.4119999 93
5.302 0.66100001 1.2869999 88
5.2839999 0.77999997 1.175 98
5.3260002 0.49599999 1.533 95
5.3049998 0.64499998 1.409 89
5.2859998 0.78399998 1.284 89
5.263 0.90600002 1.173 92
5.3039999 0.61000001 1.523 95
5.283 0.764 1.403 92
5.263 0.90799999 1.281 95
5.257 1.036 1.176 96
5.2930002 0.72799999 1.516 94
5.2659998 0.884 1.398 92
5.2519999 1.034 1.281 90
5.2360001 1.163 1.177 93
5.2719998 0.84399998 1.507 95
5.2519999 1.006 1.3940001 89
5.2350001 1.158 1.28 93
5.2140002 1.2920001 1.177 92
5.2579999 0.96100003 1.501 95
5.2350001 1.126 1.391 90
5.2059999 1.2819999 1.276 83
5.1999998 1.423 1.1799999 93
5.237 1.0779999 1.493 95
5.2090001 1.2460001 1.386 88
5.191 1.408 1.278 84
5.1760001 1.551 1.182 94
5.211 1.193 1.485 96
5.1950002 1.369 1.385 91
5.1789999 1.5369999 1.281 85
5.1560001 1.681 1.187 94
5.2080002 1.314 1.484 97
5.177 1.4910001 1.383 90
5.1570001 1.661 1.2819999 86
5.1409998 1.814 1.192 94
5.1919999 1.432 1.48 95
5.1550002 1.612 1.381 92
5.138 1.79 1.284 86
1.6289999 0.61900002 0.38100001 33
5.1719999 1.552 1.476 96
5.1399999 1.737 1.383 94
1.626 0.60900003 0.40900001 2
3.654 1.49 0.86299998 11
5.1589999 1.673 1.474 97
5.1259999 1.864 1.3839999 89
3.648 1.465 0.92400002 2
1.352 0.58999997 0.322 43
5.1370001 1.795 1.47 97
1.524 0.59399998 0.41299999 11
1.37 0.588 0.34900001 32
3.6240001 1.686 0.87300003 1
1.5599999 0.58399999 0.447 6
1.405 0.58499998 0.38299999 20
3.642 1.6670001 0.93800002 1
3.6010001 1.7819999 0.87800002 1
1.454 0.58200002 0.41800001 24
1.349 0.59799999 0.37 14
3.6170001 1.758 0.94 9
3.602 1.89 0.889 10
1.367 0.58200002 0.39399999 38
3.6140001 1.702 0.99800003 10
3.5999999 1.8559999 0.94499999 2
2.0810001 1.156 0.51999998 0
3.6270001 1.642 1.051 9
1.289 0.64399999 0.35800001 0
3.5869999 1.957 0.95200002 10
1.964 1.153 0.498 41
3.6359999 1.745 1.058 9
3.5929999 1.899 1.007 8
1.993 1.148 0.53500003 0
1.893 1.174 0.48699999 63
1.294 0.65700001 0.37799999 1
3.576 1.9960001 1.011 10
3.556 2.1619999 0.96600002 9
3.536 2.312 0.92500001 9
3.579 1.921 1.052 1
3.566 2.099 1.017 9
3.5439999 2.2709999 0.97500002 9
1.7460001 1.202 0.46399999 4
3.5739999 2.023 1.057 8
3.55 2.201 1.023 8
3.523 2.3759999 0.98299998 9
1.656 1.199 0.44800001 38
3.5680001 2.1259999 1.063 7
3.53 2.302 1.028 9
3.4949999 2.4779999 0.99000001 8
1.576 1.199 0.43399999 15
3.549 2.2249999 1.0650001 8
3.517 2.411 1.036 9
1.602 1.193 0.461 4
5.0180001 4.0110002 1.41 3
3.5280001 2.3239999 1.068 8
3.4920001 2.5139999 1.041 8
1.526 1.193 0.44600001 34
5.013 4.2059999 1.438 0
3.516 2.4319999 1.073 8
3.4809999 2.6289999 1.052 8
1.455 1.193 0.43200001 12
1.477 1.3 0.43200001 7
3.503 2.5409999 1.08 7
1.4859999 1.177 0.45500001 11
4.967 4.2709999 1.5039999 7
1.431 1.321 0.428 9
3.474 2.6429999 1.082 3
1.419 1.178 0.44100001 32
4.96 4.4710002 1.5319999 1
1.398 1.353 0.428 8
3.454 2.7539999 1.0880001 2
1.36 1.182 0.42899999 6
1.368 1.293 0.43099999 7
1.358 1.378 0.42699999 8
1.406 1.174 0.44800001 32
4.9559999 4.5149999 1.591 5
1.331 1.318 0.428 9
0.86699998 0.92299998 0.27900001 80
1.3430001 1.174 0.433 19
1.329 1.2690001 0.43399999 2
1.299 1.348 0.42699999 9
0.824 0.92000002 0.273 15
4.9629998 4.5409999 1.625 4
1.293 1.2920001 0.43000001 9
0.84399998 0.91799998 0.28400001 150
0.78100002 0.91500002 0.266 14
0 0 0 0
1.263 1.322 0.428 9
0.81099999 0.92400002 0.28 14
1.212 1.489 0.42500001 1
1.284 1.2869999 0.433 1
0 0 0 0
0.76999998 0.92000002 0.273 8
1.169 1.508 0.42300001 10
1.2460001 1.309 0.428 10
0.79799998 0.91600001 0.28200001 14
1.168 1.464 0.426 1
0 0 0 0
0 0 0 0
0 0 0 0
1.127 1.482 0.42300001 9
0.62300003 0.88700002 0.241 8
0.79500002 0.91500002 0.28299999 10
1.145 1.444 0.42500001 1
1.095 1.512 0.42300001 9
0.59200001 0.88700002 0.237 19
0.78500003 0.94700003 0.285 0
1.1109999 1.47 0.42399999 10
0 0 0 0
0.56099999 0.884 0.234 18
1.137 1.437 0.42199999 10
1.192 1.656 0.46700001 6
0.58399999 0.89200002 0.241 16
0.53299999 0.88499999 0.23100001 16
1.112 1.474 0.42199999 10
0 0 0 0
0.55699998 0.89399999 0.23800001 17
0.50300002 0.88200003 0.227 6
1.147 1.595 0.447 4
0.57700002 0.88599998 0.23999999 16
0.52200001 0.884 0.23199999 12
0 0 0 0
0 0 0 0
0.54900002 0.88599998 0.236 17
0.486 0.86900002 0.22499999 1
0 0 0 0
0.57800001 0.88700002 0.237 13
0.51700002 0.88 0.23 11
0.86900002 1.641 0.419 0
0.79900002 1.661 0.41499999 9
0.54500002 0.88 0.23 17
0 0 0 0
0.83200002 1.663 0.419 1
0.75700003 1.674 0.414 6
0.51599997 0.87800002 0.22499999 18
0.87 1.651 0.41800001 1
0.78600001 1.6670001 0.41499999 9
0 0 0 0
0 0 0 0
0.82999998 1.666 0.41499999 2
0.75 1.692 0.417 8
0 0 0 0
0.884 1.6799999 0.414 1
0.796 1.696 0.41600001 10
0.71200001 1.712 0.417 2
0 0 0 0
0.852 1.7130001 0.41499999 4
0.755 1.711 0.414 13
0 0 0 0
0 0 0 0
0.81099999 1.73 0.41100001 13
0.71799999 1.7359999 0.414 10
0 0 0 0
0.17200001 0.53899997 0.12899999 2
0.76800001 1.745 0.40700001 12
0 0 0 0
0 0 0 0
0.2 0.68099999 0.162 1
0.73199999 1.772 0.40700001 3
0 0 0 0
0 0 0 0
0.18000001 0.671 0.15899999 1
0.69199997 1.793 0.405 2
0 0 0 0
0.20100001 0.70499998 0.164 3
0.162 0.66500002 0.15700001 1
0 0 0 0
0.215 0.69800001 0.15899999 0
0.185 0.71200001 0.16500001 1
0.142 0.64899999 0.152 1
0 0 0 0
0.204 0.72299999 0.162 1
0.16500001 0.70200002 0.161 0
0.123 0.63300002 0.148 1
0 0 0 0
0.193 0.74599999 0.16599999 1
0.15000001 0.708 0.162 1
0.106 0.61699998 0.14399999 1
0 0 0 0
0.178 0.764 0.169 1
0.133 0.70999998 0.161 1
0.090000004 0.61199999 0.14300001 1
0.197 0.76899999 0.162 1
0.16 0.76599997 0.168 12
0.112 0.68199998 0.154 0
0.078000002 0.62800002 0.146 1
0.183 0.79299998 0.16500001 4
0.139 0.75400001 0.164 9
0.096000001 0.68699998 0.155 0
0 0 0 0
0.15899999 0.77100003 0.15800001 5
0.127 0.79400003 0.171 1
0.081 0.69499999 0.156 0
0 0 0 0
0.145 0.796 0.162 1
0.111 0.80900002 0.17299999 1
0.067000002 0.71899998 0.161 0
0 0 0 0
0.124 0.78899997 0.15899999 2
0.092 0.815 0.17299999 2
0.050000001 0.72100002 0.161 0
0.021 0.64600003 0.15099999 1
0.105 0.78299999 0.156 1
0.071999997 0.80199999 0.17 3
0.034000002 0.72399998 0.162 0
0.0060000001 0.648 0.15099999 1
0.085000001 0.77600002 0.153 0
0.052999999 0.80599999 0.17 4
0.017000001 0.73799998 0.16500001 0
-0.0080000004 0.66000003 0.155 1
0.066 0.77600002 0.152 0
0.034000002 0.801 0.168 4
0 0.75599998 0.168 1
-0.023 0.65700001 0.154 1
0 0 0 0
0.015 0.78200001 0.163 3
-0.016000001 0.76599997 0.171 1
-0.039000001 0.667 0.15700001 1
0.028999999 0.77600002 0.149 0
-0.0020000001 0.78100002 0.162 1
-0.034000002 0.77399999 0.17200001 1
-0.054000001 0.671 0.15800001 1
0 0 0 0
-0.02 0.75400001 0.156 1
-0.052000001 0.77200001 0.17200001 1
-0.068999998 0.66399997 0.15800001 1
0 0 0 0
-0.037 0.74900001 0.155 0
-0.07 0.77100003 0.17200001 1
-0.086999997 0.68400002 0.163 3
-0.068000004 2.069 0.391 8
-0.055 0.74599999 0.154 0
-0.081 0.70700002 0.15800001 6
-0.103 0.68800002 0.16500001 4
-0.116 2.059 0.38800001 10
-0.071000002 0.73100001 0.15099999 1
-0.096000001 0.69999999 0.15700001 10
-0.122 0.70599997 0.17 1
0 0 0 0
-0.086999997 0.72299999 0.149 4
-0.116 0.72299999 0.163 3
0 0 0 0
-0.219 2.0899999 0.38999999 0
-0.106 0.73299998 0.15099999 3
-0.133 0.72000003 0.163 0
-0.36199999 1.64 0.40000001 2
-0.266 2.069 0.38499999 13
-0.122 0.727 0.15000001 4
-0.15800001 0.75700003 0.17200001 1
0 0 0 0
-0.317 2.0669999 0.384 13
0 0 0 0
-0.40700001 1.747 0.39899999 1
0 0 0 0
-0.366 2.0610001 0.382 10
-0.40900001 1.885 0.391 1
0 0 0 0
-0.46399999 1.584 0.396 17
-0.414 2.043 0.37799999 2
0 0 0 0
-0.48300001 1.717 0.39700001 1
-1.4960001 4.7150002 1.188 15
-0.47400001 2.0810001 0.38499999 1
0 0 0 0
-1.462 4.7680001 1.11 10
0 0 0 0
0 0 0 0
-0.49700001 1.702 0.35699999 1
-1.554 4.6820002 1.097 10
0 0 0 0
0 0 0 0
-0.53200001 1.675 0.35299999 3
0 0 0 0
-1.658 4.217 1.094 2
-1.4630001 4.8000002 0.89300001 7
0 0 0 0
0 0 0 0
-0.509 1.215 0.31799999 3
0 0 0 0
-1.6950001 4.5799999 0.97600001 1
-1.813 4.4229999 1.063 3
-0.69800001 1.567 0.41499999 1
0 0 0 0
-1.777 4.473 0.95999998 61
-0.63300002 1.45 0.35100001 0
-0.69099998 1.46 0.391 15
-1.7460001 4.5279999 0.85100001 3
-1.962 4.6209998 0.99900001 15
-0.69 1.485 0.36399999 19
-2.309 4.612 1.252 19
-1.9069999 4.6100001 0.87 54
-0.685 1.5140001 0.33000001 45
-0.61199999 1.242 0.30700001 39
-2.46 4.6529999 1.279 5
-0.67400002 1.524 0.289 9
-0.60000002 1.247 0.27399999 37
0 0 0 0
-2.5869999 4.638 1.2920001 5
-0.60900003 1.2920001 0.24699999 7
0 0 0 0
0 0 0 0
-2.7179999 4.6279998 1.308 12
0 0 0 0
0 0 0 0
-2.6960001 4.6440001 1.192 7
-2.7479999 4.4510002 1.276 114
-1.114 2.095 0.40599999 2
-1.152 2.0190001 0.45699999 15
-2.7190001 4.448 1.1569999 77
-2.8740001 4.4299998 1.29 99
-1.12 1.99 0.38999999 24
-1.133 1.881 0.43099999 25
-2.842 4.4180002 1.165 97
-3.003 4.4120002 1.3049999 93
-1.117 1.877 0.37099999 28
-2.8099999 4.427 1.028 107
-2.9790001 4.4070001 1.179 99
-3.2 4.4840002 1.348 36
-2.7850001 4.4310002 0.88599998 94
-2.95 4.414 1.038 125
-3.154 4.4460001 1.2079999 37
-3.346 4.4749999 1.368 30
-2.9200001 4.4060001 0.89200002 91
-3.1259999 4.4489999 1.062 58
-3.322 4.4650002 1.234 32
-3.4389999 4.3940001 1.368 59
-3.1570001 4.5229998 0.92699999 104
-3.2679999 4.4260001 1.072 42
-3.4189999 4.382 1.2309999 59
-3.5109999 4.2880001 1.359 22
-3.2320001 4.3990002 0.91500002 41
-3.388 4.3709998 1.076 56
-3.4990001 4.2810001 1.225 46
-3.589 4.191 1.355 6
-3.375 4.368 0.92199999 52
-3.4630001 4.2579999 1.066 49
-3.625 4.2350001 1.234 10
-3.559 3.973 1.3099999 4
-3.457 4.256 0.912 60
-3.6059999 4.2280002 1.077 9
-3.5610001 3.974 1.181 4
0 0 0 0
-3.6040001 4.224 0.921 6
-3.546 3.9649999 1.03 5
0 0 0 0
0 0 0 0
-3.563 3.9779999 0.88300002 4
0 0 0 0
0 0 0 0
0 0 0 0
0 0 0 0
0 0 0 0
0 0 0 0
0 0 0 0
0 0 0 0
0 0 0 0
0 0 0 0
0 0 0 0
0 0 0 0
0 0 0 0
0 0 0 0
0 0 0 0
0 0 0 0
0 0 0 0
0 0 0 0
0 0 0 0
0 0 0 0
0 0 0 0
0 0 0 0
0 0 0 0
0 0 0 0
0 0 0 0
-3.4089999 2.6389999 0.94999999 1
-3.3829999 2.5309999 1.04 11
0 0 0 0
-3.4070001 2.609 0.82099998 1
-3.369 2.4890001 0.92199999 9
-3.3510001 2.395 1.013 11
0 0 0 0
-3.3699999 2.4579999 0.79699999 10
-3.3429999 2.3540001 0.89999998 10
-3.3970001 2.3169999 1.012 11
-3.3599999 2.4089999 0.67000002 10
-3.3699999 2.339 0.78299999 10
-3.3940001 2.277 0.89899999 10
-3.3929999 2.207 0.995 10
-3.4070001 2.3199999 0.667 10
-3.3800001 2.23 0.77200001 10
-3.3800001 2.1589999 0.88099998 10
-3.3640001 2.085 0.97299999 10
-3.3729999 2.1789999 0.64899999 9
-3.3640001 2.108 0.75599998 10
-3.3540001 2.036 0.861 9
-3.352 1.977 0.95599997 10
-3.359 2.056 0.63599998 10
-3.345 1.989 0.74000001 9
-3.3440001 1.929 0.847 9
-3.3299999 1.867 0.93699998 10
-3.342 1.936 0.62300003 10
-3.3280001 1.875 0.72600001 9
-3.3280001 1.821 0.83200002 9
-3.3150001 1.765 0.921 9
-2.4119999 1.321 0.44299999 5
-3.302 1.76 0.70999998 9
-3.3010001 1.711 0.815 12
-3.3069999 1.669 0.90799999 9
-3.3099999 1.709 0.60000002 9
-3.2920001 1.6569999 0.699 9
-3.286 1.609 0.801 11
-3.2839999 1.569 0.89200002 9
-3.2809999 1.595 0.58700001 9
-3.28 1.556 0.68800002 12
-3.276 1.5140001 0.78899997 11
-3.2620001 1.471 0.87599999 9
-3.276 1.4960001 0.579 9
-3.2639999 1.455 0.67699999 12
-3.2690001 1.4220001 0.77899998 8
-3.26 1.385 0.866 9
-3.2679999 1.397 0.57099998 8
-3.2460001 1.358 0.66600001 11
-3.2309999 1.319 0.76200002 12
-3.2309999 1.291 0.85000002 11
-3.223 1.286 0.55699998 12
-6.6020002 2.5810001 1.34 22
-6.6079998 2.527 1.543 46
-6.9169998 2.5899999 1.802 31
-6.5910001 2.448 1.1289999 50
-6.5770001 2.3959999 1.322 49
-6.5739999 2.346 1.52 48
-6.579 2.3010001 1.698 45
-6.5669999 2.2590001 1.115 49
-6.54 2.211 1.303 49
-6.5549998 2.1730001 1.502 47
-6.5489998 2.132 1.675 32
-6.527 2.0699999 1.099 49
-6.5250001 2.036 1.289 48
-6.5240002 2.0009999 1.482 49
-6.5320001 1.969 1.6569999 46
-6.507 1.892 1.0880001 53
-6.4829998 1.859 1.271 53
-6.494 1.8329999 1.464 46
-6.5009999 1.807 1.636 42
0 0 0 0
0 0 0 0
-6.4780002 1.671 1.449 45
-6.48 1.65 1.619 51
0 0 0 0
0 0 0 0
-6.467 1.515 1.438 28
-6.4439998 1.493 1.599 57
0 0 0 0
0 0 0 0
0 0 0 0
-6.1500001 1.283 1.515 27
0 0 0 0
0 0 0 0
0 0 0 0
-6.1399999 1.143 1.5039999 24
0 0 0 0
-3.8629999 0.634 0.736 42
-3.9549999 0.648 0.86400002 27
-3.5369999 0.57800001 0.861 15
-3.799 0.528 0.61799997 12
-3.8080001 0.53299999 0.722 76
-3.625 0.51099998 0.78799999 8
-3.5139999 0.49599999 0.85000002 23
-3.7679999 0.43099999 0.61199999 82
-3.7750001 0.43900001 0.71399999 97
-3.635 0.43000001 0.787 6
-3.497 0.417 0.84200001 26
-3.7950001 0.34200001 0.616 68
-3.8169999 0.35499999 0.71899998 93
-3.743 0.35699999 0.80699998 6
-3.7590001 0.366 0.90100002 150
-6.6220002 0.43599999 1.074 109
-6.6160002 0.46000001 1.245 116
-3.7650001 0.27399999 0.80800003 42
-3.895 0.294 0.93000001 117
-2.0090001 0.083999999 0.32600001 40
-2.006 0.092 0.37599999 43
-2.01 0.101 0.43000001 47
-2.0320001 0.108 0.48300001 36
-1.98 0.035 0.32100001 51
-1.98 0.045000002 0.37099999 50
-1.99 0.055 0.42500001 43
-1.9809999 0.061999999 0.46900001 40
-2.006 -0.012 0.32600001 50
-2 -0.001 0.37400001 43
-1.985 0.0099999998 0.42300001 41
-1.973 0.018999999 0.46599999 47
-2.023 -0.061000001 0.329 24
-1.999 -0.046999998 0.37400001 42
-1.96 -0.033 0.417 43
-1.944 -0.023 0.45699999 49
-1.835 -0.098999999 0.30000001 34
-1.853 -0.086000003 0.347 34
-1.887 -0.074000001 0.40099999 27
-1.9170001 -0.064000003 0.44999999 36
-1.817 -0.142 0.29800001 41
-1.8279999 -0.12800001 0.34299999 40
-1.841 -0.114 0.391 39
-1.8609999 -0.103 0.43599999 38
-1.825 -0.18700001 0.30000001 41
-1.829 -0.171 0.34400001 39
-1.832 -0.155 0.389 45
-1.8380001 -0.141 0.43000001 45
-1.855 -0.235 0.30599999 30
-1.852 -0.21600001 0.34900001 42
-1.8380001 -0.197 0.38999999 44
-1.837 -0.182 0.42899999 42
-6.5560002 -0.99199998 1.09 4
-6.7709999 -0.95200002 1.279 2
-10.232 -1.334 2.1730001 18
-1.87 -0.227 0.43599999 33
-6.539 -1.15 1.094 4
-6.5100002 -1.071 1.234 26
-6.5370002 -1.001 1.39 27
-6.6139998 -0.949 1.5420001 2
-6.4949999 -1.303 1.094 129
-6.5209999 -1.229 1.2410001 2
-6.5380001 -1.153 1.392 2
-6.54 -1.085 1.524 4
-6.4759998 -1.46 1.099 25
-6.5100002 -1.383 1.245 2
-6.4980001 -1.296 1.387 6
-6.5359998 -1.23 1.524 2
-6.4619999 -1.62 1.1059999 3
-6.4720001 -1.5319999 1.244 2
-6.5019999 -1.45 1.391 2
-6.5300002 -1.377 1.523 2
-6.3070002 -1.743 1.089 2
-6.21 -1.623 1.2 2
-6.474 -1.597 1.3890001 2
-6.4959998 -1.52 1.516 2
-6.3260002 -1.911 1.103 3
-6.3429999 -1.816 1.233 2
-6.2859998 -1.7029999 1.353 1
-6.2610002 -1.61 1.4630001 1
-4.3119998 -1.416 0.759 3
-6.3070002 -1.966 1.234 2
-6.3400002 -1.87 1.37 2
-6.3460002 -1.781 1.485 1
-4.2659998 -1.5140001 0.759 8
-3.9649999 -1.337 0.78100002 3
-6.3169999 -2.0190001 1.3710001 2
-6.3060002 -1.919 1.48 2
-4.2709999 -1.632 0.76899999 8
-3.858 -1.401 0.76700002 9
-6.2950001 -2.1689999 1.373 1
-6.303 -2.0699999 1.483 1
-3.4920001 -1.429 0.63599998 7
-3.5109999 -1.368 0.704 8
-3.5239999 -1.303 0.773 8
-6.2859998 -2.217 1.483 2
0 0 0 0
-3.493 -1.454 0.70700002 1
-3.48 -1.377 0.76800001 9
-3.3239999 -1.255 0.787 6
0 0 0 0
-6.2150002 -2.7579999 1.27 1
-3.5050001 -1.479 0.778 7
-3.2550001 -1.311 0.773 8
0 0 0 0
0 0 0 0
-6.2249999 -2.7939999 1.392 0
-3.2060001 -1.375 0.76499999 7
0 0 0 0
0 0 0 0
-6.2080002 -2.957 1.398 1
-3.2179999 -1.464 0.77100003 8
0 0 0 0
0 0 0 0
0 0 0 0
-6.1890001 -2.9820001 1.492 1
0 0 0 0
0 0 0 0
0 0 0 0
0 0 0 0
0 0 0 0
-5.3839998 -3.177 1.166 15
-5.3930001 -3.03 1.247 5
0 0 0 0
-1.8609999 -1.2130001 0.38299999 2
-5.3460002 -3.323 1.174 17
-5.3540001 -3.168 1.25 6
-5.3940001 -3.052 1.325 5
0 0 0 0
-5.322 -3.4820001 1.186 20
-5.3590002 -3.335 1.265 19
-5.3590002 -3.191 1.325 3
0 0 0 0
-5.3060002 -3.6489999 1.2 13
-5.3390002 -3.4949999 1.274 22
-5.3369999 -3.3399999 1.331 18
-5.6110001 -4.2529998 1.227 0
0 0 0 0
-5.309 -3.648 1.2819999 19
-5.3239999 -3.4960001 1.3380001 19
0 0 0 0
0 0 0 0
-4.2750001 -3.0799999 1.045 8
-5.3000002 -3.6500001 1.345 19
0 0 0 0
0 0 0 0
-1.596 -1.206 0.39500001 0
-5.257 -3.7939999 1.347 8
0 0 0 0
0 0 0 0
-5.369 -4.25 1.349 0
-6.0479999 -4.5710001 1.566 18
0 0 0 0
0 0 0 0
0 0 0 0
0 0 0 0
0 0 0 0
0 0 0 0
0 0 0 0
0 0 0 0
0 0 0 0
0 0 0 0
0 0 0 0
0 0 0 0
0 0 0 0
0 0 0 0
0 0 0 0
0 0 0 0
0 0 0 0
0 0 0 0
0 0 0 0
0 0 0 0
0 0 0 0
-0.889 -0.97600001 0.245 0
0 0 0 0
0 0 0 0
0 0 0 0
0 0 0 0
-0.88300002 -0.95999998 0.25 1
0 0 0 0
0 0 0 0
0 0 0 0
0 0 0 0
0 0 0 0
0 0 0 0
0 0 0 0
0 0 0 0
0 0 0 0
0 0 0 0
0 0 0 0
0 0 0 0
0 0 0 0
0 0 0 0
0 0 0 0
0 0 0 0
0 0 0 0
0 0 0 0
0 0 0 0
0 0 0 0
0 0 0 0
-0.58200002 -0.94999999 0.204 0
0 0 0 0
0 0 0 0
0 0 0 0
-0.56900001 -0.97799999 0.208 0
0 0 0 0
0 0 0 0
0 0 0 0
-0.537 -0.97399998 0.205 3
-0.574 -0.97500002 0.20900001 0
-0.634 -1.007 0.221 0
0 0 0 0
-0.50700003 -0.972 0.20299999 3
-0.54699999 -0.97899997 0.207 2
-0.58200002 -0.972 0.20900001 0
0 0 0 0
-0.47799999 -0.97100002 0.2 2
-0.514 -0.972 0.20299999 2
-0.56300002 -0.99000001 0.20900001 1
0 0 0 0
-0.44600001 -0.96100003 0.197 5
-0.48300001 -0.96600002 0.199 2
-0.52700001 -0.977 0.20299999 3
-0.57099998 -0.99299997 0.208 0
-0.41600001 -0.95200002 0.19400001 2
-0.45699999 -0.96899998 0.197 4
-0.495 -0.97000003 0.199 2
-0.53399998 -0.97899997 0.20100001 3
-0.39500001 -0.963 0.19499999 0
-0.42899999 -0.96499997 0.19400001 3
-0.46799999 -0.972 0.19599999 4
-0.505 -0.97899997 0.197 2
-0.38699999 -1.01 0.20299999 0
-0.396 -0.949 0.189 0
-0.43900001 -0.96799999 0.192 4
-0.47499999 -0.97299999 0.192 3
-0.38100001 -1.066 0.213 0
-0.389 -0.99400002 0.19599999 0
-0.40099999 -0.94 0.184 0
-0.44499999 -0.96799999 0.18799999 5
0 0 0 0
-0.38299999 -1.051 0.205 0
-0.39399999 -0.98400003 0.189 0
-0.40900001 -0.94599998 0.18000001 1
0 0 0 0
-0.37200001 -1.096 0.212 0
-0.38800001 -1.0369999 0.197 0
-0.391 -0.963 0.18000001 0
0 0 0 0
-0.31099999 -0.99000001 0.19 0
-0.37900001 -1.086 0.204 0
-0.384 -1.011 0.185 0
0 0 0 0
-0.289 -0.99800003 0.19 0
0 0 0 0
-0.38100001 -1.074 0.19400001 0
-3.4070001 -14.593 2.8529999 3
0 0 0 0
-0.29800001 -0.99900001 0.183 0
0 0 0 0
-3.0880001 -14.718 2.8710001 2
0 0 0 0
0 0 0 0
-0.303 -0.99800003 0.17399999 0
-2.74 -14.725 2.865 2
-3.3199999 -15.309 2.858 3
0 0 0 0
0 0 0 0
-2.4159999 -14.84 2.882 2
-2.9679999 -15.378 2.8529999 3
-3.635 -16.136999 2.8610001 2
0 0 0 0
0 0 0 0
-2.6359999 -15.545 2.869 2
-3.276 -16.273001 2.8559999 3
-3.9920001 -17.322001 2.8970001 3
0 0 0 0
-2.302 -15.73 2.8889999 2
-2.9159999 -16.386 2.8499999 2
-3.648 -17.66 2.914 2
-1.403 -14.965 2.8970001 3
0 0 0 0
-2.576 -16.688 2.875 3
-3.2620001 -17.844 2.905 3
-1.0700001 -15.029 2.911 2
-1.595 -15.884 2.8929999 2
0 0 0 0
-2.921 -18.364 2.9489999 3
-0.73400003 -15.102 2.9260001 1
-1.2410001 -16.049999 2.9119999 2
0 0 0 0
0 0 0 0
-0.39300001 -15.169 2.941 2
-0.884 -16.184999 2.928 2
0 0 0 0
0 0 0 0
-0.052999999 -15.095 2.9300001 2
-0.509 -16.046 2.8940001 3
0 0 0 0
0 0 0 0
0.28600001 -15.205 2.957 2
0 0 0 0
0 0 0 0
0 0 0 0
0 0 0 0
0 0 0 0
0 0 0 0
0 0 0 0
0 0 0 0
0.60500002 -16.698 2.9960001 2
0 0 0 0
0 0 0 0
1.299 -15.049 2.948 2
0 0 0 0
0.52499998 -17.554001 2.862 3
0.046 -12.929 1.919 3
0 0 0 0
0 0 0 0
0 0 0 0
0.34299999 -12.756 1.875 16
0 0 0 0
1.7 -16.247 2.911 7
0 0 0 0
0.648 -12.941 1.886 2
0 0 0 0
0 0 0 0
1.846 -18.635 3 3
0 0 0 0
0 0 0 0
0 0 0 0
0 0 0 0
0 0 0 0
0 0 0 0
0 0 0 0
0 0 0 0
1.533 -12.741 1.814 1
3.2750001 -14.648 2.9460001 4
0 0 0 0
2.122 -12.548 2.003 1
0 0 0 0
3.5910001 -14.522 2.937 2
3.618 -16.386 2.96 3
2.415 -12.5 1.9910001 1
0 0 0 0
3.8929999 -14.358 2.921 4
3.9760001 -16.242001 2.941 3
2.707 -12.468 1.984 1
0 0 0 0
4.263 -14.449 2.9590001 3
4.349 -16.163 2.9360001 3
3.006 -12.46 1.9809999 1
2.714 -12.532 1.7410001 2
4.585 -14.361 2.9619999 4
0 0 0 0
3.323 -12.504 1.988 2
3.006 -12.465 1.723 2
4.8569999 -14.128 2.937 4
0 0 0 0
3.608 -12.42 1.976 1
3.3280001 -12.511 1.723 1
5.2249999 -14.162 2.967 3
5.4990001 -16.028999 2.951 3
3.904 -12.361 1.967 1
0 0 0 0
5.5479999 -14.074 2.973 3
6.0019999 -16.278 3.013 4
0 0 0 0
0 0 0 0
5.8390002 -13.904 2.9630001 2
0 0 0 0
0 0 0 0
0 0 0 0
6.1329999 -13.741 2.9549999 2
0 0 0 0
0 0 0 0
0 0 0 0
6.4349999 -13.605 2.9549999 4
0 0 0 0
0 0 0 0
0 0 0 0
6.789 -13.564 2.9760001 3
0 0 0 0
7.882 -17.58 2.835 3
0 0 0 0
6.539 -12.378 2.7449999 4
0 0 0 0
7.677 -16.118 2.612 3
7.8530002 -17.353001 2.3599999 4
7.2979999 -13.107 2.9389999 3
7.3920002 -13.898 2.6860001 4
7.4809999 -14.815 2.4130001 3
7.6849999 -15.97 2.175 3
0 0 0 0
7.2670002 -12.95 2.526 4
7.3400002 -13.731 2.2479999 5
7.5029998 -14.694 2.0050001 3
0 0 0 0
7.073 -11.965 2.3570001 1
7.2579999 -12.854 2.119 4
7.401 -13.687 1.872 7
0 0 0 0
7.006 -11.264 2.2420001 4
7.0609999 -11.858 1.969 2
7.2839999 -12.735 1.7460001 2
0 0 0 0
6.9359999 -10.607 2.1340001 4
6.9949999 -11.147 1.865 5
7.0900002 -11.738 1.6160001 3
0 0 0 0
6.829 -9.9420004 2.0239999 5
6.8860002 -10.43 1.76 6
6.9790001 -10.958 1.516 6
0.63999999 -0.86000001 0.208 0
6.7589998 -9.3789997 1.933 6
6.8060002 -9.802 1.669 6
6.869 -10.241 1.425 5
0 0 0 0
6.6609998 -8.8149996 1.841 6
6.7290001 -9.2279997 1.5880001 6
6.7969999 -9.6280003 1.348 8
0.69099998 -0.847 0.212 0
6.6269999 -8.3739996 1.773 8
6.6409998 -8.6820002 1.511 9
6.7220001 -9.0609999 1.278 7
0 0 0 0
6.5739999 -7.9330001 1.705 5
6.586 -8.2049999 1.4450001 12
6.6350002 -8.5129995 1.212 8
0 0 0 0
6.5 -7.494 1.635 10
6.5349998 -7.7649999 1.385 7
6.585 -8.0439997 1.155 9
0 0 0 0
6.4489999 -7.099 1.574 9
6.4720001 -7.3319998 1.325 12
6.513 -7.5760002 1.099 9
0 0 0 0
6.3899999 -6.724 1.517 9
6.4200001 -6.941 1.273 9
6.4619999 -7.1620002 1.051 10
0 0 0 0
6.362 -6.3969998 1.469 4
6.3699999 -6.5749998 1.225 10
6.4000001 -6.7620001 1.005 12
0 0 0 0
0 0 0 0
0 0 0 0
6.3699999 -6.4190001 0.96799999 5
6.224 -5.6100001 1.599 10
0 0 0 0
0 0 0 0
0 0 0 0
6.1849999 -5.335 1.554 13
0 0 0 0
6.211 -5.5739999 1.096 13
6.244 -5.7150002 0.889 11
6.131 -5.059 1.5089999 11
0.97899997 -0.82099998 0.204 1
6.165 -5.2750001 1.058 12
6.1890001 -5.3959999 0.85399997 12
6.1009998 -4.8109999 1.469 12
1.012 -0.81099999 0.206 1
6.1220002 -4.9970002 1.024 14
6.1500001 -5.1090002 0.82499999 13
6.0700002 -4.5749998 1.433 11
1.053 -0.80500001 0.20999999 1
6.099 -4.7459998 0.995 14
6.0999999 -4.823 0.79500002 12
1.112 -0.801 0.257 1
1.1 -0.80199999 0.215 2
1.103 -0.81699997 0.175 1
6.0799999 -4.5739999 0.77100003 11
6.0050001 -4.1269999 1.364 9
0 0 0 0
6.039 -4.263 0.94099998 16
1.119 -0.801 0.138 2
6.0019999 -3.937 1.339 4
0 0 0 0
6.0079999 -4.0339999 0.91500002 17
0 0 0 0
5.9450002 -3.717 1.303 12
1.2460001 -0.78500003 0.229 1
5.9759998 -3.8139999 0.89099997 18
0 0 0 0
5.9219999 -3.5220001 1.275 12
5.921 -3.546 1.0700001 10
5.9510002 -3.602 0.86799997 16
5.947 -3.635 0.68300003 9
5.8940001 -3.3329999 1.248 11
5.901 -3.3540001 1.0470001 15
5.9169998 -3.395 0.84600002 17
5.9229999 -3.427 0.66500002 14
5.8800001 -3.1570001 1.225 12
5.8660002 -3.161 1.023 15
5.8870001 -3.1960001 0.82599998 14
5.8759999 -3.214 0.64600003 11
5.862 -2.9849999 1.202 12
5.8530002 -2.9860001 1.0039999 14
5.8470001 -3 0.80500001 9
5.8730001 -3.03 0.63200003 15
5.8340001 -2.813 1.179 13
5.8280001 -2.809 0.98299998 13
5.8439999 -2.8299999 0.79100001 2
5.8449998 -2.8410001 0.61799997 13
5.7979999 -2.641 1.154 14
5.8099999 -2.641 0.96499997 14
5.8299999 -2.655 0.77600002 0
5.7880001 -2.6429999 0.60000002 9
5.7859998 -2.484 1.135 14
5.7870002 -2.474 0.94700003 14
5.8319998 -2.493 0.76300001 0
5.8039999 -2.48 0.59100002 11
5.7820001 -2.332 1.118 12
5.7659998 -2.3099999 0.92900002 13
5.7789998 -2.309 0.74400002 2
5.744 -2.2920001 0.57499999 8
5.737 -2.1700001 1.094 13
5.7509999 -2.155 0.91399997 12
5.7379999 -2.1389999 0.72799999 6
5.723 -2.1240001 0.56400001 8
5.7069998 -2.017 1.074 8
3.5150001 -1.226 0.551 0
5.724 -1.982 0.71600002 10
5.7119999 -1.965 0.55400002 14
5.7090001 -1.8789999 1.061 11
5.7020001 -1.846 0.88200003 11
5.7069998 -1.829 0.70499998 11
5.678 -1.803 0.54299998 7
5.6719999 -1.7309999 1.041 13
5.677 -1.698 0.86799997 11
5.6810002 -1.675 0.69199997 11
5.678 -1.653 0.537 9
5.6479998 -1.59 1.024 5
5.6799998 -1.559 0.85699999 8
5.6440001 -1.521 0.67900002 7
5.6500001 -1.497 0.52700001 2
5.5999999 -1.4450001 1.0039999 4
5.632 -1.408 0.83999997 4
0 0 0 0
2.54 -0.60600001 0.233 3
5.6079998 -1.3150001 0.99299997 10
5.6360002 -1.273 0.83099997 8
0 0 0 0
5.5939999 -1.194 0.509 12
5.5939999 -1.183 0.98000002 13
5.5879998 -1.13 0.815 5
5.566 -1.084 0.64700001 14
5.573 -1.049 0.50199997 15
5.586 -1.053 0.96799999 14
5.552 -0.99299997 0.80199999 3
5.5650001 -0.949 0.64099997 16
5.5560002 -0.90600002 0.49599999 16
5.5450001 -0.92199999 0.95099998 15
5.552 -0.86400002 0.79400003 15
5.5320001 -0.81 0.63099998 16
5.4910002 -0.76099998 0.48699999 17
5.526 -0.79400003 0.93900001 16
5.473 -0.72500002 0.77499998 14
5.3400002 -0.65499997 0.60399997 4
5.3410001 -0.60900003 0.47 11
5.5100002 -0.66900003 0.92699999 15
5.3119998 -0.57999998 0.74599999 16
5.2779999 -0.52200001 0.59299999 11
5.4679999 -0.48800001 0.477 16
3.947 -0.38999999 0.65700001 2
5.3130002 -0.458 0.73900002 16
5.4640002 -0.40900001 0.60900003 2
5.4120002 -0.352 0.47 3
5.4920001 -0.42199999 0.90700001 98
5.4510002 -0.345 0.75300002 3
5.4689999 -0.28 0.60500002 4
5.4650002 -0.221 0.472 91
5.474 -0.30000001 0.89600003 95
5.4260001 -0.219 0.74400002 45
5.4429998 -0.15099999 0.59899998 91
5.178 -0.083999999 0.44499999 15
5.3740001 -0.175 0.87199998 19
5.1799998 -0.092 0.70499998 17
5.3169999 -0.023 0.58200002 28
5.2160001 0.039000001 0.447 45
5.1059999 -0.056000002 0.82200003 28
5.145 0.024 0.69599998 121
5.0780001 0.096000001 0.55299997 39
5.1170001 0.163 0.43799999 53
5.381 0.059 0.85900003 73
5.0669999 0.14 0.68099999 103
5.1360002 0.21799999 0.55699998 60
5.3200002 0.29800001 0.45500001 86
5.3379998 0.175 0.847 71
5.1030002 0.25799999 0.68099999 150
5.3140001 0.35299999 0.574 78
3.4289999 0.27599999 0.292 37
3.8870001 0.215 0.611 0
3.3310001 0.244 0.44299999 34
3.448 0.31099999 0.37099999 33
5.3140001 0.55900002 0.45300001 138
3.2609999 0.252 0.50999999 30
3.2639999 0.31400001 0.43099999 150
4.5279999 0.51499999 0.48699999 87
5.2930002 0.68599999 0.45199999 97
3.2590001 0.32499999 0.50599998 41
3.256 0.389 0.42899999 150
4.513 0.62199998 0.484 86
5.2680001 0.81300002 0.45100001 94
3.2390001 0.39399999 0.5 57
3.2379999 0.461 0.42500001 150
4.4959998 0.727 0.48199999 78
5.257 0.94099998 0.45100001 95
3.2360001 0.46700001 0.49599999 90
3.233 0.53600001 0.42300001 150
4.4819999 0.83399999 0.47999999 76
5.2340002 1.068 0.45100001 91
3.2190001 0.53799999 0.491 76
3.2249999 0.61000001 0.41999999 150
4.4629998 0.93900001 0.479 77
4.302 0.98799998 0.37200001 30
3.2149999 0.611 0.48800001 83
3.2049999 0.68400002 0.41600001 150
4.2880001 1.0089999 0.46000001 23
3.3469999 0.85399997 0.29100001 36
3.2030001 0.68199998 0.484 83
3.191 0.75700003 0.414 150
3.3599999 0.875 0.361 33
5.1939998 1.46 0.454 100
3.188 0.75300002 0.479 83
3.247 0.84899998 0.421 89
5.1859999 1.482 0.55900002 100
5.1680002 1.59 0.45500001 105
3.181 0.82700002 0.47600001 31
5.184 1.484 0.671 81
5.1599998 1.605 0.55800003 95
5.1570001 1.722 0.458 96
3.9000001 1.1059999 0.58200002 0
5.158 1.604 0.66799998 98
5.1490002 1.737 0.55900002 86
5.1300001 1.852 0.46000001 93
5.1669998 1.59 0.76800001 94
5.1469998 1.73 0.66600001 96
5.1230001 1.863 0.55900002 95
1.7130001 0.66600001 0.155 6
5.1589999 1.714 0.76499999 94
5.1259999 1.855 0.66399997 95
1.675 0.65399998 0.183 9
1.6799999 0.69999999 0.153 2
5.132 1.834 0.759 94
1.623 0.63 0.20999999 14
1.571 0.65700001 0.17299999 9
1.617 0.72000003 0.149 3
1.6440001 0.62900001 0.242 10
1.497 0.62099999 0.19400001 16
1.499 0.66900003 0.16599999 8
5.0650001 2.404 0.47400001 31
1.474 0.602 0.21699999 13
1.388 0.61299998 0.18099999 14
1.398 0.66299999 0.156 1
3.7119999 1.873 0.352 1
1.351 0.58700001 0.198 30
1.3329999 0.625 0.17399999 21
1.365 0.68699998 0.154 1
0 0 0 0
5.0500002 2.329 0.74199998 12
1.323 0.65799999 0.17299999 12
1.381 0.73699999 0.15700001 3
0 0 0 0
1.345 0.65700001 0.197 2
1.3200001 0.69499999 0.17399999 59
1.4349999 0.81 0.16500001 2
0 0 0 0
1.332 0.68800002 0.19499999 5
1.308 0.727 0.17299999 12
1.58 0.94099998 0.183 13
4.0380001 2.5510001 0.40799999 0
1.324 0.722 0.19400001 8
1.316 0.77200001 0.175 54
1.556 0.977 0.183 3
0 0 0 0
1.317 0.75700003 0.193 57
1.314 0.81199998 0.176 43
1.416 0.93599999 0.168 1
4.9000001 3.4360001 0.51499999 67
1.3150001 0.796 0.193 150
1.308 0.85100001 0.176 32
1.441 1.002 0.17399999 4
0 0 0 0
1.3099999 0.833 0.193 89
1.3200001 0.90200001 0.17900001 29
1.3839999 1.012 0.169 4
0 0 0 0
1.3 0.86900002 0.192 70
1.3099999 0.94 0.17900001 11
1.294 0.99400002 0.16 2
4.8449998 3.9449999 0.54299998 21
1.296 0.90899998 0.192 62
1.29 0.972 0.178 48
4.848 3.9070001 0.61199999 23
2.2 1.881 0.252 26
1.29 0.949 0.192 56
4.8600001 3.8399999 0.67900002 23
2.326 1.966 0.29800001 5
2.086 1.872 0.245 45
1.281 0.98699999 0.191 2
4.8309999 4.0009999 0.68199998 22
2.125 1.8839999 0.27700001 40
1.974 1.858 0.23800001 48
4.8509998 3.9189999 0.72899997 24
2.175 1.887 0.31099999 44
2.02 1.878 0.26899999 46
1.8710001 1.848 0.23199999 55
2.2290001 1.886 0.33700001 6
2.0699999 1.882 0.29899999 43
1.908 1.859 0.259 51
1.777 1.841 0.226 56
2.1240001 1.882 0.32300001 44
1.957 1.863 0.287 52
1.808 1.847 0.25099999 49
0.88200003 0.958 0.116 1
2.0190001 1.8710001 0.30899999 42
1.857 1.852 0.27599999 55
1.726 1.848 0.245 40
0 0 0 0
1.913 1.857 0.29499999 50
1.7690001 1.847 0.26699999 57
1.018 1.143 0.148 2
1.512 1.8099999 0.212 12
1.818 1.846 0.28299999 55
0.87699997 0.95999998 0.134 0
1.526 1.796 0.228 13
1.431 1.799 0.207 58
1.7309999 1.839 0.27200001 52
0.99900001 1.145 0.156 1
1.467 1.811 0.22499999 45
1.355 1.789 0.20299999 54
0.84500003 0.94 0.134 150
1.512 1.817 0.241 43
1.387 1.7970001 0.219 50
1.283 1.78 0.2 57
0 0 0 0
1.429 1.798 0.23199999 37
1.318 1.793 0.214 55
1.216 1.774 0.197 56
0.82300001 1.0039999 0.134 0
0 0 0 0
1.248 1.783 0.20900001 54
1.153 1.771 0.19400001 53
0.78100002 0.99800003 0.12899999 0
1.291 1.79 0.22 11
1.182 1.776 0.205 57
1.09 1.765 0.192 28
1.332 1.786 0.223 28
1.22 1.776 0.213 45
1.115 1.765 0.2 55
0 0 0 0
1.268 1.785 0.21600001 38
1.154 1.767 0.207 49
0 0 0 0
0.97500002 1.76 0.18799999 5
1.202 1.776 0.20900001 52
1.096 1.767 0.20200001 26
0.99599999 1.753 0.193 2
0 0 0 0
1.135 1.763 0.20100001 63
0 0 0 0
0 0 0 0
0.86900002 1.76 0.186 15
1.082 1.7690001 0.19599999 9
0.977 1.751 0.192 7
0.89099997 1.756 0.18799999 7
0.81 1.743 0.183 74
0 0 0 0
0 0 0 0
0.83600003 1.747 0.185 59
0.75599998 1.733 0.18099999 64
0.96499997 1.753 0.183 1
0.87099999 1.747 0.184 10
0.78500003 1.743 0.183 58
0.70599997 1.729 0.18000001 75
0.90899998 1.747 0.177 9
0.82200003 1.751 0.18000001 50
0.736 1.743 0.18099999 63
0.65799999 1.726 0.17900001 58
0.87300003 1.777 0.175 44
0.77600002 1.758 0.178 55
0.68599999 1.737 0.178 64
0 0 0 0
0.824 1.78 0.171 57
0.73299998 1.77 0.176 57
0.64300001 1.748 0.178 50
0.565 1.72 0.177 14
0.773 1.778 0.16599999 64
0.68400002 1.767 0.17299999 71
0.49200001 1.441 0.145 3
0.51800001 1.714 0.176 62
0.722 1.771 0.161 76
0.63099998 1.75 0.168 52
0.55500001 1.758 0.176 14
0.47400001 1.711 0.176 66
0.671 1.763 0.156 47
0.58700001 1.7539999 0.16599999 8
0.50700003 1.748 0.17299999 69
0 0 0 0
0.42199999 1.192 0.103 2
0.54000002 1.75 0.163 62
0.46200001 1.745 0.17200001 60
0 0 0 0
0 0 0 0
0.49599999 1.75 0.161 59
0 0 0 0
0.17299999 0.852 0.088 5
0 0 0 0
0.45100001 1.745 0.15800001 20
0.37400001 1.7359999 0.169 11
0 0 0 0
0 0 0 0
0 0 0 0
0 0 0 0
0.41600001 2.688 0.278 11
0 0 0 0
0.183 0.87800002 0.077 40
0 0 0 0
0.34999999 2.6719999 0.27700001 55
0 0 0 0
0 0 0 0
0.38499999 2.6830001 0.259 18
0.24600001 2.2939999 0.23899999 3
0.17399999 0.85600001 0.064000003 5
0.433 2.6900001 0.23199999 3
0.31999999 2.674 0.257 4
0 0 0 0
0 0 0 0
0.366 2.671 0.228 115
0.223 2.3139999 0.222 3
0 0 0 0
0.41600001 2.6819999 0.193 21
0.26199999 2.3139999 0.19599999 0
0 0 0 0
0 0 0 0
0.34900001 2.6700001 0.18799999 58
0.336 3.74 0.31400001 5
0 0 0 0
0.059 4.1820002 0.44400001 53
0.24699999 2.303 0.15899999 7
0.25099999 3.8010001 0.31600001 34
0.109 4.1630001 0.39899999 45
-0.023 2.615 0.27900001 4
0.31299999 3.7509999 0.25400001 31
0 0 0 0
0.0070000002 2.5550001 0.245 0
-0.082999997 2.615 0.28099999 94
0.23100001 3.8740001 0.257 19
0.079999998 4.1370001 0.338 6
-0.052000001 2.612 0.25 44
-0.23 4.1680002 0.44999999 3
0.149 4.1269999 0.26899999 26
-0.016000001 4.1220002 0.33500001 33
-0.113 2.6099999 0.25099999 34
-0.38600001 4.921 0.53600001 12
0.050999999 4.112 0.26300001 52
-0.071000002 2.602 0.20999999 106
-0.329 4.9229999 0.47400001 14
-0.498 4.9060001 0.53799999 12
-0.024 2.1960001 0.138 56
-0.131 2.5869999 0.207 126
-0.37900001 4.2049999 0.40599999 46
-0.32300001 2.592 0.287 49
-0.075999998 2.191 0.13500001 63
-0.185 2.494 0.199 2
-0.47499999 4.184 0.405 45
-0.198 1.335 0.149 8
-0.127 2.1860001 0.133 57
-0.23899999 2.447 0.19400001 4
-0.35299999 2.5780001 0.25 86
-0.229 1.334 0.15000001 2
-0.17900001 2.184 0.13 58
-0.31 2.5510001 0.20200001 150
-0.414 2.5739999 0.25099999 7
0 0 0 0
-0.23100001 2.1789999 0.12800001 49
-0.37 2.5469999 0.20100001 150
-0.28400001 1.5420001 0.15099999 7
-0.289 1.318 0.15099999 7
-0.285 2.191 0.127 88
-0.69800001 4.119 0.324 10
0 0 0 0
-0.315 1.2920001 0.15000001 11
-0.338 2.188 0.125 5
-0.31799999 1.642 0.12899999 4
-0.34900001 1.499 0.148 1
0 0 0 0
-0.29499999 1.648 0.093000002 151
0 0 0 0
0 0 0 0
-0.375 1.28 0.152 2
0 0 0 0
0 0 0 0
0 0 0 0
-0.40099999 1.2640001 0.15099999 67
-0.921 4.033 0.222 3
0 0 0 0
-0.40599999 1.323 0.134 0
0 0 0 0
-1.018 4.0110002 0.21799999 47
0 0 0 0
-0.43200001 1.2970001 0.132 5
0 0 0 0
0 0 0 0
-0.50800002 1.594 0.125 1
-0.34999999 0.977 0.1 0
-0.49599999 1.257 0.15700001 28
-0.64899999 2.1259999 0.113 0
0 0 0 0
-0.49000001 1.272 0.132 3
-0.52700001 1.252 0.15800001 2
-1.311 3.9519999 0.208 11
0 0 0 0
-0.51800001 1.258 0.132 3
-0.57800001 1.289 0.16500001 53
0 0 0 0
-0.65399998 1.642 0.13 8
-0.54799998 1.25 0.133 6
-0.58200002 1.224 0.15899999 9
0 0 0 0
-0.76300001 1.791 0.14300001 46
-0.56599998 1.212 0.13 0
-1.086 2.155 0.285 9
0 0 0 0
-0.81300002 1.7920001 0.14399999 41
-1.072 2.164 0.235 53
-2.1530001 4.0419998 0.54299998 42
-0.90399998 2.0469999 0.105 12
-0.89499998 1.855 0.149 161
-2.2060001 4.21 0.46399999 16
-2.592 4.6110001 0.63 85
-0.98299998 2.089 0.107 2
-0.95700002 1.869 0.152 156
-2.562 4.6240001 0.51599997 8
-1.097 1.852 0.257 49
-0.98199999 1.962 0.1 3
-1.0369999 1.915 0.15700001 132
-1.099 1.88 0.213 29
-2.76 4.4299998 0.62599999 111
-0.991 1.8660001 0.093999997 1
-1.082 1.89 0.156 58
-1.1160001 1.812 0.208 8
-2.888 4.4089999 0.63499999 98
-1.033 1.8380001 0.093000002 3
-1.097 1.814 0.15099999 27
-2.8529999 4.4050002 0.514 98
-3.049 4.434 0.64999998 150
-1.063 1.788 0.090000004 114
-2.8110001 4.4130001 0.373 99
-2.9890001 4.3889999 0.51999998 98
-3.1300001 4.3400002 0.64899999 52
-2.77 4.414 0.22400001 96
-2.9489999 4.3969998 0.375 96
-3.2349999 4.5240002 0.54500002 150
-3.3 4.3639998 0.66600001 58
-2.908 4.3969998 0.22400001 94
-3.2190001 4.5630002 0.39399999 116
-3.2360001 4.3130002 0.52899998 54
-3.4089999 4.3039999 0.67000002 64
-3.151 4.5219998 0.23100001 150
-2.9790001 4.02 0.352 33
-3.382 4.2979999 0.537 74
-3.615 4.3600001 0.69300002 13
-3.0480001 4.1560001 0.213 20
-3.161 4.0640001 0.361 64
-2.569 3.115 0.39700001 32
-3.592 4.138 0.67299998 7
-2.046 2.6530001 0.13699999 0
-2.5309999 3.099 0.27900001 59
-2.539 2.9400001 0.382 47
0 0 0 0
-2.507 3.0940001 0.161 150
-2.507 2.9260001 0.26800001 58
-2.513 2.777 0.368 51
0 0 0 0
-1.998 2.348 0.123 9
-2.4809999 2.7620001 0.25799999 66
-2.493 2.631 0.35600001 73
0 0 0 0
-1.971 2.2060001 0.117 150
-2.467 2.6199999 0.249 96
-2.562 2.5829999 0.35800001 138
0 0 0 0
-1.957 2.086 0.111 87
-2.543 2.5769999 0.25 126
-2.5380001 2.444 0.347 78
0 0 0 0
-1.913 1.943 0.105 59
-2.516 2.4319999 0.241 82
-2.527 2.3239999 0.338 68
0 0 0 0
-1.898 1.837 0.101 60
-2.5020001 2.3069999 0.234 74
-2.5179999 2.2119999 0.33000001 80
-2.53 2.1289999 0.412 23
-1.886 1.739 0.097000003 71
-2.4920001 2.191 0.227 82
-2.5009999 2.0969999 0.32100001 68
-2.5039999 2.013 0.40099999 37
-1.877 1.648 0.093999997 76
-2.4690001 2.0699999 0.22 78
-2.483 1.987 0.31299999 82
-2.46 1.888 0.38800001 76
-1.867 1.561 0.090999998 75
-2.447 1.955 0.213 109
-2.4349999 1.86 0.30199999 88
-2.4430001 1.79 0.37900001 92
-1.86 1.48 0.088 83
-2.405 1.831 0.206 150
-2.421 1.763 0.29499999 92
-2.434 1.702 0.37200001 99
-1.841 1.393 0.085000001 67
-2.3889999 1.732 0.2 150
-2.4119999 1.673 0.289 92
-2.434 1.622 0.36700001 92
-1.868 1.344 0.083999999 75
-2.3740001 1.637 0.19499999 150
-2.4000001 1.585 0.28299999 100
-2.414 1.533 0.359 96
-1.956 1.337 0.086999997 78
-2.378 1.559 0.192 115
-2.3959999 1.505 0.27900001 101
-2.4000001 1.45 0.352 93
-2.0550001 1.332 0.089000002 71
-2.3710001 1.476 0.189 102
-2.3659999 1.4119999 0.271 116
-2.3789999 1.3660001 0.345 135
-2.145 1.318 0.090999998 71
-2.3540001 1.3890001 0.184 107
-2.3699999 1.342 0.26800001 118
-2.391 1.303 0.34200001 125
-2.2449999 1.3049999 0.093999997 67
-2.349 1.313 0.18099999 125
-2.405 1.29 0.26899999 76
-2.474 1.278 0.34999999 13
-2.355 1.294 0.097000003 86
-2.431 1.285 0.185 79
0 0 0 0
-3.2869999 1.608 0.46000001 9
-2.4779999 1.284 0.1 58
-2.7880001 1.39 0.20900001 5
0 0 0 0
-3.283 1.516 0.45500001 9
-2.803 1.368 0.112 85
0 0 0 0
0 0 0 0
-3.267 1.4220001 0.44800001 11
-2.9419999 1.348 0.117 4
0 0 0 0
0 0 0 0
-3.2449999 1.3279999 0.44100001 8
-3.069 1.317 0.12 3
0 0 0 0
-3.2390001 1.288 0.34200001 12
-6.9310002 2.658 0.93199998 63
-3.237 1.2970001 0.126 12
0 0 0 0
-6.9180002 2.5699999 0.72399998 25
-6.8930001 2.471 0.91900003 68
-3.402 1.268 0.131 0
0 0 0 0
-6.8759999 2.378 0.713 33
-6.8759999 2.296 0.90899998 71
0 0 0 0
0 0 0 0
-6.8709998 2.2030001 0.70700002 66
-6.849 2.118 0.89700001 74
0 0 0 0
-6.2719998 1.927 0.44 1
-6.842 2.023 0.69800001 70
-6.8210001 1.946 0.88700002 69
-6.2140002 1.8150001 0.236 47
-6.1869998 1.744 0.43099999 57
-6.4219999 1.742 0.65100002 7
-6.8060002 1.781 0.87800002 59
-6.1869998 1.646 0.235 55
-6.1630001 1.581 0.42699999 67
0 0 0 0
-6.6939998 1.594 0.85699999 13
-6.1599998 1.48 0.234 71
-6.1420002 1.423 0.42300001 65
0 0 0 0
0 0 0 0
0 0 0 0
0 0 0 0
0 0 0 0
0 0 0 0
0 0 0 0
0 0 0 0
0 0 0 0
0 0 0 0
0 0 0 0
-3.7939999 0.602 0.25799999 7
-3.7869999 0.57700002 0.37099999 6
0 0 0 0
-3.8310001 0.53500003 0.146 8
-3.8310001 0.51599997 0.25999999 8
-3.836 0.49599999 0.37400001 8
-3.793 0.47099999 0.47 9
-5.4559999 0.62800002 0.20900001 16
-3.855 0.428 0.26100001 9
-3.8110001 0.405 0.37 7
-3.7739999 0.384 0.465 6
-3.8699999 0.35100001 0.149 7
-3.8610001 0.33700001 0.26100001 6
-3.852 0.32100001 0.373 7
-3.8150001 0.303 0.46799999 9
-6.6149998 0.43900001 0.257 134
-6.6090002 0.421 0.44600001 114
-6.651 0.40200001 0.64200002 26
-6.7729998 0.38999999 0.82700002 16
-10.44 0.44 0.40799999 15
-2.085 0.083999999 0.14 14
-2.0280001 0.075999998 0.19499999 36
-2.0079999 0.071000002 0.244 45
-2.0369999 0.035999998 0.079999998 50
-2.013 0.033 0.13500001 51
-1.997 0.029999999 0.191 51
-1.9960001 0.026000001 0.241 54
-2.0350001 -0.012 0.081 44
-2.036 -0.013 0.13699999 40
-2.0369999 -0.015 0.19400001 47
-2.026 -0.017000001 0.244 47
-9.1470003 -0.27599999 0.368 3
-9.1610003 -0.273 0.62 2
-9.1890001 -0.27700001 0.87599999 3
-2.052 -0.063000001 0.24600001 20
-9.1099997 -0.495 0.37099999 24
-9.1110001 -0.486 0.61699998 27
-1.9069999 -0.1 0.18099999 24
-1.86 -0.097999997 0.222 47
-1.925 -0.15099999 0.079000004 40
-1.887 -0.145 0.12800001 40
-1.857 -0.14 0.176 49
-1.824 -0.13600001 0.21699999 49
-1.9170001 -0.197 0.079999998 43
-1.876 -0.18799999 0.127 37
-1.848 -0.18099999 0.175 43
-1.821 -0.176 0.21600001 48
-1.9400001 -0.24600001 0.082000002 28
-1.901 -0.236 0.13 34
-1.875 -0.227 0.178 37
-1.882 -0.22400001 0.223 34
-6.559 -0.995 0.28200001 15
-6.5450001 -0.96799999 0.44999999 16
-7.585 -1.095 0.72100002 34
-6.6570001 -0.94199997 0.78799999 33
-6.5170002 -1.151 0.28400001 8
-6.507 -1.118 0.449 9
-6.52 -1.0930001 0.62 9
-6.5170002 -1.0700001 0.76899999 125
-6.3340001 -1.275 0.28099999 56
-6.3639998 -1.248 0.442 19
-6.4780002 -1.237 0.616 9
-6.5050001 -1.216 0.76599997 6
-6.4790001 -1.467 0.29300001 4
-6.4770002 -1.427 0.45199999 7
-6.4790001 -1.391 0.616 6
-6.506 -1.365 0.76499999 5
-6.414 -1.6160001 0.29499999 2
-6.4369998 -1.577 0.45300001 3
-6.4629998 -1.541 0.616 8
-6.4749999 -1.5089999 0.75999999 4
-6.2979999 -1.749 0.29499999 6
-6.1929998 -1.6720001 0.43900001 8
-6.1960001 -1.626 0.59200001 8
-6.2880001 -1.612 0.73699999 4
-6.316 -1.9170001 0.301 6
-6.3000002 -1.859 0.44999999 7
-6.3150001 -1.8099999 0.60500002 6
-6.3270001 -1.771 0.741 5
-6.2969999 -2.0780001 0.30700001 4
0 0 0 0
-6.3000002 -1.962 0.60500002 6
-6.3150001 -1.918 0.74000001 5
-4.3429999 -1.55 0.21600001 2
0 0 0 0
-6.277 -2.112 0.60500002 8
-6.296 -2.066 0.73699999 4
0 0 0 0
-6.2220001 -2.3199999 0.45699999 1
0 0 0 0
-4.3670001 -1.54 0.51099998 0
0 0 0 0
0 0 0 0
0 0 0 0
0 0 0 0
0 0 0 0
0 0 0 0
0 0 0 0
0 0 0 0
0 0 0 0
0 0 0 0
0 0 0 0
0 0 0 0
0 0 0 0
0 0 0 0
0 0 0 0
0 0 0 0
0 0 0 0
0 0 0 0
0 0 0 0
0 0 0 0
0 0 0 0
0 0 0 0
0 0 0 0
0 0 0 0
0 0 0 0
-5.4530001 -3.1199999 0.43700001 0
0 0 0 0
0 0 0 0
0 0 0 0
-2.0680001 -1.248 0.168 2
0 0 0 0
0 0 0 0
0 0 0 0
0 0 0 0
0 0 0 0
-2.0969999 -1.252 0.249 0
0 0 0 0
0 0 0 0
0 0 0 0
0 0 0 0
0 0 0 0
0 0 0 0
0 0 0 0
0 0 0 0
0 0 0 0
0 0 0 0
0 0 0 0
0 0 0 0
0 0 0 0
0 0 0 0
0 0 0 0
0 0 0 0
0 0 0 0
0 0 0 0
0 0 0 0
0 0 0 0
0 0 0 0
0 0 0 0
0 0 0 0
0 0 0 0
0 0 0 0
0 0 0 0
-3.3050001 -2.839 0.36199999 1
0 0 0 0
-5.8870001 -5.7150002 0.48500001 20
0 0 0 0
0 0 0 0
0 0 0 0
-5.835 -5.9380002 0.498 18
0 0 0 0
0 0 0 0
0 0 0 0
-5.8270001 -6.2179999 0.51700002 19
0 0 0 0
-5.8860002 -5.7979999 0.67299998 23
0 0 0 0
-5.7589998 -6.4419999 0.52999997 17
0 0 0 0
-5.8470001 -6.0250001 0.67900002 21
-5.8540001 -5.823 0.74000001 22
-5.7340002 -6.7270002 0.54799998 14
-5.4959998 -6.1830001 0.58600003 0
-5.7909999 -6.2480001 0.68300003 18
-5.809 -6.0440001 0.741 19
-5.7249999 -7.0450001 0.56999999 7
-5.4450002 -6.4200001 0.59600002 0
-5.7690001 -6.513 0.69300002 19
-5.777 -6.2849998 0.74400002 20
-5.6750002 -7.3270001 0.58899999 2
-5.4190001 -6.6960001 0.611 0
-5.7670002 -6.816 0.70499998 20
-5.7420001 -6.5300002 0.74800003 20
0 0 0 0
-5.3670001 -6.9530001 0.62400001 0
-5.6830001 -7.0339999 0.708 16
-5.7150002 -6.802 0.75199997 17
0 0 0 0
-5.3210001 -7.2319999 0.63800001 1
-5.6550002 -7.336 0.72000003 16
-5.678 -7.073 0.75599998 19
0 0 0 0
-5.316 -7.5830002 0.65799999 1
-5.6079998 -7.6269999 0.72899997 1
-5.6459999 -7.3639998 0.76300001 18
0 0 0 0
-5.5359998 -8.302 0.70999998 3
-5.4510002 -7.7800002 0.72500002 1
0 0 0 0
0 0 0 0
0 0 0 0
-5.54 -8.302 0.755 14
0 0 0 0
-0.565 -0.991 0.077 0
-0.583 -0.96899998 0.079999998 0
0 0 0 0
-5.52 -8.3079996 0.77899998 15
-0.528 -0.97799999 0.075999998 4
-0.56999999 -0.99800003 0.081 0
-0.58200002 -0.96499997 0.082999997 0
0 0 0 0
-0.49900001 -0.977 0.075999998 4
-0.528 -0.97600001 0.079000004 3
-0.57300001 -1 0.083999999 0
-0.57999998 -0.96399999 0.085000001 0
-0.46900001 -0.97399998 0.075000003 6
-0.498 -0.97299999 0.077 3
-0.53100002 -0.97799999 0.081 3
-0.56999999 -0.99800003 0.085000001 0
-0.43700001 -0.96499997 0.075000003 7
-0.46799999 -0.96899998 0.075999998 5
-0.50199997 -0.977 0.079000004 4
-0.52999997 -0.97899997 0.081 3
-0.40200001 -0.94599998 0.072999999 1
-0.43700001 -0.96100003 0.075000003 6
-0.47299999 -0.97399998 0.077 5
-0.50400001 -0.98299998 0.078000002 4
-0.38999999 -0.98000002 0.075999998 0
-0.40000001 -0.93800002 0.071999997 1
-0.44 -0.963 0.074000001 6
-0.46900001 -0.96899998 0.075000003 5
-0.38499999 -1.0369999 0.079999998 0
-0.39300001 -0.98199999 0.075000003 0
-0.40200001 -0.935 0.071000002 1
-0.44100001 -0.96499997 0.071999997 7
-0.37599999 -1.089 0.083999999 0
-0.38999999 -1.0420001 0.079000004 0
-0.39500001 -0.98000002 0.072999999 0
-0.405 -0.94300002 0.068999998 1
0 0 0 0
-0.382 -1.099 0.082000002 0
-0.38800001 -1.029 0.075000003 0
-0.39700001 -0.98299998 0.068999998 0
-0.296 -1.005 0.078000002 0
0 0 0 0
-0.38299999 -1.089 0.078000002 0
-0.389 -1.031 0.071000002 0
0 0 0 0
-0.30000001 -1.008 0.074000001 0
0 0 0 0
-0.37799999 -1.0779999 0.071999997 0
0 0 0 0
0 0 0 0
-0.301 -1.001 0.068999998 0
0 0 0 0
0 0 0 0
0 0 0 0
0 0 0 0
-0.301 -1.002 0.063000001 1
0 0 0 0
-4.138 -18.482 1.342 3
0 0 0 0
0 0 0 0
0 0 0 0
0 0 0 0
-4.2160001 -18.532 1.2130001 3
0 0 0 0
0 0 0 0
0 0 0 0
0 0 0 0
0 0 0 0
0 0 0 0
0 0 0 0
0 0 0 0
0 0 0 0
0 0 0 0
0 0 0 0
0 0 0 0
0 0 0 0
-2.345 -29.214001 2.358 9
0 0 0 0
0 0 0 0
0 0 0 0
-1.666 -29.156 2.3640001 10
0 0 0 0
0 0 0 0
0 0 0 0
-0.99599999 -29.009001 2.365 8
-1.749 -29.117001 2.0469999 10
0 0 0 0
0 0 0 0
-0.336 -28.915001 2.3729999 9
-1.073 -29.035999 2.033 9
-1.853 -29.120001 1.698 8
-2.5480001 -29.23 1.388 8
0.31900001 -28.809999 2.3789999 10
-0.41 -28.908001 2.02 10
-1.182 -29.02 1.668 8
-1.8710001 -29.179001 1.341 8
0.97799999 -28.76 2.3889999 15
0.24699999 -28.816999 2.0090001 13
-0.50999999 -28.940001 1.637 10
0 0 0 0
1.623 -28.622999 2.3940001 7
0.90899998 -28.736 1.999 9
0 0 0 0
0 0 0 0
2.267 -28.540001 2.405 14
1.562 -28.683001 1.992 9
0 0 0 0
0 0 0 0
2.9170001 -28.461 2.415 12
2.2090001 -28.579 1.984 10
1.466 -28.691999 1.553 8
0 0 0 0
3.5510001 -28.372999 2.427 9
0 0 0 0
2.125 -28.607 1.526 7
1.465 -28.722 1.115 9
0 0 0 0
0 0 0 0
0 0 0 0
2.131 -28.646 1.072 8
0 0 0 0
0 0 0 0
0 0 0 0
0 0 0 0
0 0 0 0
0 0 0 0
0 0 0 0
0.114 -0.94700003 0.032000002 0
6.1220002 -28.014999 2.477 9
0 0 0 0
0 0 0 0
0.13600001 -0.94400001 0.030999999 189
0 0 0 0
0 0 0 0
0 0 0 0
0.15899999 -0.94800001 0.029999999 0
0 0 0 0
5.0570002 -20.950001 1.457 4
6.0430002 -28.042 1.38 8
0 0 0 0
0 0 0 0
0 0 0 0
5.0349998 -21.007 1.021 5
0 0 0 0
0 0 0 0
0 0 0 0
0 0 0 0
0.99599999 -4.1300001 0.117 19
8.0690002 -23.739 2.204 6
3.9330001 -12.483 0.87400001 1
0 0 0 0
0 0 0 0
0 0 0 0
0 0 0 0
3.8829999 -12.357 0.579 1
0 0 0 0
0 0 0 0
0 0 0 0
7.6760001 -22.598 1.048 2
0.294 -0.92900002 0.022 0
0 0 0 0
0 0 0 0
0 0 0 0
0.31799999 -0.92900002 0.021 0
7.9070001 -17.820999 1.729 3
0 0 0 0
0 0 0 0
0.33899999 -0.92000002 0.02 0
7.7309999 -16.426001 1.614 3
0 0 0 0
0 0 0 0
0.36399999 -0.921 0.018999999 0
7.5640001 -15.173 1.508 4
0 0 0 0
0 0 0 0
0.38800001 -0.91799998 0.017999999 0
7.4390001 -14.125 1.4220001 5
7.5609999 -15.086 1.0880001 4
7.6550002 -16.129 0.70700002 3
0.41 -0.90799999 0.016000001 0
7.3299999 -13.195 1.346 5
7.402 -13.96 1.012 4
7.5009999 -14.897 0.64600003 3
0.43200001 -0.89999998 0.015 0
0 0 0 0
7.277 -13.003 0.949 4
7.3829999 -13.856 0.59500003 4
0 0 0 0
0 0 0 0
0 0 0 0
7.2529998 -12.886 0.54799998 4
0 0 0 0
6.9450002 -10.74 1.142 5
0 0 0 0
7.073 -11.914 0.50199997 2
0 0 0 0
6.8660002 -10.118 1.092 6
6.967 -10.67 0.796 2
7.0139999 -11.215 0.46799999 4
0 0 0 0
6.776 -9.5179996 1.043 6
6.8610001 -10.004 0.75300002 3
6.8850002 -10.458 0.43200001 4
0 0 0 0
6.7080002 -8.9940004 1.001 8
6.7750001 -9.4090004 0.71499997 5
6.7940001 -9.8120003 0.40200001 5
0 0 0 0
6.6500001 -8.5109997 0.96200001 7
6.6919999 -8.8640003 0.68000001 6
6.724 -9.2469997 0.37599999 2
0 0 0 0
6.5879998 -8.0570002 0.926 7
6.6139998 -8.3549995 0.64700001 7
6.6420002 -8.7019997 0.35100001 3
0 0 0 0
6.5180001 -7.6209998 0.89200002 10
6.5609999 -7.9130001 0.62 7
6.572 -8.2080002 0.329 4
0 0 0 0
6.4619999 -7.2249999 0.86000001 12
6.5009999 -7.4879999 0.59299999 7
6.5139999 -7.7610002 0.30899999 2
0 0 0 0
6.421 -6.8639998 0.83200002 11
6.4380002 -7.0840001 0.56800002 11
6.4629998 -7.3429999 0.28999999 3
0 0 0 0
6.3470001 -6.4910002 0.80199999 9
6.3969998 -6.7270002 0.546 10
6.4159999 -6.9549999 0.27200001 2
0 0 0 0
0 0 0 0
0 0 0 0
6.375 -6.5949998 0.257 1
5.5599999 -5.9089999 0.0040000002 0
0 0 0 0
6.2639999 -6.0110002 0.50199997 1
0 0 0 0
5.4879999 -5.5630002 -0.0040000002 1
6.2309999 -5.5739999 0.73199999 3
6.2360001 -5.7179999 0.484 15
0 0 0 0
5.4860001 -5.303 -0.011 0
6.1950002 -5.303 0.71200001 2
6.1939998 -5.4260001 0.46700001 14
0 0 0 0
5.4250002 -5 -0.017999999 1
6.1560001 -5.0359998 0.69199997 1
6.1440001 -5.1409998 0.44999999 12
0 0 0 0
5.3969998 -4.7399998 -0.025 0
6.1240001 -4.789 0.67299998 1
6.1129999 -4.882 0.435 15
0 0 0 0
5.349 -4.4770002 -0.029999999 1
1.105 -0.82499999 0.119 1
6.099 -4.645 0.42199999 16
0 0 0 0
3.7349999 -2.9760001 -0.025 2
1.107 -0.78899997 0.116 1
1.118 -0.81199998 0.075000003 16
1.094 -0.81300002 0.029999999 3
3.8770001 -2.941 -0.029999999 11
6.02 -4.092 0.62199998 5
0 0 0 0
0 0 0 0
1.118 -0.80699998 -0.0089999996 38
5.9840002 -3.8770001 0.60600001 7
0 0 0 0
0 0 0 0
0 0 0 0
5.9530001 -3.674 0.59100002 7
5.9590001 -3.7360001 0.37099999 17
1.239 -0.79299998 0.029999999 0
0 0 0 0
5.9229999 -3.4749999 0.57700002 13
5.9450002 -3.5420001 0.361 16
1.286 -0.77999997 0.028999999 1
4.5939999 -2.8369999 -0.052000001 10
5.901 -3.29 0.56400001 13
5.9029999 -3.3380001 0.34999999 17
1.355 -0.77899998 0.028999999 0
4.8039999 -2.809 -0.059 10
5.8720002 -3.1059999 0.551 14
5.8699999 -3.145 0.33899999 22
0 0 0 0
5 -2.7650001 -0.064000003 6
5.8499999 -2.9300001 0.53799999 14
5.8499999 -2.9649999 0.33000001 19
0 0 0 0
0 0 0 0
5.8249998 -2.7579999 0.52700001 13
5.8299999 -2.7880001 0.31999999 15
0 0 0 0
0 0 0 0
5.8140001 -2.598 0.51700002 12
5.8169999 -2.622 0.31200001 13
0 0 0 0
0 0 0 0
5.7870002 -2.4330001 0.505 12
5.7870002 -2.4519999 0.30399999 11
5.7610002 -2.47 0.097000003 4
0 0 0 0
5.7659998 -2.276 0.49399999 10
5.7579999 -2.286 0.29499999 13
5.2290001 -2.098 0.082999997 0
5.8429999 -2.3670001 -0.093999997 2
5.7340002 -2.119 0.484 10
3.632 -1.347 0.182 0
5.2010002 -1.946 0.078000002 0
0 0 0 0
5.717 -1.97 0.47400001 11
3.6110001 -1.247 0.177 0
0 0 0 0
0 0 0 0
5.6900001 -1.821 0.46399999 6
5.6989999 -1.823 0.273 11
0 0 0 0
5.177 -1.673 -0.090999998 1
5.6620002 -1.674 0.45300001 14
5.678 -1.675 0.266 10
5.1279998 -1.517 0.064999998 3
5.1279998 -1.522 -0.092 1
5.6269999 -1.53 0.44400001 16
5.6599998 -1.529 0.259 10
5.1079998 -1.382 0.061000001 0
5.1339998 -1.3890001 -0.094999999 2
5.599 -1.391 0.43399999 1
0 0 0 0
2.5320001 -0.62099999 0.028000001 61
2.5469999 -0.62400001 -0.048 3
5.6139998 -1.262 0.428 3
0 0 0 0
5.625 -1.2410001 0.059999999 1
5.6040001 -1.23 -0.108 4
5.4559999 -1.101 0.40900001 8
5.2389998 -1.039 0.22499999 19
5.0549998 -0.991 0.050000001 11
5.0320001 -0.977 -0.098999999 5
5.3039999 -0.94999999 0.39199999 7
5.1529999 -0.89899999 0.21600001 19
5.027 -0.86400002 0.046999998 12
5.0370002 -0.85299999 -0.101 10
5.2160001 -0.81599998 0.37900001 8
5.1209998 -0.77399999 0.20999999 18
5.0250001 -0.741 0.043000001 13
5.0089998 -0.72399998 -0.102 10
5.0289998 -0.67199999 0.359 12
5.0760002 -0.64899999 0.204 17
5.0019999 -0.61900002 0.041000001 14
4.9980001 -0.59899998 -0.103 13
5.0040002 -0.55599999 0.352 13
3.9579999 -0.414 0.156 9
4.9840002 -0.49700001 0.037 15
4.9829998 -0.47600001 -0.104 14
5.0050001 -0.44400001 0.34599999 15
5.0089998 -0.40900001 0.193 14
5.177 -0.39399999 0.035999998 0
5.2480001 -0.37400001 -0.111 0
5.4330001 -0.361 0.37 2
5.4629998 -0.32100001 0.206 5
5.4559999 -0.28600001 0.035 5
11.994 -0.56199998 -0.259 9
5.4660001 -0.243 0.366 94
5.4559999 -0.19599999 0.20100001 103
5.369 -0.156 0.032000002 106
4.9250002 -0.111 -0.107 84
4.9159999 -0.108 0.324 84
4.9109998 -0.064000003 0.177 105
4.9120002 -0.026000001 0.027000001 103
4.9000001 0.0060000001 -0.108 94
4.8930001 0 0.317 83
4.8979998 0.046999998 0.17299999 106
4.8990002 0.089000002 0.024 105
4.8899999 0.126 -0.109 92
4.8839998 0.107 0.31200001 92
4.8839998 0.15899999 0.169 103
4.8779998 0.20299999 0.022 101
4.8709998 0.243 -0.11 105
4.869 0.21600001 0.30500001 96
4.8610001 0.26899999 0.16500001 117
3.3570001 0.219 0.013 4
3.3180001 0.24600001 -0.075000003 34
4.855 0.32300001 0.29899999 107
3.3759999 0.264 0.112 32
4.5 0.40000001 0.016000001 13
4.7810001 0.47099999 -0.109 70
3.4130001 0.303 0.207 44
3.3829999 0.34299999 0.109 71
4.829 0.54400003 0.015 135
4.8249998 0.59399998 -0.111 123
3.4030001 0.37900001 0.20299999 61
3.368 0.41999999 0.107 77
4.816 0.65899998 0.013 144
4.8049998 0.70899999 -0.112 112
3.3900001 0.454 0.199 55
3.362 0.49700001 0.104 72
4.8010001 0.773 0.011 138
4.7870002 0.82700002 -0.112 120
3.382 0.52899998 0.19499999 54
3.349 0.574 0.101 72
4.7810001 0.88499999 0.0089999996 138
4.777 0.94400001 -0.113 106
3.369 0.60500002 0.19 58
3.335 0.65100002 0.098999999 69
4.77 1.001 0.0070000002 131
4.4619999 0.99400002 -0.106 18
3.3599999 0.68000001 0.18700001 24
3.322 0.72799999 0.096000001 71
4.724 1.108 0.0049999999 142
3.2349999 0.80400002 -0.077 40
3.342 0.75400001 0.182 61
3.3110001 0.80500001 0.093999997 62
3.2590001 0.84500003 0.0020000001 32
4.7309999 1.298 -0.114 107
3.3180001 0.82700002 0.178 36
3.2880001 0.88 0.090999998 7
4.7179999 1.344 0.0020000001 94
4.7129998 1.416 -0.114 84
4.7210002 1.289 0.248 108
4.7150002 1.378 0.127 104
4.7150002 1.464 0 110
4.6890001 1.534 -0.114 87
4.7160001 1.401 0.244 105
4.6960001 1.4910001 0.124 109
4.6869998 1.577 0 99
4.6789999 1.6569999 -0.114 75
4.6939998 1.51 0.23800001 89
4.6750002 1.603 0.12 87
4.6659999 1.6950001 -0.0020000001 67
4.6609998 1.778 -0.114 109
4.6729999 1.619 0.23199999 94
1.728 0.63700002 0.043000001 0
4.6550002 1.816 -0.0040000002 98
4.6350002 1.899 -0.114 88
4.6599998 1.732 0.227 79
4.6469998 1.836 0.114 99
4.625 1.9299999 -0.0049999999 124
1.29 0.565 -0.030999999 1
4.6339998 1.842 0.22 95
4.6259999 1.952 0.11 108
1.277 0.56900001 -0.001 1
0 0 0 0
4.6300001 1.961 0.21600001 98
1.2869999 0.57800001 0.028999999 1
4.6009998 2.1819999 -0.0080000004 93
0 0 0 0
4.6100001 2.075 0.20999999 12
4.5929999 2.1919999 0.103 96
3.7079999 1.867 -0.0080000004 10
0 0 0 0
4.5939999 2.194 0.204 91
3.7019999 1.873 0.081 10
4.3270001 2.3080001 -0.0099999998 0
0 0 0 0
3.6989999 1.8710001 0.16 9
4.2919998 2.2969999 0.090999998 0
4.0469999 2.2839999 -0.011 1
0 0 0 0
4.3010001 2.2969999 0.182 0
4.0469999 2.2869999 0.082999997 1
3.8940001 2.3199999 -0.011 12
0 0 0 0
4.053 2.2820001 0.167 0
3.8280001 2.2820001 0.075999998 14
4.0110002 2.52 -0.013 2
1.773 1.1670001 -0.044 7
3.8169999 2.2650001 0.153 14
4.0029998 2.5120001 0.077 1
1.791 1.1849999 -0.0060000001 6
0 0 0 0
0 0 0 0
1.789 1.181 0.033 3
4.4819999 3.1199999 -0.017000001 90
1.635 1.193 -0.039999999 22
1.794 1.177 0.068000004 0
4.4720001 3.105 0.079999998 99
1.6210001 1.187 -0.0060000001 44
1.277 0.98000002 -0.030999999 40
4.4780002 3.0840001 0.16500001 66
1.627 1.186 0.028000001 72
1.276 0.98100001 -0.0049999999 1
4.8730001 3.931 -0.121 0
1.645 1.189 0.057999998 15
4.4349999 3.391 0.072999999 62
4.8429999 3.9100001 -0.023 22
2.214 1.875 -0.054000001 81
4.4429998 3.3659999 0.153 84
4.8449998 3.8870001 0.077 23
2.21 1.872 -0.0099999998 34
2.1819999 1.941 -0.054000001 4
4.8520002 3.852 0.161 23
2.2279999 1.872 0.033 2
2.1900001 1.9450001 -0.011 24
3.5929999 3.352 -0.088 4
4.8569999 4.0380001 0.155 10
2.1949999 1.934 0.030999999 24
3.592 3.345 -0.018999999 14
3.8610001 3.78 -0.093999997 16
0 0 0 0
3.6029999 3.3239999 0.048999999 14
3.8440001 3.7539999 -0.022 11
0 0 0 0
4.197 3.8239999 0.123 18
4.0320001 3.898 0.052000001 4
3.902 3.9960001 -0.023 3
0 0 0 0
4.1220002 3.931 0.114 6
3.9349999 3.984 0.046999998 13
2.8610001 3.0710001 -0.017000001 17
1.013 1.146 -0.024 155
3.9849999 3.977 0.105 4
0 0 0 0
1.022 1.151 -0.0060000001 155
1.568 1.863 -0.037 2
0 0 0 0
1.012 1.124 0.0099999998 26
1.576 1.86 -0.0099999998 1
2.5929999 3.234 -0.061000001 22
1.023 1.118 0.023 1
0.98299998 1.1440001 0.0089999996 1
2.605 3.2260001 -0.017999999 18
2.0280001 2.6570001 -0.046999998 25
0.98699999 1.13 0.021 18
2.6340001 3.2130001 0.023 10
2.043 2.6559999 -0.014 5
3.1800001 4.3790002 -0.072999999 15
0 0 0 0
2.5439999 3.2550001 0.018999999 20
2.523 3.4449999 -0.017999999 2
2.7980001 4.0539999 -0.064000003 74
2.572 3.2290001 0.046999998 1
2.003 2.6889999 0.013 7
2.043 2.9319999 -0.016000001 7
2.957 4.5100002 -0.066 15
2.3740001 3.125 0.037999999 27
2.0669999 2.9119999 0.012 4
1.41 2.1300001 -0.011 2
0 0 0 0
3.187 4.4000001 0.045000002 14
2.8710001 4.2529998 0.013 63
2.872 4.566 -0.024 5
0 0 0 0
2.904 4.2080002 0.035 37
2.9170001 4.5450001 0.0099999998 16
0 0 0 0
0.96600002 1.733 -0.02 2
2.974 4.5289998 0.028999999 9
0 0 0 0
3.0480001 5.3940001 -0.027000001 3
0 0 0 0
0 0 0 0
0 0 0 0
0.935 1.75 -0.0080000004 44
1.161 2.3380001 -0.023 13
0 0 0 0
0.95099998 1.737 0 53
0.96100003 1.905 -0.0089999996 177
2.4779999 5.302 -0.048 21
3.023 5.3790002 0.0060000001 19
0.92699999 1.791 -0.001 3
2.523 5.3070002 -0.024 20
2.309 5.2610002 -0.043000001 21
0 0 0 0
2.592 5.3080001 -0.0089999996 2
2.3570001 5.2729998 -0.023 27
1.929 4.697 -0.034000002 56
1.17 2.326 -0.0040000002 31
2.4300001 5.2820001 -0.013 21
1.951 4.6550002 -0.02 66
0 0 0 0
2.5139999 5.2950001 -0.017999999 21
1.989 4.6020002 -0.014 37
0 0 0 0
0 0 0 0
2.3529999 5.2690001 -0.026000001 20
1.898 4.6890001 -0.017000001 39
0 0 0 0
0 0 0 0
1.955 4.664 -0.029999999 67
0.89499998 2.3699999 -0.0099999998 4
0 0 0 0
0 0 0 0
0 0 0 0
0 0 0 0
0 0 0 0
0 0 0 0
0 0 0 0
0 0 0 0
0 0 0 0
0 0 0 0
0 0 0 0
0 0 0 0
0 0 0 0
0 0 0 0
0 0 0 0
0 0 0 0
0 0 0 0
0 0 0 0
0 0 0 0
0 0 0 0
0 0 0 0
0.29800001 1.6720001 0 9
0 0 0 0
0 0 0 0
0 0 0 0
0.57599998 3.7309999 0.003 2
0.24699999 1.035 -0.016000001 20
0 0 0 0
0.61199999 3.7479999 -0.0099999998 0
0.48500001 3.7190001 0.0060000001 2
0 0 0 0
0.29699999 1.687 -0.015 2
0.51800001 3.7260001 -0.0089999996 4
0.244 2.2909999 0.0060000001 23
0.31799999 1.674 -0.030999999 0
0.56900001 3.7379999 -0.035999998 4
0.42699999 3.7 -0.0080000004 0
0 0 0 0
0 0 0 0
0.477 3.7160001 -0.037999999 4
0.34099999 3.7049999 -0.0080000004 0
0 0 0 0
0.528 3.714 -0.078000002 1
0.241 2.296 -0.024 36
0 0 0 0
0.14300001 3.971 0.02 0
0.442 3.7409999 -0.082999997 0
0 0 0 0
0.107 2.381 -0.0040000002 0
0.048999999 3.9130001 0.023 11
0.35100001 3.7060001 -0.086999997 0
0 0 0 0
0.106 4.9359999 -0.0070000002 14
-0.041000001 3.9119999 0.026000001 15
0 0 0 0
0.161 4.6919999 -0.057 37
-0.0089999996 4.9130001 -0.0060000001 0
-0.12800001 3.76 0.028999999 10
0.112 2.3729999 -0.061000001 150
0.050999999 4.6760001 -0.059999999 47
-0.117 4.684 -0.0049999999 54
-0.207 3.6040001 0.029999999 42
0.111 4.664 -0.126 61
-0.057999998 4.645 -0.061999999 57
-0.226 4.664 -0.0040000002 49
-0.289 3.575 0.033 40
0.0020000001 4.625 -0.131 3
-0.132 3.688 -0.050999999 5
-0.27000001 3.7460001 -0.0020000001 16
-0.37 3.553 0.035999998 38
-0.106 4.6290002 -0.13600001 64
-0.27200001 4.5999999 -0.064999998 58
-0.35499999 3.721 -0.001 9
-0.45199999 3.5420001 0.039000001 38
-0.17 3.6659999 -0.112 7
-0.38 4.586 -0.068000004 54
-0.44299999 3.727 0 17
-0.537 3.54 0.041999999 12
-0.322 4.585 -0.146 55
-0.40900001 3.8369999 -0.057999998 150
-0.52399999 3.665 0 12
-0.61699998 3.5209999 0.045000002 7
-0.428 4.5560002 -0.15000001 39
-0.59600002 4.573 -0.071999997 56
0 0 0 0
-0.699 3.5050001 0.048 39
-0.45100001 3.8269999 -0.131 32
0 0 0 0
-0.69199997 3.6270001 0.001 1
-0.78500003 3.507 0.050999999 7
-0.64399999 4.5409999 -0.161 24
-0.79799998 4.4699998 -0.075000003 29
0 0 0 0
-0.86000001 3.467 0.054000001 39
-0.35100001 2.1110001 -0.077 1
-0.93099999 4.5939999 -0.079000004 39
-0.85600001 3.5739999 0.003 1
-0.94400001 3.461 0.057 27
-0.86699998 4.5469999 -0.17200001 46
-1.048 4.6079998 -0.081 11
-0.93699998 3.546 0.0040000002 19
0 0 0 0
0 0 0 0
-1.159 4.5960002 -0.082999997 59
0 0 0 0
-1.105 3.4200001 0.063000001 2
-1.101 4.5809999 -0.185 2
-1.323 4.7709999 -0.089000002 3
0 0 0 0
0 0 0 0
-1.189 4.4780002 -0.186 15
0 0 0 0
-1.196 3.5139999 0.0070000002 8
0 0 0 0
0 0 0 0
-1.495 4.5479999 -0.089000002 2
0 0 0 0
-1.566 3.9030001 0.083999999 39
0 0 0 0
0 0 0 0
0 0 0 0
-1.544 3.6059999 0.082000002 20
0 0 0 0
0 0 0 0
0 0 0 0
-1.566 3.4349999 0.081 85
-0.35299999 0.954 -0.044 8
-1.592 3.8940001 -0.082999997 2
-1.54 3.437 0.011 66
-1.661 3.434 0.085000001 7
0 0 0 0
-1.5190001 3.48 -0.075999998 25
-1.625 3.4130001 0.012 36
-1.747 3.4100001 0.089000002 125
0 0 0 0
-1.592 3.424 -0.075999998 85
-1.7180001 3.402 0.013 61
-1.849 3.4130001 0.093000002 150
-1.557 3.428 -0.17399999 84
-0.57499999 1.164 -0.026000001 1
-1.8099999 3.3859999 0.014 93
-1.947 3.4059999 0.097000003 150
-1.65 3.4119999 -0.17900001 45
-1.776 3.392 -0.079000004 96
-1.908 3.3789999 0.015 105
-1.077 1.788 0.052999999 27
-0.60699999 1.183 -0.063000001 2
-1.874 3.3829999 -0.081 122
-1.073 1.801 0.0089999996 2
-2.01 3.1689999 0.097999997 17
-1.839 3.382 -0.18700001 14
-1.976 3.378 -0.082999997 150
-2 3.1889999 0.017000001 39
-1.979 2.97 0.094999999 33
-1.9450001 3.3789999 -0.192 112
-1.095 1.775 -0.045000002 1
-1.982 3.0009999 0.017000001 50
-1.969 2.813 0.093999997 36
-2.039 3.355 -0.19599999 96
-1.984 3.05 -0.079000004 49
-1.97 2.8399999 0.017000001 47
-1.962 2.671 0.093000002 62
-1.9910001 3.105 -0.18700001 40
-1.967 2.875 -0.075999998 57
-1.957 2.684 0.017000001 69
-2.0280001 2.6329999 0.096000001 100
-1.973 2.9200001 -0.18099999 39
-1.955 2.7179999 -0.074000001 56
-2.0250001 2.6470001 0.017999999 127
-1.998 2.4749999 0.093999997 53
-1.9579999 2.7539999 -0.175 40
-2.006 2.6559999 -0.074000001 125
-1.999 2.4920001 0.017999999 53
-1.983 2.346 0.092 55
-1.982 2.6500001 -0.17399999 90
-1.997 2.517 -0.071999997 49
-1.988 2.365 0.018999999 58
-1.966 2.2219999 0.090999998 56
-2.0020001 2.546 -0.17200001 44
-1.983 2.381 -0.07 58
-1.97 2.2349999 0.017999999 55
-1.959 2.115 0.090000004 68
-1.987 2.405 -0.167 47
-1.969 2.2539999 -0.068000004 59
-1.96 2.1240001 0.018999999 59
-1.934 1.994 0.088 73
-1.972 2.2750001 -0.163 47
-1.9579999 2.138 -0.066 73
-1.942 2.0090001 0.018999999 77
-1.901 1.874 0.086999997 75
-1.9630001 2.1559999 -0.15899999 51
-1.948 2.03 -0.064999998 71
-1.903 1.8789999 0.018999999 86
-1.891 1.7819999 0.086000003 85
-1.949 2.04 -0.155 56
-1.903 1.89 -0.061999999 75
-1.8940001 1.786 0.018999999 78
-1.886 1.698 0.085000001 89
-1.902 1.898 -0.149 74
-1.893 1.794 -0.059999999 88
-1.883 1.696 0.018999999 84
-1.875 1.613 0.083999999 95
-1.893 1.8 -0.145 74
-1.8789999 1.699 -0.059 89
-1.873 1.61 0.018999999 88
-1.868 1.535 0.082999997 107
-1.888 1.71 -0.14300001 76
-1.8710001 1.613 -0.057999998 80
-1.869 1.533 0.018999999 97
-1.86 1.459 0.082999997 90
-1.8710001 1.614 -0.139 74
-1.8609999 1.529 -0.056000002 93
-1.859 1.455 0.018999999 93
-1.851 1.386 0.082000002 103
-1.865 1.531 -0.13699999 80
-1.852 1.45 -0.055 96
-1.849 1.3789999 0.018999999 79
-1.888 1.348 0.082999997 107
-1.8609999 1.454 -0.134 84
-1.848 1.378 -0.054000001 108
-1.886 1.341 0.02 71
-1.974 1.3430001 0.086999997 92
-1.841 1.369 -0.131 70
-1.893 1.3430001 -0.055 85
-1.976 1.337 0.021 81
-2.05 1.329 0.090000004 84
-1.893 1.3380001 -0.133 57
-1.983 1.3380001 -0.056000002 81
-2.062 1.3279999 0.022 87
-2.1440001 1.323 0.093999997 85
-1.988 1.334 -0.138 62
-2.0710001 1.327 -0.057999998 74
-2.155 1.318 0.023 85
-2.23 1.308 0.097000003 86
-2.0780001 1.322 -0.142 62
-2.161 1.314 -0.059999999 79
-2.2479999 1.3049999 0.024 74
-2.339 1.301 0.102 97
-2.1789999 1.314 -0.147 63
-2.2650001 1.3049999 -0.061999999 82
-2.3469999 1.291 0.025 66
-2.4319999 1.283 0.105 88
-2.2809999 1.301 -0.152 59
-2.3659999 1.29 -0.063000001 74
-2.467 1.284 0.027000001 65
-2.8039999 1.399 0.121 77
-2.391 1.288 -0.15800001 62
-2.503 1.289 -0.066 44
-2.816 1.385 0.030999999 150
-2.8770001 1.3559999 0.124 4
-2.819 1.432 -0.184 7
-2.8299999 1.374 -0.074000001 19
-2.9170001 1.352 0.032000002 5
-3.0079999 1.336 0.12899999 3
-2.8540001 1.363 -0.184 5
-2.9460001 1.346 -0.075999998 5
-3.0480001 1.329 0.034000002 5
-3.141 1.313 0.134 1
-2.983 1.337 -0.19 4
-3.099 1.3279999 -0.079000004 4
-3.2720001 1.3380001 0.035999998 12
-3.25 1.273 0.138 7
-3.174 1.332 -0.2 4
-3.2290001 1.295 -0.081 13
-3.358 1.284 0.037 4
0 0 0 0
-3.247 1.27 -0.20200001 7
-3.4070001 1.274 -0.085000001 4
-3.526 1.257 0.039000001 1
0 0 0 0
-3.467 1.261 -0.214 1
-3.6099999 1.253 -0.089000002 1
0 0 0 0
0 0 0 0
-6.283 2.115 -0.384 24
-6.2160001 1.9960001 -0.15099999 47
0 0 0 0
-6.2090001 1.811 0.26100001 8
-6.25 1.9349999 -0.37799999 24
-6.204 1.832 -0.149 46
-6.1999998 1.74 0.07 61
-6.1820002 1.655 0.259 64
-6.2280002 1.765 -0.373 23
-6.1799998 1.669 -0.147 68
-6.1810002 1.584 0.07 64
-6.1599998 1.502 0.257 72
-6.21 1.599 -0.368 24
-6.158 1.507 -0.145 72
-6.1560001 1.429 0.07 70
-6.1409998 1.353 0.255 54
-6.184 1.434 -0.36300001 24
-6.1329999 1.349 -0.14300001 58
0 0 0 0
0 0 0 0
-6.1339998 1.266 -0.35699999 1
0 0 0 0
0 0 0 0
0 0 0 0
-6.191 1.123 -0.35699999 1
0 0 0 0
-3.7980001 0.61000001 0.043000001 7
-3.803 0.57499999 0.156 6
-3.7679999 0.58899999 -0.215 7
0 0 0 0
-5.381 0.73799998 0.061000001 15
-5.6420002 0.72500002 0.23100001 26
-5.395 0.70999998 -0.30500001 11
-5.448 0.67000002 -0.121 17
-5.4450002 0.62099999 0.061999999 15
-3.8859999 0.412 0.15800001 9
-3.964 0.42399999 -0.222 11
-3.9579999 0.39199999 -0.086999997 7
-3.9170001 0.35600001 0.044 7
-3.931 0.32699999 0.15899999 5
0 0 0 0
-6.5890002 0.49700001 -0.14399999 24
-6.6110001 0.44999999 0.075000003 119
-6.6079998 0.403 0.26699999 72
0 0 0 0
-6.9640002 0.36199999 -0.15099999 15
-9.3199997 0.419 0.106 21
-2.0999999 0.081 0.083999999 4
-6.5219998 0.223 -0.35600001 4
-2.089 0.059 -0.044 35
-2.049 0.045000002 0.023 48
-2.0439999 0.033 0.081 54
-2.043 0.02 -0.11 39
-2.0450001 0.0089999996 -0.043000001 47
-2.0450001 0 0.023 54
-2.0420001 -0.011 0.081 50
-2.0369999 -0.028999999 -0.109 40
-2.0569999 -0.037999999 -0.043000001 42
-2.0669999 -0.048 0.023 44
-9.1850004 -0.25600001 0.36500001 1
-6.5079999 -0.249 -0.347 3
-9.1049995 -0.382 -0.19 5
-9.1090002 -0.421 0.103 6
-9.1099997 -0.458 0.359 12
-5.8319998 -0.36399999 -0.308 1
-9.0489998 -0.59399998 -0.18700001 81
-1.9960001 -0.13699999 0.022 11
-1.936 -0.14 0.075999998 46
-2.062 -0.178 -0.108 21
-2.003 -0.178 -0.041000001 45
-1.965 -0.18099999 0.022 44
-1.921 -0.182 0.075000003 48
-2.0239999 -0.22499999 -0.105 61
-1.9960001 -0.22499999 -0.039999999 48
-1.96 -0.22499999 0.022 37
-1.92 -0.22499999 0.074000001 43
-5.4330001 -0.736 -0.28 0
-8.9659996 -1.227 -0.18099999 150
-8.9779997 -1.2410001 0.1 92
-7.619 -1.067 0.294 2
-5.2540002 -0.84100002 -0.26899999 1
-6.5310001 -1.05 -0.13 8
-6.5549998 -1.059 0.072999999 11
-6.5089998 -1.059 0.25 132
-5.1869998 -0.95999998 -0.26300001 1
-6.5300002 -1.207 -0.12899999 11
-6.5289998 -1.2079999 0.071999997 12
-6.5029998 -1.2079999 0.248 8
-5.0489998 -1.061 -0.25400001 0
-6.4840002 -1.357 -0.12800001 7
-6.4200001 -1.34 0.07 9
-6.322 -1.3200001 0.23899999 67
-4.9400001 -1.163 -0.24699999 0
-6.4650002 -1.512 -0.126 7
-6.4749999 -1.506 0.07 8
-6.467 -1.501 0.243 7
-6.2470002 -1.63 -0.31 1
-6.2420001 -1.615 -0.121 10
-6.3150001 -1.622 0.068000004 14
-6.3499999 -1.623 0.237 7
-6.27 -1.799 -0.30899999 14
-6.3130002 -1.7920001 -0.122 13
-6.3460002 -1.785 0.068000004 12
-6.3189998 -1.765 0.234 8
-5.9120002 -1.85 -0.289 0
-6.2989998 -1.949 -0.121 4
-6.3130002 -1.932 0.067000002 7
-6.3130002 -1.9170001 0.23199999 7
-6.2189999 -2.112 -0.30199999 3
-6.0450001 -2.026 -0.115 22
-6.1370001 -2.033 0.064000003 23
-6.2740002 -2.0580001 0.229 7
0 0 0 0
0 0 0 0
-4.3540001 -1.553 0.045000002 26
-6.283 -2.2179999 0.227 3
0 0 0 0
0 0 0 0
0 0 0 0
-6.2140002 -2.3499999 0.222 4
0 0 0 0
0 0 0 0
0 0 0 0
0 0 0 0
0 0 0 0
0 0 0 0
-8.6759996 -3.7809999 0.086999997 1
0 0 0 0
0 0 0 0
0 0 0 0
0 0 0 0
0 0 0 0
0 0 0 0
-5.7740002 -2.8889999 -0.106 4
0 0 0 0
0 0 0 0
0 0 0 0
0 0 0 0
-2.855 -1.484 0.027000001 0
-3.007 -1.539 0.102 0
-2.5639999 -1.466 -0.117 0
0 0 0 0
0 0 0 0
0 0 0 0
-2.0869999 -1.26 -0.093999997 4
-2.089 -1.235 -0.037999999 2
0 0 0 0
0 0 0 0
0 0 0 0
0 0 0 0
0 0 0 0
-2.0899999 -1.252 0.068000004 6
0 0 0 0
0 0 0 0
0 0 0 0
0 0 0 0
0 0 0 0
0 0 0 0
0 0 0 0
0 0 0 0
0 0 0 0
0 0 0 0
-4.1919999 -2.9690001 0.034000002 0
0 0 0 0
0 0 0 0
0 0 0 0
0 0 0 0
0 0 0 0
0 0 0 0
0 0 0 0
0 0 0 0
0 0 0 0
0 0 0 0
0 0 0 0
0 0 0 0
0 0 0 0
0 0 0 0
0 0 0 0
0 0 0 0
0 0 0 0
0 0 0 0
0 0 0 0
0 0 0 0
0 0 0 0
0 0 0 0
0 0 0 0
0 0 0 0
0 0 0 0
0 0 0 0
-5.8530002 -5.9130001 -0.106 20
-1.147 -1.125 0.0060000001 0
0 0 0 0
0 0 0 0
-5.823 -6.1620002 -0.106 22
-1.087 -1.1160001 0.0049999999 1
-5.8499999 -5.8540001 0.149 17
-2.3800001 -2.724 -0.097999997 7
-2.47 -2.7379999 -0.045000002 7
-1.027 -1.104 0.0040000002 1
-2.6789999 -2.8039999 0.066 0
0 0 0 0
-5.7340002 -6.6609998 -0.106 4
-0.97600001 -1.098 0.0040000002 1
-5.7789998 -6.3249998 0.13699999 15
0 0 0 0
-5.6900001 -6.928 -0.106 13
-0.92400002 -1.0880001 0.003 1
-5.7350001 -6.5689998 0.13 16
0 0 0 0
-5.6620002 -7.2329998 -0.106 3
-0.87199998 -1.076 0.0020000001 5
-5.6849999 -6.8140001 0.123 3
0 0 0 0
-5.2870002 -7.085 -0.1 0
0 0 0 0
-5.6919999 -7.1420002 0.116 8
0 0 0 0
-5.1859999 -7.2989998 -0.098999999 1
0 0 0 0
-5.6259999 -7.3969998 0.108 12
0 0 0 0
-5.5409999 -8.1940002 -0.107 17
-0.74699998 -1.063 0 0
-0.76700002 -1.057 0.013 1
0 0 0 0
0 0 0 0
-5.5560002 -8.3050003 0 13
-0.72799999 -1.053 0.012 1
-0.57200003 -0.97799999 -0.022 0
-0.58600003 -0.95899999 -0.011 0
0 0 0 0
0 0 0 0
-0.54400003 -0.98100001 -0.021 3
-0.58200002 -1.005 -0.011 0
-0.58200002 -0.96200001 -0.001 0
-0.62699997 -1 0.0080000004 0
-0.50999999 -0.97299999 -0.018999999 5
-0.53500003 -0.97500002 -0.011 3
-0.57300001 -1 -0.001 0
-0.58399999 -0.98000002 0.0060000001 0
-0.48100001 -0.97299999 -0.017999999 4
-0.50599998 -0.97600001 -0.0099999998 4
-0.53100002 -0.97600001 -0.0020000001 5
-0.56 -0.991 0.0049999999 2
-0.45100001 -0.96799999 -0.016000001 7
-0.47400001 -0.96799999 -0.0099999998 6
-0.50400001 -0.97899997 -0.0020000001 4
-0.52499998 -0.97899997 0.003 5
-0.40599999 -0.92699999 -0.015 1
-0.447 -0.97000003 -0.0099999998 6
-0.47 -0.96799999 -0.003 6
-0.493 -0.97000003 0.0020000001 5
-0.396 -0.96700001 -0.014 0
-0.405 -0.935 -0.0089999996 0
-0.44 -0.96100003 -0.003 7
-0.465 -0.97000003 0.001 7
-0.39199999 -1.025 -0.014 0
-0.40099999 -0.986 -0.0089999996 0
-0.405 -0.94099998 -0.0040000002 0
-0.43599999 -0.96499997 0 7
-0.384 -1.077 -0.013 0
-0.39399999 -1.038 -0.0089999996 0
-0.396 -0.98100001 -0.0049999999 0
-0.403 -0.949 -0.001 0
0 0 0 0
-0.382 -1.082 -0.0089999996 0
-0.39300001 -1.0420001 -0.0060000001 0
-0.39399999 -0.98900002 -0.0020000001 0
-0.30399999 -0.99699998 -0.0099999998 1
0 0 0 0
-0.384 -1.095 -0.0070000002 0
-0.38800001 -1.043 -0.0040000002 0
0 0 0 0
-0.30399999 -1.005 -0.0080000004 0
0 0 0 0
-0.38100001 -1.1 -0.0060000001 0
0 0 0 0
0 0 0 0
-0.301 -1.001 -0.0070000002 0
0 0 0 0
0 0 0 0
0 0 0 0
0 0 0 0
-0.29800001 -1.006 -0.0080000004 0
0 0 0 0
0 0 0 0
0 0 0 0
0 0 0 0
0 0 0 0
0 0 0 0
0 0 0 0
0 0 0 0
0 0 0 0
0 0 0 0
0 0 0 0
0 0 0 0
0 0 0 0
0 0 0 0
0 0 0 0
0 0 0 0
0 0 0 0
0 0 0 0
0 0 0 0
0 0 0 0
0 0 0 0
0 0 0 0
0 0 0 0
0 0 0 0
0 0 0 0
0 0 0 0
0 0 0 0
0 0 0 0
0 0 0 0
0 0 0 0
0 0 0 0
0 0 0 0
0 0 0 0
0 0 0 0
0 0 0 0
0 0 0 0
0 0 0 0
0 0 0 0
0 0 0 0
0 0 0 0
0 0 0 0
0 0 0 0
0 0 0 0
0 0 0 0
0 0 0 0
0 0 0 0
0 0 0 0
-0.384 -28.972 -0.70899999 8
0 0 0 0
0 0 0 0
0.838 -28.700001 -0.48100001 10
0 0 0 0
0.090999998 -0.94 0.003 0
0 0 0 0
0 0 0 0
0 0 0 0
0.113 -0.94499999 0.0040000002 0
0 0 0 0
0 0 0 0
1.594 -28.629 -0.82099998 8
0.133 -0.93300003 0.0049999999 0
0.115 -0.949 -0.0060000001 0
0 0 0 0
0 0 0 0
0.155 -0.93099999 0.0049999999 0
0.13699999 -0.949 -0.0060000001 0
3.4960001 -28.615999 -0.56800002 5
0 0 0 0
0.177 -0.93000001 0.0060000001 0
0.15899999 -0.94800001 -0.0060000001 0
4.1469998 -28.500999 -0.588 6
0 0 0 0
0.199 -0.92900002 0.0070000002 0
0 0 0 0
4.79 -28.285999 -0.60699999 10
0 0 0 0
0.222 -0.93199998 0.0070000002 0
0 0 0 0
0 0 0 0
0 0 0 0
0.242 -0.92500001 0.0080000004 0
0 0 0 0
0 0 0 0
0.185 -0.94099998 -0.035 0
0.266 -0.93000001 0.0089999996 0
0 0 0 0
0 0 0 0
0 0 0 0
0.28799999 -0.926 0.0089999996 0
0 0 0 0
0 0 0 0
0 0 0 0
0.31 -0.921 0.0099999998 0
0 0 0 0
0 0 0 0
0 0 0 0
0.329 -0.90899998 0.0099999998 0
0 0 0 0
0 0 0 0
0 0 0 0
0.354 -0.91299999 0.011 0
0 0 0 0
0 0 0 0
4.0159998 -12.497 -0.57599998 2
0.37099999 -0.89499998 0.012 0
0 0 0 0
5.447 -14.809 -0.428 8
5.9679999 -17.186001 -0.82300001 3
0.39899999 -0.90499997 0.012 0
5.145 -12.308 -0.098999999 2
5.7080002 -14.477 -0.43399999 10
5.513 -14.749 -0.73400003 9
0.417 -0.89099997 0.013 0
5.4679999 -12.277 -0.102 3
5.1849999 -12.31 -0.38299999 3
5.776 -14.419 -0.745 11
0.44400001 -0.89499998 0.013 0
5.776 -12.203 -0.105 2
5.5139999 -12.281 -0.396 2
5.2680001 -12.302 -0.66000003 4
0.463 -0.88300002 0.014 0
6.1040001 -12.172 -0.107 2
5.816 -12.193 -0.40799999 3
5.5910001 -12.257 -0.68199998 3
0.486 -0.87699997 0.014 0
6.4130001 -12.089 -0.11 2
6.151 -12.156 -0.42199999 2
5.9120002 -12.198 -0.704 4
0.514 -0.88099998 0.015 0
0 0 0 0
0 0 0 0
6.2550001 -12.173 -0.72799999 2
0.54500002 -0.88599998 0.016000001 0
0 0 0 0
0 0 0 0
0 0 0 0
0.565 -0.875 0.016000001 0
0 0 0 0
0 0 0 0
0 0 0 0
0.59500003 -0.87699997 0.017000001 0
0 0 0 0
0 0 0 0
0 0 0 0
0.611 -0.85900003 0.017000001 0
0 0 0 0
0 0 0 0
0 0 0 0
0.64999998 -0.87099999 0.017999999 0
5.869 -8.1339998 -0.092 1
5.8959999 -8.4759998 -0.36700001 1
0 0 0 0
0.67299998 -0.86000001 0.017999999 0
5.7779999 -7.6339998 -0.090000004 1
5.7870002 -7.9200001 -0.35600001 1
0 0 0 0
0 0 0 0
5.7199998 -7.2090001 -0.089000002 1
5.7719998 -7.527 -0.35100001 1
5.802 -7.7989998 -0.60299999 1
0 0 0 0
5.6859999 -6.8379998 -0.088 1
5.6830001 -7.066 -0.34200001 1
0 0 0 0
0 0 0 0
5.6079998 -6.4400001 -0.086000003 1
5.6539998 -6.7020001 -0.338 0
0 0 0 0
0 0 0 0
5.5739999 -6.1100001 -0.086000003 1
5.598 -6.3309999 -0.33199999 0
5.6529999 -6.5689998 -0.56900001 0
0 0 0 0
5.52 -5.7810001 -0.085000001 1
5.526 -5.9640002 -0.32499999 0
5.5689998 -6.171 -0.55500001 1
0 0 0 0
5.474 -5.4770002 -0.085000001 1
5.4770002 -5.6399999 -0.31999999 1
5.553 -5.868 -0.54900002 0
0 0 0 0
5.4429998 -5.2030001 -0.085000001 1
5.474 -5.381 -0.31799999 1
0 0 0 0
0 0 0 0
5.401 -4.9299998 -0.085000001 1
5.4239998 -5.0900002 -0.31400001 1
5.4679999 -5.2529998 -0.53200001 0
0 0 0 0
5.3600001 -4.6739998 -0.085000001 1
5.382 -4.8200002 -0.31 1
5.421 -4.9679999 -0.52399999 1
0.99199998 -0.80699998 0.023 1
5.3340001 -4.441 -0.085000001 0
5.3520002 -4.5700002 -0.30700001 1
5.408 -4.7249999 -0.51899999 0
0 0 0 0
3.7279999 -2.961 -0.059999999 9
0 0 0 0
5.3460002 -4.4489999 -0.51099998 0
1.098 -0.81400001 0.025 9
1.11 -0.84100002 -0.017999999 0
3.8080001 -2.9549999 -0.21699999 1
3.7409999 -2.9660001 -0.35499999 10
0 0 0 0
1.113 -0.80400002 -0.017999999 36
1.11 -0.82099998 -0.063000001 3
1.104 -0.833 -0.104 1
0 0 0 0
0 0 0 0
0 0 0 0
4.0700002 -2.9219999 -0.38299999 11
1.228 -0.78899997 0.026000001 1
0 0 0 0
0 0 0 0
4.2550001 -2.9030001 -0.39899999 11
1.284 -0.78500003 0.027000001 1
4.5580001 -2.839 -0.077 11
4.4850001 -2.852 -0.25400001 12
4.434 -2.8740001 -0.414 11
1.3329999 -0.77499998 0.027000001 1
4.75 -2.809 -0.082000002 12
4.691 -2.832 -0.266 11
4.6370001 -2.849 -0.43200001 10
1.395 -0.76999998 0.028000001 1
4.9559999 -2.78 -0.086999997 10
4.915 -2.813 -0.278 11
4.8439999 -2.819 -0.449 11
1.442 -0.75400001 0.028000001 0
0 0 0 0
5.1290002 -2.777 -0.29100001 10
5.0609999 -2.7869999 -0.46799999 9
1.5089999 -0.74699998 0.028000001 0
0 0 0 0
0 0 0 0
0 0 0 0
1.59 -0.74299997 0.028999999 0
0 0 0 0
0 0 0 0
0 0 0 0
5.7880001 -2.5510001 0.105 0
0 0 0 0
0 0 0 0
1.618 -0.745 -0.149 2
5.7729998 -2.391 0.101 1
5.7690001 -2.4189999 -0.109 18
0 0 0 0
1.704 -0.73500001 -0.156 2
0 0 0 0
0 0 0 0
0 0 0 0
1.818 -0.73299998 -0.167 3
0 0 0 0
0 0 0 0
0 0 0 0
1.969 -0.74000001 -0.18000001 3
0 0 0 0
0 0 0 0
0 0 0 0
2.1110001 -0.736 -0.193 3
0 0 0 0
0 0 0 0
0 0 0 0
2.1600001 -0.69499999 -0.198 2
5.1139998 -1.478 0.075999998 3
5.131 -1.49 -0.106 0
0 0 0 0
2.1359999 -0.63099998 -0.19599999 0
5.0999999 -1.351 0.071999997 3
5.1009998 -1.3559999 -0.108 1
0 0 0 0
2.1600001 -0.58200002 -0.198 0
2.527 -0.60900003 0.034000002 150
2.529 -0.61000001 -0.054000001 4
2.5469999 -0.61799997 -0.148 4
2.197 -0.53500003 -0.20100001 0
5.0650001 -1.104 0.066 0
4.7810001 -1.038 -0.105 0
2.8280001 -0.616 -0.16500001 3
2.181 -0.47600001 -0.2 0
5.0430002 -0.98100001 0.063000001 9
5.0630002 -0.97899997 -0.113 7
3.029 -0.58499998 -0.178 4
2.188 -0.42300001 -0.20100001 0
5.027 -0.86199999 0.059 12
5.0359998 -0.85399997 -0.115 8
3.266 -0.55199999 -0.193 1
2.1919999 -0.36899999 -0.20200001 0
5.013 -0.74599999 0.056000002 13
5.0079999 -0.73199999 -0.117 10
0 0 0 0
2.2190001 -0.31900001 -0.205 0
4.9920001 -0.62800002 0.052000001 13
4.9920001 -0.61400002 -0.119 10
0 0 0 0
2.2290001 -0.26499999 -0.206 0
3.9690001 -0.41 0.039000001 8
4.9749999 -0.495 -0.121 11
0 0 0 0
2.2539999 -0.213 -0.20900001 0
4.9749999 -0.403 0.045000002 2
0 0 0 0
0 0 0 0
2.26 -0.15899999 -0.20999999 0
5.467 -0.31900001 0.046 0
0 0 0 0
0 0 0 0
2.2579999 -0.105 -0.20999999 0
5.5669999 -0.20100001 0.043000001 0
5.4169998 -0.16500001 -0.141 35
0 0 0 0
2.2869999 -0.050000001 -0.213 0
4.9109998 -0.068000004 0.034000002 105
4.908 -0.037 -0.13 76
4.9219999 -0.012 -0.30399999 9
2.293 0.0040000002 -0.215 0
4.895 0.041000001 0.029999999 94
4.895 0.074000001 -0.133 76
4.9039998 0.102 -0.30500001 9
2.2920001 0.059999999 -0.215 0
4.8850002 0.15000001 0.026000001 99
4.8790002 0.186 -0.13600001 78
4.8829999 0.21699999 -0.30599999 8
2.3110001 0.116 -0.21799999 0
4.868 0.25799999 0.022 111
4.8600001 0.29699999 -0.138 85
3.2780001 0.223 -0.207 29
2.3150001 0.17200001 -0.219 0
3.3410001 0.25099999 0.012 35
3.313 0.27900001 -0.096000001 23
4.5710001 0.41999999 -0.29100001 0
2.3139999 0.228 -0.22 0
4.5879998 0.44999999 0.013 45
4.8309999 0.51800001 -0.14399999 88
4.8369999 0.55900002 -0.31 11
2.319 0.285 -0.222 0
4.822 0.58099997 0.0099999998 130
4.8210001 0.63 -0.147 98
4.8189998 0.67400002 -0.31200001 10
2.3210001 0.34299999 -0.223 0
4.8080001 0.68900001 0.0060000001 124
4.8010001 0.741 -0.15000001 88
4.802 0.787 -0.31400001 10
4.809 0.83099997 -0.465 0
4.7940001 0.79699999 0.001 140
4.783 0.85100001 -0.153 88
4.79 0.90200001 -0.31600001 9
2.348 0.46399999 -0.228 0
4.7740002 0.90499997 -0.003 135
4.7719998 0.96200001 -0.15700001 84
4.7789998 1.017 -0.31900001 8
2.3499999 0.52399999 -0.23 0
4.7639999 1.012 -0.0070000002 126
4.4489999 1.003 -0.15000001 28
4.7540002 1.128 -0.31999999 9
2.3629999 0.58600003 -0.23199999 0
4.7449999 1.119 -0.012 123
3.214 0.80299997 -0.111 41
3.188 0.83700001 -0.21699999 30
2.322 0.63599998 -0.23 0
3.2460001 0.84299999 -0.011 35
4.7199998 1.295 -0.167 77
4.7249999 1.36 -0.32499999 10
4.7249999 1.421 -0.47099999 1
4.7140002 1.339 -0.022 105
4.7080002 1.411 -0.171 79
4.7080002 1.478 -0.32800001 10
2.3399999 0.76599997 -0.235 0
4.7090001 1.452 -0.027000001 99
4.6900001 1.523 -0.175 78
4.698 1.598 -0.33199999 11
2.3329999 0.82599998 -0.236 0
4.6880002 1.562 -0.032000002 92
4.6719999 1.637 -0.17900001 72
4.6820002 1.717 -0.33399999 11
2.336 0.89200002 -0.23800001 0
4.6599998 1.67 -0.037999999 81
4.6539998 1.753 -0.183 78
4.665 1.836 -0.33700001 10
2.348 0.96100003 -0.241 0
4.652 1.786 -0.043000001 96
4.6339998 1.867 -0.18700001 75
4.6160002 1.944 -0.338 1
2.3699999 1.0369999 -0.24600001 0
4.605 1.887 -0.048999999 150
4.625 1.989 -0.192 17
3.326 1.494 -0.24699999 1
2.312 1.08 -0.242 0
4.6220002 2.016 -0.055 23
4.6020002 2.1070001 -0.19599999 64
4.6100001 2.204 -0.347 17
2.3299999 1.158 -0.24600001 0
4.605 2.1340001 -0.061000001 17
4.5819998 2.2260001 -0.20100001 71
4.5679998 2.319 -0.34900001 3
2.329 1.228 -0.248 0
4.5929999 2.257 -0.068000004 16
4.5139999 2.323 -0.20299999 4
0 0 0 0
2.2739999 1.271 -0.245 3
0 0 0 0
2.227 1.212 -0.103 6
0 0 0 0
0 0 0 0
2.217 1.215 -0.039000001 0
4.0359998 2.3180001 -0.193 7
0 0 0 0
0 0 0 0
3.8150001 2.2049999 -0.074000001 0
4.026 2.438 -0.198 6
0 0 0 0
0 0 0 0
0 0 0 0
0 0 0 0
4.5040002 3 -0.373 1
0 0 0 0
0 0 0 0
0 0 0 0
4.4679999 3.1329999 -0.377 5
0 0 0 0
0 0 0 0
4.4660001 3.1470001 -0.241 39
0 0 0 0
0 0 0 0
0 0 0 0
0 0 0 0
0 0 0 0
0 0 0 0
0 0 0 0
0 0 0 0
0 0 0 0
0 0 0 0
1.274 0.98799998 -0.039000001 164
4.8449998 3.944 -0.28799999 2
0 0 0 0
2.1919999 1.949 -0.266 9
0 0 0 0
2.204 1.88 -0.13500001 3
0 0 0 0
1.722 1.607 -0.212 2
2.2019999 1.874 -0.077 2
4.796 4.289 -0.30599999 2
0 0 0 0
0 0 0 0
4.2519999 3.7909999 -0.161 4
4.7719998 4.4699998 -0.315 1
0 0 0 0
0 0 0 0
4.1360002 3.859 -0.167 20
3.816 3.7449999 -0.26100001 15
0.88300002 0.91000003 -0.088 5
0 0 0 0
3.832 3.743 -0.16500001 13
0 0 0 0
0 0 0 0
0 0 0 0
0.89600003 0.91600001 -0.041000001 4
2.865 3.0840001 -0.211 2
1.001 1.1339999 -0.105 2
1.564 1.857 -0.212 3
2.8610001 3.059 -0.14 1
1.0039999 1.132 -0.075999998 19
1.569 1.865 -0.169 3
0 0 0 0
1.007 1.127 -0.052000001 150
1.573 1.859 -0.125 5
2.0769999 2.5910001 -0.23 28
0 0 0 0
1.58 1.853 -0.088 0
2.6110001 3.237 -0.21600001 12
2.5369999 3.3239999 -0.28999999 27
0 0 0 0
2.625 3.2249999 -0.156 16
2.5320001 3.293 -0.219 18
0 0 0 0
0 0 0 0
2.0420001 2.6300001 -0.12899999 25
0 0 0 0
2.6389999 3.819 -0.32100001 19
0 0 0 0
2.5139999 3.395 -0.17 9
2.6589999 3.8110001 -0.25099999 5
3.4560001 5.2620001 -0.435 1
0.29100001 0.46900001 -0.045000002 7
2.105 2.9820001 -0.152 3
3.325 5.0089998 -0.32800001 1
0 0 0 0
1.592 2.7060001 -0.25799999 6
1.416 2.1070001 -0.109 2
0 0 0 0
1.601 2.7079999 -0.21699999 1
0 0 0 0
3.4660001 5.4239998 -0.28600001 9
0 0 0 0
0 0 0 0
0 0 0 0
0 0 0 0
3.0350001 5.3499999 -0.34799999 5
0.45199999 0.85399997 -0.066 0
0 0 0 0
3.089 5.362 -0.292 3
0.93300003 1.737 -0.112 11
0 0 0 0
0 0 0 0
0.94300002 1.727 -0.094999999 26
0.903 1.78 -0.115 7
0 0 0 0
2.309 5.2779999 -0.44999999 0
0.92500001 1.791 -0.1 3
2.5339999 5.2940001 -0.34200001 12
2.03 4.5929999 -0.34200001 10
2.052 5.006 -0.417 1
2.5829999 5.2950001 -0.30199999 19
2.059 4.5749998 -0.296 0
1.9400001 4.6849999 -0.34400001 13
1.474 3.858 -0.315 1
2.4230001 5.2729998 -0.30500001 18
1.962 4.6459999 -0.30000001 32
1.497 3.8740001 -0.28099999 0
0 0 0 0
2.2650001 5.2490001 -0.30899999 18
0 0 0 0
0 0 0 0
0 0 0 0
2.105 5.2049999 -0.31099999 20
0.87 2.3629999 -0.153 5
0 0 0 0
0 0 0 0
0.89200002 2.362 -0.14300001 4
0 0 0 0
0 0 0 0
0 0 0 0
0 0 0 0
0 0 0 0
0 0 0 0
0.264 1.05 -0.077 0
0 0 0 0
0 0 0 0
0 0 0 0
0 0 0 0
0 0 0 0
1.011 3.8050001 -0.24699999 0
0.244 1.052 -0.071000002 4
0 0 0 0
0 0 0 0
0 0 0 0
0 0 0 0
0.296 1.675 -0.116 5
0.264 1.058 -0.068999998 0
0 0 0 0
0 0 0 0
0.56800002 3.723 -0.25400001 1
0 0 0 0
0 0 0 0
0.58999997 3.7260001 -0.24600001 1
0.47499999 3.7049999 -0.248 2
0 0 0 0
0.28400001 1.6950001 -0.111 1
0.495 3.6919999 -0.242 1
0.23999999 2.296 -0.15099999 12
0.29699999 1.681 -0.115 4
0.53299999 3.71 -0.245 1
0.25400001 2.309 -0.15000001 0
0.30000001 3.711 -0.23999999 7
0.56900001 3.7190001 -0.259 1
0.44100001 3.6900001 -0.245 2
0.32100001 3.698 -0.23899999 1
0.259 4.5570002 -0.28999999 11
0.479 3.707 -0.26199999 1
0 0 0 0
0 0 0 0
0.152 4.552 -0.28400001 63
0.241 2.2869999 -0.164 11
0.26800001 3.704 -0.248 9
0 0 0 0
0.021 2.171 -0.133 3
0.303 3.694 -0.26899999 9
0.115 2.372 -0.16 3
0.072999999 4.533 -0.287 58
-0.061000001 4.5159998 -0.27200001 65
0.26699999 4.5580001 -0.338 9
0.116 4.5450001 -0.308 75
-0.033 4.5139999 -0.285 55
-0.16599999 4.5029998 -0.26699999 65
0.15899999 4.552 -0.34299999 65
0.0089999996 4.5229998 -0.30899999 16
-0.139 4.5029998 -0.28200001 68
-0.271 4.48 -0.26100001 63
0.025 2.171 -0.16599999 3
-0.094999999 4.5170002 -0.31 87
-0.243 4.4809999 -0.27900001 51
-0.37599999 4.4770002 -0.25600001 73
-0.052999999 4.5310001 -0.352 36
-0.2 4.4949999 -0.31099999 71
-0.34799999 4.4790001 -0.278 62
-0.479 4.454 -0.25 28
-0.15899999 4.5139999 -0.35699999 25
-0.30500001 4.4679999 -0.31099999 106
-0.45199999 4.4619999 -0.27599999 70
-0.58399999 4.4510002 -0.24600001 71
-0.215 3.6440001 -0.29300001 8
-0.41 4.4699998 -0.31400001 78
-0.55699998 4.4530001 -0.27399999 57
-0.69199997 4.46 -0.243 6
-0.37 4.4790001 -0.366 19
-0.51300001 4.448 -0.315 13
-0.662 4.447 -0.273 26
-0.79799998 4.4510002 -0.23800001 46
-0.40700001 3.8310001 -0.31799999 2
-0.61900002 4.441 -0.317 72
-0.76700002 4.4390001 -0.27200001 9
-0.89399999 4.3969998 -0.23100001 31
-0.57700002 4.4369998 -0.37400001 14
-0.72399998 4.4299998 -0.31900001 38
-0.87 4.4130001 -0.26899999 74
0 0 0 0
-0.20200001 1.3099999 -0.112 25
-0.82700002 4.4120002 -0.32100001 57
0 0 0 0
0 0 0 0
0 0 0 0
-0.491 2.3139999 -0.17 3
-1.0779999 4.3829999 -0.266 81
-1.215 4.3829999 -0.22 25
0 0 0 0
-1.041 4.3959999 -0.32600001 19
-1.186 4.3720002 -0.26499999 81
0 0 0 0
0 0 0 0
-1.146 4.3800001 -0.32800001 67
-1.289 4.349 -0.264 33
0 0 0 0
0 0 0 0
-1.253 4.3629999 -0.33000001 67
0 0 0 0
0 0 0 0
-1.215 4.3670001 -0.40900001 12
0 0 0 0
0 0 0 0
0 0 0 0
0 0 0 0
0 0 0 0
0 0 0 0
0 0 0 0
0 0 0 0
0 0 0 0
0 0 0 0
-1.536 3.5380001 -0.161 6
0 0 0 0
0 0 0 0
-1.8329999 4.277 -0.25999999 70
-1.5829999 3.4260001 -0.153 103
0 0 0 0
0 0 0 0
-1.567 3.4349999 -0.20900001 70
-1.669 3.405 -0.15000001 69
0 0 0 0
-1.5549999 3.4749999 -0.28299999 15
-1.654 3.414 -0.20900001 32
-1.7640001 3.3970001 -0.147 98
-1.875 4.2680001 -0.44800001 1
-2.03 4.2639999 -0.352 40
-0.60299999 1.174 -0.071999997 5
-1.864 3.3970001 -0.145 136
-1.994 4.2579999 -0.456 3
-0.59500003 1.179 -0.097999997 10
0 0 0 0
-1.959 3.382 -0.142 140
-2.115 4.25 -0.465 2
0 0 0 0
-1.937 3.375 -0.20900001 33
-2.052 3.3610001 -0.139 119
-0.60500002 1.146 -0.12800001 4
-2.3540001 4.1599998 -0.359 56
-2.0369999 3.365 -0.20900001 40
-1.99 3.098 -0.126 46
0 0 0 0
-2.4619999 4.1220002 -0.36199999 14
-1.993 3.1259999 -0.19499999 25
-1.973 2.9219999 -0.117 59
0 0 0 0
-2.1270001 3.3770001 -0.301 22
-1.9809999 2.9519999 -0.186 38
-1.962 2.7639999 -0.109 51
-2.1170001 3.3970001 -0.405 1
-2.5680001 3.8710001 -0.352 19
-1.9680001 2.7909999 -0.177 42
-1.979 2.658 -0.104 108
0 0 0 0
-2.6689999 3.825 -0.354 18
-1.9680001 2.6570001 -0.169 77
-2.0079999 2.572 -0.098999999 55
0 0 0 0
-2.635 3.5940001 -0.33899999 11
-2.0220001 2.602 -0.167 63
-1.99 2.431 -0.092 67
0 0 0 0
-2.5239999 3.276 -0.315 10
-1.999 2.4530001 -0.15899999 54
-1.976 2.3050001 -0.086000003 70
0 0 0 0
-2.0669999 2.556 -0.25 73
-1.98 2.3180001 -0.152 55
-1.967 2.1919999 -0.079999998 69
-2.0539999 2.5539999 -0.34299999 10
-2.609 3.075 -0.308 9
-1.973 2.2030001 -0.146 60
-1.956 2.0799999 -0.075000003 77
0 0 0 0
-2.6530001 2.9809999 -0.30500001 10
-1.959 2.089 -0.14 59
-1.9119999 1.944 -0.068999998 90
0 0 0 0
-2.6359999 2.825 -0.29499999 41
-1.9119999 1.9450001 -0.132 73
-1.898 1.844 -0.064999998 107
-2.652 2.852 -0.41499999 0
-1.974 2.0179999 -0.21600001 5
-1.904 1.85 -0.127 77
-1.89 1.7539999 -0.061000001 95
0 0 0 0
-1.9579999 1.91 -0.20900001 60
-1.895 1.758 -0.123 82
-1.878 1.665 -0.057 100
0 0 0 0
-1.895 1.763 -0.198 2
-1.888 1.671 -0.119 91
-1.877 1.589 -0.054000001 97
0 0 0 0
-2.3050001 2.0450001 -0.236 11
-1.8789999 1.587 -0.115 90
-1.8609999 1.5039999 -0.050000001 102
0 0 0 0
-1.8839999 1.5930001 -0.189 5
-1.864 1.503 -0.11 97
-1.8559999 1.431 -0.046999998 106
-2.299 1.942 -0.32800001 0
-1.868 1.506 -0.183 9
-1.855 1.426 -0.107 101
-1.842 1.355 -0.044 84
0 0 0 0
-1.85 1.421 -0.178 12
-1.846 1.352 -0.103 69
-1.921 1.347 -0.043000001 101
0 0 0 0
-1.854 1.355 -0.175 14
-1.924 1.342 -0.105 85
-1.997 1.3329999 -0.041999999 92
-1.888 1.374 -0.257 19
-1.936 1.346 -0.18000001 7
-2.0079999 1.3329999 -0.107 78
-2.0880001 1.327 -0.041999999 97
-2.5439999 1.7589999 -0.34099999 0
-2.6730001 1.767 -0.245 24
-2.0969999 1.323 -0.109 75
-2.1819999 1.319 -0.041000001 90
-2.622 1.721 -0.347 0
-2.118 1.329 -0.191 2
-2.194 1.3150001 -0.111 79
-2.27 1.303 -0.039999999 79
0 0 0 0
-2.934 1.7460001 -0.25999999 28
-2.2869999 1.299 -0.113 75
-2.372 1.291 -0.039999999 78
0 0 0 0
-3.131 1.765 -0.27399999 40
-2.395 1.289 -0.116 71
-2.523 1.301 -0.039999999 23
-2.424 1.351 -0.30899999 0
-2.7609999 1.471 -0.23800001 6
-2.8139999 1.432 -0.133 9
-2.823 1.375 -0.041999999 28
0 0 0 0
-2.8050001 1.411 -0.23800001 16
-2.8499999 1.369 -0.132 6
-2.938 1.35 -0.041000001 5
0 0 0 0
-2.8789999 1.365 -0.241 5
-2.964 1.34 -0.13500001 5
-3.079 1.332 -0.039999999 4
0 0 0 0
-3.0179999 1.344 -0.25 5
-3.1159999 1.323 -0.139 4
-3.244 1.317 -0.039999999 15
0 0 0 0
-3.237 1.351 -0.26499999 6
-3.24 1.289 -0.142 12
-3.378 1.284 -0.039000001 4
0 0 0 0
-3.26 1.271 -0.264 7
-3.4400001 1.277 -0.148 4
-3.553 1.26 -0.039000001 1
0 0 0 0
-3.4920001 1.268 -0.27900001 1
-3.6140001 1.248 -0.153 1
-6.2859998 2.069 -0.064000003 1
0 0 0 0
-6.302 2.1199999 -0.49900001 1
-6.256 2.0009999 -0.25999999 35
-6.2379999 1.9 -0.059999999 1
0 0 0 0
-6.2950001 1.954 -0.493 0
-6.237 1.837 -0.255 34
-6.1939998 1.735 -0.056000002 63
0 0 0 0
-6.2480001 1.78 -0.48500001 0
-6.223 1.679 -0.25099999 36
-6.1680002 1.5779999 -0.052000001 61
0 0 0 0
-6.2249999 1.615 -0.479 0
-6.2010002 1.521 -0.24600001 37
-6.1459999 1.427 -0.048999999 66
0 0 0 0
-6.2030001 1.454 -0.47299999 1
-6.1799998 1.365 -0.242 35
0 0 0 0
0 0 0 0
0 0 0 0
0 0 0 0
0 0 0 0
0 0 0 0
0 0 0 0
0 0 0 0
-3.809 0.61799997 -0.025 7
0 0 0 0
-3.756 0.60399997 -0.27900001 40
0 0 0 0
-5.3800001 0.75 -0.033 15
0 0 0 0
0 0 0 0
-5.461 0.69 -0.20299999 18
-5.4530001 0.63599998 -0.032000002 16
0 0 0 0
0 0 0 0
-3.977 0.41 -0.146 6
-3.9349999 0.36899999 -0.021 7
0 0 0 0
0 0 0 0
-6.5510001 0.523 -0.23899999 7
-6.5960002 0.47099999 -0.034000002 87
0 0 0 0
0 0 0 0
-6.7090001 0.382 -0.243 22
-7.059 0.34599999 -0.034000002 12
0 0 0 0
0 0 0 0
-2.1059999 0.071000002 -0.075000003 4
-2.063 0.054000001 -0.0089999996 46
0 0 0 0
0 0 0 0
-2.056 0.022 -0.072999999 43
-2.0450001 0.0080000004 -0.0089999996 55
-1.948 0.0020000001 -0.211 13
-2.0409999 -0.0099999998 -0.146 67
-2.059 -0.024 -0.071999997 48
-2.056 -0.037 -0.0080000004 54
-2.02 -0.046 -0.21799999 13
-2.069 -0.059 -0.147 24
0 0 0 0
-9.1280003 -0.36899999 -0.037 5
-2.6229999 -0.124 -0.28299999 0
0 0 0 0
-6.8889999 -0.396 -0.241 0
-9.0710001 -0.57200003 -0.035999998 51
0 0 0 0
0 0 0 0
-2.036 -0.164 -0.071000002 18
-1.979 -0.169 -0.0070000002 42
0 0 0 0
-2.0309999 -0.20200001 -0.14300001 39
-2.006 -0.208 -0.068999998 65
-1.975 -0.213 -0.0070000002 49
-1.964 -0.236 -0.20999999 12
-2.01 -0.248 -0.141 24
-2.036 -0.25799999 -0.07 8
-1.995 -0.26100001 -0.0070000002 13
-1.924 -0.278 -0.205 12
0 0 0 0
-6.5450001 -0.98199999 -0.226 25
-6.5310001 -1.002 -0.023 8
-1.974 -0.33399999 -0.20999999 4
0 0 0 0
-6.5250001 -1.1339999 -0.22499999 21
-6.5139999 -1.149 -0.023 9
-2.559 -0.49700001 -0.27200001 0
0 0 0 0
-6.513 -1.286 -0.22400001 19
-6.4980001 -1.296 -0.023 8
0 0 0 0
0 0 0 0
-6.4819999 -1.434 -0.223 18
-6.4749999 -1.444 -0.024 8
0 0 0 0
0 0 0 0
-6.4710002 -1.589 -0.223 14
-6.4520001 -1.591 -0.024 2
0 0 0 0
0 0 0 0
-6.2030001 -1.674 -0.214 9
-6.1999998 -1.677 -0.024 10
0 0 0 0
0 0 0 0
-6.3410001 -1.867 -0.22 16
-6.3150001 -1.86 -0.025 7
0 0 0 0
0 0 0 0
-6.3150001 -2.0190001 -0.22 15
-6.3049998 -2.0109999 -0.026000001 6
0 0 0 0
0 0 0 0
-6.1560001 -2.1240001 -0.215 1
-6.0510001 -2.0799999 -0.027000001 25
0 0 0 0
0 0 0 0
-6.4029999 -2.3740001 -0.22499999 0
0 0 0 0
0 0 0 0
0 0 0 0
0 0 0 0
0 0 0 0
0 0 0 0
0 0 0 0
0 0 0 0
0 0 0 0
0 0 0 0
-3.138 -1.431 -0.223 1
0 0 0 0
0 0 0 0
0 0 0 0
-2.8210001 -1.367 -0.20100001 0
0 0 0 0
0 0 0 0
0 0 0 0
0 0 0 0
0 0 0 0
0 0 0 0
0 0 0 0
0 0 0 0
0 0 0 0
0 0 0 0
-2.2709999 -1.325 -0.245 0
-2.5020001 -1.437 -0.182 0
-2.6040001 -1.474 -0.097999997 1
0 0 0 0
-2.0710001 -1.275 -0.22499999 4
0 0 0 0
-2.096 -1.251 -0.079999998 9
-2.098 -1.2359999 -0.016000001 4
-1.928 -1.252 -0.20999999 3
0 0 0 0
0 0 0 0
0 0 0 0
-1.77 -1.211 -0.19400001 2
-3.9849999 -2.678 -0.296 0
0 0 0 0
0 0 0 0
0 0 0 0
-3.95 -2.79 -0.296 0
0 0 0 0
0 0 0 0
0 0 0 0
0 0 0 0
0 0 0 0
0 0 0 0
0 0 0 0
0 0 0 0
0 0 0 0
0 0 0 0
0 0 0 0
0 0 0 0
0 0 0 0
0 0 0 0
0 0 0 0
0 0 0 0
0 0 0 0
0 0 0 0
0 0 0 0
0 0 0 0
0 0 0 0
0 0 0 0
0 0 0 0
0 0 0 0
0 0 0 0
0 0 0 0
0 0 0 0
-4.9970002 -4.928 -0.40799999 1
0 0 0 0
0 0 0 0
-4.592 -4.8649998 -0.54500002 0
-4.7160001 -4.8730001 -0.39199999 1
0 0 0 0
-5.8610001 -5.789 -0.106 17
0 0 0 0
-4.4520001 -4.8200002 -0.37599999 1
0 0 0 0
-5.8260002 -6.0209999 -0.114 19
-5.2529998 -6.1230001 -0.639 0
-4.2319999 -4.802 -0.36399999 2
0 0 0 0
-5.7919998 -6.2610002 -0.122 16
0 0 0 0
-5.197 -6.1810002 -0.456 1
0 0 0 0
-2.441 -2.76 -0.055 1
0 0 0 0
-2.188 -2.73 -0.19599999 4
-5.2020001 -6.3060002 -0.28200001 1
-5.7319999 -6.7859998 -0.141 8
-5.086 -6.8590002 -0.648 1
-5.1409998 -6.7270002 -0.47 1
-5.1560001 -6.5489998 -0.289 1
-5.6729999 -7.0310001 -0.15000001 12
-5.0669999 -7.1820002 -0.65700001 1
-5.0869999 -6.987 -0.47600001 1
-5.1220002 -6.823 -0.29800001 1
-5.6469998 -7.3309999 -0.161 8
-5.006 -7.467 -0.662 1
-5.039 -7.27 -0.484 1
-5.086 -7.1079998 -0.308 1
-5.6009998 -7.6199999 -0.17200001 2
0 0 0 0
-5.0120001 -7.6059999 -0.49399999 1
-5.0370002 -7.3889999 -0.317 1
0 0 0 0
0 0 0 0
0 0 0 0
0 0 0 0
0 0 0 0
0 0 0 0
0 0 0 0
0 0 0 0
0 0 0 0
0 0 0 0
0 0 0 0
0 0 0 0
0 0 0 0
0 0 0 0
0 0 0 0
0 0 0 0
0 0 0 0
0 0 0 0
0 0 0 0
0 0 0 0
0 0 0 0
0 0 0 0
0 0 0 0
0 0 0 0
0 0 0 0
0 0 0 0
0 0 0 0
0 0 0 0
0 0 0 0
0 0 0 0
0 0 0 0
0 0 0 0
0 0 0 0
0 0 0 0
0 0 0 0
0 0 0 0
0 0 0 0
0 0 0 0
0 0 0 0
0 0 0 0
0 0 0 0
0 0 0 0
0 0 0 0
0 0 0 0
0 0 0 0
0 0 0 0
0 0 0 0
0 0 0 0
0 0 0 0
0 0 0 0
0 0 0 0
0 0 0 0
0 0 0 0
0 0 0 0
0 0 0 0
0 0 0 0
0 0 0 0
0 0 0 0
0 0 0 0
0 0 0 0
0 0 0 0
0 0 0 0
0 0 0 0
0 0 0 0
0 0 0 0
0 0 0 0
0 0 0 0
0 0 0 0
0 0 0 0
0 0 0 0
0 0 0 0
0 0 0 0
0 0 0 0
0 0 0 0
0 0 0 0
0 0 0 0
0 0 0 0
0 0 0 0
0 0 0 0
0 0 0 0
0 0 0 0
0 0 0 0
-2.7379999 -28.409 -1.316 6
0 0 0 0
0 0 0 0
-1.497 -28.263 -1.331 9
-2.073 -28.292 -1.298 12
-2.6530001 -28.389 -1.248 7
0 0 0 0
0 0 0 0
-1.4069999 -28.201 -1.283 10
-1.99 -28.292 -1.255 9
-2.4920001 -28.407 -1.235 10
0 0 0 0
-0.778 -29.042 -1.312 7
-1.326 -28.181999 -1.263 12
-1.8200001 -28.247999 -1.261 12
0 0 0 0
-0.102 -28.455999 -1.276 6
-0.69800001 -29.011999 -1.314 7
-1.1670001 -28.181 -1.29 8
0 0 0 0
0.55800003 -28.816999 -1.284 6
-0.025 -28.264999 -1.294 8
0 0 0 0
1.788 -28.587999 -1.189 8
1.214 -28.641001 -1.2690001 8
0 0 0 0
0 0 0 0
2.4489999 -28.518999 -1.158 7
0 0 0 0
0 0 0 0
0 0 0 0
2.997 -27.5 -1.089 6
0 0 0 0
0 0 0 0
0 0 0 0
3.7739999 -28.539 -1.103 7
0 0 0 0
0 0 0 0
0 0 0 0
0 0 0 0
0 0 0 0
0 0 0 0
0 0 0 0
0 0 0 0
0 0 0 0
0 0 0 0
0 0 0 0
0 0 0 0
0 0 0 0
0 0 0 0
0 0 0 0
0 0 0 0
4.8189998 -23.34 -1.012 13
0 0 0 0
4.7550001 -28.337999 -1.6390001 7
0 0 0 0
5.3720002 -23.304001 -1.011 10
0 0 0 0
0 0 0 0
0 0 0 0
0 0 0 0
0 0 0 0
0 0 0 0
0 0 0 0
0 0 0 0
0 0 0 0
5.6079998 -23.299 -1.46 5
4.04 -12.404 -0.396 4
0 0 0 0
0 0 0 0
0 0 0 0
5.9970002 -17.066999 -0.53299999 3
0 0 0 0
0 0 0 0
0 0 0 0
5.539 -14.701 -0.44800001 10
6.0440001 -16.995001 -0.745 3
5.8000002 -17.372 -0.98199999 2
0 0 0 0
5.7870002 -14.352 -0.428 6
5.5840001 -14.633 -0.64399999 8
5.3639998 -14.9 -0.85799998 2
0 0 0 0
5.2909999 -12.308 -0.35800001 2
5.849 -14.334 -0.634 2
5.631 -14.578 -0.85600001 8
5.4489999 -14.808 -1.062 6
5.5999999 -12.252 -0.34900001 2
5.3460002 -12.281 -0.54699999 2
5.0999999 -12.347 -0.74000001 2
5.717 -14.476 -1.068 8
5.921 -12.207 -0.34 2
5.664 -12.228 -0.54900002 2
5.4130001 -12.282 -0.75199997 3
5.21 -12.344 -0.93599999 2
6.2480001 -12.167 -0.331 1
5.9980001 -12.208 -0.55199999 3
5.7399998 -12.24 -0.76599997 3
5.5209999 -12.274 -0.958 2
0 0 0 0
6.3270001 -12.167 -0.55500001 2
6.0809999 -12.231 -0.78200001 2
5.849 -12.23 -0.98199999 2
0 0 0 0
0 0 0 0
6.3730001 -12.099 -0.79100001 2
6.1869998 -12.197 -1.008 2
0 0 0 0
0 0 0 0
0 0 0 0
0 0 0 0
0 0 0 0
6.0710001 -9.9370003 -0.46799999 1
0 0 0 0
0 0 0 0
0 0 0 0
0 0 0 0
6.0669999 -9.7969999 -0.68800002 1
6.1230001 -10.211 -0.92299998 1
5.8779998 -8.4060001 -0.20200001 1
5.927 -8.7670002 -0.42399999 1
5.973 -9.158 -0.66000003 1
0 0 0 0
0 0 0 0
5.8530002 -8.2469997 -0.405 1
5.868 -8.5559998 -0.63300002 1
0 0 0 0
0 0 0 0
0 0 0 0
5.8390002 -8.1049995 -0.61500001 1
0 0 0 0
0 0 0 0
0 0 0 0
5.7449999 -7.5960002 -0.59200001 1
5.848 -7.948 -0.81300002 1
0 0 0 0
5.6919999 -6.9520001 -0.359 0
5.7129998 -7.2010002 -0.57800001 1
0 0 0 0
5.5830002 -6.323 -0.139 1
5.5939999 -6.5209999 -0.34299999 1
5.6360002 -6.7709999 -0.55900002 0
0 0 0 0
5.5450001 -6 -0.13 0
5.5619998 -6.1890001 -0.33199999 0
5.618 -6.4349999 -0.54699999 0
0 0 0 0
5.4980001 -5.6869998 -0.121 0
5.5120001 -5.8590002 -0.32100001 1
5.546 -6.0619998 -0.53200001 1
0 0 0 0
5.4809999 -5.421 -0.114 0
5.4640002 -5.5450001 -0.31099999 1
5.5019999 -5.7410002 -0.51899999 1
0 0 0 0
5.4400001 -5.1440001 -0.107 0
5.4349999 -5.2690001 -0.303 1
5.4710002 -5.4489999 -0.509 1
5.4829998 -5.585 -0.70099998 1
5.381 -4.8639998 -0.1 0
5.4060001 -5.007 -0.29499999 1
5.4130001 -5.1459999 -0.49700001 1
5.4980001 -5.3410001 -0.69499999 0
5.3590002 -4.6290002 -0.093999997 0
5.3470001 -4.7290001 -0.28600001 1
5.3860002 -4.8839998 -0.48800001 1
5.448 -5.0479999 -0.68199998 0
0 0 0 0
5.3109999 -4.4860001 -0.27900001 1
5.342 -4.6220002 -0.479 1
0 0 0 0
0 0 0 0
3.7249999 -3.0020001 -0.192 0
0 0 0 0
0 0 0 0
1.079 -0.81199998 -0.016000001 1
3.8329999 -2.9449999 -0.19499999 13
0 0 0 0
3.7309999 -2.9909999 -0.45500001 2
1.115 -0.80000001 -0.016000001 6
0 0 0 0
1.112 -0.833 -0.096000001 2
1.0880001 -0.83099997 -0.131 1
0 0 0 0
0 0 0 0
0 0 0 0
1.09 -0.792 -0.131 1
0 0 0 0
0 0 0 0
0 0 0 0
4.2030001 -2.902 -0.50199997 11
4.5799999 -2.8410001 -0.057999998 12
4.513 -2.852 -0.21799999 12
4.4429998 -2.8659999 -0.377 12
4.395 -2.882 -0.52200001 11
4.7820001 -2.819 -0.057999998 10
4.7049999 -2.825 -0.22499999 12
4.6490002 -2.846 -0.39199999 12
1.279 -0.79500002 -0.15099999 1
4.9689999 -2.7820001 -0.057999998 6
4.9029999 -2.7920001 -0.23199999 11
4.8569999 -2.8199999 -0.40799999 11
1.332 -0.78500003 -0.156 2
0 0 0 0
5.1059999 -2.7550001 -0.23899999 4
5.0710001 -2.786 -0.42300001 11
1.396 -0.77899998 -0.163 4
0 0 0 0
0 0 0 0
0 0 0 0
1.4809999 -0.77999997 -0.17299999 4
0 0 0 0
0 0 0 0
0 0 0 0
1.62 -0.80400002 -0.18799999 3
0 0 0 0
0 0 0 0
0 0 0 0
1.717 -0.80199999 -0.199 3
5.7600002 -2.424 -0.059 19
0 0 0 0
0 0 0 0
1.722 -0.75400001 -0.199 2
0 0 0 0
0 0 0 0
1.793 -0.727 -0.147 1
1.734 -0.70999998 -0.2 2
0 0 0 0
0 0 0 0
1.883 -0.71200001 -0.154 2
1.734 -0.66299999 -0.2 1
0 0 0 0
0 0 0 0
2.003 -0.704 -0.163 3
1.7589999 -0.62400001 -0.20200001 1
0 0 0 0
0 0 0 0
2.174 -0.70700002 -0.177 4
1.783 -0.58499998 -0.205 1
5.1069999 -1.5039999 -0.048999999 2
0 0 0 0
2.348 -0.70300001 -0.191 4
1.771 -0.53399998 -0.20299999 1
5.1069999 -1.38 -0.048999999 2
0 0 0 0
2.487 -0.68199998 -0.20200001 4
1.78 -0.49000001 -0.204 1
2.526 -0.62199998 -0.024 4
2.5220001 -0.62300003 -0.113 0
2.506 -0.62300003 -0.204 4
1.803 -0.44999999 -0.207 1
5.6020002 -1.248 -0.055 4
5.6079998 -1.251 -0.25299999 9
2.5309999 -0.56699997 -0.206 0
1.812 -0.40599999 -0.208 1
5.053 -1.008 -0.050000001 10
0 0 0 0
2.5769999 -0.514 -0.20999999 0
1.817 -0.36199999 -0.20900001 1
5.033 -0.88700002 -0.050000001 9
0 0 0 0
2.5420001 -0.44499999 -0.208 0
1.83 -0.31900001 -0.211 1
5.0029998 -0.76700002 -0.050000001 12
3.4820001 -0.528 -0.15800001 1
2.599 -0.39199999 -0.213 0
1.829 -0.273 -0.211 2
4.9920001 -0.65200001 -0.050999999 13
3.812 -0.48899999 -0.17399999 1
2.575 -0.32699999 -0.211 0
1.85 -0.23100001 -0.214 2
4.9770002 -0.53600001 -0.052000001 15
3.9389999 -0.414 -0.18000001 5
2.582 -0.266 -0.212 0
1.8660001 -0.18700001 -0.21600001 2
4.9629998 -0.42300001 -0.052999999 14
0 0 0 0
2.6029999 -0.206 -0.215 0
1.859 -0.142 -0.21600001 2
0 0 0 0
0 0 0 0
2.586 -0.14300001 -0.214 0
1.872 -0.097000003 -0.21799999 2
0 0 0 0
0 0 0 0
2.6170001 -0.082999997 -0.21799999 0
1.867 -0.052000001 -0.21799999 2
4.9070001 -0.088 -0.057 88
0 0 0 0
2.6040001 -0.021 -0.21799999 0
1.863 -0.0070000002 -0.21799999 2
4.895 0.022 -0.057999998 95
4.9000001 0.050000001 -0.23199999 15
2.619 0.039999999 -0.22 0
1.88 0.037 -0.221 2
4.8839998 0.131 -0.059999999 104
4.8730001 0.162 -0.23199999 15
2.608 0.101 -0.22 0
1.8940001 0.083999999 -0.22400001 2
4.8629999 0.23899999 -0.061999999 124
4.8730001 0.27399999 -0.234 15
2.615 0.164 -0.222 0
1.906 0.13 -0.226 1
3.322 0.23800001 -0.044 35
3.29 0.26100001 -0.16 16
0 0 0 0
1.886 0.175 -0.22499999 2
4.5289998 0.42699999 -0.061999999 26
4.8200002 0.495 -0.237 15
2.6600001 0.292 -0.229 0
1.901 0.223 -0.228 2
4.816 0.56400001 -0.068000004 129
4.8249998 0.60699999 -0.23899999 22
4.8330002 0.648 -0.419 7
1.895 0.26899999 -0.229 1
4.8080001 0.67199999 -0.071000002 126
4.8049998 0.71799999 -0.241 47
4.8000002 0.759 -0.419 3
1.904 0.317 -0.23100001 1
4.7930002 0.77899998 -0.072999999 117
4.8010001 0.82999998 -0.244 20
4.79 0.875 -0.421 3
1.903 0.36399999 -0.23199999 2
4.7729998 0.88700002 -0.075999998 125
4.7719998 0.93900001 -0.245 14
4.7839999 0.99000001 -0.42399999 7
1.8839999 0.40799999 -0.23199999 1
4.7659998 0.99699998 -0.079000004 119
4.4860001 0.99000001 -0.234 14
4.744 1.099 -0.42399999 0
1.9 0.46000001 -0.235 1
4.7329998 1.101 -0.082000002 109
3.21 0.787 -0.169 4
3.194 0.81999999 -0.28799999 0
1.893 0.50700003 -0.236 1
3.2290001 0.82700002 -0.057999998 35
4.7270002 1.274 -0.25299999 17
4.723 1.3329999 -0.43000001 2
1.8890001 0.55599999 -0.23800001 1
4.717 1.323 -0.089000002 107
4.7059999 1.386 -0.25600001 14
4.7049999 1.449 -0.433 2
1.883 0.60299999 -0.23899999 1
4.7059999 1.4349999 -0.092 91
4.697 1.502 -0.25999999 14
4.6919999 1.568 -0.43599999 1
1.8710001 0.64999998 -0.23899999 1
4.684 1.545 -0.096000001 89
4.6799998 1.6160001 -0.26300001 14
4.6760001 1.686 -0.43900001 1
1.882 0.70499998 -0.243 2
4.6669998 1.656 -0.1 85
4.6729999 1.7359999 -0.26699999 13
2.589 1.003 -0.24600001 0
1.8710001 0.75300002 -0.244 2
4.6550002 1.772 -0.104 99
4.6459999 1.849 -0.27000001 14
4.6279998 1.921 -0.44499999 1
1.859 0.801 -0.244 0
4.6279998 1.881 -0.108 91
4.4060001 1.873 -0.26100001 1
0 0 0 0
1.87 0.86000001 -0.248 2
0 0 0 0
4.0500002 1.8329999 -0.244 13
0 0 0 0
1.859 0.91000003 -0.25 1
0 0 0 0
3.993 1.919 -0.245 23
2.5880001 1.296 -0.25799999 0
1.85 0.96200001 -0.25099999 1
4.5879998 2.2379999 -0.123 4
3.944 2.0090001 -0.24699999 13
0 0 0 0
1.826 1.006 -0.25099999 2
0 0 0 0
0 0 0 0
0 0 0 0
1.821 1.061 -0.25299999 1
0 0 0 0
4.0250001 2.29 -0.26300001 6
0 0 0 0
1.806 1.1109999 -0.25400001 0
0 0 0 0
3.99 2.3929999 -0.26699999 3
0 0 0 0
1.768 1.148 -0.252 1
0 0 0 0
3.987 2.5190001 -0.273 1
0 0 0 0
1.7690001 1.211 -0.25600001 0
0 0 0 0
4.4809999 2.9790001 -0.31400001 3
0 0 0 0
1.642 1.182 -0.241 3
0 0 0 0
4.48 3.1289999 -0.32100001 8
1.622 1.182 -0.18000001 1
1.7460001 1.323 -0.25999999 0
4.4819999 3.145 -0.16500001 20
1.6109999 1.182 -0.118 2
0 0 0 0
1.257 1.001 -0.19 1
1.625 1.196 -0.063000001 13
0 0 0 0
0 0 0 0
1.7029999 1.424 -0.26199999 0
1.2640001 0.97500002 -0.050999999 6
0 0 0 0
0 0 0 0
0 0 0 0
0 0 0 0
0 0 0 0
2.1860001 1.9349999 -0.26300001 49
0 0 0 0
0 0 0 0
2.188 1.941 -0.17900001 9
0 0 0 0
0 0 0 0
2.1860001 1.938 -0.102 5
0 0 0 0
0 0 0 0
0 0 0 0
3.6029999 3.3429999 -0.178 0
0 0 0 0
0 0 0 0
1.599 1.7029999 -0.27000001 0
3.8340001 3.7249999 -0.199 4
0 0 0 0
0 0 0 0
1.0140001 1.1339999 -0.175 7
0 0 0 0
0 0 0 0
0 0 0 0
1.557 1.827 -0.27500001 3
0 0 0 0
1.003 1.122 -0.096000001 21
1.586 1.8660001 -0.22 0
0 0 0 0
0 0 0 0
0 0 0 0
2.0610001 2.5439999 -0.294 1
0 0 0 0
0 0 0 0
0 0 0 0
0 0 0 0
0 0 0 0
2.6289999 3.2130001 -0.177 11
0 0 0 0
0 0 0 0
0 0 0 0
2.0510001 2.6270001 -0.145 26
0 0 0 0
0 0 0 0
0 0 0 0
2.487 3.3410001 -0.18700001 11
2.6760001 3.8039999 -0.308 13
0 0 0 0
0 0 0 0
2.1140001 2.9790001 -0.168 8
0 0 0 0
0 0 0 0
0 0 0 0
2.8559999 4.2280002 -0.23999999 34
0 0 0 0
0 0 0 0
0 0 0 0
3.4920001 5.434 -0.31200001 12
0 0 0 0
0 0 0 0
0 0 0 0
0 0 0 0
0 0 0 0
0.94199997 1.758 -0.176 2
0 0 0 0
0 0 0 0
0.94700003 1.747 -0.13600001 4
0.95700002 1.893 -0.18700001 4
0 0 0 0
0.94300002 1.7180001 -0.101 9
0.91100001 1.779 -0.138 2
0 0 0 0
0 0 0 0
0 0 0 0
2.562 5.2989998 -0.40900001 0
0 0 0 0
0 0 0 0
0 0 0 0
2.0539999 4.5180001 -0.347 1
0 0 0 0
0 0 0 0
2.4349999 5.2639999 -0.32100001 13
1.978 4.631 -0.35499999 10
0 0 0 0
0 0 0 0
2.2820001 5.2509999 -0.32300001 15
1.804 4.5159998 -0.345 0
0.866 2.3729999 -0.219 6
0 0 0 0
2.122 5.2080002 -0.324 13
0.88099998 2.3640001 -0.18000001 6
0 0 0 0
0 0 0 0
0 0 0 0
0 0 0 0
0 0 0 0
0 0 0 0
0 0 0 0
0 0 0 0
0 0 0 0
0 0 0 0
0 0 0 0
0 0 0 0
0.98400003 3.7620001 -0.333 0
0 0 0 0
0 0 0 0
0 0 0 0
0 0 0 0
0 0 0 0
0 0 0 0
0 0 0 0
0 0 0 0
0 0 0 0
0 0 0 0
0 0 0 0
0 0 0 0
0 0 0 0
0 0 0 0
0 0 0 0
0.60799998 3.727 -0.31799999 0
0 0 0 0
0 0 0 0
0.28600001 1.6670001 -0.126 2
0.51700002 3.7179999 -0.31400001 4
0.25099999 2.2880001 -0.212 0
0 0 0 0
0.54900002 3.721 -0.28299999 1
0.42500001 3.687 -0.30899999 1
0.315 3.661 -0.33399999 1
0.57800001 3.7130001 -0.26199999 1
0.45699999 3.704 -0.28200001 1
0.338 3.691 -0.30700001 3
0 0 0 0
0.48800001 3.6989999 -0.264 1
0.228 2.2850001 -0.17399999 10
0.273 4.0359998 -0.333 0
0 0 0 0
0.25 2.316 -0.168 4
0.28200001 3.6900001 -0.28200001 8
0.104 2.369 -0.19400001 2
0.032000002 2.174 -0.19 11
0.31200001 3.688 -0.271 6
0 0 0 0
0.093999997 4.533 -0.37 36
-0.037 4.5120001 -0.389 13
0.278 4.5479999 -0.33899999 3
0.133 4.5689998 -0.352 55
-0.012 4.5159998 -0.366 12
-0.14300001 4.5120001 -0.384 20
0.171 4.5650001 -0.345 31
0.012 2.1730001 -0.168 2
-0.118 4.5089998 -0.36300001 25
-0.24699999 4.473 -0.375 16
0.029999999 2.1670001 -0.16599999 0
-0.079999998 4.5349998 -0.35299999 13
-0.223 4.5050001 -0.361 12
-0.352 4.4590001 -0.36899999 31
-0.041000001 4.546 -0.354 14
-0.185 4.5209999 -0.35299999 12
-0.32800001 4.4819999 -0.35800001 12
-0.461 4.4970002 -0.368 8
-0.148 4.5300002 -0.35800001 12
-0.23999999 3.7290001 -0.29300001 11
-0.43399999 4.4899998 -0.35699999 12
-0.565 4.467 -0.36000001 12
-0.204 3.6300001 -0.29100001 5
-0.396 4.4910002 -0.35499999 13
-0.46200001 3.835 -0.303 4
-0.19599999 1.3099999 -0.104 5
-0.35800001 4.4829998 -0.366 14
-0.42699999 3.8169999 -0.303 16
-0.64200002 4.4460001 -0.34999999 27
0 0 0 0
-0.46599999 4.4949999 -0.373 7
-0.60399997 4.4559999 -0.35699999 13
-0.74900001 4.4489999 -0.34999999 12
0 0 0 0
-0.56400001 4.4299998 -0.373 14
-0.208 1.309 -0.105 5
-0.85100001 4.4219999 -0.347 54
0 0 0 0
-0.198 1.307 -0.112 20
0 0 0 0
-0.5 2.3080001 -0.18000001 3
0 0 0 0
0 0 0 0
-0.91799998 4.4089999 -0.361 7
-1.063 4.3990002 -0.34299999 16
-1.191 4.3759999 -0.32800001 68
0 0 0 0
0 0 0 0
-1.165 4.3740001 -0.34099999 69
-1.2920001 4.3470001 -0.32300001 31
0 0 0 0
0 0 0 0
-1.2690001 4.3540001 -0.33899999 58
0 0 0 0
0 0 0 0
-1.232 4.3520002 -0.366 21
0 0 0 0
0 0 0 0
-1.2029999 4.3699999 -0.40799999 12
0 0 0 0
0 0 0 0
0 0 0 0
-1.322 4.3959999 -0.41800001 0
0 0 0 0
0 0 0 0
0 0 0 0
0 0 0 0
0 0 0 0
0 0 0 0
-1.839 4.289 -0.301 67
0 0 0 0
0 0 0 0
-1.809 4.2729998 -0.333 73
-1.58 3.4619999 -0.241 16
0 0 0 0
0 0 0 0
-1.567 3.4749999 -0.271 25
-2.0699999 4.27 -0.294 25
0 0 0 0
0 0 0 0
-2.0450001 4.2659998 -0.33399999 55
-0.60799998 1.183 -0.079999998 6
0 0 0 0
-2.01 4.2639999 -0.38800001 21
-0.60299999 1.186 -0.093000002 4
0 0 0 0
-1.985 4.2729998 -0.456 2
-2.1140001 4.223 -0.389 15
0 0 0 0
-1.9450001 3.391 -0.227 14
-2.108 4.2690001 -0.46599999 1
-0.625 1.178 -0.11 2
-2.369 4.1669998 -0.329 62
-2.0339999 3.365 -0.223 30
-0.61000001 1.164 -0.12899999 2
0 0 0 0
-2.5120001 4.1869998 -0.33199999 22
-1.988 3.1240001 -0.205 21
0 0 0 0
-2.4449999 4.1269999 -0.39700001 3
-2.1400001 3.3870001 -0.27000001 19
-1.985 2.9660001 -0.193 43
0 0 0 0
-2.1210001 3.3959999 -0.33199999 37
-2.582 3.8840001 -0.31099999 21
-1.969 2.8 -0.18099999 43
-2.1259999 3.434 -0.40900001 0
-2.5380001 3.858 -0.38299999 12
-2.6760001 3.8269999 -0.30899999 21
-1.965 2.6630001 -0.171 90
0 0 0 0
-2.6489999 3.8280001 -0.38699999 3
-2.596 3.5350001 -0.287 14
-2.023 2.6129999 -0.16599999 76
0 0 0 0
-2.6459999 3.6359999 -0.37400001 1
-2.0280001 2.632 -0.215 2
-1.997 2.461 -0.155 57
0 0 0 0
-2.0439999 2.675 -0.28 7
-2.062 2.55 -0.20999999 57
-1.9859999 2.336 -0.146 59
0 0 0 0
-2.0580001 2.566 -0.27399999 34
-1.994 2.3529999 -0.19599999 7
-1.972 2.214 -0.138 69
-2.0420001 2.5569999 -0.34400001 6
-2.6110001 3.1010001 -0.338 8
-1.973 2.2219999 -0.186 23
-1.961 2.1029999 -0.13 73
0 0 0 0
-2.6589999 3.0109999 -0.33500001 9
-1.965 2.112 -0.17900001 21
-1.915 1.962 -0.12 81
0 0 0 0
-2.632 2.842 -0.32300001 37
-1.928 1.978 -0.17 141
-1.905 1.864 -0.114 90
0 0 0 0
-2.5309999 2.6070001 -0.303 44
-1.91 1.8710001 -0.162 72
-1.898 1.774 -0.108 100
0 0 0 0
-1.97 1.937 -0.23 42
-1.9 1.777 -0.156 69
-1.882 1.681 -0.101 88
-1.964 1.931 -0.29800001 24
-2.8329999 2.6559999 -0.32300001 39
-1.887 1.6849999 -0.15000001 86
-1.88 1.604 -0.096000001 104
0 0 0 0
-2.2969999 2.053 -0.25600001 14
-1.881 1.601 -0.145 81
-1.869 1.522 -0.090999998 92
0 0 0 0
-2.602 2.2179999 -0.28400001 11
-1.876 1.524 -0.14 84
-1.858 1.444 -0.086000003 93
-2.2809999 1.9400001 -0.33000001 0
-2.789 2.266 -0.29899999 55
-1.867 1.447 -0.13600001 80
-1.858 1.377 -0.082000002 104
0 0 0 0
-2.5320001 1.96 -0.266 38
-1.8559999 1.37 -0.131 77
-1.915 1.353 -0.079999998 99
-2.4349999 1.876 -0.34099999 0
-1.885 1.3890001 -0.19400001 3
-1.904 1.339 -0.131 56
-1.989 1.339 -0.079000004 87
-1.911 1.401 -0.264 6
-2.7539999 1.931 -0.27900001 36
-1.998 1.337 -0.133 71
-2.076 1.33 -0.079000004 89
0 0 0 0
-2.678 1.785 -0.266 17
-2.0840001 1.326 -0.13500001 74
-2.174 1.324 -0.079000004 76
0 0 0 0
-2.737 1.733 -0.26800001 10
-2.181 1.318 -0.138 75
-2.26 1.308 -0.078000002 92
0 0 0 0
-2.8770001 1.727 -0.27700001 15
-2.273 1.303 -0.14 70
-2.358 1.293 -0.077 87
0 0 0 0
-3.086 1.755 -0.292 44
-2.3829999 1.294 -0.14300001 64
-2.4790001 1.288 -0.077 62
0 0 0 0
-2.4419999 1.314 -0.228 20
-2.6659999 1.369 -0.15700001 23
-2.825 1.388 -0.083999999 115
0 0 0 0
-2.822 1.434 -0.259 8
-2.8440001 1.378 -0.163 16
-2.9330001 1.359 -0.082999997 5
-2.7839999 1.392 -0.35499999 1
-2.8670001 1.372 -0.25999999 5
-2.9660001 1.355 -0.16599999 5
-3.0680001 1.339 -0.082000002 4
0 0 0 0
-2.9990001 1.349 -0.26800001 4
-3.105 1.332 -0.17 4
-3.263 1.337 -0.082999997 13
0 0 0 0
-3.168 1.336 -0.28 4
-3.247 1.3049999 -0.17399999 12
-3.365 1.291 -0.081 5
0 0 0 0
-3.234 1.275 -0.28200001 9
-3.4089999 1.281 -0.17900001 5
-3.5239999 1.262 -0.081 2
0 0 0 0
-3.4579999 1.27 -0.29800001 1
-3.6040001 1.2589999 -0.185 1
-6.25 2.0810001 -0.13600001 41
-2.4719999 0.88200003 -0.301 0
0 0 0 0
-6.2709999 2.0309999 -0.31600001 35
-6.2249999 1.9170001 -0.12899999 38
-2.4579999 0.81099999 -0.29699999 0
0 0 0 0
-6.25 1.867 -0.30899999 34
-6.2010002 1.758 -0.121 64
0 0 0 0
-6.27 1.812 -0.523 0
-6.2360001 1.706 -0.30199999 37
-6.178 1.603 -0.115 58
0 0 0 0
-6.2270002 1.642 -0.51499999 0
-6.2090001 1.5470001 -0.29499999 37
-6.158 1.45 -0.108 69
0 0 0 0
-6.2090001 1.4809999 -0.50800002 0
-6.1900001 1.393 -0.289 36
0 0 0 0
0 0 0 0
0 0 0 0
-6.1599998 1.237 -0.28299999 1
0 0 0 0
0 0 0 0
0 0 0 0
-3.7880001 0.67000002 -0.171 5
-3.8010001 0.62800002 -0.056000002 7
0 0 0 0
-3.744 0.61699998 -0.29899999 35
-3.8169999 0.58600003 -0.169 5
-5.3979998 0.76899999 -0.075000003 4
-2.477 0.373 -0.287 0
0 0 0 0
-5.4920001 0.71399999 -0.23999999 10
-5.461 0.65399998 -0.071999997 11
-2.4860001 0.31299999 -0.287 0
0 0 0 0
-3.977 0.42500001 -0.171 7
-3.9590001 0.38299999 -0.048999999 7
-2.493 0.25299999 -0.287 0
-3.8859999 0.361 -0.303 9
-6.4860001 0.54299998 -0.27500001 2
-6.5799999 0.48899999 -0.077 50
-2.4719999 0.19 -0.28299999 0
-6.631 0.46000001 -0.514 1
-6.6149998 0.40000001 -0.27599999 73
-6.9829998 0.36199999 -0.075999998 13
0 0 0 0
0 0 0 0
-6.6040001 0.248 -0.27200001 5
-2.0840001 0.061000001 -0.021 35
-1.913 0.055 -0.21799999 11
0 0 0 0
-2.076 0.029999999 -0.083999999 39
-2.053 0.014 -0.018999999 59
-1.933 0.0089999996 -0.219 13
-2.036 -0.0020000001 -0.155 52
-2.0569999 -0.017000001 -0.082000002 46
-2.056 -0.030999999 -0.017999999 54
-2.0150001 -0.039000001 -0.228 13
-2.066 -0.050999999 -0.156 44
-2.0699999 -0.064000003 -0.082000002 12
-9.1300001 -0.34200001 -0.077 5
-2.168 -0.093999997 -0.245 3
0 0 0 0
-6.5370002 -0.35299999 -0.25600001 5
-9.0760002 -0.54500002 -0.071000002 52
0 0 0 0
0 0 0 0
-2.0380001 -0.15700001 -0.079000004 2
-1.9910001 -0.164 -0.014 48
-2.408 -0.222 -0.271 0
-2.0380001 -0.19400001 -0.152 24
-2.007 -0.20100001 -0.077 67
-1.98 -0.208 -0.013 46
-1.982 -0.23 -0.223 12
-1.992 -0.237 -0.148 19
-2.0239999 -0.249 -0.075999998 3
-1.987 -0.25400001 -0.012 44
-1.918 -0.27000001 -0.215 13
-2.0039999 -0.287 -0.149 6
-6.5349998 -0.958 -0.24600001 42
-6.54 -0.98400003 -0.037999999 10
-1.9450001 -0.322 -0.21799999 11
0 0 0 0
-6.5320001 -1.1109999 -0.243 24
-6.5190001 -1.132 -0.035 10
-2.3469999 -0.447 -0.26300001 0
0 0 0 0
-6.4959998 -1.258 -0.23999999 20
-6.5 -1.278 -0.033 8
-2.3469999 -0.50599998 -0.26300001 0
0 0 0 0
-6.4879999 -1.4119999 -0.23800001 18
-6.4790001 -1.424 -0.029999999 8
