# .PCD v0.7 - Point Cloud Data file format
VERSION 0.7
FIELDS x y z intensity
SIZE 4 4 4 4
TYPE F F F F
COUNT 1 1 1 1
WIDTH 20064
HEIGHT 1
VIEWPOINT 0 0 0 1 0 0 0
POINTS 20064
DATA ascii
2.6789999 -1.9680001 -0.025 23
3.9170001 -2.9449999 -0.155 3
0 0 0 0
3.2969999 -2.5880001 -0.32300001 1
2.727 -1.9119999 -0.023 22
3.9549999 -2.8329999 -0.153 10
3.3859999 -2.483 -0.235 0
1.898 -1.418 -0.185 0
2.773 -1.853 -0.021 22
3.97 -2.71 -0.15099999 11
3.4579999 -2.4130001 -0.23800001 1
1.897 -1.348 -0.184 0
2.823 -1.795 -0.018999999 23
3.9790001 -2.5829999 -0.148 12
3.5320001 -2.3440001 -0.242 0
1.904 -1.286 -0.184 0
1.992 -1.205 -0.011 17
2.0710001 -1.278 -0.075999998 18
3.5929999 -2.2639999 -0.244 0
1.9680001 -1.262 -0.19 0
1.844 -1.0599999 -0.0089999996 17
1.9069999 -1.117 -0.068999998 18
2.1329999 -1.276 -0.14399999 89
2.0840001 -1.267 -0.2 3
1.803 -0.98400003 -0.0080000004 22
1.804 -1.003 -0.064000003 16
1.8279999 -1.036 -0.122 12
2.0150001 -1.16 -0.193 0
1.839 -0.94999999 -0.0070000002 23
1.829 -0.963 -0.064000003 21
1.822 -0.977 -0.122 16
1.842 -1.003 -0.176 8
1.869 -0.91299999 -0.0060000001 21
1.865 -0.92699999 -0.064000003 21
1.859 -0.94199997 -0.123 14
1.988 -1.022 -0.19 0
1.899 -0.87599999 -0.0049999999 19
1.895 -0.88800001 -0.064999998 20
1.893 -0.903 -0.125 12
2.0150001 -0.97500002 -0.192 0
1.933 -0.83999997 -0.0040000002 21
1.932 -0.852 -0.064999998 20
1.932 -0.86699998 -0.127 13
2.0369999 -0.926 -0.19400001 0
1.967 -0.80199999 -0.003 17
1.965 -0.81400001 -0.066 19
1.977 -0.83200002 -0.13 13
2.043 -0.87 -0.19499999 0
0 0 0 0
1.998 -0.77499998 -0.066 4
0 0 0 0
0 0 0 0
0 0 0 0
2.0510001 -0.74199998 -0.067000002 18
0 0 0 0
0 0 0 0
2.089 -0.69300002 -0.001 15
2.0869999 -0.69999999 -0.068000004 16
2.4760001 -0.84299999 -0.162 32
0 0 0 0
0 0 0 0
0 0 0 0
0 0 0 0
0 0 0 0
0 0 0 0
0 0 0 0
0 0 0 0
0 0 0 0
0 0 0 0
0 0 0 0
0 0 0 0
0 0 0 0
0 0 0 0
0 0 0 0
0 0 0 0
0 0 0 0
0 0 0 0
0 0 0 0
0 0 0 0
0 0 0 0
0 0 0 0
0 0 0 0
0 0 0 0
0 0 0 0
4.1090002 -0.68000001 0.0049999999 11
0 0 0 0
0 0 0 0
0 0 0 0
0 0 0 0
4.0939999 -0.579 -0.13 11
0 0 0 0
0 0 0 0
0 0 0 0
0 0 0 0
0 0 0 0
0 0 0 0
0 0 0 0
0 0 0 0
0 0 0 0
0 0 0 0
0 0 0 0
0 0 0 0
0 0 0 0
1.543 -0.102 -0.15099999 27
1.587 -0.082999997 0.0020000001 6
1.567 -0.075999998 -0.050000001 19
0 0 0 0
2.128 -0.089000002 -0.20999999 0
4.1329999 -0.125 0.0070000002 11
4.132 -0.107 -0.133 14
0 0 0 0
2.1659999 -0.039000001 -0.214 1
4.1430001 -0.033 0.0070000002 11
4.1500001 -0.012 -0.134 15
0 0 0 0
2.132 0.012 -0.212 0
4.1469998 0.059999999 0.0070000002 11
4.1620002 0.082999997 -0.13500001 15
0 0 0 0
2.1619999 0.064999998 -0.21600001 0
4.1550002 0.153 0.0060000001 11
4.1570001 0.178 -0.13600001 10
3.234 0.15700001 -0.22 0
2.135 0.116 -0.215 1
0 0 0 0
1.265 0.082999997 -0.041000001 1
2.099 0.15099999 -0.14399999 13
2.1329999 0.168 -0.21600001 2
0 0 0 0
2.885 0.257 -0.096000001 7
2.8759999 0.27599999 -0.199 4
0 0 0 0
0 0 0 0
0 0 0 0
2.888 0.34599999 -0.20100001 0
0 0 0 0
0 0 0 0
0 0 0 0
0 0 0 0
0 0 0 0
0 0 0 0
0 0 0 0
0 0 0 0
0 0 0 0
0 0 0 0
0 0 0 0
0 0 0 0
0 0 0 0
0.121 0.023 0 0
0 0 0 0
0 0 0 0
0 0 0 0
0 0 0 0
0 0 0 0
2.9089999 0.704 -0.20999999 0
2.135 0.54000002 -0.227 0
0 0 0 0
0 0 0 0
2.905 0.77600002 -0.212 4
2.105 0.58700001 -0.226 0
2.928 0.78100002 0 4
2.918 0.81699997 -0.105 3
2.9219999 0.85500002 -0.215 4
0 0 0 0
2.9230001 0.85000002 -0.001 3
2.925 0.89099997 -0.107 3
1.489 0.47400001 -0.111 11
1.503 0.498 -0.164 2
1.484 0.46799999 -0.001 33
1.516 0.5 -0.056000002 9
1.497 0.51599997 -0.112 6
2.0929999 0.75 -0.23100001 0
1.493 0.50800002 -0.0020000001 79
2.928 1.0420001 -0.11 3
0 0 0 0
2.0810001 0.80400002 -0.23199999 0
2.937 1.073 -0.0049999999 1
1.601 0.61199999 -0.061000001 0
2.938 1.17 -0.226 3
2.086 0.86400002 -0.235 0
0 0 0 0
2.951 1.207 -0.115 0
2.938 1.252 -0.229 3
2.0650001 0.91500002 -0.235 0
2.954 1.232 -0.0080000004 0
2.964 1.2920001 -0.117 0
2.948 1.339 -0.23199999 3
2.0450001 0.96600002 -0.236 0
2.96 1.314 -0.0089999996 0
2.9630001 1.374 -0.12 0
2.9530001 1.427 -0.236 6
2.062 1.035 -0.23999999 0
2.957 1.393 -0.011 0
2.9779999 1.464 -0.122 8
3.8640001 1.9809999 -0.31299999 1
0 0 0 0
3.0109999 1.502 -0.013 7
3.8610001 2.0109999 -0.162 58
1.163 0.63099998 -0.094999999 4
0 0 0 0
3.9960001 2.108 -0.02 59
3.448 1.899 -0.148 9
0 0 0 0
0 0 0 0
0 0 0 0
0 0 0 0
0 0 0 0
0 0 0 0
0.85399997 0.50099999 -0.0049999999 0
0 0 0 0
0 0 0 0
0 0 0 0
0.87300003 0.53799999 -0.0060000001 0
0.85399997 0.55000001 -0.039000001 1
0 0 0 0
0 0 0 0
0 0 0 0
3.9200001 2.658 -0.183 3
0 0 0 0
0 0 0 0
4.118 2.8069999 -0.037 2
1.556 1.108 -0.074000001 3
0 0 0 0
0 0 0 0
1.548 1.107 -0.015 32
0 0 0 0
0 0 0 0
1.501 1.221 -0.199 0
0 0 0 0
3.938 3.0880001 -0.199 4
0 0 0 0
0 0 0 0
0 0 0 0
3.9389999 3.2409999 -0.204 23
0 0 0 0
0 0 0 0
3.79 3.119 -0.050000001 15
1.166 1.006 -0.061999999 3
0 0 0 0
1.8329999 1.726 -0.25600001 0
1.1799999 1.017 -0.016000001 167
3.6600001 3.3050001 -0.20100001 38
0 0 0 0
1.789 1.768 -0.255 0
3.608 3.256 -0.056000002 7
3.9860001 3.773 -0.22499999 32
0 0 0 0
1.802 1.868 -0.26199999 0
3.46 3.267 -0.057999998 70
4.0219998 3.984 -0.234 19
0 0 0 0
1.607 1.749 -0.23899999 3
3.323 3.283 -0.061000001 33
3.757 3.9000001 -0.226 23
0 0 0 0
0 0 0 0
3.171 3.279 -0.063000001 68
1.608 1.748 -0.1 3
0 0 0 0
0 0 0 0
1.617 1.75 -0.035 5
3.7179999 4.2360001 -0.23899999 18
0.96899998 1.163 -0.108 0
0.91799998 1.1569999 -0.146 1
3.085 3.4949999 -0.071999997 63
0.97399998 1.163 -0.064000003 8
0.91399997 1.151 -0.105 1
2.895 3.8310001 -0.472 0
0.97299999 1.155 -0.024 9
0.93099999 1.165 -0.064000003 2
0 0 0 0
1.758 2.4460001 -0.294 26
0.972 1.2079999 -0.026000001 8
3.2490001 4.2670002 -0.23199999 0
0 0 0 0
2.6270001 3.848 -0.45300001 0
1.354 1.763 -0.039999999 2
3.092 4.263 -0.23 1
0 0 0 0
1.5470001 2.3870001 -0.27399999 5
2.8 3.826 -0.089000002 67
3.0190001 4.3709998 -0.234 23
0 0 0 0
1.581 2.573 -0.289 0
2.6659999 3.8239999 -0.092 75
1.574 2.398 -0.127 0
1.63 2.642 -0.219 156
1.043 1.794 -0.197 9
2.55 3.8410001 -0.094999999 28
2.4219999 3.8829999 -0.204 33
1.049 1.793 -0.146 3
0.99299997 1.8049999 -0.19400001 0
2.431 3.8499999 -0.097999997 86
2.7160001 4.5879998 -0.23999999 20
2.457 4.4390001 -0.35699999 1
0 0 0 0
2.3499999 3.9200001 -0.102 66
1.018 1.8150001 -0.093999997 8
2.4100001 4.6059999 -0.36399999 16
0 0 0 0
1.027 1.8049999 -0.048 20
2.441 4.598 -0.23800001 58
2.342 4.7420001 -0.36899999 18
0 0 0 0
0.97600001 1.811 -0.050000001 9
2.375 4.7350001 -0.244 98
1.107 2.382 -0.182 3
0.189 0.43700001 -0.043000001 3
2.013 3.947 -0.112 92
1.122 2.375 -0.122 4
0 0 0 0
0 0 0 0
1.906 3.9619999 -0.115 96
0 0 0 0
0 0 0 0
0 0 0 0
0 0 0 0
0 0 0 0
1.758 4.6100001 -0.338 2
0 0 0 0
0 0 0 0
1.8279999 4.691 -0.23800001 17
1.675 4.724 -0.34200001 1
0 0 0 0
0 0 0 0
1.715 4.723 -0.23899999 17
0 0 0 0
0 0 0 0
1.475 3.9630001 -0.127 17
1.615 4.796 -0.243 15
0 0 0 0
0 0 0 0
1.377 3.98 -0.131 117
0.73900002 2.3759999 -0.12 0
1.1210001 4.052 -0.28200001 17
0.30199999 1.23 -0.107 1
1.277 3.9849999 -0.134 73
1.149 4.0209999 -0.20299999 16
0 0 0 0
0 0 0 0
1.178 3.993 -0.13699999 123
0 0 0 0
0 0 0 0
0 0 0 0
0.33500001 1.2410001 -0.043000001 2
0 0 0 0
0.37900001 1.875 -0.126 1
0.44100001 2.5739999 -0.213 4
0.294 1.199 -0.043000001 0
0 0 0 0
0 0 0 0
0 0 0 0
0 0 0 0
0 0 0 0
0.093999997 0.61400002 -0.039999999 2
0 0 0 0
0.368 1.875 -0.071000002 2
0 0 0 0
0 0 0 0
0 0 0 0
0.44800001 2.5940001 -0.1 4
0 0 0 0
0 0 0 0
0 0 0 0
0 0 0 0
0 0 0 0
0.111 1.3559999 -0.086000003 1
0 0 0 0
0 0 0 0
0 0 0 0
0 0 0 0
0.105 3.7750001 -0.28200001 1
0 0 0 0
0 0 0 0
0 0 0 0
0.016000001 3.7809999 -0.278 40
0 0 0 0
0 0 0 0
0.041999999 3.7939999 -0.236 5
0 0 0 0
0.48899999 9.0010004 -0.389 1
0.177 8.2349997 -0.426 1
-0.045000002 3.796 -0.234 2
0 0 0 0
0.278 8.9820004 -0.39700001 1
-0.0070000002 3.7909999 -0.197 5
0 0 0 0
-0.249 3.773 -0.264 7
0.028999999 3.819 -0.17200001 1
-0.20100001 7.914 -0.41299999 2
0 0 0 0
-0.182 2.0320001 -0.14 0
-0.059999999 3.8010001 -0.175 1
-0.186 3.8239999 -0.2 0
0 0 0 0
0 0 0 0
-0.35499999 9.0609999 -0.428 14
-0.273 3.7869999 -0.2 0
0 0 0 0
0 0 0 0
-0.236 3.7750001 -0.182 2
-0.19599999 2.0409999 -0.108 1
0 0 0 0
0 0 0 0
-0.177 2.0599999 -0.101 2
-0.88999999 7.441 -0.398 1
0 0 0 0
0 0 0 0
-0.98299998 8.9250002 -0.45100001 2
-1.049 7.3099999 -0.39300001 1
-1.265 7.1110001 -0.417 4
-1.307 6.2350001 -0.39500001 0
-1.2029999 8.9870005 -0.46399999 1
-1.209 7.2119999 -0.391 1
0 0 0 0
0 0 0 0
-1.414 8.9580002 -0.47299999 2
-1.352 7.0489998 -0.38499999 1
0 0 0 0
0 0 0 0
-1.29 7.0760002 -0.382 1
-1.341 6.2059999 -0.34200001 0
0 0 0 0
0 0 0 0
0 0 0 0
0 0 0 0
0 0 0 0
0 0 0 0
0 0 0 0
0 0 0 0
0 0 0 0
-0.69300002 2.072 -0.121 23
0 0 0 0
0 0 0 0
0 0 0 0
-0.736 2.0409999 -0.117 41
0 0 0 0
0 0 0 0
-0.72399998 2.0510001 -0.116 38
-0.796 2.0569999 -0.116 22
0 0 0 0
-0.70999998 2.0699999 -0.119 36
-0.77999997 2.0539999 -0.115 35
-0.884 2.135 -0.118 30
-0.69499999 2.085 -0.12899999 1
-0.75999999 2.0569999 -0.12 40
-0.87900001 2.1619999 -0.121 5
-0.93099999 2.108 -0.114 47
-0.741 2.0580001 -0.13 44
-0.81699997 2.0610001 -0.121 7
-0.91799998 2.1159999 -0.118 46
-0.98699999 2.1040001 -0.112 11
-0.80400002 2.0769999 -0.13500001 15
-0.898 2.119 -0.126 38
-0.97399998 2.108 -0.117 40
0 0 0 0
-0.88700002 2.1389999 -0.142 31
-0.949 2.0999999 -0.127 38
-1.484 3.0250001 -0.168 1
0 0 0 0
-0.92799997 2.095 -0.14300001 38
-1.4579999 3.0350001 -0.186 4
0 0 0 0
-5.2140002 9.3629999 -0.47400001 18
-1.45 3.075 -0.215 7
0 0 0 0
0 0 0 0
-5.513 9.3800001 -0.465 17
0 0 0 0
0 0 0 0
0 0 0 0
-5.8119998 9.3889999 -0.45699999 20
0 0 0 0
0 0 0 0
-5.7639999 9.4169998 -0.51899999 5
-6.1350002 9.4200001 -0.449 13
0 0 0 0
0 0 0 0
-6.052 9.3909998 -0.51700002 16
-6.4159999 9.3699999 -0.43700001 5
0 0 0 0
0 0 0 0
-6.3779998 9.4110003 -0.51800001 14
-6.539 9.0959997 -0.41499999 8
0 0 0 0
0 0 0 0
-6.7259998 9.4420004 -0.51899999 6
0 0 0 0
-5.829 8.8210001 -0.72000003 1
0 0 0 0
0 0 0 0
0 0 0 0
-6.1409998 8.8280001 -0.741 1
0 0 0 0
-7.4840002 9.5380001 -0.52499998 13
-7.9089999 9.5419998 -0.40700001 5
-6.4660001 8.8339996 -0.76200002 1
-6.8629999 8.8479996 -0.62199998 1
-7.8709998 9.5620003 -0.52700001 6
-1.605 1.849 -0.077 0
-6.8039999 8.8439999 -0.78500003 1
-7.2490001 8.9049997 -0.63700002 1
-8.257 9.5719995 -0.528 17
-1.5829999 1.7410001 -0.07 4
-7.1880002 8.8959999 -0.81300002 1
-7.6100001 8.9069996 -0.64999998 1
-8.658 9.5799999 -0.52999997 19
-1.601 1.682 -0.066 0
-7.54 8.8879995 -0.83600003 1
-7.9790001 8.9069996 -0.66299999 1
-9.1120005 9.6199999 -0.53299999 15
-9.6999998 9.7370005 -0.37400001 2
-7.9260001 8.8990002 -0.86299998 2
-8.4230003 8.9709997 -0.68199998 1
-9.5810003 9.6590004 -0.537 13
-1.601 1.535 -0.057 2
-8.349 8.934 -0.89300001 2
-8.8369999 8.9750004 -0.69700003 1
-10.045 9.6709995 -0.54000002 14
-10.615 9.7229996 -0.35100001 10
-8.8109999 8.9870005 -0.92699999 1
-9.2799997 8.9919996 -0.71399999 2
-10.578 9.7189999 -0.54500002 8
-11.164 9.7709999 -0.34200001 2
-9.2349997 8.9759998 -0.95700002 2
-9.7869997 9.0469999 -0.73500001 1
-11.123 9.757 -0.55000001 1
-11.754 9.8249998 -0.33199999 2
0 0 0 0
-10.291 9.0690002 -0.755 1
-11.733 9.8219995 -0.55699998 2
-12.362 9.8620005 -0.31999999 2
0 0 0 0
-11.642 9.7840004 -0.83600003 2
-12.297 9.8219995 -0.56099999 2
-12.952 9.8610001 -0.30700001 3
0 0 0 0
-12.311 9.8629999 -0.86500001 2
-12.958 9.8649998 -0.56800002 2
-13.697 9.948 -0.29699999 5
0 0 0 0
-12.928 9.8669996 -0.88999999 4
0 0 0 0
-12.885 8.9160004 -0.25299999 6
-12.912 9.8360004 -1.25 4
0 0 0 0
0 0 0 0
-13.154 8.6689997 -0.234 12
0 0 0 0
0 0 0 0
-1.642 1.079 -0.063000001 0
-16.077999 10.082 -0.257 4
0 0 0 0
0 0 0 0
-1.645 1.027 -0.061000001 1
-16.856001 10.044 -0.23899999 4
0 0 0 0
0 0 0 0
-1.647 0.977 -0.059 1
-18.049 10.211 -0.226 3
0 0 0 0
0 0 0 0
-1.664 0.93599999 -0.057 1
0 0 0 0
0 0 0 0
0 0 0 0
-1.66 0.884 -0.055 1
0 0 0 0
0 0 0 0
0 0 0 0
-1.663 0.83700001 -0.052999999 1
0 0 0 0
0 0 0 0
0 0 0 0
-1.669 0.792 -0.050999999 1
0 0 0 0
0 0 0 0
0 0 0 0
-1.671 0.74599999 -0.048999999 2
-21.764999 9.2580004 -0.108 14
-22.500999 10.424 -1.995 6
0 0 0 0
-1.671 0.70099998 -0.046999998 2
0 0 0 0
0 0 0 0
0 0 0 0
-1.678 0.65899998 -0.046 2
0 0 0 0
0 0 0 0
0 0 0 0
-1.678 0.61500001 -0.044 2
-28.834 10.029 -0.028000001 8
-27.816999 10.511 -2.4130001 11
0 0 0 0
-1.675 0.56999999 -0.041999999 2
-28.802 9.2930002 0.0070000002 9
-27.829 9.7580004 -2.3989999 9
0 0 0 0
-1.678 0.52899998 -0.041000001 2
-28.965 8.6339998 0.043000001 8
0 0 0 0
0 0 0 0
-1.6799999 0.48699999 -0.039000001 2
-28.982 7.9400001 0.075999998 7
0 0 0 0
0 0 0 0
-1.6900001 0.44800001 -0.037999999 2
-29.054001 7.2579999 0.11 7
0 0 0 0
-28.926001 7.4190001 -1.517 9
-1.699 0.40900001 -0.035999998 2
0 0 0 0
0 0 0 0
-28.934 6.7010002 -1.499 9
-1.706 0.36899999 -0.035 3
0 0 0 0
-28.924999 6.3540001 -2.4230001 9
0 0 0 0
-1.704 0.32800001 -0.033 3
-29.153 5.2309999 0.207 12
-28.910999 5.6230001 -2.411 8
0 0 0 0
-1.692 0.28600001 -0.032000002 7
-29.172001 4.5640001 0.23800001 12
0 0 0 0
0 0 0 0
-1.709 0.249 -0.030999999 5
-29.148001 3.8970001 0.26699999 10
0 0 0 0
-1.709 0.229 -0.083999999 0
-1.706 0.20900001 -0.028999999 6
-1.707 0.189 0.017000001 0
0 0 0 0
-1.7029999 0.18700001 -0.082999997 1
-1.71 0.169 -0.028000001 8
-1.7029999 0.15000001 0.018999999 2
0 0 0 0
-1.709 0.148 -0.082000002 1
-1.7 0.12899999 -0.027000001 19
-1.721 0.113 0.02 9
-1.676 0.119 -0.13699999 0
-1.709 0.107 -0.082000002 8
-1.696 0.090000004 -0.025 35
-1.706 0.074000001 0.022 2
-1.707 0.079999998 -0.139 1
-1.705 0.066 -0.079999998 1
-1.711 0.050999999 -0.024 9
0 0 0 0
-25.271999 0.579 -2.0539999 6
-1.724 0.027000001 -0.081 1
-1.727 0.012 -0.023 8
-24.007 -0.024 0.35699999 7
-16.142 -0.022 -1.308 6
-13.676 -0.108 -0.63599998 4
-1.727 -0.026000001 -0.022 5
0 0 0 0
-13.673 -0.34900001 -1.105 4
-13.663 -0.42899999 -0.63 6
-1.739 -0.067000002 -0.021 3
0 0 0 0
-13.676 -0.68199998 -1.102 4
-13.668 -0.74900001 -0.625 4
-1.706 -0.104 -0.02 21
0 0 0 0
-13.71 -1.016 -1.103 3
-13.723 -1.0779999 -0.62099999 3
-1.7309999 -0.145 -0.018999999 2
0 0 0 0
-13.74 -1.351 -1.104 2
-13.739 -1.404 -0.61699998 3
-1.738 -0.186 -0.017999999 2
-16.996 -1.921 0.32699999 2
0 0 0 0
0 0 0 0
-1.7359999 -0.226 -0.017000001 2
0 0 0 0
-4.224 -0.62300003 -0.338 2
-4.244 -0.63499999 -0.18700001 2
-1.734 -0.266 -0.016000001 1
0 0 0 0
-4.2389998 -0.72899997 -0.33899999 23
-4.2389998 -0.73699999 -0.186 29
-1.74 -0.308 -0.015 1
-12.223 -2.2160001 0.266 3
-4.2470002 -0.83700001 -0.33899999 23
-4.2290001 -0.838 -0.184 29
-1.744 -0.34999999 -0.014 1
-11.157 -2.28 0.25099999 4
-4.2540002 -0.94599998 -0.34 19
-4.2290001 -0.94199997 -0.182 27
-1.745 -0.39199999 -0.013 1
-10.291 -2.3440001 0.23999999 6
-4.2579999 -1.054 -0.34 18
-4.243 -1.05 -0.182 28
-1.743 -0.433 -0.012 1
-9.533 -2.3959999 0.23 4
-4.2680001 -1.1670001 -0.34 20
-4.243 -1.156 -0.18000001 27
-1.76 -0.48100001 -0.011 1
-8.8409996 -2.4319999 0.221 8
-4.2740002 -1.28 -0.34099999 18
-4.2540002 -1.267 -0.18000001 24
-1.766 -0.52600002 -0.0099999998 1
-7.7290001 -2.3110001 0.199 1
-4.2839999 -1.397 -0.34200001 17
-4.2620001 -1.38 -0.17900001 22
-1.768 -0.56999999 -0.0089999996 1
-7.6719999 -2.4820001 0.204 8
-4.2880001 -1.513 -0.34200001 14
-4.2870002 -1.499 -0.17900001 21
-1.761 -0.61299998 -0.0080000004 1
-7.2410002 -2.5220001 0.198 8
-4.2870002 -1.63 -0.34200001 14
-4.2800002 -1.61 -0.178 21
-1.7690001 -0.66100001 -0.0070000002 0
-6.8060002 -2.543 0.191 9
-4.2930002 -1.751 -0.34299999 13
-4.29 -1.73 -0.177 21
-1.761 -0.704 -0.0060000001 1
-6.428 -2.563 0.185 9
-4.303 -1.877 -0.345 13
-4.3140001 -1.858 -0.177 21
-1.772 -0.75599998 -0.0049999999 1
-6.085 -2.586 0.18099999 11
-4.3179998 -2.0079999 -0.34599999 14
-4.309 -1.977 -0.176 20
-1.773 -0.80500001 -0.0040000002 1
-5.7940001 -2.6159999 0.176 11
-4.3629999 -2.158 -0.35100001 1
-5.4000001 -2.631 -0.219 14
-1.779 -0.85699999 -0.003 0
-5.4970002 -2.631 0.17200001 12
-4.3249998 -2.27 -0.34799999 1
-5.2839999 -2.7309999 -0.213 2
-1.779 -0.90799999 -0.0020000001 0
-5.2210002 -2.6429999 0.167 13
-4.289 -2.3840001 -0.34599999 1
0 0 0 0
-1.777 -0.95899999 -0.001 0
-4.9660001 -2.654 0.163 16
-4.237 -2.49 -0.34299999 1
0 0 0 0
-1.789 -1.018 0 0
-4.7360001 -2.6689999 0.15899999 15
-4.1929998 -2.6010001 -0.34 1
0 0 0 0
0 0 0 0
-4.5180001 -2.6789999 0.156 15
-4.1599998 -2.721 -0.33899999 13
-4.1989999 -2.694 -0.167 2
-1.768 -1.115 0.001 2
-4.309 -2.687 0.152 14
-4.0669999 -2.8010001 -0.33199999 1
-4.0619998 -2.7420001 -0.161 14
-4.0819998 -2.7090001 0.0040000002 10
-4.1230001 -2.7 0.149 14
0 0 0 0
0 0 0 0
0 0 0 0
-3.9460001 -2.7119999 0.146 14
0 0 0 0
0 0 0 0
0 0 0 0
-3.78 -2.724 0.14300001 12
0 0 0 0
0 0 0 0
0 0 0 0
-3.608 -2.724 0.14 13
-1.025 -0.861 -0.085000001 6
0 0 0 0
0 0 0 0
-3.4579999 -2.7349999 0.13699999 13
-0.97500002 -0.86000001 -0.081 3
-1.013 -0.87199998 -0.039000001 32
-1.04 -0.875 0.0040000002 20
-3.3139999 -2.743 0.134 12
-2.997 -2.7720001 -0.252 1
-1.003 -0.90499997 -0.039000001 1
-1.01 -0.88999999 0.0040000002 5
-1.035 -0.89600003 0.041999999 28
-2.8770001 -2.7920001 -0.243 16
-2.9349999 -2.773 -0.114 16
-1.031 -0.95099998 0.0049999999 0
-0.99400002 -0.90100002 0.041999999 5
-2.845 -2.895 -0.242 5
-2.846 -2.8180001 -0.11 10
-2.8729999 -2.7750001 0.016000001 12
-0.96499997 -0.91399997 0.041000001 2
0 0 0 0
0 0 0 0
-2.868 -2.9000001 0.017999999 0
-0.93000001 -0.92199999 0.041000001 9
0 0 0 0
0 0 0 0
0 0 0 0
-0.884 -0.91600001 0.039999999 0
-1.8839999 -2.2130001 -0.164 0
0 0 0 0
0 0 0 0
0 0 0 0
-1.876 -2.312 -0.16500001 0
0 0 0 0
0 0 0 0
-2.467 -2.7950001 0.117 1
-1.893 -2.45 -0.168 0
0 0 0 0
0 0 0 0
0 0 0 0
-1.779 -2.4189999 -0.16 6
0 0 0 0
0 0 0 0
-2.2679999 -2.8139999 0.113 1
-1.641 -2.345 -0.149 68
-1.697 -2.3410001 -0.066 73
0 0 0 0
-2.1670001 -2.8150001 0.111 16
-1.568 -2.358 -0.14399999 75
-1.618 -2.3440001 -0.063000001 74
-1.6720001 -2.3399999 0.017999999 79
-1.77 -2.411 0.093000002 151
-1.488 -2.3559999 -0.138 71
-1.539 -2.345 -0.059999999 80
-1.598 -2.348 0.018999999 75
-1.641 -2.3429999 0.088 90
-1.411 -2.355 -0.133 86
-1.462 -2.3429999 -0.057 102
-1.524 -2.352 0.018999999 81
-1.566 -2.346 0.086999997 81
-1.34 -2.362 -0.12800001 89
-1.393 -2.3529999 -0.054000001 97
-1.444 -2.346 0.018999999 87
-1.495 -2.3510001 0.085000001 85
-1.098 -2.046 -0.107 14
-1.279 -2.2809999 -0.050000001 150
-1.376 -2.3529999 0.018999999 97
-1.4220001 -2.3540001 0.082999997 116
0 0 0 0
-1.085 -2.043 -0.043000001 18
-1.102 -1.988 0.017000001 14
-1.345 -2.342 0.081 144
-0.42300001 -0.88599998 -0.041999999 8
0 0 0 0
-1.066 -2.03 0.017000001 25
-1.0930001 -2.007 0.068000004 16
-0.396 -0.884 -0.041000001 7
-0.42399999 -0.89700001 -0.017000001 5
0 0 0 0
-1.159 -2.2479999 0.074000001 150
-0.39300001 -0.93300003 -0.041000001 6
-0.39899999 -0.898 -0.016000001 5
-0.42300001 -0.90399998 0.0080000004 6
0 0 0 0
-0.94 -2.388 -0.102 23
-0.39899999 -0.95700002 -0.016000001 2
-0.40000001 -0.90799999 0.0080000004 5
-0.419 -0.912 0.028999999 7
-0.87900001 -2.3959999 -0.097999997 91
-0.93000001 -2.3840001 -0.037999999 24
-0.40099999 -0.97000003 0.0080000004 2
-0.40000001 -0.92500001 0.028000001 7
-0.81400001 -2.392 -0.093999997 98
-0.86900002 -2.388 -0.035999998 112
-0.92500001 -2.392 0.021 25
-0.40200001 -0.98799998 0.029999999 2
-0.75599998 -2.402 -0.090000004 104
-0.80900002 -2.395 -0.034000002 104
-0.861 -2.3870001 0.021 111
-0.91000003 -2.391 0.07 26
-0.69199997 -2.3970001 -0.086000003 105
-0.74800003 -2.3929999 -0.032000002 113
-0.80299997 -2.3940001 0.021 111
-0.847 -2.3889999 0.068999998 120
-0.63300002 -2.4000001 -0.082000002 101
-0.69 -2.4030001 -0.030999999 123
-0.74299997 -2.3959999 0.021 125
-0.78899997 -2.3959999 0.067000002 120
-0.50199997 -2.102 -0.068999998 18
-0.62800002 -2.395 -0.028999999 140
-0.685 -2.402 0.021 114
-0.73100001 -2.4000001 0.066 114
-0.51599997 -2.4070001 -0.075000003 110
-0.49200001 -2.0699999 -0.023 19
-0.58899999 -2.2590001 0.02 152
-0.67199999 -2.402 0.064000003 131
-0.461 -2.4219999 -0.071999997 104
-0.51599997 -2.4170001 -0.025 109
-0.48300001 -2.0420001 0.017999999 17
-0.55599999 -2.1760001 0.056000002 156
-0.40099999 -2.414 -0.068000004 111
-0.458 -2.4170001 -0.023 122
-0.51300001 -2.415 0.021 102
-0.46900001 -2.027 0.050999999 20
-0.345 -2.4230001 -0.064999998 115
-0.40000001 -2.415 -0.022 123
-0.45500001 -2.4170001 0.021 119
-0.50199997 -2.415 0.059 129
-0.28799999 -2.4260001 -0.061000001 115
-0.345 -2.424 -0.02 127
-0.40000001 -2.424 0.021 127
-0.44499999 -2.414 0.057999998 135
-0.23199999 -2.4319999 -0.057999998 114
-0.28799999 -2.427 -0.017999999 127
-0.34299999 -2.4230001 0.021 125
-0.38800001 -2.4159999 0.056000002 145
-0.176 -2.4360001 -0.055 107
-0.23100001 -2.428 -0.017000001 130
-0.28600001 -2.4260001 0.021 120
-0.333 -2.421 0.054000001 131
-0.119 -2.434 -0.050999999 118
-0.176 -2.4330001 -0.015 135
-0.23 -2.4260001 0.021 132
-0.27700001 -2.4230001 0.052999999 134
-0.063000001 -2.444 -0.048 110
-0.119 -2.434 -0.013 142
-0.175 -2.437 0.021 131
-0.222 -2.4289999 0.050999999 137
-0.0060000001 -2.447 -0.044 108
-0.063000001 -2.438 -0.012 133
-0.119 -2.434 0.021 132
-0.16599999 -2.428 0.050000001 139
0.048999999 -2.4449999 -0.041000001 104
-0.0070000002 -2.447 -0.0099999998 117
-0.063000001 -2.4419999 0.021 124
-0.111 -2.4360001 0.048 135
0.106 -2.4549999 -0.037999999 108
0.048 -2.447 -0.0089999996 120
-0.0070000002 -2.441 0.021 122
-0.055 -2.438 0.046 138
0.163 -2.4579999 -0.034000002 93
0.105 -2.451 -0.0070000002 108
0.048 -2.447 0.02 122
0 -2.444 0.045000002 133
0.22 -2.4579999 -0.030999999 95
0.162 -2.4549999 -0.0049999999 124
0.105 -2.4549999 0.02 116
0.056000002 -2.4419999 0.043000001 126
0.27900001 -2.4679999 -0.028000001 96
0.219 -2.464 -0.0040000002 105
0.161 -2.4530001 0.02 109
0.112 -2.4530001 0.041000001 129
0.33399999 -2.45 -0.024 130
0.27700001 -2.464 -0.0020000001 105
0.21799999 -2.4630001 0.02 102
0.169 -2.4579999 0.039999999 119
0.22 -1.378 -0.012 3
0.32699999 -2.414 -0.001 150
0.27599999 -2.467 0.02 108
0.226 -2.4590001 0.037999999 113
0 0 0 0
0.39300001 -2.4690001 0 112
0.324 -2.3989999 0.018999999 150
0.28299999 -2.4630001 0.035999998 120
0 0 0 0
0.44999999 -2.467 0.001 150
0.39199999 -2.471 0.018999999 112
0.33199999 -2.3959999 0.033 150
0.34900001 -1.512 -0.0070000002 3
0.345 -1.671 0.0020000001 0
0.45100001 -2.477 0.018999999 113
0.40000001 -2.4679999 0.032000002 112
0.38800001 -1.524 -0.0049999999 3
0.57200003 -2.4809999 0.0040000002 91
0.50999999 -2.474 0.018999999 98
0.45899999 -2.4719999 0.030999999 124
0.43399999 -1.551 -0.0020000001 3
0.63200003 -2.4820001 0.0060000001 96
0.57200003 -2.484 0.017999999 103
0.51899999 -2.477 0.028999999 111
0.47600001 -1.564 0 2
0.69499999 -2.4879999 0.0080000004 106
0.634 -2.49 0.017999999 102
0.57999998 -2.4760001 0.027000001 102
0.50800002 -1.5420001 0.001 7
0.75599998 -2.4860001 0.0089999996 19
0.69499999 -2.49 0.017999999 99
0.64300001 -2.4860001 0.025 120
0.546 -1.54 0.003 1
0.51099998 -1.552 0.0060000001 4
0.75800002 -2.49 0.017000001 13
0.70499998 -2.4879999 0.023 114
0.78100002 -2.05 0.0070000002 0
0.551 -1.553 0.0070000002 1
0.51099998 -1.55 0.0099999998 2
0.47999999 -1.558 0.013 0
0.65499997 -1.609 0.0080000004 2
0.78600001 -2.062 0.011 0
0.54799998 -1.543 0.0099999998 1
0.51700002 -1.5470001 0.011 2
0.67500001 -1.556 0.0099999998 9
0.64200002 -1.575 0.0099999998 2
0.62400001 -1.6339999 0.0099999998 0
0.55900002 -1.553 0.0099999998 1
0.815 -1.768 0.014 28
0.67299998 -1.548 0.0099999998 7
0.64600003 -1.582 0.0099999998 2
0.61799997 -1.599 0.0089999996 1
0.954 -1.951 0.018999999 5
0.81599998 -1.767 0.013 49
0.68000001 -1.561 0.0089999996 4
0.64999998 -1.572 0.0070000002 2
1.0140001 -1.96 0.022 5
0.94999999 -1.938 0.016000001 5
0.80500001 -1.739 0.0099999998 73
0.68400002 -1.552 0.0060000001 2
1.073 -1.965 0.025 5
1.0089999 -1.9450001 0.017000001 5
0.96100003 -1.955 0.011 4
0.79699999 -1.699 0.0049999999 37
1.465 -2.543 0.037 66
1.074 -1.959 0.018999999 5
1.016 -1.951 0.011 4
0.80299997 -1.613 0.003 5
1.543 -2.5439999 0.041000001 65
1.467 -2.5350001 0.026000001 68
1.0700001 -1.944 0.0099999998 5
0.84600002 -1.604 0.001 3
1.002 -1.572 0.028000001 11
1.551 -2.5450001 0.028000001 71
0.96700001 -1.664 0.0080000004 0
0.87099999 -1.563 0 2
0 0 0 0
1.0039999 -1.567 0.017999999 11
1.002 -1.637 0.0080000004 0
0.91500002 -1.5549999 -0.001 0
1.799 -2.5569999 0.055 15
0 0 0 0
1.006 -1.5599999 0.0070000002 9
0 0 0 0
1.895 -2.569 0.059999999 6
1.816 -2.566 0.034000002 72
1.045 -1.5420001 0.0070000002 2
0 0 0 0
2.365 -3.059 0.077 31
2.267 -3.053 0.043000001 33
1.142 -1.604 0.0070000002 3
0 0 0 0
2.4809999 -3.0639999 0.083999999 30
2.388 -3.0669999 0.046 30
1.177 -1.573 0.0060000001 2
0 0 0 0
2.6040001 -3.0710001 0.090000004 29
2.5090001 -3.075 0.048999999 31
1.221 -1.556 0.0049999999 2
0 0 0 0
2.7349999 -3.0840001 0.097000003 28
2.6270001 -3.073 0.052000001 28
1.2589999 -1.53 0.0049999999 2
0 0 0 0
2.27 -2.4449999 0.082000002 22
2.757 -3.0799999 0.055 27
1.299 -1.506 0.0040000002 1
0 0 0 0
2.3180001 -2.3889999 0.086000003 20
2.2850001 -2.4389999 0.045000002 22
1.341 -1.483 0.0040000002 1
0 0 0 0
2.365 -2.3299999 0.089000002 22
2.325 -2.3710001 0.046999998 22
2.2869999 -2.415 0.0060000001 5
0 0 0 0
2.4119999 -2.2720001 0.093000002 21
2.3759999 -2.3139999 0.048 21
2.346 -2.365 0.0049999999 6
0 0 0 0
1.934 -1.7410001 0.075999998 150
2.4230001 -2.2550001 0.048999999 23
2.3889999 -2.2980001 0.0040000002 6
0 0 0 0
2.355 -2.027 0.093999997 150
1.956 -1.738 0.039999999 161
2.438 -2.2390001 0.003 10
0 0 0 0
2.5650001 -2.1099999 0.103 20
2.52 -2.138 0.052000001 21
2.01 -1.761 0.001 178
0 0 0 0
2.602 -2.0439999 0.106 20
2.5739999 -2.085 0.052999999 21
2.543 -2.1270001 0.001 13
0 0 0 0
2.661 -1.9960001 0.11 21
2.6229999 -2.0280001 0.054000001 21
2.5929999 -2.066 0 21
2.5710001 -2.1029999 -0.048 15
2.7049999 -1.936 0.114 21
2.6700001 -1.9680001 0.055 21
2.6440001 -2.0090001 0 20
2.635 -2.053 -0.050999999 11
2.7520001 -1.8789999 0.117 21
2.7249999 -1.914 0.057 24
2.697 -1.951 -0.001 22
2.681 -1.987 -0.054000001 7
2.8039999 -1.823 0.121 22
2.7690001 -1.853 0.057999998 23
2.7420001 -1.888 -0.0020000001 21
2.7390001 -1.932 -0.057 7
2.0639999 -1.278 0.090000004 17
2.812 -1.789 0.059 22
2.799 -1.8329999 -0.003 22
2.7839999 -1.865 -0.059999999 7
1.914 -1.126 0.083999999 16
1.9859999 -1.201 0.041999999 16
2.0780001 -1.293 -0.003 17
2.836 -1.8049999 -0.063000001 7
1.8099999 -1.012 0.079999998 18
1.847 -1.061 0.039000001 16
1.9119999 -1.128 -0.003 18
1.985 -1.198 -0.045000002 17
1.817 -0.963 0.081 20
1.8099999 -0.98500001 0.037999999 20
1.8099999 -1.012 -0.0040000002 16
1.837 -1.05 -0.043000001 21
1.848 -0.92799997 0.083999999 21
1.84 -0.94800001 0.039000001 19
1.8279999 -0.96600002 -0.0040000002 21
1.812 -0.97899997 -0.044 19
1.883 -0.89300001 0.086000003 19
1.872 -0.91000003 0.039999999 19
1.8609999 -0.92799997 -0.0049999999 20
1.848 -0.94099998 -0.046 22
1.914 -0.85600001 0.088 19
1.903 -0.87199998 0.039999999 19
1.893 -0.88999999 -0.0060000001 19
1.886 -0.90499997 -0.048 19
1.944 -0.81800002 0.090000004 15
1.938 -0.83499998 0.041000001 18
1.929 -0.85299999 -0.0060000001 18
1.919 -0.86500001 -0.050000001 17
1.984 -0.78399998 0.093000002 20
1.97 -0.79699999 0.041999999 18
1.961 -0.81199998 -0.0070000002 18
1.954 -0.82499999 -0.052000001 23
2.0220001 -0.74699998 0.096000001 5
2.016 -0.76200002 0.043000001 12
1.999 -0.77399999 -0.0080000004 17
2.0020001 -0.78899997 -0.054000001 23
2.0550001 -0.708 0.097999997 15
2.0639999 -0.727 0.044 14
2.036 -0.73400003 -0.0080000004 13
2.0420001 -0.75 -0.056000002 14
2.099 -0.671 0.101 6
2.0910001 -0.68300003 0.045000002 14
2.095 -0.699 -0.0089999996 2
2.0810001 -0.70700002 -0.059 18
0 0 0 0
0 0 0 0
0 0 0 0
2.1159999 -0.66299999 -0.061000001 1
0.15800001 -0.041999999 0.0070000002 1
0.184 -0.050000001 0.0040000002 2
0.17399999 -0.048999999 0 1
0 0 0 0
0 0 0 0
0 0 0 0
0 0 0 0
0.16500001 -0.043000001 -0.0040000002 1
0.182 -0.039999999 0.0089999996 1
0.183 -0.041000001 0.0040000002 2
0.176 -0.041000001 -0.001 1
0 0 0 0
0 0 0 0
0 0 0 0
0 0 0 0
0.169 -0.035 -0.0049999999 1
0.184 -0.032000002 0.0089999996 1
0.19 -0.034000002 0.0040000002 150
0.185 -0.034000002 -0.001 1
0 0 0 0
3.4690001 -0.53799999 0.176 26
4.086 -0.64200002 0.090000004 47
4.1040001 -0.65499997 -0.026000001 42
4.0999999 -0.66000003 -0.131 2
0 0 0 0
0 0 0 0
0 0 0 0
0 0 0 0
0.78100002 -0.086000003 0.039999999 4
0.79299998 -0.086999997 0.017000001 14
0 0 0 0
0 0 0 0
0 0 0 0
0 0 0 0
0 0 0 0
0 0 0 0
1.844 -0.121 0.096000001 3
4.1079998 -0.266 0.092 1
4.1300001 -0.266 -0.029999999 15
0 0 0 0
3.4979999 -0.15099999 0.183 38
1.608 -0.067000002 0.035999998 28
1.586 -0.064000003 -0.011 9
4.1440001 -0.162 -0.14300001 16
3.608 -0.075999998 0.19 41
4.1420002 -0.078000002 0.093999997 15
4.1490002 -0.071999997 -0.032000002 15
4.1370001 -0.061000001 -0.145 12
4.1459999 0.0049999999 0.22 11
4.1560001 0.015 0.093999997 15
4.1539998 0.025 -0.033 14
4.1459999 0.037 -0.147 11
4.1479998 0.097000003 0.222 11
4.1529999 0.111 0.094999999 14
4.1550002 0.123 -0.033 13
4.1570001 0.138 -0.15000001 12
0 0 0 0
0 0 0 0
0 0 0 0
0 0 0 0
1.9579999 0.132 0.106 24
2.0039999 0.145 0.046 2
0 0 0 0
0 0 0 0
0 0 0 0
0 0 0 0
0 0 0 0
0 0 0 0
0 0 0 0
0 0 0 0
0 0 0 0
0 0 0 0
0 0 0 0
0 0 0 0
0 0 0 0
0.134 0.02 -0.0049999999 0
0.125 0.018999999 0.0060000001 0
0.15099999 0.025 0.003 1
0 0 0 0
0 0 0 0
0 0 0 0
0 0 0 0
0.104 0.02 -0.001 0
0 0 0 0
0 0 0 0
0 0 0 0
0 0 0 0
0 0 0 0
0 0 0 0
2.9119999 0.68900001 0.068999998 0
0 0 0 0
0 0 0 0
0 0 0 0
2.925 0.76300001 0.07 4
2.9230001 0.79400003 -0.028999999 4
2.918 0.824 -0.12 3
2.9070001 0.796 0.167 3
2.925 0.83499998 0.07 3
2.925 0.86900002 -0.029999999 3
1.4960001 0.461 -0.061999999 9
2.928 0.87300003 0.17 3
1.495 0.46399999 0.035999998 61
1.483 0.479 -0.015 60
1.497 0.50199997 -0.063000001 18
1.489 0.47999999 0.086999997 9
1.494 0.50199997 0.035999998 3
0 0 0 0
2.9419999 1.066 -0.125 1
0 0 0 0
2.951 1.068 0.071999997 3
0 0 0 0
2.95 1.151 -0.127 0
2.9449999 1.097 0.175 0
0 0 0 0
2.941 1.186 -0.032000002 1
2.9690001 1.2410001 -0.13 0
1.575 0.62699997 0.093999997 0
0 0 0 0
2.9449999 1.2690001 -0.033 1
2.9579999 1.323 -0.131 0
2.9449999 1.249 0.178 0
2.9560001 1.3049999 0.074000001 0
2.971 1.364 -0.033 0
2.9879999 1.423 -0.134 7
2.9549999 1.332 0.18000001 1
2.957 1.388 0.075000003 0
3.0079999 1.4680001 -0.034000002 9
3.868 1.96 -0.176 57
3.0239999 1.4450001 0.185 19
3.023 1.505 0.077 12
3.9549999 2.0480001 -0.046 47
1.179 0.63300002 -0.054000001 2
2.97 1.501 0.184 35
4.0209999 2.118 0.104 53
3.3699999 1.848 -0.039000001 1
0 0 0 0
2.99 1.597 0.18700001 37
0 0 0 0
0 0 0 0
0 0 0 0
0 0 0 0
0.84399998 0.495 0.022 0
0 0 0 0
0.852 0.54100001 -0.041000001 8
0.85900003 0.509 0.054000001 1
0.89999998 0.55599999 0.024 0
0.85600001 0.551 -0.0099999998 7
3.921 2.625 -0.191 4
0.90499997 0.56400001 0.057999998 0
0 0 0 0
4.1890001 2.8410001 -0.052000001 4
3.925 2.7690001 -0.193 28
0 0 0 0
0 0 0 0
1.55 1.105 -0.018999999 21
0 0 0 0
3.4790001 2.3929999 0.228 5
1.551 1.113 0.041999999 10
0 0 0 0
3.944 3.0769999 -0.2 4
1.574 1.135 0.104 5
3.0350001 2.2869999 0.083999999 8
4.118 3.2409999 -0.052999999 2
3.954 3.2409999 -0.204 16
3.5020001 2.6459999 0.234 50
0 0 0 0
3.7909999 3.131 -0.048999999 10
1.177 1.013 -0.061000001 3
0 0 0 0
0 0 0 0
1.179 1.022 -0.015 66
3.8139999 3.4489999 -0.20200001 23
0 0 0 0
3.026 2.6259999 0.088 27
3.5769999 3.2509999 -0.048 6
4.0170002 3.8110001 -0.21600001 32
3.5139999 3.0480001 0.244 51
2.9960001 2.724 0.088 30
3.427 3.267 -0.046 64
4.026 4.0110002 -0.22 32
3.5039999 3.181 0.24600001 51
2.9920001 2.849 0.090000004 32
3.283 3.2809999 -0.044 34
3.154 3.299 -0.175 12
3.5869999 3.4070001 0.255 73
2.9749999 2.9679999 0.090999998 29
3.135 3.2839999 -0.043000001 54
3.7950001 4.165 -0.214 9
3.592 3.569 0.259 71
1.5319999 1.6 0.046999998 35
3.095 3.398 -0.043000001 8
3.7850001 4.3600001 -0.21699999 19
1.901 1.976 0.139 5
1.604 1.755 0.050999999 2
3.0799999 3.549 -0.043000001 58
0.96499997 1.168 -0.056000002 10
1.612 1.753 0.119 2
3.0769999 3.5250001 0.098999999 59
0.963 1.164 -0.013 14
0.91500002 1.1619999 -0.054000001 40
1.863 2.1199999 0.14 2
0.96600002 1.159 0.032000002 14
0.917 1.1619999 -0.013 30
0 0 0 0
0.97399998 1.161 0.075000003 7
0.958 1.207 0.032000002 161
2.862 3.8139999 -0.041000001 10
0 0 0 0
0.95099998 1.187 0.074000001 0
2.8800001 3.803 0.1 6
1.772 2.4809999 -0.025 239
2.6040001 3.855 -0.164 32
3.9530001 5.1680002 0.315 0
1.78 2.4679999 0.063000001 3
2.612 3.845 -0.037 98
2.4690001 3.8499999 -0.15899999 45
0 0 0 0
2.6359999 3.8369999 0.096000001 83
2.4820001 3.846 -0.035999998 95
2.391 3.934 -0.15700001 12
1.638 2.355 0.13500001 4
2.513 3.845 0.093999997 81
2.3759999 3.878 -0.035 55
1.033 1.795 -0.068999998 25
2.868 4.3309999 0.243 85
2.3959999 3.858 0.092 74
1.04 1.7920001 -0.015 168
0.98199999 1.8049999 -0.067000002 2
2.73 4.3330002 0.236 83
2.3139999 3.927 0.092 68
0.99599999 1.814 -0.014 8
2.0250001 3.947 -0.14300001 78
1.6160001 2.6989999 0.14300001 20
1.011 1.811 0.041000001 4
2.049 3.9489999 -0.029999999 100
1.9119999 3.9549999 -0.138 89
1.025 1.803 0.093000002 13
2.0810001 3.9389999 0.089000002 67
1.937 3.9579999 -0.028000001 85
0 0 0 0
0 0 0 0
1.975 3.9579999 0.088 76
0 0 0 0
0 0 0 0
0 0 0 0
1.862 3.9579999 0.086000003 30
0 0 0 0
1.567 3.9419999 -0.124 1
1.348 2.802 0.134 19
0 0 0 0
0 0 0 0
1.4680001 3.9679999 -0.12 146
0 0 0 0
0 0 0 0
1.494 3.9590001 -0.021 90
1.363 3.9749999 -0.116 107
0 0 0 0
0 0 0 0
1.393 3.9749999 -0.018999999 115
1.262 3.9879999 -0.112 77
0 0 0 0
1.4349999 3.971 0.081 15
1.291 3.983 -0.017000001 32
1.1619999 4.0019999 -0.108 148
0 0 0 0
1.336 3.9809999 0.079999998 89
1.193 3.9979999 -0.016000001 103
0.324 1.225 -0.030999999 5
0.94099998 2.7130001 0.114 3
1.238 3.993 0.079000004 47
0 0 0 0
0 0 0 0
1.4349999 4.4640002 0.183 3
1.137 3.9979999 0.078000002 98
0.29899999 1.2079999 -0.003 10
0.40200001 1.875 -0.044 3
0.801 2.7049999 0.108 4
0 0 0 0
0 0 0 0
0.35299999 1.865 -0.041999999 9
0.352 1.3 0.050000001 1
0 0 0 0
0.37400001 1.885 -0.0040000002 72
0.428 2.5929999 -0.056000002 20
0 0 0 0
0.39399999 1.873 0.035 1
0.45100001 2.5880001 -0.0040000002 210
1.082 7.6869998 -0.15700001 8
0 0 0 0
1.531 8.2150002 0.153 2
0 0 0 0
0 0 0 0
0.36899999 1.86 0.067000002 12
1.327 8.1820002 0.15099999 1
1.118 8.8699999 -0.0060000001 6
0 0 0 0
0.45199999 2.5969999 0.090999998 12
1.224 8.8389997 0.161 4
0.139 1.364 0 1
0.78799999 11.455 -0.19599999 74
0 0 0 0
0 0 0 0
0.89999998 11.475 0.0040000002 40
0.51499999 11.473 -0.183 83
1.126 8.8590002 0.29699999 7
0 0 0 0
0.63 11.477 0.0099999998 67
0.245 11.494 -0.171 73
1.192 11.492 0.37599999 1
0 0 0 0
0.36199999 11.5 0.016000001 55
-0.0080000004 3.753 -0.050999999 5
0.92299998 11.464 0.36500001 35
0.51200002 11.508 0.20299999 47
0.028999999 3.773 0.0070000002 0
-0.236 9.1990004 -0.116 3
0.65399998 11.479 0.35699999 39
0.245 11.525 0.20200001 42
-0.057 3.727 0.0089999996 4
-0.45100001 9.1129999 -0.104 1
0.38600001 11.49 0.34900001 33
-0.0080000004 3.7190001 0.064999998 5
-0.354 9.0600004 0.028000001 45
0 0 0 0
0.119 11.51 0.34 26
-0.094999999 3.727 0.064000003 0
-0.236 3.776 0.014 1
0 0 0 0
-0.046 3.6819999 0.106 1
-0.447 9.1230001 0.15800001 2
0 0 0 0
-1.079 8.9490004 -0.07 10
-0.33000001 9.1330004 0.25600001 2
0 0 0 0
0 0 0 0
-1.313 9.0760002 -0.059 2
0 0 0 0
0 0 0 0
-1.209 9.0530005 0.050999999 2
-1.4859999 8.8179998 -0.046999998 10
0 0 0 0
-1.0779999 9.0100002 0.155 1
-1.4170001 8.9940004 0.057 2
0 0 0 0
-0.96100003 9.0139999 0.233 1
-1.299 9.0640001 0.156 1
-1.641 9.0369997 0.063000001 4
0 0 0 0
-1.177 9.0360003 0.227 2
-1.515 9.0489998 0.156 1
0 0 0 0
0 0 0 0
0 0 0 0
0 0 0 0
0 0 0 0
0 0 0 0
0 0 0 0
0 0 0 0
0 0 0 0
0 0 0 0
0 0 0 0
0 0 0 0
0 0 0 0
0 0 0 0
0 0 0 0
0 0 0 0
0 0 0 0
-0.69599998 2.03 0.0080000004 50
0 0 0 0
0 0 0 0
-0.68099999 2.0569999 0.023 1
-0.74299997 2.0120001 0.011 46
0 0 0 0
0 0 0 0
-0.71799999 2.0120001 0.025 44
-0.80199999 2.026 0.014 21
0 0 0 0
-0.69300002 2.027 0.035999998 43
-0.76999998 2.007 0.026000001 40
-0.89399999 2.115 0.017999999 45
-0.67500001 2.053 0.041000001 0
-0.74000001 2.0079999 0.035999998 44
-0.87599999 2.132 0.029999999 13
-0.94199997 2.089 0.021 49
-0.713 2.0090001 0.039000001 44
-0.79799998 2.0190001 0.035999998 27
-0.91900003 2.098 0.030999999 40
-0.98900002 2.0669999 0.025 3
-0.76599997 2.0079999 0.037 38
-0.89399999 2.1159999 0.037999999 40
-0.96899998 2.0769999 0.033 41
-1.534 3.0220001 0.041000001 3
-0.88099998 2.1530001 0.039000001 12
-0.94099998 2.089 0.037999999 39
0 0 0 0
-5.0359998 9.3730001 0.147 17
-0.91399997 2.0929999 0.035999998 38
-0.98799998 2.0610001 0.037999999 3
0 0 0 0
-5.3210001 9.3789997 0.164 19
-0.96799999 2.0810001 0.035 38
-1.527 3.003 0.056000002 4
-5.1869998 9.3549995 0.182 20
-5.6279998 9.4090004 0.183 13
0 0 0 0
-5.0370002 9.3570004 0.18000001 18
-5.4910002 9.3839998 0.193 13
-5.9569998 9.4610004 0.20200001 1
0 0 0 0
-5.3340001 9.3699999 0.183 20
-5.8010001 9.4060001 0.205 4
0 0 0 0
-5.2080002 9.3830004 0.14399999 17
-5.645 9.3990002 0.186 15
-6.1090002 9.4060001 0.21699999 1
0 0 0 0
-5.5079999 9.3859997 0.139 16
-5.9580002 9.4130001 0.19 15
0 0 0 0
-6.671 9.132 0.25400001 2
-5.829 9.4139996 0.134 15
-6.3249998 9.4890003 0.19599999 2
0 0 0 0
0 0 0 0
-6.1539998 9.4309998 0.12899999 5
-6.6550002 9.4940004 0.2 2
0 0 0 0
-7.678 9.5550003 0.31299999 18
-6.513 9.4770002 0.125 19
0 0 0 0
-7.5799999 9.5930004 0.27700001 2
-8.0670004 9.5819998 0.338 20
-6.8629999 9.4940004 0.12 13
0 0 0 0
-7.9380002 9.5830002 0.292 7
-8.467 9.6009998 0.36500001 18
-7.0240002 9.2460003 0.112 2
0 0 0 0
-8.323 9.5869999 0.30899999 15
-8.882 9.6199999 0.39199999 16
-7.6350002 9.5649996 0.111 9
0 0 0 0
-8.7360001 9.6009998 0.32699999 16
-9.335 9.6599998 0.42300001 15
-8.0419998 9.5959997 0.106 10
0 0 0 0
-9.1759996 9.6289997 0.34599999 14
-9.7969999 9.6829996 0.45500001 19
-8.2159996 9.342 0.098999999 7
-9.0430002 9.6599998 0.23800001 2
-9.6359997 9.6560001 0.366 17
-1.623 1.533 0.077 2
-8.6499996 9.3699999 0.094999999 7
-9.4949999 9.6780005 0.245 3
-1.605 1.535 0.061000001 0
-10.805 9.75 0.52399999 16
-9.0749998 9.3710003 0.090000004 8
-9.9779997 9.6999998 0.255 6
-10.643 9.7209997 0.41299999 14
-11.348 9.7790003 0.56199998 16
-9.8310003 9.6780005 0.088 8
-10.517 9.7539997 0.26499999 4
-11.184 9.7519999 0.43700001 13
-11.911 9.8030005 0.60100001 13
-1.624 1.523 0.013 2
-11.019 9.7489996 0.27399999 9
-11.764 9.7869997 0.46399999 10
-12.546 9.8579998 0.64600003 12
-10.881 9.7279997 0.079000004 5
-11.614 9.8000002 0.285 9
-12.389 9.8330002 0.49399999 9
0 0 0 0
-11.486 9.7840004 0.074000001 5
-12.218 9.8240004 0.29800001 9
-12.999 9.8389997 0.523 3
0 0 0 0
-11.715 9.5019999 0.067000002 3
-12.868 9.8590002 0.31099999 9
-13.745 9.9099998 0.56 9
0 0 0 0
-12.817 9.8950005 0.064999998 2
-13.608 9.9280005 0.32699999 8
-13.04 8.9540005 0.53600001 2
0 0 0 0
0 0 0 0
-12.943 8.9799995 0.31 2
-15.388 10.055 0.63800001 3
-16.406 10.121 0.92299998 4
0 0 0 0
-13.127 8.6590004 0.31299999 2
-16.264999 10.097 0.68300003 3
0 0 0 0
-13.133 8.7040005 0.045000002 3
-16.077999 10.074 0.38100001 3
-17.197001 10.137 0.73000002 3
0 0 0 0
0 0 0 0
-17.094 10.154 0.40599999 4
-18.208 10.179 0.77999997 4
0 0 0 0
0 0 0 0
-18.172001 10.225 0.43099999 3
0 0 0 0
0 0 0 0
0 0 0 0
0 0 0 0
0 0 0 0
0 0 0 0
0 0 0 0
0 0 0 0
0 0 0 0
0 0 0 0
0 0 0 0
0 0 0 0
0 0 0 0
0 0 0 0
0 0 0 0
0 0 0 0
0 0 0 0
0 0 0 0
0 0 0 0
0 0 0 0
0 0 0 0
0 0 0 0
0 0 0 0
0 0 0 0
-28.816999 10.482 1.34 8
0 0 0 0
0 0 0 0
0 0 0 0
-28.9 9.7720003 1.358 6
0 0 0 0
0 0 0 0
-28.827999 9.6850004 0.70499998 10
-28.889 9.0380001 1.375 6
0 0 0 0
-28.889 9.5690002 0 8
-28.884001 8.9549999 0.71200001 8
-29.002001 8.3439999 1.398 7
0 0 0 0
0 0 0 0
-28.896999 8.2229996 0.71700001 8
0 0 0 0
0 0 0 0
0 0 0 0
-29.000999 7.5139999 0.72799999 14
-29.025999 6.9359999 1.434 6
0 0 0 0
0 0 0 0
-29.049999 6.8039999 0.736 11
-29.120001 6.2600002 1.457 6
0 0 0 0
0 0 0 0
-29.132999 6.1069999 0.745 8
-29.157 5.5689998 1.479 10
0 0 0 0
-29.1 5.8610001 -0.011 16
-29.115 5.3940001 0.75300002 14
-29.153999 4.8839998 1.498 7
0 0 0 0
-29.107 5.1339998 -0.012 9
-29.158001 4.6900001 0.764 14
-22.264 3.21 1.159 3
0 0 0 0
-28.976 4.3860002 -0.0099999998 16
-29.233 4.0009999 0.77600002 15
-1.694 0.204 0.089000002 0
0 0 0 0
-29.028 3.678 -0.0099999998 18
-29.242001 3.306 0.787 12
-1.701 0.16599999 0.090999998 2
-13.58 1.127 1.044 2
-1.702 0.17399999 0 0
-1.7 0.15099999 0.046 1
-1.7180001 0.12800001 0.093000002 0
-1.707 0.103 0.133 17
-1.702 0.132 0 6
-1.704 0.111 0.046999998 5
-1.7180001 0.089000002 0.093999997 2
-25.289 0.97600001 1.999 6
-1.701 0.090000004 0 24
-1.7130001 0.071999997 0.048 0
-25.221001 0.73199999 1.409 5
-25.441 0.414 2.0409999 8
-1.711 0.050000001 0 1
-1.699 0.030999999 0.048 1
-25.485001 0.16 1.444 11
0 0 0 0
-24.209999 0.124 0.0020000001 8
0 0 0 0
0 0 0 0
-25.577999 -0.713 2.1110001 5
-24.292999 -0.46700001 0.0070000002 5
0 0 0 0
-25.579 -1.005 1.493 7
-12.715 -0.63499999 1.064 3
-25.539 -1.107 0.011 11
0 0 0 0
0 0 0 0
0 0 0 0
0 0 0 0
-19.788 -1.495 0.60600001 3
0 0 0 0
0 0 0 0
0 0 0 0
0 0 0 0
-17.264 -1.864 1.056 2
0 0 0 0
-16.657 -1.941 0.02 2
0 0 0 0
-15.31 -2.0050001 0.95099998 2
0 0 0 0
-13.734 -1.938 0.02 2
-13.722 -2.016 0.44600001 2
-13.703 -2.112 0.86500001 2
-1.727 -0.27900001 0.155 0
-13.13 -2.1800001 0.024 2
-12.679 -2.1670001 0.421 2
-12.325 -2.1900001 0.79100001 2
-1.752 -0.32300001 0.16 1
-11.811 -2.2550001 0.026000001 2
-11.532 -2.25 0.391 2
-11.258 -2.2639999 0.73500001 3
-1.747 -0.36300001 0.162 1
-10.734 -2.319 0.027000001 3
-10.543 -2.316 0.36500001 3
-10.338 -2.3239999 0.68599999 1
-1.74 -0.40099999 0.164 1
-9.8339996 -2.3740001 0.028999999 2
-9.717 -2.3740001 0.34400001 3
0 0 0 0
-1.753 -0.44499999 0.168 1
-9.1059999 -2.4349999 0.030999999 2
-8.96 -2.4119999 0.32499999 5
0 0 0 0
-1.762 -0.48899999 0.171 1
0 0 0 0
-7.7589998 -2.2869999 0.28799999 1
0 0 0 0
-1.7539999 -0.52899998 0.17299999 1
0 0 0 0
-7.7020001 -2.467 0.29300001 2
-7.6630001 -2.473 0.546 16
-1.753 -0.57099998 0.176 1
-7.2950001 -2.529 0.035999998 4
-7.2490001 -2.5120001 0.28299999 7
-7.2150002 -2.51 0.523 9
-1.775 -0.62199998 0.18099999 1
-6.8109999 -2.546 0.037 4
-6.796 -2.5339999 0.27200001 8
-6.7729998 -2.529 0.50099999 9
-1.763 -0.662 0.183 1
-6.4089999 -2.5739999 0.039000001 4
-6.3990002 -2.5569999 0.26199999 10
-6.3769999 -2.549 0.48100001 9
-1.7589999 -0.70499998 0.185 1
-6.0279999 -2.5929999 0.041000001 6
-6.0479999 -2.582 0.25400001 12
-6.0500002 -2.5780001 0.465 12
-1.77 -0.755 0.19 0
-5.6989999 -2.615 0.043000001 6
-5.717 -2.602 0.24699999 14
-5.7459998 -2.6029999 0.44999999 13
-1.798 -0.81400001 0.19599999 0
-5.388 -2.6329999 0.045000002 14
-5.4200001 -2.6210001 0.241 15
-5.4369998 -2.6140001 0.435 14
-5.4510002 -2.6159999 0.60600001 6
-5.1350002 -2.664 0.046999998 10
-5.1440001 -2.6389999 0.235 14
-5.1739998 -2.6340001 0.42300001 14
-5.1900001 -2.635 0.588 7
-4.8649998 -2.674 0.048 9
-4.8870001 -2.652 0.229 15
-4.927 -2.6500001 0.41100001 16
-4.9619999 -2.6570001 0.57200003 12
-4.6360002 -2.6949999 0.050000001 8
-4.652 -2.6670001 0.22499999 15
-4.6880002 -2.661 0.40000001 14
-4.7270002 -2.6670001 0.55500001 13
-4.388 -2.6949999 0.052000001 10
-4.4310002 -2.6789999 0.22 14
-4.4679999 -2.671 0.389 13
-4.5009999 -2.6730001 0.53899997 14
-4.177 -2.7049999 0.054000001 14
-4.1560001 -2.6489999 0.213 14
-4.2670002 -2.684 0.38 13
-4.2989998 -2.6819999 0.52499998 15
-4.007 -2.7349999 0.056000002 9
-4.033 -2.704 0.213 14
-4.0770001 -2.6960001 0.37200001 14
-4.1209998 -2.7 0.514 14
-3.8150001 -2.74 0.057999998 8
-3.8510001 -2.7160001 0.211 13
-3.904 -2.71 0.36399999 13
-3.9430001 -2.7090001 0.50099999 14
-3.635 -2.7449999 0.059999999 9
-1.796 -1.33 0.101 3
-1.814 -1.322 0.17299999 2
-3.7750001 -2.7179999 0.49000001 14
-3.4719999 -2.756 0.061999999 10
-3.517 -2.734 0.205 18
-3.569 -2.7260001 0.34999999 12
-3.619 -2.7290001 0.47999999 14
-3.3210001 -2.7679999 0.064000003 10
-3.3599999 -2.7390001 0.20299999 17
-3.4289999 -2.744 0.345 12
-3.473 -2.7409999 0.47 19
-1.0190001 -0.89200002 0.021 29
-1.044 -0.89300001 0.064999998 6
-3.28 -2.7479999 0.338 16
-3.3329999 -2.7520001 0.461 18
-0.98100001 -0.90100002 0.022 3
-1.007 -0.903 0.064999998 4
-1.039 -0.91100001 0.11 26
-3.191 -2.7550001 0.45199999 19
-2.8759999 -2.7709999 0.07 1
-0.977 -0.917 0.064999998 7
-0.99699998 -0.91500002 0.108 5
-1.027 -0.92799997 0.149 29
-2.7809999 -2.8099999 0.071999997 11
-0.92500001 -0.91000003 0.064000003 10
-0.96899998 -0.93099999 0.108 9
-0.98500001 -0.93000001 0.146 4
-2.6530001 -2.813 0.075000003 10
-0.88999999 -0.917 0.064000003 10
-0.92900002 -0.93400002 0.107 9
-0.95700002 -0.94400001 0.145 10
-2.53 -2.813 0.077 10
-0.85299999 -0.92000002 0.064000003 10
-0.88700002 -0.93400002 0.105 9
-0.926 -0.95499998 0.14399999 6
-2.415 -2.8180001 0.079000004 9
-0.81400001 -0.92000002 0.063000001 9
-0.85000002 -0.93599999 0.104 9
-0.87599999 -0.94400001 0.14 6
-2.312 -2.8299999 0.081 9
-0.778 -0.92299998 0.063000001 9
-0.81099999 -0.93400002 0.102 9
-0.84100002 -0.94800001 0.138 9
-2.207 -2.839 0.083999999 8
-0.74199998 -0.92199999 0.063000001 9
-0.77200001 -0.93099999 0.1 8
-0.80500001 -0.949 0.13600001 6
-1.855 -2.506 0.075999998 24
-0.70899999 -0.92500001 0.063000001 9
-0.741 -0.93599999 0.1 8
-0.76800001 -0.94700003 0.134 4
-1.651 -2.345 0.071999997 73
-0.676 -0.92500001 0.063000001 11
-0.708 -0.93800002 0.098999999 8
-0.73500001 -0.94800001 0.132 7
-1.572 -2.3510001 0.075000003 76
-0.64899999 -0.93300003 0.063000001 12
-0.676 -0.93900001 0.097999997 8
-0.704 -0.95200002 0.13 7
-1.4960001 -2.355 0.077 77
-0.616 -0.93000001 0.063000001 11
-0.64700001 -0.94300002 0.097000003 8
-0.67900002 -0.96100003 0.13 4
-1.418 -2.3529999 0.078000002 95
-0.58600003 -0.93199998 0.063000001 11
-0.61799997 -0.94499999 0.096000001 8
-0.639 -0.94800001 0.126 8
-1.3279999 -2.3280001 0.079999998 150
-0.55599999 -0.93199998 0.063000001 12
-0.58899999 -0.94800001 0.096000001 8
-0.61299998 -0.95499998 0.125 9
-1.085 -2.01 0.07 17
-0.528 -0.93300003 0.063000001 17
-0.56099999 -0.95099998 0.094999999 8
-0.58200002 -0.95200002 0.123 8
0 0 0 0
-0.50099999 -0.93699998 0.063000001 19
-0.523 -0.93300003 0.093000002 10
-0.55199999 -0.94999999 0.121 8
-0.44 -0.91799998 0.033 8
-0.46900001 -0.92699999 0.061999999 9
-0.505 -0.95099998 0.093999997 11
-0.528 -0.958 0.121 8
-0.412 -0.91399997 0.034000002 8
-0.44299999 -0.92799997 0.061999999 5
-0.47 -0.93699998 0.092 9
-0.495 -0.94700003 0.118 10
-0.40000001 -0.94599998 0.035999998 3
-0.414 -0.92199999 0.061999999 5
-0.44100001 -0.93000001 0.090000004 6
-0.472 -0.954 0.118 8
-0.93900001 -2.372 0.093999997 2
-0.40000001 -0.94800001 0.064000003 2
-0.41600001 -0.93199998 0.090000004 6
-0.43900001 -0.94 0.115 6
-0.87199998 -2.3640001 0.096000001 36
0 0 0 0
-0.403 -0.95999998 0.092 3
-0.41299999 -0.93900001 0.113 6
-0.81099999 -2.369 0.097999997 22
0 0 0 0
0 0 0 0
-0.40000001 -0.96700001 0.116 3
-0.74299997 -2.348 0.1 14
0 0 0 0
0 0 0 0
0 0 0 0
-0.685 -2.3570001 0.102 10
-0.63599998 -2.0079999 0.138 2
0 0 0 0
0 0 0 0
-0.57700002 -2.174 0.097000003 4
-0.58700001 -2.0120001 0.139 2
-0.634 -2.0009999 0.189 2
0 0 0 0
-0.48800001 -2.029 0.093000002 14
-0.53899997 -2.0209999 0.141 2
-0.58600003 -2.006 0.18799999 2
-0.62199998 -1.989 0.229 2
-0.51999998 -2.4059999 0.112 112
-0.48500001 -2.0050001 0.14 18
-0.53899997 -2.016 0.189 3
-0.574 -1.9910001 0.228 2
-0.46200001 -2.4130001 0.115 100
-0.52499998 -2.4089999 0.169 108
-0.48300001 -1.9859999 0.185 18
-0.52700001 -1.997 0.227 3
-0.40599999 -2.4230001 0.119 100
-0.46599999 -2.4070001 0.171 110
-0.528 -2.4100001 0.22400001 111
-0.47400001 -1.975 0.222 15
-0.34799999 -2.4219999 0.121 112
-0.41100001 -2.418 0.17200001 130
-0.472 -2.4159999 0.22400001 103
-0.52100003 -2.4059999 0.26899999 111
-0.28999999 -2.4200001 0.124 128
-0.354 -2.4159999 0.17399999 122
-0.41600001 -2.4219999 0.22499999 107
-0.46599999 -2.4119999 0.26800001 110
-0.234 -2.425 0.127 122
-0.29800001 -2.4219999 0.176 123
-0.359 -2.418 0.22400001 112
-0.41100001 -2.4200001 0.26699999 116
-0.177 -2.4289999 0.131 126
-0.241 -2.421 0.177 139
-0.303 -2.418 0.22400001 120
-0.35499999 -2.415 0.26499999 126
-0.121 -2.434 0.134 140
-0.186 -2.431 0.17900001 128
-0.248 -2.424 0.22400001 122
-0.30000001 -2.4200001 0.26300001 114
-0.064999998 -2.4430001 0.138 137
-0.12899999 -2.428 0.18099999 133
-0.193 -2.4289999 0.22499999 126
-0.245 -2.424 0.26199999 121
-0.0080000004 -2.441 0.141 120
-0.074000001 -2.438 0.183 133
-0.138 -2.4319999 0.22499999 118
-0.191 -2.4289999 0.26199999 119
0.048 -2.4449999 0.145 115
-0.017999999 -2.441 0.185 125
-0.082000002 -2.434 0.22499999 116
-0.13600001 -2.4330001 0.26100001 121
0.105 -2.4530001 0.149 103
0.037 -2.4400001 0.18700001 124
-0.027000001 -2.437 0.226 120
-0.079999998 -2.4349999 0.25999999 122
0.162 -2.451 0.153 97
0.093000002 -2.4489999 0.189 127
0.028000001 -2.4360001 0.226 117
-0.025 -2.437 0.259 119
0.219 -2.46 0.15700001 113
0.15000001 -2.448 0.191 123
0.083999999 -2.4449999 0.227 120
0.028999999 -2.4419999 0.25799999 131
0.27599999 -2.4560001 0.16 106
0.207 -2.454 0.19400001 108
0.14 -2.4560001 0.229 108
0.083999999 -2.437 0.257 120
0.331 -2.4449999 0.163 123
0.264 -2.4549999 0.19599999 113
0.19599999 -2.46 0.23 113
0.14 -2.45 0.257 117
0.391 -2.461 0.169 110
0.32100001 -2.4630001 0.199 103
0.25299999 -2.457 0.23 108
0.19599999 -2.45 0.257 111
0.45199999 -2.4719999 0.17399999 105
0.37900001 -2.4630001 0.20200001 121
0.31 -2.46 0.23100001 104
0.25299999 -2.45 0.25600001 111
0.50999999 -2.4690001 0.178 90
0.43700001 -2.461 0.205 112
0.368 -2.467 0.233 127
0.30899999 -2.448 0.255 122
0.57200003 -2.4779999 0.183 101
0.49700001 -2.47 0.208 105
0.42699999 -2.4679999 0.234 115
0.368 -2.4630001 0.25600001 124
0.63099998 -2.4760001 0.18700001 100
0.55599999 -2.47 0.211 104
0.486 -2.4760001 0.236 108
0.426 -2.4660001 0.25600001 130
0.69199997 -2.4790001 0.193 100
0.61799997 -2.4820001 0.215 102
0.546 -2.4809999 0.23800001 110
0.48300001 -2.4630001 0.255 115
0.75400001 -2.48 0.197 30
0.67900002 -2.4820001 0.21799999 116
0.60600001 -2.4790001 0.23899999 94
0.54500002 -2.474 0.25600001 118
0.50700003 -1.5420001 0.126 7
0.74000001 -2.48 0.221 63
0.66600001 -2.4809999 0.241 105
0.60500002 -2.4790001 0.257 111
0.54799998 -1.545 0.12899999 1
0.50099999 -1.548 0.14 11
0.72799999 -2.4790001 0.242 92
0.66500002 -2.474 0.25600001 113
0.78600001 -2.0680001 0.178 3
0.54000002 -1.548 0.142 1
0.491 -1.541 0.15099999 10
0.727 -2.4790001 0.257 120
0.79500002 -1.954 0.17299999 3
0.77600002 -2.072 0.19400001 2
0.53399998 -1.552 0.154 1
0.493 -1.55 0.161 11
0.84299999 -1.944 0.176 5
0.79100001 -1.973 0.18799999 3
0.77499998 -2.095 0.20900001 1
0.53100002 -1.545 0.16 1
0.89700001 -1.947 0.18099999 5
0.82099998 -1.92 0.186 6
0.79000002 -1.994 0.20100001 3
0 0 0 0
0.94999999 -1.946 0.186 5
0.875 -1.924 0.189 5
0.81999999 -1.9400001 0.197 6
0 0 0 0
0.97399998 -1.885 0.185 7
0.93099999 -1.9299999 0.193 5
0.875 -1.9450001 0.2 5
0.81400001 -1.925 0.20100001 7
1.069 -1.9579999 0.198 5
0.88200003 -1.726 0.176 81
0.93199998 -1.95 0.20200001 5
0.86799997 -1.926 0.20200001 6
1.454 -2.527 0.26300001 61
1.0599999 -1.961 0.204 4
0.86900002 -1.717 0.18000001 89
0.93199998 -1.948 0.205 6
1.535 -2.5320001 0.271 65
1.099 -1.928 0.205 1
1.053 -1.966 0.20900001 3
0.86799997 -1.711 0.18099999 88
0.99900001 -1.567 0.17299999 7
1.524 -2.5369999 0.27500001 70
1.429 -2.526 0.271 87
1.041 -1.9400001 0.206 3
0 0 0 0
0.986 -1.5599999 0.17299999 5
1.516 -2.543 0.27700001 73
1.436 -2.533 0.271 93
1.791 -2.5510001 0.29800001 10
0 0 0 0
0.99000001 -1.576 0.17399999 0
1.516 -2.5339999 0.273 75
1.8789999 -2.552 0.308 128
1.786 -2.559 0.296 7
0 0 0 0
0.995 -1.579 0.171 0
2.3499999 -3.0450001 0.37900001 23
1.865 -2.5480001 0.30199999 150
1.78 -2.5639999 0.29100001 7
0 0 0 0
2.473 -3.0599999 0.39300001 27
2.3440001 -3.053 0.37099999 27
1.863 -2.5569999 0.29499999 150
1.78 -2.553 0.28099999 7
2.599 -3.072 0.40700001 26
2.457 -3.0539999 0.38 25
2.336 -3.0550001 0.35800001 26
1.87 -2.553 0.28299999 150
2.7219999 -3.075 0.41999999 24
2.5810001 -3.063 0.38999999 26
2.4630001 -3.073 0.366 26
2.3410001 -3.046 0.34099999 28
2.2650001 -2.447 0.34599999 20
2.7130001 -3.075 0.40200001 28
2.589 -3.0799999 0.37400001 23
2.46 -3.0510001 0.345 28
2.3099999 -2.3859999 0.34900001 21
2.2539999 -2.441 0.32699999 12
2.7179999 -3.0880001 0.382 23
2.5910001 -3.063 0.35100001 25
2.3729999 -2.3440001 0.354 20
2.3099999 -2.3900001 0.33000001 23
2.27 -2.461 0.31 21
2.724 -3.072 0.35600001 26
2.8310001 -2.6730001 0.419 10
2.3740001 -2.346 0.333 22
2.312 -2.3929999 0.308 21
2.2750001 -2.448 0.28799999 23
1.9299999 -1.743 0.28299999 11
2.8210001 -2.664 0.38999999 15
2.381 -2.3540001 0.31 19
2.3199999 -2.381 0.28400001 22
1.961 -1.693 0.285 132
1.926 -1.738 0.26199999 17
2.813 -2.6559999 0.35699999 18
2.392 -2.3429999 0.28299999 19
1.998 -1.649 0.28799999 148
2.27 -1.9579999 0.30399999 150
1.933 -1.7410001 0.23999999 28
2.813 -2.6300001 0.32300001 20
2.0350001 -1.604 0.29100001 142
2.276 -1.875 0.301 153
2.325 -1.999 0.28200001 150
1.937 -1.727 0.21600001 106
2.0710001 -1.559 0.29499999 127
2.243 -1.762 0.29300001 160
2.3699999 -1.944 0.28200001 26
2.938 -2.4979999 0.31799999 25
2.1040001 -1.512 0.29699999 94
2.1730001 -1.6289999 0.28 173
2.4170001 -1.891 0.28200001 26
2.9920001 -2.425 0.315 21
2.1459999 -1.471 0.30199999 64
2.191 -1.566 0.27900001 170
2.457 -1.832 0.28099999 143
3.0569999 -2.3599999 0.31299999 15
2.184 -1.427 0.30500001 32
2.21 -1.505 0.278 153
2.5020001 -1.777 0.28099999 118
3.118 -2.2920001 0.31099999 20
2.2190001 -1.381 0.30899999 15
2.227 -1.444 0.27700001 150
2.5420001 -1.7180001 0.28 96
3.1800001 -2.224 0.31 19
2.2639999 -1.34 0.31400001 3
2.2360001 -1.3789999 0.27599999 82
2.5910001 -1.665 0.28099999 71
3.237 -2.151 0.30700001 19
3.5469999 -1.994 0.491 5
2.2709999 -1.33 0.278 56
2.638 -1.61 0.28200001 61
3.303 -2.0840001 0.30599999 16
2.586 -1.38 0.35600001 39
2.3050001 -1.281 0.28 42
2.6830001 -1.553 0.28200001 56
3.2590001 -1.95 0.29499999 11
3.71 -1.875 0.50999999 10
2.342 -1.233 0.28200001 33
2.734 -1.499 0.28400001 46
3.4389999 -1.95 0.30500001 16
3.8499999 -1.84 0.528 12
2.3789999 -1.184 0.28400001 27
2.7809999 -1.442 0.28400001 36
1.835 -0.98299998 0.15899999 3
3.96 -1.7869999 0.542 13
2.4159999 -1.135 0.287 23
2.8269999 -1.3839999 0.285 28
1.855 -0.93800002 0.15700001 14
3.789 -1.61 0.51800001 14
2.4549999 -1.086 0.28999999 20
2.872 -1.323 0.28600001 21
1.886 -0.898 0.156 14
3.3929999 -1.354 0.463 14
2.4990001 -1.039 0.29300001 18
2.924 -1.266 0.28799999 20
1.918 -0.85799998 0.156 17
3.3039999 -1.235 0.45100001 20
2.5309999 -0.98500001 0.29499999 12
2.9619999 -1.201 0.28799999 51
1.954 -0.81900001 0.156 17
3.359 -1.171 0.458 8
2.5799999 -0.93699998 0.29899999 8
3.273 -1.239 0.315 8
1.9960001 -0.78100002 0.15700001 14
4.0669999 -1.318 0.55400002 20
0 0 0 0
0 0 0 0
2.03 -0.73900002 0.15700001 12
0 0 0 0
0 0 0 0
4.066 -1.327 0.384 3
2.0799999 -0.70099998 0.15800001 16
0.148 -0.039999999 0.02 0
0.171 -0.048999999 0.018999999 0
0 0 0 0
0 0 0 0
0 0 0 0
0 0 0 0
0.17299999 -0.046999998 0.016000001 1
0.185 -0.052000001 0.013 1
0.17 -0.039000001 0.023 0
0.17399999 -0.041000001 0.02 0
0 0 0 0
0 0 0 0
0 0 0 0
0 0 0 0
0.169 -0.037999999 0.015 1
0.184 -0.043000001 0.013 1
0.168 -0.029999999 0.023 0
0.17900001 -0.034000002 0.02 1
0 0 0 0
0 0 0 0
4.1059999 -0.66000003 0.56400001 16
1.242 -0.20900001 0.141 2
0 0 0 0
0.18099999 -0.033 0.012 1
4.1079998 -0.56800002 0.56599998 3
4.0939999 -0.59600002 0.465 5
4.0869999 -0.62699997 0.368 150
3.3840001 -0.53899997 0.233 43
0 0 0 0
0 0 0 0
0 0 0 0
0 0 0 0
0 0 0 0
0 0 0 0
0 0 0 0
0.796 -0.088 0.052999999 2
1.548 -0.111 0.215 0
0 0 0 0
0 0 0 0
0 0 0 0
1.554 -0.077 0.21600001 50
1.5599999 -0.083999999 0.177 35
0 0 0 0
1.854 -0.115 0.123 6
1.646 -0.045000002 0.23 155
1.572 -0.048999999 0.17900001 31
1.8099999 -0.064000003 0.16 3
1.635 -0.061999999 0.107 6
1.681 -0.0089999996 0.236 156
1.589 -0.013 0.18099999 39
1.707 -0.02 0.15099999 39
3.9489999 -0.055 0.25799999 15
1.7410001 0.028000001 0.24600001 155
1.6 0.022 0.183 38
1.7079999 0.018999999 0.15000001 24
4.152 0.041000001 0.27000001 15
1.934 0.072999999 0.27399999 150
1.615 0.059 0.185 40
1.715 0.059 0.15099999 11
4.1420002 0.141 0.26800001 11
2.0739999 0.124 0.29499999 65
1.278 0.075000003 0.147 155
0 0 0 0
0 0 0 0
0 0 0 0
1.6440001 0.134 0.19 7
1.752 0.14300001 0.154 5
0 0 0 0
1.993 0.208 0.287 6
1.6720001 0.175 0.19400001 39
1.755 0.185 0.155 18
2.882 0.308 0.184 5
0 0 0 0
0 0 0 0
0 0 0 0
0 0 0 0
0 0 0 0
0 0 0 0
0 0 0 0
0.123 0.018999999 0.0070000002 0
0 0 0 0
0 0 0 0
0 0 0 0
0 0 0 0
0 0 0 0
0 0 0 0
0 0 0 0
0 0 0 0
0 0 0 0
0 0 0 0
0 0 0 0
2.9189999 0.67500001 0.186 0
0 0 0 0
0 0 0 0
0 0 0 0
2.924 0.75099999 0.18700001 4
2.9300001 0.77200001 0.44400001 2
2.921 0.78899997 0.354 4
2.9230001 0.80699998 0.266 4
2.931 0.829 0.18799999 3
2.928 0.84100002 0.447 3
2.924 0.861 0.35800001 3
2.9400001 0.88700002 0.27000001 3
1.495 0.46200001 0.096000001 8
1.487 0.463 0.229 0
1.498 0.47799999 0.185 3
1.683 0.551 0.155 0
1.511 0.50700003 0.097999997 1
0 0 0 0
1.528 0.52600002 0.19 15
2.9489999 1.043 0.27500001 3
2.9400001 1.067 0.192 1
2.951 1.062 0.463 0
2.9530001 1.0930001 0.37099999 2
2.9560001 1.124 0.278 3
2.951 1.153 0.19400001 0
2.9530001 1.137 0.46799999 0
2.947 1.168 0.37400001 0
1.5779999 0.64300001 0.149 4
2.9400001 1.2309999 0.19499999 1
1.599 0.65600002 0.25600001 5
1.592 0.67400002 0.204 68
2.961 1.289 0.28400001 0
2.9630001 1.327 0.198 1
1.604 0.69999999 0.259 89
1.488 0.67000002 0.193 98
2.9760001 1.38 0.289 0
2.9909999 1.427 0.20200001 33
1.608 0.745 0.26300001 85
1.388 0.66299999 0.182 19
1.511 0.74400002 0.148 2
3.02 1.5319999 0.207 136
1.597 0.78200001 0.264 38
1.36 0.68800002 0.18000001 6
1.52 0.79400003 0.15099999 2
3.2880001 1.7690001 0.228 9
1.266 0.65499997 0.212 19
1.367 0.73100001 0.184 7
0 0 0 0
0 0 0 0
1.197 0.65399998 0.20299999 9
1.1720001 0.662 0.16 2
0 0 0 0
0 0 0 0
0 0 0 0
0.85600001 0.509 0.118 0
0 0 0 0
0.85900003 0.546 0.061999999 1
0 0 0 0
0.86500001 0.542 0.121 0
0 0 0 0
3.5050001 2.3499999 0.259 3
0 0 0 0
1.283 0.84500003 0.183 1
1.58 1.079 0.169 135
3.5009999 2.4719999 0.264 30
1.219 0.81300002 0.21799999 7
1.239 0.85699999 0.17900001 44
1.556 1.1160001 0.17 7
3.527 2.6199999 0.271 6
1.216 0.85000002 0.221 1
1.2309999 0.89399999 0.18099999 6
1.651 1.245 0.184 24
0 0 0 0
1.329 0.97399998 0.24600001 2
1.2180001 0.92699999 0.182 75
1.5880001 1.257 0.18000001 19
0 0 0 0
1.965 1.508 0.37 0
1.1950001 0.954 0.183 11
0 0 0 0
1.8380001 1.585 0.15099999 88
1.949 1.5650001 0.373 91
1.1849999 0.99199998 0.185 2
1.524 1.329 0.18099999 9
3.5250001 3.194 0.29800001 31
0 0 0 0
0 0 0 0
1.524 1.393 0.185 36
3.596 3.4200001 0.31200001 60
0 0 0 0
0 0 0 0
1.524 1.46 0.19 37
3.6129999 3.6059999 0.32300001 64
0.93599999 0.86000001 0.189 7
4.4130001 4.2379999 0.73299998 46
1.534 1.541 0.19599999 19
1.9069999 1.997 0.175 25
0.93199998 0.89600003 0.192 10
1.977 1.989 0.336 20
1.966 2.0699999 0.25799999 51
1.824 2.006 0.17299999 15
0.93599999 0.94 0.197 11
4.2729998 4.4990001 0.745 56
1.976 2.1800001 0.266 4
1.744 2.013 0.171 56
0.94099998 0.98900002 0.20299999 10
0.95499998 1.052 0.17 0
1.9859999 2.299 0.27599999 50
0.95899999 1.163 0.097000003 9
0.93300003 1.025 0.205 8
0.95300001 1.1 0.17399999 6
0.96100003 1.166 0.13699999 6
0.90899998 1.159 0.096000001 2
0.91000003 1.045 0.205 9
0.96799999 1.17 0.182 2
0.91399997 1.164 0.13500001 2
1.564 2.095 0.171 46
0.912 1.095 0.20999999 9
0.94999999 1.204 0.184 4
3.9159999 5.2399998 0.60000002 15
1.574 2.2179999 0.17900001 38
0.917 1.153 0.21699999 7
0.98299998 1.307 0.19599999 39
0 0 0 0
2.9219999 4.3379998 0.34799999 82
0.94199997 1.24 0.229 8
0.963 1.3430001 0.198 47
0.99699998 1.473 0.164 0
2.7869999 4.3600001 0.347 98
0.94400001 1.303 0.237 34
0.95099998 1.392 0.20299999 31
0.99699998 1.553 0.171 14
2.645 4.3660002 0.345 91
0.949 1.374 0.245 35
0.95599997 1.471 0.211 30
1.007 1.651 0.17900001 36
1.0319999 1.8 0.141 15
0.95599997 1.452 0.255 33
0.96100003 1.556 0.22 35
1.002 1.735 0.18700001 44
1.671 3.085 0.241 18
0.96200001 1.534 0.26499999 34
0.97100002 1.6569999 0.23100001 31
0.97799999 1.788 0.191 21
1.5880001 3.109 0.242 1
0.972 1.632 0.27700001 34
0.98100001 1.7640001 0.243 31
1.631 3.158 0.33399999 6
2.161 4.4910002 0.34900001 27
0.97299999 1.72 0.28799999 37
1.656 3.148 0.42899999 74
1.548 3.177 0.333 5
0 0 0 0
0.98000002 1.826 0.301 3
1.5779999 3.174 0.42699999 76
0 0 0 0
0 0 0 0
1.266 2.4920001 0.405 15
0 0 0 0
0 0 0 0
0.95300001 2.415 0.18700001 4
0 0 0 0
0 0 0 0
0 0 0 0
0.96600002 2.6289999 0.204 158
0 0 0 0
0 0 0 0
0.52399999 1.398 0.14300001 11
0.93099999 2.737 0.213 77
0 0 0 0
0.542 1.402 0.18099999 3
0.54900002 1.574 0.161 1
0.87400001 2.786 0.21799999 27
0 0 0 0
0.50700003 1.4069999 0.18000001 34
0.47299999 1.4680001 0.149 1
0.48500001 1.687 0.132 0
0.96899998 2.595 0.396 1
0.47099999 1.4069999 0.17900001 12
0.463 1.561 0.15800001 2
0.31999999 1.223 0.096000001 3
0.903 2.598 0.39199999 5
0.43700001 1.4119999 0.178 33
0.37900001 1.399 0.142 6
0 0 0 0
0.84399998 2.619 0.391 5
0.398 1.401 0.176 10
0 0 0 0
0.373 1.766 0.141 1
0.78299999 2.635 0.389 5
0 0 0 0
0.31799999 1.437 0.145 4
0.322 1.73 0.139 15
0.71899998 2.635 0.38499999 4
0.33199999 1.4119999 0.175 4
0.28099999 1.4299999 0.145 28
0.266 1.6440001 0.133 6
0 0 0 0
0.29899999 1.421 0.175 8
0.24699999 1.432 0.145 10
0.236 1.719 0.14 2
0.59299999 2.641 0.37900001 5
0.266 1.427 0.175 0
0.214 1.4400001 0.146 1
0 0 0 0
0.37599999 1.873 0.26699999 2
0.23100001 1.421 0.17399999 1
0.177 1.425 0.145 27
0.18700001 2.0929999 0.17399999 2
0.461 2.6010001 0.36700001 17
0 0 0 0
0.15800001 1.572 0.16 0
0.13600001 2.0969999 0.176 3
1.258 8.1879997 1.15 7
0 0 0 0
0.88599998 11.506 1.1799999 25
0.47499999 11.541 0.98299998 15
0 0 0 0
0.133 1.447 0.176 24
0.61500001 11.54 1.1900001 22
0.20200001 11.563 0.99599999 15
0.108 1.016 0.14 0
0 0 0 0
0.347 11.547 1.1950001 17
-0.021 3.677 0.31999999 2
0 0 0 0
0 0 0 0
0.077 11.566 1.204 17
-0.109 3.674 0.324 4
0.70599997 11.54 1.58 14
0.26199999 11.559 1.403 15
-0.061000001 3.6659999 0.384 6
0 0 0 0
0.44299999 11.58 1.577 12
-0.0049999999 11.592 1.4069999 9
-0.147 3.6689999 0.38699999 4
-0.163 2.1229999 0.192 15
0.17299999 11.592 1.573 10
-0.086999997 3.6630001 0.44499999 5
-0.132 2.073 0.22 2
-0.377 3.721 0.34299999 0
-0.02 2.5220001 0.34 0
0 0 0 0
-0.19 2.181 0.233 152
-1.133 9.052 0.84799999 2
-0.077 2.513 0.338 2
-0.25600001 3.641 0.44400001 4
-1.001 9.0050001 0.97299999 1
-1.357 9.099 0.86699998 1
-0.11 2.0510001 0.27500001 0
-0.20100001 2.152 0.26300001 64
-1.2180001 9.0509996 0.98699999 2
-1.174 6.7750001 0.65600002 1
-0.184 2.385 0.31900001 12
-1.049 8.9580002 1.098 1
-1.4450001 9.1090002 1.003 1
-1.255 6.3530002 0.625 1
-0.37599999 3.7420001 0.5 0
-1.277 9.0780001 1.117 2
-1.6619999 9.099 1.012 1
0 0 0 0
0 0 0 0
-1.4960001 9.0869999 1.123 1
-1.224 5.9190001 0.66600001 2
-0.25600001 1.038 0.106 1
-0.148 1.003 0.133 0
0 0 0 0
0 0 0 0
0 0 0 0
-0.17200001 1.006 0.134 0
0 0 0 0
0 0 0 0
0 0 0 0
-0.19 0.97600001 0.13 0
0 0 0 0
0 0 0 0
-0.66299999 2.053 0.222 10
-0.212 0.96799999 0.12899999 0
0 0 0 0
-2.572 8.3879995 0.99299997 5
-0.69700003 1.998 0.221 47
-0.25299999 1.036 0.138 7
0 0 0 0
-0.67900002 2.0439999 0.245 25
-0.73000002 1.944 0.219 45
0 0 0 0
-2.612 8.3620005 1.074 67
-0.70999998 1.9809999 0.241 40
-0.78799999 1.9579999 0.226 45
0 0 0 0
-0.68400002 2.0250001 0.26199999 43
-0.74599999 1.939 0.23999999 42
-0.89200002 2.0780001 0.245 39
-0.66000003 2.0669999 0.27700001 2
-0.71700001 1.967 0.257 40
-0.81099999 1.97 0.24699999 57
0 0 0 0
-0.69300002 2.0079999 0.27000001 43
-0.75800002 1.9400001 0.25600001 38
-0.90499997 2.0610001 0.26300001 33
-0.98500001 2.027 0.25099999 9
-0.72399998 1.947 0.26300001 43
-0.84500003 2.0220001 0.26899999 90
-0.94499999 2.0220001 0.26300001 8
-1.539 2.9890001 0.37900001 1
-0.77700001 1.948 0.26499999 39
-0.91600001 2.056 0.27700001 11
-0.99699998 2.0109999 0.266 30
0 0 0 0
-0.88599998 2.0799999 0.28400001 39
-0.958 2.0209999 0.27599999 31
-1.5779999 3.0039999 0.405 0
0 0 0 0
0 0 0 0
-1.0190001 2.0250001 0.28 14
0 0 0 0
0 0 0 0
-0.97500002 2.0190001 0.28 10
0 0 0 0
0 0 0 0
0 0 0 0
-1.531 2.9890001 0.417 1
0 0 0 0
0 0 0 0
0 0 0 0
0 0 0 0
0 0 0 0
0 0 0 0
0 0 0 0
0 0 0 0
0 0 0 0
0 0 0 0
0 0 0 0
0 0 0 0
0 0 0 0
0 0 0 0
0 0 0 0
0 0 0 0
0 0 0 0
0 0 0 0
-1.604 1.97 0.31999999 0
0 0 0 0
0 0 0 0
0 0 0 0
0 0 0 0
0 0 0 0
0 0 0 0
-1.5930001 1.92 0.31799999 0
0 0 0 0
-1.597 2.151 0.324 0
-1.589 1.979 0.31799999 0
0 0 0 0
-9.0570002 9.6789999 1.7309999 11
0 0 0 0
0 0 0 0
0 0 0 0
-9.5109997 9.7060003 1.796 16
0 0 0 0
0 0 0 0
-9.2089996 9.651 1.7359999 14
-9.9589996 9.71 1.86 15
0 0 0 0
-8.9300003 9.6479998 1.6569999 8
-9.6780005 9.6809998 1.795 21
-10.604 9.8789997 1.959 2
0 0 0 0
-9.3950005 9.6870003 1.704 12
-1.6160001 1.544 0.29499999 0
-10.99 9.7779999 2.0120001 12
0 0 0 0
-9.8610001 9.6999998 1.75 15
-10.659 9.7220001 1.918 4
-11.553 9.8170004 2.0969999 13
0 0 0 0
-1.625 1.525 0.28200001 1
-11.257 9.7989998 1.999 5
-11.959 9.7049999 2.1530001 5
-10.1 9.71 1.658 9
-10.89 9.7530003 1.857 9
-11.821 9.8219995 2.072 12
-12.087 9.3590002 2.161 3
-10.649 9.7620001 1.7029999 13
-11.471 9.7959995 1.9220001 3
-12.337 9.7799997 2.138 10
-12.166 8.9870005 2.1619999 3
-11.211 9.7969999 1.75 11
-12.077 9.835 1.988 8
-12.717 9.6099997 2.1800001 4
-12.211 8.6009998 2.158 4
-11.832 9.8479996 1.806 11
-12.71 9.8649998 2.0580001 9
-12.876 9.2740002 2.1849999 3
-9.092 6.1020002 1.598 1
-12.396 9.8269997 1.849 6
-13.454 9.9429998 2.1470001 4
-12.92 8.8620005 2.1719999 2
0 0 0 0
0 0 0 0
-13.764 9.6829996 2.1630001 3
0 0 0 0
0 0 0 0
0 0 0 0
-13.984 9.3559999 2.168 3
-9.8339996 6.099 1.627 2
-12.66 7.3049998 2.201 3
-14.686 10.015 2.0639999 8
-14.143 8.9870005 2.1659999 3
-13.376 7.8779998 2.197 2
-12.769 6.9860001 2.2149999 4
-15.329 9.9239998 2.1159999 4
-14.379 8.6709995 2.177 2
-13.612 7.6030002 2.221 3
-12.746 6.6069999 2.2060001 2
-15.56 9.5489998 2.112 4
0 0 0 0
-13.668 7.2249999 2.2179999 3
-12.856 6.303 2.2219999 2
-15.867 9.2220001 2.118 4
0 0 0 0
-13.78 6.8850002 2.2249999 2
-12.933 5.9819999 2.234 4
0 0 0 0
-14.952 7.6370001 2.1949999 3
-13.912 6.559 2.2360001 3
-12.985 5.6570001 2.2420001 3
0 0 0 0
-15.12 7.2820001 2.2 2
-13.907 6.1690001 2.227 2
-12.346 5.0539999 2.131 2
-16.683001 8.1490002 2.1329999 3
-15.348 6.954 2.2149999 3
-12.274 5.112 1.959 2
0 0 0 0
0 0 0 0
0 0 0 0
-14.131 5.5100002 2.25 3
0 0 0 0
0 0 0 0
0 0 0 0
-14.335 5.2140002 2.2780001 2
-13.142 4.3759999 2.2750001 2
0 0 0 0
-15.76 5.842 2.23 3
-14.231 4.8109999 2.2579999 2
-12.459 3.8429999 2.1600001 6
0 0 0 0
-15.851 5.4530001 2.233 3
-14.53 4.546 2.303 2
-13.232 3.7579999 2.3 9
0 0 0 0
-12.132 3.859 1.7 1
-13.6 3.914 2.155 5
-13.151 3.4219999 2.2920001 2
0 0 0 0
-16.278999 4.7610002 2.273 2
-14.497 3.8180001 2.2969999 10
-13.213 3.1259999 2.3099999 4
0 0 0 0
-15.098 4.0310001 2.102 3
-14.61 3.494 2.316 2
-13.127 2.7980001 2.303 3
0 0 0 0
-15.762 3.8150001 2.1889999 7
-14.381 3.095 2.2820001 3
-13.119 2.494 2.3099999 6
0 0 0 0
-16.448 3.576 2.279 3
-14.492 2.7720001 2.3039999 3
-13.066 2.1849999 2.3110001 5
-19.333 4.1849999 2.26 3
-16.327 3.148 2.26 4
-14.457 2.427 2.303 3
-12.977 1.874 2.3069999 3
0 0 0 0
-16.308001 2.75 2.256 3
-14.539 2.102 2.322 3
-12.896 1.572 2.303 5
0 0 0 0
-16.462 2.381 2.277 3
0 0 0 0
-12.962 1.291 2.3269999 4
0 0 0 0
-12.205 1.474 1.689 1
0 0 0 0
-12.936 0.99800003 2.336 4
0 0 0 0
-16.771 1.625 2.3239999 3
-14.59 1.101 2.3559999 4
-12.864 0.708 2.3369999 4
0 0 0 0
-16.615999 1.2180001 2.3069999 4
-14.416 0.75700003 2.3380001 3
-12.888 0.42500001 2.3570001 3
0 0 0 0
-16.465 0.81999999 2.2909999 3
-14.385 0.42899999 2.3440001 3
-12.77 0.13699999 2.3510001 5
0 0 0 0
-15.529 0.40599999 2.1689999 2
-14.219 0.101 2.3299999 3
-12.769 -0.142 2.368 5
0 0 0 0
-16.332001 0.046 2.2880001 4
-14.283 -0.223 2.3540001 4
-12.694 -0.41999999 2.3710001 5
0 0 0 0
-16.447001 -0.33700001 2.3139999 3
-14.231 -0.54400003 2.3599999 3
-12.686 -0.69800001 2.388 3
0 0 0 0
-16.322001 -0.72100002 2.3080001 4
-14.432 -0.87900001 2.4100001 3
-12.599 -0.97399998 2.392 5
0 0 0 0
-16.500999 -1.115 2.345 3
-14.019 -1.173 2.3570001 2
-12.462 -1.239 2.3859999 5
0 0 0 0
-14.259 -1.3 2.0380001 3
-13.366 -1.426 2.2650001 2
-12.418 -1.51 2.3989999 4
0 0 0 0
-16.238001 -1.864 2.3369999 3
-13.894 -1.8 2.3729999 4
-11.255 -1.6210001 2.194 2
-15.639 -1.977 1.84 2
-7.1360002 -0.99000001 1.035 1
-13.613 -2.0780001 2.346 3
-12.212 -2.033 2.404 3
-13.768 -2.0799999 1.63 2
-13.028 -2.119 1.904 3
-12.313 -2.1670001 2.142 2
-11.676 -2.207 2.3210001 4
-12.343 -2.174 1.473 3
-11.767 -2.197 1.733 2
-11.241 -2.2409999 1.973 2
-10.691 -2.2639999 2.1470001 4
-11.231 -2.2590001 1.35 3
-10.696 -2.26 1.59 2
-10.298 -2.296 1.826 4
-9.9280005 -2.332 2.0150001 1
-10.254 -2.322 1.243 4
-9.8970003 -2.3340001 1.4859999 3
-9.5089998 -2.348 1.704 3
-9.2030001 -2.375 1.8890001 2
-9.4329996 -2.3789999 1.155 3
-9.1289997 -2.3789999 1.385 4
-8.8929996 -2.4100001 1.6109999 3
-1.762 -0.49599999 0.36500001 0
-4.2360001 -1.178 0.52399999 2
0 0 0 0
-7.7620001 -2.293 1.4220001 0
-1.758 -0.537 0.36899999 1
-7.7930002 -2.372 0.97399998 0
0 0 0 0
-7.6690001 -2.454 1.421 13
-1.756 -0.57800001 0.373 1
-7.5219998 -2.4890001 0.95099998 8
-7.3759999 -2.4860001 1.1569999 7
-7.2140002 -2.4909999 1.354 7
-1.765 -0.62400001 0.38 1
-7.0380001 -2.5209999 0.90200001 5
-6.901 -2.507 1.096 8
-6.7750001 -2.5109999 1.288 8
-1.767 -0.66900003 0.38499999 0
-6.5760002 -2.536 0.85399997 8
-6.4920001 -2.533 1.046 11
-6.408 -2.5409999 1.235 10
-6.316 -2.5510001 1.397 6
-6.2059999 -2.5669999 0.81699997 9
-6.1409998 -2.563 1.003 12
-6.052 -2.5599999 1.183 10
-5.9819999 -2.569 1.341 10
-5.8410001 -2.585 0.78100002 9
-5.7969999 -2.5799999 0.96100003 13
-5.756 -2.589 1.141 13
-5.6659999 -2.5799999 1.288 9
-5.5339999 -2.6099999 0.75199997 14
-5.4949999 -2.602 0.926 15
-5.447 -2.599 1.096 14
-5.421 -2.6140001 1.251 14
-5.2410002 -2.6289999 0.72399998 12
-5.2119999 -2.618 0.89200002 14
-5.1849999 -2.618 1.0599999 14
-5.1599998 -2.628 1.209 13
-4.974 -2.6470001 0.699 13
-4.947 -2.631 0.861 14
-4.9359999 -2.635 1.025 12
-4.9190001 -2.641 1.17 15
-4.7189999 -2.6600001 0.676 14
-4.7129998 -2.6489999 0.83399999 15
-4.6900001 -2.641 0.991 5
-4.6830001 -2.6489999 1.133 16
-4.4850001 -2.674 0.65600002 14
-4.4829998 -2.6600001 0.80900002 16
-1.7920001 -1.063 0.38499999 0
-4.4809999 -2.665 1.102 15
-4.2690001 -2.687 0.63700002 14
-4.2800002 -2.677 0.78600001 15
-1.7819999 -1.112 0.38999999 2
-4.2839999 -2.677 1.072 15
-4.0710001 -2.701 0.62 14
-4.0890002 -2.6930001 0.76700002 14
-1.818 -1.192 0.405 0
-4.1020002 -2.6889999 1.045 14
-3.8770001 -2.7090001 0.60399997 14
-3.905 -2.7030001 0.74699998 18
-3.921 -2.6989999 0.89099997 11
-3.9260001 -2.697 1.018 14
-1.7970001 -1.321 0.28600001 2
-1.809 -1.316 0.35299999 2
-1.824 -1.317 0.42300001 0
-3.7739999 -2.7160001 0.99699998 10
-3.527 -2.7279999 0.57700002 13
-3.5610001 -2.7190001 0.71100003 19
-3.5840001 -2.7130001 0.84799999 18
-3.602 -2.7130001 0.97000003 14
-3.3740001 -2.7409999 0.56599998 18
-3.4059999 -2.73 0.69700003 18
-3.437 -2.7249999 0.83099997 19
-3.4590001 -2.7260001 0.95099998 14
-3.227 -2.7550001 0.55599999 17
-3.256 -2.7360001 0.68199998 15
-3.293 -2.7349999 0.81400001 18
-3.3329999 -2.7460001 0.935 18
-1.043 -0.93400002 0.184 13
-3.119 -2.747 0.67000002 10
-3.164 -2.75 0.80000001 18
-3.188 -2.747 0.91399997 19
-1.003 -0.94300002 0.182 5
-1.029 -0.94999999 0.226 21
-1.0470001 -0.95200002 0.271 6
-3.0669999 -2.7609999 0.89899999 17
-0.96100003 -0.94800001 0.18000001 10
-0.986 -0.954 0.223 3
-1.012 -0.963 0.26800001 4
-1.0319999 -0.97000003 0.30899999 21
-0.91900003 -0.95099998 0.178 10
-0.95200002 -0.96499997 0.221 40
-1.0420001 -1.0369999 0.28299999 2
-0.995 -0.97799999 0.30500001 4
-0.884 -0.95999998 0.176 9
-0.91399997 -0.97000003 0.219 7
-2.674 -2.783 0.74699998 20
-1.035 -1.062 0.32499999 35
-0.833 -0.94999999 0.17200001 9
-0.86799997 -0.96499997 0.214 7
-1.043 -1.136 0.29899999 6
-1.041 -1.1160001 0.336 11
-0.79900002 -0.95599997 0.171 9
-0.833 -0.97100002 0.212 7
-1.041 -1.186 0.30700001 30
-1.049 -1.175 0.347 45
-0.75800002 -0.95300001 0.168 9
-0.79500002 -0.972 0.20900001 7
-0.95999998 -1.145 0.292 150
-1.0470001 -1.226 0.35600001 43
-0.72299999 -0.95499998 0.167 9
-0.75400001 -0.96700001 0.205 7
-0.96600002 -1.206 0.303 7
-1.048 -1.283 0.36700001 44
-0.68900001 -0.95599997 0.16500001 9
-0.722 -0.97100002 0.20299999 7
-0.866 -1.133 0.28 7
-1.057 -1.353 0.38100001 46
-0.65499997 -0.95599997 0.164 9
-0.68800002 -0.97100002 0.20100001 7
-0.72299999 -0.991 0.242 6
-1.0599999 -1.419 0.39399999 37
-0.625 -0.96100003 0.163 6
-0.653 -0.96799999 0.198 7
-0.685 -0.98400003 0.237 7
-1.061 -1.488 0.40700001 43
-0.58700001 -0.95200002 0.16 1
-0.62099999 -0.96899998 0.19599999 7
-0.65100002 -0.98199999 0.234 8
-1.075 -1.579 0.426 51
-0.56 -0.95899999 0.16 2
-0.59100002 -0.97100002 0.19499999 7
-0.61900002 -0.98199999 0.23100001 8
-1.089 -1.678 0.447 48
-0.52499998 -0.94999999 0.15800001 11
-0.56400001 -0.977 0.19400001 8
-0.58899999 -0.98199999 0.228 8
-1.094 -1.7690001 0.465 53
-0.50400001 -0.96600002 0.16 12
-0.53500003 -0.97899997 0.193 8
-0.56300002 -0.98799998 0.227 8
-1.086 -1.846 0.47999999 13
-0.46700001 -0.94800001 0.156 11
-0.50800002 -0.98299998 0.193 8
-0.53200001 -0.98500001 0.22499999 8
-1.057 -1.89 0.48500001 20
-0.44299999 -0.95599997 0.15700001 6
-0.477 -0.97799999 0.19 7
-0.50599998 -0.98799998 0.223 8
-1.095 -2.062 0.52399999 70
-0.41499999 -0.954 0.156 7
-0.44499999 -0.96799999 0.18700001 5
-0.47600001 -0.98299998 0.22 7
-1.039 -2.0650001 0.51899999 68
-0.396 -0.97500002 0.15899999 3
-0.41600001 -0.963 0.185 5
-0.44400001 -0.97399998 0.21600001 5
0 0 0 0
-1.08 -2.8469999 0.465 16
-0.403 -0.99599999 0.191 2
-0.41800001 -0.97500002 0.215 5
-0.44100001 -0.98299998 0.242 5
-1.006 -2.8540001 0.46599999 17
-1.0779999 -2.849 0.54400003 10
-0.405 -1.006 0.22 2
-0.417 -0.98500001 0.241 5
-0.92799997 -2.845 0.465 107
-1.001 -2.8429999 0.54000002 20
-0.787 -2.0880001 0.454 9
-0.40400001 -1.018 0.24600001 3
-0.861 -2.8670001 0.46799999 78
-0.92900002 -2.845 0.53899997 81
-0.73299998 -2.086 0.45100001 16
-0.778 -2.089 0.50199997 11
-0.787 -2.865 0.46900001 83
-0.86299998 -2.8640001 0.54100001 79
-0.68099999 -2.0869999 0.449 61
-0.72000003 -2.0739999 0.495 69
-0.49200001 -1.971 0.32300001 25
-0.79100001 -2.8629999 0.54000002 79
-0.486 -1.612 0.345 163
-0.433 -1.342 0.31799999 40
-0.64399999 -2.8710001 0.472 115
-0.463 -1.842 0.347 25
-0.454 -1.638 0.34900001 37
-0.44400001 -1.488 0.34999999 6
-0.57599998 -2.8800001 0.47499999 75
-0.653 -2.8740001 0.54100001 134
-0.465 -1.839 0.38999999 19
-0.45300001 -1.649 0.38600001 27
-0.50700003 -2.885 0.477 77
-0.58499998 -2.8800001 0.542 75
-0.48100001 -2.098 0.44400001 112
-0.45899999 -1.829 0.42500001 34
-0.43900001 -2.891 0.47999999 74
-0.51700002 -2.8829999 0.542 74
-0.59299999 -2.881 0.60799998 83
-0.44800001 -1.967 0.45500001 9
-0.37 -2.8929999 0.48300001 74
-0.45100001 -2.891 0.54400003 79
-0.52600002 -2.8829999 0.60699999 83
-0.588 -2.8759999 0.66100001 86
-0.301 -2.8940001 0.486 86
-0.38299999 -2.8929999 0.54500002 73
-0.45899999 -2.8840001 0.60500002 83
-0.523 -2.881 0.66000003 94
-0.23199999 -2.898 0.49000001 77
-0.315 -2.892 0.546 81
-0.39300001 -2.891 0.60600001 84
-0.458 -2.888 0.65799999 91
-0.16500001 -2.8989999 0.493 85
-0.249 -2.904 0.55000001 76
-0.32699999 -2.8940001 0.60600001 76
-0.39199999 -2.8889999 0.65600002 93
-0.097999997 -2.911 0.498 75
-0.182 -2.9089999 0.55199999 75
-0.26199999 -2.8959999 0.60600001 79
-0.329 -2.898 0.65600002 95
-0.029999999 -2.9130001 0.50199997 72
-0.116 -2.911 0.55500001 74
-0.197 -2.901 0.60699999 82
-0.264 -2.8989999 0.65399998 85
0.037 -2.9130001 0.50599998 71
-0.048999999 -2.9130001 0.55699998 78
-0.131 -2.905 0.60799998 79
-0.199 -2.8989999 0.65200001 89
0.105 -2.915 0.51099998 80
0.017000001 -2.915 0.56 76
-0.066 -2.9070001 0.60799998 81
-0.13500001 -2.904 0.65200001 93
0.17299999 -2.9159999 0.51599997 77
0.083999999 -2.9119999 0.56199998 69
0 -2.9070001 0.60900003 80
-0.07 -2.9100001 0.65200001 89
0.241 -2.9189999 0.52200001 76
0.15099999 -2.927 0.56800002 85
0.064999998 -2.9119999 0.611 73
-0.0040000002 -2.911 0.65200001 89
0.31099999 -2.931 0.52899998 85
0.219 -2.925 0.57099998 79
0.131 -2.9159999 0.61299998 79
0.059999999 -2.918 0.653 89
0.37900001 -2.9330001 0.53500003 82
0.28600001 -2.927 0.57499999 80
0.198 -2.9260001 0.61699998 87
0.125 -2.9219999 0.653 85
0.449 -2.934 0.54100001 80
0.354 -2.931 0.579 86
0.264 -2.927 0.61900002 82
0.19 -2.915 0.65200001 94
0.51800001 -2.937 0.54799998 76
0.42199999 -2.9319999 0.58399999 82
0.33199999 -2.9319999 0.62199998 84
0.25600001 -2.925 0.65399998 85
0.58999997 -2.944 0.55599999 78
0.491 -2.9319999 0.588 82
0.40000001 -2.9360001 0.625 81
0.32300001 -2.928 0.65499997 82
0.66399997 -2.9549999 0.565 75
0.56199998 -2.9419999 0.59600002 83
0.46900001 -2.9400001 0.62900001 77
0.38999999 -2.9289999 0.65600002 73
0.73500001 -2.954 0.57300001 80
0.63099998 -2.9400001 0.60000002 79
0.53600001 -2.937 0.63099998 86
0.45899999 -2.9349999 0.65899998 83
0.80599999 -2.9489999 0.57999998 76
0.704 -2.9449999 0.60699999 77
0.60600001 -2.9430001 0.63599998 85
0.52700001 -2.9400001 0.66100001 87
0.87900001 -2.948 0.588 51
0.77600002 -2.951 0.61400002 79
0.67699999 -2.948 0.64099997 78
0.59600002 -2.9430001 0.66399997 95
0.50099999 -1.551 0.31299999 5
0.85000002 -2.9549999 0.62099999 80
0.75 -2.9530001 0.64600003 81
0.667 -2.951 0.66799998 96
0.53600001 -1.536 0.315 1
0.47999999 -1.538 0.32699999 3
0.82200003 -2.957 0.65100002 83
0.73900002 -2.954 0.671 88
0.773 -2.0650001 0.43099999 1
0.52200001 -1.5470001 0.33199999 1
0.89600003 -2.9590001 0.65700001 18
0.81 -2.9560001 0.67400002 87
0.78899997 -1.967 0.417 3
0 0 0 0
0.505 -1.541 0.345 2
0.88499999 -2.964 0.67799997 50
0.82800001 -1.937 0.41800001 7
0.78600001 -2.0190001 0.44499999 3
0.54500002 -1.543 0.34799999 1
0.49700001 -1.536 0.35299999 4
0.88 -1.936 0.42500001 5
0.79799998 -1.92 0.428 6
0.77700001 -2.0539999 0.46700001 3
0.537 -1.5420001 0.35699999 1
0.93400002 -1.938 0.433 6
0.85100001 -1.923 0.435 6
0.78799999 -1.946 0.447 4
0.77600002 -2.073 0.48199999 2
0.99199998 -1.941 0.442 3
0.90399998 -1.924 0.44100001 6
0.83499998 -1.9349999 0.449 6
0.77200001 -1.9299999 0.45199999 3
0.90899998 -1.684 0.38999999 31
0.96200001 -1.932 0.44999999 5
0.89399999 -1.949 0.45699999 6
0.82099998 -1.923 0.454 6
1.104 -1.9400001 0.458 2
1.025 -1.947 0.46000001 5
0.949 -1.95 0.46200001 5
0.87599999 -1.929 0.45899999 6
1.795 -2.9920001 0.722 53
0.93000001 -1.673 0.40200001 51
1.005 -1.951 0.46799999 5
0.93099999 -1.931 0.463 6
0.99599999 -1.579 0.389 1
1.762 -3.0050001 0.73400003 73
0.91500002 -1.682 0.40900001 84
0.98900002 -1.937 0.46900001 4
0 0 0 0
1.844 -2.9890001 0.74299997 15
1.725 -3.003 0.73900002 82
0.96100003 -1.781 0.435 10
0 0 0 0
1.011 -1.559 0.39399999 2
1.814 -2.9979999 0.74800003 35
1.709 -3.0020001 0.741 65
2.2160001 -3.0369999 0.80000001 20
0 0 0 0
1 -1.572 0.398 2
1.796 -2.993 0.74699998 61
2.3310001 -3.049 0.82200003 21
2.1730001 -3.039 0.79799998 2
0 0 0 0
0.99400002 -1.573 0.39700001 1
2.447 -3.0550001 0.84399998 23
2.283 -3.0450001 0.81599998 14
2.1370001 -3.0439999 0.79500002 2
0 0 0 0
2.563 -3.0580001 0.86500001 22
2.3889999 -3.0409999 0.83200002 24
2.2420001 -3.0420001 0.80800003 14
2.1229999 -3.043 0.78799999 1
2.6960001 -3.0739999 0.89300001 21
2.5090001 -3.049 0.852 23
2.358 -3.052 0.82499999 25
2.223 -3.033 0.79699999 18
2.826 -3.0799999 0.91799998 18
2.6329999 -3.056 0.87400001 24
2.484 -3.0669999 0.84399998 24
2.3380001 -3.0420001 0.81 24
2.967 -3.092 0.94800001 17
2.77 -3.0710001 0.89899999 20
2.608 -3.073 0.86199999 25
2.454 -3.0450001 0.824 24
3.1040001 -3.0929999 0.97500002 13
2.9070001 -3.0810001 0.92299998 20
2.7379999 -3.0810001 0.88200003 22
2.5810001 -3.056 0.84100002 24
3.257 -3.105 1.007 13
3.0480001 -3.086 0.949 19
2.8759999 -3.0910001 0.903 19
2.7149999 -3.0669999 0.85900003 24
3.437 -3.1329999 1.0470001 14
3.2149999 -3.1110001 0.98199999 18
3.0220001 -3.1029999 0.92699999 18
2.8510001 -3.0739999 0.87699997 23
3.592 -3.1300001 1.079 14
3.3740001 -3.122 1.011 17
3.1719999 -3.1110001 0.95099998 18
3.003 -3.0910001 0.898 20
3.78 -3.1489999 1.1210001 14
3.543 -3.1329999 1.044 14
3.3310001 -3.1210001 0.977 18
3.1630001 -3.108 0.92199999 18
3.9349999 -3.1329999 1.153 17
3.727 -3.148 1.08 14
3.5139999 -3.1440001 1.0089999 14
3.322 -3.1170001 0.94400001 14
3.9579999 -3.01 1.147 16
3.915 -3.158 1.117 16
3.6930001 -3.154 1.04 14
3.497 -3.132 0.97100002 15
3.9660001 -2.8800001 1.136 16
3.9430001 -3.036 1.108 21
3.8940001 -3.175 1.075 15
3.691 -3.154 1.001 15
3.973 -2.753 1.127 16
3.954 -2.905 1.096 21
3.9400001 -3.0639999 1.068 22
3.8800001 -3.1619999 1.03 16
3.9779999 -2.6289999 1.117 16
3.97 -2.7809999 1.086 22
3.948 -2.9289999 1.052 21
3.9460001 -3.066 1.025 17
3.9849999 -2.5079999 1.109 20
3.9760001 -2.655 1.074 22
3.967 -2.803 1.04 20
3.9630001 -2.9330001 1.008 17
3.997 -2.3940001 1.104 21
3.984 -2.5320001 1.063 22
3.9719999 -2.6719999 1.024 22
3.9619999 -2.7909999 0.98900002 23
4.0009999 -2.279 1.096 22
3.9920001 -2.4119999 1.053 22
3.9779999 -2.5439999 1.011 21
3.9820001 -2.668 0.97500002 23
4.0139999 -2.1689999 1.092 26
3.9860001 -2.2880001 1.04 22
3.9949999 -2.428 1 22
3.984 -2.5369999 0.958 24
4.0089998 -2.0539999 1.0829999 23
4.0009999 -2.178 1.034 22
4.0009999 -2.3080001 0.98799998 23
3.9920001 -2.4130001 0.94300002 23
4.026 -1.954 1.081 27
3.9990001 -2.062 1.024 24
4.006 -2.1889999 0.97600001 24
4.0040002 -2.2939999 0.93099999 22
4.02 -1.842 1.074 31
3.9990001 -1.95 1.0140001 25
4.013 -2.0739999 0.96600002 26
4.0120001 -2.175 0.91799998 25
4.0190001 -1.7359999 1.068 34
4.0139999 -1.846 1.01 29
4.0139999 -1.96 0.95499998 30
4.006 -2.0510001 0.903 24
4.0349998 -1.6390001 1.067 34
4.013 -1.7359999 1.003 32
4.0229998 -1.85 0.94700003 34
4.007 -1.933 0.89099997 30
4.033 -1.536 1.062 37
4.0190001 -1.633 0.99699998 37
4.026 -1.739 0.93800002 33
4.0149999 -1.822 0.88 33
0 0 0 0
4.0380001 -1.536 0.995 38
4.027 -1.631 0.92900002 33
4.0209999 -1.712 0.87099999 34
0.954 -0.31600001 0.249 4
0 0 0 0
4.039 -1.528 0.92299998 35
4.033 -1.6059999 0.86199999 36
0 0 0 0
0.95099998 -0.31299999 0.23100001 2
0 0 0 0
4.0320001 -1.4960001 0.852 36
0.139 -0.039000001 0.035999998 0
0 0 0 0
0.89600003 -0.292 0.20100001 2
4.0409999 -1.391 0.84500003 37
0 0 0 0
0.156 -0.043000001 0.037 0
0.15899999 -0.046999998 0.035 0
0 0 0 0
0.126 -0.028999999 0.032000002 0
0 0 0 0
0.162 -0.044 0.035 0
0.156 -0.045000002 0.032000002 0
0 0 0 0
0.16 -0.037 0.037999999 0
0 0 0 0
0.161 -0.041999999 0.032000002 0
0.16 -0.029999999 0.041000001 0
0 0 0 0
0.15700001 -0.035 0.034000002 0
0 0 0 0
0 0 0 0
0.154 -0.028000001 0.035999998 0
0 0 0 0
0.154 -0.033 0.029999999 0
4.085 -0.59799999 1.059 7
0 0 0 0
0 0 0 0
0 0 0 0
0 0 0 0
0.89499998 -0.124 0.212 4
0 0 0 0
0 0 0 0
0 0 0 0
0.79299998 -0.092 0.18799999 0
0.83499998 -0.109 0.18000001 0
0 0 0 0
0 0 0 0
0 0 0 0
0.792 -0.085000001 0.17 0
0.79799998 -0.093999997 0.155 0
0 0 0 0
0 0 0 0
0 0 0 0
0 0 0 0
0.84799999 -0.030999999 0.221 17
0 0 0 0
0.91100001 -0.055 0.19499999 5
0 0 0 0
0.84299999 -0.012 0.22 16
0.861 -0.022 0.204 7
0.917 -0.034000002 0.19599999 5
0 0 0 0
0.85000002 0.0049999999 0.223 18
0.85799998 -0.003 0.204 7
0.92400002 -0.013 0.197 5
1.0319999 -0.023 0.199 2
0.852 0.024 0.22400001 11
0.852 0.015 0.20200001 8
0.93199998 0.0080000004 0.199 4
1.059 0.001 0.20299999 1
0.84600002 0.041999999 0.223 10
0.85299999 0.035 0.20299999 8
0.93300003 0.029999999 0.199 3
1.074 0.027000001 0.206 2
0.838 0.059999999 0.222 8
0.85699999 0.054000001 0.205 9
0.92199999 0.050999999 0.197 3
1.0700001 0.052999999 0.205 3
0.83899999 0.078000002 0.223 7
0.85900003 0.074000001 0.206 9
0.91399997 0.071999997 0.19599999 10
1.001 0.072999999 0.192 0
0.82800001 0.094999999 0.221 4
0.85399997 0.093000002 0.206 8
0 0 0 0
2.033 0.198 0.391 6
0 0 0 0
0 0 0 0
0 0 0 0
0 0 0 0
0 0 0 0
0 0 0 0
0 0 0 0
0 0 0 0
0 0 0 0
0 0 0 0
0 0 0 0
0.14 0.024 0.027000001 0
0 0 0 0
0 0 0 0
0 0 0 0
0 0 0 0
0 0 0 0
0 0 0 0
0 0 0 0
0 0 0 0
0.81999999 0.205 0.228 15
0.866 0.215 0.21600001 9
0.88200003 0.21699999 0.19400001 2
2.9289999 0.72100002 0.574 3
0.82099998 0.22400001 0.23 18
0.86900002 0.237 0.21799999 8
0.88099998 0.23899999 0.19499999 4
2.937 0.79900002 0.579 3
0.82800001 0.245 0.233 17
0.875 0.25999999 0.221 6
0.88 0.26100001 0.197 5
2.9260001 0.87199998 0.58099997 3
0.829 0.266 0.236 17
0.861 0.27700001 0.219 5
0.87300003 0.28099999 0.197 7
0 0 0 0
0.833 0.287 0.23899999 18
0.84399998 0.29300001 0.21699999 5
0.87400001 0.30399999 0.198 9
0 0 0 0
0.83200002 0.30700001 0.241 11
0.83200002 0.30899999 0.21600001 8
0.875 0.32800001 0.2 9
2.9590001 1.12 0.60100001 0
0.82599998 0.32499999 0.242 18
0.83600003 0.333 0.219 9
0.87800002 0.35299999 0.20299999 10
1.544 0.62699997 0.317 23
0.83099997 0.34799999 0.24600001 16
0.838 0.35600001 0.222 9
0.88599998 0.38 0.207 10
1.614 0.70200002 0.33399999 86
0.824 0.366 0.24600001 13
0.83999997 0.37900001 0.22499999 9
0.88700002 0.405 0.20999999 10
0 0 0 0
0.81699997 0.38499999 0.24699999 7
0.84399998 0.40400001 0.228 9
0.88200003 0.428 0.211 9
0.90799999 0.44800001 0.192 1
0.78500003 0.391 0.23999999 6
0.85000002 0.43099999 0.233 9
0.88300002 0.45500001 0.214 6
0.90399998 0.47400001 0.19400001 5
0.75700003 0.39700001 0.234 6
0.85000002 0.45500001 0.236 9
0.87099999 0.47499999 0.214 6
0.89899999 0.49900001 0.19599999 7
0.71499997 0.39500001 0.22400001 5
0.85399997 0.48199999 0.23999999 5
0.852 0.491 0.212 9
0.90200001 0.52999997 0.199 2
0.58999997 0.34299999 0.18700001 3
0.86299998 0.514 0.24600001 0
0 0 0 0
0 0 0 0
0.56400001 0.345 0.18099999 1
0 0 0 0
0 0 0 0
0.91600001 0.59899998 0.20900001 3
0.56999999 0.366 0.186 3
0 0 0 0
0 0 0 0
0.90899998 0.62699997 0.211 8
0.80699998 0.54299998 0.26699999 8
0 0 0 0
0.87699997 0.62099999 0.233 12
0.89399999 0.64899999 0.211 7
0.86000001 0.60600001 0.28999999 9
0.875 0.634 0.266 8
0.87599999 0.65200001 0.237 8
0.88 0.67199999 0.212 8
0.87099999 0.64200002 0.29800001 7
0.87800002 0.667 0.27200001 8
0.87800002 0.68599999 0.242 8
0.87300003 0.70099998 0.215 8
0.88099998 0.68000001 0.30700001 5
0.87699997 0.69800001 0.27599999 8
0.87900001 0.72100002 0.24699999 8
0.88300002 0.745 0.222 9
0.87099999 0.70300001 0.30899999 2
0.87900001 0.73199999 0.28200001 8
0.88200003 0.75800002 0.25299999 8
0.88300002 0.78200001 0.227 8
0.88 0.74299997 0.317 1
0.88099998 0.76999998 0.289 8
0.88499999 0.79799998 0.25999999 9
0 0 0 0
0.88599998 0.78100002 0.32600001 1
0.88499999 0.80900002 0.296 8
0.88599998 0.83700001 0.266 1
0.89600003 0.875 0.242 9
0.88800001 0.81900001 0.333 1
0.88599998 0.847 0.303 8
0.89499998 0.88599998 0.27500001 0
0.89700001 0.91900003 0.249 10
0.89399999 0.861 0.34200001 2
0 0 0 0
0.898 0.93199998 0.28400001 47
0.90200001 0.97000003 0.257 11
0.89600003 0.90200001 0.35100001 2
0.90100002 0.94300002 0.32300001 1
0.90399998 0.98299998 0.29300001 9
0.90799999 1.025 0.266 9
0 0 0 0
0.90100002 0.98699999 0.331 8
0.903 1.03 0.301 9
0.91500002 1.085 0.27700001 9
0.90899998 0.99800003 0.37200001 2
0.90899998 1.0420001 0.34299999 8
0.91600001 1.096 0.31400001 9
0.92299998 1.15 0.28799999 9
0.91000003 1.046 0.382 47
0.90799999 1.09 0.352 10
0.92000002 1.154 0.32499999 8
0.94499999 1.237 0.30500001 34
0.91500002 1.098 0.39399999 10
0.91299999 1.149 0.36500001 0
0.94099998 1.239 0.34400001 34
0.94300002 1.299 0.31600001 39
0.92699999 1.165 0.41 1
0.94499999 1.2460001 0.389 18
0.94499999 1.308 0.35699999 40
0.95200002 1.3789999 0.33000001 36
0.93800002 1.232 0.42699999 3
0.94999999 1.313 0.403 19
0.94999999 1.382 0.37200001 35
0.95899999 1.465 0.34599999 36
0.935 1.286 0.43799999 3
0.96799999 1.405 0.42500001 4
0.95700002 1.464 0.38800001 33
0.96700001 1.559 0.36399999 39
0.93099999 1.342 0.44999999 4
0.94700003 1.442 0.43000001 12
1 1.613 0.42199999 3
0.97799999 1.663 0.384 38
0.903 1.3660001 0.45100001 6
0.91399997 1.464 0.43000001 12
0.96100003 1.6339999 0.42300001 12
0.99900001 1.799 0.41100001 6
0.85100001 1.35 0.43900001 8
0.88 1.483 0.43000001 9
0.92500001 1.66 0.42399999 11
0.96499997 1.839 0.41600001 11
0.81300002 1.355 0.43399999 8
0.84299999 1.498 0.42899999 9
0.88300002 1.675 0.42399999 10
0 0 0 0
0.77899998 1.3660001 0.43200001 9
0.80699998 1.513 0.428 9
0.83600003 1.681 0.421 4
0 0 0 0
0.745 1.376 0.42899999 9
0.76700002 1.52 0.42500001 8
0 0 0 0
0 0 0 0
0.71200001 1.3890001 0.428 9
0 0 0 0
0.30000001 0.68199998 0.168 0
0 0 0 0
0 0 0 0
0 0 0 0
0 0 0 0
0.72500002 1.913 0.41800001 3
0 0 0 0
0 0 0 0
0.667 1.734 0.421 1
0.667 1.897 0.41299999 3
0 0 0 0
0.62699997 1.5880001 0.428 0
0.62400001 1.743 0.41999999 10
0.61900002 1.9069999 0.41299999 3
0 0 0 0
0.58499998 1.587 0.42399999 9
0.57999998 1.7460001 0.41800001 9
0.57499999 1.925 0.41499999 3
0.55400002 1.457 0.42500001 8
0.54799998 1.598 0.42399999 8
0.53600001 1.751 0.417 9
0.52100003 1.911 0.412 3
0.51899999 1.464 0.42300001 8
0.51099998 1.609 0.42300001 8
0.493 1.7589999 0.41800001 9
0 0 0 0
0.486 1.476 0.42300001 8
0.472 1.615 0.42300001 9
0.31900001 1.252 0.296 0
0.419 1.897 0.40799999 0
0.454 1.489 0.42399999 8
0.428 1.6 0.41600001 5
0.40799999 1.773 0.41800001 9
0.37400001 1.908 0.41 3
0.41999999 1.4960001 0.42199999 8
0.35699999 1.4680001 0.38 2
0.368 1.793 0.42199999 1
1.419 8.2749996 1.779 46
0.333 1.2970001 0.36300001 1
0 0 0 0
1.507 8.2939997 1.948 31
0 0 0 0
0.31400001 1.348 0.375 2
0 0 0 0
1.188 7.5380001 1.768 3
0.094999999 0.77499998 0.167 1
0.28200001 1.347 0.37200001 4
1.189 6.921 1.77 1
0 0 0 0
0.075999998 0.78100002 0.168 4
0.25099999 1.351 0.37099999 0
0 0 0 0
0.079000004 0.72500002 0.17 1
0.059 0.80599999 0.17399999 4
0 0 0 0
0.081 0.65200001 0.16500001 3
0.063000001 0.741 0.17299999 4
0.039000001 0.792 0.17200001 1
0 0 0 0
0.063000001 0.62900001 0.15899999 3
0.046 0.74900001 0.176 4
0.018999999 0.755 0.16500001 1
0.075000003 0.64300001 0.17399999 10
0.050000001 0.648 0.164 9
0.026000001 0.67900002 0.16 0
0.001 0.74699998 0.164 4
0.061999999 0.65799999 0.177 4
0 0 0 0
0.0099999998 0.64200002 0.15099999 3
-0.015 0.73400003 0.162 4
0.046999998 0.65600002 0.176 3
0.021 0.65399998 0.16500001 22
0 0 0 0
-0.032000002 0.72299999 0.16 4
0.032000002 0.65799999 0.176 4
0 0 0 0
-0.02 0.64200002 0.152 3
-0.048999999 0.71600002 0.16 3
0.017000001 0.65399998 0.175 3
-0.0080000004 0.653 0.16500001 3
-0.035 0.64700001 0.154 3
0 0 0 0
0.0020000001 0.64499998 0.17200001 6
-0.024 0.66500002 0.168 3
-0.050999999 0.65100002 0.156 1
0 0 0 0
-0.012 0.64099997 0.171 10
-0.039000001 0.65899998 0.167 4
-0.067000002 0.66000003 0.15899999 3
0 0 0 0
-0.027000001 0.64700001 0.17200001 11
-0.054000001 0.65100002 0.16500001 4
-0.083999999 0.67000002 0.162 3
-0.106 0.64600003 0.149 1
-0.041000001 0.64600003 0.17200001 11
-0.068000004 0.64600003 0.16500001 4
-0.097999997 0.66100001 0.161 5
-0.124 0.65499997 0.153 3
0 0 0 0
-0.082000002 0.63999999 0.164 9
-0.112 0.64999998 0.15899999 4
-0.14399999 0.671 0.15800001 6
-0.071000002 0.64600003 0.17200001 11
0 0 0 0
-0.127 0.64300001 0.15899999 8
-0.15899999 0.66399997 0.15800001 4
-0.086000003 0.64499998 0.17200001 11
-0.115 0.65100002 0.168 10
0 0 0 0
-0.17 0.64499998 0.155 10
-0.102 0.65100002 0.17399999 11
0 0 0 0
-0.15899999 0.64600003 0.162 10
-0.189 0.65100002 0.15899999 11
0 0 0 0
-0.14300001 0.63800001 0.16599999 10
-0.177 0.653 0.16599999 10
-0.207 0.65499997 0.162 12
-0.132 0.64899999 0.17399999 11
0 0 0 0
-0.192 0.64700001 0.16599999 11
-0.223 0.65200001 0.163 12
0 0 0 0
-0.175 0.64099997 0.17 10
0 0 0 0
-0.23800001 0.64700001 0.16500001 12
-0.15899999 0.63200003 0.171 3
0 0 0 0
-0.235 0.67699999 0.177 6
-0.257 0.65100002 0.168 9
-0.23100001 0.83600003 0.227 1
-0.27000001 0.83399999 0.22400001 2
-0.287 0.76700002 0.20299999 5
0 0 0 0
-0.294 0.97500002 0.266 5
-0.296 0.84500003 0.229 4
-0.30000001 0.74900001 0.20100001 5
-0.29499999 0.65600002 0.175 8
-0.308 0.94400001 0.259 1
-0.29899999 0.79500002 0.21799999 5
0 0 0 0
-0.95499998 1.994 0.54100001 14
-0.292 0.829 0.229 4
-0.29899999 0.74199998 0.205 4
-0.29899999 0.65499997 0.18099999 6
-1.023 2.0139999 0.55599999 82
-0.29800001 0.78799999 0.219 6
-0.28799999 0.67000002 0.18700001 0
-0.96200001 1.985 0.55699998 13
-1.001 1.86 0.523 13
-0.29499999 0.72799999 0.204 5
-0.301 0.65899998 0.186 7
-1.03 2.0050001 0.57099998 32
-1.0470001 1.842 0.528 48
-0.294 0.67900002 0.192 4
-0.96700001 1.9910001 0.56999999 12
-1.012 1.862 0.53899997 38
-1.4809999 2.47 0.722 10
-0.30199999 0.65499997 0.18700001 13
-1.038 2.017 0.58499998 17
-1.058 1.844 0.542 123
-1.528 2.4189999 0.722 11
-0.96899998 1.9809999 0.57099998 15
-1.015 1.864 0.54799998 25
-1.465 2.4200001 0.72399998 14
-1.562 2.3499999 0.71700001 5
-1.059 2.0439999 0.59500003 4
-1.062 1.847 0.55000001 4
-1.5190001 2.382 0.72600001 13
-1.623 2.322 0.72399998 5
-1.023 1.8660001 0.54900002 26
-1.456 2.401 0.72600001 16
-1.562 2.329 0.72299999 8
-1.661 2.263 0.72100002 10
-1.082 1.87 0.55699998 1
-1.505 2.3559999 0.72399998 14
-1.604 2.277 0.72100002 3
-5.4590001 7.0879998 2.3150001 22
-1.464 2.3989999 0.72299999 13
-1.553 2.3110001 0.722 8
-1.66 2.244 0.72500002 11
-5.5710001 6.8979998 2.3080001 23
-1.522 2.3670001 0.72299999 14
-1.608 2.2780001 0.72399998 3
-1.7 2.1889999 0.72299999 3
-5.6960001 6.73 2.3080001 29
-1.564 2.312 0.71600002 4
-1.653 2.2290001 0.72100002 12
-5.5749998 6.848 2.313 29
-5.8400002 6.5840001 2.319 27
-1.636 2.3010001 0.72399998 8
-5.4650002 7.0229998 2.3150001 28
-5.7179999 6.7020001 2.3169999 31
-5.9720001 6.428 2.326 28
-1.6849999 2.2550001 0.72100002 4
-5.612 6.8759999 2.312 26
-5.8660002 6.559 2.3239999 33
-6.0890002 6.2600002 2.329 26
-5.5440001 7.0679998 2.2969999 24
-5.776 6.7509999 2.3180001 31
-6.0170002 6.4250002 2.3329999 31
-1.581 1.552 0.59399998 2
-5.7160001 6.9460001 2.2980001 22
-5.9349999 6.6170001 2.322 30
-6.1479998 6.2690001 2.336 31
-1.633 1.5319999 0.60399997 2
-5.9029999 6.8410001 2.3050001 23
-6.092 6.4819999 2.3269999 29
-1.576 1.534 0.58700001 3
-6.3990002 5.7319999 2.3329999 30
-6.0650001 6.7010002 2.303 24
-6.2389998 6.3369999 2.329 30
-1.645 1.529 0.602 2
-6.506 5.5630002 2.339 28
-6.2579999 6.5960002 2.3150001 26
-1.598 1.548 0.583 3
-6.5050001 5.7740002 2.3399999 32
-6.6090002 5.395 2.345 31
-6.408 6.4439998 2.3110001 25
-6.4990001 6.0120001 2.326 21
-6.6389999 5.6230001 2.3510001 31
-6.6950002 5.2160001 2.346 36
-1.6109999 1.545 0.56699997 3
-6.6560001 5.8759999 2.336 32
-6.7410002 5.4489999 2.3510001 35
-6.7870002 5.0450001 2.3510001 35
-6.7529998 6.177 2.323 25
-6.8000002 5.7259998 2.342 29
-6.829 5.2649999 2.348 32
-6.7620001 4.789 2.3180001 32
-6.8800001 6.0019999 2.3150001 24
-6.9169998 5.5539999 2.3410001 27
-6.9460001 5.105 2.355 32
-4.9780002 3.359 1.6900001 8
-1.6160001 1.3430001 0.53200001 3
-1.625 1.244 0.54100001 4
-1.628 1.1390001 0.54500002 2
-6.9790001 4.4840002 2.3469999 5
-1.63 1.291 0.52600002 2
-1.633 1.1900001 0.53500003 4
-1.641 1.0930001 0.54299998 4
-1.6390001 1.001 0.546 1
-1.642 1.238 0.51999998 0
-1.645 1.141 0.53100002 2
-1.647 1.044 0.53899997 4
-1.65 0.95700002 0.546 4
-7.5190001 5.3940001 2.3399999 4
-1.659 1.094 0.528 1
-1.659 0.99800003 0.537 2
-1.642 0.90399998 0.53899997 5
-7.6339998 5.2069998 2.336 4
-5.428 3.4030001 1.704 1
-1.6619999 0.949 0.53299999 2
-1.646 0.85799998 0.537 4
-7.7529998 5.0229998 2.3329999 4
-7.5939999 4.5159998 2.355 1
-1.671 0.90399998 0.53100002 1
-1.6670001 0.82099998 0.54100001 4
0 0 0 0
-7.7280002 4.355 2.368 4
-6.8309999 3.4960001 2.155 8
-1.659 0.77200001 0.53600001 2
0 0 0 0
-7.8119998 4.1659999 2.3670001 1
-7.25 3.5039999 2.2690001 13
-1.666 0.73000002 0.53600001 2
-8.1000004 4.461 2.3329999 3
-7.1409998 3.595 2.142 0
-7.4559999 3.395 2.3180001 1
-1.677 0.69 0.537 2
-8.2510004 4.2909999 2.346 3
-7.4549999 3.5380001 2.2149999 8
-7.7729998 3.326 2.402 2
-1.688 0.65100002 0.53799999 2
-8.3500004 4.0910001 2.345 5
-7.9619999 3.553 2.3440001 8
-7.7789998 3.1210001 2.3900001 8
-1.682 0.60500002 0.53500003 2
-7.7480001 3.5699999 2.151 6
-8.132 3.402 2.375 6
-7.809 2.928 2.3859999 7
-1.682 0.56300002 0.53399998 2
-8.3540001 3.6099999 2.2950001 10
-8.1829996 3.2019999 2.372 6
-7.8429999 2.737 2.3870001 5
-1.693 0.52499998 0.53600001 1
-8.5209999 3.441 2.3180001 23
-8.2740002 3.017 2.382 6
-7.9029999 2.5580001 2.395 6
-1.694 0.484 0.53500003 2
-8.7390003 3.2880001 2.355 4
-8.3179998 2.813 2.3800001 4
-7.9390001 2.3710001 2.398 10
-1.699 0.44499999 0.537 2
-8.816 3.079 2.355 5
-8.3780003 2.6170001 2.3840001 4
-7.9489999 2.1789999 2.395 12
-1.7029999 0.40599999 0.53799999 2
-8.8839998 2.8640001 2.3559999 4
-8.4239998 2.4170001 2.385 4
-7.9580002 1.9859999 2.392 13
-1.711 0.368 0.54000002 1
-8.9580002 2.6530001 2.358 4
-8.4449997 2.21 2.381 4
-7.9749999 1.799 2.3929999 14
-1.705 0.32699999 0.53899997 1
-9.0139999 2.4360001 2.3570001 6
-8.4639997 2.0050001 2.3770001 6
-8.0139999 1.618 2.402 9
-1.7130001 0.289 0.542 2
-9.0830002 2.22 2.3629999 4
-8.5279999 1.811 2.388 3
-8.1389999 1.45 2.438 1
-1.7079999 0.25 0.54100001 2
-9.1370001 2.003 2.365 4
-8.5600004 1.61 2.391 5
-7.0380001 1.09 2.108 0
-1.7079999 0.211 0.542 2
-9.2080002 1.7869999 2.3729999 5
-6.217 1.018 1.733 0
-8.0679998 1.063 2.4170001 8
-1.712 0.17299999 0.54500002 2
-9.2480001 1.564 2.375 6
-8.6120005 1.205 2.3970001 6
-8.0749998 0.87599999 2.421 5
-1.7079999 0.13500001 0.54500002 3
-9.2779999 1.34 2.375 4
-8.6289997 1.003 2.3989999 5
-8.1120005 0.69499999 2.4360001 4
-1.711 0.097000003 0.54799998 6
-9.3100004 1.117 2.3770001 6
-8.6639996 0.801 2.4089999 5
-1.7180001 0.108 0.51599997 4
-1.711 0.059 0.55000001 5
-9.3389997 0.89099997 2.382 5
-1.723 0.118 0.479 2
-6.6789999 0.26800001 2.0139999 1
-1.705 0.022 0.55000001 6
-9.3959999 0.66900003 2.3940001 4
-8.698 0.396 2.4219999 6
-6.7350001 0.117 2.0369999 1
-1.7130001 -0.015 0.55500001 6
-9.3800001 0.44100001 2.388 4
-8.6820002 0.19 2.4219999 6
-7.0549998 -0.035 2.1400001 1
-1.704 -0.052000001 0.55400002 6
-7.6659999 0.176 1.952 1
-7.0949998 -0.0089999996 1.984 6
-8.0450001 -0.222 2.45 2
-1.7029999 -0.090000004 0.55699998 6
-9.4309998 -0.012 2.405 4
-8.7049999 -0.214 2.4400001 3
-7.9910002 -0.403 2.4449999 3
-1.711 -0.12800001 0.56300002 5
-9.4239998 -0.23899999 2.4070001 4
-8.7139997 -0.41999999 2.451 2
-7.9840002 -0.583 2.454 3
-1.709 -0.16500001 0.56599998 2
-9.4130001 -0.46599999 2.4100001 6
-8.6829996 -0.62199998 2.451 3
-7.9489999 -0.76099998 2.4560001 5
-1.707 -0.20299999 0.56900001 1
-9.3979998 -0.69499999 2.414 5
-8.651 -0.82300001 2.4530001 3
-7.8829999 -0.93599999 2.451 4
-7.2410002 -1.022 2.4300001 29
-9.3579998 -0.92000002 2.4119999 6
-8.5930004 -1.02 2.4489999 6
-7.8579998 -1.113 2.4579999 2
-7.2309999 -1.183 2.4449999 34
-9.3610001 -1.149 2.4230001 4
-8.5190001 -1.215 2.441 5
-1.76 -0.289 0.55400002 0
-7.1659999 -1.334 2.4419999 34
-9.3290005 -1.375 2.427 6
-8.5129995 -1.418 2.454 6
-1.7460001 -0.32800001 0.55299997 1
-7.131 -1.488 2.45 34
-9.2770004 -1.599 2.4289999 5
-8.4519997 -1.6109999 2.4530001 5
-1.743 -0.368 0.55699998 2
-7.0939999 -1.643 2.4579999 34
-8.5740004 -1.692 2.2590001 7
-8.0509996 -1.732 2.355 3
-1.75 -0.41100001 0.56400001 3
-7.046 -1.794 2.464 36
-9.1440001 -2.0369999 2.4260001 4
-7.6960001 -1.844 2.2679999 1
-1.742 -0.45100001 0.56599998 3
-6.5749998 -1.827 2.3210001 23
-9.132 -2.267 2.4419999 4
-8.2679996 -2.187 2.4579999 6
-1.747 -0.49399999 0.57300001 3
-6.3889999 -1.925 2.2780001 13
-4.3260002 -1.1849999 1.166 0
-8.2779999 -2.3989999 2.484 3
-1.748 -0.537 0.579 3
-6.8540001 -2.23 2.4690001 34
-7.7709999 -2.3340001 2.115 1
-7.7379999 -2.4389999 2.3440001 4
-1.735 -0.57599998 0.58099997 2
-6.7909999 -2.3729999 2.473 34
-7.546 -2.4679999 2.075 6
-7.2509999 -2.473 2.22 7
-6.9679999 -2.4920001 2.359 28
-6.691 -2.5020001 2.4630001 35
-7.0539999 -2.497 1.96 7
-6.8049998 -2.5009999 2.1059999 7
-6.5679998 -2.516 2.2490001 30
-6.3319998 -2.526 2.359 32
-6.6100001 -2.5220001 1.858 9
-6.4109998 -2.527 2.007 7
-6.1919999 -2.5339999 2.145 30
-6.0149999 -2.552 2.2679999 30
-6.2210002 -2.549 1.77 9
-1.762 -0.74199998 0.55800003 1
-5.8649998 -2.5550001 2.0569999 38
-5.7080002 -2.5680001 2.1789999 29
-5.8520002 -2.5639999 1.687 9
-1.763 -0.792 0.56599998 2
-5.5780001 -2.5799999 1.982 39
-5.4349999 -2.5880001 2.102 35
-5.5679998 -2.602 1.626 11
-1.7640001 -0.84200001 0.574 3
-5.302 -2.598 1.91 38
-5.184 -2.608 2.033 35
-5.2579999 -2.6140001 1.558 12
-1.7640001 -0.89300001 0.58200002 2
-5.046 -2.6140001 1.8430001 36
-4.934 -2.6170001 1.9630001 41
-4.9809999 -2.6289999 1.499 14
-1.752 -0.93900001 0.58700001 1
-4.8000002 -2.6259999 1.78 55
-4.7129998 -2.632 1.902 44
-4.7290001 -2.645 1.447 14
-4.6440001 -2.632 1.581 35
-4.5780001 -2.6389999 1.723 56
-1.899 -1.115 0.778 0
-4.494 -2.658 1.398 13
-4.4320002 -2.6500001 1.534 59
-4.3740001 -2.654 1.674 59
-1.8710001 -1.153 0.778 8
-1.796 -1.122 0.56900001 0
-4.2290001 -2.664 1.489 65
-4.1810002 -2.6670001 1.627 66
-1.8660001 -1.207 0.78899997 13
-1.788 -1.178 0.57700002 3
-4.0320001 -2.6730001 1.4450001 62
-3.9909999 -2.6730001 1.58 55
-1.848 -1.252 0.79500002 7
-1.783 -1.237 0.58700001 2
-3.8540001 -2.687 1.408 61
-3.8210001 -2.6849999 1.54 58
-1.794 -1.273 0.78500003 4
-1.8049999 -1.319 0.60600001 3
-1.791 -1.312 0.667 3
-1.784 -1.314 0.73199999 3
-1.7690001 -1.314 0.78799999 5
-3.5369999 -2.7179999 1.214 64
-1.0420001 -0.801 0.396 0
-1.015 -0.78399998 0.42500001 3
-1.01 -0.78399998 0.458 6
-3.3770001 -2.7279999 1.1849999 61
-1.051 -0.847 0.40799999 37
-0.97299999 -0.78600001 0.41499999 5
-0.97299999 -0.79000002 0.44999999 6
-3.224 -2.7349999 1.158 59
-1.006 -0.85100001 0.39899999 9
-0.94 -0.79500002 0.41 6
0 0 0 0
-1.051 -0.93599999 0.38699999 1
-1.0140001 -0.89899999 0.412 10
-0.89899999 -0.796 0.40099999 6
-0.96200001 -0.852 0.46399999 2
-1.052 -0.98400003 0.39700001 25
-1.043 -0.96899998 0.43399999 13
-0.88700002 -0.82099998 0.405 4
0 0 0 0
-1.021 -1.002 0.396 4
-1.046 -1.018 0.44600001 4
-0.87400001 -0.84600002 0.40799999 4
-0.82200003 -0.79400003 0.414 8
-1.024 -1.0549999 0.40900001 14
-0.99800003 -1.017 0.43700001 17
-0.85699999 -0.86699998 0.41 5
-0.78899997 -0.796 0.40700001 8
-1.057 -1.143 0.43399999 50
-1.0549999 -1.127 0.47499999 12
-0.84100002 -0.88999999 0.41299999 4
-0.75800002 -0.79799998 0.40000001 7
-1.062 -1.205 0.44999999 49
-1.058 -1.184 0.49000001 37
-0.87 -0.963 0.43799999 5
-0.741 -0.815 0.40099999 6
-1.064 -1.2690001 0.46599999 48
-1.024 -1.201 0.48800001 40
-0.93199998 -1.079 0.48300001 5
-0.74199998 -0.852 0.412 7
-1.069 -1.3380001 0.48300001 48
-0.98000002 -1.205 0.48199999 51
-0.91799998 -1.112 0.48899999 24
-0.71799999 -0.861 0.40900001 9
-1.059 -1.393 0.49599999 26
-0.93900001 -1.21 0.477 52
-0.89700001 -1.138 0.49200001 5
-0.69300002 -0.86900002 0.40700001 9
-1.018 -1.409 0.495 17
-0.89499998 -1.211 0.47 55
-0.86500001 -1.15 0.49000001 22
-0.66799998 -0.875 0.403 9
-0.97799999 -1.424 0.49399999 15
-0.86199999 -1.225 0.46900001 52
-0.84100002 -1.171 0.49200001 5
-0.66600001 -0.91299999 0.41499999 5
-0.94099998 -1.443 0.49399999 15
-0.82800001 -1.237 0.46700001 59
-0.815 -1.189 0.493 27
-0.72500002 -1.041 0.46599999 6
-0.903 -1.461 0.495 17
-0.80000001 -1.256 0.46900001 60
-0.78899997 -1.209 0.495 10
-0.727 -1.0930001 0.48300001 4
-0.86400002 -1.475 0.495 17
-0.78299999 -1.295 0.47799999 48
-0.75400001 -1.214 0.491 48
-0.71100003 -1.1210001 0.48899999 25
-0.82499999 -1.489 0.495 15
-0.76899999 -1.342 0.49000001 24
-0.71600002 -1.212 0.484 13
-0.68900001 -1.1390001 0.491 4
-0.78799999 -1.508 0.49700001 15
-0.745 -1.3710001 0.49599999 20
-0.67799997 -1.209 0.47799999 13
-0.662 -1.151 0.49000001 24
-0.75 -1.521 0.49700001 15
-0.71200001 -1.386 0.49700001 19
-0.64899999 -1.22 0.477 13
-0.639 -1.169 0.49200001 4
0 0 0 0
-0.676 -1.396 0.49599999 21
-0.61400002 -1.2180001 0.472 12
-0.61400002 -1.182 0.49200001 24
-0.43700001 -1.005 0.324 6
0 0 0 0
-0.58200002 -1.222 0.46900001 11
-0.59200001 -1.202 0.495 4
-0.41 -1.01 0.324 4
-0.43599999 -1.018 0.35600001 4
-0.46599999 -1.0369999 0.39500001 4
-0.565 -1.212 0.495 35
-0.40099999 -1.058 0.338 2
-0.40900001 -1.018 0.354 3
-0.43399999 -1.029 0.38800001 4
-0.45500001 -1.035 0.419 4
-0.426 -1.21 0.38499999 7
-0.40900001 -1.092 0.377 2
-0.40799999 -1.03 0.38600001 3
-0.428 -1.035 0.41499999 4
-0.472 -1.452 0.46000001 3
-0.495 -1.419 0.48800001 3
-0.41 -1.105 0.41100001 4
-0.40400001 -1.038 0.41299999 5
-0.40900001 -1.367 0.43200001 12
-0.40700001 -1.26 0.43099999 15
-0.40200001 -1.163 0.43000001 3
-0.398 -1.0930001 0.43099999 2
-0.42199999 -1.5420001 0.486 1
-0.41600001 -1.395 0.47499999 1
-0.41 -1.277 0.46900001 1
-0.40099999 -1.182 0.463 2
-0.43200001 -1.7410001 0.54699999 11
-0.42399999 -1.552 0.52700001 9
-0.41800001 -1.408 0.51499999 11
-0.40799999 -1.2920001 0.50300002 2
-0.63800001 -2.858 0.89899999 29
-0.433 -1.742 0.58899999 9
-0.428 -1.573 0.57200003 8
-0.41299999 -1.414 0.54699999 8
-0.56800002 -2.8629999 0.89999998 30
-0.64200002 -2.8599999 0.96600002 50
-0.70899999 -2.8540001 1.034 65
-0.41800001 -1.557 0.59899998 3
-0.324 -1.863 0.58600003 1
-0.574 -2.8659999 0.96600002 50
-0.64399999 -2.8640001 1.034 67
-0.70300001 -2.8640001 1.096 61
-0.27900001 -1.865 0.58700001 0
-0.50800002 -2.878 0.96799999 60
-0.57800001 -2.8670001 1.031 59
-0.63800001 -2.868 1.092 36
-0.235 -1.87 0.58899999 0
-0.44 -2.878 0.96799999 77
-0.51200002 -2.8699999 1.029 63
-0.31200001 -1.561 0.59100002 2
-0.294 -2.8859999 0.91100001 67
-0.373 -2.881 0.96799999 71
-0.44800001 -2.878 1.029 66
-0.509 -2.8699999 1.0829999 32
-0.22499999 -2.8870001 0.91399997 69
-0.30700001 -2.888 0.97100002 70
-0.38299999 -2.8840001 1.03 65
-0.44499999 -2.8759999 1.081 70
-0.15800001 -2.8940001 0.91900003 70
-0.241 -2.8929999 0.97299999 68
-0.31799999 -2.885 1.028 64
-0.382 -2.882 1.08 72
-0.089000002 -2.8970001 0.92400002 67
-0.17299999 -2.8900001 0.97299999 68
-0.25299999 -2.891 1.03 64
-0.31799999 -2.888 1.079 77
-0.021 -2.9000001 0.92900002 65
-0.107 -2.9000001 0.97899997 72
-0.18799999 -2.8959999 1.031 63
-0.25400001 -2.8840001 1.075 71
0.046 -2.9089999 0.93599999 66
-0.041000001 -2.911 0.98500001 72
-0.123 -2.8989999 1.0319999 64
-0.192 -2.895 1.077 69
0.115 -2.9170001 0.94400001 65
0.024 -2.9100001 0.98699999 68
-0.059 -2.904 1.034 69
-0.12800001 -2.8929999 1.074 72
0.182 -2.914 0.94800001 64
0.090999998 -2.915 0.99199998 62
0.0049999999 -2.908 1.036 68
-0.064999998 -2.895 1.074 72
0.25099999 -2.9200001 0.95599997 67
0.15800001 -2.915 0.995 60
0.07 -2.9070001 1.0369999 68
-0.0020000001 -2.9059999 1.077 78
0.31999999 -2.918 0.96200001 64
0.22499999 -2.9200001 1.002 64
0.13600001 -2.911 1.04 68
0.061999999 -2.9059999 1.076 76
0.38999999 -2.924 0.97100002 66
0.29300001 -2.925 1.008 68
0.20100001 -2.914 1.044 64
0.126 -2.9089999 1.0779999 72
0.46000001 -2.927 0.98000002 70
0.361 -2.9260001 1.0140001 68
0.26699999 -2.918 1.048 68
0.19 -2.914 1.08 77
0.53100002 -2.937 0.99199998 72
0.42899999 -2.927 1.02 69
0.33399999 -2.927 1.0549999 71
0.255 -2.9170001 1.0829999 76
0.602 -2.937 1.001 67
0.498 -2.9330001 1.029 69
0.40000001 -2.9260001 1.058 69
0.32100001 -2.924 1.086 76
0.67400002 -2.9400001 1.012 52
0.56800002 -2.938 1.0369999 70
0.46900001 -2.934 1.0650001 73
0.38600001 -2.925 1.089 72
0.74599999 -2.9400001 1.023 61
0.639 -2.9430001 1.0470001 64
0.53600001 -2.9330001 1.0700001 72
0.45199999 -2.928 1.092 74
0.81999999 -2.9430001 1.035 49
0.70999998 -2.9430001 1.0549999 58
0.60600001 -2.9400001 1.0779999 64
0.51999998 -2.9289999 1.096 73
0.89499998 -2.9460001 1.048 27
0.78200001 -2.9449999 1.0650001 72
0.67400002 -2.937 1.0829999 45
0.58899999 -2.938 1.103 76
0.50800002 -1.545 0.55599999 0
0.85500002 -2.951 1.077 41
0.74699998 -2.95 1.095 66
0.65700001 -2.9400001 1.108 69
0 0 0 0
0.484 -1.54 0.56699997 1
0.81800002 -2.9489999 1.102 54
0.727 -2.944 1.114 72
1.131 -2.97 1.097 4
0 0 0 0
0.89099997 -2.9549999 1.1109999 13
0.79699999 -2.947 1.1210001 72
1.206 -2.9619999 1.109 36
0 0 0 0
0.50400001 -1.545 0.58499998 0
0.86699998 -2.9449999 1.126 33
0 0 0 0
1.161 -2.9679999 1.1289999 71
0 0 0 0
0.49000001 -1.535 0.58999997 1
0 0 0 0
1.239 -2.967 1.142 27
1.1210001 -2.974 1.147 7
0 0 0 0
0 0 0 0
0 0 0 0
1.198 -2.973 1.1569999 60
0 0 0 0
0 0 0 0
0 0 0 0
0 0 0 0
1.173 -2.97 1.166 70
0 0 0 0
0 0 0 0
0 0 0 0
1.247 -2.9649999 1.1720001 36
0 0 0 0
0 0 0 0
0 0 0 0
0 0 0 0
0 0 0 0
0 0 0 0
0 0 0 0
0 0 0 0
0 0 0 0
0 0 0 0
0 0 0 0
0 0 0 0
0 0 0 0
0 0 0 0
0 0 0 0
0 0 0 0
0 0 0 0
0 0 0 0
0 0 0 0
0 0 0 0
2.247 -3.036 1.376 18
0 0 0 0
0 0 0 0
0 0 0 0
2.3610001 -3.043 1.409 16
2.174 -3.0339999 1.358 2
0 0 0 0
0 0 0 0
2.4849999 -3.0599999 1.448 11
2.2809999 -3.0350001 1.385 16
2.1300001 -3.0599999 1.351 6
0 0 0 0
2.6010001 -3.059 1.4809999 12
2.3870001 -3.033 1.41 17
2.221 -3.043 1.3660001 22
0 0 0 0
2.7290001 -3.0650001 1.52 12
2.523 -3.0599999 1.4529999 16
2.3380001 -3.053 1.395 16
0 0 0 0
2.8440001 -3.0550001 1.553 2
2.6400001 -3.0580001 1.483 18
2.454 -3.059 1.424 11
2.299 -3.0469999 1.3710001 16
1.404 -1.442 0.75199997 2
2.7690001 -3.066 1.52 12
2.5799999 -3.0699999 1.456 17
2.4100001 -3.0480001 1.3940001 18
1.502 -1.475 0.78899997 0
1.373 -1.4529999 0.73699999 0
2.7049999 -3.0769999 1.487 17
2.5320001 -3.0580001 1.4220001 18
3.316 -3.115 1.7130001 10
1.423 -1.4400001 0.74800003 2
2.835 -3.0810001 1.52 16
2.658 -3.0650001 1.451 17
3.471 -3.1170001 1.763 13
1.485 -1.437 0.76499999 0
1.414 -1.469 0.741 0
2.7850001 -3.0680001 1.479 13
3.635 -3.1210001 1.818 13
3.3629999 -3.1099999 1.7 14
1.466 -1.454 0.75 2
2.9230001 -3.075 1.513 13
3.8169999 -3.131 1.881 14
3.533 -3.122 1.7539999 13
3.2980001 -3.1270001 1.652 11
3.072 -3.0869999 1.551 13
3.9460001 -3.0940001 1.918 17
3.707 -3.1300001 1.808 14
3.4519999 -3.128 1.694 14
3.2349999 -3.105 1.594 14
3.957 -2.9619999 1.898 17
3.8989999 -3.145 1.8710001 17
3.6329999 -3.145 1.748 14
3.3940001 -3.112 1.6339999 14
3.9579999 -2.8280001 1.875 16
3.9460001 -3.04 1.864 17
3.8150001 -3.155 1.8 14
3.5710001 -3.1270001 1.682 14
3.9679999 -2.7060001 1.857 16
3.9489999 -2.904 1.8380001 17
3.9419999 -3.1110001 1.827 17
3.757 -3.141 1.733 15
3.9779999 -2.586 1.841 16
3.9549999 -2.7739999 1.814 16
3.9560001 -2.9790001 1.802 17
3.9300001 -3.1340001 1.776 18
3.9909999 -2.47 1.829 15
3.974 -2.6559999 1.799 16
3.9579999 -2.8410001 1.773 16
3.9460001 -3.0009999 1.749 18
4.0009999 -2.3570001 1.816 15
3.977 -2.5309999 1.778 15
3.964 -2.7119999 1.748 16
3.948 -2.8610001 1.7180001 17
3.994 -2.2360001 1.796 15
3.9809999 -2.4100001 1.758 15
3.961 -2.579 1.72 19
3.97 -2.74 1.697 16
4.0009999 -2.125 1.784 15
3.993 -2.2969999 1.743 20
3.9760001 -2.461 1.702 20
3.9760001 -2.6110001 1.671 16
4.0180001 -2.0220001 1.777 22
4.0040002 -2.1860001 1.73 20
3.9949999 -2.349 1.688 19
3.984 -2.487 1.648 16
4.0170002 -1.913 1.763 22
4.0009999 -2.0680001 1.711 22
4.0019999 -2.2320001 1.669 21
3.9949999 -2.3659999 1.627 21
4.0250001 -1.8099999 1.755 23
4.0089998 -1.961 1.698 23
4.0040002 -2.115 1.65 22
4.006 -2.2490001 1.608 20
4.0300002 -1.707 1.7460001 24
4.013 -1.853 1.6849999 23
4.0120001 -2.0039999 1.6339999 23
4.0219998 -2.1370001 1.591 22
4.0380001 -1.607 1.739 31
4.0120001 -1.744 1.671 25
4.026 -1.897 1.6210001 26
4.0170002 -2.0150001 1.568 25
0 0 0 0
4.0240002 -1.643 1.663 32
4.0250001 -1.786 1.604 28
4.0100002 -1.897 1.546 28
0.926 -0.322 0.39500001 2
4.0349998 -1.544 1.655 36
4.0279999 -1.677 1.59 31
4.0190001 -1.788 1.531 30
1.118 -0.36199999 0.47400001 2
0 0 0 0
4.0409999 -1.575 1.581 33
4.0219998 -1.677 1.515 31
0 0 0 0
1.062 -0.352 0.43000001 2
0 0 0 0
4.0209999 -1.568 1.499 36
0.121 -0.033 0.050999999 0
1.15 -0.354 0.463 0
1.036 -0.34999999 0.39899999 1
0 0 0 0
0 0 0 0
0.149 -0.041999999 0.059999999 0
1.1289999 -0.35299999 0.43099999 2
0.95499998 -0.322 0.34900001 1
0 0 0 0
0 0 0 0
0 0 0 0
1.145 -0.35600001 0.414 1
0 0 0 0
0 0 0 0
0.155 -0.039999999 0.057999998 0
0.147 -0.041999999 0.052000001 0
0 0 0 0
0 0 0 0
0 0 0 0
0.14300001 -0.037 0.050999999 0
4.0939999 -0.667 1.7079999 1
0 0 0 0
0 0 0 0
0 0 0 0
4.0900002 -0.57599998 1.705 18
0 0 0 0
0 0 0 0
0.13500001 -0.028000001 0.046999998 0
0 0 0 0
4.0609999 -0.58099997 1.596 28
0 0 0 0
0 0 0 0
0.79000002 -0.075999998 0.329 9
0 0 0 0
4.0809999 -0.58499998 1.505 9
0 0 0 0
0.79799998 -0.059999999 0.33199999 0
0.80500001 -0.079000004 0.315 5
0 0 0 0
4.0869999 -0.565 1.4170001 9
0 0 0 0
0 0 0 0
0.796 -0.077 0.292 8
0 0 0 0
0.79400003 -0.025 0.331 11
0 0 0 0
0 0 0 0
0.801 -0.071999997 0.27599999 4
0.80000001 -0.0080000004 0.33500001 15
0.79699999 -0.024 0.31200001 9
0 0 0 0
0 0 0 0
0.801 0.0080000004 0.336 15
0.80299997 -0.0060000001 0.315 9
0 0 0 0
0.79299998 -0.034000002 0.27200001 13
0.80599999 0.025 0.33899999 16
0.80299997 0.011 0.315 9
0.80800003 -0.003 0.29499999 10
0.80500001 -0.015 0.27599999 16
0 0 0 0
0.80599999 0.028999999 0.317 5
0.81099999 0.014 0.296 10
0.80699998 0.003 0.27599999 15
0 0 0 0
0 0 0 0
0.80500001 0.033 0.294 11
0.81099999 0.023 0.27700001 16
0 0 0 0
0.47 0.037 0.185 2
0.55299997 0.035 0.20299999 2
0.81099999 0.041999999 0.27700001 16
0 0 0 0
0 0 0 0
0.514 0.045000002 0.189 2
0.80800003 0.061000001 0.27700001 14
0 0 0 0
0 0 0 0
0 0 0 0
0.76099998 0.075999998 0.26100001 5
0 0 0 0
0 0 0 0
0 0 0 0
0 0 0 0
0 0 0 0
0 0 0 0
0 0 0 0
0 0 0 0
0 0 0 0
0 0 0 0
0 0 0 0
0 0 0 0
0 0 0 0
0 0 0 0
0 0 0 0
0 0 0 0
0.338 0.085000001 0.149 1
0 0 0 0
0.45300001 0.104 0.17 2
0 0 0 0
0 0 0 0
0 0 0 0
0 0 0 0
0 0 0 0
0.35699999 0.106 0.16 2
0 0 0 0
0 0 0 0
0.48199999 0.131 0.17 2
0 0 0 0
0.368 0.115 0.153 1
0 0 0 0
0 0 0 0
0.34799999 0.119 0.15800001 2
0 0 0 0
0 0 0 0
0.463 0.15000001 0.16599999 2
0 0 0 0
0.37200001 0.13500001 0.15800001 1
0 0 0 0
0 0 0 0
0.31 0.122 0.14300001 1
0 0 0 0
0 0 0 0
0 0 0 0
0 0 0 0
0.366 0.15099999 0.15800001 2
0 0 0 0
0 0 0 0
0 0 0 0
0 0 0 0
0.38600001 0.169 0.155 1
0 0 0 0
0 0 0 0
0 0 0 0
0 0 0 0
0 0 0 0
0 0 0 0
0 0 0 0
0 0 0 0
0 0 0 0
0 0 0 0
0 0 0 0
0 0 0 0
0 0 0 0
0.29100001 0.16 0.14399999 3
0 0 0 0
0.34900001 0.193 0.147 1
0 0 0 0
0 0 0 0
0.324 0.18799999 0.15000001 2
0 0 0 0
0 0 0 0
0.27700001 0.168 0.14 3
0 0 0 0
0.35299999 0.21699999 0.153 2
0.375 0.23199999 0.15099999 1
0 0 0 0
0.31 0.199 0.148 2
0 0 0 0
0 0 0 0
0.26899999 0.17900001 0.14 3
0 0 0 0
0.34099999 0.23199999 0.153 2
0.36000001 0.248 0.15000001 1
0 0 0 0
0.296 0.20900001 0.146 2
0 0 0 0
0 0 0 0
0.25799999 0.18799999 0.139 3
0 0 0 0
0.32300001 0.243 0.15000001 2
0.34799999 0.26499999 0.15099999 1
0 0 0 0
0.28299999 0.22 0.14399999 2
0 0 0 0
0 0 0 0
0.24699999 0.198 0.138 3
0 0 0 0
0.308 0.255 0.149 2
0.32600001 0.27399999 0.147 1
0 0 0 0
0.27200001 0.23199999 0.14399999 2
0 0 0 0
0 0 0 0
0.23899999 0.208 0.138 3
0 0 0 0
0.294 0.26699999 0.148 2
0.31600001 0.29300001 0.149 1
0 0 0 0
0.255 0.237 0.14 2
0 0 0 0
0 0 0 0
0.229 0.21699999 0.13699999 3
0 0 0 0
0.27500001 0.27399999 0.145 2
0.29800001 0.30399999 0.148 2
0 0 0 0
0.24699999 0.25099999 0.142 2
0 0 0 0
0 0 0 0
0.21699999 0.22400001 0.13600001 3
0 0 0 0
0.26199999 0.287 0.146 2
0.28200001 0.317 0.148 2
0 0 0 0
0.23 0.257 0.14 2
0 0 0 0
0 0 0 0
0.206 0.23199999 0.13500001 3
0 0 0 0
0.24600001 0.296 0.14399999 2
0.266 0.33000001 0.148 2
0 0 0 0
0.219 0.26699999 0.14 2
0 0 0 0
0 0 0 0
0.164 0.20200001 0.113 1
0 0 0 0
0.23100001 0.30599999 0.14399999 2
0.245 0.336 0.146 1
0 0 0 0
0.197 0.264 0.133 1
0 0 0 0
0 0 0 0
0.161 0.21699999 0.118 1
0 0 0 0
0.204 0.29899999 0.13699999 1
0.222 0.33700001 0.142 1
0 0 0 0
0.18099999 0.266 0.131 1
0 0 0 0
0 0 0 0
0.168 0.248 0.13 1
0 0 0 0
0.193 0.31200001 0.139 1
0.208 0.352 0.145 1
0 0 0 0
0.189 0.30700001 0.146 1
0 0 0 0
0 0 0 0
0 0 0 0
0 0 0 0
0.197 0.35600001 0.154 1
0 0 0 0
0 0 0 0
0.51800001 0.93300003 0.43399999 3
0 0 0 0
0 0 0 0
0.48699999 0.87199998 0.433 2
0.495 0.94 0.433 2
0 0 0 0
0 0 0 0
0.46900001 0.88499999 0.43399999 3
0 0 0 0
0 0 0 0
0 0 0 0
0 0 0 0
0.45100001 0.96200001 0.433 0
0 0 0 0
0 0 0 0
0.43000001 0.90499997 0.43399999 0
0 0 0 0
0 0 0 0
0 0 0 0
0 0 0 0
0 0 0 0
0.40000001 1.0420001 0.428 2
0.396 1.119 0.43000001 2
0 0 0 0
0 0 0 0
0.37400001 1.048 0.428 3
0.368 1.124 0.43000001 2
0 0 0 0
0.35699999 0.98199999 0.42699999 3
0.34999999 1.059 0.42899999 2
0.33899999 1.127 0.42899999 2
0.35100001 0.94199997 0.43399999 2
0.336 0.99400002 0.42899999 2
0.329 1.081 0.43599999 1
0 0 0 0
0.329 0.94499999 0.43200001 2
0.40799999 1.302 0.55800003 2
0 0 0 0
0.28799999 1.158 0.43799999 0
0 0 0 0
0 0 0 0
0.28099999 1.104 0.44100001 0
1.189 5.3130002 2.003 89
0 0 0 0
0.27500001 1.04 0.44 0
1.275 5.5419998 2.2060001 3
1.059 5.3280001 2.0050001 90
0 0 0 0
1.267 5.2620001 2.2179999 3
1.1440001 5.5630002 2.207 30
0.92699999 5.336 2.0050001 93
1.266 5.0040002 2.22 3
1.147 5.289 2.2190001 27
0.98699999 5.4390001 2.1530001 1
0.87199998 5.8499999 2.197 24
1.159 5.0450001 2.224 30
1.024 5.2989998 2.214 29
0.87800002 5.579 2.204 29
0.72799999 5.8579998 2.201 23
1.044 5.0669999 2.2219999 30
0.90100002 5.3099999 2.211 27
0.74299997 5.5809999 2.2030001 30
0.58499998 5.8449998 2.198 23
0.93000001 5.0760002 2.214 21
0.77899998 5.3239999 2.211 28
0.611 5.5770001 2.1989999 28
0.44100001 5.8299999 2.1960001 24
0.81900001 5.0970001 2.2130001 28
0.65899998 5.3330002 2.2079999 30
0.47999999 5.5650001 2.194 29
0.303 5.8200002 2.1949999 25
0.70599997 5.1069999 2.2079999 21
0.53600001 5.335 2.2049999 30
0.34999999 5.5710001 2.1960001 29
0.162 5.8060002 2.1960001 25
0.59500003 5.1300001 2.2090001 29
0.41499999 5.3449998 2.2060001 31
0.219 5.5599999 2.194 32
0.023 5.77 2.1889999 25
0.48100001 5.1459999 2.2090001 32
0.29300001 5.3460002 2.204 30
0.088 5.5409999 2.191 34
-0.113 5.7550001 2.1919999 24
0.36700001 5.1589999 2.2079999 31
0.171 5.3340001 2.198 32
-0.041000001 5.5320001 2.1919999 33
-0.25099999 5.7319999 2.1930001 23
0.252 5.164 2.2049999 31
0.048999999 5.3249998 2.1949999 33
-0.169 5.5159998 2.191 32
-0.38600001 5.698 2.1919999 24
0.13699999 5.1690001 2.2030001 33
-0.071000002 5.3189998 2.194 32
-0.296 5.4959998 2.1900001 30
-0.51999998 5.6669998 2.1919999 24
0.022 5.1750002 2.2030001 35
-0.192 5.3119998 2.1930001 33
-0.42399999 5.4860001 2.1949999 32
-0.653 5.638 2.1949999 24
-0.093000002 5.171 2.1989999 33
-0.31299999 5.3099999 2.1960001 32
-0.55000001 5.4499998 2.1900001 31
-0.78200001 5.5879998 2.1900001 24
-0.208 5.1750002 2.2 32
-0.43399999 5.2969999 2.1960001 33
-0.676 5.428 2.1919999 32
-0.91500002 5.5630002 2.197 25
-0.32300001 5.171 2.198 37
-0.55299997 5.277 2.1930001 34
-0.801 5.4089999 2.1960001 33
-1.04 5.5019999 2.191 24
-0.43900001 5.164 2.197 36
-0.67400002 5.2719998 2.198 33
-0.92500001 5.3779998 2.1960001 33
-1.166 5.4580002 2.1919999 32
-0.55599999 5.1630001 2.1989999 33
-0.79299998 5.2509999 2.198 32
-1.049 5.3449998 2.198 33
-1.2920001 5.4169998 2.1960001 30
-0.67299998 5.158 2.1989999 37
-0.91299999 5.2350001 2.201 33
-1.17 5.303 2.197 34
-1.4170001 5.3670001 2.198 24
-0.78899997 5.145 2.1989999 35
-1.031 5.1999998 2.197 35
-1.29 5.2639999 2.1989999 33
0 0 0 0
-0.90799999 5.1440001 2.204 35
-1.15 5.1750002 2.1989999 34
-1.408 5.2160001 2.1960001 33
-0.30899999 0.98100001 0.41 6
-1.024 5.1230001 2.2030001 38
-1.266 5.1409998 2.197 35
0 0 0 0
-0.31799999 0.93099999 0.39399999 5
-1.14 5.1009998 2.201 39
-1.383 5.1100001 2.1989999 38
-0.315 0.98400003 0.42199999 7
-0.329 0.89499998 0.384 3
-1.257 5.085 2.204 37
0 0 0 0
-0.32300001 0.93300003 0.40400001 5
0 0 0 0
-1.372 5.0580001 2.2019999 35
-0.31200001 0.97500002 0.426 6
-0.32800001 0.88 0.38600001 4
-0.301 0.713 0.31400001 5
0 0 0 0
-0.32100001 0.92900002 0.40900001 4
0 0 0 0
-0.303 0.67199999 0.30000001 8
-0.315 0.98199999 0.43200001 6
-0.31900001 0.85900003 0.382 3
-0.30700001 0.72000003 0.32300001 4
-0.95700002 1.995 0.90600002 14
-0.32100001 0.92799997 0.41100001 4
-0.80500001 2.0220001 0.90700001 0
-0.30399999 0.67000002 0.30399999 7
-1.021 2.007 0.92500001 87
-0.31799999 0.85699999 0.38299999 3
0 0 0 0
-0.95599997 1.982 0.91299999 18
-1.0930001 2.0280001 0.95099998 84
-0.80400002 2.0220001 0.91000003 1
-0.30199999 0.66799998 0.30599999 6
-1.022 1.997 0.93400002 73
-1.1619999 2.0409999 0.97399998 12
0 0 0 0
-0.94999999 1.978 0.917 17
-1.096 2.026 0.96100003 83
-2.964 4.9330001 2.3970001 39
-0.29899999 0.662 0.303 11
-1.0190001 2.0009999 0.93900001 74
-1.16 2.03 0.97799999 16
-3.0650001 4.8400002 2.3970001 37
-0.94999999 1.9809999 0.91600001 16
-1.091 2.0280001 0.96399999 85
-2.9560001 4.9060001 2.402 40
-3.1600001 4.7410002 2.3929999 40
-1.018 2.003 0.93599999 70
-1.152 2.0280001 0.977 16
-3.0639999 4.8270001 2.405 40
-3.2639999 4.658 2.3989999 39
-1.0880001 2.0250001 0.95700002 85
-2.9360001 4.9029999 2.3970001 41
-3.1570001 4.7290001 2.398 38
-3.359 4.5630002 2.401 42
-1.156 2.04 0.97500002 14
-3.0450001 4.8270001 2.3959999 42
-3.2650001 4.652 2.404 42
-3.4519999 4.4679999 2.4030001 37
-2.964 4.9569998 2.4000001 37
-3.154 4.7519999 2.3970001 39
-3.3670001 4.5700002 2.4070001 46
-3.5380001 4.3649998 2.401 37
-3.0739999 4.8829999 2.395 38
-3.2639999 4.6799998 2.4000001 40
-3.4630001 4.48 2.408 39
-3.6199999 4.2600002 2.3989999 33
-3.1889999 4.8150001 2.3959999 39
-3.3640001 4.5960002 2.398 44
-3.5450001 4.3720002 2.4000001 37
-3.701 4.1560001 2.3989999 36
-3.302 4.744 2.395 39
-3.4690001 4.5170002 2.4000001 45
-3.6389999 4.283 2.4030001 38
-3.7780001 4.0489998 2.398 38
-3.4119999 4.6690001 2.395 38
-3.573 4.4359999 2.4030001 38
-3.721 4.1799998 2.4000001 38
-3.8510001 3.941 2.3959999 40
-3.523 4.5929999 2.3959999 38
-3.664 4.3410001 2.3989999 36
-3.8050001 4.0799999 2.3989999 37
-3.9319999 3.8429999 2.401 42
-3.635 4.5180001 2.3989999 38
-3.75 4.2410002 2.3929999 37
-3.8959999 3.9890001 2.404 36
-4.0159998 3.747 2.4089999 43
-3.7320001 4.4260001 2.3929999 26
-3.8510001 4.1560001 2.398 36
-3.9790001 3.891 2.4059999 46
-3.7119999 3.3069999 2.1900001 54
-3.8380001 4.3429999 2.3940001 36
-3.9360001 4.0560002 2.395 47
-4.059 3.79 2.408 41
-3.905 3.322 2.2679999 60
-3.9389999 4.2529998 2.3940001 38
-4.0250001 3.961 2.395 37
-3.971 3.5409999 2.3139999 33
-4.098 3.3269999 2.345 62
-4.039 4.1620002 2.3929999 37
-4.1139998 3.8640001 2.3970001 38
-3.8729999 3.2969999 2.2179999 56
-4.257 3.296 2.402 51
-4.138 4.0710001 2.3940001 37
-4.2030001 3.77 2.4000001 40
-4.0809999 3.3139999 2.299 64
-4.3189998 3.1889999 2.405 43
-4.2329998 3.973 2.3929999 26
-3.882 3.323 2.175 45
-4.2849998 3.3199999 2.3770001 60
-4.3730001 3.0769999 2.4059999 44
-4.329 3.878 2.395 26
-4.0710001 3.3239999 2.24 63
-4.4180002 3.2639999 2.4159999 42
-4.428 2.9660001 2.408 42
-4.421 3.7780001 2.395 27
-4.2870002 3.3380001 2.3180001 69
-4.4829998 3.155 2.4170001 41
-4.4860001 2.8599999 2.414 41
-4.1069999 3.345 2.181 41
-4.4819999 3.326 2.3840001 53
-4.5479999 3.0469999 2.421 38
-4.5370002 2.7490001 2.4170001 41
-1.498 1.163 0.78100002 24
-1.5039999 1.063 0.78799999 11
-1.52 0.96899998 0.79900002 2
-4.5640001 2.625 2.4100001 41
-1.5 1.109 0.76700002 44
-1.5140001 1.018 0.78200001 46
-1.5190001 0.92000002 0.78899997 26
-1.522 0.82999998 0.796 2
-1.508 1.061 0.759 45
-1.512 0.96700001 0.76899999 47
-1.525 0.87599999 0.78399998 51
-1.525 0.787 0.792 13
-1.512 1.012 0.74800003 34
-1.5190001 0.92199999 0.76300001 41
-1.523 0.829 0.77499998 46
-1.525 0.74400002 0.78600001 40
-1.53 0.972 0.745 23
-1.524 0.87699997 0.75599998 39
-1.526 0.78600001 0.76999998 48
-1.5319999 0.70499998 0.78399998 49
-1.5599999 0.94099998 0.74900001 22
-1.534 0.83600003 0.75199997 26
-1.5319999 0.745 0.76599997 49
-1.535 0.66500002 0.78100002 56
-1.581 0.903 0.74900001 22
-1.554 0.801 0.75400001 21
-1.5369999 0.70499998 0.76300001 40
-1.5369999 0.625 0.778 46
-1.603 0.866 0.74900001 21
-1.571 0.764 0.75400001 21
-1.536 0.66299999 0.75700003 31
-1.543 0.58700001 0.77700001 54
-1.626 0.82999998 0.75099999 24
-1.585 0.72600001 0.75400001 24
-1.55 0.62699997 0.75800002 30
-1.545 0.54900002 0.77499998 56
-1.6390001 0.78799999 0.74800003 21
-1.601 0.68900001 0.755 24
-1.563 0.59100002 0.75999999 30
-1.541 0.509 0.76999998 55
-1.6569999 0.74900001 0.74800003 11
-1.619 0.65200001 0.75700003 27
-1.575 0.55500001 0.76099998 29
-1.543 0.47099999 0.76800001 60
-1.668 0.70700002 0.745 5
-1.63 0.61299998 0.75700003 25
-1.582 0.51700002 0.76099998 30
-1.55 0.43599999 0.76999998 58
-1.687 0.66799998 0.74699998 3
-1.642 0.57499999 0.75700003 25
-1.591 0.47999999 0.76200002 28
-1.549 0.398 0.76800001 53
-1.722 0.634 0.755 6
-1.655 0.53600001 0.75800002 25
-1.602 0.44400001 0.76499999 30
-1.553 0.36300001 0.76800001 46
-1.734 0.59299999 0.755 12
-1.659 0.495 0.75599998 24
-1.6109999 0.40700001 0.76599997 31
-1.556 0.32699999 0.76899999 50
-1.742 0.54900002 0.75199997 22
-1.669 0.456 0.75599998 16
-1.618 0.37 0.76700002 30
-1.561 0.292 0.77100003 59
-1.757 0.50800002 0.75400001 27
-1.675 0.41600001 0.755 11
-1.6210001 0.33199999 0.76700002 30
-1.563 0.25600001 0.77200001 55
-1.7690001 0.46700001 0.755 27
-1.675 0.375 0.75300002 10
-1.624 0.29499999 0.76700002 32
-1.564 0.221 0.77200001 57
-1.774 0.42300001 0.75300002 22
-1.686 0.336 0.755 9
-1.627 0.257 0.76800001 32
-1.564 0.186 0.773 61
-1.781 0.38 0.75199997 17
-1.686 0.296 0.75300002 9
-1.632 0.22 0.76999998 33
-1.567 0.15099999 0.77499998 62
-1.7920001 0.338 0.75300002 12
-1.698 0.257 0.75700003 8
-1.636 0.183 0.77200001 32
-1.568 0.116 0.77700001 63
-1.801 0.294 0.75400001 11
-1.697 0.21699999 0.755 8
-1.636 0.146 0.77200001 34
-1.5700001 0.082000002 0.77899998 65
-1.808 0.25099999 0.755 9
-1.697 0.177 0.75400001 9
-1.631 0.108 0.76999998 26
-1.574 0.046999998 0.78299999 63
-1.813 0.208 0.75599998 6
-1.689 0.13600001 0.75099999 8
-1.635 0.071000002 0.773 30
-1.58 0.013 0.78899997 59
-1.816 0.16500001 0.75599998 5
-1.696 0.097000003 0.75400001 9
-1.635 0.034000002 0.77399999 30
-1.576 -0.021 0.78899997 53
-1.686 0.112 0.70099998 30
-1.706 0.057999998 0.759 9
-1.632 -0.0020000001 0.77499998 29
-1.581 -0.056000002 0.79500002 48
-1.823 0.077 0.75800002 5
-1.7079999 0.017999999 0.76099998 9
-1.6289999 -0.037999999 0.77499998 30
-1.585 -0.090999998 0.80000001 51
-1.826 0.033 0.75999999 6
-1.71 -0.021 0.76300001 10
-1.628 -0.075000003 0.778 29
-1.585 -0.125 0.80400002 47
-1.823 -0.0099999998 0.759 8
-1.706 -0.061000001 0.76300001 10
-1.619 -0.111 0.77600002 30
-1.59 -0.161 0.81099999 30
-1.824 -0.052999999 0.76099998 8
-1.702 -0.1 0.764 13
-1.6160001 -0.148 0.778 30
-1.594 -0.197 0.81699997 22
-1.823 -0.097000003 0.76200002 12
-1.7029999 -0.14 0.76700002 14
-1.6109999 -0.184 0.77999997 33
-1.5880001 -0.23100001 0.81900001 10
-1.823 -0.141 0.764 12
-1.705 -0.18000001 0.77100003 20
-1.607 -0.22 0.78200001 35
-1.587 -0.266 0.824 2
-1.821 -0.185 0.76599997 13
-1.7 -0.22 0.77200001 22
-1.6059999 -0.257 0.78600001 40
-4.7389998 -0.90200001 2.477 53
-1.823 -0.23 0.76999998 18
-1.701 -0.26100001 0.77700001 26
-1.602 -0.294 0.78899997 45
-4.7059999 -1.002 2.4779999 51
-1.818 -0.27399999 0.77200001 18
-1.6950001 -0.30000001 0.778 25
-1.6 -0.331 0.79299998 49
-4.6810002 -1.104 2.483 56
-1.811 -0.31799999 0.773 18
-1.686 -0.33899999 0.77899998 26
-1.603 -0.36899999 0.801 49
-4.6479998 -1.2029999 2.4860001 54
-1.803 -0.36199999 0.77499998 13
-1.677 -0.37799999 0.78100002 26
-1.6059999 -0.40799999 0.80800003 53
-4.6059999 -1.298 2.4849999 54
-1.795 -0.40599999 0.77700001 12
-1.661 -0.41600001 0.77899998 27
-1.604 -0.44600001 0.81400001 45
-4.5780001 -1.399 2.4920001 53
-1.776 -0.447 0.77399999 8
-1.651 -0.45500001 0.78100002 28
-1.603 -0.484 0.82099998 25
-4.5440001 -1.4960001 2.497 58
-1.758 -0.48800001 0.773 6
-1.6390001 -0.49200001 0.78200001 28
-1.603 -0.52399999 0.829 10
-4.4980001 -1.589 2.4960001 57
-1.739 -0.528 0.77100003 12
-1.626 -0.52999997 0.78299999 30
-1.615 -0.56800002 0.84299999 1
-4.46 -1.6849999 2.5009999 56
-1.737 -0.57300001 0.778 15
-1.619 -0.56999999 0.787 36
-4.7600002 -1.796 2.5109999 51
-4.421 -1.779 2.506 49
-1.714 -0.61199999 0.77499998 21
-1.619 -0.61299998 0.796 49
-4.717 -1.902 2.516 57
-4.355 -1.863 2.4960001 42
-1.7029999 -0.65499997 0.77899998 26
-1.6160001 -0.65499997 0.80299997 52
-4.5939999 -1.972 2.4790001 31
-4.3340001 -1.965 2.5139999 57
-1.6849999 -0.69599998 0.77999997 25
-1.618 -0.69999999 0.81400001 40
-2.0079999 -0.91600001 1.097 7
-4.119 -1.975 2.4189999 29
-1.666 -0.73500001 0.78100002 26
-1.642 -0.75700003 0.83600003 57
-2.0150001 -0.97399998 1.114 3
-3.9590001 -2.0039999 2.355 46
-1.647 -0.77499998 0.78200001 26
-1.883 -0.921 0.972 150
-1.939 -0.991 1.086 2
-3.8069999 -2.0309999 2.2950001 36
-1.6339999 -0.81800002 0.787 33
-4.777 -2.477 2.5 22
-1.921 -1.036 1.091 4
-3.8329999 -2.152 2.3429999 24
-1.632 -0.86699998 0.79799998 35
-1.96 -1.075 1.04 72
-4.3769999 -2.49 2.5239999 19
-4.0489998 -2.388 2.51 19
-1.6339999 -0.92000002 0.81099999 38
-4.539 -2.628 2.447 33
-4.3179998 -2.585 2.527 29
-3.99 -2.4690001 2.51 19
-1.631 -0.97000003 0.82300001 17
-4.3239999 -2.6400001 2.369 32
-4.2249999 -2.6589999 2.5120001 29
-3.9360001 -2.5539999 2.5150001 19
-1.636 -1.027 0.83999997 3
-4.1370001 -2.6600001 2.3050001 30
-4.027 -2.6619999 2.434 27
-3.8800001 -2.6370001 2.5190001 20
-4.0300002 -2.671 2.108 39
-3.9300001 -2.658 2.2290001 31
-3.849 -2.6689999 2.3659999 26
-3.7720001 -2.6830001 2.49 24
-3.8399999 -2.681 2.0469999 41
-3.75 -2.665 2.165 36
-3.6900001 -2.6819999 2.309 27
-3.6199999 -2.6930001 2.431 26
-3.6619999 -2.6900001 1.9910001 46
-3.6010001 -2.688 2.1199999 47
-3.5380001 -2.694 2.2550001 36
-3.467 -2.6960001 2.3710001 30
-1.012 -0.78200001 0.56199998 6
-3.4489999 -2.701 2.0710001 49
-3.3900001 -2.7030001 2.2030001 43
-3.325 -2.701 2.316 39
-0.96100003 -0.78100002 0.54500002 8
-0.94599998 -0.77700001 0.57999998 12
-3.2490001 -2.71 2.1530001 52
-3.2030001 -2.7179999 2.2739999 46
-0.91500002 -0.77999997 0.53100002 8
-0.912 -0.78500003 0.57099998 6
-3.115 -2.7179999 2.108 55
-3.086 -2.733 2.2349999 50
-0.87800002 -0.78600001 0.52200001 7
-0.87300003 -0.78799999 0.56 6
0 0 0 0
-2.96 -2.7360001 2.1889999 56
-0.83600003 -0.78600001 0.50999999 9
-0.838 -0.792 0.55000001 6
0 0 0 0
-2.8510001 -2.75 2.1530001 58
-0.79699999 -0.787 0.49900001 7
-0.801 -0.79299998 0.53899997 6
-0.79100001 -0.78899997 0.57200003 7
-2.743 -2.7620001 2.119 60
-0.76099998 -0.78799999 0.48899999 9
-0.76599997 -0.79500002 0.52899998 6
-0.75800002 -0.79100001 0.56199998 7
-2.6400001 -2.773 2.0869999 57
-0.727 -0.79000002 0.48100001 8
-0.73000002 -0.79299998 0.51700002 6
-0.727 -0.79299998 0.55299997 7
0 0 0 0
-0.69300002 -0.79000002 0.472 8
-0.69300002 -0.79000002 0.50599998 6
-0.69099998 -0.78799999 0.54000002 7
-0.69499999 -0.79500002 0.57700002 6
-0.66600001 -0.79799998 0.46900001 7
-0.66600001 -0.79500002 0.50099999 6
-0.667 -0.79500002 0.53600001 7
-0.66399997 -0.79299998 0.565 8
-0.63499999 -0.79900002 0.46200001 8
-0.63300002 -0.792 0.49000001 6
-0.639 -0.79699999 0.528 7
-0.639 -0.79699999 0.55900002 8
-0.60699999 -0.80299997 0.45699999 8
-0.61000001 -0.801 0.48800001 6
-0.61000001 -0.79699999 0.51899999 7
-0.611 -0.79699999 0.55000001 8
-0.57700002 -0.80299997 0.44999999 7
-0.58099997 -0.80000001 0.47999999 6
-0.58700001 -0.80199999 0.51499999 7
-0.588 -0.801 0.54500002 8
-0.55199999 -0.80900002 0.447 7
-0.55500001 -0.80299997 0.47499999 7
-0.56099999 -0.80400002 0.509 7
-0.56199998 -0.80000001 0.53600001 8
-0.51999998 -0.80400002 0.43799999 7
-0.52999997 -0.80599999 0.47099999 6
-0.53299999 -0.80199999 0.50099999 7
-0.537 -0.80199999 0.52999997 7
-0.495 -0.80599999 0.435 7
-0.50300002 -0.80500001 0.465 7
-0.509 -0.80299997 0.495 7
-0.514 -0.80299997 0.52399999 7
-0.47 -0.80800003 0.43099999 7
-0.477 -0.80299997 0.458 6
-0.486 -0.80500001 0.49000001 7
-0.491 -0.80500001 0.51899999 7
-0.43900001 -0.80000001 0.42199999 3
-0.45500001 -0.81 0.456 3
-0.465 -0.81099999 0.48800001 4
-0.46900001 -0.80699998 0.51300001 7
-0.42500001 -0.81900001 0.428 4
-0.42699999 -0.80199999 0.44800001 3
-0.43700001 -0.80299997 0.47799999 3
-0.447 -0.80699998 0.50800002 3
-0.39899999 -0.81599998 0.42300001 3
-0.40799999 -0.81099999 0.44800001 3
-0.42300001 -0.81900001 0.48199999 3
-0.42300001 -0.80299997 0.5 3
-0.38699999 -0.84200001 0.433 3
-0.396 -0.83499998 0.45699999 3
-0.40400001 -0.82800001 0.48300001 3
-0.40900001 -0.81999999 0.505 3
-0.38100001 -0.88499999 0.45199999 1
-0.38499999 -0.86199999 0.46799999 1
-0.389 -0.84299999 0.48699999 2
-0.39399999 -0.833 0.50800002 3
-0.38600001 -0.95899999 0.486 2
-0.38800001 -0.92500001 0.49900001 1
-0.38 -0.875 0.50099999 1
-0.38600001 -0.86299998 0.52200001 2
-0.39199999 -1.048 0.528 2
-0.39199999 -0.99800003 0.53399998 2
-0.389 -0.95200002 0.54100001 2
-0.38499999 -0.91299999 0.54699999 1
-0.39899999 -1.148 0.57599998 0
-0.39700001 -1.086 0.57700002 1
-0.39500001 -1.031 0.58200002 1
-0.38699999 -0.97299999 0.57800001 0
-0.91100001 -2.839 1.418 37
-0.963 -2.8299999 1.4960001 8
-1.015 -2.8340001 1.587 5
-1.057 -2.8369999 1.671 1
-0.838 -2.8399999 1.413 40
-0.89300001 -2.8369999 1.493 45
-0.94300002 -2.829 1.574 42
-0.99599999 -2.8559999 1.669 4
-0.76700002 -2.8499999 1.414 40
-0.82099998 -2.835 1.484 41
-0.875 -2.832 1.566 44
0 0 0 0
-0.69499999 -2.8540001 1.4119999 43
-0.75300002 -2.8410001 1.4809999 36
-0.80900002 -2.8380001 1.561 42
-0.852 -2.825 1.6289999 16
-0.62400001 -2.855 1.41 45
-0.68599999 -2.8499999 1.4809999 32
-0.74199998 -2.8410001 1.5549999 41
-0.78799999 -2.8329999 1.622 30
-0.55400002 -2.8640001 1.413 41
-0.61799997 -2.8559999 1.479 30
-0.676 -2.845 1.55 40
-0.72600001 -2.8429999 1.619 34
-0.48500001 -2.8659999 1.4119999 45
-0.55000001 -2.8599999 1.478 29
-0.61199999 -2.8540001 1.549 42
-0.66299999 -2.848 1.613 41
-0.41499999 -2.8670001 1.413 47
-0.48300001 -2.865 1.478 29
-0.54699999 -2.858 1.545 43
-0.60000002 -2.852 1.607 44
-0.34599999 -2.872 1.416 42
-0.417 -2.868 1.477 29
-0.48300001 -2.865 1.544 41
-0.537 -2.8529999 1.601 41
-0.278 -2.8770001 1.42 43
-0.35100001 -2.8729999 1.479 28
-0.419 -2.8710001 1.543 49
-0.47400001 -2.8570001 1.597 45
-0.20900001 -2.878 1.423 47
-0.28400001 -2.872 1.478 54
-0.35499999 -2.875 1.5420001 47
-0.412 -2.858 1.591 48
-0.142 -2.8900001 1.432 55
-0.21799999 -2.8759999 1.48 55
-0.28999999 -2.8770001 1.541 50
-0.35100001 -2.8699999 1.5930001 52
-0.072999999 -2.8900001 1.436 53
-0.152 -2.878 1.482 54
-0.227 -2.882 1.5420001 50
-0.28799999 -2.869 1.587 55
-0.0049999999 -2.8889999 1.4400001 59
-0.086000003 -2.8870001 1.489 56
-0.163 -2.8859999 1.543 50
-0.226 -2.8729999 1.586 53
0.061999999 -2.8959999 1.45 58
-0.02 -2.8900001 1.493 58
-0.098999999 -2.8870001 1.5420001 55
-0.16500001 -2.8789999 1.586 55
0.131 -2.8970001 1.457 63
0.045000002 -2.891 1.4960001 59
-0.035 -2.895 1.5470001 55
-0.103 -2.882 1.586 57
0.199 -2.898 1.465 58
0.111 -2.8970001 1.5039999 59
0.028000001 -2.8940001 1.548 54
-0.041000001 -2.8840001 1.585 56
0.13 -1.415 0.71899998 0
0.085000001 -1.4 0.72899997 64
0.092 -2.898 1.551 60
0.021 -2.8900001 1.587 62
0.163 -1.408 0.72000003 5
0.118 -1.406 0.73500001 46
0.075000003 -1.392 0.74599999 4
0.082999997 -2.895 1.589 69
0.198 -1.413 0.727 26
0.15000001 -1.408 0.73900002 23
0.106 -1.398 0.75099999 6
0.146 -2.8900001 1.587 33
0.23100001 -1.414 0.73299998 43
0.18099999 -1.3940001 0.73500001 9
0.138 -1.405 0.75599998 6
0.102 -1.4170001 0.77899998 8
0.26499999 -1.4119999 0.73799998 31
0.213 -1.3890001 0.73699999 7
0.171 -1.414 0.764 6
0.133 -1.414 0.77700001 8
0.29800001 -1.404 0.74000001 8
0.244 -1.385 0.73900002 3
0.20299999 -1.415 0.76700002 7
0.162 -1.404 0.773 7
0.331 -1.398 0.74299997 6
0.28200001 -1.413 0.759 5
0.235 -1.419 0.77200001 7
0.19400001 -1.408 0.77700001 7
0.36899999 -1.411 0.75700003 3
0.31799999 -1.421 0.76800001 6
0.26800001 -1.418 0.77499998 7
0.226 -1.416 0.78299999 7
0.40700001 -1.4220001 0.77100003 5
0.352 -1.4220001 0.77499998 6
0.301 -1.42 0.77999997 7
0.25799999 -1.416 0.78500003 7
0.44499999 -1.428 0.78299999 5
0.38699999 -1.4220001 0.78100002 6
0.33399999 -1.4220001 0.78500003 6
0.28999999 -1.414 0.787 6
0.48199999 -1.431 0.79299998 5
0.42399999 -1.4299999 0.792 5
0.368 -1.4220001 0.79000002 5
0.322 -1.416 0.79000002 6
0.51999998 -1.432 0.80299997 5
0.46000001 -1.432 0.80000001 5
0.40200001 -1.423 0.796 5
0.35699999 -1.423 0.79799998 6
0.55800003 -1.433 0.81300002 4
0.49200001 -1.419 0.801 5
0.43900001 -1.4299999 0.80500001 5
0.389 -1.419 0.79900002 5
0.59600002 -1.432 0.82300001 4
0.528 -1.421 0.80900002 4
0.47299999 -1.428 0.81 5
0.42399999 -1.425 0.80699998 5
0.63700002 -1.4349999 0.83600003 3
0.56400001 -1.4170001 0.81599998 4
0.51099998 -1.4349999 0.82099998 4
0.45699999 -1.421 0.80900002 5
0.67900002 -1.4400001 0.85100001 3
0.60100001 -1.416 0.82499999 4
0.546 -1.433 0.82599998 4
0.49200001 -1.423 0.815 5
0.713 -1.425 0.85500002 2
0.64300001 -1.425 0.83999997 3
0.58399999 -1.437 0.83600003 4
0.52700001 -1.421 0.81999999 4
0.755 -1.427 0.86900002 2
0.68400002 -1.4299999 0.85299999 3
0.62099999 -1.4349999 0.84299999 3
0.56300002 -1.421 0.82599998 3
0.79400003 -1.4220001 0.88 2
0.72899997 -1.438 0.87 3
0.662 -1.4400001 0.85500002 3
0.60299999 -1.4299999 0.838 4
0.838 -1.423 0.89499998 2
0.76599997 -1.431 0.87699997 3
0.70200002 -1.441 0.86500001 3
0.639 -1.426 0.84200001 3
0.884 -1.425 0.912 2
0.80900002 -1.433 0.89099997 2
0.73900002 -1.436 0.87099999 3
0.68300003 -1.438 0.85699999 3
0.93199998 -1.429 0.93099999 2
0.85100001 -1.4299999 0.90200001 2
0.78100002 -1.438 0.88300002 2
0.71700001 -1.428 0.85900003 2
0.98299998 -1.434 0.95200002 2
0.89399999 -1.4299999 0.91600001 2
0.82300001 -1.437 0.89399999 2
0.75599998 -1.426 0.86699998 2
1.028 -1.4299999 0.96799999 2
0.94099998 -1.431 0.93199998 2
0.86500001 -1.437 0.90600002 2
0.79500002 -1.423 0.87400001 2
1.082 -1.4349999 0.991 2
0.98900002 -1.433 0.949 2
0.91000003 -1.437 0.91900003 2
0.83999997 -1.428 0.88700002 2
1.1289999 -1.429 1.008 1
1.038 -1.4349999 0.96700001 2
0.958 -1.441 0.935 2
0.88599998 -1.432 0.90100002 2
1.177 -1.423 1.025 1
1.08 -1.423 0.977 1
1.001 -1.4349999 0.94499999 2
0.92799997 -1.428 0.91000003 2
1.232 -1.4220001 1.048 0
1.136 -1.4299999 1.001 2
1.0549999 -1.443 0.96600002 2
0.977 -1.433 0.926 2
1.293 -1.427 1.076 0
1.1900001 -1.4299999 1.021 2
1.105 -1.443 0.98199999 2
1.022 -1.429 0.93699998 2
0 0 0 0
1.244 -1.4299999 1.0420001 1
1.156 -1.4400001 0.99800003 2
1.0700001 -1.428 0.94999999 2
0 0 0 0
1.294 -1.4220001 1.059 0
1.207 -1.437 1.0140001 2
1.125 -1.433 0.96899998 2
0 0 0 0
1.367 -1.4349999 1.094 0
1.267 -1.442 1.038 0
1.1799999 -1.437 0.98699999 2
3.1229999 -2.8789999 2.405 32
1.425 -1.431 1.1160001 0
1.321 -1.438 1.0549999 0
1.235 -1.436 1.0039999 0
3.177 -2.8 2.405 39
1.493 -1.433 1.145 0
1.385 -1.441 1.08 0
1.298 -1.443 1.028 0
3.2219999 -2.714 2.4000001 39
3.187 -2.927 2.3989999 41
1.447 -1.4400001 1.104 0
1.353 -1.437 1.044 0
3.266 -2.6289999 2.3959999 41
3.247 -2.849 2.3989999 43
3.217 -3.0610001 2.401 13
1.411 -1.433 1.062 0
3.319 -2.552 2.3989999 39
3.3010001 -2.77 2.3970001 43
3.289 -2.99 2.404 37
1.488 -1.444 1.094 0
3.359 -2.4660001 2.395 42
3.349 -2.6849999 2.391 44
3.3540001 -2.915 2.4030001 40
3.3369999 -3.096 2.398 17
3.3970001 -2.3800001 2.391 43
3.4059999 -2.608 2.3929999 42
3.4159999 -2.8369999 2.401 30
3.414 -3.0280001 2.401 37
3.4430001 -2.3010001 2.3940001 37
3.4519999 -2.523 2.3889999 40
3.473 -2.756 2.3970001 41
3.4890001 -2.9560001 2.4030001 40
3.484 -2.2190001 2.3940001 42
3.5009999 -2.441 2.388 44
3.5320001 -2.6760001 2.3970001 42
3.5510001 -2.8729999 2.3970001 41
3.517 -2.132 2.391 45
3.552 -2.3610001 2.3900001 44
3.5929999 -2.5969999 2.398 37
3.6210001 -2.796 2.398 39
3.556 -2.049 2.3929999 45
3.5969999 -2.277 2.3889999 44
3.6440001 -2.51 2.3940001 39
3.6860001 -2.7149999 2.3970001 41
3.5869999 -1.964 2.391 42
3.638 -2.191 2.3859999 45
3.7 -2.428 2.3940001 37
3.7490001 -2.631 2.395 39
3.6110001 -1.875 2.385 43
3.678 -2.105 2.385 47
3.7539999 -2.345 2.3940001 38
3.8099999 -2.5469999 2.3929999 33
3.638 -1.789 2.382 45
3.717 -2.0190001 2.3829999 44
3.799 -2.256 2.3900001 39
3.878 -2.467 2.398 37
3.6670001 -1.705 2.3829999 46
3.747 -1.929 2.378 40
3.8469999 -2.168 2.388 38
3.937 -2.3800001 2.3970001 37
3.6960001 -1.6210001 2.3840001 47
3.79 -1.846 2.382 45
3.8970001 -2.082 2.3900001 38
3.9809999 -2.2839999 2.3889999 32
3.72 -1.535 2.3829999 48
3.8210001 -1.757 2.3789999 46
3.928 -1.985 2.381 37
3.9979999 -2.174 2.3659999 17
3.7379999 -1.449 2.3800001 48
3.855 -1.67 2.3800001 51
3.9809999 -1.901 2.3870001 42
4.006 -2.0599999 2.339 16
3.7550001 -1.362 2.3770001 48
3.8840001 -1.581 2.3789999 53
4.0089998 -1.804 2.378 38
4.0079999 -1.946 2.3110001 16
3.777 -1.278 2.3789999 52
3.9059999 -1.49 2.3740001 55
4.0250001 -1.7029999 2.3640001 25
4.0190001 -1.8380001 2.29 20
3.7950001 -1.194 2.378 48
3.937 -1.403 2.3759999 54
0 0 0 0
4.0289998 -1.732 2.27 22
0 0 0 0
3.964 -1.3150001 2.3770001 56
4.0479999 -1.501 2.335 3
4.0430002 -1.6289999 2.253 22
0 0 0 0
3.9860001 -1.225 2.3759999 34
4.0469999 -1.397 2.316 24
0 0 0 0
0 0 0 0
0 0 0 0
4.0609999 -1.299 2.3069999 26
4.053 -1.42 2.2160001 3
0 0 0 0
0 0 0 0
0 0 0 0
4.0380001 -1.3099999 2.1889999 28
0 0 0 0
0 0 0 0
0 0 0 0
4.0650001 -1.215 2.1849999 2
0 0 0 0
0 0 0 0
0 0 0 0
0 0 0 0
0 0 0 0
0 0 0 0
0 0 0 0
0 0 0 0
0 0 0 0
0 0 0 0
0 0 0 0
0 0 0 0
0.70099998 -0.078000002 0.43000001 1
4.072 -0.58700001 2.362 49
0 0 0 0
0 0 0 0
0.73900002 -0.066 0.45300001 5
0.80199999 -0.097000003 0.46399999 0
4.0999999 -0.62300003 2.2449999 13
0 0 0 0
0.736 -0.050000001 0.45100001 1
0.79400003 -0.078000002 0.45899999 2
0 0 0 0
4.0949998 -0.62400001 2.1240001 2
0 0 0 0
0.79400003 -0.061000001 0.458 3
0.79500002 -0.083999999 0.433 1
0 0 0 0
0 0 0 0
0 0 0 0
0.81099999 -0.067000002 0.44 1
0.81 -0.085000001 0.417 1
0 0 0 0
0 0 0 0
0 0 0 0
0.79900002 -0.064999998 0.41 9
0.73400003 0.012 0.45100001 5
0 0 0 0
0 0 0 0
0 0 0 0
0.72899997 0.028000001 0.449 5
0.77999997 0.0080000004 0.44999999 3
0 0 0 0
0 0 0 0
0.72500002 0.043000001 0.44800001 5
0.77999997 0.026000001 0.45100001 3
0.84299999 0.0070000002 0.456 1
0 0 0 0
0.72399998 0.057999998 0.449 6
0.77700001 0.043000001 0.44999999 3
0.83999997 0.026000001 0.45500001 1
0.81199998 0.0099999998 0.41499999 6
0.71899998 0.072999999 0.447 5
0.773 0.059999999 0.449 3
0.829 0.044 0.44999999 1
0.81599998 0.028999999 0.417 7
0 0 0 0
0.773 0.077 0.44999999 4
0.82999998 0.064000003 0.45100001 2
0.81599998 0.048 0.417 6
0 0 0 0
0 0 0 0
0 0 0 0
0 0 0 0
0 0 0 0
0 0 0 0
0 0 0 0
0.336 0.035999998 0.17200001 1
0 0 0 0
0 0 0 0
0 0 0 0
0 0 0 0
0 0 0 0
0 0 0 0
0 0 0 0
0 0 0 0
0.252 0.057999998 0.161 1
0 0 0 0
0 0 0 0
0 0 0 0
0 0 0 0
0.26899999 0.063000001 0.161 1
0 0 0 0
0 0 0 0
0 0 0 0
0 0 0 0
0 0 0 0
0 0 0 0
0 0 0 0
0.26499999 0.075000003 0.161 1
0.292 0.077 0.164 1
0.30399999 0.077 0.16 1
0 0 0 0
0 0 0 0
0 0 0 0
0 0 0 0
0 0 0 0
0 0 0 0
0.278 0.086999997 0.15800001 1
0.29899999 0.090999998 0.16 1
0 0 0 0
0 0 0 0
0 0 0 0
0 0 0 0
0 0 0 0
0 0 0 0
0 0 0 0
0.27700001 0.098999999 0.15000001 1
0 0 0 0
0 0 0 0
0 0 0 0
0 0 0 0
0 0 0 0
0.236 0.102 0.15000001 1
0.252 0.106 0.149 0
0 0 0 0
0.207 0.097000003 0.14399999 1
0 0 0 0
0 0 0 0
0 0 0 0
0 0 0 0
0.228 0.111 0.149 1
0.249 0.118 0.15000001 1
0.26100001 0.122 0.147 1
0.20100001 0.105 0.142 1
0 0 0 0
0 0 0 0
0 0 0 0
0 0 0 0
0.22 0.119 0.147 1
0.242 0.12899999 0.15000001 1
0 0 0 0
0.204 0.118 0.148 1
0 0 0 0
0 0 0 0
0 0 0 0
0 0 0 0
0.214 0.12800001 0.146 1
0.234 0.139 0.149 1
0.248 0.147 0.148 2
0.19400001 0.123 0.14399999 1
0 0 0 0
0 0 0 0
0 0 0 0
0 0 0 0
0.204 0.13500001 0.14300001 1
0.226 0.149 0.148 1
0.234 0.154 0.14399999 2
0.18000001 0.125 0.138 1
0 0 0 0
0 0 0 0
0 0 0 0
0 0 0 0
0.198 0.14399999 0.14399999 1
0.21600001 0.15700001 0.146 1
0.22400001 0.163 0.14300001 2
0.16599999 0.126 0.131 0
0 0 0 0
0 0 0 0
0 0 0 0
0 0 0 0
0.183 0.146 0.138 1
0.205 0.164 0.14399999 1
0.21699999 0.17399999 0.14399999 2
0.17 0.141 0.139 1
0 0 0 0
0 0 0 0
0 0 0 0
0 0 0 0
0.175 0.152 0.13600001 1
0.185 0.163 0.13500001 0
0.20299999 0.18000001 0.141 2
0.169 0.153 0.14300001 0
0 0 0 0
0 0 0 0
0 0 0 0
0 0 0 0
0.169 0.161 0.13699999 0
0.177 0.17 0.13500001 1
0.18099999 0.177 0.131 0
0.493 0.48300001 0.43399999 5
0 0 0 0
0 0 0 0
0 0 0 0
0.47799999 0.49000001 0.43000001 5
0.51099998 0.53299999 0.435 4
0.182 0.192 0.146 0
0.17200001 0.185 0.131 1
0.47400001 0.50599998 0.435 5
0.495 0.53899997 0.43099999 3
0 0 0 0
0 0 0 0
0.45899999 0.51099998 0.43099999 5
0.486 0.55299997 0.435 1
0 0 0 0
0 0 0 0
0.45100001 0.523 0.433 5
0.479 0.56999999 0.43900001 1
0 0 0 0
0 0 0 0
0.43799999 0.53100002 0.43099999 5
0.463 0.57700002 0.43700001 1
0 0 0 0
0.50099999 0.65399998 0.43200001 4
0.428 0.542 0.43200001 5
0.44999999 0.58700001 0.43700001 0
0 0 0 0
0.486 0.667 0.433 4
0.41299999 0.54699999 0.42899999 4
0.43200001 0.58999997 0.43200001 0
0 0 0 0
0.46799999 0.676 0.433 4
0.40400001 0.55900002 0.43200001 1
0 0 0 0
0 0 0 0
0.45100001 0.68699998 0.433 6
0.39500001 0.57200003 0.435 1
0 0 0 0
0.42300001 0.65799999 0.43599999 2
0.43000001 0.69099998 0.43000001 4
0.38299999 0.58099997 0.435 1
0 0 0 0
0.40000001 0.65399998 0.428 4
0.414 0.70099998 0.43099999 4
0.37 0.58600003 0.433 1
0.38 0.62900001 0.435 0
0.38499999 0.66399997 0.42899999 4
0.396 0.70899999 0.43099999 4
0.354 0.588 0.428 0
0 0 0 0
0.36899999 0.67199999 0.42899999 4
0 0 0 0
0.20299999 0.354 0.255 2
0.20900001 0.38299999 0.25799999 1
0.215 0.414 0.26100001 2
0 0 0 0
0.2 0.368 0.26100001 2
0 0 0 0
0.331 0.676 0.42199999 0
0.34299999 0.73500001 0.433 1
0 0 0 0
0.31900001 0.653 0.43000001 0
0.322 0.69700003 0.43099999 1
0.31799999 0.727 0.42500001 0
0.30899999 0.63099998 0.43700001 0
0.303 0.65700001 0.42899999 0
0.303 0.699 0.428 0
0 0 0 0
0.28600001 0.616 0.42199999 0
0.289 0.66500002 0.42899999 0
0 0 0 0
0 0 0 0
0.25600001 0.58399999 0.396 0
0 0 0 0
0 0 0 0
0 0 0 0
0 0 0 0
0 0 0 0
0 0 0 0
0.259 0.79000002 0.449 1
0.249 0.64200002 0.42699999 4
0 0 0 0
1.225 3.7390001 2.2249999 6
1.1849999 3.9349999 2.2290001 5
0.245 0.67400002 0.44400001 1
1.1900001 3.582 2.2379999 4
1.138 3.767 2.2290001 53
1.085 3.944 2.224 46
1.161 3.4189999 2.2349999 6
1.108 3.6010001 2.2349999 53
1.046 3.7780001 2.224 54
0.986 3.951 2.22 46
1.091 3.451 2.237 56
1.026 3.6159999 2.2290001 52
0.958 3.793 2.2219999 53
0.88999999 3.9649999 2.221 45
1.017 3.474 2.2349999 55
0.94300002 3.6289999 2.2249999 52
0.86799997 3.8069999 2.2219999 53
0.79299998 3.9790001 2.224 46
0.94099998 3.4909999 2.2290001 55
0.86299998 3.6570001 2.23 52
0.778 3.819 2.221 53
0.69400001 3.9790001 2.22 46
0.86699998 3.5150001 2.23 56
0.77999997 3.668 2.2260001 53
0.68699998 3.826 2.2190001 52
0.59799999 3.987 2.2219999 50
0.79100001 3.5420001 2.234 56
0.69400001 3.674 2.221 52
0.597 3.842 2.224 53
0.498 3.9809999 2.2190001 53
0.71499997 3.559 2.2320001 55
0.61199999 3.691 2.223 53
0.50599998 3.8399999 2.2190001 52
0.40099999 3.974 2.2149999 54
0.63700002 3.576 2.2309999 56
0.52899998 3.701 2.2219999 52
0.41600001 3.8410001 2.2179999 52
0.30599999 3.974 2.217 56
0.56 3.585 2.2249999 54
0.447 3.707 2.2190001 52
0.32800001 3.848 2.22 53
0.211 3.97 2.2179999 55
0.48300001 3.5999999 2.2249999 53
0.36300001 3.721 2.223 52
0.23800001 3.8510001 2.2219999 51
0.115 3.9519999 2.2130001 55
0.40599999 3.6170001 2.227 54
0.28 3.7249999 2.2219999 52
0.148 3.8399999 2.217 53
0.02 3.944 2.214 58
0.32699999 3.6259999 2.2260001 54
0.19599999 3.727 2.22 54
0.057 3.8299999 2.214 52
-0.074000001 3.927 2.2130001 56
0.24699999 3.6300001 2.2219999 51
0.111 3.7290001 2.221 55
-0.029999999 3.825 2.2149999 52
-0.167 3.9059999 2.21 56
0.168 3.6489999 2.2279999 54
0.027000001 3.727 2.22 54
-0.119 3.8110001 2.2130001 52
-0.259 3.888 2.21 57
0.088 3.6489999 2.224 54
-0.054000001 3.7219999 2.217 55
-0.205 3.802 2.2119999 52
-0.34900001 3.8710001 2.211 52
0.0089999996 3.648 2.22 55
-0.138 3.7190001 2.217 52
-0.29300001 3.7869999 2.2119999 52
-0.44 3.848 2.21 57
-0.068999998 3.655 2.2219999 55
-0.221 3.7119999 2.2160001 53
-0.38 3.7750001 2.2130001 51
-0.52999997 3.825 2.211 57
-0.149 3.654 2.22 55
-0.30399999 3.6960001 2.2119999 53
-0.46599999 3.76 2.2149999 52
-0.61900002 3.7980001 2.211 57
-0.23100001 3.6470001 2.2160001 55
-0.389 3.694 2.2160001 51
-0.55199999 3.7260001 2.2079999 51
-0.70700002 3.7650001 2.21 57
-0.31200001 3.6470001 2.217 56
-0.472 3.681 2.2149999 52
-0.63700002 3.7079999 2.2090001 51
-0.79699999 3.747 2.217 59
-0.39199999 3.642 2.2160001 55
-0.55299997 3.6619999 2.211 51
-0.722 3.6889999 2.2119999 50
-0.87800002 3.704 2.21 51
-0.472 3.6389999 2.217 57
-0.63499999 3.6530001 2.214 54
-0.80299997 3.6589999 2.2079999 52
-0.96200001 3.6670001 2.2079999 51
-0.55299997 3.6289999 2.2149999 56
-0.71700001 3.6329999 2.2119999 55
-0.88700002 3.6340001 2.2090001 51
0 0 0 0
-0.63300002 3.615 2.2119999 57
-0.79799998 3.6129999 2.2119999 51
0 0 0 0
-0.185 0.58999997 0.36300001 1
-0.713 3.6040001 2.2119999 56
-0.884 3.6140001 2.2249999 11
-0.17399999 0.59200001 0.366 1
-0.198 0.58399999 0.36300001 0
-0.79699999 3.6040001 2.22 19
0 0 0 0
-0.186 0.583 0.36399999 1
-0.223 0.60900003 0.38299999 0
0 0 0 0
-0.169 0.57800001 0.361 1
-0.2 0.579 0.36500001 1
-0.80400002 2.043 1.303 1
-0.156 0.58200002 0.36199999 0
-0.184 0.579 0.36399999 1
-0.21600001 0.58399999 0.37200001 0
-0.847 2.01 1.299 8
-0.17299999 0.59299999 0.37 1
-0.2 0.58399999 0.37 0
-0.234 0.58999997 0.37900001 0
0 0 0 0
-0.182 0.57700002 0.36199999 1
-0.215 0.58499998 0.373 0
-0.85100001 2.007 1.307 5
-0.33700001 0.70499998 0.46900001 2
-0.20100001 0.58899999 0.37200001 1
-0.23100001 0.58600003 0.37799999 0
0 0 0 0
0 0 0 0
-0.215 0.588 0.37400001 0
-0.84600002 2.01 1.309 4
-0.33199999 0.69300002 0.463 2
-1.717 3.198 2.1930001 5
-0.23 0.588 0.377 0
0 0 0 0
0 0 0 0
-1.8049999 3.181 2.2179999 75
-0.83999997 2.007 1.2970001 9
-0.33000001 0.69499999 0.463 3
-1.714 3.188 2.1900001 3
-1.9170001 3.1989999 2.27 65
0 0 0 0
0 0 0 0
-1.7970001 3.164 2.2060001 67
-2.026 3.2090001 2.319 66
-0.324 0.68699998 0.45199999 5
-1.706 3.204 2.184 2
-1.91 3.1889999 2.2590001 69
-2.1289999 3.204 2.359 80
0 0 0 0
-1.79 3.184 2.1989999 65
-2.0190001 3.2019999 2.3050001 68
-2.2620001 3.2379999 2.431 62
-1.901 3.596 2.4159999 2
-1.887 3.1830001 2.23 81
-2.1240001 3.2019999 2.346 69
-2.3280001 3.171 2.431 64
-1.7970001 3.2190001 2.187 65
-1.994 3.197 2.2720001 72
-2.2390001 3.2130001 2.3959999 92
-2.3840001 3.0929999 2.4219999 45
-1.872 3.1830001 2.1889999 58
-2.105 3.2090001 2.3150001 71
-2.3380001 3.1960001 2.4289999 59
-1.327 1.642 1.3150001 4
-1.979 3.1960001 2.2260001 66
-2.2130001 3.2119999 2.355 75
-2.414 3.145 2.438 56
-2.526 2.98 2.441 59
-2.092 3.2130001 2.2690001 67
-2.3239999 3.214 2.3959999 71
-1.334 1.6569999 1.311 26
-2.5840001 2.9100001 2.441 58
-2.2049999 3.224 2.3099999 70
-2.4460001 3.224 2.447 58
-2.5510001 3.0250001 2.444 53
-2.642 2.8380001 2.4419999 57
-2.313 3.2219999 2.3429999 72
-1.321 1.661 1.284 24
-2.6099999 2.9549999 2.441 56
-2.7 2.7690001 2.444 59
-2.4419999 3.2420001 2.3959999 71
-1.3609999 1.6339999 1.288 4
-2.678 2.8940001 2.448 55
-2.756 2.7 2.448 58
-1.311 1.661 1.248 39
-2.596 2.974 2.3929999 58
-2.7390001 2.8269999 2.4489999 55
-1.325 1.239 1.156 3
-1.358 1.642 1.256 4
-2.698 2.9519999 2.4260001 60
-2.799 2.76 2.451 55
-1.378 1.23 1.181 35
-2.625 3.0280001 2.3610001 63
-2.779 2.905 2.441 59
-2.858 2.691 2.454 56
-1.396 1.1900001 1.177 16
-2.723 3 2.385 64
-2.849 2.845 2.447 59
-2.9130001 2.6199999 2.4549999 56
-2.948 2.3970001 2.447 58
-2.8499999 2.9979999 2.4330001 59
-2.914 2.779 2.4489999 59
-1.414 1.214 1.171 3
-2.9920001 2.3210001 2.448 58
-2.9219999 2.9360001 2.4349999 58
-2.9719999 2.7079999 2.448 59
-3.013 2.4690001 2.4530001 57
-3.0420001 2.25 2.4549999 61
-2.9909999 2.8699999 2.4360001 58
-3.0350001 2.641 2.451 59
-3.062 2.395 2.4530001 56
-3.0739999 2.1670001 2.4489999 59
-3.0610001 2.8050001 2.4389999 58
-3.0910001 2.566 2.451 60
-3.102 2.3139999 2.448 56
-3.1199999 2.0929999 2.4560001 59
-3.1240001 2.733 2.437 58
-3.141 2.4890001 2.447 60
-3.152 2.2409999 2.4519999 56
-3.154 2.0139999 2.4549999 59
-3.1860001 2.658 2.4349999 60
-3.1949999 2.415 2.448 60
-3.1989999 2.1659999 2.4549999 56
-3.1849999 1.933 2.4530001 60
-3.2490001 2.586 2.437 58
-3.2479999 2.339 2.4489999 59
-3.24 2.0880001 2.4560001 55
-3.221 1.855 2.4560001 59
-3.3110001 2.513 2.438 60
-3.2939999 2.2590001 2.4460001 60
-3.2780001 2.0079999 2.4549999 55
-3.2490001 1.775 2.4549999 58
-3.3659999 2.4330001 2.4349999 60
-3.3510001 2.187 2.4530001 60
-3.313 1.927 2.454 55
-3.28 1.696 2.457 58
-3.4230001 2.355 2.4360001 61
-3.3970001 2.1070001 2.4530001 59
-3.3469999 1.846 2.4530001 54
-3.309 1.617 2.46 58
-3.48 2.277 2.437 60
-3.4349999 2.023 2.4489999 59
-3.385 1.767 2.4560001 54
-3.329 1.535 2.457 57
-3.533 2.1960001 2.438 61
-3.477 1.941 2.4489999 59
-3.4170001 1.686 2.457 54
-3.352 1.455 2.4579999 57
-3.585 2.1129999 2.4389999 59
-3.517 1.859 2.4489999 58
-3.4419999 1.602 2.454 54
-3.3710001 1.373 2.457 55
-3.6329999 2.029 2.438 59
-3.5539999 1.775 2.4489999 59
-3.4749999 1.523 2.4579999 55
-3.388 1.2920001 2.4560001 55
-3.6819999 1.946 2.4400001 56
-3.582 1.687 2.444 59
-3.507 1.442 2.4630001 55
-3.4070001 1.212 2.4579999 57
-3.7279999 1.859 2.441 56
-3.612 1.601 2.441 58
-3.52 1.355 2.4560001 55
-3.4219999 1.132 2.4579999 58
-3.7709999 1.772 2.4419999 56
-3.642 1.5140001 2.4400001 57
-3.5480001 1.274 2.46 59
-3.438 1.052 2.46 59
-3.799 1.677 2.434 57
-3.6760001 1.4299999 2.4430001 58
-3.5610001 1.188 2.4549999 61
-3.4460001 0.97100002 2.4579999 57
-3.832 1.585 2.431 56
-3.7049999 1.344 2.444 57
-3.5739999 1.103 2.4519999 60
-3.4619999 0.89300001 2.4630001 58
-3.8670001 1.494 2.431 51
-3.7219999 1.253 2.4389999 57
-3.5940001 1.021 2.4549999 57
-3.4719999 0.81300002 2.4649999 57
-3.8970001 1.401 2.4289999 49
-3.753 1.169 2.4449999 58
-3.608 0.93800002 2.4560001 55
-3.4820001 0.73400003 2.467 57
-3.9360001 1.311 2.434 52
-3.776 1.081 2.4449999 59
-3.631 0.85600001 2.4630001 55
-3.494 0.65600002 2.473 60
-3.974 1.221 2.4400001 51
-3.7950001 0.99199998 2.4449999 59
-3.6589999 0.77600002 2.4749999 54
-3.4909999 0.57499999 2.4690001 57
-4.0050001 1.128 2.4430001 48
-3.8150001 0.90399998 2.448 59
-3.6670001 0.69199997 2.4749999 55
-3.4990001 0.49700001 2.474 57
-4.0409999 1.036 2.451 53
-3.8529999 0.81900001 2.4619999 58
-3.6730001 0.60699999 2.4749999 55
-3.5 0.419 2.4749999 57
-4.0650001 0.93900001 2.4519999 57
-3.8670001 0.72899997 2.4630001 58
-3.6830001 0.52399999 2.4790001 56
-3.5020001 0.34099999 2.4790001 57
-4.0809999 0.84200001 2.451 51
-3.8840001 0.63999999 2.4679999 58
-3.6900001 0.44 2.4809999 55
-3.4990001 0.26300001 2.4790001 57
-4.112 0.74699998 2.46 51
-3.8929999 0.54900002 2.4679999 58
-3.6949999 0.35600001 2.484 55
-3.4960001 0.186 2.48 57
-4.1269999 0.64899999 2.461 59
-3.9059999 0.45899999 2.4719999 58
-3.6930001 0.27200001 2.484 57
-3.4920001 0.109 2.483 56
-4.131 0.55000001 2.457 63
-3.9200001 0.36899999 2.48 59
-3.6919999 0.189 2.4849999 54
-3.48 0.032000002 2.48 56
-4.1490002 0.45199999 2.4619999 64
-3.924 0.278 2.4809999 59
-3.6830001 0.106 2.483 54
-3.477 -0.043000001 2.4849999 55
-4.1550002 0.35299999 2.4619999 63
-3.914 0.18700001 2.474 59
-3.684 0.023 2.4879999 54
-3.4649999 -0.119 2.484 56
-4.1609998 0.25400001 2.464 64
-3.915 0.096000001 2.477 59
-3.677 -0.059 2.4879999 54
-3.4560001 -0.19400001 2.487 56
-4.165 0.155 2.4660001 62
-3.911 0.0049999999 2.477 58
-3.6719999 -0.141 2.4920001 54
-3.454 -0.27000001 2.4960001 54
-4.1659999 0.055 2.4679999 59
-3.911 -0.083999999 2.4820001 59
-3.664 -0.223 2.4949999 53
-3.428 -0.34299999 2.4890001 55
-4.1620002 -0.043000001 2.467 61
-3.9100001 -0.17399999 2.487 57
-3.652 -0.30500001 2.4960001 54
-3.4119999 -0.41600001 2.49 55
-4.1680002 -0.142 2.4749999 57
-3.9059999 -0.26499999 2.4920001 58
-3.632 -0.38499999 2.493 53
-3.3970001 -0.48899999 2.4920001 55
-4.1630001 -0.241 2.4779999 52
-3.881 -0.354 2.484 58
-3.6199999 -0.46599999 2.4960001 53
-3.378 -0.56099999 2.493 55
-4.1329999 -0.33899999 2.4679999 53
-3.8699999 -0.44400001 2.4879999 59
-3.599 -0.54500002 2.4949999 53
-3.3599999 -0.634 2.4949999 55
-4.1350002 -0.43900001 2.4779999 58
-3.8540001 -0.53200001 2.4890001 58
-3.5780001 -0.62400001 2.494 53
-3.3429999 -0.70599997 2.4990001 55
-4.1170001 -0.53799999 2.4779999 51
-3.829 -0.61900002 2.4849999 57
-3.5650001 -0.70499998 2.5009999 52
-3.322 -0.77600002 2.5009999 54
-4.092 -0.634 2.474 52
-3.813 -0.708 2.4890001 58
-3.5409999 -0.78200001 2.5009999 53
-3.3 -0.84600002 2.503 55
-4.0799999 -0.73299998 2.4809999 51
-3.7939999 -0.796 2.4920001 58
-3.5179999 -0.86000001 2.5009999 53
-3.2780001 -0.91600001 2.507 57
-4.0580001 -0.829 2.4820001 50
-3.7720001 -0.88300002 2.4949999 58
-3.497 -0.93800002 2.506 54
-3.247 -0.98299998 2.5039999 55
-4.0349998 -0.926 2.4849999 50
-3.75 -0.96899998 2.4990001 58
-3.471 -1.0140001 2.5079999 53
-3.2249999 -1.053 2.51 54
-4.006 -1.021 2.4860001 51
-3.7219999 -1.0549999 2.5 58
-3.438 -1.0880001 2.506 52
-3.1960001 -1.12 2.51 54
-3.9849999 -1.119 2.493 51
-3.6949999 -1.14 2.503 58
-3.4219999 -1.168 2.517 53
-3.1630001 -1.184 2.5079999 55
-3.948 -1.211 2.4920001 52
-3.665 -1.225 2.506 58
-3.3900001 -1.242 2.5179999 53
-3.135 -1.251 2.5109999 59
-3.918 -1.306 2.4960001 54
-3.6370001 -1.309 2.5120001 58
-3.358 -1.3150001 2.52 53
-3.105 -1.316 2.5139999 55
-3.885 -1.399 2.5 52
-3.598 -1.39 2.5109999 58
-3.3280001 -1.3890001 2.5239999 53
-3.0810001 -1.385 2.523 53
-3.8469999 -1.4910001 2.5020001 59
-3.5710001 -1.476 2.52 58
-3.2920001 -1.461 2.526 53
-3.0469999 -1.448 2.5239999 52
-3.8069999 -1.582 2.506 61
-3.5280001 -1.5549999 2.5190001 57
-3.2539999 -1.531 2.527 52
-3.016 -1.513 2.529 51
-3.7639999 -1.671 2.5079999 57
-3.48 -1.631 2.516 57
-3.2179999 -1.603 2.53 51
-2.973 -1.571 2.5239999 43
-3.71 -1.756 2.5050001 48
-3.438 -1.709 2.5179999 51
-3.1730001 -1.669 2.527 48
-2.937 -1.632 2.526 37
-3.668 -1.845 2.5109999 44
-3.3970001 -1.788 2.5220001 44
-3.1270001 -1.735 2.526 39
-2.8940001 -1.6900001 2.5239999 34
-3.6270001 -1.9349999 2.5190001 40
-3.345 -1.8609999 2.52 40
-3.0869999 -1.803 2.529 29
-2.8499999 -1.7460001 2.5209999 31
-3.576 -2.02 2.523 37
-3.299 -1.937 2.523 29
-3.0480001 -1.872 2.5339999 20
-2.8080001 -1.803 2.52 27
-3.3840001 -2.0209999 2.427 14
-3.25 -2.01 2.5250001 22
-3.007 -1.9400001 2.54 17
-2.77 -1.863 2.5239999 25
-3.2360001 -2.039 2.3599999 26
-3.161 -2.0580001 2.497 13
-2.9619999 -2.0050001 2.5420001 18
-2.7320001 -1.9220001 2.53 26
-3.1429999 -2.089 2.3340001 19
-2.9619999 -2.0280001 2.381 21
-2.914 -2.0669999 2.5439999 20
-2.6860001 -1.976 2.5280001 27
-3.3239999 -2.3269999 2.516 15
-2.8759999 -2.069 2.355 29
-2.7839999 -2.069 2.4719999 17
-2.651 -2.0380001 2.5380001 34
-3.26 -2.401 2.516 15
-2.803 -2.1159999 2.3380001 21
-2.648 -2.0599999 2.395 38
-2.602 -2.0880001 2.5350001 37
-3.197 -2.4749999 2.5190001 22
-2.964 -2.346 2.5220001 24
-2.5680001 -2.0910001 2.368 43
-2.506 -2.099 2.487 30
-3.1359999 -2.5510001 2.5250001 27
-2.9100001 -2.415 2.5280001 36
-2.5 -2.1289999 2.352 42
-2.3800001 -2.0810001 2.4070001 43
-3.0680001 -2.622 2.5280001 34
-2.8469999 -2.4760001 2.527 47
-2.4170001 -2.152 2.322 41
-2.296 -2.095 2.369 60
-3.0009999 -2.6919999 2.5309999 46
-2.783 -2.5369999 2.527 51
-2.5910001 -2.411 2.5420001 51
-2.2119999 -2.105 2.329 46
-2.9059999 -2.7360001 2.513 61
-2.7290001 -2.605 2.5369999 54
-2.529 -2.4590001 2.536 51
-2.164 -2.1470001 2.3269999 47
-2.7820001 -2.7490001 2.4690001 62
-2.6630001 -2.6619999 2.5369999 56
-2.4590001 -2.4990001 2.5250001 150
-2.1199999 -2.194 2.3310001 52
-2.658 -2.756 2.4230001 62
-2.6029999 -2.7249999 2.5439999 57
-2.2309999 -2.3699999 2.3469999 52
-2.0710001 -2.2349999 2.3299999 48
-2.5439999 -2.7679999 2.3859999 61
-2.51 -2.7520001 2.5190001 56
-2.175 -2.414 2.346 51
-2.026 -2.28 2.3329999 53
-2.427 -2.7720001 2.345 59
-2.296 -2.6370001 2.3699999 91
-2.1210001 -2.461 2.349 51
-1.9859999 -2.332 2.345 50
-2.313 -2.7739999 2.306 57
-2.2119999 -2.6619999 2.3510001 52
-2.0680001 -2.5090001 2.3540001 51
-1.9400001 -2.378 2.3510001 46
-2.21 -2.7850001 2.276 57
-2.155 -2.7190001 2.362 59
-2.0120001 -2.5539999 2.3559999 46
-1.902 -2.4330001 2.3670001 58
-2.102 -2.7839999 2.24 54
-2.095 -2.7720001 2.369 66
-1.959 -2.6010001 2.3629999 47
-1.84 -2.4579999 2.3540001 51
-2.0009999 -2.7869999 2.21 59
-2.0039999 -2.783 2.3440001 64
-1.905 -2.648 2.369 53
-1.794 -2.5039999 2.362 68
-1.908 -2.796 2.187 52
-1.913 -2.789 2.316 62
-1.841 -2.681 2.365 53
-1.743 -2.5439999 2.365 66
-1.768 -2.73 2.1070001 0
-1.776 -2.7219999 2.2290001 0
-1.771 -2.7049999 2.3529999 6
-1.681 -2.5680001 2.355 51
-1.7 -2.767 2.1099999 53
-1.719 -2.773 2.243 63
-1.715 -2.7509999 2.362 54
-1.627 -2.6029999 2.3559999 49
-1.614 -2.776 2.0929999 52
-1.636 -2.78 2.2219999 58
-1.6440001 -2.7690001 2.348 62
-1.572 -2.6370001 2.3559999 50
-1.531 -2.7850001 2.0780001 52
-1.548 -2.7750001 2.1930001 54
-1.569 -2.78 2.3299999 60
-1.517 -2.6689999 2.3559999 47
-1.446 -2.7869999 2.0599999 50
-1.473 -2.7880001 2.181 56
-1.493 -2.786 2.3099999 59
-1.4630001 -2.7049999 2.3599999 47
-1.367 -2.7969999 2.049 49
-1.3940001 -2.7920001 2.1630001 53
-1.413 -2.7820001 2.2820001 51
-1.411 -2.743 2.3670001 55
-1.2869999 -2.8 2.0339999 47
-1.3150001 -2.7920001 2.1429999 49
-1.34 -2.7880001 2.2650001 47
-1.349 -2.7639999 2.3599999 47
-1.207 -2.803 2.0209999 45
-1.24 -2.7969999 2.1289999 46
-1.266 -2.789 2.244 47
-1.286 -2.7809999 2.3510001 52
-1.13 -2.8069999 2.01 43
-1.165 -2.8 2.1140001 46
-1.196 -2.7969999 2.2309999 47
-1.225 -2.803 2.3469999 55
-1.052 -2.806 1.997 42
-1.092 -2.806 2.1040001 48
-1.125 -2.7980001 2.2130001 46
-1.1569999 -2.806 2.3280001 54
-0.97899997 -2.8150001 1.993 44
-1.021 -2.812 2.095 47
-1.056 -2.803 2.2 47
-1.091 -2.812 2.313 52
-0.90700001 -2.8210001 1.988 45
-0.95099998 -2.8169999 2.085 49
-0.99000001 -2.8110001 2.1900001 50
-1.025 -2.8150001 2.296 53
-0.83499998 -2.829 1.985 45
-0.88 -2.8180001 2.075 48
-0.92299998 -2.8150001 2.1789999 48
-0.95999998 -2.8180001 2.2809999 49
-0.76300001 -2.8299999 1.979 47
-0.81199998 -2.826 2.0710001 52
-0.85699999 -2.8210001 2.1700001 45
-0.89399999 -2.8169999 2.263 49
-0.69300002 -2.836 1.978 53
-0.74299997 -2.8280001 2.0639999 56
-0.79000002 -2.822 2.158 47
-0.82999998 -2.8180001 2.2479999 49
-0.62199998 -2.8410001 1.977 55
-0.67500001 -2.835 2.0610001 52
-0.72500002 -2.826 2.1500001 43
-0.76800001 -2.829 2.2420001 55
-0.55199999 -2.845 1.977 61
-0.60900003 -2.8410001 2.059 60
-0.66000003 -2.8299999 2.1429999 52
-0.70499998 -2.8299999 2.23 54
-0.48300001 -2.8510001 1.98 57
-0.542 -2.8440001 2.0550001 52
-0.59500003 -2.832 2.135 48
-0.64399999 -2.839 2.224 60
-0.41499999 -2.8540001 1.9809999 57
-0.47400001 -2.8399999 2.0480001 61
-0.53299999 -2.8440001 2.1359999 50
-0.58099997 -2.8340001 2.2079999 60
-0.34599999 -2.8599999 1.9859999 56
-0.40900001 -2.848 2.05 62
-0.46900001 -2.8440001 2.1289999 52
-0.51999998 -2.8410001 2.2030001 55
-0.278 -2.859 1.9859999 55
-0.34299999 -2.852 2.0510001 59
-0.40599999 -2.8429999 2.122 47
-0.46000001 -2.848 2.1989999 62
-0.20999999 -2.8640001 1.993 59
-0.278 -2.8559999 2.053 63
-0.34299999 -2.8499999 2.122 48
-0.398 -2.849 2.191 62
-0.142 -2.8659999 1.998 51
-0.213 -2.8629999 2.0580001 60
-0.28099999 -2.858 2.1240001 47
-0.33700001 -2.849 2.1819999 61
-0.074000001 -2.8770001 2.0109999 54
-0.148 -2.8659999 2.0610001 63
-0.21699999 -2.8559999 2.1199999 51
-0.27700001 -2.8559999 2.181 58
-0.0060000001 -2.875 2.016 56
-0.082999997 -2.8670001 2.0639999 62
-0.155 -2.865 2.1240001 53
-0.21600001 -2.8599999 2.178 67
0.061000001 -2.8729999 2.0220001 55
-0.017999999 -2.8740001 2.072 60
-0.092 -2.8659999 2.1240001 50
-0.155 -2.859 2.1730001 55
0.12899999 -2.8840001 2.039 45
0.046999998 -2.8759999 2.0780001 69
-0.029999999 -2.8710001 2.1270001 54
-0.094999999 -2.8670001 2.174 62
0.094999999 -1.3940001 0.99000001 7
0.112 -2.8829999 2.0880001 65
0.032000002 -2.872 2.1289999 52
-0.034000002 -2.8670001 2.171 56
0.12800001 -1.396 0.99699998 6
0.086000003 -1.396 1.015 7
0.094999999 -2.8800001 2.1359999 53
0.026000001 -2.868 2.1689999 56
0.161 -1.395 1.002 6
0.117 -1.392 1.015 7
0.077 -1.3940001 1.035 5
0.086999997 -2.875 2.1730001 62
0.19499999 -1.401 1.013 5
0.15000001 -1.395 1.021 7
0.107 -1.3940001 1.0369999 8
0.071000002 -1.3839999 1.046 1
0.229 -1.404 1.022 5
0.182 -1.399 1.029 6
0.13699999 -1.3890001 1.035 7
0.101 -1.385 1.0470001 8
0.26300001 -1.404 1.03 4
0.214 -1.398 1.033 5
0.169 -1.398 1.045 6
0.131 -1.39 1.051 7
0.29800001 -1.41 1.043 4
0.24600001 -1.393 1.035 4
0.2 -1.3940001 1.045 5
0.162 -1.395 1.056 6
0.331 -1.402 1.046 3
0.278 -1.3890001 1.038 4
0.233 -1.401 1.0549999 5
0.191 -1.391 1.0549999 6
0.368 -1.408 1.0599999 3
0.31099999 -1.39 1.046 4
0.26499999 -1.4069999 1.063 4
0.222 -1.392 1.057 5
0.40200001 -1.406 1.069 3
0.345 -1.392 1.0549999 3
0.296 -1.402 1.064 4
0.25099999 -1.383 1.053 5
0.44 -1.4119999 1.085 3
0.377 -1.3890001 1.061 3
0.329 -1.402 1.069 3
0.28400001 -1.392 1.063 4
0.47499999 -1.41 1.095 3
0.412 -1.3940001 1.074 3
0.36199999 -1.406 1.0779999 3
0.31400001 -1.388 1.063 4
0.50700003 -1.398 1.099 2
0.449 -1.401 1.0880001 3
0.39500001 -1.404 1.0829999 3
0.34799999 -1.4 1.076 3
0.542 -1.393 1.108 2
0.48500001 -1.403 1.1 3
0.428 -1.402 1.089 3
0.382 -1.406 1.085 3
0.583 -1.399 1.127 2
0.52200001 -1.406 1.113 3
0.463 -1.406 1.1 3
0.41499999 -1.405 1.089 3
0.61799997 -1.393 1.137 2
0.55699998 -1.403 1.122 3
0.498 -1.409 1.11 3
0.449 -1.409 1.098 3
0.65700001 -1.393 1.153 2
0.59399998 -1.405 1.136 3
0.53299999 -1.406 1.117 3
0.48300001 -1.4069999 1.103 3
0.69999999 -1.4 1.176 2
0.62800002 -1.396 1.141 2
0.56900001 -1.409 1.1289999 3
0.51200002 -1.3940001 1.099 2
0.73900002 -1.398 1.192 2
0.66900003 -1.402 1.161 2
0.60399997 -1.404 1.135 2
0.54699999 -1.396 1.109 2
0.77999997 -1.397 1.21 2
0.70499998 -1.396 1.17 2
0.64099997 -1.406 1.147 2
0.58200002 -1.396 1.1160001 2
0.82300001 -1.397 1.23 2
0.745 -1.397 1.187 2
0.67799997 -1.403 1.1569999 2
0.61900002 -1.397 1.126 2
0.86699998 -1.398 1.252 2
0.78600001 -1.397 1.2029999 2
0.71899998 -1.408 1.174 2
0.65600002 -1.397 1.136 2
0.912 -1.398 1.275 2
0.82800001 -1.399 1.223 2
0.75599998 -1.403 1.183 2
0.69499999 -1.4 1.148 2
0.963 -1.406 1.306 1
0.875 -1.406 1.247 2
0.79500002 -1.4 1.1950001 2
0.73500001 -1.403 1.1619999 2
1.006 -1.399 1.324 1
0.917 -1.402 1.263 2
0.84200001 -1.41 1.219 2
0.77399999 -1.404 1.174 2
1.054 -1.398 1.35 0
0.96499997 -1.405 1.2869999 2
0.88099998 -1.405 1.2309999 2
0.815 -1.403 1.186 2
1.1109999 -1.406 1.386 0
1.0039999 -1.3940001 1.3 2
0.92299998 -1.401 1.245 2
0.852 -1.396 1.194 2
1.173 -1.418 1.428 0
1.057 -1.402 1.33 1
0.97399998 -1.411 1.272 2
0.89999998 -1.404 1.215 2
0 0 0 0
1.11 -1.405 1.358 1
1.024 -1.415 1.295 2
0.94300002 -1.402 1.23 2
0 0 0 0
1.166 -1.411 1.391 0
1.074 -1.418 1.319 1
0.99299997 -1.409 1.253 2
0 0 0 0
1.222 -1.413 1.421 0
1.1210001 -1.413 1.337 0
1.038 -1.406 1.267 1
0 0 0 0
1.283 -1.418 1.457 0
1.174 -1.414 1.363 0
1.0880001 -1.408 1.289 0
2.1570001 -2.0810001 2.3599999 25
0 0 0 0
1.233 -1.421 1.395 0
1.1390001 -1.408 1.309 0
2.2030001 -2.0320001 2.3659999 46
0 0 0 0
1.301 -1.434 1.434 0
1.192 -1.409 1.332 0
2.2379999 -1.973 2.3629999 45
1.47 -1.423 1.5650001 0
0 0 0 0
0 0 0 0
2.276 -1.919 2.3640001 43
2.2609999 -2.0929999 2.359 32
0 0 0 0
1.317 -1.424 1.396 0
2.309 -1.8609999 2.362 45
2.299 -2.0350001 2.355 48
1.488 -1.436 1.531 0
0 0 0 0
2.3440001 -1.804 2.362 45
2.342 -1.983 2.3559999 48
2.3429999 -2.1619999 2.3599999 43
0 0 0 0
2.3770001 -1.747 2.362 44
2.385 -1.9299999 2.358 47
2.3889999 -2.108 2.358 46
2.4000001 -2.27 2.3659999 1
2.405 -1.687 2.358 44
2.418 -1.87 2.352 44
2.437 -2.056 2.359 48
2.46 -2.2249999 2.372 54
2.4319999 -1.628 2.355 44
2.4590001 -1.816 2.3559999 48
2.4820001 -2.0020001 2.358 46
2.506 -2.1670001 2.3659999 51
2.461 -1.5700001 2.3559999 44
2.493 -1.757 2.3529999 47
2.5239999 -1.9450001 2.3559999 44
2.566 -2.1199999 2.3729999 51
2.487 -1.51 2.3540001 44
2.527 -1.699 2.3510001 49
2.5699999 -1.89 2.358 44
2.6159999 -2.0639999 2.372 51
2.5150001 -1.4529999 2.355 44
2.563 -1.642 2.3529999 49
2.609 -1.832 2.3559999 45
2.661 -2.0050001 2.369 52
2.54 -1.395 2.355 43
2.589 -1.58 2.3469999 47
2.6500001 -1.773 2.355 46
2.7119999 -1.95 2.3710001 50
2.5599999 -1.334 2.352 44
2.619 -1.52 2.346 44
2.688 -1.7130001 2.355 44
2.7539999 -1.887 2.3659999 50
2.5799999 -1.273 2.3499999 44
2.654 -1.4630001 2.3499999 47
2.727 -1.654 2.355 46
2.803 -1.829 2.368 51
2.6040001 -1.215 2.352 45
2.6819999 -1.403 2.3499999 51
2.7609999 -1.592 2.3529999 45
2.8440001 -1.766 2.3659999 51
2.619 -1.154 2.348 48
2.7079999 -1.341 2.348 46
2.7980001 -1.531 2.3540001 45
2.8889999 -1.705 2.368 50
2.6370001 -1.094 2.348 49
2.7320001 -1.279 2.3469999 47
2.832 -1.4680001 2.3540001 48
2.9289999 -1.6390001 2.3659999 52
2.654 -1.035 2.3469999 53
2.7590001 -1.2180001 2.348 54
2.859 -1.402 2.349 50
2.971 -1.577 2.3670001 53
2.6689999 -0.97500002 2.346 51
2.783 -1.1569999 2.349 54
2.8940001 -1.34 2.352 45
3.0090001 -1.51 2.3670001 53
2.688 -0.91600001 2.349 51
2.8050001 -1.094 2.349 55
2.927 -1.277 2.3540001 49
3.0420001 -1.441 2.3629999 55
2.7019999 -0.85699999 2.3499999 56
2.823 -1.031 2.346 54
2.9489999 -1.209 2.349 51
3.0829999 -1.375 2.3670001 53
2.717 -0.79799998 2.352 28
2.839 -0.96600002 2.3440001 53
2.9790001 -1.143 2.352 57
3.115 -1.3049999 2.365 55
0 0 0 0
2.8610001 -0.90399998 2.3469999 57
2.9960001 -1.074 2.345 58
3.1389999 -1.232 2.359 59
0 0 0 0
2.8900001 -0.84399998 2.3570001 14
3.0190001 -1.006 2.3440001 59
3.1700001 -1.161 2.359 60
0 0 0 0
0 0 0 0
3.052 -0.94199997 2.352 47
3.198 -1.09 2.358 62
0 0 0 0
0 0 0 0
0 0 0 0
3.223 -1.017 2.3570001 57
0 0 0 0
0 0 0 0
0 0 0 0
3.28 -0.95300001 2.3789999 6
0 0 0 0
0 0 0 0
0 0 0 0
0 0 0 0
0 0 0 0
0 0 0 0
0 0 0 0
0 0 0 0
0 0 0 0
0.57200003 -0.088 0.45500001 0
0 0 0 0
0 0 0 0
0.52899998 -0.048999999 0.447 5
0 0 0 0
0 0 0 0
0 0 0 0
0.52700001 -0.037999999 0.44600001 4
0.56400001 -0.061000001 0.447 1
0 0 0 0
0 0 0 0
0 0 0 0
0.56199998 -0.048999999 0.44400001 4
0 0 0 0
0.65100002 -0.093999997 0.456 1
0 0 0 0
0.56900001 -0.037 0.44999999 2
0.60500002 -0.057999998 0.447 4
0 0 0 0
0 0 0 0
0 0 0 0
0.60500002 -0.045000002 0.44600001 4
0.64300001 -0.063000001 0.447 4
0.523 0.0060000001 0.44400001 4
0 0 0 0
0 0 0 0
0.64700001 -0.048 0.449 4
0.52700001 0.017000001 0.44800001 4
0 0 0 0
0 0 0 0
0 0 0 0
0.52499998 0.028000001 0.447 4
0.56400001 0.012 0.44499999 4
0 0 0 0
0 0 0 0
0.52399999 0.039000001 0.447 4
0.56199998 0.024 0.44400001 4
0.60100001 0.0089999996 0.442 4
0 0 0 0
0.523 0.050000001 0.44800001 7
0.56099999 0.035999998 0.44400001 4
0.60399997 0.023 0.44400001 4
0.64899999 0.011 0.44800001 5
0.523 0.061000001 0.44800001 3
0.55699998 0.048 0.442 4
0.60699999 0.035999998 0.447 4
0.648 0.026000001 0.447 5
0 0 0 0
0.56199998 0.061000001 0.447 3
0.602 0.050000001 0.44400001 4
0.64999998 0.041000001 0.449 5
0 0 0 0
0 0 0 0
0.602 0.064000003 0.44499999 4
0.648 0.056000002 0.44800001 5
0 0 0 0
0 0 0 0
0 0 0 0
0.64700001 0.071999997 0.44800001 4
0 0 0 0
0 0 0 0
0 0 0 0
0 0 0 0
0 0 0 0
0 0 0 0
0 0 0 0
0 0 0 0
0.50099999 0.123 0.442 5
0 0 0 0
0 0 0 0
0 0 0 0
0.49599999 0.133 0.43900001 6
0 0 0 0
0 0 0 0
0 0 0 0
0.48199999 0.14 0.42899999 3
0 0 0 0
0 0 0 0
0 0 0 0
0.44100001 0.138 0.396 3
0.19 0.055 0.15700001 0
0 0 0 0
0 0 0 0
0 0 0 0
0 0 0 0
0.197 0.057999998 0.15099999 0
0 0 0 0
0.368 0.132 0.33500001 2
0.186 0.063000001 0.156 0
0 0 0 0
0 0 0 0
0 0 0 0
0 0 0 0
0.197 0.068000004 0.154 1
0 0 0 0
0.38499999 0.156 0.35600001 3
0.178 0.068999998 0.152 0
0 0 0 0
0.204 0.072999999 0.149 1
0 0 0 0
0 0 0 0
0.193 0.077 0.153 1
0 0 0 0
0.449 0.205 0.42300001 3
0.17399999 0.075999998 0.15099999 1
0 0 0 0
0.20299999 0.083999999 0.152 1
0 0 0 0
0 0 0 0
0.189 0.085000001 0.153 1
0 0 0 0
0.454 0.23 0.43599999 6
0.17200001 0.085000001 0.153 1
0 0 0 0
0.192 0.090000004 0.146 1
0.45300001 0.241 0.43900001 5
0 0 0 0
0.17299999 0.088 0.14300001 1
0 0 0 0
0.447 0.25 0.43900001 6
0.167 0.090999998 0.15099999 0
0 0 0 0
0.182 0.096000001 0.142 1
0.442 0.259 0.43900001 5
0 0 0 0
0.17200001 0.097000003 0.146 1
0 0 0 0
0.43799999 0.26899999 0.44 7
0.449 0.27200001 0.417 3
0 0 0 0
0.161 0.094999999 0.12899999 0
0.433 0.27900001 0.44 5
0 0 0 0
0.168 0.105 0.146 0
0 0 0 0
0.42399999 0.28600001 0.43799999 7
0.46000001 0.30700001 0.43900001 3
0 0 0 0
0.169 0.111 0.14 1
0.419 0.29499999 0.43799999 5
0.454 0.317 0.44100001 4
0.294 0.204 0.26499999 1
0 0 0 0
0.40900001 0.30000001 0.433 6
0.44499999 0.32600001 0.43900001 3
0 0 0 0
0.15800001 0.115 0.13600001 0
0.40700001 0.31200001 0.43799999 5
0.43799999 0.33500001 0.43900001 3
0.46799999 0.35800001 0.43599999 4
0 0 0 0
0.40099999 0.32100001 0.43799999 6
0.43200001 0.34599999 0.44 3
0.46000001 0.368 0.43599999 4
0.48100001 0.38600001 0.42899999 4
0.396 0.331 0.44 5
0.41999999 0.35100001 0.435 3
0.45199999 0.37900001 0.43700001 4
0 0 0 0
0.384 0.33500001 0.435 6
0.414 0.36199999 0.43799999 3
0.44100001 0.38800001 0.43599999 4
0.46799999 0.414 0.43599999 4
0.384 0.34900001 0.442 4
0.40599999 0.37099999 0.43799999 3
0.43000001 0.396 0.43399999 4
0.45500001 0.42199999 0.43399999 4
0.377 0.35699999 0.44100001 4
0.39700001 0.37900001 0.43599999 3
0.421 0.405 0.43399999 4
0.44800001 0.43599999 0.43799999 4
0.37 0.366 0.442 4
0.389 0.389 0.43799999 3
0.41 0.414 0.433 4
0.435 0.44299999 0.435 4
0.35699999 0.36700001 0.435 5
0.377 0.39300001 0.433 3
0.403 0.426 0.43599999 4
0.42199999 0.45199999 0.43399999 4
0.352 0.37799999 0.43799999 5
0.36899999 0.40200001 0.43399999 3
0.391 0.43200001 0.43399999 4
0.40799999 0.458 0.43099999 4
0.34900001 0.391 0.44400001 4
0 0 0 0
0.38 0.44 0.433 5
0.39700001 0.46799999 0.43200001 4
0.33700001 0.39399999 0.43900001 4
0.34799999 0.414 0.43000001 3
0.36899999 0.447 0.43200001 4
0.38299999 0.47299999 0.42899999 4
0.31200001 0.38 0.41600001 3
0.34099999 0.42500001 0.433 3
0.359 0.45699999 0.43399999 4
0.37400001 0.48500001 0.433 4
0.186 0.236 0.25400001 4
0 0 0 0
0.34799999 0.465 0.43399999 5
0.36000001 0.491 0.43000001 4
0 0 0 0
0.191 0.26100001 0.257 4
0.336 0.47 0.43200001 4
0.34599999 0.49700001 0.42899999 4
0.183 0.25400001 0.264 4
0.186 0.26499999 0.257 3
0.19 0.27900001 0.252 3
0.285 0.43099999 0.36700001 3
0 0 0 0
0 0 0 0
0.186 0.28799999 0.257 3
0.19 0.303 0.255 4
0.18099999 0.273 0.27599999 4
0.183 0.28799999 0.271 3
0 0 0 0
0 0 0 0
0 0 0 0
0 0 0 0
0.18700001 0.31999999 0.278 3
0.192 0.34 0.27900001 2
0.18099999 0.30000001 0.294 3
0.182 0.31600001 0.28999999 2
0 0 0 0
0 0 0 0
0 0 0 0
0 0 0 0
0.20100001 0.384 0.32600001 1
0 0 0 0
0.182 0.333 0.31799999 2
0 0 0 0
0 0 0 0
0 0 0 0
0 0 0 0
0 0 0 0
0 0 0 0
0.23800001 0.537 0.42300001 3
0.229 0.46399999 0.43099999 5
0.23 0.49399999 0.433 3
0.228 0.51800001 0.42699999 3
0.235 0.565 0.442 4
0 0 0 0
0.226 0.514 0.44600001 0
1.131 2.7409999 2.243 7
1.123 2.8900001 2.2460001 9
1.098 2.4849999 2.2590001 10
1.082 2.6210001 2.2520001 6
1.063 2.7550001 2.2360001 59
1.0470001 2.8959999 2.237 53
1.039 2.4920001 2.2420001 63
1.021 2.6370001 2.2460001 62
0.99699998 2.7750001 2.2360001 61
0.97500002 2.911 2.2349999 56
0.99000001 2.5220001 2.2460001 66
0.96100003 2.654 2.2409999 60
0.93199998 2.79 2.233 57
0.903 2.9260001 2.2349999 63
0.93800002 2.5450001 2.2449999 65
0.90200001 2.671 2.2379999 57
0.86699998 2.809 2.2349999 58
0.83099997 2.9400001 2.2360001 53
0.88300002 2.562 2.24 66
0.84299999 2.6900001 2.2379999 63
0.801 2.826 2.2360001 58
0.75800002 2.9460001 2.2309999 55
0.829 2.582 2.2379999 56
0.78200001 2.704 2.2349999 47
0.73299998 2.8310001 2.2290001 54
0.68599999 2.9560001 2.2320001 64
0.773 2.5969999 2.233 47
0.722 2.7190001 2.234 58
0.667 2.846 2.2320001 59
0.61299998 2.9590001 2.2290001 56
0.72000003 2.622 2.237 63
0.66100001 2.7349999 2.233 60
0.60100001 2.8559999 2.2320001 53
0.54000002 2.9619999 2.227 50
0.66600001 2.642 2.2379999 59
0.60100001 2.7490001 2.233 60
0.53399998 2.8640001 2.2309999 53
0.46799999 2.967 2.2290001 57
0.61000001 2.658 2.2360001 59
0.53799999 2.7520001 2.2260001 60
0.46799999 2.8710001 2.23 51
0.396 2.9649999 2.2249999 55
0.55299997 2.668 2.23 63
0.479 2.7709999 2.2320001 63
0.40000001 2.869 2.2249999 53
0.324 2.96 2.2219999 57
0.49700001 2.6860001 2.233 62
0.41600001 2.776 2.2279999 64
0.333 2.872 2.224 58
0.25400001 2.9619999 2.2249999 57
0.44 2.7 2.2320001 59
0.35499999 2.7820001 2.2249999 59
0.26699999 2.8789999 2.2279999 62
0.182 2.9579999 2.224 53
0.38299999 2.711 2.23 63
0.29300001 2.796 2.2309999 64
0.2 2.8770001 2.2260001 51
0.112 2.947 2.22 55
0.32600001 2.7279999 2.234 56
0.23100001 2.7980001 2.2279999 68
0.134 2.875 2.2249999 58
0.041000001 2.9449999 2.2249999 56
0.26699999 2.7379999 2.233 61
0.169 2.799 2.2260001 59
0.068000004 2.875 2.227 59
-0.027000001 2.9349999 2.223 57
0.20900001 2.743 2.23 55
0.107 2.812 2.233 60
0.0020000001 2.8659999 2.223 55
-0.096000001 2.921 2.221 61
0.15000001 2.7539999 2.2320001 58
0.044 2.8080001 2.2290001 55
-0.063000001 2.859 2.2219999 53
-0.16500001 2.9119999 2.224 57
0.090999998 2.76 2.23 60
-0.017000001 2.8039999 2.2260001 58
-0.12800001 2.852 2.221 64
-0.233 2.9000001 2.2249999 57
0.030999999 2.7590001 2.2249999 52
-0.079000004 2.803 2.2260001 59
-0.19400001 2.8429999 2.2219999 59
-0.30000001 2.875 2.2190001 57
-0.028000001 2.767 2.2279999 54
-0.141 2.7980001 2.223 61
-0.25799999 2.8269999 2.217 50
-0.368 2.865 2.2249999 56
-0.088 2.767 2.2249999 55
-0.204 2.7969999 2.2260001 59
-0.322 2.822 2.2219999 57
-0.43200001 2.8380001 2.2179999 56
-0.148 2.7690001 2.2249999 59
-0.266 2.7909999 2.2249999 61
-0.38600001 2.806 2.22 54
-0.49599999 2.8150001 2.2149999 61
-0.208 2.7709999 2.2260001 57
-0.32800001 2.779 2.2219999 55
-0.449 2.793 2.2219999 52
-0.56199998 2.7980001 2.22 61
-0.26899999 2.7679999 2.224 56
-0.389 2.7709999 2.2219999 55
-0.51300001 2.779 2.224 56
-0.62599999 2.777 2.2219999 64
-0.33000001 2.7650001 2.223 64
-0.45199999 2.7650001 2.224 59
-0.57499999 2.76 2.2219999 57
-0.68699998 2.743 2.2149999 61
-0.391 2.7620001 2.2249999 61
-0.514 2.7539999 2.2249999 64
-0.63800001 2.74 2.2219999 59
-0.75099999 2.7249999 2.2219999 64
-0.45199999 2.756 2.224 54
-0.574 2.737 2.2219999 56
-0.69999999 2.723 2.2249999 59
-0.81099999 2.6949999 2.22 66
-0.51200002 2.7460001 2.22 60
-0.63700002 2.7290001 2.227 63
-0.759 2.6949999 2.22 55
-0.87099999 2.6630001 2.2179999 67
-0.574 2.743 2.224 59
-0.69599998 2.7090001 2.2219999 56
-0.81999999 2.677 2.224 63
-0.93000001 2.635 2.22 60
-0.634 2.73 2.221 60
-0.75700003 2.6960001 2.2260001 60
-0.88 2.654 2.2249999 54
-0.99000001 2.6070001 2.223 61
-0.69499999 2.7179999 2.2190001 58
-0.81800002 2.6800001 2.227 64
-0.93800002 2.6270001 2.2249999 59
-1.0470001 2.575 2.224 64
-0.75700003 2.711 2.223 55
-0.87599999 2.6559999 2.224 54
-0.99599999 2.5999999 2.2249999 53
-1.104 2.543 2.227 63
-0.81699997 2.694 2.22 55
-0.935 2.635 2.223 56
-1.054 2.5739999 2.2279999 55
-1.158 2.5050001 2.2249999 49
-0.87800002 2.6800001 2.22 59
-0.99599999 2.618 2.2279999 62
-1.112 2.5480001 2.2309999 59
-1.21 2.4660001 2.2219999 64
-0.93900001 2.6659999 2.2219999 58
-1.052 2.5899999 2.2249999 53
-1.1670001 2.5139999 2.2279999 48
-1.266 2.4330001 2.227 63
-0.99699998 2.6429999 2.2179999 50
-1.11 2.566 2.2249999 56
-1.224 2.487 2.233 55
-1.317 2.395 2.227 69
-1.059 2.628 2.221 63
-1.17 2.5450001 2.23 59
-1.278 2.454 2.234 61
-1.369 2.3559999 2.2290001 57
-1.118 2.6070001 2.221 61
-1.225 2.5139999 2.227 51
-1.3279999 2.414 2.2290001 62
-1.3940001 2.277 2.1919999 150
-1.178 2.585 2.221 59
-1.28 2.484 2.227 54
-1.382 2.381 2.2320001 62
-1.446 2.2420001 2.1989999 120
-1.239 2.5650001 2.224 61
-1.3380001 2.4579999 2.2309999 61
-1.38 2.257 2.1489999 150
-1.513 2.2309999 2.23 58
-1.299 2.5420001 2.2260001 53
-1.39 2.4230001 2.227 57
-1.48 2.3010001 2.2279999 68
-1.562 2.1919999 2.2349999 64
-1.354 2.5109999 2.2219999 48
-1.398 2.3150001 2.1570001 150
-1.5319999 2.267 2.233 60
-1.6059999 2.1470001 2.234 59
-1.393 2.4489999 2.191 139
-1.499 2.3599999 2.2309999 59
-1.582 2.23 2.2360001 60
-1.653 2.1059999 2.24 102
-1.473 2.46 2.2279999 58
-1.552 2.325 2.2320001 59
-1.6289999 2.188 2.2360001 55
-1.842 2.2390001 2.4349999 99
-1.531 2.431 2.2290001 60
-1.604 2.289 2.2320001 62
-1.781 2.2820001 2.378 150
-1.8890001 2.1900001 2.437 65
-1.585 2.395 2.2260001 57
-1.699 2.313 2.2939999 150
-1.354 1.656 1.761 5
-1.932 2.1389999 2.4389999 64
-1.669 2.4030001 2.2650001 150
-1.86 2.415 2.437 72
-1.921 2.243 2.437 61
-1.979 2.092 2.4449999 68
-1.851 2.54 2.431 59
-1.342 1.664 1.71 6
-1.975 2.2030001 2.447 57
-1.414 1.428 1.7130001 4
-1.91 2.5 2.4300001 56
-1.383 1.637 1.715 4
-2.0190001 2.151 2.4449999 60
-2.0610001 1.988 2.4489999 66
-1.342 1.676 1.6569999 5
-2.0220001 2.2869999 2.4449999 67
-1.3940001 1.419 1.652 3
-2.0999999 1.934 2.4519999 57
-2.0309999 2.4230001 2.438 55
-2.073 2.24 2.4460001 68
-1.434 1.395 1.665 3
-1.38 1.214 1.584 5
-2.0880001 2.3789999 2.438 56
-2.128 2.198 2.4530001 66
-2.1559999 2.0039999 2.4560001 53
-2.1689999 1.823 2.451 50
-2.1459999 2.335 2.441 58
-1.4170001 1.399 1.598 6
-1.367 1.214 1.529 5
-2.207 1.77 2.4560001 51
-2.201 2.2880001 2.441 54
-2.2260001 2.099 2.457 58
-2.2379999 1.9 2.46 54
-2.237 1.712 2.4549999 52
-1.404 1.3940001 1.52 19
-1.3609999 1.226 1.472 2
-2.276 1.844 2.46 61
-1.434 1.046 1.552 6
-2.313 2.1949999 2.448 60
-1.37 1.179 1.4529999 2
-2.309 1.786 2.457 56
-2.3010001 1.6 2.46 61
-1.3430001 1.2180001 1.391 13
-2.362 1.942 2.46 60
-1.449 1.069 1.5190001 0
-2.329 1.543 2.461 61
-1.36 1.178 1.3789999 15
-2.401 1.8839999 2.457 79
-1.425 1.002 1.473 12
-2.352 1.483 2.4590001 56
-2.473 2.0439999 2.4579999 53
-1.399 1.0470001 1.408 6
-2.414 1.618 2.4630001 77
-2.378 1.425 2.461 63
-2.516 1.983 2.4530001 56
-1.421 1.0140001 1.4069999 59
-2.4349999 1.554 2.4530001 69
-2.4000001 1.3660001 2.46 59
-2.566 1.929 2.457 51
-2.527 1.7180001 2.4660001 59
-2.4679999 1.497 2.457 49
-2.4219999 1.307 2.46 73
-1.4299999 1.024 1.345 17
-2.5650001 1.66 2.467 60
-2.5120001 1.448 2.473 63
-1.377 0.704 1.387 13
-2.652 1.809 2.4549999 56
-2.598 1.598 2.4660001 61
-2.5339999 1.385 2.4690001 61
-1.387 0.67000002 1.386 14
-2.6889999 1.744 2.45 54
-2.6359999 1.54 2.47 63
-1.386 0.71700001 1.337 4
-2.4630001 1.122 2.444 74
-2.737 1.687 2.457 57
-2.6689999 1.48 2.471 60
-1.3890001 0.68000001 1.3279999 13
-2.49 1.068 2.4549999 73
-2.78 1.626 2.46 57
-2.698 1.416 2.47 54
-1.4170001 0.65399998 1.3430001 3
-2.5090001 1.01 2.46 70
-2.8169999 1.562 2.46 57
-1.385 0.68699998 1.2539999 13
-2.6240001 1.141 2.4679999 67
-2.527 0.95300001 2.464 72
-1.363 0.71399999 1.175 40
-2.7579999 1.291 2.4719999 63
-2.6429999 1.079 2.4679999 59
-2.543 0.89499998 2.467 47
-1.42 0.70300001 1.21 17
-2.777 1.223 2.467 68
-2.664 1.0190001 2.47 56
-1.48 0.484 1.4299999 2
-1.398 0.65200001 1.178 12
-2.803 1.159 2.4690001 67
-2.675 0.95499998 2.4660001 57
-1.459 0.44100001 1.404 48
-2.95 1.293 2.46 55
-2.822 1.092 2.4649999 74
-2.697 0.89499998 2.4719999 55
-1.471 0.41 1.411 12
-2.98 1.224 2.46 54
-2.8469999 1.027 2.4679999 78
-1.461 0.44800001 1.332 11
-2.5780001 0.65700001 2.4679999 60
-3 1.152 2.454 52
-1.452 0.48699999 1.25 11
-1.484 0.419 1.348 13
-2.579 0.597 2.4630001 61
-3.033 1.084 2.46 72
-1.466 0.45500001 1.2539999 4
-2.737 0.708 2.4749999 47
-2.5880001 0.54000002 2.467 59
-3.0610001 1.0140001 2.464 60
-1.482 0.42300001 1.261 19
-2.75 0.64600003 2.4790001 53
-2.5940001 0.48100001 2.4690001 60
-3.0799999 0.94099998 2.461 54
-1.475 0.384 1.248 5
-2.756 0.583 2.477 59
-2.595 0.42300001 2.4690001 56
-3.1110001 0.87199998 2.4690001 57
-2.937 0.69400001 2.474 71
-2.7639999 0.51999998 2.4779999 59
-2.602 0.366 2.474 70
-3.1259999 0.79699999 2.467 60
-2.9489999 0.62599999 2.4749999 68
-2.7720001 0.458 2.4809999 60
-2.605 0.308 2.4779999 66
-3.1400001 0.72299999 2.4649999 61
-2.9649999 0.55900002 2.48 75
-2.773 0.39500001 2.4779999 59
-2.6010001 0.25099999 2.4749999 62
-3.158 0.64899999 2.4679999 62
-2.9749999 0.491 2.4809999 77
-2.7820001 0.333 2.484 66
-2.6029999 0.19400001 2.4790001 53
-3.1719999 0.57499999 2.4690001 59
-2.983 0.42300001 2.4820001 73
-2.7909999 0.271 2.4920001 58
-2.599 0.13699999 2.4790001 48
-3.1849999 0.5 2.47 61
-2.9920001 0.354 2.4860001 74
-2.7850001 0.208 2.4860001 60
-2.5910001 0.079999998 2.4760001 48
-3.2 0.426 2.4749999 61
-2.9960001 0.285 2.4860001 80
-2.7839999 0.146 2.4860001 55
-2.589 0.024 2.48 54
-3.207 0.34999999 2.4749999 61
-2.9960001 0.21600001 2.4849999 70
-2.7820001 0.083999999 2.4879999 61
-2.585 -0.030999999 2.483 56
-3.2130001 0.27399999 2.4760001 59
-2.9979999 0.147 2.4860001 83
-2.776 0.022 2.4860001 58
-2.5739999 -0.086999997 2.48 52
-3.221 0.199 2.48 59
-3 0.079000004 2.4890001 77
-2.773 -0.039000001 2.4890001 56
-2.569 -0.142 2.483 51
-3.2190001 0.122 2.4779999 63
-2.9909999 0.0099999998 2.484 67
-2.77 -0.1 2.4920001 54
-2.5610001 -0.197 2.484 65
-3.217 0.046 2.477 59
-3 -0.057999998 2.4949999 72
-2.7620001 -0.161 2.493 49
-2.55 -0.252 2.4849999 60
-3.2179999 -0.028999999 2.48 52
-2.9849999 -0.126 2.4879999 68
-2.7539999 -0.223 2.494 49
-2.5450001 -0.30599999 2.4920001 51
-3.2190001 -0.105 2.4849999 53
-2.9790001 -0.19400001 2.49 63
-2.7509999 -0.28400001 2.5009999 54
-2.529 -0.359 2.4890001 56
-3.2130001 -0.18099999 2.4860001 58
-2.9820001 -0.26300001 2.5 78
-2.7409999 -0.34400001 2.5020001 56
-2.5179999 -0.41299999 2.4920001 63
-3.2090001 -0.257 2.4890001 56
-2.9690001 -0.331 2.4990001 61
-2.724 -0.40400001 2.5 61
-2.507 -0.46599999 2.4949999 56
-3.198 -0.333 2.49 58
-2.954 -0.398 2.497 68
-2.7130001 -0.463 2.5020001 66
-2.4890001 -0.51800001 2.493 65
-3.1830001 -0.40799999 2.4879999 58
-2.9419999 -0.465 2.4990001 67
-2.694 -0.52100003 2.4990001 61
-2.474 -0.57099998 2.4949999 66
-3.1670001 -0.48199999 2.487 54
-2.924 -0.53200001 2.4979999 67
-2.677 -0.57999998 2.4990001 67
-2.4590001 -0.62199998 2.4979999 65
-3.1500001 -0.55699998 2.487 57
-2.904 -0.597 2.4949999 68
-2.6589999 -0.63800001 2.4990001 67
-2.4419999 -0.67299998 2.4990001 60
-3.1340001 -0.63099998 2.49 57
-2.8929999 -0.66399997 2.5020001 66
-2.6440001 -0.69599998 2.503 62
-2.4200001 -0.72299999 2.4960001 69
-3.1229999 -0.70599997 2.497 58
-2.875 -0.73000002 2.5039999 67
-2.6240001 -0.75300002 2.503 64
-2.3970001 -0.77200001 2.493 85
-3.102 -0.77899998 2.4979999 60
-2.8540001 -0.79400003 2.5050001 70
-2.608 -0.81099999 2.5090001 67
-2.3559999 -0.81400001 2.4719999 150
-3.082 -0.85299999 2.5020001 58
-2.8369999 -0.86000001 2.5109999 68
-2.585 -0.86699998 2.5090001 62
-2.2650001 -0.83600003 2.398 150
-3.0550001 -0.92400002 2.5009999 55
-2.8150001 -0.92500001 2.5139999 71
-2.562 -0.92199999 2.51 65
-2.2160001 -0.87199998 2.369 151
-3.033 -0.99599999 2.506 60
-2.789 -0.98699999 2.5139999 68
-2.543 -0.97899997 2.5150001 62
-2.1670001 -0.90499997 2.3399999 150
-3.0009999 -1.066 2.5050001 57
-2.7609999 -1.049 2.5139999 66
-2.5120001 -1.031 2.51 64
-2.1199999 -0.93900001 2.3139999 64
-2.977 -1.138 2.5109999 61
-2.7219999 -1.107 2.506 54
-2.4860001 -1.085 2.5109999 62
-2.092 -0.97899997 2.3080001 46
-2.9389999 -1.204 2.507 52
-2.6900001 -1.166 2.5039999 56
-2.461 -1.1390001 2.5150001 57
-2.0739999 -1.024 2.3139999 52
-2.9059999 -1.273 2.51 52
-2.665 -1.229 2.5109999 52
-2.4300001 -1.1900001 2.5120001 59
-2.0439999 -1.064 2.309 49
-2.8800001 -1.344 2.5190001 51
-2.6340001 -1.288 2.513 53
-2.3759999 -1.229 2.4879999 150
-2.0250001 -1.108 2.3150001 51
-2.839 -1.408 2.517 50
-2.5999999 -1.347 2.5139999 48
-2.2590001 -1.232 2.3959999 150
-1.999 -1.149 2.3150001 51
-2.8010001 -1.474 2.5190001 48
-2.5650001 -1.404 2.5150001 43
-2.188 -1.256 2.3529999 129
-1.973 -1.189 2.3150001 46
-2.7590001 -1.5369999 2.52 43
-2.5309999 -1.462 2.5179999 41
-2.1289999 -1.285 2.322 40
-1.948 -1.23 2.3180001 45
-2.7149999 -1.598 2.5190001 36
-2.493 -1.517 2.5190001 41
-2.096 -1.3279999 2.3199999 38
-1.924 -1.272 2.322 49
-2.6670001 -1.6569999 2.516 36
-2.454 -1.571 2.5190001 49
-2.066 -1.373 2.322 41
-1.896 -1.311 2.323 48
-2.6259999 -1.72 2.5209999 34
-2.3380001 -1.574 2.4419999 129
-2.0320001 -1.416 2.322 37
-1.87 -1.352 2.3269999 49
-2.5780001 -1.777 2.5209999 34
-2.188 -1.5470001 2.325 55
-2.0020001 -1.46 2.325 41
-1.842 -1.39 2.329 58
-2.5250001 -1.831 2.517 34
-2.141 -1.5880001 2.316 37
-1.969 -1.5039999 2.3280001 41
-1.812 -1.428 2.329 52
-2.474 -1.886 2.517 37
-2.099 -1.632 2.3150001 39
-1.936 -1.546 2.3299999 38
-1.781 -1.465 2.3299999 56
-2.3629999 -1.892 2.4549999 42
-2.0580001 -1.678 2.316 39
-1.901 -1.5880001 2.332 38
-1.753 -1.503 2.3340001 53
-2.187 -1.8380001 2.323 43
-2.017 -1.722 2.3180001 45
-1.8660001 -1.6289999 2.335 40
-1.7180001 -1.5369999 2.3310001 58
-2.1340001 -1.883 2.3210001 42
-1.979 -1.771 2.325 46
-1.83 -1.669 2.3369999 46
-1.687 -1.573 2.3329999 60
-2.0829999 -1.927 2.3199999 42
-1.936 -1.813 2.3269999 44
-1.795 -1.71 2.3429999 50
-1.654 -1.607 2.3329999 61
-2.029 -1.97 2.319 44
-1.8940001 -1.8559999 2.3299999 58
-1.756 -1.748 2.3429999 56
-1.6210001 -1.642 2.3340001 48
-1.987 -2.023 2.3310001 55
-1.851 -1.899 2.335 63
-1.715 -1.7819999 2.3410001 55
-1.587 -1.675 2.335 56
-1.934 -2.0650001 2.332 43
-1.803 -1.937 2.3340001 64
-1.676 -1.8200001 2.3440001 59
-1.552 -1.7079999 2.335 53
-1.883 -2.1099999 2.339 56
-1.757 -1.976 2.336 64
-1.6339999 -1.853 2.3429999 55
-1.516 -1.739 2.335 57
-1.829 -2.1500001 2.3410001 58
-1.7079999 -2.0120001 2.3369999 58
-1.5930001 -1.888 2.345 60
-1.484 -1.775 2.3410001 53
-1.775 -2.191 2.345 59
-1.66 -2.049 2.339 59
-1.553 -1.924 2.349 55
-1.444 -1.801 2.336 58
-1.715 -2.223 2.342 47
-1.61 -2.082 2.339 63
-1.5089999 -1.955 2.348 53
-1.409 -1.834 2.339 53
-1.665 -2.2679999 2.3540001 57
-1.561 -2.1159999 2.342 62
-1.465 -1.985 2.3469999 47
-1.3710001 -1.864 2.3399999 53
-1.61 -2.3050001 2.359 55
-1.5089999 -2.1470001 2.3410001 60
-1.4220001 -2.0179999 2.3499999 52
-1.3329999 -1.893 2.3410001 43
-1.549 -2.3340001 2.358 53
-1.459 -2.1789999 2.3440001 58
-1.376 -2.0450001 2.349 52
-1.295 -1.9220001 2.3410001 52
-1.487 -2.3610001 2.355 48
-1.408 -2.211 2.348 57
-1.33 -2.072 2.348 41
-1.255 -1.948 2.3410001 49
-1.427 -2.3900001 2.358 46
-1.351 -2.233 2.3410001 42
-1.2869999 -2.1040001 2.3529999 53
-1.215 -1.974 2.3399999 52
-1.359 -2.405 2.3469999 41
-1.301 -2.2639999 2.3469999 48
-1.239 -2.1289999 2.3510001 48
-1.176 -2.003 2.3429999 58
-1.299 -2.431 2.349 45
-1.247 -2.289 2.348 50
-1.1900001 -2.1489999 2.346 46
-1.136 -2.029 2.3440001 51
-1.237 -2.4530001 2.349 42
-1.191 -2.309 2.3440001 46
-1.145 -2.1789999 2.352 46
-1.094 -2.053 2.3429999 53
-1.1720001 -2.4679999 2.3440001 45
-1.138 -2.336 2.349 44
-1.097 -2.2019999 2.3529999 47
-1.052 -2.076 2.3429999 55
-1.112 -2.4920001 2.348 43
-1.082 -2.3559999 2.348 47
-1.048 -2.223 2.3499999 43
-1.013 -2.1070001 2.3510001 57
-1.049 -2.51 2.349 43
-1.026 -2.375 2.3469999 43
-1 -2.2460001 2.3529999 45
-0.97000003 -2.1270001 2.349 54
-0.986 -2.526 2.3499999 43
-0.972 -2.3970001 2.3510001 45
-0.94999999 -2.2650001 2.3510001 42
-0.926 -2.148 2.348 54
-0.92400002 -2.543 2.352 44
-0.91500002 -2.4130001 2.3499999 50
-0.89999998 -2.2839999 2.3510001 41
-0.88300002 -2.1719999 2.3510001 51
-0.861 -2.5569999 2.3529999 43
-0.85799998 -2.427 2.349 46
-0.85100001 -2.306 2.355 45
-0.838 -2.1889999 2.3469999 58
-0.79799998 -2.5669999 2.3529999 42
-0.80199999 -2.4430001 2.3510001 54
-0.80199999 -2.325 2.3570001 42
-0.79299998 -2.21 2.349 52
-0.73500001 -2.579 2.355 47
-0.74400002 -2.4530001 2.348 44
-0.75 -2.339 2.3540001 39
-0.75 -2.233 2.3540001 43
-0.671 -2.5840001 2.3529999 45
-0.68800002 -2.467 2.3499999 47
-0.69999999 -2.358 2.359 47
-0.70499998 -2.2539999 2.3570001 56
-0.60799998 -2.5929999 2.355 46
-0.63099998 -2.4790001 2.3510001 46
-0.64899999 -2.372 2.358 43
-0.65700001 -2.266 2.352 62
-0.546 -2.598 2.3559999 44
-0.57300001 -2.487 2.3510001 47
-0.597 -2.382 2.3559999 45
-0.61199999 -2.2869999 2.3570001 60
-0.48199999 -2.6010001 2.3559999 43
-0.51700002 -2.497 2.3529999 46
-0.54500002 -2.395 2.3570001 42
-0.56300002 -2.2950001 2.349 43
-0.419 -2.599 2.3529999 43
-0.46000001 -2.507 2.3570001 48
-0.493 -2.405 2.355 42
-0.51700002 -2.3150001 2.355 49
-0.35800001 -2.6070001 2.3599999 46
-0.40200001 -2.513 2.3570001 49
-0.44 -2.4159999 2.3559999 44
-0.47 -2.3280001 2.3540001 49
-0.29499999 -2.6010001 2.3559999 46
-0.34400001 -2.51 2.3510001 44
-0.38800001 -2.4260001 2.358 46
-0.42199999 -2.3429999 2.3559999 44
-0.233 -2.595 2.3529999 47
-0.28799999 -2.5220001 2.3599999 45
-0.336 -2.4330001 2.3570001 46
-0.37400001 -2.3559999 2.358 51
-0.17200001 -2.595 2.3570001 40
-0.23100001 -2.5280001 2.3640001 48
-0.28299999 -2.4389999 2.3559999 44
-0.32499999 -2.368 2.358 55
-0.111 -2.5880001 2.3570001 45
-0.17299999 -2.52 2.3559999 39
-0.23 -2.448 2.359 43
-0.27599999 -2.3770001 2.3559999 52
-0.050000001 -2.5799999 2.3559999 50
-0.116 -2.5220001 2.3599999 46
-0.177 -2.451 2.358 41
-0.226 -2.3840001 2.3540001 52
0.0089999996 -2.5739999 2.358 52
-0.059999999 -2.5139999 2.3540001 44
-0.124 -2.454 2.358 44
-0.176 -2.395 2.3570001 46
0.068999998 -2.5650001 2.3599999 52
-0.003 -2.5120001 2.3559999 45
-0.071000002 -2.4579999 2.3599999 44
-0.126 -2.402 2.3559999 50
0.068000004 -1.367 1.263 1
0.052999999 -2.513 2.362 52
-0.017000001 -2.461 2.3610001 53
-0.075999998 -2.4100001 2.358 41
0.1 -1.3710001 1.273 11
0.109 -2.506 2.3599999 35
0.035 -2.457 2.3570001 47
-0.025 -2.4170001 2.3599999 43
0.132 -1.367 1.277 10
0.090000004 -1.367 1.291 10
0.088 -2.4579999 2.359 43
0.025 -2.4200001 2.358 43
0.164 -1.369 1.286 8
0.121 -1.368 1.2970001 10
0.078000002 -1.3660001 1.312 10
0.075999998 -2.425 2.359 46
0.197 -1.368 1.294 7
0.152 -1.374 1.308 9
0.108 -1.36 1.307 10
0.071000002 -1.36 1.322 3
0.23100001 -1.38 1.3150001 6
0.183 -1.369 1.308 8
0.139 -1.3710001 1.3200001 9
0.101 -1.368 1.3279999 11
0.264 -1.3789999 1.324 4
0.214 -1.3660001 1.312 6
0.168 -1.367 1.319 8
0.12899999 -1.364 1.324 10
0.296 -1.377 1.3329999 3
0.24600001 -1.37 1.323 5
0.2 -1.376 1.332 7
0.15899999 -1.3710001 1.332 9
0.329 -1.376 1.344 3
0.27700001 -1.367 1.3279999 4
0.23100001 -1.3789999 1.3380001 5
0.189 -1.37 1.332 7
0.36300001 -1.374 1.354 2
0.31099999 -1.377 1.347 3
0.26199999 -1.382 1.346 4
0.21799999 -1.368 1.331 6
0.39899999 -1.38 1.374 2
0.34400001 -1.3789999 1.357 3
0.294 -1.381 1.351 4
0.248 -1.367 1.3329999 5
0.43099999 -1.374 1.382 2
0.377 -1.38 1.369 2
0.32499999 -1.383 1.359 3
0.28099999 -1.378 1.346 4
0.46799999 -1.38 1.404 2
0.40900001 -1.376 1.376 2
0.35600001 -1.3789999 1.3609999 3
0.31200001 -1.378 1.349 3
0.49900001 -1.369 1.408 2
0.44299999 -1.375 1.386 2
0.38999999 -1.383 1.373 2
0.34099999 -1.372 1.347 3
0.53899997 -1.378 1.4349999 2
0.47799999 -1.38 1.404 2
0.42399999 -1.388 1.386 2
0.373 -1.375 1.355 3
0.57499999 -1.378 1.4529999 2
0.51200002 -1.378 1.415 2
0.456 -1.3839999 1.392 2
0.40599999 -1.3789999 1.364 3
0.61400002 -1.381 1.476 2
0.54699999 -1.378 1.429 2
0.48899999 -1.383 1.4 2
0.43799999 -1.378 1.369 2
0.65399998 -1.387 1.503 2
0.58399999 -1.38 1.447 2
0.52499998 -1.387 1.414 2
0.47299999 -1.382 1.38 2
0.69099998 -1.382 1.52 2
0.61900002 -1.376 1.4579999 2
0.56 -1.387 1.426 2
0.50700003 -1.3839999 1.3890001 2
0.73199999 -1.386 1.5470001 2
0.66000003 -1.3839999 1.484 2
0.59600002 -1.3890001 1.441 2
0.54100001 -1.385 1.398 2
0.76800001 -1.377 1.561 0
0.69599998 -1.381 1.499 2
0.63 -1.3839999 1.448 2
0.57499999 -1.382 1.405 2
1.202 -2.0450001 2.3559999 23
0.73699999 -1.386 1.524 2
0.66799998 -1.385 1.464 2
0.61000001 -1.381 1.414 2
1.244 -2.0120001 2.358 46
0.77499998 -1.382 1.54 2
0.704 -1.3839999 1.477 2
0.64700001 -1.3839999 1.428 2
1.285 -1.977 2.358 46
1.219 -2.0650001 2.3340001 22
0.745 -1.387 1.497 2
0.68599999 -1.387 1.443 2
1.323 -1.939 2.355 43
1.272 -2.05 2.3510001 39
0.78500003 -1.388 1.516 2
0.72399998 -1.388 1.456 2
1.362 -1.904 2.3559999 41
1.314 -2.017 2.3499999 45
0.83099997 -1.397 1.544 2
0.76599997 -1.393 1.476 2
1.398 -1.864 2.352 41
1.358 -1.987 2.3510001 49
0.87 -1.393 1.559 2
0.80500001 -1.391 1.489 2
1.4349999 -1.827 2.3529999 36
1.4 -1.955 2.3529999 47
1.357 -2.0699999 2.3469999 31
0.84899998 -1.395 1.5089999 2
1.473 -1.7920001 2.3570001 41
1.443 -1.923 2.355 51
1.404 -2.043 2.349 40
0.889 -1.392 1.523 1
1.507 -1.752 2.355 39
1.4809999 -1.887 2.352 44
1.451 -2.0150001 2.352 48
0.92900002 -1.387 1.536 0
1.5369999 -1.709 2.3499999 38
1.522 -1.853 2.3540001 43
1.4960001 -1.984 2.3529999 46
0.972 -1.3839999 1.552 0
1.575 -1.674 2.3570001 42
1.559 -1.816 2.3529999 41
1.541 -1.9529999 2.3529999 48
1.517 -2.063 2.345 31
1.6059999 -1.6339999 2.3559999 36
1.597 -1.779 2.352 44
1.587 -1.924 2.358 45
1.572 -2.0420001 2.355 50
1.637 -1.5930001 2.355 39
1.636 -1.744 2.355 47
1.628 -1.887 2.355 41
1.619 -2.01 2.3540001 52
1.668 -1.554 2.3570001 36
1.67 -1.704 2.352 41
1.665 -1.847 2.3469999 33
1.669 -1.9809999 2.3570001 43
1.696 -1.512 2.3559999 34
1.7029999 -1.663 2.3499999 40
1.7130001 -1.818 2.3570001 47
1.717 -1.949 2.359 61
1.723 -1.47 2.355 37
1.74 -1.626 2.352 45
1.752 -1.779 2.3540001 44
1.76 -1.91 2.3540001 52
1.753 -1.4299999 2.359 39
1.772 -1.585 2.352 47
1.79 -1.739 2.3510001 41
1.8049999 -1.874 2.3529999 49
1.778 -1.386 2.3570001 40
1.802 -1.5420001 2.348 43
1.8279999 -1.7 2.3510001 42
1.849 -1.836 2.352 48
1.798 -1.34 2.3510001 38
1.835 -1.501 2.349 44
1.8660001 -1.66 2.3499999 41
1.891 -1.7970001 2.349 43
1.825 -1.3 2.3540001 39
1.862 -1.457 2.3440001 45
1.899 -1.6160001 2.3440001 42
1.9349999 -1.758 2.349 51
1.844 -1.2539999 2.349 38
1.8940001 -1.4170001 2.3469999 48
1.939 -1.5779999 2.348 42
1.977 -1.717 2.348 53
1.865 -1.21 2.348 48
1.925 -1.376 2.3499999 55
1.973 -1.534 2.346 42
2.016 -1.674 2.345 48
1.8890001 -1.168 2.3510001 51
1.949 -1.329 2.345 49
2.007 -1.49 2.345 49
2.0610001 -1.635 2.3499999 52
1.9069999 -1.123 2.348 51
1.975 -1.285 2.3440001 50
2.043 -1.448 2.3469999 44
2.095 -1.587 2.3429999 44
1.923 -1.0779999 2.3440001 55
2.0009999 -1.2410001 2.345 50
2.075 -1.403 2.3469999 47
2.131 -1.54 2.339 48
1.941 -1.033 2.3440001 50
2.026 -1.196 2.3440001 56
2.102 -1.355 2.3410001 53
2.1719999 -1.497 2.3429999 53
1.96 -0.99000001 2.345 52
2.0480001 -1.15 2.3410001 61
2.1329999 -1.309 2.3410001 51
2.21 -1.451 2.3440001 64
1.975 -0.94499999 2.3429999 58
2.072 -1.104 2.342 59
2.1619999 -1.262 2.3399999 53
2.243 -1.401 2.3399999 50
1.993 -0.90200001 2.346 55
2.0929999 -1.058 2.3410001 62
2.191 -1.215 2.3399999 58
2.2820001 -1.355 2.3440001 52
2.007 -0.85699999 2.345 58
2.1110001 -1.01 2.3369999 62
2.22 -1.1670001 2.3410001 63
2.316 -1.3049999 2.3440001 57
2.0179999 -0.81099999 2.342 56
2.135 -0.96499997 2.342 64
2.2449999 -1.117 2.339 63
2.345 -1.253 2.3399999 54
2.03 -0.76599997 2.3399999 54
2.155 -0.91799998 2.3429999 62
2.2650001 -1.0650001 2.3340001 67
2.3789999 -1.2029999 2.3429999 60
2.0409999 -0.722 2.3380001 59
2.1700001 -0.87 2.339 61
2.296 -1.0190001 2.339 65
2.4089999 -1.151 2.342 70
2.0550001 -0.67799997 2.342 50
2.188 -0.82200003 2.3399999 62
2.312 -0.96499997 2.332 66
2.4349999 -1.096 2.3380001 66
2.0639999 -0.63300002 2.3399999 54
2.2019999 -0.77399999 2.3369999 66
2.3329999 -0.91299999 2.3310001 65
2.464 -1.0420001 2.339 72
2.0829999 -0.59100002 2.3499999 21
2.2119999 -0.72399998 2.332 59
2.358 -0.86299998 2.335 60
2.4909999 -0.98699999 2.339 70
0 0 0 0
2.2309999 -0.676 2.336 53
2.3789999 -0.81099999 2.336 63
2.5139999 -0.93099999 2.3369999 70
0 0 0 0
2.2609999 -0.63200003 2.3540001 6
2.391 -0.75599998 2.329 67
2.5369999 -0.87400001 2.336 67
0 0 0 0
0 0 0 0
2.425 -0.708 2.3440001 23
2.5669999 -0.81999999 2.342 71
0 0 0 0
0 0 0 0
0 0 0 0
2.5899999 -0.76300001 2.3440001 37
0 0 0 0
0 0 0 0
0 0 0 0
0 0 0 0
0 0 0 0
0 0 0 0
0 0 0 0
0 0 0 0
0 0 0 0
0 0 0 0
0 0 0 0
0 0 0 0
0 0 0 2
0 0 0 0
0 0 0 0
0 0 0 0
0 0 0 0
0 0 0 0
0 0 0 0
0 0 0 0
0 0 0 8
0.44400001 -0.044 0.449 4
0 0 0 0
0 0 0 0
0 0 0 0
0.43799999 -0.034000002 0.44100001 7
0.48100001 -0.050999999 0.447 3
0 0 0 0
0 0 0 0
0.43700001 -0.024 0.44 2
0.48100001 -0.039999999 0.44600001 5
0.51499999 -0.052999999 0.44600001 4
0 0 0 0
0 0 0 0
0.48100001 -0.028999999 0.44499999 2
0.51800001 -0.041000001 0.447 5
0 0 0 0
0 0 0 0
0 0 0 0
0 0 0 0
0 0 0 0
0 0 0 0
0 0 0 0
0 0 0 0
0 0 0 6
0.44400001 0.013 0.44600001 4
0 0 0 0
0 0 0 0
0 0 0 0
0.43799999 0.022 0.44100001 7
0.48100001 0.013 0.44299999 5
0.52700001 0.0060000001 0.45100001 4
0 0 0 6
0.44299999 0.032000002 0.44600001 4
0 0 0 0
0.51700002 0.017999999 0.44299999 7
0 0 0 0
0.43599999 0.041000001 0.44 7
0.48100001 0.035 0.44499999 5
0.51999998 0.029999999 0.44499999 5
0 0 0 0
0.43700001 0.050000001 0.44299999 2
0 0 0 0
0.51999998 0.041999999 0.44600001 7
0 0 0 0
0 0 0 0
0.46799999 0.055 0.43399999 1
0.523 0.055 0.449 4
0 0 0 0
0 0 0 0
0 0 0 0
0 0 0 0
0 0 0 0
0 0 0 0
0 0 0 0
0 0 0 0
0 0 0 4
0 0 0 0
0 0 0 0
0 0 0 0
0 0 0 8
0 0 0 0
0 0 0 0
0 0 0 0
0 0 0 6
0.42899999 0.107 0.44400001 4
0.46799999 0.11 0.442 5
0 0 0 0
0 0 0 7
0 0 0 0
0.465 0.12 0.44100001 7
0.505 0.126 0.44400001 6
0 0 0 6
0.426 0.126 0.44600001 4
0 0 0 0
0 0 0 0
0 0 0 0
0 0 0 0
0.461 0.141 0.44299999 7
0.49599999 0.148 0.442 4
0 0 0 6
0.417 0.14300001 0.442 4
0 0 0 0
0 0 0 0
0 0 0 0
0 0 0 0
0.454 0.162 0.44299999 7
0.442 0.155 0.40000001 3
0 0 0 6
0.41600001 0.163 0.44800001 4
0 0 0 0
0 0 0 0
0 0 0 0
0 0 0 0
0.44499999 0.182 0.442 7
0.45899999 0.186 0.42300001 3
0 0 0 6
0.40400001 0.17900001 0.44299999 4
0 0 0 0
0 0 0 0
0 0 0 0
0 0 0 0
0.433 0.2 0.43900001 7
0.46900001 0.21600001 0.44100001 5
0 0 0 6
0.39700001 0.197 0.44400001 4
0 0 0 0
0.46200001 0.226 0.44 7
0 0 0 0
0.38800001 0.20299999 0.43900001 7
0.42399999 0.22 0.43900001 4
0.46000001 0.23800001 0.44299999 5
0 0 0 6
0.38499999 0.212 0.43900001 4
0.414 0.227 0.43399999 4
0.45199999 0.248 0.442 5
0 0 0 6
0 0 0 0
0.412 0.23800001 0.43799999 7
0.442 0.25600001 0.43799999 6
0 0 0 6
0.37599999 0.229 0.44100001 4
0 0 0 0
0.43700001 0.26699999 0.43900001 7
0 0 0 0
0 0 0 0
0.39899999 0.255 0.43599999 6
0.433 0.278 0.442 5
0 0 0 6
0.366 0.245 0.44 4
0.396 0.266 0.43900001 4
0.42300001 0.28600001 0.43900001 6
0 0 0 0
0 0 0 0
0.38600001 0.27200001 0.435 6
0.41600001 0.296 0.43900001 6
0 0 0 6
0.35699999 0.26199999 0.442 4
0 0 0 0
0.40900001 0.30599999 0.43900001 7
0 0 0 0
0 0 0 0
0.375 0.29100001 0.43799999 7
0.40099999 0.315 0.43900001 5
0 0 0 5
0.34099999 0.27399999 0.43599999 4
0.368 0.29899999 0.43700001 4
0.391 0.322 0.43700001 5
0 0 0 0
0 0 0 0
0.36199999 0.308 0.43799999 6
0.384 0.33199999 0.43799999 5
0 0 0 3
0.331 0.28999999 0.43799999 4
0 0 0 0
0.373 0.338 0.435 7
0 0 0 0
0 0 0 0
0.345 0.32100001 0.435 6
0.36500001 0.347 0.43599999 5
0 0 0 3
0.198 0.189 0.27200001 3
0 0 0 0
0.35499999 0.35299999 0.43399999 6
0 0 0 0
0 0 0 0
0.32800001 0.33500001 0.43399999 6
0.347 0.36199999 0.435 5
0.177 0.18000001 0.27000001 4
0.18099999 0.18799999 0.25999999 3
0.21699999 0.23199999 0.294 4
0.338 0.37 0.43599999 5
0 0 0 0
0 0 0 0
0.182 0.20299999 0.252 3
0.31900001 0.366 0.42199999 4
0.175 0.193 0.278 4
0.18099999 0.206 0.273 3
0 0 0 0
0 0 0 0
0 0 0 0
0 0 0 0
0.18000001 0.221 0.264 3
0.183 0.23199999 0.25799999 4
0.176 0.211 0.29100001 4
0.17900001 0.222 0.28200001 3
0 0 0 0
0 0 0 0
0 0 0 0
0 0 0 0
0.176 0.237 0.27399999 4
0.18099999 0.252 0.27200001 4
0.17399999 0.228 0.303 4
0.177 0.23999999 0.296 3
0 0 0 0
0 0 0 0
0 0 0 0
0 0 0 0
0.175 0.259 0.28999999 4
0.18000001 0.27700001 0.28999999 4
0.169 0.241 0.31 4
0.171 0.255 0.30399999 3
0 0 0 0
0 0 0 0
0 0 0 0
0 0 0 0
0.175 0.28600001 0.31200001 3
0.18000001 0.30700001 0.315 3
0.167 0.25999999 0.324 4
0.17200001 0.28200001 0.32600001 2
0 0 0 0
0 0 0 0
0 0 0 0
0 0 0 0
0.17299999 0.31600001 0.336 2
0.18700001 0.35699999 0.35699999 2
0.167 0.28600001 0.34599999 3
0.17200001 0.31299999 0.35299999 2
0 0 0 0
1.124 2.277 2.257 38
0 0 0 0
0 0 0 0
1.074 2.1819999 2.2709999 1
1.071 2.303 2.2620001 68
0.154 0.29100001 0.34200001 2
0 0 0 0
1.02 2.1960001 2.263 9
1.0140001 2.3210001 2.2609999 75
0 0 0 0
0.97399998 2.0769999 2.2590001 55
0.96600002 2.21 2.256 58
0.95200002 2.326 2.2490001 58
0.94400001 1.978 2.2639999 2
0.93000001 2.1010001 2.2620001 64
0.91299999 2.224 2.2520001 56
0.89399999 2.3399999 2.2479999 64
0.90399998 2.0009999 2.263 55
0.88200003 2.1170001 2.2550001 57
0.86000001 2.2409999 2.2509999 55
0.83700001 2.3559999 2.2490001 59
0.86299998 2.0239999 2.263 58
0.83600003 2.138 2.257 57
0.80800003 2.256 2.25 50
0.77899998 2.3670001 2.247 50
0.82200003 2.0469999 2.263 60
0.78899997 2.1559999 2.256 57
0.75599998 2.2720001 2.25 45
0.722 2.3789999 2.2479999 53
0.77999997 2.066 2.26 56
0.741 2.1700001 2.2509999 46
0.704 2.286 2.25 53
0.66399997 2.388 2.247 55
0.73699999 2.0840001 2.256 41
0.69499999 2.1900001 2.2550001 57
0.65100002 2.3 2.2509999 50
0.60699999 2.3959999 2.247 58
0.69499999 2.1070001 2.26 54
0.64600003 2.201 2.25 51
0.597 2.309 2.2490001 54
0.54900002 2.404 2.2479999 54
0.65200001 2.125 2.2579999 54
0.597 2.2160001 2.2490001 52
0.54500002 2.3210001 2.2509999 56
0.491 2.4059999 2.244 54
0.60799998 2.1429999 2.257 57
0.54900002 2.2320001 2.2520001 61
0.49000001 2.326 2.2479999 53
0.433 2.411 2.2460001 55
0.56300002 2.1600001 2.257 52
0.50099999 2.2449999 2.2520001 57
0.43700001 2.3329999 2.247 52
0.37599999 2.4130001 2.2449999 56
0.51800001 2.175 2.2550001 55
0.45100001 2.2550001 2.2509999 56
0.384 2.342 2.25 54
0.31900001 2.414 2.2449999 56
0.472 2.187 2.2509999 52
0.40200001 2.266 2.2509999 57
0.33000001 2.3410001 2.2449999 51
0.26100001 2.4100001 2.2409999 52
0.426 2.201 2.2490001 54
0.352 2.2750001 2.2509999 56
0.27599999 2.342 2.2409999 57
0.205 2.4100001 2.244 59
0.38 2.2160001 2.2509999 53
0.30199999 2.277 2.244 54
0.223 2.3510001 2.2479999 55
0.148 2.4070001 2.244 53
0.33199999 2.2249999 2.2460001 51
0.252 2.289 2.2490001 54
0.169 2.346 2.2420001 50
0.090999998 2.3959999 2.2379999 61
0.285 2.2379999 2.247 55
0.20100001 2.2939999 2.2479999 54
0.115 2.348 2.2449999 56
0.035 2.3970001 2.2449999 57
0.23800001 2.25 2.2479999 52
0.15099999 2.296 2.2449999 50
0.061999999 2.3469999 2.2460001 51
-0.018999999 2.3889999 2.244 59
0.189 2.2579999 2.2460001 49
0.101 2.303 2.2479999 56
0.0089999996 2.3429999 2.244 53
-0.074000001 2.3770001 2.2409999 59
0.142 2.2709999 2.2490001 50
0.050000001 2.3050001 2.247 56
-0.043000001 2.3380001 2.243 55
-0.12899999 2.369 2.243 57
0.093000002 2.2739999 2.2449999 56
0 2.3039999 2.2449999 57
-0.096000001 2.335 2.2449999 57
-0.183 2.3540001 2.24 57
0.043000001 2.28 2.244 54
-0.050999999 2.306 2.2460001 59
-0.148 2.3280001 2.2449999 52
-0.236 2.3369999 2.2360001 58
-0.0049999999 2.2880001 2.2460001 55
-0.102 2.303 2.2449999 57
-0.2 2.3169999 2.2420001 56
-0.28999999 2.3269999 2.24 58
-0.055 2.29 2.243 55
-0.153 2.299 2.243 55
-0.252 2.3099999 2.243 57
-0.34299999 2.3139999 2.2420001 61
-0.105 2.2920001 2.2409999 56
-0.204 2.2980001 2.244 56
-0.30399999 2.302 2.2449999 58
-0.39399999 2.296 2.2409999 56
-0.155 2.2950001 2.2420001 51
-0.255 2.293 2.244 56
-0.354 2.2839999 2.2390001 54
-0.44600001 2.2780001 2.24 49
-0.205 2.2980001 2.244 56
-0.30500001 2.2850001 2.2409999 59
-0.40599999 2.276 2.243 65
-0.49599999 2.257 2.2379999 61
-0.25600001 2.2939999 2.2390001 55
-0.35600001 2.28 2.243 53
-0.456 2.2620001 2.2420001 53
-0.54500002 2.2349999 2.2360001 57
-0.30700001 2.293 2.2390001 58
-0.40700001 2.273 2.243 59
-0.50599998 2.2460001 2.2409999 59
-0.59600002 2.22 2.2409999 64
-0.35800001 2.293 2.2409999 53
-0.456 2.2609999 2.24 56
-0.55599999 2.2320001 2.243 58
-0.64399999 2.198 2.2420001 60
-0.40799999 2.2869999 2.2379999 52
-0.50700003 2.253 2.243 57
-0.60500002 2.2119999 2.2409999 57
-0.69 2.1689999 2.2360001 63
-0.46000001 2.283 2.2390001 53
-0.55599999 2.2390001 2.24 58
-0.65200001 2.191 2.2379999 62
-0.73799998 2.148 2.24 63
-0.51099998 2.277 2.2390001 55
-0.60600001 2.227 2.24 60
-0.70200002 2.1789999 2.2449999 58
-0.78500003 2.1240001 2.2409999 64
-0.56199998 2.2690001 2.2379999 54
-0.65600002 2.2130001 2.24 58
-0.74900001 2.1559999 2.2420001 60
-0.82999998 2.096 2.2390001 62
-0.61299998 2.2609999 2.237 58
-0.70499998 2.2 2.2420001 58
-0.796 2.1359999 2.243 61
-0.87599999 2.073 2.243 61
-0.66500002 2.2509999 2.237 59
-0.75400001 2.181 2.2390001 59
-0.84399998 2.115 2.2460001 60
-0.92000002 2.0450001 2.2449999 55
-0.71499997 2.237 2.234 56
-0.80299997 2.1659999 2.2420001 58
-0.889 2.0899999 2.244 59
-0.96200001 2.0150001 2.243 63
-0.76700002 2.2279999 2.237 54
-0.852 2.151 2.244 61
-0.935 2.0680001 2.247 59
-1.005 1.9859999 2.2449999 64
-0.81800002 2.2160001 2.2379999 59
-0.89899999 2.1289999 2.2409999 56
-0.98000002 2.0439999 2.2490001 58
-1.0470001 1.957 2.247 59
-0.87 2.2030001 2.2390001 56
-0.94800001 2.1129999 2.2460001 58
-1.024 2.0190001 2.2490001 60
-1.086 1.924 2.244 57
-0.92199999 2.1900001 2.2420001 51
-0.99400002 2.0899999 2.2449999 64
-1.066 1.989 2.247 49
-1.127 1.895 2.2490001 59
-0.972 2.1719999 2.2409999 54
-1.041 2.066 2.244 53
-1.1109999 1.967 2.2539999 61
-1.168 1.8660001 2.253 64
-1.021 2.152 2.2390001 54
-1.0880001 2.0469999 2.2479999 60
-1.152 1.936 2.253 52
-1.205 1.831 2.253 67
-1.073 2.138 2.2449999 55
-1.1339999 2.023 2.25 59
-1.193 1.906 2.2520001 53
-1.2410001 1.7970001 2.253 68
-1.1210001 2.1140001 2.2409999 55
-1.177 1.992 2.244 62
-1.234 1.877 2.2550001 56
-1.276 1.761 2.2520001 66
-1.168 2.0880001 2.237 57
-1.225 1.971 2.2509999 64
-1.275 1.847 2.257 58
-1.3099999 1.724 2.2509999 59
-1.2180001 2.066 2.2390001 57
-1.268 1.942 2.25 57
-1.311 1.811 2.253 64
-1.345 1.691 2.2550001 73
-1.267 2.043 2.24 51
-1.3099999 1.913 2.2490001 55
-1.35 1.78 2.256 59
-1.3789999 1.655 2.256 66
-1.316 2.0190001 2.2420001 58
-1.355 1.886 2.253 62
-1.387 1.747 2.257 61
-1.408 1.615 2.2520001 67
-1.365 1.993 2.244 50
-1.395 1.852 2.25 58
-1.423 1.711 2.256 60
-1.441 1.581 2.2579999 70
-1.411 1.965 2.243 53
-1.429 1.812 2.24 80
-1.408 1.619 2.1800001 150
-1.378 1.444 2.115 49
-1.347 1.789 2.0739999 29
-1.359 1.645 2.072 43
-1.373 1.508 2.076 44
-1.375 1.3789999 2.0699999 53
-1.373 1.739 2.049 150
-1.46 1.6900001 2.1689999 150
-1.446 1.52 2.1400001 150
-1.3940001 1.337 2.062 46
-1.5470001 1.8710001 2.2420001 65
-1.557 1.721 2.2539999 62
-1.432 1.439 2.075 150
-1.438 1.318 2.0899999 150
-1.597 1.844 2.25 64
-1.594 1.686 2.2539999 62
-1.571 1.51 2.2309999 150
-1.465 1.284 2.0940001 155
-1.6390001 1.808 2.2479999 65
-1.595 1.612 2.204 150
-1.625 1.494 2.2650001 63
-1.605 1.346 2.2609999 63
-1.7029999 1.794 2.276 150
-1.669 1.612 2.256 66
-1.6289999 1.432 2.23 150
-1.632 1.307 2.2650001 63
-1.421 1.431 1.853 7
-1.761 1.627 2.3310001 152
-1.686 1.4170001 2.2690001 64
-1.654 1.266 2.2650001 65
-1.4680001 1.4119999 1.869 3
-1.376 1.215 1.785 6
-1.751 1.406 2.3180001 150
-1.545 1.1289999 2.0880001 160
-1.965 1.8049999 2.4460001 72
-1.931 1.6289999 2.4590001 71
-1.896 1.455 2.473 81
-1.698 1.184 2.267 63
-1.38 1.211 1.682 5
-1.972 1.589 2.4660001 72
-1.932 1.415 2.483 150
-1.73 1.151 2.2839999 104
-2.0569999 1.723 2.4549999 67
-2.007 1.544 2.467 72
-1.461 1.021 1.852 6
-1.793 1.137 2.342 151
-2.0969999 1.677 2.4549999 64
-1.441 1.057 1.7410001 4
-1.9859999 1.323 2.484 65
-1.899 1.146 2.4560001 146
-2.1359999 1.6289999 2.454 65
-2.0780001 1.454 2.473 78
-2.013 1.277 2.4860001 65
-1.933 1.109 2.4760001 63
-1.449 1.053 1.635 8
-2.1059999 1.405 2.47 69
-2.0309999 1.227 2.48 62
-1.9529999 1.0650001 2.48 59
-2.2190001 1.536 2.4619999 76
-2.135 1.355 2.4679999 72
-2.0550001 1.1799999 2.4809999 65
-1.97 1.0190001 2.4809999 112
-2.256 1.4859999 2.4619999 73
-2.1670001 1.308 2.471 70
-2.079 1.133 2.484 66
-1.402 0.68699998 1.753 4
-2.2980001 1.439 2.4690001 71
-2.1919999 1.256 2.4690001 71
-2.095 1.0829999 2.48 69
-1.998 0.92500001 2.48 63
-2.323 1.381 2.461 75
-2.2149999 1.204 2.4649999 71
-1.396 0.68300003 1.637 5
-2.0109999 0.87800002 2.48 68
-2.355 1.3279999 2.46 74
-2.243 1.154 2.4679999 76
-2.1359999 0.98699999 2.484 71
-2.0250001 0.833 2.483 65
-2.3940001 1.277 2.4679999 74
-1.387 0.67400002 1.51 3
-2.155 0.93800002 2.4860001 70
-2.0369999 0.787 2.484 71
-1.378 0.69499999 1.403 15
-2.289 1.05 2.4679999 71
-2.1730001 0.88999999 2.4879999 68
-2.0469999 0.74000001 2.484 69
-1.392 0.662 1.401 7
-2.313 0.99900001 2.471 75
-2.188 0.83999997 2.4879999 61
-2.0480001 0.69099998 2.4749999 62
-2.4649999 1.103 2.4530001 83
-2.335 0.94599998 2.4719999 78
-2.198 0.78899997 2.4849999 59
-2.062 0.64600003 2.4809999 107
-2.4890001 1.045 2.4519999 87
-2.3540001 0.89300001 2.473 75
-2.214 0.74000001 2.4879999 70
-1.477 0.428 1.771 1
-2.52 0.99000001 2.46 75
-2.3770001 0.83999997 2.4779999 67
-1.47 0.45500001 1.6440001 2
-2.072 0.55299997 2.4779999 66
-2.5480001 0.93300003 2.4649999 67
-2.3889999 0.78399998 2.473 79
-1.492 0.426 1.66 3
-2.0810001 0.50700003 2.4820001 59
-2.572 0.875 2.4679999 65
-1.473 0.447 1.516 12
-2.2420001 0.588 2.4849999 64
-2.0580001 0.45500001 2.4489999 150
-1.4680001 0.46200001 1.398 14
-1.456 0.40599999 1.49 2
-2.253 0.53799999 2.4879999 69
-1.933 0.384 2.2969999 75
-1.473 0.42500001 1.393 23
-2.4289999 0.61900002 2.4719999 72
-2.2590001 0.48699999 2.4860001 58
-1.9299999 0.34099999 2.29 66
-2.6270001 0.69300002 2.4679999 65
-2.438 0.56199998 2.47 70
-2.155 0.41600001 2.3659999 150
-1.932 0.29899999 2.2909999 61
-2.641 0.63099998 2.4679999 63
-2.4519999 0.50700003 2.474 70
-2.1630001 0.368 2.369 150
-1.929 0.257 2.2869999 69
-2.655 0.56999999 2.4690001 64
-2.46 0.45100001 2.474 65
-2.165 0.31999999 2.368 150
-1.933 0.215 2.2909999 71
-2.6689999 0.50800002 2.471 62
-2.4690001 0.39500001 2.4749999 67
-2.1730001 0.273 2.3729999 150
-1.933 0.17399999 2.2920001 65
-2.6789999 0.44499999 2.471 66
-2.4809999 0.34 2.4820001 69
-2.1760001 0.22499999 2.3740001 150
-1.933 0.133 2.2939999 65
-2.6889999 0.382 2.473 65
-2.483 0.28299999 2.4790001 71
-2.171 0.176 2.368 150
-1.933 0.092 2.2969999 68
-2.697 0.31999999 2.473 73
-2.4849999 0.226 2.4790001 65
-2.171 0.12899999 2.368 150
-1.931 0.050999999 2.2980001 70
-2.7049999 0.25600001 2.4760001 64
-2.4909999 0.17 2.483 63
-2.171 0.081 2.3699999 150
-1.92 0.0099999998 2.29 62
-2.7090001 0.193 2.477 65
-2.49 0.113 2.4809999 61
-2.1570001 0.033 2.358 150
-1.924 -0.029999999 2.3 65
-2.711 0.13 2.4779999 63
-2.493 0.057 2.4849999 65
-2.158 -0.013 2.3629999 150
-1.9220001 -0.07 2.303 67
-2.7130001 0.066 2.4790001 61
-2.4909999 0.001 2.4849999 66
-2.1500001 -0.059 2.358 150
-1.914 -0.11 2.3010001 61
-2.7119999 0.0020000001 2.48 64
-2.49 -0.055 2.4879999 60
-2.1400001 -0.106 2.3529999 150
-1.908 -0.15000001 2.302 70
-2.711 -0.059999999 2.4820001 65
-2.483 -0.111 2.4860001 62
-2.131 -0.152 2.349 150
-1.898 -0.189 2.2980001 62
-2.7060001 -0.124 2.4820001 60
-2.4809999 -0.167 2.4890001 65
-2.1140001 -0.197 2.3380001 150
-1.892 -0.229 2.3010001 63
-2.7060001 -0.18700001 2.4879999 52
-2.4760001 -0.223 2.4920001 61
-2.0940001 -0.241 2.325 125
-1.885 -0.26800001 2.303 63
-2.701 -0.25099999 2.49 56
-2.471 -0.27900001 2.497 68
-2.0780001 -0.28600001 2.3169999 86
-1.8789999 -0.30700001 2.306 65
-2.6930001 -0.31400001 2.493 58
-2.461 -0.33500001 2.4960001 63
-2.062 -0.329 2.3099999 65
-1.867 -0.34599999 2.3050001 66
-2.684 -0.377 2.4949999 64
-2.4519999 -0.38999999 2.4990001 71
-2.0480001 -0.373 2.3069999 54
-1.859 -0.384 2.3080001 64
-2.6689999 -0.43900001 2.493 72
-2.4389999 -0.44499999 2.4990001 71
-2.0350001 -0.41600001 2.3050001 61
-1.853 -0.42300001 2.313 53
-2.652 -0.5 2.4909999 71
-2.425 -0.5 2.4990001 68
-2.026 -0.461 2.309 60
-1.84 -0.461 2.312 64
-2.638 -0.56199998 2.493 65
-2.411 -0.55400002 2.5 76
-2.0120001 -0.50400001 2.3080001 62
-1.832 -0.49900001 2.3169999 61
-2.618 -0.62300003 2.4909999 69
-2.392 -0.60699999 2.497 79
-2.003 -0.54799998 2.313 70
-1.818 -0.53600001 2.316 62
-2.6029999 -0.68400002 2.4949999 65
-2.368 -0.65799999 2.4909999 127
-1.989 -0.59100002 2.3139999 69
-1.803 -0.57300001 2.313 63
-2.586 -0.74400002 2.4990001 66
-2.2720001 -0.68699998 2.4089999 150
-1.971 -0.63200003 2.312 62
-1.793 -0.611 2.319 68
-2.5650001 -0.80400002 2.5009999 66
-2.211 -0.72299999 2.3640001 153
-1.96 -0.67500001 2.3180001 72
-1.777 -0.64700001 2.3180001 68
-2.5420001 -0.86299998 2.5020001 66
-2.1819999 -0.76899999 2.355 150
-1.9400001 -0.71600002 2.3139999 63
-1.762 -0.68300003 2.319 72
-2.52 -0.92299998 2.506 67
-2.132 -0.80599999 2.323 116
-1.9220001 -0.75700003 2.3150001 62
-1.747 -0.71899998 2.319 69
-2.494 -0.98000002 2.507 64
-2.096 -0.847 2.3080001 58
-1.91 -0.80000001 2.323 67
-1.729 -0.75400001 2.3180001 64
-2.464 -1.036 2.5050001 63
-2.0780001 -0.89499998 2.313 61
-1.892 -0.84100002 2.326 60
-1.712 -0.78799999 2.3169999 65
-2.437 -1.092 2.5079999 64
-2.052 -0.93900001 2.3110001 56
-1.87 -0.88099998 2.3239999 55
-1.699 -0.82499999 2.323 68
-2.3900001 -1.1390001 2.4909999 123
-2.0280001 -0.98400003 2.3110001 56
-1.85 -0.92000002 2.325 54
-1.6799999 -0.86000001 2.323 68
-2.253 -1.14 2.381 150
-2.0039999 -1.029 2.3139999 60
-1.831 -0.96100003 2.3299999 61
-1.658 -0.89200002 2.3180001 65
-2.174 -1.165 2.3310001 89
-1.98 -1.074 2.3169999 59
-1.809 -1 2.3310001 64
-1.646 -0.92900002 2.3269999 64
-2.125 -1.204 2.313 43
-1.95 -1.1160001 2.3150001 49
-1.783 -1.036 2.3280001 55
-1.624 -0.96200001 2.3239999 67
-2.089 -1.249 2.3099999 49
-1.929 -1.163 2.3239999 50
-1.7640001 -1.077 2.3340001 65
-1.603 -0.99400002 2.3239999 70
-2.053 -1.294 2.309 45
-1.899 -1.204 2.323 52
-1.7359999 -1.112 2.3310001 66
-1.585 -1.029 2.3280001 64
-2.023 -1.342 2.316 50
-1.872 -1.2460001 2.3269999 51
-1.714 -1.151 2.335 66
-1.564 -1.062 2.3280001 60
-1.985 -1.385 2.3139999 42
-1.839 -1.285 2.326 56
-1.687 -1.186 2.3340001 64
-1.5420001 -1.0930001 2.3269999 66
-1.9529999 -1.432 2.322 49
-1.808 -1.325 2.3269999 55
-1.6569999 -1.219 2.3299999 70
-1.517 -1.123 2.323 65
-1.92 -1.479 2.329 38
-1.7690001 -1.36 2.3210001 58
-1.632 -1.255 2.3340001 67
-1.4960001 -1.156 2.3269999 66
-1.8789999 -1.518 2.3280001 49
-1.743 -1.403 2.3310001 57
-1.605 -1.291 2.336 65
-1.473 -1.187 2.3280001 66
-1.8380001 -1.558 2.3280001 45
-1.7079999 -1.4400001 2.3310001 58
-1.572 -1.321 2.3310001 60
-1.45 -1.219 2.329 72
-1.798 -1.597 2.329 47
-1.671 -1.474 2.329 62
-1.546 -1.357 2.336 65
-1.426 -1.25 2.3310001 73
-1.7539999 -1.633 2.3269999 45
-1.6390001 -1.512 2.3340001 56
-1.513 -1.387 2.332 58
-1.4 -1.278 2.3280001 71
-1.712 -1.671 2.3299999 46
-1.598 -1.543 2.3299999 55
-1.4809999 -1.4170001 2.3299999 61
-1.375 -1.309 2.3310001 69
-1.6720001 -1.71 2.335 63
-1.559 -1.575 2.3280001 55
-1.455 -1.454 2.339 65
-1.349 -1.337 2.329 72
-1.625 -1.7410001 2.332 55
-1.523 -1.609 2.3310001 56
-1.42 -1.4809999 2.335 57
-1.321 -1.365 2.3280001 70
-1.582 -1.777 2.3369999 56
-1.484 -1.64 2.332 58
-1.387 -1.511 2.335 59
-1.296 -1.395 2.3310001 59
-1.534 -1.807 2.335 59
-1.447 -1.674 2.336 53
-1.358 -1.545 2.342 63
-1.268 -1.423 2.3310001 61
-1.489 -1.8380001 2.3369999 58
-1.4069999 -1.7029999 2.336 57
-1.321 -1.5700001 2.3369999 55
-1.239 -1.45 2.3299999 62
-1.444 -1.87 2.3410001 61
-1.367 -1.733 2.3380001 59
-1.2869999 -1.597 2.336 52
-1.214 -1.4809999 2.336 61
-1.393 -1.895 2.3380001 54
-1.325 -1.7589999 2.3369999 48
-1.252 -1.624 2.3369999 54
-1.1849999 -1.508 2.3380001 57
-1.3430001 -1.918 2.335 47
-1.283 -1.786 2.3369999 55
-1.217 -1.651 2.3369999 51
-1.155 -1.534 2.336 57
-1.296 -1.947 2.3399999 49
-1.242 -1.812 2.3380001 56
-1.181 -1.676 2.3369999 52
-1.124 -1.558 2.335 55
-1.2460001 -1.9680001 2.3369999 52
-1.198 -1.835 2.3369999 54
-1.145 -1.702 2.3380001 54
-1.0930001 -1.584 2.335 60
-1.1950001 -1.989 2.336 45
-1.156 -1.8609999 2.3410001 53
-1.11 -1.729 2.342 61
-1.062 -1.609 2.335 58
-1.148 -2.016 2.3429999 51
-1.112 -1.883 2.3399999 53
-1.072 -1.752 2.342 62
-1.031 -1.633 2.336 58
-1.097 -2.033 2.3410001 47
-1.067 -1.902 2.3369999 56
-1.034 -1.775 2.342 60
-0.99699998 -1.654 2.332 57
-1.046 -2.052 2.3410001 48
-1.023 -1.923 2.339 54
-0.99400002 -1.794 2.3380001 56
-0.96399999 -1.678 2.3329999 58
-0.99599999 -2.0699999 2.3429999 44
-0.97899997 -1.944 2.3410001 55
-0.95599997 -1.8150001 2.3380001 54
-0.93400002 -1.707 2.342 60
-0.94499999 -2.086 2.3429999 46
-0.93199998 -1.959 2.3369999 52
-0.92000002 -1.8430001 2.3469999 59
-0.89999998 -1.728 2.3399999 60
-0.89300001 -2.0999999 2.3429999 48
-0.889 -1.982 2.3440001 54
-0.88099998 -1.863 2.348 58
-0.86400002 -1.747 2.336 64
-0.84299999 -2.1170001 2.348 52
-0.84299999 -1.998 2.3440001 55
-0.83700001 -1.874 2.3369999 54
-0.83099997 -1.772 2.3410001 57
-0.79100001 -2.1270001 2.346 48
-0.79699999 -2.0109999 2.342 52
-0.80000001 -1.899 2.3469999 55
-0.79500002 -1.793 2.3410001 59
-0.73699999 -2.131 2.339 35
-0.75099999 -2.027 2.3440001 49
-0.759 -1.9170001 2.3469999 56
-0.75999999 -1.813 2.342 59
-0.68900001 -2.1530001 2.3529999 49
-0.70499998 -2.0409999 2.345 53
-0.71600002 -1.929 2.342 47
-0.72500002 -1.837 2.3469999 48
-0.63700002 -2.158 2.3510001 46
-0.65799999 -2.0510001 2.3440001 50
-0.676 -1.949 2.3469999 56
-0.68699998 -1.853 2.3429999 53
-0.58499998 -2.164 2.3510001 50
-0.61199999 -2.0680001 2.3499999 51
-0.634 -1.965 2.348 60
-0.64999998 -1.873 2.3469999 56
-0.53299999 -2.1689999 2.3499999 48
-0.56400001 -2.0739999 2.345 47
-0.59100002 -1.976 2.345 55
-0.61199999 -1.892 2.3469999 62
-0.48100001 -2.171 2.348 52
-0.51700002 -2.082 2.345 47
-0.55000001 -1.992 2.348 54
-0.574 -1.908 2.3469999 57
-0.43000001 -2.174 2.348 45
-0.47 -2.0910001 2.3469999 48
-0.50700003 -2.0050001 2.349 52
-0.53500003 -1.923 2.346 58
-0.37900001 -2.1819999 2.355 51
-0.42300001 -2.098 2.3469999 50
-0.46399999 -2.016 2.348 54
-0.495 -1.939 2.346 60
-0.32800001 -2.181 2.3540001 49
-0.37599999 -2.102 2.345 57
-0.421 -2.03 2.352 57
-0.456 -1.954 2.346 54
-0.27700001 -2.1789999 2.3529999 46
-0.32800001 -2.1070001 2.346 55
-0.377 -2.039 2.3510001 57
-0.41499999 -1.966 2.3440001 58
-0.227 -2.1800001 2.3559999 54
-0.28200001 -2.1159999 2.352 49
-0.333 -2.0480001 2.3510001 57
-0.375 -1.9809999 2.346 60
-0.176 -2.1719999 2.3510001 52
-0.234 -2.1159999 2.349 54
-0.289 -2.056 2.352 54
-0.33399999 -1.997 2.349 61
-0.126 -2.1659999 2.349 43
-0.18700001 -2.118 2.349 52
-0.245 -2.0650001 2.3540001 55
-0.29300001 -2.01 2.3499999 62
-0.077 -2.165 2.3540001 49
-0.14 -2.118 2.348 46
-0.2 -2.0699999 2.352 53
-0.25099999 -2.0250001 2.3540001 61
-0.028000001 -2.1559999 2.3510001 50
-0.093000002 -2.118 2.349 53
-0.156 -2.0739999 2.3499999 44
-0.20900001 -2.0339999 2.3529999 61
0.02 -2.148 2.3510001 47
-0.046 -2.119 2.352 52
-0.111 -2.0810001 2.3529999 54
-0.16599999 -2.0439999 2.3540001 58
0.068000004 -2.1389999 2.3510001 49
0 -2.112 2.348 56
-0.066 -2.0840001 2.352 53
-0.123 -2.053 2.3540001 54
0.074000001 -1.355 1.4960001 3
0.046 -2.1099999 2.349 55
-0.021 -2.086 2.352 54
-0.079000004 -2.059 2.3510001 58
0.105 -1.357 1.506 9
0.093000002 -2.1070001 2.3510001 30
0.023 -2.0869999 2.3510001 52
-0.035 -2.0680001 2.3540001 60
0.13600001 -1.364 1.523 8
0.090000004 -1.359 1.52 10
0.068000004 -2.086 2.3499999 49
0.0080000004 -2.076 2.3559999 62
0.16599999 -1.355 1.522 7
0.119 -1.352 1.518 8
0.074000001 -1.362 1.534 7
0.052000001 -2.079 2.3529999 61
0.198 -1.3609999 1.539 5
0.149 -1.352 1.522 7
0.104 -1.3609999 1.534 8
0.097999997 -2.0829999 2.3529999 30
0.228 -1.357 1.545 3
0.17900001 -1.346 1.522 6
0.133 -1.362 1.536 7
0.092 -1.355 1.528 9
0.259 -1.354 1.554 3
0.211 -1.358 1.543 4
0.164 -1.365 1.5420001 6
0.122 -1.358 1.529 8
0.435 -2.0239999 2.3410001 68
0.241 -1.357 1.549 3
0.19400001 -1.364 1.544 4
0.15099999 -1.35 1.5190001 7
0.48100001 -2.0179999 2.3540001 46
0.27200001 -1.358 1.558 2
0.22400001 -1.3660001 1.55 4
0.18099999 -1.3559999 1.526 5
0.52399999 -2.0009999 2.355 54
0.454 -2.0320001 2.345 76
0.25400001 -1.364 1.551 4
0.213 -1.3710001 1.5420001 4
0.565 -1.976 2.349 51
0.498 -2.0190001 2.346 48
0.28400001 -1.359 1.551 3
0.241 -1.357 1.528 3
0.60699999 -1.959 2.352 50
0.542 -2.006 2.346 48
0.315 -1.358 1.5549999 2
0.27200001 -1.36 1.533 3
0.648 -1.939 2.3529999 51
0.58499998 -1.9910001 2.346 51
0.51999998 -2.039 2.346 65
0.30399999 -1.363 1.539 3
0.68699998 -1.914 2.348 50
0.62800002 -1.977 2.3469999 51
0.565 -2.03 2.346 49
0.33500001 -1.364 1.543 3
0.727 -1.893 2.3499999 47
0.67000002 -1.961 2.349 51
0.60900003 -2.0179999 2.3440001 49
0.366 -1.3609999 1.544 3
0.76599997 -1.87 2.349 54
0.71100003 -1.9400001 2.3440001 55
0.65499997 -2.0090001 2.348 58
0.39899999 -1.363 1.55 3
0.80400002 -1.846 2.349 49
0.75300002 -1.923 2.345 58
0.699 -1.997 2.348 48
0.43099999 -1.362 1.556 3
0.84299999 -1.824 2.352 47
0.79299998 -1.902 2.3429999 49
0.74400002 -1.984 2.349 52
0.46399999 -1.363 1.563 1
0.87800002 -1.796 2.348 44
0.83499998 -1.885 2.346 54
0.78799999 -1.97 2.3499999 52
0.74299997 -2.0339999 2.3440001 32
0.91399997 -1.7690001 2.346 53
0.87400001 -1.864 2.345 41
0.83200002 -1.954 2.348 51
0.792 -2.0280001 2.349 47
0.949 -1.744 2.3469999 53
0.91399997 -1.8430001 2.346 51
0.87199998 -1.932 2.3410001 6
0.83899999 -2.016 2.349 54
0.98400003 -1.7180001 2.3469999 48
0.95200002 -1.818 2.342 47
0.92000002 -1.924 2.3529999 16
0.89099997 -2.016 2.3629999 4
1.018 -1.6900001 2.3469999 49
0.99000001 -1.796 2.3429999 47
0.96100003 -1.901 2.348 10
0.93099999 -1.987 2.346 6
1.051 -1.663 2.3469999 47
1.029 -1.773 2.3440001 57
1.001 -1.877 2.3410001 20
0.98299998 -1.9809999 2.3570001 10
1.0829999 -1.633 2.345 37
1.0650001 -1.747 2.3410001 53
1.044 -1.859 2.3440001 34
0 0 0 0
1.113 -1.602 2.342 50
1.103 -1.724 2.3440001 54
1.086 -1.8380001 2.3440001 37
0 0 0 0
1.15 -1.581 2.3529999 51
1.1390001 -1.697 2.3429999 51
1.128 -1.817 2.345 42
1.117 -1.921 2.348 14
1.177 -1.5470001 2.348 50
1.175 -1.6720001 2.3440001 50
1.17 -1.796 2.348 45
1.169 -1.911 2.3599999 10
1.204 -1.5140001 2.342 48
1.21 -1.645 2.3440001 51
1.212 -1.774 2.3499999 51
1.2079999 -1.88 2.3469999 31
1.237 -1.488 2.3499999 48
1.245 -1.618 2.345 51
1.25 -1.747 2.346 48
1.255 -1.8609999 2.3510001 49
1.2640001 -1.456 2.3469999 45
1.275 -1.584 2.3369999 44
1.291 -1.722 2.348 49
1.3 -1.839 2.352 41
1.291 -1.424 2.3469999 51
1.312 -1.5599999 2.3440001 48
1.33 -1.694 2.3469999 48
1.345 -1.814 2.3510001 40
1.3200001 -1.396 2.352 49
1.3430001 -1.528 2.3410001 43
1.367 -1.665 2.3440001 45
1.391 -1.7920001 2.355 49
1.3430001 -1.3609999 2.3469999 55
1.374 -1.497 2.3399999 44
1.405 -1.637 2.3440001 44
1.436 -1.766 2.3570001 47
1.37 -1.329 2.348 54
1.41 -1.47 2.3469999 49
1.443 -1.608 2.345 44
1.477 -1.7359999 2.3540001 48
1.396 -1.298 2.352 54
1.437 -1.4349999 2.3410001 44
1.479 -1.577 2.3440001 46
1.523 -1.71 2.358 48
1.419 -1.2640001 2.3499999 51
1.467 -1.403 2.3410001 45
1.515 -1.546 2.3429999 46
1.561 -1.676 2.352 48
1.441 -1.23 2.348 48
1.5 -1.374 2.3469999 50
1.554 -1.517 2.348 47
1.605 -1.647 2.355 42
1.466 -1.199 2.3529999 53
1.531 -1.342 2.3499999 52
1.584 -1.479 2.3410001 46
1.646 -1.615 2.3559999 46
1.488 -1.165 2.352 50
1.553 -1.304 2.342 45
1.622 -1.449 2.346 49
1.686 -1.581 2.3540001 40
1.5039999 -1.128 2.345 56
1.586 -1.275 2.3510001 51
1.656 -1.415 2.3469999 53
1.722 -1.544 2.3499999 46
1.525 -1.094 2.3469999 55
1.6109999 -1.238 2.3469999 51
1.687 -1.378 2.3429999 44
1.7640001 -1.511 2.3540001 54
1.546 -1.0599999 2.349 56
1.636 -1.202 2.346 59
1.721 -1.344 2.346 46
1.806 -1.477 2.358 57
1.5599999 -1.022 2.3410001 56
1.663 -1.1670001 2.348 54
1.75 -1.3049999 2.3429999 49
1.841 -1.437 2.355 58
1.579 -0.98799998 2.3429999 56
1.684 -1.1289999 2.345 60
1.78 -1.267 2.3410001 47
1.876 -1.397 2.3529999 59
1.598 -0.954 2.3440001 56
1.704 -1.09 2.3399999 50
1.811 -1.229 2.3429999 54
1.91 -1.3559999 2.3499999 60
1.614 -0.91799998 2.3429999 54
1.73 -1.0549999 2.3440001 57
1.839 -1.1900001 2.3410001 55
1.942 -1.314 2.3469999 51
1.631 -0.884 2.345 56
1.75 -1.016 2.3410001 58
1.864 -1.148 2.3380001 55
1.977 -1.273 2.348 52
1.646 -0.84799999 2.3440001 58
1.771 -0.97799999 2.3399999 61
1.892 -1.108 2.339 57
2.0079999 -1.229 2.3469999 57
1.658 -0.81099999 2.3399999 58
1.7920001 -0.93900001 2.3410001 62
1.9170001 -1.066 2.3369999 58
2.039 -1.1849999 2.345 64
1.674 -0.77600002 2.3429999 57
1.812 -0.90100002 2.3410001 62
1.938 -1.022 2.3310001 62
2.072 -1.142 2.348 70
1.689 -0.741 2.3440001 56
1.83 -0.861 2.3399999 69
1.969 -0.98299998 2.3380001 62
2.0969999 -1.094 2.342 64
1.696 -0.70200002 2.335 55
1.844 -0.81999999 2.335 58
1.984 -0.93699998 2.3280001 63
2.128 -1.049 2.3440001 70
1.712 -0.66799998 2.3399999 51
1.865 -0.78100002 2.339 66
2.0120001 -0.89600003 2.3340001 65
2.154 -1.001 2.342 73
1.727 -0.63300002 2.345 38
1.878 -0.74000001 2.335 57
2.0350001 -0.852 2.336 66
2.1789999 -0.95300001 2.3399999 74
1.7359999 -0.59600002 2.3429999 40
1.899 -0.70099998 2.3410001 66
2.0539999 -0.80599999 2.3329999 65
2.2019999 -0.903 2.3380001 73
1.75 -0.56 2.348 45
1.9069999 -0.65799999 2.3329999 60
2.0710001 -0.75999999 2.3310001 65
2.2320001 -0.85600001 2.3440001 74
1.7539999 -0.52200001 2.3399999 44
1.921 -0.61699998 2.3329999 59
2.0899999 -0.71499997 2.3310001 63
2.253 -0.80599999 2.342 75
1.765 -0.486 2.342 6
1.934 -0.57599998 2.332 59
2.1059999 -0.66799998 2.329 63
2.273 -0.75400001 2.339 75
0 0 0 0
1.9579999 -0.53799999 2.346 5
2.1210001 -0.62199998 2.3269999 42
2.2950001 -0.704 2.3410001 64
0 0 0 0
0 0 0 0
0 0 0 0
2.3180001 -0.653 2.3440001 7
0 0 0 0
0 0 0 0
0 0 0 0
0 0 0 0
0 0 0 0
0 0 0 0
0 0 0 0
0 0 0 0
0 0 0 0
0 0 0 0
0 0 0 0
0 0 0 0
0 0 0 0
0 0 0 0
0 0 0 0
0 0 0 0
0.852 -0.107 1.102 0
0 0 0 0
0 0 0 0
0 0 0 0
0 0 0 0
0 0 0 0
0 0 0 0
0 0 0 0
0 0 0 7
0 0 0 0
0.41999999 -0.044 0.44100001 4
0 0 0 0
0 0 0 0
0 0 0 7
0 0 0 0
0.45899999 -0.041000001 0.44299999 8
0 0 0 7
0 0 0 0
0.42199999 -0.026000001 0.44100001 5
0 0 0 0
0 0 0 0
0 0 0 0
0 0 0 0
0 0 0 0
0 0 0 0
0 0 0 0
0 0 0 0
0 0 0 0
0 0 0 0
0 0 0 0
0 0 0 0
0 0 0 0
0 0 0 0
0 0 0 0
0.42500001 0.011 0.442 4
0 0 0 0
0 0 0 0
0 0 0 7
0 0 0 0
0.45699999 0.022 0.43799999 8
0 0 0 0
0 0 0 0
0.43599999 0.030999999 0.45300001 7
0 0 0 0
0 0 0 0
0 0 0 7
0.42500001 0.039999999 0.442 4
0.465 0.044 0.44600001 6
0 0 0 0
0 0 0 0
0.421 0.048999999 0.43900001 2
0 0 0 0
0 0 0 0
0 0 0 0
0 0 0 0
0 0 0 0
0 0 0 0
0 0 0 0
0 0 0 0
0 0 0 0
0 0 0 0
0 0 0 0
0 0 0 0
0 0 0 0
0 0 0 0
0 0 0 0
0.41299999 0.086999997 0.43599999 1
0.44800001 0.096000001 0.43700001 3
0 0 0 0
0 0 0 7
0.417 0.097000003 0.442 5
0.45199999 0.108 0.44299999 6
0 0 0 6
0 0 0 0
0.42300001 0.109 0.45100001 6
0.45199999 0.119 0.44499999 6
0 0 0 0
0 0 0 7
0 0 0 0
0 0 0 0
0 0 0 8
0 0 0 0
0.419 0.12800001 0.45199999 7
0.44400001 0.139 0.44299999 6
0 0 0 0
0 0 0 6
0 0 0 0
0 0 0 0
0 0 0 8
0 0 0 0
0.41499999 0.148 0.454 7
0.43799999 0.16 0.44400001 6
0 0 0 0
0 0 0 7
0 0 0 0
0 0 0 0
0 0 0 8
0 0 0 0
0.40400001 0.164 0.449 6
0.426 0.178 0.43900001 6
0 0 0 0
0 0 0 7
0 0 0 0
0.42199999 0.18799999 0.44 8
0 0 0 6
0 0 0 0
0.39700001 0.183 0.44999999 6
0.41499999 0.197 0.43799999 6
0 0 0 0
0 0 0 7
0 0 0 0
0.40900001 0.206 0.43599999 7
0 0 0 5
0 0 0 0
0.38999999 0.20100001 0.45100001 7
0.40799999 0.21699999 0.44 6
0 0 0 0
0 0 0 7
0 0 0 0
0.398 0.22400001 0.43599999 8
0 0 0 3
0 0 0 0
0.37900001 0.21799999 0.44999999 7
0.39700001 0.236 0.44100001 6
0 0 0 0
0 0 0 7
0 0 0 0
0.38699999 0.243 0.43700001 7
0 0 0 3
0 0 0 0
0.37 0.236 0.45100001 7
0.384 0.25299999 0.44 6
0 0 0 0
0 0 0 6
0 0 0 0
0.37400001 0.259 0.435 7
0 0 0 3
0 0 0 0
0.359 0.252 0.45100001 7
0 0 0 0
0 0 0 0
0 0 0 5
0 0 0 0
0.361 0.27599999 0.43599999 7
0 0 0 3
0 0 0 0
0.34599999 0.26699999 0.44999999 6
0 0 0 0
0 0 0 0
0 0 0 3
0 0 0 0
0.347 0.292 0.43599999 8
0 0 0 3
0 0 0 0
0.273 0.23100001 0.36700001 6
0 0 0 0
0 0 0 0
0 0 0 3
0 0 0 0
0.333 0.30700001 0.43599999 8
0 0 0 3
0 0 0 0
0.184 0.17 0.25799999 3
0 0 0 0
0 0 0 0
0 0 0 3
0 0 0 0
0.184 0.186 0.252 4
0 0 0 4
0 0 0 0
0.18099999 0.183 0.26499999 3
0 0 0 0
0 0 0 0
0 0 0 3
0 0 0 0
0.182 0.20200001 0.26300001 4
0 0 0 4
0 0 0 0
0.17900001 0.199 0.27599999 3
0 0 0 0
0 0 0 0
0 0 0 3
0 0 0 0
0.17399999 0.213 0.26699999 4
0 0 0 4
0 0 0 0
0.175 0.212 0.28400001 4
0 0 0 0
0 0 0 0
0 0 0 4
0 0 0 0
0.175 0.235 0.285 4
0 0 0 4
0 0 0 0
0.17299999 0.23100001 0.29699999 4
0 0 0 0
0 0 0 0
0 0 0 4
0 0 0 0
0.17200001 0.255 0.301 4
0 0 0 4
0 0 0 0
0.169 0.248 0.31 4
0 0 0 0
0 0 0 0
0 0 0 4
0 0 0 0
0.171 0.28099999 0.32300001 4
0 0 0 4
0 0 0 0
0.167 0.271 0.329 3
0 0 0 0
0 0 0 0
0 0 0 4
0 0 0 0
0.16599999 0.30199999 0.34 3
0 0 0 4
0 0 0 0
0.169 0.30399999 0.36000001 3
0 0 0 0
0 0 0 0
0 0 0 3
0 0 0 0
1.01 2.0599999 2.2690001 2
0 0 0 3
0 0 0 0
0.17299999 0.34599999 0.40099999 2
0.95599997 2.069 2.2590001 66
0 0 0 0
0 0 0 2
0.93099999 1.97 2.2579999 33
0.90499997 2.082 2.2550001 61
0 0 0 2
0 0 0 0
0.88800001 1.994 2.2639999 61
0.85500002 2.098 2.256 62
0 0 0 0
0 0 0 9
0.83999997 2.0079999 2.26 62
0.80299997 2.1070001 2.2509999 62
0 0 0 0
0.83499998 1.913 2.2650001 61
0.79299998 2.0220001 2.257 61
0.75300002 2.122 2.253 52
0 0 0 7
0.79400003 1.933 2.2650001 61
0.74900001 2.0420001 2.2609999 55
0.70200002 2.1329999 2.2520001 57
0.79900002 1.849 2.266 59
0.75199997 1.952 2.2650001 55
0.70200002 2.0550001 2.26 60
0.65200001 2.1429999 2.253 57
0.75999999 1.869 2.2620001 58
0.70899999 1.969 2.263 54
0.653 2.063 2.2539999 57
0.602 2.154 2.2550001 59
0.72299999 1.893 2.2650001 51
0.66600001 1.9859999 2.263 55
0.60699999 2.076 2.2550001 56
0.551 2.161 2.2539999 59
0.68300003 1.9119999 2.2620001 52
0.62300003 2.003 2.2639999 52
0.55900002 2.0869999 2.2539999 60
0.498 2.1589999 2.2460001 63
0.64300001 1.932 2.26 56
0.579 2.016 2.26 56
0.51200002 2.098 2.2550001 60
0.449 2.1700001 2.253 59
0.60299999 1.9529999 2.2620001 55
0.53500003 2.029 2.2590001 55
0.465 2.1070001 2.256 57
0.398 2.1719999 2.25 62
0.56099999 1.97 2.26 59
0.49000001 2.0409999 2.2579999 56
0.417 2.1140001 2.2550001 58
0.34799999 2.1760001 2.2520001 65
0.51999998 1.987 2.2579999 57
0.44600001 2.0539999 2.2579999 54
0.36899999 2.119 2.253 62
0.29800001 2.175 2.25 66
0.47799999 2.006 2.26 52
0.40000001 2.063 2.256 56
0.32100001 2.1259999 2.2550001 62
0.24699999 2.1760001 2.2509999 67
0.43599999 2.0220001 2.2590001 57
0.35499999 2.0739999 2.256 54
0.273 2.128 2.2520001 56
0.197 2.1730001 2.2490001 64
0.39300001 2.039 2.2609999 58
0.31 2.085 2.257 57
0.22499999 2.132 2.253 55
0.148 2.175 2.2539999 57
0.34799999 2.0510001 2.2579999 55
0.264 2.0899999 2.2539999 53
0.178 2.1340001 2.2539999 53
0.097999997 2.168 2.2509999 61
0.30399999 2.063 2.2550001 55
0.21699999 2.0969999 2.253 57
0.13 2.1340001 2.2520001 57
0.048999999 2.1600001 2.247 64
0.259 2.0739999 2.253 57
0.171 2.1040001 2.2539999 55
0.082000002 2.132 2.2509999 58
0 2.158 2.2520001 68
0.214 2.0840001 2.2520001 55
0.125 2.1059999 2.2509999 53
0.035 2.132 2.2520001 62
-0.046999998 2.1470001 2.2479999 66
0.168 2.092 2.2490001 54
0.078000002 2.112 2.2520001 56
-0.012 2.1300001 2.2520001 62
-0.094999999 2.1370001 2.2460001 61
0.122 2.1059999 2.2539999 57
0.030999999 2.1140001 2.2509999 56
-0.059 2.125 2.2509999 56
-0.142 2.1259999 2.2449999 57
0.075999998 2.112 2.25 55
-0.014 2.115 2.25 55
-0.107 2.125 2.2550001 60
-0.189 2.1129999 2.243 58
0.028999999 2.1170001 2.247 56
-0.061000001 2.115 2.2490001 55
-0.153 2.1129999 2.2490001 58
-0.235 2.0999999 2.2409999 60
-0.017000001 2.125 2.2490001 59
-0.108 2.115 2.2479999 54
-0.2 2.105 2.247 59
-0.28200001 2.0910001 2.244 59
-0.064000003 2.1289999 2.247 57
-0.155 2.1129999 2.247 54
-0.24699999 2.0999999 2.2509999 63
-0.32800001 2.0799999 2.247 62
-0.112 2.132 2.2460001 53
-0.20200001 2.1129999 2.25 62
-0.29300001 2.089 2.2479999 60
-0.373 2.0650001 2.247 69
-0.16 2.1329999 2.243 57
-0.249 2.105 2.2460001 54
-0.33899999 2.0829999 2.2520001 64
-0.41800001 2.053 2.2509999 74
-0.208 2.132 2.24 56
-0.296 2.0999999 2.2449999 56
-0.38499999 2.0710001 2.2509999 60
-0.46000001 2.027 2.2420001 57
-0.25600001 2.1329999 2.24 63
-0.34400001 2.1010001 2.2520001 59
-0.435 2.085 2.279 150
-0.50400001 2.013 2.2449999 62
-0.30500001 2.1359999 2.243 59
-0.38999999 2.0899999 2.247 52
-0.47400001 2.0439999 2.2490001 54
-0.54699999 1.993 2.243 68
-0.354 2.1359999 2.244 55
-0.43599999 2.079 2.243 54
-0.51899999 2.033 2.2520001 62
-0.58999997 1.978 2.2479999 71
-0.40200001 2.128 2.2390001 55
-0.48300001 2.072 2.2449999 63
-0.56400001 2.0190001 2.253 59
-0.63 1.952 2.2420001 69
-0.45199999 2.1270001 2.2420001 49
-0.52999997 2.0650001 2.2479999 59
-0.60600001 2 2.25 64
-0.67199999 1.936 2.247 74
-0.50199997 2.125 2.2449999 59
-0.57599998 2.053 2.247 63
-0.65200001 1.99 2.2579999 67
-0.71100003 1.9119999 2.2449999 63
-0.55000001 2.1159999 2.2420001 60
-0.62199998 2.0420001 2.2479999 64
-0.69199997 1.966 2.25 64
-0.75099999 1.8890001 2.2460001 56
-0.59899998 2.108 2.2420001 56
-0.66799998 2.03 2.2490001 58
-0.73500001 1.948 2.2509999 61
-0.79000002 1.867 2.2479999 63
-0.648 2.0969999 2.2390001 57
-0.713 2.0139999 2.247 60
-0.77700001 1.9299999 2.2539999 62
-0.82999998 1.847 2.253 65
-0.69700003 2.0880001 2.24 66
-0.75999999 2.0020001 2.2509999 66
-0.81900001 1.911 2.2550001 60
-0.86699998 1.821 2.2520001 65
-0.74699998 2.079 2.243 59
-0.80299997 1.982 2.247 58
-0.85799998 1.887 2.2520001 58
-0.903 1.794 2.25 71
-0.796 2.0699999 2.2460001 59
-0.84899998 1.967 2.25 66
-0.89899999 1.865 2.253 65
-0.94 1.771 2.2539999 73
-0.84200001 2.0480001 2.237 58
-0.89399999 1.952 2.253 62
-0.93900001 1.844 2.2550001 66
-0.97600001 1.745 2.256 68
-0.89300001 2.039 2.243 59
-0.93800002 1.933 2.2539999 63
-0.97799999 1.821 2.257 69
-1.011 1.719 2.2579999 70
-0.94099998 2.0220001 2.243 64
-0.98100001 1.911 2.2520001 58
-1.016 1.795 2.2550001 62
-1.044 1.689 2.256 68
-0.991 2.0079999 2.2460001 57
-1.024 1.89 2.253 57
-1.056 1.773 2.26 67
-1.076 1.659 2.2539999 56
-1.038 1.989 2.2449999 57
-1.0650001 1.864 2.2490001 51
-1.09 1.742 2.2539999 59
-1.1109999 1.6339999 2.26 71
-1.086 1.969 2.2460001 58
-1.109 1.844 2.2539999 63
-1.13 1.721 2.2620001 67
-1.142 1.604 2.26 73
-1.131 1.9450001 2.243 52
-1.15 1.8200001 2.2539999 64
-1.165 1.692 2.2609999 61
-1.171 1.572 2.2590001 72
-1.178 1.923 2.243 52
-1.192 1.795 2.2550001 66
-1.198 1.66 2.256 66
-1.2029999 1.543 2.2620001 73
-1.224 1.899 2.2420001 55
-1.232 1.768 2.2550001 67
-1.235 1.635 2.2620001 65
-1.232 1.513 2.2639999 68
-1.2690001 1.873 2.2409999 57
-1.272 1.742 2.256 61
-1.268 1.605 2.2620001 74
-1.258 1.478 2.26 71
-1.317 1.851 2.2460001 59
-1.311 1.7130001 2.257 63
-1.3 1.573 2.2609999 70
-1.288 1.449 2.2650001 72
-1.3609999 1.823 2.2449999 56
-1.348 1.682 2.2539999 66
-1.334 1.544 2.263 69
-1.3150001 1.4170001 2.266 73
-1.404 1.793 2.244 56
-1.39 1.6569999 2.2609999 67
-1.365 1.511 2.263 65
-1.3380001 1.381 2.2609999 68
-1.42 1.7309999 2.2019999 125
-1.425 1.623 2.2579999 62
-1.396 1.48 2.2639999 68
-1.364 1.349 2.2639999 65
-1.37 1.5930001 2.063 43
-1.414 1.539 2.1849999 150
-1.428 1.449 2.2679999 68
-1.388 1.316 2.2650001 62
-1.525 1.693 2.234 102
-1.375 1.431 2.075 46
-1.437 1.396 2.237 118
-1.4119999 1.2819999 2.2650001 65
-1.5779999 1.6720001 2.25 60
-1.428 1.4220001 2.1059999 150
-1.4 1.301 2.138 150
-1.437 1.25 2.27 64
-1.4910001 1.5089999 2.073 158
-1.563 1.488 2.256 73
-1.362 1.212 2.043 66
-1.437 1.197 2.237 121
-1.659 1.603 2.2509999 63
-1.6 1.456 2.2620001 70
-1.4170001 1.206 2.0880001 72
-1.448 1.155 2.2219999 110
-1.738 1.604 2.306 150
-1.635 1.4220001 2.2650001 73
-1.474 1.201 2.1370001 151
-1.414 1.08 2.141 150
-1.375 1.211 1.784 5
-1.664 1.383 2.2620001 67
-1.5599999 1.214 2.2249999 150
-1.4170001 1.035 2.118 118
-1.931 1.623 2.4519999 68
-1.722 1.367 2.299 150
-1.487 1.107 2.0899999 157
-1.405 0.98100001 2.075 58
-1.975 1.584 2.4590001 69
-1.793 1.359 2.352 152
-1.474 1.048 2.0420001 150
-1.427 0.95200002 2.0840001 76
-2.016 1.541 2.461 72
-1.429 1.033 1.844 6
-1.668 1.132 2.2809999 72
-1.4299999 0.91100001 2.066 67
-1.4450001 1.053 1.733 9
-1.948 1.3430001 2.474 150
-1.689 1.0930001 2.279 70
-1.439 0.875 2.059 49
-2.092 1.451 2.464 64
-1.9809999 1.301 2.4790001 60
-1.726 1.0650001 2.3010001 150
-1.479 0.85699999 2.095 150
-2.1300001 1.406 2.4679999 70
-2.0050001 1.253 2.473 63
-1.768 1.038 2.3299999 152
-1.506 0.83099997 2.1140001 152
-2.155 1.352 2.4590001 74
-2.033 1.2079999 2.4749999 68
-1.814 1.0140001 2.365 150
-1.533 0.80400002 2.1340001 152
-2.1930001 1.306 2.4649999 69
-2.0580001 1.161 2.474 61
-1.905 1.011 2.4579999 149
-1.515 0.755 2.092 157
-2.2190001 1.252 2.4590001 82
-2.0829999 1.115 2.474 63
-1.406 0.70700002 1.7970001 7
-1.6670001 0.787 2.2850001 65
-2.2520001 1.2029999 2.4619999 70
-1.397 0.708 1.641 5
-1.967 0.93699998 2.4909999 89
-1.678 0.75 2.2850001 58
-1.409 0.71100003 1.521 5
-2.131 1.0190001 2.4749999 62
-1.982 0.89200002 2.4879999 60
-1.691 0.71399999 2.2880001 69
-2.309 1.098 2.4630001 71
-2.154 0.972 2.477 65
-2 0.84799999 2.4909999 65
-1.701 0.67699999 2.2869999 63
-2.332 1.044 2.46 68
-2.175 0.92299998 2.477 67
-2.0150001 0.80400002 2.4909999 60
-1.712 0.63999999 2.289 62
-2.3629999 0.99199998 2.467 73
-2.194 0.87400001 2.4779999 68
-2.027 0.75800002 2.4890001 63
-1.719 0.602 2.2869999 76
-2.3859999 0.93699998 2.467 74
-2.2119999 0.824 2.477 61
-2.0420001 0.71399999 2.49 65
-1.73 0.56599998 2.2909999 82
-2.4070001 0.88099998 2.4660001 73
-2.23 0.77399999 2.4790001 68
-2.052 0.66799998 2.4890001 71
-1.561 0.47499999 2.059 161
-2.4289999 0.82599998 2.4679999 71
-2.2449999 0.72299999 2.477 60
-1.476 0.44499999 1.78 12
-1.76 0.49599999 2.313 145
-1.46 0.45899999 1.472 7
-1.474 0.43799999 1.617 12
-2.072 0.57700002 2.4860001 62
-1.773 0.46000001 2.322 150
-1.455 0.41999999 1.457 14
-2.27 0.62 2.474 61
-2.086 0.53299999 2.4920001 66
-1.783 0.42399999 2.3280001 150
-2.4809999 0.65499997 2.4679999 68
-2.2839999 0.56900001 2.4760001 60
-2.092 0.486 2.49 59
-1.761 0.38 2.293 64
-2.4960001 0.597 2.4679999 67
-2.2950001 0.51700002 2.477 60
-1.979 0.41499999 2.3469999 150
-1.766 0.34299999 2.2950001 63
-2.506 0.53799999 2.4649999 63
-2.303 0.465 2.4760001 81
-1.9450001 0.36500001 2.3 67
-1.766 0.30500001 2.289 63
-2.5209999 0.47999999 2.4690001 69
-2.3080001 0.41299999 2.4719999 67
-1.95 0.322 2.3 63
-1.773 0.26899999 2.2950001 59
-2.533 0.421 2.4719999 74
-2.3199999 0.361 2.4760001 59
-1.957 0.28 2.303 62
-1.776 0.23199999 2.2969999 63
-2.543 0.36199999 2.473 65
-2.329 0.30899999 2.48 59
-1.96 0.23800001 2.302 63
-1.775 0.19499999 2.2939999 63
-2.553 0.303 2.4760001 64
-2.3340001 0.257 2.4809999 59
-1.9579999 0.19499999 2.2969999 71
-1.781 0.15899999 2.3 58
-2.5580001 0.244 2.477 69
-2.3369999 0.204 2.48 54
-1.965 0.153 2.3039999 62
-1.7819999 0.122 2.3010001 56
-2.562 0.184 2.477 62
-2.3440001 0.152 2.4860001 63
-1.9680001 0.111 2.3069999 66
-1.7819999 0.085000001 2.302 59
-2.5650001 0.124 2.4779999 64
-2.345 0.098999999 2.4849999 57
-1.9630001 0.068000004 2.3 70
-1.7819999 0.048999999 2.303 59
-2.566 0.064999998 2.4790001 61
-2.3399999 0.046 2.48 60
-1.962 0.026000001 2.3010001 70
-1.778 0.012 2.3 66
-2.5650001 0.0049999999 2.4779999 63
-2.3429999 -0.0049999999 2.4849999 76
-1.967 -0.015 2.3080001 65
-1.775 -0.024 2.299 60
-2.5669999 -0.054000001 2.483 65
-2.3340001 -0.057 2.4779999 79
-1.959 -0.057 2.303 71
-1.777 -0.059999999 2.306 60
-2.563 -0.113 2.484 64
-2.3210001 -0.11 2.4690001 105
-1.9630001 -0.1 2.3110001 68
-1.77 -0.096000001 2.3010001 61
-2.5569999 -0.17299999 2.483 61
-2.309 -0.161 2.4619999 150
-1.9529999 -0.141 2.3050001 69
-1.768 -0.133 2.3039999 66
-2.5569999 -0.233 2.49 58
-2.2750001 -0.20999999 2.4319999 150
-1.949 -0.183 2.306 70
-1.765 -0.169 2.3050001 68
-2.546 -0.29100001 2.4879999 66
-2.221 -0.255 2.382 151
-1.948 -0.22499999 2.312 64
-1.763 -0.205 2.3099999 64
-2.5369999 -0.34999999 2.4890001 65
-2.2030001 -0.303 2.372 153
-1.942 -0.26699999 2.313 63
-1.758 -0.241 2.3110001 63
-2.527 -0.40900001 2.4920001 68
-2.181 -0.34999999 2.358 153
-1.929 -0.30700001 2.3069999 68
-1.752 -0.27700001 2.3110001 63
-2.5150001 -0.46700001 2.4920001 66
-2.164 -0.39700001 2.3499999 152
-1.927 -0.34900001 2.3150001 65
-1.743 -0.31200001 2.3080001 71
-2.4990001 -0.52499998 2.4909999 67
-2.1470001 -0.44400001 2.345 150
-1.919 -0.391 2.3150001 66
-1.735 -0.34799999 2.3080001 66
-2.487 -0.583 2.4960001 66
-2.109 -0.486 2.3180001 113
-1.904 -0.43000001 2.3099999 69
-1.732 -0.384 2.3150001 64
-2.467 -0.639 2.494 66
-2.0840001 -0.52899998 2.3039999 67
-1.8940001 -0.47099999 2.3110001 69
-1.723 -0.419 2.3139999 59
-2.447 -0.69400001 2.493 69
-2.0699999 -0.57499999 2.3050001 63
-1.8890001 -0.51300001 2.319 69
-1.712 -0.454 2.313 62
-2.4319999 -0.75099999 2.4990001 68
-2.0550001 -0.62099999 2.306 60
-1.8789999 -0.55400002 2.322 63
-1.705 -0.49000001 2.3150001 67
-2.411 -0.80699998 2.5 67
-2.039 -0.66600001 2.306 63
-1.8660001 -0.59399998 2.323 62
-1.693 -0.52399999 2.313 64
-2.3789999 -0.85799998 2.4909999 108
-2.0239999 -0.71200001 2.309 65
-1.852 -0.63300002 2.323 63
-1.681 -0.55900002 2.312 63
-2.263 -0.875 2.3940001 150
-2.0039999 -0.755 2.3080001 64
-1.839 -0.67299998 2.325 60
-1.668 -0.59200001 2.309 71
-2.207 -0.91299999 2.3610001 150
-1.985 -0.79900002 2.309 66
-1.823 -0.71200001 2.325 61
-1.659 -0.62800002 2.3139999 66
-2.1400001 -0.94400001 2.316 75
-1.9680001 -0.84399998 2.313 63
-1.808 -0.75099999 2.326 67
-1.646 -0.662 2.3139999 61
-2.1059999 -0.98699999 2.3080001 50
-1.946 -0.88599998 2.312 63
-1.791 -0.78899997 2.326 70
-1.636 -0.69700003 2.3180001 71
-2.0799999 -1.035 2.3099999 49
-1.926 -0.92900002 2.3150001 63
-1.775 -0.82800001 2.329 68
-1.619 -0.73000002 2.313 63
-2.0510001 -1.08 2.309 52
-1.908 -0.97399998 2.322 57
-1.757 -0.866 2.3299999 71
-1.607 -0.76499999 2.316 69
-2.023 -1.125 2.3110001 51
-1.8839999 -1.015 2.322 53
-1.737 -0.903 2.329 64
-1.596 -0.80000001 2.322 60
-1.994 -1.17 2.313 48
-1.858 -1.0549999 2.322 51
-1.7180001 -0.94099998 2.3299999 67
-1.58 -0.833 2.3210001 64
-1.9630001 -1.214 2.3139999 51
-1.837 -1.098 2.3280001 60
-1.697 -0.977 2.3310001 66
-1.563 -0.866 2.3210001 63
-1.9349999 -1.2589999 2.319 53
-1.811 -1.138 2.329 63
-1.674 -1.012 2.3280001 63
-1.549 -0.90100002 2.325 63
-1.903 -1.301 2.3210001 42
-1.778 -1.173 2.323 63
-1.653 -1.049 2.3299999 64
-1.5319999 -0.93400002 2.3239999 65
-1.87 -1.3430001 2.3239999 43
-1.752 -1.2130001 2.3269999 68
-1.63 -1.0829999 2.329 65
-1.513 -0.96600002 2.322 62
-1.837 -1.3839999 2.3269999 53
-1.722 -1.25 2.326 63
-1.6059999 -1.118 2.329 65
-1.494 -0.99800003 2.322 62
-1.802 -1.423 2.329 49
-1.693 -1.2869999 2.3269999 66
-1.584 -1.154 2.3329999 70
-1.477 -1.031 2.325 62
-1.763 -1.459 2.3269999 49
-1.6619999 -1.323 2.3280001 61
-1.559 -1.188 2.3329999 70
-1.456 -1.063 2.3239999 62
-1.727 -1.497 2.3299999 49
-1.631 -1.358 2.329 59
-1.531 -1.22 2.3299999 64
-1.4349999 -1.094 2.322 61
-1.687 -1.5319999 2.329 50
-1.596 -1.391 2.326 62
-1.507 -1.2539999 2.3329999 70
-1.419 -1.1289999 2.329 64
-1.651 -1.569 2.3340001 52
-1.5650001 -1.426 2.329 61
-1.478 -1.285 2.329 66
-1.396 -1.159 2.3269999 66
-1.61 -1.602 2.3329999 45
-1.5319999 -1.459 2.3299999 60
-1.45 -1.316 2.3280001 66
-1.375 -1.191 2.329 67
-1.567 -1.632 2.3299999 50
-1.497 -1.49 2.329 59
-1.423 -1.349 2.3310001 68
-1.35 -1.22 2.326 63
-1.527 -1.665 2.3340001 52
-1.465 -1.524 2.3340001 63
-1.393 -1.378 2.329 62
-1.3279999 -1.251 2.3280001 71
-1.488 -1.697 2.3369999 51
-1.428 -1.553 2.332 62
-1.365 -1.409 2.3310001 66
-1.306 -1.283 2.3310001 63
-1.443 -1.724 2.335 53
-1.391 -1.581 2.3310001 63
-1.339 -1.443 2.3380001 62
-1.278 -1.3099999 2.325 54
-1.397 -1.748 2.3310001 58
-1.3559999 -1.613 2.335 63
-1.307 -1.471 2.336 56
-1.2539999 -1.34 2.326 66
-1.358 -1.78 2.3380001 50
-1.318 -1.6390001 2.3329999 50
-1.274 -1.498 2.3340001 63
-1.23 -1.372 2.3310001 64
-1.313 -1.804 2.3369999 43
-1.279 -1.665 2.3329999 51
-1.243 -1.527 2.336 59
-1.2029999 -1.399 2.329 65
-1.268 -1.8279999 2.3369999 52
-1.243 -1.6950001 2.3380001 61
-1.21 -1.554 2.3340001 56
-1.177 -1.429 2.3310001 64
-1.225 -1.854 2.3410001 54
-1.205 -1.721 2.3399999 61
-1.178 -1.582 2.3369999 59
-1.15 -1.457 2.332 68
-1.179 -1.876 2.3410001 50
-1.163 -1.742 2.336 58
-1.146 -1.61 2.3399999 55
-1.122 -1.487 2.3340001 65
-1.131 -1.8940001 2.3380001 51
-1.124 -1.766 2.3369999 59
-1.109 -1.632 2.3340001 59
-1.0930001 -1.513 2.3329999 60
-1.087 -1.915 2.3410001 53
-1.0829999 -1.788 2.3369999 61
-1.075 -1.6569999 2.336 49
-1.066 -1.544 2.339 56
-1.038 -1.929 2.336 50
-1.041 -1.807 2.3340001 53
-1.041 -1.683 2.3380001 56
-1.035 -1.569 2.336 65
-0.99299997 -1.948 2.3380001 48
-1.003 -1.832 2.3410001 58
-1.008 -1.712 2.346 53
-1.003 -1.5930001 2.335 63
-0.94700003 -1.967 2.342 50
-0.95899999 -1.849 2.3369999 53
-0.96899998 -1.73 2.3399999 60
-0.97399998 -1.624 2.3410001 62
-0.89899999 -1.98 2.3399999 48
-0.91799998 -1.868 2.3380001 53
-0.935 -1.758 2.346 59
-0.94300002 -1.651 2.3440001 56
-0.852 -1.993 2.3399999 52
-0.87599999 -1.886 2.339 54
-0.89700001 -1.777 2.3440001 56
-0.90899998 -1.673 2.342 55
-0.80599999 -2.0079999 2.3429999 48
-0.83399999 -1.904 2.3399999 54
-0.85900003 -1.7970001 2.3429999 57
-0.87599999 -1.699 2.3429999 57
-0.75800002 -2.017 2.3399999 52
-0.79000002 -1.9170001 2.3369999 56
-0.82099998 -1.819 2.345 64
-0.84100002 -1.72 2.3410001 56
-0.71100003 -2.0280001 2.342 49
-0.74699998 -1.932 2.3380001 56
-0.78200001 -1.8380001 2.346 56
-0.80599999 -1.742 2.339 57
-0.66500002 -2.04 2.346 51
-0.70499998 -1.951 2.3440001 54
-0.74199998 -1.854 2.3429999 53
-0.77100003 -1.765 2.3399999 61
-0.61699998 -2.0480001 2.346 53
-0.66100001 -1.961 2.3410001 55
-0.70300001 -1.874 2.346 54
-0.73400003 -1.785 2.3380001 58
-0.56999999 -2.0550001 2.346 50
-0.61799997 -1.977 2.346 52
-0.66299999 -1.892 2.3469999 55
-0.69800001 -1.807 2.339 56
-0.523 -2.062 2.348 53
-0.57499999 -1.989 2.3469999 55
-0.62199998 -1.905 2.3429999 53
-0.662 -1.831 2.3440001 62
-0.477 -2.069 2.3510001 52
-0.52899998 -1.995 2.3429999 59
-0.58200002 -1.924 2.3469999 58
-0.62400001 -1.851 2.3440001 57
-0.42899999 -2.0699999 2.348 56
-0.48500001 -2.006 2.345 55
-0.54100001 -1.937 2.346 58
-0.58399999 -1.865 2.3380001 60
-0.382 -2.072 2.348 52
-0.44100001 -2.0150001 2.345 55
-0.498 -1.947 2.342 54
-0.54799998 -1.892 2.348 55
-0.33500001 -2.075 2.3499999 54
-0.39700001 -2.0239999 2.348 59
-0.458 -1.967 2.3499999 54
-0.50800002 -1.91 2.348 58
-0.289 -2.0780001 2.3529999 53
-0.35299999 -2.03 2.348 56
-0.41499999 -1.98 2.3510001 61
-0.46700001 -1.925 2.346 61
-0.243 -2.0810001 2.3570001 54
-0.308 -2.036 2.349 55
-0.37200001 -1.9859999 2.346 56
-0.42699999 -1.9450001 2.3499999 59
-0.19599999 -2.073 2.3510001 53
-0.26199999 -2.0350001 2.3429999 58
-0.33000001 -2.0009999 2.3510001 57
-0.38499999 -1.9579999 2.3469999 58
-0.15099999 -2.072 2.352 46
-0.21799999 -2.0439999 2.349 57
-0.28600001 -2.0090001 2.349 53
-0.34400001 -1.974 2.348 56
-0.105 -2.0680001 2.3529999 55
-0.17399999 -2.0480001 2.352 54
-0.242 -2.0179999 2.3499999 54
-0.301 -1.988 2.348 54
-0.059999999 -2.0639999 2.3529999 53
-0.12899999 -2.0480001 2.3499999 50
-0.199 -2.027 2.3510001 54
-0.259 -2.0039999 2.352 57
-0.015 -2.056 2.3510001 52
-0.083999999 -2.049 2.3499999 53
-0.154 -2.0339999 2.352 51
-0.215 -2.0150001 2.3499999 58
0.028999999 -2.0539999 2.3559999 58
-0.039999999 -2.0510001 2.3529999 57
-0.11 -2.036 2.3469999 52
-0.17200001 -2.03 2.355 58
0.072999999 -2.0439999 2.3540001 55
0.0040000002 -2.0469999 2.3510001 54
-0.064999998 -2.0420001 2.349 52
-0.127 -2.0420001 2.3570001 51
0.077 -1.346 1.556 4
0.048 -2.0469999 2.3529999 59
-0.021 -2.0510001 2.355 54
-0.082000002 -2.05 2.355 59
0.107 -1.346 1.563 2
0.061000001 -1.347 1.55 2
0.023 -2.0480001 2.3469999 51
-0.037 -2.0580001 2.3529999 58
0.204 -2.016 2.3540001 51
0.090000004 -1.346 1.553 4
0.068000004 -2.056 2.3540001 53
0.0080000004 -2.0639999 2.352 56
0.24600001 -2 2.348 49
0.119 -1.3430001 1.553 2
0.075000003 -1.3609999 1.557 4
0.054000001 -2.073 2.355 59
0.289 -1.994 2.3540001 54
0.22400001 -2.02 2.3429999 78
0.105 -1.355 1.551 8
0.064999998 -1.354 1.534 0
0.33000001 -1.979 2.3529999 52
0.26899999 -2.0190001 2.349 52
0.13500001 -1.359 1.556 4
0.094999999 -1.351 1.527 8
0.37099999 -1.962 2.348 49
0.31200001 -2.01 2.349 53
0.16500001 -1.36 1.558 4
0.126 -1.349 1.522 7
0.412 -1.95 2.3510001 49
0.35499999 -2.0020001 2.349 53
0.19599999 -1.358 1.558 3
0.156 -1.35 1.521 5
0.45300001 -1.937 2.3529999 50
0.398 -1.988 2.3440001 53
0.22499999 -1.354 1.556 2
0.18799999 -1.359 1.53 5
0.49200001 -1.9220001 2.3540001 47
0.44100001 -1.983 2.3499999 51
0.25600001 -1.352 1.557 1
0.221 -1.368 1.54 4
0.53100002 -1.903 2.3499999 49
0.48300001 -1.969 2.3469999 43
0.43099999 -2.029 2.3429999 71
0.25 -1.352 1.522 3
0.56999999 -1.887 2.352 51
0.52399999 -1.9529999 2.342 48
0.477 -2.026 2.348 42
0.28299999 -1.362 1.535 3
0.60900003 -1.87 2.3529999 50
0.56800002 -1.948 2.3510001 56
0.523 -2.0190001 2.349 51
0.31600001 -1.364 1.539 3
0.64700001 -1.853 2.355 50
0.60900003 -1.9299999 2.346 45
0.56900001 -2.0109999 2.3499999 52
0.34900001 -1.365 1.544 3
0.68300003 -1.832 2.3529999 51
0.64899999 -1.913 2.3429999 48
0.61299998 -2 2.348 53
0.38100001 -1.363 1.545 3
0.71899998 -1.808 2.3469999 50
0.69300002 -1.905 2.3510001 53
0.66000003 -1.992 2.3510001 54
0.41499999 -1.365 1.552 3
0.755 -1.789 2.349 51
0.73100001 -1.882 2.3440001 48
0.70300001 -1.975 2.345 55
0.449 -1.364 1.557 2
0.79100001 -1.77 2.3510001 51
0.77100003 -1.865 2.3440001 50
0.74900001 -1.966 2.349 50
0.48300001 -1.362 1.561 1
0.82499999 -1.7460001 2.348 54
0.81099999 -1.848 2.345 50
0.79299998 -1.95 2.346 46
0.77499998 -2.0380001 2.348 32
0.85900003 -1.723 2.3469999 54
0.84899998 -1.825 2.339 52
0.83600003 -1.933 2.3440001 51
0.82499999 -2.03 2.3499999 46
0.89399999 -1.702 2.3499999 56
0.889 -1.809 2.3429999 47
0.88200003 -1.92 2.346 7
0.875 -2.02 2.3540001 26
0.926 -1.676 2.346 56
0.92799997 -1.789 2.3440001 48
0.92500001 -1.901 2.345 13
0.91900003 -1.9960001 2.3410001 0
0.95899999 -1.654 2.348 56
0.96700001 -1.77 2.345 50
0.96700001 -1.88 2.3399999 20
0.972 -1.989 2.3510001 7
0.99199998 -1.631 2.349 57
1.002 -1.744 2.3399999 53
1.0089999 -1.86 2.339 27
0 0 0 0
1.023 -1.605 2.348 55
1.0420001 -1.726 2.346 50
1.053 -1.842 2.3399999 42
0 0 0 0
1.056 -1.5829999 2.352 55
1.0779999 -1.701 2.3440001 44
1.096 -1.821 2.3399999 46
1.118 -1.939 2.352 14
1.084 -1.554 2.3469999 44
1.113 -1.676 2.3410001 51
1.142 -1.8049999 2.3469999 48
1.171 -1.928 2.3629999 11
1.112 -1.526 2.3440001 43
1.151 -1.655 2.346 50
1.1849999 -1.784 2.3499999 51
1.205 -1.885 2.336 15
1.1440001 -1.503 2.3499999 47
1.1849999 -1.627 2.342 51
1.225 -1.758 2.3469999 52
1.262 -1.878 2.3540001 48
1.173 -1.476 2.349 50
1.219 -1.6 2.3410001 50
1.268 -1.7359999 2.349 51
1.309 -1.855 2.355 46
1.197 -1.444 2.342 49
1.256 -1.577 2.346 49
1.307 -1.7079999 2.3469999 45
1.354 -1.827 2.3510001 38
1.23 -1.423 2.3529999 51
1.2869999 -1.5470001 2.342 50
1.345 -1.678 2.3429999 47
1.4 -1.803 2.3529999 46
1.253 -1.39 2.345 50
1.3200001 -1.518 2.3410001 51
1.386 -1.652 2.3440001 49
1.45 -1.78 2.359 45
1.28 -1.363 2.346 49
1.3559999 -1.493 2.346 48
1.424 -1.623 2.3440001 47
1.4910001 -1.7460001 2.352 48
1.307 -1.334 2.348 49
1.3839999 -1.46 2.3399999 52
1.462 -1.594 2.3440001 45
1.538 -1.719 2.3559999 42
1.331 -1.3049999 2.3469999 50
1.418 -1.432 2.3440001 48
1.503 -1.566 2.348 45
1.58 -1.686 2.352 45
1.354 -1.274 2.3440001 53
1.45 -1.403 2.346 48
1.536 -1.53 2.3410001 47
1.625 -1.6569999 2.3559999 46
1.38 -1.245 2.346 45
1.479 -1.372 2.345 51
1.572 -1.497 2.3399999 46
1.668 -1.623 2.355 41
1.404 -1.215 2.348 43
1.505 -1.337 2.339 51
1.61 -1.466 2.3429999 44
1.709 -1.5880001 2.3540001 41
1.425 -1.183 2.345 48
1.538 -1.307 2.345 51
1.646 -1.433 2.3440001 49
1.751 -1.552 2.3540001 50
1.45 -1.154 2.348 52
1.566 -1.274 2.3440001 51
1.681 -1.398 2.3440001 46
1.791 -1.515 2.3540001 51
1.4680001 -1.12 2.342 55
1.592 -1.239 2.342 48
1.7180001 -1.364 2.348 47
1.83 -1.477 2.3529999 54
1.49 -1.089 2.3429999 54
1.625 -1.209 2.3499999 57
1.749 -1.326 2.345 51
1.8660001 -1.436 2.349 54
1.513 -1.059 2.3469999 52
1.649 -1.173 2.3469999 58
1.779 -1.288 2.3429999 48
1.9069999 -1.399 2.3540001 54
1.53 -1.025 2.3429999 52
1.671 -1.135 2.342 49
1.813 -1.251 2.345 53
1.942 -1.3559999 2.3510001 55
1.551 -0.99400002 2.345 55
1.7 -1.102 2.3469999 60
1.842 -1.211 2.3440001 55
1.977 -1.313 2.3499999 57
1.573 -0.963 2.349 51
1.72 -1.063 2.3410001 50
1.869 -1.169 2.339 59
2.01 -1.2690001 2.348 58
1.5880001 -0.92799997 2.3440001 55
1.744 -1.026 2.3410001 62
1.896 -1.128 2.3380001 60
2.0450001 -1.225 2.348 60
1.605 -0.89399999 2.342 56
1.768 -0.99000001 2.3429999 64
1.925 -1.087 2.339 57
2.073 -1.178 2.3429999 64
1.626 -0.86199999 2.3469999 56
1.789 -0.95200002 2.342 64
1.951 -1.044 2.3369999 64
2.108 -1.133 2.346 66
1.64 -0.82700002 2.3429999 54
1.809 -0.91299999 2.3399999 65
1.977 -1.002 2.3369999 62
2.1370001 -1.086 2.345 60
1.652 -0.792 2.3380001 54
1.829 -0.87400001 2.339 66
2.0020001 -0.95899999 2.3369999 64
2.164 -1.0369999 2.342 68
1.6720001 -0.759 2.3429999 58
1.851 -0.83600003 2.342 74
2.0239999 -0.91299999 2.3340001 61
2.194 -0.98900002 2.3429999 76
1.687 -0.72500002 2.3429999 53
1.868 -0.796 2.339 65
2.0450001 -0.86799997 2.332 65
2.2179999 -0.93800002 2.339 70
1.702 -0.69 2.3429999 57
1.8890001 -0.75700003 2.342 70
2.0669999 -0.82300001 2.332 64
2.2420001 -0.88700002 2.3369999 72
1.7130001 -0.65499997 2.3399999 49
1.901 -0.71499997 2.336 65
2.0869999 -0.77700001 2.3299999 64
2.2709999 -0.838 2.342 75
1.732 -0.62099999 2.3469999 41
1.913 -0.67299998 2.3299999 53
2.1110001 -0.73199999 2.3340001 65
2.2909999 -0.78500003 2.3380001 67
1.738 -0.58399999 2.3380001 43
1.932 -0.63300002 2.3340001 67
2.1270001 -0.68400002 2.3299999 58
2.309 -0.73199999 2.3340001 69
1.7539999 -0.54900002 2.3429999 46
1.946 -0.59100002 2.3329999 66
2.1400001 -0.63499999 2.325 61
2.3310001 -0.67900002 2.336 36
1.762 -0.51200002 2.3369999 42
1.959 -0.54900002 2.3310001 25
2.154 -0.58700001 2.322 3
0 0 0 0
0 0 0 0
0 0 0 0
0 0 0 0
0 0 0 0
0 0 0 0
0 0 0 0
0 0 0 0
0 0 0 0
0 0 0 0
0 0 0 0
0 0 0 0
0 0 0 0
0 0 0 0
0 0 0 0
0 0 0 0
0 0 0 0
0 0 0 0
0 0 0 0
0 0 0 0
0 0 0 0
0 0 0 0
0 0 0 0
0 0 0 0
0 0 0 0
0 0 0 0
0.94300002 -0.115 1.08 1
0 0 0 0
0.463 -0.045000002 0.442 7
0 0 0 0
0 0 0 0
0.43599999 -0.037 0.45100001 7
0 0 0 0
0 0 0 8
0 0 0 4
0.43000001 -0.027000001 0.442 4
0 0 0 0
0 0 0 0
0 0 0 0
0 0 0 0
0 0 0 0
0 0 0 8
0 0 0 0
0 0 0 0
0 0 0 0
0 0 0 0
0 0 0 0
0 0 0 0
0 0 0 0
0 0 0 0
0 0 0 0
0.433 0.011 0.44400001 3
0.47099999 0.02 0.44499999 6
0 0 0 0
0 0 0 0
0.43799999 0.021 0.44800001 6
0.46900001 0.030999999 0.442 6
0 0 0 0
0 0 0 4
0.433 0.030999999 0.44299999 5
0.472 0.041999999 0.44600001 6
0 0 0 0
0 0 0 0
0.44100001 0.041999999 0.45100001 7
0.46700001 0.052999999 0.442 3
0 0 0 0
0 0 0 5
0.42699999 0.050000001 0.43799999 2
0 0 0 0
0 0 0 0
0 0 0 2
0 0 0 0
0 0 0 0
0 0 0 3
0 0 0 0
0 0 0 0
0 0 0 0
0 0 0 0
0 0 0 0
0 0 0 0
0.45100001 0.093999997 0.43200001 2
0 0 0 0
0 0 0 0
0.42199999 0.089000002 0.43799999 2
0.46200001 0.108 0.44499999 6
0 0 0 0
0 0 0 0
0.42300001 0.098999999 0.44 5
0.45699999 0.118 0.442 6
0 0 0 0
0 0 0 0
0.428 0.11 0.44800001 6
0 0 0 0
0 0 0 0
0 0 0 7
0 0 0 0
0.44999999 0.139 0.44100001 8
0 0 0 6
0 0 0 0
0.42199999 0.12899999 0.44600001 6
0.447 0.149 0.442 6
0 0 0 0
0 0 0 7
0 0 0 0
0.43799999 0.15700001 0.43599999 7
0 0 0 6
0 0 0 0
0.421 0.15000001 0.45100001 7
0.43700001 0.169 0.43900001 6
0 0 0 0
0 0 0 7
0 0 0 0
0.43099999 0.178 0.43700001 8
0 0 0 6
0 0 0 0
0.412 0.168 0.449 7
0.43200001 0.19 0.442 6
0 0 0 0
0 0 0 7
0 0 0 0
0.42699999 0.2 0.442 7
0 0 0 6
0 0 0 0
0.39899999 0.185 0.44299999 6
0.42199999 0.20999999 0.442 6
0 0 0 0
0 0 0 6
0.38999999 0.191 0.43700001 4
0.41800001 0.22 0.44299999 6
0 0 0 5
0 0 0 0
0.39500001 0.205 0.44800001 7
0.40900001 0.228 0.43900001 6
0 0 0 0
0 0 0 7
0 0 0 0
0.39899999 0.235 0.435 7
0 0 0 6
0 0 0 0
0.38499999 0.223 0.447 6
0.39899999 0.24699999 0.44 6
0 0 0 0
0 0 0 7
0 0 0 0
0.389 0.25299999 0.435 8
0 0 0 6
0 0 0 0
0.37799999 0.242 0.45100001 7
0.38600001 0.264 0.44 5
0 0 0 0
0 0 0 6
0 0 0 0
0.377 0.271 0.43599999 7
0 0 0 5
0 0 0 0
0.36300001 0.25600001 0.44600001 6
0 0 0 0
0 0 0 0
0 0 0 6
0 0 0 0
0.36300001 0.287 0.43599999 7
0 0 0 3
0 0 0 0
0.34799999 0.26899999 0.44100001 6
0 0 0 0
0 0 0 0
0 0 0 6
0 0 0 0
0.347 0.30199999 0.43399999 7
0 0 0 3
0 0 0 0
0.33700001 0.287 0.44400001 6
0 0 0 0
0 0 0 0
0 0 0 3
0 0 0 0
0.333 0.31799999 0.435 8
0 0 0 3
0 0 0 0
0.18799999 0.175 0.257 3
0 0 0 0
0 0 0 0
0.182 0.163 0.26199999 3
0 0 0 0
0.18799999 0.197 0.25799999 4
0 0 0 3
0 0 0 0
0.183 0.186 0.26100001 3
0 0 0 0
0 0 0 0
0.177 0.17399999 0.26499999 3
0 0 0 0
0.184 0.20999999 0.26499999 4
0 0 0 4
0 0 0 0
0.18099999 0.20100001 0.271 3
0 0 0 0
0 0 0 0
0.17399999 0.186 0.27000001 3
0 0 0 0
0.177 0.222 0.27000001 4
0 0 0 4
0 0 0 0
0.177 0.21600001 0.28 3
0 0 0 0
0 0 0 0
0.17200001 0.20100001 0.28099999 3
0 0 0 0
0.178 0.24600001 0.289 4
0 0 0 4
0 0 0 0
0.178 0.23800001 0.29800001 4
0 0 0 0
0 0 0 0
0.17399999 0.223 0.29899999 4
0 0 0 0
0.17299999 0.264 0.30199999 5
0 0 0 4
0 0 0 0
0.175 0.257 0.31200001 4
0 0 0 0
0 0 0 0
0.17 0.23800001 0.308 4
0 0 0 0
0.17399999 0.29300001 0.32699999 4
0 0 0 4
0 0 0 0
0.17200001 0.28 0.329 3
0 0 0 0
0 0 0 0
0.169 0.26100001 0.32699999 4
0 0 0 0
0.171 0.31999999 0.34900001 2
0 0 0 4
0 0 0 0
0.17299999 0.31200001 0.35800001 3
1.066 2.108 2.2809999 5
0 0 0 0
0.167 0.285 0.34599999 3
0 0 0 0
1.0039999 2.1029999 2.2550001 58
0 0 0 4
0 0 0 0
0 0 0 0
0.95599997 2.1240001 2.2579999 61
0 0 0 0
0.169 0.32100001 0.37799999 2
0.95899999 2.036 2.2579999 51
0.90700001 2.142 2.2590001 60
0 0 0 4
0 0 0 0
0.91399997 2.0580001 2.2609999 61
0.85600001 2.155 2.257 63
0 0 0 0
0.93199998 1.971 2.2639999 10
0.866 2.0739999 2.257 56
0.80500001 2.168 2.2550001 57
0 0 0 0
0.889 1.995 2.266 60
0.81900001 2.0910001 2.256 55
0.75400001 2.1789999 2.2539999 49
0.91399997 1.918 2.263 4
0.84600002 2.017 2.2650001 66
0.77200001 2.1099999 2.2579999 55
0.70300001 2.188 2.2509999 57
0.87199998 1.942 2.2590001 53
0.801 2.036 2.2620001 60
0.72500002 2.125 2.2579999 51
0.65200001 2.197 2.25 61
0.833 1.971 2.2620001 59
0.75599998 2.0550001 2.26 54
0.676 2.1370001 2.2550001 52
0.602 2.2090001 2.253 61
0.78899997 1.9910001 2.256 48
0.71100003 2.073 2.2590001 57
0.62800002 2.152 2.256 56
0.551 2.217 2.253 58
0.745 2.013 2.253 44
0.66500002 2.092 2.2579999 57
0.58099997 2.1659999 2.2579999 53
0.5 2.221 2.25 63
0.704 2.0409999 2.257 50
0.61799997 2.108 2.257 58
0.52999997 2.1700001 2.2509999 58
0.44999999 2.2279999 2.2520001 61
0.66000003 2.063 2.257 55
0.57099998 2.119 2.2509999 60
0.48300001 2.1849999 2.256 56
0.398 2.223 2.243 58
0.61500001 2.0829999 2.2539999 54
0.52499998 2.1400001 2.257 53
0.433 2.1889999 2.2509999 60
0.34799999 2.227 2.244 57
0.56900001 2.1040001 2.2539999 56
0.47799999 2.1530001 2.256 58
0.384 2.1960001 2.2509999 58
0.29899999 2.233 2.2479999 59
0.52200001 2.1210001 2.2509999 53
0.42899999 2.161 2.25 58
0.33500001 2.2060001 2.2539999 59
0.248 2.2309999 2.2460001 54
0.47499999 2.135 2.2449999 56
0.382 2.177 2.2539999 57
0.285 2.207 2.2490001 56
0.199 2.2320001 2.247 57
0.42899999 2.161 2.2539999 52
0.333 2.1860001 2.2520001 58
0.236 2.2090001 2.247 59
0.149 2.2290001 2.2460001 47
0.38100001 2.175 2.2509999 53
0.28400001 2.191 2.247 62
0.18700001 2.2149999 2.2490001 63
0.1 2.2260001 2.2460001 62
0.331 2.1849999 2.2449999 57
0.235 2.2030001 2.25 59
0.138 2.2160001 2.2490001 49
0.050000001 2.217 2.2409999 63
0.28299999 2.2079999 2.2539999 52
0.186 2.21 2.25 57
0.089000002 2.217 2.2490001 60
0.0020000001 2.2149999 2.244 64
0.233 2.2179999 2.25 51
0.13699999 2.2149999 2.247 53
0.039999999 2.2190001 2.2509999 60
-0.046 2.211 2.2460001 62
0.183 2.23 2.25 55
0.086999997 2.2219999 2.2490001 55
-0.0080000004 2.2130001 2.2460001 53
-0.093999997 2.2 2.243 65
0.132 2.2390001 2.247 53
0.037 2.2249999 2.247 60
-0.057 2.211 2.247 54
-0.141 2.194 2.2449999 67
0.081 2.2449999 2.244 53
-0.012 2.227 2.2460001 51
-0.106 2.2090001 2.2490001 60
-0.189 2.1849999 2.2449999 68
0.028999999 2.25 2.24 53
-0.061999999 2.233 2.25 55
-0.154 2.2030001 2.2479999 56
-0.235 2.1689999 2.2390001 60
-0.021 2.26 2.2420001 54
-0.112 2.23 2.2460001 56
-0.20200001 2.1960001 2.2460001 59
-0.28200001 2.1630001 2.2449999 64
-0.072999999 2.267 2.2420001 53
-0.162 2.2290001 2.2460001 57
-0.25099999 2.1930001 2.2490001 65
-0.32800001 2.1489999 2.244 61
-0.126 2.2679999 2.2390001 52
-0.212 2.2279999 2.247 59
-0.29800001 2.1819999 2.247 56
-0.373 2.1340001 2.243 67
-0.17900001 2.2750001 2.2420001 54
-0.26300001 2.2219999 2.243 55
-0.345 2.1689999 2.243 55
-0.41800001 2.1229999 2.2460001 64
-0.23199999 2.2750001 2.24 52
-0.31299999 2.2190001 2.244 59
-0.39399999 2.165 2.2490001 55
-0.463 2.1070001 2.2449999 60
-0.285 2.276 2.24 54
-0.36399999 2.2190001 2.25 55
-0.44100001 2.1530001 2.2479999 56
-0.50700003 2.0899999 2.244 66
-0.33899999 2.279 2.243 56
-0.414 2.211 2.247 51
-0.486 2.1359999 2.243 58
-0.55000001 2.0739999 2.2460001 68
-0.39199999 2.2739999 2.24 55
-0.463 2.2 2.244 49
-0.53299999 2.1259999 2.247 62
-0.59200001 2.052 2.2420001 68
-0.44499999 2.2639999 2.233 45
-0.51300001 2.191 2.244 51
-0.579 2.1110001 2.2449999 58
-0.634 2.0339999 2.2420001 67
-0.5 2.266 2.2390001 53
-0.56199998 2.1760001 2.2379999 56
-0.625 2.098 2.2479999 62
-0.67699999 2.0190001 2.247 66
-0.55400002 2.26 2.2379999 56
-0.61199999 2.1689999 2.2420001 51
-0.67000002 2.0799999 2.2460001 58
-0.71799999 1.997 2.2460001 70
-0.60699999 2.25 2.2349999 55
-0.662 2.1589999 2.2449999 57
-0.71499997 2.066 2.2490001 63
-0.75700003 1.973 2.243 63
-0.66000003 2.2409999 2.2349999 53
-0.71100003 2.1459999 2.2449999 55
-0.75999999 2.0480001 2.25 63
-0.79699999 1.9529999 2.2449999 67
-0.71399999 2.23 2.234 54
-0.759 2.1289999 2.243 58
-0.80299997 2.0280001 2.2479999 60
-0.83700001 1.931 2.2449999 63
-0.76800001 2.22 2.2349999 59
-0.81 2.118 2.2479999 61
-0.84799999 2.0109999 2.2520001 64
-0.875 1.9069999 2.2449999 58
-0.82200003 2.2090001 2.237 53
-0.85699999 2.098 2.2449999 59
-0.889 1.9859999 2.247 64
-0.91500002 1.888 2.2509999 63
-0.875 2.194 2.2360001 56
-0.90399998 2.079 2.244 56
-0.93400002 1.97 2.2539999 64
-0.95300001 1.863 2.2509999 66
-0.92900002 2.1800001 2.237 52
-0.95200002 2.0610001 2.2449999 59
-0.97399998 1.9450001 2.2509999 67
-0.98699999 1.8329999 2.247 70
-0.98400003 2.1670001 2.2409999 59
-1 2.043 2.247 63
-1.015 1.921 2.2509999 53
-1.024 1.8099999 2.2490001 70
-1.035 2.145 2.2379999 56
-1.044 2.017 2.2420001 49
-1.056 1.897 2.2520001 53
-1.0599999 1.784 2.2509999 66
-1.086 2.1240001 2.2360001 52
-1.092 1.998 2.2460001 63
-1.097 1.873 2.253 63
-1.095 1.757 2.2520001 68
-1.141 2.108 2.2409999 59
-1.1390001 1.975 2.247 64
-1.137 1.848 2.2539999 65
-1.131 1.733 2.256 72
-1.191 2.082 2.2379999 55
-1.183 1.949 2.2460001 62
-1.179 1.826 2.2609999 65
-1.1619999 1.701 2.2520001 71
-1.2410001 2.0569999 2.2360001 55
-1.23 1.927 2.2509999 57
-1.214 1.795 2.256 63
-1.194 1.6720001 2.2520001 76
-1.294 2.036 2.2409999 61
-1.272 1.898 2.2479999 57
-1.253 1.768 2.2590001 69
-1.228 1.645 2.256 69
-1.3430001 2.0079999 2.24 58
-1.316 1.8710001 2.2490001 64
-1.289 1.737 2.257 65
-1.257 1.612 2.253 79
-1.393 1.98 2.24 62
-1.36 1.8430001 2.2509999 62
-1.327 1.709 2.26 71
-1.2869999 1.582 2.2520001 71
-1.3890001 1.88 2.1589999 110
-1.403 1.814 2.2509999 65
-1.362 1.678 2.2590001 68
-1.319 1.554 2.257 74
-1.402 1.807 2.108 78
-1.392 1.7180001 2.1700001 150
-1.397 1.647 2.26 68
-1.348 1.522 2.257 67
-1.438 1.767 2.095 154
-1.367 1.612 2.073 44
-1.4299999 1.614 2.2590001 81
-1.377 1.4910001 2.2590001 74
-1.5880001 1.8609999 2.2460001 62
-1.508 1.699 2.2279999 140
-1.39 1.501 2.145 150
-1.405 1.459 2.26 71
-1.633 1.824 2.244 61
-1.563 1.683 2.2509999 62
-1.374 1.4220001 2.075 49
-1.431 1.426 2.2590001 71
-1.707 1.8200001 2.283 150
-1.587 1.6339999 2.2320001 150
-1.436 1.423 2.1240001 150
-1.4450001 1.382 2.2409999 108
-1.4170001 1.442 1.847 2
-1.642 1.615 2.256 66
-1.554 1.474 2.2520001 106
-1.399 1.284 2.1329999 150
-1.457 1.414 1.852 3
-1.701 1.599 2.2850001 150
-1.595 1.449 2.2690001 71
-1.37 1.205 2.0550001 83
-1.97 1.825 2.4460001 63
-1.372 1.233 1.8049999 3
-1.624 1.4119999 2.267 67
-1.404 1.184 2.073 43
-1.372 1.2130001 1.666 9
-1.9069999 1.638 2.4590001 79
-1.654 1.377 2.27 65
-1.4529999 1.176 2.1140001 150
-2.0610001 1.737 2.4489999 70
-1.944 1.595 2.4590001 76
-1.691 1.347 2.2820001 104
-1.492 1.1569999 2.1389999 151
-2.1029999 1.6900001 2.448 71
-1.985 1.5549999 2.4660001 78
-1.749 1.3329999 2.323 152
-1.451 1.0779999 2.0539999 150
-2.1570001 1.652 2.4619999 71
-2.0179999 1.508 2.4630001 79
-1.438 1.0470001 1.881 13
-1.488 1.059 2.079 154
-1.433 1.045 1.605 16
-2.0550001 1.465 2.4660001 72
-1.923 1.3380001 2.4790001 113
-1.6440001 1.119 2.2679999 67
-2.2349999 1.551 2.46 69
-2.0899999 1.42 2.4690001 74
-1.952 1.2970001 2.483 64
-1.664 1.084 2.2690001 70
-2.277 1.502 2.464 70
-2.122 1.373 2.4690001 73
-1.977 1.253 2.4809999 70
-1.6849999 1.048 2.2709999 72
-2.3099999 1.447 2.46 66
-2.148 1.322 2.464 72
-2.0039999 1.211 2.4849999 68
-1.71 1.016 2.2820001 94
-2.3440001 1.3940001 2.4590001 67
-2.1800001 1.275 2.467 78
-2.026 1.165 2.4820001 69
-1.757 0.99599999 2.3199999 150
-2.382 1.341 2.4630001 71
-2.2079999 1.225 2.4660001 75
-2.0480001 1.12 2.4809999 62
-1.784 0.963 2.3329999 152
-2.4100001 1.284 2.4579999 78
-2.233 1.175 2.464 79
-2.076 1.0779999 2.487 121
-1.8150001 0.93199998 2.352 153
-1.372 0.69 1.382 57
-1.4 0.69599998 1.527 13
-2.0940001 1.031 2.4849999 67
-1.898 0.92699999 2.4389999 150
-2.4649999 1.168 2.4519999 74
-2.2850001 1.074 2.4660001 75
-2.1110001 0.98299998 2.48 75
-1.929 0.89300001 2.4579999 150
-2.4960001 1.112 2.4549999 71
-2.309 1.022 2.4660001 75
-2.132 0.93800002 2.483 64
-1.956 0.85799998 2.474 83
-2.526 1.0549999 2.4579999 73
-2.339 0.97299999 2.473 82
-2.154 0.89300001 2.487 69
-1.978 0.81900001 2.483 64
-2.556 0.99900001 2.464 72
-2.358 0.91900003 2.471 81
-2.1700001 0.84500003 2.4860001 58
-1.993 0.778 2.4849999 64
-2.5799999 0.93900001 2.4630001 71
-2.3800001 0.866 2.474 77
-2.1889999 0.79900002 2.4890001 67
-2.0039999 0.736 2.4820001 69
-2.599 0.87800002 2.461 66
-2.4000001 0.81300002 2.4749999 80
-2.1989999 0.75 2.484 72
-2.013 0.69199997 2.4779999 59
-1.4680001 0.458 1.3789999 15
-1.4400001 0.45199999 1.475 11
-2.2130001 0.70200002 2.483 65
-2.029 0.65200001 2.484 67
-1.485 0.42500001 1.385 13
-1.442 0.417 1.467 5
-1.515 0.44499999 1.689 2
-2.0369999 0.60900003 2.4809999 150
-2.655 0.69300002 2.46 66
-2.4449999 0.648 2.4719999 83
-2.2409999 0.60600001 2.4860001 74
-2.0439999 0.56599998 2.4760001 66
-2.678 0.63300002 2.467 63
-2.4590001 0.59299999 2.473 71
-2.2509999 0.55699998 2.484 63
-2.0580001 0.52499998 2.483 61
-2.6919999 0.57099998 2.467 64
-2.47 0.53799999 2.471 69
-2.2620001 0.509 2.4860001 65
-2.066 0.48199999 2.4820001 61
-2.7049999 0.50800002 2.4679999 64
-2.483 0.48199999 2.473 70
-2.2379999 0.45300001 2.4489999 150
-1.9349999 0.41 2.316 120
-2.7160001 0.44400001 2.4679999 71
-2.4920001 0.426 2.474 70
-2.204 0.39700001 2.4030001 150
-1.9220001 0.366 2.293 64
-2.7290001 0.38100001 2.4719999 74
-2.5039999 0.37099999 2.477 76
-2.237 0.354 2.4319999 150
-1.925 0.32600001 2.29 62
-2.734 0.31799999 2.4690001 67
-2.51 0.31400001 2.4760001 73
-2.2550001 0.30700001 2.444 150
-1.9299999 0.28600001 2.289 72
-2.7490001 0.255 2.4779999 64
-2.5209999 0.259 2.4820001 70
-2.2690001 0.25999999 2.454 150
-1.939 0.24699999 2.2950001 68
-2.75 0.19 2.4749999 59
-2.5250001 0.20200001 2.4809999 69
-2.277 0.211 2.4579999 150
-1.9400001 0.207 2.2909999 65
-2.7490001 0.126 2.4719999 60
-2.53 0.145 2.483 68
-2.283 0.163 2.461 150
-1.941 0.167 2.2880001 69
-2.7539999 0.061999999 2.4760001 57
-2.5320001 0.089000002 2.483 66
-2.2909999 0.114 2.467 150
-1.949 0.12800001 2.296 64
-2.7579999 -0.001 2.48 66
-2.533 0.032000002 2.484 71
-2.2880001 0.064000003 2.4619999 150
-1.951 0.086999997 2.296 69
-2.7550001 -0.064000003 2.48 67
-2.54 -0.024 2.4920001 65
-2.2880001 0.015 2.4619999 150
-1.9529999 0.046999998 2.296 68
-2.756 -0.12899999 2.4849999 60
-2.5369999 -0.079999998 2.4909999 56
-2.279 -0.033 2.4530001 150
-1.9529999 0.0070000002 2.296 66
-2.7490001 -0.192 2.483 51
-2.5280001 -0.13699999 2.4860001 68
-2.267 -0.081 2.4419999 150
-1.9529999 -0.032000002 2.296 66
-2.7460001 -0.25600001 2.4879999 59
-2.5320001 -0.19400001 2.494 65
-2.2309999 -0.12800001 2.4070001 150
-1.952 -0.071999997 2.296 67
-2.7420001 -0.31999999 2.4920001 62
-2.526 -0.25 2.4949999 65
-2.207 -0.17399999 2.3840001 150
-1.954 -0.112 2.3 61
-2.7320001 -0.38299999 2.493 67
-2.5220001 -0.30700001 2.4979999 51
-2.198 -0.221 2.3800001 150
-1.9529999 -0.153 2.3010001 63
-2.7149999 -0.44400001 2.4879999 65
-2.513 -0.36300001 2.4979999 67
-2.1819999 -0.266 2.368 151
-1.9450001 -0.192 2.296 68
-2.7030001 -0.50700003 2.49 64
-2.503 -0.419 2.4979999 68
-2.1689999 -0.31200001 2.3599999 150
-1.949 -0.233 2.3039999 62
-2.6849999 -0.56800002 2.4879999 68
-2.4860001 -0.47299999 2.4920001 77
-2.161 -0.359 2.359 150
-1.944 -0.27399999 2.303 61
-2.6689999 -0.62900001 2.4879999 59
-2.4809999 -0.52999997 2.5 67
-2.1440001 -0.403 2.3499999 150
-1.936 -0.31400001 2.3 60
-2.6589999 -0.69199997 2.4960001 63
-2.461 -0.583 2.493 76
-2.1129999 -0.44499999 2.326 135
-1.934 -0.35499999 2.3039999 64
-2.6389999 -0.75199997 2.4960001 66
-2.4519999 -0.639 2.5 72
-2.096 -0.48800001 2.3169999 67
-1.928 -0.39500001 2.3039999 64
-2.6210001 -0.81199998 2.5 63
-2.438 -0.69400001 2.5020001 66
-2.085 -0.53299999 2.3169999 66
-1.921 -0.435 2.3050001 64
-2.6029999 -0.87199998 2.5039999 59
-2.421 -0.74699998 2.503 67
-2.066 -0.57599998 2.3099999 65
-1.913 -0.47600001 2.3050001 64
-2.576 -0.93000001 2.5009999 66
-2.401 -0.80000001 2.5009999 66
-2.0580001 -0.62199998 2.3150001 67
-1.906 -0.51599997 2.3050001 71
-2.5480001 -0.986 2.4990001 59
-2.3740001 -0.85000002 2.494 118
-2.0420001 -0.66500002 2.3110001 61
-1.8940001 -0.55500001 2.302 66
-2.527 -1.045 2.506 64
-2.2620001 -0.86699998 2.3970001 150
-2.0280001 -0.70899999 2.3110001 61
-1.892 -0.59799999 2.312 71
-2.4949999 -1.099 2.5020001 63
-2.2079999 -0.90399998 2.3629999 151
-2.013 -0.75300002 2.312 60
-1.882 -0.639 2.313 59
-2.4660001 -1.154 2.5020001 56
-2.148 -0.935 2.3210001 80
-2 -0.79799998 2.316 67
-1.868 -0.67799997 2.3099999 61
-2.4389999 -1.211 2.507 55
-2.1170001 -0.97799999 2.312 56
-1.985 -0.84200001 2.3180001 68
-1.86 -0.72000003 2.3150001 56
-2.4089999 -1.265 2.5090001 58
-2.092 -1.024 2.3110001 56
-1.967 -0.88499999 2.3180001 68
-1.85 -0.76099998 2.319 51
-2.2639999 -1.255 2.3900001 150
-2.072 -1.071 2.316 55
-1.946 -0.92699999 2.3150001 65
-1.836 -0.801 2.319 48
-2.165 -1.265 2.3199999 40
-2.046 -1.1160001 2.3150001 56
-1.9299999 -0.97000003 2.319 59
-1.826 -0.84299999 2.3239999 57
-2.1259999 -1.308 2.313 41
-2.0190001 -1.16 2.3150001 51
-1.9119999 -1.0140001 2.322 62
-1.812 -0.88300002 2.325 65
-2.086 -1.35 2.3080001 40
-1.994 -1.205 2.3180001 51
-1.896 -1.059 2.329 51
-1.795 -0.92199999 2.323 64
-2.062 -1.401 2.319 38
-1.965 -1.248 2.3180001 50
-1.874 -1.1 2.3299999 50
-1.778 -0.96200001 2.3239999 55
-2.0220001 -1.442 2.3150001 36
-1.939 -1.2920001 2.3210001 49
-1.851 -1.141 2.329 51
-1.7589999 -1 2.322 61
-1.987 -1.4859999 2.3180001 36
-1.914 -1.3380001 2.3280001 41
-1.829 -1.183 2.3310001 57
-1.74 -1.038 2.3199999 59
-1.956 -1.533 2.326 35
-1.883 -1.3789999 2.329 40
-1.803 -1.222 2.3299999 57
-1.727 -1.081 2.329 69
-1.923 -1.5779999 2.3329999 35
-1.851 -1.42 2.3299999 45
-1.779 -1.263 2.3329999 54
-1.706 -1.12 2.3269999 64
-1.882 -1.617 2.332 36
-1.819 -1.46 2.3299999 42
-1.752 -1.302 2.332 53
-1.684 -1.158 2.326 66
-1.846 -1.659 2.3369999 37
-1.7869999 -1.501 2.3329999 44
-1.725 -1.341 2.332 54
-1.6670001 -1.2 2.3329999 66
-1.799 -1.692 2.3310001 43
-1.751 -1.5369999 2.3310001 42
-1.7 -1.381 2.336 54
-1.643 -1.237 2.3299999 58
-1.7589999 -1.73 2.3329999 43
-1.716 -1.575 2.3310001 46
-1.669 -1.4170001 2.3329999 48
-1.619 -1.273 2.3280001 66
-1.717 -1.766 2.3340001 47
-1.681 -1.612 2.3340001 45
-1.638 -1.454 2.332 48
-1.598 -1.313 2.332 62
-1.677 -1.804 2.3399999 52
-1.6440001 -1.647 2.3329999 46
-1.61 -1.493 2.335 53
-1.573 -1.352 2.3329999 57
-1.631 -1.835 2.3369999 53
-1.607 -1.684 2.335 47
-1.5779999 -1.529 2.335 49
-1.546 -1.387 2.3310001 55
-1.5880001 -1.868 2.3399999 51
-1.572 -1.721 2.3399999 55
-1.546 -1.564 2.335 52
-1.522 -1.427 2.335 61
-1.543 -1.9 2.3410001 50
-1.529 -1.749 2.3340001 53
-1.516 -1.603 2.3399999 51
-1.4960001 -1.464 2.336 60
-1.497 -1.929 2.3399999 47
-1.4910001 -1.784 2.3369999 54
-1.482 -1.636 2.339 52
-1.465 -1.498 2.3329999 57
-1.4529999 -1.96 2.3440001 47
-1.4529999 -1.819 2.342 55
-1.448 -1.67 2.339 56
-1.4400001 -1.538 2.339 60
-1.404 -1.985 2.342 48
-1.409 -1.844 2.336 52
-1.413 -1.7029999 2.339 58
-1.409 -1.572 2.3369999 59
-1.3559999 -2.0109999 2.3410001 47
-1.37 -1.878 2.342 53
-1.378 -1.737 2.3410001 55
-1.376 -1.605 2.3340001 58
-1.3099999 -2.0380001 2.3440001 47
-1.327 -1.905 2.3399999 39
-1.341 -1.77 2.342 52
-1.346 -1.641 2.3369999 55
-1.262 -2.0610001 2.3429999 52
-1.283 -1.931 2.3380001 54
-1.304 -1.801 2.3429999 56
-1.3150001 -1.676 2.3380001 41
-1.21 -2.079 2.339 50
-1.242 -1.961 2.342 49
-1.265 -1.83 2.3410001 56
-1.281 -1.709 2.3369999 51
-1.165 -2.1059999 2.346 44
-1.198 -1.987 2.3429999 49
-1.228 -1.862 2.3440001 52
-1.2460001 -1.7410001 2.335 49
-1.1160001 -2.1259999 2.346 52
-1.152 -2.0079999 2.339 49
-1.188 -1.891 2.3440001 51
-1.212 -1.775 2.3380001 53
-1.0650001 -2.142 2.3429999 46
-1.109 -2.036 2.3440001 49
-1.148 -1.919 2.3440001 53
-1.177 -1.809 2.3399999 58
-1.017 -2.164 2.3469999 45
-1.064 -2.059 2.345 49
-1.105 -1.944 2.3410001 52
-1.1390001 -1.839 2.3380001 56
-0.96700001 -2.1800001 2.3469999 47
-1.017 -2.0780001 2.342 49
-1.066 -1.975 2.346 51
-1.104 -1.873 2.342 54
-0.917 -2.194 2.346 46
-0.972 -2.102 2.345 51
-1.023 -1.999 2.3440001 52
-1.0650001 -1.903 2.342 53
-0.86900002 -2.2130001 2.3510001 50
-0.92500001 -2.1210001 2.345 47
-0.98000002 -2.023 2.342 47
-1.027 -1.934 2.3440001 56
-0.81800002 -2.227 2.352 46
-0.87900001 -2.141 2.346 48
-0.93900001 -2.053 2.3499999 48
-0.98500001 -1.96 2.3410001 55
-0.76700002 -2.2349999 2.348 48
-0.83200002 -2.1600001 2.348 48
-0.89499998 -2.075 2.349 48
-0.94499999 -1.99 2.342 49
-0.71600002 -2.2449999 2.3469999 43
-0.78399998 -2.178 2.349 47
-0.84899998 -2.096 2.3469999 48
-0.90499997 -2.02 2.346 48
-0.667 -2.257 2.3499999 47
-0.736 -2.1930001 2.349 40
-0.80500001 -2.1210001 2.3510001 46
-0.86299998 -2.05 2.349 52
-0.61699998 -2.266 2.3510001 46
-0.68800002 -2.2079999 2.3499999 49
-0.75999999 -2.142 2.3510001 40
-0.81900001 -2.0739999 2.3469999 49
-0.56599998 -2.2739999 2.352 51
-0.63999999 -2.2219999 2.3499999 47
-0.71200001 -2.158 2.3469999 44
-0.77499998 -2.099 2.3469999 56
-0.51599997 -2.2820001 2.3529999 47
-0.58999997 -2.233 2.348 51
-0.667 -2.1819999 2.3529999 48
-0.73100001 -2.1270001 2.3510001 40
-0.46599999 -2.286 2.352 45
-0.542 -2.2479999 2.352 47
-0.61900002 -2.1989999 2.352 45
-0.68599999 -2.1530001 2.3529999 46
-0.41600001 -2.2939999 2.3570001 51
-0.49200001 -2.256 2.3499999 46
-0.57099998 -2.214 2.3499999 45
-0.639 -2.1730001 2.352 47
-0.36500001 -2.2939999 2.3540001 45
-0.44299999 -2.266 2.3510001 47
-0.523 -2.234 2.3540001 43
-0.59200001 -2.197 2.3529999 50
-0.31600001 -2.2969999 2.355 47
-0.39399999 -2.276 2.3529999 49
-0.47400001 -2.2490001 2.355 43
-0.54500002 -2.22 2.3559999 50
-0.266 -2.3010001 2.358 48
-0.34400001 -2.283 2.352 48
-0.42500001 -2.2620001 2.3529999 50
-0.49599999 -2.24 2.3559999 52
-0.21600001 -2.2980001 2.355 49
-0.294 -2.289 2.352 47
-0.375 -2.277 2.355 52
-0.44600001 -2.2590001 2.3559999 53
-0.167 -2.296 2.3540001 44
-0.244 -2.296 2.3540001 51
-0.32499999 -2.289 2.3559999 48
-0.396 -2.277 2.3570001 52
-0.118 -2.299 2.3599999 51
-0.19400001 -2.3 2.3540001 48
-0.27500001 -2.3010001 2.3570001 51
-0.34599999 -2.296 2.358 48
-0.068999998 -2.293 2.3570001 46
-0.14399999 -2.302 2.352 44
-0.22400001 -2.312 2.359 53
-0.294 -2.3110001 2.358 44
-0.018999999 -2.286 2.3540001 45
-0.093999997 -2.306 2.355 49
-0.17200001 -2.3139999 2.352 43
-0.242 -2.325 2.358 45
0.028000001 -2.2850001 2.359 49
-0.044 -2.309 2.3570001 52
-0.121 -2.3239999 2.3540001 52
-0.19 -2.342 2.3599999 43
0.075999998 -2.276 2.3559999 47
0.0049999999 -2.306 2.3540001 46
-0.068999998 -2.3329999 2.3570001 45
-0.13600001 -2.3540001 2.3610001 39
0.074000001 -1.362 1.414 3
0.055 -2.3069999 2.355 50
-0.017000001 -2.336 2.3540001 44
-0.082000002 -2.3599999 2.3559999 44
0.102 -1.355 1.4119999 11
0.105 -2.3050001 2.3559999 30
0.034000002 -2.3410001 2.3559999 42
-0.028000001 -2.378 2.3640001 44
0.132 -1.36 1.423 9
0.092 -1.3609999 1.393 11
0.086999997 -2.345 2.3559999 41
0.025 -2.385 2.362 43
0.161 -1.358 1.427 8
0.121 -1.3609999 1.396 10
0.081 -1.365 1.3710001 10
0.081 -2.388 2.3570001 48
0.191 -1.3660001 1.443 6
0.152 -1.364 1.402 9
0.112 -1.364 1.369 10
0.077 -1.36 1.339 8
0.22 -1.365 1.449 5
0.182 -1.367 1.408 8
0.14300001 -1.37 1.375 9
0.109 -1.36 1.337 10
0.25 -1.367 1.459 4
0.211 -1.359 1.405 6
0.17399999 -1.37 1.377 8
0.14 -1.354 1.329 9
0.278 -1.362 1.4630001 3
0.242 -1.363 1.414 4
0.207 -1.376 1.3839999 6
0.17299999 -1.367 1.339 7
0.31 -1.369 1.479 3
0.27399999 -1.368 1.425 4
0.23899999 -1.376 1.387 5
0.205 -1.364 1.337 6
0.34 -1.37 1.4910001 3
0.30599999 -1.372 1.436 4
0.271 -1.378 1.391 4
0.23800001 -1.365 1.337 5
0.37 -1.367 1.499 2
0.33700001 -1.372 1.443 3
0.303 -1.375 1.392 4
0.27399999 -1.382 1.355 4
0.40400001 -1.377 1.521 2
0.36700001 -1.364 1.443 2
0.33700001 -1.382 1.404 3
0.30599999 -1.374 1.349 3
0.43399999 -1.373 1.529 2
0.40200001 -1.375 1.4630001 2
0.37 -1.38 1.4069999 2
0.338 -1.368 1.346 3
0.46599999 -1.375 1.544 2
0.43399999 -1.374 1.471 2
0.40400001 -1.383 1.416 2
0.375 -1.376 1.357 3
0.498 -1.373 1.556 3
0.46799999 -1.378 1.485 2
0.43700001 -1.378 1.418 2
0.40700001 -1.369 1.354 2
0.52899998 -1.369 1.566 1
0.5 -1.373 1.4910001 2
0.47299999 -1.3839999 1.432 2
0.44400001 -1.375 1.365 2
0.83399999 -2.0320001 2.348 57
0.53600001 -1.377 1.508 2
0.50599998 -1.378 1.434 2
0.48100001 -1.3789999 1.375 2
0.87800002 -2.02 2.358 13
0.57300001 -1.3839999 1.527 2
0.54400003 -1.385 1.451 2
0.51999998 -1.385 1.388 2
0.91299999 -1.987 2.3440001 4
0.61000001 -1.388 1.546 2
0.58099997 -1.386 1.462 2
0.55400002 -1.377 1.388 2
0.958 -1.977 2.358 11
0.64300001 -1.381 1.553 2
0.61799997 -1.3839999 1.471 2
0.59399998 -1.38 1.399 2
0.99900001 -1.957 2.3610001 7
0.67699999 -1.375 1.562 2
0.65799999 -1.3890001 1.489 2
0.63200003 -1.3789999 1.408 2
0 0 0 0
0 0 0 0
0.69999999 -1.395 1.5089999 2
0.67199999 -1.381 1.421 2
0 0 0 0
0 0 0 0
0.73799998 -1.392 1.52 2
0.71399999 -1.3839999 1.436 2
1.108 -1.874 2.348 19
1.146 -1.989 2.336 6
0.78399998 -1.4 1.545 2
0.76200002 -1.3940001 1.46 2
1.146 -1.851 2.3510001 38
1.198 -1.978 2.352 5
0.81900001 -1.387 1.548 3
0.80400002 -1.392 1.472 2
1.1849999 -1.8279999 2.3559999 44
1.2460001 -1.96 2.3599999 34
1.2920001 -2.079 2.348 24
0.84799999 -1.392 1.488 2
1.221 -1.801 2.355 44
1.283 -1.925 2.3499999 47
1.342 -2.0550001 2.3499999 35
0.89200002 -1.39 1.503 0
1.256 -1.772 2.3529999 49
1.327 -1.901 2.3540001 51
1.393 -2.03 2.352 44
0.94 -1.391 1.523 0
1.291 -1.745 2.3529999 47
1.369 -1.873 2.3540001 51
1.441 -2.0020001 2.352 43
0.99299997 -1.397 1.55 0
1.326 -1.717 2.3540001 48
1.409 -1.842 2.352 41
1.493 -1.977 2.3570001 45
1.0319999 -1.382 1.554 0
1.36 -1.688 2.3540001 45
1.451 -1.814 2.3540001 46
1.539 -1.9450001 2.355 44
1.619 -2.0639999 2.3559999 36
1.393 -1.6569999 2.3529999 43
1.4910001 -1.783 2.3540001 48
1.585 -1.9119999 2.3540001 46
1.676 -2.036 2.362 51
1.428 -1.63 2.3559999 47
1.53 -1.751 2.3529999 47
1.635 -1.883 2.358 46
1.73 -2.003 2.362 56
1.457 -1.596 2.352 45
1.568 -1.7180001 2.352 47
1.679 -1.847 2.3559999 39
1.78 -1.965 2.3599999 54
1.492 -1.569 2.3570001 46
1.6059999 -1.684 2.3510001 48
1.725 -1.813 2.3570001 43
1.832 -1.929 2.3610001 61
1.522 -1.536 2.355 44
1.642 -1.649 2.3499999 44
1.7690001 -1.776 2.3570001 42
1.883 -1.89 2.3599999 50
1.552 -1.503 2.3529999 46
1.6849999 -1.62 2.358 47
1.812 -1.738 2.3559999 47
1.928 -1.846 2.3540001 46
1.586 -1.473 2.358 48
1.722 -1.585 2.359 50
1.848 -1.694 2.3469999 46
1.976 -1.8049999 2.3540001 50
1.615 -1.439 2.3570001 51
1.752 -1.543 2.3510001 52
1.8940001 -1.658 2.352 49
2.0220001 -1.761 2.3510001 54
1.6390001 -1.401 2.3499999 47
1.79 -1.5089999 2.355 51
1.934 -1.6160001 2.3510001 45
2.069 -1.717 2.3510001 49
1.67 -1.369 2.3540001 47
1.826 -1.472 2.3570001 55
1.972 -1.573 2.348 47
2.1159999 -1.673 2.3529999 47
1.698 -1.335 2.3540001 42
1.852 -1.428 2.3469999 52
2.01 -1.53 2.3469999 49
2.154 -1.622 2.346 50
1.725 -1.3 2.3540001 46
1.883 -1.388 2.346 54
2.046 -1.485 2.345 49
2.198 -1.575 2.346 48
1.75 -1.263 2.3510001 43
1.9170001 -1.349 2.348 61
2.0810001 -1.438 2.3410001 48
2.2420001 -1.527 2.3469999 54
1.777 -1.228 2.3529999 55
1.946 -1.307 2.346 59
2.1210001 -1.395 2.345 54
2.28 -1.475 2.3440001 47
1.8 -1.189 2.349 51
1.975 -1.265 2.3440001 57
2.151 -1.346 2.3399999 48
2.3210001 -1.424 2.3440001 46
1.827 -1.154 2.352 52
2.0039999 -1.223 2.3440001 63
2.1849999 -1.298 2.339 47
2.359 -1.372 2.3440001 54
1.85 -1.1160001 2.3510001 57
2.0309999 -1.179 2.342 62
2.2219999 -1.253 2.3440001 56
2.3940001 -1.318 2.342 50
1.868 -1.075 2.3440001 55
2.0569999 -1.135 2.3399999 59
2.25 -1.201 2.339 54
2.4289999 -1.263 2.3410001 62
1.891 -1.036 2.3429999 55
2.0840001 -1.091 2.3399999 65
2.279 -1.15 2.336 54
2.467 -1.209 2.3429999 62
1.915 -0.99800003 2.345 59
2.1059999 -1.045 2.336 65
2.309 -1.1 2.3369999 59
2.4990001 -1.152 2.3410001 65
1.936 -0.95899999 2.3440001 61
2.1359999 -1.002 2.3410001 72
2.3329999 -1.046 2.332 50
2.53 -1.095 2.3399999 62
1.957 -0.91900003 2.3440001 64
2.158 -0.95499998 2.339 69
2.3640001 -0.99599999 2.336 58
2.5610001 -1.0369999 2.3410001 70
1.977 -0.87900001 2.3429999 60
2.1800001 -0.90899998 2.3380001 72
2.3929999 -0.94499999 2.339 64
2.5910001 -0.97799999 2.342 63
1.992 -0.83700001 2.339 56
2.204 -0.86299998 2.3399999 66
2.415 -0.88999999 2.335 60
2.612 -0.91600001 2.335 70
2.0139999 -0.79699999 2.3410001 64
2.2249999 -0.815 2.339 61
2.438 -0.83600003 2.3340001 63
2.6440001 -0.85699999 2.3399999 71
2.033 -0.75599998 2.3410001 56
2.2420001 -0.76599997 2.335 73
2.4579999 -0.77999997 2.332 65
2.671 -0.796 2.342 75
2.0480001 -0.713 2.3380001 62
2.2650001 -0.71899998 2.339 68
2.4779999 -0.72399998 2.3299999 56
0 0 0 0
2.0650001 -0.671 2.3380001 49
2.283 -0.66900003 2.3380001 56
0 0 0 0
0 0 0 0
2.0840001 -0.62900001 2.3410001 56
0 0 0 0
0 0 0 0
0 0 0 0
2.089 -0.58399999 2.329 14
0 0 0 0
0 0 0 0
0 0 0 0
0 0 0 0
0 0 0 0
0 0 0 0
0 0 0 0
0 0 0 0
0 0 0 0
0 0 0 0
0 0 0 0
0 0 0 0
0 0 0 0
0 0 0 0
0 0 0 0
0 0 0 0
0 0 0 0
0 0 0 0
0.53600001 -0.054000001 0.447 6
0 0 0 0
0 0 0 0
0.49900001 -0.050000001 0.447 3
0.53600001 -0.041000001 0.44499999 5
0 0 0 0
0 0 0 0
0.50099999 -0.039000001 0.447 6
0 0 0 0
0 0 0 0
0.45199999 -0.039000001 0.44 6
0.48500001 -0.027000001 0.43099999 1
0 0 0 0
0.41100001 -0.043000001 0.43799999 3
0 0 0 0
0 0 0 0
0 0 0 0
0.41600001 -0.034000002 0.44100001 8
0 0 0 0
0 0 0 0
0.542 0.0089999996 0.447 5
0.414 -0.025 0.43700001 3
0 0 0 0
0 0 0 0
0.542 0.022 0.44600001 6
0 0 0 0
0 0 0 0
0.50300002 0.017999999 0.44499999 4
0.542 0.034000002 0.447 4
0 0 0 0
0 0 0 0
0.50400001 0.028999999 0.44600001 7
0.54000002 0.046999998 0.44499999 6
0 0 0 0
0.45500001 0.02 0.43700001 6
0.50099999 0.041000001 0.44299999 5
0.54100001 0.059999999 0.447 3
0.41600001 0.0089999996 0.43399999 3
0 0 0 0
0.49700001 0.052000001 0.44 5
0 0 0 0
0.42699999 0.018999999 0.44499999 5
0.46399999 0.041000001 0.44499999 4
0 0 0 0
0 0 0 0
0.42399999 0.028000001 0.442 6
0.458 0.050999999 0.44 3
0 0 0 0
0 0 0 0
0 0 0 0
0 0 0 0
0 0 0 0
0 0 0 0
0.41299999 0.045000002 0.42899999 3
0 0 0 0
0 0 0 0
0 0 0 0
0 0 0 0
0 0 0 0
0 0 0 0
0.48800001 0.125 0.412 4
0 0 0 0
0 0 0 0
0.49399999 0.121 0.44499999 5
0 0 0 0
0 0 0 0
0.45199999 0.102 0.43799999 5
0.48899999 0.132 0.44299999 5
0.20200001 0.061999999 0.17200001 1
0 0 0 0
0.458 0.114 0.44499999 4
0.48300001 0.142 0.43900001 4
0 0 0 0
0 0 0 0
0.44600001 0.122 0.435 6
0.47999999 0.154 0.44 5
0.17399999 0.061999999 0.15099999 0
0.42199999 0.102 0.442 5
0.45100001 0.134 0.442 4
0.47999999 0.16599999 0.442 5
0 0 0 0
0 0 0 0
0 0 0 0
0 0 0 0
0.16599999 0.068999998 0.147 0
0.41800001 0.121 0.44 5
0.449 0.155 0.44499999 4
0.472 0.18700001 0.442 4
0 0 0 0
0.41600001 0.13 0.43900001 6
0.44299999 0.164 0.442 4
0.46599999 0.197 0.43900001 4
0.45899999 0.215 0.414 3
0.414 0.14 0.43900001 5
0.44100001 0.175 0.44299999 4
0.463 0.20900001 0.44100001 5
0 0 0 0
0.41 0.149 0.43700001 7
0 0 0 0
0 0 0 0
0.479 0.252 0.44100001 6
0.414 0.16 0.44299999 5
0.43200001 0.19400001 0.44100001 4
0.45300001 0.23 0.44 4
0.46700001 0.25999999 0.43599999 5
0 0 0 0
0.42399999 0.20200001 0.435 6
0.44600001 0.23899999 0.43799999 5
0.46599999 0.27399999 0.44100001 5
0.40799999 0.17900001 0.442 5
0.42500001 0.214 0.44100001 4
0.442 0.25 0.44 5
0.458 0.28299999 0.44 5
0.40200001 0.18700001 0.43799999 5
0 0 0 0
0.435 0.259 0.43799999 6
0.44999999 0.294 0.43900001 5
0.40000001 0.197 0.43900001 5
0.41499999 0.233 0.43900001 5
0.43000001 0.27000001 0.43799999 5
0.44800001 0.30700001 0.44400001 4
0.396 0.206 0.43900001 5
0.40900001 0.242 0.43700001 4
0.42500001 0.28 0.43900001 5
0.44100001 0.317 0.44400001 4
0 0 0 0
0.40200001 0.25 0.43399999 6
0.417 0.289 0.43799999 4
0.428 0.32300001 0.43900001 5
0.39199999 0.227 0.44100001 5
0.40200001 0.26300001 0.44100001 4
0.41100001 0.29899999 0.43799999 4
0.41800001 0.331 0.43599999 5
0.38800001 0.237 0.442 5
0.39399999 0.271 0.43700001 4
0.40099999 0.30599999 0.435 4
0.41600001 0.345 0.442 4
0.38299999 0.245 0.44 5
0.38800001 0.28 0.43700001 4
0.396 0.31600001 0.43700001 4
0.40599999 0.35299999 0.44100001 4
0.37799999 0.25400001 0.44 5
0 0 0 0
0.391 0.32699999 0.43900001 5
0.39899999 0.36399999 0.44299999 4
0 0 0 0
0.37400001 0.296 0.43399999 5
0 0 0 0
0.38299999 0.36500001 0.43399999 6
0.368 0.27200001 0.43900001 4
0.37 0.30700001 0.43599999 4
0.373 0.34200001 0.43599999 4
0.38 0.38 0.44100001 4
0.36199999 0.28 0.43700001 5
0.36300001 0.315 0.435 4
0 0 0 0
0.36500001 0.382 0.43399999 6
0.35600001 0.289 0.43599999 4
0 0 0 0
0.35800001 0.36000001 0.43599999 6
0.36300001 0.39700001 0.442 4
0 0 0 0
0.34999999 0.33199999 0.435 5
0.34900001 0.36700001 0.435 4
0.352 0.403 0.44 4
0.347 0.30899999 0.43900001 5
0 0 0 0
0.33899999 0.37200001 0.43200001 5
0.31 0.37200001 0.39899999 3
0 0 0 0
0.333 0.34599999 0.43099999 5
0.235 0.27000001 0.30700001 3
0.19 0.23899999 0.25099999 4
0.33199999 0.32300001 0.43399999 4
0 0 0 0
0.186 0.22400001 0.25 3
0 0 0 0
0 0 0 0
0.18000001 0.205 0.244 3
0 0 0 0
0.185 0.25600001 0.26100001 4
0.186 0.198 0.25299999 4
0 0 0 0
0.18700001 0.24699999 0.266 3
0 0 0 0
0 0 0 0
0.18000001 0.22499999 0.257 3
0 0 0 0
0.185 0.28099999 0.27900001 4
0.185 0.21699999 0.26300001 4
0 0 0 0
0.185 0.26899999 0.28 4
0 0 0 0
0 0 0 0
0.182 0.249 0.27399999 4
0 0 0 0
0.186 0.31299999 0.30199999 4
0.186 0.23800001 0.27700001 4
0 0 0 0
0.184 0.29499999 0.29800001 3
0 0 0 0
0 0 0 0
0.183 0.27700001 0.294 4
0 0 0 0
0.191 0.35800001 0.338 2
0.182 0.257 0.287 4
0 0 0 0
0.18700001 0.33199999 0.32600001 2
0 0 0 0
0 0 0 0
0.182 0.30399999 0.31200001 3
0 0 0 0
0.22499999 0.47 0.435 1
0.18000001 0.28 0.30000001 4
0 0 0 0
0.23100001 0.45899999 0.44 3
1.1109999 2.4590001 2.256 11
0 0 0 0
0.185 0.34200001 0.34099999 2
1.1339999 2.3759999 2.253 44
1.05 2.471 2.247 71
0.17900001 0.30899999 0.31999999 3
1.181 2.309 2.273 3
1.08 2.4000001 2.2520001 57
0.99000001 2.4809999 2.2390001 72
0 0 0 0
1.123 2.325 2.2579999 51
1.026 2.424 2.2520001 57
0.935 2.5050001 2.2460001 72
0 0 0 0
1.071 2.3510001 2.256 53
0.972 2.447 2.253 60
0.87599999 2.5150001 2.24 68
1.12 2.2869999 2.257 10
1.021 2.381 2.2579999 49
0.91600001 2.464 2.25 56
0.81800002 2.5280001 2.2379999 71
1.071 2.322 2.2579999 49
0.96700001 2.4070001 2.257 51
0.85799998 2.4779999 2.2449999 59
0.75999999 2.5409999 2.2379999 63
1.02 2.3529999 2.256 50
0.912 2.425 2.25 55
0.80299997 2.5 2.2479999 56
0.704 2.5569999 2.2420001 66
0.96700001 2.3800001 2.2520001 40
0.85900003 2.454 2.2539999 56
0.74699998 2.5139999 2.2449999 49
0.64600003 2.5680001 2.2420001 68
0.91500002 2.414 2.2539999 52
0.801 2.467 2.2449999 55
0.69 2.529 2.244 56
0.588 2.575 2.24 64
0.861 2.4389999 2.25 53
0.74699998 2.49 2.2460001 53
0.63300002 2.5420001 2.243 53
0.52899998 2.579 2.237 67
0.80500001 2.4619999 2.2460001 51
0.69099998 2.51 2.2449999 52
0.57599998 2.5539999 2.2420001 52
0.472 2.5880001 2.24 69
0.75 2.4879999 2.2449999 49
0.63599998 2.5320001 2.2479999 52
0.51800001 2.5650001 2.2409999 55
0.414 2.595 2.2409999 61
0.69300002 2.5109999 2.243 53
0.57700002 2.543 2.2409999 51
0.461 2.5769999 2.243 54
0.35600001 2.5940001 2.2360001 55
0.63499999 2.529 2.237 50
0.52100003 2.5650001 2.2449999 65
0.40400001 2.585 2.2420001 55
0.29800001 2.5969999 2.237 60
0.579 2.556 2.24 52
0.463 2.576 2.2420001 55
0.34599999 2.592 2.2409999 56
0.241 2.598 2.237 65
0.51999998 2.576 2.2390001 51
0.40400001 2.5880001 2.24 54
0.28799999 2.598 2.2409999 53
0.184 2.599 2.2379999 53
0.461 2.5940001 2.237 55
0.34599999 2.6029999 2.2420001 59
0.23 2.602 2.24 59
0.127 2.592 2.234 61
0.40200001 2.6140001 2.237 60
0.287 2.615 2.243 62
0.17200001 2.6040001 2.2379999 51
0.071000002 2.5929999 2.237 60
0.34099999 2.631 2.237 60
0.227 2.6210001 2.2390001 59
0.114 2.6110001 2.2420001 55
0.014 2.5810001 2.23 68
0.28 2.642 2.2320001 62
0.168 2.632 2.2409999 51
0.056000002 2.6110001 2.2409999 58
-0.041000001 2.5780001 2.2309999 57
0.21799999 2.654 2.23 60
0.108 2.6389999 2.2409999 54
-0.001 2.6070001 2.2379999 55
-0.097000003 2.5739999 2.234 62
0.156 2.6670001 2.2290001 58
0.048 2.641 2.2379999 56
-0.057999998 2.609 2.24 56
-0.152 2.5650001 2.233 62
0.093999997 2.6760001 2.2279999 58
-0.011 2.645 2.237 54
-0.116 2.6040001 2.2390001 54
-0.207 2.559 2.2349999 63
0.030999999 2.687 2.2279999 57
-0.071000002 2.645 2.2360001 55
-0.17299999 2.598 2.237 61
-0.26199999 2.546 2.2320001 60
-0.030999999 2.694 2.227 59
-0.131 2.645 2.234 54
-0.23100001 2.5929999 2.237 61
-0.31600001 2.536 2.234 61
-0.094999999 2.6960001 2.2219999 58
-0.192 2.6440001 2.233 57
-0.28799999 2.586 2.237 59
-0.36899999 2.5190001 2.23 58
-0.15899999 2.7030001 2.224 56
-0.25299999 2.6440001 2.234 53
-0.34400001 2.5739999 2.233 55
-0.42300001 2.5090001 2.2320001 45
-0.223 2.7049999 2.2219999 53
-0.31299999 2.6359999 2.23 59
-0.40099999 2.5650001 2.234 54
-0.47600001 2.4949999 2.2320001 57
-0.287 2.6989999 2.2160001 54
-0.37400001 2.6329999 2.2309999 53
-0.456 2.55 2.23 57
-0.52700001 2.4749999 2.2290001 52
-0.35299999 2.7079999 2.2219999 61
-0.43399999 2.628 2.2309999 58
-0.51300001 2.5420001 2.233 66
-0.579 2.461 2.2309999 57
-0.41800001 2.7030001 2.2190001 49
-0.49399999 2.619 2.23 59
-0.56800002 2.527 2.2309999 59
-0.63 2.441 2.2290001 63
-0.48300001 2.6989999 2.2179999 57
-0.55500001 2.612 2.2309999 61
-0.62400001 2.5179999 2.2360001 55
-0.68099999 2.4230001 2.2290001 65
-0.54699999 2.6930001 2.2160001 59
-0.61500001 2.5999999 2.23 65
-0.67799997 2.4979999 2.2320001 58
-0.73100001 2.404 2.23 58
-0.61400002 2.6900001 2.2190001 56
-0.67299998 2.5829999 2.2249999 59
-0.73500001 2.49 2.24 62
-0.78100002 2.385 2.2320001 62
-0.67699999 2.677 2.214 59
-0.73400003 2.5739999 2.2279999 63
-0.787 2.4649999 2.233 59
-0.829 2.3610001 2.23 61
-0.745 2.675 2.221 59
-0.792 2.556 2.2249999 61
-0.83999997 2.4449999 2.2320001 62
-0.87800002 2.3410001 2.2320001 62
-0.81 2.6630001 2.22 57
-0.852 2.5409999 2.2249999 60
-0.89399999 2.427 2.234 61
-0.92500001 2.316 2.2309999 62
-0.875 2.648 2.2179999 63
-0.91000003 2.523 2.224 63
-0.94700003 2.4070001 2.2349999 58
-0.972 2.2920001 2.2309999 66
-0.93900001 2.6329999 2.2190001 67
-0.96799999 2.5020001 2.2219999 60
-0.99900001 2.3840001 2.234 63
-1.02 2.2690001 2.233 63
-1.003 2.6129999 2.2149999 47
-1.026 2.4820001 2.223 47
-1.051 2.362 2.2360001 58
-1.067 2.2449999 2.2349999 64
-1.068 2.5969999 2.217 61
-1.087 2.467 2.2290001 61
-1.102 2.3380001 2.2360001 62
-1.11 2.2160001 2.233 60
-1.135 2.582 2.221 61
-1.143 2.4430001 2.2279999 63
-1.155 2.316 2.24 68
-1.156 2.191 2.2360001 65
-1.198 2.5599999 2.221 59
-1.2 2.4200001 2.2290001 70
-1.2029999 2.2869999 2.2379999 62
-1.201 2.164 2.2379999 66
-1.2589999 2.5320001 2.217 56
-1.256 2.3929999 2.2279999 67
-1.2539999 2.2620001 2.2409999 68
-1.243 2.1340001 2.237 71
-1.322 2.507 2.217 55
-1.3099999 2.365 2.2260001 66
-1.302 2.2309999 2.2390001 61
-1.286 2.105 2.2390001 63
-1.385 2.4820001 2.2179999 55
-1.367 2.339 2.2290001 66
-1.351 2.204 2.2420001 69
-1.3279999 2.075 2.2390001 65
-1.444 2.45 2.214 74
-1.346 2.1860001 2.1099999 73
-1.396 2.1689999 2.237 66
-1.367 2.0409999 2.237 61
-1.508 2.424 2.2179999 63
-1.476 2.28 2.2309999 74
-1.334 1.977 2.0699999 27
-1.4069999 2.0079999 2.237 66
-1.573 2.3989999 2.224 59
-1.529 2.2490001 2.2320001 67
-1.482 2.096 2.2279999 118
-1.355 1.85 2.095 35
-1.656 2.3989999 2.256 150
-1.584 2.2179999 2.2349999 70
-1.541 2.082 2.25 64
-1.397 1.827 2.1040001 85
-1.847 2.5450001 2.428 57
-1.649 2.2019999 2.253 150
-1.582 2.0420001 2.2449999 67
-1.364 1.7079999 2.003 150
-1.911 2.506 2.4289999 62
-1.331 1.6950001 1.7640001 2
-1.615 1.994 2.23 150
-1.5650001 1.8789999 2.244 64
-1.3380001 1.67 1.646 6
-1.891 2.2980001 2.434 60
-1.717 2.0280001 2.3110001 151
-1.599 1.84 2.2409999 68
-2.0380001 2.424 2.4319999 57
-1.946 2.2579999 2.4360001 67
-1.86 2.1029999 2.4419999 71
-1.636 1.8049999 2.2420001 71
-2.0999999 2.381 2.434 61
-1.997 2.2130001 2.4349999 65
-1.911 2.0669999 2.45 66
-1.6950001 1.794 2.2750001 150
-2.1600001 2.335 2.434 58
-2.062 2.1830001 2.45 73
-1.9579999 2.0280001 2.454 61
-1.831 1.86 2.4089999 150
-1.386 1.429 1.521 10
-1.405 1.421 1.63 17
-1.998 1.9809999 2.45 62
-1.45 1.413 1.8710001 5
-1.416 1.391 1.515 9
-2.1619999 2.0899999 2.451 72
-2.043 1.9400001 2.4549999 63
-1.932 1.806 2.447 80
-2.339 2.1919999 2.4419999 69
-2.217 2.0469999 2.4579999 73
-2.0810001 1.892 2.451 59
-1.363 1.222 1.697 4
-1.344 1.201 1.3710001 41
-2.267 1.999 2.46 67
-2.125 1.849 2.4549999 60
-2.0039999 1.723 2.4519999 72
-2.451 2.0869999 2.4449999 67
-2.3069999 1.943 2.454 67
-2.164 1.802 2.4560001 60
-2.0380001 1.681 2.454 76
-2.5150001 2.0409999 2.457 54
-2.3599999 1.898 2.4619999 80
-2.1989999 1.752 2.4530001 62
-2.069 1.636 2.4519999 79
-2.5650001 1.983 2.457 54
-2.3940001 1.837 2.4519999 80
-2.2420001 1.7079999 2.46 67
-2.1010001 1.592 2.454 78
-1.423 1.0470001 1.337 16
-1.406 1.029 1.415 48
-1.427 1.039 1.541 15
-1.441 1.046 1.659 18
-2.655 1.858 2.4489999 52
-2.4849999 1.734 2.46 74
-2.3150001 1.61 2.4619999 64
-1.469 1.02 1.668 3
-2.7030001 1.798 2.451 54
-2.53 1.6799999 2.4649999 69
-2.352 1.561 2.4649999 74
-2.197 1.46 2.4619999 73
-2.7479999 1.735 2.451 57
-2.5650001 1.6210001 2.461 65
-2.3859999 1.51 2.4660001 61
-2.221 1.41 2.4579999 73
-2.7920001 1.6720001 2.4519999 56
-2.6110001 1.568 2.47 65
-2.4100001 1.4529999 2.4590001 62
-2.247 1.363 2.4579999 71
-2.8329999 1.607 2.4519999 55
-2.6470001 1.5089999 2.47 68
-2.4389999 1.4 2.457 74
-2.2739999 1.316 2.4590001 70
-1.367 0.73299998 1.1670001 8
-2.678 1.447 2.467 60
-2.47 1.348 2.4590001 74
-2.3 1.268 2.46 70
-1.4119999 0.71399999 1.189 14
-1.374 0.70300001 1.25 14
-1.369 0.70899999 1.347 13
-2.3199999 1.2180001 2.4560001 80
-1.427 0.68000001 1.187 12
-2.747 1.327 2.471 52
-1.383 0.67799997 1.347 41
-1.393 0.69499999 1.46 14
-2.99 1.339 2.4590001 61
-2.7690001 1.261 2.4630001 74
-2.5599999 1.188 2.467 74
-2.3670001 1.12 2.457 79
-3.0179999 1.268 2.4560001 61
-2.803 1.201 2.4679999 65
-2.586 1.133 2.4690001 67
-2.3929999 1.073 2.461 74
-3.0510001 1.198 2.457 61
-2.8299999 1.137 2.4679999 64
-2.605 1.075 2.4649999 64
-2.4159999 1.024 2.4649999 81
-3.0799999 1.126 2.4579999 62
-2.8340001 1.0650001 2.448 117
-2.6359999 1.021 2.473 65
-2.4300001 0.97100002 2.4590001 82
-3.1059999 1.053 2.457 65
-2.862 1.002 2.4519999 54
-2.6559999 0.963 2.4719999 71
-2.4489999 0.921 2.4590001 78
-3.1359999 0.98199999 2.461 60
-1.476 0.479 1.2539999 9
-2.677 0.90600002 2.4719999 49
-2.4719999 0.87199998 2.4649999 70
-3.1619999 0.90899998 2.4630001 59
-1.49 0.447 1.257 11
-1.449 0.45500001 1.329 14
-2.4920001 0.82099998 2.467 66
-3.1830001 0.83399999 2.4630001 59
-1.495 0.41100001 1.253 11
-1.48 0.43000001 1.348 11
-1.452 0.44499999 1.428 50
-3.2019999 0.759 2.4630001 58
-2.9660001 0.745 2.471 70
-2.734 0.73100001 2.4760001 53
-1.4680001 0.417 1.4349999 12
-3.2249999 0.685 2.467 67
-2.9820001 0.67799997 2.471 68
-2.7539999 0.67299998 2.4790001 57
-2.5350001 0.66500002 2.4649999 71
-3.24 0.60900003 2.467 60
-3.0009999 0.611 2.474 73
-2.7679999 0.61299998 2.48 58
-2.5469999 0.61199999 2.4630001 66
-3.2620001 0.53500003 2.473 60
-3.016 0.54400003 2.4749999 77
-2.7780001 0.55299997 2.477 60
-2.563 0.56 2.467 66
-3.273 0.458 2.473 62
-3.026 0.47499999 2.4749999 68
-2.7950001 0.49399999 2.4820001 62
-2.5739999 0.50700003 2.467 66
-3.2839999 0.38100001 2.474 61
-3.046 0.40799999 2.4820001 75
-2.8050001 0.433 2.4820001 62
-2.5869999 0.454 2.4690001 72
-3.2939999 0.30399999 2.4760001 57
-3.0539999 0.33899999 2.4820001 76
-2.8150001 0.37200001 2.4820001 63
-2.599 0.40000001 2.471 74
-3.3039999 0.227 2.4790001 64
-3.063 0.27000001 2.483 74
-2.8269999 0.31200001 2.4860001 69
-2.609 0.347 2.474 75
-3.306 0.15000001 2.4779999 66
-3.0699999 0.20100001 2.4849999 69
-2.8399999 0.25099999 2.4909999 69
-2.6199999 0.29300001 2.4760001 62
-3.3110001 0.072999999 2.4809999 61
-3.076 0.132 2.487 76
-2.8399999 0.189 2.4860001 65
-2.6289999 0.23899999 2.4779999 68
-3.309 -0.003 2.4790001 58
-3.0739999 0.063000001 2.484 74
-2.846 0.12800001 2.4879999 72
-2.6340001 0.184 2.477 67
-3.3080001 -0.079999998 2.48 60
-3.082 -0.0060000001 2.49 70
-2.848 0.066 2.487 69
-2.6359999 0.12899999 2.4749999 67
-3.3080001 -0.15700001 2.484 59
-3.0829999 -0.075000003 2.4909999 74
-2.8499999 0.0040000002 2.487 70
-2.6459999 0.074000001 2.48 62
-3.306 -0.234 2.487 62
-3.0799999 -0.14399999 2.4909999 73
-2.8570001 -0.056000002 2.493 66
-2.652 0.018999999 2.484 66
-3.2950001 -0.31 2.4849999 57
-3.0829999 -0.214 2.497 69
-2.855 -0.118 2.493 66
-2.654 -0.035 2.484 65
-3.2880001 -0.38699999 2.4879999 60
-3.0780001 -0.28299999 2.4979999 69
-2.8599999 -0.18099999 2.4990001 62
-2.6570001 -0.090999998 2.4860001 61
-3.2780001 -0.463 2.4890001 60
-3.0669999 -0.352 2.4949999 68
-2.8629999 -0.243 2.5039999 61
-2.6630001 -0.147 2.4920001 61
-3.2609999 -0.53799999 2.487 56
-3.059 -0.421 2.4960001 64
-2.8610001 -0.30599999 2.506 58
-2.6619999 -0.20299999 2.4909999 53
-3.247 -0.61299998 2.4879999 56
-3.0510001 -0.49000001 2.4979999 68
-2.8510001 -0.368 2.503 63
-2.668 -0.25999999 2.4990001 60
-3.24 -0.69 2.4960001 57
-3.0369999 -0.55800003 2.4960001 63
-2.8469999 -0.43000001 2.506 62
-2.665 -0.317 2.4990001 58
-3.221 -0.764 2.497 56
-3.026 -0.62599999 2.4979999 68
-2.836 -0.491 2.5039999 58
-2.6570001 -0.37200001 2.4960001 62
-3.2049999 -0.83899999 2.5009999 55
-3.017 -0.69499999 2.5039999 64
-2.823 -0.55299997 2.5 63
-2.654 -0.42899999 2.497 59
-3.184 -0.912 2.503 57
-3.0009999 -0.76300001 2.5039999 62
-2.8169999 -0.61500001 2.5050001 60
-2.6459999 -0.48500001 2.4960001 63
-3.1600001 -0.98400003 2.503 56
-2.99 -0.83200002 2.5109999 66
-2.803 -0.676 2.5039999 60
-2.638 -0.542 2.4960001 59
-3.142 -1.058 2.51 62
-2.9719999 -0.898 2.5120001 65
-2.7909999 -0.73799998 2.5050001 59
-2.6300001 -0.59799999 2.4960001 58
-3.112 -1.128 2.5090001 59
-2.9489999 -0.96399999 2.5109999 62
-2.7809999 -0.801 2.5090001 63
-2.6199999 -0.65499997 2.4949999 65
-3.0810001 -1.197 2.5079999 55
-2.9330001 -1.0319999 2.517 59
-2.7709999 -0.86400002 2.5150001 62
-2.6129999 -0.71200001 2.4990001 62
-3.0599999 -1.271 2.517 55
-2.9089999 -1.097 2.517 59
-2.7520001 -0.92400002 2.5139999 62
-2.6029999 -0.76999998 2.5009999 56
-3.029 -1.34 2.5190001 55
-2.8840001 -1.1619999 2.517 58
-2.7390001 -0.986 2.5179999 65
-2.5929999 -0.82700002 2.503 63
-2.9990001 -1.409 2.523 54
-2.859 -1.227 2.52 60
-2.7160001 -1.046 2.516 64
-2.579 -0.884 2.503 59
-2.9690001 -1.479 2.529 53
-2.8329999 -1.291 2.5220001 54
-2.6960001 -1.1059999 2.517 57
-2.5699999 -0.94199997 2.5090001 51
-2.9289999 -1.543 2.527 51
-2.8039999 -1.354 2.523 53
-2.677 -1.1670001 2.52 61
-2.5480001 -0.99699998 2.503 60
-2.881 -1.602 2.5209999 45
-2.7739999 -1.4170001 2.5239999 50
-2.652 -1.226 2.5190001 60
-2.533 -1.054 2.5050001 59
-2.845 -1.668 2.5239999 36
-2.744 -1.48 2.527 44
-2.6270001 -1.285 2.5190001 53
-2.5209999 -1.114 2.5109999 56
-2.8039999 -1.73 2.5250001 26
-2.7079999 -1.539 2.526 44
-2.6040001 -1.345 2.523 52
-2.5 -1.169 2.51 59
-2.7639999 -1.793 2.529 17
-2.677 -1.601 2.53 43
-2.5739999 -1.402 2.5209999 46
-2.4809999 -1.226 2.5120001 55
-2.721 -1.854 2.5309999 15
-2.6329999 -1.656 2.523 37
-2.55 -1.462 2.5250001 42
-2.4619999 -1.284 2.5150001 51
-2.681 -1.9170001 2.5369999 17
-2.5910001 -1.711 2.52 28
-2.5239999 -1.521 2.529 40
-2.4419999 -1.341 2.5179999 52
-2.631 -1.972 2.5350001 18
-2.556 -1.77 2.523 25
-2.493 -1.579 2.53 40
-2.4130001 -1.395 2.513 46
-2.589 -2.0339999 2.5420001 22
-2.5120001 -1.824 2.52 26
-2.461 -1.635 2.53 34
-2.362 -1.4349999 2.487 103
-2.5350001 -2.085 2.5380001 32
-2.474 -1.882 2.5239999 27
-2.3940001 -1.6670001 2.4949999 31
-2.1789999 -1.3890001 2.319 36
-2.428 -2.0910001 2.4820001 34
-2.4100001 -1.919 2.5009999 30
-2.2119999 -1.614 2.339 25
-2.1500001 -1.438 2.316 29
-2.2390001 -2.017 2.3380001 41
-2.201 -1.834 2.3269999 34
-2.1700001 -1.6569999 2.3299999 28
-2.1270001 -1.49 2.3210001 29
-2.1830001 -2.0569999 2.3299999 44
-2.1589999 -1.881 2.326 37
-2.131 -1.7029999 2.325 33
-2.096 -1.538 2.3169999 28
-2.131 -2.0999999 2.329 45
-2.115 -1.927 2.325 41
-2.0899999 -1.747 2.3199999 34
-2.0699999 -1.59 2.3210001 28
-2.0829999 -2.1459999 2.3310001 47
-2.0710001 -1.974 2.325 42
-2.0569999 -1.7970001 2.322 35
-2.04 -1.64 2.3210001 32
-2.0380001 -2.1949999 2.339 53
-2.03 -2.0220001 2.3299999 43
-2.023 -1.849 2.3280001 39
-2.013 -1.692 2.325 35
-1.988 -2.2390001 2.342 48
-1.988 -2.0699999 2.3340001 48
-1.989 -1.899 2.3329999 42
-1.983 -1.743 2.329 37
-1.943 -2.289 2.352 46
-1.9450001 -2.1159999 2.3380001 40
-1.954 -1.95 2.3380001 37
-1.954 -1.796 2.335 39
-1.895 -2.336 2.3610001 53
-1.9 -2.161 2.3410001 49
-1.9170001 -1.999 2.3429999 47
-1.9220001 -1.846 2.3380001 37
-1.837 -2.3710001 2.358 51
-1.855 -2.207 2.345 53
-1.87 -2.039 2.3369999 51
-1.883 -1.891 2.335 43
-1.783 -2.4089999 2.3599999 51
-1.814 -2.257 2.3559999 51
-1.831 -2.0869999 2.342 51
-1.849 -1.941 2.3380001 43
-1.727 -2.444 2.3599999 50
-1.765 -2.299 2.359 55
-1.788 -2.132 2.3440001 49
-1.811 -1.989 2.3399999 58
-1.668 -2.4749999 2.358 49
-1.715 -2.3380001 2.3599999 53
-1.744 -2.1760001 2.346 53
-1.7690001 -2.0320001 2.336 47
-1.6109999 -2.5079999 2.3599999 48
-1.66 -2.372 2.3570001 50
-1.702 -2.2219999 2.3510001 55
-1.735 -2.085 2.345 54
-1.554 -2.5409999 2.362 49
-1.607 -2.408 2.3570001 51
-1.6619999 -2.2720001 2.3610001 52
-1.689 -2.125 2.3399999 51
-1.4960001 -2.5710001 2.362 49
-1.554 -2.4430001 2.358 50
-1.613 -2.312 2.3610001 49
-1.649 -2.1719999 2.3429999 48
-1.437 -2.5999999 2.3640001 50
-1.499 -2.4760001 2.3570001 49
-1.563 -2.349 2.359 47
-1.608 -2.22 2.348 46
-1.378 -2.625 2.3629999 45
-1.442 -2.5050001 2.3540001 47
-1.517 -2.3940001 2.365 54
-1.568 -2.2709999 2.358 50
-1.316 -2.648 2.3610001 45
-1.3890001 -2.54 2.358 49
-1.4630001 -2.427 2.362 48
-1.522 -2.3150001 2.359 49
-1.258 -2.6760001 2.365 45
-1.331 -2.5669999 2.355 47
-1.411 -2.4630001 2.362 45
-1.48 -2.365 2.368 52
-1.198 -2.698 2.3659999 46
-1.274 -2.5940001 2.3540001 45
-1.355 -2.493 2.3559999 43
-1.427 -2.4000001 2.362 46
-1.1339999 -2.714 2.3610001 45
-1.217 -2.6229999 2.355 46
-1.303 -2.529 2.359 49
-1.374 -2.434 2.358 45
-1.075 -2.7360001 2.3640001 45
-1.159 -2.6489999 2.355 46
-1.247 -2.5610001 2.358 49
-1.324 -2.4749999 2.359 48
-1.0140001 -2.756 2.365 45
-1.102 -2.678 2.359 44
-1.193 -2.596 2.3610001 48
-1.272 -2.5139999 2.3610001 47
-0.95200002 -2.7709999 2.3629999 45
-1.043 -2.7019999 2.3599999 43
-1.137 -2.6259999 2.3599999 48
-1.2180001 -2.549 2.3599999 45
-0.89200002 -2.7939999 2.3699999 45
-0.98400003 -2.7279999 2.362 45
-1.08 -2.6559999 2.3610001 45
-1.164 -2.5869999 2.3610001 44
-0.82999998 -2.806 2.368 46
-0.92400002 -2.7490001 2.362 44
-1.022 -2.6830001 2.3599999 44
-1.108 -2.6210001 2.3610001 43
-0.76700002 -2.8150001 2.3659999 51
-0.86400002 -2.7690001 2.3629999 45
-0.96399999 -2.7130001 2.3629999 44
-1.051 -2.655 2.3610001 42
-0.70499998 -2.8269999 2.3659999 55
-0.80500001 -2.7939999 2.368 45
-0.90399998 -2.7360001 2.3610001 42
-0.995 -2.6930001 2.3659999 43
-0.64200002 -2.832 2.362 62
-0.74299997 -2.8080001 2.365 48
-0.847 -2.7720001 2.3699999 41
-0.93800002 -2.73 2.3699999 43
-0.57800001 -2.8329999 2.3559999 64
-0.68000001 -2.823 2.3640001 51
-0.78399998 -2.79 2.3659999 39
-0.87800002 -2.7579999 2.369 43
-0.51599997 -2.8369999 2.3529999 65
-0.61699998 -2.829 2.3570001 62
-0.72299999 -2.8139999 2.3670001 50
-0.81699997 -2.789 2.3699999 44
-0.454 -2.8369999 2.349 69
-0.55299997 -2.832 2.349 70
-0.65899998 -2.825 2.358 55
-0.755 -2.8139999 2.368 50
-0.39199999 -2.839 2.346 58
-0.49000001 -2.842 2.3469999 65
-0.59399998 -2.8329999 2.349 64
-0.68800002 -2.8239999 2.3540001 52
-0.331 -2.849 2.352 68
-0.426 -2.8440001 2.3410001 61
-0.528 -2.836 2.3369999 57
-0.62099999 -2.832 2.3399999 59
-0.27000001 -2.8469999 2.348 63
-0.36399999 -2.8499999 2.3380001 58
-0.463 -2.8429999 2.329 57
-0.55199999 -2.8340001 2.322 65
-0.20900001 -2.8570001 2.3559999 63
-0.301 -2.8529999 2.3340001 61
-0.39899999 -2.8510001 2.323 69
-0.486 -2.8410001 2.3099999 55
-0.148 -2.859 2.358 67
-0.23800001 -2.855 2.3310001 58
-0.33399999 -2.8529999 2.313 66
-0.419 -2.846 2.2969999 51
-0.086999997 -2.862 2.362 68
-0.175 -2.855 2.326 60
-0.26899999 -2.8599999 2.309 61
-0.352 -2.849 2.2850001 57
-0.027000001 -2.8610001 2.3640001 69
-0.113 -2.8670001 2.3329999 63
-0.204 -2.862 2.3010001 57
-0.285 -2.8529999 2.2739999 54
0.033 -2.8659999 2.3699999 67
-0.050000001 -2.868 2.3310001 64
-0.139 -2.865 2.296 52
-0.21799999 -2.859 2.266 48
0.093999997 -2.8629999 2.3729999 65
0.012 -2.8699999 2.332 62
-0.075000003 -2.872 2.2950001 57
-0.15099999 -2.859 2.2550001 58
0.074000001 -1.374 1.142 2
0.075000003 -2.8770001 2.3380001 65
-0.0089999996 -2.8759999 2.293 56
-0.083999999 -2.858 2.243 54
0.103 -1.375 1.145 10
0.138 -2.8759999 2.3380001 43
0.055 -2.878 2.29 63
-0.017000001 -2.8659999 2.2409999 59
0.132 -1.375 1.148 9
0.096000001 -1.376 1.119 9
0.12 -2.8829999 2.2909999 59
0.048999999 -2.8699999 2.2360001 61
0.162 -1.378 1.155 7
0.127 -1.381 1.125 8
0.089000002 -1.382 1.097 8
0.117 -2.875 2.234 69
0.192 -1.378 1.16 6
0.15700001 -1.382 1.128 7
0.121 -1.3839999 1.099 8
0.088 -1.376 1.067 7
0.223 -1.387 1.173 5
0.189 -1.3890001 1.136 7
0.153 -1.3890001 1.103 6
0.122 -1.387 1.074 7
0.25299999 -1.385 1.176 4
0.219 -1.3839999 1.135 5
0.186 -1.392 1.1059999 5
0.155 -1.388 1.073 6
0.28400001 -1.39 1.186 3
0.25 -1.3789999 1.135 4
0.21799999 -1.393 1.108 4
0.18799999 -1.385 1.0700001 6
0.31400001 -1.39 1.193 3
0.28099999 -1.381 1.141 3
0.25099999 -1.396 1.112 4
0.221 -1.3839999 1.069 5
0.34400001 -1.386 1.197 2
0.31400001 -1.385 1.149 3
0.28400001 -1.396 1.115 3
0.255 -1.387 1.072 3
0.37599999 -1.388 1.206 2
0.347 -1.388 1.1569999 3
0.31799999 -1.397 1.118 3
0.28999999 -1.391 1.076 4
0.40700001 -1.3890001 1.215 2
0.37799999 -1.385 1.16 3
0.352 -1.399 1.124 3
0.32499999 -1.395 1.081 3
0.44100001 -1.395 1.23 3
0.414 -1.3940001 1.174 3
0.38699999 -1.4 1.1289999 3
0.36300001 -1.404 1.091 3
0.47 -1.385 1.23 2
0.449 -1.399 1.186 3
0.421 -1.398 1.132 3
0.40000001 -1.409 1.098 3
0.50199997 -1.3839999 1.239 2
0.484 -1.401 1.1950001 3
0.46000001 -1.41 1.148 3
0.43599999 -1.408 1.101 3
0.53899997 -1.3940001 1.2589999 2
0.51499999 -1.3940001 1.197 3
0.49200001 -1.399 1.145 3
0.47400001 -1.411 1.108 3
0.57200003 -1.3940001 1.27 2
0.54799998 -1.387 1.2 2
0.52899998 -1.401 1.155 3
0.50700003 -1.398 1.104 2
0.60699999 -1.393 1.2819999 2
0.58399999 -1.3890001 1.2130001 2
0.56999999 -1.4119999 1.171 3
0.546 -1.4 1.1109999 2
0.64399999 -1.398 1.299 2
0.62300003 -1.396 1.229 2
0.60399997 -1.403 1.1720001 2
0.583 -1.397 1.1160001 2
0.67799997 -1.395 1.3099999 2
0.65799999 -1.392 1.237 2
0.64200002 -1.401 1.1799999 2
0.62300003 -1.399 1.125 2
0.71499997 -1.396 1.325 2
0.69700003 -1.393 1.25 2
0.68199998 -1.403 1.193 2
0.66399997 -1.399 1.1339999 2
0.75 -1.392 1.336 2
0.73799998 -1.398 1.268 2
0.722 -1.403 1.2029999 2
0.70599997 -1.401 1.145 2
0.78600001 -1.3890001 1.349 2
0.77499998 -1.393 1.278 2
0.76599997 -1.408 1.22 2
0.75199997 -1.4069999 1.16 2
0.82499999 -1.39 1.3660001 2
0.81699997 -1.397 1.296 2
0.80800003 -1.405 1.2309999 2
0.79400003 -1.404 1.169 2
0.87 -1.399 1.393 2
0.86199999 -1.402 1.317 2
0.85299999 -1.408 1.247 2
0.83999997 -1.405 1.183 2
0.91000003 -1.397 1.411 1
0.903 -1.399 1.33 2
0.89700001 -1.408 1.262 2
0.889 -1.41 1.201 2
0.94999999 -1.3940001 1.427 2
0.94700003 -1.399 1.349 2
0.94199997 -1.404 1.276 2
0.93099999 -1.402 1.209 2
0.995 -1.397 1.451 0
0.98900002 -1.3940001 1.363 2
0.995 -1.413 1.301 2
0.986 -1.41 1.232 2
1.036 -1.393 1.469 0
1.0420001 -1.402 1.391 2
1.046 -1.415 1.322 2
1.038 -1.411 1.25 2
1.091 -1.404 1.5039999 0
1.0930001 -1.405 1.4170001 1
1.091 -1.4069999 1.335 1
1.095 -1.416 1.274 2
1.135 -1.399 1.524 0
1.1440001 -1.406 1.441 0
1.143 -1.406 1.3559999 1
1.142 -1.406 1.284 0
1.197 -1.415 1.568 0
1.202 -1.413 1.473 0
1.206 -1.416 1.3890001 0
1.212 -1.421 1.3200001 0
1.841 -2.086 2.3529999 12
1.257 -1.413 1.499 0
1.266 -1.419 1.416 0
1.291 -1.443 1.365 0
1.891 -2.056 2.362 44
1.322 -1.4220001 1.538 0
1.3279999 -1.42 1.4450001 0
1.348 -1.4349999 1.3839999 0
1.937 -2.0190001 2.365 48
0 0 0 0
1.406 -1.436 1.4910001 0
0 0 0 0
1.978 -1.978 2.3640001 49
2.1140001 -2.082 2.345 2
0 0 0 0
0 0 0 0
2.0190001 -1.937 2.3640001 50
2.177 -2.052 2.3610001 49
2.3510001 -2.1889999 2.3729999 16
2.507 -2.3110001 2.3770001 51
2.0580001 -1.8940001 2.3610001 45
2.221 -2.003 2.3570001 49
2.3929999 -2.1270001 2.3599999 48
2.5710001 -2.2579999 2.378 52
2.098 -1.851 2.3599999 45
2.2690001 -1.957 2.359 48
2.448 -2.0769999 2.362 47
2.6289999 -2.2 2.3759999 52
2.1359999 -1.807 2.359 44
2.3150001 -1.91 2.359 49
2.4979999 -2.0209999 2.359 47
2.6860001 -2.1400001 2.3740001 52
2.177 -1.7640001 2.3610001 48
2.355 -1.858 2.355 49
2.5450001 -1.965 2.3559999 46
2.7449999 -2.082 2.3759999 52
2.217 -1.722 2.3640001 47
2.3970001 -1.806 2.3529999 48
2.6010001 -1.914 2.3610001 44
2.8010001 -2.0190001 2.3740001 53
2.247 -1.671 2.3559999 45
2.4430001 -1.758 2.3559999 49
2.648 -1.855 2.359 52
2.8429999 -1.948 2.3640001 49
2.286 -1.627 2.358 48
2.4820001 -1.704 2.3540001 53
2.694 -1.796 2.358 47
2.9119999 -1.895 2.3770001 51
2.3199999 -1.579 2.3559999 47
2.5190001 -1.649 2.3499999 50
2.7420001 -1.738 2.359 50
2.9579999 -1.825 2.3710001 53
2.3510001 -1.529 2.3529999 51
2.5639999 -1.599 2.355 53
2.783 -1.675 2.3559999 49
3.006 -1.756 2.3699999 53
2.3859999 -1.482 2.3540001 48
2.599 -1.5420001 2.352 51
2.823 -1.6109999 2.3529999 45
3.0599999 -1.691 2.3740001 54
2.424 -1.436 2.358 49
2.635 -1.485 2.3510001 53
2.869 -1.551 2.3559999 51
3.105 -1.62 2.3729999 55
2.4519999 -1.3839999 2.3540001 53
2.674 -1.431 2.3540001 53
2.9119999 -1.488 2.358 48
3.145 -1.546 2.369 55
2.4849999 -1.335 2.3559999 50
2.707 -1.372 2.3510001 54
2.948 -1.421 2.3559999 54
3.1900001 -1.474 2.3710001 55
2.5150001 -1.283 2.355 49
2.7360001 -1.311 2.346 47
2.9849999 -1.355 2.355 51
3.2360001 -1.401 2.3729999 59
2.5420001 -1.23 2.352 50
2.773 -1.2539999 2.3499999 57
3.0239999 -1.288 2.3559999 55
3.266 -1.323 2.3659999 54
2.5739999 -1.179 2.3540001 54
2.8010001 -1.193 2.348 57
3.0510001 -1.217 2.3510001 55
3.306 -1.247 2.368 56
2.5940001 -1.123 2.3469999 60
2.829 -1.131 2.345 57
3.0829999 -1.148 2.3499999 59
3.3429999 -1.171 2.369 56
2.6229999 -1.0700001 2.349 54
2.862 -1.072 2.349 57
3.1110001 -1.0779999 2.348 55
3.368 -1.09 2.3629999 59
2.648 -1.016 2.348 54
2.888 -1.0089999 2.348 56
3.1389999 -1.007 2.346 58
3.3989999 -1.011 2.3629999 56
2.675 -0.96200001 2.349 51
2.9119999 -0.94499999 2.345 55
3.1689999 -0.93599999 2.348 56
0 0 0 0
2.6960001 -0.90499997 2.345 58
2.9389999 -0.88200003 2.345 55
0 0 0 0
0 0 0 0
2.7190001 -0.84899998 2.345 53
2.9489999 -0.81400001 2.3340001 5
0 0 0 0
0 0 0 0
2.7320001 -0.78899997 2.3369999 39
0 0 0 0
0 0 0 0
0 0 0 0
0 0 0 0
0 0 0 0
0 0 0 0
0 0 0 0
0 0 0 0
0 0 0 0
0 0 0 0
3.5320001 -0.51800001 2.3540001 1
0 0 0 0
0 0 0 0
0 0 0 0
0 0 0 0
0 0 0 0
0 0 0 0
0 0 0 0
0.66900003 -0.064999998 0.442 5
0 0 0 0
0.59399998 -0.081 0.45300001 0
0.64200002 -0.064999998 0.45199999 3
0.68199998 -0.050000001 0.449 4
0 0 0 0
0 0 0 0
0.63999999 -0.050000001 0.449 4
0 0 0 0
0 0 0 0
0.59100002 -0.054000001 0.44600001 6
0 0 0 0
0 0 0 0
0.55500001 -0.061000001 0.45100001 1
0.588 -0.039999999 0.44299999 3
0 0 0 0
0 0 0 0
0.55299997 -0.048999999 0.44800001 5
0 0 0 0
0 0 0 0
0.685 0.014 0.447 5
0.54799998 -0.035999998 0.44100001 3
0 0 0 0
0.63999999 0.0080000004 0.44499999 4
0.68099999 0.029999999 0.44499999 5
0 0 0 0
0 0 0 0
0.64099997 0.023 0.44499999 4
0.68300003 0.046999998 0.44600001 5
0 0 0 0
0.597 0.012 0.44400001 4
0.64200002 0.037999999 0.44600001 4
0.68400002 0.063000001 0.447 5
0 0 0 0
0.59500003 0.025 0.44299999 5
0.64099997 0.052999999 0.44499999 4
0.69800001 0.081 0.45699999 0
0.55699998 0.0099999998 0.44299999 4
0.59899998 0.039000001 0.44499999 4
0.63700002 0.068000004 0.442 4
0 0 0 0
0.56 0.023 0.44499999 4
0.59799999 0.052000001 0.44499999 4
0 0 0 0
0 0 0 0
0.56 0.035 0.44400001 4
0.59899998 0.066 0.44499999 3
0 0 0 0
0 0 0 0
0.56300002 0.046999998 0.44600001 6
0 0 0 0
0 0 0 0
0.20900001 0.044 0.138 1
0.56 0.059 0.44299999 3
0 0 0 0
0 0 0 0
0 0 0 0
0 0 0 0
0 0 0 0
0 0 0 0
0 0 0 0
0 0 0 0
0 0 0 0
0 0 0 0
0 0 0 0
0 0 0 0
0 0 0 0
0 0 0 0
0 0 0 0
0 0 0 0
0 0 0 0
0 0 0 0
0 0 0 0
0 0 0 0
0 0 0 0
0 0 0 0
0.20999999 0.077 0.14399999 1
0.17200001 0.041000001 0.13699999 0
0.20900001 0.061999999 0.15800001 1
0.21699999 0.075999998 0.15700001 1
0 0 0 0
0 0 0 0
0 0 0 0
0 0 0 0
0.19499999 0.082000002 0.13600001 1
0.185 0.052999999 0.148 0
0.20299999 0.07 0.155 1
0.207 0.082999997 0.15099999 1
0 0 0 0
0 0 0 0
0 0 0 0
0 0 0 0
0.20100001 0.096000001 0.14399999 1
0.178 0.059999999 0.14300001 0
0.192 0.077 0.149 1
0.197 0.090000004 0.147 1
0 0 0 0
0 0 0 0
0 0 0 0
0 0 0 0
0.198 0.106 0.145 2
0.175 0.068000004 0.14300001 0
0.197 0.089000002 0.155 1
0.193 0.098999999 0.147 1
0 0 0 0
0 0 0 0
0 0 0 0
0 0 0 0
0.183 0.109 0.13699999 1
0.18099999 0.079999998 0.149 1
0.17900001 0.090999998 0.14399999 0
0.18099999 0.103 0.141 0
0 0 0 0
0 0 0 0
0 0 0 0
0 0 0 0
0.17 0.112 0.131 1
0.17399999 0.086000003 0.145 1
0.18000001 0.102 0.147 0
0.18099999 0.115 0.145 1
0 0 0 0
0 0 0 0
0 0 0 0
0 0 0 0
0.155 0.114 0.124 0
0.163 0.090000004 0.139 0
0.171 0.108 0.14300001 0
0.17299999 0.122 0.14300001 0
0 0 0 0
0 0 0 0
0 0 0 0
0 0 0 0
0.16 0.12899999 0.133 0
0.162 0.098999999 0.14 0
0.185 0.12899999 0.15899999 0
0.50099999 0.38800001 0.42699999 3
0 0 0 0
0 0 0 0
0 0 0 0
0 0 0 0
0.5 0.44400001 0.43200001 5
0.48800001 0.33199999 0.433 4
0.49399999 0.37799999 0.43700001 4
0.49200001 0.41800001 0.433 4
0.49399999 0.45899999 0.435 5
0.48899999 0.34799999 0.43799999 4
0.48699999 0.38999999 0.43700001 4
0.486 0.43200001 0.43599999 4
0.48199999 0.46900001 0.435 5
0.48100001 0.359 0.43700001 4
0.47799999 0.40099999 0.43599999 4
0.47299999 0.44100001 0.433 4
0.47099999 0.47999999 0.435 5
0.47299999 0.37099999 0.43599999 4
0.47 0.41299999 0.43700001 4
0.46399999 0.45300001 0.43399999 4
0.45500001 0.486 0.43099999 4
0.465 0.382 0.435 4
0.46000001 0.42300001 0.435 4
0.45300001 0.463 0.43399999 4
0.44600001 0.49900001 0.433 4
0.458 0.39399999 0.435 4
0.44999999 0.433 0.43399999 4
0.442 0.472 0.433 4
0.43200001 0.505 0.43099999 5
0.44800001 0.40400001 0.433 4
0.43900001 0.44299999 0.43200001 4
0.43000001 0.48100001 0.43200001 4
0.42300001 0.51800001 0.43399999 5
0.44 0.41600001 0.433 4
0.43200001 0.456 0.435 4
0.41999999 0.49200001 0.43200001 4
0.40799999 0.52399999 0.43099999 5
0.43000001 0.42500001 0.43099999 4
0.41999999 0.46399999 0.43200001 4
0.40900001 0.50199997 0.43200001 4
0.39500001 0.53200001 0.43000001 5
0.42199999 0.43700001 0.43099999 4
0.41100001 0.47499999 0.43200001 3
0.39500001 0.50800002 0.42899999 4
0.384 0.54299998 0.43200001 5
0.41499999 0.44999999 0.43200001 4
0.40099999 0.486 0.433 4
0.38699999 0.52200001 0.43399999 4
0.37200001 0.551 0.43200001 7
0.405 0.46000001 0.43200001 4
0.38999999 0.49599999 0.433 3
0.37200001 0.52700001 0.43099999 4
0.32499999 0.50700003 0.39199999 4
0.39500001 0.47 0.43099999 4
0.37799999 0.50400001 0.43099999 3
0.36000001 0.53399998 0.42899999 4
0.205 0.336 0.25600001 3
0.38699999 0.48300001 0.433 4
0.366 0.51200002 0.43000001 3
0.242 0.37799999 0.29899999 2
0 0 0 0
0.37400001 0.48899999 0.42899999 4
0.35299999 0.51800001 0.428 4
0.20100001 0.331 0.25799999 2
0.21699999 0.39500001 0.294 2
0.36399999 0.5 0.42899999 4
0.206 0.31799999 0.25799999 2
0 0 0 0
0 0 0 0
0.345 0.498 0.419 4
0.20100001 0.32600001 0.25999999 2
0.214 0.391 0.296 1
0.27500001 0.56 0.40799999 1
0.20100001 0.30500001 0.252 3
0 0 0 0
0 0 0 0
0.255 0.54900002 0.396 3
0.2 0.31999999 0.259 3
0.20999999 0.37900001 0.29300001 1
0.28099999 0.57300001 0.42399999 0
0.241 0.55199999 0.39500001 0
0 0 0 0
0 0 0 0
0.25999999 0.56199998 0.41100001 0
0.25099999 0.61299998 0.435 4
0.206 0.36500001 0.28600001 2
0.28299999 0.57099998 0.42899999 0
0.245 0.56400001 0.40799999 0
1.221 3.174 2.234 7
0 0 0 0
0.27000001 0.57700002 0.428 0
0.25 0.611 0.43799999 3
1.148 3.197 2.234 62
0.28099999 0.56 0.42399999 3
0.25099999 0.57099998 0.41800001 0
1.205 3.148 2.2379999 5
1.074 3.2160001 2.2320001 58
0 0 0 0
0.25 0.60600001 0.43900001 2
1.131 3.1670001 2.2320001 52
1 3.2320001 2.23 56
0 0 0 0
1.211 3.1289999 2.2420001 5
1.059 3.1919999 2.2320001 52
0.92500001 3.2479999 2.2290001 59
0 0 0 0
1.1390001 3.1559999 2.237 53
0.98699999 3.2149999 2.2320001 52
0.85000002 3.257 2.2249999 54
1.221 3.1270001 2.2379999 6
1.068 3.188 2.2379999 54
0.91399997 3.237 2.2309999 53
0.778 3.2739999 2.227 54
1.15 3.161 2.2349999 51
0.995 3.2130001 2.234 53
0.83999997 3.253 2.2279999 47
0.70300001 3.2839999 2.2249999 56
1.0779999 3.197 2.233 51
0.92199999 3.2379999 2.233 55
0.76599997 3.2690001 2.2260001 50
0.62900001 3.2939999 2.2249999 56
1.0039999 3.2279999 2.23 52
0.84600002 3.256 2.2260001 50
0.69300002 3.2880001 2.2279999 54
0.55599999 3.3050001 2.2260001 55
0.92900002 3.256 2.2260001 51
0.773 3.2809999 2.227 55
0.61900002 3.306 2.23 51
0.48100001 3.3080001 2.224 55
0.85600001 3.2939999 2.2290001 51
0.69800001 3.302 2.2260001 52
0.54299998 3.312 2.224 48
0.40799999 3.3169999 2.2260001 54
0.77999997 3.3210001 2.2260001 52
0.62300003 3.3199999 2.224 52
0.46900001 3.326 2.2260001 48
0.33399999 3.3180001 2.224 58
0.70300001 3.346 2.224 52
0.54799998 3.348 2.2290001 51
0.39500001 3.3399999 2.2290001 50
0.25999999 3.312 2.2190001 53
0.625 3.3740001 2.224 51
0.47099999 3.3610001 2.2260001 50
0.31900001 3.3369999 2.221 51
0.18700001 3.316 2.221 54
0.54699999 3.395 2.2219999 52
0.39399999 3.3729999 2.223 50
0.245 3.3510001 2.2260001 46
0.114 3.3169999 2.2219999 57
0.46799999 3.4219999 2.223 53
0.31600001 3.3859999 2.2219999 51
0.17 3.3540001 2.2249999 51
0.041000001 3.303 2.2149999 58
0.38699999 3.4430001 2.223 52
0.23899999 3.402 2.2249999 47
0.093999997 3.3510001 2.221 51
-0.029999999 3.302 2.217 58
0.30599999 3.4590001 2.221 53
0.161 3.4030001 2.2190001 51
0.018999999 3.3529999 2.221 52
-0.102 3.2969999 2.217 61
0.22499999 3.4719999 2.2179999 52
0.082000002 3.418 2.223 53
-0.055 3.3510001 2.2190001 54
-0.17399999 3.2869999 2.2160001 61
0.142 3.487 2.217 54
0.0040000002 3.421 2.221 53
-0.13 3.3499999 2.22 53
-0.245 3.2809999 2.2179999 61
0.059 3.497 2.2149999 53
-0.074000001 3.4200001 2.217 54
-0.205 3.346 2.22 51
-0.31600001 3.267 2.2149999 65
-0.023 3.5039999 2.2119999 53
-0.153 3.421 2.2149999 53
-0.27900001 3.3399999 2.22 51
-0.38600001 3.253 2.214 56
-0.107 3.5139999 2.2119999 53
-0.23199999 3.4200001 2.2149999 51
-0.354 3.3280001 2.2160001 51
-0.456 3.237 2.2130001 67
-0.192 3.5220001 2.2119999 54
-0.31099999 3.4200001 2.2149999 54
-0.428 3.3239999 2.2190001 55
-0.52600002 3.223 2.2130001 67
-0.27599999 3.5220001 2.2090001 54
-0.391 3.4170001 2.2149999 56
-0.50199997 3.312 2.2190001 56
-0.59299999 3.2019999 2.21 65
-0.361 3.527 2.211 52
-0.47 3.411 2.214 57
-0.57499999 3.296 2.2160001 55
-0.662 3.187 2.2119999 66
-0.447 3.526 2.2090001 54
0 0 0 0
-0.64899999 3.2850001 2.217 56
-0.73000002 3.1700001 2.2130001 68
-0.53500003 3.539 2.2190001 11
-0.107 0.57999998 0.37799999 2
-0.722 3.27 2.217 55
-0.796 3.1440001 2.21 64
0 0 0 0
-0.119 0.57200003 0.37400001 1
-0.79400003 3.2509999 2.2160001 56
-0.86400002 3.1289999 2.214 59
-0.118 0.59100002 0.37099999 0
-0.132 0.56699997 0.37200001 0
-0.866 3.234 2.217 56
-0.93000001 3.1029999 2.2119999 61
-0.132 0.58600003 0.36899999 1
-0.866 3.3599999 2.2149999 4
-0.93699998 3.2130001 2.2160001 56
-0.995 3.0780001 2.2130001 55
-0.14300001 0.57300001 0.36199999 1
-0.94499999 3.345 2.2160001 5
-1.0089999 3.191 2.2160001 56
-1.0599999 3.0550001 2.214 67
-0.15899999 0.57499999 0.36399999 1
-1.021 3.3199999 2.211 58
-1.08 3.171 2.2179999 55
-1.124 3.029 2.2149999 63
-0.17900001 0.59299999 0.377 1
-1.101 3.3050001 2.214 56
-1.151 3.1489999 2.22 52
-1.187 2.9990001 2.214 66
-0.193 0.58899999 0.377 0
-1.179 3.286 2.2160001 56
-1.219 3.119 2.217 53
-1.251 2.9749999 2.2179999 73
0 0 0 0
-1.255 3.26 2.2149999 55
-1.289 3.0940001 2.22 52
-1.3099999 2.938 2.214 75
0 0 0 0
-0.83099997 2.0190001 1.383 0
-1.357 3.0639999 2.2190001 56
-1.3710001 2.905 2.2130001 71
-0.82599998 2.0120001 1.312 5
0 0 0 0
-1.424 3.033 2.2190001 62
-1.4349999 2.881 2.22 69
0 0 0 0
-0.32600001 0.69999999 0.48800001 0
-1.493 3.003 2.221 54
-1.492 2.842 2.2160001 70
0 0 0 0
-1.554 3.1359999 2.2079999 2
-1.558 2.9690001 2.221 54
-1.551 2.8069999 2.217 66
0 0 0 0
-1.676 3.1960001 2.2739999 67
-1.773 3.204 2.425 68
-1.625 2.799 2.24 126
-1.698 3.217 2.1730001 36
-1.771 3.1960001 2.3 70
-1.855 3.1830001 2.4400001 54
-1.809 2.97 2.4089999 57
-1.783 3.1900001 2.1789999 57
-1.873 3.2030001 2.3329999 81
-1.92 3.1340001 2.434 54
-1.864 2.9170001 2.4000001 62
-1.89 3.2 2.211 67
-1.978 3.21 2.368 83
-1.976 3.0710001 2.4189999 61
-1.9299999 2.885 2.4089999 59
-2.0039999 3.214 2.2479999 61
-2.092 3.2260001 2.4119999 66
-2.04 3.0209999 2.414 54
-1.9910001 2.8440001 2.4119999 57
-2.118 3.221 2.283 63
-2.1849999 3.207 2.4319999 58
-2.1059999 2.9760001 2.415 53
-2.05 2.8 2.4130001 56
-2.2379999 3.2320001 2.3239999 69
-2.2579999 3.154 2.428 58
-2.174 2.9330001 2.418 53
-2.1099999 2.7579999 2.4159999 61
-2.3610001 3.24 2.3659999 76
-2.3139999 3.0799999 2.4100001 59
-1.303 1.679 1.408 15
-1.332 1.6670001 1.4859999 13
-1.276 1.666 1.235 0
-1.317 1.6720001 1.33 6
-1.33 1.638 1.398 16
-2.2279999 2.6719999 2.4260001 61
-1.331 1.654 1.248 27
-2.484 3.007 2.434 58
-2.3610001 2.7809999 2.4159999 56
-2.2909999 2.631 2.434 62
-2.5880001 3.062 2.352 62
-2.5539999 2.951 2.434 58
-2.451 2.7609999 2.4449999 53
-2.3399999 2.576 2.4300001 58
-2.6659999 3.0050001 2.352 58
-2.631 2.902 2.441 57
-2.5150001 2.71 2.448 54
-2.3859999 2.5179999 2.424 62
-2.8199999 3.0280001 2.4189999 61
-2.6949999 2.8380001 2.4360001 59
-1.381 1.425 1.314 51
-1.398 1.414 1.39 28
-2.9030001 2.9719999 2.425 57
-2.766 2.7820001 2.4400001 58
-1.396 1.378 1.299 15
-2.5050001 2.4300001 2.441 55
-2.9749999 2.9030001 2.4219999 55
-2.835 2.724 2.444 58
-2.6900001 2.5409999 2.45 53
-2.5550001 2.3770001 2.4430001 55
-3.0569999 2.842 2.4289999 56
-2.9000001 2.661 2.444 59
-1.336 1.2079999 1.192 60
-1.346 1.2 1.263 34
-3.119 2.7639999 2.4219999 54
-2.9579999 2.5910001 2.4400001 58
-1.352 1.169 1.183 20
-2.6530001 2.2679999 2.4460001 56
-3.194 2.697 2.425 58
-3.0209999 2.526 2.4419999 59
-2.852 2.359 2.45 53
-2.7019999 2.214 2.4489999 60
-3.2639999 2.6240001 2.427 57
-3.076 2.454 2.438 58
-2.9059999 2.2980001 2.4519999 54
-2.7539999 2.161 2.4549999 58
-3.3310001 2.55 2.428 58
-3.1340001 2.3840001 2.438 58
-2.9560001 2.234 2.4519999 54
-1.413 1.062 1.24 38
-3.3929999 2.47 2.4260001 57
-3.1900001 2.313 2.437 59
-3.003 2.1670001 2.45 54
-1.449 1.0420001 1.253 15
-3.4579999 2.3929999 2.428 57
-3.2490001 2.244 2.441 58
-3.052 2.102 2.451 54
-2.8870001 1.985 2.4590001 55
-3.516 2.3110001 2.427 59
-3.3069999 2.1730001 2.4449999 59
-3.0969999 2.0350001 2.451 54
-2.9130001 1.914 2.448 56
-3.576 2.23 2.428 59
-3.359 2.099 2.4460001 59
-3.1389999 1.965 2.448 54
-2.9460001 1.849 2.4430001 57
-3.6389999 2.1489999 2.4319999 58
-3.4000001 2.0179999 2.4400001 58
-3.184 1.898 2.45 54
-2.9909999 1.7920001 2.45 58
-3.6889999 2.062 2.4300001 52
-3.4460001 1.939 2.4389999 58
-3.2249999 1.8279999 2.45 54
-3.029 1.729 2.45 56
-3.7349999 1.972 2.4260001 52
-3.4990001 1.865 2.444 60
-3.267 1.758 2.451 55
-3.0639999 1.665 2.45 60
-3.789 1.886 2.4289999 52
-3.543 1.785 2.444 60
-3.306 1.687 2.4519999 54
-3.1010001 1.601 2.4519999 56
-3.8369999 1.798 2.431 52
-3.579 1.701 2.4389999 59
-3.3469999 1.6160001 2.4549999 54
-3.1340001 1.5369999 2.4530001 60
-3.881 1.707 2.431 53
-3.6099999 1.6160001 2.434 57
-3.382 1.543 2.454 54
-3.1630001 1.469 2.45 56
-3.914 1.6109999 2.425 54
-3.6470001 1.534 2.434 57
-3.4159999 1.469 2.454 53
-3.2019999 1.4069999 2.457 56
-3.9579999 1.52 2.427 52
-3.681 1.449 2.4319999 57
-3.454 1.397 2.4590001 54
-3.2260001 1.337 2.4530001 57
-4.0009999 1.428 2.431 57
-3.7149999 1.365 2.4319999 58
-3.484 1.3200001 2.457 54
-3.2490001 1.268 2.4489999 56
-4.0479999 1.337 2.438 54
-3.7520001 1.283 2.4349999 59
-3.5120001 1.244 2.457 60
-3.2839999 1.2029999 2.4549999 56
-4.086 1.243 2.4419999 52
-3.7809999 1.196 2.434 59
-3.5380001 1.166 2.4549999 62
-3.3099999 1.1339999 2.4549999 56
-4.1100001 1.145 2.438 50
-3.8169999 1.112 2.4389999 60
-3.5550001 1.087 2.45 58
-3.335 1.0650001 2.4560001 56
-4.1399999 1.0470001 2.4400001 63
-3.845 1.026 2.441 60
-3.579 1.0089999 2.4489999 59
-3.3610001 0.99599999 2.4579999 57
-4.1620002 0.949 2.438 48
-3.8699999 0.93900001 2.4419999 60
-3.608 0.93199998 2.4530001 58
-3.3859999 0.92699999 2.46 57
-4.1929998 0.852 2.444 59
-3.9170001 0.85600001 2.4579999 60
-3.6429999 0.85600001 2.4619999 55
-3.405 0.85600001 2.4590001 57
-4.2290001 0.755 2.4530001 59
-3.9360001 0.76599997 2.457 59
-3.661 0.77600002 2.461 59
-3.427 0.78500003 2.461 57
-4.237 0.65399998 2.447 65
-3.957 0.67699999 2.4590001 60
-3.691 0.699 2.4690001 56
-3.45 0.71399999 2.464 59
-4.2509999 0.55400002 2.448 64
-3.9790001 0.588 2.4630001 61
-3.7079999 0.61900002 2.47 56
-3.4619999 0.64099997 2.461 57
-4.2709999 0.454 2.4530001 66
-3.994 0.49700001 2.464 61
-3.72 0.537 2.467 56
-3.4849999 0.56999999 2.4660001 57
-4.283 0.35299999 2.454 65
-4.0050001 0.40700001 2.464 61
-3.7460001 0.45699999 2.4760001 56
-3.503 0.498 2.4690001 58
-4.2909999 0.25299999 2.4549999 64
-4.026 0.31600001 2.471 62
-3.7639999 0.37599999 2.48 56
-3.517 0.42399999 2.47 60
-4.3080001 0.15099999 2.4619999 60
-4.0339999 0.22400001 2.471 60
-3.766 0.29300001 2.4749999 56
-3.533 0.35100001 2.473 58
-4.3099999 0.050000001 2.4619999 62
-4.0409999 0.132 2.4719999 61
-3.7780001 0.211 2.4779999 55
-3.5450001 0.27599999 2.474 58
-4.3080001 -0.050000001 2.4619999 58
-4.0489998 0.041000001 2.4760001 61
-3.7809999 0.12800001 2.4760001 55
-3.552 0.20200001 2.473 58
-4.3179998 -0.15099999 2.47 60
-4.052 -0.050000001 2.477 61
-3.7850001 0.045000002 2.4760001 55
-3.5610001 0.127 2.474 59
-4.3099999 -0.252 2.4679999 54
-4.053 -0.142 2.4790001 60
-3.8 -0.037 2.484 56
-3.5669999 0.052000001 2.474 61
-4.3010001 -0.35299999 2.4690001 54
-4.0580001 -0.235 2.483 60
-3.8010001 -0.12 2.484 56
-3.572 -0.023 2.474 57
-4.2909999 -0.45300001 2.4690001 53
-4.0469999 -0.32699999 2.4809999 60
-3.8050001 -0.204 2.4860001 56
-3.5840001 -0.098999999 2.4809999 58
-4.2810001 -0.55400002 2.4719999 55
-4.0349998 -0.41800001 2.4779999 60
-3.806 -0.28799999 2.4890001 56
-3.589 -0.175 2.483 58
-4.2659998 -0.65399998 2.473 55
-4.0320001 -0.50999999 2.4820001 59
-3.799 -0.37099999 2.487 55
-3.589 -0.252 2.4820001 57
-4.2529998 -0.75300002 2.4760001 60
-4.0190001 -0.60100001 2.4809999 58
-3.7909999 -0.45500001 2.4849999 55
-3.592 -0.329 2.4849999 59
-4.2379999 -0.85299999 2.4790001 54
-3.9979999 -0.69099998 2.477 56
-3.7869999 -0.53899997 2.4879999 55
-3.592 -0.40599999 2.487 58
-4.2210002 -0.95300001 2.484 55
-3.994 -0.78399998 2.484 59
-3.777 -0.62199998 2.4879999 55
-3.5869999 -0.484 2.4860001 57
-4.2119999 -1.054 2.494 52
-3.9820001 -0.87599999 2.4879999 59
-3.7679999 -0.70599997 2.4890001 56
-3.5880001 -0.56199998 2.4909999 57
-4.1900001 -1.153 2.497 51
-3.961 -0.96499997 2.4879999 59
-3.7679999 -0.792 2.497 57
-3.582 -0.63999999 2.4909999 59
-4.1550002 -1.247 2.4949999 49
-3.947 -1.058 2.493 59
-3.7550001 -0.87599999 2.4979999 56
-3.5710001 -0.71700001 2.4890001 57
-4.1300001 -1.345 2.5009999 51
-3.928 -1.148 2.497 60
-3.74 -0.95999998 2.5 56
-3.563 -0.79500002 2.4909999 58
-4.1009998 -1.441 2.5039999 54
-3.9089999 -1.239 2.5009999 61
-3.7219999 -1.043 2.4990001 57
-3.5599999 -0.875 2.497 59
-4.0500002 -1.529 2.4960001 57
-3.8900001 -1.331 2.507 61
-3.7079999 -1.128 2.5039999 57
-3.5510001 -0.954 2.5 60
-4.0219998 -1.626 2.5039999 55
-3.8640001 -1.42 2.51 60
-3.6900001 -1.212 2.506 57
-3.539 -1.033 2.5009999 58
-3.98 -1.717 2.5039999 55
-3.8310001 -1.506 2.51 62
-3.6789999 -1.299 2.5139999 57
-3.5280001 -1.113 2.5050001 59
-3.9449999 -1.8099999 2.51 51
-3.796 -1.5930001 2.51 62
-3.6559999 -1.382 2.516 58
-3.5120001 -1.192 2.506 60
-3.9100001 -1.904 2.517 48
-3.763 -1.679 2.5120001 61
-3.631 -1.465 2.5179999 57
-3.497 -1.271 2.51 59
-3.858 -1.99 2.5150001 43
-3.7219999 -1.763 2.51 59
-3.6040001 -1.5470001 2.5190001 57
-3.4809999 -1.352 2.513 59
-3.652 -1.9910001 2.4130001 24
-3.694 -1.853 2.5179999 52
-3.573 -1.6289999 2.5190001 57
-3.4690001 -1.434 2.52 59
-3.5209999 -2.026 2.359 41
-3.6630001 -1.941 2.527 45
-3.543 -1.71 2.5209999 55
-3.448 -1.513 2.523 60
-3.4960001 -2.1199999 2.3770001 16
-3.5869999 -2.006 2.5039999 28
-3.5190001 -1.795 2.5280001 50
-3.414 -1.5880001 2.517 56
-3.6489999 -2.3269999 2.5179999 14
-3.391 -1.998 2.398 21
-3.483 -1.876 2.5280001 36
-3.3859999 -1.666 2.517 52
-3.592 -2.4089999 2.52 12
-3.2850001 -2.036 2.3540001 20
-3.4590001 -1.962 2.5380001 30
-3.3540001 -1.742 2.5150001 45
-3.546 -2.497 2.529 12
-3.2709999 -2.131 2.378 13
-3.3889999 -2.023 2.5150001 19
-3.3310001 -1.824 2.5209999 40
-3.4849999 -2.575 2.53 15
-3.418 -2.3369999 2.5220001 12
-3.198 -2.006 2.4030001 13
-3.2980001 -1.9 2.52 28
-3.418 -2.6470001 2.5280001 25
-3.3629999 -2.4119999 2.52 13
-3.1059999 -2.0450001 2.3640001 12
-3.28 -1.987 2.533 14
-3.319 -2.6930001 2.5020001 38
-3.306 -2.4860001 2.5190001 20
-3.1110001 -2.1489999 2.4000001 11
-3.221 -2.049 2.5150001 13
-3.1800001 -2.7019999 2.4460001 48
-3.25 -2.559 2.5190001 24
-3.2349999 -2.342 2.5309999 12
-3.0320001 -2.0239999 2.395 11
-3.0550001 -2.717 2.3989999 50
-3.2030001 -2.641 2.527 39
-3.1800001 -2.4119999 2.526 20
-2.95 -2.0639999 2.359 11
-2.928 -2.7260001 2.3510001 62
-3.1229999 -2.6949999 2.5109999 51
-3.142 -2.4949999 2.5350001 25
-2.9579999 -2.168 2.3970001 11
-2.8080001 -2.7349999 2.3050001 62
-3.006 -2.714 2.4649999 57
-3.092 -2.569 2.536 36
-3.072 -2.359 2.5239999 14
-2.6949999 -2.7460001 2.267 61
-2.8859999 -2.724 2.415 58
-3.0469999 -2.6489999 2.5439999 41
-3.0239999 -2.4300001 2.5220001 29
-2.5869999 -2.7579999 2.23 59
-2.7679999 -2.733 2.3670001 59
-2.9749999 -2.704 2.529 56
-2.9790001 -2.5039999 2.523 39
-2.473 -2.7579999 2.188 58
-2.6559999 -2.743 2.323 55
-2.8559999 -2.7160001 2.4749999 57
-2.9419999 -2.5869999 2.533 41
-2.3699999 -2.7650001 2.154 57
-2.5450001 -2.747 2.2780001 63
-2.7390001 -2.7219999 2.421 57
-2.9000001 -2.6670001 2.539 46
-2.27 -2.7720001 2.122 58
-2.4419999 -2.7579999 2.24 60
-2.632 -2.7360001 2.3759999 55
-2.829 -2.7190001 2.5220001 61
-2.1719999 -2.777 2.0899999 65
-2.3410001 -2.767 2.204 63
-2.5239999 -2.743 2.3299999 53
-2.721 -2.7360001 2.4719999 61
0 0 0 0
-2.2409999 -2.7720001 2.1670001 69
-2.4189999 -2.7490001 2.2850001 56
-2.6140001 -2.7490001 2.4230001 61
-0.56400001 -0.79100001 0.57700002 6
-2.142 -2.773 2.1289999 71
-2.322 -2.7620001 2.247 60
-2.507 -2.756 2.3729999 59
-0.54000002 -0.79500002 0.57200003 8
-2.05 -2.78 2.098 74
-2.2190001 -2.7620001 2.2030001 55
-2.4000001 -2.76 2.322 58
-0.51800001 -0.801 0.56800002 8
0 0 0 0
-2.1240001 -2.7679999 2.1659999 63
-2.299 -2.7679999 2.277 66
-0.495 -0.80299997 0.56300002 8
-0.53500003 -0.79699999 0.583 3
-2.03 -2.7720001 2.128 66
-2.198 -2.7709999 2.2309999 64
-0.46900001 -0.80000001 0.55400002 8
-0.50999999 -0.79799998 0.57499999 7
-1.905 -2.7279999 2.0580001 10
-2.1010001 -2.7750001 2.188 63
-0.44999999 -0.80800003 0.55400002 4
-0.48800001 -0.80400002 0.57099998 7
0 0 0 0
-2.006 -2.7780001 2.148 67
-0.426 -0.80699998 0.546 5
-0.46399999 -0.80299997 0.56199998 5
-0.50999999 -0.80500001 0.58700001 5
-1.824 -2.6489999 2.01 7
-0.405 -0.81099999 0.54400003 4
-0.442 -0.80699998 0.55800003 3
-0.48199999 -0.80000001 0.574 7
-1.742 -2.6570001 1.979 2
-0.391 -0.82800001 0.55000001 3
-0.42199999 -0.81300002 0.55500001 3
-0.46000001 -0.80400002 0.56900001 5
0 0 0 0
-0.375 -0.84100002 0.55400002 2
-0.403 -0.81999999 0.55400002 3
-0.43200001 -0.79500002 0.55400002 3
-0.47600001 -0.80299997 0.57800001 8
-0.37200001 -0.88599998 0.57800001 0
-0.38499999 -0.829 0.55400002 2
-0.41600001 -0.81 0.55699998 3
-0.45699999 -0.81300002 0.57499999 4
-1.1109999 -2.819 1.827 7
-0.377 -0.86199999 0.56999999 1
-0.40099999 -0.82499999 0.56 3
-0.43200001 -0.81199998 0.565 3
-1.0369999 -2.8099999 1.808 49
-1.155 -2.806 1.8380001 6
-0.384 -0.83899999 0.56199998 2
-0.40900001 -0.81300002 0.55699998 3
-0.96899998 -2.8150001 1.799 45
-1.084 -2.809 1.823 58
-0.373 -0.866 0.57300001 1
-0.39300001 -0.82800001 0.56 3
-0.90200001 -2.819 1.791 42
-1.0140001 -2.8099999 1.808 50
-1.138 -2.8069999 1.8380001 9
-0.37799999 -0.84600002 0.56400001 2
-0.838 -2.8280001 1.7869999 42
-0.94599998 -2.816 1.7970001 45
-1.0650001 -2.8080001 1.819 47
-0.37099999 -0.88200003 0.57999998 0
-0.773 -2.835 1.783 41
-0.88 -2.8280001 1.791 42
-0.995 -2.8139999 1.803 45
-1.104 -2.8080001 1.823 11
-0.708 -2.8410001 1.778 41
-0.81300002 -2.832 1.781 42
-0.92500001 -2.8180001 1.788 42
-1.0319999 -2.8139999 1.804 46
-0.64300001 -2.842 1.771 43
-0.74599999 -2.8340001 1.77 44
-0.85799998 -2.8280001 1.778 43
-0.95999998 -2.8139999 1.784 47
-0.579 -2.846 1.768 52
-0.68099999 -2.8429999 1.765 53
-0.792 -2.839 1.77 51
-0.89200002 -2.8269999 1.773 42
-0.51599997 -2.855 1.768 52
-0.61699998 -2.8540001 1.762 54
-0.722 -2.836 1.7539999 47
-0.82300001 -2.836 1.7589999 42
-0.454 -2.859 1.766 46
-0.55000001 -2.849 1.751 49
-0.65600002 -2.8410001 1.744 46
-0.75300002 -2.839 1.744 47
-0.391 -2.8610001 1.763 47
-0.486 -2.855 1.7460001 44
-0.58899999 -2.846 1.734 44
-0.68300003 -2.839 1.728 44
-0.32800001 -2.8699999 1.765 47
-0.42199999 -2.859 1.7410001 49
-0.523 -2.8540001 1.727 47
-0.61500001 -2.845 1.716 48
-0.26499999 -2.868 1.762 50
-0.35699999 -2.859 1.735 47
-0.456 -2.8540001 1.717 44
-0.54699999 -2.8499999 1.704 41
-0.20299999 -2.868 1.76 48
-0.294 -2.868 1.735 50
-0.391 -2.8640001 1.7130001 44
-0.47799999 -2.8510001 1.691 34
-0.141 -2.8800001 1.767 58
-0.23 -2.8740001 1.734 54
-0.32600001 -2.8670001 1.707 44
-0.412 -2.8599999 1.684 35
-0.079000004 -2.8789999 1.766 55
-0.167 -2.8729999 1.73 53
-0.25999999 -2.8729999 1.702 47
-0.345 -2.8710001 1.6799999 44
-0.017000001 -2.8829999 1.77 60
-0.103 -2.8789999 1.73 59
-0.19499999 -2.8789999 1.7 48
-0.27700001 -2.868 1.668 49
0.044 -2.8929999 1.777 63
-0.039000001 -2.881 1.729 57
-0.12899999 -2.881 1.6950001 51
-0.20999999 -2.878 1.664 62
0.106 -2.8959999 1.7819999 63
0.024 -2.885 1.7309999 55
-0.063000001 -2.885 1.692 55
-0.142 -2.885 1.66 60
0.082000002 -1.402 0.86400002 2
0.088 -2.8889999 1.733 63
0.0020000001 -2.8889999 1.6900001 57
-0.074000001 -2.878 1.648 59
0.112 -1.4069999 0.86900002 6
0.074000001 -1.409 0.84500003 0
0.068000004 -2.895 1.6900001 61
-0.0070000002 -2.8840001 1.645 56
0.142 -1.406 0.87099999 6
0.105 -1.409 0.84500003 7
0.134 -2.8940001 1.687 44
0.059999999 -2.8889999 1.643 54
0.17200001 -1.403 0.87099999 6
0.13600001 -1.4069999 0.84500003 6
0.097000003 -1.405 0.81800002 7
0.12800001 -2.891 1.6390001 55
0.205 -1.419 0.884 6
0.168 -1.41 0.84899998 6
0.12899999 -1.408 0.81900001 7
0.096000001 -1.409 0.79699999 7
0.235 -1.413 0.884 5
0.20100001 -1.4170001 0.85500002 5
0.162 -1.406 0.81900001 6
0.12899999 -1.411 0.796 7
0.26699999 -1.413 0.88800001 5
0.233 -1.416 0.85600001 6
0.19599999 -1.4170001 0.82499999 6
0.164 -1.415 0.79799998 6
0.29899999 -1.418 0.89499998 5
0.266 -1.424 0.86299998 6
0.229 -1.413 0.824 6
0.198 -1.414 0.79699999 6
0.331 -1.42 0.90100002 5
0.29800001 -1.42 0.86400002 5
0.264 -1.4220001 0.83099997 5
0.233 -1.42 0.80000001 6
0.36300001 -1.421 0.90700001 4
0.329 -1.4119999 0.86299998 4
0.29699999 -1.42 0.83099997 4
0.26800001 -1.421 0.801 6
0.39500001 -1.419 0.91100001 4
0.36300001 -1.4119999 0.86699998 5
0.33199999 -1.425 0.83600003 4
0.303 -1.421 0.80199999 5
0.43000001 -1.427 0.92199999 4
0.398 -1.418 0.875 5
0.36700001 -1.425 0.83899999 5
0.338 -1.421 0.80400002 5
0.461 -1.42 0.92400002 4
0.43099999 -1.415 0.87699997 4
0.403 -1.426 0.84299999 5
0.375 -1.425 0.80800003 5
0.495 -1.421 0.93199998 3
0.465 -1.413 0.88099998 4
0.43900001 -1.427 0.847 5
0.41100001 -1.4220001 0.80800003 5
0.52999997 -1.424 0.94099998 3
0.498 -1.409 0.884 3
0.47499999 -1.427 0.85100001 4
0.44800001 -1.424 0.81199998 4
0.565 -1.424 0.949 3
0.537 -1.419 0.89700001 3
0.51099998 -1.425 0.85500002 3
0.484 -1.419 0.81300002 4
0.59600002 -1.415 0.95099998 2
0.57499999 -1.423 0.90600002 3
0.55000001 -1.4299999 0.86400002 3
0.52200001 -1.418 0.81699997 3
0.63300002 -1.418 0.96100003 2
0.61400002 -1.428 0.917 3
0.58899999 -1.432 0.87 3
0.56300002 -1.424 0.82499999 3
0.66900003 -1.416 0.97000003 2
0.653 -1.4299999 0.926 3
0.62900001 -1.4349999 0.87900001 3
0.60600001 -1.431 0.83399999 3
0.70700002 -1.418 0.98100001 2
0.69 -1.427 0.93300003 3
0.66799998 -1.431 0.884 3
0.648 -1.433 0.84100002 3
0.74599999 -1.42 0.99299997 2
0.73000002 -1.428 0.94300002 3
0.71100003 -1.436 0.89499998 3
0.69400001 -1.443 0.85299999 3
0.78100002 -1.413 1 2
0.76499999 -1.4170001 0.94499999 2
0.75199997 -1.436 0.903 2
0.727 -1.423 0.84899998 2
0.82700002 -1.425 1.02 2
0.81 -1.425 0.96100003 2
0.79299998 -1.432 0.90899998 2
0.77700001 -1.434 0.86299998 2
0.86500001 -1.421 1.029 2
0.85100001 -1.424 0.97100002 2
0.84100002 -1.439 0.92400002 2
0.81999999 -1.431 0.87 2
0.91000003 -1.425 1.046 2
0.89700001 -1.427 0.98500001 2
0.88499999 -1.436 0.93300003 2
0.86799997 -1.434 0.88200003 2
0.95499998 -1.428 1.062 2
0.93900001 -1.423 0.99599999 2
0.93300003 -1.439 0.94599998 2
0.91500002 -1.432 0.89099997 2
0.99800003 -1.426 1.076 2
0.99000001 -1.431 1.015 2
0.97799999 -1.434 0.95499998 2
0.96899998 -1.439 0.90600002 2
1.04 -1.4220001 1.0880001 2
1.039 -1.432 1.03 2
1.028 -1.4349999 0.96899998 2
1.021 -1.441 0.92000002 2
1.087 -1.4220001 1.105 1
1.0829999 -1.426 1.0420001 2
1.079 -1.4349999 0.98400003 2
1.075 -1.443 0.93400002 2
1.141 -1.429 1.128 1
1.1289999 -1.42 1.054 2
1.137 -1.441 1.0039999 2
1.123 -1.433 0.94199997 2
1.184 -1.42 1.14 0
1.187 -1.427 1.077 2
1.1900001 -1.439 1.018 2
1.182 -1.436 0.95899999 2
1.242 -1.427 1.165 0
1.244 -1.4299999 1.098 1
1.251 -1.443 1.039 1
1.252 -1.448 0.98400003 0
0 0 0 0
1.307 -1.436 1.123 0
1.306 -1.437 1.054 0
1.311 -1.4450001 1.001 0
0 0 0 0
1.369 -1.439 1.146 0
1.382 -1.452 1.085 0
1.376 -1.4450001 1.02 0
0 0 0 0
1.419 -1.427 1.16 0
1.443 -1.447 1.104 0
1.4450001 -1.447 1.0420001 0
0 0 0 0
1.499 -1.442 1.197 0
1.515 -1.451 1.131 0
1.51 -1.4400001 1.0599999 2
2.8659999 -2.6659999 2.4000001 4
3.082 -2.835 2.4059999 45
3.3110001 -3.026 2.4119999 39
3.4219999 -3.108 2.342 13
2.9189999 -2.602 2.3959999 45
3.1440001 -2.766 2.402 46
3.3789999 -2.9460001 2.405 36
3.608 -3.1229999 2.411 19
2.973 -2.539 2.392 45
3.2079999 -2.698 2.4000001 47
3.4530001 -2.8729999 2.405 39
3.7079999 -3.0550001 2.4200001 38
3.027 -2.477 2.391 47
3.2750001 -2.6329999 2.402 46
3.523 -2.7939999 2.402 42
3.7939999 -2.9749999 2.4219999 34
3.082 -2.415 2.3900001 47
3.3310001 -2.5580001 2.3970001 45
3.5929999 -2.7160001 2.4000001 41
3.869 -2.8870001 2.418 32
3.1359999 -2.352 2.3900001 47
3.3840001 -2.4820001 2.391 45
3.6630001 -2.638 2.401 42
3.9360001 -2.7920001 2.411 30
3.1860001 -2.2850001 2.3870001 48
3.4579999 -2.4189999 2.4000001 45
3.7279999 -2.556 2.3989999 37
3.9630001 -2.6700001 2.382 19
3.2349999 -2.2190001 2.385 48
3.5139999 -2.3429999 2.3970001 47
3.7920001 -2.471 2.3959999 38
3.9779999 -2.5420001 2.346 18
3.289 -2.155 2.3870001 47
3.5650001 -2.2650001 2.3940001 46
3.8610001 -2.3900001 2.398 37
3.9809999 -2.4089999 2.306 17
3.339 -2.0869999 2.3859999 48
3.6240001 -2.1900001 2.395 46
3.9189999 -2.302 2.3959999 38
3.9890001 -2.2850001 2.273 16
3.391 -2.02 2.388 46
3.6689999 -2.1070001 2.388 44
3.9649999 -2.2049999 2.3859999 33
4.0009999 -2.1659999 2.244 16
3.438 -1.951 2.388 44
3.724 -2.029 2.3889999 44
4.0050001 -2.108 2.3759999 25
4.0040002 -2.0439999 2.2119999 16
3.483 -1.881 2.3870001 44
3.77 -1.947 2.3870001 43
4.0219998 -1.998 2.352 22
4.013 -1.928 2.1849999 16
3.53 -1.8099999 2.388 46
3.825 -1.869 2.3900001 43
4.0159998 -1.88 2.3169999 20
4.0190001 -1.813 2.1589999 16
3.573 -1.737 2.388 46
3.868 -1.784 2.3870001 45
4.0250001 -1.771 2.293 20
4.0240002 -1.699 2.1340001 16
3.6099999 -1.661 2.3840001 47
3.915 -1.701 2.3870001 44
4.0450001 -1.668 2.277 21
4.0349998 -1.59 2.115 21
3.6570001 -1.589 2.3870001 48
3.961 -1.617 2.388 46
0 0 0 0
0 0 0 0
3.6960001 -1.513 2.3859999 48
3.9979999 -1.528 2.3840001 47
4.0549998 -1.455 2.233 3
4.0549998 -1.376 2.079 2
3.7290001 -1.434 2.382 49
4.0240002 -1.436 2.375 41
4.0570002 -1.35 2.211 25
4.052 -1.267 2.0569999 26
3.77 -1.358 2.3840001 49
4.0450001 -1.342 2.3640001 40
4.0650001 -1.248 2.1949999 27
4.0710001 -1.165 2.0469999 3
3.806 -1.28 2.3840001 50
4.046 -1.242 2.3429999 30
4.1040001 -1.156 2.1960001 1
0 0 0 0
3.835 -1.199 2.3800001 55
4.0619998 -1.149 2.332 3
0 0 0 0
0.14399999 -0.034000002 0.071000002 0
3.8629999 -1.117 2.3759999 21
0 0 0 0
0 0 0 0
0 0 0 0
0 0 0 0
0 0 0 0
0 0 0 0
0 0 0 0
0 0 0 0
0 0 0 0
0 0 0 0
0 0 0 0
0 0 0 0
0 0 0 0
0 0 0 0
0.85799998 -0.116 0.414 0
0 0 0 0
0 0 0 0
0 0 0 0
0.82499999 -0.090999998 0.396 0
0 0 0 0
0 0 0 0
0 0 0 0
0.80900002 -0.068999998 0.38699999 2
0 0 0 0
0 0 0 0
0.81099999 -0.071000002 0.41299999 13
0 0 0 0
0 0 0 0
0.81300002 -0.078000002 0.44299999 1
0 0 0 0
0 0 0 0
0.78799999 -0.086000003 0.45899999 0
0.82599998 -0.061000001 0.449 0
0 0 0 0
0 0 0 0
0.78799999 -0.068999998 0.45699999 6
0 0 0 0
0 0 0 0
0.366 0.003 0.17299999 3
0 0 0 0
0 0 0 0
0.81800002 0.0040000002 0.412 7
0 0 0 0
0 0 0 0
0 0 0 0
0.81900001 0.023 0.412 12
0.81999999 0.046999998 0.38800001 0
0 0 0 0
0.84600002 0.014 0.454 1
0.82599998 0.041999999 0.41499999 5
0 0 0 0
0.79500002 0 0.454 6
0.85399997 0.033 0.458 1
0.82099998 0.061000001 0.41299999 4
0 0 0 0
0.80000001 0.017000001 0.45500001 6
0.85299999 0.052000001 0.45699999 1
0 0 0 0
0 0 0 0
0.79900002 0.034000002 0.454 6
0 0 0 0
0 0 0 0
0 0 0 0
0.80000001 0.052000001 0.45300001 6
0 0 0 0
0 0 0 0
0 0 0 0
0.78299999 0.068000004 0.44299999 6
0 0 0 0
0 0 0 0
0 0 0 0
0 0 0 0
0 0 0 0
0 0 0 0
0 0 0 0
0 0 0 0
0 0 0 0
0.32600001 0.071000002 0.16500001 1
0.33399999 0.083999999 0.161 1
0 0 0 0
0 0 0 0
0 0 0 0
0 0 0 0
0 0 0 0
0.30599999 0.068000004 0.16500001 1
0.31999999 0.085000001 0.164 1
0.32300001 0.097999997 0.15800001 1
0 0 0 0
0 0 0 0
0 0 0 0
0 0 0 0
0.26300001 0.057999998 0.149 1
0.29499999 0.079999998 0.15899999 1
0.308 0.097999997 0.15899999 1
0.30500001 0.109 0.15099999 1
0 0 0 0
0 0 0 0
0 0 0 0
0 0 0 0
0.27500001 0.074000001 0.156 1
0.294 0.093999997 0.161 0
0 0 0 0
0 0 0 0
0 0 0 0
0 0 0 0
0 0 0 0
0 0 0 0
0 0 0 0
0 0 0 0
0 0 0 0
0.28299999 0.133 0.146 1
0 0 0 0
0 0 0 0
0 0 0 0
0 0 0 0
0 0 0 0
0.271 0.115 0.152 1
0.28099999 0.13500001 0.152 1
0.28299999 0.149 0.149 2
0 0 0 0
0 0 0 0
0 0 0 0
0 0 0 0
0.23800001 0.1 0.139 1
0.26499999 0.127 0.15099999 1
0.27200001 0.146 0.15000001 1
0.273 0.161 0.148 2
0 0 0 0
0 0 0 0
0 0 0 0
0 0 0 0
0.24699999 0.117 0.145 2
0.25799999 0.138 0.149 1
0.25999999 0.156 0.148 1
0.25999999 0.17 0.145 2
0 0 0 0
0 0 0 0
0 0 0 0
0 0 0 0
0.235 0.124 0.141 2
0.249 0.149 0.147 1
0.248 0.16500001 0.145 1
0.25 0.18099999 0.14399999 2
0 0 0 0
0 0 0 0
0 0 0 0
0 0 0 0
0.234 0.138 0.142 2
0.241 0.16 0.146 1
0.236 0.17299999 0.142 1
0.241 0.192 0.14399999 2
0 0 0 0
0 0 0 0
0 0 0 0
0 0 0 0
0.22400001 0.146 0.14 2
0.233 0.169 0.145 1
0.226 0.182 0.14 1
0.229 0.20100001 0.142 2
0 0 0 0
0 0 0 0
0 0 0 0
0 0 0 0
0.21699999 0.156 0.138 2
0.22400001 0.18000001 0.14399999 1
0.221 0.19499999 0.142 1
0.20200001 0.19499999 0.131 1
0 0 0 0
0 0 0 0
0 0 0 0
0 0 0 0
0.211 0.167 0.138 2
0.204 0.17900001 0.13500001 1
0.20200001 0.19599999 0.13500001 0
0.189 0.2 0.12899999 1
0 0 0 0
0 0 0 0
0 0 0 0
0 0 0 0
0.189 0.164 0.127 1
0 0 0 0
0.191 0.204 0.134 1
0.18700001 0.21799999 0.134 1
0 0 0 0
0 0 0 0
0 0 0 0
0 0 0 0
0.18000001 0.171 0.125 0
0.189 0.2 0.13500001 0
0.192 0.22499999 0.142 1
0.56099999 0.71700001 0.42699999 2
0 0 0 0
0 0 0 0
0 0 0 0
0.55599999 0.74599999 0.43700001 4
0.182 0.19 0.132 1
0.197 0.229 0.148 0
0.55599999 0.71499997 0.43399999 3
0.52899998 0.74599999 0.42899999 3
0 0 0 0
0 0 0 0
0.54400003 0.73400003 0.43799999 4
0.52100003 0.77100003 0.43700001 3
0 0 0 0
0.54799998 0.699 0.43399999 3
0.52100003 0.73900002 0.433 3
0.49599999 0.77200001 0.43099999 3
0 0 0 0
0.53500003 0.71600002 0.43599999 4
0.505 0.75099999 0.433 3
0.48100001 0.78799999 0.43399999 3
0.546 0.68699998 0.433 3
0.51700002 0.72500002 0.433 3
0.48800001 0.76200002 0.433 3
0.46000001 0.79400003 0.43200001 1
0.53399998 0.70499998 0.435 3
0.49900001 0.736 0.43099999 3
0.46900001 0.77100003 0.43099999 3
0 0 0 0
0.51899999 0.72000003 0.43399999 3
0.48100001 0.745 0.42899999 3
0.454 0.787 0.43399999 2
0 0 0 0
0.50099999 0.73000002 0.43200001 3
0.47 0.76700002 0.43399999 2
0 0 0 0
0 0 0 0
0.48899999 0.75 0.435 4
0.44999999 0.77399999 0.43099999 3
0 0 0 0
0 0 0 0
0.46900001 0.75599998 0.43000001 3
0.428 0.778 0.426 0
0 0 0 0
0 0 0 0
0.45300001 0.76999998 0.43000001 3
0 0 0 0
0.375 0.81599998 0.42699999 0
0 0 0 0
0.43000001 0.773 0.42399999 0
0.398 0.80800003 0.43099999 2
0 0 0 0
0.32499999 0.84799999 0.43000001 3
0 0 0 0
0.375 0.80800003 0.42500001 0
0.33899999 0.83700001 0.43000001 2
0 0 0 0
0.403 0.81099999 0.43099999 2
0 0 0 0
0.322 0.85000002 0.43200001 2
0.28600001 0.86199999 0.43099999 2
0 0 0 0
0.34299999 0.83999997 0.43099999 2
0 0 0 0
1.369 4.4640002 2.22 2
0 0 0 0
0.324 0.84799999 0.43000001 2
0.28200001 0.86199999 0.43099999 1
1.263 4.4809999 2.2149999 4
0 0 0 0
0 0 0 0
0.27000001 0.89300001 0.44299999 0
1.1569999 4.4850001 2.2060001 31
0.324 0.84200001 0.42300001 3
0.287 0.87 0.43200001 1
1.252 4.5009999 2.217 3
1.054 4.5050001 2.207 37
0 0 0 0
0.273 0.89700001 0.44100001 0
1.148 4.5240002 2.2149999 31
0.949 4.5139999 2.2019999 36
0.28799999 0.86900002 0.42500001 1
1.273 4.5560002 2.223 3
1.0420001 4.539 2.2079999 29
0.84500003 4.5219998 2.1989999 36
0.273 0.89499998 0.433 0
1.163 4.5650001 2.2090001 31
0.94099998 4.5739999 2.214 31
0.74299997 4.54 2.201 36
1.289 4.605 2.2060001 3
1.056 4.5910001 2.2049999 30
0.83600003 4.5900002 2.211 31
0.63999999 4.546 2.1989999 36
1.184 4.6539998 2.207 28
0.94999999 4.618 2.2019999 31
0.73000002 4.605 2.2079999 35
0.53600001 4.5440001 2.194 40
1.079 4.7030001 2.2090001 25
0.84399998 4.6409998 2.198 29
0.62400001 4.6079998 2.2019999 33
0.43399999 4.552 2.1949999 41
0.97000003 4.7389998 2.2060001 25
0.736 4.6669998 2.197 28
0.52100003 4.632 2.2060001 35
0.331 4.5500002 2.1919999 38
0.85600001 4.763 2.1989999 27
0.62900001 4.6880002 2.1949999 30
0.41499999 4.6409998 2.204 37
0.229 4.5450001 2.1889999 43
0.74599999 4.8010001 2.2 26
0.52100003 4.7049999 2.1930001 33
0.30899999 4.645 2.2019999 31
0.127 4.552 2.1930001 45
0.634 4.829 2.197 26
0.41100001 4.7189999 2.1900001 33
0.204 4.6570001 2.204 38
0.026000001 4.5469999 2.1919999 45
0.51800001 4.8470001 2.191 26
0.30199999 4.737 2.1900001 33
0.097999997 4.652 2.1989999 40
-0.074000001 4.546 2.194 47
0.405 4.8779998 2.1919999 28
0.193 4.7509999 2.1900001 36
-0.0060000001 4.652 2.198 42
-0.175 4.5359998 2.1930001 49
0.28999999 4.9050002 2.1919999 29
0.082000002 4.7550001 2.1849999 36
-0.111 4.6490002 2.197 41
-0.27500001 4.5279999 2.1949999 44
0.17299999 4.9190001 2.1889999 28
-0.027000001 4.7680001 2.187 40
-0.21699999 4.6389999 2.1930001 43
-0.37400001 4.5110002 2.1919999 46
0.055 4.9390001 2.188 29
-0.138 4.7729998 2.187 44
-0.32100001 4.631 2.191 42
-0.47400001 4.5 2.1930001 47
-0.061999999 4.9520001 2.187 32
-0.25 4.776 2.1860001 36
-0.426 4.625 2.1930001 46
-0.57200003 4.4809999 2.1930001 49
-0.18099999 4.9580002 2.1830001 33
-0.361 4.7820001 2.188 43
-0.53200001 4.6220002 2.1949999 42
-0.67000002 4.4640002 2.1930001 48
-0.301 4.9699998 2.184 30
-0.472 4.7740002 2.184 39
-0.63499999 4.6020002 2.191 43
-0.76899999 4.4489999 2.1960001 49
-0.421 4.98 2.1849999 34
-0.58399999 4.763 2.181 39
-0.74000001 4.5960002 2.1960001 41
-0.86400002 4.4200001 2.1930001 48
-0.54100001 4.9790001 2.1819999 32
-0.69700003 4.77 2.187 40
-0.84399998 4.579 2.1949999 44
-0.96100003 4.3990002 2.1949999 48
-0.66399997 4.9879999 2.1849999 35
-0.80900002 4.7579999 2.1860001 43
-0.94700003 4.5599999 2.1949999 44
-1.0549999 4.3699999 2.194 47
-0.78600001 4.987 2.1849999 37
-0.92000002 4.7420001 2.184 38
-1.051 4.5469999 2.1989999 41
-1.151 4.3460002 2.1960001 47
-0.91000003 4.9889998 2.188 38
-1.034 4.7379999 2.1889999 40
-1.155 4.526 2.2 46
-1.244 4.3130002 2.1949999 48
-1.036 4.993 2.1930001 34
-1.146 4.7220001 2.1900001 39
-1.256 4.4980001 2.2 46
-1.34 4.2919998 2.201 49
-1.156 4.9720001 2.1889999 32
-1.257 4.698 2.188 39
0 0 0 0
0 0 0 0
-1.277 4.9499998 2.1860001 36
0 0 0 0
-0.317 0.96499997 0.47799999 6
0 0 0 0
0 0 0 0
-0.30700001 0.96700001 0.45500001 6
-0.32300001 0.91500002 0.456 0
-0.32800001 0.85100001 0.44800001 1
-0.30399999 0.98199999 0.43700001 6
-0.31400001 0.91399997 0.433 3
-0.31799999 0.84100002 0.42300001 1
-0.30599999 0.745 0.39500001 1
-0.308 0.91500002 0.40900001 3
0 0 0 0
-0.30500001 0.75400001 0.382 1
-0.29499999 0.67699999 0.36300001 10
0 0 0 0
-0.303 0.76300001 0.366 2
-0.292 0.67699999 0.34599999 6
-0.96100003 2.0769999 1.126 1
-0.29499999 0.755 0.34099999 0
-0.28799999 0.67900002 0.32800001 3
-0.94 2.053 1.062 8
-1.513 3.0910001 1.6950001 2
-0.28400001 0.67699999 0.308 4
-0.91000003 2.016 0.98500001 7
-0.99299997 2.046 1.069 24
-1.594 3.085 1.711 2
-0.30199999 0.67500001 0.31 0
-0.96399999 2.0090001 0.99000001 55
-1.049 2.043 1.079 12
-2.3329999 4.2859998 2.4070001 57
-0.95099998 1.992 0.92299998 13
-1.022 2.0090001 1 66
-2.4519999 4.5240002 2.418 52
-2.4230001 4.2290001 2.405 57
-1.015 2.0020001 0.93599999 65
-1.094 2.0309999 1.022 39
-2.5510001 4.4660001 2.4170001 49
-2.5109999 4.1719999 2.405 57
-1.091 2.0280001 0.958 64
-2.6689999 4.6929998 2.3900001 47
-2.6440001 4.3959999 2.4089999 52
-2.602 4.119 2.408 59
-2.8329999 4.973 2.3759999 37
-2.776 4.6269999 2.385 49
-2.744 4.3400002 2.411 48
-2.6889999 4.0599999 2.408 59
-2.954 4.9070001 2.372 37
-2.892 4.5760002 2.3900001 52
-2.835 4.2690001 2.405 52
-2.7709999 3.994 2.405 60
-3.079 4.8439999 2.3710001 37
-3 4.5110002 2.3889999 52
-2.9300001 4.2049999 2.405 52
-2.859 3.938 2.4089999 60
-3.2060001 4.7859998 2.3740001 39
-3.1070001 4.4419999 2.3870001 45
-3.0239999 4.1399999 2.405 52
-2.9449999 3.8759999 2.411 59
-3.3299999 4.7199998 2.3759999 38
-3.2079999 4.368 2.3829999 42
-3.1159999 4.073 2.405 52
-3.016 3.7980001 2.404 58
-3.4489999 4.6469998 2.3759999 38
-3.306 4.29 2.3800001 43
-3.204 4 2.4030001 54
-3.0969999 3.733 2.405 58
-3.569 4.573 2.3759999 39
-3.404 4.2119999 2.3770001 42
-3.3 3.9360001 2.408 55
-2.8540001 3.293 2.161 46
-3.681 4.4889998 2.3729999 27
-3.507 4.138 2.3770001 43
-3.3859999 3.8610001 2.4059999 50
-2.957 3.267 2.1860001 57
-3.7880001 4.3990002 2.369 35
-3.608 4.0619998 2.3789999 41
-3.471 3.783 2.405 47
-3.0999999 3.2809999 2.24 63
-3.9100001 4.3239999 2.3740001 36
-3.7030001 3.9790001 2.3770001 40
-3.5699999 3.721 2.415 52
-3.243 3.2869999 2.2920001 69
-4.0110002 4.2259998 2.368 36
-3.8080001 3.905 2.3829999 41
-3.2909999 3.2809999 2.175 53
-3.398 3.3010001 2.352 62
-4.1230001 4.1389999 2.3710001 36
-3.9030001 3.8210001 2.3829999 43
-3.4630001 3.303 2.2390001 68
-3.5439999 3.2980001 2.404 57
-4.2280002 4.0450001 2.3710001 36
-4.0159998 3.7539999 2.3970001 56
-3.6429999 3.322 2.306 69
-3.6159999 3.224 2.4059999 57
-4.336 3.951 2.3729999 27
-3.7219999 3.3210001 2.1730001 52
-3.7780001 3.2939999 2.3440001 60
-3.6700001 3.135 2.398 61
-4.434 3.8499999 2.372 26
-3.9260001 3.342 2.243 62
-3.9430001 3.2869999 2.3989999 53
-3.711 3.0339999 2.381 68
-1.4809999 1.224 0.77499998 14
-4.1300001 3.3540001 2.313 65
-4.033 3.2119999 2.408 56
-3.806 2.9790001 2.401 49
-1.488 1.171 0.76200002 39
-4.3270001 3.3510001 2.3770001 48
-4.1040001 3.1229999 2.408 53
-3.8740001 2.9000001 2.404 55
-1.4859999 1.112 0.74699998 44
-4.4250002 3.2650001 2.3859999 40
-4.1739998 3.033 2.408 48
-3.941 2.822 2.408 56
-1.499 1.067 0.73900002 30
-1.493 1.049 0.79100001 4
-4.2449999 2.9430001 2.4100001 54
-4.0029998 2.7390001 2.4089999 55
-1.52 1.027 0.736 24
-1.498 1.001 0.77999997 23
-4.3200002 2.8540001 2.414 49
-4.0560002 2.651 2.4070001 56
-1.55 0.99400002 0.73799998 25
-1.5 0.95300001 0.76899999 41
-4.3870001 2.76 2.415 46
-4.1149998 2.5650001 2.408 57
-1.574 0.95700002 0.73699999 25
-1.506 0.90899998 0.75999999 44
-4.4439998 2.6600001 2.4119999 46
-4.171 2.4790001 2.408 56
-1.6109999 0.926 0.74299997 22
-1.512 0.866 0.75300002 36
-4.5040002 2.562 2.4119999 51
-4.2220001 2.388 2.4059999 56
-1.625 0.88300002 0.73900002 14
-1.52 0.824 0.74599999 29
-1.5089999 0.815 0.79799998 5
-4.2800002 2.302 2.4100001 57
-1.641 0.84100002 0.736 8
-1.543 0.79100001 0.74800003 25
-1.506 0.76999998 0.78600001 18
-4.3270001 2.21 2.4089999 57
-1.675 0.80900002 0.74199998 6
-1.562 0.755 0.74800003 25
-1.521 0.736 0.78500003 41
-4.3779998 2.1199999 2.411 58
-1.702 0.77200001 0.745 12
-1.584 0.72100002 0.75 22
-1.517 0.69300002 0.77499998 43
-4.4250002 2.0280001 2.411 56
-1.721 0.73100001 0.745 15
-1.597 0.68300003 0.74800003 26
-1.524 0.65600002 0.76999998 46
-4.4759998 1.937 2.414 57
-1.735 0.68800002 0.74299997 21
-1.613 0.64600003 0.74699998 26
-1.529 0.61799997 0.76499999 43
-4.5139999 1.84 2.411 57
-1.749 0.64600003 0.74199998 15
-1.6339999 0.611 0.75 23
-1.533 0.57999998 0.759 40
-4.559 1.7460001 2.4130001 53
-1.7640001 0.60399997 0.741 12
-1.648 0.57300001 0.75 18
-1.545 0.546 0.759 34
-1.531 0.54900002 0.80299997 2
-1.778 0.56099999 0.741 6
-1.655 0.53299999 0.74699998 11
-1.553 0.51099998 0.75700003 33
-1.525 0.51099998 0.79299998 11
-1.783 0.51599997 0.73699999 1
-1.6619999 0.49399999 0.74400002 10
-1.567 0.477 0.75700003 32
-1.536 0.47799999 0.79299998 26
-5.855 1.545 2.4059999 28
-1.678 0.45699999 0.74599999 7
-1.582 0.44400001 0.759 31
-1.536 0.442 0.787 47
-5.8860002 1.403 2.404 28
-1.698 0.41999999 0.75 8
-1.592 0.40900001 0.759 31
-1.539 0.40799999 0.78299999 54
-4.4770002 0.954 1.818 0
-1.719 0.38299999 0.755 10
-1.604 0.37400001 0.75999999 30
-1.548 0.375 0.78299999 54
-5.973 1.125 2.4130001 40
-1.735 0.345 0.75700003 12
-1.62 0.34 0.76300001 33
-1.5470001 0.34 0.77700001 66
-6.0050001 0.98400003 2.4159999 38
-1.743 0.30500001 0.75700003 18
-1.631 0.30500001 0.764 33
-1.551 0.30700001 0.77499998 65
-6.0289998 0.84100002 2.4170001 38
-1.758 0.266 0.76099998 22
-1.638 0.26899999 0.764 35
-1.552 0.273 0.77200001 63
-6.0599999 0.69800001 2.4219999 29
-1.76 0.22499999 0.759 25
-1.645 0.23199999 0.764 35
-1.553 0.23899999 0.76899999 63
-6.0770001 0.55400002 2.4230001 39
-1.7690001 0.185 0.75999999 23
-1.652 0.19599999 0.764 33
-1.556 0.205 0.76700002 62
-1.641 0.11 0.653 10
-1.749 0.142 0.75 31
-1.656 0.16 0.76300001 34
-1.564 0.17299999 0.76700002 60
-6.112 0.264 2.4300001 29
-1.775 0.104 0.759 30
-1.63 0.121 0.74900001 25
-1.564 0.139 0.76499999 56
-6.1170001 0.119 2.431 29
-1.778 0.063000001 0.759 29
-1.664 0.086000003 0.76300001 32
-1.571 0.106 0.76599997 54
-6.1199999 -0.025 2.4319999 29
-1.7819999 0.022 0.75999999 28
-1.668 0.050000001 0.764 30
-1.574 0.071999997 0.76499999 52
-6.1269999 -0.171 2.437 28
-1.7819999 -0.017999999 0.75999999 28
-1.6720001 0.013 0.764 32
-1.58 0.039000001 0.76599997 46
-6.1009998 -0.31400001 2.4300001 28
-1.788 -0.059 0.76200002 26
-1.677 -0.023 0.76499999 28
-1.5779999 0.0049999999 0.764 37
-6.099 -0.45899999 2.434 28
-1.789 -0.1 0.76300001 25
-1.678 -0.061000001 0.76599997 28
-1.587 -0.028000001 0.76700002 34
-6.105 -0.60600001 2.4430001 28
-1.79 -0.142 0.76499999 23
-1.684 -0.097999997 0.76800001 28
-1.59 -0.061999999 0.76700002 39
-6.0960002 -0.75 2.447 28
-1.791 -0.183 0.76700002 19
-1.683 -0.13600001 0.76800001 27
-1.592 -0.097000003 0.76800001 38
-6.0840001 -0.89499998 2.451 29
-1.791 -0.22499999 0.76800001 19
-1.682 -0.17299999 0.76800001 28
-1.595 -0.131 0.76899999 37
-6.0640001 -1.039 2.454 29
-1.79 -0.266 0.76999998 16
-1.687 -0.212 0.77200001 27
-1.592 -0.16599999 0.76800001 38
-6.0409999 -1.182 2.457 28
-1.7869999 -0.308 0.77100003 13
-1.682 -0.249 0.77100003 27
-1.596 -0.20100001 0.76999998 33
-6.0190001 -1.325 2.4619999 29
-1.775 -0.34799999 0.76899999 11
-1.6849999 -0.28799999 0.77399999 29
-1.604 -0.237 0.77499998 36
-5.9809999 -1.466 2.461 29
-1.7690001 -0.389 0.76999998 9
-1.6799999 -0.32600001 0.77399999 27
-1.599 -0.27200001 0.773 37
-1.846 -0.498 0.76499999 2
-1.743 -0.42500001 0.76200002 5
-1.6799999 -0.36399999 0.77600002 25
-1.599 -0.30700001 0.77399999 37
-1.8430001 -0.54400003 0.76899999 11
-1.725 -0.463 0.759 5
-1.6720001 -0.40200001 0.77499998 24
-1.596 -0.34299999 0.77499998 38
-1.835 -0.58899999 0.77200001 14
-1.733 -0.50800002 0.76700002 8
-1.6670001 -0.44 0.77600002 29
-1.601 -0.38 0.77899998 45
-1.824 -0.63300002 0.77399999 21
-1.719 -0.546 0.76599997 11
-1.668 -0.47999999 0.78100002 31
-1.595 -0.41499999 0.77899998 45
-1.817 -0.67900002 0.77899998 16
-1.725 -0.59200001 0.77399999 19
-1.6569999 -0.51700002 0.77899998 29
-1.6 -0.454 0.78399998 52
-1.796 -0.71899998 0.77700001 9
-1.717 -0.63300002 0.77700001 25
-1.652 -0.55599999 0.78100002 27
-1.598 -0.491 0.78600001 58
-1.752 -0.74900001 0.76700002 3
-1.707 -0.67400002 0.778 26
-1.641 -0.59299999 0.78100002 28
-1.6 -0.52899998 0.79000002 53
-1.743 -0.79400003 0.77100003 8
-1.693 -0.71399999 0.77899998 25
-1.632 -0.63099998 0.78200001 26
-1.604 -0.56999999 0.796 54
-1.747 -0.84500003 0.78200001 16
-1.677 -0.75199997 0.77899998 25
-1.6210001 -0.66900003 0.78200001 27
-1.6059999 -0.61000001 0.80199999 64
-1.73 -0.88700002 0.78399998 21
-1.661 -0.79100001 0.77999997 27
-1.618 -0.70999998 0.787 43
-1.608 -0.65100002 0.80699998 57
-1.7079999 -0.92699999 0.78500003 20
-1.656 -0.83600003 0.78600001 23
-1.6160001 -0.75300002 0.79299998 48
-1.613 -0.69499999 0.815 47
-1.684 -0.96499997 0.78500003 17
-1.637 -0.87300003 0.78600001 22
-1.623 -0.80000001 0.80400002 47
-1.624 -0.74199998 0.82599998 36
-1.661 -1.0039999 0.78500003 14
-1.633 -0.91900003 0.79400003 34
-1.626 -0.847 0.81300002 45
-1.791 -0.866 0.91799998 4
-1.641 -1.044 0.78799999 20
-1.63 -0.96700001 0.80299997 31
-1.6289999 -0.89600003 0.82300001 34
-1.91 -0.97500002 0.986 3
-1.6390001 -1.097 0.80000001 37
-1.633 -1.0190001 0.815 35
-1.642 -0.95099998 0.838 4
-1.966 -1.059 1.024 55
-1.64 -1.153 0.815 32
-1.635 -1.073 0.82700002 17
-4.3080001 -2.625 2.2260001 41
-4.6230001 -2.6229999 2.4300001 31
-1.6440001 -1.214 0.83099997 16
-3.8540001 -2.658 1.98 49
-4.1100001 -2.632 2.1489999 41
-4.415 -2.6340001 2.3440001 31
-0.99800003 -0.773 0.514 6
-3.6789999 -2.6630001 1.921 54
-3.9289999 -2.642 2.0799999 42
-4.2179999 -2.6440001 2.263 38
-0.95599997 -0.77600002 0.50199997 6
-1 -0.759 0.53100002 1
-3.767 -2.6570001 2.0220001 46
-4.0240002 -2.648 2.1819999 37
-0.917 -0.77999997 0.491 9
-0.97899997 -0.77899998 0.52899998 20
-3.6070001 -2.6659999 1.964 53
-3.8429999 -2.651 2.109 42
-0.88300002 -0.787 0.484 6
-0.93699998 -0.77999997 0.51499999 6
-0.98699999 -0.764 0.54500002 8
-3.6949999 -2.671 2.053 47
-0.84100002 -0.78500003 0.47099999 9
-0.90100002 -0.78500003 0.50400001 6
-0.96100003 -0.77899998 0.53899997 6
-1.01 -0.764 0.56800002 0
-0.80299997 -0.78399998 0.46000001 9
-0.86199999 -0.78600001 0.49200001 6
-0.921 -0.78200001 0.52600002 7
-0.97899997 -0.77600002 0.55800003 14
-0.76599997 -0.78399998 0.44999999 9
-0.82200003 -0.78500003 0.479 6
-0.88499999 -0.78600001 0.514 7
-0.94499999 -0.78399998 0.54699999 7
-0.74000001 -0.792 0.44499999 8
-0.78899997 -0.78899997 0.47099999 7
-0.847 -0.78600001 0.50099999 7
-0.903 -0.78299999 0.53100002 7
-0.708 -0.79400003 0.43700001 8
-0.75800002 -0.79299998 0.46200001 7
-0.80800003 -0.78500003 0.48699999 7
-0.86799997 -0.787 0.51800001 7
-0.68099999 -0.79900002 0.43200001 8
-0.722 -0.79000002 0.45100001 7
-0.77200001 -0.78399998 0.47499999 7
-0.82999998 -0.787 0.50400001 8
-0.65200001 -0.801 0.426 8
-0.69099998 -0.79100001 0.442 7
-0.74299997 -0.78899997 0.46700001 7
-0.79799998 -0.79100001 0.49399999 7
-0.62599999 -0.80599999 0.421 8
-0.66399997 -0.796 0.43700001 7
-0.71200001 -0.792 0.458 7
-0.76300001 -0.79100001 0.48100001 8
-0.59500003 -0.80400002 0.41299999 8
-0.63599998 -0.79900002 0.43000001 7
-0.68699998 -0.79900002 0.45199999 8
-0.72899997 -0.79100001 0.46900001 8
-0.56900001 -0.80500001 0.40799999 7
-0.61199999 -0.80400002 0.42500001 7
-0.65399998 -0.796 0.44100001 7
-0.69800001 -0.792 0.45899999 8
-0.54100001 -0.80500001 0.40200001 7
-0.58399999 -0.80500001 0.41800001 7
-0.62800002 -0.80000001 0.43399999 7
-0.67199999 -0.79699999 0.45100001 8
-0.51800001 -0.80900002 0.39899999 7
-0.55500001 -0.80299997 0.41 7
-0.60299999 -0.80599999 0.42899999 7
-0.64399999 -0.80000001 0.44299999 8
-0.51099998 -0.83899999 0.40799999 6
-0.52999997 -0.80400002 0.40400001 7
-0.57599998 -0.80599999 0.421 7
-0.61699998 -0.80400002 0.43599999 8
-0.505 -0.87300003 0.41999999 4
-0.50800002 -0.81 0.40099999 6
-0.54799998 -0.80400002 0.41299999 7
-0.58999997 -0.80500001 0.42699999 8
-0.48800001 -0.889 0.42300001 4
-0.491 -0.824 0.40200001 5
-0.52200001 -0.80500001 0.40599999 7
-0.56199998 -0.80500001 0.419 8
-0.45500001 -0.87599999 0.41100001 7
-0.49200001 -0.87 0.419 4
-0.49900001 -0.80900002 0.40099999 7
-0.53600001 -0.80500001 0.41100001 7
-0.43399999 -0.88200003 0.41 7
-0.47099999 -0.87800002 0.417 4
-0.484 -0.82599998 0.403 6
-0.51300001 -0.80900002 0.405 7
-0.41100001 -0.88499999 0.40799999 7
-0.44600001 -0.87900001 0.41299999 6
-0.48500001 -0.87199998 0.419 4
-0.48800001 -0.81 0.398 7
-0.38800001 -0.889 0.40599999 7
-0.421 -0.87800002 0.40799999 7
-0.46200001 -0.87699997 0.41600001 5
-0.495 -0.86500001 0.41800001 5
-0.373 -0.90799999 0.41100001 2
-0.40200001 -0.889 0.40799999 7
-0.43900001 -0.88 0.41100001 7
-0.47999999 -0.88599998 0.421 4
-0.38 -0.98699999 0.44400001 2
-0.382 -0.89700001 0.40700001 4
-0.41600001 -0.884 0.40700001 7
-0.44999999 -0.87699997 0.41100001 7
-0.38499999 -1.071 0.47799999 1
-0.37799999 -0.94700003 0.426 2
-0.39500001 -0.89200002 0.40599999 6
-0.42399999 -0.87599999 0.40400001 7
-0.39199999 -1.173 0.51999998 1
-0.38499999 -1.0319999 0.45899999 1
-0.377 -0.90499997 0.40700001 3
-0.41499999 -0.90799999 0.412 6
-0.40099999 -1.294 0.56999999 7
-0.38800001 -1.1160001 0.493 2
-0.38499999 -0.98799998 0.43900001 2
-0.42300001 -0.98500001 0.44100001 5
-0.81400001 -2.8469999 1.248 9
-0.39899999 -1.234 0.54100001 1
-0.391 -1.075 0.47299999 1
-0.37799999 -0.93900001 0.41499999 3
-0.74699998 -2.8510001 1.243 53
-0.40000001 -1.34 0.58200002 6
-0.39500001 -1.1670001 0.50700003 1
-0.38299999 -1.0190001 0.44400001 2
-0.68000001 -2.8529999 1.238 53
-0.78100002 -2.8440001 1.227 58
-0.40700001 -1.298 0.55900002 1
-0.38800001 -1.108 0.477 1
-0.61500001 -2.859 1.2359999 53
-0.71600002 -2.8559999 1.224 53
-0.40200001 -1.393 0.59399998 2
-0.39399999 -1.214 0.51599997 1
-0.551 -2.869 1.2359999 58
-0.648 -2.8559999 1.217 57
-0.755 -2.8559999 1.207 60
-0.40200001 -1.345 0.565 7
-0.48500001 -2.868 1.232 55
-0.58099997 -2.859 1.211 57
-0.68800002 -2.8640001 1.201 56
-0.78200001 -2.8499999 1.1849999 31
-0.421 -2.868 1.228 58
-0.51700002 -2.8699999 1.21 58
-0.61900002 -2.862 1.191 45
-0.354 -1.418 0.58399999 1
-0.35600001 -2.872 1.227 54
-0.45100001 -2.8740001 1.206 63
-0.55199999 -2.865 1.183 24
-0.31799999 -1.411 0.57499999 1
-0.29300001 -2.8759999 1.227 54
-0.38699999 -2.8789999 1.2029999 63
-0.486 -2.8710001 1.178 55
-0.57599998 -2.8599999 1.156 42
-0.229 -2.8770001 1.226 56
-0.32100001 -2.8789999 1.199 61
-0.419 -2.8759999 1.173 59
-0.50800002 -2.8640001 1.147 61
-0.167 -2.885 1.229 56
-0.257 -2.8859999 1.198 60
-0.352 -2.875 1.165 61
-0.44100001 -2.8740001 1.141 74
-0.103 -2.8870001 1.229 54
-0.191 -2.8870001 1.1950001 65
-0.287 -2.8859999 1.164 67
-0.373 -2.8770001 1.1339999 68
-0.039999999 -2.892 1.2309999 54
-0.127 -2.8959999 1.1950001 61
-0.221 -2.8889999 1.16 69
-0.30500001 -2.8800001 1.127 67
0.023 -2.901 1.235 66
-0.061999999 -2.8940001 1.192 67
-0.154 -2.891 1.155 62
-0.23800001 -2.8870001 1.123 74
0.086000003 -2.8970001 1.235 56
0.001 -2.898 1.193 70
-0.089000002 -2.902 1.156 67
-0.171 -2.8929999 1.118 69
0.149 -2.8989999 1.238 64
0.066 -2.9059999 1.1950001 65
-0.022 -2.902 1.152 60
-0.104 -2.8959999 1.113 70
0.214 -2.914 1.2460001 60
0.131 -2.9089999 1.196 65
0.043000001 -2.9070001 1.15 64
-0.035999998 -2.905 1.1109999 68
0.278 -2.911 1.248 61
0.197 -2.9089999 1.196 67
0.11 -2.915 1.151 64
0.032000002 -2.9070001 1.107 71
0.34200001 -2.9119999 1.252 60
0.26300001 -2.9159999 1.2 65
0.177 -2.915 1.149 70
0.1 -2.908 1.104 72
0.40799999 -2.9200001 1.2589999 65
0.329 -2.9200001 1.2029999 63
0.244 -2.915 1.148 64
0.169 -2.9189999 1.104 75
0.47299999 -2.9219999 1.2640001 59
0.396 -2.9260001 1.206 63
0.31200001 -2.9219999 1.15 70
0.237 -2.9200001 1.101 71
0.53899997 -2.925 1.271 64
0.46399999 -2.931 1.211 72
0.38100001 -2.925 1.151 69
0.30700001 -2.9230001 1.1 68
0.60600001 -2.931 1.279 59
0.52999997 -2.928 1.2130001 66
0.44999999 -2.9319999 1.154 61
0.37799999 -2.928 1.1 68
0.67299998 -2.9330001 1.286 55
0.59899998 -2.9330001 1.219 65
0.51999998 -2.9349999 1.156 68
0.44800001 -2.9260001 1.098 71
0.74199998 -2.938 1.295 57
0.66900003 -2.938 1.225 61
0.58999997 -2.9349999 1.158 61
0.51999998 -2.9349999 1.101 67
0.81199998 -2.947 1.306 63
0.74000001 -2.9460001 1.234 59
0.662 -2.941 1.163 65
0.59299999 -2.938 1.102 73
0.87900001 -2.9400001 1.311 34
0.81 -2.9419999 1.237 54
0.73500001 -2.948 1.168 63
0.667 -2.9449999 1.1059999 72
0 0 0 0
0.88200003 -2.9460001 1.245 31
0.80900002 -2.9530001 1.174 56
0.74199998 -2.9489999 1.109 66
0 0 0 0
0 0 0 0
0.88 -2.944 1.175 28
0.81800002 -2.9530001 1.113 68
1.103 -2.9719999 1.354 8
0 0 0 0
0.49599999 -1.53 0.61299998 1
0.89300001 -2.951 1.115 33
1.169 -2.954 1.357 38
1.112 -2.974 1.28 2
0 0 0 0
0.50599998 -1.539 0.583 1
1.25 -2.9679999 1.375 61
1.187 -2.971 1.288 50
1.124 -2.987 1.209 1
0 0 0 0
1.3279999 -2.9719999 1.3890001 56
1.265 -2.971 1.298 61
1.199 -2.9779999 1.2130001 62
1.137 -2.973 1.136 7
1.406 -2.9749999 1.404 57
1.347 -2.9779999 1.311 63
1.2819999 -2.984 1.223 55
1.219 -2.9719999 1.142 60
1.489 -2.98 1.42 56
0.63499999 -1.324 0.588 1
0 0 0 0
0 0 0 0
1.575 -2.9909999 1.4400001 62
0.667 -1.314 0.58899999 5
0 0 0 0
0 0 0 0
1.66 -2.993 1.457 52
1.6109999 -3.0079999 1.362 31
0 0 0 0
0 0 0 0
0.94300002 -1.619 0.79699999 8
1.692 -2.9960001 1.3710001 62
0 0 0 0
0 0 0 0
1.8430001 -3.0120001 1.502 13
0.96100003 -1.6160001 0.74800003 3
0 0 0 0
0 0 0 0
0 0 0 0
1.876 -3.0020001 1.406 7
0 0 0 0
0 0 0 0
0 0 0 0
0 0 0 0
0 0 0 0
0 0 0 0
1.0089999 -1.433 0.74299997 2
0 0 0 0
0 0 0 0
0 0 0 0
1.0650001 -1.446 0.76099998 2
2.191 -3.0320001 1.477 21
2.151 -3.0480001 1.369 16
0 0 0 0
1.1059999 -1.4349999 0.76700002 1
2.2969999 -3.033 1.499 10
2.2590001 -3.049 1.388 20
0 0 0 0
1.17 -1.4529999 0.78799999 2
2.415 -3.046 1.529 7
2.3759999 -3.0550001 1.4119999 17
2.329 -3.0480001 1.3049999 11
1.22 -1.449 0.80000001 2
1.211 -1.459 0.74400002 0
2.5039999 -3.0699999 1.441 14
2.4530001 -3.053 1.327 11
1.28 -1.457 0.81800002 2
1.255 -1.446 0.75 2
2.6289999 -3.075 1.4680001 17
2.596 -3.0780001 1.359 17
1.337 -1.457 0.83200002 2
1.309 -1.441 0.76099998 1
2.7650001 -3.085 1.498 16
2.7309999 -3.085 1.386 13
1.39 -1.451 0.84500003 0
1.381 -1.4529999 0.78200001 1
2.9000001 -3.089 1.528 11
2.8740001 -3.092 1.414 8
1.459 -1.46 0.86699998 0
1.45 -1.46 0.801 2
1.446 -1.47 0.741 0
3.0280001 -3.1040001 1.448 13
1.517 -1.454 0.88099998 2
1.506 -1.45 0.81199998 2
1.503 -1.4579999 0.75099999 0
3.191 -3.1170001 1.484 14
3.402 -3.1240001 1.934 13
3.3940001 -3.1240001 1.788 14
3.381 -3.1300001 1.648 13
3.362 -3.131 1.523 14
3.5599999 -3.131 1.982 13
3.562 -3.1340001 1.836 13
3.5569999 -3.1429999 1.693 13
3.5469999 -3.1459999 1.566 14
3.7349999 -3.1459999 2.0380001 13
3.7390001 -3.1440001 1.885 13
3.743 -3.154 1.74 13
3.737 -3.1570001 1.6109999 14
3.918 -3.158 2.096 16
3.9330001 -3.1600001 1.943 17
3.9389999 -3.165 1.791 17
3.934 -3.1619999 1.656 18
3.944 -3.0420001 2.0710001 17
3.9449999 -3.026 1.91 17
3.9519999 -3.027 1.76 17
3.9419999 -3.016 1.623 17
3.9590001 -2.921 2.0420001 17
3.9530001 -2.895 1.878 17
3.948 -2.882 1.724 20
3.951 -2.8740001 1.5930001 16
3.9519999 -2.7880001 2.003 16
3.9560001 -2.7639999 1.846 16
3.9749999 -2.7609999 1.702 15
3.967 -2.7420001 1.567 16
3.9619999 -2.668 1.974 15
3.9809999 -2.6500001 1.825 15
3.9820001 -2.6300001 1.673 15
3.9760001 -2.608 1.54 15
3.9760001 -2.556 1.95 15
3.987 -2.526 1.7970001 15
3.9879999 -2.5020001 1.646 15
3.9879999 -2.48 1.516 15
3.984 -2.4419999 1.923 14
3.9909999 -2.4059999 1.77 15
3.997 -2.3789999 1.622 15
3.9909999 -2.3499999 1.4910001 15
3.997 -2.3329999 1.9 15
3.994 -2.2880001 1.744 15
4.007 -2.26 1.6 19
4.0050001 -2.2290001 1.471 15
4.0050001 -2.224 1.877 14
4.0040002 -2.175 1.722 20
4.0079999 -2.1389999 1.576 20
4.0089998 -2.1070001 1.449 15
4.007 -2.1140001 1.852 15
4.0209999 -2.0699999 1.705 20
4.0240002 -2.029 1.559 21
4.0170002 -1.989 1.431 19
4.0170002 -2.0109999 1.832 15
4.0219998 -1.957 1.682 20
4.0209999 -1.911 1.536 21
4.033 -1.876 1.416 22
4.0209999 -1.906 1.8099999 14
4.0219998 -1.847 1.661 21
4.0349998 -1.803 1.521 23
4.0279999 -1.757 1.395 26
4.02 -1.8 1.7869999 15
4.026 -1.74 1.641 23
4.0359998 -1.691 1.502 24
4.0310001 -1.642 1.377 27
4.0339999 -1.704 1.772 21
4.0229998 -1.632 1.62 25
4.0339999 -1.58 1.483 28
4.0339999 -1.531 1.362 31
4.0359998 -1.602 1.752 23
4.0279999 -1.53 1.604 25
0 0 0 0
0 0 0 0
4.0469999 -1.507 1.737 26
0 0 0 0
0.95700002 -0.324 0.34400001 2
4.0549998 -1.319 1.34 4
0 0 0 0
1.091 -0.359 0.42500001 5
1.187 -0.37099999 0.42199999 0
0 0 0 0
1.136 -0.368 0.47799999 2
1.174 -0.35699999 0.45300001 2
0 0 0 0
0.162 -0.044 0.052000001 0
1.215 -0.36500001 0.50599998 4
0 0 0 0
0 0 0 0
0.16500001 -0.039999999 0.052999999 0
0 0 0 0
0 0 0 0
0 0 0 0
0 0 0 0
0.107 -0.027000001 0.043000001 0
0 0 0 0
0.175 -0.037 0.059999999 0
0.17 -0.033 0.052999999 0
0 0 0 0
0 0 0 0
0 0 0 0
0 0 0 0
0 0 0 0
0 0 0 0
0 0 0 0
0 0 0 0
0 0 0 0
0 0 0 0
4.1040001 -0.57599998 1.385 9
1.367 -0.16599999 0.42500001 1
0 0 0 0
4.1040001 -0.56999999 1.5 8
0 0 0 0
0 0 0 0
4.1160002 -0.58099997 1.6210001 6
0 0 0 0
0 0 0 0
0 0 0 0
0 0 0 0
0.81099999 -0.075000003 0.29300001 12
0 0 0 0
0.81199998 -0.039000001 0.249 9
0.80599999 -0.078000002 0.31299999 14
0 0 0 0
0.81900001 -0.037 0.271 4
0.81699997 -0.018999999 0.25 15
0 0 0 0
0.80599999 -0.037999999 0.289 0
0.81800002 -0.017999999 0.27000001 10
0.81699997 0 0.25 15
0 0 0 0
0.815 -0.02 0.29100001 10
0.82200003 0 0.271 10
0.82200003 0.018999999 0.25099999 15
0 0 0 0
0.81900001 -0.001 0.29100001 16
0.829 0.02 0.27200001 10
0.82099998 0.039000001 0.25099999 15
0.82200003 -0.0070000002 0.31299999 16
0.824 0.016000001 0.292 9
0.82499999 0.039000001 0.271 10
0.82099998 0.059 0.25099999 15
0.81800002 0.0089999996 0.31099999 15
0.81999999 0.035 0.28999999 9
0.82999998 0.059 0.27200001 10
0.82499999 0.079000004 0.252 14
0.80299997 0.027000001 0.30399999 5
0.58700001 0.037999999 0.207 2
0.81999999 0.078000002 0.26899999 9
0 0 0 0
0.51599997 0.028999999 0.19499999 2
0.54699999 0.048 0.193 1
0 0 0 0
0 0 0 0
0.50300002 0.039000001 0.189 2
0 0 0 0
0 0 0 0
0 0 0 0
0 0 0 0
0 0 0 0
0 0 0 0
0 0 0 0
0 0 0 0
0 0 0 0
0 0 0 0
0 0 0 0
0 0 0 0
0 0 0 0
0 0 0 0
0.56800002 0.139 0.177 2
0 0 0 0
0 0 0 0
0.52700001 0.126 0.175 2
0 0 0 0
0 0 0 0
0.48699999 0.111 0.17200001 2
0 0 0 0
0.54500002 0.161 0.171 2
0.458 0.097000003 0.171 1
0 0 0 0
0.505 0.146 0.169 2
0 0 0 0
0 0 0 0
0.47400001 0.131 0.168 2
0 0 0 0
0.523 0.183 0.167 2
0 0 0 0
0 0 0 0
0.491 0.167 0.16599999 2
0 0 0 0
0 0 0 0
0 0 0 0
0 0 0 0
0.505 0.204 0.164 2
0 0 0 0
0 0 0 0
0.486 0.191 0.167 1
0 0 0 0
0 0 0 0
0 0 0 0
0 0 0 0
0.491 0.226 0.163 2
0 0 0 0
0 0 0 0
0 0 0 0
0 0 0 0
0 0 0 0
0 0 0 0
0 0 0 0
0 0 0 0
0 0 0 0
0 0 0 0
0 0 0 0
0 0 0 0
0 0 0 0
0 0 0 0
0 0 0 0
0 0 0 0
0 0 0 0
0 0 0 0
0 0 0 0
0 0 0 0
0 0 0 0
0 0 0 0
0 0 0 0
0 0 0 0
0 0 0 0
0 0 0 0
0.37400001 0.236 0.139 1
0 0 0 0
0 0 0 0
0.38699999 0.234 0.149 1
0 0 0 0
0 0 0 0
0.38800001 0.223 0.153 1
0 0 0 0
0.36899999 0.257 0.141 3
0 0 0 0
0 0 0 0
0 0 0 0
0 0 0 0
0 0 0 0
0.37099999 0.237 0.149 1
0 0 0 0
0.35499999 0.273 0.14 4
0 0 0 0
0 0 0 0
0 0 0 0
0 0 0 0
0 0 0 0
0.36399999 0.25600001 0.149 1
0 0 0 0
0.34400001 0.29100001 0.141 3
0 0 0 0
0 0 0 0
0 0 0 0
0 0 0 0
0 0 0 0
0.34900001 0.27000001 0.147 1
0 0 0 0
0.33199999 0.30899999 0.141 2
0 0 0 0
0 0 0 0
0 0 0 0
0 0 0 0
0 0 0 0
0 0 0 0
0 0 0 0
0.30899999 0.31600001 0.138 1
0 0 0 0
0 0 0 0
0 0 0 0
0 0 0 0
0 0 0 0
0 0 0 0
0 0 0 0
0.303 0.33899999 0.141 1
0 0 0 0
0 0 0 0
0 0 0 0
0 0 0 0
0 0 0 0
0 0 0 0
0 0 0 0
0 0 0 0
0 0 0 0
0 0 0 0
0 0 0 0
0 0 0 0
0 0 0 0
0 0 0 0
0 0 0 0
0 0 0 0
0 0 0 0
0 0 0 0
0 0 0 0
0 0 0 0
0 0 0 0
0 0 0 0
0 0 0 0
0 0 0 0
0 0 0 0
0 0 0 0
0 0 0 0
0 0 0 0
0 0 0 0
0 0 0 0
0 0 0 0
0 0 0 0
0 0 0 0
0 0 0 0
0 0 0 0
0 0 0 0
0 0 0 0
0 0 0 0
0 0 0 0
0 0 0 0
0 0 0 0
0 0 0 0
0 0 0 0
0 0 0 0
0 0 0 0
0 0 0 0
0 0 0 0
0 0 0 0
0 0 0 0
0 0 0 0
0 0 0 0
0 0 0 0
0.51300001 1.2640001 0.41999999 0
0 0 0 0
0 0 0 0
0 0 0 0
0.48899999 1.291 0.42500001 2
0 0 0 0
0 0 0 0
0.505 1.265 0.41800001 1
0.435 1.233 0.403 1
0 0 0 0
0 0 0 0
0.47099999 1.2640001 0.414 1
0.412 1.26 0.40900001 1
0 0 0 0
0 0 0 0
0 0 0 0
0.377 1.248 0.403 1
0 0 0 0
0.46799999 1.255 0.40400001 0
0 0 0 0
0.33500001 1.211 0.389 31
0.54000002 1.348 0.42899999 1
0.45199999 1.303 0.41499999 0
0 0 0 0
0.322 1.275 0.40799999 1
0.5 1.337 0.419 6
0.42899999 1.336 0.421 1
0.331 1.222 0.38699999 14
1.256 5.4879999 1.75 12
0.47499999 1.369 0.42300001 8
0.39899999 1.351 0.42199999 4
0.33700001 1.3660001 0.43000001 0
1.124 5.4920001 1.745 7
0.44499999 1.3839999 0.42300001 9
0.33500001 1.238 0.38299999 2
1.556 7.0019999 2.1930001 24
1.0470001 5.7820001 1.831 3
0.41299999 1.398 0.421 8
0.33899999 1.381 0.42300001 0
1.133 5.7119999 1.779 1
0.94700003 6.007 1.898 4
0.34200001 1.2690001 0.37799999 1
1.59 7.1890001 2.187 20
1.029 5.8940001 1.827 5
0.93000001 6.9260001 2.184 16
0.34999999 1.4299999 0.421 5
1.166 5.9229999 1.789 1
0.94099998 6.2420001 1.927 2
0.76800001 6.9099998 2.1760001 17
1.637 7.447 2.1730001 21
1.056 6.1079998 1.832 2
0.89899999 7.0510001 2.1689999 6
0.13 1.474 0.463 30
1.189 6.0910001 1.76 0
0 0 0 0
0.73799998 7.0819998 2.1719999 1
0.1 1.531 0.48100001 9
0 0 0 0
0.079000004 0.63700002 0.18799999 10
0 0 0 0
0.294 6.902 2.171 21
0.093000002 0.63700002 0.18000001 11
0 0 0 0
0.41100001 7.0939999 2.165 2
0.13699999 6.8930001 2.1700001 20
0.078000002 0.63999999 0.18000001 12
0.050000001 0.64200002 0.18799999 9
0.248 7.1030002 2.165 12
-0.018999999 6.8759999 2.1670001 20
0.063000001 0.63999999 0.17900001 11
0.035 0.64499998 0.18799999 9
0.085000001 7.112 2.1659999 20
-0.094999999 3.7679999 1.189 1
0.046999998 0.63999999 0.177 11
0.02 0.64300001 0.18700001 9
-0.077 7.1209998 2.168 19
-0.176 3.6860001 1.166 150
0.032000002 0.64499998 0.177 12
0.0049999999 0.64600003 0.18700001 8
-0.124 3.7 1.126 9
-0.259 3.6730001 1.165 29
0.017000001 0.64300001 0.176 11
-0.0089999996 0.63800001 0.184 6
-0.207 3.664 1.1160001 38
-0.63300002 6.7919998 2.1619999 25
0.001 0.64399999 0.175 12
-0.14300001 3.711 1.073 4
-0.565 7.0970001 2.164 16
-0.78500003 6.77 2.1630001 25
-0.013 0.64499998 0.175 12
-0.23 3.7119999 1.072 4
-0.727 7.085 2.165 21
-0.93800002 6.75 2.165 25
-0.028000001 0.64399999 0.17399999 12
-0.634 7.4190001 2.141 8
-0.88800001 7.0640001 2.164 23
-1.087 6.7199998 2.1659999 22
-0.044 0.64399999 0.17299999 11
-0.81199998 7.4499998 2.1500001 19
-1.051 7.0430002 2.1630001 24
0 0 0 0
-0.059 0.64300001 0.17299999 11
-0.98799998 7.4390001 2.1470001 23
-1.212 7.0240002 2.164 23
-1.501 7.2080002 2.349 5
-0.075000003 0.64700001 0.17399999 11
-1.164 7.434 2.148 26
-1.4400001 7.3429999 2.2720001 32
-1.66 7.165 2.349 35
0 0 0 0
-1.34 7.4229999 2.1489999 14
-1.613 7.3330002 2.2780001 84
-1.817 7.118 2.349 34
-0.106 0.63999999 0.17200001 11
-1.51 7.368 2.138 34
-1.795 7.3579998 2.2969999 81
0 0 0 0
0 0 0 0
-1.689 7.3670001 2.1440001 38
0 0 0 0
-0.28799999 0.95099998 0.31799999 7
-0.14 0.64999998 0.17399999 4
-1.873 7.3759999 2.154 56
-0.27900001 0.95300001 0.301 9
-0.70899999 2.165 0.73100001 2
-0.155 0.64600003 0.17299999 3
0 0 0 0
-0.699 2.201 0.69999999 0
-0.72899997 2.0680001 0.704 62
-0.26100001 0.98000002 0.264 7
-0.292 0.95899999 0.28200001 2
-0.71499997 2.086 0.66799998 49
0 0 0 0
-0.273 0.93199998 0.252 8
-0.69999999 2.1199999 0.62800002 5
0 0 0 0
0 0 0 0
-0.27200001 0.85500002 0.23199999 1
0 0 0 0
-0.26899999 0.68199998 0.222 0
-0.28400001 0.662 0.23199999 10
-0.27900001 0.80900002 0.22 6
-0.28299999 0.74000001 0.222 1
-0.28400001 0.676 0.222 5
-0.89300001 1.959 0.69400001 15
-0.28200001 0.75700003 0.207 5
-0.28099999 0.68699998 0.207 3
-0.292 0.653 0.21600001 4
-0.95499998 1.979 0.70999998 60
0 0 0 0
-0.289 0.66100001 0.20100001 10
-0.94300002 1.983 0.66399997 12
-1.574 3.082 1.118 5
-0.27900001 0.65100002 0.18000001 12
-0.92000002 1.975 0.60699999 12
-1.025 2.036 0.68900001 16
-1.0549999 1.959 0.71899998 31
-0.89999998 1.966 0.54900002 15
-0.98400003 1.99 0.61699998 50
-1.038 1.949 0.667 15
-1.105 1.948 0.72500002 16
-0.96899998 1.988 0.55900002 50
-3.819 7.2909999 2.2850001 17
-1.073 1.909 0.66100001 17
-3.6919999 6.1820002 2.3329999 34
-0.96799999 1.8710001 0.53100002 3
-1.036 1.869 0.59200001 24
-1.6900001 2.8540001 1.001 0
-3.8280001 6.1030002 2.335 35
-1.0039999 1.83 0.52499998 33
-1.575 2.6930001 0.86299998 10
-1.772 2.8440001 1.011 13
-3.957 6.0100002 2.335 32
-1.438 2.477 0.71799999 12
-1.4069999 2.28 0.74000001 35
-4.2360001 6.4660001 2.3329999 32
-4.0770001 5.9050002 2.329 34
-1.499 2.444 0.71700001 12
-1.4220001 2.1889999 0.72000003 20
-1.4220001 2.0669999 0.75700003 31
-4.1620002 5.7540002 2.3069999 58
-1.544 2.3859999 0.708 3
-1.4910001 2.1819999 0.727 17
-1.433 1.985 0.73799998 32
-1.442 1.905 0.77600002 4
-1.626 2.3840001 0.71700001 10
-1.531 2.132 0.72100002 14
-1.462 1.933 0.73000002 18
-1.446 1.825 0.75700003 45
-5.3270001 7.4190001 2.2639999 13
-1.576 2.089 0.71799999 4
-1.51 1.905 0.73199999 17
-1.451 1.751 0.73900002 44
-5.5300002 7.323 2.2690001 24
-1.6390001 2.0699999 0.72299999 13
-1.55 1.8660001 0.73000002 17
-1.4680001 1.694 0.72899997 19
-5.724 7.2080002 2.27 24
-1.6670001 2.007 0.71399999 3
-1.573 1.8099999 0.722 5
-1.505 1.6619999 0.73000002 17
-5.9120002 7.086 2.27 21
-5.573 6.3979998 2.3180001 30
-1.649 1.813 0.73699999 9
-1.541 1.63 0.73000002 17
-6.0999999 6.9619999 2.273 27
-5.7379999 6.2859998 2.322 29
-1.6720001 1.756 0.72899997 13
-1.529 1.548 0.708 4
-6.3000002 6.8470001 2.279 27
-5.8769999 6.1440001 2.3169999 32
-1.539 1.546 0.65499997 5
-1.589 1.539 0.72000003 6
-6.493 6.723 2.2839999 27
-1.561 1.557 0.60000002 3
-1.62 1.556 0.67500001 3
-1.647 1.527 0.73100001 7
-1.577 1.556 0.54000002 2
-6.1350002 5.8410001 2.303 13
-5.7690001 5.2930002 2.3499999 34
-1.679 1.4910001 0.73100001 17
-1.591 1.495 0.53100002 2
-6.3400002 5.7600002 2.326 31
-5.8959999 5.171 2.3529999 35
-1.702 1.446 0.727 11
-1.599 1.431 0.52100003 3
-6.4980001 5.6300001 2.3310001 33
-6.0110002 5.0370002 2.3510001 35
-1.7130001 1.392 0.71899998 0
-1.6210001 1.381 0.51599997 0
-6.6440001 5.4910002 2.3340001 31
-6.1269999 4.9029999 2.3510001 36
-4.3470001 3.3789999 1.793 0
-7.4159999 6.0159998 2.3110001 3
-6.7659998 5.3319998 2.3299999 28
-6.2659998 4.7870002 2.3610001 37
-5.8200002 4.323 2.3599999 34
-7.631 5.8909998 2.3299999 2
-1.605 1.204 0.542 2
-4.6079998 3.3599999 1.707 31
-5.9120002 4.1960001 2.3599999 34
-6.4190001 4.7129998 1.9220001 1
-1.613 1.153 0.53500003 3
-4.8790002 3.391 1.777 1
-6.0320001 4.0879998 2.3710001 34
-6.6729999 4.6550002 1.961 1
-1.614 1.098 0.52600002 2
-6.6209998 4.3850002 2.3740001 34
-6.1209998 3.9579999 2.3710001 32
-8.0719995 5.3429999 2.3299999 2
-1.637 1.059 0.52499998 1
-6.7259998 4.2410002 2.375 39
-5.6110001 3.4560001 2.142 31
-8.1389999 5.1100001 2.3099999 6
0 0 0 0
-6.809 4.0830002 2.3699999 38
-5.9109998 3.467 2.227 34
-8.4069996 4.9990001 2.349 1
0 0 0 0
-6.1490002 3.5009999 2.1099999 30
-6.2049999 3.4619999 2.3069999 49
0 0 0 0
-7.658 4.2220001 2.348 2
-1.6339999 0.88300002 0.55299997 2
-6.4180002 3.3989999 2.3559999 37
-8.5059996 4.5149999 2.3080001 2
-7.855 4.0949998 2.3770001 2
-1.638 0.83700001 0.54699999 3
-6.5339999 3.2820001 2.3710001 36
-8.6929998 4.3460002 2.3269999 4
-7.2259998 3.556 2.1589999 9
-1.642 0.79299998 0.542 3
-6.605 3.141 2.3699999 37
-8.783 4.1300001 2.322 2
-7.7649999 3.599 2.293 10
-1.65 0.75199997 0.53899997 3
-6.6729999 2.9979999 2.368 36
-8.2069998 3.6199999 2.145 8
-8.0780001 3.5190001 2.359 8
-1.656 0.71100003 0.53500003 2
-6.789 2.875 2.3840001 34
-8.8629999 3.6570001 2.2920001 7
-8.1669998 3.332 2.359 5
-1.671 0.67299998 0.53399998 1
-6.8449998 2.7260001 2.381 34
-9.1099997 3.5039999 2.3329999 4
-8.2519999 3.1429999 2.359 5
-1.684 0.63499999 0.53299999 0
-6.8990002 2.575 2.3759999 34
-9.2019997 3.2850001 2.3329999 4
-8.3439999 2.9579999 2.3640001 4
-7.6100001 2.677 2.388 7
-6.9720001 2.4319999 2.3800001 23
-9.3249998 3.076 2.3440001 4
-8.415 2.7650001 2.3640001 4
-7.6890001 2.5120001 2.3929999 8
-7.0159998 2.279 2.375 29
-9.4320002 2.8610001 2.352 3
-8.5120001 2.5799999 2.372 4
-7.7579999 2.346 2.395 8
-1.654 0.498 0.55500001 2
-9.4420004 2.618 2.3380001 5
-8.5439997 2.375 2.3629999 4
-7.8150001 2.1719999 2.3940001 6
-1.676 0.46599999 0.55800003 3
-9.5229998 2.3959999 2.3440001 5
-8.6090002 2.177 2.365 4
-7.869 1.999 2.3940001 9
-1.656 0.421 0.54799998 5
-9.5830002 2.1670001 2.346 3
-8.6879997 1.984 2.372 3
-7.9349999 1.8279999 2.398 10
-1.659 0.384 0.54500002 6
-9.6730003 1.943 2.355 5
-8.7650003 1.7869999 2.3789999 4
-7.9619999 1.646 2.391 7
-1.6670001 0.34799999 0.54400003 6
-9.717 1.71 2.3559999 4
-8.7790003 1.579 2.3710001 4
-5.8070002 1.0650001 1.734 1
-1.668 0.31099999 0.54100001 6
-7.4780002 1.13 1.806 2
-8.8509998 1.381 2.3800001 4
-8.099 1.299 2.4070001 4
-1.674 0.27500001 0.54000002 4
-9.8269997 1.247 2.368 5
-8.8929996 1.177 2.382 4
-8.1269999 1.118 2.4030001 9
-1.692 0.23999999 0.54299998 3
-9.8380003 1.007 2.3640001 5
-8.9689999 0.977 2.395 3
-8.1569996 0.93699998 2.402 9
-1.6900001 0.20299999 0.53899997 2
-9.9069996 0.77499998 2.3770001 5
-8.974 0.76599997 2.3889999 4
-8.2150002 0.759 2.411 9
-1.699 0.167 0.54000002 2
-9.901 0.537 2.3729999 6
-7.355 0.456 1.954 2
-1.704 0.118 0.498 6
-1.694 0.12899999 0.53600001 2
-9.9530001 0.29899999 2.385 4
-9.0500002 0.34999999 2.3989999 2
-8.2819996 0.38999999 2.4159999 9
-1.7029999 0.093000002 0.537 1
-9.9449997 0.059 2.3829999 5
-9.066 0.141 2.401 6
-8.3109999 0.206 2.418 8
-7.6989999 0.255 2.4230001 7
-9.941 -0.177 2.385 4
-9.0799999 -0.07 2.4030001 5
-6.8769999 0.017999999 1.998 12
-7.7459998 0.089000002 2.431 7
-9.9370003 -0.412 2.3889999 4
-9.0819998 -0.278 2.405 5
-8.375 -0.16500001 2.4300001 6
-6.4219999 -0.064000003 2.01 4
-9.9250002 -0.65100002 2.3900001 5
-9.0950003 -0.48800001 2.4100001 6
-8.3900003 -0.352 2.4319999 6
-7.7729998 -0.24699999 2.428 9
-9.9239998 -0.889 2.3970001 5
-9.1479998 -0.70499998 2.4260001 3
-8.4350004 -0.54299998 2.4449999 8
-7.803 -0.41600001 2.434 7
-9.927 -1.128 2.4070001 7
-9.0970001 -0.91500002 2.4159999 5
-8.3950005 -0.73100001 2.4319999 7
-7.8239999 -0.58899999 2.437 8
-9.9449997 -1.373 2.421 2
-9.1000004 -1.128 2.4219999 6
-8.4300003 -0.92299998 2.444 7
-7.8179998 -0.759 2.4330001 6
-9.7930002 -1.592 2.395 5
-9.0860004 -1.339 2.425 4
-8.4239998 -1.115 2.444 3
-7.8260002 -0.93099999 2.434 6
-9.085 -1.697 2.2349999 5
-9.0699997 -1.551 2.4300001 6
-8.3970003 -1.301 2.441 7
-7.8660002 -1.108 2.447 3
-9.7279997 -2.059 2.4070001 3
-8.25 -1.607 2.2190001 12
-8.3970003 -1.495 2.4449999 6
-7.8299999 -1.277 2.4360001 3
-9.6269999 -2.2780001 2.398 5
-9.0170002 -1.975 2.4349999 4
-8.2889996 -1.668 2.4200001 7
-7.8379998 -1.454 2.441 3
-8.9729996 -2.349 2.2520001 4
-8.9569998 -2.1789999 2.431 4
-7.8099999 -1.7539999 2.286 5
-7.8400002 -1.631 2.444 2
-8.3520002 -2.4000001 2.1129999 2
-4.2940001 -1.151 1.1720001 0
-8.3500004 -2.073 2.4519999 7
-7.6030002 -1.756 2.3740001 2
-7.7270002 -2.4200001 1.972 4
-7.777 -2.277 2.1359999 1
-8.3800001 -2.283 2.47 3
-7.9330001 -2.0150001 2.4820001 1
-7.2449999 -2.46 1.8660001 7
-7.5939999 -2.415 2.0999999 9
-7.8060002 -2.3139999 2.3110001 1
-7.895 -2.1889999 2.4760001 1
-6.7930002 -2.4849999 1.767 10
-7.1240001 -2.447 1.984 7
-7.539 -2.4189999 2.243 8
0 0 0 0
-6.3899999 -2.5120001 1.6799999 8
-6.6919999 -2.4719999 1.8789999 9
-7.0570002 -2.4400001 2.1110001 8
0 0 0 0
-6.0250001 -2.5339999 1.602 10
-6.309 -2.4979999 1.786 10
-6.6399999 -2.4630001 1.999 11
-1.762 -0.61500001 0.55800003 0
-5.7160001 -2.5639999 1.539 13
-5.98 -2.5280001 1.7079999 13
-6.2789998 -2.4920001 1.902 11
-1.753 -0.65499997 0.55699998 1
-5.4200001 -2.5869999 1.477 13
-5.678 -2.5569999 1.638 14
-5.9640002 -2.5220001 1.819 12
-1.753 -0.699 0.56 2
-5.1339998 -2.5999999 1.418 12
-5.3759999 -2.5699999 1.567 15
-5.6760001 -2.553 1.744 15
-1.749 -0.74199998 0.56199998 2
-4.882 -2.619 1.367 16
-5.1129999 -2.5899999 1.507 14
-5.3829999 -2.5669999 1.6670001 16
-1.761 -0.79299998 0.56900001 3
-4.6459999 -2.635 1.321 16
-4.8579998 -2.6029999 1.448 16
-5.1149998 -2.5810001 1.598 14
-1.748 -0.83399999 0.56800002 3
-4.4320002 -2.652 1.28 16
-4.631 -2.6199999 1.397 16
-4.8779998 -2.5999999 1.538 15
-1.763 -0.889 0.57700002 4
-4.21 -2.655 1.2359999 15
-4.4229999 -2.6389999 1.352 17
-1.775 -0.99800003 0.565 1
-1.757 -0.935 0.579 4
-4.0279999 -2.675 1.2029999 15
-4.2150002 -2.648 1.306 15
-1.7690001 -1.0470001 0.56900001 2
-1.747 -0.98000002 0.57999998 2
-3.845 -2.6849999 1.169 14
-4.0310001 -2.6630001 1.267 14
-1.772 -1.103 0.57599998 3
-4.467 -2.6359999 1.4960001 53
-1.781 -1.307 0.551 0
-1.789 -1.2410001 0.57099998 2
-1.7819999 -1.166 0.58700001 4
-4.2680001 -2.6459999 1.443 64
-3.5190001 -2.7090001 1.1109999 13
-1.7920001 -1.3049999 0.58099997 3
-1.775 -1.219 0.59200001 0
-4.086 -2.6589999 1.3940001 60
-1.817 -1.4680001 0.58499998 0
-1.781 -1.3609999 0.58700001 3
-1.808 -1.302 0.611 3
-3.904 -2.6659999 1.346 64
-1.802 -1.527 0.59299999 3
-3.3770001 -2.7049999 1.133 59
-3.5480001 -2.6789999 1.215 59
-1.809 -1.295 0.63 0
-3.0799999 -2.734 1.0369999 56
-3.2320001 -2.7119999 1.105 64
-3.4059999 -2.6949999 1.184 60
-1.752 -1.313 0.61799997 3
-2.95 -2.7449999 1.016 64
-3.0969999 -2.723 1.079 64
-3.273 -2.711 1.156 59
-3.45 -2.7079999 1.2309999 64
-1.012 -0.98699999 0.35699999 21
-2.971 -2.7349999 1.056 68
-3.1359999 -2.72 1.125 65
-3.3 -2.71 1.193 61
-1.007 -1.029 0.36399999 5
-1.027 -0.99000001 0.373 19
-3.006 -2.727 1.097 65
-3.168 -2.721 1.161 62
-1.028 -1.099 0.382 35
-0.98199999 -0.99000001 0.36399999 4
-1.035 -0.98299998 0.38499999 10
-3.0420001 -2.7320001 1.132 59
-1.033 -1.1569999 0.39399999 41
-1.033 -1.09 0.39199999 44
-1.002 -0.995 0.37900001 5
-1.048 -0.98400003 0.396 7
-1.043 -1.224 0.40900001 45
-1.039 -1.148 0.40400001 44
-1.023 -1.063 0.39500001 42
-1.015 -0.99599999 0.389 21
-1.059 -1.302 0.428 51
-1.053 -1.2180001 0.41999999 53
-1.05 -1.14 0.414 12
-1.013 -1.04 0.396 4
-1.063 -1.3710001 0.44400001 48
-1.0599999 -1.286 0.43399999 48
-1.058 -1.202 0.426 56
-1.045 -1.122 0.41499999 54
-1.0650001 -1.441 0.45899999 48
-1.066 -1.354 0.449 52
-1.0599999 -1.261 0.43700001 56
-1.049 -1.177 0.42500001 58
-1.0700001 -1.52 0.477 51
-1.069 -1.423 0.463 48
-1.062 -1.323 0.449 54
-1.05 -1.233 0.43399999 56
-1.072 -1.599 0.495 44
-1.069 -1.493 0.47799999 51
-1.069 -1.395 0.463 51
-1.056 -1.298 0.44600001 60
-1.046 -1.641 0.50099999 15
-1.072 -1.571 0.495 46
-1.069 -1.462 0.47600001 53
-1.059 -1.363 0.458 55
-1.008 -1.664 0.50199997 15
-1.0420001 -1.604 0.49700001 16
-1.074 -1.5420001 0.493 48
-1.064 -1.4349999 0.47099999 56
-0.96799999 -1.6849999 0.50300002 22
-1.007 -1.63 0.498 15
-1.0549999 -1.59 0.49900001 16
-1.067 -1.508 0.48500001 55
-0.92699999 -1.701 0.50199997 43
-0.972 -1.658 0.49900001 15
-1.0190001 -1.614 0.49700001 15
-1.066 -1.581 0.498 38
-0.884 -1.715 0.50099999 56
-0.94 -1.689 0.50199997 27
-0.98799998 -1.645 0.498 17
-1.0420001 -1.624 0.50099999 14
-0.83600003 -1.717 0.49700001 64
-0.89899999 -1.705 0.5 49
-0.96600002 -1.694 0.50400001 23
-1.012 -1.658 0.50099999 15
0 0 0 0
-0.85500002 -1.717 0.49700001 64
-0.92299998 -1.707 0.5 51
-0.986 -1.7 0.50400001 34
-0.42899999 -0.99199998 0.28200001 6
-0.80500001 -1.712 0.49000001 150
-0.87800002 -1.716 0.495 69
-0.93800002 -1.705 0.49599999 67
-0.39899999 -0.98400003 0.27700001 6
-0.44299999 -1 0.28299999 4
-0.82599998 -1.71 0.486 75
-0.89200002 -1.712 0.48899999 72
-0.389 -1.027 0.28799999 3
-0.414 -0.995 0.278 4
0 0 0 0
-0.847 -1.719 0.48300001 65
-0.41 -1.161 0.32300001 7
-0.38999999 -1.002 0.27700001 3
-0.42500001 -0.99400002 0.27500001 5
0 0 0 0
-0.41600001 -1.2690001 0.35100001 6
-0.40799999 -1.123 0.308 4
-0.39899999 -0.99299997 0.271 4
-0.43099999 -0.986 0.26800001 5
-0.43200001 -1.426 0.39199999 5
-0.41800001 -1.237 0.336 6
-0.398 -1.059 0.285 2
-0.40599999 -0.98900002 0.264 5
-0.442 -1.587 0.43399999 151
-0.426 -1.3609999 0.36700001 4
-0.41999999 -1.199 0.31900001 7
-0.391 -1.017 0.26800001 2
-0.41800001 -1.643 0.44800001 10
-0.43700001 -1.5140001 0.405 60
-0.426 -1.311 0.345 8
-0.40700001 -1.135 0.29499999 1
-0.433 -1.878 0.50999999 9
-0.43200001 -1.636 0.43399999 78
-0.43799999 -1.4630001 0.38100001 3
-0.41800001 -1.257 0.322 6
-0.43200001 -2.0869999 0.565 2
-0.42699999 -1.781 0.47 10
-0.45300001 -1.647 0.42500001 151
-0.426 -1.385 0.34999999 5
-0.528 -2.8759999 0.77499998 74
-0.43700001 -2.0239999 0.53100002 4
-0.42899999 -1.712 0.43700001 25
-0.43799999 -1.549 0.38600001 32
-0.46200001 -2.8789999 0.77399999 82
-0.55400002 -2.8770001 0.75 74
-0.44299999 -1.955 0.49399999 9
-0.44999999 -1.744 0.42899999 128
-0.39700001 -2.885 0.77399999 79
-0.48699999 -2.8789999 0.74599999 75
-0.583 -2.8740001 0.72100002 88
-0.426 -1.824 0.44400001 12
-0.33199999 -2.888 0.77399999 82
-0.421 -2.885 0.74400002 82
-0.51599997 -2.8770001 0.71600002 89
-0.60100001 -2.8670001 0.68900001 150
-0.26699999 -2.895 0.77499998 81
-0.35499999 -2.8889999 0.74199998 82
-0.449 -2.8829999 0.71100003 82
-0.53500003 -2.8800001 0.685 87
-0.20200001 -2.9000001 0.77499998 82
-0.289 -2.8889999 0.74000001 81
-0.38299999 -2.8929999 0.70899999 83
-0.46799999 -2.8829999 0.67799997 89
-0.13699999 -2.898 0.77499998 73
-0.223 -2.895 0.73799998 83
-0.31600001 -2.892 0.704 83
-0.39899999 -2.8840001 0.67199999 93
-0.072999999 -2.904 0.77700001 80
-0.15800001 -2.8989999 0.73699999 78
-0.249 -2.8929999 0.69999999 76
-0.333 -2.895 0.66799998 86
-0.0070000002 -2.9130001 0.77899998 73
-0.092 -2.902 0.736 80
-0.183 -2.898 0.69700003 76
-0.266 -2.9000001 0.66299999 94
0.056000002 -2.9119999 0.77999997 73
-0.027000001 -2.9100001 0.73699999 76
-0.116 -2.9000001 0.69400001 78
-0.198 -2.8989999 0.65700001 91
0.122 -2.9189999 0.78299999 70
0.037999999 -2.914 0.73699999 78
-0.050000001 -2.9030001 0.69099998 77
-0.131 -2.904 0.653 95
0.18700001 -2.918 0.78399998 66
0.104 -2.911 0.73500001 77
0.015 -2.9119999 0.69 81
-0.063000001 -2.911 0.64999998 84
0.25099999 -2.9159999 0.78500003 71
0.17 -2.9170001 0.736 76
0.082000002 -2.9170001 0.68900001 87
0.003 -2.9089999 0.64499998 96
0.31799999 -2.924 0.78899997 64
0.235 -2.9159999 0.736 75
0.149 -2.9200001 0.68699998 81
0.071000002 -2.9170001 0.64300001 92
0.384 -2.9289999 0.79299998 72
0.303 -2.9289999 0.74000001 69
0.21699999 -2.927 0.68699998 78
0.139 -2.918 0.639 87
0.45100001 -2.9300001 0.796 65
0.37 -2.9300001 0.741 75
0.28600001 -2.9319999 0.68699998 78
0.208 -2.9230001 0.63700002 82
0.51800001 -2.9330001 0.801 69
0.43799999 -2.934 0.74299997 73
0.354 -2.9349999 0.68699998 72
0.27700001 -2.928 0.63499999 81
0.58600003 -2.941 0.80599999 71
0.50700003 -2.9360001 0.74400002 71
0.42199999 -2.9349999 0.68599999 76
0.347 -2.9319999 0.63300002 80
0.65499997 -2.9430001 0.81099999 75
0.57800001 -2.95 0.75 77
0.493 -2.941 0.68699998 81
0.41600001 -2.934 0.63200003 77
0.72500002 -2.951 0.81800002 78
0.64700001 -2.948 0.75099999 73
0.56300002 -2.944 0.68699998 77
0.48800001 -2.937 0.63 82
0.79500002 -2.9519999 0.82300001 72
0.71799999 -2.954 0.755 76
0.634 -2.9489999 0.68900001 72
0.56099999 -2.948 0.63099998 83
0.86699998 -2.957 0.829 73
0.78899997 -2.9530001 0.75800002 71
0.70899999 -2.96 0.69199997 80
0.63300002 -2.9489999 0.63 84
0.48800001 -1.54 0.43399999 1
0.86299998 -2.9630001 0.764 73
0.78200001 -2.9619999 0.69300002 78
0.70700002 -2.9549999 0.63 86
0.52499998 -1.5369999 0.43700001 0
0.491 -1.556 0.403 1
0.85500002 -2.961 0.69400001 83
0.78299999 -2.96 0.63099998 93
0 0 0 0
0.52899998 -1.551 0.403 1
0.48899999 -1.557 0.366 1
0.85600001 -2.9549999 0.63 85
0 0 0 0
0 0 0 0
0.52700001 -1.552 0.366 1
0.49000001 -1.553 0.331 1
0.80400002 -1.929 0.56099999 6
0.79000002 -2.017 0.53100002 3
0 0 0 0
0.52899998 -1.5470001 0.33000001 1
0.85900003 -1.9400001 0.56999999 7
0.80800003 -1.931 0.51200002 4
0.792 -2.0190001 0.47999999 3
0 0 0 0
0.912 -1.944 0.57599998 6
0.85699999 -1.925 0.51499999 6
0.81199998 -1.938 0.463 5
0 0 0 0
0.97000003 -1.955 0.58499998 4
0.912 -1.931 0.51999998 5
0.86699998 -1.943 0.46700001 5
0.81599998 -1.928 0.414 6
1.015 -1.937 0.58600003 2
0.96899998 -1.937 0.52600002 5
0.92500001 -1.949 0.47099999 6
0.87099999 -1.929 0.41600001 6
0.92799997 -1.682 0.514 0
1.0319999 -1.9529999 0.53600001 5
0.98100001 -1.952 0.47499999 5
0.93199998 -1.9400001 0.421 6
1.744 -3.003 0.92900002 70
0.92400002 -1.658 0.45899999 97
1.04 -1.954 0.479 5
0.97899997 -1.9220001 0.419 3
1.836 -3.007 0.94199997 26
1.771 -3.0150001 0.84399998 81
1.018 -1.811 0.44800001 11
1.021 -1.8890001 0.414 8
1.007 -1.572 0.498 1
1.869 -3.0220001 0.85500002 29
1.7869999 -3.0120001 0.75199997 72
1.722 -3.013 0.66500002 64
0 0 0 0
1.012 -1.558 0.44600001 2
1.888 -3.0179999 0.76099998 7
1.818 -3.0120001 0.67000002 39
2.1329999 -3.0280001 0.986 3
0 0 0 0
1.031 -1.567 0.39899999 0
1.005 -1.5779999 0.354 1
2.2490001 -3.05 1.008 25
2.1760001 -3.039 0.89200002 3
2.128 -3.0769999 0.79299998 0
0 0 0 0
2.358 -3.056 1.025 23
2.2850001 -3.046 0.90700001 25
2.221 -3.0569999 0.79699999 25
2.1500001 -3.046 0.69700003 2
2.4760001 -3.0699999 1.045 19
2.404 -3.0580001 0.92299998 23
2.3399999 -3.0680001 0.81 22
2.2539999 -3.0369999 0.70300001 23
2.5969999 -3.079 1.066 18
2.5220001 -3.0639999 0.94 21
2.4590001 -3.073 0.82300001 21
2.391 -3.0650001 0.71799999 23
2.723 -3.0899999 1.0880001 18
2.641 -3.0639999 0.95499998 20
2.586 -3.0810001 0.83700001 19
2.5190001 -3.075 0.73000002 21
2.848 -3.0929999 1.108 12
2.779 -3.082 0.977 18
2.7190001 -3.0910001 0.85299999 19
2.654 -3.085 0.74299997 20
2.9879999 -3.1059999 1.1339999 13
2.927 -3.102 1 18
2.8559999 -3.098 0.86900002 18
2.796 -3.0969999 0.75700003 20
3.135 -3.1210001 1.1619999 14
3.0680001 -3.108 1.021 18
3.006 -3.112 0.889 18
2.944 -3.108 0.77200001 18
3.28 -3.1259999 1.187 14
3.224 -3.1229999 1.0470001 17
3.165 -3.128 0.91000003 19
3.1099999 -3.1300001 0.79100001 17
3.448 -3.1459999 1.22 14
3.3840001 -3.1340001 1.072 14
3.3299999 -3.141 0.93300003 17
3.2679999 -3.1340001 0.80699998 14
3.619 -3.1600001 1.253 14
3.556 -3.1470001 1.1 14
3.5090001 -3.1570001 0.95700002 14
3.4489999 -3.152 0.829 14
3.793 -3.1689999 1.286 14
3.7509999 -3.1700001 1.1339999 14
3.6949999 -3.1719999 0.98299998 14
3.6340001 -3.1630001 0.84899998 15
3.9460001 -3.155 1.311 18
3.934 -3.177 1.164 23
3.8959999 -3.191 1.013 15
3.8499999 -3.1919999 0.87699997 15
3.957 -3.0250001 1.289 17
3.9489999 -3.0450001 1.1440001 22
3.9530001 -3.085 1.0039999 23
3.954 -3.1199999 0.87800002 22
3.97 -2.901 1.2690001 16
3.96 -2.9130001 1.124 22
3.9579999 -2.944 0.98299998 23
3.9560001 -2.97 0.85799998 17
3.9790001 -2.777 1.249 16
3.964 -2.7809999 1.103 21
3.9679999 -2.809 0.96499997 22
3.974 -2.8369999 0.84299999 16
3.9820001 -2.652 1.228 16
3.9809999 -2.661 1.087 22
3.9860001 -2.684 0.94999999 21
3.993 -2.707 0.82800001 21
3.9920001 -2.5339999 1.21 20
3.9890001 -2.5380001 1.0700001 23
3.9990001 -2.5580001 0.93400002 21
3.9960001 -2.5710001 0.81199998 21
3.9990001 -2.4189999 1.192 20
3.9990001 -2.4189999 1.053 22
4.0040002 -2.4319999 0.91799998 21
4.013 -2.4460001 0.79900002 22
4.0149999 -2.3110001 1.178 20
4.006 -2.3010001 1.038 21
4.0159998 -2.312 0.90399998 21
4.02 -2.319 0.78500003 22
4.0110002 -2.194 1.158 20
4.0120001 -2.1860001 1.022 22
2.6159999 -1.426 0.579 5
2.6170001 -1.427 0.50199997 22
4.0209999 -2.0880001 1.1440001 20
4.013 -2.0710001 1.007 22
4.0250001 -2.073 0.87599999 23
4.0229998 -2.0680001 0.75800002 25
4.0300002 -1.982 1.13 21
4.0139999 -1.957 0.99199998 23
4.0380001 -1.962 0.866 28
4.0279999 -1.95 0.74699998 25
4.0320001 -1.875 1.114 22
4.0190001 -1.849 0.97899997 27
4.0430002 -1.848 0.85299999 28
4.0250001 -1.829 0.73400003 27
4.0339999 -1.771 1.1 28
4.026 -1.743 0.96700001 32
4.0440001 -1.735 0.84100002 28
4.0310001 -1.715 0.72500002 28
4.0370002 -1.668 1.086 32
4.0339999 -1.6390001 0.95599997 34
4.0479999 -1.625 0.82999998 35
4.04 -1.605 0.71600002 30
4.046 -1.5700001 1.075 34
4.0469999 -1.539 0.94700003 35
4.0609999 -1.521 0.82200003 34
4.046 -1.495 0.70700002 32
0 0 0 0
0 0 0 0
4.059 -1.4119999 0.81099999 33
4.0510001 -1.386 0.69999999 34
0.926 -0.31299999 0.23999999 6
0.93000001 -0.30599999 0.212 2
0 0 0 0
4.0630002 -1.281 0.69300002 24
0 0 0 0
0.92000002 -0.28 0.207 3
0.91799998 -0.27200001 0.17900001 3
4.0890002 -1.181 0.69 9
4.0710001 -1.184 1.0319999 2
0 0 0 0
0.186 -0.050000001 0.035999998 0
0 0 0 0
0 0 0 0
0.17900001 -0.045000002 0.039000001 0
0.185 -0.045000002 0.035 0
0.18799999 -0.044 0.030999999 1
0.176 -0.043000001 0.043000001 0
0 0 0 0
0 0 0 0
0 0 0 0
0 0 0 0
0.17299999 -0.035999998 0.037 0
0.18700001 -0.035999998 0.035 0
0.18700001 -0.034000002 0.029999999 1
0.169 -0.033 0.041000001 0
0 0 0 0
0 0 0 0
0 0 0 0
0 0 0 0
0 0 0 0
0.972 -0.14399999 0.18000001 0
0.875 -0.119 0.14 0
0 0 0 0
0 0 0 0
0.81400001 -0.101 0.149 0
0.81300002 -0.090999998 0.12899999 0
0 0 0 0
0.81099999 -0.093000002 0.17 0
0 0 0 0
0 0 0 0
0 0 0 0
0 0 0 0
0 0 0 0
1.27 -0.079999998 0.20100001 6
0 0 0 0
0 0 0 0
0 0 0 0
1.2640001 -0.048999999 0.199 10
0.889 -0.057 0.206 0
0 0 0 0
1.0700001 -0.030999999 0.192 4
1.239 -0.017999999 0.19400001 10
0.88800001 -0.037999999 0.205 9
0.94199997 -0.022 0.193 4
1.094 -0.0060000001 0.19599999 3
1.268 0.012 0.199 8
0.89700001 -0.017999999 0.205 9
0.94199997 0 0.192 2
1.11 0.018999999 0.198 0
1.295 0.043000001 0.20299999 3
0.90399998 0 0.206 9
0.93699998 0.02 0.19 2
1.132 0.046 0.20200001 2
0 0 0 0
0.91000003 0.02 0.206 10
0.935 0.041000001 0.189 2
1.0829999 0.068999998 0.193 2
0.93300003 0.075999998 0.146 0
0.91600001 0.041000001 0.206 12
0.93099999 0.061999999 0.18799999 4
2.056 0.18099999 0.366 2
2.0050001 0.213 0.31400001 0
0.91799998 0.061000001 0.206 10
0.92699999 0.082999997 0.186 3
1.997 0.223 0.35499999 2
0 0 0 0
0.90899998 0.079999998 0.20299999 7
0 0 0 0
0 0 0 0
0.149 0.023 0.023 0
0 0 0 0
0 0 0 0
0.163 0.026000001 0.028999999 0
0 0 0 0
0 0 0 0
0 0 0 0
0 0 0 0
0 0 0 0
0.152 0.023 0.033 0
0 0 0 0
0 0 0 0
2.9430001 0.67900002 0.46799999 3
0 0 0 0
0 0 0 0
2.941 0.685 0.52600002 4
2.951 0.75700003 0.472 3
0 0 0 0
0 0 0 0
2.95 0.76099998 0.52899998 3
2.948 0.833 0.47400001 1
0 0 0 0
2.9330001 0.74699998 0.58700001 3
2.95 0.83499998 0.53100002 3
1.51 0.46599999 0.244 13
0.88800001 0.22 0.19400001 6
2.954 0.82499999 0.59100002 3
2.1730001 0.671 0.39300001 10
1.516 0.50800002 0.24699999 7
0.89099997 0.242 0.19400001 6
2.175 0.66100001 0.43599999 2
1.517 0.50700003 0.27500001 2
2.973 1.077 0.48899999 0
0.88700002 0.26199999 0.19400001 7
1.521 0.5 0.30599999 0
2.977 1.074 0.54400003 0
0 0 0 0
0.89399999 0.28600001 0.19499999 7
2.9679999 1.051 0.59899998 0
2.9649999 1.149 0.54500002 1
1.627 0.68000001 0.27200001 80
0.884 0.30399999 0.193 10
2.967 1.128 0.60100001 0
1.627 0.67500001 0.301 77
1.63 0.727 0.27599999 80
0.89099997 0.329 0.19400001 13
1.622 0.65899998 0.329 58
1.631 0.722 0.30399999 79
4.3080001 2.049 0.73799998 15
0.89399999 0.35299999 0.19499999 17
1.633 0.70899999 0.333 82
4.3189998 2.036 0.81199998 1
4.3119998 2.1800001 0.74800003 11
0.89700001 0.37799999 0.19599999 17
0 0 0 0
4.3130002 2.158 0.81900001 14
0 0 0 0
0.90899998 0.40700001 0.199 19
0.91900003 0.449 0.189 0
4.3189998 2.2880001 0.82800001 4
0 0 0 0
0.90499997 0.43000001 0.199 11
0.91600001 0.47400001 0.19 3
0 0 0 0
0 0 0 0
0.90600002 0.45500001 0.2 11
0.92299998 0.505 0.193 5
0 0 0 0
1.914 1.21 0.35100001 3
0.917 0.48699999 0.20299999 16
0.91900003 0.53100002 0.19400001 1
0 0 0 0
1.591 1.0599999 0.29699999 167
0.926 0.51899999 0.206 5
0 0 0 0
0 0 0 0
1.6059999 1.127 0.30500001 0
0 0 0 0
0.93199998 0.597 0.2 5
0.93599999 0.64700001 0.191 8
0 0 0 0
0 0 0 0
0.94099998 0.634 0.204 8
0.94300002 0.68599999 0.19499999 8
0.94999999 0.73699999 0.18700001 5
0 0 0 0
0.93699998 0.66299999 0.205 13
0.94 0.71700001 0.197 9
0.94800001 0.773 0.191 9
0.92699999 0.63499999 0.211 5
0.93800002 0.69700003 0.208 8
0.94599998 0.75700003 0.20200001 9
0 0 0 0
0.90200001 0.648 0.207 6
0.94300002 0.73400003 0.211 5
0.95300001 0.801 0.207 5
0.95700002 0.85799998 0.20100001 10
0.89399999 0.67400002 0.207 8
0.90700001 0.74000001 0.206 6
0 0 0 0
0.96399999 0.90799999 0.208 7
0.89700001 0.708 0.20999999 9
0.89300001 0.764 0.206 2
0.91000003 0.84100002 0.205 8
0.92500001 0.91399997 0.204 7
0.90100002 0.745 0.213 9
0.92000002 0.82499999 0.215 1
0.91500002 0.88499999 0.211 9
0.92199999 0.954 0.20900001 10
0.88999999 0.77100003 0.212 0
0.90700001 0.852 0.21600001 8
0.91900003 0.93199998 0.21600001 9
0.921 1 0.215 10
0.917 0.83099997 0.221 3
0.92000002 0.90499997 0.223 8
0.92299998 0.98100001 0.222 9
0.93599999 1.067 0.22499999 9
0.912 0.866 0.223 10
0.92199999 0.94999999 0.227 8
0.92299998 1.029 0.228 9
0.93900001 1.123 0.23199999 7
0.92000002 0.91399997 0.228 10
0.92000002 0.99199998 0.23100001 8
0.93199998 1.089 0.236 9
0 0 0 0
0.91900003 0.95599997 0.23100001 11
0.93400002 1.0549999 0.23899999 8
0.94400001 1.1569999 0.24600001 1
0.96700001 1.275 0.255 8
0.92199999 1.003 0.235 9
0.93800002 1.11 0.24600001 8
0.963 1.238 0.25799999 23
0.972 1.345 0.26499999 39
0.93199998 1.062 0.242 10
0.92799997 1.151 0.249 3
0.96600002 1.304 0.266 41
0.98000002 1.426 0.27700001 41
0.94 1.122 0.248 9
0.963 1.253 0.26499999 43
0.97399998 1.381 0.27700001 35
0.986 1.511 0.289 39
0.96200001 1.202 0.259 4
0.97100002 1.326 0.27399999 38
0.98100001 1.461 0.28799999 41
0.995 1.607 0.30399999 37
0.96499997 1.265 0.26499999 43
0.97100002 1.393 0.28099999 37
0.986 1.5470001 0.30000001 40
1.001 1.704 0.31900001 44
0.97399998 1.34 0.273 36
0.98500001 1.485 0.294 36
0.99299997 1.641 0.31400001 37
1.011 1.818 0.33700001 28
0.97799999 1.413 0.28099999 39
0.99000001 1.5700001 0.30399999 40
1.005 1.752 0.33000001 35
0 0 0 0
0.98900002 1.5 0.29100001 36
0.99800003 1.6670001 0.317 35
1.201 2.2130001 0.41100001 11
0 0 0 0
0.99000001 1.581 0.29899999 36
1 1.763 0.329 37
0 0 0 0
0 0 0 0
1.002 1.684 0.31200001 34
1.197 2.2290001 0.40900001 8
0 0 0 0
0 0 0 0
1.005 1.783 0.32300001 26
0 0 0 0
0 0 0 0
0.93599999 2.2739999 0.40400001 15
1.2309999 2.3080001 0.40900001 4
0 0 0 0
0 0 0 0
0.88300002 2.2980001 0.405 17
0 0 0 0
0 0 0 0
0.93300003 2.3310001 0.40799999 2
0.82300001 2.3010001 0.403 16
0 0 0 0
1 2.3640001 0.40700001 1
0.87099999 2.3329999 0.405 16
0.75999999 2.2939999 0.40000001 16
0 0 0 0
0.94300002 2.3840001 0.405 15
0.81599998 2.3510001 0.40400001 17
0.70599997 2.3110001 0.40099999 15
1.03 2.454 0.40099999 1
0.88999999 2.4119999 0.40400001 16
0.75800002 2.362 0.403 16
0.34200001 1.219 0.211 0
0.98400003 2.507 0.40099999 16
0.83399999 2.4330001 0.40200001 17
0.70499998 2.3829999 0.403 15
0.59399998 2.3239999 0.40099999 12
0.93000001 2.543 0.40000001 16
0.77700001 2.451 0.40000001 16
0.331 1.223 0.205 0
0.537 2.3269999 0.40000001 13
0.87199998 2.5680001 0.39700001 16
0.72399998 2.4849999 0.40099999 9
0.588 2.395 0.40000001 14
0.47499999 2.2980001 0.39500001 1
0.81599998 2.598 0.39500001 13
0 0 0 0
0.537 2.4230001 0.403 9
0.43000001 2.3529999 0.40400001 4
0.75400001 2.615 0.391 3
0.61299998 2.5350001 0.40000001 15
0.47400001 2.405 0.39700001 4
0 0 0 0
0.69099998 2.625 0.38699999 2
0.40599999 1.8710001 0.292 0
0 0 0 0
0.12899999 0.95700002 0.164 2
0.62699997 2.631 0.382 5
0.49000001 2.5409999 0.39399999 4
0 0 0 0
0.11 0.986 0.169 4
0.40000001 1.875 0.26800001 2
0 0 0 0
0 0 0 0
0.088 0.99900001 0.171 7
0.493 2.6070001 0.36700001 4
0 0 0 0
0.102 1.003 0.163 20
0 0 0 0
0 0 0 0
0 0 0 0
0.077 0.98199999 0.15899999 10
0.039999999 0.95700002 0.164 21
0 0 0 0
0.168 1.719 0.25799999 1
0.052000001 0.94199997 0.152 2
0.017999999 0.958 0.16500001 7
0.16599999 1.419 0.192 55
0 0 0 0
0.032000002 0.98900002 0.16 24
-0.003 0.94 0.162 2
0 0 0 0
0.048999999 0.97799999 0.145 8
0.0089999996 1.007 0.163 4
-0.023 0.88099998 0.153 2
0 0 0 0
0.027000001 0.98900002 0.146 6
-0.013 1 0.162 2
-0.043000001 0.86299998 0.15000001 2
0.528 11.579 1.522 12
0.003 0.99400002 0.146 4
-0.035999998 0.986 0.15899999 2
-0.061000001 0.83999997 0.147 2
0.255 11.598 1.51 13
-0.018999999 0.986 0.14399999 3
-0.057 0.954 0.154 1
-0.078000002 0.82099998 0.14399999 2
-0.0060000001 3.7149999 0.479 1
-0.041999999 0.99299997 0.145 2
-0.075999998 0.912 0.148 1
-0.094999999 0.80500001 0.142 4
0 0 0 0
-0.064999998 0.99199998 0.14399999 3
-0.094999999 0.89899999 0.146 1
-0.113 0.79699999 0.141 4
-0.178 3.6300001 0.461 2
-0.090000004 1.001 0.145 2
-0.114 0.88 0.14300001 1
-0.131 0.792 0.142 4
-0.15899999 2.178 0.27399999 152
-0.113 1.003 0.145 2
-0.133 0.86900002 0.142 1
-0.149 0.79000002 0.142 2
-0.35600001 3.674 0.46000001 0
-0.13500001 0.98799998 0.14300001 4
-0.153 0.866 0.142 1
-0.167 0.78399998 0.142 2
-1.099 9.0719995 1.1289999 1
-0.153 0.95300001 0.138 17
-0.17399999 0.86799997 0.14300001 2
-0.185 0.78500003 0.14300001 4
-1.326 9.1099997 1.128 1
-0.175 0.949 0.13699999 2
-0.183 0.815 0.13500001 0
-0.18799999 0.72299999 0.133 0
0 0 0 0
0 0 0 0
-0.207 0.83099997 0.138 0
-0.22400001 0.787 0.146 1
0 0 0 0
-0.23199999 0.99000001 0.14399999 0
-0.23899999 0.87199998 0.146 0
-0.245 0.79299998 0.149 0
0 0 0 0
0 0 0 0
0 0 0 0
-0.67900002 2.0280001 0.38499999 4
-1.309 5.349 0.65399998 0
0 0 0 0
-0.66900003 2.063 0.35100001 1
-0.70899999 1.969 0.377 31
0 0 0 0
-1.423 4.5910001 0.67400002 0
-0.69300002 1.9809999 0.34 42
-0.75599998 1.96 0.38 34
-2.494 8.4180002 1.026 6
-0.67699999 2.0179999 0.29699999 40
-0.736 1.9579999 0.33899999 48
-0.83399999 2.0250001 0.39700001 1
-0.66000003 2.0480001 0.249 15
-0.70999998 1.961 0.28999999 38
-0.77999997 1.9400001 0.33899999 13
-0.88300002 2.013 0.39899999 46
-0.69099998 1.9809999 0.242 38
-0.755 1.943 0.289 42
-0.87 2.0280001 0.35699999 18
-0.93099999 1.998 0.40099999 52
-0.72799999 1.936 0.236 35
0 0 0 0
-0.917 2.0079999 0.35699999 44
-0.991 2.0090001 0.40900001 38
-0.78200001 1.936 0.237 31
-0.89899999 2.027 0.30599999 9
-0.96899998 1.999 0.36000001 42
-4.9039998 9.3959999 1.939 32
-0.88499999 2.0480001 0.252 3
-0.94700003 2.006 0.30500001 42
-1.5470001 3.0150001 0.54900002 5
-5.1859999 9.4160004 1.971 48
-0.93099999 2.0209999 0.249 41
-1.5039999 3.0009999 0.461 3
-1.505 2.773 0.51099998 0
-4.5929999 7.9169998 1.682 1
-0.991 2.0190001 0.25 4
0 0 0 0
-5.3969998 9.4250002 1.76 10
-5.7909999 9.4860001 2.046 38
0 0 0 0
0 0 0 0
-5.6929998 9.4350004 1.786 22
-1.54 2.3989999 0.52499998 0
0 0 0 0
0 0 0 0
-6.0040002 9.4560003 1.8150001 25
-1.536 2.28 0.50700003 0
0 0 0 0
0 0 0 0
-6.3369999 9.4899998 1.849 21
-6.7399998 9.5319996 2.1589999 10
0 0 0 0
0 0 0 0
-6.6750002 9.5190001 1.8839999 17
0 0 0 0
0 0 0 0
0 0 0 0
0 0 0 0
-7.3909998 9.5240002 2.237 6
0 0 0 0
0 0 0 0
0 0 0 0
-7.4980001 9.2270002 2.2090001 3
0 0 0 0
0 0 0 0
-7.7839999 9.625 2.0050001 4
-7.717 9.0769997 2.2160001 3
0 0 0 0
0 0 0 0
-8.1859999 9.6639996 2.052 6
-7.9159999 8.9040003 2.2190001 3
0 0 0 0
-8.1590004 9.6960001 1.699 2
-8.6009998 9.6929998 2.098 14
-8.1440001 8.7609997 2.2309999 4
0 0 0 0
-1.582 1.7920001 0.31900001 0
-9.0120001 9.7019997 2.1429999 16
-8.3649998 8.6049995 2.24 4
0 0 0 0
-8.9790001 9.7049999 1.766 7
-9.4460001 9.7130003 2.1919999 9
-8.5740004 8.4370003 2.247 4
0 0 0 0
-9.4399996 9.7360001 1.808 10
-9.8529997 9.6820002 2.2349999 5
-8.7209997 8.2069998 2.2379999 4
0 0 0 0
-9.9169998 9.7559996 1.85 6
-9.9209995 9.316 2.201 2
-9.0109997 8.1129999 2.2679999 1
0 0 0 0
-10.438 9.7980003 1.901 6
0 0 0 0
-8.9849997 7.737 2.22 2
0 0 0 0
-11.012 9.8620005 1.96 6
-1.602 1.373 0.34099999 0
-9.2229996 7.5939999 2.2379999 4
0 0 0 0
-10.538 8.9980001 1.834 1
-1.61 1.317 0.336 0
-9.3509998 7.3559999 2.2290001 3
-11.695 9.9259996 1.5779999 5
-12.171 9.9090004 2.0739999 9
-11.127 8.6850004 2.279 1
-9.5579996 7.184 2.24 3
-12.285 9.9209995 1.618 7
-12.762 9.9029999 2.131 7
-8.1459999 6.066 1.6390001 2
-9.7930002 7.026 2.2590001 3
-12.951 9.9510002 1.67 2
-13.401 9.8999996 2.194 4
0 0 0 0
-9.9399996 6.8049998 2.2579999 6
-13.724 10.028 1.7359999 3
0 0 0 0
0 0 0 0
-10.012 6.5359998 2.2420001 3
-14.554 10.099 1.8049999 4
0 0 0 0
-11.571 7.448 2.217 2
-10.24 6.368 2.2609999 3
-15.386 10.134 1.873 7
0 0 0 0
-11.878 7.2709999 2.243 2
-10.29 6.0869999 2.24 2
-16.34 10.205 1.956 4
0 0 0 0
-12.075 7.0180001 2.247 4
-1.645 0.92500001 0.35299999 0
-17.309999 10.231 2.0369999 5
0 0 0 0
-12.142 6.6939998 2.2290001 2
-1.643 0.87599999 0.34799999 1
0 0 0 0
0 0 0 0
-12.336 6.4419999 2.2360001 2
-1.637 0.82800001 0.34299999 1
0 0 0 0
-14.635 7.473 2.148 3
-12.503 6.1700001 2.237 2
-1.649 0.78899997 0.34099999 2
0 0 0 0
-15.109 7.2750001 2.1900001 3
-12.845 5.9809999 2.2709999 2
-1.649 0.745 0.338 1
0 0 0 0
0 0 0 0
-12.908 5.6599998 2.2579999 3
-1.654 0.70300001 0.33500001 0
0 0 0 0
0 0 0 0
-13.278 5.4650002 2.2969999 2
-11.564 4.6230001 2.322 3
0 0 0 0
-15.634 6.2150002 2.191 3
0 0 0 0
-11.582 4.336 2.303 2
0 0 0 0
-15.934 5.9029999 2.211 3
0 0 0 0
-10.846 3.7920001 2.1370001 6
0 0 0 0
-15.914 5.4770002 2.1889999 3
-13.564 4.533 2.2809999 2
-11.783 3.8329999 2.3010001 4
0 0 0 0
0 0 0 0
-12.739 3.9400001 2.1240001 3
-11.947 3.5999999 2.3139999 9
0 0 0 0
0 0 0 0
-13.299 3.786 2.2 5
-11.995 3.3269999 2.3039999 4
0 0 0 0
-15.475 4.1360002 2.0799999 3
-14.081 3.665 2.312 3
-12.091 3.0710001 2.3050001 5
0 0 0 0
-15.86 3.845 2.118 1
-13.997 3.3080001 2.2820001 2
-12.143 2.803 2.299 3
0 0 0 0
0 0 0 0
-14.095 2.997 2.283 3
-12.208 2.536 2.2950001 4
0 0 0 0
0 0 0 0
-14.26 2.698 2.296 3
-12.437 2.3010001 2.322 5
-13.42 2.309 1.387 2
0 0 0 0
-14.413 2.3889999 2.3069999 4
-12.504 2.033 2.3210001 5
-13.395 1.974 1.382 2
-17.23 2.5 2.256 4
-14.413 2.0569999 2.296 3
0 0 0 0
-1.684 0.206 0.17299999 0
-12.249 1.487 1.599 3
-14.493 1.7359999 2.2980001 2
0 0 0 0
-1.671 0.164 0.17200001 1
-17.291 1.691 2.2509999 4
-14.956 1.448 2.362 3
-12.838 1.229 2.345 4
-1.701 0.125 0.175 1
0 0 0 0
-14.68 1.0880001 2.3099999 3
-12.876 0.94999999 2.3410001 3
-1.687 0.083999999 0.17399999 1
0 0 0 0
-14.765 0.75999999 2.3150001 3
-12.914 0.667 2.3369999 4
-1.686 0.043000001 0.17399999 1
-17.320999 0.47499999 2.2449999 4
-14.879 0.42699999 2.326 3
-13.089 0.38999999 2.359 5
-1.6849999 0.0020000001 0.17399999 1
-17.441 0.071999997 2.2590001 3
-15.056 0.093999997 2.349 3
-13.012 0.101 2.336 6
-1.7029999 -0.037999999 0.177 0
0 0 0 0
-15.025 -0.24600001 2.3380001 5
-13.137 -0.183 2.3510001 4
-1.702 -0.079000004 0.177 0
0 0 0 0
-15.089 -0.58700001 2.345 3
-13.151 -0.47099999 2.3469999 3
0 0 0 0
-17.774 -1.175 2.3050001 4
-15.162 -0.93199998 2.3529999 3
-13.25 -0.764 2.358 6
0 0 0 0
0 0 0 0
-14.246 -1.198 2.21 4
-13.548 -1.082 2.405 4
0 0 0 0
-16.291 -1.84 2.1229999 2
-15.126 -1.6160001 2.346 3
-13.274 -1.352 2.352 6
-13.724 -1.974 1.467 2
-7.0960002 -0.96899998 0.92699999 1
-14.851 -1.928 2.3039999 3
-11.944 -1.4809999 2.112 9
-12.621 -2.125 1.36 3
-12.986 -2.0840001 1.7029999 2
-13.326 -2.039 2.0680001 4
-13.291 -1.946 2.348 5
-11.401 -2.204 1.238 4
-11.664 -2.151 1.536 3
-11.996 -2.112 1.864 3
-12.534 -2.119 2.211 4
-10.357 -2.26 1.136 3
-10.637 -2.221 1.4069999 3
-10.947 -2.1830001 1.7029999 4
-11.423 -2.1889999 2.0139999 4
-9.5819998 -2.332 1.061 4
-9.8520002 -2.2939999 1.311 4
-10.153 -2.263 1.5829999 7
-10.452 -2.2390001 1.8430001 4
-8.8839998 -2.388 0.99400002 5
-9.1110001 -2.345 1.219 6
-9.3950005 -2.3169999 1.469 5
-9.7030001 -2.303 1.711 4
-7.7670002 -2.2880001 0.87900001 0
0 0 0 0
-4.243 -1.148 0.66500002 1
-9.0349998 -2.355 1.594 6
-7.6300001 -2.448 0.87400001 12
0 0 0 0
-7.7800002 -2.296 1.224 0
0 0 0 0
-7.1630001 -2.4890001 0.83099997 8
-7.3559999 -2.4530001 1.006 8
-7.6110001 -2.4349999 1.202 11
0 0 0 0
-6.7010002 -2.5090001 0.78799999 7
-6.915 -2.487 0.95300001 12
-7.1209998 -2.4560001 1.13 10
-7.4029999 -2.461 1.311 9
-6.3049998 -2.533 0.75199997 10
-6.5229998 -2.5179999 0.90700001 14
-6.7160001 -2.4879999 1.0700001 11
-6.9720001 -2.4890001 1.237 8
-5.9699998 -2.5650001 0.72299999 12
-6.145 -2.5350001 0.86199999 13
-6.3629999 -2.52 1.02 15
-6.573 -2.51 1.169 10
-5.632 -2.5799999 0.69199997 14
-5.8150001 -2.559 0.824 14
-6.0040002 -2.536 0.96799999 15
-6.2069998 -2.5280001 1.107 10
-5.3520002 -2.6070001 0.66900003 16
-5.5050001 -2.5769999 0.78899997 16
-5.6929998 -2.5580001 0.92400002 15
-5.9120002 -2.5599999 1.058 12
-5.0689998 -2.6210001 0.64399999 15
-5.23 -2.5969999 0.75800002 14
-5.4070001 -2.5780001 0.88300002 17
-5.6100001 -2.579 1.007 15
-4.8249998 -2.642 0.62400001 14
-4.9699998 -2.6140001 0.72899997 16
-5.151 -2.6010001 0.84799999 15
-5.3410001 -2.5999999 0.96200001 16
-4.5809999 -2.652 0.60299999 15
-4.7259998 -2.628 0.70200002 16
-4.8979998 -2.6129999 0.81199998 18
-5.0830002 -2.6140001 0.92000002 15
-4.349 -2.658 0.58399999 15
-4.506 -2.6440001 0.67799997 16
-4.671 -2.628 0.78200001 16
-4.835 -2.6210001 0.88 16
-4.1609998 -2.6789999 0.56999999 15
-4.3049998 -2.661 0.65700001 15
-4.4499998 -2.638 0.75199997 15
-4.6259999 -2.642 0.84600002 16
-3.9690001 -2.6900001 0.55500001 14
-4.1020002 -2.6689999 0.63599998 15
-4.2620001 -2.658 0.727 15
-4.4099998 -2.6489999 0.81199998 16
-3.7909999 -2.7030001 0.542 14
-3.9230001 -2.6819999 0.61799997 18
-4.0760002 -2.6719999 0.70200002 14
-4.2319999 -2.671 0.78399998 15
-3.612 -2.7049999 0.528 12
-3.753 -2.698 0.60000002 13
-3.895 -2.6830001 0.67900002 18
-4.046 -2.6830001 0.75400001 15
-3.4630001 -2.7249999 0.51800001 18
-3.5880001 -2.707 0.58399999 19
-1.8279999 -1.321 0.322 0
-3.872 -2.6919999 0.727 15
-3.309 -2.734 0.50700003 19
-3.427 -2.711 0.56699997 21
-3.5710001 -2.7049999 0.63700002 20
-1.801 -1.312 0.34099999 0
-3.171 -2.747 0.49900001 22
-3.2750001 -2.7149999 0.55299997 19
-3.4159999 -2.71 0.61799997 22
-3.5580001 -2.714 0.68000001 20
-1.0190001 -0.92500001 0.164 23
-3.1400001 -2.7279999 0.54000002 21
-3.2850001 -2.7290001 0.602 21
-3.4159999 -2.7279999 0.65899998 22
-0.98100001 -0.93300003 0.162 5
-1.022 -0.93000001 0.17900001 22
-3.152 -2.7420001 0.58600003 23
-3.2679999 -2.7309999 0.63700002 21
-0.93900001 -0.93599999 0.16 10
-0.977 -0.93099999 0.175 4
-1.022 -0.93000001 0.193 23
-3.1389999 -2.744 0.61799997 22
-0.90399998 -0.94499999 0.15800001 10
-0.95300001 -0.95200002 0.175 8
-0.98000002 -0.93400002 0.18799999 4
-1.025 -0.93699998 0.204 18
-0.86500001 -0.94800001 0.156 9
-0.91000003 -0.95099998 0.171 8
-0.95300001 -0.95099998 0.186 9
-0.98199999 -0.93800002 0.198 5
-0.82599998 -0.949 0.154 4
-0.86699998 -0.949 0.167 8
-0.91000003 -0.94999999 0.18099999 9
-0.95499998 -0.95499998 0.19499999 9
-0.79299998 -0.95499998 0.153 1
-0.829 -0.95099998 0.164 8
-0.87 -0.949 0.176 9
-0.91399997 -0.95499998 0.189 10
-0.74900001 -0.94700003 0.149 3
-0.79100001 -0.95099998 0.16 8
-0.83399999 -0.95200002 0.17200001 9
-0.87099999 -0.95200002 0.183 10
-0.72100002 -0.95599997 0.149 4
-0.75700003 -0.954 0.15800001 6
-0.79500002 -0.94999999 0.168 9
-0.83700001 -0.95700002 0.178 9
-0.68800002 -0.958 0.147 4
-0.72299999 -0.95499998 0.155 6
-0.76200002 -0.95499998 0.16500001 8
-0.79699999 -0.954 0.17299999 9
-0.65700001 -0.96200001 0.146 4
-0.685 -0.949 0.15099999 2
-0.72299999 -0.94999999 0.16 8
-0.764 -0.95599997 0.168 9
-0.61900002 -0.95300001 0.14300001 8
-0.65200001 -0.94800001 0.149 2
-0.69199997 -0.95200002 0.15700001 6
-0.72899997 -0.95599997 0.164 9
-0.59200001 -0.95899999 0.14300001 3
-0.62699997 -0.95999998 0.148 5
-0.66600001 -0.96200001 0.155 1
-0.69599998 -0.95599997 0.15899999 9
-0.56400001 -0.963 0.142 1
-0.60100001 -0.96600002 0.147 0
-0.63099998 -0.95599997 0.15099999 6
-0.66399997 -0.95599997 0.155 3
-0.53299999 -0.96100003 0.141 1
0 0 0 0
-0.60000002 -0.95700002 0.148 0
-0.63 -0.95200002 0.15099999 7
-0.50400001 -0.95999998 0.139 8
-0.537 -0.95899999 0.142 2
-0.57200003 -0.95899999 0.145 3
0 0 0 0
-0.47600001 -0.95999998 0.138 8
-0.509 -0.96100003 0.14 7
-0.54299998 -0.95999998 0.14300001 3
-0.57099998 -0.95499998 0.14399999 3
-0.44499999 -0.95300001 0.13600001 6
-0.48199999 -0.96200001 0.139 7
-0.51300001 -0.958 0.14 7
-0.54699999 -0.963 0.142 4
-0.417 -0.94999999 0.13500001 6
-0.45100001 -0.954 0.13600001 6
-0.49000001 -0.96600002 0.138 7
-0.51700002 -0.95899999 0.138 7
-0.391 -0.94700003 0.134 6
-0.41999999 -0.94400001 0.133 5
-0.45699999 -0.95300001 0.134 7
-0.48899999 -0.958 0.13500001 8
-0.38600001 -1.001 0.141 3
-0.39300001 -0.94099998 0.131 5
-0.42500001 -0.94199997 0.13 5
-0.461 -0.95599997 0.131 8
-1.023 -2.8440001 0.40000001 18
-0.38699999 -0.98900002 0.13600001 3
-0.40099999 -0.94499999 0.12899999 5
-0.42899999 -0.94400001 0.127 6
-0.91600001 -2.7409999 0.384 152
-0.92500001 -2.5350001 0.347 17
-0.38800001 -0.977 0.131 3
-0.40099999 -0.93900001 0.123 6
-0.77499998 -2.5120001 0.35100001 166
-0.81699997 -2.4100001 0.32699999 178
-0.82099998 -2.21 0.292 3
-0.384 -0.95899999 0.123 4
-0.704 -2.483 0.34599999 170
-0.73799998 -2.3529999 0.317 161
-0.70499998 -2.0409999 0.266 150
-0.37900001 -1.013 0.12800001 1
-0.54699999 -2.112 0.29300001 194
-0.64999998 -2.2509999 0.30000001 155
-0.63300002 -1.975 0.25299999 15
0 0 0 0
-0.45899999 -1.9529999 0.271 19
-0.55199999 -2.0899999 0.27700001 158
-0.58499998 -1.978 0.25099999 7
0 0 0 0
-0.51899999 -2.4619999 0.34099999 171
-0.47099999 -1.9630001 0.25799999 23
-0.53600001 -1.979 0.24699999 5
-0.59299999 -1.985 0.236 2
-0.463 -2.473 0.34200001 170
-0.51499999 -2.381 0.31099999 102
-0.48800001 -1.98 0.244 12
-0.54500002 -1.987 0.23100001 3
-0.40400001 -2.4649999 0.34099999 172
-0.45899999 -2.3889999 0.31 83
-0.51800001 -2.3280001 0.28400001 150
-0.498 -1.997 0.228 4
-0.347 -2.474 0.34200001 170
-0.403 -2.3889999 0.30899999 85
-0.479 -2.4130001 0.28999999 112
-0.48800001 -2.165 0.243 157
-0.28999999 -2.4779999 0.34299999 170
-0.34799999 -2.3970001 0.308 87
-0.42300001 -2.4189999 0.28799999 102
-0.48500001 -2.4070001 0.26499999 112
-0.233 -2.4809999 0.34400001 170
-0.29300001 -2.402 0.30700001 90
-0.366 -2.4119999 0.28400001 111
-0.43000001 -2.414 0.26100001 115
-0.178 -2.4849999 0.345 170
-0.23800001 -2.402 0.30599999 97
-0.31 -2.418 0.28200001 118
-0.373 -2.4130001 0.257 127
-0.121 -2.4890001 0.34599999 171
-0.183 -2.4070001 0.30599999 105
-0.255 -2.425 0.28 119
-0.31600001 -2.4089999 0.252 120
-0.064999998 -2.5050001 0.34900001 170
-0.12899999 -2.421 0.30599999 107
-0.199 -2.428 0.27700001 114
-0.26100001 -2.418 0.248 126
-0.0080000004 -2.5179999 0.35100001 170
-0.074000001 -2.4230001 0.30599999 99
-0.14300001 -2.4260001 0.27399999 117
-0.205 -2.4219999 0.245 127
0.048 -2.5309999 0.354 169
-0.017999999 -2.4260001 0.30500001 105
-0.086999997 -2.431 0.27200001 119
-0.149 -2.4260001 0.241 123
0.107 -2.575 0.36199999 166
0.035999998 -2.4319999 0.30599999 96
-0.030999999 -2.4389999 0.271 119
-0.093000002 -2.4300001 0.23800001 128
0.17399999 -2.71 0.382 156
0.090999998 -2.4349999 0.30599999 101
0.023 -2.4419999 0.26899999 110
-0.037 -2.4319999 0.234 125
0.221 -2.5450001 0.36000001 167
0.147 -2.4419999 0.30599999 89
0.079000004 -2.444 0.26699999 120
0.017999999 -2.438 0.23199999 116
0.28 -2.5510001 0.36199999 169
0.204 -2.447 0.30599999 91
0.13600001 -2.451 0.266 106
0.075000003 -2.444 0.229 128
0.38600001 -2.9130001 0.41600001 150
0.25999999 -2.4460001 0.30599999 100
0.193 -2.4530001 0.26499999 103
0.132 -2.4530001 0.226 118
0.454 -2.9219999 0.419 150
0.317 -2.451 0.30700001 97
0.25 -2.4560001 0.26300001 108
0.189 -2.454 0.223 111
0.458 -2.5680001 0.37099999 120
0.37400001 -2.4549999 0.308 103
0.30599999 -2.4460001 0.26100001 116
0.24600001 -2.454 0.22 112
0.53799999 -2.6630001 0.38699999 161
0.43200001 -2.4560001 0.308 95
0.366 -2.464 0.26100001 106
0.303 -2.4430001 0.21699999 130
0.66399997 -2.9460001 0.43099999 91
0.49000001 -2.461 0.30899999 84
0.42399999 -2.4679999 0.25999999 113
0.36300001 -2.46 0.215 119
0.736 -2.957 0.435 85
0.54900002 -2.46 0.31 96
0.48300001 -2.467 0.259 108
0.42300001 -2.467 0.213 112
0.80800003 -2.961 0.43900001 78
0.60900003 -2.4660001 0.31099999 74
0.54500002 -2.4790001 0.259 110
0.48300001 -2.47 0.211 121
0.88200003 -2.9679999 0.44299999 86
0.671 -2.473 0.31299999 95
0.60699999 -2.4849999 0.259 97
0.54299998 -2.4679999 0.208 118
0.49700001 -1.545 0.23199999 6
0.73100001 -2.471 0.31400001 87
0.66799998 -2.4860001 0.259 108
0.60600001 -2.4790001 0.207 97
0.53299999 -1.54 0.233 1
0.49700001 -1.552 0.198 7
0.73000002 -2.4860001 0.25799999 121
0.66900003 -2.4820001 0.205 117
0 0 0 0
0.53500003 -1.546 0.198 1
0.495 -1.552 0.161 7
0.73199999 -2.483 0.20299999 119
0 0 0 0
0 0 0 0
0.53399998 -1.549 0.16 1
0.49700001 -1.553 0.125 8
0.81999999 -1.937 0.30199999 8
0.79799998 -2.007 0.25999999 0
0 0 0 0
0.53600001 -1.548 0.124 1
0.87 -1.934 0.30399999 7
0.81900001 -1.932 0.25099999 7
0 0 0 0
0 0 0 0
0.93099999 -1.954 0.31099999 6
0.87199998 -1.932 0.25299999 7
0.824 -1.943 0.20100001 7
0 0 0 0
0.986 -1.955 0.31400001 6
0.92400002 -1.9299999 0.25400001 6
0.87900001 -1.946 0.20100001 6
0.824 -1.929 0.15099999 7
0.89499998 -1.681 0.273 59
0.97799999 -1.929 0.25600001 6
0.93599999 -1.95 0.20200001 6
0.884 -1.9400001 0.15000001 6
1.099 -1.9579999 0.322 5
1.0420001 -1.944 0.25999999 5
0.86799997 -1.707 0.177 92
0.94499999 -1.95 0.15000001 5
1.783 -3.017 0.50199997 77
1.614 -2.8540001 0.38499999 25
1.045 -1.942 0.20200001 2
0.89600003 -1.743 0.133 56
1.872 -3.013 0.50800002 24
1.757 -2.948 0.40200001 119
1.4450001 -2.54 0.26499999 98
1.0599999 -1.948 0.148 3
1.022 -1.567 0.26800001 7
1.5779999 -2.517 0.34599999 23
1.526 -2.5439999 0.266 70
1.462 -2.5420001 0.193 61
0 0 0 0
1.0319999 -1.566 0.21799999 2
1.012 -1.603 0.168 0
1.5470001 -2.5469999 0.192 48
2.1860001 -3.0480001 0.53600001 3
0 0 0 0
0 0 0 0
1.012 -1.581 0.119 8
2.2950001 -3.0539999 0.54500002 24
0 0 0 0
1.7970001 -2.573 0.27399999 3
0 0 0 0
2.4119999 -3.066 0.55500001 24
2.326 -3.0550001 0.43900001 32
1.8839999 -2.566 0.27500001 150
1.819 -2.5650001 0.192 13
2.5350001 -3.079 0.56699997 20
2.4460001 -3.0669999 0.447 25
2.3670001 -3.072 0.33199999 24
2.2780001 -3.0539999 0.228 26
2.6659999 -3.0969999 0.57999998 19
2.569 -3.0739999 0.454 21
2.4879999 -3.0810001 0.336 24
2.401 -3.0650001 0.229 25
2.79 -3.1010001 0.58999997 19
2.6930001 -3.0780001 0.461 21
2.619 -3.0929999 0.34 22
2.527 -3.072 0.23 24
2.303 -2.4489999 0.47499999 13
2.2739999 -2.483 0.37799999 9
2.757 -3.105 0.345 22
2.6659999 -3.089 0.23199999 22
2.345 -2.385 0.47099999 19
2.312 -2.414 0.373 23
2.2880001 -2.4590001 0.27599999 21
2.8139999 -3.1070001 0.233 23
3.224 -3.1370001 0.63200003 15
2.3640001 -2.3559999 0.37 25
2.3329999 -2.3929999 0.27200001 22
2.299 -2.4189999 0.182 21
3.3729999 -3.141 0.64600003 14
2.825 -2.6919999 0.43099999 10
2.4260001 -2.375 0.273 15
2.3599999 -2.368 0.17900001 22
3.546 -3.158 0.66299999 14
2.9219999 -2.6600001 0.43399999 15
2.829 -2.6429999 0.30899999 19
2.4159999 -2.3099999 0.176 23
3.727 -3.175 0.68199998 14
1.967 -1.711 0.28400001 141
1.949 -1.739 0.206 150
2.4679999 -2.25 0.17299999 23
3.918 -3.194 0.70200002 16
2.0220001 -1.6799999 0.285 150
2.9549999 -2.5139999 0.303 15
2.05 -1.781 0.138 192
3.9679999 -3.0910001 0.69499999 17
2.059 -1.6339999 0.28400001 150
3.0139999 -2.4449999 0.30000001 18
2.566 -2.125 0.16599999 22
3.9690001 -2.954 0.68199998 23
2.0999999 -1.589 0.28200001 151
3.0769999 -2.378 0.29699999 15
2.618 -2.062 0.163 21
3.9849999 -2.8299999 0.67000002 23
2.1440001 -1.5470001 0.28099999 150
3.1340001 -2.3069999 0.294 18
2.6689999 -2 0.16 22
3.9949999 -2.707 0.65899998 25
2.1849999 -1.503 0.28099999 150
3.1960001 -2.24 0.29300001 15
2.727 -1.943 0.15800001 22
4.0009999 -2.5840001 0.64700001 23
2.223 -1.456 0.28 150
3.253 -2.1670001 0.28999999 16
2.7780001 -1.882 0.155 23
4.0040002 -2.464 0.63700002 26
2.2650001 -1.4119999 0.27900001 150
3.3069999 -2.095 0.28799999 15
2.826 -1.817 0.153 23
4.013 -2.3510001 0.62699997 22
2.2969999 -1.36 0.27700001 102
3.1589999 -1.899 0.26800001 11
2.0250001 -1.234 0.106 17
2.5910001 -1.442 0.398 0
2.3310001 -1.3099999 0.27599999 76
3.3989999 -1.936 0.28200001 10
1.876 -1.082 0.094999999 16
2.6129999 -1.3789999 0.39399999 17
2.3729999 -1.263 0.27500001 66
1.858 -1.001 0.15000001 4
1.8200001 -0.99199998 0.089000002 19
4.0349998 -2.0179999 0.59799999 23
2.4059999 -1.211 0.27399999 51
1.859 -0.94599998 0.147 12
1.85 -0.95099998 0.088 18
4.0370002 -1.909 0.58899999 26
2.4330001 -1.156 0.27200001 41
1.897 -0.91000003 0.146 14
1.885 -0.91299999 0.086999997 17
4.0419998 -1.804 0.58099997 28
2.4879999 -1.114 0.273 21
1.933 -0.87300003 0.146 13
1.925 -0.87599999 0.086999997 21
4.0479999 -1.702 0.57300001 20
2.6270001 -1.1059999 0.28400001 20
1.974 -0.83700001 0.147 16
1.961 -0.83600003 0.086000003 16
3.3599999 -1.327 0.46799999 12
2.562 -1.011 0.27200001 15
2.0079999 -0.79500002 0.146 13
2.006 -0.79799998 0.086000003 19
3.3310001 -1.2309999 0.45699999 18
2.592 -0.954 0.271 14
2.0469999 -0.755 0.146 15
2.039 -0.75400001 0.085000001 14
0 0 0 0
0 0 0 0
2.0799999 -0.71200001 0.145 2
2.085 -0.71399999 0.085000001 15
4.0760002 -1.3049999 0.54299998 32
4.073 -1.293 0.41299999 4
2.1329999 -0.67500001 0.147 10
2.1359999 -0.67400002 0.085000001 16
4.0840001 -1.21 0.537 34
4.0869999 -1.196 0.40799999 32
4.1009998 -1.193 0.278 18
4.0929999 -1.1849999 0.15899999 10
0 0 0 0
0 0 0 0
0 0 0 0
0 0 0 0
0.184 -0.046 0.023 1
0.19599999 -0.046999998 0.018999999 1
0.20200001 -0.048 0.013 1
0.20200001 -0.048 0.0070000002 2
0 0 0 0
0 0 0 0
0 0 0 0
0 0 0 0
0.189 -0.037999999 0.023 1
0.197 -0.037999999 0.017999999 1
0.199 -0.037999999 0.012 1
0.20299999 -0.037999999 0.0070000002 6
0 0 0 0
0 0 0 0
0 0 0 0
0 0 0 0
0 0 0 0
3.9679999 -0.59200001 0.36500001 1
3.3729999 -0.48199999 0.20900001 5
0.81599998 -0.112 0.028000001 16
0 0 0 0
0 0 0 0
0 0 0 0
0.80800003 -0.090999998 0.028000001 11
0.81400001 -0.090999998 0.096000001 1
0 0 0 0
0 0 0 0
0 0 0 0
0 0 0 0
0 0 0 0
1.8710001 -0.134 0.112 2
3.6689999 -0.235 0.124 2
1.585 -0.108 0.184 5
1.766 -0.1 0.155 2
3.4779999 -0.167 0.206 34
1.631 -0.064000003 0.054000001 26
1.587 -0.071999997 0.182 38
1.7180001 -0.059 0.149 6
3.642 -0.088 0.213 36
4.164 -0.064999998 0.138 16
1.591 -0.037 0.18099999 33
1.758 -0.02 0.15099999 56
4.1669998 -0.003 0.242 15
4.1570001 0.035 0.13600001 12
1.609 -0.0020000001 0.18099999 33
1.757 0.018999999 0.15000001 37
4.171 0.093999997 0.23999999 15
4.1690001 0.13699999 0.13600001 11
1.626 0.033 0.18099999 33
1.752 0.059 0.148 9
0 0 0 0
2.003 0.114 0.064999998 5
1.402 0.059 0.154 151
1.358 0.077 0.113 156
2.8989999 0.20200001 0.164 1
0 0 0 0
1.659 0.107 0.18099999 10
1.768 0.14 0.147 1
0 0 0 0
0 0 0 0
0 0 0 0
1.7869999 0.184 0.147 7
0 0 0 0
0 0 0 0
0 0 0 0
0 0 0 0
0 0 0 0
0 0 0 0
0 0 0 0
0.177 0.026000001 0.014 1
0.171 0.028000001 0.0089999996 0
0 0 0 0
0.167 0.025 0.017000001 0
0 0 0 0
0 0 0 0
2.9590001 0.60699999 0.094999999 0
0 0 0 0
0 0 0 0
0 0 0 0
2.944 0.67799997 0.094999999 4
0 0 0 0
2.937 0.64600003 0.234 5
2.9319999 0.70099998 0.161 4
2.9449999 0.75400001 0.096000001 4
2.9349999 0.65499997 0.30000001 4
2.938 0.71799999 0.23199999 4
2.947 0.77899998 0.161 3
2.9560001 0.83499998 0.097000003 3
2.9489999 0.72799999 0.29899999 3
2.944 0.792 0.23100001 4
2.9460001 0.85399997 0.161 3
1.54 0.47499999 0.050999999 156
2.9579999 0.80000001 0.29800001 3
2.9590001 0.86900002 0.23199999 4
1.507 0.47499999 0.082000002 7
1.516 0.50800002 0.050000001 9
2.9449999 0.86799997 0.294 1
1.531 0.48800001 0.119 1
2.974 1.016 0.163 0
2.9719999 1.077 0.1 0
1.619 0.51599997 0.16 1
2.9549999 1.016 0.229 1
2.9779999 1.096 0.163 0
0 0 0 0
1.659 0.56999999 0.163 6
2.9690001 1.098 0.23 3
0 0 0 0
0 0 0 0
2.9790001 1.099 0.29100001 0
1.6 0.63300002 0.123 1
0 0 0 0
3.0039999 1.342 0.106 0
1.592 0.62800002 0.154 10
2.9890001 1.265 0.23 1
2.9809999 1.344 0.16500001 0
3.276 1.5599999 0.117 9
2.9960001 1.26 0.289 0
2.9920001 1.348 0.229 4
3.0050001 1.441 0.167 32
3.243 1.642 0.118 10
2.9690001 1.3279999 0.28400001 1
3.0209999 1.4450001 0.23199999 52
3.0090001 1.5319999 0.168 32
0 0 0 0
1.531 0.72600001 0.145 2
3.4059999 1.727 0.26100001 55
1.442 0.77700001 0.081 1
0.87400001 0.49700001 0.033 7
3.427 1.72 0.324 46
1.02 0.54699999 0.078000002 0
0 0 0 0
0.92299998 0.55400002 0.035 1
1.223 0.648 0.115 0
0 0 0 0
0.91399997 0.55000001 0.052000001 0
0 0 0 0
0 0 0 0
0 0 0 0
3.027 1.919 0.175 1
2.99 1.999 0.121 5
0 0 0 0
0 0 0 0
3.4949999 2.3340001 0.204 70
1.586 1.1160001 0.066 4
0 0 0 0
3.539 2.3410001 0.27200001 44
1.596 1.1210001 0.093999997 5
0 0 0 0
1.7640001 1.149 0.162 12
1.599 1.1109999 0.123 2
3.5239999 2.6010001 0.211 11
2.9909999 2.329 0.131 3
1.806 1.2359999 0.16500001 13
1.5829999 1.154 0.122 1
3.549 2.75 0.21600001 1
1.214 0.99299997 0.055 1
1.597 1.146 0.146 0
0 0 0 0
3.5250001 2.8670001 0.21799999 7
3.0139999 2.5880001 0.14 45
1.762 1.326 0.16 3
0 0 0 0
3.5320001 3.013 0.221 52
3.0190001 2.721 0.145 34
0 0 0 0
1.858 1.563 0.145 62
3.5350001 3.164 0.22499999 54
3.036 2.8710001 0.15099999 31
1.839 1.5190001 0.16599999 2
3.553 3.132 0.28 52
3.6159999 3.3940001 0.235 68
1.954 1.938 0.101 11
1.811 1.566 0.163 4
3.628 3.349 0.28799999 67
1.975 1.943 0.131 3
3.135 3.2639999 0.168 21
3.6489999 3.303 0.329 7
3.6329999 3.513 0.29100001 71
3.6440001 3.757 0.24600001 17
3.1329999 3.4219999 0.17399999 14
3.6500001 3.457 0.32800001 53
1.947 1.972 0.15700001 7
1.8710001 2.0220001 0.12899999 0
1.003 1.15 0.057999998 7
1.979 1.961 0.178 16
1.829 1.9400001 0.149 4
1.909 2.1630001 0.13500001 3
0.991 1.192 0.059 2
1.924 1.9960001 0.17299999 37
1.8329999 2.036 0.15099999 3
0.98199999 1.1670001 0.071000002 10
3.9089999 4.9349999 0.24600001 1
1.823 1.979 0.163 31
0.99400002 1.158 0.082999997 6
0.93599999 1.1670001 0.068999998 2
3.9590001 5.2529998 0.25999999 10
1.007 1.1440001 0.090000004 0
0.94400001 1.152 0.079000004 2
3.9349999 5.1490002 0.30199999 2
3.0699999 4.2820001 0.211 70
0.98299998 1.17 0.088 7
1.83 2.3410001 0.15700001 0
1.801 2.4749999 0.142 0
2.925 4.2909999 0.211 57
0 0 0 0
0 0 0 0
2.983 4.3099999 0.244 52
2.8 4.3249998 0.212 93
1.691 2.21 0.153 3
1.6670001 2.349 0.148 30
2.8440001 4.322 0.23999999 81
1.66 2.704 0.132 0
1.693 2.3199999 0.153 55
2.9119999 4.3119998 0.26300001 81
1.6799999 2.6889999 0.147 0
1.049 1.803 0.088 14
1.6339999 2.3510001 0.148 4
2.7809999 4.3309999 0.257 82
1.0599999 1.79 0.096000001 9
1.5420001 2.802 0.13699999 4
2.8610001 4.3249998 0.26199999 89
1.6339999 2.6800001 0.154 88
1.02 1.817 0.096000001 0
0 0 0 0
1.678 2.6670001 0.154 4
1.045 1.807 0.101 9
1.46 2.7509999 0.14399999 28
0 0 0 0
1.0700001 1.7920001 0.098999999 9
1.495 2.7279999 0.148 33
0 0 0 0
0 0 0 0
1.026 1.811 0.096000001 0
0 0 0 0
0 0 0 0
0 0 0 0
1.482 2.7609999 0.14 22
0 0 0 0
0 0 0 0
1.079 2.6659999 0.132 3
0 0 0 0
0 0 0 0
0 0 0 0
0.98000002 2.596 0.13 4
0 0 0 0
1.937 4.4790001 0.219 1
1.035 2.6630001 0.132 14
0.90499997 2.582 0.12899999 4
0 0 0 0
1.084 2.6760001 0.127 5
0.94099998 2.6010001 0.12800001 5
0.84100002 2.5910001 0.131 3
1.886 4.4590001 0.18799999 3
1.0190001 2.694 0.125 5
0.588 1.7539999 0.086000003 0
0.78200001 2.618 0.133 5
1.072 2.7090001 0.109 11
0.94499999 2.688 0.121 4
0.82800001 2.675 0.13 11
0 0 0 0
1.642 4.4439998 0.171 13
0.88099998 2.7049999 0.12 3
0 0 0 0
0 0 0 0
1.497 4.3629999 0.16 4
0.80699998 2.688 0.116 21
0 0 0 0
0 0 0 0
1.416 4.46 0.156 41
0 0 0 0
0 0 0 0
1.638 8.243 0.433 1
0 0 0 0
0 0 0 0
0.38800001 1.853 0.088 8
1.421 8.1459999 0.43200001 14
0 0 0 0
0 0 0 0
0 0 0 0
0 0 0 0
0 0 0 0
0 0 0 0
0 0 0 0
0.229 1.811 0.097999997 3
0.40400001 1.859 0.052999999 23
0 0 0 0
0 0 0 0
0.25099999 2.4449999 0.133 4
0 0 0 0
1.173 7.6750002 0.29300001 19
0 0 0 0
0.189 2.3900001 0.132 15
1.376 8.1440001 0.211 6
0.18799999 1.462 0.054000001 2
0 0 0 0
0.134 2.4000001 0.134 14
0 0 0 0
1.212 11.51 0.42300001 6
0.76599997 11.488 0.54699999 35
0.07 2.1530001 0.121 3
0 0 0 0
0.94 11.493 0.41600001 44
0.106 2.4530001 0.117 3
0.018999999 2.115 0.121 13
0 0 0 0
0.67199999 11.512 0.40900001 38
0.048 2.4519999 0.117 4
-0.028999999 2.1070001 0.122 49
0.84799999 11.499 0.23800001 45
0.39899999 11.492 0.40099999 37
-0.0080000004 2.4389999 0.116 37
-0.078000002 2.098 0.123 56
0.579 11.511 0.22499999 38
0.041999999 3.694 0.127 5
-0.061999999 2.3499999 0.112 150
-0.125 2.0699999 0.123 5
0.30500001 11.499 0.20999999 37
-0.043000001 3.6960001 0.125 5
-0.123 2.4749999 0.119 13
-0.773 9.2130003 0.55500001 1
0.011 3.7179999 0.063000001 5
-0.322 9.1000004 0.30399999 3
-0.271 3.698 0.17900001 5
-0.958 8.941 0.54699999 2
-0.18700001 9.1820002 0.147 5
-0.219 3.72 0.122 0
-0.88300002 9.1090002 0.44299999 3
-1.191 9.1190004 0.56599998 2
-0.40200001 9.1129999 0.13500001 2
-0.755 9.1730003 0.29800001 1
-1.092 9.0719995 0.44299999 2
-1.401 9.073 0.57099998 3
-0.25299999 3.743 0.050999999 1
-0.94800001 8.9329996 0.28600001 2
-1.308 9.0880003 0.447 1
0 0 0 0
-0.83399999 9.118 0.116 1
-1.178 9.0740004 0.28799999 1
-1.527 9.0930004 0.44999999 1
0 0 0 0
-1.045 9.0450001 0.106 1
0 0 0 0
0 0 0 0
-0.234 1.0369999 0.068000004 0
-1.265 9.0609999 0.097000003 1
0 0 0 0
0 0 0 0
0 0 0 0
-1.49 9.1000004 0.088 1
0 0 0 0
0 0 0 0
0 0 0 0
0 0 0 0
0 0 0 0
0 0 0 0
0 0 0 0
0 0 0 0
0 0 0 0
0 0 0 0
0 0 0 0
0 0 0 0
0 0 0 0
0 0 0 0
-0.69300002 1.979 0.142 48
0 0 0 0
0 0 0 0
-0.68300003 2.003 0.105 4
-0.73299998 1.947 0.142 45
0 0 0 0
0 0 0 0
-0.72000003 1.961 0.104 40
-0.792 1.966 0.146 48
0 0 0 0
-0.69800001 1.972 0.057999998 42
-0.76999998 1.955 0.105 40
0 0 0 0
-0.68099999 1.994 0.0060000001 5
-0.74800003 1.964 0.057 50
-0.88599998 2.1070001 0.115 32
-0.93900001 2.0539999 0.15800001 7
-0.72100002 1.9579999 0.0040000002 38
-0.829 2.0320001 0.059 114
-0.91600001 2.0450001 0.113 3
-1.488 3.0680001 0.242 5
-0.778 1.9680001 0.003 34
-0.90100002 2.069 0.059999999 11
-0.99000001 2.0780001 0.116 8
0 0 0 0
-0.88999999 2.1010001 0.001 41
-0.96399999 2.0780001 0.059999999 20
-1.505 2.98 0.17 3
0 0 0 0
0 0 0 0
-1.4960001 3.0350001 0.088 4
-5.0159998 9.3879995 0.54500002 18
0 0 0 0
0 0 0 0
0 0 0 0
-5.3080001 9.401 0.55400002 22
0 0 0 0
0 0 0 0
0 0 0 0
-5.6059999 9.4169998 0.56400001 19
0 0 0 0
-5.099 9.4090004 -0.023 13
-5.526 9.4619999 0.27599999 1
-5.9250002 9.4519997 0.57599998 17
0 0 0 0
-5.3959999 9.4119997 -0.030999999 15
-5.8249998 9.4580002 0.27700001 2
-6.257 9.4829998 0.588 15
0 0 0 0
-5.7150002 9.4320002 -0.037999999 15
-6.1560001 9.4879999 0.28 3
-6.612 9.5369997 0.602 12
0 0 0 0
-6.0300002 9.434 -0.045000002 12
-6.5159998 9.5410004 0.28299999 3
0 0 0 0
0 0 0 0
-6.3959999 9.4980001 -0.052999999 14
0 0 0 0
0 0 0 0
0 0 0 0
-6.7589998 9.5299997 -0.061000001 13
0 0 0 0
-7.6890001 9.6009998 0.64499998 5
0 0 0 0
-6.7449999 9.0419998 -0.064999998 8
0 0 0 0
-8.0799999 9.6269999 0.66000003 4
0 0 0 0
-7.513 9.5830002 -0.075000003 13
-8.0170002 9.6490002 0.29699999 5
-8.4860001 9.6470003 0.676 5
0 0 0 0
-7.914 9.6049995 -0.082999997 16
-8.434 9.6800003 0.30199999 5
-8.8979998 9.6599998 0.69300002 6
0 0 0 0
-8.1809998 9.4560003 -0.089000002 11
-8.8640003 9.698 0.30599999 7
-9.3529997 9.6990004 0.71399999 7
0 0 0 0
-8.6099997 9.4809999 -0.097000003 9
-9.3100004 9.7189999 0.31099999 8
-9.8149996 9.717 0.73299998 8
0 0 0 0
-9.0640001 9.507 -0.105 9
-9.7779999 9.7390003 0.31799999 8
-10.336 9.7749996 0.75700003 7
0 0 0 0
-9.7019997 9.6969995 -0.115 5
-10.322 9.8050003 0.32499999 4
-10.862 9.8109999 0.78100002 10
0 0 0 0
-10.023 9.5459995 -0.12 6
-10.835 9.8179998 0.33199999 10
-11.418 9.8430004 0.80500001 9
0 0 0 0
-10.784 9.783 -0.131 5
-11.401 9.8540001 0.34099999 10
-12.005 9.8789997 0.83200002 12
0 0 0 0
-11.369 9.8240004 -0.14 7
-11.993 9.8780003 0.34999999 10
-12.66 9.9420004 0.86400002 9
0 0 0 0
-12.004 9.8780003 -0.149 6
-12.655 9.9350004 0.36000001 9
-13.399 10.031 0.89899999 2
0 0 0 0
0 0 0 0
-13.405 10.025 0.37400001 4
-14.022 10.006 0.92699999 9
0 0 0 0
0 0 0 0
-14.114 10.042 0.38499999 10
-12.901 8.7690001 0.84200001 2
0 0 0 0
-14.162 10.024 -0.177 5
-12.922 8.7440004 0.34599999 2
-15.676 10.135 1.008 2
0 0 0 0
-13.05 8.7679996 -0.163 5
-15.773 10.142 0.41499999 3
0 0 0 0
0 0 0 0
-15.932 10.155 -0.198 3
-16.74 10.212 0.433 5
0 0 0 0
-1.62 0.90700001 0.152 1
0 0 0 0
-17.754 10.266 0.45199999 3
0 0 0 0
-1.648 0.875 0.153 1
0 0 0 0
0 0 0 0
0 0 0 0
-1.642 0.82599998 0.15099999 1
0 0 0 0
0 0 0 0
0 0 0 0
-1.645 0.78200001 0.15000001 2
0 0 0 0
-21.747999 10.604 0.53100002 4
0 0 0 0
-1.6440001 0.73699999 0.148 2
0 0 0 0
0 0 0 0
0 0 0 0
-1.649 0.69599998 0.148 2
0 0 0 0
0 0 0 0
0 0 0 0
-1.652 0.65399998 0.147 2
0 0 0 0
0 0 0 0
0 0 0 0
-1.663 0.616 0.146 2
0 0 0 0
0 0 0 0
0 0 0 0
-1.653 0.56999999 0.14399999 1
0 0 0 0
-28.754 10.04 0.671 12
0 0 0 0
-1.661 0.53200001 0.14399999 1
-28.790001 9.7069998 -0.317 8
-28.815001 9.309 0.66799998 13
0 0 0 0
-1.661 0.49200001 0.14300001 1
-28.888 8.9630003 -0.31099999 5
-28.927 8.6020002 0.66799998 7
0 0 0 0
-1.674 0.45500001 0.14300001 0
-28.865 8.1960001 -0.30399999 13
-28.924 7.862 0.66500002 11
0 0 0 0
-1.674 0.41600001 0.142 0
-28.973 7.4749999 -0.29699999 8
-28.945999 7.1430001 0.66299999 8
0 0 0 0
0 0 0 0
-28.972 6.7249999 -0.28999999 9
-29.006001 6.4419999 0.66399997 9
0 0 0 0
0 0 0 0
-29.040001 6.0089998 -0.28 18
-29.025 5.7290001 0.662 9
0 0 0 0
0 0 0 0
0 0 0 0
-29.101 5.04 0.66500002 9
-29.143 4.7870002 1.599 6
0 0 0 0
0 0 0 0
-29.129999 4.3429999 0.66399997 12
-22.223 3.1340001 1.2130001 11
0 0 0 0
-29.176001 3.8540001 -0.25400001 20
-29.208 3.6530001 0.66600001 15
-1.682 0.198 0.090999998 1
0 0 0 0
-1.6849999 0.18099999 -0.014 0
-1.675 0.169 0.037999999 1
-1.683 0.15899999 0.090999998 0
-13.45 1.1950001 1.097 2
-1.688 0.14 -0.013 9
-1.6849999 0.131 0.037999999 2
-1.691 0.121 0.090999998 1
-1.687 0.112 0.13600001 10
-1.679 0.097999997 -0.012 24
-1.683 0.090000004 0.037999999 2
-25.354 1.247 1.363 5
-25.360001 1.125 2.0480001 5
-1.687 0.057999998 -0.012 2
-1.6799999 0.050999999 0.037999999 1
-25.358999 0.66500002 1.358 5
-25.393999 0.565 2.0409999 15
-24.225 0.25 -0.164 5
-25.461 0.184 0.59200001 5
0 0 0 0
-25.516001 0.0040000002 2.0409999 6
-24.246 -0.33199999 -0.154 5
-29.540001 -0.48300001 0.68900001 6
-25.563 -0.48699999 1.363 4
-25.612 -0.56400001 2.04 3
-25.523001 -0.96499997 -0.15099999 6
-25.5 -1.0140001 0.59899998 7
-25.559 -1.073 1.358 5
-12.738 -0.56199998 1.01 1
0 0 0 0
0 0 0 0
0 0 0 0
0 0 0 0
0 0 0 0
0 0 0 0
0 0 0 0
0 0 0 0
-12.447 -1.377 -0.055 2
0 0 0 0
-16.611 -1.834 0.87900001 2
-16.65 -1.846 1.304 3
-4.2140002 -0.56999999 -0.016000001 0
-13.71 -1.839 0.333 2
-7.145 -0.95499998 0.377 1
-13.765 -1.835 1.074 2
0 0 0 0
-13.2 -2.089 0.32300001 3
-13.276 -2.0810001 0.70099998 2
-13.383 -2.0880001 1.041 3
0 0 0 0
-11.927 -2.1730001 0.29499999 2
0 0 0 0
-12.087 -2.1600001 0.93599999 4
-10.93 -2.2920001 -0.025 1
-10.88 -2.2460001 0.27200001 4
-10.987 -2.2379999 0.57999998 1
-11.068 -2.23 0.85500002 4
-9.9680004 -2.342 -0.017000001 1
-9.9659996 -2.303 0.252 5
-10.07 -2.29 0.53200001 3
-10.209 -2.2950001 0.78600001 4
-9.1829996 -2.391 -0.0089999996 2
-9.2130003 -2.3559999 0.236 5
-9.3210001 -2.3429999 0.49200001 4
-9.4659996 -2.349 0.72600001 3
0 0 0 0
-8.5889997 -2.4119999 0.223 2
-8.6590004 -2.388 0.458 9
0 0 0 0
0 0 0 0
-7.7480001 -2.3740001 0.204 1
-7.7459998 -2.3269999 0.41 1
-4.0510001 -1.198 0.30899999 2
-7.3920002 -2.5050001 0.0060000001 2
-7.434 -2.4679999 0.198 9
-7.5630002 -2.46 0.40099999 9
-7.6360002 -2.4430001 0.58099997 13
-6.9130001 -2.5309999 0.011 2
-6.9619999 -2.493 0.189 9
-7.0739999 -2.4809999 0.375 10
-7.2129998 -2.4849999 0.54699999 8
-6.5009999 -2.5580001 0.015 3
-6.5780001 -2.5309999 0.18099999 13
-6.6560001 -2.5050001 0.354 10
-6.7849998 -2.5079999 0.51300001 10
-6.1170001 -2.5769999 0.017999999 2
-6.1830001 -2.546 0.17200001 13
-6.2969999 -2.5339999 0.33500001 11
-6.4099998 -2.5309999 0.484 11
-5.776 -2.599 0.022 4
-5.8579998 -2.573 0.16599999 14
-5.9650002 -2.5610001 0.31799999 14
-6.085 -2.562 0.458 12
-5.4429998 -2.6070001 0.025 7
-5.5450001 -2.5929999 0.16 15
-5.6529999 -2.5799999 0.303 13
-5.7719998 -2.582 0.43399999 13
-5.2020001 -2.6459999 0.028999999 5
-5.256 -2.608 0.155 14
-5.3639998 -2.598 0.28799999 17
-5.4829998 -2.599 0.412 13
-4.9159999 -2.651 0.032000002 5
-5.0079999 -2.632 0.15000001 16
-5.1129999 -2.6210001 0.27599999 15
-5.2069998 -2.6110001 0.38999999 16
-4.6820002 -2.671 0.034000002 5
-4.7509999 -2.6400001 0.145 16
-4.8590002 -2.631 0.26300001 15
-4.9689999 -2.632 0.37200001 16
-4.46 -2.6860001 0.037 4
-4.5159998 -2.6489999 0.141 15
-4.6360002 -2.6470001 0.252 15
-4.7410002 -2.6470001 0.354 15
-4.23 -2.6889999 0.039999999 14
-4.3140001 -2.6670001 0.13699999 14
-4.4219999 -2.6619999 0.242 15
-4.5139999 -2.6530001 0.33700001 14
-4.0570002 -2.7160001 0.041999999 14
-4.118 -2.6819999 0.134 14
-4.1440001 -2.6240001 0.228 14
-4.323 -2.6730001 0.322 15
-3.8710001 -2.7279999 0.045000002 7
-3.9319999 -2.6919999 0.13 13
-4.04 -2.6889999 0.223 14
-4.1279998 -2.681 0.30700001 15
-1.7819999 -1.3200001 0.022 15
-3.747 -2.6949999 0.127 13
-3.8570001 -2.6949999 0.214 13
-3.9530001 -2.694 0.294 14
-3.54 -2.7550001 0.048999999 7
-3.5769999 -2.701 0.124 12
-1.794 -1.3150001 0.1 2
-3.7820001 -2.7019999 0.28099999 14
-3.369 -2.753 0.050999999 8
-3.4230001 -2.7130001 0.122 16
-3.5339999 -2.717 0.199 18
-1.773 -1.327 0.131 2
-1.024 -0.87699997 0.017000001 7
-3.277 -2.723 0.12 17
-3.385 -2.727 0.192 18
-3.4779999 -2.727 0.25799999 17
-0.986 -0.88700002 0.017000001 7
-1.022 -0.88999999 0.037999999 25
-3.2490001 -2.7409999 0.186 18
-3.3399999 -2.7420001 0.248 18
-0.99900001 -0.94199997 0.018999999 0
-0.97500002 -0.88999999 0.037 4
-1.013 -0.89399999 0.057999998 31
-3.201 -2.7490001 0.237 20
-2.823 -2.793 0.059999999 10
-2.8699999 -2.7449999 0.113 1
-0.972 -0.89899999 0.056000002 4
-1.005 -0.903 0.074000001 30
-2.6949999 -2.7939999 0.061999999 10
-0.91000003 -0.91100001 0.037 1
-0.94099998 -0.91000003 0.055 10
-0.96700001 -0.90799999 0.071000002 4
-2.5780001 -2.802 0.064000003 9
-2.6270001 -2.7550001 0.11 25
-0.89899999 -0.91100001 0.052999999 10
-0.93300003 -0.917 0.068999998 10
-2.464 -2.809 0.066 9
-2.523 -2.773 0.109 24
-0.86199999 -0.91399997 0.050999999 10
-0.89499998 -0.92000002 0.066 10
-2.3599999 -2.823 0.068000004 8
-2.415 -2.7809999 0.107 23
-0.82300001 -0.91299999 0.050000001 9
-0.85600001 -0.92000002 0.063000001 10
-2.26 -2.835 0.07 8
-2.3110001 -2.79 0.106 21
-0.79100001 -0.91900003 0.048 8
-0.81900001 -0.921 0.061000001 9
-2.1530001 -2.8369999 0.071000002 8
-2.2149999 -2.803 0.105 20
-0.75300002 -0.917 0.046 6
-0.77999997 -0.917 0.057999998 9
-1.694 -2.345 0.059999999 150
-2.118 -2.813 0.104 11
-0.71899998 -0.917 0.045000002 3
-0.74800003 -0.921 0.055 9
-1.608 -2.3369999 0.061999999 75
-1.6720001 -2.3299999 0.085000001 88
-0.69300002 -0.926 0.044 1
-0.71700001 -0.92400002 0.052999999 9
-1.5319999 -2.3429999 0.063000001 74
-1.598 -2.339 0.083999999 82
-0.65700001 -0.921 0.041999999 0
-0.68099999 -0.92000002 0.050999999 8
-1.452 -2.339 0.064000003 94
-1.521 -2.3410001 0.082999997 79
-1.586 -2.3329999 0.105 21
-0.653 -0.92500001 0.048999999 7
-1.383 -2.348 0.066 92
-1.443 -2.3380001 0.082000002 91
-1.516 -2.345 0.102 82
-0.62900001 -0.935 0.046999998 4
-1.202 -2.155 0.061999999 154
-1.374 -2.345 0.082000002 105
-1.437 -2.3380001 0.097999997 86
-0.58899999 -0.92000002 0.044 0
-1.061 -2.013 0.059 17
-1.108 -1.9960001 0.068999998 62
-1.368 -2.3440001 0.096000001 91
-1.431 -2.348 0.109 18
-1.176 -2.3640001 0.07 95
-1.052 -2.0039999 0.068000004 18
-1.085 -1.961 0.077 15
-1.362 -2.352 0.104 100
0 0 0 0
0 0 0 0
-1.057 -2.017 0.077 5
-1.077 -1.961 0.082000002 14
-0.39899999 -0.90600002 0.028000001 7
-0.42699999 -0.91299999 0.029999999 5
0 0 0 0
-1.043 -2.0050001 0.079999998 2
-0.37599999 -0.90899998 0.028000001 7
-0.39899999 -0.90799999 0.029999999 5
-0.42399999 -0.90899998 0.032000002 7
0 0 0 0
-0.377 -0.977 0.030999999 1
-0.382 -0.92500001 0.029999999 4
-0.40200001 -0.91399997 0.032000002 7
-0.42399999 -0.91299999 0.033 7
-0.85799998 -2.3859999 0.078000002 22
-0.384 -0.995 0.032000002 1
-0.382 -0.926 0.030999999 4
-0.39700001 -0.91100001 0.030999999 7
-0.79699999 -2.3889999 0.079000004 116
-0.85900003 -2.3889999 0.078000002 25
-0.38 -0.98500001 0.032000002 0
-0.382 -0.93300003 0.029999999 7
-0.73799998 -2.395 0.081 113
-0.79799998 -2.3889999 0.078000002 121
-0.86199999 -2.3929999 0.075999998 26
-0.37599999 -0.98000002 0.029999999 0
-0.67699999 -2.392 0.082000002 109
-0.73799998 -2.3929999 0.077 120
-0.79900002 -2.388 0.072999999 126
-0.85600001 -2.392 0.07 27
-0.61699998 -2.388 0.082999997 140
-0.67799997 -2.3929999 0.077 131
-0.741 -2.395 0.071000002 129
-0.796 -2.3940001 0.066 124
-0.477 -2.0409999 0.071999997 21
-0.61400002 -2.372 0.075999998 150
-0.68199998 -2.398 0.068999998 115
-0.73799998 -2.398 0.061999999 125
-0.50400001 -2.408 0.086999997 106
-0.47799999 -2.0420001 0.064999998 23
-0.61699998 -2.375 0.066 150
-0.67699999 -2.3989999 0.057999998 132
-0.44800001 -2.4170001 0.089000002 104
-0.505 -2.405 0.075999998 131
-0.48199999 -2.046 0.055 21
-0.61900002 -2.3970001 0.054000001 135
-0.38999999 -2.4130001 0.090000004 117
-0.44999999 -2.4159999 0.075999998 127
-0.509 -2.4070001 0.063000001 130
-0.48100001 -2.0569999 0.043000001 22
-0.33500001 -2.4230001 0.092 119
-0.39199999 -2.4159999 0.075999998 125
-0.45300001 -2.414 0.061000001 125
-0.50300002 -2.395 0.046999998 150
-0.278 -2.4219999 0.093000002 134
-0.336 -2.415 0.075000003 134
-0.39700001 -2.4170001 0.059 135
-0.44999999 -2.4159999 0.043000001 133
-0.222 -2.425 0.094999999 136
-0.28 -2.4219999 0.075000003 135
-0.34099999 -2.424 0.057 126
-0.39199999 -2.4119999 0.039999999 129
-0.16599999 -2.4300001 0.096000001 136
-0.22400001 -2.428 0.075000003 135
-0.28400001 -2.421 0.055 134
-0.33700001 -2.421 0.035999998 129
-0.11 -2.4360001 0.097999997 136
-0.168 -2.4289999 0.075000003 141
-0.228 -2.427 0.052999999 138
-0.28099999 -2.4230001 0.033 136
-0.054000001 -2.437 0.1 130
-0.112 -2.4360001 0.075000003 140
-0.17200001 -2.4319999 0.050999999 136
-0.22499999 -2.425 0.028999999 140
0.001 -2.4400001 0.101 125
-0.057 -2.4330001 0.075000003 127
-0.117 -2.4349999 0.048999999 135
-0.169 -2.428 0.026000001 148
0.057 -2.4549999 0.103 106
-0.001 -2.4349999 0.075000003 126
-0.061000001 -2.444 0.048 127
-0.114 -2.4389999 0.022 137
0.113 -2.4519999 0.105 106
0.055 -2.447 0.075000003 121
-0.0049999999 -2.4419999 0.046 124
-0.057 -2.4330001 0.018999999 131
0.169 -2.4579999 0.107 105
0.11 -2.4449999 0.075000003 122
0.050000001 -2.447 0.044 131
-0.001 -2.444 0.015 128
0.226 -2.457 0.108 105
0.167 -2.451 0.075000003 110
0.107 -2.4530001 0.041999999 121
0.054000001 -2.45 0.012 124
0.28200001 -2.4560001 0.11 112
0.22499999 -2.4630001 0.075000003 111
0.16500001 -2.4649999 0.039999999 107
0.111 -2.4489999 0.0080000004 110
0.33399999 -2.4200001 0.11 150
0.28200001 -2.464 0.075000003 106
0.222 -2.4619999 0.037999999 102
0.168 -2.4619999 0.0049999999 120
0.398 -2.4690001 0.114 102
0.33399999 -2.424 0.074000001 150
0.27900001 -2.4660001 0.035999998 113
0.22499999 -2.4619999 0.0020000001 118
0.45699999 -2.4749999 0.116 103
0.39700001 -2.47 0.075000003 117
0.33199999 -2.434 0.034000002 150
0.28299999 -2.46 -0.001 111
0.51599997 -2.4749999 0.118 108
0.45699999 -2.4760001 0.075000003 112
0.39500001 -2.471 0.033 114
0.34099999 -2.46 -0.0040000002 139
0.57599998 -2.484 0.12 105
0.51599997 -2.477 0.075000003 113
0.45500001 -2.4760001 0.030999999 112
0.40099999 -2.47 -0.0080000004 115
0.63499999 -2.48 0.122 103
0.57499999 -2.4749999 0.075000003 117
0.51499999 -2.4809999 0.028999999 98
0.28 -1.506 -0.0070000002 3
0.69700003 -2.4860001 0.124 110
0.63800001 -2.4860001 0.075000003 108
0.57599998 -2.484 0.027000001 105
0.31900001 -1.516 -0.0089999996 2
0.759 -2.4890001 0.126 95
0.69800001 -2.484 0.075000003 111
0.63800001 -2.49 0.025 105
0.34799999 -1.4859999 -0.011 0
0.51099998 -1.548 0.079000004 15
0.76300001 -2.493 0.075999998 93
0.69999999 -2.4920001 0.024 108
0.38299999 -1.477 -0.013 2
0.54900002 -1.545 0.079999998 1
0.51499999 -1.5549999 0.046999998 13
0.76200002 -2.49 0.022 71
0.419 -1.473 -0.015 0
0.79500002 -2.089 0.111 0
0.55299997 -1.55 0.046999998 1
0.514 -1.548 0.012 10
0 0 0 0
0.80699998 -1.984 0.107 3
0.79000002 -2.066 0.063000001 2
0.551 -1.5420001 0.011 1
0 0 0 0
0.84200001 -1.943 0.106 6
0.81 -1.979 0.059999999 3
0.79500002 -2.073 0.013 2
0 0 0 0
0.89999998 -1.954 0.109 5
0.84200001 -1.9299999 0.059 5
0.66399997 -1.617 0.0089999996 8
0 0 0 0
0.95300001 -1.952 0.11 5
0.898 -1.938 0.059 5
0.68199998 -1.5599999 0.0070000002 10
0 0 0 0
0.95700002 -1.855 0.107 9
0.87 -1.77 0.054000001 51
0.87599999 -1.881 0.0070000002 7
0 0 0 0
1.077 -1.976 0.115 4
1.022 -1.965 0.059999999 5
0.95599997 -1.934 0.0049999999 5
0 0 0 0
1.455 -2.5339999 0.15099999 50
1.0779999 -1.962 0.059999999 4
1.015 -1.941 0.0040000002 5
0 0 0 0
1.539 -2.5450001 0.154 38
1.476 -2.5450001 0.078000002 62
0.98699999 -1.783 0.0020000001 3
0 0 0 0
1.01 -1.5880001 0.097000003 1
1.5549999 -2.5469999 0.078000002 65
0.93599999 -1.602 0 0
0 0 0 0
0 0 0 0
1.013 -1.577 0.048 9
0.99599999 -1.617 0 0
0 0 0 0
1.799 -2.569 0.164 3
0 0 0 0
1.0140001 -1.5650001 -0.0020000001 6
0 0 0 0
1.8890001 -2.572 0.167 150
1.8150001 -2.562 0.079000004 11
1.0549999 -1.548 -0.003 1
0 0 0 0
2.3570001 -3.0639999 0.20299999 29
2.2739999 -3.0580001 0.094999999 31
1.135 -1.586 -0.0049999999 0
0 0 0 0
2.483 -3.082 0.208 27
2.3929999 -3.0699999 0.096000001 30
1.182 -1.572 -0.0070000002 1
0 0 0 0
2.605 -3.089 0.212 24
2.5150001 -3.0780001 0.096000001 29
1.244 -1.577 -0.0080000004 0
0 0 0 0
2.7309999 -3.095 0.21600001 25
2.6370001 -3.082 0.097000003 28
0 0 0 0
2.484 -3.0940001 -0.126 0
2.279 -2.47 0.176 20
2.7750001 -3.0969999 0.097000003 28
0 0 0 0
0 0 0 0
2.316 -2.4000001 0.175 21
2.293 -2.4449999 0.077 24
0 0 0 0
0 0 0 0
2.3740001 -2.3529999 0.175 23
2.3399999 -2.385 0.075999998 25
0 0 0 0
0 0 0 0
2.424 -2.299 0.17399999 22
2.3929999 -2.329 0.074000001 23
0 0 0 0
0 0 0 0
2.4690001 -2.2379999 0.17299999 27
2.437 -2.2650001 0.071999997 26
0 0 0 0
0 0 0 0
2.0699999 -1.793 0.142 183
1.957 -1.737 0.056000002 156
0 0 0 0
0 0 0 0
2.5699999 -2.1289999 0.17299999 23
2.5420001 -2.1559999 0.068999998 24
0 0 0 0
1.952 -1.7410001 -0.103 38
2.6159999 -2.0699999 0.17200001 22
2.5929999 -2.0999999 0.068000004 24
1.406 -1.1670001 -0.02 1
0 0 0 0
2.6600001 -2.0109999 0.171 23
2.6459999 -2.0439999 0.066 22
2.615 -2.0710001 -0.039999999 22
0 0 0 0
2.714 -1.959 0.171 23
2.6919999 -1.983 0.064999998 24
2.671 -2.0150001 -0.043000001 23
3.076 -2.3710001 -0.164 1
2.7620001 -1.901 0.17 24
2.7420001 -1.926 0.063000001 22
2.7260001 -1.959 -0.045000002 22
3.1159999 -2.2850001 -0.167 1
2.806 -1.84 0.169 22
2.789 -1.865 0.061999999 24
2.7739999 -1.896 -0.048 22
3.1530001 -2.198 -0.17 1
2.148 -1.341 0.127 14
2.164 -1.376 0.046 1
2.823 -1.834 -0.050000001 23
3.21 -2.125 -0.17399999 0
1.967 -1.169 0.114 16
2 -1.209 0.039999999 17
2.059 -1.27 -0.037999999 16
2.1559999 -1.355 -0.117 6
1.831 -1.034 0.104 16
1.862 -1.069 0.035999998 17
1.906 -1.1160001 -0.035999998 19
2.046 -1.2180001 -0.111 104
1.831 -0.98100001 0.102 19
1.822 -0.991 0.034000002 21
1.824 -1.011 -0.035 17
1.8329999 -1.033 -0.1 14
1.858 -0.94300002 0.101 18
1.851 -0.95300001 0.033 19
1.85 -0.96899998 -0.037 21
1.845 -0.98199999 -0.101 17
1.895 -0.90899998 0.101 18
1.883 -0.91500002 0.032000002 17
1.885 -0.93199998 -0.039000001 20
1.878 -0.94199997 -0.103 16
1.928 -0.87300003 0.101 16
1.924 -0.88099998 0.030999999 19
1.918 -0.89300001 -0.039999999 19
1.921 -0.90700001 -0.106 16
1.967 -0.838 0.101 19
1.955 -0.84200001 0.029999999 19
1.9579999 -0.85600001 -0.041999999 17
1.967 -0.87199998 -0.109 15
2.0009999 -0.80000001 0.1 17
1.9960001 -0.80599999 0.028999999 16
2.0039999 -0.82099998 -0.044 17
2.003 -0.83099997 -0.111 16
2.033 -0.76200002 0.1 16
2.0480001 -0.773 0.028000001 16
0 0 0 0
0 0 0 0
0 0 0 0
2.0780001 -0.73100001 0.027000001 14
2.0880001 -0.74299997 -0.048 2
2.0910001 -0.75099999 -0.117 1
2.1240001 -0.69 0.1 2
2.1159999 -0.69099998 0.026000001 15
2.1170001 -0.69700003 -0.048999999 16
2.1329999 -0.708 -0.12 15
2.164 -0.64999998 0.1 16
2.165 -0.65200001 0.025 18
2.161 -0.65600002 -0.050999999 16
2.1760001 -0.66500002 -0.123 37
0 0 0 0
0 0 0 0
0 0 0 0
0 0 0 0
0.19499999 -0.048999999 0.0080000004 2
0.20299999 -0.050999999 0.0020000001 2
0.199 -0.050000001 -0.0040000002 1
0.193 -0.048999999 -0.011 1
0 0 0 0
0 0 0 0
0 0 0 0
0 0 0 0
0.2 -0.041000001 0.0080000004 3
0.207 -0.041999999 0.001 2
0.204 -0.041000001 -0.0049999999 1
0.198 -0.039999999 -0.011 1
0 0 0 0
0 0 0 0
0 0 0 0
0 0 0 0
0.18799999 -0.029999999 0.0070000002 1
0.204 -0.032000002 0.001 1
0 0 0 0
0 0 0 0
0 0 0 0
0 0 0 0
0 0 0 0
0 0 0 0
0.815 -0.093999997 0.030999999 17
0.82800001 -0.090999998 0.0049999999 25
0 0 0 0
0 0 0 0
0 0 0 0
0 0 0 0
0 0 0 0
0 0 0 0
3.6559999 -0.257 0.13500001 3
4.1409998 -0.266 0.018999999 1
1.602 -0.094999999 -0.045000002 25
0 0 0 0
1.622 -0.077 0.057999998 9
1.617 -0.066 0.0060000001 7
4.1630001 -0.15000001 -0.121 10
0 0 0 0
4.1609998 -0.107 0.145 17
4.1690001 -0.077 0.014 15
4.171 -0.052000001 -0.123 10
0 0 0 0
4.178 -0.014 0.142 15
4.1659999 0.017999999 0.0099999998 11
4.1789999 0.045000002 -0.125 10
0 0 0 0
4.1659999 0.077 0.138 11
4.178 0.114 0.0080000004 11
4.1799998 0.14399999 -0.127 10
0 0 0 0
0 0 0 0
0 0 0 0
1.28 0.074000001 -0.039000001 1
2.1210001 0.138 -0.127 15
2.0120001 0.127 0.061999999 5
0 0 0 0
2.911 0.23800001 -0.090999998 7
0 0 0 0
0 0 0 0
0 0 0 0
0 0 0 0
0 0 0 0
0 0 0 0
0 0 0 0
0.142 0.017999999 -0.0040000002 0
0.168 0.023 -0.0099999998 1
0 0 0 0
0.167 0.023 0 1
0 0 0 0
0 0 0 0
0.164 0.025 0.0040000002 1
0 0 0 0
0 0 0 0
0 0 0 0
0 0 0 0
0 0 0 0
0 0 0 0
2.9400001 0.62699997 -0.182 3
0 0 0 0
2.9389999 0.62800002 -0.011 4
0 0 0 0
2.9530001 0.70499998 -0.184 3
2.9319999 0.653 0.071000002 4
2.9430001 0.69999999 -0.013 4
2.9579999 0.745 -0.103 3
2.948 0.77999997 -0.185 3
2.95 0.727 0.068000004 3
2.9430001 0.77200001 -0.016000001 3
2.954 0.81900001 -0.105 3
2.9679999 0.86299998 -0.18700001 1
2.954 0.79799998 0.064999998 3
2.9619999 0.85000002 -0.017999999 4
1.5140001 0.458 -0.054000001 10
1.545 0.49000001 -0.097999997 6
1.5140001 0.44600001 0.030999999 2
1.511 0.47099999 -0.0099999998 62
1.5319999 0.50300002 -0.056000002 55
2.971 1.021 -0.19 0
1.5319999 0.48800001 0.029999999 8
0 0 0 0
2.964 1.053 -0.111 1
0 0 0 0
2.9790001 1.023 0.056000002 1
2.9679999 1.0779999 -0.026000001 1
2.9820001 1.1390001 -0.113 0
0 0 0 0
2.9619999 1.0930001 0.052000001 0
2.9679999 1.156 -0.028000001 0
2.99 1.224 -0.115 0
2.997 1.28 -0.19599999 0
2.98 1.176 0.048999999 0
2.9879999 1.243 -0.030999999 0
2.994 1.308 -0.117 0
3.0020001 1.37 -0.198 0
3.006 1.2640001 0.046 0
2.9960001 1.329 -0.034000002 0
3.902 1.816 -0.156 39
3.8829999 1.886 -0.25799999 11
2.9990001 1.342 0.041999999 0
3.9260001 1.851 -0.048 50
3.8970001 1.928 -0.15899999 53
1.1900001 0.61400002 -0.079000004 1
4.0120001 1.904 0.050999999 51
3.8889999 1.943 -0.052000001 30
1.223 0.64099997 -0.050000001 5
0 0 0 0
4.0300002 2.0250001 0.046 62
3.9389999 2.0840001 -0.056000002 0
0 0 0 0
0 0 0 0
4.0469999 2.1489999 0.039999999 0
0 0 0 0
0 0 0 0
0.88 0.53799999 -0.059999999 0
0 0 0 0
0 0 0 0
0 0 0 0
0 0 0 0
0.91000003 0.537 0.0060000001 0
0 0 0 0
3.9579999 2.5799999 -0.177 3
0 0 0 0
0 0 0 0
4.066 2.658 -0.075999998 2
3.96 2.7160001 -0.18099999 34
0 0 0 0
4.2969999 2.8039999 0.017999999 6
4.0040002 2.7509999 -0.079999998 22
4.0190001 2.898 -0.18700001 0
0 0 0 0
1.5880001 1.089 0.0040000002 14
0 0 0 0
3.9860001 3.0209999 -0.19 48
3.984 3.152 -0.28799999 2
0 0 0 0
4.0209999 3.0439999 -0.090000004 2
3.9849999 3.171 -0.19400001 32
1.206 1.003 -0.088 1
4.2620001 3.2149999 -0.0020000001 2
4.0409999 3.2119999 -0.096000001 15
1.211 1.011 -0.059999999 2
3.3789999 2.951 -0.25 7
4.1469998 3.277 -0.0099999998 53
1.212 1.01 -0.029999999 71
3.9100001 3.425 -0.199 41
3.237 2.967 -0.243 6
1.23 1.018 -0.0049999999 155
3.701 3.23 -0.098999999 66
4.046 3.717 -0.20999999 24
0 0 0 0
3.721 3.2249999 -0.023 7
3.3510001 3.0650001 -0.094999999 151
4.059 3.908 -0.21600001 15
0 0 0 0
3.2969999 2.9920001 -0.027000001 159
3.398 3.2539999 -0.101 50
4.0799999 4.119 -0.223 21
0 0 0 0
3.415 3.2420001 -0.035 69
3.2509999 3.2620001 -0.103 72
1.653 1.749 -0.092 3
3.7309999 4.1459999 -0.296 4
3.276 3.2550001 -0.041000001 68
1.652 1.7359999 -0.055 3
3.8069999 4.2259998 -0.219 18
0.99199998 1.158 -0.079999998 4
1.641 1.706 -0.024 0
3.122 3.438 -0.11 58
0.991 1.154 -0.057999998 7
0.94499999 1.158 -0.077 21
3.1240001 3.401 -0.054000001 61
1.003 1.1569999 -0.037 10
0.94800001 1.158 -0.057 34
0 0 0 0
1.012 1.153 -0.02 7
0.954 1.154 -0.037 22
0 0 0 0
0 0 0 0
1.002 1.196 -0.022 8
2.984 3.7839999 -0.125 2
0 0 0 0
3.086 4.3899999 -0.26800001 19
1.405 1.757 -0.035999998 3
2.8610001 3.8050001 -0.126 63
3.079 4.3569999 -0.205 18
2.948 4.414 -0.26100001 5
2.8940001 3.7939999 -0.082999997 72
2.7290001 3.8099999 -0.12800001 70
2.951 4.3940001 -0.20299999 3
2.49 3.9319999 -0.226 16
1.794 2.4679999 -0.057999998 12
1.6210001 2.3800001 -0.079999998 0
2.473 3.875 -0.176 41
1.068 1.779 -0.098999999 15
2.641 3.8150001 -0.094999999 68
2.484 3.835 -0.131 83
1.0779999 1.7819999 -0.079000004 11
1.043 1.834 -0.098999999 0
2.523 3.8280001 -0.1 85
2.405 3.911 -0.13500001 68
1.033 1.802 -0.079000004 0
2.4990001 4.652 -0.245 86
2.4460001 3.9030001 -0.107 40
1.048 1.7970001 -0.061999999 15
2.451 4.5149999 -0.19499999 50
0 0 0 0
1.067 1.793 -0.050999999 31
2.1719999 3.9300001 -0.138 55
0 0 0 0
0 0 0 0
1.018 1.802 -0.054000001 9
2.056 3.931 -0.139 37
0 0 0 0
0 0 0 0
2.0999999 3.928 -0.123 73
0 0 0 0
0 0 0 0
0.57800001 1.377 -0.064000003 1
0 0 0 0
0 0 0 0
1.6849999 3.954 -0.162 6
1.5549999 3.967 -0.18099999 43
0.25600001 0.53799999 -0.017999999 2
1.719 3.937 -0.14300001 31
1.574 3.95 -0.15899999 96
1.449 3.97 -0.176 65
0 0 0 0
1.612 3.938 -0.14399999 44
1.472 3.964 -0.15800001 101
1.344 3.973 -0.171 79
0 0 0 0
1.516 3.9619999 -0.146 126
1.372 3.973 -0.156 34
1.243 3.98 -0.16599999 101
1.561 3.9579999 -0.147 105
1.41 3.9590001 -0.147 57
0.759 2.378 -0.092 3
0 0 0 0
1.457 3.96 -0.152 110
0.78100002 2.368 -0.089000002 0
0 0 0 0
0 0 0 0
1.355 3.964 -0.15700001 63
1.215 3.99 -0.15099999 123
0.322 1.2029999 -0.045000002 0
0 0 0 0
1.258 3.984 -0.162 70
0 0 0 0
0 0 0 0
0.39300001 1.863 -0.068999998 5
0 0 0 0
0 0 0 0
0.40700001 1.8710001 -0.068999998 2
0 0 0 0
0 0 0 0
0.426 1.862 -0.071999997 0
0 0 0 0
0 0 0 0
0 0 0 0
0 0 0 0
1.386 8.1829996 -0.29699999 9
1.219 8.8430004 -0.30000001 44
0.40200001 1.859 -0.083999999 11
0 0 0 0
0 0 0 0
0.169 1.482 -0.048 2
0 0 0 0
1.1950001 7.6409998 -0.308 3
0 0 0 0
1.0319999 11.421 -0.36399999 36
0 0 0 0
1.17 8.8389997 -0.36000001 33
0 0 0 0
0.76099998 11.448 -0.354 121
0 0 0 0
0.15099999 1.396 -0.057 2
0.69800001 9.4469995 -0.33000001 1
0.49399999 11.474 -0.34299999 128
0.16500001 1.381 -0.068999998 1
0 0 0 0
0.579 11.48 -0.39700001 42
0.074000001 3.783 -0.109 1
0.83499998 8.6490002 -0.442 0
0 0 0 0
0.31 11.488 -0.39399999 40
-0.014 3.7750001 -0.105 4
0 0 0 0
0.34200001 8.993 -0.38100001 1
0.013 3.777 -0.12800001 5
-0.248 9.0900002 -0.24600001 2
0 0 0 0
0.056000002 3.8010001 -0.163 5
-0.183 9.198 -0.31 4
-0.191 3.77 -0.097999997 1
0 0 0 0
0 0 0 0
-0.163 3.7909999 -0.126 1
-0.67900002 9.1529999 -0.23100001 1
0 0 0 0
-0.292 9.0609999 -0.39700001 11
0 0 0 0
-0.88300002 9.0279999 -0.219 2
0 0 0 0
-0.20999999 3.773 -0.167 1
0 0 0 0
-1.101 9.073 -0.212 2
0 0 0 0
-0.72299999 9.1389999 -0.41 3
-1.018 8.9359999 -0.292 21
-1.272 8.7670002 -0.197 150
0 0 0 0
-0.92000002 8.9399996 -0.405 3
-1.243 9.04 -0.294 2
-1.198 7.085 -0.153 1
0 0 0 0
-1.141 9.0139999 -0.414 3
-1.427 8.8339996 -0.285 4
0 0 0 0
0 0 0 0
-1.362 9.0530005 -0.41999999 4
0 0 0 0
0 0 0 0
0 0 0 0
0 0 0 0
0 0 0 0
0 0 0 0
0 0 0 0
0 0 0 0
0 0 0 0
0 0 0 0
0 0 0 0
0 0 0 0
0 0 0 0
0 0 0 0
0 0 0 0
0 0 0 0
-1.353 4.7610002 -0.149 8
0 0 0 0
0 0 0 0
0 0 0 0
0 0 0 0
-0.68099999 1.989 -0.030999999 6
0 0 0 0
0 0 0 0
0 0 0 0
-0.72299999 1.9630001 -0.028000001 53
0 0 0 0
0 0 0 0
-0.71399999 1.977 -0.061000001 43
-0.77999997 1.974 -0.027000001 44
-2.1659999 6.8899999 -0.50700003 0
-0.69800001 1.99 -0.102 13
-0.764 1.9680001 -0.061000001 42
-0.889 2.1059999 -0.027000001 46
-2.362 6.927 -0.52100003 0
-0.74000001 1.961 -0.102 38
-0.86900002 2.0940001 -0.064000003 60
0 0 0 0
-0.727 1.979 -0.152 34
-0.80699998 1.995 -0.106 74
-0.92199999 2.085 -0.064000003 22
0 0 0 0
-0.77499998 1.962 -0.154 51
-0.912 2.109 -0.114 42
0 0 0 0
-1.494 2.954 -0.029999999 13
-0.89200002 2.109 -0.169 46
0 0 0 0
-1.482 2.9679999 -0.090999998 1
-5.0370002 9.4139996 -0.089000002 16
-1.413 3.1329999 -0.25600001 8
0 0 0 0
-4.9619999 9.3859997 -0.28799999 5
-5.323 9.4169998 -0.081 18
0 0 0 0
0 0 0 0
-5.263 9.415 -0.289 8
-5.618 9.4289999 -0.071999997 20
0 0 0 0
-5.1799998 9.4329996 -0.54500002 3
-5.553 9.415 -0.289 5
-5.908 9.4139996 -0.063000001 19
0 0 0 0
-5.4850001 9.4499998 -0.55599999 1
-5.8600001 9.4289999 -0.289 4
-6.2690001 9.5010004 -0.055 15
-4.3639998 7.6350002 -0.685 3
-5.7919998 9.4589996 -0.56599998 2
-6.2020001 9.4820004 -0.29100001 4
-6.5949998 9.5150003 -0.046999998 17
-5.3000002 8.7749996 -0.80599999 1
-6.152 9.5380001 -0.58099997 1
-6.5359998 9.5010004 -0.29300001 4
-6.9089999 9.4969997 -0.037 1
-5.6199999 8.8210001 -0.82999998 1
-6.4710002 9.5270004 -0.59200001 1
-6.5760002 9.1029997 -0.28099999 2
-7.2909999 9.552 -0.028999999 1
-5.9250002 8.8269997 -0.85100001 1
-6.415 8.9840002 -0.56999999 1
0 0 0 0
-7.6789999 9.599 -0.02 14
-6.23 8.8140001 -0.87099999 2
0 0 0 0
0 0 0 0
-8.0310001 9.585 -0.0099999998 19
-6.5900002 8.8660002 -0.898 1
0 0 0 0
-8.0249996 9.6210003 -0.30000001 7
-8.224 9.3699999 0 12
-6.9489999 8.8959999 -0.92500001 1
0 0 0 0
-8.4440002 9.6560001 -0.303 7
-8.6350002 9.3979998 0.0089999996 6
-7.348 8.9519997 -0.95599997 1
0 0 0 0
-8.8669996 9.6809998 -0.30500001 5
-9.0629997 9.4250002 0.018999999 7
0 0 0 0
-8.1660004 8.9779997 -0.634 1
-9.302 9.6960001 -0.308 5
-9.4099998 9.349 0.028999999 2
0 0 0 0
-8.5839996 9.0030003 -0.65100002 1
-9.7869997 9.7379999 -0.31200001 6
-10.31 9.7889996 0.041000001 2
-8.5229998 8.9779997 -1.041 1
-9.0240002 9.0310001 -0.66900003 1
-1.5930001 1.5140001 -0.048999999 1
-10.837 9.8280001 0.052000001 2
-8.9790001 9.0150003 -1.075 1
0 0 0 0
0 0 0 0
-11.355 9.8389997 0.064000003 5
0 0 0 0
-10.002 9.1049995 -0.71100003 1
0 0 0 0
-11.894 9.8450003 0.077 2
-10.002 9.1160002 -1.155 2
-11.345 9.849 -0.79000002 2
-1.597 1.319 -0.044 2
-12.574 9.9370003 0.089000002 3
0 0 0 0
-11.949 9.8850002 -0.81699997 2
0 0 0 0
0 0 0 0
0 0 0 0
0 0 0 0
0 0 0 0
0 0 0 0
-12.629 9.9390001 -1.3890001 3
0 0 0 0
-14.03 10.043 -0.35100001 2
-13.004 8.915 0.117 7
0 0 0 0
0 0 0 0
-12.787 8.717 -0.30899999 44
-15.479 10.103 0.148 3
0 0 0 0
-12.872 8.7480001 -0.81999999 3
0 0 0 0
0 0 0 0
0 0 0 0
0 0 0 0
0 0 0 0
0 0 0 0
0 0 0 0
0 0 0 0
0 0 0 0
0 0 0 0
0 0 0 0
0 0 0 0
-1.643 0.91000003 -0.035 0
0 0 0 0
0 0 0 0
0 0 0 0
-1.638 0.85900003 -0.034000002 0
0 0 0 0
0 0 0 0
0 0 0 0
-1.635 0.81 -0.033 0
0 0 0 0
0 0 0 0
0 0 0 0
-1.651 0.77100003 -0.032000002 1
-21.583 9.6520004 0.27200001 5
0 0 0 0
0 0 0 0
-1.654 0.72600001 -0.032000002 1
0 0 0 0
0 0 0 0
0 0 0 0
-1.6670001 0.68699998 -0.030999999 1
0 0 0 0
0 0 0 0
0 0 0 0
-1.654 0.63800001 -0.029999999 1
-28.718 10.585 0.38800001 10
0 0 0 0
0 0 0 0
-1.66 0.59600002 -0.029999999 1
-28.739 9.8690004 0.396 10
-27.82 10.236 -2.6070001 8
0 0 0 0
-1.655 0.55199999 -0.028999999 1
-28.808001 9.1700001 0.403 10
-27.827 9.4829998 -2.5829999 8
0 0 0 0
-1.6619999 0.51200002 -0.028000001 1
0 0 0 0
-28.813999 9.0419998 -2.6500001 8
0 0 0 0
-1.664 0.47099999 -0.028000001 1
0 0 0 0
0 0 0 0
0 0 0 0
-1.665 0.43099999 -0.027000001 1
-28.976 7.118 0.42300001 11
0 0 0 0
-28.863001 7.1589999 -1.524 8
-1.664 0.38999999 -0.027000001 2
-29.016001 6.447 0.42899999 8
0 0 0 0
-28.974001 6.4679999 -1.517 9
-1.671 0.35100001 -0.027000001 2
-29.077 5.783 0.43399999 8
0 0 0 0
-29.011999 5.7659998 -1.505 8
-1.66 0.30899999 -0.026000001 25
-29.077 5.1110001 0.43700001 15
-27.955999 5.1799998 -2.467 11
0 0 0 0
-1.674 0.273 -0.026000001 3
-29.132 4.448 0.442 12
0 0 0 0
0 0 0 0
-1.683 0.234 -0.026000001 3
-29.202999 3.793 0.44400001 14
0 0 0 0
-1.678 0.211 -0.085000001 0
-1.684 0.19499999 -0.025 5
-1.673 0.17900001 0.025 0
0 0 0 0
-1.6849999 0.17200001 -0.083999999 1
-1.679 0.156 -0.025 8
-1.681 0.142 0.025 2
-24.417999 2.118 -2.096 8
-1.673 0.131 -0.082999997 2
-1.682 0.118 -0.025 255
-1.681 0.104 0.025 31
-1.679 0.105 -0.14300001 9
-1.679 0.092 -0.082999997 3
-1.689 0.079000004 -0.025 12
-1.674 0.066 0.025 1
0 0 0 0
-1.681 0.052000001 -0.082999997 2
-1.6900001 0.039999999 -0.024 8
-24.246 0.421 0.373 5
-18.677999 0.26100001 -1.575 4
-1.684 0.013 -0.082000002 0
-1.686 0.0020000001 -0.024 6
0 0 0 0
-13.649 -0.14 -1.1440001 4
-13.622 -0.213 -0.66600001 4
-1.706 -0.035999998 -0.024 5
-15.495 -0.419 0.237 7
-13.636 -0.46900001 -1.138 4
-13.656 -0.53399998 -0.66399997 4
-1.707 -0.075000003 -0.024 3
0 0 0 0
-13.651 -0.79900002 -1.133 5
-13.681 -0.86000001 -0.66299999 4
-1.705 -0.114 -0.024 3
0 0 0 0
-13.734 -1.137 -1.135 4
-13.703 -1.1849999 -0.66100001 6
-1.706 -0.154 -0.024 2
-18.238001 -1.719 0.27599999 3
0 0 0 0
0 0 0 0
-1.7180001 -0.19499999 -0.024 2
-16.205999 -1.896 0.243 3
0 0 0 0
0 0 0 0
-1.7079999 -0.233 -0.024 2
-13.72 -1.915 0.204 2
-4.217 -0.65899998 -0.34400001 25
-4.2179999 -0.66600001 -0.20100001 31
-1.712 -0.27399999 -0.024 2
-13.015 -2.1129999 0.191 2
-4.2179999 -0.764 -0.34299999 25
-4.2189999 -0.76800001 -0.20100001 30
-1.7180001 -0.315 -0.024 2
-11.798 -2.188 0.17200001 3
-4.2319999 -0.87199998 -0.34299999 21
-4.2259998 -0.87300003 -0.20100001 30
-1.723 -0.35699999 -0.024 2
-10.826 -2.2579999 0.155 4
-4.2389998 -0.98000002 -0.34200001 20
-4.2140002 -0.97399998 -0.2 28
-1.729 -0.40000001 -0.025 1
-9.9989996 -2.3180001 0.141 5
-4.2399998 -1.089 -0.34099999 19
-4.2249999 -1.081 -0.2 26
-1.729 -0.44100001 -0.025 1
-9.2799997 -2.372 0.12899999 6
-4.2519999 -1.202 -0.34099999 19
-4.2309999 -1.1900001 -0.20100001 27
-1.727 -0.48300001 -0.025 1
-8.6420002 -2.4159999 0.118 7
-4.256 -1.314 -0.34099999 17
-4.2360001 -1.299 -0.20100001 25
-1.737 -0.52899998 -0.025 1
-7.6750002 -2.3299999 0.103 1
-4.2600002 -1.429 -0.34099999 13
-4.2449999 -1.411 -0.20100001 24
-1.747 -0.57599998 -0.026000001 1
-7.5440001 -2.4749999 0.098999999 9
-4.2680001 -1.5470001 -0.34099999 14
-4.257 -1.528 -0.20200001 22
-1.739 -0.61799997 -0.026000001 0
-7.0669999 -2.4960001 0.090000004 9
-4.277 -1.6670001 -0.34099999 14
-4.2639999 -1.6440001 -0.20299999 21
-1.7640001 -0.67199999 -0.027000001 0
-6.6500001 -2.516 0.082000002 7
-4.2810001 -1.788 -0.34099999 13
-4.289 -1.7690001 -0.204 20
-1.763 -0.71899998 -0.027000001 0
-6.276 -2.536 0.075000003 10
-4.2909999 -1.915 -0.34200001 14
-4.2909999 -1.888 -0.205 20
-4.2930002 -1.8660001 -0.068000004 11
-5.9759998 -2.572 0.068999998 12
-4.3530002 -2.069 -0.347 1
0 0 0 0
-4.3070002 -1.99 -0.07 9
-5.6690001 -2.5910001 0.063000001 15
-4.322 -2.1830001 -0.34400001 2
-5.2779999 -2.625 -0.25400001 18
-5.3309999 -2.6129999 -0.088 14
-5.3790002 -2.605 0.057 15
-4.2779999 -2.2920001 -0.34099999 1
0 0 0 0
-5.2930002 -2.7460001 -0.089000002 1
-5.1339998 -2.6300001 0.052000001 13
-4.2319999 -2.3989999 -0.33700001 1
0 0 0 0
0 0 0 0
-4.8959999 -2.648 0.046999998 11
-4.198 -2.513 -0.33500001 1
0 0 0 0
0 0 0 0
-4.6869998 -2.671 0.043000001 9
-4.1680002 -2.6340001 -0.333 1
0 0 0 0
0 0 0 0
-4.4640002 -2.678 0.037999999 4
-4.0619998 -2.704 -0.32499999 14
-4.1149998 -2.688 -0.20299999 14
-4.1849999 -2.681 -0.078000002 2
-4.257 -2.6860001 0.033 4
0 0 0 0
-4.0570002 -2.7869999 -0.20200001 1
-4.0500002 -2.727 -0.077 13
-4.0679998 -2.6949999 0.028999999 15
0 0 0 0
0 0 0 0
0 0 0 0
-4.0050001 -2.7839999 0.026000001 1
0 0 0 0
0 0 0 0
-1.788 -1.326 -0.035999998 0
0 0 0 0
0 0 0 0
0 0 0 0
0 0 0 0
0 0 0 0
-1.0039999 -0.85699999 -0.081 4
-1.038 -0.866 -0.052999999 0
0 0 0 0
0 0 0 0
-0.95499998 -0.85500002 -0.078000002 4
-0.98900002 -0.86500001 -0.050999999 28
-1.017 -0.86900002 -0.022 23
0 0 0 0
-2.954 -2.7750001 -0.243 1
-0.98500001 -0.903 -0.052000001 1
-0.97399998 -0.87099999 -0.022 5
-1.001 -0.87699997 0.0020000001 36
-2.8399999 -2.7980001 -0.235 15
-2.8729999 -2.7590001 -0.153 18
-2.951 -2.7639999 -0.071000002 2
-0.95999998 -0.88 0 4
0 0 0 0
-2.836 -2.8529999 -0.154 9
-2.845 -2.789 -0.071000002 21
0 0 0 0
0 0 0 0
0 0 0 0
0 0 0 0
0 0 0 0
0 0 0 0
0 0 0 0
0 0 0 0
0 0 0 0
0 0 0 0
0 0 0 0
0 0 0 0
0 0 0 0
-1.835 -2.2969999 -0.15800001 1
0 0 0 0
0 0 0 0
0 0 0 0
-1.8380001 -2.4159999 -0.16 1
0 0 0 0
0 0 0 0
0 0 0 0
-1.691 -2.335 -0.149 40
0 0 0 0
0 0 0 0
0 0 0 0
-1.61 -2.3380001 -0.14399999 76
-1.664 -2.335 -0.103 89
-1.789 -2.4260001 -0.061000001 1
0 0 0 0
-1.54 -2.352 -0.14 71
-1.5880001 -2.342 -0.1 77
-1.638 -2.332 -0.059 77
-1.688 -2.3329999 -0.022 72
-1.4630001 -2.3540001 -0.13500001 75
-1.512 -2.3429999 -0.097999997 85
-1.5650001 -2.3399999 -0.059 78
-1.612 -2.3380001 -0.024 84
-1.385 -2.3499999 -0.13 85
-1.437 -2.346 -0.096000001 85
-1.497 -2.352 -0.059999999 78
-1.535 -2.3380001 -0.027000001 80
-1.314 -2.3570001 -0.125 93
-1.363 -2.345 -0.093999997 92
-1.415 -2.3410001 -0.059999999 91
-1.462 -2.3399999 -0.028999999 106
-1.084 -2.0550001 -0.105 16
-1.248 -2.267 -0.088 150
-1.349 -2.352 -0.059999999 98
-1.3940001 -2.346 -0.032000002 94
0 0 0 0
-1.067 -2.0510001 -0.078000002 18
-1.094 -2.0120001 -0.052000001 16
-1.324 -2.349 -0.035 109
-0.41600001 -0.88700002 -0.041999999 7
0 0 0 0
-1.052 -2.046 -0.052999999 23
-1.08 -2.0209999 -0.032000002 15
-0.389 -0.884 -0.039999999 7
-0.412 -0.88999999 -0.032000002 5
0 0 0 0
-1.089 -2.1530001 -0.035999998 155
-0.368 -0.89099997 -0.039000001 6
-0.389 -0.89499998 -0.032000002 5
-0.41 -0.89600003 -0.023 5
0 0 0 0
-0.92000002 -2.3870001 -0.103 21
-0.37799999 -0.92799997 -0.032000002 2
-0.38600001 -0.89899999 -0.024 5
-0.40400001 -0.89899999 -0.017000001 6
-0.85799998 -2.3889999 -0.098999999 99
-0.90700001 -2.381 -0.082999997 23
-0.38100001 -0.94599998 -0.025 3
-0.38 -0.89999998 -0.017999999 6
-0.79699999 -2.392 -0.096000001 98
-0.84799999 -2.391 -0.082000002 113
-0.903 -2.3940001 -0.064999998 25
-0.37799999 -0.95499998 -0.02 3
-0.73500001 -2.3929999 -0.093000002 103
-0.78600001 -2.3889999 -0.079999998 102
-0.838 -2.3870001 -0.066 120
-0.88300002 -2.3859999 -0.052999999 25
-0.676 -2.398 -0.090000004 96
-0.727 -2.395 -0.079000004 114
-0.78100002 -2.4000001 -0.067000002 108
-0.824 -2.3940001 -0.056000002 119
-0.61799997 -2.405 -0.086999997 112
-0.667 -2.3989999 -0.078000002 114
-0.72000003 -2.398 -0.068000004 108
-0.76300001 -2.392 -0.059 108
-0.48699999 -2.1010001 -0.072999999 17
-0.60600001 -2.391 -0.077 146
-0.66000003 -2.4000001 -0.068999998 113
-0.70599997 -2.401 -0.061999999 122
-0.5 -2.4100001 -0.081 112
-0.47799999 -2.089 -0.066 21
-0.56999999 -2.2750001 -0.066 151
-0.648 -2.4059999 -0.064999998 132
-0.44499999 -2.4219999 -0.078000002 102
-0.49599999 -2.4200001 -0.075999998 110
-0.46900001 -2.0699999 -0.061000001 20
-0.54400003 -2.22 -0.061999999 155
-0.38800001 -2.425 -0.075999998 104
-0.43799999 -2.4200001 -0.075000003 120
-0.49000001 -2.4200001 -0.071999997 108
-0.46000001 -2.079 -0.059999999 20
-0.33000001 -2.425 -0.072999999 110
-0.38 -2.418 -0.074000001 124
-0.43200001 -2.4200001 -0.072999999 119
-0.477 -2.4200001 -0.072999999 120
-0.27200001 -2.421 -0.07 118
-0.324 -2.4260001 -0.072999999 122
-0.377 -2.4289999 -0.075000003 129
-0.419 -2.415 -0.075999998 118
-0.21699999 -2.4289999 -0.068000004 128
-0.26800001 -2.431 -0.072999999 128
-0.31799999 -2.424 -0.075999998 122
-0.36300001 -2.4219999 -0.079000004 125
-0.16 -2.4389999 -0.066 113
-0.211 -2.4319999 -0.071999997 127
-0.26300001 -2.4300001 -0.077 124
-0.30700001 -2.424 -0.082000002 130
-0.104 -2.434 -0.063000001 117
-0.155 -2.4349999 -0.071999997 118
-0.207 -2.4360001 -0.079000004 124
-0.25099999 -2.4289999 -0.085000001 126
-0.046999998 -2.444 -0.061000001 122
-0.098999999 -2.438 -0.071000002 112
-0.15099999 -2.4360001 -0.079999998 119
-0.19499999 -2.4349999 -0.088 131
0.0070000002 -2.4449999 -0.059 107
-0.043000001 -2.4460001 -0.071000002 115
-0.093999997 -2.4430001 -0.082000002 124
-0.14 -2.4389999 -0.092 120
0.064000003 -2.457 -0.057 97
0.012 -2.4460001 -0.071000002 120
-0.037999999 -2.447 -0.082999997 122
-0.082999997 -2.437 -0.094999999 119
0.121 -2.4619999 -0.054000001 101
0.068999998 -2.451 -0.07 103
0.017000001 -2.4519999 -0.085000001 104
-0.027000001 -2.4449999 -0.097999997 120
0.178 -2.4590001 -0.052000001 104
0.127 -2.461 -0.07 97
0.074000001 -2.4549999 -0.086999997 110
0.028999999 -2.448 -0.102 110
0.235 -2.4579999 -0.050000001 104
0.184 -2.4630001 -0.07 104
0.131 -2.464 -0.089000002 104
0.085000001 -2.4489999 -0.105 112
0.29300001 -2.4660001 -0.048 100
0.241 -2.467 -0.07 104
0.18799999 -2.464 -0.090999998 94
0.142 -2.4630001 -0.109 113
0.34900001 -2.46 -0.046 111
0.29800001 -2.461 -0.07 97
0.24600001 -2.4679999 -0.092 107
0.2 -2.464 -0.113 111
0.219 -1.326 -0.024 1
0.354 -2.4560001 -0.07 149
0.30399999 -2.471 -0.093999997 94
0.25600001 -2.46 -0.116 109
0 0 0 0
0 0 0 0
0.36000001 -2.464 -0.096000001 101
0.31600001 -2.4749999 -0.121 112
0 0 0 0
0 0 0 0
0 0 0 0
0.37599999 -2.4790001 -0.125 106
0 0 0 0
0 0 0 0
0 0 0 0
0 0 0 0
0 0 0 0
0 0 0 0
0 0 0 0
0 0 0 0
0 0 0 0
0 0 0 0
0 0 0 0
0 0 0 0
0 0 0 0
0 0 0 0
0 0 0 0
0.61900002 -2.4960001 -0.142 6
0 0 0 0
0 0 0 0
0 0 0 0
0.68300003 -2.5020001 -0.146 34
0 0 0 0
0 0 0 0
0 0 0 0
0.74800003 -2.5109999 -0.152 21
0 0 0 0
0 0 0 0
0 0 0 0
0.79699999 -2.461 -0.153 4
0 0 0 0
0 0 0 0
0 0 0 0
0.79799998 -2.28 -0.146 3
0 0 0 0
0 0 0 0
0 0 0 0
0.80500001 -2.1389999 -0.141 2
0 0 0 0
0 0 0 0
0 0 0 0
0.80900002 -2.007 -0.13699999 3
0 0 0 0
0 0 0 0
0.87099999 -1.936 -0.098999999 1
0.83200002 -1.932 -0.13600001 5
0 0 0 0
0 0 0 0
0.93400002 -1.9529999 -0.103 2
0.898 -1.9579999 -0.142 4
0 0 0 0
0 0 0 0
0.99400002 -1.959 -0.106 3
0.95499998 -1.959 -0.146 5
0 0 0 0
0 0 0 0
1.058 -1.97 -0.11 3
1.018 -1.969 -0.152 4
0 0 0 0
0 0 0 0
1.449 -2.553 -0.146 16
1.08 -1.975 -0.15700001 5
0 0 0 0
0 0 0 0
1.541 -2.5739999 -0.15099999 20
1.3789999 -2.3859999 -0.19599999 8
0 0 0 0
0 0 0 0
1.184 -1.877 -0.113 1
1.539 -2.5250001 -0.214 6
0 0 0 0
0 0 0 0
0 0 0 0
1.1950001 -1.86 -0.163 15
0 0 0 0
0 0 0 0
0 0 0 0
1.233 -1.823 -0.16500001 3
0 0 0 0
0 0 0 0
1.946 -2.655 -0.175 1
1.8279999 -2.5699999 -0.23999999 7
0 0 0 0
0 0 0 0
2.362 -3.0699999 -0.20900001 1
0 0 0 0
0 0 0 0
0 0 0 0
2.49 -3.086 -0.21699999 0
0 0 0 0
0 0 0 0
0 0 0 0
2.6159999 -3.0910001 -0.22400001 0
1.4859999 -1.803 -0.18700001 0
0 0 0 0
0 0 0 0
2.7579999 -3.108 -0.233 0
1.5039999 -1.74 -0.186 0
0 0 0 0
0 0 0 0
2.9059999 -3.125 -0.243 0
1.52 -1.677 -0.186 0
2.392 -2.326 -0.0040000002 0
0 0 0 0
0 0 0 0
1.543 -1.623 -0.18700001 0
2.447 -2.2739999 -0.003 4
0 0 0 0
3.125 -3.0610001 -0.255 0
1.58 -1.584 -0.189 0
1.951 -1.734 -0.0020000001 150
0 0 0 0
3.0769999 -2.8759999 -0.248 1
1.594 -1.524 -0.189 0
2.5409999 -2.1589999 -0.0020000001 6
0 0 0 0
1.952 -1.742 -0.156 104
1.613 -1.471 -0.189 0
2.5869999 -2.099 -0.001 21
1.409 -1.17 -0.055 1
1.403 -1.194 -0.111 15
1.401 -1.2180001 -0.163 16
2.6359999 -2.0420001 0 21
3.9519999 -3.131 -0.152 10
3.277 -2.6589999 -0.257 0
1.659 -1.375 -0.192 0
2.6860001 -1.987 0 22
3.9630001 -2.9960001 -0.15099999 11
3.3180001 -2.5669999 -0.25799999 1
1.674 -1.321 -0.192 0
2.7349999 -1.9299999 0 22
3.9779999 -2.865 -0.15099999 12
3.392 -2.4979999 -0.26199999 1
1.683 -1.265 -0.192 0
2.7739999 -1.8660001 0 22
3.9790001 -2.73 -0.15000001 12
3.4530001 -2.4219999 -0.26499999 2
1.72 -1.229 -0.19499999 0
2.8280001 -1.811 0 22
3.993 -2.6070001 -0.149 13
3.526 -2.352 -0.27000001 5
1.7359999 -1.179 -0.19499999 1
2.0369999 -1.2410001 0 18
2.105 -1.306 -0.078000002 19
3.5869999 -2.2720001 -0.273 6
1.745 -1.125 -0.19499999 0
1.8940001 -1.096 0 17
1.947 -1.148 -0.071999997 18
2.1689999 -1.304 -0.164 64
1.814 -1.109 -0.20200001 0
1.821 -1.001 0 21
1.829 -1.022 -0.067000002 16
1.867 -1.064 -0.141 3
1.7920001 -1.038 -0.199 0
1.851 -0.96399999 0 21
1.84 -0.97299999 -0.067000002 19
1.848 -0.99599999 -0.139 15
1.829 -1.002 -0.20200001 3
1.881 -0.926 0 20
1.8789999 -0.94 -0.068999998 20
1.891 -0.963 -0.141 6
1.827 -0.94400001 -0.20100001 2
1.918 -0.89200002 0 19
1.916 -0.90399998 -0.07 22
1.971 -0.94599998 -0.147 3
1.818 -0.88499999 -0.2 2
1.9529999 -0.85600001 0 20
1.948 -0.86500001 -0.071000002 22
2.0120001 -0.90799999 -0.15000001 3
1.817 -0.83200002 -0.199 2
1.995 -0.82099998 0 15
1.995 -0.83200002 -0.072999999 20
2.026 -0.85799998 -0.15099999 3
1.837 -0.78799999 -0.20100001 2
2.036 -0.78600001 0 19
2.03 -0.792 -0.074000001 17
0 0 0 0
0 0 0 0
0 0 0 0
2.073 -0.755 -0.075999998 13
0 0 0 0
0 0 0 0
0 0 0 0
2.1140001 -0.71600002 -0.078000002 18
0 0 0 0
1.888 -0.65399998 -0.205 2
2.1459999 -0.667 -0.0020000001 16
2.1500001 -0.67299998 -0.079000004 17
2.188 -0.69300002 -0.163 7
1.956 -0.625 -0.213 3
4.1030002 -1.176 -0.0049999999 11
4.0960002 -1.1799999 -0.152 8
0 0 0 0
0 0 0 0
0 0 0 0
0 0 0 0
0 0 0 0
0 0 0 0
0 0 0 0
0 0 0 0
0 0 0 0
0 0 0 0
0 0 0 0
0 0 0 0
0 0 0 0
0 0 0 0
0 0 0 0
0 0 0 0
0 0 0 0
0 0 0 0
0 0 0 0
0 0 0 0
0 0 0 0
0 0 0 0
0 0 0 0
0 0 0 0
1.96 -0.28 -0.148 8
0 0 0 0
0 0 0 0
0 0 0 0
0 0 0 0
0 0 0 0
0 0 0 0
0 0 0 0
0 0 0 0
0 0 0 0
4.1430001 -0.324 -0.018999999 11
0 0 0 0
0 0 0 0
1.599 -0.109 -0.175 5
1.6109999 -0.089000002 -0.0080000004 19
1.596 -0.082000002 -0.064000003 7
0 0 0 0
1.954 -0.086999997 -0.215 1
4.1630001 -0.139 -0.024 11
4.1620002 -0.117 -0.169 16
0 0 0 0
1.962 -0.039000001 -0.21699999 1
4.1609998 -0.045000002 -0.026000001 11
4.164 -0.022 -0.171 15
0 0 0 0
1.955 0.0070000002 -0.21699999 2
4.1729999 0.046999998 -0.028999999 11
4.1739998 0.074000001 -0.17399999 15
0 0 0 0
1.9529999 0.054000001 -0.21699999 1
4.1849999 0.14 -0.030999999 11
0 0 0 0
0 0 0 0
0 0 0 0
0 0 0 0
0 0 0 0
2.145 0.15000001 -0.169 13
1.964 0.15000001 -0.22 1
2.9089999 0.228 -0.026000001 5
2.911 0.25299999 -0.126 4
0 0 0 0
0 0 0 0
0 0 0 0
0 0 0 0
0 0 0 0
0 0 0 0
0 0 0 0
0 0 0 0
0 0 0 0
0 0 0 0
0 0 0 0
0 0 0 0
0 0 0 0
0 0 0 0
0 0 0 0
0 0 0 0
0 0 0 0
1.7640001 0.352 -0.20299999 5
0 0 0 0
2.931 0.59899998 -0.13699999 0
0 0 0 0
1.95 0.43799999 -0.226 1
0 0 0 0
2.9430001 0.67199999 -0.14 3
2.8499999 0.68400002 -0.23800001 0
1.95 0.48800001 -0.227 2
2.9419999 0.70499998 -0.043000001 3
2.954 0.74599999 -0.14300001 3
2.825 0.74900001 -0.23800001 0
1.9400001 0.53600001 -0.228 1
2.951 0.778 -0.046 4
2.957 0.82099998 -0.146 3
2.869 0.833 -0.244 0
1.515 0.458 -0.17900001 8
2.961 0.852 -0.048999999 3
1.512 0.45699999 -0.075999998 9
1.539 0.486 -0.132 5
1.533 0.50400001 -0.182 3
1.508 0.47 -0.026000001 23
1.53 0.50099999 -0.078000002 79
0 0 0 0
0 0 0 0
0 0 0 0
2.9679999 1.049 -0.155 0
0 0 0 0
0 0 0 0
0 0 0 0
2.983 1.132 -0.15899999 0
0 0 0 0
1.923 0.79100001 -0.235 1
2.9790001 1.156 -0.061999999 0
2.9809999 1.212 -0.162 0
0 0 0 0
1.904 0.838 -0.235 1
2.9849999 1.2359999 -0.066 0
2.9949999 1.298 -0.167 0
0 0 0 0
1.909 0.89600003 -0.23800001 1
2.9909999 1.318 -0.07 0
3.0050001 1.385 -0.171 0
3.9330001 1.891 -0.36399999 0
1.887 0.94199997 -0.237 1
3.915 1.831 -0.097000003 45
3.901 1.908 -0.227 48
0 0 0 0
1.133 0.60000002 -0.14399999 1
3.924 1.9450001 -0.103 46
1.196 0.61900002 -0.071000002 1
0 0 0 0
0 0 0 0
1.216 0.63700002 -0.033 3
0 0 0 0
0 0 0 0
0 0 0 0
0 0 0 0
0 0 0 0
0 0 0 0
0 0 0 0
0 0 0 0
0 0 0 0
0 0 0 0
0 0 0 0
0 0 0 0
0 0 0 0
0 0 0 0
1.582 1.1 -0.214 5
0 0 0 0
0 0 0 0
0 0 0 0
1.788 1.308 -0.245 0
0 0 0 0
0 0 0 0
0 0 0 0
1.7920001 1.3789999 -0.249 0
0 0 0 0
0 0 0 0
0 0 0 0
1.53 1.238 -0.21600001 160
0 0 0 0
3.97 3.102 -0.28999999 4
0 0 0 0
0 0 0 0
3.9879999 3.1210001 -0.169 45
0 0 0 0
0 0 0 0
0 0 0 0
4.0079999 3.2850001 -0.17900001 14
0 0 0 0
0 0 0 0
0 0 0 0
4.02 3.45 -0.189 34
3.2909999 2.96 -0.26300001 7
2.0569999 1.938 -0.23899999 0
1.696 1.666 -0.25600001 0
3.3199999 2.983 -0.16500001 1
3.151 2.97 -0.25999999 1
0 0 0 0
1.643 1.693 -0.25299999 2
4.0549998 3.813 -0.212 31
3.0350001 2.9960001 -0.25799999 1
0 0 0 0
1.638 1.772 -0.257 0
4.0669999 4.0050001 -0.22499999 34
0 0 0 0
0 0 0 0
1.007 1.143 -0.161 2
3.7219999 3.836 -0.21699999 8
0 0 0 0
0 0 0 0
0 0 0 0
3.8280001 4.1290002 -0.235 19
0 0 0 0
0 0 0 0
0 0 0 0
1.0140001 1.145 -0.066 1
1.013 1.205 -0.098999999 2
1.572 1.971 -0.213 2
1.5470001 2.0350001 -0.266 0
0.99900001 1.181 -0.068000004 7
0 0 0 0
0 0 0 0
2.773 3.8369999 -0.48899999 0
0 0 0 0
0 0 0 0
0 0 0 0
2.628 3.825 -0.47600001 1
3.263 4.2360001 -0.25 3
0 0 0 0
0 0 0 0
2.5020001 3.8369999 -0.46700001 1
1.808 2.4630001 -0.147 4
0 0 0 0
0 0 0 0
2.424 3.9189999 -0.46599999 0
3.076 4.3990002 -0.26499999 15
0 0 0 0
0 0 0 0
1.063 1.813 -0.211 3
2.9519999 4.4349999 -0.27000001 6
0 0 0 0
1.057 1.798 -0.17399999 11
2.1900001 3.9519999 -0.44999999 0
2.473 3.905 -0.23999999 14
1.064 1.791 -0.139 13
0 0 0 0
0 0 0 0
1.073 1.784 -0.111 18
1.013 1.798 -0.139 0
0 0 0 0
0 0 0 0
1.029 1.803 -0.113 0
2.5039999 4.6999998 -0.36300001 11
0 0 0 0
0 0 0 0
2.4809999 4.5910001 -0.292 67
0 0 0 0
0 0 0 0
0 0 0 0
0 0 0 0
0 0 0 0
1.409 3.2130001 -0.28999999 0
0 0 0 0
0 0 0 0
0 0 0 0
0 0 0 0
0 0 0 0
0 0 0 0
0 0 0 0
0 0 0 0
0 0 0 0
0 0 0 0
0 0 0 0
0 0 0 0
0 0 0 0
0 0 0 0
0 0 0 0
0 0 0 0
0.37099999 1.2359999 -0.117 0
1.756 4.71 -0.31999999 2
0 0 0 0
1.511 4.9629998 -0.42199999 0
0 0 0 0
1.7029999 4.915 -0.338 0
0 0 0 0
0 0 0 0
0 0 0 0
0 0 0 0
0 0 0 0
0 0 0 0
0 0 0 0
0 0 0 0
0 0 0 0
0 0 0 0
0 0 0 0
0 0 0 0
0 0 0 0
0 0 0 0
0 0 0 0
0 0 0 0
0 0 0 0
0 0 0 0
0 0 0 0
0.41100001 1.865 -0.13600001 4
0.484 2.5739999 -0.19599999 7
0 0 0 0
0 0 0 0
0 0 0 0
0 0 0 0
0 0 0 0
0 0 0 0
0 0 0 0
0 0 0 0
0.145 1.354 -0.107 3
0.90600002 11.528 -0.94700003 1
0 0 0 0
0 0 0 0
0 0 0 0
0.207 3.779 -0.30500001 6
0 0 0 0
0 0 0 0
0 0 0 0
0.117 3.7620001 -0.29899999 43
0 0 0 0
0.792 11.491 -0.889 1
0.13699999 3.7490001 -0.29100001 37
0.028999999 3.8099999 -0.29899999 32
0 0 0 0
0.17 3.7639999 -0.292 31
0.050000001 3.789 -0.292 36
0 0 0 0
0.20299999 3.763 -0.303 8
0.082000002 3.7739999 -0.294 39
0 0 0 0
0 0 0 0
0.114 3.76 -0.30700001 44
-0.0049999999 3.822 -0.29899999 22
-0.12800001 3.8 -0.28999999 9
0 0 0 0
0.027000001 3.835 -0.31799999 32
0 0 0 0
-0.211 3.7079999 -0.28200001 15
0 0 0 0
0 0 0 0
0 0 0 0
-0.164 2.0409999 -0.154 0
0 0 0 0
0 0 0 0
0 0 0 0
0 0 0 0
0 0 0 0
-0.23100001 3.6400001 -0.315 19
0 0 0 0
0 0 0 0
0 0 0 0
0 0 0 0
0 0 0 0
0 0 0 0
0 0 0 0
0 0 0 0
0 0 0 0
0 0 0 0
0 0 0 0
0 0 0 0
0 0 0 0
0 0 0 0
0 0 0 0
0 0 0 0
0 0 0 0
0 0 0 0
0 0 0 0
0 0 0 0
0 0 0 0
0 0 0 0
0 0 0 0
0 0 0 0
0 0 0 0
0 0 0 0
-2.095 6.8590002 -0.45300001 1
0 0 0 0
0 0 0 0
0 0 0 0
-2.28 6.8899999 -0.449 1
0 0 0 0
0 0 0 0
0 0 0 0
-0.70200002 1.9680001 -0.127 57
0 0 0 0
0 0 0 0
0 0 0 0
-0.74599999 1.947 -0.124 45
0 0 0 0
0 0 0 0
-0.741 1.9630001 -0.146 60
-0.85000002 2.0739999 -0.13 79
0 0 0 0
-0.72799999 1.971 -0.175 36
-0.801 1.979 -0.147 63
-0.91600001 2.0940001 -0.13 34
0 0 0 0
-0.76999998 1.9450001 -0.17399999 46
-0.91000003 2.1070001 -0.15700001 35
0 0 0 0
-0.73500001 1.891 -0.204 13
-0.89300001 2.1070001 -0.191 50
0 0 0 0
0 0 0 0
-0.85399997 2.0510001 -0.226 15
-1.41 3.1210001 -0.287 10
0 0 0 0
-2.7969999 5.3520002 -0.32300001 0
-0.90700001 2.039 -0.229 6
0 0 0 0
-4.3239999 8.3509998 -0.63 1
-5.2189999 9.4429998 -0.565 2
0 0 0 0
0 0 0 0
-2.8039999 5.1209998 -0.38800001 0
-5.4970002 9.4280005 -0.55900002 1
0 0 0 0
-1.5 2.779 -0.266 0
-4.4089999 7.6209998 -0.57999998 2
-5.803 9.4469995 -0.55500001 5
0 0 0 0
-4.3610001 7.6420002 -0.74400002 1
-5.3579998 8.7849998 -0.67199999 1
-6.1230001 9.4700003 -0.551 3
0 0 0 0
-5.2859998 8.7720003 -0.86799997 1
-5.6370001 8.7790003 -0.676 2
-6.4450002 9.4820004 -0.54699999 4
0 0 0 0
-5.5809999 8.7880001 -0.884 1
-5.9640002 8.8249998 -0.68400002 1
-6.7049999 9.3950005 -0.53799999 7
0 0 0 0
-5.8860002 8.8059998 -0.90100002 2
-6.2740002 8.8369999 -0.69 1
0 0 0 0
0 0 0 0
-6.2210002 8.8439999 -0.921 1
-6.6009998 8.8509998 -0.69700003 1
0 0 0 0
-1.601 2.293 -0.30599999 0
-6.5359998 8.8430004 -0.93699998 1
-6.9489999 8.8809996 -0.70599997 2
-7.9219999 9.625 -0.53799999 9
-1.5880001 2.1619999 -0.29499999 0
-6.901 8.8870001 -0.95999998 1
-7.3150001 8.915 -0.71499997 1
-8.3100004 9.6339998 -0.53500003 17
-1.569 2.033 -0.28400001 0
-7.2849998 8.9390001 -0.98500001 1
-7.6929998 8.9460001 -0.72500002 1
-8.7180004 9.6520004 -0.53299999 18
-1.5700001 1.9349999 -0.278 3
-7.6420002 8.941 -1.005 1
-8.0869999 8.9709997 -0.736 2
-9.1379995 9.665 -0.52999997 13
-1.567 1.84 -0.271 3
-8.0319996 8.9589996 -1.029 2
-8.5039997 9.007 -0.74800003 1
-9.6079998 9.7060003 -0.52999997 17
-1.568 1.755 -0.26499999 3
-8.4280005 8.9659996 -1.053 1
-8.9189997 9.0159998 -0.75800002 1
-1.5829999 1.528 -0.082999997 15
-1.5650001 1.668 -0.259 2
-8.8669996 9 -1.081 1
-1.577 1.523 -0.12899999 3
-10.591 9.7639999 -0.528 5
-1.571 1.596 -0.255 2
-1.577 1.526 -0.18700001 2
0 0 0 0
0 0 0 0
-1.572 1.523 -0.25099999 3
0 0 0 0
0 0 0 0
-1.5700001 1.321 -0.071000002 3
-1.5779999 1.456 -0.24699999 2
0 0 0 0
-11.773 9.8800001 -0.88499999 1
0 0 0 0
-1.587 1.395 -0.244 2
0 0 0 0
0 0 0 0
0 0 0 0
-1.585 1.327 -0.23999999 2
0 0 0 0
0 0 0 0
-1.615 1.1799999 -0.063000001 0
-1.602 1.277 -0.23800001 0
0 0 0 0
0 0 0 0
-1.591 1.108 -0.059 1
0 0 0 0
0 0 0 0
0 0 0 0
-1.617 1.072 -0.057 1
0 0 0 0
-13.024 8.9870005 -1.351 1
0 0 0 0
-1.619 1.022 -0.054000001 1
0 0 0 0
0 0 0 0
0 0 0 0
-1.623 0.97399998 -0.052000001 1
0 0 0 0
0 0 0 0
0 0 0 0
-1.622 0.92400002 -0.050000001 2
0 0 0 0
0 0 0 0
0 0 0 0
-1.625 0.87699997 -0.048 1
0 0 0 0
0 0 0 0
0 0 0 0
-1.625 0.82999998 -0.045000002 2
0 0 0 0
0 0 0 0
0 0 0 0
-1.637 0.79000002 -0.044 2
0 0 0 0
0 0 0 0
0 0 0 0
-1.625 0.74000001 -0.041000001 2
0 0 0 0
0 0 0 0
0 0 0 0
-1.638 0.70099998 -0.039999999 2
0 0 0 0
0 0 0 0
0 0 0 0
-1.636 0.65700001 -0.037999999 2
0 0 0 0
0 0 0 0
0 0 0 0
-1.6440001 0.61799997 -0.035999998 1
0 0 0 0
-27.754999 10.706 -2.4979999 11
-27.941999 10.262 -1.479 5
-1.638 0.574 -0.035 2
0 0 0 0
-27.783001 9.9650002 -2.473 7
0 0 0 0
-1.643 0.53399998 -0.033 2
0 0 0 0
0 0 0 0
0 0 0 0
-1.636 0.491 -0.032000002 2
0 0 0 0
0 0 0 0
0 0 0 0
-1.647 0.454 -0.030999999 2
0 0 0 0
0 0 0 0
0 0 0 0
-1.646 0.41499999 -0.028999999 1
0 0 0 0
0 0 0 0
-28.879999 6.9710002 -1.406 7
-1.638 0.37400001 -0.028000001 2
0 0 0 0
-28.907 6.6680002 -2.45 7
0 0 0 0
-1.646 0.33700001 -0.027000001 2
0 0 0 0
-28.881001 5.9429998 -2.427 8
0 0 0 0
0 0 0 0
-24.282 4.6729999 -2.954 7
-27.997 5.079 -2.3340001 6
0 0 0 0
0 0 0 0
0 0 0 0
-29.150999 4.5780001 -2.4119999 8
0 0 0 0
0 0 0 0
0 0 0 0
0 0 0 0
-1.649 0.20200001 -0.075000003 1
0 0 0 0
0 0 0 0
0 0 0 0
-1.649 0.163 -0.074000001 2
0 0 0 0
0 0 0 0
-1.7 0.14399999 -0.13699999 0
-1.646 0.125 -0.072999999 2
0 0 0 0
-1.67 0.116 -0.198 1
-1.683 0.103 -0.13500001 16
-1.687 0.090000004 -0.074000001 3
0 0 0 0
-24.476999 1.1059999 -2.892 19
-25.341999 0.96700001 -2.033 5
-1.6569999 0.050000001 -0.071999997 2
0 0 0 0
0 0 0 0
-18.712999 0.27000001 -1.494 4
-1.666 0.012 -0.071000002 1
0 0 0 0
0 0 0 0
-13.631 -0.122 -1.0829999 5
-13.657 -0.214 -0.58399999 5
0 0 0 0
-13.636 -0.37099999 -1.595 4
-13.638 -0.442 -1.079 4
-13.683 -0.52700001 -0.58099997 5
-1.726 -0.077 -0.017999999 1
-13.656 -0.70099998 -1.5930001 4
-13.69 -0.76800001 -1.079 4
-13.692 -0.84100002 -0.57700002 3
-1.682 -0.112 -0.017000001 2
-13.674 -1.0319999 -1.591 3
-13.704 -1.092 -1.077 3
-13.723 -1.161 -0.57499999 4
-1.696 -0.15099999 -0.017000001 1
-13.737 -1.372 -1.595 2
0 0 0 0
0 0 0 0
-1.715 -0.192 -0.017000001 1
0 0 0 0
0 0 0 0
0 0 0 0
-1.7079999 -0.23 -0.016000001 1
0 0 0 0
-4.2049999 -0.63599998 -0.32800001 27
-4.2259998 -0.65200001 -0.17399999 29
-1.722 -0.271 -0.016000001 1
-4.21 -0.73100001 -0.48699999 25
-4.211 -0.73900002 -0.32800001 24
-4.2270002 -0.75099999 -0.17399999 30
-1.717 -0.31 -0.016000001 1
-1.697 -0.33700001 -0.19599999 0
-4.2020001 -0.83899999 -0.32699999 25
-4.2399998 -0.85399997 -0.17399999 27
-1.724 -0.35100001 -0.016000001 1
-1.697 -0.37900001 -0.19599999 1
-4.2090001 -0.94300002 -0.32699999 24
-4.2309999 -0.954 -0.17299999 25
-1.73 -0.39300001 -0.015 1
-1.707 -0.42500001 -0.197 1
-4.2140002 -1.049 -0.32699999 23
-4.237 -1.057 -0.17299999 25
-1.722 -0.43200001 -0.015 1
-1.71 -0.47 -0.197 1
-4.2270002 -1.159 -0.32800001 20
-4.2490001 -1.164 -0.17299999 27
-1.734 -0.47600001 -0.015 1
-1.714 -0.51499999 -0.198 1
-4.2420001 -1.27 -0.33000001 19
-4.2490001 -1.27 -0.17299999 25
-1.729 -0.51700002 -0.015 1
-1.7079999 -0.55900002 -0.197 2
-4.2529998 -1.383 -0.331 19
-4.2649999 -1.381 -0.17399999 22
-1.7359999 -0.56199998 -0.015 1
-1.715 -0.60699999 -0.199 2
-4.263 -1.498 -0.333 19
-4.2709999 -1.492 -0.175 21
-1.7460001 -0.60799998 -0.016000001 1
-1.722 -0.65700001 -0.2 2
-4.263 -1.6109999 -0.333 19
-4.283 -1.607 -0.176 20
-1.7410001 -0.64999998 -0.016000001 1
-1.727 -0.70599997 -0.20100001 2
-4.276 -1.7309999 -0.33500001 18
-4.2940001 -1.724 -0.177 21
-1.733 -0.69199997 -0.016000001 1
-1.719 -0.75199997 -0.2 2
-4.302 -1.8609999 -0.338 17
-4.2940001 -1.839 -0.178 20
-1.74 -0.741 -0.016000001 1
-1.733 -0.80800003 -0.20299999 2
-4.2859998 -1.974 -0.338 14
-4.2989998 -1.96 -0.17900001 20
-1.748 -0.79000002 -0.016000001 1
-1.734 -0.86000001 -0.20299999 2
-4.3400002 -2.1240001 -0.34400001 1
-5.3850002 -2.605 -0.226 14
-1.732 -0.83099997 -0.017000001 1
-1.738 -0.91399997 -0.205 2
-4.3119998 -2.237 -0.34400001 1
-5.29 -2.71 -0.22400001 2
-1.758 -0.89200002 -0.017000001 0
-1.748 -0.97399998 -0.207 2
-4.257 -2.336 -0.34099999 1
0 0 0 0
-1.784 -0.95599997 -0.017999999 0
-1.767 -1.041 -0.20999999 2
-4.2280002 -2.451 -0.34099999 1
0 0 0 0
0 0 0 0
-1.771 -1.1 -0.212 2
-4.1900001 -2.562 -0.34 1
0 0 0 0
0 0 0 0
-1.7920001 -1.174 -0.21600001 2
-4.171 -2.6860001 -0.34099999 13
0 0 0 0
0 0 0 0
-1.8099999 -1.249 -0.219 2
-4.059 -2.75 -0.33500001 9
-4.0599999 -2.7049999 -0.18099999 20
0 0 0 0
-1.831 -1.329 -0.223 3
0 0 0 0
0 0 0 0
-4.0609999 -2.802 -0.050999999 0
-1.794 -1.368 -0.22 3
0 0 0 0
0 0 0 0
0 0 0 0
-1.823 -1.461 -0.226 2
0 0 0 0
0 0 0 0
0 0 0 0
-0.99699998 -0.838 -0.124 26
0 0 0 0
0 0 0 0
0 0 0 0
0 0 0 0
0 0 0 0
0 0 0 0
0 0 0 0
0 0 0 0
0 0 0 0
0 0 0 0
0 0 0 0
0 0 0 0
-2.901 -2.753 -0.259 21
0 0 0 0
0 0 0 0
0 0 0 0
-1.8099999 -1.799 -0.164 0
0 0 0 0
0 0 0 0
-1.676 -1.79 -0.221 0
-1.816 -1.891 -0.167 2
-2.848 -2.8959999 -0.15000001 8
0 0 0 0
0 0 0 0
-1.827 -1.994 -0.17 2
0 0 0 0
0 0 0 0
0 0 0 0
-1.84 -2.1040001 -0.175 3
0 0 0 0
0 0 0 0
0 0 0 0
-1.867 -2.2379999 -0.18099999 0
0 0 0 0
0 0 0 0
0 0 0 0
-1.913 -2.4059999 -0.189 3
0 0 0 0
0 0 0 0
0 0 0 0
-1.906 -2.5150001 -0.192 3
0 0 0 0
0 0 0 0
0 0 0 0
-1.689 -2.339 -0.17399999 30
0 0 0 0
0 0 0 0
-1.536 -2.3099999 -0.228 5
-1.6109999 -2.345 -0.171 53
-1.656 -2.335 -0.107 79
-1.7130001 -2.352 -0.052000001 34
-1.462 -2.3150001 -0.222 5
-1.527 -2.3380001 -0.16599999 61
-1.58 -2.339 -0.106 77
-1.625 -2.3399999 -0.052999999 89
-1.392 -2.326 -0.21600001 5
-1.452 -2.339 -0.162 77
-1.5089999 -2.349 -0.105 84
-1.548 -2.3410001 -0.054000001 85
-1.323 -2.3329999 -0.211 5
-1.386 -2.352 -0.15899999 80
-1.4299999 -2.342 -0.104 86
-1.469 -2.335 -0.055 108
-1.164 -2.1689999 -0.19 12
-1.312 -2.3510001 -0.156 87
-1.365 -2.3540001 -0.103 90
-1.403 -2.345 -0.056000002 106
-1.14 -2.25 -0.192 5
-1.085 -2.056 -0.133 14
-1.2180001 -2.217 -0.096000001 150
-1.3329999 -2.348 -0.057999998 119
0 0 0 0
0 0 0 0
-1.066 -2.049 -0.088 18
-1.075 -1.997 -0.050000001 11
0 0 0 0
0 0 0 0
0 0 0 0
-1.044 -2.05 -0.052999999 21
0 0 0 0
0 0 0 0
0 0 0 0
0 0 0 0
0 0 0 0
0 0 0 0
0 0 0 0
0 0 0 0
0 0 0 0
0 0 0 0
0 0 0 0
0 0 0 0
-0.81900001 -2.404 -0.17399999 20
-0.861 -2.385 -0.138 100
0 0 0 0
0 0 0 0
-0.75700003 -2.4059999 -0.17 21
-0.80199999 -2.3929999 -0.13600001 103
-0.84899998 -2.3859999 -0.101 99
0 0 0 0
-0.69700003 -2.411 -0.16599999 27
-0.74000001 -2.391 -0.134 111
-0.78899997 -2.3889999 -0.101 118
-0.83099997 -2.391 -0.071999997 116
-0.63599998 -2.4100001 -0.162 42
-0.68199998 -2.398 -0.132 116
-0.73199999 -2.4000001 -0.101 110
-0.77100003 -2.3900001 -0.072999999 115
-0.53200001 -2.2249999 -0.146 150
-0.62300003 -2.401 -0.13 115
-0.671 -2.398 -0.101 109
-0.713 -2.3970001 -0.075000003 118
-0.479 -2.2320001 -0.14300001 20
-0.49700001 -2.1170001 -0.113 17
-0.61299998 -2.401 -0.101 118
-0.65600002 -2.4030001 -0.078000002 128
-0.46000001 -2.4130001 -0.15000001 85
-0.49599999 -2.355 -0.124 143
-0.48500001 -2.099 -0.089000002 18
-0.58399999 -2.349 -0.078000002 150
-0.403 -2.4200001 -0.147 92
-0.44999999 -2.4130001 -0.125 105
-0.5 -2.414 -0.102 116
-0.46700001 -2.0810001 -0.071000002 17
-0.34400001 -2.4170001 -0.14300001 101
-0.39399999 -2.4189999 -0.124 113
-0.44299999 -2.4219999 -0.103 108
-0.48500001 -2.4200001 -0.083999999 119
-0.289 -2.424 -0.14 98
-0.33700001 -2.4219999 -0.123 126
-0.38600001 -2.4170001 -0.103 124
-0.42699999 -2.4159999 -0.086000003 126
-0.23199999 -2.431 -0.13699999 99
-0.28099999 -2.4260001 -0.121 105
-0.329 -2.421 -0.104 117
-0.37 -2.415 -0.089000002 131
-0.176 -2.4349999 -0.134 93
-0.22400001 -2.4289999 -0.12 109
-0.273 -2.427 -0.105 108
-0.315 -2.427 -0.090999998 123
-0.119 -2.434 -0.131 102
-0.168 -2.434 -0.119 109
-0.21699999 -2.4319999 -0.106 106
-0.25799999 -2.4230001 -0.093000002 125
-0.063000001 -2.441 -0.12800001 98
-0.112 -2.4389999 -0.118 106
-0.162 -2.438 -0.107 115
-0.20299999 -2.4300001 -0.096000001 119
-0.0060000001 -2.4519999 -0.126 88
-0.056000002 -2.4419999 -0.117 106
-0.105 -2.441 -0.108 116
-0.147 -2.4330001 -0.098999999 113
0.048999999 -2.4519999 -0.123 86
0 -2.4519999 -0.117 110
-0.048999999 -2.4430001 -0.108 114
-0.090999998 -2.437 -0.102 114
0.106 -2.457 -0.12 98
0.056000002 -2.45 -0.116 98
0.0070000002 -2.4419999 -0.109 109
-0.034000002 -2.447 -0.105 119
0.163 -2.4590001 -0.118 88
0.113 -2.454 -0.115 105
0.063000001 -2.451 -0.111 108
0.021 -2.448 -0.107 109
0.22 -2.457 -0.115 92
0.17 -2.4590001 -0.114 95
0.121 -2.461 -0.112 95
0.077 -2.4560001 -0.111 101
0.27900001 -2.4690001 -0.113 100
0.228 -2.4619999 -0.114 102
0.178 -2.4630001 -0.114 95
0.134 -2.4619999 -0.114 112
0.336 -2.467 -0.11 95
0.285 -2.464 -0.113 95
0.235 -2.4630001 -0.115 95
0.191 -2.4630001 -0.117 107
0.39399999 -2.4679999 -0.107 22
0.34400001 -2.471 -0.113 99
0.29300001 -2.4679999 -0.117 100
0.249 -2.4590001 -0.12 101
0 0 0 0
0.40099999 -2.461 -0.112 5
0.35100001 -2.467 -0.118 100
0.30700001 -2.4679999 -0.124 107
0 0 0 0
0 0 0 0
0 0 0 0
0.366 -2.4719999 -0.127 120
0 0 0 0
0 0 0 0
0 0 0 0
0 0 0 0
0 0 0 0
0 0 0 0
0 0 0 0
0 0 0 0
0 0 0 0
0 0 0 0
0 0 0 0
0 0 0 0
0 0 0 0
0 0 0 0
0 0 0 0
0 0 0 0
0 0 0 0
0 0 0 0
0.71600002 -2.49 -0.13 11
0.67299998 -2.5 -0.147 21
0 0 0 0
0 0 0 0
0.77999997 -2.4949999 -0.133 26
0.741 -2.5139999 -0.152 20
0 0 0 0
0 0 0 0
0.78899997 -2.332 -0.126 0
0.79900002 -2.4949999 -0.155 11
0 0 0 0
0 0 0 0
0.79799998 -2.1900001 -0.121 2
0.79900002 -2.3069999 -0.148 3
0 0 0 0
0 0 0 0
0.80500001 -2.0599999 -0.116 2
0.80400002 -2.1600001 -0.142 3
0 0 0 0
0 0 0 0
0.75599998 -1.809 -0.103 34
0.81 -2.029 -0.13699999 3
0 0 0 0
0 0 0 0
0.86699998 -1.948 -0.114 4
0.82200003 -1.928 -0.134 7
0 0 0 0
0 0 0 0
0.92400002 -1.952 -0.116 4
0.88999999 -1.96 -0.141 5
0 0 0 0
0 0 0 0
0.98400003 -1.959 -0.119 4
0.949 -1.964 -0.145 4
0 0 0 0
0 0 0 0
1.043 -1.962 -0.122 5
1.011 -1.973 -0.15000001 5
0 0 0 0
0 0 0 0
1.107 -1.971 -0.125 5
1.072 -1.976 -0.155 4
0 0 0 0
1.576 -2.556 -0.121 19
1.524 -2.572 -0.168 10
1.141 -1.99 -0.161 10
0 0 0 0
1.663 -2.5650001 -0.123 19
1.607 -2.5739999 -0.17200001 7
1.545 -2.5539999 -0.213 9
0 0 0 0
1.224 -1.796 -0.086999997 1
1.212 -1.8430001 -0.126 3
1.227 -1.926 -0.16599999 2
0 0 0 0
1.844 -2.5769999 -0.126 26
1.771 -2.563 -0.18000001 4
1.223 -1.822 -0.162 16
0 0 0 0
2.2869999 -3.046 -0.15099999 5
1.849 -2.546 -0.183 5
1.816 -2.572 -0.236 7
0 0 0 0
2.4089999 -3.0580001 -0.154 5
2.3469999 -3.0780001 -0.228 1
0 0 0 0
0 0 0 0
2.5109999 -3.0420001 -0.156 1
2.4719999 -3.0899999 -0.235 0
0 0 0 0
0 0 0 0
2.6440001 -3.0580001 -0.15899999 1
2.6059999 -3.108 -0.243 0
1.475 -1.804 -0.183 0
0 0 0 0
2.7720001 -3.062 -0.162 0
2.743 -3.119 -0.25099999 0
1.508 -1.758 -0.184 0
0 0 0 0
2.3510001 -2.4809999 -0.134 4
2.8789999 -3.1240001 -0.259 0
1.507 -1.675 -0.182 0
0 0 0 0
2.819 -2.8399999 -0.156 0
0 0 0 0
1.5549999 -1.647 -0.185 0
0 0 0 0
2.7019999 -2.599 -0.146 0
3 -2.964 -0.26199999 1
1.584 -1.6 -0.18700001 0
0 0 0 0
0 0 0 0
3.063 -2.8870001 -0.264 1
1.601 -1.543 -0.18700001 0
0 0 0 0
1.969 -1.728 -0.102 45
1.9579999 -1.762 -0.16599999 7
1.6160001 -1.485 -0.18700001 0
0 0 0 0
1.411 -1.182 -0.071000002 0
1.402 -1.2029999 -0.118 5
1.401 -1.227 -0.161 11
2.6370001 -2.0610001 -0.044 15
3.0580001 -2.4449999 -0.152 2
3.2479999 -2.6589999 -0.27000001 1
0 0 0 0
2.687 -2.006 -0.043000001 16
3.105 -2.368 -0.15099999 2
3.3080001 -2.582 -0.27200001 6
0 0 0 0
2.733 -1.9450001 -0.041000001 20
3.1860001 -2.3150001 -0.152 2
3.3900001 -2.5190001 -0.27599999 6
1.702 -1.288 -0.191 0
2.7780001 -1.8839999 -0.039000001 21
3.2639999 -2.26 -0.154 2
3.4430001 -2.4360001 -0.278 6
1.714 -1.234 -0.191 0
2.832 -1.829 -0.037999999 24
3.3110001 -2.181 -0.153 2
3.5109999 -2.3629999 -0.28099999 6
1.744 -1.1950001 -0.19400001 1
2.082 -1.28 -0.026000001 19
2.1370001 -1.339 -0.097000003 16
3.5780001 -2.2880001 -0.285 6
1.755 -1.141 -0.19400001 1
1.914 -1.119 -0.023 17
1.98 -1.178 -0.089000002 16
2.1659999 -1.3150001 -0.171 25
1.781 -1.098 -0.19599999 0
1.824 -1.011 -0.02 15
1.835 -1.036 -0.081 19
3.7090001 -2.1340001 -0.29100001 6
1.798 -1.05 -0.197 1
1.842 -0.96799999 -0.018999999 21
1.837 -0.98199999 -0.081 23
1.85 -1.007 -0.14399999 12
1.8279999 -1.01 -0.2 2
1.877 -0.93300003 -0.018999999 19
1.873 -0.94599998 -0.081 21
1.916 -0.986 -0.149 3
1.825 -0.95200002 -0.199 2
1.914 -0.89899999 -0.017999999 20
1.906 -0.90899998 -0.082000002 24
1.952 -0.94700003 -0.15099999 0
1.8380001 -0.903 -0.2 2
1.949 -0.86199999 -0.017999999 20
1.9400001 -0.87099999 -0.082999997 20
3.9749999 -1.8150001 -0.30700001 6
1.846 -0.85299999 -0.2 2
1.99 -0.82800001 -0.017000001 17
1.982 -0.83600003 -0.083999999 20
4.0019999 -1.714 -0.308 6
1.845 -0.80000001 -0.2 2
2.023 -0.78899997 -0.017000001 18
2.0220001 -0.79900002 -0.085000001 17
2.47 -0.99000001 -0.189 12
0 0 0 0
0 0 0 0
0 0 0 0
0 0 0 0
1.8839999 -0.71100003 -0.20299999 1
0 0 0 0
0 0 0 0
0 0 0 0
1.896 -0.66399997 -0.205 2
2.1440001 -0.67400002 -0.016000001 16
2.145 -0.68099999 -0.089000002 16
2.1719999 -0.69700003 -0.16500001 16
2.069 -0.67000002 -0.223 4
4.1160002 -1.194 -0.029999999 18
2.187 -0.639 -0.090000004 9
4.1100001 -1.214 -0.31299999 0
1.892 -0.56199998 -0.204 1
0 0 0 0
0 0 0 0
0 0 0 0
0 0 0 0
0 0 0 0
0 0 0 0
0 0 0 0
0 0 0 0
0 0 0 0
0 0 0 0
0 0 0 0
0 0 0 0
0 0 0 0
0 0 0 0
0 0 0 0
0 0 0 0
0 0 0 0
0 0 0 0
0 0 0 0
0 0 0 0
0 0 0 0
0 0 0 0
0 0 0 0
0 0 0 0
0 0 0 0
0 0 0 0
0 0 0 0
0 0 0 0
0 0 0 0
0 0 0 0
0 0 0 0
0 0 0 0
0 0 0 0
4.1399999 -0.32300001 -0.17200001 9
0 0 0 0
1.562 -0.113 -0.17200001 19
1.613 -0.094999999 -0.011 7
1.601 -0.088 -0.066 24
0 0 0 0
1.9450001 -0.093999997 -0.215 1
4.1680002 -0.15099999 -0.028999999 15
4.1500001 -0.132 -0.17299999 17
0 0 0 0
1.9529999 -0.046 -0.21600001 1
4.1690001 -0.059 -0.029999999 11
4.171 -0.037 -0.175 15
0 0 0 0
1.96 0 -0.21799999 2
4.171 0.035 -0.029999999 11
4.177 0.057 -0.177 16
0 0 0 0
1.942 0.046999998 -0.21699999 2
4.1890001 0.12899999 -0.030999999 11
4.178 0.154 -0.178 11
0 0 0 0
1.962 0.094999999 -0.22 2
0 0 0 0
0 0 0 0
0 0 0 0
1.9910001 0.145 -0.22499999 2
0 0 0 0
0 0 0 0
0 0 0 0
0 0 0 0
0 0 0 0
0 0 0 0
0 0 0 0
0 0 0 0
0 0 0 0
0 0 0 0
0 0 0 0
0 0 0 0
0 0 0 0
0 0 0 0
0 0 0 0
0 0 0 0
0 0 0 0
0 0 0 0
0 0 0 0
1.78 0.34900001 -0.207 2
0 0 0 0
2.938 0.58899999 -0.133 0
2.8829999 0.60900003 -0.23899999 0
1.929 0.426 -0.226 1
2.9360001 0.62599999 -0.029999999 4
2.9430001 0.66100001 -0.13500001 4
2.878 0.67900002 -0.23999999 0
1.938 0.47799999 -0.229 2
2.9449999 0.69700003 -0.030999999 4
2.957 0.73699999 -0.13699999 3
2.8710001 0.74900001 -0.242 0
1.916 0.52200001 -0.228 1
2.947 0.76800001 -0.033 3
2.954 0.80800003 -0.139 3
2.8840001 0.82599998 -0.245 0
1.522 0.454 -0.183 8
2.951 0.83999997 -0.034000002 3
1.512 0.45100001 -0.071999997 2
1.5190001 0.47400001 -0.13 12
1.522 0.495 -0.184 8
