# .PCD v0.7 - Point Cloud Data file format
VERSION 0.7
FIELDS x y z intensity
SIZE 4 4 4 4
TYPE F F F F
COUNT 1 1 1 1
WIDTH 19968
HEIGHT 1
VIEWPOINT 0 0 0 1 0 0 0
POINTS 19968
DATA ascii
0.84399998 -1.914 -0.032000002 10
0.80199999 -1.923 -0.039999999 12
0.77600002 -1.973 -0.048 12
0.75099999 -2.013 -0.055 12
0.85900003 -1.8329999 -0.028000001 12
0.83200002 -1.872 -0.039000001 11
0.80299997 -1.91 -0.048 11
0.78100002 -1.954 -0.056000002 12
0.884 -1.779 -0.025 8
0.85299999 -1.806 -0.037 11
0.833 -1.86 -0.046999998 11
0.81 -1.896 -0.057 12
0 0 0 0
0.88999999 -1.778 -0.035999998 6
0.852 -1.791 -0.046999998 11
0.84100002 -1.846 -0.057999998 11
0 0 0 0
2.086 -3.938 -0.079000004 1
0.89999998 -1.784 -0.048 2
0.86299998 -1.783 -0.059 12
0 0 0 0
2.234 -3.994 -0.079000004 2
2.1129999 -3.9579999 -0.11 9
1.9680001 -3.836 -0.133 1
0 0 0 0
2.3269999 -3.9449999 -0.077 9
2.227 -3.947 -0.112 8
0 0 0 0
2.5669999 -3.967 -0.033 13
2.3800001 -3.8329999 -0.074000001 0
2.3310001 -3.9159999 -0.115 12
0 0 0 0
2.7980001 -4.1170001 -0.028999999 9
2.586 -3.957 -0.075999998 3
2.3959999 -3.8210001 -0.115 0
0 0 0 0
2.9860001 -4.1869998 -0.025 12
2.8740001 -4.1859999 -0.079000004 9
2.6170001 -3.9649999 -0.123 0
0 0 0 0
3.059 -4.0900002 -0.018999999 31
3.0339999 -4.2080002 -0.079000004 27
0 0 0 0
0 0 0 0
2.9660001 -3.7850001 -0.012 39
3.086 -4.0799999 -0.075999998 42
0 0 0 0
0 0 0 0
3.22 -3.9230001 -0.0080000004 15
3.1329999 -3.9519999 -0.072999999 16
3.0639999 -4.006 -0.13600001 0
0 0 0 0
1.67 -1.943 -0.001 34
3.296 -3.9679999 -0.072999999 15
2.9219999 -3.641 -0.12800001 1
2.105 -2.7019999 -0.134 1
1.702 -1.893 0.001 48
1.679 -1.929 -0.035 43
3.4170001 -4.0609999 -0.147 0
2.1400001 -2.6159999 -0.13600001 7
3.812 -4.053 0.0080000004 0
1.726 -1.8940001 -0.034000002 66
1.681 -1.9069999 -0.071000002 79
1.628 -1.898 -0.103 19
3.875 -3.938 0.014 1
3.832 -4.0170002 -0.072999999 1
1.756 -1.9 -0.074000001 9
1.687 -1.875 -0.106 20
1.673 -1.625 0.0080000004 17
3.891 -3.895 -0.071000002 1
0 0 0 0
2.401 -2.5450001 -0.15099999 8
1.6849999 -1.566 0.0099999998 34
1.67 -1.597 -0.028999999 45
1.6720001 -1.648 -0.068000004 0
1.615 -1.632 -0.101 20
1.7539999 -1.557 0.012 35
1.7079999 -1.5599999 -0.028000001 52
1.701 -1.6 -0.068999998 88
1.661 -1.601 -0.104 60
0 0 0 0
0 0 0 0
1.756 -1.576 -0.071000002 3
1.737 -1.597 -0.109 58
0 0 0 0
0 0 0 0
0 0 0 0
0 0 0 0
0 0 0 0
5.8369999 -4.6399999 -0.086000003 0
0 0 0 0
0 0 0 0
0 0 0 0
0 0 0 0
0 0 0 0
0 0 0 0
13.148 -9.2650003 0.15899999 6
0 0 0 0
0 0 0 0
0 0 0 0
3.359 -2.257 0.043000001 0
0 0 0 0
3.322 -2.345 -0.13 2
0 0 0 0
3.5079999 -2.2449999 0.046999998 1
0 0 0 0
3.3929999 -2.279 -0.132 11
0 0 0 0
3.552 -2.1630001 0.050999999 0
3.5929999 -2.2390001 -0.044 0
3.5209999 -2.2479999 -0.13699999 17
0 0 0 0
3.5969999 -2.0799999 0.054000001 1
3.5650001 -2.1099999 -0.041999999 6
3.4849999 -2.1110001 -0.13500001 10
0 0 0 0
3.589 -1.971 0.056000002 2
3.6059999 -2.0239999 -0.041000001 1
3.5699999 -2.05 -0.138 16
0 0 0 0
3.675 -1.9119999 0.059999999 14
3.664 -1.948 -0.039999999 6
3.5929999 -1.952 -0.139 20
0 0 0 0
3.605 -1.774 0.061000001 150
3.701 -1.859 -0.039999999 5
3.6589999 -1.8789999 -0.141 61
0 0 0 0
3.7049999 -1.722 0.064000003 7
3.7349999 -1.772 -0.039000001 6
3.6830001 -1.784 -0.142 36
0 0 0 0
3.7449999 -1.641 0.067000002 6
3.78 -1.689 -0.037999999 0
3.694 -1.684 -0.14300001 10
0 0 0 0
3.7590001 -1.548 0.068999998 1
0 0 0 0
3.74 -1.601 -0.14399999 10
2.881 -1.251 -0.186 0
3.743 -1.444 0.071000002 2
3.7390001 -1.469 -0.035999998 1
3.8110001 -1.526 -0.147 11
2.8729999 -1.166 -0.186 0
3.829 -1.38 0.074000001 0
3.9089999 -1.433 -0.037 0
3.8110001 -1.423 -0.147 8
0 0 0 0
3.8269999 -1.284 0.075999998 9
0 0 0 0
3.8540001 -1.337 -0.149 6
0 0 0 0
0 0 0 0
0 0 0 0
3.898 -1.251 -0.15099999 7
0 0 0 0
0 0 0 0
0 0 0 0
3.914 -1.155 -0.152 2
0 0 0 0
0 0 0 0
0 0 0 0
3.9619999 -1.069 -0.155 2
0 0 0 0
0 0 0 0
5.4299998 -1.312 -0.046999998 3
4.0089998 -0.98199999 -0.15700001 1
0 0 0 0
24.941999 -5.3779998 0.542 29
0 0 0 0
4.1020002 -0.903 -0.161 6
2.9619999 -0.65499997 -0.198 0
0 0 0 0
4.2090001 -0.815 -0.035999998 0
4.085 -0.79900002 -0.161 1
2.977 -0.58399999 -0.20100001 0
0 0 0 0
4.2509999 -0.72299999 -0.035999998 7
4.131 -0.70700002 -0.163 0
2.9649999 -0.50800002 -0.20100001 0
0 0 0 0
0 0 0 0
0 0 0 0
0 0 0 0
0.85399997 -0.105 0.018999999 0
0.87300003 -0.107 -0.0070000002 0
0.86299998 -0.106 -0.034000002 0
0 0 0 0
0 0 0 0
0 0 0 0
0 0 0 0
0 0 0 0
0 0 0 0
0 0 0 0
0 0 0 0
0 0 0 0
1.291 -0.072999999 0.029999999 4
1.2920001 -0.07 -0.0099999998 5
1.2920001 -0.067000002 -0.052000001 4
1.274 -0.061999999 -0.089000002 4
1.235 -0.041999999 0.028999999 2
1.249 -0.037999999 -0.0099999998 1
1.245 -0.035 -0.050999999 3
1.249 -0.030999999 -0.088 4
1.25 -0.014 0.029999999 34
1.245 -0.0099999998 -0.0099999998 15
1.245 -0.0060000001 -0.050999999 8
1.255 -0.001 -0.089000002 4
1.2460001 0.012 0.029999999 3
1.253 0.017999999 -0.0099999998 2
1.257 0.023 -0.052000001 3
1.268 0.028999999 -0.090000004 2
1.263 0.041000001 0.029999999 3
1.2690001 0.046999998 -0.0099999998 2
1.276 0.052999999 -0.052999999 2
1.275 0.059999999 -0.092 2
1.271 0.068999998 0.030999999 2
1.2869999 0.077 -0.0099999998 2
1.289 0.083999999 -0.054000001 2
1.293 0.092 -0.093999997 2
1.289 0.098999999 0.030999999 2
1.298 0.108 -0.011 1
1.308 0.117 -0.055 1
1.3049999 0.125 -0.094999999 1
1.3049999 0.12899999 0.032000002 2
1.313 0.139 -0.011 1
1.326 0.15000001 -0.056000002 1
1.3329999 0.16 -0.097999997 11
1.307 0.15899999 0.032000002 2
1.3329999 0.17299999 -0.011 1
1.34 0.183 -0.057 1
1.352 0.19599999 -0.1 1
1.3329999 0.193 0.033 1
1.351 0.207 -0.011 12
1.3559999 0.219 -0.059 1
1.374 0.233 -0.103 11
1.353 0.227 0.033 10
1.358 0.23999999 -0.012 1
1.3710001 0.25400001 -0.059999999 9
1.383 0.26899999 -0.104 1
1.375 0.26199999 0.034000002 1
1.387 0.278 -0.012 9
1.409 0.296 -0.061999999 0
1.484 0.32600001 -0.113 8
1.406 0.301 0.035 5
1.476 0.331 -0.013 1
1.45 0.34099999 -0.064000003 9
1.426 0.34999999 -0.11 9
1.4349999 0.34 0.035999998 1
1.426 0.35499999 -0.013 9
1.413 0.36700001 -0.063000001 1
1.373 0.37200001 -0.107 1
1.401 0.366 0.035 11
1.376 0.37599999 -0.013 1
1.3559999 0.38699999 -0.061000001 13
1.332 0.396 -0.105 11
1.398 0.398 0.035 3
1.336 0.398 -0.012 14
1.304 0.40599999 -0.059999999 2
1.278 0.414 -0.101 1
1.317 0.40700001 0.033 15
1.2819999 0.414 -0.012 2
1.2690001 0.428 -0.059 1
1.2460001 0.43700001 -0.1 12
1.261 0.421 0.032000002 1
1.25 0.43599999 -0.012 13
1.221 0.44400001 -0.057 1
1.1339999 0.42899999 -0.092 1
0 0 0 0
0 0 0 0
1.169 0.45699999 -0.055 0
1.163 0.47299999 -0.094999999 2
1.137 0.43700001 0.028000001 4
1.173 0.47099999 -0.012 1
1.154 0.48300001 -0.055 2
1.13 0.491 -0.093999997 2
1.161 0.477 0.028999999 2
1.136 0.48699999 -0.012 1
1.117 0.49900001 -0.054000001 1
0 0 0 0
1.124 0.491 0.028000001 2
0 0 0 0
0 0 0 0
0 0 0 0
0 0 0 0
0 0 0 0
0 0 0 0
0 0 0 0
0 0 0 0
0 0 0 0
0 0 0 0
0 0 0 0
0 0 0 0
0 0 0 0
1.0190001 0.57599998 -0.052000001 0
0 0 0 0
0 0 0 0
0 0 0 0
0 0 0 0
0.99599999 0.61799997 -0.089000002 3
0 0 0 0
0.94800001 0.57200003 -0.012 3
1.023 0.64399999 -0.054000001 1
0.94700003 0.62 -0.086000003 1
0.95200002 0.579 0.023 2
0.926 0.58899999 -0.012 2
1.0039999 0.66600001 -0.054000001 3
0.92900002 0.64099997 -0.085000001 2
0.926 0.59200001 0.023 2
0.90100002 0.60299999 -0.012 2
0.991 0.69199997 -0.054000001 3
0.88099998 0.639 -0.082000002 2
0.89999998 0.60500002 0.022 2
0.88099998 0.61799997 -0.012 2
0 0 0 0
0.84899998 0.64899999 -0.079999998 2
0.87900001 0.62 0.021 2
0.84799999 0.62599999 -0.012 2
0 0 0 0
0.82800001 0.66399997 -0.079999998 2
0.847 0.62699997 0.02 2
0.82999998 0.64200002 -0.012 2
0.935 0.75599998 -0.054000001 4
0.79699999 0.67199999 -0.078000002 2
0.83099997 0.64399999 0.02 2
0.80500001 0.65399998 -0.012 2
0.88599998 0.75199997 -0.052000001 3
0.76700002 0.67900002 -0.075999998 2
0.80699998 0.65600002 0.018999999 2
0.77999997 0.66399997 -0.012 2
0.86299998 0.76899999 -0.050999999 3
0.73900002 0.68699998 -0.075000003 2
0.78600001 0.66799998 0.017999999 2
0.76200002 0.67900002 -0.012 2
0 0 0 0
0.72299999 0.70499998 -0.075000003 2
0.764 0.68000001 0.017999999 2
0.741 0.69099998 -0.012 2
0.84600002 0.82800001 -0.052000001 2
0.69400001 0.71100003 -0.072999999 2
0.74299997 0.69199997 0.017000001 2
0.71600002 0.69999999 -0.012 2
0.80400002 0.82499999 -0.050999999 1
0.67000002 0.72000003 -0.071999997 2
0.71600002 0.69700003 0.016000001 2
0.69499999 0.71200001 -0.013 2
0.78200001 0.84200001 -0.050999999 2
0.64099997 0.72299999 -0.07 6
0.69599998 0.70999998 0.015 2
0.662 0.70999998 -0.013 2
0.65899998 0.74400002 -0.044 2
0 0 0 0
0.676 0.722 0.015 2
0.64300001 0.72299999 -0.013 3
0.60000002 0.71100003 -0.041000001 0
0.58999997 0.73299998 -0.067000002 6
0.64899999 0.72500002 0.014 6
0.60100001 0.708 -0.012 2
0.58499998 0.727 -0.041000001 5
0.61299998 0.801 -0.071999997 7
0.61299998 0.71700001 0.013 1
0.58499998 0.722 -0.013 19
0 0 0 0
0.59600002 0.81900001 -0.071999997 7
0.57800001 0.70700002 0.012 5
0.61699998 0.79900002 -0.014 2
0.71700001 0.98199999 -0.052999999 7
0.574 0.82999998 -0.071000002 4
0.60399997 0.77499998 0.012 1
0.60000002 0.81400001 -0.014 3
0.67799997 0.97600001 -0.050999999 8
0.551 0.83899999 -0.07 7
0.597 0.80299997 0.012 7
0.57700002 0.82300001 -0.014 4
0.63700002 0.96600002 -0.050000001 7
0.52600002 0.84500003 -0.068999998 5
0.60799998 0.85799998 0.011 8
0.55699998 0.83499998 -0.015 4
0.54500002 0.87099999 -0.044 4
0.50599998 0.85799998 -0.068000004 7
0.58700001 0.87 0.011 8
0.53500003 0.84500003 -0.015 4
0.51099998 0.861 -0.041999999 5
0.484 0.86699998 -0.067000002 8
0.56599998 0.88099998 0.0099999998 8
0.51200002 0.85000002 -0.015 5
0.48899999 0.87 -0.041999999 6
0.458 0.86900002 -0.066 14
0.52100003 0.85399997 0.0089999996 7
0.495 0.86699998 -0.015 6
0.47 0.88300002 -0.041999999 7
0.44299999 0.89200002 -0.066 20
0.54400003 0.93900001 0.0089999996 10
0.46700001 0.86400002 -0.015 8
0.44100001 0.88 -0.041000001 10
0.421 0.90200001 -0.064999998 19
0.51499999 0.93699998 0.0080000004 15
0.44800001 0.87800002 -0.015 10
0.42199999 0.89300001 -0.041000001 11
0.39500001 0.90200001 -0.064000003 11
0.49900001 0.95899999 0.0070000002 21
0.42699999 0.88800001 -0.016000001 10
0.40200001 0.90499997 -0.039999999 10
0.375 0.91500002 -0.063000001 8
0.45899999 0.93400002 0.0060000001 18
0.40599999 0.89600003 -0.016000001 9
0.38699999 0.92900002 -0.041000001 6
0.35299999 0.92299998 -0.061999999 7
0.44499999 0.96100003 0.0049999999 9
0.38999999 0.917 -0.016000001 6
0.36300001 0.93300003 -0.039999999 6
0.33500001 0.94300002 -0.061999999 7
0.40900001 0.93800002 0.0040000002 8
0.368 0.92400002 -0.016000001 6
0.34 0.94099998 -0.039999999 6
0.31900001 0.97100002 -0.063000001 5
0.398 0.97299999 0.003 9
0.345 0.92900002 -0.017000001 5
0.31900001 0.95200002 -0.039999999 5
0.30000001 0.991 -0.063000001 6
0.39300001 1.031 0.003 8
0.32699999 0.94599998 -0.017000001 4
0.29800001 0.963 -0.039000001 4
0.28200001 1.02 -0.063000001 6
0.38 1.068 0.0020000001 10
0.30599999 0.95899999 -0.017000001 4
0.27700001 0.97600001 -0.039000001 4
0.26300001 1.048 -0.063000001 7
0.36199999 1.096 0.001 9
0.285 0.96799999 -0.017999999 4
0.255 0.986 -0.039000001 4
0.243 1.076 -0.064000003 7
0.34099999 1.1210001 0 9
0.26300001 0.97899997 -0.017999999 3
0.229 0.98100001 -0.037999999 3
0.221 1.098 -0.063000001 8
0.31999999 1.145 0 10
0.23800001 0.97600001 -0.017999999 3
0.208 0.99699998 -0.037999999 3
0.197 1.115 -0.063000001 9
0.29699999 1.164 -0.001 14
0.21799999 0.99299997 -0.017999999 3
0.18700001 1.016 -0.037999999 3
0.17299999 1.137 -0.063000001 9
0.271 1.179 -0.0020000001 15
0.197 1.01 -0.018999999 3
0.16500001 1.029 -0.037999999 3
0.147 1.147 -0.061999999 12
0.24600001 1.196 -0.003 15
0.175 1.023 -0.018999999 3
0.141 1.038 -0.037999999 3
0.122 1.1670001 -0.061999999 12
0.221 1.2130001 -0.0040000002 15
0.152 1.034 -0.02 3
0.117 1.044 -0.037 2
0.093999997 1.176 -0.061000001 9
0.19400001 1.229 -0.0049999999 15
0.12899999 1.0420001 -0.02 2
0.093000002 1.0549999 -0.037 2
0.067000002 1.179 -0.059 9
0.16599999 1.2359999 -0.0060000001 15
0.105 1.054 -0.02 2
0.068999998 1.071 -0.037 2
0.039000001 1.192 -0.059 9
0.138 1.248 -0.0080000004 15
0.081 1.066 -0.021 2
0.044 1.08 -0.037 2
0.011 1.198 -0.057 8
0.11 1.268 -0.0089999996 15
0.057 1.075 -0.021 2
0.018999999 1.092 -0.037 2
-0.017000001 1.204 -0.056000002 6
0.082000002 1.281 -0.0099999998 11
0.032000002 1.086 -0.021 2
-0.0049999999 1.107 -0.037 2
-0.044 1.188 -0.054000001 4
0.052000001 1.283 -0.011 11
0.0060000001 1.101 -0.022 2
-0.032000002 1.125 -0.035999998 2
-0.071999997 1.1799999 -0.052000001 2
0.022 1.3 -0.012 11
-0.018999999 1.115 -0.022 2
-0.059 1.132 -0.035999998 2
-0.097000003 1.154 -0.050000001 1
-0.0070000002 1.309 -0.014 11
-0.045000002 1.128 -0.023 2
-0.086999997 1.152 -0.035999998 2
-0.127 1.17 -0.048999999 1
-0.037999999 1.322 -0.015 10
-0.072999999 1.147 -0.023 1
-0.116 1.166 -0.035999998 1
-0.15700001 1.1900001 -0.048999999 1
-0.07 1.3380001 -0.016000001 10
-0.101 1.165 -0.024 1
-0.145 1.175 -0.035999998 1
-0.186 1.194 -0.046999998 1
-0.096000001 1.263 -0.017000001 3
-0.13 1.171 -0.024 1
-0.17399999 1.187 -0.035 1
-0.219 1.216 -0.046999998 1
-0.118 1.1849999 -0.017000001 2
-0.16 1.1849999 -0.025 1
-0.207 1.209 -0.035 1
-0.25 1.225 -0.046 1
-0.154 1.245 -0.018999999 2
-0.191 1.202 -0.025 1
-0.23899999 1.223 -0.035 1
-0.285 1.2460001 -0.045000002 2
-0.192 1.303 -0.021 3
-0.223 1.222 -0.026000001 1
-0.27200001 1.24 -0.035 1
-0.31600001 1.248 -0.044 2
-0.215 1.256 -0.021 2
-0.25600001 1.237 -0.027000001 1
-0.30399999 1.2460001 -0.035 2
-0.377 1.352 -0.046 2
-0.244 1.244 -0.022 2
-0.289 1.247 -0.027000001 1
-0.35100001 1.3049999 -0.035999998 1
-0.41800001 1.375 -0.045000002 12
-0.273 1.24 -0.023 2
-0.322 1.252 -0.027000001 1
-0.403 1.369 -0.037 1
-0.46200001 1.402 -0.044 2
-0.30500001 1.244 -0.024 2
-0.382 1.355 -0.029999999 1
-0.44 1.375 -0.035999998 13
-0.50099999 1.408 -0.043000001 10
-0.361 1.3329999 -0.028000001 1
-0.42199999 1.372 -0.030999999 11
-0.48800001 1.41 -0.035999998 2
-0.54799998 1.4349999 -0.041999999 10
-0.40400001 1.3660001 -0.029999999 11
-0.465 1.396 -0.032000002 2
-0.52999997 1.423 -0.035999998 9
-0.59600002 1.459 -0.041000001 9
-0.447 1.387 -0.032000002 2
-0.51099998 1.4220001 -0.033 10
-0.579 1.452 -0.035999998 9
-0.64499998 1.478 -0.039000001 8
-0.49200001 1.413 -0.034000002 10
-0.55400002 1.4349999 -0.033 9
-0.62599999 1.469 -0.035 9
-0.70200002 1.512 -0.037999999 9
-0.53500003 1.428 -0.035999998 9
-0.60299999 1.4579999 -0.034000002 9
-0.67699999 1.489 -0.035 9
-0.713 1.449 -0.035 56
-0.583 1.449 -0.037999999 9
-0.65899998 1.494 -0.035999998 10
-0.736 1.525 -0.035 10
-0.72000003 1.381 -0.030999999 46
-0.63300002 1.472 -0.039999999 8
-0.71399999 1.5190001 -0.037 9
-0.708 1.3839999 -0.030999999 57
-0.77700001 1.409 -0.029999999 44
-0.69099998 1.507 -0.043000001 9
-0.704 1.4119999 -0.034000002 57
-0.75800002 1.399 -0.029999999 10
-0.71899998 1.235 -0.025 44
-0.72799999 1.493 -0.044 21
-0.73400003 1.388 -0.034000002 42
-0.727 1.271 -0.027000001 108
-0.727 1.187 -0.022 11
-0.713 1.378 -0.041999999 35
-0.77100003 1.3789999 -0.034000002 61
-0.727 1.206 -0.025 10
-0.74599999 1.156 -0.02 10
-0.77200001 1.409 -0.045000002 44
-0.72000003 1.22 -0.030999999 41
-0.74400002 1.171 -0.023 10
-0.76800001 1.132 -0.017999999 10
-0.71600002 1.2359999 -0.041000001 43
-0.73400003 1.1799999 -0.029999999 10
-0.76300001 1.142 -0.022 9
-0.78200001 1.098 -0.015 10
-0.73699999 1.204 -0.041999999 9
-0.755 1.151 -0.029999999 8
-0.77999997 1.11 -0.021 9
-0.79900002 1.069 -0.013 10
-0.74900001 1.161 -0.041999999 9
-0.77200001 1.119 -0.029999999 8
-0.796 1.079 -0.018999999 9
-0.815 1.04 -0.011 10
-0.76800001 1.13 -0.041999999 10
-0.79100001 1.09 -0.028999999 9
-0.81699997 1.0549999 -0.017999999 9
-0.82999998 1.011 -0.0089999996 10
-0.78600001 1.099 -0.043000001 10
-0.80500001 1.057 -0.028999999 8
-0.82599998 1.017 -0.017000001 9
-0.84200001 0.97799999 -0.0070000002 10
-0.79900002 1.063 -0.043000001 10
-0.82099998 1.027 -0.028000001 8
-0.838 0.98400003 -0.016000001 9
-0.85799998 0.95200002 -0.0049999999 10
-0.81699997 1.035 -0.043000001 10
-0.838 0.99900001 -0.028000001 9
-0.85600001 0.95999998 -0.014 9
-0.87199998 0.92400002 -0.003 10
-0.838 1.01 -0.044 10
-0.85000002 0.96600002 -0.027000001 9
-0.87 0.93099999 -0.013 9
-0.88499999 0.89600003 -0.001 10
-0.84899998 0.97500002 -0.044 10
-0.86500001 0.93800002 -0.027000001 9
-0.88499999 0.90399998 -0.012 9
-0.89899999 0.87 0 10
-0.86000001 0.94099998 -0.044 10
-0.87900001 0.90899998 -0.027000001 9
-0.89700001 0.875 -0.011 9
-0.91500002 0.84500003 0.001 10
-0.87699997 0.91399997 -0.045000002 10
-0.89200002 0.88 -0.026000001 9
-0.91299999 0.85000002 -0.0099999998 9
-0.92299998 0.815 0.003 10
-0.89099997 0.88599998 -0.045000002 10
-0.90899998 0.85500002 -0.026000001 9
-0.92299998 0.81999999 -0.0089999996 9
-0.93900001 0.792 0.0049999999 10
-0.90399998 0.85600001 -0.045000002 10
-0.92400002 0.82999998 -0.026000001 9
-0.93800002 0.79500002 -0.0080000004 9
-0.94999999 0.76499999 0.0070000002 10
-0.91799998 0.82800001 -0.046 9
-0.935 0.80000001 -0.025 9
-0.95099998 0.76899999 -0.0070000002 9
-0.96399999 0.74000001 0.0080000004 10
-0.93300003 0.80199999 -0.046 10
-0.94199997 0.76899999 -0.025 9
-0.96399999 0.74400002 -0.0060000001 9
-0.98900002 0.72500002 0.0099999998 2
-0.94499999 0.77399999 -0.046 9
-0.95899999 0.745 -0.025 9
-0.99699998 0.73299998 -0.0049999999 5
-0.98199999 0.68599999 0.012 1
-0.95499998 0.745 -0.046999998 9
-0.98400003 0.72799999 -0.025 6
-0.99000001 0.69300002 -0.003 1
-1.001 0.66600001 0.014 2
-0.97799999 0.72500002 -0.046999998 8
-0.98699999 0.69499999 -0.024 1
-1.006 0.671 -0.003 1
-1.013 0.64099997 0.015 2
-0.98500001 0.69400001 -0.046999998 1
-1.003 0.671 -0.024 1
-1.012 0.64099997 -0.001 3
-1.03 0.62 0.017000001 5
-1.003 0.671 -0.048 1
-1.01 0.64200002 -0.023 2
-1.035 0.62300003 0 5
-1.036 0.59200001 0.018999999 9
-1.015 0.64399999 -0.048 2
-1.023 0.61699998 -0.023 4
-1.038 0.59299999 0 8
-1.054 0.57099998 0.02 22
-1.03 0.61900002 -0.048999999 4
-1.03 0.588 -0.023 7
-1.052 0.56900001 0.001 18
-1.0650001 0.54699999 0.022 45
-1.033 0.588 -0.048999999 8
-1.051 0.56800002 -0.023 17
-1.077 0.551 0.0020000001 40
-1.0829999 0.52499998 0.024 38
-1.051 0.565 -0.048999999 25
-1.071 0.54699999 -0.022 41
-1.082 0.52200001 0.003 31
-1.087 0.49700001 0.025 17
-1.0700001 0.542 -0.050000001 144
-1.08 0.51899999 -0.022 30
-1.089 0.495 0.0040000002 15
-1.099 0.47299999 0.027000001 8
-1.084 0.51700002 -0.050000001 34
-1.0930001 0.495 -0.022 13
-1.099 0.47 0.0049999999 7
-1.113 0.44999999 0.028000001 4
-1.09 0.48800001 -0.050000001 10
-1.099 0.46599999 -0.021 6
-1.114 0.44600001 0.0060000001 3
-1.128 0.42699999 0.029999999 2
-1.108 0.46399999 -0.050999999 6
-1.1160001 0.44299999 -0.021 3
-1.126 0.421 0.0070000002 2
-1.14 0.40200001 0.032000002 1
-1.112 0.43399999 -0.050999999 3
-1.131 0.41800001 -0.021 1
-1.137 0.396 0.0080000004 1
-1.148 0.37599999 0.033 1
-1.131 0.41 -0.050999999 1
-1.141 0.391 -0.02 1
-1.148 0.37 0.0089999996 0
-1.16 0.35100001 0.035 0
-1.137 0.382 -0.050999999 1
-1.152 0.36500001 -0.02 0
-1.16 0.345 0.0099999998 0
-1.176 0.32800001 0.037 0
-1.152 0.35600001 -0.052000001 0
-1.164 0.33899999 -0.02 0
-1.174 0.31999999 0.011 0
-1.1799999 0.301 0.037999999 0
-1.163 0.329 -0.052000001 0
-1.175 0.31200001 -0.018999999 0
0 0 0 0
0 0 0 0
-1.17 0.30000001 -0.052000001 0
-1.201 0.289 -0.018999999 0
-1.219 0.273 0.013 0
-1.209 0.25099999 0.041999999 0
0 0 0 0
0 0 0 0
0 0 0 0
0 0 0 0
0 0 0 0
-1.249 0.23899999 -0.018999999 0
0 0 0 0
0 0 0 0
0 0 0 0
0 0 0 0
-1.256 0.192 0.017000001 6
-1.253 0.17399999 0.048 10
0 0 0 0
-1.247 0.178 -0.017999999 10
-1.261 0.163 0.017999999 9
-1.265 0.147 0.048999999 10
-1.256 0.164 -0.055 9
-1.258 0.15000001 -0.017000001 9
-1.275 0.13500001 0.018999999 10
-1.2819999 0.12 0.050999999 10
-1.268 0.13500001 -0.055 10
-1.275 0.122 -0.017000001 9
-1.2869999 0.107 0.02 10
-1.296 0.092 0.052999999 10
-1.288 0.105 -0.056000002 10
-1.295 0.093000002 -0.017000001 9
-1.303 0.078000002 0.021 10
-1.313 0.064000003 0.055 10
-1.298 0.075000003 -0.056000002 10
-1.311 0.063000001 -0.016000001 9
-1.317 0.048999999 0.022 10
-1.327 0.035 0.057 10
-1.318 0.044 -0.057 10
-1.3279999 0.032000002 -0.016000001 9
-1.3380001 0.018999999 0.024 10
-1.339 0.0049999999 0.059 10
-1.336 0.012 -0.057 10
-1.339 0.001 -0.015 9
-1.344 -0.011 0.025 10
-1.3559999 -0.024 0.061999999 10
-1.348 -0.018999999 -0.057999998 10
-1.354 -0.028999999 -0.015 9
-1.362 -0.041999999 0.026000001 10
-1.373 -0.055 0.064000003 10
-1.367 -0.052999999 -0.057999998 10
-1.374 -0.061999999 -0.014 9
-1.377 -0.074000001 0.028000001 10
-1.383 -0.086000003 0.066 10
-1.377 -0.086999997 -0.057999998 9
-1.383 -0.094999999 -0.014 9
-1.397 -0.107 0.028999999 10
-1.402 -0.118 0.068000004 10
-1.408 -0.123 -0.059 10
-1.408 -0.131 -0.013 8
-1.405 -0.14 0.030999999 10
-1.427 -0.152 0.071000002 10
-1.424 -0.15899999 -0.059999999 9
-1.428 -0.16599999 -0.013 9
-1.432 -0.176 0.032000002 10
-1.438 -0.186 0.072999999 10
-1.446 -0.197 -0.059999999 9
-1.448 -0.20299999 -0.012 8
-1.4529999 -0.212 0.034000002 10
-1.464 -0.222 0.075999998 10
-1.461 -0.235 -0.061000001 9
-1.4680001 -0.241 -0.012 8
-1.483 -0.25099999 0.035999998 7
-1.475 -0.25799999 0.078000002 48
-1.476 -0.27399999 -0.061000001 36
-1.479 -0.27900001 -0.011 43
-1.4910001 -0.287 0.037 48
-1.4910001 -0.29499999 0.081 11
-1.51 -0.31900001 -0.061999999 9
-1.515 -0.32300001 -0.011 9
-1.5140001 -0.32800001 0.039000001 10
-1.522 -0.336 0.083999999 52
-1.529 -0.36199999 -0.063000001 44
-1.528 -0.36300001 -0.0099999998 42
-1.531 -0.368 0.041000001 46
-1.545 -0.377 0.086999997 47
-1.554 -0.40700001 -0.063000001 41
-1.549 -0.40700001 -0.0089999996 42
-1.563 -0.414 0.043000001 47
-1.559 -0.41800001 0.090000004 44
-1.567 -0.45199999 -0.064000003 36
-1.5700001 -0.45199999 -0.0080000004 36
-1.577 -0.456 0.045000002 45
-1.581 -0.46200001 0.093000002 45
-1.595 -0.50199997 -0.064999998 37
-1.597 -0.50099999 -0.0080000004 36
-1.595 -0.50099999 0.046999998 41
-1.604 -0.50700003 0.096000001 43
-1.619 -0.55199999 -0.064999998 35
-1.622 -0.551 -0.0070000002 35
-1.627 -0.55199999 0.050000001 38
-1.624 -0.55299997 0.098999999 41
-1.647 -0.60699999 -0.066 32
-1.65 -0.60399997 -0.0060000001 35
-1.65 -0.602 0.052000001 38
-1.654 -0.60500002 0.103 43
-1.681 -0.66600001 -0.067000002 33
-1.678 -0.65899998 -0.0049999999 35
-1.678 -0.65600002 0.054000001 34
-1.677 -0.65600002 0.107 36
-1.7029999 -0.72299999 -0.067000002 31
-1.702 -0.71499997 -0.0040000002 40
-1.7079999 -0.713 0.057 36
-1.705 -0.70999998 0.111 41
-1.739 -0.78799999 -0.068000004 25
-1.735 -0.77600002 -0.003 34
-1.73 -0.76899999 0.059999999 37
-1.729 -0.76599997 0.115 41
-1.766 -0.852 -0.068999998 30
-1.7640001 -0.83999997 -0.0020000001 32
-1.758 -0.829 0.061999999 38
-1.762 -0.82800001 0.119 40
-1.808 -0.926 -0.07 27
-1.793 -0.90600002 -0.001 36
-1.7920001 -0.89600003 0.064999998 36
-1.786 -0.88800001 0.124 40
-1.846 -1.003 -0.071000002 27
-1.839 -0.98299998 0 29
-1.834 -0.97000003 0.068999998 34
-1.8329999 -0.96200001 0.12899999 38
-1.892 -1.087 -0.071999997 28
-1.877 -1.061 0.001 29
-1.873 -1.046 0.072999999 36
-1.867 -1.034 0.13500001 36
-1.915 -1.1619999 -0.072999999 62
-1.915 -1.143 0.003 119
-1.923 -1.132 0.077 68
-1.9069999 -1.112 0.14 35
-1.8559999 -1.189 -0.07 43
-1.8660001 -1.173 0.0040000002 47
-1.88 -1.165 0.078000002 52
-1.891 -1.16 0.142 62
-1.8 -1.215 -0.067000002 47
-1.808 -1.197 0.0049999999 53
-1.826 -1.189 0.078000002 57
-1.836 -1.183 0.141 60
-1.74 -1.2359999 -0.064000003 47
-1.757 -1.223 0.0070000002 51
-1.778 -1.217 0.078000002 54
-1.7869999 -1.2079999 0.14 53
-1.6950001 -1.266 -0.061999999 45
-1.707 -1.249 0.0080000004 55
-1.7309999 -1.243 0.078000002 52
-1.738 -1.2309999 0.139 55
-1.641 -1.288 -0.059 46
-1.6569999 -1.272 0.0089999996 46
-1.681 -1.266 0.078000002 54
-1.6900001 -1.255 0.138 60
-1.59 -1.311 -0.057 46
-1.608 -1.296 0.011 51
-1.635 -1.29 0.079000004 49
-1.643 -1.278 0.138 60
-1.544 -1.337 -0.054000001 36
-1.566 -1.323 0.012 48
-1.5880001 -1.313 0.079000004 53
-1.599 -1.301 0.13699999 57
-1.5 -1.362 -0.052000001 51
-1.51 -1.337 0.013 52
-1.543 -1.336 0.079000004 46
-1.559 -1.3279999 0.13699999 46
-1.447 -1.3789999 -0.048999999 49
-1.474 -1.368 0.015 55
-1.492 -1.352 0.079000004 57
-1.513 -1.347 0.13600001 54
-1.402 -1.402 -0.046999998 48
-1.428 -1.388 0.016000001 51
-1.45 -1.376 0.079000004 54
-1.465 -1.364 0.13500001 61
-1.359 -1.424 -0.045000002 46
-1.385 -1.411 0.017000001 50
-1.409 -1.399 0.079999998 56
-1.428 -1.39 0.13500001 59
-1.313 -1.444 -0.043000001 48
-1.3380001 -1.428 0.017999999 56
-1.37 -1.424 0.079999998 53
-1.385 -1.409 0.134 59
-1.271 -1.466 -0.039999999 48
-1.299 -1.452 0.02 50
-1.321 -1.437 0.079999998 53
-1.341 -1.427 0.133 59
-1.23 -1.489 -0.037999999 52
-1.2589999 -1.476 0.021 49
-1.283 -1.461 0.081 52
-1.3 -1.447 0.133 59
-1.187 -1.5089999 -0.035999998 52
-1.2180001 -1.4960001 0.022 56
-1.245 -1.484 0.081 53
-1.263 -1.47 0.132 57
-1.146 -1.529 -0.034000002 57
-1.171 -1.51 0.023 57
-1.199 -1.498 0.081 57
-1.224 -1.4910001 0.132 57
-1.104 -1.548 -0.030999999 60
-1.133 -1.5319999 0.025 58
-1.159 -1.517 0.081 64
-1.183 -1.508 0.131 58
-1.0650001 -1.572 -0.028999999 63
-1.092 -1.551 0.026000001 62
-1.122 -1.539 0.082000002 58
-1.14 -1.522 0.13 64
-1.023 -1.5880001 -0.027000001 63
-1.052 -1.5700001 0.027000001 70
-1.081 -1.556 0.082000002 58
-1.104 -1.544 0.13 61
-0.98400003 -1.612 -0.025 61
-1.011 -1.5880001 0.028999999 57
-1.04 -1.574 0.082999997 66
-1.0650001 -1.563 0.13 68
-0.94199997 -1.628 -0.022 68
-0.97299999 -1.6109999 0.029999999 73
-1.006 -1.598 0.082999997 29
-1.027 -1.5829999 0.12899999 71
-0.903 -1.65 -0.02 75
-0.935 -1.631 0.030999999 80
-0.96700001 -1.618 0.083999999 24
-0.99199998 -1.605 0.12899999 29
-0.861 -1.666 -0.017999999 76
-0.89499998 -1.65 0.033 83
-0.94800001 -1.671 0.086000003 150
-0.954 -1.623 0.12899999 11
-0.824 -1.6900001 -0.016000001 86
-0.85500002 -1.666 0.034000002 86
-0.90799999 -1.6900001 0.086000003 164
-0.91500002 -1.641 0.12800001 26
-0.78200001 -1.704 -0.013 90
-0.81699997 -1.687 0.035 95
-0.85399997 -1.6799999 0.085000001 181
-0.87300003 -1.65 0.127 69
-0.74199998 -1.724 -0.011 78
-0.77700001 -1.705 0.037 89
-0.81999999 -1.7079999 0.086000003 176
-0.84500003 -1.688 0.12899999 168
-0.70300001 -1.745 -0.0089999996 72
-0.73900002 -1.726 0.037999999 84
-0.796 -1.7589999 0.089000002 166
-0.79699999 -1.687 0.127 151
-0.66399997 -1.767 -0.0060000001 65
-0.69999999 -1.745 0.039999999 83
-0.764 -1.7970001 0.090000004 164
-0.76200002 -1.71 0.127 77
-0.62300003 -1.784 -0.0040000002 63
-0.66000003 -1.762 0.041000001 75
-0.72399998 -1.8150001 0.090999998 150
-0.72399998 -1.729 0.127 36
-0.58399999 -1.807 -0.0020000001 63
-0.62199998 -1.7869999 0.043000001 71
-0.66100001 -1.774 0.088 13
-0.68699998 -1.749 0.127 22
-0.542 -1.822 0 61
-0.58200002 -1.803 0.044 66
-0.62300003 -1.795 0.089000002 5
-0.64999998 -1.771 0.127 13
-0.50199997 -1.844 0.0020000001 55
-0.54299998 -1.826 0.046 57
-0.58200002 -1.8099999 0.089000002 3
-0.611 -1.7869999 0.126 11
-0.46200001 -1.868 0.0049999999 61
-0.50199997 -1.844 0.048 59
-0.54299998 -1.832 0.090000004 2
-0.57200003 -1.807 0.126 10
-0.41999999 -1.886 0.0070000002 58
-0.46000001 -1.859 0.048999999 64
-0.50300002 -1.85 0.090999998 5
-0.53500003 -1.8329999 0.126 7
-0.377 -1.902 0.0099999998 57
-0.421 -1.885 0.050999999 55
-0.461 -1.865 0.090999998 65
-0.49399999 -1.845 0.126 5
-0.33500001 -1.923 0.013 48
-0.37900001 -1.905 0.052999999 54
-0.421 -1.886 0.092 64
-0.45500001 -1.869 0.126 63
-0.292 -1.9450001 0.016000001 51
-0.33700001 -1.925 0.054000001 52
-0.38 -1.904 0.093000002 61
-0.41499999 -1.888 0.126 67
-0.249 -1.966 0.018999999 46
-0.29499999 -1.946 0.056000002 53
-0.338 -1.924 0.093999997 58
-0.375 -1.906 0.126 68
-0.205 -1.988 0.021 49
-0.252 -1.9680001 0.057999998 49
-0.29699999 -1.944 0.094999999 54
-0.333 -1.926 0.126 56
-0.16 -2.003 0.024 58
-0.20900001 -1.992 0.059999999 53
-0.25400001 -1.969 0.096000001 53
-0.29100001 -1.941 0.126 62
-0.114 -2.0339999 0.027000001 46
-0.164 -2.0039999 0.061999999 51
-0.211 -1.987 0.097000003 52
-0.249 -1.967 0.126 60
-0.068000004 -2.049 0.029999999 46
-0.118 -2.0309999 0.064000003 47
-0.167 -2.0050001 0.097000003 54
-0.205 -1.983 0.126 58
-0.021 -2.085 0.034000002 21
-0.071999997 -2.052 0.066 42
-0.122 -2.0309999 0.098999999 47
-0.162 -1.999 0.125 61
0.026000001 -2.0409999 0.035999998 28
-0.026000001 -2.0869999 0.068999998 25
-0.075999998 -2.0550001 0.1 46
-0.118 -2.03 0.126 51
0 0 0 0
0.021 -2.0420001 0.068999998 25
-0.029999999 -2.086 0.102 28
-0.071999997 -2.0510001 0.126 55
0 0 0 0
0.068999998 -2.085 0.071999997 0
0.016000001 -2.029 0.098999999 14
-0.026000001 -2.085 0.127 36
0 0 0 0
0 0 0 0
0.064000003 -2.0650001 0.101 0
0.02 -2.04 0.123 13
0 0 0 0
0 0 0 0
0 0 0 0
0 0 0 0
0 0 0 0
0 0 0 0
0 0 0 0
0 0 0 0
0 0 0 0
0 0 0 0
0 0 0 0
0 0 0 0
0 0 0 0
0 0 0 0
0 0 0 0
0 0 0 0
0 0 0 0
0 0 0 0
0 0 0 0
0 0 0 0
0 0 0 0
0 0 0 0
0 0 0 0
0 0 0 0
0 0 0 0
0 0 0 0
0 0 0 0
0 0 0 0
0.63200003 -2.3239999 0.079999998 7
0.57800001 -2.368 0.098999999 13
0 0 0 0
0 0 0 0
0.66600001 -2.2460001 0.081 10
0.61500001 -2.286 0.097999997 13
0.57599998 -2.385 0.119 9
0 0 0 0
0.69400001 -2.158 0.081 11
0.65200001 -2.221 0.097000003 14
0.61299998 -2.302 0.116 11
0.583 -2.3959999 0.134 1
0.72299999 -2.0840001 0.082000002 13
0.685 -2.151 0.096000001 14
0.64700001 -2.223 0.113 12
0.62599999 -2.3369999 0.12899999 9
0.75199997 -2.0190001 0.082999997 12
0.71899998 -2.0899999 0.096000001 13
0.68099999 -2.154 0.11 13
0.66000003 -2.2509999 0.124 6
0.78100002 -1.959 0.085000001 12
0.74900001 -2.0250001 0.094999999 13
0.71499997 -2.0940001 0.107 13
0.68599999 -2.158 0.118 10
0.81099999 -1.906 0.086000003 12
0.77700001 -1.962 0.093999997 12
0.74400002 -2.0239999 0.104 12
0.71799999 -2.089 0.113 11
0.838 -1.852 0.086999997 12
0.80699998 -1.909 0.093999997 11
0.77399999 -1.966 0.102 12
0.74699998 -2.0209999 0.109 13
0.85699999 -1.786 0.088 11
0.83499998 -1.8559999 0.093999997 11
0.80299997 -1.91 0.1 11
0.77899998 -1.965 0.105 13
0.90399998 -1.779 0.090999998 3
0.85399997 -1.789 0.092 10
0.83200002 -1.8559999 0.097999997 11
0.81 -1.914 0.102 12
0 0 0 0
0.89499998 -1.7690001 0.093000002 4
0.852 -1.791 0.094999999 10
0.83700001 -1.855 0.097999997 12
0 0 0 0
0 0 0 0
0.90200001 -1.788 0.096000001 4
0.85699999 -1.788 0.093999997 11
0 0 0 0
0 0 0 0
0 0 0 0
0.90600002 -1.7819999 0.093999997 3
0 0 0 0
0 0 0 0
0 0 0 0
0 0 0 0
0 0 0 0
0 0 0 0
0 0 0 0
0 0 0 0
0 0 0 0
0 0 0 0
0 0 0 0
0 0 0 0
2.8069999 -3.8640001 0.26300001 9
0 0 0 0
0 0 0 0
0 0 0 0
0 0 0 0
2.8050001 -3.859 0.245 22
0 0 0 0
0 0 0 0
0 0 0 0
0 0 0 0
2.8039999 -3.8559999 0.223 58
0 0 0 0
0 0 0 0
0 0 0 0
0 0 0 0
2.8269999 -3.8510001 0.198 150
1.651 -1.89 0.15099999 10
3.668 -4.3850002 0.303 0
0 0 0 0
3.0999999 -4.0219998 0.206 17
1.693 -1.852 0.154 59
1.66 -1.8940001 0.13500001 57
3.675 -4.3790002 0.26499999 0
3.148 -3.8900001 0.199 31
1.762 -1.842 0.16 4
1.694 -1.846 0.13500001 51
1.664 -1.892 0.116 56
1.666 -1.9630001 0.1 4
3.9070001 -3.9070001 0.35299999 1
3.8469999 -4.007 0.30399999 0
1.712 -1.858 0.116 55
1.6720001 -1.8789999 0.096000001 58
1.673 -1.6 0.15000001 38
3.902 -3.882 0.30399999 1
3.8429999 -3.9820001 0.25299999 1
1.729 -1.854 0.094999999 55
1.6849999 -1.541 0.15099999 44
1.665 -1.582 0.12800001 43
1.678 -1.66 0.107 1
3.872 -3.9590001 0.20299999 1
1.743 -1.524 0.156 18
1.697 -1.541 0.12899999 46
1.669 -1.575 0.104 42
1.675 -1.6339999 0.083999999 9
0 0 0 0
1.768 -1.534 0.132 5
1.71 -1.541 0.104 55
1.678 -1.562 0.079999998 50
0 0 0 0
0 0 0 0
0 0 0 0
1.73 -1.535 0.079000004 42
0 0 0 0
0 0 0 0
0 0 0 0
0 0 0 0
0 0 0 0
0 0 0 0
7.7930002 -6.0970001 0.44100001 4
0 0 0 0
3.3929999 -2.3570001 0.30199999 1
0 0 0 0
9.9040003 -7.3889999 0.54799998 22
0 0 0 0
3.3410001 -2.211 0.29699999 2
0 0 0 0
11.324 -8.0430002 0.61400002 5
0 0 0 0
0 0 0 0
0 0 0 0
12.14 -8.2049999 0.64499998 62
3.4100001 -2.3710001 0.126 2
0 0 0 0
3.529 -2.1900001 0.248 1
3.5450001 -2.2780001 0.184 0
3.3710001 -2.227 0.119 10
3.648 -2.079 0.324 0
0 0 0 0
3.608 -2.2 0.184 0
0 0 0 0
0 0 0 0
0 0 0 0
3.5910001 -2.0769999 0.18000001 1
0 0 0 0
3.684 -1.887 0.32800001 0
3.631 -1.9220001 0.25 2
3.6470001 -1.998 0.17900001 0
3.6070001 -2.0309999 0.113 1
3.6849999 -1.786 0.32800001 9
3.6819999 -1.845 0.252 6
3.678 -1.904 0.178 8
3.6289999 -1.931 0.109 3
3.763 -1.722 0.336 0
3.71 -1.7539999 0.25299999 2
3.7149999 -1.8150001 0.176 10
3.6300001 -1.821 0.105 159
22.666 -9.7749996 2.0280001 5
3.72 -1.656 0.25299999 1
3.7639999 -1.732 0.176 5
3.7190001 -1.756 0.103 10
5.0469999 -2.046 0.45199999 11
3.7290001 -1.559 0.252 2
3.8429999 -1.66 0.177 0
3.645 -1.615 0.097000003 150
0 0 0 0
3.7320001 -1.462 0.252 1
0 0 0 0
3.7750001 -1.567 0.097000003 0
0 0 0 0
3.7909999 -1.386 0.255 0
0 0 0 0
3.7920001 -1.4680001 0.093999997 17
3.914 -1.29 0.35299999 1
3.8399999 -1.306 0.257 0
30.098 -10.571 1.332 8
0 0 0 0
0 0 0 0
3.9460001 -1.242 0.264 8
5.2210002 -1.698 0.228 11
0 0 0 0
0 0 0 0
3.9790001 -1.154 0.266 2
30.732 -9.2089996 1.327 18
0 0 0 0
0 0 0 0
31.173 -8.2840004 2.079 11
4.0599999 -1.113 0.17299999 7
0 0 0 0
0 0 0 0
0 0 0 0
4.0900002 -1.018 0.17200001 1
0 0 0 0
0 0 0 0
0 0 0 0
27.794001 -6.237 1.163 7
0 0 0 0
0 0 0 0
0 0 0 0
0 0 0 0
28.048 -5.743 0.53200001 7
0 0 0 0
0 0 0 0
0 0 0 0
28.381001 -5.099 0.51999998 6
0 0 0 0
0 0 0 0
0 0 0 0
28.693001 -4.448 0.50700003 8
0 0 0 0
0.85500002 -0.105 0.056000002 0
0.85299999 -0.109 0.034000002 0
0 0 0 0
0 0 0 0
0 0 0 0
0 0 0 0
0 0 0 0
1.362 -0.102 0.127 2
0 0 0 0
0 0 0 0
0 0 0 0
1.278 -0.068000004 0.12 0
1.299 -0.071000002 0.086999997 5
1.298 -0.072999999 0.050999999 4
1.314 -0.075000003 0.02 4
0 0 0 0
1.238 -0.039000001 0.082999997 1
1.248 -0.041000001 0.048999999 1
1.2460001 -0.041000001 0.017999999 1
1.239 -0.011 0.118 35
1.237 -0.011 0.082999997 41
1.244 -0.012 0.048 31
1.247 -0.011 0.017000001 34
1.234 0.015 0.118 4
1.2410001 0.016000001 0.082999997 4
1.243 0.017000001 0.048 4
1.247 0.017999999 0.017000001 3
1.25 0.043000001 0.12 4
1.251 0.045000002 0.083999999 3
1.253 0.046 0.048 3
1.253 0.048 0.017000001 2
1.257 0.071000002 0.121 3
1.26 0.074000001 0.085000001 3
1.2640001 0.077 0.048999999 3
1.276 0.079999998 0.016000001 2
1.274 0.101 0.124 2
1.28 0.105 0.086999997 2
1.281 0.108 0.048999999 2
1.285 0.112 0.016000001 2
1.289 0.13 0.126 2
1.2920001 0.13500001 0.088 2
1.303 0.141 0.050000001 2
1.2970001 0.145 0.016000001 1
1.304 0.161 0.12800001 2
1.3150001 0.168 0.090000004 1
1.319 0.17399999 0.050999999 2
1.3279999 0.18099999 0.016000001 14
1.312 0.191 0.13 2
1.321 0.2 0.090999998 1
1.331 0.207 0.050999999 1
1.3430001 0.21600001 0.015 1
1.334 0.22499999 0.133 1
1.344 0.234 0.093000002 1
1.353 0.243 0.052000001 1
1.367 0.25400001 0.015 13
1.363 0.26100001 0.13699999 8
1.369 0.271 0.096000001 9
1.37 0.28 0.052999999 9
1.374 0.28999999 0.015 0
1.373 0.29499999 0.139 1
1.399 0.31099999 0.097999997 0
1.495 0.34200001 0.057999998 1
1.477 0.34900001 0.016000001 12
1.4579999 0.347 0.149 8
1.439 0.354 0.102 8
1.427 0.36199999 0.056000002 10
1.4170001 0.37200001 0.015 11
1.402 0.36700001 0.14399999 8
1.397 0.377 0.098999999 2
1.393 0.389 0.055 1
1.4579999 0.41999999 0.015 5
1.37 0.38999999 0.142 2
1.353 0.39899999 0.097000003 13
1.3660001 0.41600001 0.054000001 34
1.347 0.42399999 0.014 28
1.332 0.412 0.139 13
1.298 0.41499999 0.093999997 2
1.291 0.426 0.050999999 1
1.314 0.44800001 0.013 1
1.279 0.42699999 0.13500001 2
1.265 0.43700001 0.092 1
1.248 0.44600001 0.050000001 2
1.294 0.477 0.013 54
1.235 0.44299999 0.132 2
1.229 0.456 0.090999998 2
0 0 0 0
0 0 0 0
0 0 0 0
1.178 0.46799999 0.088 0
1.168 0.47999999 0.046999998 2
0 0 0 0
1.171 0.479 0.127 2
1.154 0.48899999 0.086999997 2
1.14 0.5 0.046999998 2
1.104 0.50099999 0.011 1
1.141 0.49599999 0.125 2
1.115 0.50300002 0.085000001 2
0 0 0 0
0 0 0 0
1.11 0.51200002 0.123 1
0 0 0 0
0 0 0 0
0 0 0 0
0 0 0 0
0 0 0 0
0 0 0 0
0 0 0 0
0 0 0 0
0 0 0 0
0 0 0 0
1.1720001 0.676 0.012 0
0 0 0 0
0 0 0 0
0 0 0 0
0 0 0 0
0 0 0 0
0 0 0 0
0.949 0.588 0.041999999 4
0.926 0.59600002 0.0099999998 0
0 0 0 0
0.93400002 0.58700001 0.077 4
0.92500001 0.60500002 0.041999999 3
0.89600003 0.60699999 0.0099999998 0
0.93800002 0.59600002 0.112 1
0.91100001 0.602 0.075999998 3
0.89399999 0.61500001 0.041000001 2
0.87199998 0.62199998 0.0099999998 0
0.912 0.60900003 0.11 1
0.88800001 0.616 0.075000003 3
0.87 0.62900001 0.041000001 2
0.84600002 0.63599998 0.0099999998 0
0 0 0 0
0.85900003 0.62699997 0.074000001 3
0.84299999 0.63999999 0.039999999 2
0.81900001 0.64600003 0.0099999998 0
0 0 0 0
0.838 0.64099997 0.072999999 3
0.81699997 0.65200001 0.039999999 2
0.796 0.66000003 0.0099999998 0
0 0 0 0
0.81099999 0.65100002 0.071999997 2
0.796 0.667 0.039999999 2
0.77200001 0.67299998 0.0099999998 0
0 0 0 0
0.79100001 0.66399997 0.071999997 2
0.77100003 0.67699999 0.039000001 2
0 0 0 0
0 0 0 0
0.76599997 0.67400002 0.071000002 2
0.74900001 0.68900001 0.039000001 2
0 0 0 0
0 0 0 0
0.745 0.68599999 0.07 2
0.71899998 0.69400001 0.039000001 5
0 0 0 0
0 0 0 0
0.72100002 0.69599998 0.07 2
0.69499999 0.70300001 0.037999999 5
0.67799997 0.71700001 0.011 1
0 0 0 0
0.70499998 0.71200001 0.07 3
0.66799998 0.708 0.037999999 5
0.662 0.736 0.011 6
0 0 0 0
0.68000001 0.72000003 0.068999998 2
0.64899999 0.722 0.037999999 5
0.63300002 0.73900002 0.012 1
0 0 0 0
0.65499997 0.72600001 0.068000004 2
0.62800002 0.73299998 0.037999999 2
0.58200002 0.713 0.011 1
0.75 0.82700002 0.11 4
0.63499999 0.73699999 0.068000004 2
0 0 0 0
0.58899999 0.75700003 0.012 2
0.63999999 0.73900002 0.096000001 3
0.58700001 0.71399999 0.064000003 0
0.58200002 0.74800003 0.037999999 3
0.59399998 0.80400002 0.013 7
0 0 0 0
0.583 0.74400002 0.066 3
0.60100001 0.81199998 0.041000001 4
0.59200001 0.84299999 0.014 7
0.58399999 0.73799998 0.090999998 2
0.60799998 0.81400001 0.07 3
0.58399999 0.82800001 0.041000001 4
0.56400001 0.84500003 0.015 7
0.76499999 1.013 0.123 6
0.588 0.82599998 0.07 3
0.56 0.83499998 0.041000001 4
0.53600001 0.84799999 0.015 7
0 0 0 0
0.56599998 0.83600003 0.07 4
0.53500003 0.84200001 0.041000001 4
0.509 0.84899998 0.015 7
0 0 0 0
0.54400003 0.84500003 0.07 4
0.51800001 0.85799998 0.041999999 4
0.49200001 0.86900002 0.016000001 8
0 0 0 0
0.523 0.85399997 0.068999998 4
0.51099998 0.89300001 0.043000001 6
0.46200001 0.86400002 0.016000001 11
0 0 0 0
0.498 0.85799998 0.068999998 5
0.523 0.96799999 0.046 11
0.44299999 0.87900001 0.017000001 16
0.51099998 0.86500001 0.094999999 3
0.47799999 0.86799997 0.068999998 6
0.498 0.97500002 0.046 12
0.421 0.88599998 0.017999999 16
0.56300002 1.0039999 0.109 10
0.45899999 0.88200003 0.068999998 6
0.47099999 0.97799999 0.046 13
0.40099999 0.89999998 0.017999999 15
0.528 0.995 0.106 12
0.433 0.88 0.068000004 9
0.42899999 0.949 0.045000002 7
0.38 0.91100001 0.018999999 8
0.50099999 0.99800003 0.104 12
0.41299999 0.89099997 0.068000004 8
0.41 0.96700001 0.046 6
0.36000001 0.92500001 0.02 8
0.48300001 1.0190001 0.105 9
0.39700001 0.912 0.068999998 6
0.405 1.021 0.048 5
0.33700001 0.93099999 0.021 7
0.42699999 0.95499998 0.097000003 7
0.375 0.917 0.068000004 6
0.398 1.075 0.050999999 7
0.31600001 0.94499999 0.022 5
0.40400001 0.96200001 0.096000001 6
0.35299999 0.92699999 0.068999998 5
0.37799999 1.101 0.052000001 8
0.296 0.95899999 0.023 4
0.39300001 0.99900001 0.097999997 7
0.333 0.93800002 0.068999998 4
0.35600001 1.122 0.052999999 9
0.273 0.96700001 0.023 4
0.38 1.034 0.1 8
0.31400001 0.954 0.068999998 4
0.333 1.1440001 0.054000001 11
0.25099999 0.98000002 0.025 3
0.36399999 1.066 0.102 8
0.29300001 0.96600002 0.07 4
0.30700001 1.153 0.055 9
0.23 0.99299997 0.026000001 3
0.34599999 1.094 0.103 9
0.27200001 0.97600001 0.07 4
0.27700001 1.151 0.055 9
0.207 1.002 0.027000001 3
0.324 1.113 0.104 9
0.25 0.986 0.07 4
0.24699999 1.146 0.055 8
0.183 1.0089999 0.028000001 3
0.30199999 1.132 0.104 9
0.228 0.995 0.07 3
0.21600001 1.13 0.055 7
0.161 1.026 0.028999999 2
0.278 1.147 0.104 9
0.20299999 0.98900002 0.07 3
0.18700001 1.119 0.055 5
0.139 1.046 0.030999999 2
0.25299999 1.1619999 0.104 10
0.183 1.01 0.071000002 3
0.15700001 1.096 0.054000001 4
0.115 1.0599999 0.032000002 2
0.229 1.181 0.105 10
0.161 1.03 0.071999997 3
0.12800001 1.077 0.052999999 2
0.093999997 1.114 0.035 3
0.205 1.2029999 0.106 10
0.138 1.039 0.071999997 3
0.102 1.066 0.052999999 2
0.072999999 1.2079999 0.039000001 6
0.17900001 1.2180001 0.106 10
0.115 1.053 0.072999999 3
0.077 1.074 0.054000001 2
0.046 1.2539999 0.041999999 9
0.15099999 1.229 0.106 11
0.090999998 1.061 0.072999999 3
0.052000001 1.077 0.055 2
0.017000001 1.286 0.044 10
0.125 1.248 0.106 11
0.067000002 1.069 0.074000001 3
0.027000001 1.096 0.056000002 2
-0.013 1.312 0.046999998 11
0.097000003 1.265 0.107 11
0.043000001 1.085 0.075000003 3
0.001 1.1059999 0.057999998 2
-0.044 1.326 0.048999999 10
0.068000004 1.28 0.107 11
0.017000001 1.091 0.075000003 2
-0.024 1.115 0.059 2
-0.075999998 1.329 0.050000001 7
0.039000001 1.296 0.107 11
-0.0070000002 1.109 0.075999998 2
-0.050999999 1.126 0.059999999 2
-0.093999997 1.165 0.045000002 1
0.0099999998 1.308 0.107 11
-0.033 1.12 0.077 2
-0.078000002 1.141 0.061999999 2
-0.12 1.145 0.046 1
-0.02 1.321 0.108 11
-0.059999999 1.135 0.078000002 2
-0.106 1.152 0.063000001 2
-0.15000001 1.166 0.048999999 1
-0.050999999 1.329 0.108 9
-0.090000004 1.182 0.082000002 2
-0.13500001 1.168 0.064999998 1
-0.17900001 1.1720001 0.050000001 1
-0.082999997 1.3430001 0.108 7
-0.118 1.176 0.081 1
-0.16599999 1.187 0.067000002 1
-0.20999999 1.188 0.052999999 1
-0.102 1.1950001 0.096000001 1
-0.15000001 1.211 0.083999999 2
-0.197 1.202 0.068999998 1
-0.244 1.214 0.056000002 1
-0.12800001 1.177 0.093000002 1
-0.19400001 1.3150001 0.092 2
-0.228 1.215 0.071000002 1
0 0 0 0
-0.156 1.182 0.093000002 2
-0.223 1.303 0.090999998 1
-0.26300001 1.238 0.072999999 1
-0.31099999 1.2410001 0.061000001 1
-0.18700001 1.198 0.093999997 1
-0.252 1.291 0.090999998 1
-0.29800001 1.258 0.075999998 2
-0.361 1.311 0.067000002 2
-0.21799999 1.211 0.094999999 1
-0.28 1.275 0.090000004 1
-0.32699999 1.251 0.077 2
-0.42399999 1.408 0.074000001 40
-0.249 1.221 0.094999999 2
-0.30700001 1.257 0.089000002 2
-0.41600001 1.45 0.090999998 4
-0.54799998 1.677 0.090999998 9
-0.285 1.247 0.097000003 2
-0.34200001 1.2690001 0.090999998 2
-0.43399999 1.391 0.089000002 25
-0.55299997 1.568 0.088 86
-0.31400001 1.2410001 0.096000001 2
-0.40200001 1.3660001 0.097999997 1
-0.47299999 1.399 0.090999998 1
-0.56199998 1.483 0.086000003 46
-0.37099999 1.332 0.103 2
-0.44299999 1.383 0.1 11
-0.514 1.4119999 0.093999997 11
-0.588 1.449 0.086999997 11
-0.417 1.373 0.106 11
-0.48500001 1.401 0.103 2
-0.56400001 1.443 0.097999997 1
-0.63800001 1.471 0.092 9
-0.46000001 1.395 0.108 2
-0.53100002 1.425 0.105 11
-0.60699999 1.451 0.1 10
-0.69300002 1.502 0.097000003 9
-0.50300002 1.4119999 0.109 10
-0.57499999 1.4400001 0.108 9
-0.65799999 1.476 0.104 9
-0.74400002 1.5190001 0.101 9
-0.54699999 1.428 0.11 10
-0.62599999 1.465 0.111 9
-0.71600002 1.511 0.109 10
-0.80500001 1.552 0.107 10
-0.59500003 1.45 0.112 9
-0.67900002 1.493 0.114 11
-0.78600001 1.564 0.116 24
-0.736 1.341 0.096000001 63
-0.64700001 1.478 0.114 10
-0.755 1.562 0.121 35
-0.773 1.4529999 0.11 151
-0.736 1.271 0.093999997 11
-0.72299999 1.55 0.12 33
-0.82200003 1.603 0.126 34
-0.74599999 1.325 0.103 47
-0.73799998 1.209 0.093000002 10
-0.78600001 1.587 0.124 44
-0.74199998 1.367 0.109 151
-0.72600001 1.224 0.097999997 10
-0.75700003 1.179 0.093999997 9
-0.84399998 1.6059999 0.126 34
-0.73799998 1.286 0.104 55
-0.74699998 1.1950001 0.097999997 11
-0.76999998 1.14 0.093999997 10
-0.73799998 1.3279999 0.104 51
-0.72799999 1.2029999 0.097999997 10
-0.76499999 1.163 0.097999997 9
-0.787 1.109 0.094999999 10
-0.73100001 1.245 0.097999997 9
-0.75599998 1.1849999 0.098999999 8
-0.77899998 1.126 0.097000003 9
-0.80400002 1.079 0.096000001 10
-0.74599999 1.204 0.096000001 9
-0.76599997 1.141 0.097000003 8
-0.79699999 1.097 0.097999997 9
-0.81800002 1.0470001 0.097000003 10
-0.75800002 1.161 0.093000002 10
-0.787 1.115 0.096000001 8
-0.81 1.062 0.097000003 9
-0.833 1.017 0.097999997 10
-0.77999997 1.1339999 0.090999998 10
-0.80199999 1.082 0.094999999 8
-0.82999998 1.0369999 0.097999997 9
-0.852 0.99299997 0.1 10
-0.79299998 1.098 0.089000002 10
-0.81599998 1.049 0.093999997 9
-0.84299999 1.005 0.097999997 9
-0.86400002 0.96200001 0.1 10
-0.80900002 1.0650001 0.086999997 10
-0.833 1.02 0.093000002 8
-0.85900003 0.977 0.097999997 9
-0.87900001 0.935 0.101 10
-0.82599998 1.035 0.086000003 10
-0.84799999 0.99000001 0.093000002 9
-0.87400001 0.949 0.098999999 9
-0.89099997 0.90499997 0.102 10
-0.84299999 1.006 0.083999999 10
-0.86400002 0.96200001 0.092 9
-0.88300002 0.91600001 0.097999997 9
-0.90399998 0.87699997 0.103 10
-0.85399997 0.97100002 0.082999997 10
-0.87699997 0.93099999 0.090999998 9
-0.89999998 0.89099997 0.098999999 9
-0.91799998 0.85100001 0.105 10
-0.87300003 0.94599998 0.082000002 10
-0.89099997 0.903 0.090999998 9
-0.91299999 0.86299998 0.098999999 9
-0.93099999 0.824 0.106 10
-0.88300002 0.912 0.079999998 10
-0.90399998 0.87400001 0.090000004 9
-0.92699999 0.83600003 0.1 9
-0.94400001 0.79900002 0.107 10
-0.898 0.884 0.079000004 10
-0.917 0.84600002 0.090000004 9
-0.93599999 0.80599999 0.1 9
-0.95499998 0.77100003 0.108 10
-0.91600001 0.86000001 0.078000002 10
-0.93199998 0.81999999 0.090000004 9
-0.95099998 0.78200001 0.101 9
-0.96700001 0.745 0.11 10
-0.92500001 0.82800001 0.077 10
-0.94700003 0.79400003 0.090000004 9
-0.96700001 0.75800002 0.101 9
-0.98500001 0.72399998 0.111 8
-0.94099998 0.80199999 0.075999998 10
-0.95999998 0.76800001 0.090000004 9
-0.97899997 0.73100001 0.102 9
-0.991 0.69499999 0.112 1
-0.95300001 0.77399999 0.075000003 10
-0.96799999 0.73799998 0.089000002 9
-0.991 0.70499998 0.103 1
-1.01 0.67400002 0.114 2
-0.96399999 0.745 0.074000001 10
-0.98799998 0.71700001 0.090000004 3
-1.006 0.68199998 0.104 1
-1.0190001 0.64700001 0.116 3
-0.98400003 0.72299999 0.074000001 8
-0.99900001 0.68900001 0.089000002 1
-1.012 0.65200001 0.104 2
-1.025 0.61900002 0.116 4
-0.99400002 0.69499999 0.072999999 1
-1.012 0.66299999 0.090000004 2
-1.029 0.63 0.105 4
-1.044 0.59899998 0.119 7
-1.007 0.66799998 0.071999997 2
-1.0190001 0.634 0.089000002 3
-1.04 0.60399997 0.106 6
-1.0549999 0.574 0.12 14
-1.016 0.639 0.071000002 3
-1.043 0.616 0.090000004 5
-1.052 0.57999998 0.107 9
-1.075 0.55400002 0.123 38
-1.041 0.62099999 0.071000002 5
-1.044 0.58399999 0.090000004 8
-1.071 0.55800003 0.109 27
-1.089 0.52999997 0.125 41
-1.043 0.588 0.07 9
-1.072 0.56699997 0.090999998 24
-1.087 0.53500003 0.11 131
-1.0930001 0.50199997 0.126 15
-1.059 0.56400001 0.07 27
-1.0829999 0.54000002 0.090999998 150
-1.09 0.50599998 0.11 19
-1.1059999 0.479 0.12800001 8
-1.079 0.542 0.07 150
-1.091 0.51300001 0.092 25
-1.099 0.47999999 0.111 8
-1.13 0.45899999 0.131 4
-1.09 0.51499999 0.07 32
-1.096 0.484 0.090999998 8
-1.119 0.458 0.113 5
-1.127 0.42899999 0.132 2
-1.0930001 0.484 0.068999998 9
-1.112 0.46000001 0.092 5
-1.1210001 0.42899999 0.114 3
-1.149 0.40799999 0.13500001 1
-1.118 0.46399999 0.07 6
-1.12 0.433 0.093000002 2
-1.145 0.40900001 0.116 1
-1.151 0.38 0.13600001 1
-1.114 0.43099999 0.068999998 3
-1.142 0.41100001 0.093999997 1
-1.156 0.38299999 0.118 1
-1.171 0.35800001 0.139 1
-1.142 0.41 0.07 2
-1.149 0.38299999 0.093999997 1
-1.163 0.35600001 0.119 0
-1.1799999 0.33199999 0.141 0
-1.152 0.38299999 0.07 1
-1.161 0.35699999 0.094999999 0
-1.176 0.331 0.12 0
-1.187 0.30599999 0.14300001 0
-1.161 0.35499999 0.068999998 1
-1.169 0.329 0.094999999 0
-1.186 0.30399999 0.122 0
0 0 0 0
-1.1670001 0.32600001 0.068999998 0
-1.188 0.30500001 0.097000003 0
-1.202 0.28 0.124 0
-1.222 0.257 0.149 0
-1.187 0.30000001 0.07 0
-1.202 0.278 0.097999997 0
-1.223 0.255 0.126 0
0 0 0 0
-1.196 0.27200001 0.07 0
-1.228 0.25400001 0.1 0
0 0 0 0
-1.2359999 0.20299999 0.153 0
0 0 0 0
0 0 0 0
-1.238 0.2 0.12899999 0
-1.2460001 0.176 0.155 51
-1.2410001 0.22 0.071999997 0
-1.237 0.19599999 0.101 0
0 0 0 0
-1.271 0.15099999 0.16 10
-1.2589999 0.191 0.072999999 5
0 0 0 0
-1.271 0.146 0.134 10
-1.285 0.124 0.163 10
-1.263 0.161 0.072999999 10
-1.275 0.141 0.105 8
-1.288 0.118 0.13699999 9
-1.303 0.097000003 0.16599999 9
-1.28 0.132 0.074000001 10
-1.289 0.112 0.106 8
-1.301 0.090000004 0.139 9
-1.324 0.068999998 0.17 8
-1.29 0.101 0.074000001 10
-1.302 0.082000002 0.108 8
-1.319 0.061000001 0.142 9
-1.347 0.039999999 0.175 7
-1.311 0.071000002 0.075000003 10
-1.317 0.052000001 0.11 8
-1.332 0.030999999 0.145 9
-1.358 0.0099999998 0.178 6
-1.323 0.039999999 0.075999998 10
-1.337 0.021 0.112 8
-1.3430001 0.001 0.147 9
-1.375 -0.018999999 0.182 6
-1.341 0.0080000004 0.077 10
-1.351 -0.0089999996 0.114 8
-1.36 -0.028999999 0.15000001 9
-1.375 -0.048999999 0.184 8
-1.354 -0.024 0.079000004 10
-1.365 -0.041000001 0.116 8
-1.378 -0.061000001 0.154 9
-1.383 -0.079999998 0.18700001 9
-1.369 -0.057999998 0.079999998 10
-1.382 -0.075000003 0.118 8
-1.388 -0.093000002 0.156 9
-1.395 -0.112 0.19 10
-1.382 -0.092 0.081 10
-1.4 -0.108 0.121 8
-1.4170001 -0.12800001 0.161 9
-1.423 -0.146 0.19599999 11
-1.405 -0.12800001 0.082999997 10
-1.419 -0.14300001 0.123 8
-1.433 -0.162 0.16500001 9
-1.437 -0.17900001 0.2 10
-1.426 -0.16500001 0.085000001 10
-1.438 -0.18000001 0.126 8
-1.451 -0.197 0.168 9
-1.456 -0.214 0.206 10
-1.452 -0.20299999 0.086999997 10
-1.461 -0.21699999 0.12899999 8
-1.473 -0.235 0.17299999 8
-1.474 -0.25 0.20999999 46
-1.464 -0.241 0.088 11
-1.479 -0.255 0.132 25
-1.482 -0.27000001 0.176 44
-1.493 -0.287 0.21600001 11
-1.492 -0.28299999 0.090999998 10
-1.493 -0.294 0.13500001 8
-1.502 -0.30899999 0.18000001 9
-1.515 -0.32600001 0.222 51
-1.503 -0.32300001 0.093000002 41
-1.522 -0.33700001 0.14 45
-1.523 -0.34999999 0.185 47
-1.527 -0.36399999 0.226 51
-1.533 -0.36899999 0.096000001 43
-1.539 -0.37900001 0.14300001 44
-1.552 -0.39399999 0.191 46
-1.554 -0.40700001 0.233 39
-1.556 -0.41499999 0.098999999 44
-1.558 -0.42300001 0.146 36
-1.566 -0.43599999 0.19499999 41
-1.571 -0.449 0.23899999 43
-1.576 -0.461 0.101 37
-1.582 -0.46900001 0.15099999 38
-1.591 -0.48100001 0.20100001 42
-1.597 -0.49399999 0.24600001 45
-1.603 -0.51200002 0.105 38
-1.6059999 -0.51800001 0.155 38
-1.6160001 -0.52899998 0.207 38
-1.618 -0.54000002 0.25299999 45
-1.627 -0.56300002 0.108 37
-1.6339999 -0.56999999 0.16 37
-1.642 -0.579 0.213 38
-1.645 -0.58899999 0.25999999 41
-1.655 -0.61799997 0.111 34
-1.661 -0.62300003 0.16500001 36
-1.666 -0.63099998 0.22 39
-1.669 -0.63999999 0.26800001 38
-1.6849999 -0.676 0.116 34
-1.687 -0.67799997 0.171 35
-1.688 -0.68300003 0.226 36
-1.693 -0.69199997 0.27599999 41
-1.712 -0.73500001 0.12 37
-1.715 -0.73699999 0.177 35
-1.72 -0.741 0.234 39
-1.7180001 -0.74599999 0.28400001 42
-1.739 -0.79699999 0.124 36
-1.747 -0.79900002 0.183 35
-1.748 -0.801 0.242 39
-1.749 -0.80599999 0.294 40
-1.771 -0.86500001 0.12899999 30
-1.777 -0.86299998 0.19 32
-1.781 -0.866 0.25099999 36
-1.775 -0.866 0.303 41
-1.813 -0.94 0.13500001 32
-1.812 -0.93400002 0.197 29
-1.816 -0.93400002 0.25999999 33
-1.8150001 -0.935 0.315 33
-1.851 -1.017 0.141 32
-1.8559999 -1.012 0.206 36
-1.85 -1.005 0.27000001 37
-1.85 -1.005 0.32699999 38
-1.891 -1.099 0.147 29
-1.8940001 -1.091 0.215 29
-1.8890001 -1.082 0.28099999 30
-1.887 -1.08 0.33899999 36
-1.898 -1.165 0.152 50
-1.9069999 -1.159 0.221 56
-1.914 -1.155 0.28999999 65
-1.9170001 -1.153 0.35100001 83
-1.84 -1.192 0.15099999 49
-1.85 -1.184 0.219 48
-1.862 -1.182 0.287 51
-1.864 -1.178 0.347 60
-1.7869999 -1.219 0.15000001 56
-1.794 -1.2079999 0.21699999 50
-1.8049999 -1.204 0.28400001 52
-1.813 -1.202 0.34400001 55
-1.735 -1.2460001 0.15000001 53
-1.74 -1.232 0.215 52
-1.758 -1.23 0.28299999 53
-1.76 -1.223 0.34099999 54
-1.683 -1.271 0.15000001 55
-1.697 -1.261 0.215 56
-1.71 -1.256 0.28099999 57
-1.712 -1.247 0.338 52
-1.63 -1.295 0.15000001 52
-1.649 -1.2869999 0.214 54
-1.661 -1.278 0.27900001 60
-1.67 -1.273 0.33700001 56
-1.58 -1.317 0.149 49
-1.598 -1.308 0.213 53
-1.617 -1.303 0.278 53
-1.625 -1.296 0.33399999 62
-1.534 -1.3430001 0.15000001 44
-1.559 -1.3380001 0.213 40
-1.5700001 -1.325 0.27599999 49
-1.579 -1.317 0.33199999 56
-1.49 -1.369 0.15099999 50
-1.512 -1.36 0.213 47
-1.526 -1.348 0.27500001 46
-1.539 -1.342 0.331 56
-1.436 -1.385 0.15000001 53
-1.456 -1.373 0.211 55
-1.484 -1.372 0.27399999 51
-1.494 -1.362 0.329 49
-1.3940001 -1.411 0.15099999 49
-1.4170001 -1.4 0.212 56
-1.431 -1.3839999 0.27200001 52
-1.452 -1.3839999 0.32699999 54
-1.35 -1.433 0.152 48
-1.373 -1.421 0.211 50
-1.393 -1.41 0.271 51
-1.405 -1.399 0.324 60
-1.307 -1.457 0.153 44
-1.326 -1.438 0.211 52
-1.352 -1.431 0.271 48
-1.37 -1.424 0.324 58
-1.257 -1.47 0.153 47
-1.284 -1.4579999 0.211 53
-1.312 -1.454 0.271 50
-1.326 -1.441 0.322 56
-1.217 -1.493 0.154 45
-1.245 -1.483 0.212 50
-1.268 -1.47 0.26899999 45
-1.286 -1.461 0.32100001 55
-1.177 -1.517 0.155 50
-1.204 -1.503 0.212 46
-1.229 -1.4910001 0.26899999 50
-1.2460001 -1.479 0.31900001 59
-1.135 -1.5369999 0.15700001 53
-1.164 -1.525 0.213 53
-1.188 -1.51 0.26899999 52
-1.205 -1.4960001 0.31799999 55
-1.0930001 -1.557 0.15800001 53
-1.1160001 -1.534 0.212 53
-1.146 -1.527 0.26800001 50
-1.168 -1.5190001 0.31799999 56
-1.051 -1.576 0.15899999 59
-1.08 -1.5599999 0.213 51
-1.11 -1.551 0.26899999 48
-1.13 -1.5369999 0.317 52
-1.013 -1.601 0.161 41
-1.043 -1.5829999 0.215 58
-1.069 -1.567 0.26899999 52
-1.0930001 -1.558 0.317 49
-0.95999998 -1.599 0.161 2
-1.002 -1.6 0.215 10
-1.031 -1.586 0.26899999 62
-1.053 -1.574 0.31600001 54
-0.92199999 -1.623 0.163 4
-0.95099998 -1.601 0.214 1
-0.99299997 -1.607 0.26899999 3
-1.0190001 -1.598 0.31600001 50
-0.88099998 -1.6390001 0.16500001 2
-0.92799997 -1.648 0.219 2
-0.94999999 -1.617 0.26800001 1
-0.97000003 -1.597 0.31200001 1
-0.83999997 -1.656 0.16599999 7
-0.87699997 -1.6440001 0.21699999 6
-0.94800001 -1.701 0.28 2
-0.949 -1.6440001 0.31799999 1
-0.80199999 -1.679 0.169 10
-0.83499998 -1.658 0.21799999 8
-0.90799999 -1.72 0.28 5
-0.90600002 -1.653 0.31600001 2
-0.759 -1.692 0.171 8
-0.80299997 -1.689 0.221 5
-0.91799998 -1.837 0.29699999 80
-0.87400001 -1.6799999 0.31799999 2
-0.72500002 -1.724 0.17399999 4
-0.778 -1.7410001 0.227 5
-0.861 -1.826 0.29300001 150
-0.85600001 -1.739 0.32499999 3
-0.68400002 -1.739 0.176 2
-0.73100001 -1.744 0.226 4
-0.81300002 -1.83 0.29100001 8
-0.82300001 -1.77 0.32800001 7
-0.64499998 -1.76 0.17900001 2
-0.68000001 -1.732 0.22400001 4
-0.73900002 -1.77 0.28 3
-0.77499998 -1.768 0.324 8
-0.60399997 -1.777 0.182 1
-0.65499997 -1.7869999 0.23100001 2
-0.69400001 -1.773 0.278 4
-0.73000002 -1.773 0.322 3
-0.56099999 -1.788 0.184 0
-0.61400002 -1.8049999 0.233 2
-0.64999998 -1.778 0.278 2
-0.69300002 -1.795 0.32300001 4
-0.52100003 -1.811 0.18700001 1
-0.579 -1.84 0.237 2
-0.625 -1.837 0.285 3
-0.64499998 -1.786 0.31900001 0
-0.48699999 -1.855 0.193 4
-0.52499998 -1.813 0.234 1
-0.57599998 -1.83 0.28299999 1
-0.60699999 -1.8049999 0.31999999 0
-0.44499999 -1.869 0.19599999 54
-0.486 -1.837 0.237 4
-0.52700001 -1.814 0.27900001 1
-0.57200003 -1.836 0.32300001 0
-0.40200001 -1.886 0.199 51
-0.449 -1.87 0.241 53
-0.491 -1.848 0.28299999 4
-0.523 -1.821 0.31799999 0
-0.35800001 -1.899 0.20200001 53
-0.40700001 -1.886 0.244 59
-0.45199999 -1.868 0.285 60
-0.486 -1.844 0.31999999 2
-0.317 -1.929 0.207 48
-0.36500001 -1.904 0.24699999 51
-0.41100001 -1.8839999 0.287 54
-0.447 -1.867 0.322 65
-0.273 -1.946 0.20999999 44
-0.324 -1.925 0.25 52
-0.36899999 -1.896 0.28799999 53
-0.40700001 -1.881 0.32300001 61
-0.23100001 -1.972 0.215 47
-0.28099999 -1.947 0.25299999 46
-0.33000001 -1.927 0.292 50
-0.36700001 -1.901 0.324 60
-0.185 -1.983 0.21799999 50
-0.23800001 -1.965 0.257 42
-0.28799999 -1.9450001 0.294 51
-0.32699999 -1.924 0.32699999 55
-0.141 -2.0150001 0.22400001 46
-0.19400001 -1.985 0.25999999 50
-0.245 -1.966 0.29699999 47
-0.28600001 -1.941 0.32800001 50
-0.094999999 -2.0339999 0.229 45
-0.15000001 -2.0109999 0.26499999 41
-0.20200001 -1.979 0.29899999 49
-0.243 -1.9579999 0.329 50
-0.048 -2.0580001 0.234 40
-0.105 -2.027 0.26800001 46
-0.15899999 -2.0079999 0.303 48
-0.20100001 -1.974 0.331 59
0 -2.0880001 0.241 11
-0.059 -2.052 0.273 46
-0.114 -2.03 0.30700001 47
-0.15800001 -2.003 0.33500001 51
0.046999998 -2.053 0.23899999 0
-0.012 -2.079 0.278 13
-0.068999998 -2.046 0.30899999 45
-0.114 -2.0209999 0.336 53
0 0 0 0
0.034000002 -2.0350001 0.27399999 2
-0.022 -2.0799999 0.315 21
-0.07 -2.046 0.34 49
0 0 0 0
0 0 0 0
0.023 -2.0339999 0.308 4
-0.024 -2.075 0.34400001 27
0 0 0 0
0 0 0 0
0 0 0 0
0.021 -2.0250001 0.33500001 7
0 0 0 0
0 0 0 0
0 0 0 0
0 0 0 0
0 0 0 0
0 0 0 0
0 0 0 0
0 0 0 0
0 0 0 0
0 0 0 0
0 0 0 0
0 0 0 0
0 0 0 0
0 0 0 0
0 0 0 0
0 0 0 0
0 0 0 0
0 0 0 0
0 0 0 0
0 0 0 0
0.52200001 -2.227 0.296 18
0 0 0 0
0 0 0 0
0 0 0 0
0.60900003 -2.352 0.31799999 12
0.50999999 -2.253 0.32699999 5
0 0 0 0
0 0 0 0
0.63999999 -2.257 0.31 12
0.574 -2.29 0.336 17
0.505 -2.3039999 0.361 3
0 0 0 0
0.67299998 -2.184 0.30500001 12
0.62400001 -2.2679999 0.33700001 13
0.54799998 -2.2539999 0.35499999 41
0.49900001 -2.296 0.38 4
0.70599997 -2.1170001 0.301 13
0.66100001 -2.2060001 0.33199999 13
0.61400002 -2.2969999 0.36500001 13
0.54000002 -2.237 0.37099999 35
0.73699999 -2.0550001 0.29800001 13
0.70099998 -2.158 0.329 12
0.648 -2.217 0.35499999 14
0.61199999 -2.3069999 0.384 11
0.76700002 -1.992 0.29499999 13
0.736 -2.1040001 0.32499999 13
0.68099999 -2.1489999 0.34599999 13
0.65799999 -2.2709999 0.37900001 12
0.79900002 -1.942 0.29300001 13
0.77100003 -2.05 0.32100001 13
0.71399999 -2.0869999 0.33899999 13
0.68199998 -2.168 0.36300001 13
0.82499999 -1.882 0.289 13
0.796 -1.979 0.31400001 13
0.74400002 -2.0209999 0.331 12
0.71100003 -2.092 0.352 13
0.852 -1.83 0.287 13
0.815 -1.9 0.30599999 12
0.77899998 -1.977 0.32699999 12
0.74199998 -2.029 0.34299999 13
0.87199998 -1.767 0.28299999 12
0.84200001 -1.845 0.301 11
0.82300001 -1.954 0.32600001 12
0.77499998 -1.979 0.33700001 13
1.947 -3.7309999 0.611 32
0.86000001 -1.777 0.29499999 11
0.84500003 -1.887 0.31799999 12
0.80299997 -1.918 0.32800001 13
2.0280001 -3.678 0.616 11
0.90700001 -1.771 0.29899999 4
0.85600001 -1.801 0.30700001 11
0.84299999 -1.891 0.32600001 12
0 0 0 0
1.987 -3.6689999 0.63 49
0.89200002 -1.771 0.30500001 8
0.866 -1.83 0.317 13
0 0 0 0
2.161 -3.783 0.66000003 2
1.965 -3.687 0.64399999 49
0.884 -1.762 0.308 12
0 0 0 0
0 0 0 0
2.0769999 -3.6900001 0.653 11
1.965 -3.7 0.65200001 54
0 0 0 0
0 0 0 0
0 0 0 0
2.0539999 -3.661 0.65100002 26
0 0 0 0
0 0 0 0
0 0 0 0
0 0 0 0
0 0 0 0
0 0 0 0
0 0 0 0
0 0 0 0
0 0 0 0
0 0 0 0
0 0 0 0
0 0 0 0
0 0 0 0
0 0 0 0
0 0 0 0
0 0 0 0
1.619 -1.897 0.39700001 8
3.793 -4.7090001 0.94700003 10
0 0 0 0
0 0 0 0
1.61 -1.804 0.38800001 47
1.612 -1.911 0.39300001 0
3.753 -4.7069998 0.92900002 5
0 0 0 0
1.654 -1.771 0.39199999 45
1.609 -1.822 0.38299999 44
3.677 -4.4000001 0.88499999 0
3.7479999 -4.6999998 0.90700001 0
1.71 -1.751 0.39899999 33
1.647 -1.7819999 0.38499999 50
1.605 -1.834 0.37599999 40
3.6800001 -4.402 0.86299998 0
1.637 -1.603 0.377 35
1.697 -1.755 0.389 45
1.6390001 -1.789 0.37400001 49
1.612 -1.841 0.366 47
1.645 -1.54 0.37400001 39
1.631 -1.612 0.366 29
1.693 -1.7640001 0.377 43
1.641 -1.788 0.361 54
1.691 -1.5140001 0.37900001 42
1.6440001 -1.552 0.36300001 38
1.632 -1.624 0.35499999 20
1.696 -1.763 0.36300001 50
4.243 -3.6340001 0.94099998 21
1.684 -1.5190001 0.36500001 40
1.641 -1.559 0.34900001 41
1.638 -1.626 0.34099999 19
4.3000002 -3.5190001 0.94400001 34
1.747 -1.506 0.373 4
1.681 -1.525 0.34999999 43
1.645 -1.557 0.333 50
4.3610001 -3.4100001 0.94700003 41
0 0 0 0
1.745 -1.511 0.35499999 6
1.6900001 -1.527 0.333 51
4.4180002 -3.299 0.94999999 31
0 0 0 0
5.7420001 -4.7480001 1.147 0
1.75 -1.508 0.33700001 5
4.461 -3.181 0.95099998 19
4.4520001 -3.339 0.91000003 0
0 0 0 0
0 0 0 0
4.526 -3.0769999 0.95700002 10
4.4759998 -3.2019999 0.903 1
0 0 0 0
0 0 0 0
3.54 -2.2939999 0.74199998 8
4.5089998 -3.073 0.89899999 3
0 0 0 0
7.3330002 -5.4720001 1.319 1
3.615 -2.23 0.75300002 59
3.4119999 -2.214 0.67199999 7
0 0 0 0
0 0 0 0
3.6570001 -2.1459999 0.75700003 59
3.5639999 -2.201 0.69400001 10
3.425 -2.2219999 0.62699997 6
0 0 0 0
3.694 -2.0599999 0.759 38
3.592 -2.1070001 0.69300002 11
3.5969999 -2.217 0.64899999 0
3.431 -2.201 0.57999998 1
3.6259999 -1.918 0.741 7
3.698 -2.0580001 0.70599997 18
3.707 -2.168 0.65899998 0
0 0 0 0
14.331 -7.1799998 2.9170001 11
3.5610001 -1.877 0.67400002 10
3.747 -2.0769999 0.65799999 0
0 0 0 0
14.382 -6.8150001 2.914 11
3.575 -1.783 0.671 9
0 0 0 0
0 0 0 0
14.37 -6.4239998 2.8989999 12
3.582 -1.687 0.667 6
3.6800001 -1.822 0.63 1
0 0 0 0
14.317 -6.026 2.878 11
3.632 -1.61 0.67199999 5
0 0 0 0
0 0 0 0
14.303 -5.651 2.8670001 11
3.6500001 -1.521 0.67000002 1
0 0 0 0
3.7249999 -1.7029999 0.56900001 1
14.22 -5.2649999 2.8410001 6
3.7179999 -1.451 0.67900002 1
0 0 0 0
3.78 -1.6210001 0.56900001 0
14.384 -4.967 2.868 16
15.781 -5.757 2.8640001 8
3.756 -1.444 0.616 0
0 0 0 0
14.365 -4.6110001 2.858 10
15.82 -5.3670001 2.858 12
0 0 0 0
0 0 0 0
14.359 -4.2639999 2.8529999 20
15.917 -5.0029998 2.862 8
0 0 0 0
0 0 0 0
14.383 -3.928 2.8559999 17
15.996 -4.631 2.865 8
0 0 0 0
0 0 0 0
14.291 -3.5699999 2.8340001 11
15.931 -4.2249999 2.8429999 9
0 0 0 0
0 0 0 0
14.353 -3.2509999 2.846 26
15.612 -3.767 2.776 51
16.851999 -4.3239999 2.6589999 3
0 0 0 0
13.74 -2.8010001 2.724 30
14.463 -3.1470001 2.5650001 10
0 0 0 0
0 0 0 0
12.751 -2.3080001 2.529 9
15.971 -3.0999999 2.8269999 9
0 0 0 0
0 0 0 0
14.114 -2.2379999 2.802 13
12.346 -2.1099999 2.1800001 1
0 0 0 0
0 0 0 0
0 0 0 0
11.217 -1.655 1.979 11
0 0 0 0
0 0 0 0
0.85500002 -0.097000003 0.17 0
0 0 0 0
0 0 0 0
0 0 0 0
0 0 0 0
0 0 0 0
0.87 -0.097000003 0.133 0
0 0 0 0
0 0 0 0
0 0 0 0
0 0 0 0
0 0 0 0
0 0 0 0
1.288 -0.071999997 0.227 2
1.325 -0.086000003 0.20200001 0
1.357 -0.097000003 0.17900001 0
0 0 0 0
1.233 -0.041000001 0.21699999 0
1.253 -0.052000001 0.191 5
1.28 -0.061000001 0.168 5
0 0 0 0
1.22 -0.013 0.215 25
1.226 -0.022 0.18700001 7
1.233 -0.028999999 0.161 3
0 0 0 0
1.223 0.014 0.21600001 4
1.229 0.0060000001 0.18700001 7
1.225 0 0.16 15
0 0 0 0
1.232 0.041999999 0.219 3
1.233 0.035 0.18799999 4
1.234 0.029999999 0.16 4
0 0 0 0
1.239 0.07 0.22 3
1.251 0.064000003 0.191 3
1.248 0.059999999 0.162 3
0 0 0 0
1.266 0.1 0.226 2
1.265 0.094999999 0.193 3
1.262 0.090999998 0.164 3
0 0 0 0
1.278 0.13 0.229 1
1.276 0.126 0.19499999 2
1.278 0.123 0.16599999 2
1.275 0.162 0.264 0
1.285 0.16 0.23100001 0
1.295 0.15800001 0.199 2
1.291 0.156 0.168 2
1.296 0.193 0.27000001 0
1.3049999 0.193 0.236 2
1.3049999 0.19 0.20100001 2
1.306 0.19 0.17 2
0 0 0 0
0 0 0 0
1.324 0.22499999 0.204 1
1.3279999 0.226 0.17299999 2
0 0 0 0
0 0 0 0
1.348 0.26199999 0.20900001 1
1.352 0.26300001 0.177 9
0 0 0 0
1.339 0.292 0.24600001 0
1.372 0.30000001 0.214 7
1.373 0.30199999 0.18000001 1
0 0 0 0
1.3839999 0.33500001 0.257 0
1.464 0.35600001 0.23 1
1.439 0.354 0.19 9
1.413 0.37200001 0.30500001 1
1.4119999 0.375 0.26300001 6
1.409 0.37799999 0.222 7
1.3940001 0.37799999 0.185 10
1.374 0.39399999 0.29899999 8
1.364 0.396 0.257 6
1.3660001 0.40099999 0.21699999 1
1.392 0.414 0.185 3
1.331 0.41299999 0.292 1
1.3200001 0.41600001 0.25 1
1.313 0.419 0.20999999 7
1.33 0.43099999 0.178 16
1.294 0.433 0.28600001 10
1.284 0.43700001 0.24600001 11
1.272 0.43900001 0.205 1
1.3099999 0.46000001 0.177 1
1.256 0.45100001 0.28099999 2
1.239 0.45300001 0.23899999 1
1.229 0.45699999 0.2 1
1.291 0.48899999 0.176 49
1.222 0.46900001 0.27599999 6
0 0 0 0
1.127 0.449 0.185 0
1.177 0.47799999 0.162 0
1.113 0.45500001 0.25400001 0
1.107 0.46200001 0.21799999 7
0 0 0 0
1.164 0.50599998 0.162 47
1.087 0.472 0.25 10
1.0829999 0.48100001 0.21600001 6
1.123 0.50999999 0.189 2
1.115 0.51700002 0.15700001 2
1.053 0.48500001 0.245 9
1.061 0.50099999 0.214 4
0 0 0 0
0 0 0 0
0 0 0 0
0 0 0 0
0 0 0 0
0 0 0 0
0 0 0 0
0 0 0 0
0 0 0 0
1.146 0.63700002 0.167 1
0 0 0 0
0 0 0 0
0 0 0 0
1.126 0.662 0.167 1
0 0 0 0
0 0 0 0
0 0 0 0
0.94599998 0.58700001 0.142 4
0 0 0 0
0 0 0 0
0.93699998 0.597 0.171 4
0.91799998 0.60100001 0.14 3
0.89999998 0.56900001 0.227 12
0.92500001 0.602 0.20200001 1
0.90700001 0.60900003 0.168 3
0.89200002 0.616 0.139 3
0.875 0.57999998 0.22400001 12
0.89700001 0.61400002 0.2 2
0.884 0.62400001 0.167 3
0.86400002 0.62800002 0.13699999 3
0.84799999 0.58999997 0.22 12
0.87 0.625 0.197 2
0.85799998 0.63599998 0.16500001 2
0.83899999 0.64099997 0.13600001 3
0.81300002 0.59200001 0.214 11
0.84500003 0.63700002 0.19499999 3
0.83099997 0.64700001 0.163 2
0.81300002 0.653 0.134 3
0.79400003 0.60500002 0.213 11
0.82200003 0.648 0.193 3
0 0 0 0
0.78799999 0.66500002 0.133 3
0.77399999 0.61699998 0.211 10
0.79699999 0.65899998 0.191 3
0 0 0 0
0.76200002 0.676 0.132 3
0.76300001 0.63599998 0.212 7
0.77600002 0.67199999 0.189 3
0 0 0 0
0.73900002 0.68800002 0.131 3
0.74299997 0.648 0.20999999 7
0.75300002 0.68300003 0.18799999 3
0 0 0 0
0.70899999 0.69300002 0.12899999 3
0.71799999 0.65399998 0.207 6
0.73000002 0.69300002 0.186 3
0.917 0.90600002 0.20100001 6
0.68599999 0.704 0.12800001 3
0.699 0.66600001 0.206 6
0.70499998 0.70099998 0.184 3
0.89700001 0.92799997 0.20200001 4
0.66600001 0.71600002 0.12800001 3
0.68400002 0.68099999 0.206 6
0.68300003 0.70899999 0.182 3
0.88999999 0.96600002 0.205 5
0.64499998 0.72899997 0.12800001 3
0.66799998 0.69499999 0.205 5
0.66000003 0.71799999 0.18000001 3
0.667 0.759 0.15800001 3
0.62400001 0.74000001 0.127 3
0.65499997 0.713 0.206 5
0.64200002 0.73100001 0.18000001 3
0.639 0.76200002 0.156 1
0.583 0.727 0.123 0
0.63599998 0.72399998 0.205 3
0.625 0.745 0.18000001 0
0.57999998 0.727 0.146 0
0.57700002 0.75599998 0.126 2
0.61799997 0.73500001 0.204 3
0.57499999 0.71899998 0.171 0
0.56999999 0.74900001 0.148 3
0.59299999 0.81800002 0.134 4
0 0 0 0
0.57300001 0.75 0.175 3
0.58499998 0.80699998 0.15700001 4
0.57200003 0.82999998 0.13500001 4
0.57700002 0.75099999 0.20100001 3
0.59799999 0.82200003 0.189 4
0.574 0.833 0.16 4
0.551 0.84299999 0.13500001 4
0.60000002 0.81900001 0.21600001 4
0.57200003 0.82499999 0.18700001 3
0.551 0.84200001 0.16 4
0.52700001 0.85000002 0.13500001 5
0.579 0.82700002 0.214 4
0.55500001 0.84100002 0.18700001 4
0.52999997 0.85299999 0.16 4
0.50199997 0.85600001 0.134 5
0.55900002 0.838 0.214 4
0.53200001 0.847 0.186 4
0.50700003 0.86000001 0.15899999 4
0.48300001 0.87099999 0.13500001 6
0.53799999 0.847 0.213 4
0.51099998 0.85699999 0.186 4
0.48899999 0.87599999 0.16 5
0.46200001 0.88200003 0.13600001 6
0.51899999 0.85900003 0.213 4
0.495 0.875 0.18700001 4
0.46399999 0.88 0.15899999 5
0.43900001 0.88999999 0.13600001 6
0.49900001 0.86900002 0.212 4
0.477 0.89099997 0.18799999 4
0.44100001 0.88599998 0.15899999 5
0.421 0.90899998 0.138 6
0.479 0.87699997 0.211 5
0.456 0.89899999 0.18799999 5
0.42199999 0.89999998 0.16 5
0.39899999 0.917 0.138 6
0.45899999 0.88800001 0.211 5
0.43799999 0.91600001 0.19 5
0.40000001 0.90700001 0.16 5
0.38499999 0.94700003 0.142 6
0.43900001 0.89899999 0.211 5
0.417 0.92500001 0.189 5
0.37799999 0.91500002 0.16 5
0.38 1.005 0.15000001 7
0.419 0.90700001 0.20999999 5
0.39700001 0.93699998 0.19 4
0.35800001 0.93000001 0.162 5
0.375 1.067 0.15899999 8
0.398 0.91600001 0.20999999 5
0.37900001 0.95700002 0.192 4
0.338 0.94300002 0.163 4
0.35800001 1.103 0.164 9
0.37799999 0.926 0.20999999 5
0.366 0.98900002 0.197 4
0.31600001 0.95099998 0.164 4
0.33700001 1.13 0.168 10
0.359 0.94 0.211 4
0.35600001 1.036 0.205 5
0.296 0.96600002 0.16599999 4
0.31099999 1.143 0.17 10
0.338 0.94800001 0.20999999 4
0.34599999 1.084 0.213 7
0.27399999 0.977 0.167 4
0.28099999 1.138 0.169 9
0.31600001 0.954 0.20999999 4
0.32800001 1.118 0.21799999 8
0.252 0.98699999 0.168 4
0.24600001 1.1109999 0.16500001 7
0.296 0.963 0.20999999 4
0.308 1.147 0.223 9
0.23 0.99599999 0.169 4
0.20999999 1.069 0.15899999 5
0.27399999 0.972 0.20999999 4
0.28600001 1.169 0.226 9
0.208 1.01 0.171 4
0.177 1.034 0.154 4
0.25 0.96899998 0.208 3
0.25999999 1.1799999 0.227 9
0.185 1.018 0.17299999 3
0.15099999 1.0319999 0.154 3
0.23100001 0.98500001 0.20999999 3
0.233 1.188 0.227 9
0.15899999 1.01 0.171 3
0.12800001 1.046 0.15700001 3
0.211 1.0039999 0.212 3
0.204 1.184 0.226 8
0.139 1.036 0.176 3
0.104 1.058 0.15899999 3
0.189 1.013 0.213 3
0.17399999 1.17 0.222 5
0.116 1.056 0.17900001 3
0.079000004 1.071 0.162 3
0.168 1.026 0.214 3
0.13600001 1.086 0.206 3
0.098999999 1.149 0.19499999 5
0.054000001 1.079 0.164 3
0.146 1.0369999 0.215 3
0.108 1.063 0.20100001 3
0.077 1.235 0.20999999 8
0.028999999 1.0930001 0.168 3
0.122 1.043 0.215 3
0.083999999 1.066 0.20100001 2
0.050000001 1.274 0.21699999 10
0.003 1.104 0.17 3
0.1 1.057 0.21699999 3
0.059 1.069 0.20200001 2
0.02 1.2970001 0.222 10
-0.023 1.115 0.17299999 3
0.075999998 1.067 0.21799999 2
0.035 1.09 0.206 2
-0.0089999996 1.291 0.222 7
-0.050999999 1.146 0.18000001 3
0.052000001 1.077 0.22 2
0.0099999998 1.096 0.207 2
-0.035 1.161 0.2 3
-0.090000004 1.326 0.20999999 8
0.028000001 1.089 0.221 2
-0.014 1.11 0.20999999 2
-0.061000001 1.135 0.197 2
-0.121 1.307 0.20900001 4
0.003 1.105 0.22400001 3
-0.041000001 1.123 0.212 2
-0.089000002 1.146 0.2 2
-0.138 1.187 0.191 1
-0.021 1.12 0.227 2
-0.067000002 1.13 0.214 2
-0.117 1.155 0.20299999 2
-0.167 1.188 0.19400001 2
-0.048999999 1.177 0.23800001 3
-0.094999999 1.149 0.21799999 2
-0.147 1.174 0.208 2
-0.198 1.2029999 0.198 2
-0.086999997 1.331 0.26899999 9
-0.123 1.163 0.222 2
-0.177 1.1900001 0.212 2
-0.23 1.219 0.20299999 2
-0.119 1.353 0.273 7
-0.152 1.176 0.22499999 2
-0.208 1.202 0.21600001 2
-0.264 1.234 0.20900001 2
-0.133 1.198 0.242 1
-0.18700001 1.222 0.235 2
-0.23999999 1.2180001 0.22 2
-0.29800001 1.252 0.214 2
-0.161 1.194 0.241 1
-0.221 1.25 0.241 1
-0.27900001 1.258 0.23 2
-0.329 1.251 0.21699999 2
-0.19 1.199 0.243 2
-0.248 1.2359999 0.23999999 1
-0.31099999 1.263 0.233 3
-0.391 1.355 0.23899999 2
-0.22 1.211 0.245 2
-0.27900001 1.238 0.242 1
-0.33899999 1.253 0.234 2
-0.43200001 1.374 0.24600001 12
-0.252 1.221 0.248 2
-0.31299999 1.252 0.24600001 2
-0.403 1.359 0.25600001 1
-0.477 1.401 0.25400001 2
-0.287 1.249 0.25400001 2
-0.34599999 1.261 0.249 1
-0.44100001 1.3710001 0.26199999 12
-0.51899999 1.414 0.26100001 12
-0.31600001 1.2410001 0.25299999 3
-0.435 1.45 0.289 6
-0.54500002 1.569 0.303 7
-0.61199999 1.5549999 0.292 92
-0.38800001 1.388 0.285 5
-0.48699999 1.499 0.301 108
-0.56199998 1.501 0.294 79
-0.62099999 1.475 0.28200001 12
-0.42300001 1.39 0.28600001 16
-0.49399999 1.406 0.285 12
-0.57499999 1.4349999 0.285 10
-0.66600001 1.483 0.289 10
-0.46000001 1.393 0.28799999 2
-0.53600001 1.42 0.28999999 9
-0.62300003 1.455 0.29300001 10
-0.71799999 1.5039999 0.29800001 9
-0.5 1.404 0.292 11
-0.58099997 1.438 0.29699999 9
-0.67699999 1.485 0.303 10
-0.82499999 1.63 0.33000001 151
-0.546 1.427 0.29899999 9
-0.63300002 1.467 0.30700001 10
-0.792 1.6339999 0.33899999 155
-0.84100002 1.5700001 0.324 14
-0.58999997 1.4400001 0.30399999 9
-0.72500002 1.5779999 0.333 124
-0.80299997 1.562 0.33000001 18
-0.903 1.595 0.336 11
-0.68099999 1.559 0.331 115
-0.755 1.548 0.331 26
-0.84600002 1.558 0.33399999 9
-0.741 1.24 0.26699999 44
-0.73900002 1.59 0.34099999 57
-0.79900002 1.545 0.33500001 9
-0.89600003 1.561 0.34099999 28
-0.755 1.201 0.264 11
-0.75199997 1.523 0.329 9
-0.85699999 1.567 0.34400001 9
-0.74800003 1.2359999 0.27500001 45
-0.76499999 1.1569999 0.25999999 12
-0.81099999 1.549 0.338 10
-0.78799999 1.363 0.30399999 177
-0.75599998 1.1849999 0.26899999 10
-0.78899997 1.1339999 0.26199999 10
-0.87599999 1.582 0.34900001 10
-0.75099999 1.232 0.27900001 39
-0.77899998 1.1619999 0.26899999 11
-0.80400002 1.1 0.25999999 10
-0.75099999 1.284 0.287 59
-0.75999999 1.184 0.27200001 10
-0.79400003 1.127 0.266 10
-0.82200003 1.072 0.25999999 10
-0.75199997 1.22 0.27500001 9
-0.78200001 1.158 0.271 8
-0.81099999 1.095 0.264 10
-0.83499998 1.038 0.25799999 10
-0.76800001 1.183 0.271 10
-0.79500002 1.12 0.266 9
-0.82700002 1.0650001 0.26300001 9
-0.852 1.01 0.25799999 10
-0.78399998 1.147 0.266 10
-0.81 1.086 0.26300001 9
-0.83899999 1.031 0.25999999 9
-0.86500001 0.97899997 0.257 10
-0.79799998 1.1109999 0.26100001 11
-0.82800001 1.058 0.26100001 8
-0.85699999 1.0039999 0.25999999 9
-0.88200003 0.954 0.25799999 10
-0.81699997 1.082 0.25799999 10
-0.84399998 1.028 0.259 8
-0.87099999 0.97399998 0.259 9
-0.89499998 0.92400002 0.257 10
-0.829 1.046 0.25400001 10
-0.85799998 0.99699998 0.257 8
-0.88300002 0.94199997 0.25600001 10
-0.90700001 0.89399999 0.257 10
-0.84799999 1.0190001 0.252 10
-0.87099999 0.96499997 0.25400001 8
-0.89700001 0.91299999 0.25600001 9
-0.91799998 0.86500001 0.25600001 10
-0.86299998 0.98799998 0.249 10
-0.88499999 0.93599999 0.252 9
-0.90899998 0.884 0.25400001 9
-0.93199998 0.83899999 0.257 10
-0.87400001 0.95599997 0.245 10
-0.90100002 0.91000003 0.25099999 9
-0.926 0.86000001 0.255 10
-0.94300002 0.81099999 0.257 10
-0.88800001 0.92500001 0.242 10
-0.91000003 0.87599999 0.248 9
-0.94 0.83399999 0.255 10
-0.95999998 0.78799999 0.25799999 10
-0.90499997 0.89899999 0.241 10
-0.92500001 0.85000002 0.24699999 9
-0.954 0.80699998 0.25400001 9
-0.96899998 0.759 0.25799999 10
-0.917 0.86900002 0.23800001 10
-0.93900001 0.82300001 0.24600001 9
-0.96499997 0.77999997 0.25400001 9
-0.98199999 0.73299998 0.259 10
-0.93099999 0.84200001 0.236 10
-0.954 0.79799998 0.245 9
-0.97600001 0.75099999 0.25299999 9
-0.99900001 0.71200001 0.26100001 1
-0.94099998 0.81099999 0.233 10
-0.96499997 0.76999998 0.244 9
-0.986 0.72399998 0.25299999 9
-1.0039999 0.68099999 0.25999999 1
-0.95700002 0.78500003 0.23199999 10
-0.977 0.74199998 0.243 9
-1.001 0.69999999 0.25299999 1
-1.021 0.65899998 0.26199999 2
-0.96899998 0.75700003 0.23 10
-0.995 0.72000003 0.244 5
-1.018 0.67799997 0.255 1
-1.0319999 0.634 0.26300001 3
-0.98400003 0.73199999 0.23 10
-1 0.68900001 0.241 1
-1.023 0.648 0.25400001 2
-1.045 0.61000001 0.26499999 4
-0.99699998 0.70499998 0.228 1
-1.017 0.66500002 0.242 1
-1.034 0.62199998 0.25400001 4
-1.054 0.58399999 0.266 8
-1.008 0.67699999 0.227 1
-1.025 0.63700002 0.241 3
-1.059 0.60399997 0.25799999 6
-1.069 0.56099999 0.26800001 23
-1.024 0.653 0.226 2
-1.039 0.61299998 0.241 4
-1.058 0.57200003 0.25600001 9
-1.082 0.537 0.27000001 65
-1.031 0.62300003 0.22400001 4
-1.052 0.58700001 0.242 7
-1.0779999 0.551 0.259 30
-1.0930001 0.51200002 0.27200001 19
-1.053 0.60299999 0.226 6
-1.066 0.56300002 0.242 16
-1.089 0.52499998 0.25999999 33
-1.103 0.48699999 0.273 8
-1.059 0.57300001 0.22400001 10
-1.087 0.542 0.244 53
-1.1 0.5 0.26100001 9
-1.115 0.463 0.27599999 4
-1.0779999 0.551 0.22499999 36
-1.085 0.509 0.242 17
-1.1160001 0.477 0.26300001 5
-1.135 0.44100001 0.28 2
-1.092 0.52499998 0.22499999 35
-1.101 0.486 0.243 6
-1.126 0.45100001 0.264 3
-1.148 0.417 0.28299999 1
-1.095 0.49399999 0.223 9
-1.1109999 0.45899999 0.243 3
-1.138 0.426 0.266 1
-1.146 0.38800001 0.28200001 1
-1.1160001 0.472 0.22499999 5
-1.1289999 0.43599999 0.24600001 2
-1.148 0.40000001 0.26699999 1
-1.159 0.36300001 0.285 0
-1.126 0.44499999 0.22499999 3
-1.145 0.412 0.248 1
-1.151 0.37099999 0.26699999 0
-1.163 0.336 0.28600001 0
-1.141 0.419 0.226 1
-1.154 0.38499999 0.248 0
-1.176 0.34999999 0.27200001 0
0 0 0 0
-1.142 0.389 0.22400001 1
-1.165 0.35800001 0.249 0
-1.179 0.322 0.27200001 0
-1.207 0.29100001 0.29699999 0
-1.158 0.36300001 0.22499999 1
-1.1849999 0.33399999 0.252 0
-1.199 0.29800001 0.27700001 0
-1.21 0.264 0.29800001 2
-1.1670001 0.33500001 0.226 0
-1.187 0.30500001 0.252 0
0 0 0 0
-1.23 0.23999999 0.303 0
-1.187 0.31 0.228 0
0 0 0 0
-1.21 0.243 0.27900001 0
-1.2539999 0.21600001 0.31 2
-1.209 0.285 0.23100001 0
-1.216 0.252 0.257 0
-1.238 0.219 0.285 2
-1.2640001 0.189 0.31299999 3
0 0 0 0
0 0 0 0
-1.2539999 0.193 0.289 0
-1.274 0.161 0.317 8
-1.239 0.23 0.234 0
-1.278 0.20299999 0.26899999 0
-1.2410001 0.162 0.287 52
-1.276 0.133 0.31799999 10
-1.247 0.2 0.235 1
-1.2460001 0.168 0.26199999 61
-1.274 0.13699999 0.29499999 10
-1.296 0.106 0.324 10
-1.2589999 0.171 0.237 10
-1.277 0.142 0.26800001 9
-1.294 0.11 0.30000001 9
-1.307 0.078000002 0.329 10
-1.275 0.142 0.23899999 10
-1.29 0.113 0.271 9
-1.306 0.081 0.30399999 9
-1.326 0.050000001 0.33500001 10
-1.293 0.112 0.242 10
-1.301 0.082999997 0.27399999 8
-1.321 0.050999999 0.308 9
-1.335 0.021 0.33899999 10
-1.309 0.082000002 0.245 10
-1.319 0.052999999 0.278 8
-1.3380001 0.022 0.31299999 8
-1.358 -0.0080000004 0.347 10
-1.3200001 0.050000001 0.24699999 10
-1.335 0.022 0.28200001 8
-1.362 -0.0080000004 0.31999999 7
-1.375 -0.037999999 0.35299999 10
-1.334 0.018999999 0.25 10
-1.347 -0.0080000004 0.285 8
-1.383 -0.039000001 0.32699999 7
-1.391 -0.068999998 0.359 10
-1.353 -0.013 0.25400001 10
-1.37 -0.039999999 0.29100001 8
-1.386 -0.071000002 0.329 9
-1.402 -0.101 0.36399999 9
-1.3660001 -0.046 0.257 10
-1.385 -0.072999999 0.296 8
-1.405 -0.104 0.336 9
-1.423 -0.134 0.373 9
-1.391 -0.081 0.26199999 10
-1.403 -0.107 0.301 8
-1.4170001 -0.13699999 0.34 9
-1.4349999 -0.16599999 0.37799999 44
-1.401 -0.116 0.26499999 11
-1.423 -0.142 0.30599999 8
-1.443 -0.17200001 0.34900001 8
-1.459 -0.20200001 0.38800001 9
-1.427 -0.153 0.271 9
-1.443 -0.17900001 0.31299999 7
-1.4579999 -0.208 0.35499999 9
-1.47 -0.236 0.39399999 40
-1.442 -0.19 0.27599999 11
-1.46 -0.215 0.31799999 29
-1.473 -0.244 0.36199999 40
-1.489 -0.273 0.40200001 46
-1.4579999 -0.228 0.28 11
-1.492 -0.25600001 0.32699999 5
-1.497 -0.28299999 0.37 9
-1.5190001 -0.31299999 0.414 46
-1.483 -0.26899999 0.287 38
-1.505 -0.29499999 0.333 41
-1.51 -0.32100001 0.377 44
-1.528 -0.34999999 0.421 39
-1.51 -0.31200001 0.294 51
-1.518 -0.33399999 0.33899999 45
-1.536 -0.36300001 0.38699999 45
-1.546 -0.389 0.43000001 43
-1.531 -0.35499999 0.30000001 40
-1.539 -0.377 0.34599999 37
-1.554 -0.40400001 0.39500001 37
-1.568 -0.43200001 0.44 39
-1.552 -0.40000001 0.30700001 37
-1.566 -0.42300001 0.35499999 36
-1.577 -0.44800001 0.405 38
-1.591 -0.47499999 0.45100001 40
-1.575 -0.447 0.315 35
-1.585 -0.46799999 0.36300001 39
-1.599 -0.49399999 0.41499999 37
-1.6109999 -0.51999998 0.46200001 39
-1.6 -0.49599999 0.32300001 36
-1.609 -0.51599997 0.373 40
-1.619 -0.54100001 0.42500001 39
-1.638 -0.56800002 0.47499999 37
-1.627 -0.54799998 0.33199999 37
-1.636 -0.56800002 0.38299999 37
-1.649 -0.59200001 0.43799999 34
-1.658 -0.616 0.48699999 37
-1.653 -0.602 0.34099999 35
-1.661 -0.62 0.39399999 34
-1.6720001 -0.64300001 0.449 31
-1.682 -0.667 0.5 34
-1.675 -0.65600002 0.34999999 36
-1.692 -0.67699999 0.40599999 35
-1.698 -0.69800001 0.46200001 36
-1.712 -0.722 0.51499999 36
-1.706 -0.71700001 0.361 35
-1.716 -0.73400003 0.417 38
-1.725 -0.755 0.47499999 36
-1.7359999 -0.77700001 0.52899998 39
-1.732 -0.77700001 0.37099999 37
-1.747 -0.796 0.43099999 28
-1.758 -0.81699997 0.491 36
-1.77 -0.83899999 0.54699999 34
-1.763 -0.84399998 0.384 36
-1.7819999 -0.86199999 0.44600001 33
-1.789 -0.88 0.50700003 30
-1.798 -0.89999998 0.56400001 33
-1.802 -0.91600001 0.398 32
-1.812 -0.93000001 0.46000001 31
-1.821 -0.94700003 0.523 33
-1.831 -0.96700001 0.583 29
-1.8380001 -0.991 0.41299999 34
-1.849 -1.0039999 0.477 32
-1.864 -1.024 0.54400003 30
-1.876 -1.044 0.60600001 35
-1.883 -1.076 0.43099999 29
-1.8890001 -1.084 0.495 31
-1.9 -1.1 0.56400001 32
-1.9 -1.112 0.62400001 30
-1.9170001 -1.1569999 0.44600001 76
-1.915 -1.159 0.51099998 46
-1.904 -1.16 0.574 46
-1.891 -1.1619999 0.63099998 53
-1.86 -1.1849999 0.44100001 50
-1.849 -1.179 0.50199997 52
-1.851 -1.1849999 0.56800002 49
-1.852 -1.194 0.62800002 55
-1.806 -1.2130001 0.43700001 48
-1.806 -1.211 0.5 46
-1.798 -1.209 0.56199998 43
-1.802 -1.2180001 0.62199998 58
-1.7539999 -1.2410001 0.433 44
-1.755 -1.238 0.495 43
-1.756 -1.239 0.55900002 44
-1.756 -1.244 0.61699998 59
-1.696 -1.262 0.428 46
-1.7 -1.26 0.49000001 47
-1.706 -1.262 0.55400002 41
-1.704 -1.263 0.61000001 53
-1.648 -1.29 0.426 56
-1.649 -1.2819999 0.48500001 50
-1.653 -1.2819999 0.54699999 47
-1.653 -1.2819999 0.60299999 46
-1.597 -1.313 0.42199999 51
-1.602 -1.306 0.48100001 50
-1.609 -1.306 0.54400003 48
-1.607 -1.303 0.59799999 47
-1.5599999 -1.347 0.42300001 41
-1.562 -1.336 0.48100001 39
-1.564 -1.329 0.54000002 38
-1.562 -1.324 0.59299999 43
-1.502 -1.362 0.41800001 43
-1.512 -1.355 0.47600001 46
-1.518 -1.35 0.53600001 44
-1.522 -1.347 0.58999997 27
-1.452 -1.382 0.41499999 47
-1.4630001 -1.374 0.47299999 48
-1.4809999 -1.377 0.53600001 44
-1.4809999 -1.37 0.58700001 49
-1.406 -1.404 0.41299999 50
-1.4220001 -1.399 0.472 50
-1.433 -1.395 0.53100002 44
-1.438 -1.3890001 0.583 47
-1.3559999 -1.421 0.41 51
-1.378 -1.421 0.46900001 40
-1.3890001 -1.413 0.528 43
-1.395 -1.4069999 0.579 47
-1.3150001 -1.446 0.41 46
-1.329 -1.436 0.46599999 46
-1.35 -1.437 0.52700001 45
-1.355 -1.428 0.57700002 44
-1.271 -1.467 0.40900001 44
-1.291 -1.462 0.46599999 42
-1.299 -1.446 0.51999998 46
-1.316 -1.448 0.574 44
-1.23 -1.4910001 0.41 46
-1.247 -1.479 0.46399999 47
-1.261 -1.469 0.51999998 44
-1.276 -1.467 0.57200003 46
-1.1849999 -1.5089999 0.40799999 42
-1.207 -1.501 0.46399999 43
-1.223 -1.4910001 0.51899999 45
-1.232 -1.48 0.56800002 50
-1.143 -1.53 0.40900001 45
-1.169 -1.525 0.46399999 46
-1.183 -1.51 0.51800001 48
-1.1950001 -1.5 0.56599998 50
-1.098 -1.546 0.40799999 45
-1.123 -1.538 0.46200001 42
-1.1440001 -1.53 0.51700002 41
-1.158 -1.52 0.565 51
-1.0599999 -1.5700001 0.40900001 49
-1.0829999 -1.557 0.461 45
-1.1059999 -1.55 0.51599997 46
-1.123 -1.544 0.565 48
-1.02 -1.592 0.41100001 47
-1.043 -1.577 0.46200001 47
-1.066 -1.567 0.51499999 48
-1.0829999 -1.558 0.56300002 49
0 0 0 0
-1.01 -1.6059999 0.465 10
-1.028 -1.587 0.51499999 46
-1.0470001 -1.579 0.56300002 52
-0.95599997 -1.6619999 0.421 0
0 0 0 0
-0.99199998 -1.61 0.51599997 2
-1.016 -1.6059999 0.565 27
-0.90799999 -1.6720001 0.41999999 0
0 0 0 0
-0.94999999 -1.62 0.514 1
-0.95700002 -1.589 0.55199999 6
-0.86799997 -1.692 0.42199999 1
-0.88200003 -1.647 0.463 0
-0.92000002 -1.653 0.51899999 1
-0.92199999 -1.608 0.55199999 9
-0.829 -1.716 0.42500001 1
-0.833 -1.646 0.45899999 0
-0.87800002 -1.664 0.51700002 1
-0.88800001 -1.63 0.55400002 11
-0.79699999 -1.7539999 0.43200001 2
-0.79900002 -1.673 0.463 0
-0.83899999 -1.6799999 0.51700002 1
-0.852 -1.649 0.55400002 11
-0.755 -1.774 0.435 2
-0.76200002 -1.696 0.46599999 0
-0.801 -1.699 0.51800001 1
-0.81400001 -1.663 0.55299997 12
-0.71399999 -1.795 0.43799999 2
0 0 0 0
-0.76099998 -1.7130001 0.51899999 1
-0.77700001 -1.678 0.55299997 13
-0.66500002 -1.795 0.43700001 0
0 0 0 0
-0.722 -1.73 0.51899999 1
-0.741 -1.698 0.55500001 12
0 0 0 0
0 0 0 0
-0.68900001 -1.76 0.52499998 1
-0.70300001 -1.712 0.55400002 12
0 0 0 0
-0.59799999 -1.745 0.46900001 1
-0.64899999 -1.773 0.52499998 1
-0.66399997 -1.723 0.55400002 10
0 0 0 0
0 0 0 0
-0.60799998 -1.783 0.52499998 1
-0.63700002 -1.767 0.56300002 9
0 0 0 0
0 0 0 0
-0.56999999 -1.802 0.528 1
-0.60100001 -1.7869999 0.565 7
-0.44800001 -1.86 0.449 47
-0.491 -1.839 0.48899999 1
-0.53299999 -1.827 0.53200001 1
-0.56099999 -1.8 0.56599998 3
-0.405 -1.8789999 0.454 49
-0.44999999 -1.859 0.493 49
-0.49200001 -1.841 0.53399998 2
-0.523 -1.817 0.56699997 2
-0.36300001 -1.9 0.45899999 47
-0.41 -1.8789999 0.49700001 47
-0.45300001 -1.86 0.537 49
-0.49000001 -1.854 0.57599998 2
-0.31999999 -1.918 0.46399999 49
-0.36899999 -1.899 0.50199997 44
-0.41299999 -1.88 0.54100001 49
-0.44800001 -1.857 0.57300001 53
-0.27599999 -1.931 0.46799999 51
-0.32600001 -1.916 0.50599998 46
-0.373 -1.897 0.54400003 49
-0.40900001 -1.876 0.57599998 55
-0.233 -1.964 0.477 45
-0.28600001 -1.9450001 0.514 35
-0.331 -1.909 0.546 46
-0.36899999 -1.89 0.57800001 55
-0.18799999 -1.98 0.48300001 41
-0.242 -1.959 0.51700002 33
-0.292 -1.943 0.55400002 43
-0.331 -1.918 0.58399999 51
-0.14300001 -2.0039999 0.491 41
-0.198 -1.978 0.523 37
-0.249 -1.956 0.55699998 41
-0.289 -1.933 0.58600003 49
-0.097000003 -2.0239999 0.498 41
-0.154 -1.998 0.52899998 45
-0.207 -1.976 0.56199998 41
-0.249 -1.95 0.58999997 48
-0.050000001 -2.0439999 0.505 44
-0.109 -2.0209999 0.53600001 39
-0.164 -2 0.56900001 43
-0.207 -1.969 0.59399998 54
-0.0020000001 -2.082 0.51700002 12
-0.064000003 -2.046 0.54400003 41
-0.12 -2.0220001 0.57499999 43
-0.16500001 -1.9910001 0.59899998 45
0 0 0 0
-0.017000001 -2.0739999 0.55299997 17
-0.075000003 -2.0369999 0.579 44
-0.122 -2.0090001 0.60299999 46
0 0 0 0
0.028999999 -2.029 0.54299998 4
-0.029999999 -2.0669999 0.588 27
-0.079000004 -2.0339999 0.60900003 47
0 0 0 0
0 0 0 0
0.015 -2.0280001 0.57700002 3
-0.034000002 -2.0510001 0.61400002 40
0 0 0 0
0 0 0 0
0.061000001 -2.0409999 0.58200002 2
0.011 -2.03 0.60699999 7
0 0 0 0
0 0 0 0
0.11 -2.096 0.59899998 5
0 0 0 0
0 0 0 0
0 0 0 0
0.16 -2.1259999 0.60900003 6
0 0 0 0
0 0 0 0
0.28200001 -2.1819999 0.59899998 3
0.206 -2.1099999 0.60600001 4
0 0 0 0
0 0 0 0
0.336 -2.204 0.60900003 9
0 0 0 0
0 0 0 0
0 0 0 0
0.38800001 -2.2049999 0.61299998 3
0 0 0 0
0 0 0 0
0.546 -2.3239999 0.62800002 4
0 0 0 0
0 0 0 0
0 0 0 0
0.60500002 -2.332 0.63800001 9
0 0 0 0
0 0 0 0
0 0 0 0
0.64399999 -2.266 0.62699997 11
0.55900002 -2.2579999 0.64300001 15
0 0 0 0
0 0 0 0
0.68000001 -2.2 0.61699998 11
0.62099999 -2.283 0.65600002 11
0.52899998 -2.233 0.66000003 12
0 0 0 0
0.70599997 -2.1099999 0.59899998 11
0.65600002 -2.211 0.64200002 11
0.60399997 -2.3180001 0.68900001 10
0.51899999 -2.2379999 0.68000001 3
0.736 -2.043 0.588 11
0.68199998 -2.1229999 0.62300003 11
0.63999999 -2.2449999 0.67199999 11
0.59200001 -2.319 0.708 10
0.764 -1.978 0.57700002 11
0.72500002 -2.0929999 0.62 11
0.67000002 -2.1659999 0.653 11
0.62900001 -2.2539999 0.69099998 11
0.79799998 -1.933 0.57300001 10
0.75099999 -2.0190001 0.60500002 12
0.704 -2.1029999 0.63999999 12
0.66799998 -2.1960001 0.67699999 12
0.83099997 -1.8890001 0.56800002 10
0.78100002 -1.9579999 0.59399998 12
0.73500001 -2.043 0.62699997 12
0.70099998 -2.1329999 0.66100001 11
0.85600001 -1.83 0.55900002 13
0.80800003 -1.901 0.58399999 12
0.76899999 -1.995 0.61799997 10
0.727 -2.0550001 0.64099997 11
0.87400001 -1.763 0.54799998 12
0.83200002 -1.84 0.57200003 12
0.79400003 -1.927 0.602 12
0.75999999 -2.003 0.63 11
1.9960001 -3.806 1.2029999 52
0.85399997 -1.78 0.56099999 11
0.81900001 -1.869 0.58999997 12
0.792 -1.956 0.61900002 10
2.1340001 -3.8540001 1.24 11
0.89200002 -1.756 0.56099999 7
0.84299999 -1.8099999 0.57800001 11
0.81599998 -1.89 0.60299999 12
0 0 0 0
2.059 -3.836 1.245 52
0.866 -1.756 0.56699997 11
0.84200001 -1.835 0.58999997 13
0 0 0 0
0 0 0 0
1.9960001 -3.823 1.249 54
0.86299998 -1.775 0.57599998 12
0 0 0 0
0 0 0 0
2.1259999 -3.855 1.276 8
0.90600002 -1.7589999 0.57700002 4
0 0 0 0
0 0 0 0
0 0 0 0
2.0840001 -3.8329999 1.27 39
0 0 0 0
0 0 0 0
0 0 0 0
0 0 0 0
0 0 0 0
0 0 0 0
0 0 0 0
0 0 0 0
0 0 0 0
0 0 0 0
0 0 0 0
0 0 0 0
1.548 -1.89 0.71700001 3
0 0 0 0
0 0 0 0
0 0 0 0
0 0 0 0
1.523 -1.908 0.71399999 1
0 0 0 0
0 0 0 0
1.5700001 -1.75 0.69700003 5
1.5779999 -1.888 0.72100002 14
0 0 0 0
0 0 0 0
1.573 -1.676 0.68400002 63
1.563 -1.7869999 0.69800001 11
1.552 -1.899 0.713 4
0 0 0 0
1.596 -1.627 0.68199998 71
1.5650001 -1.709 0.68300003 57
0 0 0 0
1.5369999 -1.899 0.70099998 3
1.624 -1.5829999 0.68199998 71
1.581 -1.65 0.67500001 66
1.568 -1.749 0.68300003 8
0 0 0 0
1.6569999 -1.544 0.68400002 68
1.608 -1.605 0.67299998 75
1.574 -1.677 0.66900003 64
1.579 -1.778 0.68000001 4
1.71 -1.524 0.69499999 62
1.6390001 -1.563 0.67299998 76
1.597 -1.627 0.66299999 70
1.576 -1.694 0.66000003 82
1.7180001 -1.4630001 0.68800002 93
1.6799999 -1.5319999 0.67699999 59
1.628 -1.584 0.66100001 79
1.595 -1.638 0.65100002 66
1.668 -1.358 0.65899998 16
1.727 -1.505 0.68300003 66
1.66 -1.543 0.66000003 72
1.625 -1.5930001 0.64700001 63
4.283 -3.3329999 1.67 4
1.642 -1.367 0.639 24
1.7130001 -1.521 0.667 63
1.655 -1.55 0.64399999 73
4.3369999 -3.223 1.669 3
4.329 -3.4419999 1.658 13
1.628 -1.381 0.62099999 34
1.698 -1.518 0.64499998 69
4.3920002 -3.1159999 1.671 2
4.382 -3.326 1.653 17
1.671 -1.353 0.62599999 8
1.631 -1.392 0.60600001 44
4.4400001 -3.0039999 1.671 2
4.4510002 -3.223 1.655 16
4.5040002 -3.4790001 1.6569999 15
1.649 -1.342 0.60000002 21
4.5019999 -2.9030001 1.677 2
4.4959998 -3.1040001 1.65 16
4.5700002 -3.3670001 1.654 14
4.7049999 -3.6530001 1.679 12
3.6110001 -2.217 1.332 13
4.5539999 -2.9949999 1.649 15
4.6440001 -3.2590001 1.653 15
4.7659998 -3.527 1.668 13
3.6689999 -2.1429999 1.342 13
3.628 -2.2709999 1.298 0
4.711 -3.148 1.651 14
4.8660002 -3.428 1.671 13
0 0 0 0
3.622 -2.155 1.281 12
3.6800001 -2.3380001 1.271 14
3.5999999 -2.4130001 1.215 3
7.5879998 -3.994 2.73 17
4.6939998 -2.6530001 1.642 18
3.6819999 -2.224 1.253 53
3.6070001 -2.2980001 1.197 40
7.6440001 -3.812 2.73 20
7.8579998 -4.21 2.7219999 6
3.7690001 -2.1600001 1.266 27
3.441 -2.0810001 1.123 15
5.6420002 -2.661 2.0009999 20
7.9879999 -4.0510001 2.74 22
3.8210001 -2.075 1.267 11
3.3929999 -1.946 1.09 12
5.691 -2.5339999 2.006 5
8.0410004 -3.855 2.733 28
8.3520002 -4.2919998 2.737 24
3.348 -1.818 1.0599999 9
5.7399998 -2.4070001 2.0109999 6
8.118 -3.671 2.7360001 25
8.4379997 -4.0939999 2.734 26
8.8660002 -4.5500002 2.7679999 22
5.7740002 -2.273 2.013 9
8.1619997 -3.473 2.7290001 29
8.5629997 -3.915 2.7449999 28
8.9820004 -4.3449998 2.767 22
5.829 -2.1489999 2.0220001 15
8.2180004 -3.28 2.7279999 31
8.6280003 -3.7079999 2.7379999 28
9.0719995 -4.1300001 2.76 24
5.8720002 -2.02 2.029 17
8.257 -3.0829999 2.7219999 32
8.6850004 -3.497 2.7309999 29
9.198 -3.931 2.7650001 25
5.915 -1.891 2.036 22
8.2980003 -2.8870001 2.7190001 32
8.783 -3.3050001 2.737 32
9.2950001 -3.7149999 2.763 25
5.967 -1.766 2.0480001 11
8.3439999 -2.6949999 2.7190001 32
8.8039999 -3.0840001 2.721 37
9.3780003 -3.4960001 2.7579999 27
6.0139999 -1.6390001 2.0580001 5
6.2849998 -1.876 2.0369999 1
8.8739996 -2.8800001 2.7219999 28
8.8509998 -3.0650001 2.5769999 1
6.0960002 -1.518 2.0810001 1
8.3920002 -2.302 2.7079999 30
8.967 -2.684 2.7309999 30
6.7979999 -2.175 1.961 26
7.9089999 -1.789 2.6949999 30
8.4259996 -2.109 2.7079999 28
9.0010004 -2.471 2.724 32
9.6070004 -2.8269999 2.747 25
7.9229999 -1.6109999 2.6960001 29
6.217 -1.409 1.9910001 1
9.0310001 -2.2550001 2.717 31
9.6969995 -2.608 2.7509999 25
7.9190001 -1.432 2.691 30
6.2319999 -1.265 1.99 2
9.0649996 -2.0439999 2.7119999 31
9.7559996 -2.3770001 2.7479999 27
7.921 -1.256 2.6900001 32
6.2820001 -1.13 2 5
9.1020002 -1.8329999 2.71 35
9.8000002 -2.1459999 2.74 25
7.9180002 -1.081 2.688 26
6.3270001 -0.99400002 2.01 6
9.1120005 -1.618 2.7019999 32
9.8140001 -1.906 2.7279999 26
0 0 0 0
6.3899999 -0.85699999 2.027 4
9.1300001 -1.405 2.697 31
9.8780003 -1.677 2.73 25
0 0 0 0
0 0 0 0
9.257 -1.205 2.727 3
9.8879995 -1.439 2.7190001 25
0 0 0 0
0 0 0 0
0 0 0 0
0 0 0 0
7.8179998 -0.38299999 2.6630001 31
0 0 0 0
0 0 0 0
0 0 0 0
7.7859998 -0.213 2.6570001 30
0 0 0 0
0 0 0 0
1.309 -0.094999999 0.35600001 1
7.743 -0.045000002 2.648 30
0 0 0 0
1.199 -0.044 0.35100001 0
0 0 0 0
7.7259998 0.121 2.648 30
1.17 0.001 0.37099999 0
0 0 0 0
0 0 0 0
7.4089999 0.27700001 2.5480001 37
0 0 0 0
1.198 0.011 0.34999999 0
0 0 0 0
7.1199999 0.41999999 2.457 33
0 0 0 0
0 0 0 0
0 0 0 0
6.8579998 0.55400002 2.3759999 32
0 0 0 0
0 0 0 0
0 0 0 0
7.5549998 0.77399999 2.628 34
1.221 0.111 0.391 1
0 0 0 0
1.227 0.085000001 0.33199999 1
7.5300002 0.93699998 2.631 34
1.237 0.14 0.39700001 1
1.224 0.125 0.36000001 1
1.244 0.116 0.33700001 1
7.4720001 1.092 2.6229999 35
1.242 0.168 0.40000001 1
0 0 0 0
1.257 0.148 0.34099999 1
7.4169998 1.247 2.618 33
1.278 0.20299999 0.414 1
0 0 0 0
1.262 0.17900001 0.34299999 1
1.568 0.29800001 0.55599999 9
1.307 0.237 0.426 0
1.258 0.21799999 0.37400001 1
1.272 0.212 0.347 1
1.541 0.32800001 0.55000001 9
1.353 0.27700001 0.44299999 1
1.309 0.25799999 0.391 1
1.283 0.24600001 0.35100001 1
1.482 0.34900001 0.53299999 8
1.455 0.333 0.47999999 2
1.327 0.294 0.39899999 0
1.308 0.28299999 0.36000001 1
1.446 0.373 0.523 8
1.446 0.36500001 0.47999999 7
1.334 0.32800001 0.403 0
1.326 0.31999999 0.36700001 1
1.403 0.39399999 0.51099998 8
1.411 0.38999999 0.47099999 8
1.405 0.38 0.42699999 8
1.3890001 0.37099999 0.38699999 1
1.35 0.41100001 0.49599999 7
1.368 0.41100001 0.46000001 7
1.368 0.405 0.419 7
1.367 0.40000001 0.38299999 7
1.3099999 0.43000001 0.48500001 8
1.318 0.428 0.447 8
1.33 0.42699999 0.41100001 1
1.327 0.42399999 0.375 8
1.27 0.447 0.47400001 1
1.283 0.449 0.43900001 1
1.275 0.44299999 0.39700001 9
1.284 0.44400001 0.366 1
1.25 0.47099999 0.472 6
1.239 0.465 0.428 11
1.2359999 0.46200001 0.38800001 2
1.239 0.463 0.35600001 10
1.126 0.45199999 0.42899999 0
0 0 0 0
0 0 0 0
0 0 0 0
1.119 0.47799999 0.43099999 6
1.0930001 0.46700001 0.38499999 1
1.102 0.47099999 0.35299999 9
1.102 0.47299999 0.32300001 9
1.082 0.48899999 0.421 4
1.072 0.48699999 0.382 8
1.076 0.49000001 0.34799999 9
1.062 0.486 0.31400001 9
1.043 0.49900001 0.41 8
1.039 0.5 0.37400001 8
1.041 0.50300002 0.34099999 9
1.035 0.50400001 0.31 9
0 0 0 0
0 0 0 0
0 0 0 0
0 0 0 0
0 0 0 0
0 0 0 0
0 0 0 0
0 0 0 0
0 0 0 0
0 0 0 0
0 0 0 0
0 0 0 0
0 0 0 0
0 0 0 0
0 0 0 0
0.91500002 0.56099999 0.28999999 1
0 0 0 0
0 0 0 0
0 0 0 0
0.88200003 0.57099998 0.28400001 13
0.88800001 0.57599998 0.377 8
0.88200003 0.58200002 0.345 8
0.86000001 0.57700002 0.30700001 9
0.84200001 0.574 0.27599999 11
0.86299998 0.58700001 0.37200001 8
0.85500002 0.59200001 0.34 8
0.83399999 0.588 0.303 10
0.83399999 0.59899998 0.278 11
0.83700001 0.59600002 0.36700001 8
0.81699997 0.59299999 0.33000001 9
0.80900002 0.59899998 0.29899999 10
0.79400003 0.60000002 0.27000001 11
0.80699998 0.60100001 0.359 11
0.79799998 0.60799998 0.32800001 10
0.78299999 0.60900003 0.29499999 10
0.78600001 0.62400001 0.273 12
0.78200001 0.60900003 0.354 11
0.76800001 0.61299998 0.322 10
0.76200002 0.62199998 0.29300001 10
0.76200002 0.63499999 0.27000001 12
0.76200002 0.62099999 0.35100001 11
0.75099999 0.62699997 0.31999999 10
0.74299997 0.63599998 0.29100001 10
0.72600001 0.63599998 0.26300001 11
0.74299997 0.63200003 0.34900001 11
0.72799999 0.63599998 0.317 10
0.72000003 0.64600003 0.289 10
0.71700001 0.65899998 0.266 13
0.71899998 0.639 0.34400001 11
0.70700002 0.64600003 0.31400001 10
0.69700003 0.65499997 0.28600001 10
0.68199998 0.65899998 0.259 12
0.69800001 0.648 0.34099999 11
0.68900001 0.66000003 0.31299999 10
0.67500001 0.66500002 0.28299999 10
0.65899998 0.667 0.257 12
0.68199998 0.66100001 0.33899999 11
0.67000002 0.671 0.31200001 10
0.65600002 0.67699999 0.28200001 10
0.64099997 0.68199998 0.257 12
0.662 0.67000002 0.33700001 11
0.64899999 0.68000001 0.30899999 10
0.634 0.68699998 0.28099999 10
0.61699998 0.68900001 0.25400001 13
0.64300001 0.68000001 0.33500001 11
0.63099998 0.69099998 0.308 10
0.61500001 0.69800001 0.27900001 10
0.61000001 0.71499997 0.259 2
0.62599999 0.69099998 0.33399999 12
0.611 0.69999999 0.30599999 10
0.59399998 0.70599997 0.27700001 10
0.58999997 0.727 0.25799999 2
0.60600001 0.699 0.331 12
0.58899999 0.70700002 0.303 10
0.57800001 0.72100002 0.278 3
0 0 0 0
0.588 0.70899999 0.329 12
0.60399997 0.759 0.31999999 0
0.57800001 0.75599998 0.287 0
0.59600002 0.81099999 0.27900001 2
0.71100003 0.89700001 0.40900001 0
0.57599998 0.75800002 0.31400001 0
0.59200001 0.815 0.30399999 2
0.579 0.829 0.28099999 4
0 0 0 0
0.59299999 0.81900001 0.33399999 3
0.57499999 0.83099997 0.30599999 3
0.55500001 0.83899999 0.28 4
0.59299999 0.81800002 0.361 3
0.56999999 0.82599998 0.33199999 3
0.55000001 0.83600003 0.303 3
0.53200001 0.84799999 0.28 4
0.574 0.82999998 0.36000001 3
0.54900002 0.83499998 0.33000001 3
0.52899998 0.847 0.303 3
0.514 0.86299998 0.28099999 4
0.55400002 0.83999997 0.359 3
0.53299999 0.85299999 0.333 3
0.50400001 0.85000002 0.301 3
0.48899999 0.86900002 0.28 4
0.53200001 0.847 0.35699999 3
0.51200002 0.86199999 0.33199999 3
0.49399999 0.88 0.30700001 4
0.47 0.884 0.28200001 4
0.51700002 0.86400002 0.359 3
0.48300001 0.85699999 0.32600001 3
0.46900001 0.884 0.30500001 4
0.44600001 0.89200002 0.28200001 4
0.493 0.866 0.35499999 3
0.47099999 0.88 0.331 3
0.44800001 0.89399999 0.30599999 4
0.42500001 0.90200001 0.28200001 4
0.47400001 0.87599999 0.35499999 4
0.44299999 0.87699997 0.32600001 3
0.428 0.90499997 0.30700001 4
0.405 0.91600001 0.285 4
0.454 0.88599998 0.35499999 3
0.43200001 0.90499997 0.33199999 3
0.405 0.91299999 0.30700001 3
0.377 0.912 0.28099999 3
0.43700001 0.89999998 0.35600001 3
0.41100001 0.912 0.33199999 3
0.37900001 0.91000003 0.303 3
0.36199999 0.94099998 0.28799999 3
0.41 0.89499998 0.34999999 3
0.389 0.921 0.33199999 3
0.36199999 0.93099999 0.308 3
0.368 1.028 0.31299999 4
0.39500001 0.91399997 0.354 3
0.37 0.93300003 0.333 3
0.34099999 0.94199997 0.30899999 3
0.359 1.086 0.329 6
0.37599999 0.926 0.35499999 3
0.35100001 0.94800001 0.336 3
0.31999999 0.954 0.31099999 3
0.34 1.119 0.338 8
0.35499999 0.93199998 0.354 3
0.33500001 0.972 0.34200001 3
0.29800001 0.96100003 0.31200001 3
0.31200001 1.124 0.338 7
0.336 0.94499999 0.35600001 3
0.32600001 1.02 0.35600001 4
0.27599999 0.97100002 0.31299999 2
0.26100001 1.036 0.31099999 4
0.315 0.95099998 0.35499999 2
0.32499999 1.101 0.382 5
0.25400001 0.98000002 0.315 2
0.228 1.008 0.301 3
0.29499999 0.96200001 0.35600001 3
0.30899999 1.142 0.39399999 6
0.233 0.99400002 0.31799999 2
0.20299999 1.006 0.301 2
0.27399999 0.96899998 0.35600001 3
0.28400001 1.156 0.39700001 6
0.20900001 0.99900001 0.31900001 2
0.18000001 1.02 0.30399999 2
0.25299999 0.98000002 0.35800001 2
0.25299999 1.138 0.389 5
0.18799999 1.012 0.322 2
0.156 1.029 0.30700001 2
0.233 0.991 0.359 2
0.208 1.052 0.35800001 3
0.16500001 1.026 0.32600001 2
0.132 1.038 0.31 2
0.212 0.99900001 0.36000001 2
0.18000001 1.031 0.34900001 2
0.15000001 1.096 0.34799999 3
0.109 1.058 0.31600001 2
0.191 1.011 0.36300001 2
0.155 1.026 0.347 2
0.138 1.215 0.38600001 7
0.083999999 1.0650001 0.31900001 3
0.169 1.021 0.36399999 2
0.132 1.035 0.34900001 2
0.111 1.239 0.39300001 7
0.059 1.079 0.324 3
0.148 1.034 0.36700001 2
0.11 1.048 0.35299999 2
0.074000001 1.123 0.35699999 3
0.035 1.1289999 0.34 3
0.126 1.045 0.37 2
0.086000003 1.058 0.35499999 2
0.046 1.082 0.34400001 2
0.0089999996 1.2869999 0.389 8
0.103 1.057 0.373 2
0.063000001 1.071 0.359 2
0.021 1.092 0.34799999 2
-0.018999999 1.196 0.36300001 3
0.079999998 1.068 0.37599999 3
0.039000001 1.084 0.36399999 2
-0.003 1.104 0.352 2
-0.045000002 1.1289999 0.34400001 2
0.059999999 1.14 0.40000001 4
0.014 1.089 0.36500001 2
-0.029999999 1.1160001 0.35699999 2
-0.072999999 1.142 0.34999999 3
0.039000001 1.274 0.44600001 10
-0.0099999998 1.107 0.37200001 2
-0.056000002 1.125 0.361 2
-0.102 1.152 0.35600001 3
0.0099999998 1.223 0.42699999 5
-0.039000001 1.216 0.40900001 5
-0.083999999 1.145 0.36899999 2
-0.132 1.173 0.36500001 3
-0.016000001 1.1390001 0.39700001 2
-0.072999999 1.325 0.44600001 6
-0.122 1.251 0.405 5
-0.161 1.181 0.37 2
-0.041000001 1.128 0.39300001 3
-0.092 1.181 0.398 2
-0.14399999 1.196 0.38999999 1
-0.198 1.228 0.38800001 2
-0.067000002 1.136 0.396 3
-0.117 1.161 0.39300001 2
-0.171 1.186 0.38800001 2
-0.226 1.2180001 0.38800001 2
-0.093999997 1.147 0.40000001 3
-0.145 1.169 0.39700001 2
-0.20100001 1.197 0.39500001 2
-0.25799999 1.229 0.39500001 2
-0.121 1.164 0.40700001 3
-0.175 1.187 0.405 2
-0.235 1.22 0.405 2
-0.292 1.244 0.40400001 2
-0.15000001 1.178 0.412 2
-0.206 1.205 0.41299999 2
-0.266 1.225 0.41 2
-0.32800001 1.26 0.41299999 2
-0.17900001 1.191 0.417 3
-0.23800001 1.219 0.41999999 2
-0.303 1.255 0.42300001 2
-0.36899999 1.293 0.42899999 21
-0.20999999 1.211 0.42500001 3
-0.27599999 1.26 0.43599999 1
-0.33500001 1.258 0.428 2
-0.42899999 1.376 0.46200001 2
-0.244 1.239 0.43700001 2
-0.30599999 1.26 0.43900001 13
-0.38100001 1.308 0.449 3
-0.472 1.398 0.47499999 6
-0.27200001 1.23 0.435 3
-0.336 1.257 0.44 2
-0.44499999 1.404 0.48699999 23
-0.51099998 1.404 0.48300001 11
-0.30399999 1.243 0.44100001 3
-0.391 1.3380001 0.472 35
-0.47400001 1.382 0.484 12
-0.55699998 1.425 0.49700001 9
-0.33500001 1.2460001 0.44400001 3
-0.43599999 1.373 0.48800001 1
-0.51700002 1.402 0.49700001 10
-0.61000001 1.4579999 0.51599997 18
-0.39399999 1.341 0.48100001 3
-0.47600001 1.388 0.498 11
-0.56300002 1.425 0.51099998 28
-0.65799999 1.473 0.52999997 10
-0.43799999 1.3710001 0.495 12
-0.51899999 1.405 0.509 20
-0.61699998 1.4579999 0.52999997 10
-0.71200001 1.5 0.54799998 9
-0.48100001 1.395 0.50700003 11
-0.565 1.429 0.523 14
-0.66299999 1.47 0.54100001 10
-0.77200001 1.531 0.56800002 10
-0.523 1.4119999 0.51700002 30
-0.61299998 1.451 0.53600001 10
-0.72000003 1.5039999 0.56099999 10
-0.82800001 1.55 0.58499998 10
-0.56699997 1.428 0.52600002 9
-0.66299999 1.473 0.55000001 10
-0.76800001 1.513 0.57300001 9
-0.89600003 1.5880001 0.61000001 10
-0.61799997 1.459 0.542 10
-0.72000003 1.506 0.56900001 10
-0.83099997 1.5470001 0.59500003 9
-0.76700002 1.288 0.50400001 131
-0.66600001 1.477 0.55400002 9
-0.77100003 1.521 0.58200002 9
-0.89700001 1.58 0.61699998 10
-0.76499999 1.2180001 0.486 43
-0.72000003 1.503 0.56900001 10
-0.83399999 1.556 0.60299999 9
-0.77499998 1.295 0.514 150
-0.77899998 1.1799999 0.47999999 11
-0.77700001 1.53 0.58499998 10
-0.89700001 1.5829999 0.62199998 10
-0.76899999 1.219 0.493 40
-0.79699999 1.147 0.477 42
-0.83999997 1.5650001 0.60500002 11
-0.76999998 1.29 0.514 150
-0.78600001 1.184 0.48699999 11
-0.81900001 1.122 0.47600001 9
-0.89999998 1.587 0.62099999 11
-0.76700002 1.219 0.493 35
-0.801 1.148 0.48100001 11
-0.83099997 1.085 0.47099999 9
-0.76499999 1.279 0.50700003 81
-0.778 1.176 0.484 10
-0.81999999 1.119 0.47799999 9
-0.84799999 1.056 0.46900001 9
-0.764 1.2130001 0.48699999 38
-0.79799998 1.147 0.47999999 39
-0.82599998 1.075 0.46900001 11
-0.861 1.022 0.465 9
-0.78500003 1.184 0.48199999 9
-0.81300002 1.113 0.47400001 8
-0.85000002 1.054 0.47 9
-0.87800002 0.99400002 0.46399999 9
-0.801 1.15 0.47499999 43
-0.824 1.076 0.46599999 10
-0.852 1.008 0.45899999 9
-0.88099998 0.95300001 0.456 9
-0.81599998 1.115 0.46799999 10
-0.84600002 1.052 0.465 8
-0.87199998 0.98500001 0.45899999 9
-0.89899999 0.92799997 0.456 10
-0.829 1.079 0.46000001 9
-0.85900003 1.0190001 0.46000001 8
-0.889 0.95899999 0.458 9
-0.91500002 0.90200001 0.456 10
-0.847 1.05 0.456 9
-0.87199998 0.98799998 0.45500001 8
-0.89899999 0.926 0.454 9
-0.92799997 0.87400001 0.45500001 10
-0.85900003 1.016 0.44999999 9
-0.88300002 0.95499998 0.44999999 8
-0.91600001 0.90100002 0.45300001 9
-0.94099998 0.84600002 0.454 10
-0.86799997 0.98000002 0.442 10
-0.90100002 0.93000001 0.44800001 8
-0.93300003 0.87599999 0.45199999 9
-0.95599997 0.82099998 0.454 10
-0.88800001 0.95599997 0.44 10
-0.917 0.903 0.44600001 8
-0.94499999 0.847 0.44999999 9
-0.97000003 0.79500002 0.454 10
-0.90100002 0.926 0.43599999 10
-0.92900002 0.87300003 0.442 8
-0.95499998 0.81699997 0.447 9
-0.98100001 0.76700002 0.45300001 10
-0.91500002 0.89700001 0.43200001 10
-0.94199997 0.84500003 0.44 8
-0.96899998 0.79100001 0.447 9
-0.99199998 0.73900002 0.45199999 10
-0.93000001 0.87 0.42899999 10
-0.95200002 0.815 0.43599999 8
-0.98199999 0.76499999 0.44600001 9
-1.013 0.72000003 0.456 2
-0.94099998 0.83899999 0.42399999 10
-0.96700001 0.79000002 0.435 8
-0.99400002 0.73799998 0.44499999 9
-1.012 0.685 0.45100001 1
-0.95700002 0.81400001 0.42300001 10
-0.98100001 0.76300001 0.43399999 8
-1.012 0.71499997 0.447 2
-1.029 0.66299999 0.454 9
-0.96600002 0.78299999 0.41800001 10
-0.991 0.73500001 0.43099999 8
-1.013 0.68199998 0.442 0
-1.035 0.634 0.45199999 2
-0.98199999 0.759 0.417 10
-1.0089999 0.713 0.43200001 1
-1.027 0.65799999 0.442 1
-1.053 0.61299998 0.456 3
-0.99400002 0.73100001 0.414 10
-1.017 0.68300003 0.42899999 1
-1.038 0.63200003 0.442 1
-1.063 0.58700001 0.456 5
-1.001 0.69999999 0.41 0
-1.0319999 0.65899998 0.42899999 1
-1.049 0.60600001 0.442 3
-1.068 0.55800003 0.45500001 11
-1.018 0.67699999 0.41100001 7
-1.029 0.62400001 0.42300001 3
-1.072 0.58700001 0.44800001 6
-1.102 0.54400003 0.46599999 47
-1.029 0.64999998 0.40900001 1
-1.048 0.602 0.42500001 3
-1.0779999 0.55800003 0.44600001 10
-1.0930001 0.50999999 0.46000001 11
-1.0420001 0.62400001 0.40799999 2
-1.0650001 0.57999998 0.42699999 6
-1.105 0.54100001 0.454 42
-1.1160001 0.49000001 0.46700001 7
-1.057 0.59899998 0.40799999 4
-1.079 0.55500001 0.428 17
-1.099 0.50700003 0.447 10
-1.132 0.46700001 0.47099999 6
-1.066 0.57099998 0.40599999 9
-1.104 0.53600001 0.43399999 40
-1.115 0.48300001 0.45100001 5
-1.141 0.44100001 0.47299999 5
-1.092 0.55199999 0.41100001 38
-1.105 0.505 0.43000001 8
-1.123 0.45699999 0.45100001 2
-1.1440001 0.41299999 0.472 4
-1.098 0.523 0.40799999 31
-1.1109999 0.47600001 0.42899999 4
-1.1390001 0.433 0.45500001 1
-1.158 0.389 0.47600001 3
-1.1109999 0.49700001 0.40799999 7
-1.13 0.454 0.433 2
-1.149 0.40700001 0.45699999 1
-1.189 0.37 0.48800001 2
-1.117 0.46799999 0.40700001 3
-1.135 0.42500001 0.43099999 1
-1.154 0.37900001 0.456 0
-1.211 0.347 0.495 2
-1.133 0.44299999 0.40900001 2
-1.152 0.40099999 0.435 0
-1.166 0.354 0.45899999 0
-1.216 0.31900001 0.49700001 13
-1.1390001 0.414 0.40700001 1
-1.1569999 0.373 0.43399999 0
-1.183 0.33000001 0.46399999 5
-1.206 0.28799999 0.49200001 2
-1.1569999 0.38999999 0.41 0
-1.184 0.352 0.442 4
-1.197 0.30500001 0.46799999 2
-1.217 0.26199999 0.49599999 1
-1.171 0.36399999 0.412 5
-1.186 0.322 0.44 0
-1.212 0.27900001 0.47299999 2
-1.257 0.242 0.51200002 2
-1.179 0.33500001 0.412 0
-1.198 0.296 0.44299999 3
-1.23 0.25400001 0.479 0
0 0 0 0
-1.188 0.30700001 0.41299999 3
-1.221 0.271 0.44999999 0
-1.242 0.228 0.48300001 2
-1.266 0.186 0.51599997 5
-1.211 0.28299999 0.419 0
-1.228 0.243 0.45100001 2
0 0 0 0
-1.276 0.15800001 0.52100003 10
-1.23 0.25600001 0.42399999 2
-1.2410001 0.215 0.45500001 0
-1.2690001 0.17299999 0.493 43
-1.289 0.131 0.52700001 11
-1.252 0.229 0.42899999 0
-1.273 0.19 0.465 10
-1.281 0.145 0.498 11
-1.307 0.104 0.53500003 10
-1.237 0.19599999 0.42300001 1
-1.27 0.16 0.46399999 11
-1.299 0.118 0.505 9
-1.324 0.075999998 0.54400003 10
-1.266 0.17 0.43099999 10
-1.291 0.132 0.47099999 9
-1.308 0.089000002 0.509 9
-1.336 0.046999998 0.55000001 10
-1.286 0.141 0.43700001 11
-1.3 0.102 0.47400001 9
-1.324 0.059999999 0.51599997 9
-1.357 0.017999999 0.56099999 10
-1.298 0.111 0.44100001 10
-1.3150001 0.071999997 0.47999999 8
-1.34 0.029999999 0.52399999 9
-1.37 -0.011 0.56800002 9
-1.319 0.079999998 0.44800001 8
-1.339 0.041999999 0.48899999 8
-1.3559999 0 0.53100002 9
-1.385 -0.041999999 0.57700002 38
-1.329 0.048999999 0.45100001 8
-1.353 0.011 0.495 8
-1.369 -0.029999999 0.53799999 10
-1.402 -0.072999999 0.58600003 9
-1.355 0.017000001 0.46000001 7
-1.367 -0.02 0.50099999 8
-1.391 -0.061999999 0.54900002 9
-1.427 -0.106 0.60000002 54
-1.3609999 -0.014 0.463 10
-1.386 -0.052000001 0.509 8
-1.406 -0.094999999 0.55699998 9
-1.444 -0.139 0.61000001 51
-1.376 -0.048 0.46900001 11
-1.404 -0.086000003 0.51800001 41
-1.4220001 -0.12800001 0.56599998 39
-1.449 -0.171 0.616 46
-1.396 -0.082000002 0.477 11
-1.419 -0.12 0.52600002 8
-1.439 -0.163 0.57599998 8
-1.4630001 -0.205 0.62599999 44
-1.4170001 -0.118 0.48500001 10
-1.434 -0.155 0.53299999 38
-1.46 -0.198 0.588 40
-1.521 -0.248 0.65499997 163
-1.429 -0.154 0.49200001 40
-1.46 -0.193 0.546 41
-1.483 -0.236 0.60000002 45
-2.0090001 -0.37200001 0.87099999 151
-1.45 -0.192 0.50099999 10
-1.476 -0.23 0.55500001 47
-1.502 -0.27399999 0.61199999 41
-2.2490001 -0.46700001 0.98299998 49
-1.475 -0.23100001 0.51200002 40
-1.488 -0.26699999 0.56300002 35
-1.513 -0.31099999 0.62099999 39
-2.283 -0.52600002 1.006 49
-1.492 -0.271 0.52100003 37
-1.511 -0.308 0.57499999 18
-1.515 -0.347 0.62599999 61
-2.3069999 -0.58499998 1.025 49
-1.508 -0.31200001 0.52999997 35
-1.533 -0.34999999 0.588 37
-1.5319999 -0.38699999 0.639 7
-2.342 -0.648 1.05 44
-1.529 -0.35499999 0.54100001 35
-1.561 -0.39500001 0.60299999 38
-1.557 -0.43099999 0.65499997 0
-2.368 -0.71200001 1.072 47
-1.558 -0.40200001 0.55599999 34
-1.58 -0.44 0.616 38
-2.365 -0.713 1.0039999 44
-2.411 -0.78100002 1.101 50
-1.573 -0.44600001 0.56599998 32
-1.586 -0.48100001 0.62400001 36
-2.3989999 -0.78200001 1.028 44
-2.4289999 -0.84500003 1.1210001 51
-1.597 -0.49599999 0.57999998 35
-1.603 -0.52700001 0.63700002 9
-2.4400001 -0.85699999 1.056 38
-2.4400001 -0.90899998 1.138 52
-1.635 -0.551 0.60000002 43
-1.623 -0.57700002 0.65100002 0
-2.4760001 -0.93199998 1.084 36
-2.4170001 -0.95999998 1.14 49
-1.66 -0.60500002 0.616 32
-2.4809999 -0.94700003 1.007 36
-2.5179999 -1.013 1.115 44
-2.3870001 -1.0089999 1.1390001 47
-1.666 -0.653 0.625 35
-2.5320001 -1.036 1.04 36
-2.5369999 -1.087 1.137 60
-2.362 -1.059 1.141 50
-1.684 -0.708 0.639 10
-2.5699999 -1.122 1.068 34
-2.5320001 -1.153 1.148 49
-2.3169999 -1.099 1.133 65
-2.5869999 -1.1619999 0.99599999 35
-2.6159999 -1.215 1.101 37
-2.5009999 -1.2079999 1.149 44
-2.279 -1.142 1.1289999 77
-2.6340001 -1.26 1.027 31
-2.652 -1.308 1.132 49
-2.47 -1.261 1.15 36
-2.23 -1.178 1.12 94
-2.6819999 -1.364 1.061 25
-2.0079999 -1.049 0.86900002 150
-2.4400001 -1.3150001 1.152 35
-2.201 -1.224 1.1210001 86
0 0 0 0
-1.957 -1.081 0.86000001 0
-2.408 -1.369 1.154 35
-2.161 -1.263 1.117 59
-1.914 -1.0930001 0.78100002 19
-1.937 -1.13 0.86400002 0
-2.3759999 -1.421 1.156 35
-2.122 -1.303 1.114 37
-1.914 -1.156 0.79500002 0
-2.4660001 -1.517 1.119 40
-2.3429999 -1.474 1.159 45
-2.0999999 -1.352 1.119 24
-2.45 -1.562 1.036 41
-2.418 -1.566 1.1160001 39
-2.296 -1.517 1.155 59
-2.0769999 -1.402 1.125 23
-2.3729999 -1.595 1.022 39
-2.3529999 -1.603 1.1059999 39
-2.2690001 -1.573 1.161 47
-2.0350001 -1.438 1.1210001 23
-2.3080001 -1.633 1.013 18
0 0 0 0
-2.1889999 -1.591 1.14 23
-1.994 -1.474 1.118 22
0 0 0 0
0 0 0 0
-2.138 -1.628 1.135 11
-1.9680001 -1.521 1.123 16
0 0 0 0
-2.158 -1.702 1.075 20
0 0 0 0
-1.974 -1.594 1.148 15
-1.801 -1.483 0.84399998 3
-1.799 -1.488 0.91600001 7
0 0 0 0
-1.96 -1.653 1.163 17
-2.0280001 -1.753 0.972 10
-2.027 -1.758 1.0549999 22
-1.9910001 -1.739 1.123 9
-1.932 -1.702 1.17 27
-1.973 -1.791 0.96899998 38
-1.9680001 -1.789 1.048 42
-1.939 -1.771 1.118 23
-1.883 -1.732 1.164 42
-1.777 -1.693 0.89499998 151
-1.906 -1.814 1.04 40
-1.892 -1.806 1.1160001 30
-1.836 -1.762 1.159 40
-1.84 -1.839 0.95200002 65
-1.85 -1.845 1.035 42
-1.842 -1.839 1.113 42
-1.786 -1.789 1.153 40
-1.79 -1.8789999 0.95300001 45
-1.791 -1.8710001 1.028 45
-1.791 -1.869 1.109 48
-1.739 -1.819 1.15 29
-1.722 -1.898 0.94400001 52
-1.735 -1.9 1.024 44
-1.7359999 -1.895 1.103 48
-1.6900001 -1.845 1.145 23
-1.6670001 -1.929 0.94199997 49
-1.674 -1.92 1.016 54
-1.686 -1.925 1.1 42
-1.684 -1.919 1.17 80
-1.612 -1.959 0.94099998 48
-1.622 -1.95 1.015 52
-1.632 -1.948 1.095 42
-1.632 -1.943 1.165 70
-1.5599999 -1.9910001 0.94099998 54
-1.568 -1.977 1.012 51
-1.573 -1.965 1.086 49
-1.587 -1.973 1.163 70
-1.498 -2.0090001 0.935 56
-1.5089999 -1.9960001 1.006 52
-1.521 -1.99 1.0829999 51
-1.5369999 -1.9960001 1.159 63
-1.443 -2.0369999 0.935 52
-1.461 -2.0280001 1.008 53
-1.47 -2.0139999 1.08 47
-1.478 -2.007 1.148 67
-1.3890001 -2.0650001 0.93599999 46
-1.408 -2.0539999 1.007 54
-1.423 -2.043 1.08 47
-1.433 -2.036 1.148 63
-1.33 -2.085 0.93300003 67
-1.354 -2.0769999 1.005 49
-1.3710001 -2.066 1.0779999 51
-1.386 -2.062 1.146 61
-1.226 -2.027 0.89700001 150
-1.301 -2.1010001 1.0039999 46
-1.3200001 -2.0880001 1.075 49
-1.336 -2.082 1.143 55
-1.227 -2.1429999 0.93800002 47
-1.248 -2.1229999 1.003 49
-1.267 -2.1059999 1.072 50
-1.288 -2.105 1.141 55
-1.173 -2.1670001 0.94 51
-1.199 -2.1500001 1.005 50
-1.219 -2.1329999 1.073 50
-1.2410001 -2.1300001 1.14 91
-1.118 -2.1900001 0.94099998 49
-1.147 -2.175 1.007 51
-1.171 -2.1589999 1.074 50
-1.189 -2.145 1.136 91
-1.066 -2.2190001 0.94599998 51
-1.097 -2.2019999 1.01 50
-1.122 -2.1819999 1.075 50
-1.143 -2.171 1.137 85
-1.012 -2.243 0.949 49
-1.045 -2.2260001 1.012 48
-1.073 -2.207 1.077 48
-1.097 -2.1949999 1.138 80
-0.95599997 -2.2609999 0.94999999 44
-0.99400002 -2.2479999 1.0140001 49
-1.022 -2.227 1.076 44
-1.05 -2.2190001 1.1390001 67
-0.90499997 -2.2920001 0.958 48
-0.94300002 -2.2750001 1.0190001 46
-0.97299999 -2.2479999 1.0779999 44
-1.003 -2.243 1.14 67
-0.85299999 -2.323 0.96499997 45
-0.89099997 -2.2969999 1.022 45
-0.926 -2.2780001 1.084 43
-0.954 -2.2620001 1.14 67
-0.79799998 -2.342 0.96899998 46
-0.83899999 -2.322 1.027 44
-0.87599999 -2.3010001 1.086 36
-0.90499997 -2.2820001 1.14 65
-0.74400002 -2.3670001 0.97500002 46
-0.78600001 -2.3440001 1.03 46
-0.82700002 -2.325 1.09 38
-0.85900003 -2.309 1.145 68
-0.67699999 -2.3510001 0.96600002 5
-0.73199999 -2.3599999 1.0319999 44
-0.77600002 -2.348 1.094 39
-0.81 -2.329 1.146 68
-0.537 -2.0480001 0.83899999 2
-0.61699998 -2.164 0.94300002 4
-0.72600001 -2.372 1.099 43
-0.759 -2.346 1.146 70
-0.49000001 -2.0650001 0.84399998 2
-0.53600001 -2.059 0.89300001 3
-0.61299998 -2.1719999 1.001 5
-0.71100003 -2.368 1.149 48
0 0 0 0
-0.48699999 -2.066 0.89399999 2
-0.53200001 -2.0610001 0.94499999 2
-0.66600001 -2.405 1.16 24
0 0 0 0
0 0 0 0
-0.49000001 -2.089 0.954 3
-0.61500001 -2.425 1.163 31
0 0 0 0
0 0 0 0
-0.447 -2.112 0.96100003 3
-0.565 -2.4449999 1.1670001 15
0 0 0 0
0 0 0 0
-0.39700001 -2.109 0.95599997 5
-0.51700002 -2.4820001 1.179 7
0 0 0 0
0 0 0 0
-0.377 -2.2780001 1.03 13
-0.46399999 -2.493 1.179 28
0 0 0 0
-0.259 -2.207 0.94700003 0
-0.35600001 -2.497 1.126 25
-0.40700001 -2.4890001 1.1720001 21
-0.15000001 -2.2449999 0.92000002 0
-0.207 -2.1919999 0.94099998 1
-0.30700001 -2.552 1.149 23
-0.35699999 -2.5239999 1.1849999 29
-0.096000001 -2.214 0.91000003 13
-0.15899999 -2.2379999 0.96100003 2
-0.23999999 -2.4619999 1.107 9
-0.30500001 -2.55 1.193 27
-0.041000001 -2.098 0.86500001 15
-0.107 -2.22 0.954 14
-0.177 -2.3640001 1.061 12
-0.245 -2.5090001 1.17 45
0.0080000004 -2.0799999 0.861 3
-0.052999999 -2.1070001 0.90700001 14
-0.118 -2.244 1.007 13
-0.18000001 -2.3759999 1.1059999 10
0 0 0 0
-0.0049999999 -2.0680001 0.89200002 9
-0.064999998 -2.125 0.954 14
-0.122 -2.26 1.05 13
0 0 0 0
0.041000001 -2.0320001 0.87900001 0
-0.017000001 -2.0610001 0.92500001 14
-0.068999998 -2.1459999 0.99599999 13
0 0 0 0
0 0 0 0
0.027000001 -2.0150001 0.90499997 2
-0.022 -2.0680001 0.958 17
0 0 0 0
0 0 0 0
0 0 0 0
0.022 -2.0150001 0.93400002 2
0 0 0 0
0 0 0 0
0 0 0 0
0 0 0 0
0 0 0 0
0 0 0 0
0 0 0 0
0 0 0 0
0 0 0 0
0 0 0 0
0 0 0 0
0 0 0 0
0 0 0 0
0 0 0 0
0 0 0 0
0 0 0 0
0 0 0 0
0 0 0 0
0 0 0 0
0 0 0 0
0 0 0 0
0 0 0 0
0 0 0 0
0 0 0 0
0.61500001 -2.3069999 1.033 7
0.51999998 -2.2690001 1.029 0
0 0 0 0
0 0 0 0
0.65100002 -2.23 1.0089999 8
0.58600003 -2.3150001 1.058 7
0 0 0 0
0 0 0 0
0.68400002 -2.1559999 0.98699999 8
0.62300003 -2.2460001 1.035 8
0.57200003 -2.3729999 1.105 0
0 0 0 0
0.71899998 -2.0969999 0.97100002 9
0.65899998 -2.181 1.0140001 9
0.60900003 -2.302 1.0779999 7
0 0 0 0
0.74800003 -2.027 0.94999999 8
0.69199997 -2.1159999 0.99299997 9
0.64200002 -2.2249999 1.049 7
0.60100001 -2.3380001 1.109 7
0.77200001 -1.954 0.92799997 9
0.72399998 -2.056 0.97399998 10
0.67799997 -2.168 1.029 8
0.63200003 -2.253 1.074 8
0.80400002 -1.906 0.917 8
0.75800002 -2.006 0.96100003 10
0.708 -2.099 1.0039999 8
0.66600001 -2.187 1.048 8
0.833 -1.853 0.90399998 7
0.78100002 -1.933 0.93599999 10
0.73900002 -2.0369999 0.98299998 10
0.699 -2.1240001 1.024 8
0.85299999 -1.786 0.884 10
0.81199998 -1.8839999 0.92299998 10
0.76599997 -1.973 0.96100003 9
0.72399998 -2.0469999 0.99400002 9
0.88 -1.74 0.87400001 9
0.83600003 -1.824 0.90499997 8
0.79400003 -1.9170001 0.94199997 9
0.75199997 -1.984 0.97000003 9
0 0 0 0
0.85900003 -1.7690001 0.88800001 11
0.81900001 -1.859 0.92299998 10
0.78299999 -1.936 0.95300001 9
0 0 0 0
0.898 -1.749 0.88999999 4
0.84799999 -1.8150001 0.91000003 8
0.80900002 -1.88 0.93300003 10
2.266 -3.809 2.0109999 0
0 0 0 0
0.866 -1.75 0.88800001 10
0.83600003 -1.83 0.91600001 9
0 0 0 0
0 0 0 0
0 0 0 0
0.85699999 -1.771 0.89499998 9
0 0 0 0
2.2809999 -3.7839999 2.013 1
0 0 0 0
0.88700002 -1.732 0.884 7
0 0 0 0
0 0 0 0
0 0 0 0
0 0 0 0
0 0 0 0
0 0 0 0
0 0 0 0
0 0 0 0
3.214 -4.223 2.4530001 7
0 0 0 0
0 0 0 0
2.244 -3.7409999 1.976 2
3.309 -4.152 2.4630001 21
0 0 0 0
0 0 0 0
0 0 0 0
1.595 -1.911 1.159 3
3.2360001 -4.2140002 2.444 17
0 0 0 0
0 0 0 0
1.597 -1.829 1.1339999 41
3.3310001 -4.1409998 2.45 21
0 0 0 0
0 0 0 0
1.575 -1.722 1.095 34
1.601 -1.9 1.148 19
3.303 -4.2399998 2.451 20
0 0 0 0
1.595 -1.6670001 1.086 44
1.5880001 -1.802 1.1109999 47
3.401 -4.171 2.454 21
0 0 0 0
1.605 -1.605 1.072 39
1.573 -1.705 1.076 45
1.597 -1.8710001 1.122 43
3.418 -4.27 2.4590001 3
1.623 -1.552 1.064 48
1.601 -1.659 1.071 48
1.572 -1.76 1.076 52
1.591 -1.9 1.112 35
1.658 -1.516 1.068 55
1.6 -1.586 1.048 49
1.576 -1.687 1.053 50
1.602 -1.827 1.089 57
1.704 -1.489 1.079 66
1.625 -1.54 1.044 63
1.594 -1.631 1.04 48
1.569 -1.709 1.039 56
1.7359999 -1.45 1.0829999 65
1.664 -1.508 1.048 55
1.608 -1.572 1.026 69
1.584 -1.649 1.022 60
1.766 -1.41 1.086 34
1.717 -1.487 1.063 68
1.6440001 -1.536 1.027 73
1.603 -1.594 1.0089999 64
4.0250001 -3.069 2.4389999 21
1.744 -1.443 1.061 60
1.687 -1.506 1.033 65
1.63 -1.55 1.003 75
4.0770001 -2.967 2.438 21
1.771 -1.4 1.0599999 31
1.73 -1.476 1.038 58
1.67 -1.517 1.0039999 82
4.1279998 -2.8670001 2.438 28
4.1220002 -3.112 2.4289999 31
1.742 -1.42 1.026 45
1.73 -1.501 1.0190001 76
4.1950002 -2.779 2.448 20
4.1869998 -3.016 2.431 30
1.777 -1.383 1.028 22
1.735 -1.438 1.001 53
0 0 0 0
4.2470002 -2.9170001 2.4319999 30
4.2480001 -3.155 2.4170001 7
1.807 -1.429 1.022 49
0 0 0 0
4.3410001 -2.8399999 2.4519999 19
4.3330002 -3.0680001 2.4260001 1
1.834 -1.383 1.018 19
0 0 0 0
0 0 0 0
4.4089999 -2.974 2.4300001 1
0 0 0 0
4.6810002 -2.5369999 2.6229999 8
0 0 0 0
0 0 0 0
0 0 0 0
4.777 -2.4560001 2.654 24
0 0 0 0
0 0 0 0
0 0 0 0
4.8049998 -2.339 2.648 31
4.8610001 -2.5940001 2.6210001 2
0 0 0 0
0 0 0 0
4.8309999 -2.223 2.642 34
4.9499998 -2.5020001 2.642 33
4.8790002 -2.684 2.546 1
0 0 0 0
4.8639998 -2.109 2.641 35
4.9860001 -2.382 2.6359999 32
5.1090002 -2.6600001 2.6329999 30
0 0 0 0
4.8940001 -1.9960001 2.641 35
5.026 -2.2650001 2.6340001 34
5.1820002 -2.5510001 2.641 25
5.303 -2.7980001 2.6340001 24
4.921 -1.883 2.6400001 37
5.059 -2.145 2.6300001 36
5.2290001 -2.4289999 2.6370001 34
5.4190001 -2.7 2.6570001 28
4.9460001 -1.77 2.638 41
5.0879998 -2.0250001 2.625 37
5.2779999 -2.3069999 2.635 34
5.4710002 -2.5699999 2.6500001 27
4.9650002 -1.656 2.6359999 46
5.1259999 -1.909 2.625 41
5.3239999 -2.1849999 2.632 37
5.5250001 -2.441 2.645 28
4.9899998 -1.545 2.638 47
5.1630001 -1.794 2.6259999 41
5.3660002 -2.0610001 2.6289999 38
5.5819998 -2.3139999 2.6429999 28
5.007 -1.432 2.6359999 45
5.178 -1.67 2.618 44
5.4099998 -1.938 2.628 38
5.6420002 -2.1860001 2.6440001 29
5.0229998 -1.3200001 2.635 44
5.2090001 -1.553 2.6199999 43
5.4520001 -1.814 2.6300001 40
5.6890001 -2.053 2.641 29
5.0440001 -1.2079999 2.6389999 41
5.2360001 -1.4349999 2.6199999 45
5.4879999 -1.687 2.628 41
5.744 -1.924 2.6429999 28
5.039 -1.092 2.6300001 47
5.257 -1.316 2.619 44
5.5250001 -1.562 2.628 41
5.7870002 -1.789 2.6400001 37
5.0419998 -0.98000002 2.625 41
5.2719998 -1.196 2.615 41
5.5560002 -1.4349999 2.6270001 40
5.8080001 -1.65 2.628 41
5.0500002 -0.86900002 2.6240001 38
5.2789998 -1.075 2.609 43
5.5760002 -1.3049999 2.6210001 40
5.8299999 -1.5089999 2.6199999 54
5.0570002 -0.759 2.625 39
5.3049998 -0.958 2.6140001 36
5.5999999 -1.177 2.619 38
5.8720002 -1.375 2.6199999 56
5.0500002 -0.64600003 2.619 31
5.322 -0.83999997 2.6159999 36
5.632 -1.05 2.6229999 39
5.915 -1.238 2.625 53
0 0 0 0
5.3280001 -0.71899998 2.6140001 41
5.645 -0.91799998 2.6199999 37
5.9650002 -1.104 2.6329999 49
0 0 0 0
0 0 0 0
5.5890002 -0.778 2.586 47
6 -0.96600002 2.6359999 44
0.87300003 -0.054000001 0.45199999 1
0.87099999 -0.078000002 0.426 0
0 0 0 0
6.006 -0.82200003 2.628 29
0.86799997 -0.035 0.44999999 6
0 0 0 0
0.98900002 -0.092 0.45500001 0
0 0 0 0
0.86799997 -0.017000001 0.45100001 7
0.92400002 -0.041999999 0.45100001 0
5.6849999 -0.398 2.612 4
0 0 0 0
0.87900001 0.001 0.458 7
0.92799997 -0.021 0.454 0
5.697 -0.26800001 2.615 37
6.0549998 -0.39899999 2.6240001 4
0.88200003 0.018999999 0.46000001 4
0.93699998 -0.001 0.458 1
5.6900001 -0.13600001 2.6099999 38
6.0599999 -0.255 2.6229999 29
0.87300003 0.037999999 0.456 7
0.93599999 0.018999999 0.458 1
5.678 -0.0060000001 2.605 35
6.0609999 -0.113 2.6199999 29
0.87300003 0.057 0.458 7
0.92900002 0.039999999 0.456 1
5.7119999 0.125 2.622 21
6.0599999 0.028999999 2.618 29
0.861 0.074000001 0.45300001 7
0.92799997 0.059999999 0.456 3
0 0 0 0
6.0630002 0.17299999 2.6199999 29
0.86299998 0.093000002 0.45500001 6
0.92799997 0.081 0.45699999 4
0.98100001 0.066 0.45100001 0
6.059 0.31600001 2.619 29
0.85500002 0.111 0.45300001 6
0.92799997 0.102 0.45899999 4
0.98000002 0.089000002 0.45199999 1
6.04 0.458 2.6140001 29
0.852 0.12899999 0.454 7
0.92199999 0.122 0.45699999 3
0.98400003 0.112 0.45500001 1
6.0229998 0.60100001 2.612 29
0.847 0.147 0.45300001 7
0.91299999 0.141 0.45500001 3
0.98000002 0.134 0.454 1
5.8709998 0.72600001 2.552 42
0.84399998 0.16500001 0.454 6
0.91500002 0.163 0.458 3
0.97500002 0.15700001 0.454 4
5.901 0.87300003 2.573 21
0.83700001 0.182 0.45199999 7
0.903 0.18099999 0.45500001 3
0.97100002 0.17900001 0.454 5
0 0 0 0
0.82999998 0.199 0.45100001 6
0.89899999 0.20100001 0.45500001 4
0.97100002 0.20200001 0.456 4
1.031 0.20299999 0.45300001 1
0.82599998 0.21699999 0.45199999 4
0.89300001 0.221 0.45500001 4
0.95599997 0.222 0.45199999 4
1.033 0.229 0.456 1
0.824 0.235 0.454 4
0.88700002 0.23999999 0.454 4
0.95099998 0.244 0.45199999 4
1.02 0.25099999 0.45300001 3
0.81800002 0.252 0.454 4
0.88099998 0.25999999 0.45500001 4
0.94700003 0.26699999 0.45300001 4
1.022 0.278 0.45699999 5
0.80800003 0.26800001 0.45199999 4
0.87199998 0.278 0.45300001 3
0.94 0.28799999 0.45300001 4
1.005 0.29899999 0.45199999 4
0.80000001 0.28400001 0.45100001 4
0.86299998 0.296 0.45199999 4
0.93199998 0.30899999 0.45300001 4
1.008 0.32699999 0.45699999 4
0.79000002 0.30000001 0.44999999 5
0.85399997 0.315 0.45199999 4
0.92699999 0.33199999 0.454 4
0.99800003 0.34999999 0.45699999 4
0.78600001 0.317 0.45100001 4
0.84399998 0.333 0.45100001 4
0.91299999 0.35100001 0.45100001 4
0.97299999 0.36700001 0.449 4
0.77399999 0.33199999 0.449 4
0.83700001 0.35100001 0.45100001 4
0.90799999 0.373 0.45300001 4
0.97399998 0.39399999 0.454 4
0.764 0.347 0.44800001 5
0.82800001 0.36899999 0.45100001 4
0.89600003 0.39300001 0.45199999 4
0.96700001 0.419 0.45500001 4
0.75999999 0.36500001 0.44999999 4
0.81599998 0.38600001 0.449 4
0.88499999 0.412 0.45100001 4
0.95300001 0.44 0.454 4
0.74699998 0.37799999 0.447 5
0.80800003 0.40400001 0.44999999 4
0.86699998 0.42899999 0.44800001 4
0.94 0.46200001 0.45300001 4
0 0 0 0
0 0 0 0
0 0 0 0
0 0 0 0
0 0 0 0
0 0 0 0
0 0 0 0
0 0 0 0
0 0 0 0
0 0 0 0
0 0 0 0
0 0 0 0
0 0 0 0
0 0 0 0
0 0 0 0
0 0 0 0
0 0 0 0
0 0 0 0
0 0 0 0
0 0 0 0
0.68000001 0.461 0.44 6
0.73699999 0.50099999 0.44499999 4
0.79400003 0.542 0.447 4
0.847 0.57999998 0.44600001 5
0.67799997 0.48100001 0.44499999 4
0.72600001 0.51800001 0.44600001 4
0.77200001 0.55299997 0.442 4
0.82599998 0.59500003 0.44299999 6
0.66500002 0.493 0.44299999 4
0.71399999 0.53299999 0.44600001 4
0.76200002 0.57300001 0.44400001 4
0.81300002 0.616 0.44400001 6
0.65399998 0.50700003 0.44400001 4
0.70099998 0.54900002 0.44600001 4
0.741 0.58499998 0.44 4
0.78600001 0.62699997 0.43900001 3
0.63999999 0.51800001 0.44100001 4
0.68400002 0.56099999 0.44299999 4
0.73400003 0.60699999 0.44400001 4
0.778 0.65100002 0.44299999 2
0.62699997 0.53100002 0.44 4
0.67299998 0.57700002 0.44400001 4
0.71799999 0.62300003 0.44400001 4
0.75800002 0.66600001 0.44100001 2
0.61900002 0.54699999 0.44299999 4
0.66100001 0.59200001 0.44499999 4
0.699 0.63599998 0.44100001 4
0.73900002 0.68099999 0.44 1
0.60699999 0.55900002 0.442 4
0.63999999 0.60000002 0.44 4
0.68300003 0.64999998 0.44100001 5
0.72299999 0.69999999 0.442 1
0.59500003 0.57200003 0.442 4
0.63 0.61699998 0.442 4
0.66600001 0.66399997 0.44 5
0.69700003 0.70700002 0.43599999 1
0.57300001 0.57499999 0.435 4
0.616 0.63099998 0.44299999 4
0.64399999 0.67299998 0.43700001 5
0.67500001 0.71899998 0.43399999 1
0.565 0.59200001 0.43799999 4
0.59799999 0.64099997 0.44 3
0.62800002 0.68699998 0.43700001 6
0.65200001 0.72899997 0.43099999 1
0.55599999 0.60699999 0.44100001 5
0.579 0.64999998 0.43700001 3
0.61199999 0.70200002 0.43799999 6
0.625 0.73400003 0.426 1
0.542 0.61799997 0.44 4
0.56900001 0.667 0.44100001 3
0.59200001 0.71100003 0.435 6
0.58999997 0.727 0.414 2
0.60299999 0.71799999 0.50199997 2
0.56199998 0.68900001 0.447 2
0.57499999 0.72500002 0.435 0
0.55900002 0.72500002 0.405 6
0.52600002 0.653 0.449 2
0.54299998 0.69599998 0.44400001 2
0.56400001 0.74599999 0.44 1
0.56300002 0.76599997 0.42199999 3
0.52499998 0.68199998 0.46000001 2
0.55599999 0.74800003 0.46900001 2
0.56999999 0.79100001 0.46000001 0
0.57999998 0.83099997 0.45100001 3
0.56300002 0.76599997 0.509 3
0.58600003 0.82499999 0.50999999 1
0.57200003 0.83499998 0.47799999 3
0.55900002 0.84399998 0.45100001 3
0.58600003 0.83200002 0.54400003 2
0.56599998 0.83700001 0.509 3
0.54900002 0.84399998 0.47600001 3
0.53500003 0.85299999 0.44999999 3
0.56400001 0.83999997 0.54100001 2
0.54500002 0.84500003 0.50700003 3
0.528 0.85399997 0.47600001 3
0.51300001 0.86199999 0.449 3
0.54500002 0.84899998 0.53799999 3
0.52499998 0.85600001 0.50599998 3
0.505 0.86000001 0.47299999 3
0.49200001 0.87300003 0.449 3
0.52600002 0.85900003 0.53799999 3
0.50599998 0.86699998 0.50599998 2
0.48699999 0.87599999 0.47600001 3
0.46799999 0.88 0.44800001 3
0.50599998 0.86799997 0.53600001 2
0.48500001 0.87599999 0.505 2
0.46599999 0.88599998 0.47600001 3
0.447 0.89300001 0.44999999 3
0.48800001 0.88099998 0.537 3
0.46399999 0.884 0.50400001 2
0.44400001 0.89499998 0.47600001 3
0.42699999 0.90700001 0.45300001 3
0.47499999 0.90200001 0.54299998 3
0.44400001 0.89399999 0.50400001 3
0.42500001 0.90899998 0.47799999 3
0.40400001 0.91399997 0.45300001 3
0.45300001 0.90799999 0.54000002 3
0.42300001 0.90399998 0.50400001 3
0.40400001 0.92000002 0.47999999 3
0.382 0.92400002 0.454 3
0.435 0.92000002 0.542 3
0.403 0.91100001 0.50300002 2
0.38699999 0.93800002 0.48500001 3
0.359 0.93099999 0.454 2
0.414 0.926 0.53899997 3
0.38299999 0.92299998 0.505 2
0.36399999 0.94499999 0.48500001 2
0.34099999 0.95099998 0.461 2
0.39300001 0.93400002 0.53799999 3
0.36300001 0.93199998 0.505 2
0.34900001 0.972 0.495 2
0.31600001 0.954 0.46000001 2
0.375 0.94700003 0.54100001 3
0.34299999 0.94199997 0.50700003 2
0.32800001 0.98500001 0.49900001 2
0.296 0.97100002 0.465 2
0.35600001 0.95999998 0.54299998 3
0.322 0.95300001 0.509 2
0.30700001 1 0.50400001 2
0.27200001 0.97799999 0.46700001 2
0.33700001 0.97399998 0.54699999 3
0.30199999 0.96499997 0.51200002 2
0.27900001 0.991 0.49700001 2
0.25 0.99000001 0.47099999 2
0.322 1 0.55699998 3
0.28 0.97000003 0.51200002 2
0.25299999 0.98799998 0.493 2
0.227 0.99800003 0.47299999 2
0.30199999 1.011 0.55800003 3
0.259 0.977 0.51200002 2
0.23100001 0.99599999 0.495 2
0.204 1.0089999 0.47799999 2
0.278 1.0089999 0.55299997 3
0.23899999 0.99000001 0.51599997 2
0.208 1.003 0.49599999 2
0.191 1.0779999 0.509 3
0.252 1.002 0.546 3
0.21699999 0.99699998 0.51700002 2
0.186 1.012 0.5 2
0.161 1.054 0.498 2
0.229 0.99900001 0.54000002 3
0.197 1.016 0.52499998 2
0.163 1.026 0.505 2
0.133 1.039 0.491 3
0.207 1.008 0.54299998 2
0.18099999 1.0650001 0.54799998 3
0.14 1.034 0.50800002 2
0.109 1.054 0.498 3
0.186 1.017 0.54400003 2
0.16500001 1.123 0.57700002 5
0.117 1.05 0.51599997 3
0.083999999 1.064 0.50300002 3
0.16500001 1.027 0.54699999 2
0.13500001 1.0880001 0.55699998 3
0.093999997 1.0650001 0.523 3
0.059 1.072 0.50700003 3
0.14399999 1.04 0.55199999 3
0.107 1.056 0.53899997 2
0.079999998 1.228 0.60299999 6
0.034000002 1.089 0.51700002 3
0.121 1.0420001 0.551 3
0.083999999 1.057 0.53899997 2
0.046 1.112 0.54699999 3
0.0089999996 1.263 0.60100001 7
0.098999999 1.051 0.55400002 3
0.059999999 1.074 0.54699999 2
0.02 1.095 0.53899997 3
-0.017999999 1.137 0.54299998 3
0.077 1.067 0.56 3
0.035999998 1.084 0.55199999 2
-0.0049999999 1.1059999 0.54500002 3
-0.045000002 1.131 0.54299998 2
0.052999999 1.075 0.56400001 3
0.012 1.095 0.55699998 2
-0.030999999 1.119 0.55299997 3
-0.072999999 1.14 0.54900002 3
0.029999999 1.0880001 0.56900001 2
-0.012 1.107 0.56400001 2
-0.057999998 1.132 0.56099999 2
-0.101 1.155 0.55900002 3
0.0070000002 1.112 0.58099997 2
-0.037 1.125 0.574 2
-0.085000001 1.142 0.56800002 2
-0.13 1.169 0.56900001 3
-0.017000001 1.123 0.58600003 2
-0.064000003 1.141 0.58200002 2
-0.114 1.17 0.58399999 2
-0.161 1.187 0.58200002 2
-0.041999999 1.127 0.588 2
-0.090000004 1.146 0.58600003 2
-0.142 1.174 0.58899999 2
-0.192 1.201 0.59299999 3
-0.068000004 1.138 0.59399998 2
-0.118 1.16 0.59500003 2
-0.171 1.184 0.597 2
-0.22499999 1.216 0.60500002 2
-0.093999997 1.148 0.59899998 2
-0.146 1.169 0.602 2
-0.20200001 1.198 0.60799998 2
-0.259 1.234 0.61900002 14
-0.121 1.158 0.60500002 3
-0.176 1.187 0.61299998 2
-0.236 1.223 0.62400001 2
-0.294 1.252 0.634 2
-0.15000001 1.183 0.61900002 2
-0.208 1.211 0.62800002 1
-0.26699999 1.234 0.634 2
-0.32699999 1.26 0.64399999 12
-0.17900001 1.198 0.62800002 2
-0.23800001 1.225 0.63800001 12
-0.301 1.25 0.64700001 12
-0.36300001 1.272 0.65700001 2
-0.208 1.205 0.63300002 13
-0.26800001 1.227 0.64300001 2
-0.338 1.27 0.66299999 1
-0.42399999 1.363 0.71100003 10
-0.23800001 1.216 0.64099997 3
-0.303 1.252 0.66000003 12
-0.36899999 1.267 0.66799998 13
-0.46799999 1.387 0.73199999 10
-0.271 1.239 0.65600002 12
-0.338 1.2690001 0.67299998 2
-0.43599999 1.377 0.73199999 1
-0.51300001 1.4069999 0.75199997 10
-0.30500001 1.258 0.66900003 3
-0.373 1.28 0.68400002 15
-0.47299999 1.382 0.74199998 9
-0.55900002 1.429 0.773 9
-0.338 1.267 0.676 12
-0.43399999 1.375 0.74000001 2
-0.51899999 1.409 0.76499999 11
-0.60600001 1.448 0.79400003 10
-0.373 1.285 0.69 2
-0.47299999 1.385 0.75099999 10
-0.56300002 1.425 0.78200001 9
-0.65700001 1.47 0.81800002 10
-0.42899999 1.363 0.736 9
-0.51700002 1.409 0.77100003 11
-0.61199999 1.451 0.80599999 9
-0.713 1.5 0.847 11
-0.47400001 1.395 0.75800002 10
-0.55800003 1.421 0.78500003 9
-0.65700001 1.4630001 0.82200003 9
-0.76700002 1.522 0.87199998 11
-0.514 1.408 0.76999998 10
-0.60799998 1.45 0.80900002 10
-0.713 1.494 0.85100001 10
-0.83200002 1.557 0.90700001 11
-0.55599999 1.423 0.78399998 9
-0.65600002 1.469 0.82800001 9
-0.76700002 1.516 0.875 10
-0.89200002 1.579 0.935 10
-0.60799998 1.455 0.80900002 10
-0.70700002 1.492 0.85000002 10
-0.82800001 1.546 0.90600002 10
-0.78500003 1.317 0.79400003 150
-0.65100002 1.464 0.82099998 10
-0.75999999 1.513 0.87300003 10
-0.89399999 1.58 0.94 11
-0.77399999 1.2309999 0.75599998 41
-0.70700002 1.499 0.84799999 11
-0.824 1.551 0.90600002 10
-0.80699998 1.352 0.81699997 151
-0.78899997 1.193 0.74599999 38
-0.75999999 1.521 0.87 11
-0.88599998 1.58 0.935 11
-0.77499998 1.233 0.75800002 36
-0.81099999 1.166 0.74400002 43
-0.82099998 1.553 0.898 11
-0.91799998 1.552 0.93199998 37
-0.79299998 1.2 0.75 38
-0.824 1.128 0.73500001 45
-0.87699997 1.571 0.91799998 11
-0.77100003 1.237 0.75400001 33
-0.81400001 1.1720001 0.74599999 40
-0.84100002 1.095 0.72899997 42
-0.92699999 1.575 0.93199998 13
-0.78899997 1.2029999 0.745 34
-0.824 1.128 0.73199999 39
-0.85299999 1.059 0.72100002 36
-0.76700002 1.238 0.74199998 31
-0.80500001 1.17 0.73500001 38
-0.83899999 1.096 0.72500002 33
-0.866 1.025 0.71399999 37
-0.78299999 1.202 0.73100001 39
-0.81999999 1.135 0.72600001 45
-0.85500002 1.064 0.71899998 36
-0.889 1.0039999 0.71700001 9
-0.80800003 1.179 0.72799999 37
-0.83999997 1.108 0.72100002 37
-0.87 1.034 0.71399999 9
-0.89700001 0.96700001 0.708 40
-0.81999999 1.141 0.71399999 39
-0.84799999 1.067 0.708 34
-0.884 1.002 0.708 40
-0.91399997 0.94 0.70599997 10
-0.833 1.105 0.70300001 35
-0.86299998 1.035 0.70099998 33
-0.898 0.972 0.70200002 10
-0.93000001 0.91399997 0.70499998 8
-0.84899998 1.073 0.69499999 36
-0.87800002 1.006 0.69499999 9
-0.91500002 0.94499999 0.69999999 8
-0.94099998 0.884 0.70099998 41
-0.86000001 1.036 0.68300003 33
-0.89099997 0.97500002 0.68800002 34
-0.926 0.91399997 0.69400001 10
-0.95599997 0.85600001 0.699 8
-0.87900001 1.011 0.67900002 8
-0.912 0.95200002 0.68699998 7
-0.94300002 0.889 0.69300002 8
-0.96899998 0.829 0.69800001 8
-0.89399999 0.98100001 0.67299998 36
-0.92400002 0.92199999 0.68099999 33
-0.94800001 0.85299999 0.68400002 9
-0.98299998 0.80299997 0.69700003 8
-0.90799999 0.95200002 0.66600001 9
-0.935 0.89099997 0.67500001 8
-0.97100002 0.83399999 0.68800002 8
-1.001 0.77899998 0.699 6
-0.921 0.92199999 0.66000003 9
-0.949 0.86299998 0.671 8
-0.98199999 0.80500001 0.68400002 8
-1.005 0.74599999 0.69300002 8
-0.93699998 0.89499998 0.65600002 9
-0.96200001 0.83499998 0.667 7
-0.99199998 0.77600002 0.68000001 5
-1.031 0.72899997 0.70099998 2
-0.949 0.866 0.64999998 9
-0.97600001 0.80800003 0.66399997 8
-0.99900001 0.745 0.67500001 44
-1.479 0.99599999 0.995 8
-0.95499998 0.83200002 0.63999999 10
-0.991 0.78299999 0.662 7
-1.023 0.727 0.68099999 5
-1.5420001 0.98799998 1.026 47
-0.972 0.80699998 0.639 10
-1.003 0.75599998 0.65899998 8
-1.48 1.002 0.97299999 0
-1.557 0.94800001 1.025 81
-0.977 0.77399999 0.63 10
-1.016 0.72899997 0.65799999 5
-1.527 0.98400003 0.99199998 31
-1.163 0.67199999 0.75800002 2
-0.99299997 0.74900001 0.62800002 11
-1.41 0.96399999 0.89899999 0
-1.551 0.94999999 0.995 54
-1.171 0.64200002 0.75599998 5
-1.017 0.73100001 0.63300002 7
-1.522 0.99000001 0.95700002 22
-1.1619999 0.67500001 0.73699999 1
-1.181 0.61299998 0.75599998 3
-1.062 0.72600001 0.64999998 1
-1.549 0.95700002 0.95999998 51
-1.177 0.648 0.73900002 4
-1.1670001 0.57300001 0.74199998 1
-1.102 0.71600002 0.66399997 160
-1.1569999 0.67799997 0.708 2
-1.178 0.61400002 0.73299998 8
0 0 0 0
-1.15 0.70999998 0.68199998 7
-1.165 0.64700001 0.70499998 2
-1.193 0.588 0.73500001 1
0 0 0 0
-1.069 0.625 0.625 7
-1.183 0.62199998 0.708 6
-1.168 0.54299998 0.71399999 1
0 0 0 0
-1.086 0.60100001 0.62699997 7
-1.177 0.58399999 0.69599998 3
0 0 0 0
0 0 0 0
-1.076 0.56400001 0.61400002 8
-1.175 0.55000001 0.68900001 1
0 0 0 0
0 0 0 0
-1.091 0.53899997 0.61500001 8
-1.217 0.53600001 0.70700002 0
0 0 0 0
0 0 0 0
-1.104 0.51300001 0.61500001 9
0 0 0 0
0 0 0 0
0 0 0 0
-1.123 0.49000001 0.61900002 8
0 0 0 0
0 0 0 0
0 0 0 0
-1.126 0.46000001 0.61500001 8
0 0 0 0
0 0 0 0
0 0 0 0
-1.154 0.44 0.62400001 7
0 0 0 0
0 0 0 0
0 0 0 0
-1.166 0.41299999 0.62599999 8
0 0 0 0
0 0 0 0
0 0 0 0
-1.173 0.38499999 0.62400001 5
0 0 0 0
0 0 0 0
-1.7819999 0.33700001 1.08 27
-1.177 0.35600001 0.62199998 4
0 0 0 0
0 0 0 0
-1.803 0.30000001 1.092 32
-1.189 0.329 0.625 2
0 0 0 0
-1.8150001 0.34 1.052 63
-1.818 0.25999999 1.101 40
-1.219 0.30599999 0.63700002 7
-1.36 0.28400001 0.74800003 1
-1.8430001 0.30199999 1.066 39
-1.824 0.22 1.105 51
-1.24 0.28 0.64399999 0
-1.848 0.34200001 1.013 49
-1.857 0.26100001 1.073 29
-1.83 0.18000001 1.109 71
-1.347 0.271 0.69700003 4
-1.868 0.301 1.022 47
-1.868 0.22 1.079 16
-1.842 0.14 1.118 72
-1.864 0.329 0.96100003 51
-1.8890001 0.259 1.031 50
-1.876 0.178 1.084 16
-1.84 0.098999999 1.119 61
-1.877 0.285 0.96399999 53
-1.911 0.21699999 1.0420001 52
-1.89 0.13600001 1.092 21
-1.836 0.059 1.119 55
-1.905 0.243 0.97600001 50
-1.933 0.175 1.053 49
-1.904 0.093999997 1.101 25
-1.84 0.017999999 1.124 59
-1.927 0.199 0.986 50
-1.9400001 0.13 1.056 53
-1.908 0.050999999 1.105 39
-1.831 -0.021 1.122 57
-1.946 0.154 0.995 44
-1.952 0.085000001 1.063 46
-1.924 0.0080000004 1.117 52
-1.806 -0.059999999 1.1109999 69
-1.971 0.109 1.006 47
-1.959 0.039999999 1.068 29
-1.9349999 -0.034000002 1.126 61
-1.767 -0.097999997 1.09 36
-1.99 0.061999999 1.016 47
-1.9680001 -0.0040000002 1.075 38
-2.0109999 -0.081 1.174 51
-1.765 -0.13600001 1.094 24
-2.016 0.015 1.03 45
-2.029 -0.052000001 1.11 55
-1.992 -0.125 1.1670001 128
-1.784 -0.177 1.1109999 30
-2.0369999 -0.033 1.0420001 43
-2.0599999 -0.1 1.13 63
-1.9859999 -0.169 1.168 118
-1.807 -0.219 1.131 30
-2.0639999 -0.082999997 1.058 40
-2.063 -0.149 1.135 62
-1.927 -0.208 1.1390001 74
-1.817 -0.25999999 1.1440001 33
-2.099 -0.134 1.0779999 51
-2.075 -0.198 1.146 69
-1.901 -0.249 1.1289999 151
-1.829 -0.303 1.159 34
-2.122 -0.18700001 1.094 55
-2.096 -0.249 1.1619999 72
-1.847 -0.28400001 1.102 48
-1.852 -0.34799999 1.1799999 35
-2.142 -0.241 1.109 65
-2.056 -0.294 1.146 123
-1.853 -0.32800001 1.113 27
-1.8839999 -0.39700001 1.21 34
-2.049 -0.28 1.0650001 131
-2.086 -0.347 1.169 144
-1.873 -0.375 1.132 25
-1.909 -0.44499999 1.234 31
-2.0769999 -0.336 1.085 99
-2.0650001 -0.39300001 1.164 150
-1.888 -0.42199999 1.149 27
-1.9400001 -0.49700001 1.2640001 39
-2.1229999 -0.39500001 1.115 121
-1.979 -0.42500001 1.123 151
-1.9119999 -0.472 1.1720001 35
-1.966 -0.54900002 1.2920001 36
-2.187 -0.46200001 1.1569999 73
-1.931 -0.46200001 1.103 37
-1.944 -0.52700001 1.201 32
-1.9910001 -0.60299999 1.3200001 36
-2.171 -0.514 1.156 116
-1.942 -0.51200002 1.118 20
-1.98 -0.58399999 1.234 32
-2.0190001 -0.65899998 1.35 42
-2.1949999 -0.57599998 1.178 150
-1.966 -0.56800002 1.142 22
-2.0050001 -0.64099997 1.26 38
-2.043 -0.71600002 1.38 32
-2.096 -0.60399997 1.135 150
-2.0009999 -0.62900001 1.173 36
-2.03 -0.699 1.289 34
-2.0610001 -0.77200001 1.405 28
-2.0239999 -0.63599998 1.105 40
-2.0280001 -0.68900001 1.2 38
-2.056 -0.75999999 1.318 32
-2.0940001 -0.83600003 1.443 26
-2.036 -0.69400001 1.123 24
-2.056 -0.75300002 1.228 37
-2.0869999 -0.824 1.352 32
-2.132 -0.90499997 1.485 27
-2.062 -0.75999999 1.149 26
-2.0829999 -0.81800002 1.258 33
-2.1159999 -0.89099997 1.386 32
-2.158 -0.97100002 1.52 24
-2.0940001 -0.829 1.1799999 33
-2.1159999 -0.88800001 1.293 32
-2.1489999 -0.96200001 1.424 26
-2.1830001 -1.039 1.557 32
-2.1210001 -0.89999998 1.21 31
-2.141 -0.958 1.324 26
-2.1789999 -1.035 1.462 28
-2.1600001 -1.085 1.5599999 34
-2.154 -0.97600001 1.244 26
-2.1819999 -1.0369999 1.3660001 38
-2.1619999 -1.086 1.469 39
-2.1429999 -1.135 1.568 31
-2.1730001 -1.048 1.272 50
-2.164 -1.092 1.373 43
-2.138 -1.1339999 1.472 29
-2.1270001 -1.1849999 1.576 26
-2.148 -1.101 1.276 49
-2.1400001 -1.142 1.377 33
-2.1229999 -1.188 1.483 28
-2.112 -1.2359999 1.5880001 26
-2.138 -1.1619999 1.289 33
-2.122 -1.197 1.385 28
-2.1040001 -1.239 1.49 23
-2.089 -1.283 1.5930001 24
-2.1129999 -1.215 1.294 28
-2.102 -1.251 1.395 26
-2.0799999 -1.2869999 1.4960001 22
-2.0699999 -1.3329999 1.602 18
-2.098 -1.275 1.306 26
-2.0810001 -1.304 1.403 23
-2.069 -1.346 1.513 22
-2.0480001 -1.381 1.61 15
-2.0739999 -1.331 1.314 25
-2.062 -1.3609999 1.414 22
-2.049 -1.398 1.523 16
-2.0020001 -1.413 1.6 15
-2.0569999 -1.39 1.327 25
-2.036 -1.4119999 1.421 22
-1.9960001 -1.427 1.508 21
-1.955 -1.443 1.589 17
-2.0050001 -1.428 1.3200001 24
-1.97 -1.4349999 1.401 22
-1.9400001 -1.454 1.493 21
-1.911 -1.474 1.58 20
-1.9400001 -1.4529999 1.302 24
-1.916 -1.465 1.3890001 22
-1.878 -1.474 1.473 21
-1.853 -1.493 1.5599999 23
-1.876 -1.477 1.286 27
-1.857 -1.49 1.374 24
-1.8279999 -1.501 1.461 21
-1.8049999 -1.518 1.548 24
-1.821 -1.507 1.276 27
-1.798 -1.512 1.358 31
-1.777 -1.526 1.449 25
-1.757 -1.5420001 1.536 24
-1.767 -1.535 1.268 40
-1.747 -1.54 1.35 36
-1.724 -1.548 1.436 34
-1.704 -1.562 1.521 33
-1.7130001 -1.563 1.2589999 40
-1.693 -1.564 1.3380001 37
-1.673 -1.571 1.425 35
-1.65 -1.577 1.503 45
-1.658 -1.5880001 1.25 41
-1.643 -1.589 1.33 44
-1.625 -1.595 1.416 36
-1.607 -1.602 1.4960001 37
-1.603 -1.6109999 1.24 40
-1.592 -1.613 1.321 34
-1.58 -1.6210001 1.41 43
-1.563 -1.626 1.489 42
-1.554 -1.6390001 1.237 38
-1.543 -1.638 1.3150001 42
-1.529 -1.6390001 1.398 43
-1.5190001 -1.648 1.4809999 48
-1.5039999 -1.665 1.232 45
-1.49 -1.656 1.304 51
-1.483 -1.663 1.392 45
-1.471 -1.666 1.469 48
-1.45 -1.6849999 1.224 44
-1.446 -1.6849999 1.303 52
-1.437 -1.684 1.385 46
-1.429 -1.689 1.464 44
-1.402 -1.711 1.222 45
-1.398 -1.707 1.2970001 46
-1.392 -1.707 1.38 46
-1.386 -1.71 1.4579999 52
-1.352 -1.735 1.2180001 44
-1.352 -1.732 1.294 46
-1.348 -1.729 1.375 46
-1.342 -1.729 1.451 48
-1.302 -1.756 1.214 45
-1.3049999 -1.752 1.29 43
-1.303 -1.749 1.37 45
-1.299 -1.749 1.4450001 47
-1.2539999 -1.779 1.212 45
-1.258 -1.773 1.286 44
-1.261 -1.774 1.369 47
-1.257 -1.7690001 1.4400001 51
-1.209 -1.806 1.215 46
-1.211 -1.794 1.283 45
-1.217 -1.794 1.365 49
-1.217 -1.791 1.437 49
-1.159 -1.826 1.2130001 44
-1.1670001 -1.818 1.284 49
-1.173 -1.814 1.362 44
-1.174 -1.808 1.432 48
-1.1109999 -1.846 1.212 46
-1.122 -1.841 1.284 40
-1.13 -1.834 1.36 42
-1.137 -1.836 1.4349999 38
-1.064 -1.868 1.2130001 42
-1.077 -1.8609999 1.283 43
-1.089 -1.858 1.3609999 42
-1.092 -1.849 1.428 46
-1.017 -1.891 1.215 41
-1.033 -1.8839999 1.285 43
-1.045 -1.877 1.359 44
-1.052 -1.869 1.426 40
-0.97100002 -1.914 1.219 41
-0.98799998 -1.905 1.286 41
-1.001 -1.895 1.357 43
-1.0089999 -1.885 1.4220001 45
-0.92199999 -1.931 1.219 35
-0.94099998 -1.9220001 1.285 38
-0.958 -1.915 1.357 36
-0.96899998 -1.906 1.4220001 48
-0.87800002 -1.959 1.227 37
-0.89700001 -1.944 1.289 37
-0.91500002 -1.934 1.358 35
-0.92900002 -1.928 1.424 36
-0.82800001 -1.974 1.227 31
-0.852 -1.9630001 1.291 37
-0.875 -1.96 1.364 41
-0.88800001 -1.947 1.424 37
-0.78399998 -2.0009999 1.2359999 31
-0.80599999 -1.9809999 1.293 32
-0.829 -1.974 1.362 31
-0.84399998 -1.959 1.419 38
-0.73400003 -2.0150001 1.238 28
-0.76200002 -2.003 1.298 33
-0.78600001 -1.992 1.363 27
-0.80500001 -1.982 1.423 35
-0.68800002 -2.039 1.2460001 30
-0.71799999 -2.0280001 1.306 33
-0.74199998 -2.01 1.365 28
-0.764 -2.0009999 1.425 31
-0.64200002 -2.0639999 1.256 29
-0.67199999 -2.0450001 1.309 29
-0.699 -2.0280001 1.368 30
-0.722 -2.017 1.425 35
-0.59500003 -2.086 1.265 19
-0.62800002 -2.0699999 1.318 33
-0.65700001 -2.053 1.376 32
-0.68000001 -2.0350001 1.427 28
0 0 0 0
-0.58700001 -2.108 1.337 0
-0.61299998 -2.0699999 1.3789999 30
-0.63999999 -2.059 1.434 35
0 0 0 0
0 0 0 0
0 0 0 0
-0.59899998 -2.0810001 1.439 22
0 0 0 0
0 0 0 0
-0.52999997 -2.1289999 1.404 0
-0.55599999 -2.0969999 1.442 0
0 0 0 0
0 0 0 0
0 0 0 0
0 0 0 0
0 0 0 0
0 0 0 0
0 0 0 0
0 0 0 0
0 0 0 0
0 0 0 0
0 0 0 0
0 0 0 0
0 0 0 0
0 0 0 0
0 0 0 0
0 0 0 0
0 0 0 0
0 0 0 0
0 0 0 0
0 0 0 0
-0.145 -2.2909999 1.38 4
0 0 0 0
0 0 0 0
0 0 0 0
-0.086999997 -2.187 1.321 13
-0.149 -2.277 1.42 4
0 0 0 0
0 0 0 0
-0.033 -2.0669999 1.252 17
-0.093000002 -2.1830001 1.363 13
-0.15700001 -2.303 1.485 0
0 0 0 0
0.015 -2.0510001 1.247 2
-0.041999999 -2.0829999 1.301 17
-0.101 -2.1949999 1.414 11
0 0 0 0
0 0 0 0
0.0049999999 -2.056 1.2869999 3
-0.050000001 -2.089 1.346 16
-0.103 -2.2060001 1.459 11
0 0 0 0
0 0 0 0
-0.0040000002 -2.0639999 1.33 5
-0.052999999 -2.1099999 1.393 13
0 0 0 0
0 0 0 0
0.039000001 -2.0039999 1.2920001 0
-0.0080000004 -2.0639999 1.3609999 12
0 0 0 0
0 0 0 0
0 0 0 0
0.034000002 -2.0050001 1.321 2
0 0 0 0
0 0 0 0
0 0 0 0
0 0 0 0
0 0 0 0
0 0 0 0
0 0 0 0
0 0 0 0
0 0 0 0
0 0 0 0
0 0 0 0
0 0 0 0
0 0 0 0
0 0 0 0
0 0 0 0
0 0 0 0
0 0 0 0
0 0 0 0
0 0 0 0
0 0 0 0
0 0 0 0
0 0 0 0
0 0 0 0
0 0 0 0
0.62199998 -2.2869999 1.497 7
0 0 0 0
0 0 0 0
0 0 0 0
0.65700001 -2.2130001 1.4630001 7
0.59600002 -2.3099999 1.526 8
0 0 0 0
0 0 0 0
0.68900001 -2.1370001 1.428 7
0.63099998 -2.2360001 1.489 8
0.57499999 -2.3499999 1.5650001 1
0 0 0 0
0.72299999 -2.075 1.403 9
0.662 -2.161 1.451 8
0.61000001 -2.2750001 1.525 8
0 0 0 0
0.75099999 -2.006 1.372 8
0.69400001 -2.0929999 1.418 8
0.64600003 -2.2119999 1.492 7
0.602 -2.3180001 1.5599999 8
0.78200001 -1.95 1.35 8
0.72500002 -2.033 1.391 10
0.67799997 -2.1440001 1.456 8
0.63599998 -2.25 1.522 8
0.81099999 -1.8940001 1.329 8
0.75300002 -1.97 1.3609999 8
0.70899999 -2.082 1.424 9
0.66600001 -2.1760001 1.479 8
0.83700001 -1.8380001 1.307 9
0.78299999 -1.919 1.34 9
0.73900002 -2.0250001 1.396 9
0.69700003 -2.1110001 1.443 8
0.85699999 -1.772 1.278 8
0.81 -1.863 1.316 9
0.76700002 -1.966 1.367 9
0.72500002 -2.0450001 1.4069999 10
0.88300002 -1.724 1.262 6
0.84100002 -1.821 1.302 10
0.79500002 -1.909 1.34 9
0.755 -1.99 1.378 9
1.756 -3.2409999 2.4100001 42
0.85299999 -1.742 1.261 9
0.82300001 -1.8609999 1.319 10
0.78299999 -1.9349999 1.349 9
1.823 -3.1900001 2.4100001 42
0.898 -1.735 1.272 3
0.84399998 -1.8 1.288 10
0.80800003 -1.8789999 1.321 9
1.8890001 -3.1359999 2.4089999 43
1.772 -3.2409999 2.4089999 49
0.86299998 -1.738 1.258 9
0.83700001 -1.834 1.3 11
1.951 -3.0780001 2.4059999 42
1.844 -3.201 2.414 49
0.90899998 -1.735 1.2690001 2
0.852 -1.765 1.262 9
2.016 -3.0250001 2.4089999 40
1.909 -3.148 2.4100001 49
1.798 -3.2520001 2.408 49
0.87699997 -1.7180001 1.24 8
2.0780001 -2.9690001 2.408 42
1.974 -3.0969999 2.4070001 49
1.872 -3.217 2.4119999 50
1.779 -3.3050001 2.4100001 43
2.1400001 -2.914 2.4100001 45
2.0439999 -3.053 2.4119999 47
1.941 -3.1700001 2.4100001 49
1.851 -3.2650001 2.4070001 43
2.204 -2.8640001 2.4170001 47
2.1070001 -2.9990001 2.411 48
2.01 -3.125 2.4089999 48
1.934 -3.243 2.418 46
2.2590001 -2.8010001 2.415 46
2.1689999 -2.9460001 2.4100001 49
2.0829999 -3.0869999 2.414 46
2.007 -3.2030001 2.418 46
2.309 -2.7349999 2.4100001 48
2.234 -2.8959999 2.4130001 50
2.1459999 -3.033 2.4089999 48
2.073 -3.1500001 2.408 43
2.3640001 -2.675 2.411 50
2.29 -2.836 2.4089999 49
2.2090001 -2.98 2.404 49
2.1489999 -3.115 2.4130001 41
2.4170001 -2.6140001 2.411 46
2.3429999 -2.7720001 2.402 48
2.2809999 -2.938 2.411 49
2.2160001 -3.0639999 2.408 43
2.4630001 -2.546 2.4070001 47
2.404 -2.7190001 2.4059999 51
2.3440001 -2.885 2.4100001 50
2.2950001 -3.0309999 2.4170001 47
2.5120001 -2.483 2.4070001 48
2.4649999 -2.664 2.4089999 49
2.404 -2.8280001 2.4059999 48
2.359 -2.9749999 2.411 43
2.556 -2.4159999 2.4030001 50
2.5050001 -2.5899999 2.395 46
2.4679999 -2.776 2.4070001 49
2.4319999 -2.931 2.415 43
2.6010001 -2.3499999 2.402 51
2.559 -2.5309999 2.3959999 27
2.529 -2.7190001 2.4070001 50
2.4979999 -2.878 2.4130001 47
2.6489999 -2.289 2.4059999 50
1.624 -1.536 1.49 0
2.5880001 -2.6619999 2.4059999 43
2.5650001 -2.826 2.4130001 44
2.687 -2.2190001 2.402 46
1.656 -1.498 1.4910001 0
1.601 -1.575 1.455 8
2.6370001 -2.777 2.418 48
2.7249999 -2.1500001 2.4000001 45
2.7149999 -2.348 2.4000001 51
1.6160001 -1.52 1.437 23
1.598 -1.609 1.4299999 5
2.7639999 -2.0829999 2.3989999 47
2.7639999 -2.2850001 2.4000001 51
1.6569999 -1.49 1.444 16
1.6 -1.541 1.399 23
2.8010001 -2.0150001 2.3989999 47
2.8050001 -2.2160001 2.3970001 51
2.8099999 -2.4170001 2.401 49
1.635 -1.505 1.397 24
2.8329999 -1.9450001 2.395 45
2.8499999 -2.151 2.3959999 51
2.8629999 -2.3540001 2.4000001 51
1.699 -1.495 1.421 16
2.868 -1.877 2.3959999 45
2.891 -2.0829999 2.395 49
2.9119999 -2.2869999 2.398 50
2.937 -2.471 2.4059999 52
2.8959999 -1.8049999 2.391 49
2.9349999 -2.016 2.3959999 50
2.964 -2.2219999 2.3989999 50
2.9949999 -2.4059999 2.4059999 53
2.928 -1.7359999 2.392 47
2.974 -1.948 2.3959999 50
3.013 -2.155 2.3989999 50
3.056 -2.3440001 2.408 51
2.9579999 -1.668 2.392 47
3.0109999 -1.878 2.3940001 50
3.0569999 -2.085 2.3959999 51
3.108 -2.2739999 2.405 45
2.9879999 -1.599 2.3929999 47
3.0450001 -1.807 2.392 49
3.1029999 -2.017 2.3959999 50
3.1700001 -2.211 2.411 51
3.0109999 -1.528 2.3900001 50
3.0829999 -1.738 2.3929999 49
3.1459999 -1.946 2.3940001 51
3.221 -2.1400001 2.4089999 52
3.039 -1.459 2.392 51
3.1129999 -1.666 2.3900001 50
3.1889999 -1.875 2.3940001 51
3.2720001 -2.069 2.408 50
3.062 -1.3890001 2.392 52
3.1440001 -1.594 2.3889999 49
3.2290001 -1.802 2.3929999 50
3.3269999 -1.999 2.411 50
3.085 -1.319 2.392 52
3.175 -1.522 2.3889999 50
3.2720001 -1.7309999 2.395 50
3.3699999 -1.923 2.408 49
3.0999999 -1.247 2.388 52
3.204 -1.45 2.3889999 50
3.306 -1.655 2.392 50
3.4089999 -1.844 2.402 45
3.115 -1.175 2.3840001 52
3.2260001 -1.375 2.3840001 52
3.3380001 -1.579 2.3889999 51
3.4549999 -1.768 2.4030001 44
3.132 -1.104 2.3829999 53
3.2550001 -1.303 2.3870001 54
3.3710001 -1.503 2.3870001 52
3.503 -1.693 2.4059999 49
3.145 -1.033 2.381 52
3.266 -1.225 2.3770001 61
3.4030001 -1.426 2.3859999 52
3.5380001 -1.6109999 2.401 51
3.1619999 -0.96399999 2.3829999 52
3.2909999 -1.152 2.3789999 64
3.434 -1.35 2.3859999 52
3.572 -1.529 2.3970001 54
3.1700001 -0.89200002 2.378 51
3.3080001 -1.077 2.375 58
3.4630001 -1.272 2.385 52
3.605 -1.446 2.3940001 56
3.181 -0.82200003 2.3770001 55
3.329 -1.003 2.3770001 58
3.4820001 -1.191 2.3789999 53
3.651 -1.369 2.401 58
3.1889999 -0.75099999 2.375 54
3.348 -0.92900002 2.3770001 60
3.5139999 -1.114 2.3829999 52
3.6800001 -1.284 2.3970001 60
3.1900001 -0.67900002 2.369 54
3.365 -0.85399997 2.3770001 59
3.526 -1.031 2.375 53
3.7030001 -1.197 2.391 55
3.201 -0.61000001 2.3710001 52
3.3710001 -0.778 2.3710001 63
3.546 -0.94999999 2.3729999 53
3.737 -1.114 2.3940001 63
3.204 -0.54000002 2.368 55
3.3800001 -0.70200002 2.368 58
3.569 -0.87099999 2.375 57
3.7620001 -1.027 2.392 63
3.2030001 -0.47 2.3640001 52
3.3940001 -0.62699997 2.369 55
3.5840001 -0.78899997 2.3710001 55
3.7839999 -0.94 2.3900001 62
3.207 -0.40099999 2.3640001 51
3.3989999 -0.551 2.3659999 57
3.598 -0.708 2.3699999 56
3.8080001 -0.85299999 2.3889999 62
3.2060001 -0.331 2.3610001 51
3.3989999 -0.47499999 2.3599999 59
3.612 -0.62599999 2.369 53
3.8269999 -0.76599997 2.3870001 62
3.1949999 -0.26100001 2.3510001 56
3.4000001 -0.398 2.3559999 50
3.619 -0.54299998 2.365 59
3.8380001 -0.67500001 2.382 63
3.194 -0.193 2.3510001 55
3.4030001 -0.32300001 2.3540001 61
3.6210001 -0.46000001 2.358 52
3.846 -0.58499998 2.3759999 55
3.1889999 -0.125 2.348 54
3.3989999 -0.248 2.349 57
3.6289999 -0.37799999 2.358 52
3.865 -0.49700001 2.378 62
3.178 -0.057 2.342 52
3.404 -0.17399999 2.3510001 57
3.631 -0.29499999 2.3540001 52
3.868 -0.40599999 2.3729999 61
0 0 0 0
0 0 0 0
0 0 0 0
0 0 0 0
0.59899998 0.014 0.442 4
0.653 -0.0040000002 0.45100001 4
0.69499999 -0.024 0.44999999 4
0.745 -0.043000001 0.454 5
0.60299999 0.027000001 0.447 4
0.64600003 0.0089999996 0.44600001 1
0.69499999 -0.0089999996 0.449 0
0 0 0 0
0 0 0 0
0 0 0 0
0 0 0 0
0 0 0 0
0 0 0 0
0 0 0 0
0 0 0 0
0 0 0 0
0 0 0 0
0 0 0 0
0 0 0 0
0.72899997 0.025 0.44299999 5
0.59299999 0.077 0.44400001 4
0.64200002 0.066 0.447 4
0.69300002 0.052999999 0.449 4
0.73900002 0.043000001 0.44999999 5
0.58899999 0.089000002 0.44299999 4
0.63599998 0.079000004 0.44499999 4
0.685 0.068999998 0.44499999 4
0.73699999 0.059999999 0.449 5
0.58700001 0.101 0.44299999 4
0.63599998 0.093000002 0.44600001 4
0.68400002 0.083999999 0.44600001 4
0.73699999 0.077 0.44999999 5
0.583 0.113 0.442 4
0.62800002 0.106 0.442 4
0.68300003 0.1 0.447 4
0.72299999 0.093000002 0.44299999 5
0.57599998 0.125 0.43900001 4
0.62900001 0.121 0.44499999 4
0.67500001 0.115 0.44299999 4
0.727 0.111 0.447 5
0.57599998 0.13699999 0.442 4
0.62400001 0.134 0.44299999 4
0.67199999 0.13 0.44299999 4
0.727 0.12899999 0.44800001 5
0.57300001 0.149 0.442 4
0.62199998 0.148 0.44499999 3
0.67299998 0.146 0.44600001 3
0.72299999 0.146 0.44800001 5
0.57099998 0.161 0.44299999 4
0.62 0.162 0.44499999 4
0.66500002 0.16 0.44299999 4
0.71499997 0.162 0.44600001 5
0.56900001 0.17399999 0.44400001 4
0.61299998 0.17399999 0.44299999 4
0.66100001 0.175 0.44299999 4
0.70999998 0.178 0.44499999 5
0.56699997 0.186 0.44600001 4
0.61000001 0.18799999 0.44400001 4
0.65600002 0.19 0.442 4
0.70300001 0.19400001 0.44299999 5
0.55699998 0.19599999 0.442 4
0.60500002 0.20100001 0.44400001 4
0.65100002 0.205 0.442 4
0.69700003 0.20999999 0.44299999 5
0.551 0.207 0.44100001 4
0.602 0.215 0.44499999 4
0.64399999 0.219 0.44100001 4
0.69199997 0.227 0.44299999 5
0.546 0.21799999 0.44100001 4
0.59299999 0.227 0.44299999 4
0.63999999 0.234 0.442 4
0.68599999 0.243 0.442 5
0.54299998 0.23 0.442 4
0.58899999 0.23999999 0.44299999 4
0.63499999 0.249 0.442 4
0.68000001 0.259 0.44299999 5
0.53500003 0.23999999 0.43900001 4
0.58600003 0.25400001 0.44600001 4
0.62800002 0.26300001 0.442 4
0.66900003 0.273 0.44 5
0.53399998 0.25299999 0.44299999 4
0.579 0.266 0.44499999 4
0.61799997 0.27500001 0.43900001 4
0.67400002 0.294 0.44800001 5
0.52499998 0.26300001 0.44 4
0.56900001 0.27700001 0.44100001 4
0.61500001 0.29100001 0.442 4
0.667 0.31 0.44800001 5
0.51999998 0.27399999 0.44 4
0.55900002 0.287 0.43900001 4
0.60699999 0.30500001 0.44100001 4
0.64700001 0.31999999 0.44 5
0 0 0 0
0 0 0 0
0.59600002 0.317 0.43900001 1
0.64200002 0.336 0.442 5
0 0 0 0
0 0 0 0
0 0 0 0
0 0 0 0
0 0 0 0
0 0 0 0
0 0 0 0
0 0 0 0
0 0 0 0
1.003 0.63200003 0.82800001 1
1.018 0.634 0.78100002 0
1.021 0.63200003 0.73400003 0
0 0 0 0
0 0 0 0
0 0 0 0
0 0 0 0
0.477 0.333 0.43599999 7
0.51200002 0.35499999 0.43599999 4
0.55500001 0.382 0.44 4
0.59100002 0.40599999 0.43900001 5
0.47099999 0.34400001 0.43700001 4
0.50700003 0.368 0.43799999 4
0.54400003 0.39399999 0.43799999 4
0.57499999 0.41499999 0.435 5
0.46399999 0.354 0.43700001 4
0.49599999 0.377 0.43599999 3
0.53500003 0.40599999 0.43900001 4
0.565 0.42899999 0.43599999 5
0.456 0.36300001 0.43599999 4
0.49000001 0.38999999 0.43799999 4
0.523 0.41600001 0.43700001 4
0.551 0.43900001 0.433 5
0.449 0.373 0.43700001 4
0.479 0.398 0.43599999 3
0.514 0.428 0.43700001 4
0.54299998 0.45500001 0.43599999 5
0.44 0.38100001 0.43599999 4
0.47 0.40900001 0.43599999 3
0.50300002 0.43900001 0.43700001 4
0.53200001 0.46799999 0.43599999 5
0.43099999 0.389 0.43399999 4
0.46200001 0.421 0.43799999 4
0.493 0.45100001 0.43799999 4
0.52100003 0.47999999 0.43700001 5
0.42699999 0.403 0.43900001 4
0.45199999 0.43000001 0.43700001 4
0.479 0.45899999 0.435 4
0.50599998 0.48899999 0.435 5
0.73100001 0.71799999 0.76499999 0
0.44600001 0.44299999 0.44100001 2
0.46700001 0.46900001 0.43399999 4
0.49200001 0.49900001 0.43399999 5
0.72299999 0.741 0.773 1
0.69099998 0.71700001 0.69800001 0
0.62400001 0.65600002 0.59399998 0
0.47999999 0.51099998 0.435 5
0.39700001 0.42399999 0.43399999 4
0 0 0 0
0 0 0 0
0.63099998 0.70499998 0.58700001 1
0.40400001 0.44999999 0.45100001 4
0.41 0.465 0.435 3
0.433 0.49900001 0.435 4
0.45300001 0.53100002 0.43399999 4
0.64999998 0.755 0.74199998 2
0.63700002 0.755 0.69199997 2
0.54500002 0.65899998 0.56300002 2
0.47 0.579 0.46399999 2
0.63 0.764 0.73699999 2
0.61799997 0.76700002 0.69099998 3
0.60799998 0.76999998 0.64700001 3
0.59100002 0.76499999 0.60299999 3
0.61000001 0.773 0.73199999 2
0.59799999 0.77600002 0.68699998 2
0.57499999 0.764 0.63099998 3
0.56699997 0.77100003 0.59799999 3
0.58200002 0.76899999 0.71700001 2
0.56699997 0.76999998 0.671 2
0.55599999 0.77499998 0.63 2
0.574 0.82099998 0.62699997 1
0.56099999 0.77399999 0.70999998 2
0.55299997 0.787 0.67400002 1
0.574 0.84100002 0.67299998 2
0.56199998 0.84600002 0.63700002 3
0.57700002 0.833 0.75199997 1
0.56400001 0.84100002 0.70999998 2
0.55199999 0.84899998 0.67000002 2
0.54100001 0.85799998 0.63800001 3
0.56099999 0.847 0.75300002 2
0.54699999 0.85600001 0.71200001 2
0.52899998 0.85699999 0.667 2
0.51899999 0.86900002 0.63700002 2
0.54299998 0.85799998 0.75199997 2
0.52600002 0.86500001 0.70999998 2
0.50800002 0.86699998 0.667 2
0.49700001 0.87800002 0.63700002 2
0.52200001 0.866 0.74800003 2
0.50400001 0.87199998 0.70599997 2
0.48899999 0.88 0.66799998 2
0.47600001 0.89200002 0.639 2
0.50300002 0.87400001 0.745 2
0.484 0.88099998 0.70499998 2
0.465 0.88499999 0.66500002 2
0.45500001 0.903 0.64099997 3
0.48500001 0.88700002 0.74699998 2
0.46399999 0.89099997 0.70499998 2
0.44499999 0.89700001 0.667 2
0.43099999 0.90899998 0.639 3
0.463 0.89099997 0.74000001 3
0.44400001 0.90100002 0.70499998 2
0.42399999 0.90700001 0.667 2
0.41100001 0.92199999 0.64200002 3
0.44400001 0.89999998 0.73900002 3
0.42399999 0.91000003 0.704 2
0.40400001 0.91799998 0.66900003 2
0.38699999 0.92799997 0.64200002 3
0.426 0.91100001 0.74000001 3
0.40400001 0.92000002 0.70499998 2
0.38299999 0.92699999 0.67000002 2
0.36399999 0.93400002 0.64099997 3
0.40799999 0.92299998 0.74199998 3
0.384 0.92799997 0.70499998 2
0.36300001 0.94 0.67400002 2
0.34200001 0.94499999 0.64399999 3
0.38800001 0.93199998 0.741 3
0.36399999 0.94099998 0.70899999 2
0.34 0.94599998 0.67400002 2
0.31900001 0.954 0.64700001 2
0.36700001 0.93699998 0.73799998 3
0.34200001 0.94599998 0.70599997 2
0.31999999 0.95899999 0.67799997 2
0.29699999 0.96499997 0.65100002 2
0.34900001 0.94800001 0.74000001 3
0.322 0.95499998 0.70700002 2
0.30000001 0.97500002 0.68599999 2
0.27700001 0.98199999 0.66000003 2
0.32800001 0.954 0.73699999 3
0.30199999 0.96600002 0.71100003 2
0.27900001 0.98400003 0.68800002 2
0.25400001 0.98900002 0.66100001 2
0.31 0.96700001 0.741 2
0.28200001 0.97600001 0.713 2
0.25600001 0.991 0.69 2
0.23100001 0.99900001 0.66600001 2
0.289 0.97500002 0.741 2
0.25999999 0.98299998 0.71399999 2
0.234 0.99900001 0.69300002 2
0.208 1.007 0.67000002 2
0.27000001 0.98500001 0.74400002 2
0.23999999 0.99599999 0.72000003 2
0.212 1.012 0.699 2
0.185 1.021 0.67799997 2
0.249 0.995 0.74599999 2
0.21799999 1.002 0.72000003 2
0.19 1.024 0.70499998 2
0.163 1.038 0.68800002 2
0.229 1.003 0.74699998 2
0.199 1.024 0.73299998 2
0.16599999 1.026 0.70499998 2
0.139 1.046 0.69300002 2
0.208 1.013 0.75 2
0.176 1.027 0.73199999 2
0.14399999 1.0420001 0.71399999 2
0.114 1.0549999 0.699 2
0.18799999 1.025 0.755 2
0.153 1.031 0.73299998 2
0.121 1.054 0.722 2
0.090000004 1.067 0.70700002 2
0.167 1.034 0.75800002 2
0.131 1.043 0.73799998 2
0.097000003 1.064 0.72799999 3
0.064999998 1.079 0.71600002 2
0.145 1.041 0.75999999 2
0.109 1.053 0.74400002 2
0.072999999 1.074 0.73500001 2
0.039999999 1.1 0.73199999 3
0.124 1.052 0.764 2
0.086999997 1.068 0.75300002 2
0.048999999 1.0829999 0.741 2
0.014 1.101 0.73400003 2
0.102 1.062 0.76899999 2
0.063000001 1.077 0.759 1
0.024 1.094 0.74900001 2
-0.012 1.115 0.74599999 2
0.079000004 1.075 0.77600002 2
0.039000001 1.092 0.76899999 1
0 1.1059999 0.759 2
-0.039000001 1.128 0.75700003 2
0.057 1.089 0.78299999 2
0.015 1.108 0.77899998 2
-0.026000001 1.127 0.77499998 2
-0.067000002 1.149 0.77499998 14
0.033 1.0880001 0.78100002 2
-0.0080000004 1.112 0.78200001 2
-0.052999999 1.135 0.78200001 2
-0.094999999 1.156 0.78299999 2
0.0099999998 1.102 0.79000002 2
-0.034000002 1.122 0.79000002 1
-0.079999998 1.147 0.79299998 2
-0.124 1.1720001 0.79900002 10
-0.013 1.107 0.792 2
-0.059999999 1.138 0.80199999 13
-0.107 1.154 0.80000001 2
-0.154 1.186 0.81300002 2
-0.037999999 1.132 0.81 12
-0.086000003 1.143 0.80699998 2
-0.13699999 1.175 0.81900001 2
-0.185 1.199 0.82800001 13
-0.063000001 1.1339999 0.81 2
-0.115 1.175 0.83200002 13
-0.16599999 1.186 0.83099997 12
-0.21699999 1.214 0.84399998 2
-0.090000004 1.163 0.83099997 14
-0.141 1.171 0.83099997 2
-0.197 1.21 0.852 1
-0.25 1.2309999 0.86299998 11
-0.117 1.169 0.83600003 2
-0.17 1.189 0.84600002 10
-0.227 1.212 0.85799998 9
-0.28400001 1.2460001 0.88099998 9
-0.14300001 1.174 0.84100002 9
-0.2 1.206 0.861 2
-0.26100001 1.238 0.88200003 1
-0.31900001 1.261 0.89899999 8
-0.17299999 1.199 0.85900003 2
-0.23199999 1.225 0.87900001 13
-0.29300001 1.2460001 0.89499998 9
-0.35299999 1.266 0.912 9
-0.20200001 1.214 0.87199998 10
-0.26100001 1.2309999 0.88700002 9
-0.32800001 1.2640001 0.91500002 10
-0.40200001 1.3200001 0.96100003 11
-0.23199999 1.221 0.87900001 10
-0.294 1.243 0.90100002 8
-0.359 1.263 0.92199999 8
-0.45500001 1.377 1.0140001 10
-0.26300001 1.238 0.89499998 9
-0.329 1.266 0.92299998 9
-0.41 1.323 0.97399998 15
-0.5 1.4 1.043 10
-0.294 1.249 0.90600002 8
-0.35800001 1.261 0.92500001 8
-0.461 1.376 1.023 9
-0.54400003 1.419 1.0700001 10
-0.32800001 1.2640001 0.92000002 9
-0.41100001 1.33 0.98299998 18
-0.505 1.399 1.05 9
-0.59399998 1.448 1.1059999 11
-0.35800001 1.265 0.92500001 8
-0.458 1.374 1.023 9
-0.546 1.411 1.071 9
-0.63999999 1.46 1.13 10
-0.41 1.337 0.98299998 14
-0.5 1.395 1.0470001 9
-0.59299999 1.434 1.1 10
-0.69499999 1.49 1.17 9
-0.45699999 1.378 1.0190001 10
-0.54400003 1.416 1.073 10
-0.64600003 1.466 1.138 10
-0.75300002 1.52 1.212 9
-0.49700001 1.395 1.038 10
-0.58899999 1.434 1.097 10
-0.69499999 1.483 1.1670001 10
-0.81199998 1.546 1.251 10
-0.54000002 1.414 1.0599999 11
-0.63599998 1.455 1.124 10
-0.74900001 1.507 1.201 11
-0.87300003 1.572 1.294 10
-0.588 1.444 1.09 10
-0.68800002 1.482 1.1569999 11
-0.81099999 1.5420001 1.2460001 10
-0.93400002 1.592 1.3329999 9
-0.63200003 1.457 1.11 11
-0.74199998 1.5089999 1.191 11
-0.86699998 1.5599999 1.28 9
-0.77600002 1.256 1.0700001 34
-0.68400002 1.485 1.141 12
-0.801 1.54 1.23 10
-0.93599999 1.596 1.329 9
-0.79400003 1.22 1.059 35
-0.736 1.5089999 1.171 9
-0.86299998 1.569 1.2690001 10
-0.78299999 1.268 1.073 55
-0.81 1.183 1.0470001 38
-0.79500002 1.54 1.207 11
-0.921 1.59 1.304 10
-0.79699999 1.227 1.056 31
-0.82800001 1.151 1.039 44
-0.85100001 1.562 1.238 9
-0.79100001 1.296 1.0779999 90
-0.81199998 1.189 1.041 34
-0.84399998 1.1160001 1.03 38
-0.91399997 1.592 1.275 10
-0.78799999 1.228 1.0369999 31
-0.829 1.155 1.031 37
-0.85799998 1.082 1.02 35
-0.78899997 1.304 1.058 63
-0.80800003 1.199 1.027 35
-0.84399998 1.122 1.02 35
-0.875 1.053 1.015 35
-0.78899997 1.24 1.0190001 32
-0.82200003 1.1619999 1.012 32
-0.86000001 1.091 1.011 36
-0.89099997 1.023 1.01 37
-0.80199999 1.2 1 30
-0.83499998 1.125 0.99699998 35
-0.87400001 1.058 1.002 38
-0.90200001 0.98799998 0.99900001 38
-0.81800002 1.165 0.98500001 32
-0.85100001 1.0930001 0.986 34
-0.88499999 1.022 0.98900002 34
-0.91799998 0.95899999 0.995 37
-0.83399999 1.133 0.97299999 34
-0.86699998 1.064 0.97799999 33
-0.90200001 0.995 0.98400003 38
-0.93099999 0.92900002 0.99000001 40
-0.84899998 1.099 0.95999998 35
-0.88200003 1.0319999 0.96799999 32
-0.917 0.96600002 0.97899997 36
-0.94499999 0.90100002 0.986 38
-0.866 1.071 0.95099998 34
-0.89600003 1.002 0.95899999 33
-0.92900002 0.935 0.97100002 38
-0.95599997 0.87 0.98000002 38
-0.87900001 1.038 0.93900001 34
-0.91100001 0.97299999 0.95200002 33
-0.94400001 0.90700001 0.96600002 38
-0.96899998 0.84200001 0.977 37
-0.89300001 1.007 0.92799997 30
-0.92500001 0.94400001 0.94400001 30
-0.958 0.88 0.96200001 40
-0.986 0.81800002 0.97799999 38
-0.90700001 0.977 0.91900003 36
-0.93699998 0.91399997 0.93599999 37
-0.97000003 0.85100001 0.95700002 37
-1.001 0.792 0.97799999 37
-0.921 0.94800001 0.90899998 37
-0.95099998 0.88700002 0.93099999 38
-0.98100001 0.82200003 0.95099998 36
-1.013 0.76499999 0.97600001 39
-0.93300003 0.91600001 0.89999998 36
-0.96399999 0.85900003 0.92500001 38
-0.99299997 0.79400003 0.94800001 38
-1.031 0.74199998 0.98100001 37
-0.94800001 0.88999999 0.89399999 39
-0.97500002 0.829 0.917 38
-1.006 0.76800001 0.94499999 37
-1.188 0.81400001 1.1160001 10
-0.95599997 0.85699999 0.88200003 33
-0.98799998 0.80199999 0.91299999 36
-1.013 0.73699999 0.93699998 33
-1.258 0.82099998 1.168 67
-0.972 0.83200002 0.87900001 33
-1.006 0.77899998 0.91299999 37
-1.0829999 0.75099999 0.98799998 50
-1.2970001 0.80500001 1.191 45
-0.98900002 0.80800003 0.87699997 32
-1.011 0.74699998 0.903 32
-1.271 0.83899999 1.145 33
-1.309 0.77200001 1.1900001 41
-0.99599999 0.77600002 0.866 30
-1.045 0.736 0.91900003 37
-1.285 0.80699998 1.143 42
-1.326 0.74199998 1.194 39
-1.015 0.75300002 0.86699998 33
-1.274 0.85399997 1.104 25
-1.3 0.77600002 1.143 37
-1.341 0.71100003 1.197 42
-1.046 0.74000001 0.87800002 3
-1.299 0.82800001 1.109 35
-1.316 0.74599999 1.145 38
-1.355 0.67900002 1.2 41
-1.279 0.861 1.057 19
-1.311 0.79400003 1.1059999 31
-1.332 0.71499997 1.147 38
-1.368 0.648 1.202 40
-1.323 0.847 1.076 60
-1.325 0.76200002 1.103 31
-1.346 0.68400002 1.148 38
-1.3839999 0.61799997 1.2079999 41
-1.351 0.82099998 1.0829999 65
-1.344 0.73199999 1.1059999 29
-1.36 0.653 1.15 37
-1.397 0.58600003 1.212 42
-1.378 0.79400003 1.09 65
-1.3559999 0.699 1.104 29
-1.374 0.62099999 1.152 38
-1.415 0.55699998 1.221 40
-1.405 0.76700002 1.096 68
-1.374 0.66900003 1.1059999 30
-1.3940001 0.59299999 1.159 36
-1.431 0.52600002 1.228 36
-1.426 0.73500001 1.098 65
-1.387 0.63700002 1.1059999 30
-1.406 0.56099999 1.1619999 37
-1.4450001 0.495 1.234 40
-1.416 0.68900001 1.0779999 88
-1.401 0.60399997 1.107 32
-1.424 0.53100002 1.169 35
-1.462 0.46399999 1.243 36
-1.438 0.65899998 1.0829999 80
-1.4220001 0.57499999 1.114 31
-1.437 0.49900001 1.173 38
-1.472 0.43200001 1.248 43
-1.464 0.63 1.091 77
-1.436 0.54299998 1.1160001 37
-1.455 0.46900001 1.181 38
-1.489 0.40099999 1.258 45
-1.484 0.59799999 1.096 67
-1.444 0.50800002 1.115 32
-1.469 0.43700001 1.187 40
-1.502 0.36899999 1.266 45
-1.498 0.56300002 1.096 67
-1.46 0.477 1.12 38
-1.482 0.405 1.192 38
-1.527 0.33899999 1.285 40
-1.5039999 0.52499998 1.092 75
-1.474 0.44400001 1.123 43
-1.498 0.373 1.201 40
-1.538 0.30599999 1.2920001 31
-1.515 0.49000001 1.091 73
-1.488 0.41100001 1.128 38
-1.515 0.34200001 1.211 40
-1.55 0.273 1.301 35
-1.524 0.45300001 1.09 64
-1.503 0.37799999 1.1339999 38
-1.534 0.31 1.222 33
-1.572 0.241 1.318 36
-1.53 0.41600001 1.0880001 55
-1.5140001 0.34400001 1.137 39
-1.5470001 0.27599999 1.2309999 36
-1.585 0.208 1.329 36
-1.535 0.37900001 1.085 44
-1.529 0.31099999 1.145 31
-1.558 0.242 1.237 38
-1.6059999 0.175 1.347 36
-1.536 0.34099999 1.08 34
-1.544 0.27700001 1.152 38
-1.582 0.20999999 1.255 37
-1.6160001 0.14 1.3559999 33
-1.549 0.30599999 1.085 30
-1.5599999 0.243 1.161 38
-1.594 0.175 1.263 37
-1.633 0.105 1.373 35
-1.568 0.271 1.094 31
-1.577 0.20900001 1.1720001 38
-1.6109999 0.141 1.277 36
-1.652 0.07 1.391 29
-1.584 0.236 1.102 33
-1.596 0.17399999 1.184 37
-1.6289999 0.105 1.291 31
-1.669 0.034000002 1.408 30
-1.602 0.2 1.112 34
-1.609 0.138 1.192 38
-1.6440001 0.068999998 1.3049999 30
-1.689 -0.001 1.429 36
-1.618 0.163 1.1210001 32
-1.628 0.102 1.207 33
-1.665 0.033 1.323 32
-1.702 -0.037999999 1.444 34
-1.6289999 0.125 1.126 33
-1.645 0.064999998 1.219 29
-1.679 -0.003 1.337 35
-1.723 -0.075999998 1.466 28
-1.637 0.086999997 1.132 35
-1.665 0.028000001 1.235 30
-1.7 -0.041000001 1.357 34
-1.7359999 -0.115 1.483 27
-1.658 0.048999999 1.146 33
-1.686 -0.0099999998 1.252 34
-1.717 -0.079999998 1.374 34
-1.765 -0.155 1.515 28
-1.676 0.0089999996 1.159 37
-1.705 -0.048999999 1.268 34
-1.733 -0.12 1.392 28
-1.793 -0.19599999 1.545 34
-1.693 -0.029999999 1.1720001 34
-1.72 -0.090000004 1.283 34
-1.76 -0.161 1.418 33
-1.8150001 -0.23899999 1.572 35
-1.714 -0.071000002 1.189 37
-1.743 -0.131 1.304 27
-1.779 -0.20299999 1.4400001 32
-1.8380001 -0.28200001 1.601 31
-1.734 -0.113 1.206 30
-1.7690001 -0.17399999 1.3279999 33
-1.804 -0.24600001 1.467 30
-1.8609999 -0.32699999 1.63 23
-1.76 -0.15700001 1.227 35
-1.791 -0.21799999 1.35 36
-1.824 -0.29100001 1.4910001 26
-1.885 -0.373 1.6619999 33
-1.783 -0.20200001 1.248 32
-1.814 -0.26300001 1.374 32
-1.862 -0.33899999 1.531 31
-1.909 -0.421 1.6950001 38
-1.803 -0.248 1.268 31
-1.84 -0.31 1.401 27
-1.887 -0.38699999 1.561 30
-2.2550001 -0.54799998 2.016 27
-1.836 -0.29699999 1.298 29
-1.872 -0.361 1.434 39
-1.91 -0.43599999 1.59 29
-2.2539999 -0.59899998 2.03 26
-1.859 -0.34599999 1.321 27
-1.9 -0.41100001 1.464 32
-1.933 -0.48699999 1.622 26
-2.2409999 -0.64700001 2.0350001 26
-1.882 -0.398 1.346 32
-1.928 -0.46399999 1.4960001 36
-1.9630001 -0.54100001 1.659 29
-2.223 -0.69300002 2.0350001 17
-1.925 -0.45500001 1.386 37
-1.955 -0.51899999 1.529 28
-1.997 -0.59899998 1.702 91
-2.2049999 -0.74000001 2.0369999 17
-1.95 -0.50999999 1.415 35
-1.982 -0.57499999 1.562 25
-2.348 -0.76099998 2.0190001 44
-2.1830001 -0.78399998 2.0350001 25
-1.98 -0.56900001 1.448 25
-2.007 -0.63300002 1.596 30
-2.3559999 -0.82200003 2.0450001 27
-2.1670001 -0.83099997 2.039 26
-2.0079999 -0.62900001 1.482 33
-2.0309999 -0.69300002 1.63 29
-2.3310001 -0.87099999 2.0420001 26
-2.152 -0.87800002 2.046 25
-2.036 -0.69199997 1.517 32
-2.0650001 -0.75800002 1.674 34
-2.3069999 -0.921 2.0420001 26
-2.1719999 -0.94099998 2.0869999 29
-2.059 -0.755 1.551 27
-2.3150001 -0.91000003 1.896 26
-2.2679999 -0.96399999 2.029 25
-2.319 -1.063 2.253 109
-2.0969999 -0.82700002 1.596 24
-2.283 -0.95899999 1.891 22
-2.2019999 -0.99400002 1.993 22
-2.336 -1.131 2.296 64
-2.1259999 -0.898 1.638 25
-2.21 -0.98900002 1.852 22
-2.1730001 -1.039 1.99 31
-2.3080001 -1.178 2.296 58
-2.1670001 -0.977 1.6900001 26
-2.1819999 -1.038 1.851 31
-2.154 -1.089 1.997 29
-2.2780001 -1.224 2.2939999 62
-2.174 -1.043 1.7180001 31
-2.1619999 -1.09 1.858 30
-2.1370001 -1.14 2.007 27
-2.253 -1.273 2.299 49
-2.1559999 -1.099 1.728 28
-2.1389999 -1.141 1.864 26
-2.1159999 -1.1900001 2.0150001 27
-2.22 -1.316 2.296 43
-2.1370001 -1.155 1.738 27
-2.125 -1.197 1.8789999 26
-2.099 -1.242 2.027 26
-2.1889999 -1.3609999 2.2950001 39
-2.125 -1.215 1.755 26
-2.1029999 -1.249 1.888 26
-2.0810001 -1.294 2.04 26
-2.158 -1.406 2.2969999 37
-2.099 -1.268 1.763 24
-2.0810001 -1.302 1.898 25
-2.0680001 -1.35 2.059 26
-2.1300001 -1.452 2.3010001 41
-2.0739999 -1.322 1.772 20
-2.0669999 -1.36 1.9170001 24
-2.0510001 -1.404 2.0739999 18
-2.098 -1.495 2.302 37
-2.062 -1.3839999 1.793 18
-2.049 -1.4170001 1.934 10
-2.0079999 -1.4400001 2.066 15
-2.069 -1.541 2.3069999 45
-2.0569999 -1.4529999 1.823 5
-2.0929999 -1.52 2.0120001 6
-1.977 -1.485 2.0699999 14
-2.0309999 -1.58 2.303 43
-2.108 -1.568 1.906 4
-2.095 -1.596 2.052 11
-1.942 -1.526 2.0699999 15
-1.972 -1.601 2.276 71
-2.1459999 -1.676 1.9809999 14
-2.053 -1.64 2.0510001 13
-1.901 -1.563 2.066 15
-1.867 -1.582 2.194 35
-2.0350001 -1.671 1.921 19
-2.0139999 -1.686 2.0539999 16
-1.867 -1.604 2.069 10
-1.751 -1.548 2.0969999 28
-1.852 -1.596 1.7869999 25
-1.976 -1.734 2.0599999 20
-1.83 -1.6440001 2.069 14
-1.705 -1.571 2.082 26
-1.723 -1.558 1.7029999 28
-1.928 -1.772 2.0550001 26
-1.794 -1.6849999 2.073 22
-1.661 -1.596 2.069 25
-1.664 -1.579 1.686 30
-1.8710001 -1.8 2.0420001 28
-1.756 -1.722 2.075 24
-1.627 -1.63 2.0699999 25
-1.6109999 -1.604 1.676 29
-1.817 -1.83 2.0320001 28
-1.716 -1.758 2.0739999 24
-1.589 -1.66 2.066 24
-1.563 -1.633 1.671 35
-1.76 -1.857 2.02 28
-1.677 -1.796 2.0769999 25
-1.558 -1.696 2.072 23
-1.511 -1.6569999 1.6619999 35
-1.7029999 -1.881 2.007 28
-1.64 -1.834 2.082 25
-1.523 -1.73 2.0739999 23
-1.46 -1.679 1.654 40
-1.6440001 -1.902 1.992 31
-1.5930001 -1.863 2.076 25
-1.485 -1.758 2.0710001 23
-1.411 -1.705 1.65 41
-1.575 -1.909 1.965 56
-1.554 -1.899 2.0810001 25
-1.45 -1.791 2.0739999 23
-1.353 -1.716 1.6339999 42
-1.487 -1.888 1.9119999 128
-1.5140001 -1.9349999 2.085 25
-1.41 -1.818 2.0710001 24
-1.307 -1.742 1.633 43
-1.362 -1.814 1.808 150
-1.4680001 -1.9630001 2.0829999 27
-1.373 -1.848 2.073 20
-1.262 -1.768 1.6339999 40
-1.304 -1.823 1.79 150
-1.421 -1.989 2.0780001 27
-1.339 -1.882 2.0799999 20
-1.215 -1.7920001 1.633 42
-1.248 -1.8329999 1.775 150
-1.376 -2.0179999 2.0799999 27
-1.299 -1.91 2.0799999 20
-1.164 -1.809 1.627 39
-1.1950001 -1.844 1.762 150
-1.3279999 -2.043 2.076 27
-1.258 -1.934 2.0769999 20
-1.119 -1.834 1.631 39
-1.13 -1.8329999 1.73 35
-1.13 -1.824 1.83 31
-1.137 -1.831 1.9400001 26
-1.071 -1.854 1.63 37
-1.077 -1.84 1.716 43
-1.089 -1.846 1.829 29
-1.091 -1.841 1.926 28
-1.025 -1.875 1.631 36
-1.033 -1.863 1.7180001 42
-1.045 -1.864 1.825 30
-1.049 -1.857 1.918 30
-0.98000002 -1.899 1.636 36
-0.98900002 -1.8839999 1.719 39
-1.003 -1.8839999 1.825 31
-1.011 -1.8789999 1.918 27
-0.93199998 -1.918 1.6390001 34
-0.94400001 -1.902 1.719 37
-0.96200001 -1.904 1.825 30
-0.97000003 -1.897 1.915 29
-0.884 -1.936 1.641 27
-0.89999998 -1.9220001 1.721 37
-0.91799998 -1.921 1.822 28
-0.92699999 -1.91 1.908 25
-0.838 -1.957 1.647 33
-0.86900002 -1.973 1.752 51
-0.88200003 -1.954 1.836 42
-0.88599998 -1.927 1.905 25
-0.79400003 -1.983 1.6569999 28
-0.81 -1.96 1.727 36
-0.83499998 -1.9630001 1.8279999 29
-0.84799999 -1.949 1.908 27
-0.74699998 -2.0020001 1.664 30
-0.77200001 -1.994 1.744 30
-0.792 -1.98 1.829 26
-0.80699998 -1.966 1.906 25
-0.69999999 -2.0220001 1.671 34
-0.72799999 -2.016 1.753 30
-0.75 -2 1.832 27
-0.76899999 -1.99 1.9119999 27
-0.65200001 -2.04 1.679 34
-0.68300003 -2.0350001 1.758 30
-0.708 -2.02 1.837 29
-0.727 -2.0050001 1.91 28
-0.60799998 -2.069 1.696 28
-0.63800001 -2.056 1.767 30
-0.66600001 -2.0420001 1.845 29
-0.68599999 -2.0239999 1.913 29
-0.56099999 -2.092 1.709 28
-0.59399998 -2.079 1.778 24
-0.62099999 -2.056 1.846 29
-0.64700001 -2.0469999 1.919 30
-0.51300001 -2.1129999 1.722 32
-0.54699999 -2.095 1.784 29
-0.579 -2.079 1.855 28
-0.60399997 -2.0580001 1.916 27
-0.465 -2.1370001 1.738 33
-0.50199997 -2.119 1.7970001 31
-0.53500003 -2.096 1.86 29
-0.56199998 -2.0780001 1.9220001 28
-0.41600001 -2.155 1.75 29
-0.45500001 -2.1370001 1.807 28
-0.491 -2.1140001 1.867 28
-0.523 -2.1059999 1.9349999 29
-0.368 -2.181 1.7690001 30
-0.40799999 -2.1530001 1.8150001 27
-0.447 -2.1370001 1.8789999 27
-0.47999999 -2.122 1.938 29
-0.317 -2.197 1.7819999 27
-0.36199999 -2.181 1.835 27
-0.403 -2.158 1.89 28
-0.43799999 -2.141 1.944 29
-0.26699999 -2.22 1.801 27
-0.31299999 -2.197 1.846 27
-0.35800001 -2.1789999 1.902 24
-0.39500001 -2.1600001 1.951 27
-0.21600001 -2.247 1.825 28
-0.266 -2.224 1.867 26
-0.31200001 -2.2 1.914 25
-0.35100001 -2.178 1.959 27
-0.164 -2.267 1.844 27
-0.21699999 -2.247 1.885 27
-0.266 -2.221 1.927 28
-0.30700001 -2.198 1.9680001 28
-0.109 -2.223 1.812 10
-0.167 -2.2620001 1.897 28
-0.219 -2.2409999 1.941 26
-0.26300001 -2.224 1.983 28
-0.054000001 -2.115 1.728 11
-0.113 -2.2119999 1.8559999 9
-0.17200001 -2.2650001 1.9579999 27
-0.21699999 -2.2360001 1.987 28
-0.0040000002 -2.043 1.675 24
-0.059999999 -2.1029999 1.766 11
-0.121 -2.2290001 1.924 9
-0.17200001 -2.263 2.0050001 29
0.043000001 -2.03 1.671 10
-0.012 -2.0450001 1.72 26
-0.068999998 -2.1210001 1.83 11
-0.123 -2.243 1.9809999 11
0.093000002 -2.082 1.721 28
0.033 -2.0550001 1.732 22
-0.021 -2.0469999 1.765 24
-0.071999997 -2.1459999 1.891 9
0.14399999 -2.108 1.751 27
0.081 -2.0799999 1.757 32
0.022 -2.0469999 1.765 27
-0.026000001 -2.049 1.802 21
0.19599999 -2.135 1.783 28
0.13 -2.105 1.784 29
0.068000004 -2.066 1.783 31
0.016000001 -2.0439999 1.795 35
0.249 -2.158 1.813 26
0.17900001 -2.131 1.811 29
0.114 -2.102 1.8150001 27
0.059999999 -2.069 1.814 27
0.30199999 -2.175 1.839 26
0.23 -2.1500001 1.835 27
0.162 -2.1229999 1.837 28
0.105 -2.0899999 1.832 24
0.359 -2.2049999 1.877 26
0.28200001 -2.1719999 1.862 24
0.20999999 -2.1429999 1.857 27
0.15099999 -2.1129999 1.852 25
0.417 -2.23 1.914 27
0.336 -2.1960001 1.892 25
0.26100001 -2.165 1.881 25
0.198 -2.1289999 1.8660001 25
0.47600001 -2.253 1.949 28
0.391 -2.2219999 1.925 25
0.31099999 -2.1830001 1.902 24
0.24600001 -2.148 1.8839999 26
0.54100001 -2.2969999 2.0039999 28
0.44800001 -2.247 1.9579999 26
0.36500001 -2.2130001 1.9349999 28
0.29699999 -2.1819999 1.915 26
0.58200002 -2.2390001 1.971 24
0.50700003 -2.276 1.997 26
0.419 -2.2379999 1.9630001 25
0.347 -2.2 1.934 27
0.61699998 -2.1659999 1.927 25
0.56099999 -2.2780001 2.0120001 25
0.47400001 -2.2590001 1.99 26
0.39899999 -2.221 1.956 27
0.65899998 -2.1259999 1.91 15
0.59600002 -2.204 1.961 24
0.53500003 -2.2969999 2.033 25
0.454 -2.25 1.987 28
0.704 -2.0969999 1.905 7
0.62800002 -2.135 1.915 23
0.574 -2.243 1.995 24
0.50999999 -2.2750001 2.0139999 28
0.73299998 -2.0280001 1.864 8
0.67000002 -2.1010001 1.9 11
0.60600001 -2.1700001 1.942 23
0.56199998 -2.2780001 2.0239999 24
0.76200002 -1.965 1.827 5
0.71200001 -2.0699999 1.8890001 8
0.64099997 -2.1159999 1.905 22
0.59500003 -2.207 1.9680001 24
0.79500002 -1.918 1.807 9
0.73900002 -2.003 1.846 9
0.68699998 -2.1010001 1.905 8
0.62800002 -2.145 1.921 24
0.82099998 -1.86 1.775 7
0.76599997 -1.941 1.807 8
0.71799999 -2.043 1.865 8
0.67000002 -2.1199999 1.9069999 9
0.847 -1.804 1.747 9
0.79400003 -1.887 1.776 8
0.74900001 -1.99 1.831 7
0.70999998 -2.0880001 1.888 7
0.86900002 -1.747 1.715 7
0.81900001 -1.832 1.743 9
0.77600002 -1.934 1.794 10
0.74000001 -2.0309999 1.847 8
0.90100002 -1.7130001 1.707 2
0.84200001 -1.775 1.709 7
0.80500001 -1.885 1.7640001 9
0.76200002 -1.959 1.793 10
1.303 -2.3440001 2.3740001 40
0.86500001 -1.722 1.679 8
0.82800001 -1.8279999 1.726 7
0.79400003 -1.919 1.7690001 8
1.354 -2.3099999 2.378 47
1.27 -2.3970001 2.3670001 53
0.85299999 -1.777 1.696 9
0.81999999 -1.865 1.7309999 8
1.399 -2.2679999 2.3740001 46
1.325 -2.369 2.372 46
0.87800002 -1.732 1.67 7
0.84299999 -1.811 1.694 8
1.448 -2.2320001 2.3789999 45
1.374 -2.3340001 2.3699999 51
1.3 -2.431 2.369 44
0.86000001 -1.748 1.65 8
1.489 -2.1860001 2.3710001 43
1.4220001 -2.299 2.369 50
1.354 -2.404 2.3710001 48
0.89399999 -1.721 1.6390001 4
1.533 -2.145 2.3710001 40
1.473 -2.266 2.372 48
1.4069999 -2.3740001 2.3699999 48
1.353 -2.4719999 2.3770001 51
1.579 -2.1070001 2.3759999 45
1.518 -2.2249999 2.3670001 48
1.459 -2.3429999 2.3699999 48
1.41 -2.447 2.378 50
1.62 -2.063 2.375 49
1.564 -2.187 2.3670001 46
1.511 -2.312 2.3710001 47
1.464 -2.4159999 2.3740001 50
1.659 -2.0179999 2.372 43
1.6109999 -2.151 2.368 46
1.562 -2.2780001 2.3699999 46
1.517 -2.3859999 2.372 49
1.699 -1.975 2.3729999 40
1.654 -2.109 2.365 51
1.609 -2.2409999 2.3659999 44
1.574 -2.3599999 2.3740001 49
1.7359999 -1.928 2.3699999 42
1.699 -2.0699999 2.3659999 47
1.659 -2.2060001 2.3659999 43
1.6289999 -2.3299999 2.3759999 53
1.772 -1.882 2.368 42
1.743 -2.0320001 2.368 50
1.709 -2.1719999 2.368 46
1.681 -2.296 2.3729999 54
1.808 -1.837 2.369 43
1.786 -1.99 2.368 49
1.755 -2.132 2.3640001 48
1.738 -2.266 2.378 46
1.8430001 -1.79 2.368 41
1.824 -1.944 2.3640001 49
1.804 -2.096 2.3670001 48
1.79 -2.2309999 2.3770001 49
1.877 -1.745 2.369 41
1.865 -1.902 2.3659999 51
1.848 -2.053 2.3629999 43
1.8380001 -2.1900001 2.3710001 51
1.908 -1.6950001 2.3659999 38
1.904 -1.858 2.365 53
1.893 -2.0120001 2.3629999 47
1.891 -2.155 2.3740001 49
1.934 -1.6440001 2.359 39
1.939 -1.811 2.362 47
1.936 -1.97 2.3610001 43
1.946 -2.1210001 2.378 49
1.969 -1.6 2.365 39
1.978 -1.768 2.3629999 48
1.982 -1.929 2.3629999 46
1.988 -2.072 2.368 47
1.9960001 -1.55 2.362 42
2.01 -1.7180001 2.358 43
2.023 -1.8839999 2.3610001 44
2.0409999 -2.0350001 2.3729999 48
2.0239999 -1.502 2.362 41
2.0469999 -1.673 2.3599999 45
2.0639999 -1.839 2.359 45
2.0910001 -1.995 2.3740001 46
2.049 -1.452 2.3599999 38
2.0780001 -1.623 2.3570001 50
2.1040001 -1.793 2.359 43
2.131 -1.944 2.3659999 44
2.0799999 -1.406 2.365 42
2.1129999 -1.577 2.358 53
2.1389999 -1.742 2.3529999 41
2.1830001 -1.905 2.372 44
2.105 -1.357 2.365 39
2.1440001 -1.529 2.358 52
2.1830001 -1.699 2.358 44
2.23 -1.86 2.3729999 49
2.1270001 -1.307 2.3629999 41
2.174 -1.478 2.3559999 56
2.2190001 -1.65 2.3559999 43
2.2709999 -1.8099999 2.3699999 44
2.1500001 -1.257 2.3629999 44
2.2 -1.427 2.3529999 47
2.2550001 -1.6 2.355 46
2.3150001 -1.761 2.369 48
2.1719999 -1.2079999 2.3640001 46
2.2290001 -1.378 2.3529999 52
2.29 -1.55 2.3540001 47
2.3570001 -1.712 2.368 50
2.187 -1.154 2.3570001 39
2.257 -1.327 2.3529999 58
2.326 -1.501 2.355 45
2.3940001 -1.658 2.3640001 46
2.21 -1.1059999 2.362 36
2.2809999 -1.275 2.3510001 55
2.3559999 -1.447 2.3510001 45
2.437 -1.608 2.3659999 51
2.2349999 -1.059 2.368 36
2.306 -1.223 2.3510001 57
2.3870001 -1.3940001 2.349 45
2.474 -1.553 2.3629999 51
2.2479999 -1.006 2.3629999 36
2.3329999 -1.173 2.3529999 40
2.4170001 -1.34 2.349 47
2.5139999 -1.5 2.365 54
2.2650001 -0.95599997 2.3640001 35
2.3610001 -1.123 2.358 35
2.45 -1.289 2.3499999 45
2.552 -1.446 2.3659999 52
2.283 -0.90600002 2.3670001 35
2.378 -1.069 2.3529999 37
2.48 -1.235 2.3510001 42
2.5899999 -1.392 2.368 53
2.293 -0.85299999 2.362 35
2.3989999 -1.015 2.3529999 36
2.5079999 -1.179 2.3510001 43
2.6140001 -1.329 2.358 49
2.309 -0.80400002 2.3659999 35
2.418 -0.96200001 2.352 38
2.5339999 -1.124 2.3499999 43
2.6570001 -1.276 2.3670001 61
2.319 -0.75199997 2.362 35
2.4330001 -0.90700001 2.349 38
2.559 -1.068 2.3499999 44
2.687 -1.216 2.365 60
2.325 -0.699 2.3570001 34
2.4579999 -0.85500002 2.3559999 37
2.5799999 -1.0089999 2.3469999 40
2.717 -1.156 2.3640001 65
2.335 -0.64899999 2.3570001 35
2.4649999 -0.79799998 2.3469999 34
2.6040001 -0.95300001 2.349 43
2.7449999 -1.096 2.3629999 72
2.3410001 -0.597 2.3540001 35
2.484 -0.745 2.3499999 37
2.6259999 -0.89499998 2.348 43
2.7679999 -1.033 2.359 74
2.339 -0.54400003 2.3429999 49
2.4979999 -0.69 2.3510001 39
2.6429999 -0.83499998 2.345 40
2.7950001 -0.97000003 2.359 71
2.348 -0.49399999 2.3440001 59
2.5020001 -0.63300002 2.342 57
2.6630001 -0.77600002 2.346 41
2.8180001 -0.90600002 2.358 70
2.3540001 -0.44299999 2.3440001 54
2.5120001 -0.57800001 2.3399999 70
2.6760001 -0.71600002 2.3429999 48
2.8399999 -0.84299999 2.3570001 73
2.358 -0.39300001 2.3429999 55
2.526 -0.523 2.3429999 72
2.6860001 -0.65399998 2.336 67
2.859 -0.778 2.355 56
2.365 -0.34299999 2.345 57
2.533 -0.46700001 2.3410001 65
2.6989999 -0.59399998 2.335 67
2.8789999 -0.713 2.355 75
2.3599999 -0.292 2.3369999 52
2.5350001 -0.41100001 2.3340001 66
2.7119999 -0.53399998 2.3340001 65
2.895 -0.64700001 2.352 74
2.362 -0.242 2.335 51
2.5420001 -0.35600001 2.335 63
2.72 -0.47299999 2.3310001 63
2.9089999 -0.57999998 2.3499999 71
2.3629999 -0.192 2.335 59
2.55 -0.301 2.336 65
2.7290001 -0.41100001 2.329 64
2.9230001 -0.51300001 2.348 70
2.3640001 -0.142 2.335 61
2.546 -0.244 2.329 66
2.734 -0.34900001 2.326 66
2.9289999 -0.44499999 2.3429999 68
2.358 -0.092 2.329 52
2.5539999 -0.189 2.332 61
2.7420001 -0.28799999 2.325 67
2.9360001 -0.377 2.3380001 73
2.3570001 -0.043000001 2.329 53
2.553 -0.134 2.329 63
2.74 -0.226 2.3180001 68
2.95 -0.31 2.3410001 64
2.3499999 0.0049999999 2.3239999 86
2.553 -0.078000002 2.3269999 64
2.7490001 -0.164 2.3210001 63
2.9530001 -0.242 2.336 77
2.349 0.054000001 2.326 150
2.553 -0.023 2.3269999 64
2.753 -0.103 2.3210001 59
2.954 -0.17299999 2.332 49
2.3510001 0.103 2.3310001 150
2.55 0.032000002 2.325 59
2.7460001 -0.041000001 2.3139999 62
2.961 -0.105 2.3329999 70
1.881 0.122 1.868 150
2.546 0.086999997 2.3239999 63
2.747 0.02 2.3139999 62
2.9590001 -0.037 2.3280001 66
1.9 0.163 1.892 37
2.5439999 0.142 2.3239999 66
2.743 0.082000002 2.3110001 65
2.9590001 0.030999999 2.3269999 68
1.9119999 0.204 1.908 24
2.5320001 0.19599999 2.3169999 63
2.737 0.14300001 2.3069999 63
0 0 0 0
1.9349999 0.24699999 1.937 24
2.5209999 0.25 2.312 61
0 0 0 0
0.55400002 0.030999999 0.43599999 4
1.939 0.28799999 1.947 24
2.516 0.30500001 2.313 41
0.53299999 0.052000001 0.45100001 3
0.56099999 0.045000002 0.442 4
1.9400001 0.33000001 1.955 23
0 0 0 0
0.51800001 0.061999999 0.43900001 6
0 0 0 0
0 0 0 0
0.47099999 0.078000002 0.43599999 7
0 0 0 0
0 0 0 0
0.435 0.092 0.442 3
0 0 0 0
0 0 0 0
0 0 0 0
0.43599999 0.102 0.44499999 9
0 0 0 0
0 0 0 0
0.55599999 0.097000003 0.44299999 6
0.42300001 0.108 0.435 2
0 0 0 0
0.514 0.109 0.442 1
0.551 0.109 0.44100001 4
0 0 0 0
0 0 0 0
0.51099998 0.121 0.442 5
0.55000001 0.123 0.442 5
0 0 0 0
0 0 0 0
0.50700003 0.132 0.44100001 6
0.54900002 0.13600001 0.44299999 4
1.031 0.333 1.0779999 1
0.46000001 0.139 0.43900001 5
0.50400001 0.14300001 0.44100001 5
0.54900002 0.15000001 0.44600001 5
0 0 0 0
0 0 0 0
0.50199997 0.155 0.442 7
0.542 0.161 0.44299999 4
0.42199999 0.155 0.447 3
0.45500001 0.15899999 0.44100001 4
0.49599999 0.16599999 0.44 5
0.53799999 0.17399999 0.44299999 5
0.412 0.161 0.43900001 5
0 0 0 0
0.493 0.177 0.44100001 6
0.52999997 0.185 0.44100001 5
0.40900001 0.17 0.44 6
0.449 0.17900001 0.442 4
0.491 0.189 0.44299999 5
0.52700001 0.198 0.442 6
0 0 0 0
0 0 0 0
0.47999999 0.197 0.43700001 6
0.51999998 0.20999999 0.44 5
0.40000001 0.186 0.43799999 6
0.43799999 0.198 0.43900001 4
0.47400001 0.208 0.43599999 5
0.51499999 0.222 0.44 5
0 0 0 0
0.43200001 0.206 0.43700001 6
0.47499999 0.221 0.44100001 5
0.50700003 0.233 0.43799999 5
0.39399999 0.20299999 0.43900001 6
0.42899999 0.21600001 0.43900001 4
0.46599999 0.23 0.43799999 5
0.50199997 0.245 0.43900001 4
0 0 0 0
0 0 0 0
0.46000001 0.23999999 0.43700001 6
0.495 0.25600001 0.43799999 4
0 0 0 0
0 0 0 0
0 0 0 0
0.48300001 0.264 0.433 3
2.0090001 1.198 2.3139999 3
0 0 0 0
0 0 0 0
0 0 0 0
0 0 0 0
0 0 0 0
0 0 0 0
0 0 0 0
0 0 0 0
0.986 0.63999999 1.072 2
0 0 0 0
0 0 0 0
0 0 0 0
0 0 0 0
0 0 0 0
0.456 0.308 0.43399999 3
0.359 0.25600001 0.435 6
0 0 0 0
0.42199999 0.30000001 0.43799999 6
0.44800001 0.31900001 0.435 5
0 0 0 0
0.37799999 0.28200001 0.43000001 6
0 0 0 0
0.43700001 0.32699999 0.43200001 8
0 0 0 0
0 0 0 0
0.40599999 0.317 0.435 6
0.43200001 0.34 0.435 5
0 0 0 0
0.36500001 0.29699999 0.428 2
0 0 0 0
0.42300001 0.34900001 0.43399999 7
0.85299999 0.72100002 1.096 0
0 0 0 0
0.396 0.33899999 0.44100001 3
0.41600001 0.36000001 0.43700001 5
0 0 0 0
0 0 0 0
0 0 0 0
0.40700001 0.36899999 0.43700001 4
0.33399999 0.30700001 0.44400001 3
0 0 0 0
0 0 0 0
0 0 0 0
0.336 0.32100001 0.45500001 1
0.34900001 0.338 0.442 3
0 0 0 0
0 0 0 0
0.73100001 0.72899997 1.008 1
0 0 0 0
0.36199999 0.373 0.44100001 3
0 0 0 0
0.70700002 0.73500001 0.99400002 11
0.69199997 0.73299998 0.917 2
0 0 0 0
0.447 0.491 0.53100002 2
0.68900001 0.74699998 0.98900002 1
0.67500001 0.74599999 0.91500002 1
0.66500002 0.75099999 0.852 1
0.65799999 0.75700003 0.80299997 2
0.67299998 0.75999999 0.98699999 10
0.653 0.755 0.90700001 9
0.64300001 0.75999999 0.847 2
0.634 0.76499999 0.796 2
0.64499998 0.75999999 0.96799999 1
0.634 0.76599997 0.903 1
0.62300003 0.77100003 0.84299999 2
0.61199999 0.77499998 0.79299998 2
0.62699997 0.77100003 0.963 9
0.60900003 0.76899999 0.89099997 2
0.60399997 0.78299999 0.84200001 2
0.58600003 0.77999997 0.78500003 2
0.60600001 0.77700001 0.954 1
0.59399998 0.78500003 0.89399999 1
0.57099998 0.77600002 0.82099998 2
0.56 0.78299999 0.77600002 2
0.583 0.78100002 0.94199997 9
0.56199998 0.77700001 0.87099999 2
0.55400002 0.79000002 0.82300001 2
0.57200003 0.83999997 0.82099998 1
0.55800003 0.77999997 0.926 1
0.54500002 0.78899997 0.87 1
0.57099998 0.85600001 0.87800002 2
0.55400002 0.85799998 0.82700002 2
0.55000001 0.80400002 0.93800002 0
0.565 0.85699999 0.93099999 1
0.546 0.86000001 0.87099999 1
0.53200001 0.86799997 0.82599998 2
0.56300002 0.861 0.98900002 10
0.54299998 0.86500001 0.926 12
0.523 0.86799997 0.866 2
0.50800002 0.87400001 0.82099998 2
0.54299998 0.86900002 0.98299998 1
0.523 0.87400001 0.92400002 1
0.50300002 0.87800002 0.866 1
0.48800001 0.88800001 0.82499999 2
0.52499998 0.88 0.98199999 9
0.50099999 0.88099998 0.91900003 10
0.48199999 0.88800001 0.86500001 2
0.46599999 0.89700001 0.82499999 2
0.50300002 0.884 0.972 1
0.48199999 0.89300001 0.91900003 1
0.46399999 0.903 0.87099999 1
0.44400001 0.90700001 0.82599998 2
0.47999999 0.88800001 0.963 9
0.46200001 0.90200001 0.91799998 11
0.43900001 0.90499997 0.86299998 2
0.421 0.91500002 0.82499999 2
0.461 0.89700001 0.96100003 1
0.44 0.90700001 0.91299999 1
0.419 0.91799998 0.86699998 1
0.40099999 0.92799997 0.82999998 2
0.44400001 0.90799999 0.96100003 9
0.41999999 0.91799998 0.91299999 10
0.398 0.926 0.86799997 2
0.38 0.94 0.83499998 2
0.42199999 0.91299999 0.95499998 1
0.39899999 0.92299998 0.91000003 1
0.37900001 0.94 0.87300003 2
0.35800001 0.94800001 0.83600003 2
0.405 0.92500001 0.95599997 9
0.382 0.94 0.91799998 11
0.35600001 0.94499999 0.87099999 3
0.336 0.95700002 0.83899999 2
0.38499999 0.93400002 0.95499998 1
0.361 0.94700003 0.91600001 1
0.336 0.958 0.87699997 2
0.31299999 0.96399999 0.84100002 2
0.36700001 0.94499999 0.95700002 9
0.34099999 0.958 0.91900003 10
0.31400001 0.96499997 0.87800002 3
0.292 0.977 0.84799999 2
0.34599999 0.949 0.95099998 1
0.31999999 0.96600002 0.91900003 1
0.294 0.97899997 0.88499999 2
0.26899999 0.986 0.85299999 2
0.32800001 0.96200001 0.95499998 8
0.29899999 0.97399998 0.92000002 10
0.271 0.98500001 0.88599998 3
0.24600001 0.99299997 0.85500002 2
0.30700001 0.96899998 0.954 1
0.28 0.98799998 0.92799997 1
0.25 0.99800003 0.89300001 1
0.22400001 1.0039999 0.86199999 2
0.289 0.98199999 0.958 9
0.25999999 1.001 0.93300003 13
0.228 1.006 0.89700001 2
0.20200001 1.02 0.87400001 2
0.26899999 0.99299997 0.95999998 1
0.237 1.0039999 0.93099999 2
0.207 1.017 0.903 1
0.18000001 1.034 0.88499999 19
0.249 1.001 0.96200001 8
0.21600001 1.013 0.935 14
0.184 1.028 0.91000003 2
0.155 1.036 0.88599998 2
0.228 1.0089999 0.96200001 1
0.19400001 1.021 0.93699998 1
0.162 1.0369999 0.91600001 1
0.132 1.054 0.90100002 11
0.208 1.0190001 0.96600002 8
0.17299999 1.0319999 0.94300002 10
0.14 1.056 0.93099999 14
0.108 1.0650001 0.91100001 2
0.18799999 1.034 0.97299999 1
0.152 1.048 0.954 1
0.116 1.0599999 0.93400002 2
0.083999999 1.079 0.92400002 11
0.16599999 1.041 0.97399998 9
0.12899999 1.053 0.95599997 8
0.093000002 1.074 0.94499999 10
0.059 1.087 0.93199998 3
0.145 1.051 0.97899997 2
0.107 1.0650001 0.96499997 1
0.068999998 1.085 0.95499998 1
0.034000002 1.099 0.94400001 9
0.123 1.058 0.98100001 14
0.083999999 1.071 0.96700001 8
0.044 1.089 0.958 9
0.0080000004 1.112 0.95700002 2
0.102 1.079 0.995 2
0.061000001 1.0880001 0.98100001 1
0.02 1.1109999 0.97799999 2
-0.017000001 1.127 0.97399998 11
0.078000002 1.074 0.98699999 8
0.037 1.09 0.98199999 8
-0.0049999999 1.112 0.98100001 10
-0.044 1.1339999 0.98400003 8
0.056000002 1.086 0.99400002 1
0.013 1.11 0.99900001 1
-0.030999999 1.1339999 1.003 1
-0.071000002 1.141 0.99400002 8
0.032000002 1.095 1 20
-0.011 1.114 1.002 7
-0.056000002 1.131 1.002 8
-0.1 1.1619999 1.018 10
0.0089999996 1.109 1.01 1
-0.035999998 1.132 1.0190001 9
-0.083999999 1.155 1.027 14
-0.12800001 1.169 1.03 8
-0.014 1.123 1.021 11
-0.061999999 1.141 1.028 12
-0.111 1.1619999 1.0369999 8
-0.15700001 1.181 1.0470001 8
-0.039000001 1.1289999 1.025 12
-0.088 1.154 1.041 8
-0.139 1.173 1.051 8
-0.189 1.206 1.076 10
-0.064000003 1.141 1.034 8
-0.114 1.16 1.048 7
-0.169 1.189 1.071 9
-0.221 1.221 1.097 8
-0.090000004 1.152 1.044 8
-0.14300001 1.179 1.068 9
-0.198 1.2 1.086 8
-0.25400001 1.235 1.119 10
-0.117 1.168 1.058 8
-0.171 1.188 1.079 8
-0.23 1.223 1.113 9
-0.28600001 1.244 1.137 9
-0.14300001 1.176 1.067 8
-0.199 1.196 1.09 7
-0.26100001 1.23 1.127 8
-0.322 1.265 1.1670001 9
-0.171 1.189 1.079 8
-0.23199999 1.223 1.119 9
-0.29499999 1.249 1.153 8
-0.35600001 1.275 1.187 9
-0.20100001 1.207 1.097 8
-0.26199999 1.233 1.133 8
-0.329 1.266 1.176 9
-0.39199999 1.2869999 1.211 9
-0.23100001 1.223 1.114 10
-0.294 1.247 1.152 8
-0.36199999 1.272 1.192 8
-0.45500001 1.3789999 1.312 11
-0.26100001 1.23 1.123 9
-0.32800001 1.265 1.175 9
-0.40000001 1.294 1.222 9
-0.49700001 1.396 1.3430001 10
-0.294 1.252 1.147 9
-0.361 1.272 1.188 8
-0.458 1.37 1.306 10
-0.54299998 1.419 1.383 9
-0.329 1.273 1.169 10
-0.39700001 1.2920001 1.215 9
-0.50400001 1.4 1.349 10
-0.58700001 1.434 1.416 9
-0.359 1.275 1.176 9
-0.45699999 1.376 1.304 10
-0.546 1.416 1.378 10
-0.63499999 1.455 1.455 8
-0.39500001 1.29 1.196 9
-0.49700001 1.392 1.3279999 9
-0.59100002 1.434 1.411 11
-0.68800002 1.482 1.5039999 9
-0.456 1.38 1.286 10
-0.54000002 1.4119999 1.359 11
-0.63800001 1.4529999 1.447 9
-0.74199998 1.505 1.55 8
-0.49599999 1.397 1.3099999 11
-0.58600003 1.436 1.3940001 11
-0.68900001 1.479 1.4910001 9
-0.80199999 1.536 1.6059999 7
-0.54000002 1.419 1.339 10
-0.63200003 1.454 1.426 9
-0.74400002 1.505 1.5369999 8
-0.87 1.576 1.675 8
-0.58399999 1.438 1.3660001 9
-0.68000001 1.472 1.459 9
-0.80299997 1.536 1.59 6
-0.94 1.615 1.7460001 6
-0.63 1.4579999 1.396 11
-0.73400003 1.499 1.501 9
-0.866 1.5700001 1.648 7
-0.78500003 1.28 1.409 41
-0.67900002 1.48 1.429 9
-0.78799999 1.522 1.5420001 9
-0.93099999 1.6 1.705 7
-0.79900002 1.238 1.387 27
-0.73100001 1.505 1.466 9
-0.84899998 1.5549999 1.594 7
-0.926 1.512 1.636 21
-0.815 1.202 1.372 33
-0.78299999 1.524 1.499 8
-0.91299999 1.587 1.648 7
-0.80199999 1.2460001 1.37 25
-0.83200002 1.168 1.3609999 31
-0.847 1.561 1.551 7
-0.96700001 1.596 1.679 12
-0.815 1.205 1.348 29
-0.847 1.133 1.347 31
-0.90799999 1.587 1.594 6
-0.792 1.242 1.326 26
-0.83200002 1.1720001 1.335 30
-0.86199999 1.1 1.336 31
-0.977 1.622 1.648 8
-0.81199998 1.2130001 1.314 30
-0.847 1.138 1.3200001 34
-0.87800002 1.069 1.327 29
-0.792 1.25 1.2869999 28
-0.82499999 1.176 1.294 30
-0.86000001 1.103 1.304 30
-0.89099997 1.036 1.316 31
-0.80800003 1.214 1.266 34
-0.83999997 1.142 1.277 31
-0.87599999 1.072 1.294 34
-0.90600002 1.006 1.308 30
-0.82300001 1.179 1.247 29
-0.85399997 1.108 1.261 29
-0.88999999 1.04 1.2819999 29
-0.921 0.977 1.302 39
-0.84200001 1.149 1.233 33
-0.87199998 1.079 1.251 34
-0.903 1.0089999 1.271 32
-0.92699999 0.94 1.285 48
-0.85600001 1.115 1.215 34
-0.88499999 1.0470001 1.2359999 28
-0.91799998 0.98000002 1.2640001 31
-0.94700003 0.91799998 1.29 36
-0.86799997 1.079 1.196 33
-0.89899999 1.016 1.224 30
-0.926 0.94499999 1.248 48
-0.95700002 0.88599998 1.28 32
-0.88499999 1.051 1.186 29
-0.91500002 0.98799998 1.216 31
-0.94199997 0.91900003 1.243 32
-0.972 0.86000001 1.278 30
-0.90100002 1.022 1.174 32
-0.91900003 0.949 1.193 51
-0.95700002 0.89200002 1.238 32
-0.98500001 0.833 1.275 35
-0.91500002 0.991 1.161 30
-0.935 0.92299998 1.187 34
-0.97000003 0.86500001 1.233 34
-0.99800003 0.80599999 1.273 36
-0.917 0.949 1.135 48
-0.94999999 0.89499998 1.1799999 34
-0.98100001 0.83600003 1.226 41
-1.01 0.77899998 1.27 34
-0.93000001 0.92000002 1.124 53
-0.95999998 0.86500001 1.169 35
-0.99400002 0.80900002 1.221 37
-1.024 0.75300002 1.271 29
-0.94800001 0.89499998 1.119 50
-0.97500002 0.83999997 1.165 37
-0.99900001 0.77700001 1.209 41
-1.064 0.74699998 1.3049999 32
-0.963 0.86900002 1.113 48
-0.98400003 0.80900002 1.154 28
-1.02 0.75700003 1.215 35
-1.103 0.73799998 1.337 43
-0.97500002 0.83999997 1.103 45
-0.99000001 0.77700001 1.14 36
-1.039 0.73500001 1.221 30
-1.176 0.74900001 1.409 151
-0.99199998 0.81599998 1.1 37
-1.017 0.76200002 1.153 30
-1.103 0.74400002 1.279 30
-1.311 0.79400003 1.5549999 30
-1.007 0.79000002 1.095 34
-1.0319999 0.73799998 1.151 27
-1.1289999 0.72500002 1.2920001 55
-1.326 0.764 1.557 31
-1.017 0.76099998 1.086 31
-1.12 0.76300001 1.23 17
-1.301 0.79500002 1.472 44
-1.342 0.73400003 1.562 28
-1.028 0.73299998 1.079 29
-1.137 0.73699999 1.2309999 34
-1.321 0.76800001 1.478 33
-1.355 0.70200002 1.5650001 31
-1.192 0.81 1.2309999 9
-1.27 0.78299999 1.3559999 82
-1.336 0.73699999 1.479 32
-1.372 0.67299998 1.572 33
-1.171 0.75599998 1.1900001 57
-1.317 0.77200001 1.3890001 36
-1.348 0.704 1.477 32
-1.3839999 0.64099997 1.575 32
-1.296 0.79500002 1.2970001 45
-1.334 0.741 1.3890001 34
-1.3660001 0.676 1.483 33
-1.4 0.61199999 1.5829999 33
-1.313 0.764 1.295 41
-1.3430001 0.70700002 1.383 34
-1.376 0.64300001 1.4809999 33
-1.4119999 0.57999998 1.587 34
-1.329 0.73400003 1.294 39
-1.358 0.676 1.383 35
-1.392 0.61299998 1.4859999 33
-1.429 0.551 1.597 36
-1.346 0.70300001 1.294 39
-1.373 0.64499998 1.3839999 35
-1.409 0.583 1.493 34
-1.442 0.51899999 1.604 32
-1.363 0.67199999 1.294 39
-1.388 0.61400002 1.386 37
-1.423 0.55199999 1.498 39
-1.46 0.49000001 1.6160001 33
-1.377 0.639 1.293 38
-1.401 0.58200002 1.387 37
-1.434 0.51999998 1.501 37
-1.471 0.458 1.623 35
-1.391 0.60699999 1.2920001 42
-1.418 0.55199999 1.392 35
-1.452 0.49000001 1.51 39
-1.4859999 0.42699999 1.6339999 35
-1.4069999 0.57499999 1.294 41
-1.431 0.51999998 1.3940001 34
-1.464 0.458 1.515 36
-1.5 0.396 1.645 35
-1.42 0.54299998 1.294 40
-1.451 0.49000001 1.404 33
-1.4809999 0.428 1.525 38
-1.517 0.36500001 1.659 36
-1.433 0.50999999 1.296 38
-1.467 0.45899999 1.41 33
-1.494 0.396 1.533 34
-1.529 0.333 1.669 31
-1.459 0.48100001 1.308 36
-1.479 0.426 1.414 35
-1.51 0.36399999 1.543 35
-1.548 0.303 1.688 28
-1.472 0.44800001 1.311 37
-1.495 0.39399999 1.421 36
-1.523 0.33199999 1.552 36
-1.5599999 0.27000001 1.699 28
-1.4859999 0.414 1.314 38
-1.516 0.36300001 1.434 39
-1.541 0.30000001 1.566 29
-1.5779999 0.23800001 1.717 30
-1.501 0.38100001 1.319 40
-1.53 0.329 1.442 40
-1.5549999 0.26699999 1.577 35
-1.605 0.207 1.7460001 39
-1.516 0.347 1.326 37
-1.5420001 0.296 1.448 34
-1.568 0.234 1.587 32
-1.618 0.17299999 1.761 35
-1.534 0.31400001 1.335 29
-1.562 0.26300001 1.4630001 36
-1.586 0.20100001 1.604 34
-1.632 0.139 1.777 36
-1.552 0.28 1.346 34
-1.573 0.228 1.469 36
-1.604 0.168 1.6210001 34
-1.645 0.105 1.794 31
-1.569 0.245 1.3559999 36
-1.586 0.193 1.479 35
-1.618 0.133 1.635 34
-1.664 0.07 1.817 25
-1.584 0.20900001 1.365 38
-1.6109999 0.15899999 1.499 37
-1.638 0.097999997 1.656 30
-1.683 0.035 1.841 32
-1.605 0.17399999 1.38 40
-1.624 0.123 1.511 30
-1.647 0.061999999 1.6670001 28
-1.699 0 1.863 30
-1.623 0.138 1.393 36
-1.638 0.086999997 1.523 35
-1.6670001 0.027000001 1.689 28
-1.716 -0.037 1.886 29
-1.636 0.1 1.403 37
-1.66 0.050000001 1.545 32
-1.6950001 -0.0089999996 1.719 36
-1.729 -0.074000001 1.906 26
-1.658 0.061999999 1.421 31
-1.676 0.012 1.561 32
-1.712 -0.046999998 1.7410001 33
-1.752 -0.113 1.938 25
-1.674 0.024 1.436 30
-1.698 -0.025 1.584 28
-1.73 -0.086000003 1.763 33
-1.834 -0.15700001 2.0369999 23
-1.692 -0.015 1.452 33
-1.7130001 -0.064999998 1.6 29
-1.76 -0.126 1.8 39
-1.831 -0.19599999 2.0420001 23
-1.719 -0.056000002 1.478 32
-1.745 -0.106 1.6339999 37
-1.979 -0.186 2.0309999 21
-1.85 -0.23800001 2.073 32
-1.7309999 -0.097000003 1.492 33
-1.76 -0.147 1.653 29
-1.921 -0.223 1.979 23
-1.9 -0.285 2.1400001 150
-1.757 -0.14 1.518 25
-1.791 -0.19 1.688 33
-1.9630001 -0.271 2.0320001 19
-1.937 -0.333 2.1930001 150
-1.774 -0.184 1.538 29
-1.8279999 -0.237 1.729 38
-1.9630001 -0.315 2.0409999 21
-1.998 -0.38699999 2.2750001 98
-1.812 -0.23100001 1.577 35
-2.1340001 -0.32600001 2.029 30
-1.956 -0.35800001 2.0450001 23
-1.999 -0.43099999 2.29 59
-1.831 -0.27700001 1.601 30
-2.1289999 -0.375 2.0350001 25
-1.944 -0.40000001 2.0450001 23
-1.985 -0.472 2.289 72
-1.853 -0.32499999 1.6289999 28
-2.118 -0.42300001 2.036 24
-1.934 -0.442 2.0469999 22
-1.978 -0.514 2.2969999 67
-1.886 -0.377 1.6670001 37
-2.105 -0.47 2.036 24
-1.962 -0.49399999 2.0910001 56
-1.962 -0.55400002 2.2950001 63
-2.2019999 -0.495 1.96 48
-2.0940001 -0.51899999 2.04 24
-2.0209999 -0.55699998 2.1700001 150
-1.946 -0.59399998 2.2950001 77
-2.2620001 -0.565 2.027 30
-2.075 -0.56400001 2.036 24
-2.096 -0.62699997 2.2679999 135
-1.932 -0.634 2.296 77
-2.256 -0.62 2.0380001 28
-2.062 -0.611 2.04 24
-2.109 -0.68099999 2.3 69
-1.9170001 -0.67400002 2.2980001 76
-2.2360001 -0.67199999 2.0369999 28
-2.05 -0.65899998 2.0450001 24
-2.0929999 -0.727 2.303 70
-1.899 -0.71200001 2.296 65
-2.221 -0.72500002 2.0420001 15
-2.062 -0.71499997 2.076 34
-2.0739999 -0.77100003 2.303 68
-1.888 -0.75400001 2.3050001 68
-2.1960001 -0.77600002 2.04 28
-2.154 -0.80299997 2.1900001 150
-2.0569999 -0.81599998 2.306 69
-1.865 -0.79000002 2.2980001 68
-2.1760001 -0.82700002 2.043 28
-2.233 -0.88999999 2.2939999 72
-2.036 -0.86000001 2.306 64
-1.847 -0.82800001 2.299 70
-2.152 -0.87599999 2.043 26
-2.211 -0.94 2.296 73
-2.0150001 -0.903 2.3069999 68
-1.831 -0.86699998 2.303 77
-2.155 -0.93800002 2.0699999 29
-2.184 -0.98799998 2.2950001 63
-1.993 -0.94599998 2.3080001 62
-1.809 -0.903 2.3010001 70
-2.323 -1.077 2.26 103
-2.1589999 -1.0369999 2.2969999 63
-1.97 -0.98799998 2.3080001 61
-1.788 -0.93900001 2.3010001 68
-2.325 -1.145 2.2920001 57
-2.1329999 -1.085 2.2980001 61
-1.946 -1.03 2.3099999 61
-1.775 -0.98000002 2.3110001 68
-2.2950001 -1.199 2.2950001 51
-2.1029999 -1.13 2.2969999 54
-1.9220001 -1.071 2.3110001 57
-1.747 -1.012 2.3039999 70
-2.26 -1.249 2.2939999 44
-2.0799999 -1.1799999 2.3039999 46
-1.897 -1.112 2.3110001 54
-1.725 -1.048 2.3039999 69
-2.2279999 -1.301 2.2969999 44
-2.0510001 -1.226 2.306 52
-1.8710001 -1.152 2.312 54
-1.709 -1.087 2.313 69
-2.1919999 -1.351 2.2969999 39
-2.016 -1.268 2.303 52
-1.845 -1.192 2.3139999 58
-1.686 -1.122 2.313 68
-2.1559999 -1.4 2.299 38
-1.987 -1.314 2.3069999 55
-1.818 -1.2309999 2.3150001 56
-1.659 -1.154 2.3110001 62
-2.119 -1.448 2.3010001 40
-1.955 -1.357 2.309 56
-1.789 -1.2690001 2.3150001 54
-1.6390001 -1.191 2.316 64
-2.0810001 -1.4960001 2.3039999 38
-1.918 -1.397 2.3050001 46
-1.761 -1.307 2.3169999 54
-1.614 -1.224 2.316 64
-2.0420001 -1.543 2.306 38
-1.887 -1.441 2.3110001 52
-1.732 -1.345 2.3199999 55
-1.5880001 -1.257 2.3169999 64
-2.0020001 -1.5880001 2.3080001 40
-1.854 -1.484 2.316 60
-1.701 -1.381 2.319 57
-1.562 -1.29 2.3169999 64
-1.944 -1.619 2.2909999 59
-1.814 -1.52 2.312 50
-1.671 -1.418 2.322 58
-1.536 -1.323 2.319 60
-1.8710001 -1.6339999 2.2550001 111
-1.78 -1.562 2.3169999 54
-1.64 -1.4529999 2.323 58
-1.507 -1.353 2.3169999 53
-1.772 -1.623 2.187 55
-1.742 -1.601 2.319 62
-1.6059999 -1.487 2.322 59
-1.4809999 -1.385 2.319 59
-1.661 -1.595 2.1029999 33
-1.7 -1.6339999 2.316 51
-1.572 -1.52 2.323 48
-1.452 -1.416 2.3180001 55
-1.6059999 -1.617 2.0869999 28
-1.6619999 -1.673 2.3199999 48
-1.539 -1.554 2.3239999 59
-1.423 -1.4450001 2.3180001 58
-1.562 -1.649 2.085 28
-1.622 -1.7079999 2.3210001 62
-1.505 -1.587 2.326 59
-1.397 -1.478 2.323 56
-1.5140001 -1.676 2.0799999 27
-1.582 -1.743 2.323 60
-1.472 -1.62 2.329 62
-1.3660001 -1.507 2.322 57
-1.467 -1.702 2.075 26
-1.538 -1.774 2.322 56
-1.434 -1.648 2.326 57
-1.335 -1.535 2.322 58
-1.42 -1.729 2.073 25
-1.4960001 -1.807 2.3239999 56
-1.397 -1.678 2.3269999 59
-1.308 -1.567 2.3280001 63
-1.373 -1.755 2.0699999 24
-1.451 -1.836 2.323 50
-1.3609999 -1.709 2.329 58
-1.274 -1.5930001 2.325 66
-1.33 -1.785 2.0739999 24
-1.406 -1.864 2.3210001 64
-1.322 -1.7359999 2.3269999 56
-1.243 -1.6210001 2.326 65
-1.284 -1.811 2.075 24
-1.3559999 -1.883 2.3110001 79
-1.286 -1.766 2.3310001 55
-1.211 -1.649 2.3280001 62
-1.243 -1.8430001 2.0840001 23
-1.303 -1.9 2.299 117
-1.248 -1.793 2.332 54
-1.181 -1.679 2.3340001 65
-1.193 -1.8609999 2.079 24
-1.249 -1.9119999 2.283 150
-1.2079999 -1.819 2.332 56
-1.142 -1.698 2.3239999 64
-1.1109999 -1.8279999 2.0179999 27
-1.201 -1.932 2.2780001 150
-1.168 -1.844 2.332 56
-1.112 -1.728 2.332 64
-1.067 -1.852 2.023 28
-1.146 -1.9400001 2.2609999 150
-1.13 -1.872 2.3369999 51
-1.079 -1.755 2.3340001 61
-1.02 -1.87 2.023 31
-1.097 -1.957 2.2539999 150
-1.0880001 -1.8940001 2.335 41
-1.0420001 -1.776 2.3299999 50
-0.97600001 -1.895 2.0309999 28
-1.049 -1.975 2.2520001 150
-1.046 -1.915 2.3329999 55
-1.008 -1.803 2.335 61
-0.93000001 -1.913 2.033 29
-1.005 -2 2.2579999 150
-1.006 -1.939 2.336 52
-0.97100002 -1.825 2.3329999 61
-0.88300002 -1.9299999 2.036 27
-0.963 -2.0280001 2.2690001 150
-0.96499997 -1.9630001 2.339 51
-0.93400002 -1.846 2.332 61
-0.83899999 -1.954 2.046 28
-0.921 -2.0569999 2.2820001 150
-0.92199999 -1.983 2.339 50
-0.89899999 -1.8710001 2.3369999 58
-0.792 -1.971 2.0510001 27
-0.88200003 -2.096 2.306 133
-0.88099998 -2.0050001 2.3429999 51
-0.86199999 -1.893 2.3380001 56
-0.74699998 -1.993 2.062 28
-0.84100002 -2.131 2.3280001 85
-0.83700001 -2.023 2.342 55
-0.82300001 -1.9119999 2.336 54
-0.70099998 -2.0120001 2.072 28
-0.79500002 -2.1559999 2.339 64
-0.79400003 -2.043 2.3440001 51
-0.787 -1.939 2.3440001 62
-0.65700001 -2.0369999 2.0880001 28
-0.74699998 -2.1760001 2.346 54
-0.75 -2.0599999 2.345 53
-0.74800003 -1.957 2.3429999 66
-0.60900003 -2.05 2.0940001 28
-0.69800001 -2.191 2.348 53
-0.70700002 -2.0799999 2.3499999 53
-0.70899999 -1.977 2.345 60
-0.565 -2.0769999 2.1140001 28
-0.648 -2.204 2.3499999 53
-0.662 -2.096 2.3510001 58
-0.66900003 -1.9960001 2.346 61
-0.51999998 -2.105 2.138 34
-0.597 -2.214 2.3499999 42
-0.61699998 -2.1110001 2.352 52
-0.62900001 -2.0139999 2.348 57
-0.48800001 -2.1960001 2.2260001 150
-0.54699999 -2.227 2.3540001 55
-0.57200003 -2.1259999 2.355 49
-0.588 -2.029 2.346 58
-0.458 -2.3099999 2.3380001 73
-0.49599999 -2.234 2.3540001 52
-0.52600002 -2.1389999 2.355 48
-0.54799998 -2.052 2.355 53
-0.40599999 -2.3310001 2.358 56
-0.44600001 -2.243 2.3559999 54
-0.47999999 -2.1500001 2.355 50
-0.50599998 -2.066 2.352 44
-0.35100001 -2.3310001 2.358 54
-0.39500001 -2.2490001 2.3559999 54
-0.433 -2.1589999 2.3540001 53
-0.46399999 -2.079 2.352 53
-0.296 -2.3329999 2.3610001 55
-0.34400001 -2.2520001 2.355 49
-0.38600001 -2.165 2.3499999 58
-0.421 -2.0929999 2.352 52
-0.241 -2.3269999 2.3559999 50
-0.29300001 -2.2550001 2.355 53
-0.34 -2.1789999 2.3559999 53
-0.37799999 -2.108 2.3540001 59
-0.186 -2.3239999 2.3570001 52
-0.242 -2.2609999 2.359 50
-0.29300001 -2.188 2.3570001 53
-0.33399999 -2.115 2.349 50
-0.132 -2.323 2.3610001 53
-0.192 -2.2620001 2.358 54
-0.24600001 -2.191 2.3540001 50
-0.29100001 -2.131 2.355 61
-0.071000002 -2.1070001 2.1459999 26
-0.141 -2.2579999 2.3540001 56
-0.199 -2.2030001 2.3610001 52
-0.24600001 -2.1370001 2.349 55
-0.022 -2.0369999 2.082 18
-0.089000002 -2.2409999 2.3369999 107
-0.15099999 -2.204 2.3570001 58
-0.20200001 -2.152 2.3559999 56
0.024 -2.0369999 2.0899999 27
-0.035999998 -2.036 2.1259999 24
-0.104 -2.207 2.355 53
-0.15700001 -2.1619999 2.3570001 60
0.071999997 -2.066 2.128 27
0.0089999996 -2.0339999 2.1270001 24
-0.052999999 -2.1099999 2.25 150
-0.112 -2.1700001 2.3570001 57
0.122 -2.1110001 2.1849999 85
0.056000002 -2.1129999 2.214 150
-0.0080000004 -2.1140001 2.2520001 150
-0.066 -2.1760001 2.3559999 56
0.183 -2.27 2.362 47
0.11 -2.2479999 2.3610001 52
0.039000001 -2.2160001 2.3599999 53
-0.02 -2.188 2.362 55
0.234 -2.2579999 2.3629999 52
0.15899999 -2.243 2.362 53
0.086999997 -2.22 2.3640001 53
0.025 -2.1900001 2.359 55
0.285 -2.2420001 2.3610001 40
0.20900001 -2.2360001 2.3629999 49
0.13500001 -2.214 2.358 52
0.071999997 -2.194 2.359 48
0.33500001 -2.23 2.3640001 45
0.25799999 -2.2249999 2.3610001 41
0.183 -2.2149999 2.362 51
0.119 -2.2019999 2.3629999 56
0.384 -2.2130001 2.3640001 46
0.30599999 -2.2119999 2.3570001 51
0.23100001 -2.21 2.3599999 44
0.16599999 -2.201 2.359 55
0.43200001 -2.1930001 2.3599999 42
0.35499999 -2.2019999 2.358 48
0.27900001 -2.2060001 2.3599999 46
0.213 -2.2 2.3570001 43
0.48199999 -2.1819999 2.368 44
0.403 -2.191 2.358 49
0.32699999 -2.201 2.3610001 49
0.26100001 -2.2030001 2.359 49
0.528 -2.158 2.3629999 46
0.44999999 -2.178 2.358 47
0.375 -2.1960001 2.3610001 51
0.30899999 -2.207 2.3640001 49
0.57300001 -2.1329999 2.358 46
0.498 -2.164 2.3570001 51
0.42199999 -2.187 2.359 44
0.35699999 -2.204 2.362 49
0.62099999 -2.118 2.365 47
0.54500002 -2.1489999 2.3570001 47
0.47 -2.1800001 2.3610001 47
0.40599999 -2.2049999 2.3659999 48
0.66500002 -2.0940001 2.362 50
0.59100002 -2.1340001 2.358 50
0.51899999 -2.175 2.365 47
0.454 -2.1989999 2.3640001 49
0.70999998 -2.0699999 2.3610001 48
0.63800001 -2.1199999 2.3599999 52
0.565 -2.1600001 2.3599999 50
0.50199997 -2.1919999 2.3610001 47
0.75300002 -2.046 2.3610001 49
0.68300003 -2.1010001 2.358 57
0.61199999 -2.1470001 2.358 47
0.551 -2.1900001 2.365 51
0.787 -1.999 2.3340001 86
0.72899997 -2.0840001 2.3599999 59
0.65899998 -2.135 2.359 50
0.60000002 -2.1830001 2.3640001 51
0.77200001 -1.837 2.1730001 23
0.76899999 -2.0510001 2.345 80
0.70599997 -2.1240001 2.3599999 55
0.64899999 -2.1760001 2.365 59
0.79900002 -1.788 2.1429999 23
0.755 -1.888 2.1800001 23
0.74299997 -2.0829999 2.3299999 97
0.69700003 -2.168 2.365 55
0.82300001 -1.737 2.1099999 23
0.77899998 -1.829 2.1329999 23
0.73400003 -1.923 2.1670001 23
0.70599997 -2.0409999 2.237 30
0.84600002 -1.687 2.079 23
0.80400002 -1.779 2.0969999 22
0.759 -1.865 2.118 22
0.72100002 -1.946 2.1440001 22
0.87 -1.643 2.0550001 23
0.829 -1.7309999 2.0650001 22
0.78399998 -1.813 2.076 22
0.74900001 -1.896 2.1010001 23
0.89200002 -1.598 2.029 22
0.85100001 -1.682 2.0309999 21
0.81 -1.767 2.0409999 21
0.77399999 -1.84 2.052 23
0.91000003 -1.548 1.998 22
0.86799997 -1.626 1.987 21
0.83399999 -1.719 2.0039999 20
0.801 -1.794 2.0139999 23
0.93099999 -1.507 1.978 22
0.89200002 -1.586 1.965 21
0.85299999 -1.664 1.96 21
0.824 -1.744 1.972 23
0.949 -1.4630001 1.9529999 21
0.91100001 -1.54 1.934 20
0.875 -1.619 1.927 19
0.84399998 -1.688 1.924 22
0.96600002 -1.42 1.9299999 21
0.93099999 -1.499 1.909 20
0.89700001 -1.576 1.897 20
0.86900002 -1.647 1.893 22
0.98799998 -1.385 1.9170001 20
0.95300001 -1.461 1.8890001 23
0.94400001 -1.579 1.923 7
0.95200002 -1.714 1.988 3
1.0039999 -1.344 1.898 20
1 -1.462 1.921 7
1.008 -1.604 1.978 4
0.99599999 -1.704 1.9960001 24
1.027 -1.314 1.892 20
1.056 -1.474 1.967 4
1.049 -1.591 1.988 21
1.036 -1.6849999 1.995 26
1.076 -1.316 1.933 7
1.092 -1.456 1.977 18
1.085 -1.5700001 1.989 26
1.0599999 -1.643 1.9680001 23
1.115 -1.304 1.9579999 4
1.126 -1.4349999 1.984 22
1.103 -1.523 1.957 22
1.082 -1.598 1.937 23
1.15 -1.2869999 1.975 4
1.156 -1.409 1.983 26
1.128 -1.488 1.942 20
1.1 -1.55 1.903 22
1.183 -1.268 1.99 11
1.1799999 -1.376 1.975 24
1.145 -1.444 1.915 20
1.132 -1.523 1.8940001 8
1.204 -1.2359999 1.9859999 19
1.1950001 -1.334 1.952 21
1.166 -1.406 1.896 20
1.46 -1.875 2.3670001 45
1.226 -1.204 1.983 21
1.216 -1.299 1.941 20
1.193 -1.376 1.888 150
1.503 -1.845 2.3640001 45
1.251 -1.177 1.987 23
1.234 -1.262 1.927 20
1.526 -1.684 2.3540001 150
1.549 -1.817 2.3670001 39
1.273 -1.147 1.988 22
1.25 -1.224 1.9119999 20
1.567 -1.654 2.358 54
1.591 -1.785 2.3640001 39
1.291 -1.114 1.984 24
1.27 -1.1900001 1.903 21
1.603 -1.62 2.3559999 43
1.635 -1.7539999 2.3640001 49
1.308 -1.081 1.979 23
1.288 -1.156 1.8940001 28
1.637 -1.5829999 2.352 39
1.6799999 -1.723 2.3670001 48
1.325 -1.0470001 1.975 24
1.306 -1.1210001 1.885 130
1.675 -1.55 2.3540001 37
1.72 -1.688 2.3640001 46
1.341 -1.013 1.97 25
1.329 -1.092 1.885 14
1.711 -1.5140001 2.355 41
1.761 -1.651 2.3629999 47
1.359 -0.98199999 1.97 25
1.349 -1.0599999 1.881 6
1.7460001 -1.478 2.3559999 39
1.803 -1.6160001 2.3640001 42
1.378 -0.95200002 1.972 24
1.705 -1.2819999 2.3410001 150
1.779 -1.4400001 2.3540001 42
1.84 -1.577 2.362 41
1.387 -0.91500002 1.962 22
1.388 -0.99699998 1.876 4
1.811 -1.401 2.3529999 47
1.877 -1.538 2.359 54
1.405 -0.88499999 1.964 26
1.7589999 -1.207 2.3429999 150
1.841 -1.36 2.349 44
1.9170001 -1.5 2.3610001 48
1.421 -0.85299999 1.965 26
1.7869999 -1.17 2.3469999 150
1.873 -1.321 2.3499999 49
1.955 -1.46 2.3610001 55
1.433 -0.81999999 1.961 23
1.8099999 -1.13 2.346 143
1.904 -1.281 2.3499999 52
1.9910001 -1.4170001 2.3599999 49
1.448 -0.787 1.962 26
1.835 -1.091 2.349 101
1.9299999 -1.237 2.346 50
2.026 -1.374 2.358 51
1.462 -0.75599998 1.962 24
1.858 -1.05 2.348 90
1.962 -1.197 2.3499999 56
2.0610001 -1.331 2.359 57
1.477 -0.72399998 1.965 25
1.877 -1.0089999 2.346 83
1.99 -1.154 2.349 60
2.0899999 -1.284 2.3529999 54
1.488 -0.69099998 1.964 25
1.895 -0.96600002 2.342 88
2.013 -1.11 2.345 58
2.125 -1.24 2.355 63
1.503 -0.66000003 1.967 25
1.914 -0.92400002 2.3410001 89
2.04 -1.066 2.346 49
2.1559999 -1.194 2.355 60
1.512 -0.62699997 1.965 26
1.933 -0.88300002 2.3410001 103
2.0710001 -1.025 2.352 36
2.1849999 -1.146 2.3529999 57
1.526 -0.59500003 1.969 24
1.949 -0.83899999 2.3380001 150
2.0929999 -0.97799999 2.3499999 35
2.2249999 -1.103 2.3640001 36
1.536 -0.56300002 1.97 23
1.961 -0.79500002 2.332 150
2.1159999 -0.93300003 2.3499999 36
2.2520001 -1.054 2.362 36
1.543 -0.52899998 1.967 21
1.978 -0.75300002 2.332 150
2.1359999 -0.88499999 2.348 34
2.277 -1.003 2.3599999 36
1.556 -0.49700001 1.973 21
1.595 -0.56800002 1.867 5
2.1559999 -0.838 2.3469999 35
2.3069999 -0.954 2.3629999 36
1.561 -0.463 1.9680001 20
2.0009999 -0.66500002 2.325 150
2.175 -0.79000002 2.346 35
2.3299999 -0.90200001 2.3610001 36
1.554 -0.426 1.95 19
2.013 -0.62 2.322 150
2.1930001 -0.74199998 2.345 34
2.3499999 -0.84799999 2.3559999 36
1.548 -0.38999999 1.934 17
1.63 -0.46399999 1.868 6
2.2119999 -0.69400001 2.345 37
2.372 -0.796 2.3559999 37
1.541 -0.35499999 1.918 15
1.648 -0.43099999 1.878 13
2.2260001 -0.64399999 2.3429999 34
2.392 -0.74199998 2.3540001 36
1.528 -0.31799999 1.8940001 14
1.666 -0.398 1.888 16
2.243 -0.59500003 2.3440001 37
2.4089999 -0.68699998 2.352 37
1.526 -0.285 1.886 16
1.6720001 -0.36199999 1.887 15
2.2520001 -0.54400003 2.3380001 36
2.431 -0.63300002 2.355 36
1.536 -0.25400001 1.893 19
1.679 -0.32499999 1.885 119
2.257 -0.493 2.329 49
2.431 -0.57499999 2.3380001 51
1.543 -0.223 1.896 19
1.693 -0.28999999 1.893 59
2.2709999 -0.44299999 2.332 65
2.45 -0.51999998 2.3410001 73
1.543 -0.191 1.892 19
1.71 -0.25600001 1.906 34
2.2820001 -0.39199999 2.3310001 65
2.4619999 -0.46399999 2.339 71
1.557 -0.16 1.906 19
1.72 -0.219 1.911 26
2.2869999 -0.34099999 2.326 55
2.4660001 -0.40599999 2.3299999 74
1.5700001 -0.12899999 1.919 20
1.7359999 -0.184 1.923 32
2.293 -0.28999999 2.323 57
2.474 -0.34900001 2.3269999 70
1.5880001 -0.097000003 1.939 21
1.751 -0.147 1.937 28
2.3 -0.23800001 2.323 57
2.49 -0.29300001 2.3310001 67
1.6 -0.064999998 1.952 20
1.76 -0.11 1.943 26
2.3039999 -0.18700001 2.3199999 56
2.497 -0.235 2.3299999 65
1.615 -0.033 1.969 20
1.767 -0.071999997 1.948 23
2.3099999 -0.13600001 2.3210001 72
2.503 -0.178 2.3280001 63
1.6289999 0 1.987 21
1.773 -0.035 1.9529999 20
2.3039999 -0.082999997 2.3110001 150
2.506 -0.12 2.326 76
1.647 0.033 2.0079999 21
1.766 0.0020000001 1.944 19
2.3010001 -0.032000002 2.3050001 150
2.5109999 -0.061999999 2.326 66
1.659 0.068000004 2.0239999 21
1.719 0.039000001 1.892 17
1.855 0.015 1.857 6
2.506 -0.0040000002 2.319 71
1.679 0.103 2.0510001 21
1.698 0.075000003 1.87 17
1.8660001 0.057 1.868 14
2.5120001 0.052999999 2.323 66
1.694 0.139 2.0710001 22
1.7029999 0.112 1.876 19
1.874 0.098999999 1.877 49
2.5050001 0.111 2.3169999 68
1.712 0.175 2.096 21
1.7079999 0.15000001 1.885 23
1.896 0.14300001 1.9 25
2.5 0.169 2.313 61
1.726 0.212 2.1170001 20
1.721 0.18799999 1.901 22
1.906 0.18700001 1.9119999 26
2.497 0.227 2.313 66
1.723 0.248 2.118 16
1.7410001 0.228 1.928 25
1.927 0.233 1.938 23
2.4890001 0.285 2.3099999 70
1.674 0.27599999 2.0639999 9
1.7079999 0.26199999 1.897 15
1.9299999 0.27700001 1.9450001 26
2.471 0.34099999 2.299 27
1.618 0.30000001 2 9
0 0 0 0
1.926 0.32100001 1.948 25
0 0 0 0
1.5650001 0.324 1.941 11
0 0 0 0
1.9 0.361 1.928 6
0.46799999 0.086999997 0.43799999 7
0 0 0 0
0 0 0 0
0 0 0 0
0 0 0 0
0 0 0 0
0 0 0 0
0.43399999 0.102 0.44400001 6
0 0 0 0
0 0 0 0
0 0 0 1
0 0 0 0
1.133 0.29300001 1.077 0
0 0 0 0
0 0 0 4
0 0 0 0
0 0 0 0
0 0 0 0
0 0 0 4
0 0 0 0
0.45699999 0.141 0.44 3
0 0 0 0
0 0 0 0
0 0 0 0
0.454 0.152 0.44 6
0 0 0 2
0 0 0 2
0 0 0 0
0.449 0.162 0.44 7
0 0 0 3
0 0 0 0
0.41499999 0.16 0.442 2
0.44299999 0.17200001 0.43799999 6
0 0 0 5
0 0 0 0
0 0 0 0
0.43399999 0.18000001 0.433 8
0 0 0 0
0.90799999 0.39399999 1.079 1
0.41299999 0.18099999 0.449 7
0.43399999 0.192 0.43700001 6
0 0 0 5
0.88800001 0.40900001 1.064 1
0 0 0 0
0.426 0.2 0.43399999 8
1.733 0.83499998 2.303 4
0 0 0 0
0.40200001 0.198 0.44600001 7
0.42500001 0.212 0.43799999 6
1.704 0.86400002 2.2839999 8
0 0 0 2
0 0 0 0
0.414 0.219 0.43200001 8
1.682 0.89600003 2.2750001 5
0 0 0 0
0.39300001 0.21600001 0.44600001 7
0.41299999 0.23100001 0.43700001 3
0 0 0 0
0 0 0 2
2.0109999 1.165 2.3099999 0
0 0 0 0
0 0 0 0
1.824 1.091 2.3050001 3
1.973 1.204 2.2980001 3
0 0 0 0
1.654 1.017 2.3039999 2
1.801 1.131 2.3050001 0
0 0 0 0
0.98299998 0.64300001 1.086 1
0 0 0 0
0.97899997 0.64499998 1.27 0
0 0 0 0
0.95700002 0.65799999 1.074 2
0 0 0 0
0.96399999 0.66500002 1.268 1
0 0 0 0
0 0 0 0
0 0 0 0
0 0 0 0
0.35100001 0.25999999 0.435 4
0.373 0.28299999 0.435 6
0 0 0 1
0 0 0 0
0 0 0 0
0 0 0 0
0 0 0 8
0.889 0.70300001 1.223 3
0 0 0 0
0.31200001 0.26100001 0.37799999 1
0 0 0 3
0 0 0 0
0.84799999 0.72299999 1.109 5
0 0 0 0
0 0 0 0
0 0 0 4
0 0 0 0
0 0 0 0
0 0 0 0
0 0 0 0
0 0 0 0
0.336 0.32300001 0.43399999 5
0 0 0 0
0 0 0 0
0 0 0 0
0 0 0 0
0.75800002 0.71600002 1.21 8
0.73799998 0.72500002 1.1109999 8
0.72100002 0.736 1.027 11
0.69599998 0.73500001 0.94599998 2
0.73400003 0.72299999 1.193 8
0.71499997 0.73400003 1.1 9
0.69800001 0.745 1.017 1
0.67699999 0.74900001 0.94499999 12
0.71600002 0.73500001 1.1849999 8
0.69400001 0.74400002 1.091 8
0.67699999 0.75700003 1.013 10
0.64999998 0.75400001 0.93300003 2
0.69599998 0.74400002 1.174 8
0.67299998 0.75400001 1.0829999 8
0.65100002 0.76099998 0.99900001 2
0.634 0.77100003 0.93800002 13
0.67500001 0.75300002 1.163 8
0.65600002 0.76800001 1.081 1
0.63 0.77100003 0.99299997 11
0.61000001 0.77700001 0.92900002 2
0.65499997 0.76200002 1.152 8
0.63099998 0.77200001 1.066 7
0.60900003 0.78100002 0.98900002 2
0.59299999 0.79299998 0.93300003 12
0.634 0.76899999 1.1390001 9
0.61199999 0.78200001 1.061 1
0.58899999 0.79100001 0.98500001 1
0.55599999 0.78200001 0.90600002 2
0.61299998 0.77700001 1.1289999 8
0.59100002 0.79000002 1.053 8
0.55900002 0.787 0.96499997 9
0.53899997 0.79699999 0.91000003 1
0.59799999 0.79000002 1.127 8
0.56 0.78399998 1.028 1
0.53799999 0.796 0.96100003 1
0.55299997 0.86000001 0.96899998 10
0.56900001 0.78500003 1.1 7
0.54100001 0.79299998 1.023 7
0.55599999 0.86400002 1.028 12
0.53200001 0.87099999 0.96899998 2
0 0 0 1
0.56400001 0.86699998 1.101 1
0.53799999 0.87900001 1.0319999 1
0.51099998 0.88099998 0.96799999 10
0.56 0.84600002 1.145 6
0.53899997 0.87 1.0880001 10
0.51499999 0.88599998 1.027 12
0.48699999 0.88599998 0.96399999 2
0.54799998 0.86699998 1.154 8
0.51800001 0.87800002 1.0829999 10
0.495 0.898 1.029 2
0.46700001 0.89899999 0.96700001 11
0.52499998 0.87099999 1.141 9
0.50099999 0.89300001 1.087 1
0.472 0.90200001 1.022 11
0.44299999 0.903 0.963 2
0.50700003 0.88300002 1.1390001 9
0.479 0.89899999 1.08 9
0.45199999 0.91399997 1.025 2
0.426 0.92199999 0.97399998 10
0.48899999 0.89499998 1.138 9
0.46000001 0.91000003 1.08 1
0.42699999 0.91600001 1.016 41
0.40099999 0.92400002 0.96899998 2
0.46799999 0.90100002 1.13 8
0.43599999 0.91299999 1.071 37
0.405 0.921 1.013 11
0.38299999 0.94199997 0.98000002 11
0.449 0.91100001 1.126 11
0.41299999 0.91500002 1.062 10
0.38699999 0.93599999 1.021 9
0.361 0.94999999 0.98199999 2
0.426 0.912 1.113 37
0.39300001 0.92500001 1.062 10
0.36700001 0.94800001 1.025 9
0.33899999 0.958 0.98500001 12
0 0 0 10
0.377 0.94300002 1.072 8
0.34599999 0.95899999 1.03 9
0.31900001 0.97500002 0.99599999 2
0.38800001 0.93300003 1.11 35
0.35600001 0.949 1.069 37
0.322 0.958 1.022 11
0.296 0.97799999 0.995 10
0 0 0 9
0.33399999 0.95599997 1.067 8
0.303 0.97500002 1.033 9
0.27599999 0.99400002 1.008 3
0.34799999 0.94999999 1.105 34
0.31400001 0.96600002 1.069 37
0.28099999 0.98100001 1.033 11
0.252 0.99599999 1.006 30
0 0 0 10
0.29499999 0.97799999 1.074 7
0.259 0.98900002 1.0369999 9
0.23100001 1.013 1.02 3
0.308 0.96700001 1.102 34
0.273 0.98299998 1.071 35
0.23899999 1.003 1.046 4
0.207 1.015 1.02 48
0 0 0 9
0.255 1.002 1.086 6
0.21699999 1.0089999 1.048 38
0.184 1.021 1.024 13
0.26899999 0.98900002 1.107 34
0.233 1.01 1.087 14
0.19400001 1.013 1.049 11
0.162 1.038 1.04 11
0 0 0 4
0.211 1.0140001 1.085 37
0.17200001 1.027 1.0599999 10
0.14 1.05 1.052 46
0.229 1.011 1.112 12
0.18799999 1.016 1.082 10
0.15000001 1.039 1.0700001 9
0.116 1.056 1.058 10
0.207 1.013 1.1059999 37
0.167 1.031 1.0930001 35
0.12800001 1.048 1.0779999 42
0.092 1.0650001 1.068 47
0.186 1.023 1.11 10
0.145 1.04 1.098 7
0.106 1.063 1.092 9
0.068999998 1.08 1.085 11
0.164 1.0319999 1.1109999 37
0.123 1.048 1.102 38
0.082000002 1.066 1.094 43
0.044 1.092 1.098 50
0.14300001 1.043 1.117 9
0.101 1.059 1.11 8
0.059 1.081 1.11 10
0.02 1.1059999 1.115 14
0.121 1.052 1.12 30
0.078000002 1.073 1.122 43
0.034000002 1.0880001 1.117 36
-0.0049999999 1.117 1.13 8
0.098999999 1.061 1.124 32
0.055 1.086 1.133 45
0.0099999998 1.102 1.133 9
-0.030999999 1.125 1.142 8
0.075999998 1.0700001 1.1289999 33
0.030999999 1.091 1.137 30
-0.014 1.1160001 1.148 7
-0.057 1.146 1.168 10
0.052999999 1.08 1.133 30
0.0070000002 1.099 1.1440001 7
-0.039999999 1.133 1.169 10
-0.085000001 1.158 1.186 8
0.029999999 1.0930001 1.1440001 21
-0.016000001 1.119 1.164 9
-0.064999998 1.14 1.178 8
-0.112 1.169 1.204 9
0.0060000001 1.108 1.155 8
-0.041999999 1.136 1.181 10
-0.092 1.147 1.1900001 7
-0.141 1.181 1.223 9
-0.017999999 1.122 1.1670001 10
-0.067000002 1.143 1.1900001 8
-0.12 1.1720001 1.219 10
-0.17 1.197 1.248 9
-0.041999999 1.1289999 1.171 9
-0.093999997 1.154 1.202 8
-0.148 1.179 1.232 8
-0.2 1.2079999 1.268 10
-0.068000004 1.142 1.183 8
-0.121 1.17 1.22 9
-0.177 1.1950001 1.2539999 8
-0.23 1.217 1.2869999 9
-0.094999999 1.1619999 1.2029999 8
-0.148 1.1799999 1.233 8
-0.206 1.209 1.275 9
-0.26199999 1.237 1.318 10
-0.122 1.175 1.215 9
-0.178 1.198 1.255 8
-0.236 1.219 1.293 8
-0.29499999 1.251 1.345 9
-0.15000001 1.182 1.222 9
-0.207 1.209 1.27 9
-0.26800001 1.2359999 1.319 9
-0.329 1.266 1.373 9
-0.17900001 1.201 1.242 9
-0.237 1.222 1.288 8
-0.301 1.251 1.345 9
-0.36199999 1.274 1.396 10
-0.20900001 1.216 1.2589999 9
-0.26800001 1.232 1.304 9
-0.33700001 1.272 1.377 9
-0.39899999 1.291 1.429 8
-0.23800001 1.224 1.2690001 10
-0.30000001 1.249 1.3279999 9
-0.36899999 1.278 1.3940001 9
-0.46000001 1.378 1.5420001 9
-0.27000001 1.2410001 1.289 9
-0.336 1.27 1.358 10
-0.403 1.289 1.418 9
-0.50199997 1.398 1.582 9
-0.30399999 1.258 1.3099999 10
-0.36899999 1.279 1.375 9
-0.465 1.377 1.529 10
-0.54299998 1.413 1.619 8
-0.336 1.2690001 1.326 9
-0.40400001 1.2920001 1.397 9
-0.50400001 1.39 1.557 10
-0.58899999 1.436 1.666 9
-0.37 1.279 1.342 9
-0.46200001 1.3710001 1.493 11
-0.54900002 1.413 1.6 10
-0.63599998 1.456 1.711 8
-0.40900001 1.306 1.376 8
-0.50599998 1.399 1.535 11
-0.59299999 1.433 1.6390001 9
-0.68800002 1.483 1.767 8
-0.46799999 1.383 1.465 9
-0.54900002 1.4170001 1.567 10
-0.63999999 1.454 1.682 8
-0.745 1.516 1.832 12
-0.50700003 1.395 1.485 10
-0.59200001 1.432 1.598 9
-0.69099998 1.479 1.7309999 7
-0.80000001 1.541 1.89 22
-0.551 1.4170001 1.518 9
-0.639 1.454 1.636 9
-0.74599999 1.5089999 1.79 8
-0.83200002 1.5190001 1.893 7
-0.597 1.439 1.552 9
-0.69099998 1.4809999 1.684 10
-0.80199999 1.536 1.845 13
-0.85100001 1.475 1.868 20
-0.64600003 1.462 1.5880001 8
-0.741 1.5 1.723 7
-0.85799998 1.557 1.896 21
-0.85299999 1.406 1.811 31
-0.69800001 1.488 1.63 7
-0.796 1.525 1.771 8
-0.89200002 1.538 1.9 10
-0.80000001 1.2539999 1.643 22
-0.75300002 1.516 1.675 8
-0.86299998 1.567 1.841 13
-0.90700001 1.4859999 1.863 29
-0.815 1.217 1.625 23
-0.81199998 1.544 1.723 8
-0.92000002 1.585 1.886 23
-0.80400002 1.2539999 1.597 25
-0.83399999 1.189 1.617 23
-0.87300003 1.575 1.775 8
-0.949 1.5549999 1.875 9
-0.81599998 1.2130001 1.571 23
-0.847 1.152 1.598 25
-0.93800002 1.604 1.8279999 10
-0.79900002 1.245 1.522 24
-0.83200002 1.179 1.553 25
-0.86199999 1.119 1.584 24
-0.99400002 1.615 1.862 150
-0.81599998 1.211 1.502 26
-0.84899998 1.148 1.54 28
-0.87699997 1.0880001 1.573 27
-0.80299997 1.2410001 1.449 27
-0.833 1.178 1.484 27
-0.86400002 1.1160001 1.524 26
-0.89099997 1.058 1.563 23
-0.81800002 1.2029999 1.423 30
-0.84799999 1.145 1.466 28
-0.87699997 1.082 1.507 27
-0.90399998 1.026 1.551 19
-0.83700001 1.1720001 1.4069999 29
-0.86299998 1.112 1.448 27
-0.89099997 1.052 1.495 23
-0.92000002 1 1.5470001 21
-0.85000002 1.135 1.382 28
-0.87699997 1.079 1.431 30
-0.90899998 1.026 1.488 24
-0.93300003 0.97000003 1.538 26
-0.86699998 1.104 1.3660001 28
-0.89300001 1.05 1.418 26
-0.917 0.99000001 1.4680001 27
-0.949 0.94400001 1.535 25
-0.88 1.0700001 1.346 33
-0.90499997 1.017 1.4 27
-0.93199998 0.963 1.461 28
-0.958 0.91299999 1.523 25
-0.89499998 1.039 1.33 26
-0.91799998 0.98699999 1.387 28
-0.94400001 0.93300003 1.45 25
-0.972 0.88700002 1.52 27
-0.91399997 1.013 1.321 27
-0.93199998 0.95700002 1.374 45
-0.95599997 0.90499997 1.4400001 28
-0.98100001 0.85600001 1.5089999 33
-0.92699999 0.98199999 1.307 29
-0.94700003 0.93000001 1.3660001 44
-0.96700001 0.875 1.4299999 29
-0.99400002 0.82999998 1.506 31
-0.93400002 0.94400001 1.283 45
-0.95899999 0.90100002 1.354 36
-0.98100001 0.85000002 1.426 28
-1.007 0.80500001 1.505 28
-0.95099998 0.91900003 1.276 26
-0.96899998 0.87 1.34 37
-0.99400002 0.82300001 1.42 26
-1.02 0.77999997 1.5039999 31
-0.963 0.889 1.263 37
-0.98000002 0.84100002 1.329 38
-1.006 0.79699999 1.415 26
-1.03 0.75199997 1.499 28
-0.97799999 0.86199999 1.255 32
-0.99299997 0.81400001 1.322 36
-1.015 0.76700002 1.405 34
-1.073 0.74900001 1.543 9
-0.99199998 0.83399999 1.2460001 35
-1.007 0.78799999 1.317 43
-1.027 0.74199998 1.402 27
-1.3 0.86699998 1.849 22
-1.003 0.80500001 1.235 36
-1.022 0.76300001 1.314 28
-1.122 0.77399999 1.511 10
-1.309 0.833 1.8430001 34
-1.008 0.77100003 1.2180001 37
-1.034 0.73699999 1.308 26
-1.125 0.74000001 1.495 82
-1.322 0.801 1.842 37
-1.028 0.75 1.22 29
-1.107 0.75199997 1.38 24
-1.2970001 0.81300002 1.702 41
-1.339 0.773 1.848 35
-1.073 0.745 1.251 20
-1.119 0.72399998 1.375 43
-1.3150001 0.78399998 1.706 34
-1.352 0.74199998 1.85 33
-1.1059999 0.73100001 1.2690001 40
-1.3049999 0.80400002 1.581 34
-1.329 0.75400001 1.706 33
-1.362 0.70999998 1.848 36
-1.204 0.75599998 1.359 150
-1.321 0.773 1.579 34
-1.344 0.72399998 1.707 33
-1.382 0.68300003 1.8609999 37
-1.317 0.78500003 1.465 40
-1.335 0.741 1.576 32
-1.359 0.69499999 1.71 34
-1.393 0.653 1.863 37
-1.33 0.75199997 1.459 38
-1.351 0.71100003 1.576 33
-1.373 0.66399997 1.711 34
-1.403 0.62099999 1.864 36
-1.346 0.72000003 1.457 36
-1.3660001 0.68000001 1.577 33
-1.386 0.63300002 1.7130001 35
-1.424 0.59399998 1.8789999 33
-1.363 0.68900001 1.456 36
-1.38 0.64899999 1.577 33
-1.398 0.602 1.714 34
-1.433 0.56300002 1.881 33
-1.377 0.65600002 1.454 38
-1.3940001 0.61799997 1.5779999 38
-1.41 0.57200003 1.717 37
-1.444 0.53200001 1.886 33
-1.39 0.62400001 1.452 40
-1.411 0.58700001 1.582 38
-1.425 0.542 1.723 34
-1.462 0.50400001 1.9 34
-1.4069999 0.59299999 1.455 39
-1.42 0.55400002 1.579 33
-1.442 0.51200002 1.732 33
-1.477 0.47499999 1.9119999 34
-1.423 0.56099999 1.457 36
-1.4400001 0.52499998 1.5880001 38
-1.4579999 0.48300001 1.7410001 31
-1.489 0.44400001 1.919 34
-1.438 0.528 1.459 38
-1.454 0.493 1.592 33
-1.471 0.45199999 1.747 35
-1.505 0.414 1.9349999 36
-1.452 0.495 1.461 36
-1.466 0.46000001 1.594 34
-1.484 0.421 1.755 32
-1.516 0.38299999 1.943 33
-1.464 0.46200001 1.462 36
-1.483 0.42899999 1.604 36
-1.501 0.38999999 1.767 34
-1.53 0.35299999 1.956 34
-1.484 0.43000001 1.471 41
-1.499 0.39700001 1.6109999 36
-1.512 0.35800001 1.774 33
-1.546 0.322 1.972 25
-1.498 0.39700001 1.476 41
-1.51 0.36399999 1.6160001 38
-1.535 0.329 1.794 40
-1.5599999 0.29100001 1.9859999 26
-1.516 0.36399999 1.485 39
-1.531 0.333 1.631 40
-1.55 0.29699999 1.806 32
-1.5779999 0.26100001 2.006 30
-1.53 0.33000001 1.4910001 42
-1.548 0.30000001 1.643 30
-1.564 0.26499999 1.819 35
-1.594 0.229 2.0250001 42
-1.551 0.29699999 1.505 34
-1.558 0.266 1.648 31
-1.5829999 0.233 1.837 34
-1.63 0.2 2.069 104
-1.563 0.26199999 1.511 30
-1.573 0.23199999 1.659 34
-1.596 0.199 1.849 35
-1.66 0.168 2.1070001 150
-1.58 0.227 1.522 34
-1.589 0.198 1.6720001 31
-1.608 0.16599999 1.8609999 33
-1.684 0.13600001 2.138 150
-1.5930001 0.191 1.531 34
-1.607 0.164 1.689 31
-1.626 0.132 1.881 32
-1.738 0.104 2.2079999 150
-1.6109999 0.155 1.546 34
-1.632 0.12899999 1.7130001 37
-1.642 0.097999997 1.9 30
-1.7690001 0.068999998 2.2490001 133
-1.635 0.119 1.566 34
-1.65 0.093000002 1.7309999 36
-1.6569999 0.061999999 1.9170001 29
-1.791 0.032000002 2.2809999 75
-1.648 0.081 1.577 30
-1.663 0.057 1.744 31
-1.675 0.027000001 1.939 30
-1.798 -0.0040000002 2.293 80
-1.663 0.043000001 1.592 31
-1.6849999 0.02 1.768 32
-1.693 -0.0080000004 1.9630001 29
-1.7869999 -0.041000001 2.2839999 73
-1.682 0.0040000002 1.61 31
-1.699 -0.017000001 1.785 34
-1.706 -0.045000002 1.9809999 30
-1.788 -0.078000002 2.29 71
-1.7 -0.034000002 1.63 28
-1.7180001 -0.056000002 1.807 33
-1.725 -0.082999997 2.007 27
-1.784 -0.115 2.29 70
-1.728 -0.075000003 1.66 35
-1.74 -0.096000001 1.834 32
-1.756 -0.123 2.049 39
-1.781 -0.15099999 2.293 76
-1.749 -0.117 1.683 35
-1.853 -0.145 1.959 106
-1.8099999 -0.16599999 2.1170001 150
-1.776 -0.18799999 2.2950001 68
-1.795 -0.162 1.733 19
-1.925 -0.19400001 2.04 24
-1.854 -0.20999999 2.1760001 150
-1.7690001 -0.22400001 2.2950001 70
-1.859 -0.212 1.801 10
-1.919 -0.237 2.0409999 24
-1.9069999 -0.25799999 2.2479999 150
-1.762 -0.25999999 2.2950001 72
-2.0840001 -0.287 2.027 25
-1.91 -0.28 2.0409999 25
-1.942 -0.30500001 2.299 78
-1.756 -0.29699999 2.2969999 69
-2.082 -0.336 2.0350001 26
-1.904 -0.322 2.043 24
-1.9400001 -0.34799999 2.3069999 69
-1.75 -0.333 2.299 69
-2.069 -0.384 2.033 26
-1.9 -0.366 2.05 23
-1.932 -0.38999999 2.309 72
-1.7359999 -0.36700001 2.293 66
-2.062 -0.433 2.0380001 26
-1.913 -0.41299999 2.076 41
-1.916 -0.43000001 2.3039999 74
-1.7309999 -0.40400001 2.299 66
-2.05 -0.47999999 2.04 26
-1.9809999 -0.47499999 2.164 150
-1.906 -0.47 2.3050001 76
-1.721 -0.43900001 2.299 67
-2.0350001 -0.52700001 2.04 26
-2.0639999 -0.54400003 2.27 130
-1.8940001 -0.51099998 2.3050001 74
-1.712 -0.47400001 2.3010001 65
-2.0220001 -0.57499999 2.043 26
-2.076 -0.59799999 2.3010001 71
-1.882 -0.55199999 2.306 74
-1.701 -0.509 2.3010001 70
-2.0150001 -0.62400001 2.0539999 26
-2.0550001 -0.64200002 2.2950001 72
-1.873 -0.59299999 2.313 67
-1.691 -0.54400003 2.303 68
-2.0680001 -0.69300002 2.1270001 111
-2.04 -0.68800002 2.2980001 70
-1.859 -0.63300002 2.313 68
-1.677 -0.57800001 2.3010001 67
-2.1860001 -0.79000002 2.2709999 109
-2.023 -0.73299998 2.3 69
-1.8380001 -0.67000002 2.306 69
-1.665 -0.61199999 2.302 68
-2.187 -0.84899998 2.296 65
-2.003 -0.77700001 2.299 73
-1.822 -0.70899999 2.3069999 71
-1.654 -0.64700001 2.3039999 72
-2.1619999 -0.89700001 2.2950001 61
-1.984 -0.82099998 2.3010001 71
-1.807 -0.74800003 2.3099999 75
-1.6390001 -0.68000001 2.303 64
-2.142 -0.94800001 2.3010001 69
-1.964 -0.86500001 2.303 67
-1.79 -0.787 2.3110001 73
-1.6289999 -0.71600002 2.3099999 61
-2.1140001 -0.995 2.3 58
-1.943 -0.90799999 2.3039999 63
-1.777 -0.82700002 2.3180001 73
-1.613 -0.74900001 2.309 63
-2.0880001 -1.043 2.303 59
-1.923 -0.95200002 2.3080001 67
-1.758 -0.86400002 2.3169999 69
-1.598 -0.78200001 2.3080001 65
-2.0599999 -1.089 2.303 52
-1.898 -0.99299997 2.3080001 70
-1.738 -0.90100002 2.3180001 67
-1.584 -0.81599998 2.312 74
-2.0320001 -1.135 2.306 50
-1.873 -1.034 2.309 67
-1.7180001 -0.93800002 2.319 69
-1.569 -0.84899998 2.313 72
-1.997 -1.178 2.302 46
-1.85 -1.076 2.313 65
-1.697 -0.97399998 2.319 70
-1.551 -0.88099998 2.313 71
-1.97 -1.225 2.309 45
-1.823 -1.1160001 2.312 65
-1.676 -1.011 2.3210001 71
-1.538 -0.91600001 2.319 63
-1.936 -1.266 2.3069999 46
-1.793 -1.154 2.3099999 64
-1.656 -1.048 2.3239999 71
-1.5190001 -0.94700003 2.3180001 63
-1.902 -1.308 2.3080001 49
-1.77 -1.1950001 2.3169999 61
-1.632 -1.0829999 2.325 70
-1.4960001 -0.97600001 2.312 71
-1.872 -1.353 2.3150001 49
-1.74 -1.233 2.3169999 64
-1.609 -1.118 2.325 69
-1.482 -1.011 2.3199999 67
-1.834 -1.391 2.313 47
-1.711 -1.27 2.319 63
-1.584 -1.152 2.325 70
-1.4630001 -1.043 2.322 66
-1.7970001 -1.429 2.313 49
-1.682 -1.308 2.322 61
-1.559 -1.1849999 2.326 71
-1.442 -1.073 2.3199999 62
-1.762 -1.47 2.3169999 50
-1.649 -1.3430001 2.3199999 59
-1.5319999 -1.217 2.3239999 66
-1.423 -1.1059999 2.3239999 64
-1.725 -1.508 2.3199999 52
-1.6160001 -1.377 2.3199999 59
-1.507 -1.252 2.3280001 64
-1.402 -1.136 2.325 52
-1.688 -1.545 2.323 51
-1.585 -1.413 2.323 59
-1.48 -1.284 2.329 63
-1.377 -1.164 2.3199999 60
-1.649 -1.581 2.325 52
-1.551 -1.446 2.3239999 56
-1.452 -1.3150001 2.329 65
-1.357 -1.196 2.3239999 68
-1.607 -1.614 2.325 43
-1.516 -1.478 2.3239999 64
-1.424 -1.346 2.329 65
-1.336 -1.227 2.3280001 61
-1.567 -1.647 2.3269999 57
-1.482 -1.511 2.326 63
-1.3940001 -1.376 2.329 64
-1.309 -1.253 2.322 64
-1.524 -1.679 2.3269999 52
-1.447 -1.5420001 2.3280001 62
-1.364 -1.406 2.329 64
-1.286 -1.284 2.325 65
-1.477 -1.704 2.3210001 53
-1.409 -1.571 2.326 62
-1.334 -1.4349999 2.329 64
-1.262 -1.313 2.3269999 68
-1.434 -1.734 2.323 54
-1.372 -1.6 2.3269999 66
-1.303 -1.4630001 2.329 62
-1.235 -1.34 2.3239999 63
-1.392 -1.763 2.326 54
-1.336 -1.63 2.3299999 67
-1.271 -1.49 2.3280001 61
-1.211 -1.37 2.3280001 66
-1.347 -1.789 2.326 54
-1.296 -1.654 2.3269999 63
-1.239 -1.518 2.3280001 61
-1.1849999 -1.398 2.329 64
-1.302 -1.814 2.326 53
-1.258 -1.682 2.3299999 59
-1.209 -1.548 2.3329999 57
-1.1569999 -1.424 2.3269999 64
-1.2589999 -1.842 2.3310001 51
-1.221 -1.71 2.3329999 61
-1.173 -1.5700001 2.3269999 59
-1.13 -1.452 2.329 69
-1.214 -1.867 2.3340001 50
-1.1799999 -1.733 2.3310001 60
-1.1440001 -1.602 2.3369999 58
-1.101 -1.476 2.3269999 66
-1.166 -1.886 2.332 55
-1.141 -1.758 2.3340001 59
-1.108 -1.625 2.3340001 55
-1.074 -1.5039999 2.3299999 65
-1.1210001 -1.909 2.335 55
-1.098 -1.778 2.3310001 54
-1.074 -1.65 2.336 60
-1.044 -1.529 2.3299999 63
-1.074 -1.929 2.336 49
-1.057 -1.799 2.3310001 49
-1.041 -1.676 2.3399999 58
-1.017 -1.558 2.336 63
-1.027 -1.948 2.3369999 50
-1.0190001 -1.826 2.339 56
-1.0039999 -1.697 2.3380001 49
-0.98400003 -1.579 2.3299999 55
-0.98000002 -1.964 2.3369999 55
-0.977 -1.844 2.3380001 60
-0.96700001 -1.7180001 2.336 60
-0.95300001 -1.604 2.3310001 49
-0.93099999 -1.978 2.336 50
-0.93199998 -1.859 2.3329999 57
-0.93199998 -1.743 2.3399999 55
-0.92500001 -1.633 2.339 62
-0.884 -1.995 2.3380001 51
-0.89099997 -1.88 2.3369999 64
-0.89399999 -1.763 2.3399999 55
-0.89099997 -1.654 2.336 60
-0.83700001 -2.0109999 2.3429999 51
-0.84899998 -1.898 2.3399999 54
-0.85600001 -1.7819999 2.339 55
-0.85799998 -1.676 2.335 62
-0.78799999 -2.0209999 2.3410001 44
-0.80500001 -1.9119999 2.3369999 56
-0.82099998 -1.808 2.348 57
-0.82499999 -1.7 2.3380001 54
-0.74000001 -2.033 2.342 45
-0.76300001 -1.931 2.3429999 54
-0.78200001 -1.826 2.3469999 53
-0.79299998 -1.726 2.3429999 55
-0.69300002 -2.0469999 2.3469999 50
-0.72000003 -1.946 2.3440001 53
-0.74299997 -1.8430001 2.3469999 55
-0.75999999 -1.749 2.3469999 55
-0.64600003 -2.0599999 2.3529999 52
-0.676 -1.96 2.345 55
-0.704 -1.8609999 2.348 53
-0.72399998 -1.768 2.3440001 54
-0.59600002 -2.0610001 2.346 50
-0.63300002 -1.975 2.3499999 58
-0.66500002 -1.8789999 2.3499999 56
-0.68699998 -1.786 2.342 48
-0.54900002 -2.0710001 2.3510001 52
-0.58700001 -1.9809999 2.3440001 55
-0.625 -1.8940001 2.3499999 54
-0.65100002 -1.806 2.342 52
-0.5 -2.0769999 2.352 46
-0.54400003 -1.995 2.3499999 51
-0.58499998 -1.911 2.352 54
-0.61400002 -1.825 2.3429999 53
-0.45199999 -2.0810001 2.3529999 52
-0.5 -2.007 2.352 50
-0.54400003 -1.926 2.3540001 58
-0.57800001 -1.845 2.346 48
-0.405 -2.0880001 2.358 54
-0.45500001 -2.016 2.3540001 52
-0.50199997 -1.936 2.3499999 53
-0.54100001 -1.867 2.3510001 55
-0.35699999 -2.089 2.358 50
-0.41 -2.0190001 2.3499999 58
-0.461 -1.952 2.355 47
-0.50199997 -1.883 2.3499999 49
-0.30899999 -2.089 2.358 50
-0.36500001 -2.026 2.3510001 58
-0.419 -1.962 2.3529999 56
-0.46399999 -1.901 2.3529999 47
-0.26199999 -2.0910001 2.3610001 51
-0.32100001 -2.0350001 2.3559999 54
-0.377 -1.972 2.352 56
-0.42399999 -1.9170001 2.3540001 41
-0.214 -2.085 2.3559999 54
-0.27500001 -2.0350001 2.3510001 57
-0.33500001 -1.984 2.3559999 52
-0.384 -1.933 2.355 45
-0.167 -2.0780001 2.352 52
-0.23 -2.04 2.3540001 55
-0.292 -1.992 2.355 54
-0.34299999 -1.9450001 2.352 47
-0.12 -2.0780001 2.3559999 53
-0.185 -2.0409999 2.352 54
-0.248 -1.9960001 2.3499999 49
-0.30199999 -1.959 2.3540001 49
-0.074000001 -2.072 2.3559999 47
-0.14 -2.04 2.349 47
-0.205 -2.007 2.3540001 48
-0.26100001 -1.969 2.3510001 51
-0.028000001 -2.0680001 2.3570001 49
-0.094999999 -2.0450001 2.355 50
-0.162 -2.0109999 2.3510001 54
-0.219 -1.983 2.3540001 52
0.017000001 -2.063 2.3599999 55
-0.050999999 -2.0439999 2.3559999 53
-0.119 -2.02 2.3559999 55
-0.177 -1.993 2.3529999 56
0.061999999 -2.0569999 2.362 52
-0.0060000001 -2.04 2.3529999 57
-0.075000003 -2.0250001 2.3559999 56
-0.134 -2.003 2.3529999 52
0.107 -2.043 2.3559999 49
0.037999999 -2.039 2.3540001 58
-0.030999999 -2.027 2.355 56
-0.090999998 -2.0150001 2.3559999 60
0.152 -2.0369999 2.3610001 48
0.082000002 -2.039 2.359 53
0.012 -2.03 2.355 52
-0.046999998 -2.023 2.3570001 56
0.19599999 -2.0280001 2.362 50
0.126 -2.0280001 2.3510001 53
0.057 -2.033 2.3559999 50
-0.003 -2.0320001 2.359 60
0.23899999 -2.0090001 2.3540001 49
0.17 -2.023 2.352 49
0.101 -2.033 2.3559999 51
0.041000001 -2.036 2.3559999 57
0.28200001 -2 2.358 49
0.215 -2.0190001 2.355 51
0.146 -2.033 2.355 47
0.086000003 -2.0450001 2.359 54
0.32499999 -1.988 2.3599999 50
0.25799999 -2.0109999 2.3529999 49
0.19 -2.0320001 2.3559999 46
0.131 -2.049 2.359 51
0.36700001 -1.97 2.355 50
0.30199999 -2.006 2.3570001 50
0.235 -2.029 2.355 48
0.176 -2.052 2.359 49
0.40900001 -1.957 2.358 48
0.345 -1.9960001 2.3559999 50
0.27900001 -2.0250001 2.3529999 48
0.222 -2.052 2.3559999 51
0.449 -1.9400001 2.3559999 46
0.38699999 -1.979 2.3469999 48
0.32300001 -2.02 2.352 48
0.26800001 -2.0580001 2.3610001 53
0.48899999 -1.9220001 2.355 48
0.43099999 -1.976 2.3570001 51
0.368 -2.017 2.3529999 54
0.31400001 -2.056 2.358 52
0.52999997 -1.909 2.3599999 50
0.472 -1.9579999 2.349 48
0.41299999 -2.0120001 2.355 50
0.361 -2.059 2.362 52
0.56900001 -1.89 2.358 49
0.514 -1.946 2.3499999 48
0.458 -2.006 2.3559999 50
0.40799999 -2.0569999 2.3610001 54
0.60799998 -1.87 2.3570001 51
0.55699998 -1.936 2.3540001 46
0.50199997 -1.999 2.3559999 49
0.454 -2.0510001 2.358 56
0.64700001 -1.853 2.3599999 50
0.59799999 -1.92 2.352 48
0.54699999 -1.989 2.3540001 49
0.50199997 -2.0510001 2.362 49
0.685 -1.8329999 2.3610001 50
0.639 -1.905 2.352 51
0.59299999 -1.985 2.3610001 52
0.54900002 -2.0450001 2.3599999 46
0.72100002 -1.811 2.358 48
0.67900002 -1.89 2.352 49
0.63499999 -1.97 2.355 56
0.59600002 -2.039 2.3599999 49
0.75700003 -1.789 2.358 47
0.72000003 -1.874 2.3529999 50
0.68000001 -1.959 2.3570001 52
0.64300001 -2.03 2.3570001 52
0.79500002 -1.77 2.362 50
0.759 -1.854 2.3499999 53
0.72299999 -1.9450001 2.355 52
0.69 -2.023 2.359 55
0.82800001 -1.744 2.358 51
0.79900002 -1.837 2.3510001 53
0.76700002 -1.933 2.3570001 55
0.73699999 -2.0120001 2.3570001 52
0.86500001 -1.724 2.3629999 52
0.838 -1.8200001 2.3540001 48
0.81099999 -1.919 2.3559999 54
0.78600001 -2.006 2.362 56
0.89700001 -1.697 2.358 53
0.87599999 -1.798 2.3499999 52
0.85399997 -1.903 2.3559999 56
0.778 -1.86 2.2030001 25
0.92799997 -1.67 2.3529999 57
0.91100001 -1.77 2.3410001 69
0.829 -1.744 2.178 23
0.79799998 -1.794 2.138 23
0.96200001 -1.647 2.3559999 58
0.88599998 -1.636 2.1889999 23
0.85000002 -1.691 2.131 21
0.82499999 -1.749 2.098 23
0.972 -1.586 2.3039999 84
0.90200001 -1.582 2.1429999 22
0.87300003 -1.646 2.095 21
0.84799999 -1.698 2.053 22
0.95099998 -1.48 2.184 23
0.92299998 -1.54 2.115 21
0.89300001 -1.597 2.0539999 20
0.86900002 -1.647 2.0079999 22
0.96799999 -1.438 2.158 22
0.94199997 -1.497 2.0840001 20
0.912 -1.548 2.0139999 20
0.89099997 -1.6 1.9680001 22
0.98500001 -1.399 2.1359999 22
0.95700002 -1.452 2.05 20
0.93199998 -1.506 1.9809999 20
0.91100001 -1.553 1.928 21
1.001 -1.359 2.1129999 20
0.977 -1.414 2.027 20
0.95499998 -1.47 1.959 19
0.93000001 -1.505 1.8890001 23
1.018 -1.324 2.095 21
0.99599999 -1.377 2.0050001 19
0.97100002 -1.423 1.9220001 21
0.98799998 -1.521 1.931 5
1.033 -1.286 2.075 21
1.013 -1.3380001 1.9809999 19
0.99299997 -1.3890001 1.901 20
1.057 -1.55 1.99 15
1.049 -1.251 2.0580001 21
1.029 -1.3 1.957 19
1.016 -1.358 1.886 18
1.097 -1.533 1.994 23
1.067 -1.219 2.0480001 20
1.045 -1.2640001 1.937 18
1.074 -1.3710001 1.933 6
1.122 -1.495 1.971 25
1.082 -1.186 2.0339999 20
1.062 -1.23 1.92 19
1.13 -1.378 1.976 10
1.145 -1.456 1.948 22
1.097 -1.153 2.02 20
1.081 -1.198 1.906 19
1.165 -1.358 1.98 19
1.169 -1.419 1.927 22
1.112 -1.1210001 2.0079999 20
1.099 -1.1670001 1.8940001 19
1.189 -1.325 1.967 22
1.187 -1.376 1.9 30
1.125 -1.0880001 1.994 20
1.1210001 -1.14 1.8890001 17
1.219 -1.3 1.966 23
1.515 -1.677 2.355 150
1.14 -1.057 1.9859999 20
1.143 -1.113 1.886 14
1.242 -1.266 1.9529999 22
1.5599999 -1.649 2.358 77
1.154 -1.026 1.976 20
1.186 -1.1059999 1.916 9
1.2589999 -1.228 1.9349999 21
1.6059999 -1.623 2.365 45
1.171 -0.99800003 1.973 20
1.229 -1.098 1.948 11
1.275 -1.189 1.914 19
1.645 -1.5880001 2.362 45
1.183 -0.96700001 1.961 19
1.271 -1.087 1.977 15
1.2920001 -1.152 1.898 22
1.682 -1.55 2.355 39
1.193 -0.93400002 1.948 19
1.295 -1.0599999 1.978 19
1.311 -1.118 1.886 98
1.723 -1.517 2.358 43
1.209 -0.90700001 1.947 19
1.311 -1.028 1.969 20
1.334 -1.0880001 1.881 11
1.761 -1.4809999 2.3570001 49
1.223 -0.87900001 1.943 19
1.337 -1.001 1.973 23
1.357 -1.057 1.876 6
1.799 -1.443 2.3559999 46
1.235 -0.84899998 1.937 20
1.3559999 -0.97100002 1.97 26
1.7130001 -1.274 2.326 150
1.837 -1.406 2.3570001 54
1.252 -0.82300001 1.938 20
1.374 -0.94 1.967 27
1.751 -1.242 2.336 150
1.87 -1.363 2.3510001 56
1.263 -0.79400003 1.932 21
1.392 -0.90899998 1.964 29
1.788 -1.209 2.345 94
1.908 -1.325 2.3540001 56
1.276 -0.76599997 1.9299999 20
1.411 -0.87900001 1.9630001 30
1.816 -1.17 2.3429999 85
1.942 -1.284 2.3529999 62
1.289 -0.73799998 1.928 21
1.425 -0.84600002 1.956 31
1.845 -1.132 2.3440001 63
1.973 -1.24 2.3510001 64
1.303 -0.71100003 1.929 21
1.444 -0.815 1.956 30
1.8710001 -1.091 2.342 60
2.007 -1.198 2.352 63
1.318 -0.68400002 1.931 21
1.459 -0.78299999 1.954 33
1.896 -1.049 2.3399999 57
2.0420001 -1.156 2.355 67
1.331 -0.65600002 1.932 21
1.472 -0.74900001 1.947 29
1.9220001 -1.008 2.3399999 54
2.0650001 -1.107 2.346 63
1.345 -0.63 1.9349999 20
1.49 -0.71899998 1.949 29
1.9450001 -0.96600002 2.3380001 60
2.095 -1.062 2.3469999 53
1.357 -0.60100001 1.934 21
1.505 -0.68599999 1.949 29
1.965 -0.921 2.3340001 58
2.132 -1.0190001 2.3559999 34
1.369 -0.57300001 1.936 19
1.517 -0.653 1.9450001 29
1.988 -0.87800002 2.3340001 54
2.161 -0.972 2.3570001 37
1.381 -0.54500002 1.937 21
1.5369999 -0.62300003 1.952 33
2.01 -0.83499998 2.3340001 58
2.1849999 -0.92299998 2.355 35
1.391 -0.51700002 1.936 20
1.5470001 -0.58899999 1.948 30
2.029 -0.79000002 2.3310001 55
2.21 -0.87400001 2.3540001 35
1.406 -0.49000001 1.944 20
1.5599999 -0.55599999 1.947 30
2.0480001 -0.745 2.3299999 57
2.2320001 -0.82300001 2.352 38
1.418 -0.46200001 1.948 20
1.577 -0.523 1.952 35
2.0699999 -0.70099998 2.3329999 61
2.253 -0.77200001 2.349 35
1.432 -0.43399999 1.954 20
1.5880001 -0.48899999 1.951 35
2.0829999 -0.653 2.3280001 58
2.2750001 -0.722 2.3510001 37
1.444 -0.405 1.959 20
1.6 -0.456 1.952 30
2.0999999 -0.60699999 2.3280001 58
2.296 -0.67000002 2.3510001 39
1.455 -0.377 1.962 20
1.615 -0.42300001 1.9579999 29
2.1159999 -0.56099999 2.3280001 66
2.3069999 -0.616 2.3429999 35
1.47 -0.34900001 1.972 20
1.624 -0.38800001 1.956 26
2.1289999 -0.51300001 2.326 86
2.3340001 -0.565 2.352 40
1.485 -0.31999999 1.982 20
1.631 -0.35299999 1.954 23
2.141 -0.46599999 2.3239999 106
2.3329999 -0.50800002 2.335 66
1.495 -0.28999999 1.987 20
1.64 -0.31799999 1.954 23
2.1500001 -0.417 2.3199999 150
2.3440001 -0.454 2.3310001 81
1.513 -0.26199999 2.0020001 20
1.648 -0.28299999 1.954 22
1.73 -0.296 1.857 5
2.355 -0.40000001 2.329 72
1.52 -0.23100001 2.0039999 20
1.646 -0.24600001 1.943 22
2.155 -0.31900001 2.303 150
2.3699999 -0.34599999 2.332 71
1.535 -0.20200001 2.017 20
1.631 -0.208 1.918 18
1.751 -0.219 1.863 7
2.375 -0.28999999 2.326 73
1.551 -0.17200001 2.0309999 21
1.607 -0.17 1.883 17
1.761 -0.18000001 1.867 13
2.382 -0.235 2.3239999 72
1.5650001 -0.141 2.043 21
1.607 -0.13500001 1.8789999 19
1.77 -0.141 1.8710001 150
2.391 -0.18000001 2.325 80
1.58 -0.109 2.0580001 21
1.608 -0.1 1.875 20
1.786 -0.102 1.883 65
2.3959999 -0.124 2.323 77
1.595 -0.078000002 2.073 21
1.614 -0.066 1.878 21
1.795 -0.061999999 1.888 28
2.402 -0.068999998 2.3239999 72
1.607 -0.045000002 2.0840001 21
1.623 -0.030999999 1.885 23
1.817 -0.022 1.908 25
2.3989999 -0.013 2.3180001 73
1.624 -0.012 2.1029999 22
1.6339999 0.003 1.895 22
1.8329999 0.017999999 1.923 27
2.3989999 0.041999999 2.316 71
1.651 0.02 2.1359999 30
1.649 0.039000001 1.911 22
1.835 0.059999999 1.924 24
2.401 0.097999997 2.3169999 66
1.701 0.056000002 2.1989999 61
1.664 0.075000003 1.928 23
1.852 0.102 1.942 21
2.395 0.153 2.312 150
1.7309999 0.092 2.2360001 104
1.682 0.112 1.949 21
1.854 0.14399999 1.944 19
2.391 0.20900001 2.3099999 150
1.758 0.13 2.2709999 97
1.696 0.15000001 1.966 21
1.8099999 0.182 1.901 14
1.927 0.214 1.865 150
1.777 0.168 2.296 72
1.7130001 0.189 1.988 20
1.77 0.21799999 1.862 18
1.934 0.25999999 1.876 29
1.79 0.207 2.3139999 54
1.734 0.229 2.0150001 23
1.781 0.25999999 1.878 29
1.965 0.31099999 1.9119999 23
1.784 0.243 2.3080001 26
1.722 0.266 2.0050001 13
0 0 0 0
0 0 0 0
1.757 0.27700001 2.277 10
1.65 0.29100001 1.926 11
0.69300002 0.133 0.73400003 0
0 0 0 0
1.711 0.30599999 2.22 25
1.626 0.32300001 1.903 4
0.61400002 0.132 0.65399998 0
0.442 0.102 0.435 4
1.605 0.32100001 2.0869999 10
0 0 0 0
0.42300001 0.101 0.45199999 3
0 0 0 0
1.546 0.34299999 2.0139999 11
0 0 0 0
0.41999999 0.11 0.45100001 3
0 0 0 0
1.4859999 0.36199999 1.942 11
0 0 0 0
0.41299999 0.119 0.447 7
1.075 0.32800001 1.0779999 1
1.454 0.38600001 1.906 6
0 0 0 0
0 0 0 0
0 0 0 0
0 0 0 0
0 0 0 0
0 0 0 0
0.43099999 0.153 0.43799999 3
0 0 0 0
0 0 0 3
0 0 0 0
0.428 0.164 0.43900001 6
0 0 0 0
0 0 0 0
0 0 0 0
0.42399999 0.17399999 0.44 6
0 0 0 0
0 0 0 6
0.97100002 0.40200001 1.0880001 0
0 0 0 0
0 0 0 0
1.887 0.778 2.3150001 0
0 0 0 0
0.41 0.191 0.433 7
0 0 0 0
1.844 0.80800003 2.2809999 5
0.38299999 0.17900001 0.43799999 4
0 0 0 0
0 0 0 5
1.812 0.84200001 2.2609999 5
0 0 0 0
0.403 0.211 0.43599999 8
0 0 0 0
0.85299999 0.419 1.073 1
0.38299999 0.20100001 0.447 7
0 0 0 0
0 0 0 8
0.838 0.43399999 1.0650001 1
0 0 0 0
0 0 0 0
0 0 0 0
0 0 0 0
0.36000001 0.20999999 0.43099999 2
0 0 0 0
0 0 0 2
0 0 0 2
1.8940001 1.163 2.2939999 3
0 0 0 0
1.63 0.91299999 2.2939999 0
1.757 1.061 2.3050001 3
1.862 1.202 2.2880001 0
0.97000003 0.66100001 1.1289999 2
0 0 0 0
1.7359999 1.101 2.3050001 4
0.98000002 0.66399997 1.222 0
0 0 0 0
0 0 0 0
0 0 0 0
0.95899999 0.68199998 1.214 0
0.359 0.26899999 0.43200001 8
0 0 0 0
0 0 0 0
0 0 0 0
0 0 0 0
0 0 0 0
0 0 0 0
0 0 0 0
0 0 0 0
0 0 0 0
0 0 0 0
0.78600001 0.64300001 1.0470001 1
0 0 0 0
0 0 0 2
0.89700001 0.71700001 1.278 1
0 0 0 0
0 0 0 0
0 0 0 0
0 0 0 0
0 0 0 0
0.32100001 0.30500001 0.42899999 7
0 0 0 3
0 0 0 2
0.31900001 0.29899999 0.45100001 3
0 0 0 0
0 0 0 0
0 0 0 0
0.741 0.727 1.0700001 6
0.70999998 0.73900002 0.995 2
0 0 0 0
0 0 0 0
0.722 0.74000001 1.066 1
0.69 0.75300002 0.99299997 11
0.773 0.71200001 1.2460001 8
0.73199999 0.73000002 1.142 8
0.69400001 0.74400002 1.05 9
0.66100001 0.755 0.977 2
0.75199997 0.72299999 1.232 8
0.70999998 0.74000001 1.131 8
0.676 0.75800002 1.048 2
0.64499998 0.77100003 0.97899997 12
0.72799999 0.73100001 1.215 8
0.69 0.75199997 1.124 8
0.653 0.76700002 1.039 11
0.616 0.77100003 0.963 2
0.70700002 0.741 1.202 8
0.66900003 0.76099998 1.114 7
0.63300002 0.77700001 1.034 2
0.602 0.79000002 0.97100002 11
0.68599999 0.75099999 1.1900001 8
0.64399999 0.76700002 1.099 7
0.61400002 0.79000002 1.0319999 12
0.57099998 0.787 0.95200002 1
0.66600001 0.76099998 1.179 8
0.62199998 0.77399999 1.0880001 9
0.59100002 0.79799998 1.025 2
0.55000001 0.79500002 0.94800001 10
0.64600003 0.76999998 1.1670001 8
0 0 0 1
0.55800003 0.78899997 0.99800003 9
0.55500001 0.84399998 0.99199998 1
0.62300003 0.77700001 1.152 7
0.583 0.79500002 1.077 9
0.53799999 0.79799998 0.99400002 1
0.54299998 0.86799997 1.008 8
0.602 0.78500003 1.14 8
0 0 0 1
0.55299997 0.861 1.057 8
0.52100003 0.87699997 1.006 1
0.58200002 0.79400003 1.132 7
0.53799999 0.80500001 1.054 6
0.537 0.87900001 1.064 1
0.49900001 0.88599998 1.0039999 9
0.55599999 0.79500002 1.1109999 7
0 0 0 1
0.51200002 0.88099998 1.054 8
0.479 0.89600003 1.005 2
0 0 0 0
0.53100002 0.875 1.112 8
0.495 0.89700001 1.0599999 1
0.45899999 0.90899998 1.01 8
0.551 0.86500001 1.166 8
0.50999999 0.884 1.107 7
0.47 0.89899999 1.05 8
0.43599999 0.91299999 1.005 3
0.53100002 0.87599999 1.161 8
0.48800001 0.89099997 1.1 7
0.45100001 0.912 1.053 1
0.41499999 0.92400002 1.0089999 30
0.50999999 0.884 1.151 7
0.46700001 0.89899999 1.096 7
0.42500001 0.91000003 1.04 46
0.39300001 0.93000001 1.007 8
0.48800001 0.89099997 1.143 8
0.447 0.91000003 1.095 8
0.403 0.917 1.039 12
0.37400001 0.94300002 1.015 9
0.46799999 0.89999998 1.136 9
0.42399999 0.912 1.085 38
0.38600001 0.93300003 1.0470001 11
0.352 0.94999999 1.015 9
0.44800001 0.91000003 1.132 11
0 0 0 10
0.36700001 0.94700003 1.054 8
0.331 0.95999998 1.02 10
0.426 0.91600001 1.124 37
0 0 0 9
0.34599999 0.95599997 1.056 9
0.31 0.97000003 1.026 10
0 0 0 8
0 0 0 7
0.32499999 0.96399999 1.056 9
0.289 0.97899997 1.03 9
0.384 0.93199998 1.113 37
0.34200001 0.949 1.082 39
0.30399999 0.97299999 1.0599999 10
0.26800001 0.98900002 1.0369999 10
0 0 0 7
0.324 0.96499997 1.09 8
0.28200001 0.98100001 1.062 7
0.24600001 0.99800003 1.043 6
0.34299999 0.94999999 1.108 34
0.30199999 0.96899998 1.085 35
0.26100001 0.98900002 1.0650001 10
0.22499999 1.01 1.053 14
0 0 0 10
0.28200001 0.98199999 1.091 7
0.241 1.005 1.077 4
0.20299999 1.018 1.058 10
0.30199999 0.96799999 1.104 33
0.26100001 0.99000001 1.091 34
0.219 1.0089999 1.077 20
0.18099999 1.023 1.062 41
0 0 0 9
0.241 1.007 1.102 3
0.198 1.02 1.085 8
0.15899999 1.038 1.077 9
0.26199999 0.99199998 1.109 38
0.21799999 1.0089999 1.098 19
0.175 1.024 1.084 42
0.13699999 1.045 1.0829999 47
0 0 0 3
0.197 1.017 1.1 41
0.153 1.036 1.095 10
0.114 1.057 1.095 9
0.219 1.012 1.1109999 20
0.17399999 1.021 1.098 9
0.131 1.044 1.101 41
0.090999998 1.061 1.1 42
0.197 1.0190001 1.11 35
0.153 1.034 1.108 38
0.109 1.056 1.1109999 10
0.068000004 1.081 1.122 50
0.175 1.027 1.11 9
0.131 1.045 1.114 7
0.086000003 1.0650001 1.119 41
0.045000002 1.087 1.131 47
0.152 1.034 1.11 36
0.108 1.056 1.122 31
0.061999999 1.074 1.1289999 9
0.021 1.1059999 1.153 19
0.13 1.048 1.118 9
0.086000003 1.071 1.1339999 39
0.039000001 1.081 1.136 31
-0.003 1.112 1.1619999 8
0.107 1.056 1.12 29
0.061999999 1.079 1.1390001 37
0.015 1.101 1.1569999 15
-0.028000001 1.12 1.174 8
0.083999999 1.067 1.125 35
0.037999999 1.09 1.149 33
-0.0080000004 1.1160001 1.174 10
-0.052999999 1.14 1.2 8
0.059999999 1.075 1.128 31
0.014 1.098 1.155 12
-0.033 1.1210001 1.181 7
-0.079000004 1.154 1.22 10
0.035999998 1.086 1.135 27
-0.0099999998 1.125 1.181 11
-0.059 1.133 1.196 7
-0.106 1.165 1.238 9
0.012 1.1 1.145 10
-0.035 1.1210001 1.177 8
-0.085000001 1.154 1.221 10
-0.134 1.1799999 1.26 9
-0.012 1.117 1.159 8
-0.059999999 1.135 1.191 7
-0.112 1.16 1.2309999 8
-0.161 1.188 1.275 9
-0.037999999 1.126 1.165 9
-0.086999997 1.15 1.207 8
-0.139 1.1720001 1.248 8
-0.19 1.2 1.296 9
-0.064000003 1.14 1.177 9
-0.114 1.165 1.224 9
-0.168 1.189 1.272 9
-0.219 1.216 1.322 10
-0.090999998 1.151 1.187 8
-0.142 1.174 1.235 8
-0.197 1.201 1.29 8
-0.25 1.228 1.346 9
-0.12 1.1720001 1.207 9
-0.17 1.188 1.253 8
-0.226 1.212 1.308 9
-0.28099999 1.2410001 1.3710001 10
-0.148 1.183 1.2180001 9
-0.2 1.201 1.2690001 9
-0.25600001 1.225 1.329 9
-0.31299999 1.255 1.397 9
-0.178 1.199 1.235 9
-0.23100001 1.219 1.2920001 8
-0.28999999 1.2460001 1.36 9
-0.34799999 1.279 1.436 8
-0.208 1.209 1.2460001 9
-0.26199999 1.232 1.3099999 9
-0.322 1.258 1.382 9
-0.37900001 1.2819999 1.4529999 8
-0.23899999 1.224 1.262 10
-0.294 1.2460001 1.331 9
-0.35600001 1.274 1.41 10
-0.41999999 1.314 1.5039999 8
-0.271 1.234 1.275 9
-0.32800001 1.261 1.353 9
-0.38699999 1.276 1.423 9
-0.47400001 1.3789999 1.595 9
-0.30599999 1.255 1.3 9
-0.36300001 1.278 1.3789999 9
-0.44 1.3430001 1.51 10
-0.51499999 1.398 1.635 9
-0.34099999 1.271 1.321 9
-0.39300001 1.274 1.382 9
-0.486 1.381 1.567 10
-0.55699998 1.418 1.677 9
-0.37400001 1.277 1.332 9
-0.456 1.368 1.494 11
-0.52700001 1.401 1.603 9
-0.59899998 1.433 1.715 7
-0.412 1.296 1.358 8
-0.49900001 1.3940001 1.533 10
-0.56999999 1.4170001 1.6390001 9
-0.64600003 1.457 1.765 8
-0.47499999 1.3839999 1.457 9
-0.54100001 1.409 1.561 9
-0.616 1.441 1.683 9
-0.69499999 1.48 1.817 10
-0.51499999 1.395 1.477 9
-0.58200002 1.421 1.5880001 9
-0.66500002 1.467 1.732 7
-0.75199997 1.516 1.886 23
-0.56 1.415 1.507 9
-0.62900001 1.443 1.626 9
-0.71700001 1.493 1.784 8
-0.78500003 1.501 1.8940001 11
-0.60900003 1.442 1.546 9
-0.67799997 1.465 1.666 8
-0.76800001 1.5140001 1.83 10
-0.81400001 1.479 1.893 16
-0.65899998 1.464 1.582 8
-0.73299998 1.494 1.717 8
-0.82700002 1.545 1.891 22
-0.81599998 1.411 1.834 20
-0.71200001 1.4910001 1.625 7
-0.78899997 1.521 1.767 7
-0.86500001 1.535 1.904 11
-0.85299999 1.403 1.853 18
-0.76999998 1.521 1.6720001 6
-0.84399998 1.5420001 1.811 9
-0.89300001 1.507 1.896 17
-0.80400002 1.262 1.6950001 21
-0.829 1.5470001 1.717 7
-0.91500002 1.585 1.885 23
-0.86400002 1.388 1.772 107
-0.81800002 1.226 1.674 23
-0.89099997 1.574 1.766 7
-0.95300001 1.569 1.8890001 10
-0.81099999 1.2410001 1.609 24
-0.83200002 1.192 1.656 22
-0.958 1.604 1.8200001 7
-0.801 1.2539999 1.53 25
-0.82300001 1.202 1.5829999 22
-0.84899998 1.1619999 1.6440001 22
-0.79900002 1.27 1.459 76
-0.815 1.215 1.5039999 25
-0.83899999 1.17 1.566 25
-0.86500001 1.132 1.633 24
-0.81599998 1.233 1.4349999 27
-0.83200002 1.182 1.4859999 26
-0.85699999 1.141 1.554 26
-0.87800002 1.1 1.618 25
-0.82999998 1.194 1.408 30
-0.84799999 1.148 1.466 29
-0.86900002 1.107 1.535 25
-0.889 1.068 1.602 22
-0.84500003 1.156 1.3839999 33
-0.86400002 1.118 1.451 29
-0.88599998 1.079 1.525 28
-0.90600002 1.0420001 1.597 20
-0.861 1.124 1.3660001 29
-0.87699997 1.0829999 1.4299999 31
-0.89700001 1.045 1.506 26
-0.91500002 1.01 1.581 23
-0.87800002 1.091 1.348 31
-0.89200002 1.053 1.416 26
-0.912 1.017 1.4960001 23
-0.93000001 0.98299998 1.574 23
-0.89300001 1.0599999 1.332 31
-0.90799999 1.023 1.403 25
-0.921 0.98299998 1.476 29
-0.94300002 0.95599997 1.567 24
-0.90700001 1.027 1.3150001 28
-0.92000002 0.991 1.387 29
-0.93699998 0.95700002 1.47 27
-0.95700002 0.93099999 1.562 25
-0.92199999 0.99599999 1.3 30
-0.93400002 0.96200001 1.374 37
-0.94700003 0.92699999 1.457 26
-0.96700001 0.90100002 1.55 29
-0.93300003 0.96200001 1.2819999 37
-0.94800001 0.93400002 1.364 43
-0.963 0.90200001 1.452 28
-0.98100001 0.87699997 1.548 23
-0.94400001 0.92900002 1.265 36
-0.95899999 0.903 1.35 36
-0.97399998 0.87400001 1.443 30
-0.991 0.85000002 1.54 23
-0.96100003 0.90200001 1.257 30
-0.972 0.87400001 1.339 35
-0.98400003 0.84500003 1.432 27
-1.002 0.82300001 1.534 26
-0.97500002 0.87400001 1.247 38
-0.98400003 0.84600002 1.329 42
-0.99800003 0.81999999 1.426 25
-1.017 0.80000001 1.534 27
-0.99000001 0.847 1.239 35
-0.99599999 0.81800002 1.3200001 38
-1.01 0.79400003 1.421 25
-1.0190001 0.76800001 1.518 25
-1 0.815 1.225 32
-1.011 0.79299998 1.316 38
-1.0190001 0.76700002 1.4119999 30
-1.035 0.74699998 1.522 30
-1.007 0.78299999 1.211 36
-1.021 0.76499999 1.306 29
-1.03 0.74000001 1.4069999 32
-1.146 0.792 1.664 4
-1.024 0.759 1.2079999 32
-1.035 0.74000001 1.303 30
-1.127 0.77399999 1.518 7
-1.302 0.86000001 1.869 19
-1.039 0.73299998 1.2029999 28
-1.113 0.75800002 1.378 13
-1.112 0.72899997 1.478 43
-1.316 0.82999998 1.868 35
-1.1210001 0.75199997 1.277 20
-1.112 0.72100002 1.357 40
-1.303 0.81400001 1.709 35
-1.327 0.80000001 1.865 31
-1.124 0.71700001 1.26 27
-1.308 0.80699998 1.573 37
-1.317 0.78399998 1.707 37
-1.34 0.76999998 1.865 33
-1.3150001 0.796 1.451 39
-1.323 0.77600002 1.5700001 32
-1.332 0.75400001 1.706 35
-1.357 0.74299997 1.8710001 32
-1.331 0.764 1.447 38
-1.337 0.74400002 1.566 32
-1.346 0.72399998 1.706 32
-1.367 0.71200001 1.868 32
-1.3430001 0.73000002 1.4400001 36
-1.352 0.713 1.5650001 31
-1.3609999 0.69499999 1.7079999 34
-1.381 0.68400002 1.872 32
-1.357 0.69700003 1.437 34
-1.363 0.68099999 1.5599999 36
-1.373 0.66399997 1.706 36
-1.396 0.65600002 1.877 36
-1.377 0.667 1.4400001 39
-1.375 0.648 1.557 37
-1.387 0.63499999 1.7079999 36
-1.408 0.62699997 1.88 34
-1.385 0.63099998 1.431 39
-1.392 0.61799997 1.5599999 37
-1.399 0.60399997 1.709 36
-1.42 0.597 1.882 34
-1.399 0.59899998 1.431 39
-1.411 0.58899999 1.567 34
-1.411 0.574 1.71 37
-1.434 0.56900001 1.8890001 37
-1.416 0.56699997 1.434 36
-1.419 0.55500001 1.561 38
-1.425 0.54400003 1.714 36
-1.4450001 0.53899997 1.892 37
-1.432 0.53500003 1.437 38
-1.437 0.52600002 1.568 34
-1.439 0.514 1.719 34
-1.456 0.509 1.896 32
-1.449 0.50400001 1.441 37
-1.4529999 0.495 1.574 35
-1.457 0.486 1.729 34
-1.472 0.48100001 1.906 36
-1.464 0.47099999 1.444 38
-1.465 0.463 1.576 35
-1.467 0.454 1.7309999 32
-1.484 0.45199999 1.9119999 34
-1.477 0.43700001 1.447 40
-1.482 0.43200001 1.5829999 37
-1.483 0.42399999 1.74 33
-1.497 0.42199999 1.921 32
-1.493 0.40400001 1.452 40
-1.4960001 0.39899999 1.589 34
-1.498 0.39399999 1.748 34
-1.5140001 0.39399999 1.9349999 37
-1.5089999 0.37099999 1.46 46
-1.5089999 0.36700001 1.595 35
-1.512 0.36300001 1.757 38
-1.526 0.36399999 1.943 34
-1.524 0.33700001 1.466 43
-1.522 0.33399999 1.601 38
-1.528 0.333 1.768 33
-1.5420001 0.33399999 1.957 33
-1.546 0.30500001 1.48 31
-1.544 0.303 1.617 23
-1.538 0.301 1.773 27
-1.552 0.30399999 1.964 27
-1.557 0.26899999 1.484 38
-1.559 0.27000001 1.627 35
-1.561 0.271 1.795 34
-1.568 0.27399999 1.979 28
-1.573 0.234 1.494 34
-1.573 0.236 1.636 34
-1.579 0.23899999 1.8099999 37
-1.577 0.242 1.987 26
-1.589 0.199 1.505 33
-1.587 0.20200001 1.646 37
-1.591 0.206 1.819 37
-1.596 0.212 2.006 29
-1.609 0.164 1.521 37
-1.6 0.167 1.656 35
-1.608 0.17299999 1.836 34
-1.615 0.18099999 2.026 34
-1.623 0.127 1.5319999 34
-1.6210001 0.133 1.675 32
-1.623 0.14 1.85 34
-1.635 0.149 2.049 53
-1.641 0.090000004 1.546 31
-1.645 0.097000003 1.698 36
-1.637 0.106 1.864 33
-1.679 0.119 2.1029999 132
-1.659 0.052999999 1.563 31
-1.6619999 0.061000001 1.714 32
-1.651 0.071000002 1.88 30
-1.7 0.085000001 2.1270001 150
-1.676 0.014 1.579 31
-1.679 0.024 1.732 33
-1.671 0.035999998 1.902 27
-1.735 0.050999999 2.1719999 150
-1.692 -0.024 1.595 32
-1.694 -0.012 1.749 32
-1.688 0 1.921 30
-1.783 0.016000001 2.2320001 150
-1.707 -0.064000003 1.612 32
-1.711 -0.050999999 1.768 33
-1.701 -0.035 1.938 28
-1.8200001 -0.018999999 2.28 88
-1.739 -0.105 1.645 35
-1.733 -0.090000004 1.794 34
-1.721 -0.071999997 1.9630001 26
-1.829 -0.057 2.293 70
-1.763 -0.148 1.673 23
-1.753 -0.131 1.818 26
-1.738 -0.11 1.9859999 24
-1.83 -0.094999999 2.2969999 65
-1.793 -0.192 1.707 31
-1.96 -0.19 2.0380001 24
-1.786 -0.152 2.0450001 25
-1.8279999 -0.132 2.2969999 65
-1.834 -0.23999999 1.752 14
-1.937 -0.23199999 2.02 29
-1.802 -0.192 2.0680001 24
-1.824 -0.17 2.2969999 66
-2.128 -0.32800001 2.0420001 27
-1.948 -0.27700001 2.04 22
-1.837 -0.236 2.115 99
-1.8200001 -0.207 2.2969999 69
-2.118 -0.37799999 2.0420001 27
-1.944 -0.32100001 2.043 24
-1.8890001 -0.28400001 2.181 150
-1.816 -0.244 2.2969999 66
-2.1059999 -0.426 2.0420001 27
-1.938 -0.36500001 2.0469999 24
-1.96 -0.33700001 2.2720001 142
-1.811 -0.28099999 2.2969999 68
-2.1010001 -0.47499999 2.05 26
-1.927 -0.40700001 2.046 25
-1.976 -0.384 2.3010001 72
-1.806 -0.31900001 2.299 71
-2.0840001 -0.52200001 2.0469999 27
-1.9170001 -0.44999999 2.0480001 23
-1.972 -0.428 2.3069999 78
-1.801 -0.35600001 2.3 74
-2.0680001 -0.56900001 2.046 27
-1.952 -0.505 2.098 55
-1.961 -0.46900001 2.306 74
-1.794 -0.39300001 2.3 68
-2.0539999 -0.61699998 2.049 27
-2.053 -0.57999998 2.2219999 150
-1.95 -0.51099998 2.3050001 73
-1.7869999 -0.43099999 2.302 70
-2.0369999 -0.66299999 2.05 27
-2.1099999 -0.64700001 2.3 66
-1.938 -0.55299997 2.3050001 71
-1.779 -0.46799999 2.302 69
-2.0309999 -0.713 2.063 27
-2.0969999 -0.69499999 2.3039999 68
-1.9299999 -0.59500003 2.3110001 68
-1.766 -0.50400001 2.2969999 63
-2.174 -0.81999999 2.23 150
-2.082 -0.741 2.3069999 67
-1.918 -0.63700002 2.312 72
-1.762 -0.542 2.3039999 61
-2.22 -0.89600003 2.302 69
-2.062 -0.78600001 2.306 69
-1.905 -0.67799997 2.313 74
-1.756 -0.57999998 2.309 71
-2.197 -0.94599998 2.3039999 70
-2.0420001 -0.83099997 2.3050001 65
-1.8839999 -0.71700001 2.306 72
-1.7410001 -0.616 2.3039999 68
-2.171 -0.995 2.3039999 66
-2.023 -0.87599999 2.3069999 62
-1.87 -0.75800002 2.3080001 62
-1.7309999 -0.653 2.306 66
-2.142 -1.0420001 2.303 57
-2.003 -0.921 2.3099999 65
-1.857 -0.79900002 2.313 72
-1.722 -0.69099998 2.3099999 65
-2.1159999 -1.089 2.3039999 57
-1.978 -0.963 2.3069999 60
-1.84 -0.83899999 2.313 71
-1.707 -0.72600001 2.3080001 66
-2.0910001 -1.138 2.3099999 49
-1.961 -1.0089999 2.3139999 65
-1.822 -0.87900001 2.313 70
-1.697 -0.764 2.3110001 67
-2.0599999 -1.182 2.309 42
-1.9349999 -1.051 2.313 60
-1.809 -0.921 2.3210001 69
-1.683 -0.80000001 2.312 71
-2.0280001 -1.227 2.3080001 47
-1.91 -1.0930001 2.3139999 60
-1.789 -0.95999998 2.3199999 69
-1.6670001 -0.83499998 2.3099999 68
-1.999 -1.272 2.313 47
-1.885 -1.1339999 2.3150001 60
-1.767 -0.99699998 2.319 66
-1.653 -0.87199998 2.312 66
-1.966 -1.3150001 2.313 49
-1.857 -1.175 2.3139999 59
-1.749 -1.0369999 2.323 68
-1.6390001 -0.90899998 2.316 72
-1.931 -1.3559999 2.313 48
-1.8279999 -1.214 2.313 53
-1.726 -1.075 2.323 68
-1.622 -0.94499999 2.316 73
-1.898 -1.398 2.3150001 43
-1.803 -1.255 2.3180001 54
-1.7029999 -1.112 2.322 68
-1.609 -0.98299998 2.322 73
-1.864 -1.439 2.3180001 42
-1.772 -1.293 2.316 55
-1.681 -1.15 2.325 70
-1.59 -1.018 2.3199999 69
-1.825 -1.477 2.3150001 40
-1.744 -1.3329999 2.3199999 54
-1.658 -1.187 2.326 69
-1.569 -1.052 2.3180001 71
-1.793 -1.5190001 2.323 43
-1.714 -1.3710001 2.322 53
-1.631 -1.222 2.3239999 59
-1.55 -1.087 2.3180001 72
-1.75 -1.552 2.3169999 44
-1.681 -1.4069999 2.322 54
-1.608 -1.26 2.3269999 63
-1.535 -1.126 2.326 70
-1.712 -1.589 2.3199999 44
-1.65 -1.444 2.3239999 52
-1.5829999 -1.296 2.3299999 61
-1.512 -1.159 2.3239999 71
-1.6720001 -1.624 2.3210001 47
-1.618 -1.48 2.326 54
-1.5549999 -1.33 2.329 60
-1.4910001 -1.194 2.325 62
-1.632 -1.6569999 2.3210001 43
-1.582 -1.513 2.325 53
-1.527 -1.365 2.329 59
-1.47 -1.229 2.3269999 66
-1.592 -1.692 2.3239999 51
-1.548 -1.5470001 2.3269999 57
-1.499 -1.399 2.3310001 48
-1.446 -1.263 2.326 54
-1.553 -1.727 2.329 48
-1.513 -1.58 2.3280001 56
-1.467 -1.4299999 2.3280001 57
-1.424 -1.298 2.329 65
-1.513 -1.76 2.3329999 59
-1.474 -1.609 2.3239999 53
-1.439 -1.465 2.3310001 54
-1.4 -1.331 2.329 57
-1.467 -1.786 2.329 54
-1.441 -1.643 2.3299999 54
-1.409 -1.498 2.3329999 55
-1.373 -1.363 2.3269999 54
-1.426 -1.817 2.3340001 48
-1.403 -1.673 2.3299999 60
-1.376 -1.527 2.329 57
-1.347 -1.396 2.3280001 63
-1.378 -1.839 2.329 52
-1.364 -1.702 2.329 58
-1.345 -1.559 2.3310001 56
-1.3200001 -1.428 2.3280001 62
-1.336 -1.868 2.332 47
-1.3279999 -1.733 2.3340001 55
-1.311 -1.589 2.3299999 54
-1.294 -1.462 2.3299999 66
-1.2920001 -1.8940001 2.335 52
-1.288 -1.76 2.3340001 56
-1.281 -1.622 2.336 58
-1.267 -1.495 2.3329999 62
-1.245 -1.916 2.3329999 47
-1.247 -1.785 2.332 58
-1.248 -1.653 2.339 57
-1.237 -1.525 2.3310001 62
-1.2 -1.9400001 2.335 47
-1.209 -1.813 2.336 56
-1.212 -1.681 2.3380001 57
-1.205 -1.554 2.3280001 62
-1.1569999 -1.967 2.3429999 51
-1.166 -1.835 2.3329999 51
-1.176 -1.707 2.336 54
-1.177 -1.587 2.3329999 60
-1.109 -1.984 2.339 40
-1.126 -1.8609999 2.335 57
-1.1390001 -1.734 2.335 56
-1.149 -1.622 2.3399999 62
-1.062 -2.0039999 2.3410001 51
-1.0829999 -1.883 2.335 49
-1.104 -1.762 2.3380001 54
-1.1160001 -1.649 2.336 61
-1.018 -2.027 2.3469999 49
-1.0420001 -1.9069999 2.3369999 56
-1.067 -1.79 2.3410001 58
-1.0829999 -1.678 2.336 58
-0.97000003 -2.0420001 2.346 46
-0.99900001 -1.927 2.3369999 51
-1.031 -1.818 2.345 49
-1.05 -1.7079999 2.3380001 61
-0.92199999 -2.0580001 2.3469999 46
-0.958 -1.952 2.3429999 55
-0.991 -1.839 2.3410001 55
-1.0140001 -1.732 2.3340001 51
-0.87400001 -2.0710001 2.346 52
-0.91399997 -1.969 2.3410001 55
-0.95200002 -1.864 2.3429999 56
-0.98000002 -1.763 2.3380001 55
-0.82700002 -2.086 2.348 51
-0.87099999 -1.99 2.345 55
-0.91299999 -1.8890001 2.346 56
-0.94599998 -1.794 2.3429999 62
-0.77700001 -2.0940001 2.3440001 52
-0.82800001 -2.0109999 2.349 50
-0.87400001 -1.913 2.349 53
-0.91100001 -1.823 2.3469999 66
-0.73100001 -2.112 2.352 45
-0.78299999 -2.0239999 2.346 55
-0.83099997 -1.929 2.342 55
-0.87099999 -1.8430001 2.3399999 59
-0.68300003 -2.119 2.3499999 51
-0.73799998 -2.04 2.3469999 54
-0.79100001 -1.9529999 2.3469999 51
-0.83600003 -1.874 2.3469999 58
-0.63499999 -2.1289999 2.3510001 51
-0.69300002 -2.0550001 2.348 54
-0.75 -1.974 2.348 48
-0.79699999 -1.899 2.348 58
-0.588 -2.1400001 2.355 49
-0.64899999 -2.072 2.352 51
-0.708 -1.9960001 2.3510001 53
-0.75800002 -1.923 2.349 54
-0.54000002 -2.148 2.3570001 48
-0.602 -2.0810001 2.349 53
-0.66600001 -2.0150001 2.3540001 55
-0.71700001 -1.944 2.3469999 53
-0.49200001 -2.1530001 2.3559999 55
-0.55800003 -2.0999999 2.358 54
-0.62199998 -2.0320001 2.3529999 58
-0.67799997 -1.973 2.355 58
-0.44400001 -2.158 2.3570001 50
-0.51099998 -2.105 2.3529999 44
-0.579 -2.052 2.358 51
-0.63700002 -1.997 2.3570001 58
-0.396 -2.1600001 2.3570001 49
-0.46399999 -2.112 2.3499999 50
-0.53500003 -2.0680001 2.359 52
-0.59399998 -2.016 2.3559999 56
-0.34799999 -2.1600001 2.355 50
-0.419 -2.1289999 2.359 57
-0.49000001 -2.082 2.358 46
-0.551 -2.0350001 2.3540001 56
-0.30000001 -2.164 2.358 52
-0.37200001 -2.1300001 2.3529999 53
-0.44400001 -2.0929999 2.355 53
-0.50700003 -2.056 2.3570001 50
-0.25299999 -2.165 2.359 53
-0.32499999 -2.138 2.3540001 55
-0.39899999 -2.1070001 2.3570001 52
-0.463 -2.076 2.359 50
-0.206 -2.1600001 2.355 50
-0.27900001 -2.1429999 2.355 54
-0.35299999 -2.119 2.3559999 52
-0.417 -2.0899999 2.355 52
-0.15899999 -2.164 2.3610001 55
-0.23199999 -2.148 2.355 55
-0.30700001 -2.128 2.355 50
-0.37200001 -2.1070001 2.3559999 56
-0.112 -2.1630001 2.3640001 56
-0.185 -2.1470001 2.3510001 51
-0.25999999 -2.138 2.3559999 52
-0.32600001 -2.1270001 2.3610001 55
-0.066 -2.154 2.358 47
-0.138 -2.158 2.359 61
-0.213 -2.148 2.3559999 54
-0.27900001 -2.1389999 2.358 53
-0.018999999 -2.1489999 2.358 51
-0.090999998 -2.1559999 2.355 58
-0.16599999 -2.1530001 2.3540001 51
-0.23100001 -2.1530001 2.359 59
0.025 -2.145 2.3599999 48
-0.045000002 -2.1530001 2.352 53
-0.118 -2.164 2.358 50
-0.184 -2.168 2.362 59
0.071000002 -2.138 2.3599999 42
0.001 -2.158 2.358 55
-0.071000002 -2.171 2.359 54
-0.13500001 -2.178 2.359 50
0.116 -2.1329999 2.362 39
0.048 -2.158 2.3599999 58
-0.023 -2.1719999 2.355 54
-0.086000003 -2.1949999 2.3670001 56
0.161 -2.125 2.362 52
0.094999999 -2.151 2.355 47
0.025 -2.1819999 2.362 57
-0.035999998 -2.174 2.3340001 106
0.206 -2.115 2.362 48
0.141 -2.152 2.359 43
0.072999999 -2.181 2.358 50
0.012 -2.1199999 2.267 150
0.25 -2.109 2.3659999 49
0.18799999 -2.148 2.3599999 56
0.122 -2.181 2.3559999 49
0.063000001 -2.2019999 2.3469999 75
0.294 -2.095 2.3640001 47
0.234 -2.142 2.359 52
0.171 -2.1849999 2.3599999 44
0.114 -2.2260001 2.3659999 50
0.33700001 -2.082 2.3629999 45
0.28 -2.1329999 2.3570001 49
0.219 -2.1849999 2.3610001 48
0.16500001 -2.2279999 2.3629999 51
0.38100001 -2.073 2.3670001 43
0.32600001 -2.125 2.3559999 48
0.26899999 -2.1830001 2.359 49
0.21699999 -2.2349999 2.3659999 52
0.42300001 -2.0569999 2.3640001 46
0.37200001 -2.118 2.3570001 49
0.31799999 -2.184 2.3640001 50
0.26899999 -2.2390001 2.3670001 49
0.463 -2.0380001 2.3570001 45
0.41800001 -2.109 2.3570001 47
0.36700001 -2.178 2.3610001 48
0.32100001 -2.2349999 2.362 46
0.50599998 -2.0250001 2.3599999 47
0.463 -2.099 2.3570001 46
0.41600001 -2.1700001 2.3570001 45
0.37400001 -2.2409999 2.368 50
0.54799998 -2.013 2.365 51
0.50700003 -2.0840001 2.352 46
0.465 -2.1659999 2.359 49
0.42699999 -2.2409999 2.369 51
0.58700001 -1.992 2.359 51
0.55299997 -2.076 2.3570001 50
0.514 -2.158 2.358 51
0.479 -2.234 2.3640001 49
0.62800002 -1.977 2.362 51
0.59799999 -2.063 2.3559999 49
0.56300002 -2.148 2.3559999 49
0.53299999 -2.2320001 2.365 49
0.66799998 -1.959 2.362 52
0.64099997 -2.046 2.3529999 47
0.61299998 -2.1429999 2.3599999 49
0.58600003 -2.227 2.365 56
0.70599997 -1.939 2.359 55
0.68599999 -2.0350001 2.3559999 52
0.662 -2.132 2.359 52
0.639 -2.221 2.3659999 62
0.74599999 -1.921 2.362 55
0.73000002 -2.02 2.3570001 52
0.70899999 -2.118 2.3559999 51
0.69400001 -2.2160001 2.368 57
0.78299999 -1.9 2.3610001 53
0.77399999 -2.003 2.3570001 52
0.759 -2.1070001 2.358 54
0.69099998 -2.0420001 2.1900001 24
0.82099998 -1.8789999 2.359 58
0.81699997 -1.988 2.359 58
0.74699998 -1.938 2.1830001 24
0.72000003 -1.976 2.1300001 22
0.85900003 -1.8609999 2.3629999 54
0.80400002 -1.842 2.2060001 31
0.77100003 -1.874 2.125 22
0.74900001 -1.915 2.075 23
0.88200003 -1.811 2.3269999 77
0.81900001 -1.77 2.141 22
0.79699999 -1.819 2.079 22
0.77499998 -1.855 2.0220001 23
0.861 -1.678 2.1819999 25
0.84200001 -1.721 2.102 22
0.82200003 -1.768 2.0369999 21
0.80199999 -1.801 1.976 23
0.88099998 -1.633 2.151 23
0.86400002 -1.674 2.0669999 21
0.84200001 -1.71 1.988 20
0.82999998 -1.753 1.937 23
0.90100002 -1.591 2.1229999 23
0.884 -1.625 2.029 21
0.86500001 -1.661 1.949 20
0.85600001 -1.705 1.898 22
0.921 -1.55 2.0969999 23
0.903 -1.5779999 1.994 20
0.88700002 -1.614 1.913 20
0.90200001 -1.696 1.905 5
0.93900001 -1.508 2.0699999 22
0.92400002 -1.536 1.965 21
0.91500002 -1.5779999 1.891 19
0.991 -1.7640001 2 25
0.954 -1.464 2.04 22
0.94400001 -1.4960001 1.939 20
0.977 -1.601 1.941 4
1.025 -1.728 1.979 24
0.97100002 -1.425 2.0150001 21
0.963 -1.455 1.9119999 21
1.04 -1.622 1.989 19
1.05 -1.6799999 1.9450001 23
0.98799998 -1.388 1.994 21
0.98299998 -1.418 1.891 20
1.074 -1.595 1.982 23
1.076 -1.636 1.916 23
1.008 -1.355 1.98 21
1.015 -1.399 1.893 13
1.104 -1.561 1.967 21
1.102 -1.5930001 1.8890001 7
1.022 -1.317 1.956 20
1.082 -1.425 1.959 7
1.124 -1.516 1.938 20
1.4299999 -1.967 2.3640001 44
1.038 -1.2819999 1.938 20
1.122 -1.414 1.975 18
1.1440001 -1.472 1.91 20
1.482 -1.942 2.3670001 49
1.052 -1.2460001 1.919 20
1.156 -1.3940001 1.9809999 22
1.164 -1.431 1.886 82
1.529 -1.91 2.3629999 45
1.068 -1.214 1.904 19
1.1849999 -1.367 1.978 24
1.492 -1.751 2.348 150
1.576 -1.877 2.3599999 43
1.089 -1.188 1.9 19
1.202 -1.3279999 1.957 23
1.5369999 -1.723 2.352 78
1.6289999 -1.85 2.3659999 50
1.108 -1.159 1.892 14
1.224 -1.294 1.9450001 21
1.577 -1.6900001 2.3499999 44
1.675 -1.814 2.3629999 51
1.137 -1.142 1.903 12
1.243 -1.2589999 1.931 21
1.617 -1.6569999 2.349 43
1.723 -1.78 2.3640001 44
1.171 -1.128 1.9220001 9
1.261 -1.223 1.916 22
1.655 -1.62 2.345 41
1.767 -1.743 2.3610001 48
1.217 -1.126 1.96 10
1.277 -1.186 1.9 27
1.697 -1.5880001 2.349 43
1.814 -1.7079999 2.3629999 46
1.247 -1.107 1.974 13
1.296 -1.153 1.89 126
1.7359999 -1.552 2.3499999 38
1.855 -1.666 2.358 44
1.276 -1.087 1.985 17
1.318 -1.122 1.885 14
1.771 -1.512 2.345 53
1.898 -1.625 2.3570001 37
1.294 -1.057 1.979 20
1.6619999 -1.354 2.332 150
1.809 -1.476 2.346 52
1.9400001 -1.584 2.355 43
1.312 -1.028 1.976 21
1.699 -1.324 2.3410001 150
1.844 -1.436 2.3440001 51
1.982 -1.5420001 2.355 50
1.3329999 -1.001 1.976 22
1.728 -1.2869999 2.3399999 150
1.878 -1.395 2.342 50
2.0250001 -1.5 2.3570001 47
1.353 -0.97299999 1.975 21
1.756 -1.25 2.339 150
1.911 -1.353 2.3410001 51
2.062 -1.454 2.3529999 49
1.368 -0.94199997 1.97 24
1.791 -1.217 2.3469999 82
1.95 -1.316 2.3469999 53
2.1010001 -1.409 2.3540001 56
1.385 -0.912 1.967 23
1.817 -1.179 2.346 77
1.975 -1.268 2.3369999 53
2.1400001 -1.363 2.3540001 60
1.399 -0.88099998 1.961 24
1.845 -1.14 2.3469999 63
2.0120001 -1.228 2.3440001 55
2.1760001 -1.3150001 2.3529999 60
1.415 -0.85100001 1.9579999 24
1.869 -1.099 2.3440001 59
2.0409999 -1.183 2.3410001 56
2.2090001 -1.265 2.3510001 59
1.434 -0.82300001 1.96 25
1.8940001 -1.0599999 2.345 62
2.072 -1.1390001 2.3410001 63
2.243 -1.216 2.3499999 68
1.446 -0.79100001 1.954 26
1.9170001 -1.0190001 2.342 59
2.0999999 -1.0930001 2.3410001 63
2.2739999 -1.164 2.3469999 68
1.4579999 -0.759 1.947 28
1.937 -0.97600001 2.3369999 51
2.125 -1.046 2.3380001 51
2.309 -1.114 2.3510001 37
1.475 -0.72899997 1.949 22
1.96 -0.935 2.3380001 55
2.1570001 -1.001 2.3429999 34
2.3440001 -1.063 2.3540001 39
1.488 -0.69800001 1.947 26
1.978 -0.89099997 2.3329999 55
2.1819999 -0.95200002 2.342 34
2.369 -1.0089999 2.3499999 37
1.503 -0.66799998 1.946 27
2.0009999 -0.85000002 2.336 60
2.2049999 -0.903 2.3399999 35
2.3940001 -0.95300001 2.3469999 37
1.521 -0.639 1.951 24
2.0220001 -0.80699998 2.336 57
2.227 -0.85399997 2.3380001 35
2.4230001 -0.89899999 2.349 38
1.535 -0.60799998 1.951 25
2.04 -0.76300001 2.335 58
2.25 -0.80500001 2.339 34
2.448 -0.84299999 2.348 38
1.5470001 -0.57499999 1.949 25
2.0580001 -0.71899998 2.3329999 60
2.266 -0.75300002 2.3329999 33
2.4660001 -0.78500003 2.342 37
1.561 -0.54400003 1.95 26
2.0739999 -0.67500001 2.332 59
2.2850001 -0.70200002 2.332 33
2.494 -0.73000002 2.348 39
1.573 -0.51200002 1.949 24
2.0899999 -0.63 2.3310001 58
2.3069999 -0.65200001 2.335 33
2.5109999 -0.671 2.3440001 38
1.584 -0.47999999 1.948 25
2.1070001 -0.58499998 2.3310001 65
2.326 -0.60000002 2.336 36
2.513 -0.60799998 2.3269999 59
1.6 -0.449 1.954 24
2.1210001 -0.54000002 2.3299999 65
2.336 -0.546 2.3299999 35
2.5320001 -0.55000001 2.329 84
1.61 -0.41600001 1.9529999 23
2.131 -0.493 2.326 78
2.346 -0.49200001 2.3239999 62
2.5469999 -0.491 2.3269999 82
1.623 -0.38299999 1.956 23
2.145 -0.447 2.3269999 89
2.3570001 -0.43900001 2.3210001 69
2.559 -0.43099999 2.325 84
1.638 -0.35100001 1.962 22
2.1559999 -0.40099999 2.325 150
2.3729999 -0.38600001 2.3239999 72
2.569 -0.37099999 2.3210001 81
1.645 -0.317 1.959 21
2.158 -0.352 2.3150001 150
2.382 -0.33199999 2.322 72
2.5810001 -0.31099999 2.3210001 81
1.655 -0.28299999 1.961 21
2.1689999 -0.30599999 2.316 150
2.3889999 -0.278 2.3180001 74
2.5840001 -0.25 2.3150001 65
1.659 -0.248 1.956 20
2.165 -0.257 2.302 150
2.3940001 -0.22400001 2.3139999 66
2.596 -0.19 2.3180001 82
1.66 -0.213 1.948 17
1.757 -0.17 1.86 13
2.4059999 -0.17 2.3180001 70
2.5969999 -0.12899999 2.313 71
1.651 -0.177 1.929 14
1.77 -0.132 1.869 16
2.4089999 -0.115 2.3139999 71
2.605 -0.068000004 2.3150001 82
1.638 -0.141 1.9069999 12
1.7819999 -0.093999997 1.876 93
2.411 -0.059999999 2.3110001 59
2.602 -0.0060000001 2.3080001 70
1.62 -0.105 1.8789999 13
1.789 -0.055 1.878 28
2.411 -0.0049999999 2.3080001 64
2.6070001 0.052999999 2.3110001 75
1.607 -0.071000002 1.859 17
1.808 -0.016000001 1.895 23
2.4130001 0.048999999 2.3080001 64
2.6010001 0.114 2.3050001 76
1.63 -0.037 1.88 20
1.8279999 0.023 1.913 25
2.4070001 0.104 2.3010001 64
2.5999999 0.175 2.3039999 74
1.63 -0.003 1.875 20
1.837 0.064000003 1.92 27
2.4100001 0.15899999 2.303 85
2.598 0.237 2.3050001 70
1.643 0.030999999 1.887 20
1.854 0.105 1.937 26
2.404 0.213 2.299 150
2.582 0.296 2.2939999 37
1.659 0.066 1.902 20
1.858 0.146 1.9400001 23
1.923 0.215 1.841 10
0 0 0 0
1.675 0.102 1.918 20
1.852 0.18700001 1.9349999 18
1.937 0.26100001 1.857 50
0.48899999 0.079000004 0.43700001 7
1.693 0.14 1.937 21
1.824 0.22499999 1.9069999 12
1.961 0.31 1.885 20
2.5639999 0.47799999 2.2980001 0
1.712 0.178 1.9579999 21
1.776 0.25799999 1.859 18
0.463 0.083999999 0.44600001 3
0 0 0 0
1.727 0.21699999 1.974 21
1.8380001 0.30899999 1.927 24
0.456 0.093000002 0.44100001 5
0 0 0 0
1.74 0.25600001 1.99 21
0 0 0 0
0.44800001 0.102 0.435 5
0 0 0 0
1.689 0.28600001 1.933 9
0 0 0 0
0.43000001 0.108 0.419 1
0.47999999 0.13699999 0.43900001 3
1.666 0.31799999 1.909 3
0.41600001 0.097999997 0.44 3
0 0 0 0
0.477 0.148 0.43900001 6
0 0 0 0
0.41299999 0.107 0.43900001 5
0 0 0 0
0.47400001 0.15899999 0.43900001 6
0 0 0 0
0.41100001 0.116 0.43799999 4
0 0 0 0
0.47 0.17 0.43900001 7
0 0 0 0
0 0 0 0
0.44 0.155 0.43900001 3
0.46700001 0.18099999 0.44 6
0 0 0 0
0 0 0 0
0 0 0 0
0.45699999 0.19 0.435 7
0 0 0 3
0 0 0 0
0.43599999 0.176 0.442 7
0.456 0.20200001 0.43799999 5
0 0 0 5
0 0 0 0
0 0 0 0
0.447 0.20999999 0.43399999 7
0 0 0 6
0 0 0 0
0.42500001 0.19400001 0.43900001 7
0.44299999 0.221 0.435 5
0 0 0 0
0.39500001 0.171 0.43700001 4
0 0 0 0
0.43799999 0.23199999 0.43599999 8
0 0 0 0
0 0 0 0
0.41499999 0.213 0.43700001 7
0.43399999 0.243 0.43700001 6
0 0 0 0
0.38999999 0.19 0.43900001 7
0 0 0 0
0.41299999 0.244 0.421 3
0 0 0 0
0 0 0 0
0.40599999 0.23199999 0.43799999 7
0 0 0 0
0 0 0 0
0.382 0.208 0.43799999 7
0 0 0 0
0 0 0 0
0 0 0 2
0 0 0 0
0 0 0 0
0.96200001 0.662 1.027 1
0 0 0 6
0.36500001 0.22 0.428 0
0 0 0 0
0 0 0 0
0 0 0 8
0 0 0 0
0 0 0 0
0.39199999 0.29699999 0.433 5
0 0 0 0
0 0 0 0
0 0 0 0
0 0 0 0
0 0 0 0
0.95499998 0.667 1.1619999 1
0.37099999 0.285 0.43700001 6
0.37599999 0.31299999 0.43200001 5
1.799 1.179 2.286 0
0 0 0 0
0 0 0 0
0.36700001 0.31999999 0.43000001 3
0 0 0 0
0.34799999 0.266 0.435 7
0.35699999 0.301 0.435 0
0 0 0 0
0 0 0 0
0 0 0 0
0.32499999 0.287 0.40400001 2
0 0 0 0
0 0 0 0
0 0 0 0
0 0 0 0
0.34400001 0.345 0.43200001 3
0 0 0 0
0.82700002 0.727 1.087 1
0 0 0 0
0.33899999 0.35600001 0.43599999 3
0.83499998 0.69099998 1.132 1
0 0 0 0
0.32600001 0.33000001 0.43200001 4
0.685 0.75199997 0.90200001 2
0 0 0 0
0.31400001 0.301 0.428 5
0 0 0 0
0.66299999 0.76200002 0.89700001 13
0 0 0 0
0 0 0 0
0.68000001 0.75300002 0.94400001 2
0.63700002 0.76700002 0.88599998 2
0.31400001 0.29699999 0.44600001 3
0.70700002 0.74199998 1.005 9
0.65700001 0.76099998 0.935 2
0.61799997 0.77899998 0.88499999 2
0.73799998 0.73000002 1.069 0
0.68599999 0.75400001 0.99699998 1
0.63800001 0.77399999 0.93199998 1
0.60000002 0.792 0.88499999 2
0.71499997 0.74000001 1.0549999 8
0.66399997 0.764 0.98900002 11
0.61400002 0.77999997 0.92299998 2
0.56999999 0.78899997 0.86799997 2
0.69300002 0.75 1.043 1
0.64099997 0.77200001 0.97799999 1
0.59399998 0.79100001 0.92000002 1
0.546 0.79299998 0.86000001 2
0.67199999 0.75999999 1.0319999 9
0.62 0.78100002 0.97000003 8
0.56699997 0.79100001 0.90399998 2
0.54400003 0.83099997 0.889 1
0.648 0.76800001 1.018 1
0.597 0.787 0.95899999 1
0.54500002 0.79799998 0.898 1
0.53899997 0.86400002 0.912 11
0.62599999 0.77600002 1.007 7
0.574 0.79299998 0.949 8
0.542 0.833 0.92400002 1
0.51800001 0.875 0.912 2
0.60600001 0.787 0.99900001 1
0.55000001 0.79699999 0.93699998 1
0.54000002 0.87199998 0.95300001 1
0.498 0.88499999 0.912 11
0.58600003 0.79799998 0.99199998 13
0.54100001 0.824 0.95200002 9
0.51599997 0.87699997 0.94700003 10
0.47499999 0.88999999 0.90799999 2
0.55299997 0.79100001 0.963 1
0.54699999 0.87599999 0.995 1
0.49599999 0.88800001 0.94599998 1
0.45699999 0.90499997 0.91399997 11
0.53500003 0.80400002 0.96100003 6
0.52100003 0.87699997 0.98199999 11
0.47299999 0.89399999 0.94 12
0.433 0.90899998 0.90899998 2
0.55000001 0.86799997 1.0190001 1
0.50300002 0.89099997 0.98299998 1
0.454 0.90600002 0.94199997 1
0.414 0.921 0.91299999 10
0.52899998 0.87699997 1.011 7
0.47999999 0.89600003 0.97500002 10
0.43200001 0.91299999 0.93900001 2
0.39300001 0.93000001 0.91399997 2
0.50800002 0.88800001 1.006 1
0.45899999 0.90600002 0.972 1
0.41 0.91900003 0.93599999 1
0.373 0.94 0.917 10
0.48500001 0.89600003 0.99800003 9
0.43700001 0.91399997 0.96799999 10
0.38999999 0.92900002 0.93699998 2
0.35299999 0.95099998 0.92199999 2
0.46599999 0.90899998 0.99800003 1
0.41800001 0.926 0.96899998 1
0.37099999 0.94199997 0.94099998 1
0.333 0.96399999 0.92900002 15
0.442 0.912 0.986 13
0.39399999 0.92799997 0.95899999 9
0.34900001 0.94800001 0.94 2
0.31200001 0.972 0.93199998 3
0.42199999 0.92500001 0.98500001 2
0.37400001 0.93900001 0.95999998 1
0.329 0.95899999 0.94400001 1
0.29100001 0.98000002 0.935 17
0.40200001 0.93800002 0.986 11
0.354 0.95099998 0.963 10
0.308 0.96600002 0.94400001 12
0.26800001 0.98299998 0.93300003 2
0.38 0.94400001 0.97899997 1
0.333 0.95899999 0.96100003 1
0.28799999 0.97899997 0.94999999 1
0.249 0.99900001 0.94499999 13
0.35699999 0.95099998 0.97399998 10
0.31200001 0.97100002 0.96399999 10
0.266 0.98500001 0.94999999 9
0.226 1.001 0.94400001 2
0.336 0.95999998 0.97100002 1
0.28999999 0.977 0.96200001 1
0.245 0.995 0.95499998 1
0.206 1.016 0.95499998 11
0.31299999 0.96700001 0.96600002 10
0.26899999 0.98699999 0.96399999 10
0.223 1.001 0.95599997 10
0.185 1.026 0.96200001 2
0.29300001 0.98000002 0.96899998 1
0.248 1 0.96899998 1
0.20299999 1.017 0.96600002 1
0.163 1.038 0.972 9
0.27200001 0.99299997 0.972 10
0.226 1.006 0.96799999 9
0.182 1.03 0.97500002 11
0.141 1.048 0.98000002 3
0.249 1.002 0.97100002 1
0.205 1.0190001 0.97500002 1
0.16 1.04 0.98199999 2
0.119 1.058 0.98900002 9
0.227 1.01 0.97100002 9
0.182 1.028 0.97799999 11
0.13699999 1.045 0.98400003 11
0.096000001 1.0650001 0.995 2
0.204 1.02 0.972 1
0.161 1.046 0.99000001 1
0.115 1.056 0.99199998 1
0.074000001 1.075 1.005 40
0.182 1.031 0.97500002 11
0.13699999 1.0420001 0.98100001 10
0.092 1.066 1 13
0.050000001 1.081 1.012 11
0.16 1.049 0.98400003 2
0.114 1.057 0.991 1
0.068999998 1.079 1.01 8
0.027000001 1.096 1.027 9
0.13600001 1.0549999 0.98299998 14
0.090999998 1.067 0.99599999 9
0.045000002 1.077 1.008 11
0.003 1.1059999 1.039 11
0.111 1.058 0.98000002 2
0.068000004 1.079 1.0039999 4
0.022 1.097 1.026 7
-0.02 1.117 1.051 8
0.086999997 1.067 0.98299998 8
0.043000001 1.084 1.006 36
-0.0020000001 1.105 1.034 8
-0.045000002 1.132 1.068 9
0.063000001 1.081 0.991 1
0.018999999 1.098 1.018 5
-0.026000001 1.1160001 1.045 8
-0.07 1.138 1.0779999 8
0.037999999 1.091 0.995 11
-0.0049999999 1.114 1.03 12
-0.052000001 1.1289999 1.059 7
-0.096000001 1.154 1.097 8
0.013 1.101 1.001 3
-0.030999999 1.1210001 1.036 9
-0.078000002 1.1440001 1.075 9
-0.122 1.164 1.1109999 8
-0.012 1.1160001 1.011 8
-0.056000002 1.132 1.046 8
-0.104 1.151 1.084 7
-0.149 1.179 1.131 9
-0.039000001 1.128 1.0190001 11
-0.082999997 1.1440001 1.057 7
-0.13 1.16 1.096 7
-0.177 1.189 1.147 8
-0.066 1.138 1.026 10
-0.111 1.16 1.072 9
-0.15899999 1.179 1.117 9
-0.205 1.2029999 1.1670001 9
-0.093000002 1.151 1.036 8
-0.138 1.1670001 1.08 7
-0.18700001 1.189 1.131 8
-0.234 1.214 1.1849999 9
-0.122 1.165 1.048 8
-0.16599999 1.177 1.091 7
-0.21600001 1.198 1.145 7
-0.26499999 1.233 1.211 9
-0.15099999 1.178 1.059 8
-0.198 1.202 1.1160001 9
-0.248 1.222 1.1720001 9
-0.29499999 1.24 1.227 9
-0.18099999 1.189 1.069 8
-0.228 1.214 1.13 8
-0.27900001 1.235 1.192 8
-0.32699999 1.257 1.253 9
-0.212 1.199 1.079 8
-0.259 1.224 1.1440001 8
-0.31 1.248 1.211 9
-0.36000001 1.271 1.278 9
-0.243 1.212 1.092 8
-0.29300001 1.242 1.165 8
-0.34400001 1.263 1.233 9
-0.38999999 1.273 1.29 9
-0.27900001 1.237 1.118 9
-0.32600001 1.257 1.184 8
-0.377 1.274 1.253 9
-0.44299999 1.344 1.375 10
-0.31299999 1.253 1.135 9
-0.36199999 1.274 1.206 9
-0.41 1.281 1.2690001 8
-0.48899999 1.382 1.427 8
-0.34999999 1.272 1.156 9
-0.39300001 1.273 1.212 8
-0.47299999 1.375 1.373 10
-0.52700001 1.396 1.456 9
-0.38299999 1.272 1.161 9
-0.45699999 1.368 1.311 10
-0.51499999 1.395 1.405 11
-0.56900001 1.416 1.493 9
-0.43200001 1.322 1.212 10
-0.49599999 1.38 1.332 9
-0.55599999 1.41 1.433 8
-0.61400002 1.438 1.533 9
-0.48699999 1.3789999 1.271 8
-0.54000002 1.403 1.363 11
-0.59500003 1.418 1.455 9
-0.65600002 1.451 1.5650001 8
-0.53100002 1.397 1.296 11
-0.58499998 1.4220001 1.3940001 11
-0.64200002 1.442 1.494 13
-0.70300001 1.472 1.6059999 8
-0.57700002 1.419 1.325 8
-0.63 1.437 1.421 9
-0.69599998 1.474 1.544 9
-0.75800002 1.505 1.663 8
-0.62800002 1.446 1.36 9
-0.67799997 1.457 1.454 8
-0.74599999 1.4960001 1.585 7
-0.81300002 1.531 1.714 8
-0.67799997 1.464 1.388 10
-0.73100001 1.482 1.493 9
-0.801 1.522 1.631 6
-0.87 1.559 1.77 8
-0.72899997 1.482 1.4170001 8
-0.78600001 1.506 1.534 7
-0.86199999 1.554 1.687 8
-0.92799997 1.584 1.823 8
-0.78799999 1.511 1.459 7
-0.84600002 1.535 1.581 6
-0.921 1.58 1.737 6
-0.99299997 1.6160001 1.888 22
-0.852 1.544 1.507 7
-0.91299999 1.571 1.638 6
-0.98500001 1.607 1.791 7
-0.80699998 1.255 1.488 28
-0.921 1.58 1.559 6
-0.98400003 1.608 1.698 6
-0.80599999 1.253 1.4170001 30
-0.82200003 1.221 1.471 27
-0.98699999 1.604 1.603 6
-0.80400002 1.25 1.337 30
-0.82300001 1.22 1.4 29
-0.83700001 1.188 1.456 26
-0.80900002 1.248 1.263 30
-0.82200003 1.216 1.3200001 28
-0.83399999 1.181 1.377 30
-0.852 1.158 1.442 28
-0.824 1.207 1.238 31
-0.83600003 1.178 1.298 32
-0.852 1.152 1.365 30
-0.866 1.127 1.429 29
-0.84200001 1.174 1.222 31
-0.85000002 1.142 1.278 29
-0.866 1.12 1.35 32
-0.87699997 1.0930001 1.4119999 33
-0.85699999 1.136 1.201 33
-0.86699998 1.1109999 1.2640001 32
-0.87699997 1.084 1.331 28
-0.89300001 1.067 1.405 31
-0.87300003 1.103 1.1849999 33
-0.884 1.081 1.252 33
-0.89300001 1.056 1.321 30
-0.90700001 1.04 1.396 31
-0.889 1.0700001 1.17 33
-0.89700001 1.049 1.237 34
-0.90700001 1.027 1.309 35
-0.917 1.008 1.381 29
-0.90499997 1.039 1.1569999 32
-0.912 1.018 1.223 32
-0.917 0.99400002 1.293 30
-0.93099999 0.98100001 1.373 30
-0.92000002 1.007 1.143 32
-0.92400002 0.986 1.209 30
-0.93199998 0.96700001 1.285 31
-0.93800002 0.94999999 1.358 60
-0.93199998 0.97299999 1.127 32
-0.93000001 0.94800001 1.187 52
-0.94300002 0.93599999 1.272 55
-0.95300001 0.92500001 1.352 42
-0.93800002 0.93400002 1.1059999 54
-0.94800001 0.92299998 1.182 39
-0.95599997 0.91000003 1.2640001 27
-0.96499997 0.89899999 1.346 42
-0.95499998 0.90700001 1.098 45
-0.963 0.89600003 1.175 39
-0.96899998 0.88300002 1.257 39
-0.97500002 0.87099999 1.337 39
-0.97399998 0.88200003 1.094 38
-0.97600001 0.86799997 1.166 38
-0.98199999 0.85699999 1.25 30
-0.98699999 0.84600002 1.331 44
-0.98500001 0.85000002 1.082 39
-0.98299998 0.83499998 1.151 37
-0.99299997 0.829 1.2410001 38
-0.99800003 0.81999999 1.324 42
-1 0.82300001 1.075 35
-0.99199998 0.80500001 1.14 33
-1.003 0.801 1.232 41
-1.0089999 0.79500002 1.319 45
-1.015 0.796 1.069 32
-0.99900001 0.773 1.126 39
-1.01 0.77200001 1.221 44
-1.02 0.77100003 1.3150001 37
-1.024 0.76499999 1.058 30
-1.027 0.759 1.1390001 32
-1.028 0.75099999 1.223 32
-1.0319999 0.74699998 1.312 31
-1.038 0.73699999 1.053 33
-1.0369999 0.73000002 1.13 33
-1.043 0.72799999 1.223 32
-1.05 0.727 1.317 20
-1.175 0.79400003 1.1720001 6
-1.161 0.77899998 1.245 8
-1.113 0.741 1.286 27
-1.114 0.73799998 1.38 30
-1.1440001 0.73400003 1.123 32
-1.163 0.74199998 1.228 49
-1.122 0.713 1.28 29
-1.132 0.71700001 1.385 33
-1.298 0.79100001 1.2539999 41
-1.288 0.78200001 1.341 49
-1.313 0.79500002 1.477 40
-1.3150001 0.796 1.591 35
-1.323 0.764 1.2589999 36
-1.326 0.76499999 1.362 37
-1.326 0.764 1.474 40
-1.33 0.76800001 1.592 35
-1.341 0.73199999 1.258 35
-1.3380001 0.73199999 1.357 35
-1.3380001 0.73299998 1.471 35
-1.342 0.73799998 1.589 39
-1.35 0.69700003 1.251 36
-1.351 0.699 1.353 35
-1.353 0.704 1.47 37
-1.354 0.70899999 1.587 35
-1.367 0.66500002 1.25 35
-1.369 0.67000002 1.355 37
-1.367 0.67400002 1.47 38
-1.367 0.68099999 1.5880001 36
-1.385 0.634 1.251 39
-1.381 0.63800001 1.353 35
-1.383 0.64499998 1.472 40
-1.383 0.653 1.592 39
-1.397 0.60100001 1.249 36
-1.3940001 0.60600001 1.352 38
-1.3940001 0.61400002 1.47 35
-1.395 0.625 1.592 38
-1.411 0.56699997 1.249 37
-1.41 0.57499999 1.353 37
-1.4069999 0.58399999 1.471 36
-1.408 0.59600002 1.594 39
-1.425 0.53399998 1.248 36
-1.423 0.54299998 1.353 38
-1.42 0.55400002 1.472 37
-1.4220001 0.56800002 1.597 38
-1.4450001 0.50400001 1.255 36
-1.436 0.51099998 1.355 37
-1.434 0.52399999 1.475 37
-1.433 0.53899997 1.598 35
-1.457 0.47 1.255 36
-1.454 0.48100001 1.3609999 37
-1.451 0.495 1.482 36
-1.4450001 0.509 1.6 36
-1.4680001 0.43599999 1.255 37
-1.4680001 0.449 1.364 33
-1.4630001 0.46399999 1.483 38
-1.46 0.48100001 1.6059999 35
-1.487 0.40400001 1.263 38
-1.479 0.417 1.365 37
-1.475 0.433 1.4859999 40
-1.475 0.45300001 1.613 39
-1.499 0.36899999 1.265 41
-1.494 0.38499999 1.3710001 35
-1.492 0.40400001 1.495 40
-1.487 0.42300001 1.617 37
-1.512 0.33500001 1.2690001 44
-1.513 0.35299999 1.38 35
-1.51 0.37400001 1.505 41
-1.506 0.396 1.63 40
-1.538 0.303 1.284 38
-1.529 0.32100001 1.388 35
-1.518 0.34099999 1.505 41
-1.518 0.36500001 1.635 38
-1.553 0.26899999 1.291 39
-1.545 0.28799999 1.396 29
-1.534 0.31 1.515 38
-1.526 0.33399999 1.636 35
-1.569 0.234 1.299 35
-1.559 0.255 1.404 35
-1.551 0.27900001 1.524 34
-1.543 0.30500001 1.647 31
-1.585 0.199 1.309 37
-1.576 0.221 1.414 39
-1.562 0.24699999 1.53 35
-1.551 0.27399999 1.65 35
-1.598 0.162 1.317 37
-1.587 0.186 1.421 39
-1.5779999 0.214 1.541 34
-1.571 0.244 1.665 34
-1.619 0.126 1.332 38
-1.604 0.152 1.433 35
-1.5930001 0.182 1.552 36
-1.585 0.213 1.675 33
-1.635 0.090000004 1.3430001 35
-1.623 0.117 1.447 36
-1.61 0.149 1.5650001 31
-1.601 0.18099999 1.688 32
-1.651 0.052000001 1.355 37
-1.642 0.081 1.461 34
-1.63 0.115 1.581 30
-1.6109999 0.149 1.6950001 30
-1.673 0.014 1.373 35
-1.658 0.045000002 1.475 32
-1.637 0.079999998 1.586 30
-1.633 0.117 1.714 38
-1.688 -0.024 1.386 33
-1.671 0.0080000004 1.4859999 36
-1.658 0.045000002 1.605 30
-1.652 0.083999999 1.7309999 33
-1.704 -0.064000003 1.401 34
-1.693 -0.028999999 1.506 34
-1.6720001 0.0099999998 1.618 26
-1.669 0.050000001 1.748 28
-1.721 -0.105 1.418 33
-1.707 -0.068000004 1.52 31
-1.6900001 -0.026000001 1.635 30
-1.681 0.016000001 1.7589999 31
-1.748 -0.147 1.443 31
-1.726 -0.107 1.539 31
-1.706 -0.063000001 1.651 26
-1.694 -0.017999999 1.771 29
-1.766 -0.19 1.462 32
-1.747 -0.148 1.561 25
-1.734 -0.101 1.6799999 35
-1.712 -0.054000001 1.79 29
-1.7920001 -0.235 1.489 36
-1.779 -0.191 1.5930001 39
-1.747 -0.14 1.694 24
-1.729 -0.090999998 1.808 29
-1.818 -0.28099999 1.517 36
-1.7970001 -0.234 1.614 36
-1.806 -0.184 1.7539999 21
-1.743 -0.12800001 1.824 24
-1.841 -0.329 1.544 31
-1.819 -0.278 1.6390001 33
-1.8559999 -0.23 1.807 10
-1.943 -0.183 2.0350001 26
-1.867 -0.37799999 1.573 33
-1.84 -0.324 1.665 32
-2.0929999 -0.30500001 2.0439999 24
-1.947 -0.22400001 2.0420001 25
-1.8940001 -0.42899999 1.6059999 30
-1.874 -0.373 1.704 61
-2.092 -0.35100001 2.049 24
-1.948 -0.266 2.0469999 24
-1.916 -0.48100001 1.635 31
-2.223 -0.49399999 2.0309999 67
-2.085 -0.39700001 2.049 23
-1.943 -0.30700001 2.046 24
-1.943 -0.53500003 1.67 30
-2.233 -0.54900002 2.0510001 26
-2.073 -0.44100001 2.0450001 23
-1.942 -0.34799999 2.049 24
-1.984 -0.59600002 1.7180001 37
-2.2190001 -0.59899998 2.052 26
-2.069 -0.48699999 2.05 23
-1.9400001 -0.38999999 2.053 24
-2.342 -0.76300001 2.046 29
-2.2049999 -0.648 2.0510001 26
-2.0639999 -0.53299999 2.0550001 24
-1.933 -0.43099999 2.052 24
-2.3280001 -0.81699997 2.052 28
-2.191 -0.69700003 2.053 24
-2.05 -0.57700002 2.053 24
-1.934 -0.47400001 2.0599999 24
-2.306 -0.86900002 2.0510001 27
-2.164 -0.74199998 2.043 18
-2.0439999 -0.62400001 2.059 24
-1.9400001 -0.51999998 2.0769999 25
-2.2809999 -0.92000002 2.05 28
-2.1570001 -0.79400003 2.0550001 25
-2.03 -0.66799998 2.0580001 24
-2.0109999 -0.58499998 2.1619999 150
-2.2609999 -0.97299999 2.0539999 28
-2.1389999 -0.84200001 2.0550001 26
-2.033 -0.71799999 2.075 24
-2.1289999 -0.66799998 2.3 68
-2.2090001 -1.011 2.03 22
-2.1229999 -0.88999999 2.059 25
-2.1040001 -0.79500002 2.1630001 150
-2.122 -0.71499997 2.3039999 63
-2.1689999 -1.052 2.017 29
-2.1229999 -0.94700003 2.0799999 26
-2.234 -0.89999998 2.3150001 72
-2.108 -0.76099998 2.303 66
-2.1459999 -1.102 2.0220001 31
-2.3299999 -1.102 2.3069999 67
-2.2130001 -0.94800001 2.312 67
-2.1010001 -0.80900002 2.309 63
-2.1229999 -1.152 2.027 31
-2.309 -1.155 2.312 58
-2.194 -0.99699998 2.313 63
-2.0840001 -0.85399997 2.306 63
-2.098 -1.201 2.0320001 30
-2.2850001 -1.207 2.3150001 64
-2.177 -1.046 2.316 61
-2.0680001 -0.89899999 2.3050001 66
-2.0880001 -1.2589999 2.053 30
-2.2609999 -1.26 2.319 60
-2.155 -1.094 2.316 56
-2.0580001 -0.94800001 2.312 63
-2.0699999 -1.313 2.0669999 25
-2.2279999 -1.307 2.316 49
-2.135 -1.143 2.319 54
-2.039 -0.99199998 2.309 60
-2.0469999 -1.364 2.0780001 20
-2.1989999 -1.3559999 2.3169999 47
-2.112 -1.191 2.3199999 55
-2.023 -1.039 2.3110001 59
-2.0480001 -1.433 2.115 13
-2.161 -1.4 2.3099999 37
-2.0869999 -1.237 2.319 43
-2.006 -1.086 2.3139999 49
-1.99 -1.461 2.092 10
-2.1289999 -1.448 2.3110001 35
-2.0650001 -1.286 2.323 49
-1.988 -1.132 2.3150001 56
-1.9450001 -1.4960001 2.0829999 10
-2.1010001 -1.498 2.3169999 33
-2.036 -1.331 2.3210001 42
-1.969 -1.177 2.3169999 48
-1.903 -1.533 2.0769999 10
-2.063 -1.54 2.313 36
-2.01 -1.377 2.323 37
-1.948 -1.223 2.3180001 43
-1.8660001 -1.573 2.079 11
-2.0250001 -1.5829999 2.309 37
-1.982 -1.4220001 2.3239999 35
-1.927 -1.2690001 2.319 46
-1.825 -1.6109999 2.0769999 13
-1.961 -1.604 2.2780001 58
-1.9529999 -1.467 2.3239999 32
-1.901 -1.311 2.3169999 39
-1.789 -1.651 2.0810001 18
-1.8940001 -1.62 2.2420001 27
-1.9220001 -1.511 2.3239999 35
-1.88 -1.358 2.3199999 35
-1.75 -1.689 2.0829999 20
-1.735 -1.553 2.095 24
-1.893 -1.557 2.3269999 33
-1.854 -1.402 2.3210001 36
-1.711 -1.726 2.085 21
-1.699 -1.589 2.0929999 24
-1.865 -1.603 2.3329999 39
-1.825 -1.444 2.316 34
-1.6670001 -1.7589999 2.0829999 21
-1.655 -1.618 2.0840001 24
-1.831 -1.645 2.332 39
-1.804 -1.492 2.326 36
-1.627 -1.795 2.086 22
-1.614 -1.649 2.079 24
-1.796 -1.686 2.3310001 50
-1.777 -1.536 2.3269999 38
-1.5829999 -1.827 2.085 22
-1.58 -1.687 2.0829999 24
-1.7309999 -1.698 2.2920001 131
-1.747 -1.579 2.326 37
-1.544 -1.864 2.0929999 22
-1.541 -1.721 2.082 24
-1.6339999 -1.674 2.2079999 150
-1.719 -1.624 2.3299999 41
-1.499 -1.893 2.092 22
-1.5039999 -1.755 2.085 25
-1.545 -1.655 2.135 54
-1.691 -1.669 2.335 44
-1.451 -1.919 2.0880001 22
-1.466 -1.788 2.086 25
-1.4859999 -1.663 2.0999999 25
-1.658 -1.71 2.3340001 42
-1.411 -1.954 2.096 21
-1.426 -1.821 2.0869999 18
-1.4450001 -1.691 2.092 24
-1.627 -1.7539999 2.3380001 52
-1.364 -1.979 2.0940001 22
-1.381 -1.846 2.0810001 18
-1.409 -1.724 2.0910001 24
-1.5880001 -1.79 2.3310001 61
-1.319 -2.007 2.0969999 22
-1.347 -1.885 2.0929999 24
-1.37 -1.7539999 2.0869999 23
-1.525 -1.799 2.2909999 147
-1.263 -2.017 2.082 22
-1.306 -1.916 2.095 24
-1.335 -1.79 2.0910001 23
-1.4170001 -1.748 2.1800001 101
-1.097 -1.841 1.878 28
-1.26 -1.938 2.089 25
-1.298 -1.823 2.0929999 23
-1.344 -1.735 2.119 29
-1.051 -1.8559999 1.873 30
-1.173 -1.893 2.013 29
-1.255 -1.847 2.086 23
-1.299 -1.757 2.1029999 27
-1.011 -1.878 1.877 30
-1.086 -1.842 1.934 29
-1.22 -1.883 2.0929999 23
-1.258 -1.784 2.095 25
-0.96700001 -1.896 1.877 30
-1.041 -1.859 1.927 32
-1.14 -1.85 2.023 31
-1.2180001 -1.812 2.089 23
-0.92299998 -1.913 1.877 31
-0.99800003 -1.878 1.924 30
-1.08 -1.842 1.985 27
-1.183 -1.848 2.0929999 21
-0.88200003 -1.934 1.882 27
-0.95700002 -1.899 1.925 30
-1.0369999 -1.8609999 1.978 27
-1.1210001 -1.842 2.05 27
-0.84200001 -1.9579999 1.891 32
-0.91100001 -1.911 1.9170001 30
-0.99299997 -1.881 1.971 30
-1.068 -1.846 2.0209999 27
-0.796 -1.967 1.886 29
-0.87199998 -1.937 1.923 29
-0.94800001 -1.8940001 1.96 28
-1.024 -1.865 2.01 29
-0.755 -1.989 1.895 29
-0.83600003 -1.972 1.9400001 55
-0.90600002 -1.916 1.9579999 27
-0.98100001 -1.887 2.0020001 28
-0.71100003 -2.003 1.897 28
-0.787 -1.975 1.926 30
-0.86699998 -1.944 1.964 35
-0.93599999 -1.905 1.992 27
-0.66900003 -2.0209999 1.903 30
-0.745 -1.995 1.9299999 28
-0.82300001 -1.961 1.9579999 32
-0.89200002 -1.924 1.983 26
-0.62800002 -2.0450001 1.9170001 30
-0.70099998 -2.0109999 1.9299999 28
-0.77700001 -1.974 1.95 26
-0.85600001 -1.961 1.994 37
-0.58399999 -2.0569999 1.92 28
-0.65700001 -2.029 1.933 29
-0.73299998 -1.994 1.949 29
-0.80599999 -1.9680001 1.976 30
-0.542 -2.079 1.932 26
-0.61500001 -2.049 1.939 29
-0.69 -2.013 1.95 28
-0.75700003 -1.978 1.961 28
-0.5 -2.102 1.948 28
-0.57200003 -2.069 1.946 27
-0.64700001 -2.0320001 1.951 30
-0.71600002 -2.006 1.965 27
-0.456 -2.1199999 1.959 28
-0.52899998 -2.0910001 1.956 28
-0.60600001 -2.0650001 1.965 27
-0.671 -2.0250001 1.962 28
-0.412 -2.1389999 1.971 28
-0.48500001 -2.1099999 1.964 30
-0.56 -2.0769999 1.96 25
-0.62599999 -2.043 1.9579999 27
-0.368 -2.1559999 1.983 28
-0.44 -2.1289999 1.971 29
-0.51499999 -2.0940001 1.962 28
-0.58099997 -2.0639999 1.9579999 26
-0.324 -2.175 1.997 28
-0.39500001 -2.1459999 1.979 30
-0.46900001 -2.1129999 1.965 29
-0.53500003 -2.0829999 1.957 26
-0.27900001 -2.194 2.013 28
-0.34900001 -2.1619999 1.9859999 27
-0.42399999 -2.135 1.973 27
-0.48899999 -2.1040001 1.959 26
-0.233 -2.2130001 2.029 29
-0.30500001 -2.1889999 2.0039999 26
-0.37799999 -2.1559999 1.9809999 27
-0.44299999 -2.1270001 1.962 29
-0.18799999 -2.2349999 2.0480001 29
-0.25799999 -2.201 2.01 29
-0.33199999 -2.1760001 1.987 28
-0.39500001 -2.1459999 1.965 28
-0.141 -2.2520001 2.0650001 29
-0.212 -2.223 2.026 30
-0.285 -2.198 1.997 27
-0.347 -2.1619999 1.965 27
-0.093000002 -2.247 2.062 14
-0.164 -2.2479999 2.0439999 32
-0.236 -2.211 2.0009999 29
-0.29899999 -2.184 1.97 27
-0.043000001 -2.145 1.97 9
-0.116 -2.26 2.052 26
-0.18799999 -2.2349999 2.0139999 29
-0.25 -2.2030001 1.975 27
0.001 -2.043 1.88 20
-0.064000003 -2.1760001 1.974 9
-0.138 -2.2550001 2.0250001 28
-0.2 -2.2249999 1.983 28
0.045000002 -2.0409999 1.881 25
-0.016000001 -2.066 1.873 10
-0.086000003 -2.2290001 1.995 9
-0.149 -2.247 1.9910001 28
0.088 -2.0539999 1.898 25
0.028000001 -2.039 1.848 24
-0.034000002 -2.115 1.888 8
-0.097000003 -2.247 1.982 16
0.133 -2.0710001 1.919 25
0.072999999 -2.0510001 1.86 27
0.012 -2.027 1.806 22
-0.041999999 -2.1370001 1.876 9
0.178 -2.0910001 1.944 26
0.119 -2.0739999 1.882 26
0.057999998 -2.0409999 1.816 33
0.0060000001 -2.049 1.7920001 22
0.226 -2.1170001 1.975 27
0.16599999 -2.0880001 1.898 26
0.106 -2.072 1.841 25
0.054000001 -2.0420001 1.78 30
0.273 -2.1340001 1.998 27
0.214 -2.115 1.926 25
0.155 -2.0940001 1.859 26
0.103 -2.0669999 1.7970001 25
0.322 -2.158 2.03 27
0.264 -2.1370001 1.949 25
0.204 -2.1099999 1.873 26
0.153 -2.0880001 1.812 24
0.373 -2.1819999 2.062 28
0.31400001 -2.1559999 1.973 25
0.255 -2.1370001 1.898 26
0.204 -2.112 1.829 27
0.42300001 -2.197 2.0880001 28
0.366 -2.1800001 2.0009999 25
0.308 -2.1589999 1.92 23
0.257 -2.131 1.844 26
0.47499999 -2.2179999 2.119 29
0.419 -2.1989999 2.026 25
0.361 -2.1760001 1.938 24
0.31099999 -2.1570001 1.8660001 26
0.53500003 -2.263 2.1760001 34
0.47400001 -2.2249999 2.0580001 26
0.417 -2.204 1.966 25
0.36700001 -2.1789999 1.886 26
0.597 -2.3099999 2.2360001 26
0.52999997 -2.247 2.0869999 27
0.47400001 -2.227 1.992 25
0.42500001 -2.2030001 1.908 27
0.62099999 -2.211 2.155 21
0.59100002 -2.279 2.128 25
0.53200001 -2.2479999 2.016 26
0.484 -2.23 1.933 27
0.65100002 -2.1459999 2.1070001 23
0.62300003 -2.2049999 2.0699999 24
0.59399998 -2.277 2.05 24
0.54699999 -2.2590001 1.962 28
0.67900002 -2.0829999 2.0599999 24
0.65600002 -2.1400001 2.0209999 24
0.62699997 -2.201 1.989 23
0.60100001 -2.25 1.959 23
0.70599997 -2.02 2.0150001 24
0.685 -2.075 1.973 24
0.65899998 -2.125 1.9299999 23
0.63999999 -2.1860001 1.909 23
0.73299998 -1.966 1.978 24
0.71100003 -2.0050001 1.919 22
0.69999999 -2.0910001 1.909 13
0.68900001 -2.165 1.898 6
0.75700003 -1.9069999 1.9349999 23
0.74699998 -1.969 1.899 19
0.74199998 -2.0569999 1.8890001 8
0.72500002 -2.1040001 1.852 8
0.78500003 -1.864 1.91 23
0.78799999 -1.948 1.8940001 8
0.77399999 -2.0020001 1.85 8
0.75599998 -2.0350001 1.801 9
0.824 -1.849 1.914 9
0.81099999 -1.886 1.849 8
0.80000001 -1.938 1.804 9
0.78299999 -1.9630001 1.747 8
0.85399997 -1.813 1.896 8
0.84100002 -1.8430001 1.823 7
0.829 -1.885 1.768 7
0.81199998 -1.906 1.707 8
0.87800002 -1.768 1.869 7
0.86199999 -1.786 1.784 8
0.852 -1.824 1.725 7
0.84299999 -1.855 1.674 7
0.89300001 -1.709 1.827 7
0.88099998 -1.727 1.743 8
0.88 -1.775 1.693 7
0.87199998 -1.8049999 1.64 7
0.98900002 -1.801 1.949 24
0.91500002 -1.702 1.7359999 4
0.89499998 -1.707 1.6440001 7
0.884 -1.723 1.58 8
1.016 -1.763 1.931 24
1.299 -2.2939999 2.3659999 58
1.347 -2.4330001 2.3670001 49
0.92500001 -1.702 1.575 4
1.043 -1.725 1.914 42
1.348 -2.2650001 2.3640001 54
1.409 -2.411 2.372 49
1.466 -2.5510001 2.3840001 55
1.067 -1.6849999 1.895 5
1.398 -2.2349999 2.3629999 55
1.465 -2.381 2.3699999 50
1.528 -2.5190001 2.3789999 50
1.3789999 -2.0810001 2.3729999 64
1.448 -2.207 2.3640001 59
1.5190001 -2.3469999 2.3640001 46
1.594 -2.4920001 2.382 49
1.4170001 -2.046 2.368 38
1.495 -2.174 2.3610001 60
1.577 -2.3180001 2.3670001 47
1.6569999 -2.4590001 2.3800001 50
1.46 -2.0179999 2.3699999 42
1.548 -2.148 2.368 51
1.631 -2.283 2.3640001 48
1.7180001 -2.4230001 2.3759999 50
1.502 -1.988 2.372 38
1.589 -2.1070001 2.3570001 52
1.687 -2.25 2.3640001 51
1.7819999 -2.3900001 2.3770001 51
1.539 -1.951 2.3659999 38
1.636 -2.0739999 2.3570001 54
1.743 -2.2179999 2.3670001 46
1.842 -2.352 2.3759999 52
1.577 -1.9170001 2.3640001 40
1.688 -2.046 2.365 58
1.795 -2.1789999 2.3640001 52
1.899 -2.3099999 2.3699999 45
1.619 -1.887 2.368 45
1.728 -2.0039999 2.3570001 59
1.846 -2.1389999 2.3599999 50
1.966 -2.277 2.3770001 49
1.6569999 -1.853 2.368 44
1.772 -1.966 2.355 59
1.901 -2.1040001 2.3640001 49
2.0209999 -2.233 2.3729999 49
1.691 -1.814 2.362 41
1.819 -1.932 2.359 53
1.949 -2.0599999 2.3599999 49
2.079 -2.188 2.3710001 50
1.732 -1.7819999 2.3670001 46
1.858 -1.8890001 2.3529999 59
1.997 -2.016 2.3570001 48
2.1370001 -2.1440001 2.3710001 51
1.7690001 -1.7460001 2.3670001 43
1.9 -1.848 2.3510001 60
2.0510001 -1.977 2.3599999 51
2.191 -2.096 2.368 48
1.801 -1.706 2.3629999 40
1.948 -1.814 2.358 55
2.0969999 -1.9299999 2.3570001 50
2.247 -2.049 2.368 49
1.8380001 -1.67 2.3640001 48
1.9859999 -1.7690001 2.3540001 51
2.1429999 -1.883 2.3540001 51
2.302 -2.0009999 2.369 51
1.873 -1.632 2.365 46
2.02 -1.722 2.3469999 59
2.188 -1.836 2.352 50
2.355 -1.95 2.368 52
1.902 -1.589 2.358 44
2.0650001 -1.684 2.352 46
2.2349999 -1.789 2.3529999 47
2.402 -1.895 2.3629999 50
1.9349999 -1.55 2.358 43
2.0999999 -1.637 2.348 52
2.276 -1.738 2.349 46
2.4560001 -1.844 2.3659999 47
1.971 -1.512 2.3610001 49
2.1400001 -1.594 2.3510001 55
2.3210001 -1.689 2.3499999 49
2.5120001 -1.793 2.3710001 56
1.999 -1.469 2.3559999 43
2.1760001 -1.5470001 2.349 54
2.3610001 -1.637 2.348 49
2.5569999 -1.735 2.368 57
2.033 -1.4299999 2.359 50
2.211 -1.501 2.348 58
2.401 -1.5829999 2.345 48
2.608 -1.6799999 2.372 52
2.063 -1.388 2.359 50
2.243 -1.452 2.345 59
2.4400001 -1.53 2.3440001 53
2.6489999 -1.618 2.3670001 54
2.085 -1.341 2.349 53
2.279 -1.404 2.346 61
2.4760001 -1.474 2.3410001 52
2.6930001 -1.557 2.3659999 56
2.1199999 -1.302 2.3559999 54
2.3110001 -1.355 2.3440001 60
2.5150001 -1.42 2.342 49
2.733 -1.495 2.3640001 55
2.1440001 -1.256 2.3510001 57
2.3399999 -1.304 2.3410001 58
2.552 -1.364 2.342 51
2.7750001 -1.433 2.3640001 61
2.1670001 -1.209 2.346 50
2.3729999 -1.255 2.3429999 60
2.5869999 -1.307 2.3410001 56
2.8099999 -1.367 2.3599999 51
2.201 -1.168 2.3529999 51
2.402 -1.2029999 2.3410001 59
2.618 -1.248 2.339 54
2.848 -1.303 2.3610001 60
2.2219999 -1.1210001 2.3469999 43
2.4349999 -1.153 2.3440001 37
2.651 -1.1900001 2.339 59
2.882 -1.2359999 2.359 57
2.253 -1.0779999 2.3540001 36
2.4690001 -1.103 2.349 38
2.6819999 -1.13 2.3380001 59
2.9130001 -1.168 2.3559999 62
2.2820001 -1.033 2.3570001 37
2.4960001 -1.05 2.349 38
2.7090001 -1.069 2.335 60
2.9489999 -1.101 2.3570001 65
2.3010001 -0.98500001 2.352 36
2.5179999 -0.995 2.345 37
2.7390001 -1.008 2.336 56
2.9779999 -1.031 2.355 63
2.323 -0.93699998 2.3510001 36
2.5409999 -0.94 2.3429999 36
2.7679999 -0.94700003 2.3369999 66
3.003 -0.96100003 2.352 62
2.3469999 -0.88999999 2.352 36
2.566 -0.88499999 2.3440001 40
2.79 -0.88300002 2.3340001 64
3.03 -0.88999999 2.3510001 63
2.369 -0.84100002 2.352 36
2.585 -0.82800001 2.3399999 38
2.816 -0.81999999 2.335 63
3.052 -0.81800002 2.349 62
2.3829999 -0.79000002 2.345 36
2.608 -0.77200001 2.3410001 38
2.832 -0.755 2.3299999 63
3.076 -0.74699998 2.348 69
2.4059999 -0.74199998 2.348 36
2.628 -0.71499997 2.3410001 39
2.8499999 -0.68900001 2.326 60
3.1010001 -0.67500001 2.3499999 75
2.421 -0.69099998 2.3429999 36
2.6370001 -0.65499997 2.3299999 43
2.8729999 -0.625 2.329 61
3.1140001 -0.60000002 2.3440001 68
2.437 -0.63999999 2.342 36
2.652 -0.597 2.3280001 67
2.891 -0.55900002 2.3280001 63
3.1259999 -0.52600002 2.339 72
2.4560001 -0.58999997 2.3429999 38
2.668 -0.53899997 2.3269999 70
2.8970001 -0.49200001 2.319 63
3.1429999 -0.45199999 2.3399999 68
2.4619999 -0.53600001 2.3329999 52
2.678 -0.479 2.3210001 73
2.9130001 -0.426 2.3210001 61
3.1500001 -0.377 2.335 70
2.471 -0.48300001 2.3269999 55
2.6919999 -0.421 2.3210001 63
2.924 -0.359 2.3180001 59
3.1570001 -0.30199999 2.3299999 65
2.49 -0.43200001 2.3299999 53
2.7049999 -0.361 2.3210001 70
2.9330001 -0.29100001 2.316 59
3.164 -0.227 2.3269999 58
2.5 -0.37900001 2.326 54
2.7090001 -0.30000001 2.313 66
2.9419999 -0.223 2.3139999 61
3.1700001 -0.15099999 2.325 61
2.5090001 -0.32600001 2.323 52
2.7190001 -0.23999999 2.312 73
2.9389999 -0.155 2.3050001 55
3.1700001 -0.075999998 2.319 72
2.52 -0.273 2.322 52
2.7290001 -0.18000001 2.312 69
2.9430001 -0.088 2.302 52
3.1719999 -0.001 2.3180001 70
2.5280001 -0.21799999 2.319 53
2.7309999 -0.119 2.3069999 64
2.947 -0.02 2.3010001 56
0 0 0 0
2.5339999 -0.16500001 2.316 51
2.7360001 -0.059 2.306 60
2.948 0.046999998 2.299 57
0.597 0.028000001 0.435 4
2.546 -0.111 2.319 56
2.7390001 0.001 2.3039999 60
2.947 0.115 2.296 51
0.59500003 0.041999999 0.435 1
2.552 -0.056000002 2.3169999 52
2.7420001 0.061999999 2.303 66
0 0 0 0
0 0 0 0
2.553 -0.001 2.312 48
2.744 0.124 2.3010001 63
0.56800002 0.048 0.442 5
0 0 0 0
2.562 0.054000001 2.3139999 46
2.743 0.185 2.299 66
0.55599999 0.059999999 0.433 3
0.602 0.085000001 0.44100001 4
2.5639999 0.109 2.3110001 54
2.7309999 0.24600001 2.2880001 33
0 0 0 0
0.60000002 0.1 0.44100001 4
2.5669999 0.16500001 2.3110001 52
0 0 0 0
0 0 0 0
0.60100001 0.114 0.44400001 4
2.5669999 0.221 2.3080001 54
0 0 0 0
0 0 0 0
0.58399999 0.126 0.433 4
2.5639999 0.27700001 2.3050001 53
0 0 0 0
0.565 0.114 0.44499999 4
0.58999997 0.141 0.43900001 4
2.552 0.333 2.2920001 22
0 0 0 0
0.56300002 0.127 0.44400001 4
0.58499998 0.155 0.43799999 4
0 0 0 0
0 0 0 0
0.56400001 0.141 0.447 4
0.583 0.169 0.43900001 4
0.48699999 0.085000001 0.43799999 3
0 0 0 0
0.55400002 0.153 0.442 6
0.579 0.183 0.43900001 4
0 0 0 0
0.52499998 0.132 0.44600001 3
0.55000001 0.16500001 0.44100001 4
0.57800001 0.197 0.44100001 4
0 0 0 0
0.52399999 0.14399999 0.44600001 3
0.55000001 0.17900001 0.44400001 4
0.56999999 0.20999999 0.43900001 4
0 0 0 0
0.51899999 0.155 0.44499999 3
0.542 0.19 0.44 4
0.565 0.223 0.43900001 4
0 0 0 0
0.50400001 0.163 0.433 6
0.54000002 0.20299999 0.44100001 4
0.56 0.236 0.43799999 4
0.484 0.14 0.43900001 3
0.51300001 0.17900001 0.44299999 3
0.537 0.21699999 0.44299999 4
0.55500001 0.25 0.44 4
0.484 0.152 0.442 5
0.509 0.191 0.44299999 3
0.52899998 0.228 0.43900001 4
0.54400003 0.26100001 0.435 4
0.48199999 0.164 0.442 5
0.505 0.20200001 0.442 3
0.523 0.23999999 0.43900001 4
0.542 0.27500001 0.43799999 4
0.479 0.17399999 0.44100001 5
0.49200001 0.20999999 0.43399999 4
0.51800001 0.252 0.43900001 4
0.528 0.28400001 0.433 4
0.47400001 0.184 0.43799999 5
0.498 0.226 0.44299999 3
0.51300001 0.264 0.43900001 4
0.52499998 0.29800001 0.43599999 4
0.46900001 0.19499999 0.43599999 5
0.493 0.237 0.442 4
0.51300001 0.27900001 0.44400001 4
0.51599997 0.30899999 0.43399999 3
0.46700001 0.206 0.43700001 4
0.48699999 0.248 0.44100001 3
0.49399999 0.28299999 0.433 5
0 0 0 0
0.461 0.21600001 0.43399999 5
0.47999999 0.25799999 0.43799999 3
0.49200001 0.29800001 0.43700001 3
0 0 0 0
0.465 0.23100001 0.44100001 4
0.47600001 0.27000001 0.44 3
0 0 0 0
0 0 0 0
0.45500001 0.23899999 0.43599999 6
0.46399999 0.27700001 0.433 3
0 0 0 0
0.48899999 0.35800001 0.43799999 1
0.45199999 0.25 0.43599999 5
0 0 0 0
0 0 0 0
0.47799999 0.368 0.43599999 7
0.45199999 0.264 0.44100001 4
0 0 0 0
0.45199999 0.333 0.42500001 1
0.46599999 0.375 0.43200001 4
0 0 0 0
0 0 0 0
0.45199999 0.34999999 0.433 6
0.45699999 0.38699999 0.433 4
0 0 0 0
0 0 0 0
0.45199999 0.366 0.44 4
0.44600001 0.39500001 0.43099999 4
0 0 0 0
0.43799999 0.33500001 0.43799999 3
0.44299999 0.37599999 0.43900001 4
0.43700001 0.405 0.43200001 4
0 0 0 0
0.426 0.34099999 0.43200001 6
0.433 0.38499999 0.43700001 4
0.428 0.41600001 0.43200001 4
0.41800001 0.31200001 0.43099999 3
0.42399999 0.35499999 0.43599999 3
0.42399999 0.39500001 0.43700001 4
0.417 0.42399999 0.43099999 4
0.41299999 0.32300001 0.43200001 5
0.414 0.36300001 0.43399999 3
0.414 0.403 0.43599999 4
0 0 0 0
0.41100001 0.33700001 0.43599999 4
0.40799999 0.37400001 0.435 3
0.39899999 0.40700001 0.42899999 3
0 0 0 0
0.39899999 0.34299999 0.43099999 7
0.398 0.38299999 0.43399999 3
0 0 0 0
0.38499999 0.449 0.43000001 4
0.398 0.35800001 0.43700001 4
0.41 0.41299999 0.456 0
0 0 0 0
0.389 0.47499999 0.44600001 4
0.38999999 0.36700001 0.43399999 4
0 0 0 0
0 0 0 0
0.60500002 0.77499998 0.71499997 3
0 0 0 0
0.377 0.41499999 0.43700001 0
0.49000001 0.60000002 0.58200002 2
0.588 0.79000002 0.71700001 2
0 0 0 0
0.36300001 0.419 0.43200001 3
0.60900003 0.78100002 0.745 2
0.56099999 0.79100001 0.70700002 2
0 0 0 0
0.55599999 0.671 0.67699999 2
0.58899999 0.792 0.741 2
0.53899997 0.796 0.70099998 2
0.359 0.40700001 0.43399999 4
0.616 0.77899998 0.77100003 1
0.56199998 0.79299998 0.73000002 2
0.54799998 0.852 0.73900002 2
0.56599998 0.671 0.699 2
0.59399998 0.78799999 0.764 2
0.53799999 0.796 0.72100002 2
0.52999997 0.866 0.74199998 2
0.62400001 0.77499998 0.79000002 2
0.57099998 0.79400003 0.755 2
0.542 0.84399998 0.75300002 1
0.50999999 0.87800002 0.74299997 2
0.60299999 0.78600001 0.78399998 2
0.54299998 0.79299998 0.741 2
0.53200001 0.87099999 0.76599997 2
0.48899999 0.88700002 0.74199998 2
0.579 0.792 0.773 2
0.53799999 0.82599998 0.759 1
0.509 0.87699997 0.75999999 2
0.46900001 0.89600003 0.74199998 2
0.55000001 0.78899997 0.75599998 2
0.53799999 0.86799997 0.78399998 2
0.48800001 0.88700002 0.759 2
0.44600001 0.903 0.73900002 3
0.52899998 0.79900002 0.75 1
0.51700002 0.87800002 0.77999997 2
0.46799999 0.89600003 0.75800002 2
0.42699999 0.91399997 0.74199998 3
0.54400003 0.86400002 0.796 2
0.495 0.88599998 0.77600002 1
0.44600001 0.90499997 0.75599998 2
0.40400001 0.91799998 0.73799998 2
0.51999998 0.87 0.787 2
0.472 0.89300001 0.77100003 1
0.42500001 0.91299999 0.75400001 2
0.38600001 0.93300003 0.74400002 2
0.50400001 0.889 0.79100001 2
0.44999999 0.90100002 0.76700002 1
0.40599999 0.92500001 0.75700003 2
0.36500001 0.94199997 0.745 2
0.48100001 0.898 0.78500003 2
0.43000001 0.912 0.76700002 2
0.384 0.93300003 0.755 2
0.345 0.954 0.74900001 2
0.456 0.89999998 0.77499998 2
0.41 0.92299998 0.76700002 2
0.36199999 0.93900001 0.75300002 2
0.32300001 0.95999998 0.74900001 2
0.43599999 0.912 0.77399999 2
0.38800001 0.93199998 0.76499999 2
0.34200001 0.94999999 0.75599998 2
0.301 0.96600002 0.74900001 2
0.41299999 0.91900003 0.76899999 2
0.36700001 0.94099998 0.764 2
0.322 0.963 0.75999999 2
0.28200001 0.98000002 0.75700003 2
0.39199999 0.93099999 0.76700002 2
0.34400001 0.94400001 0.75800002 2
0.30000001 0.96799999 0.75800002 2
0.25999999 0.98400003 0.75599998 2
0.37 0.93900001 0.764 2
0.324 0.95599997 0.76099998 2
0.27900001 0.97799999 0.76099998 2
0.23999999 0.99800003 0.76300001 2
0.347 0.94700003 0.76099998 2
0.303 0.96700001 0.76099998 2
0.25799999 0.98799998 0.764 2
0.219 1.007 0.76800001 2
0.32600001 0.958 0.76099998 2
0.28200001 0.97799999 0.764 2
0.236 0.99400002 0.764 2
0.198 1.022 0.77600002 2
0.30399999 0.96700001 0.75999999 2
0.25999999 0.986 0.764 2
0.215 1.006 0.76899999 2
0.177 1.035 0.78399998 3
0.28200001 0.97600001 0.759 2
0.23899999 0.99800003 0.76700002 2
0.19400001 1.017 0.77499998 2
0.154 1.035 0.78299999 2
0.259 0.98400003 0.75700003 2
0.21600001 1.003 0.76599997 2
0.17200001 1.03 0.78100002 2
0.132 1.043 0.787 2
0.23800001 0.99900001 0.76099998 2
0.19400001 1.015 0.76999998 2
0.15000001 1.035 0.78200001 2
0.11 1.054 0.79500002 2
0.214 1.002 0.75700003 2
0.17200001 1.026 0.77399999 2
0.127 1.045 0.787 2
0.086999997 1.0599999 0.79900002 2
0.191 1.011 0.75800002 2
0.149 1.036 0.778 2
0.104 1.054 0.792 2
0.064000003 1.072 0.80800003 2
0.169 1.025 0.76200002 2
0.126 1.045 0.77999997 2
0.082000002 1.0650001 0.79900002 2
0.041000001 1.081 0.81599998 2
0.146 1.0369999 0.76599997 2
0.102 1.052 0.78200001 2
0.057999998 1.073 0.80400002 2
0.017999999 1.097 0.82800001 3
0.122 1.0470001 0.76800001 2
0.079000004 1.062 0.787 2
0.035 1.086 0.81300002 2
-0.0049999999 1.1059999 0.83600003 13
0.097999997 1.056 0.77100003 2
0.055 1.072 0.79100001 1
0.011 1.1 0.82300001 2
-0.029999999 1.118 0.847 2
0.074000001 1.071 0.77700001 2
0.030999999 1.084 0.79900002 1
-0.013 1.109 0.82999998 2
-0.055 1.126 0.85500002 12
0.048 1.074 0.77499998 2
0.0060000001 1.0930001 0.80400002 1
-0.037999999 1.118 0.83700001 2
-0.079999998 1.146 0.87300003 2
0.023 1.089 0.78299999 2
-0.018999999 1.107 0.81300002 1
-0.064000003 1.127 0.84500003 1
-0.106 1.154 0.88200003 12
-0.0020000001 1.092 0.78299999 2
-0.045000002 1.124 0.82499999 14
-0.090000004 1.145 0.85900003 10
-0.132 1.1619999 0.89099997 2
-0.028000001 1.11 0.79299998 2
-0.071000002 1.1339999 0.83200002 1
-0.117 1.158 0.87099999 2
-0.15899999 1.1720001 0.903 10
-0.056000002 1.126 0.80299997 11
-0.097999997 1.147 0.84200001 9
-0.14399999 1.165 0.87900001 11
-0.189 1.194 0.92500001 12
-0.082000002 1.123 0.80000001 2
-0.127 1.161 0.852 1
-0.17299999 1.181 0.89399999 1
-0.21600001 1.2 0.93300003 9
-0.113 1.16 0.82499999 12
-0.155 1.168 0.85900003 10
-0.20100001 1.187 0.90100002 9
-0.245 1.21 0.94599998 8
-0.141 1.164 0.82800001 2
-0.185 1.191 0.87699997 1
-0.234 1.221 0.93099999 1
-0.27700001 1.2309999 0.96899998 9
-0.171 1.1720001 0.83399999 9
-0.215 1.196 0.88300002 9
-0.26100001 1.215 0.93000001 9
-0.30599999 1.234 0.97799999 8
-0.20299999 1.198 0.85299999 2
-0.24699999 1.214 0.89899999 9
-0.29300001 1.228 0.94599998 8
-0.34 1.257 1.0039999 9
-0.235 1.209 0.86199999 10
-0.27900001 1.226 0.91100001 9
-0.32600001 1.2460001 0.96499997 10
-0.373 1.27 1.022 9
-0.26800001 1.219 0.87099999 12
-0.31099999 1.237 0.92299998 8
-0.359 1.257 0.97899997 8
-0.40200001 1.267 1.027 9
-0.30199999 1.235 0.88499999 9
-0.345 1.249 0.93699998 7
-0.389 1.255 0.98500001 8
-0.46399999 1.363 1.114 10
-0.33700001 1.248 0.89700001 8
-0.37900001 1.26 0.94999999 7
-0.43700001 1.307 1.033 11
-0.505 1.385 1.143 10
-0.375 1.266 0.91399997 8
-0.41600001 1.274 0.96600002 8
-0.49200001 1.372 1.0930001 9
-0.54500002 1.401 1.1670001 11
-0.40700001 1.2640001 0.917 8
-0.48199999 1.368 1.044 9
-0.53299999 1.388 1.115 9
-0.58700001 1.421 1.1950001 9
-0.477 1.368 0.99800003 10
-0.523 1.383 1.063 9
-0.57700002 1.411 1.143 10
-0.62900001 1.434 1.219 12
-0.51999998 1.3839999 1.016 10
-0.56900001 1.405 1.089 9
-0.61900002 1.4220001 1.164 10
-0.67699999 1.459 1.255 10
-0.56800002 1.409 1.041 10
-0.61400002 1.4220001 1.1109999 10
-0.67000002 1.452 1.2 11
-0.72399998 1.477 1.285 9
-0.616 1.427 1.062 11
-0.66299999 1.444 1.138 10
-0.72100002 1.474 1.2309999 8
-0.77200001 1.495 1.316 9
-0.66500002 1.444 1.084 10
-0.71700001 1.472 1.1720001 10
-0.77399999 1.499 1.266 10
-0.82499999 1.516 1.351 9
-0.71799999 1.4680001 1.1109999 11
-0.77100003 1.495 1.2029999 11
-0.82800001 1.5190001 1.299 10
-0.88200003 1.544 1.3940001 10
-0.77899998 1.499 1.146 11
-0.83099997 1.525 1.24 10
-0.88599998 1.546 1.3380001 10
-0.94 1.568 1.4349999 7
-0.83499998 1.517 1.1720001 9
-0.88700002 1.541 1.268 9
-0.949 1.574 1.38 8
-1.008 1.602 1.487 7
-0.90399998 1.554 1.214 9
-0.95599997 1.576 1.313 9
-1.017 1.605 1.427 8
-0.81400001 1.2359999 1.165 32
-0.97299999 1.5829999 1.253 8
-0.82800001 1.296 1.095 55
-0.81300002 1.223 1.103 30
-0.83099997 1.206 1.154 40
-0.81099999 1.252 1.0039999 32
-0.82099998 1.223 1.048 31
-0.83499998 1.198 1.097 32
-0.84200001 1.168 1.136 37
-0.82599998 1.211 0.98400003 28
-0.83700001 1.187 1.0319999 33
-0.84899998 1.163 1.082 33
-0.86000001 1.142 1.1289999 33
-0.84299999 1.174 0.96899998 30
-0.85299999 1.153 1.018 33
-0.86400002 1.131 1.0700001 38
-0.875 1.113 1.12 37
-0.85799998 1.137 0.95300001 33
-0.86900002 1.119 1.005 34
-0.87800002 1.098 1.057 36
-0.88800001 1.081 1.107 35
-0.87900001 1.109 0.94400001 33
-0.88300002 1.086 0.99199998 33
-0.89099997 1.0650001 1.044 34
-0.90100002 1.051 1.097 39
-0.89099997 1.071 0.92799997 35
-0.89300001 1.048 0.97500002 34
-0.903 1.034 1.0319999 34
-0.91299999 1.021 1.086 36
-0.90399998 1.034 0.91299999 29
-0.91100001 1.02 0.96700001 33
-0.92199999 1.0089999 1.028 34
-0.92299998 0.991 1.075 35
-0.91799998 1.001 0.90200001 33
-0.92500001 0.99000001 0.958 29
-0.93099999 0.97600001 1.0140001 35
-0.94199997 0.96899998 1.074 36
-0.93400002 0.97100002 0.89399999 34
-0.93800002 0.958 0.94700003 33
-0.94499999 0.94800001 1.007 34
-0.95200002 0.94 1.064 38
-0.94800001 0.93900001 0.88300002 33
-0.94599998 0.92299998 0.93300003 32
-0.95899999 0.921 1 38
-0.96100003 0.90899998 1.053 34
-0.963 0.90899998 0.875 36
-0.96499997 0.89899999 0.93000001 33
-0.96499997 0.88800001 0.98699999 36
-0.97399998 0.884 1.048 38
-0.97899997 0.88099998 0.86900002 40
-0.97600001 0.86900002 0.921 39
-0.98100001 0.86299998 0.98299998 38
-0.98500001 0.85799998 1.0420001 40
-0.986 0.84600002 0.85600001 33
-0.98900002 0.84100002 0.91399997 37
-0.995 0.83700001 0.97799999 38
-0.99800003 0.833 1.0369999 36
-0.99800003 0.81599998 0.84799999 29
-1 0.81099999 0.90600002 38
-1.008 0.81099999 0.97299999 37
-1.0089999 0.80699998 1.0319999 36
-1.01 0.78600001 0.84100002 32
-1.016 0.787 0.90399998 40
-1.018 0.78299999 0.96600002 38
-1.017 0.77899998 1.024 36
-1.022 0.75700003 0.83499998 31
-1.0190001 0.75199997 0.88999999 10
-1.027 0.755 0.95899999 36
-1.029 0.755 1.02 35
-1.038 0.73100001 0.83200002 9
-1.039 0.73100001 0.89200002 30
-1.036 0.72799999 0.95300001 39
-1.0420001 0.73199999 1.0190001 39
-1.0779999 0.72100002 0.84899998 19
-1.16 0.77700001 0.98000002 7
-1.1619999 0.77899998 1.053 7
-1.1 0.73900002 1.061 19
-1.409 0.89499998 1.092 10
-1.304 0.83099997 1.085 24
-1.296 0.82800001 1.1569999 22
-1.148 0.736 1.092 45
-1.462 0.88099998 1.1160001 57
-1.324 0.801 1.085 33
-1.306 0.79500002 1.15 42
-1.278 0.78299999 1.201 64
-1.418 0.80900002 1.066 121
-1.341 0.77100003 1.084 36
-1.319 0.764 1.147 38
-1.323 0.773 1.228 42
-1.23 0.66299999 0.912 7
-1.365 0.74299997 1.089 49
-1.336 0.73500001 1.147 39
-1.335 0.74299997 1.225 44
-1.223 0.62199998 0.89499998 6
-1.3839999 0.713 1.09 54
-1.348 0.704 1.1440001 36
-1.348 0.71399999 1.223 44
-1.2410001 0.59500003 0.89600003 6
-1.4 0.68099999 1.089 56
-1.367 0.67699999 1.147 37
-1.363 0.68599999 1.224 42
0 0 0 0
-1.42 0.65200001 1.0930001 72
-1.373 0.64300001 1.14 37
-1.373 0.65600002 1.221 39
0 0 0 0
-1.4349999 0.61900002 1.0930001 73
-1.387 0.61299998 1.14 38
-1.3890001 0.62800002 1.223 47
-1.244 0.491 0.87 1
-1.451 0.58700001 1.094 65
-1.4 0.583 1.14 37
-1.401 0.59899998 1.223 47
-1.2640001 0.46399999 0.875 1
-1.465 0.55500001 1.095 69
-1.421 0.55500001 1.146 37
-1.414 0.56999999 1.224 43
-1.285 0.43799999 0.88200003 2
-1.477 0.52100003 1.094 56
-1.433 0.52399999 1.146 38
-1.432 0.54299998 1.229 40
-1.299 0.40799999 0.884 2
-1.489 0.48699999 1.094 53
-1.444 0.493 1.146 37
-1.442 0.51300001 1.228 39
-1.316 0.38 0.889 3
-1.506 0.45500001 1.098 51
-1.46 0.463 1.15 35
-1.456 0.484 1.2309999 37
-1.353 0.35600001 0.90700001 5
-1.5140001 0.41999999 1.096 44
-1.471 0.43200001 1.151 34
-1.4680001 0.454 1.233 43
-1.609 0.38299999 1.073 12
-1.52 0.38499999 1.094 37
-1.4859999 0.40099999 1.155 43
-1.48 0.42399999 1.234 42
-1.6059999 0.34200001 1.0650001 127
-1.535 0.352 1.098 33
-1.502 0.37099999 1.161 42
-1.492 0.39399999 1.237 44
-1.647 0.31099999 1.087 117
-1.5470001 0.31799999 1.101 31
-1.515 0.33899999 1.164 41
-1.507 0.36500001 1.242 42
-1.719 0.28299999 1.1289999 57
-1.561 0.28400001 1.1059999 30
-1.527 0.30700001 1.168 42
-1.521 0.33500001 1.247 45
-1.726 0.242 1.13 58
-1.574 0.249 1.11 32
-1.548 0.27599999 1.179 34
-1.529 0.303 1.248 43
-1.732 0.20200001 1.131 63
-1.591 0.215 1.118 33
-1.5599999 0.243 1.183 37
-1.55 0.27399999 1.26 33
-1.729 0.16 1.126 64
-1.605 0.18000001 1.125 35
-1.577 0.211 1.192 40
-1.567 0.243 1.268 41
-1.723 0.119 1.12 65
-1.619 0.14399999 1.132 34
-1.59 0.177 1.198 40
-1.577 0.211 1.271 39
-1.709 0.078000002 1.11 74
-1.631 0.108 1.138 35
-1.601 0.14300001 1.2029999 42
-1.589 0.17900001 1.277 39
-1.698 0.037 1.102 53
-1.641 0.071999997 1.143 35
-1.623 0.11 1.217 36
-1.609 0.147 1.289 37
-1.6900001 -0.001 1.097 30
-1.649 0.035 1.148 37
-1.642 0.075000003 1.229 36
-1.6210001 0.114 1.296 37
-1.704 -0.041000001 1.107 27
-1.671 -0.0020000001 1.163 34
-1.651 0.039999999 1.234 32
-1.635 0.079999998 1.304 41
-1.726 -0.082000002 1.122 29
-1.6849999 -0.039999999 1.173 35
-1.669 0.003 1.247 32
-1.653 0.046 1.316 36
-1.74 -0.124 1.133 33
-1.706 -0.079000004 1.188 34
-1.684 -0.032000002 1.257 37
-1.666 0.012 1.324 38
-1.751 -0.16599999 1.1440001 27
-1.723 -0.119 1.202 29
-1.702 -0.07 1.271 38
-1.684 -0.023 1.337 35
-1.765 -0.20900001 1.156 33
-1.743 -0.16 1.2180001 31
-1.725 -0.108 1.288 35
-1.697 -0.059 1.347 36
-1.788 -0.25400001 1.175 36
-1.767 -0.20200001 1.237 34
-1.737 -0.147 1.298 31
-1.715 -0.094999999 1.362 33
-1.8150001 -0.301 1.198 33
-1.7869999 -0.24600001 1.255 31
-1.76 -0.18799999 1.318 32
-1.732 -0.133 1.375 35
-1.834 -0.34799999 1.216 31
-1.808 -0.28999999 1.274 30
-1.785 -0.23 1.339 35
-1.757 -0.17299999 1.395 28
-1.862 -0.398 1.242 33
-1.839 -0.338 1.3 31
-1.808 -0.27399999 1.359 34
-1.772 -0.212 1.409 33
-1.885 -0.449 1.2640001 29
-1.859 -0.38499999 1.3200001 30
-1.822 -0.31600001 1.374 32
-1.795 -0.25400001 1.429 35
-1.9069999 -0.50099999 1.288 29
-1.878 -0.43399999 1.341 27
-1.847 -0.36300001 1.397 29
-1.816 -0.296 1.448 31
-1.947 -0.56 1.324 31
-1.9119999 -0.48699999 1.372 36
-1.88 -0.412 1.427 34
-1.847 -0.34200001 1.476 34
-1.973 -0.61699998 1.352 32
-1.939 -0.54100001 1.4 34
-1.905 -0.46200001 1.4529999 34
-1.8710001 -0.38800001 1.499 35
-2.003 -0.67699999 1.3839999 35
-1.962 -0.59500003 1.426 30
-1.926 -0.51200002 1.476 31
-1.89 -0.43399999 1.5190001 35
-2.0239999 -0.73699999 1.411 36
-1.9910001 -0.653 1.457 32
-1.956 -0.56599998 1.507 30
-1.914 -0.48300001 1.544 33
-2.0480001 -0.79900002 1.442 29
-2.0150001 -0.71200001 1.4859999 35
-1.972 -0.61699998 1.528 27
-1.938 -0.53299999 1.5700001 32
-2.072 -0.86400002 1.474 26
-2.0409999 -0.773 1.518 34
-2.0050001 -0.676 1.562 32
-1.961 -0.58499998 1.595 25
-2.105 -0.935 1.5140001 26
-2.0669999 -0.83600003 1.551 31
-2.0190001 -0.73100001 1.584 34
-1.984 -0.639 1.622 26
-2.1340001 -1.007 1.553 25
-2.095 -0.903 1.587 26
-2.043 -0.79100001 1.614 30
-2.0050001 -0.69300002 1.648 27
-2.151 -1.076 1.584 26
-2.122 -0.97100002 1.624 25
-2.0810001 -0.85799998 1.6569999 25
-2.0369999 -0.75400001 1.684 25
-2.1389999 -1.132 1.596 29
-2.1570001 -1.046 1.668 23
-2.109 -0.92500001 1.694 25
-2.0639999 -0.815 1.716 34
-2.118 -1.184 1.602 25
-2.1489999 -1.103 1.6799999 30
-2.1760001 -1.012 1.763 24
-2.3169999 -0.97299999 1.9400001 20
-2.0969999 -1.2359999 1.609 25
-2.128 -1.153 1.683 29
-2.1670001 -1.066 1.773 24
-2.2550001 -1.005 1.902 20
-2.0739999 -1.2869999 1.615 19
-2.1110001 -1.206 1.691 24
-2.141 -1.113 1.7690001 30
-2.1919999 -1.035 1.863 19
-2.0539999 -1.34 1.625 13
-2.098 -1.262 1.7029999 23
-2.118 -1.161 1.768 25
-2.1619999 -1.0779999 1.853 29
-2.0369999 -1.396 1.638 9
-2.069 -1.308 1.702 17
-2.102 -1.2130001 1.775 24
-2.1359999 -1.124 1.848 29
-2.0120001 -1.447 1.646 8
-2.043 -1.3559999 1.706 13
-2.0910001 -1.268 1.786 22
-2.118 -1.174 1.849 28
-1.956 -1.475 1.6289999 11
-2.0250001 -1.411 1.717 9
-2.0650001 -1.316 1.786 15
-2.0969999 -1.223 1.849 26
-1.8940001 -1.4960001 1.607 18
-1.984 -1.449 1.709 9
-2.046 -1.369 1.794 13
-2.0769999 -1.273 1.852 18
-1.846 -1.527 1.597 24
-1.9170001 -1.467 1.6799999 12
-2.03 -1.423 1.804 8
-2.0539999 -1.322 1.852 13
-1.7869999 -1.5470001 1.5779999 25
-1.873 -1.5 1.67 21
-2.0339999 -1.495 1.834 4
-2.036 -1.374 1.858 11
-1.7309999 -1.569 1.562 29
-1.819 -1.525 1.651 22
-1.998 -1.5369999 1.83 6
-2.0179999 -1.428 1.864 6
-1.675 -1.589 1.546 35
-1.7640001 -1.5470001 1.632 25
-1.874 -1.5089999 1.744 16
-2.03 -1.5039999 1.9 4
-1.632 -1.619 1.541 43
-1.712 -1.571 1.6160001 28
-1.807 -1.522 1.71 22
-2.1010001 -1.631 1.9960001 3
-1.585 -1.6440001 1.533 38
-1.665 -1.597 1.605 34
-1.756 -1.5470001 1.692 24
-2.1010001 -1.706 2.026 9
-1.525 -1.655 1.513 41
-1.6160001 -1.6210001 1.5930001 37
-1.706 -1.572 1.674 26
-2.0339999 -1.728 1.992 17
-1.479 -1.678 1.506 49
-1.567 -1.6440001 1.58 35
-1.655 -1.594 1.656 30
-1.847 -1.641 1.839 25
-1.4299999 -1.698 1.497 44
-1.512 -1.658 1.561 45
-1.607 -1.619 1.641 31
-1.704 -1.5829999 1.727 27
-1.3839999 -1.72 1.4910001 43
-1.466 -1.682 1.552 48
-1.559 -1.642 1.627 33
-1.6440001 -1.597 1.697 30
-1.34 -1.743 1.487 46
-1.421 -1.705 1.544 44
-1.51 -1.6619999 1.6109999 37
-1.599 -1.624 1.682 27
-1.295 -1.7640001 1.482 44
-1.37 -1.72 1.529 45
-1.4579999 -1.679 1.5930001 44
-1.55 -1.645 1.663 30
-1.247 -1.78 1.474 41
-1.329 -1.747 1.527 45
-1.4119999 -1.7 1.581 48
-1.501 -1.668 1.646 39
-1.2029999 -1.802 1.471 47
-1.28 -1.762 1.5140001 42
-1.367 -1.723 1.5700001 45
-1.456 -1.692 1.633 42
-1.158 -1.8200001 1.467 44
-1.237 -1.786 1.511 46
-1.3200001 -1.742 1.558 40
-1.4 -1.7029999 1.607 48
-1.114 -1.839 1.464 41
-1.191 -1.804 1.503 44
-1.275 -1.7640001 1.549 44
-1.357 -1.728 1.597 42
-1.072 -1.862 1.466 42
-1.148 -1.825 1.499 50
-1.233 -1.788 1.543 46
-1.3099999 -1.748 1.584 43
-1.028 -1.881 1.464 42
-1.103 -1.8430001 1.493 40
-1.188 -1.807 1.534 43
-1.262 -1.767 1.569 42
-0.98400003 -1.897 1.462 41
-1.061 -1.865 1.4910001 43
-1.142 -1.826 1.524 39
-1.216 -1.786 1.557 44
-0.94199997 -1.919 1.464 40
-1.017 -1.8839999 1.488 42
-1.096 -1.8430001 1.516 37
-1.173 -1.809 1.548 40
-0.898 -1.9349999 1.464 33
-0.97100002 -1.898 1.4809999 43
-1.054 -1.8660001 1.512 40
-1.1289999 -1.831 1.54 46
-0.85399997 -1.9529999 1.464 32
-0.92900002 -1.919 1.4809999 41
-1.011 -1.888 1.508 44
-1.085 -1.853 1.5319999 38
-0.82200003 -1.997 1.4859999 66
-0.88499999 -1.937 1.479 35
-0.96399999 -1.902 1.499 38
-1.039 -1.872 1.522 49
-0.76800001 -1.987 1.4680001 32
-0.84799999 -1.971 1.49 51
-0.921 -1.923 1.4960001 39
-0.995 -1.891 1.5140001 44
-0.72500002 -2.007 1.472 30
-0.80000001 -1.979 1.482 42
-0.87900001 -1.9450001 1.495 35
-0.94800001 -1.908 1.505 42
-0.68300003 -2.026 1.477 33
-0.75599998 -1.9960001 1.4809999 34
-0.83999997 -1.976 1.501 59
-0.90399998 -1.929 1.5 35
-0.63999999 -2.0450001 1.483 31
-0.713 -2.0150001 1.484 35
-0.79100001 -1.983 1.49 37
-0.86000001 -1.95 1.4960001 36
-0.597 -2.063 1.488 36
-0.67000002 -2.036 1.487 35
-0.74599999 -2.0009999 1.487 34
-0.82300001 -1.988 1.505 59
-0.55400002 -2.085 1.4960001 22
-0.62599999 -2.053 1.488 33
-0.69999999 -2.0150001 1.483 32
-0.76899999 -1.9859999 1.485 39
-0.51200002 -2.108 1.507 0
-0.58200002 -2.072 1.492 35
-0.65899998 -2.0439999 1.489 35
-0.72500002 -2.0090001 1.483 33
0 0 0 0
-0.54100001 -2.1010001 1.5039999 4
-0.61299998 -2.059 1.487 36
-0.67900002 -2.027 1.48 33
0 0 0 0
-0.495 -2.1170001 1.506 2
-0.56599998 -2.072 1.485 24
-0.634 -2.046 1.478 36
0 0 0 0
-0.45100001 -2.1389999 1.5140001 0
-0.52399999 -2.105 1.4960001 0
-0.588 -2.0680001 1.478 34
0 0 0 0
0 0 0 0
-0.47999999 -2.1340001 1.505 2
-0.54500002 -2.0999999 1.487 7
-0.289 -2.207 1.556 4
0 0 0 0
0 0 0 0
-0.50099999 -2.132 1.495 0
-0.243 -2.223 1.5650001 3
-0.31299999 -2.197 1.535 0
0 0 0 0
0 0 0 0
-0.197 -2.2479999 1.581 3
-0.266 -2.2179999 1.545 2
0 0 0 0
0 0 0 0
-0.15099999 -2.2850001 1.6059999 3
-0.21799999 -2.23 1.548 3
0 0 0 0
0 0 0 0
-0.102 -2.2820001 1.604 15
-0.17 -2.2590001 1.5650001 3
0 0 0 0
0 0 0 0
-0.050999999 -2.1960001 1.544 11
-0.121 -2.276 1.574 3
0 0 0 0
0 0 0 0
-0.0040000002 -2.0910001 1.472 13
-0.068999998 -2.227 1.538 11
-0.14399999 -2.2939999 1.559 0
0 0 0 0
0.039999999 -2.0610001 1.452 6
-0.018999999 -2.1170001 1.461 13
-0.090999998 -2.2709999 1.539 8
0 0 0 0
0.081 -2.003 1.414 0
0.025 -2.0569999 1.418 17
-0.037 -2.1559999 1.457 11
0 0 0 0
0 0 0 0
0.068999998 -2.0039999 1.382 2
0.0099999998 -2.0580001 1.388 17
-0.045000002 -2.1730001 1.437 10
0 0 0 0
0.115 -2.0309999 1.401 0
0.057 -2.027 1.364 2
0.0049999999 -2.063 1.36 16
0 0 0 0
0 0 0 0
0.103 -2.039 1.37 0
0.052999999 -2.0450001 1.3430001 2
0 0 0 0
0 0 0 0
0 0 0 0
0 0 0 0
0 0 0 0
0 0 0 0
0 0 0 0
0 0 0 0
0 0 0 0
0 0 0 0
0 0 0 0
0 0 0 0
0 0 0 0
0 0 0 0
0 0 0 0
0 0 0 0
0 0 0 0
0 0 0 0
0 0 0 0
0 0 0 0
0 0 0 0
0 0 0 0
0 0 0 0
0 0 0 0
0 0 0 0
0 0 0 0
0 0 0 0
0 0 0 0
0.64300001 -2.289 1.691 5
0 0 0 0
0 0 0 0
0 0 0 0
0.67900002 -2.234 1.661 7
0.64999998 -2.29 1.628 1
0.61699998 -2.3499999 1.599 3
0 0 0 0
0.70700002 -2.1619999 1.619 7
0.68400002 -2.2219999 1.589 7
0.65499997 -2.2820001 1.559 8
0 0 0 0
0.736 -2.099 1.584 6
0.713 -2.1470001 1.544 8
0.69 -2.211 1.517 7
0.66299999 -2.2509999 1.483 5
0.76700002 -2.0469999 1.557 8
0.741 -2.075 1.503 8
0.72100002 -2.1370001 1.474 7
0.70200002 -2.188 1.447 7
0.79000002 -1.983 1.521 7
0.77100003 -2.0179999 1.472 7
0.75199997 -2.0710001 1.438 7
0.73400003 -2.112 1.403 8
0.81699997 -1.9299999 1.494 8
0.796 -1.955 1.437 8
0.78399998 -2.0139999 1.406 9
0.76700002 -2.05 1.369 7
0.84100002 -1.877 1.467 7
0.82099998 -1.896 1.406 8
0.81099999 -1.948 1.37 7
0.792 -1.972 1.325 7
0.86400002 -1.823 1.439 8
0.84799999 -1.845 1.3789999 8
0.83899999 -1.892 1.341 7
0.82300001 -1.914 1.295 8
0.889 -1.779 1.419 8
0.87099999 -1.79 1.351 8
0.86400002 -1.8329999 1.3099999 9
0.847 -1.847 1.258 9
0.89700001 -1.704 1.374 7
0.89399999 -1.738 1.325 9
0.88499999 -1.7690001 1.276 8
0.86900002 -1.7819999 1.224 7
1.627 -2.9389999 2.3970001 35
0.91600001 -1.689 1.302 6
0.903 -1.707 1.243 7
0.88700002 -1.7130001 1.186 7
1.688 -2.904 2.3959999 52
1.758 -3.0769999 2.3970001 50
1.825 -3.2650001 2.402 48
0.94400001 -1.721 1.2029999 7
1.742 -2.8570001 2.3870001 49
1.827 -3.04 2.3959999 50
1.9 -3.223 2.3970001 49
1.982 -3.4159999 2.4130001 42
1.802 -2.8210001 2.388 49
1.8940001 -3.0009999 2.395 50
1.979 -3.184 2.3959999 49
2.069 -3.3770001 2.4119999 42
1.865 -2.7880001 2.392 52
1.9579999 -2.9560001 2.3900001 49
2.0580001 -3.148 2.398 51
2.161 -3.3429999 2.4159999 43
1.921 -2.7460001 2.3889999 52
2.03 -2.921 2.395 50
2.135 -3.1059999 2.398 50
2.2420001 -3.293 2.411 41
1.9809999 -2.7090001 2.392 52
2.0940001 -2.8770001 2.3929999 50
2.207 -3.056 2.3929999 45
2.3299999 -3.25 2.4119999 42
2.0380001 -2.6670001 2.392 53
2.1589999 -2.8310001 2.391 50
2.2820001 -3.013 2.3940001 49
2.4119999 -3.201 2.4100001 43
2.0910001 -2.6210001 2.388 53
2.221 -2.783 2.3889999 50
2.3540001 -2.961 2.391 51
2.4909999 -3.145 2.405 40
2.148 -2.579 2.3889999 52
2.283 -2.7360001 2.3870001 51
2.4230001 -2.9070001 2.3870001 45
2.576 -3.095 2.4070001 41
2.2 -2.5309999 2.3859999 53
2.345 -2.6849999 2.385 51
2.4979999 -2.8610001 2.3900001 47
2.655 -3.039 2.405 42
2.253 -2.4849999 2.385 53
2.4100001 -2.641 2.3889999 51
2.569 -2.8080001 2.3900001 49
2.7320001 -2.98 2.4030001 41
2.302 -2.434 2.381 49
2.4679999 -2.5880001 2.3859999 51
2.6389999 -2.753 2.3889999 50
2.8169999 -2.927 2.4059999 43
2.3559999 -2.3889999 2.3840001 53
2.5239999 -2.5309999 2.381 47
2.707 -2.6960001 2.3889999 51
1.666 -1.65 1.385 2
2.408 -2.3410001 2.3840001 52
2.585 -2.4809999 2.385 49
1.631 -1.551 1.404 14
1.6289999 -1.538 1.3200001 35
2.4619999 -2.296 2.388 54
1.655 -1.5190001 1.493 0
1.656 -1.5039999 1.393 49
1.658 -1.4910001 1.3099999 24
2.507 -2.2409999 2.382 53
1.675 -1.47 1.478 0
1.694 -1.4680001 1.393 55
1.721 -1.475 1.3279999 21
2.553 -2.187 2.3789999 53
2.7509999 -2.309 2.3789999 50
2.9690001 -2.454 2.388 18
3.184 -2.5969999 2.4000001 45
2.5999999 -2.1340001 2.3789999 52
2.8099999 -2.2550001 2.3829999 51
3.023 -2.382 2.3800001 52
3.2509999 -2.5250001 2.398 46
2.651 -2.0840001 2.382 53
2.858 -2.191 2.378 50
3.082 -2.3150001 2.3789999 53
3.319 -2.45 2.3970001 46
2.691 -2.0250001 2.3770001 53
2.9130001 -2.132 2.3800001 52
3.145 -2.2509999 2.382 53
3.382 -2.3740001 2.395 45
2.7360001 -1.971 2.378 46
2.957 -2.066 2.375 48
3.1949999 -2.1760001 2.3759999 50
3.447 -2.2980001 2.395 46
2.78 -1.915 2.3770001 52
3.01 -2.0039999 2.3770001 52
3.2520001 -2.1059999 2.3770001 52
3.819 -2.415 2.605 46
2.819 -1.8559999 2.3740001 53
3.053 -1.937 2.3729999 51
3.3039999 -2.033 2.375 53
3.8789999 -2.3239999 2.6010001 43
2.859 -1.796 2.3710001 53
3.1010001 -1.872 2.3729999 52
3.3529999 -1.957 2.3710001 53
3.941 -2.234 2.5999999 40
2.898 -1.7359999 2.369 53
3.1459999 -1.8049999 2.372 52
3.411 -1.886 2.3759999 54
3.997 -2.1400001 2.595 41
2.9400001 -1.679 2.3710001 51
3.188 -1.7359999 2.3699999 51
3.454 -1.806 2.3710001 54
4.0609999 -2.05 2.598 39
2.9790001 -1.618 2.3699999 52
3.2309999 -1.668 2.3699999 52
3.4960001 -1.726 2.3670001 52
4.1209998 -1.957 2.5999999 40
3.0190001 -1.558 2.372 53
3.27 -1.597 2.368 52
3.546 -1.649 2.369 43
4.164 -1.857 2.5929999 40
3.0480001 -1.492 2.3659999 53
3.3110001 -1.526 2.368 52
3.5869999 -1.568 2.368 53
4.2069998 -1.755 2.586 46
3.0869999 -1.431 2.369 54
3.3469999 -1.454 2.3659999 52
3.6259999 -1.485 2.365 54
4.2670002 -1.661 2.592 45
3.1229999 -1.368 2.369 53
3.375 -1.378 2.359 55
3.6659999 -1.403 2.3640001 55
4.303 -1.557 2.586 48
3.151 -1.301 2.3640001 54
3.4130001 -1.3049999 2.3599999 52
3.7019999 -1.319 2.3629999 56
4.348 -1.455 2.585 46
3.1800001 -1.235 2.362 54
3.447 -1.2309999 2.3599999 57
3.734 -1.233 2.3599999 56
4.3979998 -1.355 2.589 48
3.2119999 -1.169 2.3610001 53
3.4760001 -1.155 2.358 56
3.77 -1.149 2.3610001 57
4.4330001 -1.251 2.5869999 54
3.237 -1.1 2.358 53
3.503 -1.077 2.3540001 58
3.7950001 -1.061 2.3559999 58
4.4580002 -1.142 2.579 53
3.2679999 -1.034 2.359 55
3.5350001 -1.001 2.355 53
3.8210001 -0.972 2.352 57
4.4980001 -1.038 2.5829999 54
3.2969999 -0.96499997 2.359 54
3.5550001 -0.92199999 2.3499999 61
3.8499999 -0.88499999 2.3529999 58
4.527 -0.93099999 2.5810001 54
3.3180001 -0.89600003 2.3559999 55
3.5829999 -0.84399998 2.3510001 59
3.869 -0.79500002 2.348 58
4.5489998 -0.82300001 2.5780001 54
3.346 -0.82599998 2.3570001 55
3.609 -0.76599997 2.352 60
3.888 -0.70599997 2.345 58
4.573 -0.71399999 2.576 56
3.362 -0.75400001 2.3510001 55
3.6229999 -0.68400002 2.346 57
3.9089999 -0.616 2.3440001 57
4.5840001 -0.60299999 2.569 54
3.3859999 -0.68400002 2.352 54
3.6440001 -0.60399997 2.345 60
3.927 -0.52499998 2.3429999 57
4.5910001 -0.493 2.562 52
3.4070001 -0.61199999 2.3510001 55
3.6600001 -0.523 2.3429999 57
3.934 -0.433 2.3369999 56
0 0 0 0
3.418 -0.53799999 2.3440001 54
3.6719999 -0.44 2.3380001 54
3.9530001 -0.34299999 2.3380001 57
0.801 -0.046999998 0.44400001 6
3.431 -0.465 2.3410001 54
3.687 -0.359 2.3380001 59
0 0 0 0
0 0 0 0
3.45 -0.39199999 2.342 54
3.7 -0.27700001 2.3369999 53
0.759 -0.029999999 0.44600001 5
0.81300002 -0.0089999996 0.44800001 1
3.461 -0.31799999 2.3380001 55
3.704 -0.193 2.3310001 53
0.75800002 -0.012 0.44400001 0
0.81099999 0.0099999998 0.447 6
3.4619999 -0.242 2.3280001 54
0 0 0 0
0 0 0 0
0.80500001 0.028999999 0.44299999 6
3.4779999 -0.167 2.3299999 55
0.70300001 -0.0049999999 0.44 4
0.76200002 0.022 0.44600001 3
0.80299997 0.048 0.442 6
3.477 -0.092 2.3210001 50
0 0 0 0
0.75700003 0.039999999 0.442 5
0.80299997 0.068000004 0.442 6
0 0 0 0
0.727 0.027000001 0.45300001 0
0.759 0.057 0.44400001 5
0.80299997 0.086999997 0.44299999 6
0.66500002 0.011 0.44100001 4
0.71700001 0.043000001 0.44600001 4
0.75599998 0.075000003 0.442 5
0.80199999 0.106 0.44299999 6
0 0 0 0
0.70700002 0.057999998 0.44 4
0.75599998 0.093000002 0.44299999 5
0.80699998 0.126 0.447 6
0 0 0 0
0.70899999 0.075000003 0.44100001 4
0.75700003 0.111 0.44299999 5
0.80400002 0.146 0.447 6
0 0 0 0
0.70700002 0.090999998 0.44 5
0.75199997 0.12800001 0.442 5
0.80299997 0.16500001 0.44800001 6
0.671 0.07 0.44299999 5
0.70899999 0.107 0.442 5
0.74599999 0.145 0.43900001 5
0.796 0.184 0.44600001 6
0.66799998 0.085000001 0.44 5
0.70300001 0.123 0.43900001 3
0.74599999 0.163 0.44100001 4
0.778 0.199 0.43799999 6
0.667 0.098999999 0.44 5
0.70300001 0.139 0.44 3
0.74400002 0.18099999 0.442 4
0.78100002 0.22 0.442 6
0.66500002 0.114 0.43799999 5
0.699 0.155 0.43799999 3
0.73900002 0.197 0.44 4
0.77600002 0.23800001 0.442 4
0.66299999 0.12899999 0.43700001 5
0.69999999 0.171 0.44 3
0.736 0.215 0.44100001 4
0.773 0.25799999 0.44400001 4
0.66799998 0.145 0.44100001 5
0.69499999 0.18700001 0.43900001 3
0.72299999 0.23 0.435 4
0.76499999 0.27500001 0.442 4
0.662 0.16 0.43900001 5
0.68900001 0.20200001 0.43700001 3
0.72100002 0.248 0.43700001 4
0.75800002 0.29300001 0.442 5
0.66100001 0.175 0.43900001 4
0.68800002 0.219 0.43799999 3
0.71499997 0.264 0.43599999 4
0.74900001 0.31 0.44100001 5
0.65899998 0.19 0.43900001 5
0.68300003 0.235 0.43700001 3
0.70899999 0.28099999 0.43599999 4
0.74400002 0.329 0.44299999 6
0.65499997 0.205 0.43799999 5
0.68000001 0.25099999 0.43799999 3
0.70099998 0.29699999 0.435 4
0.73400003 0.345 0.44100001 5
0.653 0.22 0.43799999 5
0.676 0.26699999 0.43799999 3
0.69499999 0.31299999 0.435 4
0.72600001 0.36300001 0.44100001 6
0.64399999 0.233 0.43399999 5
0.671 0.28299999 0.43799999 3
0.69 0.33000001 0.43599999 4
0.72100002 0.382 0.44299999 6
0.64300001 0.25 0.43599999 5
0.66100001 0.29699999 0.435 3
0.68199998 0.34599999 0.435 4
0.708 0.396 0.44100001 5
0.64200002 0.266 0.43700001 5
0.65899998 0.31400001 0.43700001 4
0.67199999 0.361 0.43399999 4
0.70099998 0.414 0.442 6
0.634 0.27900001 0.435 5
0.64899999 0.32699999 0.43399999 4
0.66000003 0.375 0.43099999 4
0 0 0 0
0.63099998 0.29499999 0.435 5
0.64499998 0.34400001 0.43599999 4
0.65700001 0.39300001 0.43399999 5
0 0 0 0
0.62599999 0.31 0.435 5
0.63999999 0.36000001 0.43700001 3
0 0 0 0
0 0 0 0
0.61500001 0.322 0.43099999 5
0.63200003 0.375 0.43599999 3
0 0 0 0
0 0 0 0
0.616 0.34099999 0.435 5
0 0 0 0
0 0 0 0
0 0 0 0
0.60100001 0.34999999 0.42899999 5
0 0 0 0
0 0 0 0
0.63 0.50400001 0.43799999 6
0.60500002 0.37099999 0.435 1
0 0 0 0
0 0 0 0
0.61000001 0.51099998 0.433 6
0 0 0 0
0.91399997 0.66299999 0.66399997 1
0.602 0.48500001 0.43599999 5
0.59500003 0.523 0.43099999 6
0 0 0 0
0 0 0 0
0.58999997 0.498 0.435 5
0.588 0.54100001 0.435 5
0 0 0 0
0.58099997 0.463 0.435 5
0.56999999 0.50400001 0.428 4
0.57700002 0.55699998 0.43700001 5
0.57999998 0.433 0.43799999 1
0.565 0.472 0.43000001 3
0.56199998 0.51999998 0.43099999 4
0.56400001 0.56999999 0.43700001 5
0.56400001 0.442 0.43099999 5
0.55699998 0.48800001 0.43099999 4
0.55000001 0.53299999 0.43000001 4
0.54900002 0.58099997 0.435 5
0.55599999 0.456 0.43200001 5
0.546 0.5 0.43000001 4
0.53799999 0.54699999 0.43099999 4
0.53299999 0.59100002 0.43399999 6
0.546 0.47 0.43099999 5
0.53600001 0.51499999 0.43099999 4
0.52499998 0.55800003 0.43000001 4
0.52100003 0.60600001 0.43599999 4
0.53600001 0.48199999 0.43000001 5
0.52499998 0.52700001 0.43000001 4
0.51099998 0.56800002 0.42899999 4
0.50199997 0.611 0.43200001 5
0.52899998 0.498 0.43099999 5
0.51300001 0.53899997 0.43000001 4
0.49900001 0.58099997 0.42899999 4
0.54699999 0.69700003 0.484 3
0.51899999 0.51200002 0.43099999 5
0.50300002 0.55299997 0.43099999 3
0.484 0.59100002 0.428 4
0.56900001 0.76099998 0.51899999 0
0.50400001 0.52100003 0.42699999 5
0.49000001 0.565 0.43000001 4
0.565 0.72299999 0.51300001 3
0.46000001 0.64499998 0.433 4
0.49599999 0.537 0.42899999 5
0.479 0.57800001 0.43000001 3
0.50099999 0.67299998 0.46900001 0
0.53299999 0.78600001 0.51999998 3
0.486 0.55199999 0.43000001 5
0.56999999 0.722 0.52600002 2
0.45899999 0.64700001 0.44299999 3
0.53899997 0.83399999 0.54400003 2
0.47299999 0.56199998 0.428 5
0.48199999 0.63999999 0.45699999 0
0.53200001 0.78799999 0.53100002 2
0.52700001 0.85900003 0.55199999 3
0.56999999 0.70999998 0.528 2
0.458 0.63800001 0.44800001 3
0.52999997 0.824 0.54699999 2
0.50800002 0.87199998 0.55400002 3
0.50400001 0.65899998 0.47999999 0
0.537 0.78500003 0.54100001 2
0.52600002 0.861 0.56300002 2
0.48500001 0.87699997 0.55000001 3
0.44800001 0.61400002 0.43799999 5
0.52700001 0.80900002 0.54799998 1
0.505 0.87 0.56099999 2
0.46399999 0.88700002 0.55000001 3
0.542 0.78200001 0.546 2
0.52899998 0.85600001 0.56999999 2
0.48300001 0.87699997 0.55800003 2
0.44400001 0.898 0.551 3
0.52499998 0.796 0.54500002 2
0.50800002 0.86500001 0.56599998 2
0.463 0.88999999 0.55900002 2
0.42300001 0.90700001 0.551 3
0.537 0.85699999 0.57499999 2
0.48800001 0.87599999 0.565 2
0.44 0.89499998 0.55500001 2
0.40200001 0.91600001 0.551 3
0.514 0.86500001 0.57099998 3
0.465 0.884 0.56199998 2
0.41999999 0.90600002 0.55599999 3
0.38 0.92199999 0.55000001 3
0.49399999 0.87699997 0.56900001 3
0.44400001 0.89300001 0.56 2
0.40099999 0.91900003 0.55699998 2
0.36000001 0.93199998 0.551 3
0.47099999 0.884 0.56400001 2
0.42399999 0.90399998 0.55900002 2
0.377 0.921 0.55299997 2
0.338 0.93900001 0.551 3
0.44800001 0.89200002 0.56 2
0.40200001 0.912 0.55699998 2
0.35699999 0.93099999 0.55400002 2
0.317 0.94599998 0.55199999 3
0.428 0.903 0.55800003 3
0.38 0.91900003 0.55500001 2
0.33500001 0.93800002 0.55299997 3
0.29699999 0.95899999 0.55599999 3
0.40599999 0.91100001 0.55500001 3
0.359 0.92799997 0.55400002 2
0.31400001 0.94599998 0.55299997 2
0.27599999 0.96700001 0.55800003 3
0.38499999 0.92199999 0.55400002 3
0.33899999 0.93900001 0.55400002 2
0.294 0.958 0.55599999 2
0.25600001 0.97799999 0.56099999 2
0.36199999 0.92900002 0.551 2
0.317 0.94599998 0.55299997 2
0.27399999 0.972 0.56 2
0.235 0.98900002 0.565 2
0.34200001 0.94099998 0.551 2
0.296 0.95700002 0.55400002 2
0.25299999 0.98199999 0.56199998 2
0.214 0.99800003 0.56699997 3
0.31999999 0.94999999 0.55000001 2
0.27399999 0.96499997 0.55299997 2
0.23100001 0.98799998 0.56300002 2
0.192 1.0039999 0.56900001 3
0.29899999 0.963 0.551 2
0.25400001 0.97899997 0.55699998 2
0.20900001 0.99599999 0.56400001 2
0.17200001 1.023 0.57800001 3
0.27500001 0.96700001 0.54699999 2
0.23100001 0.98500001 0.55599999 2
0.18700001 1.005 0.56599998 2
0.15000001 1.036 0.58399999 3
0.25299999 0.97399998 0.546 2
0.20900001 0.99199998 0.55599999 2
0.16500001 1.0140001 0.56900001 2
0.127 1.038 0.58399999 3
0.23199999 0.98900002 0.54900002 2
0.18700001 1.0039999 0.55900002 2
0.145 1.0319999 0.57700002 2
0.105 1.048 0.58899999 3
0.20900001 0.99900001 0.55000001 2
0.16500001 1.017 0.56300002 2
0.122 1.0420001 0.58099997 3
0.082000002 1.056 0.59299999 3
0.18700001 1.011 0.551 2
0.142 1.024 0.56400001 2
0.098999999 1.0549999 0.58600003 2
0.059 1.0650001 0.59799999 3
0.164 1.022 0.55400002 2
0.119 1.034 0.56699997 2
0.075000003 1.056 0.58600003 3
0.035 1.075 0.60399997 3
0.14 1.028 0.55299997 2
0.097000003 1.049 0.57200003 2
0.052000001 1.066 0.58999997 2
0.012 1.084 0.60900003 2
0.116 1.0369999 0.55400002 2
0.072999999 1.068 0.58099997 2
0.028000001 1.076 0.59500003 2
-0.011 1.099 0.61799997 2
0.092 1.05 0.55800003 2
0.048999999 1.074 0.58200002 2
0.0040000002 1.085 0.60000002 2
-0.035999998 1.113 0.62699997 2
0.067000002 1.0599999 0.56 2
0.024 1.08 0.583 2
-0.02 1.097 0.60600001 2
-0.061000001 1.119 0.63200003 2
0.043000001 1.071 0.56400001 2
0 1.0880001 0.58700001 2
-0.045000002 1.108 0.61299998 2
-0.086999997 1.132 0.64099997 3
0.017000001 1.0829999 0.56800002 2
-0.025 1.101 0.59299999 2
-0.071000002 1.126 0.62300003 2
-0.113 1.142 0.64899999 2
-0.0080000004 1.097 0.57300001 2
-0.052000001 1.115 0.60000002 2
-0.097999997 1.1390001 0.63200003 2
-0.14 1.155 0.65799999 2
-0.035 1.1109999 0.579 2
-0.078000002 1.125 0.60500002 2
-0.124 1.14 0.63300002 2
-0.168 1.17 0.66900003 3
-0.061999999 1.123 0.58399999 2
-0.106 1.1390001 0.61299998 2
-0.152 1.161 0.64600003 2
-0.19599999 1.1849999 0.68099999 3
-0.090000004 1.13 0.58600003 2
-0.134 1.153 0.62099999 2
-0.18000001 1.168 0.653 2
-0.22499999 1.193 0.68900001 14
-0.118 1.137 0.58899999 2
-0.163 1.168 0.63 1
-0.20999999 1.1849999 0.66399997 2
-0.25400001 1.2029999 0.699 2
-0.148 1.158 0.60000002 2
-0.193 1.1799999 0.63800001 2
-0.242 1.207 0.67900002 2
-0.287 1.226 0.71700001 13
-0.177 1.16 0.60100001 3
-0.223 1.1900001 0.64399999 2
-0.27200001 1.215 0.68699998 2
-0.32100001 1.247 0.73400003 2
-0.211 1.191 0.61799997 2
-0.255 1.205 0.65399998 13
-0.303 1.224 0.69599998 12
-0.34900001 1.2460001 0.73799998 11
-0.241 1.196 0.62099999 2
-0.28799999 1.219 0.66500002 1
-0.338 1.247 0.713 2
-0.38499999 1.267 0.75599998 11
-0.27599999 1.217 0.634 13
-0.32300001 1.2410001 0.67900002 11
-0.37099999 1.255 0.722 11
-0.41299999 1.261 0.75800002 11
-0.308 1.222 0.63800001 2
-0.359 1.256 0.69099998 1
-0.403 1.26 0.73000002 1
-0.47999999 1.364 0.82700002 11
-0.34400001 1.239 0.64899999 11
-0.38999999 1.2539999 0.69400001 9
-0.45899999 1.33 0.77600002 15
-0.51599997 1.372 0.83899999 10
-0.38299999 1.26 0.66299999 2
-0.43200001 1.285 0.71499997 15
-0.50800002 1.372 0.80599999 10
-0.55900002 1.393 0.86000001 11
-0.41600001 1.258 0.66600001 11
-0.49700001 1.37 0.76800001 11
-0.54900002 1.386 0.82200003 10
-0.60100001 1.409 0.87900001 10
-0.48899999 1.367 0.727 2
-0.53899997 1.387 0.78299999 10
-0.59299999 1.405 0.84100002 9
-0.64700001 1.4299999 0.90200001 10
-0.53200001 1.381 0.73900002 9
-0.58399999 1.404 0.79900002 10
-0.64099997 1.429 0.86299998 10
-0.69499999 1.452 0.926 10
-0.579 1.402 0.75599998 9
-0.63200003 1.427 0.81900001 10
-0.68300003 1.437 0.87699997 9
-0.74599999 1.477 0.95200002 11
-0.62699997 1.421 0.77200001 10
-0.67799997 1.438 0.833 9
-0.73699999 1.466 0.90399998 9
-0.79100001 1.485 0.96899998 11
-0.676 1.437 0.78799999 9
-0.73299998 1.466 0.85799998 10
-0.792 1.49 0.93000001 10
-0.85299999 1.521 1.005 11
-0.73400003 1.4680001 0.81199998 10
-0.787 1.4859999 0.87900001 9
-0.84799999 1.515 0.95599997 10
-0.912 1.549 1.0369999 9
-0.792 1.492 0.833 10
-0.84600002 1.512 0.90399998 10
-0.912 1.545 0.98799998 11
-0.96899998 1.568 1.064 9
-0.85100001 1.5140001 0.85500002 11
-0.912 1.545 0.935 10
-0.97600001 1.574 1.02 11
-0.85000002 1.311 0.90200001 132
-0.917 1.543 0.88200003 9
-0.97799999 1.572 0.96399999 11
-0.83200002 1.277 0.83899999 87
-0.82800001 1.22 0.852 33
-0.991 1.58 0.91399997 9
-0.81800002 1.25 0.77600002 41
-0.82700002 1.21 0.80699998 32
-0.84200001 1.184 0.83999997 34
-0.81400001 1.2309999 0.722 27
-0.82999998 1.206 0.75999999 32
-0.84100002 1.173 0.79400003 34
-0.85399997 1.149 0.829 35
-0.82999998 1.192 0.70899999 33
-0.84299999 1.166 0.74599999 34
-0.85799998 1.143 0.78600001 32
-0.86900002 1.118 0.81999999 38
-0.85299999 1.163 0.70200002 37
-0.85799998 1.131 0.736 38
-0.87400001 1.113 0.77899998 33
-0.88499999 1.09 0.81300002 38
-0.866 1.123 0.68900001 37
-0.875 1.1 0.72799999 38
-0.88800001 1.079 0.76899999 37
-0.89600003 1.057 0.80400002 40
-0.87900001 1.085 0.67799997 34
-0.89099997 1.068 0.71899998 36
-0.89300001 1.038 0.75300002 31
-0.91100001 1.029 0.79699999 38
-0.89399999 1.051 0.66799998 33
-0.90200001 1.031 0.708 32
-0.91100001 1.013 0.74900001 34
-0.92400002 1.001 0.79100001 34
-0.90399998 1.012 0.65600002 32
-0.91299999 0.99699998 0.69700003 32
-0.92400002 0.98199999 0.741 33
-0.93099999 0.96499997 0.778 30
-0.92500001 0.98699999 0.653 9
-0.92900002 0.96799999 0.69199997 7
-0.93699998 0.95200002 0.73400003 7
-0.94400001 0.93800002 0.773 37
-0.935 0.94999999 0.64200002 38
-0.94300002 0.93800002 0.685 34
-0.949 0.92299998 0.727 35
-0.95700002 0.91100001 0.76800001 36
-0.94999999 0.92000002 0.63599998 10
-0.95200002 0.90399998 0.67500001 7
-0.96600002 0.89899999 0.72500002 8
-0.96899998 0.88499999 0.76300001 42
-0.963 0.889 0.62900001 9
-0.97100002 0.88 0.67299998 37
-0.97500002 0.86799997 0.71700001 38
-0.97899997 0.85600001 0.75599998 9
-0.98100001 0.86299998 0.62699997 9
-0.98299998 0.85100001 0.66799998 7
-0.98699999 0.83999997 0.71200001 8
-0.991 0.83099997 0.75199997 40
-0.98900002 0.82800001 0.61799997 10
-0.99699998 0.824 0.66399997 41
-0.995 0.81 0.704 9
-1.007 0.80800003 0.75099999 8
-1.005 0.801 0.61500001 9
-1.007 0.79400003 0.65700001 7
-1.011 0.78600001 0.70300001 8
-1.015 0.77999997 0.745 36
-1.006 0.76300001 0.60299999 10
-1.021 0.76700002 0.65399998 7
-1.024 0.75999999 0.699 8
-1.026 0.75400001 0.741 8
-1.027 0.741 0.60399997 9
-1.034 0.74000001 0.65100002 7
-1.039 0.736 0.69800001 6
-1.039 0.73000002 0.73900002 43
-1.034 0.708 0.597 10
-1.043 0.70999998 0.64499998 8
-1.048 0.708 0.69300002 8
-1.054 0.708 0.73900002 8
-1.064 0.69199997 0.60399997 6
-1.163 0.75300002 0.708 0
-1.469 0.94700003 0.958 0
0 0 0 0
-1.0700001 0.66000003 0.59799999 5
-1.525 0.93900001 0.91399997 87
-1.548 0.94999999 0.99400002 13
-1.562 0.95599997 1.066 1
-1.086 0.634 0.597 4
-1.177 0.68699998 0.69499999 164
-1.5930001 0.93000001 1.01 52
-1.596 0.93099999 1.075 53
-1.085 0.60000002 0.588 3
-1.105 0.611 0.64399999 1
-1.186 0.65799999 0.74199998 1
-1.1900001 0.66100001 0.79100001 2
-1.103 0.57499999 0.58899999 23
-1.107 0.57999998 0.63700002 25
-1.194 0.62800002 0.73799998 2
-1.1900001 0.62800002 0.78200001 3
-1.098 0.53899997 0.579 10
-1.12 0.55400002 0.63599998 3
-1.206 0.60100001 0.736 6
-1.21 0.60600001 0.787 18
-1.122 0.51800001 0.58499998 40
-1.136 0.52999997 0.63800001 37
-1.2359999 0.58200002 0.74699998 3
-1.225 0.58200002 0.78799999 2
-1.1160001 0.48300001 0.57499999 11
-1.131 0.49599999 0.62800002 4
-1.174 0.52200001 0.70200002 6
-1.174 0.52700001 0.74699998 1
-1.142 0.46200001 0.58200002 6
-1.145 0.47099999 0.62900001 4
0 0 0 0
0 0 0 0
-1.147 0.433 0.579 2
-1.1569999 0.44499999 0.63 5
0 0 0 0
0 0 0 0
-1.1670001 0.40900001 0.58399999 10
-1.169 0.419 0.63099998 7
0 0 0 0
0 0 0 0
-1.176 0.38100001 0.583 1
-1.181 0.39300001 0.63200003 5
0 0 0 0
0 0 0 0
-1.202 0.35800001 0.59100002 6
-1.2 0.36899999 0.63700002 7
0 0 0 0
0 0 0 0
-1.205 0.32699999 0.58899999 0
-1.205 0.34 0.63499999 4
0 0 0 0
0 0 0 0
-1.23 0.303 0.597 6
-1.2079999 0.31099999 0.63200003 5
0 0 0 0
0 0 0 0
-1.24 0.27399999 0.59899998 1
-1.226 0.28600001 0.63800001 2
0 0 0 0
0 0 0 0
-1.263 0.248 0.60699999 11
-1.2410001 0.25999999 0.64200002 10
0 0 0 0
0 0 0 0
-1.2640001 0.21699999 0.60399997 2
-1.272 0.236 0.65499997 1
0 0 0 0
0 0 0 0
-1.278 0.18799999 0.60900003 22
-1.832 0.29699999 0.93900001 151
-1.399 0.248 0.77100003 1
-1.373 0.26300001 0.80599999 0
-1.29 0.15899999 0.61199999 8
0 0 0 0
-1.872 0.28999999 1.027 52
-1.807 0.30700001 1.056 10
-1.294 0.12800001 0.61299998 11
-1.908 0.22 0.97100002 51
-1.895 0.25099999 1.035 51
-1.851 0.27500001 1.077 38
-1.3049999 0.097999997 0.616 11
-1.926 0.178 0.977 50
-1.911 0.20999999 1.041 49
-1.868 0.237 1.082 24
-1.318 0.068000004 0.62199998 12
-1.95 0.13500001 0.98699999 51
-1.932 0.169 1.049 50
-1.881 0.198 1.085 17
-1.329 0.037 0.62599999 12
-1.9680001 0.090999998 0.995 49
-1.952 0.12800001 1.057 49
-1.899 0.15899999 1.092 15
-1.351 0.0049999999 0.63700002 11
-1.985 0.046 1.002 47
-1.972 0.085000001 1.066 57
-1.913 0.119 1.097 15
-1.38 -0.026000001 0.65100002 7
-2.006 0.001 1.012 46
-1.984 0.041999999 1.0700001 63
-1.914 0.078000002 1.095 15
-1.3890001 -0.059 0.65600002 2
-2.026 -0.045000002 1.022 42
-1.995 0 1.075 61
-1.924 0.037999999 1.099 18
-2.0650001 -0.13699999 0.97600001 43
-2.0480001 -0.092 1.033 43
-2.0079999 -0.045000002 1.081 52
-1.939 -0.0020000001 1.1059999 22
-2.0899999 -0.18799999 0.991 39
-2.069 -0.14 1.045 39
-2.0569999 -0.090999998 1.108 47
-1.9579999 -0.044 1.115 22
-2.122 -0.241 1.0089999 50
-2.1070001 -0.191 1.066 52
-2.079 -0.139 1.119 63
-1.984 -0.086999997 1.1289999 67
-2.1470001 -0.296 1.024 52
-2.1229999 -0.242 1.076 49
-2.092 -0.186 1.127 70
-2.023 -0.132 1.15 88
-2.0810001 -0.336 0.99699998 135
-2.1489999 -0.29499999 1.092 52
-2.112 -0.235 1.14 78
-2.0480001 -0.178 1.164 79
-2.115 -0.39300001 1.018 150
-2.096 -0.336 1.068 149
-2.1340001 -0.285 1.153 61
-2.079 -0.22499999 1.182 48
-2.145 -0.45100001 1.038 6
-2.1029999 -0.38600001 1.076 150
-2.062 -0.322 1.117 114
-2.0769999 -0.27000001 1.182 79
-2.244 -0.52700001 1.092 42
-2.108 -0.43799999 1.0829999 86
-2.105 -0.37599999 1.143 107
-2.056 -0.31299999 1.1720001 121
-2.276 -0.59100002 1.115 50
-2.23 -0.51599997 1.151 56
-2.119 -0.42699999 1.154 35
-2.085 -0.36300001 1.1900001 123
-2.2980001 -0.65399998 1.133 66
-2.22 -0.56699997 1.153 60
-2.1670001 -0.48699999 1.184 100
-2.102 -0.412 1.202 121
-2.323 -0.72000003 1.155 72
-2.244 -0.62800002 1.1720001 69
-2.152 -0.53399998 1.181 132
-2.066 -0.45199999 1.1849999 150
-2.309 -0.77499998 1.1569999 64
-2.2509999 -0.68599999 1.183 94
-2.1440001 -0.583 1.182 149
-1.979 -0.47799999 1.138 150
-2.3510001 -0.85100001 1.189 44
-2.22 -0.73199999 1.175 74
-2.1459999 -0.63499999 1.189 150
-1.916 -0.50599998 1.105 27
-2.267 -0.88099998 1.1569999 100
-2.2279999 -0.79100001 1.188 150
-2.013 -0.64399999 1.1210001 65
-1.931 -0.55500001 1.118 19
-2.2750001 -0.94499999 1.173 59
-2.1359999 -0.81300002 1.148 150
-1.992 -0.68599999 1.1160001 21
-1.949 -0.60600001 1.1339999 20
-2.2130001 -0.98000002 1.154 91
-2.0639999 -0.83999997 1.119 24
-2.027 -0.74900001 1.1440001 23
-1.987 -0.66500002 1.161 27
-2.1329999 -1.0039999 1.125 21
-2.098 -0.90899998 1.148 25
-2.052 -0.81 1.166 23
-2.0109999 -0.72299999 1.181 41
-2.171 -1.084 1.159 23
-2.1110001 -0.97299999 1.1670001 25
-2.073 -0.87199998 1.187 31
-2.0320001 -0.77999997 1.201 38
-2.151 -1.137 1.164 28
-2.1370001 -1.044 1.194 31
-2.098 -0.93800002 1.211 31
-2.0580001 -0.84200001 1.224 33
-2.125 -1.187 1.166 25
-2.1500001 -1.1109999 1.214 49
-2.1289999 -1.0089999 1.24 30
-2.079 -0.90399998 1.244 35
-2.099 -1.237 1.1670001 23
-2.128 -1.1619999 1.216 45
-2.1489999 -1.077 1.2640001 34
-2.109 -0.972 1.271 30
-2.0840001 -1.294 1.177 23
-2.1059999 -1.2130001 1.219 36
-2.138 -1.132 1.27 45
-2.1329999 -1.04 1.296 24
-2.0610001 -1.346 1.183 24
-2.0840001 -1.263 1.222 34
-2.1159999 -1.181 1.27 41
-2.152 -1.108 1.318 41
-2.0420001 -1.401 1.191 29
-2.072 -1.321 1.232 25
-2.1029999 -1.2359999 1.276 26
-2.1340001 -1.159 1.319 42
-2.0179999 -1.454 1.198 25
-2.0480001 -1.372 1.235 26
-2.0840001 -1.288 1.28 25
-2.115 -1.209 1.3200001 27
-1.9680001 -1.488 1.189 24
-2.0309999 -1.428 1.244 27
-2.0610001 -1.3380001 1.281 21
-2.0840001 -1.253 1.314 23
-1.904 -1.5089999 1.173 23
-1.9910001 -1.4680001 1.239 26
-2.0439999 -1.392 1.288 22
-2.0799999 -1.313 1.325 23
-1.859 -1.544 1.168 25
-1.929 -1.4910001 1.221 34
-2.0239999 -1.446 1.293 22
-2.0580001 -1.364 1.327 23
-1.806 -1.571 1.158 26
-1.878 -1.52 1.21 36
-1.975 -1.478 1.28 26
-2.0320001 -1.4119999 1.326 24
-1.756 -1.598 1.15 28
-1.8200001 -1.5420001 1.194 33
-1.906 -1.495 1.255 33
-2.0139999 -1.466 1.331 24
-1.7029999 -1.623 1.141 27
-1.77 -1.569 1.184 26
-1.855 -1.522 1.2410001 33
-1.955 -1.49 1.309 24
-1.6670001 -1.663 1.143 30
-1.722 -1.598 1.175 27
-1.803 -1.548 1.227 39
-1.883 -1.503 1.279 39
-1.649 -1.722 1.159 19
-1.6720001 -1.624 1.166 28
-1.747 -1.569 1.21 41
-1.837 -1.534 1.267 34
-1.643 -1.795 1.184 15
-1.62 -1.645 1.154 29
-1.699 -1.596 1.199 43
-1.783 -1.557 1.249 33
-1.609 -1.84 1.191 16
-1.574 -1.6720001 1.148 33
-1.653 -1.624 1.1900001 33
-1.73 -1.58 1.232 41
-1.5650001 -1.872 1.191 15
-1.527 -1.696 1.14 29
-1.607 -1.651 1.181 25
-1.6799999 -1.604 1.2180001 52
-1.524 -1.91 1.194 15
-1.498 -1.7410001 1.147 32
-1.5549999 -1.67 1.1670001 30
-1.627 -1.625 1.202 52
-1.477 -1.9400001 1.193 16
-1.4809999 -1.803 1.165 24
-1.51 -1.698 1.16 27
-1.582 -1.651 1.191 35
-1.431 -1.97 1.192 15
-1.462 -1.864 1.182 18
-1.46 -1.717 1.149 31
-1.536 -1.678 1.181 26
-1.39 -2.006 1.197 16
-1.424 -1.902 1.1849999 18
-1.418 -1.745 1.1440001 29
-1.492 -1.704 1.1720001 33
-1.341 -2.0320001 1.1950001 16
-1.39 -1.946 1.192 18
-1.3890001 -1.79 1.15 29
-1.4450001 -1.727 1.1619999 31
-1.296 -2.063 1.198 16
-1.345 -1.974 1.191 17
-1.3789999 -1.863 1.174 19
-1.397 -1.749 1.151 32
-1.2539999 -2.098 1.2029999 19
-1.3 -2.0020001 1.1900001 17
-1.3559999 -1.92 1.189 17
-1.353 -1.773 1.143 32
-1.168 -2.0569999 1.166 39
-1.256 -2.0339999 1.191 17
-1.3200001 -1.96 1.192 18
-1.3329999 -1.831 1.156 25
-1.1440001 -2.125 1.191 44
-1.2 -2.0450001 1.1799999 18
-1.279 -1.9960001 1.194 17
-1.331 -1.919 1.188 17
-1.097 -2.1500001 1.192 60
-1.151 -2.066 1.177 70
-1.238 -2.03 1.1950001 17
-1.2970001 -1.9630001 1.193 15
-1.052 -2.1830001 1.198 44
-1.104 -2.089 1.175 52
-1.161 -2.0039999 1.161 36
-1.2589999 -2.003 1.1950001 15
-1.005 -2.2090001 1.202 51
-1.076 -2.152 1.196 37
-1.13 -2.0569999 1.174 66
-1.217 -2.0380001 1.1950001 15
-0.95499998 -2.2290001 1.202 42
-1.026 -2.1730001 1.194 26
-1.091 -2.096 1.1799999 69
-1.143 -2.017 1.1619999 50
-0.90399998 -2.2460001 1.202 27
-0.98000002 -2.201 1.197 26
-1.0599999 -2.1530001 1.196 30
-1.118 -2.0799999 1.1799999 49
-0.85299999 -2.2620001 1.201 24
-0.93400002 -2.23 1.2 27
-1.015 -2.1849999 1.198 24
-1.086 -2.1370001 1.194 40
-0.801 -2.2780001 1.201 23
-0.88200003 -2.247 1.197 25
-0.96799999 -2.2149999 1.199 30
-1.046 -2.1800001 1.199 36
-0.75 -2.2920001 1.201 26
-0.83499998 -2.2750001 1.201 25
-0.92199999 -2.2449999 1.201 36
-1 -2.2130001 1.2 68
-0.699 -2.3080001 1.202 27
-0.78399998 -2.2950001 1.202 26
-0.87300003 -2.2709999 1.201 41
-0.95200002 -2.243 1.2 72
-0.63999999 -2.2950001 1.188 38
-0.73199999 -2.3099999 1.2 38
-0.82499999 -2.3 1.2029999 41
-0.90499997 -2.2739999 1.2 83
-0.59299999 -2.323 1.197 23
-0.68199998 -2.329 1.201 36
-0.773 -2.3199999 1.202 44
-0.852 -2.2950001 1.196 87
-0.54299998 -2.3399999 1.2 27
-0.61900002 -2.3050001 1.1799999 32
-0.72100002 -2.3380001 1.2 43
-0.801 -2.3180001 1.194 89
-0.493 -2.358 1.206 26
-0.574 -2.345 1.193 33
-0.662 -2.335 1.187 64
-0.75 -2.3469999 1.1950001 89
-0.44 -2.368 1.206 19
-0.52499998 -2.3759999 1.202 31
-0.61500001 -2.372 1.196 34
-0.69599998 -2.3629999 1.1900001 82
-0.38800001 -2.3770001 1.207 25
-0.47299999 -2.391 1.2029999 15
-0.56699997 -2.4130001 1.207 30
-0.63999999 -2.3759999 1.184 54
-0.33700001 -2.3859999 1.209 25
-0.419 -2.3970001 1.2 23
-0.50999999 -2.414 1.198 11
-0.59200001 -2.4189999 1.193 26
-0.28400001 -2.3900001 1.2079999 24
-0.36700001 -2.4189999 1.206 32
-0.46000001 -2.4519999 1.209 6
-0.537 -2.4330001 1.1900001 18
-0.23199999 -2.3940001 1.209 24
-0.31400001 -2.4289999 1.206 32
-0.40599999 -2.4679999 1.209 34
-0.48100001 -2.451 1.188 11
-0.17900001 -2.395 1.2079999 30
-0.26100001 -2.4489999 1.212 27
-0.35100001 -2.494 1.215 29
-0.43000001 -2.4920001 1.198 23
-0.124 -2.349 1.184 32
-0.207 -2.4660001 1.217 27
-0.29499999 -2.5109999 1.216 27
-0.37 -2.497 1.191 36
-0.071000002 -2.279 1.148 14
-0.152 -2.461 1.211 22
-0.23899999 -2.5220001 1.216 28
-0.30700001 -2.4660001 1.168 33
-0.02 -2.164 1.09 12
-0.090999998 -2.312 1.135 12
-0.17900001 -2.5079999 1.2029999 46
-0.255 -2.5239999 1.188 18
0.025 -2.0580001 1.0369999 17
-0.037999999 -2.2049999 1.081 12
-0.115 -2.369 1.132 9
-0.19400001 -2.5009999 1.17 54
0.068000004 -2.026 1.022 2
0.0099999998 -2.0840001 1.021 15
-0.057999998 -2.2390001 1.067 12
-0.131 -2.415 1.123 9
0 0 0 0
0.055 -2.0339999 0.99599999 5
-0.0060000001 -2.1099999 1.003 14
-0.068999998 -2.2650001 1.049 10
0 0 0 0
0.098999999 -2.0139999 0.986 0
0.039999999 -2.059 0.97600001 14
-0.015 -2.155 0.99299997 12
0 0 0 0
0 0 0 0
0.085000001 -2.0109999 0.95099998 2
0.033 -2.0569999 0.94400001 16
0 0 0 0
0 0 0 0
0 0 0 0
0.079000004 -2.003 0.917 2
0 0 0 0
0 0 0 0
0 0 0 0
0 0 0 0
0 0 0 0
0 0 0 0
0 0 0 0
0 0 0 0
0 0 0 0
0 0 0 0
0 0 0 0
0 0 0 0
0 0 0 0
0 0 0 0
0 0 0 0
0 0 0 0
0 0 0 0
0 0 0 0
0 0 0 0
0 0 0 0
0 0 0 0
0 0 0 0
0 0 0 0
0 0 0 0
0.64899999 -2.3329999 1.226 6
0 0 0 0
0 0 0 0
0 0 0 0
0.68000001 -2.2590001 1.1950001 7
0.64499998 -2.3169999 1.163 1
0 0 0 0
0 0 0 0
0.713 -2.1949999 1.169 6
0.67799997 -2.2409999 1.131 7
0.65100002 -2.3329999 1.1160001 1
0 0 0 0
0.74000001 -2.1210001 1.138 7
0.71100003 -2.175 1.104 7
0.68400002 -2.2520001 1.081 7
0.64200002 -2.2650001 1.035 0
0.77200001 -2.0699999 1.119 8
0.73900002 -2.1010001 1.073 8
0.71700001 -2.177 1.051 8
0.69 -2.2309999 1.023 8
0.79100001 -1.99 1.084 7
0.77399999 -2.052 1.0549999 10
0.74800003 -2.1070001 1.022 8
0.72100002 -2.1489999 0.98900002 8
0.81999999 -1.941 1.066 9
0.79799998 -1.98 1.025 9
0.77899998 -2.043 0.99699998 9
0.75599998 -2.0869999 0.96499997 9
0.84100002 -1.8789999 1.0420001 8
0.82999998 -1.9349999 1.01 10
0.80199999 -1.9680001 0.96600002 9
0.77999997 -2.0039999 0.93099999 9
0.86500001 -1.825 1.022 8
0.84799999 -1.862 0.98000002 9
0.83200002 -1.913 0.94599998 9
0.81199998 -1.947 0.91000003 8
0.89200002 -1.7819999 1.008 8
0.87400001 -1.812 0.96200001 10
0.85600001 -1.851 0.92299998 9
0.83600003 -1.875 0.88200003 9
0.90200001 -1.712 0.97799999 10
0.90100002 -1.765 0.94700003 9
0.88700002 -1.806 0.90799999 7
0.86400002 -1.821 0.86299998 9
1.008 -1.817 1.05 51
0.91799998 -1.705 0.92400002 10
0.90200001 -1.733 0.87900001 11
0.89300001 -1.772 0.847 9
0 0 0 0
1.04 -1.831 1.003 38
0.94599998 -1.72 0.88099998 5
0.90899998 -1.7 0.81900001 9
0 0 0 0
0 0 0 0
0 0 0 0
0 0 0 0
0 0 0 0
0 0 0 0
0 0 0 0
0 0 0 0
0 0 0 0
0 0 0 0
2.388 -3.7060001 1.964 0
0 0 0 0
0 0 0 0
0 0 0 0
0 0 0 0
0 0 0 0
0 0 0 0
0 0 0 0
0 0 0 0
0 0 0 0
2.9549999 -3.8399999 2.437 29
0 0 0 0
0 0 0 0
0 0 0 0
3.04 -3.7809999 2.4389999 31
3.197 -4.0180001 2.418 14
0 0 0 0
0 0 0 0
3.112 -3.7060001 2.4300001 29
3.312 -3.977 2.434 30
0 0 0 0
0 0 0 0
3.188 -3.6370001 2.425 30
3.401 -3.905 2.431 30
0 0 0 0
0 0 0 0
3.2750001 -3.5799999 2.431 31
1.646 -1.806 1.145 29
1.638 -1.812 1.068 44
1.637 -1.824 1.006 6
1.661 -1.739 1.2029999 15
1.62 -1.701 1.098 26
1.613 -1.7029999 1.023 51
1.626 -1.727 0.97100002 54
1.658 -1.664 1.174 23
1.631 -1.638 1.079 46
1.6160001 -1.6289999 0.99800003 48
1.605 -1.623 0.93099999 51
1.6720001 -1.608 1.158 37
1.645 -1.58 1.063 45
1.636 -1.574 0.98500001 52
1.624 -1.5650001 0.917 66
1.688 -1.5549999 1.1440001 33
1.656 -1.521 1.046 51
1.664 -1.528 0.97799999 61
1.6569999 -1.522 0.912 72
1.699 -1.5 1.128 32
1.686 -1.48 1.041 74
1.697 -1.487 0.97399998 58
1.7029999 -1.49 0.91399997 72
1.73 -1.4630001 1.126 42
1.7309999 -1.452 1.0470001 67
1.749 -1.462 0.98199999 67
1.7690001 -1.474 0.92699999 66
1.7640001 -1.428 1.126 62
1.774 -1.4220001 1.051 63
1.784 -1.421 0.98000002 52
1.842 -1.46 0.94300002 34
1.8 -1.395 1.128 48
1.804 -1.381 1.048 44
1.819 -1.381 0.97899997 36
1.801 -1.358 0.903 28
3.915 -2.902 2.411 38
1.84 -1.345 1.05 17
1.878 -1.359 0.991 55
0 0 0 0
3.9779999 -2.8199999 2.408 38
4.2810001 -2.984 2.398 29
0 0 0 0
0 0 0 0
4.027 -2.7279999 2.398 34
4.342 -2.885 2.391 20
0 0 0 0
0 0 0 0
4.1020002 -2.652 2.404 37
4.408 -2.789 2.3870001 19
0 0 0 0
0 0 0 0
4.1690001 -2.5710001 2.4059999 19
4.4770002 -2.694 2.3859999 16
0 0 0 0
0 0 0 0
4.5580001 -2.678 2.5910001 19
0 0 0 0
0 0 0 0
0 0 0 0
4.6090002 -2.5769999 2.5840001 16
0 0 0 0
0 0 0 0
0 0 0 0
4.6659999 -2.48 2.5799999 14
0 0 0 0
0 0 0 0
0 0 0 0
4.704 -2.372 2.5669999 8
5.1350002 -2.494 2.5840001 4
5.6409998 -2.651 2.6129999 3
6.1129999 -2.7920001 2.6240001 29
4.8540001 -2.319 2.615 31
5.2399998 -2.402 2.6040001 25
5.6880002 -2.513 2.6010001 27
6.1820002 -2.6440001 2.619 30
4.902 -2.214 2.609 24
5.303 -2.2880001 2.602 34
5.7579999 -2.385 2.5999999 27
6.2449999 -2.4949999 2.6129999 30
4.947 -2.1070001 2.602 33
5.3600001 -2.1719999 2.5999999 35
5.8249998 -2.2539999 2.5999999 28
6.3119998 -2.345 2.6099999 31
5 -2.0039999 2.5999999 33
5.414 -2.053 2.5969999 37
5.8769999 -2.118 2.5940001 28
6.3850002 -2.1989999 2.6110001 32
5.0510001 -1.901 2.599 37
5.4679999 -1.9349999 2.596 38
5.9390001 -1.9859999 2.595 29
6.4320002 -2.0439999 2.605 32
5.098 -1.795 2.596 38
5.5209999 -1.816 2.596 39
5.9920001 -1.849 2.5929999 29
6.487 -1.8890001 2.6010001 32
5.1550002 -1.691 2.5999999 36
5.5640001 -1.692 2.5899999 39
6.0320001 -1.709 2.5869999 29
6.5320001 -1.733 2.5969999 34
5.1900001 -1.58 2.5929999 39
5.5949998 -1.5650001 2.582 40
6.0840001 -1.5700001 2.5869999 29
6.5960002 -1.579 2.6010001 32
5.237 -1.47 2.5929999 38
5.6500001 -1.444 2.585 40
6.0949998 -1.42 2.5699999 29
6.632 -1.42 2.596 33
5.2839999 -1.362 2.5940001 43
5.6900001 -1.318 2.5829999 41
6.112 -1.275 2.5580001 36
6.6729999 -1.26 2.5929999 32
5.3200002 -1.249 2.5899999 40
5.7220001 -1.191 2.5780001 39
6.1700001 -1.138 2.566 29
6.7179999 -1.103 2.596 32
5.3509998 -1.136 2.586 41
5.756 -1.064 2.576 40
6.198 -0.99400002 2.562 29
6.7340002 -0.93800002 2.5869999 32
5.3860002 -1.022 2.5840001 40
5.8010001 -0.93800002 2.579 38
6.2309999 -0.85000002 2.5610001 29
6.7649999 -0.77700001 2.5869999 32
5.4169998 -0.90600002 2.5810001 37
5.8270001 -0.80800003 2.576 39
6.2849998 -0.708 2.5699999 30
6.7820001 -0.61400002 2.5829999 31
5.4419999 -0.79000002 2.5769999 37
5.869 -0.67900002 2.5810001 39
6.302 -0.56 2.5650001 29
0 0 0 0
5.4860001 -0.67500001 2.5810001 37
5.8779998 -0.54500002 2.572 39
0 0 0 0
6.802 -0.28400001 2.573 5
5.4650002 -0.55199999 2.5580001 40
0 0 0 0
6.3629999 -0.266 2.572 4
6.7989998 -0.12 2.5669999 32
5.4819999 -0.435 2.5539999 1
0 0 0 0
6.3369999 -0.118 2.5550001 39
6.783 0.041000001 2.5569999 33
0 0 0 0
5.941 -0.149 2.5699999 4
6.3070002 0.028999999 2.5380001 36
6.802 0.206 2.562 31
5.5770001 -0.199 2.5739999 4
5.9439998 -0.014 2.563 38
6.348 0.177 2.55 29
6.7940001 0.36899999 2.5580001 32
5.5900002 -0.077 2.5699999 34
5.9450002 0.119 2.5580001 37
6.3590002 0.32699999 2.552 29
6.7729998 0.53200001 2.5510001 32
5.6090002 0.046 2.569 37
5.9499998 0.255 2.5550001 37
6.316 0.47400001 2.5339999 36
6.7610002 0.69599998 2.5480001 31
5.467 0.164 2.497 29
5.954 0.391 2.553 36
6.3400002 0.625 2.5439999 29
6.6950002 0.852 2.5280001 33
5.6129999 0.292 2.556 33
5.9650002 0.52700001 2.5550001 39
6.323 0.77100003 2.54 39
6.4369998 0.97500002 2.437 47
5.6389999 0.41600001 2.5639999 25
5.9590001 0.662 2.552 40
6.303 0.92000002 2.5339999 38
6.177 1.087 2.345 31
5.6669998 0.54299998 2.572 21
5.941 0.79699999 2.5450001 39
6.2550001 1.062 2.52 41
5.9650002 1.199 2.273 27
5.7049999 0.67299998 2.586 2
5.8280001 0.917 2.4979999 62
6.0139999 1.166 2.4300001 55
1.544 0.34900001 0.58999997 4
0 0 0 0
5.8569999 1.059 2.5120001 58
5.802 1.267 2.3510001 50
1.527 0.384 0.58700001 9
0.95899999 0.156 0.43399999 0
5.915 1.2079999 2.5420001 24
1.534 0.37200001 0.62400001 8
1.466 0.40599999 0.56699997 8
0.97799999 0.18099999 0.442 1
0 0 0 0
1.49 0.39899999 0.60799998 8
1.4170001 0.42899999 0.551 8
0.97600001 0.20299999 0.442 1
1.012 0.255 0.43700001 0
1.443 0.42300001 0.59200001 5
1.367 0.449 0.53500003 8
0.97299999 0.22499999 0.44100001 1
1.021 0.28200001 0.442 1
1.127 0.359 0.465 1
1.318 0.46799999 0.51999998 7
0.96799999 0.24699999 0.43900001 2
1.017 0.30599999 0.442 1
1.062 0.36500001 0.44100001 1
1.178 0.45100001 0.46900001 1
0.96899998 0.27000001 0.44100001 6
1.011 0.329 0.44100001 1
1.05 0.389 0.43900001 1
0 0 0 0
0.96899998 0.294 0.442 5
1.01 0.35499999 0.44299999 4
1.038 0.412 0.43700001 2
1.072 0.47 0.435 1
0.96700001 0.317 0.442 3
0.995 0.375 0.43900001 3
1.0319999 0.43799999 0.43799999 4
1.068 0.49900001 0.43799999 7
0.963 0.34 0.442 3
0.99199998 0.40000001 0.44 3
1.02 0.46200001 0.43700001 3
1.054 0.523 0.43700001 5
0.95599997 0.361 0.44100001 3
0.98699999 0.42399999 0.44100001 3
1.012 0.48699999 0.43799999 3
1.039 0.54699999 0.43599999 2
0.95200002 0.384 0.44100001 3
0.97600001 0.447 0.44 3
0.99699998 0.509 0.435 4
1.025 0.57099998 0.435 1
0.94800001 0.40700001 0.44100001 3
0.96700001 0.46900001 0.43900001 3
0.991 0.53500003 0.43700001 4
0.99400002 0.58499998 0.428 1
0.90200001 0.412 0.42300001 3
0.95200002 0.48899999 0.43599999 3
0.98000002 0.55900002 0.43799999 6
0 0 0 0
0.935 0.45199999 0.44100001 3
0.94700003 0.514 0.43799999 3
0.95200002 0.57200003 0.43000001 3
0 0 0 0
0.92199999 0.472 0.43700001 3
0.935 0.53600001 0.43700001 3
0 0 0 0
0 0 0 0
0.91299999 0.49399999 0.43599999 4
0.926 0.56 0.43700001 4
0 0 0 0
0 0 0 0
0.90700001 0.51800001 0.43700001 3
0 0 0 0
0 0 0 0
0 0 0 0
0.89899999 0.54000002 0.43700001 4
0 0 0 0
0 0 0 0
0.79799998 0.63700002 0.37900001 12
0 0 0 0
0 0 0 0
0 0 0 0
0.76999998 0.64600003 0.373 16
0 0 0 0
0 0 0 0
0.79500002 0.64399999 0.39300001 8
0.74900001 0.65899998 0.37099999 12
0 0 0 0
0 0 0 0
0.76599997 0.65100002 0.38600001 13
0.727 0.67000002 0.36700001 12
0 0 0 0
0.80299997 0.65100002 0.41 1
0.73299998 0.653 0.377 10
0.704 0.68000001 0.36399999 13
0 0 0 0
0.75999999 0.64600003 0.39500001 7
0.72000003 0.67199999 0.37799999 11
0.67699999 0.68599999 0.35800001 12
0.82499999 0.66399997 0.43000001 1
0.74199998 0.66000003 0.39199999 7
0.68599999 0.671 0.368 10
0.66000003 0.70099998 0.35800001 13
0.79699999 0.67199999 0.421 1
0.70899999 0.66000003 0.382 10
0.667 0.68300003 0.36500001 10
0.63599998 0.70700002 0.354 13
0.74699998 0.65899998 0.40099999 3
0.70099998 0.68400002 0.38499999 10
0.64499998 0.69199997 0.361 10
0.616 0.71799999 0.352 13
0.72100002 0.667 0.39399999 7
0.667 0.68099999 0.37400001 10
0.62300003 0.70099998 0.35800001 10
0.59500003 0.727 0.34999999 13
0.69099998 0.66900003 0.384 11
0.64200002 0.68699998 0.36700001 10
0.60399997 0.71100003 0.35600001 10
0.57499999 0.73699999 0.34900001 14
0.67000002 0.67900002 0.37900001 11
0.625 0.70099998 0.366 10
0.58200002 0.71899998 0.35299999 10
0.54900002 0.73900002 0.34400001 14
0.648 0.68699998 0.373 11
0.60500002 0.70999998 0.36300001 10
0.56199998 0.72799999 0.34999999 10
0.52899998 0.74800003 0.34200001 6
0.62800002 0.69800001 0.37 11
0.58399999 0.71799999 0.35800001 10
0.54799998 0.745 0.352 6
0.579 0.85900003 0.38699999 0
0.60799998 0.708 0.366 11
0.56599998 0.73100001 0.35699999 10
0.53399998 0.76200002 0.354 4
0.53200001 0.83200002 0.37 2
0.588 0.71700001 0.36199999 11
0.551 0.745 0.35699999 2
0.54699999 0.82099998 0.375 0
0.51999998 0.85600001 0.375 3
0.56900001 0.72799999 0.359 12
0.53500003 0.75999999 0.35699999 1
0.52600002 0.829 0.373 1
0.5 0.866 0.375 3
0.55299997 0.74199998 0.35800001 3
0.55599999 0.82999998 0.38299999 0
0.51700002 0.85799998 0.38 2
0.47999999 0.87900001 0.37599999 3
0.537 0.75599998 0.35699999 1
0.52499998 0.82499999 0.37400001 1
0.49700001 0.87 0.38 3
0.45699999 0.88499999 0.37400001 3
0.574 0.85000002 0.39300001 0
0.51999998 0.86000001 0.38299999 1
0.477 0.88200003 0.38 3
0.44 0.90200001 0.377 3
0.52600002 0.81900001 0.37099999 1
0.49700001 0.86699998 0.38 2
0.45300001 0.88700002 0.377 3
0.41800001 0.90899998 0.377 3
0.528 0.866 0.38499999 2
0.479 0.88200003 0.38100001 3
0.43099999 0.89399999 0.375 3
0.39300001 0.91100001 0.37400001 3
0.5 0.86400002 0.377 3
0.454 0.88499999 0.37599999 3
0.41100001 0.90600002 0.37599999 3
0.37200001 0.91900003 0.37400001 3
0.48100001 0.87900001 0.377 3
0.43599999 0.898 0.377 3
0.38800001 0.91000003 0.373 3
0.352 0.93000001 0.37599999 3
0.45699999 0.88300002 0.37200001 3
0.41299999 0.90600002 0.375 3
0.36899999 0.92400002 0.375 3
0.33199999 0.94199997 0.37799999 3
0.43700001 0.89499998 0.37099999 3
0.391 0.912 0.373 3
0.34799999 0.93300003 0.37599999 3
0.31900001 0.97500002 0.38800001 3
0.414 0.90200001 0.36899999 3
0.37099999 0.92299998 0.373 3
0.329 0.94599998 0.37799999 3
0.31299999 1.039 0.41100001 3
0.39199999 0.90799999 0.36500001 3
0.34999999 0.93400002 0.37200001 3
0.30700001 0.95200002 0.377 2
0.31099999 1.122 0.442 5
0.37200001 0.92299998 0.366 3
0.32800001 0.94 0.37099999 2
0.28799999 0.972 0.382 2
0.289 1.141 0.447 5
0.35100001 0.93099999 0.36399999 3
0.30700001 0.94999999 0.37099999 2
0.27700001 1.02 0.398 3
0.24699999 1.082 0.42199999 3
0.329 0.93900001 0.36300001 3
0.285 0.95700002 0.37 2
0.27700001 1.117 0.433 5
0.213 1.038 0.403 3
0.308 0.95200002 0.36300001 2
0.26300001 0.96600002 0.37 2
0.25799999 1.1569999 0.44600001 7
0.183 1.011 0.39199999 2
0.28600001 0.95999998 0.36199999 2
0.242 0.977 0.37200001 2
0.234 1.1720001 0.449 6
0.16 1.016 0.39300001 3
0.26499999 0.972 0.36300001 2
0.22 0.98799998 0.373 2
0.205 1.1670001 0.44499999 5
0.139 1.03 0.39700001 2
0.242 0.98100001 0.36199999 2
0.199 1.002 0.375 2
0.167 1.095 0.41600001 3
0.116 1.04 0.40000001 2
0.221 0.995 0.36399999 2
0.17900001 1.027 0.382 2
0.13699999 1.061 0.40099999 2
0.093000002 1.048 0.403 2
0.197 0.99900001 0.36199999 2
0.163 1.084 0.40099999 3
0.11 1.038 0.39199999 2
0.07 1.05 0.40400001 3
0.17399999 1.006 0.361 2
0.148 1.168 0.43000001 5
0.086000003 1.0470001 0.39399999 2
0.046 1.063 0.40799999 3
0.15099999 1.02 0.36300001 2
0.125 1.212 0.44299999 6
0.063000001 1.051 0.39500001 2
0.023 1.073 0.412 3
0.12800001 1.028 0.36399999 2
0.097000003 1.215 0.44299999 6
0.039000001 1.064 0.39899999 2
0 1.086 0.41800001 3
0.104 1.041 0.366 2
0.066 1.166 0.42300001 4
0.015 1.08 0.405 2
-0.026000001 1.135 0.43700001 4
0.079000004 1.045 0.36500001 2
0.037 1.124 0.40700001 3
-0.0089999996 1.087 0.40700001 2
-0.054000001 1.184 0.45699999 4
0.055 1.061 0.368 2
0.011 1.086 0.39199999 2
-0.034000002 1.098 0.41100001 2
-0.079000004 1.16 0.449 3
0.030999999 1.077 0.37200001 2
-0.014 1.0880001 0.39199999 2
-0.059 1.103 0.41299999 2
-0.102 1.1289999 0.43799999 3
0.0049999999 1.142 0.39300001 3
-0.039000001 1.096 0.39399999 2
-0.086999997 1.136 0.426 3
-0.12800001 1.136 0.44299999 3
-0.023 1.255 0.43000001 6
-0.064999998 1.1059999 0.39700001 2
-0.12 1.209 0.454 4
-0.15700001 1.154 0.45100001 3
-0.055 1.277 0.43599999 6
-0.092 1.119 0.40200001 2
-0.15000001 1.225 0.461 3
-0.184 1.163 0.45699999 2
-0.082000002 1.224 0.417 4
-0.12 1.133 0.40700001 2
-0.171 1.171 0.442 2
-0.213 1.177 0.465 2
-0.107 1.177 0.40099999 3
-0.149 1.147 0.412 2
-0.197 1.168 0.44299999 2
-0.245 1.201 0.477 2
-0.132 1.149 0.38999999 2
-0.178 1.161 0.41800001 2
-0.227 1.1799999 0.449 2
-0.27500001 1.209 0.48300001 2
-0.161 1.153 0.39199999 2
-0.20999999 1.181 0.426 2
-0.257 1.191 0.45500001 2
-0.30700001 1.221 0.491 2
-0.19 1.161 0.39399999 2
-0.242 1.198 0.433 1
-0.28999999 1.2079999 0.46399999 2
-0.338 1.232 0.498 2
-0.223 1.179 0.40099999 2
-0.27200001 1.2029999 0.43599999 2
-0.32499999 1.2309999 0.47499999 1
-0.37400001 1.251 0.50999999 14
-0.25299999 1.184 0.403 2
-0.30500001 1.216 0.44299999 2
-0.36000001 1.248 0.48500001 1
-0.405 1.253 0.51499999 2
-0.28799999 1.206 0.41100001 2
-0.33899999 1.23 0.44999999 2
-0.39399999 1.256 0.491 2
-0.456 1.313 0.54400003 26
-0.324 1.227 0.419 2
-0.37599999 1.249 0.45899999 2
-0.42399999 1.252 0.493 14
-0.514 1.381 0.57700002 3
-0.36300001 1.248 0.428 2
-0.40900001 1.251 0.46200001 14
-0.495 1.36 0.53899997 2
-0.54699999 1.377 0.58099997 11
-0.398 1.256 0.433 16
-0.47 1.3329999 0.49599999 2
-0.53299999 1.367 0.54699999 10
-0.59100002 1.395 0.59500003 10
-0.447 1.301 0.44999999 2
-0.51599997 1.36 0.509 12
-0.57599998 1.385 0.55900002 9
-0.63700002 1.4170001 0.61000001 9
-0.51499999 1.3890001 0.48300001 22
-0.56099999 1.38 0.52100003 7
-0.62199998 1.404 0.57200003 9
-0.685 1.438 0.62599999 9
-0.54799998 1.376 0.48199999 11
-0.60600001 1.398 0.53200001 9
-0.66900003 1.424 0.58600003 9
-0.73199999 1.455 0.64099997 9
-0.59399998 1.393 0.491 8
-0.65600002 1.4220001 0.54500002 9
-0.72000003 1.446 0.60100001 8
-0.78399998 1.476 0.65799999 10
-0.64200002 1.409 0.50099999 9
-0.70899999 1.447 0.56 9
-0.77499998 1.471 0.61900002 9
-0.84100002 1.503 0.67900002 10
-0.70099998 1.444 0.51800001 9
-0.764 1.47 0.57499999 9
-0.82700002 1.489 0.634 9
-0.90100002 1.53 0.69999999 11
-0.75199997 1.459 0.528 9
-0.81699997 1.4859999 0.588 9
-0.88700002 1.515 0.653 9
-0.963 1.556 0.722 11
-0.81099999 1.485 0.54299998 10
-0.88099998 1.5190001 0.60799998 9
-0.95200002 1.544 0.67400002 10
-1.021 1.573 0.74000001 11
-0.87900001 1.52 0.56199998 10
-0.94700003 1.546 0.62699997 10
-1.02 1.575 0.69800001 10
-0.829 1.217 0.58200002 46
-0.94499999 1.546 0.57800001 10
-1.0140001 1.573 0.64600003 10
-0.82200003 1.209 0.54299998 34
-0.84399998 1.184 0.57499999 46
-1.011 1.567 0.59399998 10
-0.829 1.222 0.509 39
-0.84200001 1.1799999 0.53799999 38
-0.85500002 1.146 0.565 39
-0.82599998 1.215 0.46599999 31
-0.83999997 1.179 0.498 37
-0.85299999 1.14 0.52899998 11
-0.87199998 1.1160001 0.56 47
-0.83999997 1.174 0.45699999 37
-0.85500002 1.143 0.491 38
-0.87 1.11 0.523 43
-0.884 1.0829999 0.55299997 11
-0.85699999 1.138 0.44999999 9
-0.87199998 1.11 0.484 8
-0.88700002 1.081 0.51899999 9
-0.89899999 1.053 0.54799998 46
-0.87099999 1.101 0.44299999 43
-0.88800001 1.077 0.47799999 39
-0.89899999 1.046 0.51099998 11
-0.91100001 1.022 0.542 9
-0.88800001 1.068 0.43700001 9
-0.90200001 1.044 0.472 8
-0.917 1.02 0.509 9
-0.92699999 0.99599999 0.53899997 42
-0.90100002 1.0319999 0.43000001 11
-0.917 1.013 0.46700001 8
-0.92400002 0.98299998 0.5 9
-0.93900001 0.96499997 0.53399998 9
-0.92199999 1.006 0.428 9
-0.926 0.97600001 0.46000001 8
-0.93800002 0.954 0.495 9
-0.95099998 0.93699998 0.52899998 9
-0.93199998 0.96799999 0.41999999 9
-0.94099998 0.94599998 0.45500001 8
-0.94199997 0.91600001 0.486 9
-0.958 0.90399998 0.52200001 9
-0.93800002 0.92799997 0.412 10
-0.95099998 0.91299999 0.449 8
-0.958 0.88999999 0.484 9
-0.97299999 0.87900001 0.51999998 9
-0.958 0.903 0.41 10
-0.96100003 0.88 0.44299999 8
-0.97299999 0.86400002 0.48100001 9
-0.98299998 0.84899998 0.51499999 10
-0.96799999 0.86900002 0.405 10
-0.977 0.85399997 0.44100001 8
-0.98699999 0.838 0.479 9
-0.99299997 0.82099998 0.51099998 9
-0.98299998 0.84100002 0.40200001 10
-0.98900002 0.82499999 0.43700001 8
-0.99599999 0.80800003 0.47400001 9
-0.99900001 0.79100001 0.505 9
-0.99699998 0.81199998 0.39899999 10
-1.001 0.796 0.43399999 8
-1.011 0.78399998 0.472 9
-1.013 0.76700002 0.50300002 9
-1.008 0.78100002 0.39500001 10
-1.013 0.76800001 0.43099999 8
-1.023 0.75700003 0.47 9
-1.027 0.74400002 0.50300002 9
-1.018 0.75099999 0.391 10
-1.027 0.741 0.42899999 8
-1.0319999 0.72799999 0.46599999 9
-1.039 0.71799999 0.5 10
-1.033 0.72399998 0.38999999 10
-1.038 0.713 0.426 8
-1.043 0.70099998 0.463 9
-1.049 0.69300002 0.498 9
-1.045 0.69499999 0.38699999 10
-1.054 0.68900001 0.426 3
-1.049 0.67199999 0.45899999 0
-1.058 0.66600001 0.495 1
-1.052 0.66299999 0.38299999 1
-1.061 0.65799999 0.42199999 1
-1.057 0.64499998 0.456 6
-1.071 0.64200002 0.49399999 6
-1.057 0.63099998 0.37900001 1
-1.075 0.63300002 0.421 8
-1.074 0.62300003 0.45699999 2
-1.08 0.61699998 0.49200001 1
-1.079 0.60900003 0.38100001 2
-1.082 0.60299999 0.417 2
-1.087 0.59799999 0.456 2
-1.091 0.59200001 0.491 19
-1.081 0.57700002 0.377 3
-1.091 0.57499999 0.41499999 3
-1.094 0.56999999 0.45300001 3
-1.1059999 0.56999999 0.49200001 1
-1.109 0.55699998 0.38100001 6
-1.1109999 0.55299997 0.41800001 6
-1.1109999 0.54799998 0.45500001 7
-1.136 0.55500001 0.49900001 12
-1.114 0.52700001 0.37799999 17
-1.113 0.523 0.414 16
-1.119 0.52100003 0.45300001 18
-1.1440001 0.52899998 0.49700001 2
-1.142 0.50700003 0.38299999 54
-1.1339999 0.50099999 0.417 34
-1.136 0.49900001 0.45500001 28
-1.158 0.505 0.498 16
-1.131 0.47 0.375 11
-1.142 0.47299999 0.41499999 7
-1.1440001 0.472 0.45300001 8
-1.1619999 0.477 0.495 1
-1.15 0.44499999 0.377 4
-1.145 0.44299999 0.412 4
-1.148 0.44400001 0.44999999 4
-1.1720001 0.45199999 0.49399999 9
-1.156 0.41600001 0.37599999 2
-1.16 0.41800001 0.41299999 2
-1.168 0.42199999 0.454 2
-1.177 0.42500001 0.49200001 2
-1.178 0.39199999 0.38 1
-1.174 0.39300001 0.41499999 1
-1.174 0.39399999 0.45199999 1
-1.188 0.40099999 0.49200001 12
-1.182 0.36199999 0.37799999 1
-1.188 0.36700001 0.41600001 1
-1.188 0.37 0.454 1
-1.199 0.37599999 0.493 1
-1.205 0.33700001 0.38299999 5
-1.194 0.33899999 0.41600001 0
-1.204 0.34599999 0.45699999 0
-1.211 0.352 0.49399999 10
-1.2130001 0.30899999 0.38299999 0
-1.214 0.31400001 0.419 4
-1.211 0.31900001 0.456 4
-1.221 0.32600001 0.495 3
-1.2180001 0.27900001 0.382 3
-1.215 0.285 0.417 0
-1.223 0.29300001 0.458 0
-1.2410001 0.303 0.49900001 2
-1.245 0.25299999 0.38800001 0
-1.226 0.257 0.41800001 3
-1.23 0.266 0.458 3
-1.244 0.27500001 0.49700001 11
-1.258 0.22499999 0.391 2
-1.2410001 0.23100001 0.421 0
-1.249 0.241 0.46200001 0
-1.242 0.24699999 0.49399999 2
-1.27 0.19599999 0.39300001 0
-1.2589999 0.204 0.426 2
-1.263 0.215 0.465 2
-1.2539999 0.222 0.495 5
-1.262 0.164 0.389 1
-1.2819999 0.177 0.43200001 0
-1.2690001 0.18700001 0.465 0
-1.277 0.198 0.50199997 0
-1.3049999 0.138 0.40099999 7
-1.285 0.148 0.43099999 3
-1.294 0.161 0.472 2
-1.253 0.16599999 0.491 1
-1.296 0.105 0.398 11
-1.301 0.119 0.435 9
-1.3 0.132 0.472 8
-1.296 0.14399999 0.505 13
-1.314 0.075000003 0.403 11
-1.311 0.090000004 0.43799999 9
-1.314 0.104 0.47600001 9
-1.293 0.115 0.50199997 11
-1.3329999 0.044 0.40799999 11
-1.321 0.059 0.44 9
-1.318 0.075000003 0.47600001 9
-1.319 0.089000002 0.50999999 10
-1.34 0.012 0.41 11
-1.337 0.028999999 0.44499999 9
-1.33 0.046 0.479 10
-1.33 0.061000001 0.51300001 10
-1.364 -0.018999999 0.41800001 11
-1.3559999 -0.001 0.45100001 9
-1.35 0.017000001 0.486 9
-1.3430001 0.033 0.51599997 10
-1.382 -0.052000001 0.42399999 11
-1.37 -0.032000002 0.456 8
-1.357 -0.012 0.48800001 9
-1.362 0.0040000002 0.52200001 10
-1.402 -0.086000003 0.43099999 6
-1.391 -0.064999998 0.463 7
-1.3789999 -0.043000001 0.495 10
-1.374 -0.025 0.52600002 10
-1.4119999 -0.12 0.435 43
-1.406 -0.097999997 0.46799999 30
-1.39 -0.075000003 0.49900001 12
-1.386 -0.055 0.52999997 10
-1.428 -0.156 0.44100001 10
-1.424 -0.133 0.47499999 6
-1.41 -0.107 0.50599998 10
-1.4 -0.086000003 0.53500003 47
-1.444 -0.193 0.44800001 42
-1.4299999 -0.16599999 0.47799999 34
-1.423 -0.141 0.51099998 11
-1.414 -0.117 0.54000002 10
-1.4630001 -0.23100001 0.456 11
-1.4529999 -0.20299999 0.48699999 9
-1.437 -0.17399999 0.51700002 47
-1.418 -0.148 0.54100001 46
-1.474 -0.26800001 0.46200001 46
-1.471 -0.23999999 0.49399999 44
-1.451 -0.20900001 0.52200001 12
-1.446 -0.183 0.55199999 10
-1.499 -0.31 0.472 30
-1.485 -0.27700001 0.50099999 42
-1.471 -0.245 0.53100002 44
-1.455 -0.21600001 0.55500001 51
-1.508 -0.34900001 0.47799999 40
-1.503 -0.317 0.509 32
-1.494 -0.28299999 0.54000002 46
-1.473 -0.25099999 0.56300002 49
-1.531 -0.39300001 0.48899999 40
-1.518 -0.35699999 0.51700002 41
-1.5039999 -0.31999999 0.54500002 40
-1.4859999 -0.287 0.56800002 41
-1.553 -0.43799999 0.49900001 40
-1.5369999 -0.39899999 0.52600002 42
-1.5190001 -0.359 0.55299997 43
-1.501 -0.324 0.57499999 42
-1.567 -0.48199999 0.50800002 37
-1.554 -0.442 0.53500003 37
-1.54 -0.40099999 0.56300002 38
-1.513 -0.361 0.58099997 23
-1.586 -0.52899998 0.51800001 38
-1.569 -0.48500001 0.54400003 41
-1.558 -0.44299999 0.57099998 39
-1.535 -0.40099999 0.59100002 42
-1.617 -0.58200002 0.53299999 40
-1.597 -0.53399998 0.55699998 38
-1.5779999 -0.486 0.58200002 41
-1.553 -0.442 0.60000002 46
-1.633 -0.63200003 0.54500002 38
-1.619 -0.583 0.56900001 36
-1.596 -0.53100002 0.59200001 43
-1.575 -0.486 0.611 44
-1.661 -0.68800002 0.56 36
-1.636 -0.63200003 0.57999998 41
-1.618 -0.579 0.60299999 37
-1.613 -0.53600001 0.62800002 51
-1.6849999 -0.745 0.574 40
-1.661 -0.68599999 0.59399998 34
-1.642 -0.63 0.616 45
-1.618 -0.57700002 0.63200003 38
-1.71 -0.80500001 0.58999997 36
-1.6849999 -0.74199998 0.60799998 37
-1.684 -0.68900001 0.63599998 46
-1.6160001 -0.61699998 0.63499999 48
-1.737 -0.86799997 0.60699999 34
-1.727 -0.80800003 0.63 45
-1.676 -0.73000002 0.63800001 37
-1.636 -0.66600001 0.64600003 44
-1.79 -0.94700003 0.634 50
-1.733 -0.85900003 0.639 32
-1.6950001 -0.78399998 0.64999998 43
-1.663 -0.71899998 0.66100001 5
-1.784 -0.99800003 0.64099997 32
-1.749 -0.91799998 0.65200001 37
-1.7309999 -0.847 0.67000002 0
-2.5120001 -1.152 1.005 37
-1.822 -1.075 0.66399997 34
-2.0009999 -1.109 0.755 4
-2.599 -1.346 1.016 51
-2.5539999 -1.24 1.029 40
-1.886 -1.174 0.699 19
-1.933 -1.13 0.73900002 0
-2.6489999 -1.448 1.046 128
-2.586 -1.327 1.049 40
-1.89 -1.238 0.71100003 4
-1.899 -1.169 0.736 77
-1.98 -1.141 0.79000002 3
-2.007 -1.086 0.82099998 6
-2.401 -1.654 0.91900003 48
-2.47 -1.6 0.97100002 6
-1.8940001 -1.148 0.764 44
-2.648 -1.508 1.092 25
-2.329 -1.686 0.90799999 44
-2.411 -1.641 0.96100003 47
0 0 0 0
-1.908 -1.143 0.79400003 12
-1.903 -1.446 0.75599998 6
-2.3429999 -1.673 0.949 47
-2.4400001 -1.633 1.008 10
-1.888 -1.188 0.79400003 5
-1.653 -1.317 0.67000002 121
-2.2449999 -1.682 0.92400002 3
-2.362 -1.658 0.98900002 49
-2.45 -1.618 1.041 30
-1.602 -1.3380001 0.662 61
-2.1860001 -1.717 0.91500002 23
-2.3050001 -1.697 0.97899997 9
-2.388 -1.654 1.026 49
-1.55 -1.358 0.65499997 43
-2.135 -1.758 0.91000003 28
0 0 0 0
-2.3150001 -1.681 1.007 50
-1.515 -1.39 0.65399998 44
-1.753 -1.512 0.76099998 4
0 0 0 0
-2.27 -1.725 0.99900001 6
-1.469 -1.411 0.64899999 30
-1.527 -1.3789999 0.676 11
-1.8 -1.522 0.80000001 3
0 0 0 0
-1.429 -1.438 0.64700001 18
-1.48 -1.398 0.66900003 150
-1.757 -1.554 0.79500002 2
0 0 0 0
-1.3839999 -1.4579999 0.64300001 20
-1.434 -1.418 0.662 62
-1.9680001 -1.821 0.90600002 38
-1.765 -1.5369999 0.81 3
-1.3380001 -1.475 0.63800001 27
-1.385 -1.434 0.65499997 39
-1.8380001 -1.779 0.86299998 150
-1.944 -1.77 0.90700001 5
-1.291 -1.492 0.63300002 36
-1.344 -1.456 0.64999998 31
-1.465 -1.483 0.70099998 161
-1.938 -1.845 0.91900003 50
-1.2460001 -1.508 0.62800002 41
-1.309 -1.484 0.64899999 20
-1.382 -1.4630001 0.67500001 111
-1.7460001 -1.738 0.84299999 150
-1.2029999 -1.526 0.625 43
-1.272 -1.51 0.64700001 16
-1.317 -1.46 0.65799999 49
-1.597 -1.6619999 0.78500003 150
-1.161 -1.545 0.62300003 43
-1.2309999 -1.531 0.64399999 27
-1.279 -1.483 0.65399998 37
-1.398 -1.522 0.70099998 155
-1.12 -1.563 0.62 41
-1.183 -1.541 0.63599998 39
-1.244 -1.51 0.65100002 22
-1.298 -1.477 0.66399997 49
-1.075 -1.575 0.61699998 52
-1.138 -1.5549999 0.63099998 42
-1.214 -1.5420001 0.65200001 16
-1.251 -1.49 0.65399998 46
-1.035 -1.5930001 0.61500001 45
-1.095 -1.569 0.62599999 49
-1.166 -1.553 0.64300001 29
-1.22 -1.52 0.65200001 22
-0.99599999 -1.613 0.61500001 42
-1.057 -1.59 0.62400001 48
-1.123 -1.568 0.63700002 38
-1.191 -1.556 0.653 15
-0.96200001 -1.64 0.61699998 12
-1.016 -1.6059999 0.62099999 45
-1.075 -1.575 0.62800002 45
-1.141 -1.561 0.64099997 30
-0.91900003 -1.652 0.61500001 6
-0.97899997 -1.628 0.62 35
-1.039 -1.598 0.62599999 47
-1.09 -1.5650001 0.62900001 51
-0.88 -1.67 0.61500001 8
-0.93099999 -1.632 0.61299998 4
-0.99800003 -1.614 0.62199998 45
-1.051 -1.5829999 0.62400001 49
-0.838 -1.681 0.61299998 12
-0.89300001 -1.651 0.61199999 6
-0.96200001 -1.638 0.62 10
-1.016 -1.607 0.62199998 50
-0.79699999 -1.693 0.611 19
-0.85900003 -1.677 0.61400002 10
-0.921 -1.651 0.616 5
-0.977 -1.626 0.61699998 44
-0.755 -1.704 0.61000001 150
-0.815 -1.684 0.60900003 12
-0.88 -1.666 0.61199999 9
-0.94099998 -1.65 0.61500001 4
-0.71899998 -1.727 0.61299998 85
-0.77700001 -1.702 0.60900003 48
-0.84100002 -1.684 0.60900003 11
-0.89899999 -1.664 0.60900003 8
-0.68099999 -1.744 0.61400002 19
-0.73900002 -1.721 0.60900003 153
-0.80199999 -1.701 0.60699999 23
-0.85799998 -1.676 0.60399997 11
-0.64399999 -1.767 0.61699998 11
-0.70099998 -1.7410001 0.61000001 30
-0.75999999 -1.71 0.602 150
-0.81999999 -1.696 0.60100001 8
-0.60799998 -1.791 0.62199998 5
-0.65899998 -1.749 0.60699999 11
-0.722 -1.73 0.602 57
-0.778 -1.7079999 0.59600002 11
-0.56599998 -1.802 0.62199998 4
-0.62300003 -1.774 0.61000001 9
-0.68800002 -1.7589999 0.60399997 9
-0.741 -1.73 0.59399998 11
-0.52600002 -1.8150001 0.62300003 3
-0.583 -1.7869999 0.60900003 4
-0.64499998 -1.766 0.60000002 3
0 0 0 0
-0.48699999 -1.832 0.62599999 2
-0.54299998 -1.803 0.61000001 3
-0.60600001 -1.783 0.59899998 2
0 0 0 0
-0.44999999 -1.858 0.63200003 2
-0.50300002 -1.818 0.61000001 2
-0.56800002 -1.807 0.60100001 8
0 0 0 0
-0.405 -1.855 0.62800002 41
-0.46700001 -1.85 0.61699998 2
-0.528 -1.821 0.59899998 2
0 0 0 0
-0.36500001 -1.869 0.63099998 52
-0.42500001 -1.855 0.61400002 13
-0.48500001 -1.8279999 0.59600002 2
-0.53799999 -1.798 0.57800001 5
-0.32600001 -1.897 0.63800001 45
-0.38499999 -1.875 0.61699998 52
-0.449 -1.8609999 0.60100001 1
-0.49900001 -1.818 0.57800001 5
-0.285 -1.91 0.64099997 45
-0.34299999 -1.885 0.61699998 49
-0.40400001 -1.863 0.597 44
-0.458 -1.836 0.57700002 1
-0.244 -1.927 0.64499998 43
-0.301 -1.896 0.61799997 49
-0.36399999 -1.88 0.59799999 48
-0.41800001 -1.857 0.57800001 29
-0.20200001 -1.946 0.64999998 45
-0.26199999 -1.926 0.625 43
-0.322 -1.893 0.59799999 49
-0.37599999 -1.872 0.57599998 52
-0.161 -1.976 0.65899998 51
-0.219 -1.939 0.62699997 44
-0.28200001 -1.923 0.60299999 45
-0.33500001 -1.89 0.57599998 53
-0.119 -2.003 0.66799998 59
-0.176 -1.956 0.63 35
-0.23899999 -1.939 0.60399997 43
-0.292 -1.904 0.57499999 55
-0.075000003 -2.0150001 0.67199999 56
-0.133 -1.979 0.63499999 41
-0.19599999 -1.955 0.60500002 42
-0.25 -1.929 0.57800001 48
-0.029999999 -2.0320001 0.67799997 46
-0.090000004 -2.0020001 0.64099997 43
-0.152 -1.972 0.60699999 43
-0.207 -1.946 0.57800001 47
0.014 -2.04 0.68000001 44
-0.045000002 -2.0179999 0.64499998 46
-0.108 -2 0.61299998 43
-0.163 -1.965 0.57999998 51
0.059999999 -2.066 0.69 10
0 -2.039 0.65100002 45
-0.063000001 -2.0120001 0.61400002 45
-0.118 -1.987 0.58200002 46
0 0 0 0
0.046 -2.062 0.65700001 22
-0.017000001 -2.03 0.61699998 43
-0.072999999 -2.0050001 0.58399999 46
0 0 0 0
0.089000002 -2.0109999 0.64099997 4
0.028999999 -2.0539999 0.62300003 36
-0.027000001 -2.0320001 0.588 51
0 0 0 0
0 0 0 0
0.075000003 -2.0339999 0.61500001 4
0.02 -2.0409999 0.588 47
0 0 0 0
0 0 0 0
0.122 -2.0320001 0.61299998 0
0.067000002 -2.0350001 0.583 6
0 0 0 0
0 0 0 0
0 0 0 0
0.115 -2.0339999 0.57999998 2
0 0 0 0
0 0 0 0
0 0 0 0
0.16599999 -2.073 0.58899999 2
0 0 0 0
0 0 0 0
0 0 0 0
0.21699999 -2.0899999 0.59200001 3
0 0 0 0
0 0 0 0
0 0 0 0
0.273 -2.1389999 0.60500002 3
0 0 0 0
0 0 0 0
0 0 0 0
0.32499999 -2.1500001 0.60600001 5
0.57200003 -2.2539999 0.77899998 2
0 0 0 0
0 0 0 0
0.38100001 -2.1700001 0.611 5
0.60900003 -2.197 0.76300001 12
0.56800002 -2.257 0.73100001 3
0 0 0 0
0.43700001 -2.1830001 0.61400002 3
0.68199998 -2.2679999 0.79299998 8
0.60399997 -2.191 0.713 12
0 0 0 0
0.49200001 -2.1900001 0.616 2
0.71700001 -2.2049999 0.77600002 9
0.67900002 -2.2639999 0.74000001 9
0.60000002 -2.1960001 0.66399997 14
0.56099999 -2.2490001 0.63300002 2
0.74800003 -2.142 0.75999999 7
0.71399999 -2.1989999 0.72299999 10
0.68000001 -2.2809999 0.69199997 10
0.62 -2.257 0.63599998 4
0.77100003 -2.063 0.73699999 10
0.75099999 -2.1500001 0.71100003 11
0.71399999 -2.207 0.67199999 10
0.68099999 -2.2679999 0.63999999 9
0.79900002 -2.0020001 0.72100002 10
0.778 -2.076 0.69 11
0.74699998 -2.138 0.65399998 11
0.72000003 -2.2060001 0.62400001 10
0.82999998 -1.957 0.71100003 10
0.80400002 -2.006 0.671 11
0.773 -2.0599999 0.63300002 10
0.74699998 -2.1159999 0.60000002 10
0.85000002 -1.886 0.69099998 10
0.83200002 -1.948 0.65700001 11
0.80199999 -1.994 0.616 10
0.77700001 -2.0469999 0.58200002 11
0.87099999 -1.826 0.676 10
0.85500002 -1.883 0.63999999 12
0.83700001 -1.949 0.60600001 12
0.80900002 -1.987 0.56800002 10
0.89899999 -1.784 0.667 12
0.87699997 -1.822 0.625 12
0.85600001 -1.874 0.58600003 12
0.84100002 -1.932 0.55500001 10
0.91100001 -1.716 0.648 12
0.903 -1.774 0.61400002 11
0.88099998 -1.817 0.57300001 12
0.861 -1.857 0.53600001 11
0.958 -1.714 0.65499997 3
0.91799998 -1.7079999 0.597 11
0.90700001 -1.765 0.56099999 11
0.88700002 -1.799 0.523 12
0 0 0 0
2.075 -3.661 1.293 28
0.92799997 -1.707 0.54699999 10
0.90899998 -1.737 0.50800002 12
0 0 0 0
2.23 -3.7349999 1.3329999 2
2.135 -3.717 1.2029999 53
0.94700003 -1.709 0.50400001 8
0 0 0 0
0 0 0 0
0 0 0 0
2.1919999 -3.744 1.114 59
0 0 0 0
0 0 0 0
2.4690001 -3.872 1.279 0
0 0 0 0
0 0 0 0
0 0 0 0
0 0 0 0
0 0 0 0
0 0 0 0
0 0 0 0
0 0 0 0
0 0 0 0
0 0 0 0
0 0 0 0
0 0 0 0
0 0 0 0
0 0 0 0
0 0 0 0
0 0 0 0
0 0 0 0
0 0 0 0
0 0 0 0
0 0 0 0
0 0 0 0
1.622 -1.825 0.80400002 6
1.5880001 -1.819 0.72600001 4
1.562 -1.8279999 0.65600002 2
1.538 -1.836 0.59500003 5
0 0 0 0
0 0 0 0
0 0 0 0
1.567 -1.7819999 0.58700001 31
1.614 -1.666 0.76099998 10
1.6289999 -1.705 0.70599997 6
1.649 -1.758 0.653 20
1.661 -1.8 0.60299999 3
1.62 -1.601 0.74599999 60
1.6160001 -1.618 0.68300003 61
1.646 -1.675 0.634 61
1.651 -1.705 0.58099997 44
1.642 -1.5549999 0.74000001 70
1.6390001 -1.569 0.676 70
1.659 -1.6109999 0.62199998 45
1.656 -1.6289999 0.56599998 49
1.6720001 -1.516 0.73699999 64
1.6720001 -1.53 0.67299998 69
1.6720001 -1.549 0.611 32
1.684 -1.579 0.56 43
1.717 -1.49 0.741 69
1.701 -1.487 0.66900003 70
1.6900001 -1.494 0.602 36
1.676 -1.497 0.54299998 38
1.766 -1.466 0.74599999 49
1.756 -1.466 0.676 60
1.727 -1.457 0.60100001 40
1.705 -1.45 0.53899997 41
1.854 -1.473 0.76800001 4
1.829 -1.46 0.69 18
1.804 -1.452 0.61500001 19
1.784 -1.446 0.551 20
1.751 -1.331 0.71200001 22
1.723 -1.313 0.63700002 24
1.717 -1.317 0.57200003 13
1.705 -1.3150001 0.514 15
0 0 0 0
4.4809999 -3.2590001 1.624 15
1.7589999 -1.285 0.574 9
0 0 0 0
0 0 0 0
4.5510001 -3.154 1.618 18
5.0159998 -3.4849999 1.604 7
0 0 0 0
0 0 0 0
4.6160002 -3.049 1.612 18
5.1020002 -3.3710001 1.601 4
9.6219997 -6.3610001 2.721 14
0 0 0 0
4.6890001 -2.947 1.609 16
5.1690001 -3.2449999 1.592 4
9.7860003 -6.1350002 2.7149999 14
0 0 0 0
4.7670002 -2.848 1.608 16
3.668 -2.184 1.11 54
3.6340001 -2.158 0.99000001 40
0 0 0 0
3.756 -2.132 1.248 12
3.3369999 -1.883 0.99299997 6
3.348 -1.881 0.89600003 33
3.671 -2 1.329 25
3.7609999 -2.0239999 1.23 38
3.388 -1.8099999 0.99299997 7
3.3659999 -1.785 0.88599998 34
0 0 0 0
3.8410001 -1.957 1.238 14
3.414 -1.721 0.98400003 7
3.418 -1.7079999 0.88499999 34
5 -2.448 1.758 0
8.4119997 -4.0500002 2.6719999 6
3.846 -1.827 1.0930001 40
3.4590001 -1.624 0.88200003 60
5.6329999 -2.6099999 1.956 3
8.4720001 -3.8440001 2.6530001 24
9.4870005 -4.2379999 2.658 22
3.471 -1.529 0.87300003 45
5.684 -2.484 1.947 6
8.5869999 -3.6670001 2.655 22
9.6079998 -4.0240002 2.6559999 21
3.5280001 -1.4529999 0.875 58
5.743 -2.3640001 1.943 40
8.6859999 -3.48 2.6530001 27
9.7320004 -3.816 2.6589999 25
3.563 -1.368 0.87300003 53
5.809 -2.247 1.943 3
8.842 -3.316 2.6689999 30
9.8559999 -3.599 2.6600001 22
3.595 -1.2819999 0.87 53
5.8730001 -2.1270001 1.942 1
8.8830004 -3.1040001 2.651 31
9.9230003 -3.362 2.648 24
3.635 -1.197 0.87 47
8.0830002 -2.7320001 2.6440001 23
8.9680004 -2.905 2.6459999 31
10.02 -3.132 2.6440001 29
3.6619999 -1.107 0.866 45
8.1669998 -2.5610001 2.642 23
8.9460001 -2.677 2.612 30
7.6929998 -2.2079999 2.0090001 1
3.6930001 -1.02 0.86500001 38
8.3000002 -2.405 2.6570001 23
9.1000004 -2.5009999 2.632 21
10.217 -2.674 2.6429999 23
3.727 -0.93300003 0.86500001 34
8.3439999 -2.224 2.645 28
9.1999998 -2.3050001 2.635 33
10.265 -2.431 2.6329999 27
3.7679999 -0.84600002 0.86799997 28
8.3970003 -2.046 2.638 21
9.2550001 -2.102 2.6300001 29
10.329 -2.1949999 2.628 26
3.799 -0.759 0.86900002 19
8.4499998 -1.8660001 2.632 24
9.3260002 -1.899 2.6289999 29
10.389 -1.955 2.6240001 26
3.8410001 -0.67000002 0.87199998 10
8.5459995 -1.694 2.6389999 25
9.3889999 -1.6900001 2.625 30
9.3479996 -1.534 2.345 55
3.8959999 -0.583 0.87900001 6
8.5570002 -1.5 2.619 22
9.3699999 -1.466 2.5999999 45
10.478 -1.464 2.6099999 22
3.9449999 -0.49200001 0.88499999 0
8.6350002 -1.322 2.6240001 20
9.559 -1.275 2.6340001 32
10.564 -1.224 2.6159999 27
11.454 -1.15 2.5569999 45
6.3800001 -0.83399999 1.924 0
9.573 -1.058 2.622 34
10.557 -0.97100002 2.5999999 27
0 0 0 0
6.4120002 -0.69700003 1.92 1
9.6210003 -0.84200001 2.619 37
0 0 0 0
0 0 0 0
6.4879999 -0.56400001 1.931 1
0 0 0 0
0 0 0 0
0 0 0 0
0 0 0 0
0 0 0 0
0 0 0 0
0 0 0 0
0 0 0 0
0 0 0 0
0 0 0 0
0 0 0 0
0 0 0 0
0 0 0 0
0 0 0 0
1.176 0.052999999 0.25799999 1
0 0 0 0
0 0 0 0
0 0 0 0
0 0 0 0
0 0 0 0
0 0 0 0
0 0 0 0
0 0 0 0
1.1670001 0.052000001 0.336 0
0 0 0 0
0 0 0 0
0 0 0 0
0 0 0 0
0 0 0 0
0 0 0 0
0 0 0 0
0 0 0 0
0 0 0 0
0 0 0 0
0 0 0 0
0 0 0 0
0 0 0 0
0 0 0 0
1.277 0.245 0.28400001 0
0 0 0 0
0 0 0 0
1.223 0.235 0.296 1
0 0 0 0
0 0 0 0
1.226 0.229 0.32300001 1
1.261 0.273 0.30599999 0
0 0 0 0
0 0 0 0
1.2309999 0.259 0.32499999 1
1.277 0.308 0.31099999 0
0 0 0 0
0 0 0 0
0 0 0 0
0 0 0 0
0 0 0 0
0 0 0 0
0 0 0 0
0 0 0 0
1.376 0.44100001 0.31400001 8
1.229 0.30399999 0.34799999 0
1.279 0.36199999 0.33899999 1
1.3839999 0.43900001 0.34099999 6
1.334 0.463 0.30700001 7
1.2539999 0.34 0.35499999 0
1.29 0.39700001 0.34299999 1
1.344 0.461 0.333 10
1.299 0.48699999 0.301 1
1.268 0.37400001 0.359 0
1.36 0.45300001 0.36300001 6
1.3 0.47999999 0.324 2
1.24 0.49900001 0.28999999 11
1.352 0.43200001 0.384 1
1.324 0.47499999 0.35499999 6
1.252 0.49700001 0.315 11
1.2029999 0.51800001 0.28400001 2
1.336 0.46000001 0.38 8
1.271 0.48899999 0.34200001 1
1.217 0.51599997 0.308 1
1.161 0.53299999 0.27700001 1
1.303 0.48100001 0.37099999 1
1.237 0.50800002 0.33500001 12
1.1849999 0.53500003 0.303 1
0 0 0 0
1.268 0.5 0.36199999 8
1.182 0.51800001 0.322 2
1.072 0.514 0.27599999 2
1.03 0.53399998 0.252 9
1.2180001 0.51300001 0.34900001 1
1.16 0.54000002 0.31799999 0
1.044 0.53200001 0.27200001 9
1 0.54900002 0.248 9
1.179 0.528 0.33899999 11
0 0 0 0
1.018 0.54900002 0.26800001 13
0.97000003 0.56300002 0.244 9
1.081 0.51300001 0.31200001 1
1.028 0.537 0.28600001 8
0.97799999 0.55699998 0.25999999 8
0.93800002 0.57499999 0.23899999 9
1.0470001 0.52600002 0.30399999 9
0.995 0.54900002 0.27900001 8
0.95999998 0.57700002 0.25799999 8
0 0 0 0
1.018 0.54000002 0.29699999 9
0.96899998 0.56400001 0.27399999 8
0.93000001 0.58999997 0.25400001 4
0 0 0 0
0.99000001 0.55400002 0.29100001 9
0.94400001 0.579 0.27000001 8
0 0 0 0
0 0 0 0
0.95200002 0.56099999 0.28099999 12
0 0 0 0
0 0 0 0
0 0 0 0
0.93300003 0.579 0.278 8
0 0 0 0
0 0 0 0
0 0 0 0
0 0 0 0
0 0 0 0
0 0 0 0
0.77600002 0.64399999 0.22 22
0 0 0 0
0 0 0 0
0.77600002 0.63 0.228 10
0.75 0.65399998 0.21699999 13
0 0 0 0
0 0 0 0
0.76200002 0.64899999 0.228 15
0.72600001 0.66399997 0.215 13
0 0 0 0
0.773 0.63599998 0.23800001 10
0.727 0.64899999 0.222 10
0.70300001 0.67400002 0.213 14
0 0 0 0
0.75099999 0.64700001 0.235 14
0.70700002 0.662 0.22 10
0.68099999 0.685 0.212 14
0.76499999 0.63300002 0.242 11
0.72299999 0.653 0.23 10
0.68400002 0.671 0.21799999 10
0.65799999 0.69300002 0.20900001 14
0.755 0.65399998 0.242 12
0.70200002 0.66299999 0.227 10
0.66299999 0.68099999 0.21600001 10
0.62699997 0.69300002 0.205 13
0.722 0.65499997 0.234 11
0.67799997 0.67199999 0.223 10
0.64300001 0.69199997 0.214 10
0.60699999 0.704 0.204 13
0.699 0.66399997 0.23 12
0.65799999 0.68199998 0.221 10
0.62300003 0.70300001 0.213 11
0.58499998 0.71200001 0.20299999 14
0.67799997 0.67400002 0.227 12
0.63700002 0.69199997 0.21799999 10
0.59799999 0.70700002 0.20900001 11
0.56599998 0.722 0.20200001 18
0.65499997 0.68099999 0.222 13
0.61699998 0.70200002 0.21600001 10
0.57999998 0.72000003 0.20900001 11
0.54400003 0.72899997 0.20100001 18
0.63599998 0.69199997 0.22 13
0.59500003 0.70899999 0.213 10
0.56 0.72899997 0.207 12
0.52499998 0.74000001 0.2 12
0.61500001 0.70099998 0.21699999 18
0.57599998 0.71899998 0.211 10
0.53799999 0.736 0.205 12
0 0 0 0
0.59399998 0.70899999 0.213 18
0.55699998 0.73000002 0.20999999 11
0.523 0.75099999 0.206 6
0.509 0.79299998 0.20900001 2
0.57599998 0.72100002 0.211 18
0.537 0.73799998 0.208 11
0.50599998 0.764 0.206 0
0.51899999 0.852 0.222 4
0.55699998 0.73199999 0.20900001 14
0.52200001 0.75300002 0.208 4
0.51899999 0.82499999 0.219 2
0.50099999 0.86799997 0.223 4
0.53600001 0.73799998 0.206 18
0.51499999 0.78200001 0.212 0
0.51700002 0.86500001 0.226 4
0.477 0.87300003 0.222 4
0.51899999 0.75 0.205 2
0.52899998 0.84500003 0.22400001 2
0.493 0.87 0.22400001 4
0.45699999 0.88499999 0.222 4
0.51599997 0.78399998 0.20900001 1
0.50999999 0.85799998 0.22400001 3
0.47099999 0.87900001 0.22400001 4
0.43599999 0.89499998 0.223 4
0.52899998 0.84500003 0.221 3
0.48899999 0.86799997 0.223 3
0.45100001 0.89099997 0.22400001 4
0.414 0.903 0.223 4
0.51099998 0.86000001 0.22 4
0.46700001 0.875 0.221 3
0.42899999 0.89899999 0.223 4
0.39199999 0.91100001 0.223 4
0.491 0.87300003 0.219 4
0.447 0.88800001 0.22 4
0.40700001 0.90600002 0.222 4
0.36899999 0.91600001 0.222 4
0.46900001 0.88099998 0.21699999 4
0.426 0.89600003 0.219 4
0.38699999 0.91799998 0.223 4
0.34900001 0.92900002 0.22400001 4
0.447 0.88800001 0.214 4
0.40400001 0.90399998 0.21799999 4
0.366 0.92699999 0.223 4
0.32800001 0.93800002 0.22499999 4
0.42699999 0.90100002 0.213 4
0.38299999 0.91299999 0.21699999 4
0.34400001 0.935 0.222 4
0.308 0.95099998 0.226 4
0.405 0.90899998 0.212 5
0.36000001 0.91900003 0.21600001 4
0.32100001 0.93900001 0.221 4
0.285 0.95300001 0.226 4
0.382 0.91299999 0.20900001 4
0.34 0.93199998 0.21600001 4
0.301 0.95300001 0.223 4
0.26499999 0.96799999 0.228 4
0.361 0.92500001 0.208 4
0.31999999 0.94199997 0.21600001 4
0.27399999 0.94400001 0.219 3
0.23999999 0.963 0.226 3
0.34 0.935 0.207 4
0.29800001 0.95200002 0.21600001 4
0.255 0.95899999 0.221 3
0.236 1.052 0.24600001 5
0.317 0.93900001 0.205 4
0.27599999 0.95700002 0.214 3
0.233 0.96499997 0.221 3
0.227 1.131 0.264 8
0.29699999 0.94999999 0.205 4
0.25099999 0.95300001 0.212 3
0.211 0.97500002 0.222 3
0.208 1.177 0.27399999 10
0.27599999 0.96200001 0.204 4
0.23 0.96600002 0.212 3
0.19 0.98799998 0.22400001 3
0.183 1.199 0.278 10
0.252 0.96499997 0.20200001 4
0.20900001 0.977 0.213 3
0.169 1.005 0.227 3
0.156 1.204 0.27900001 10
0.228 0.96399999 0.2 3
0.189 0.99599999 0.215 3
0.148 1.022 0.23 3
0.127 1.1950001 0.27700001 6
0.206 0.97399998 0.199 3
0.16599999 1.003 0.215 3
0.132 1.0880001 0.243 4
0.090000004 1.09 0.25299999 3
0.183 0.977 0.198 3
0.14399999 1.015 0.21600001 3
0.114 1.169 0.26100001 6
0.063000001 1.057 0.245 2
0.163 1.0039999 0.20100001 3
0.121 1.026 0.21699999 3
0.090999998 1.215 0.271 9
0.039000001 1.062 0.24699999 2
0.14 1.0089999 0.2 3
0.097999997 1.035 0.21799999 2
0.064000003 1.234 0.27399999 10
0.015 1.073 0.249 2
0.117 1.026 0.20100001 3
0.074000001 1.043 0.21799999 3
0.035999998 1.25 0.278 9
-0.0080000004 1.081 0.252 3
0.093999997 1.038 0.20200001 3
0.050000001 1.0549999 0.22 2
0.0070000002 1.2539999 0.278 7
-0.034000002 1.094 0.255 2
0.07 1.0470001 0.20200001 3
0.025 1.062 0.221 2
-0.02 1.1799999 0.26199999 4
-0.059 1.101 0.25799999 3
0.045000002 1.053 0.20200001 3
0.001 1.0779999 0.223 2
-0.045000002 1.125 0.25 3
-0.085000001 1.114 0.26199999 2
0.02 1.066 0.20299999 2
-0.024 1.108 0.229 3
-0.07 1.113 0.24699999 2
-0.112 1.128 0.266 3
-0.0040000002 1.079 0.204 2
-0.052999999 1.177 0.242 4
-0.096000001 1.119 0.249 2
-0.14 1.143 0.271 3
-0.029999999 1.0880001 0.204 2
-0.088 1.286 0.264 7
-0.123 1.125 0.25099999 2
-0.17900001 1.2309999 0.29300001 5
-0.057 1.101 0.206 2
-0.122 1.321 0.271 8
-0.15099999 1.1390001 0.25400001 2
-0.2 1.188 0.285 2
-0.082999997 1.103 0.205 2
-0.155 1.337 0.27399999 7
-0.17900001 1.147 0.257 2
-0.23 1.199 0.289 2
-0.111 1.119 0.207 2
-0.18700001 1.337 0.27399999 6
-0.20900001 1.165 0.26199999 2
-0.257 1.194 0.28999999 2
-0.14 1.1339999 0.20900001 2
-0.205 1.25 0.257 3
-0.23999999 1.178 0.266 2
-0.289 1.206 0.294 2
-0.17 1.15 0.212 2
-0.22 1.171 0.241 1
-0.273 1.2 0.27200001 2
-0.31900001 1.212 0.29800001 2
-0.2 1.159 0.213 2
-0.252 1.187 0.245 2
-0.308 1.224 0.27900001 2
-0.35299999 1.228 0.30399999 2
-0.23199999 1.176 0.21600001 2
-0.28299999 1.196 0.24699999 2
-0.345 1.248 0.28600001 2
-0.389 1.247 0.31200001 2
-0.266 1.1950001 0.219 2
-0.317 1.211 0.25099999 2
-0.37599999 1.247 0.28799999 2
-0.41999999 1.247 0.315 2
-0.30199999 1.219 0.22400001 2
-0.352 1.227 0.255 2
-0.40599999 1.244 0.289 2
-0.48800001 1.347 0.34299999 2
-0.33899999 1.243 0.229 2
-0.38800001 1.243 0.25999999 2
-0.454 1.289 0.30199999 2
-0.528 1.3609999 0.34999999 13
-0.375 1.253 0.23100001 2
-0.41999999 1.2410001 0.26100001 2
-0.53200001 1.4069999 0.33199999 4
-0.58600003 1.415 0.368 53
-0.40400001 1.24 0.229 3
-0.509 1.395 0.29499999 2
-0.58499998 1.448 0.345 150
-0.648 1.472 0.38699999 113
-0.447 1.267 0.235 2
-0.53299999 1.3609999 0.28999999 12
-0.62400001 1.446 0.34799999 65
-0.69300002 1.483 0.39500001 66
-0.51200002 1.349 0.25099999 11
-0.579 1.3839999 0.296 2
-0.64399999 1.405 0.34099999 10
-0.713 1.442 0.38800001 10
-0.56699997 1.392 0.25999999 2
-0.62800002 1.4069999 0.30399999 11
-0.69400001 1.426 0.34999999 10
-0.76300001 1.4579999 0.398 11
-0.63499999 1.457 0.27399999 109
-0.70099998 1.475 0.32100001 74
-0.77499998 1.505 0.37400001 60
-0.84299999 1.528 0.42199999 42
-0.69099998 1.4859999 0.28099999 67
-0.76200002 1.513 0.33199999 99
-0.84100002 1.546 0.38800001 99
-0.88 1.5140001 0.42399999 73
-0.75300002 1.522 0.28999999 72
-0.81900001 1.533 0.34 77
-0.88200003 1.536 0.391 39
-0.935 1.529 0.435 10
-0.78399998 1.493 0.287 18
-0.84200001 1.492 0.33500001 11
-0.91500002 1.512 0.38999999 9
-1.012 1.575 0.454 34
-0.82200003 1.478 0.28600001 9
-0.89999998 1.51 0.34299999 9
-1.002 1.574 0.41100001 59
-0.833 1.2359999 0.36199999 115
-0.88499999 1.5039999 0.294 10
-1.0369999 1.651 0.38 153
-0.86799997 1.2970001 0.34400001 159
-0.83600003 1.183 0.352 11
-0.963 1.549 0.30700001 6
-1.066 1.612 0.375 156
-0.83600003 1.1900001 0.31999999 11
-0.85399997 1.153 0.34900001 47
-1.127 1.719 0.34400001 151
-0.83200002 1.197 0.28299999 33
-0.852 1.1569999 0.31600001 11
-0.87 1.122 0.34599999 10
-0.83099997 1.2029999 0.244 39
-0.84299999 1.154 0.27700001 10
-0.86799997 1.123 0.31200001 9
-0.88200003 1.086 0.34099999 10
-0.84799999 1.1670001 0.23999999 9
-0.86500001 1.127 0.27399999 8
-0.88 1.087 0.308 10
-0.898 1.058 0.33899999 10
-0.86299998 1.1289999 0.235 9
-0.87800002 1.091 0.27000001 8
-0.88999999 1.049 0.30199999 10
-0.90899998 1.024 0.33399999 10
-0.875 1.089 0.23100001 10
-0.89099997 1.0549999 0.266 8
-0.90899998 1.023 0.301 9
-0.92000002 0.99199998 0.331 10
-0.884 1.0470001 0.226 10
-0.90100002 1.017 0.26100001 8
-0.921 0.991 0.29699999 9
-0.935 0.96499997 0.32800001 10
-0.90499997 1.021 0.22400001 10
-0.91799998 0.98799998 0.259 8
-0.93400002 0.95999998 0.294 9
-0.94499999 0.93300003 0.32499999 10
-0.921 0.98900002 0.221 10
-0.93400002 0.95999998 0.257 8
-0.95200002 0.935 0.29300001 9
-0.95599997 0.90200001 0.32100001 10
-0.93599999 0.95700002 0.21799999 10
-0.94400001 0.92500001 0.25299999 8
-0.95899999 0.89999998 0.289 9
-0.97000003 0.87599999 0.31999999 10
-0.94700003 0.92299998 0.215 10
-0.96100003 0.89899999 0.25099999 8
-0.97100002 0.87099999 0.28600001 9
-0.98100001 0.84799999 0.317 10
-0.96100003 0.89200002 0.213 10
-0.97299999 0.86900002 0.249 9
-0.98199999 0.84200001 0.28299999 9
-0.99400002 0.82099998 0.315 10
-0.97500002 0.86199999 0.211 10
-0.98500001 0.838 0.24600001 9
-0.99299997 0.81300002 0.28099999 9
-1.0039999 0.79299998 0.31299999 10
-0.98799998 0.83200002 0.20900001 10
-0.99800003 0.81 0.244 9
-1.005 0.78500003 0.27900001 9
-1.02 0.76999998 0.31299999 10
-1.001 0.80199999 0.207 10
-1.008 0.77999997 0.242 9
-1.022 0.76200002 0.27900001 9
-1.031 0.74299997 0.31099999 10
-1.0140001 0.773 0.205 10
-1.022 0.75199997 0.23999999 9
-1.031 0.73299998 0.27700001 9
-1.04 0.71499997 0.30899999 10
-1.03 0.74599999 0.204 10
-1.036 0.72600001 0.23899999 9
-1.043 0.70599997 0.27500001 10
-1.049 0.68900001 0.30700001 10
-1.0369999 0.71399999 0.20200001 10
-1.046 0.69700003 0.23800001 9
-1.061 0.68400002 0.27599999 6
-1.066 0.667 0.30700001 1
-1.053 0.68800002 0.20100001 10
-1.058 0.67000002 0.236 0
-1.066 0.65399998 0.273 1
-1.073 0.639 0.30500001 1
-1.067 0.66100001 0.20100001 1
-1.068 0.64200002 0.235 1
-1.079 0.62900001 0.27200001 2
-1.081 0.61199999 0.303 2
-1.075 0.62900001 0.199 2
-1.08 0.61500001 0.234 2
-1.082 0.59799999 0.26899999 3
-1.092 0.58700001 0.30199999 3
-1.079 0.59799999 0.197 3
-1.084 0.58399999 0.23199999 3
-1.1059999 0.579 0.271 4
-1.1109999 0.56599998 0.30399999 6
-1.099 0.574 0.198 5
-1.108 0.56400001 0.234 6
-1.1059999 0.54799998 0.26800001 8
-1.114 0.53799999 0.301 10
-1.109 0.54500002 0.197 9
-1.115 0.53500003 0.23199999 10
-1.125 0.52499998 0.27000001 18
-1.135 0.51800001 0.30399999 35
-1.133 0.52399999 0.199 32
-1.128 0.509 0.23199999 33
-1.1339999 0.49900001 0.26899999 150
-1.147 0.493 0.303 36
-1.148 0.49700001 0.199 47
-1.147 0.486 0.234 28
-1.143 0.47299999 0.26800001 15
-1.146 0.463 0.30000001 10
-1.149 0.465 0.197 15
-1.145 0.454 0.23100001 8
-1.161 0.44999999 0.27000001 7
-1.158 0.43900001 0.30000001 6
-1.166 0.43900001 0.198 7
-1.166 0.43099999 0.233 4
-1.164 0.421 0.26800001 3
-1.169 0.414 0.30000001 3
-1.1670001 0.40799999 0.19599999 3
-1.174 0.40200001 0.23199999 2
-1.1799999 0.39700001 0.26899999 2
-1.182 0.38999999 0.301 2
-1.188 0.38299999 0.198 2
-1.188 0.377 0.233 1
-1.189 0.37 0.26899999 1
-1.193 0.36500001 0.301 1
-1.188 0.35100001 0.197 1
-1.202 0.34999999 0.234 1
-1.197 0.34299999 0.26800001 1
-1.204 0.34 0.30199999 1
-1.21 0.32600001 0.199 1
-1.207 0.32100001 0.233 0
-1.2079999 0.317 0.26899999 0
-1.216 0.315 0.30199999 5
-1.211 0.296 0.198 0
-1.224 0.296 0.235 0
-1.224 0.292 0.27000001 0
-1.23 0.28999999 0.303 0
0 0 0 0
-1.242 0.26899999 0.237 4
-1.2309999 0.264 0.27000001 0
-1.237 0.26300001 0.303 3
-1.245 0.241 0.20200001 0
-1.243 0.23899999 0.236 0
-1.26 0.241 0.27500001 0
-1.258 0.23899999 0.30599999 0
-1.258 0.212 0.20299999 3
-1.244 0.20999999 0.235 3
-1.252 0.20999999 0.27200001 2
-1.251 0.20999999 0.303 2
-1.2819999 0.184 0.207 0
-1.276 0.184 0.23999999 0
-1.283 0.186 0.27700001 0
-1.273 0.185 0.30599999 0
-1.291 0.154 0.208 2
-1.2819999 0.155 0.23999999 2
-1.288 0.15700001 0.27700001 2
-1.288 0.15899999 0.30899999 2
-1.285 0.122 0.207 11
-1.298 0.126 0.243 8
-1.302 0.13 0.27900001 7
-1.302 0.132 0.31 4
-1.307 0.092 0.20999999 10
-1.308 0.097000003 0.244 9
-1.307 0.1 0.27900001 10
-1.3049999 0.103 0.31 10
-1.322 0.061000001 0.212 11
-1.318 0.067000002 0.245 9
-1.318 0.071000002 0.28 9
-1.3150001 0.075999998 0.31099999 10
-1.3329999 0.029999999 0.214 11
-1.334 0.035999998 0.248 9
-1.329 0.041999999 0.28200001 10
-1.331 0.046999998 0.31299999 10
-1.353 -0.0020000001 0.21799999 11
-1.348 0.0049999999 0.25099999 9
-1.347 0.012 0.285 10
-1.337 0.017999999 0.31400001 10
-1.3609999 -0.034000002 0.219 11
-1.357 -0.026000001 0.252 9
-1.36 -0.017000001 0.287 10
-1.345 -0.0099999998 0.315 10
-1.376 -0.068000004 0.222 11
-1.367 -0.057 0.25400001 9
-1.372 -0.048 0.28999999 10
-1.369 -0.039999999 0.31999999 9
-1.382 -0.101 0.22400001 11
-1.385 -0.090000004 0.25799999 9
-1.381 -0.079000004 0.29100001 10
-1.387 -0.071000002 0.32300001 8
-1.409 -0.13699999 0.23 10
-1.4 -0.124 0.26100001 9
-1.408 -0.113 0.29699999 7
-1.405 -0.102 0.32699999 8
-1.428 -0.17399999 0.234 11
-1.423 -0.16 0.266 9
-1.413 -0.145 0.29800001 10
-1.424 -0.13500001 0.331 7
-1.45 -0.212 0.23800001 11
-1.4349999 -0.19499999 0.26899999 9
-1.434 -0.18000001 0.30199999 10
-1.424 -0.16599999 0.33000001 35
-1.456 -0.249 0.241 12
-1.4529999 -0.23199999 0.273 46
-1.449 -0.215 0.30599999 12
-1.451 -0.20200001 0.336 7
-1.475 -0.28799999 0.24600001 10
-1.469 -0.26899999 0.27700001 9
-1.46 -0.25099999 0.308 10
-1.455 -0.235 0.33700001 46
-1.497 -0.33000001 0.25099999 37
-1.4859999 -0.308 0.28099999 36
-1.479 -0.28799999 0.31299999 44
-1.474 -0.271 0.34099999 11
-1.5140001 -0.37200001 0.25600001 45
-1.511 -0.34999999 0.28799999 48
-1.501 -0.32800001 0.31900001 11
-1.495 -0.30899999 0.34599999 50
-1.535 -0.41600001 0.26199999 45
-1.526 -0.391 0.292 44
-1.518 -0.36700001 0.32300001 52
-1.508 -0.34599999 0.34999999 52
-1.557 -0.46200001 0.26800001 38
-1.5470001 -0.435 0.29800001 43
-1.5369999 -0.40900001 0.32800001 49
-1.525 -0.38499999 0.354 48
-1.5779999 -0.509 0.27500001 39
-1.568 -0.48100001 0.30399999 38
-1.556 -0.45199999 0.333 45
-1.541 -0.42500001 0.35800001 46
-1.596 -0.55800003 0.28099999 38
-1.587 -0.52700001 0.31 42
-1.576 -0.49599999 0.33899999 40
-1.5549999 -0.46599999 0.36199999 43
-1.623 -0.611 0.289 38
-1.608 -0.57599998 0.31600001 38
-1.596 -0.542 0.345 39
-1.576 -0.50999999 0.368 44
-1.649 -0.66600001 0.29699999 39
-1.6289999 -0.62599999 0.32300001 40
-1.6109999 -0.588 0.34999999 41
-1.6 -0.55699998 0.375 46
-1.666 -0.71899998 0.30399999 37
-1.655 -0.68000001 0.331 40
-1.638 -0.639 0.35800001 40
-1.619 -0.60399997 0.38 45
-1.692 -0.778 0.31299999 35
-1.678 -0.73500001 0.33899999 40
-1.661 -0.69199997 0.366 38
-1.638 -0.65200001 0.38600001 41
-1.7180001 -0.83999997 0.322 46
-1.698 -0.792 0.347 43
-1.684 -0.74699998 0.373 44
-1.6569999 -0.70200002 0.39199999 46
-1.742 -0.90399998 0.33199999 38
-1.728 -0.85500002 0.35699999 39
-1.712 -0.80599999 0.382 41
-1.679 -0.755 0.40000001 44
-1.774 -0.97500002 0.34299999 35
-1.751 -0.917 0.366 42
-1.732 -0.86299998 0.38999999 35
-1.7079999 -0.81400001 0.40900001 46
-1.806 -1.048 0.35499999 36
-1.785 -0.98799998 0.37799999 35
-1.762 -0.92799997 0.40000001 38
-1.734 -0.87400001 0.417 37
-1.845 -1.13 0.36899999 34
-1.816 -1.0599999 0.389 39
-1.795 -0.99800003 0.41100001 37
-1.756 -0.93400002 0.42500001 37
-1.8890001 -1.2180001 0.38499999 47
-1.854 -1.141 0.403 35
-1.819 -1.066 0.421 41
-1.789 -1.002 0.43599999 40
-1.851 -1.257 0.384 51
-1.8890001 -1.223 0.41600001 66
-1.855 -1.1440001 0.43399999 37
-1.816 -1.071 0.44600001 40
-1.795 -1.2819999 0.38 56
-1.846 -1.257 0.41299999 53
-1.895 -1.228 0.44800001 70
-1.849 -1.146 0.45699999 39
-1.744 -1.308 0.377 49
-1.7920001 -1.2819999 0.40700001 54
-1.847 -1.257 0.442 51
-1.887 -1.228 0.47 72
-1.686 -1.3279999 0.37200001 52
-1.739 -1.3049999 0.40200001 48
-1.7920001 -1.28 0.43399999 54
-1.851 -1.263 0.46599999 52
-1.632 -1.349 0.368 57
-1.683 -1.325 0.396 52
-1.739 -1.301 0.42699999 52
-1.7869999 -1.279 0.454 57
-1.586 -1.374 0.366 55
-1.63 -1.345 0.38999999 59
-1.686 -1.323 0.419 49
-1.7410001 -1.3049999 0.447 57
-1.534 -1.3940001 0.36300001 47
-1.585 -1.3710001 0.38699999 53
-1.641 -1.348 0.414 50
-1.6950001 -1.329 0.43900001 51
-1.483 -1.4119999 0.36000001 49
-1.5369999 -1.392 0.38299999 55
-1.589 -1.367 0.40700001 58
-1.636 -1.344 0.42899999 55
-1.436 -1.433 0.35699999 56
-1.489 -1.4119999 0.37900001 50
-1.54 -1.387 0.40099999 53
-1.59 -1.3660001 0.42199999 52
-1.3890001 -1.4529999 0.35499999 52
-1.4400001 -1.431 0.37400001 49
-1.5 -1.413 0.39700001 50
-1.545 -1.388 0.41600001 57
-1.345 -1.475 0.354 47
-1.3940001 -1.45 0.37099999 48
-1.451 -1.4299999 0.391 52
-1.4960001 -1.406 0.40799999 55
-1.294 -1.4859999 0.34999999 48
-1.342 -1.461 0.366 52
-1.402 -1.4450001 0.38499999 50
-1.455 -1.429 0.403 50
-1.257 -1.513 0.35100001 48
-1.304 -1.487 0.36399999 52
-1.3609999 -1.4680001 0.382 50
-1.411 -1.449 0.39700001 62
-1.21 -1.527 0.34900001 50
-1.265 -1.51 0.36300001 43
-1.314 -1.483 0.37599999 53
-1.367 -1.4680001 0.391 54
-1.171 -1.551 0.34900001 49
-1.221 -1.528 0.36000001 50
-1.273 -1.505 0.373 48
-1.323 -1.4859999 0.38499999 49
-1.128 -1.569 0.34799999 45
-1.174 -1.541 0.35600001 51
-1.2309999 -1.523 0.36899999 47
-1.276 -1.499 0.37799999 56
-1.081 -1.5779999 0.345 52
-1.13 -1.556 0.35299999 55
-1.187 -1.539 0.36399999 51
-1.2359999 -1.52 0.373 53
-1.041 -1.597 0.345 47
-1.092 -1.577 0.352 51
-1.145 -1.556 0.361 50
-1.194 -1.5369999 0.368 56
-1.002 -1.619 0.34599999 48
-1.052 -1.597 0.35100001 46
-1.102 -1.5700001 0.35699999 52
-1.155 -1.557 0.36399999 56
-0.96700001 -1.647 0.34799999 33
-1.013 -1.617 0.34999999 50
-1.0650001 -1.5930001 0.35499999 49
-1.114 -1.575 0.36000001 56
0 0 0 0
-0.97500002 -1.6390001 0.34999999 45
-1.025 -1.6109999 0.352 49
-1.0700001 -1.5880001 0.354 53
0 0 0 0
-0.935 -1.656 0.34799999 1
-0.98400003 -1.628 0.34900001 48
-1.0319999 -1.607 0.35100001 57
-0.84500003 -1.697 0.34900001 2
-0.89600003 -1.676 0.34799999 2
-0.94700003 -1.65 0.34799999 2
-0.99199998 -1.624 0.347 54
-0.82800001 -1.763 0.359 3
-0.85399997 -1.689 0.34599999 2
-0.90200001 -1.658 0.34299999 1
-0.95599997 -1.647 0.34400001 13
-0.76999998 -1.7410001 0.352 2
-0.82999998 -1.738 0.352 2
-0.875 -1.698 0.34599999 1
0 0 0 0
-0.73900002 -1.78 0.35699999 2
-0.78899997 -1.7539999 0.35100001 2
-0.84100002 -1.726 0.34599999 2
0 0 0 0
-0.69099998 -1.779 0.35499999 3
-0.75099999 -1.777 0.352 2
-0.80599999 -1.755 0.347 2
-0.83499998 -1.693 0.333 2
-0.65499997 -1.809 0.359 2
-0.70300001 -1.776 0.34799999 4
-0.77200001 -1.789 0.34799999 4
-0.81900001 -1.76 0.34 3
-0.60500002 -1.798 0.35499999 2
-0.67199999 -1.816 0.35299999 3
-0.72600001 -1.7920001 0.34400001 7
-0.78100002 -1.783 0.338 5
-0.56699997 -1.822 0.35800001 0
-0.62 -1.803 0.347 2
-0.68400002 -1.8049999 0.34200001 4
-0.741 -1.802 0.33500001 8
-0.52499998 -1.831 0.35800001 1
-0.57599998 -1.806 0.345 1
-0.64300001 -1.819 0.34 4
-0.69 -1.7920001 0.32800001 5
-0.48500001 -1.85 0.36000001 1
-0.537 -1.8279999 0.34599999 1
-0.59399998 -1.8099999 0.33399999 1
-0.65499997 -1.824 0.32800001 5
-0.43900001 -1.844 0.35800001 0
-0.498 -1.849 0.347 2
-0.55299997 -1.827 0.333 1
-0.60100001 -1.802 0.31900001 2
-0.39899999 -1.864 0.361 48
-0.447 -1.825 0.34 1
-0.51499999 -1.851 0.333 1
-0.565 -1.83 0.31799999 2
-0.359 -1.887 0.36399999 55
-0.412 -1.865 0.34599999 31
-0.465 -1.834 0.32600001 1
-0.51700002 -1.822 0.31200001 2
-0.31799999 -1.9069999 0.36700001 52
-0.37200001 -1.8839999 0.347 59
-0.42699999 -1.859 0.32699999 9
-0.479 -1.848 0.31200001 1
-0.27700001 -1.923 0.37 50
-0.33000001 -1.899 0.34799999 65
-0.38800001 -1.8839999 0.32800001 62
-0.43599999 -1.8559999 0.308 1
-0.234 -1.9400001 0.373 50
-0.28799999 -1.9170001 0.34900001 55
-0.345 -1.8940001 0.32699999 58
-0.39500001 -1.876 0.30700001 61
-0.191 -1.954 0.375 49
-0.24699999 -1.937 0.35100001 48
-0.30199999 -1.904 0.32600001 56
-0.354 -1.893 0.30599999 59
-0.149 -1.9859999 0.38100001 46
-0.204 -1.955 0.35299999 49
-0.26199999 -1.936 0.32800001 47
-0.31200001 -1.9119999 0.30500001 63
-0.105 -1.995 0.38299999 48
-0.161 -1.973 0.35499999 51
-0.219 -1.95 0.32800001 50
-0.26899999 -1.924 0.303 59
-0.061000001 -2.013 0.38699999 46
-0.116 -1.982 0.35600001 53
-0.175 -1.969 0.329 50
-0.227 -1.947 0.303 53
-0.015 -2.0239999 0.38999999 45
-0.071999997 -2.0120001 0.36000001 50
-0.131 -1.983 0.32800001 56
-0.183 -1.9630001 0.301 55
0.029999999 -2.0450001 0.39399999 43
-0.027000001 -2.027 0.36199999 46
-0.086000003 -2.01 0.331 48
-0.138 -1.977 0.30000001 56
0.075999998 -2.0610001 0.398 7
0.018999999 -2.049 0.36500001 42
-0.041000001 -2.023 0.331 50
-0.093000002 -1.988 0.29899999 61
0 0 0 0
0.064999998 -2.0680001 0.368 12
0.0049999999 -2.0439999 0.33199999 44
-0.048 -2.016 0.30000001 48
0 0 0 0
0.11 -2.0280001 0.361 1
0.052000001 -2.0650001 0.33399999 20
-0.001 -2.0339999 0.30000001 53
0 0 0 0
0 0 0 0
0.097999997 -2.0190001 0.32499999 4
0.046 -2.0669999 0.301 36
0 0 0 0
0 0 0 0
0.146 -2.0480001 0.32800001 0
0.092 -2.0239999 0.292 8
0 0 0 0
0 0 0 0
0 0 0 0
0 0 0 0
0 0 0 0
0 0 0 0
0 0 0 0
0 0 0 0
0 0 0 0
0 0 0 0
0 0 0 0
0 0 0 0
0 0 0 0
0 0 0 0
0 0 0 0
0 0 0 0
0 0 0 0
0 0 0 0
0 0 0 0
0 0 0 0
0 0 0 0
0 0 0 0
0 0 0 0
0 0 0 0
0.653 -2.25 0.45699999 15
0.60000002 -2.2690001 0.40900001 2
0 0 0 0
0 0 0 0
0.70499998 -2.24 0.458 12
0.648 -2.247 0.40599999 40
0 0 0 0
0 0 0 0
0.73299998 -2.164 0.44600001 12
0.70599997 -2.253 0.40900001 11
0.63499999 -2.2249999 0.34999999 39
0.58999997 -2.26 0.308 4
0.76200002 -2.095 0.435 11
0.73100001 -2.161 0.39399999 12
0.70499998 -2.2690001 0.35800001 11
0.63300002 -2.21 0.30000001 51
0.796 -2.0450001 0.428 12
0.76099998 -2.0940001 0.384 13
0.72899997 -2.1689999 0.34200001 12
0.704 -2.257 0.30599999 12
0.82999998 -2 0.42199999 11
0.79299998 -2.036 0.375 12
0.76300001 -2.105 0.333 13
0.73400003 -2.1719999 0.29300001 12
0.84799999 -1.923 0.41 12
0.82700002 -1.989 0.36899999 12
0.79699999 -2.05 0.32499999 12
0.76700002 -2.1029999 0.28299999 12
0.87 -1.8609999 0.40000001 13
0.85699999 -1.936 0.361 12
0.82999998 -1.997 0.317 13
0.801 -2.0469999 0.27500001 12
0.89499998 -1.808 0.39300001 12
0.87199998 -1.8559999 0.34900001 12
0.86000001 -1.941 0.31 12
0.83200002 -1.988 0.26699999 12
0.912 -1.743 0.38299999 12
0.89600003 -1.8 0.34099999 11
0.875 -1.859 0.29800001 11
0.85699999 -1.919 0.25799999 12
0.93800002 -1.702 0.37799999 11
0.91399997 -1.737 0.33199999 11
0.89700001 -1.7970001 0.289 11
0.875 -1.84 0.24699999 12
0 0 0 0
0.95099998 -1.711 0.33000001 10
0.91299999 -1.727 0.27900001 11
0.90499997 -1.7920001 0.241 12
0 0 0 0
0 0 0 0
0.95999998 -1.7180001 0.28 4
0.91500002 -1.71 0.23100001 12
0 0 0 0
0 0 0 0
2.109 -3.576 0.58700001 46
0 0 0 0
0 0 0 0
0 0 0 0
2.2149999 -3.566 0.58999997 2
2.1289999 -3.563 0.484 49
0 0 0 0
0 0 0 0
2.497 -3.819 0.63700002 0
2.306 -3.658 0.49900001 1
0 0 0 0
0 0 0 0
0 0 0 0
0 0 0 0
0 0 0 0
0 0 0 0
0 0 0 0
0 0 0 0
0 0 0 0
0 0 0 0
0 0 0 0
0 0 0 0
0 0 0 0
0 0 0 0
0 0 0 0
0 0 0 0
0 0 0 0
0 0 0 0
0 0 0 0
0 0 0 0
1.6619999 -1.8 0.46900001 6
4.0149999 -4.4580002 0.977 13
0 0 0 0
0 0 0 0
1.6670001 -1.728 0.458 47
1.6569999 -1.7589999 0.39199999 38
0 0 0 0
3.9489999 -4.4190001 0.639 11
1.699 -1.6849999 0.456 41
1.693 -1.7180001 0.38999999 43
1.682 -1.752 0.322 50
1.681 -1.7920001 0.26199999 31
1.7539999 -1.665 0.45899999 38
1.732 -1.679 0.38800001 42
1.727 -1.717 0.32100001 47
1.712 -1.7410001 0.25799999 53
1.678 -1.524 0.42899999 36
1.691 -1.567 0.36899999 13
1.785 -1.693 0.322 11
1.784 -1.729 0.25999999 50
1.691 -1.47 0.42300001 38
1.681 -1.488 0.35800001 36
1.687 -1.527 0.296 37
4.04 -3.7320001 0.57099998 1
1.724 -1.434 0.42199999 39
1.706 -1.444 0.35499999 42
1.71 -1.477 0.292 46
1.692 -1.489 0.23100001 39
5.1929998 -4.1290002 1.2460001 6
1.781 -1.439 0.36199999 38
1.766 -1.454 0.29300001 65
1.74 -1.459 0.23100001 50
0 0 0 0
4.4099998 -3.4000001 0.87699997 1
0 0 0 0
1.8 -1.437 0.23199999 4
0 0 0 0
4.4640002 -3.2839999 0.86900002 0
0 0 0 0
0 0 0 0
0 0 0 0
0 0 0 0
0 0 0 0
0 0 0 0
0 0 0 0
0 0 0 0
0 0 0 0
10.663 -7.3179998 1.272 3
12.664 -7.9860001 2.7650001 3
0 0 0 0
4.6209998 -2.977 0.68400002 0
12.343 -8.0430002 1.437 2
3.513 -2.109 0.75300002 0
0 0 0 0
0 0 0 0
13.619 -8.415 1.549 3
3.6960001 -2.1099999 0.77899998 45
0 0 0 0
0 0 0 0
3.4360001 -2.0090001 0.38100001 9
3.6849999 -1.999 0.764 58
3.6919999 -2.01 0.63999999 0
0 0 0 0
0 0 0 0
3.723 -1.914 0.75999999 51
3.756 -1.936 0.63999999 0
0 0 0 0
0 0 0 0
3.7539999 -1.8279999 0.75400001 40
3.8110001 -1.8559999 0.639 0
3.7490001 -1.835 0.50300002 0
0 0 0 0
14.316 -6.5869999 2.835 8
0 0 0 0
14.349 -6.6090002 1.892 5
0 0 0 0
14.495 -6.29 2.829 8
3.7390001 -1.6160001 0.60699999 1
4.9450002 -2.138 0.64099997 11
3.7460001 -1.622 0.377 0
14.636 -5.9759998 2.8169999 12
3.756 -1.523 0.60100001 1
14.597 -5.9130001 1.864 4
0 0 0 0
14.723 -5.6399999 2.7950001 11
0 0 0 0
3.7750001 -1.427 0.47499999 9
0 0 0 0
15.041 -5.3850002 2.816 11
0 0 0 0
3.8329999 -1.347 0.47499999 9
0 0 0 0
15.001 -5.0040002 2.773 9
0 0 0 0
3.783 -1.23 0.46200001 6
0 0 0 0
15.359 -4.7509999 2.803 8
0 0 0 0
19.681999 -5.8920002 2.3740001 4
3.915 -1.1569999 0.36399999 9
15.591 -4.4520001 2.8110001 11
0 0 0 0
0 0 0 0
0 0 0 0
15.513 -4.066 2.7639999 12
0 0 0 0
0 0 0 0
0 0 0 0
15.53 -3.707 2.7349999 9
0 0 0 0
0 0 0 0
0 0 0 0
15.811 -3.4100001 2.7539999 10
0 0 0 0
0 0 0 0
0 0 0 0
15.744 -3.0380001 2.7130001 42
0 0 0 0
0 0 0 0
0 0 0 0
14.888 -2.5339999 2.5380001 16
0 0 0 0
0 0 0 0
0 0 0 0
16.25 -2.401 2.743 9
0 0 0 0
24.049 -3.0569999 2.6919999 4
0 0 0 0
0 0 0 0
0 0 0 0
0 0 0 0
0 0 0 0
16.629 -1.714 2.7520001 8
0 0 0 0
0 0 0 0
0 0 0 0
0 0 0 0
0.81599998 -0.055 0.111 0
0 0 0 0
0 0 0 0
0.82300001 -0.048 0.133 0
0 0 0 0
0 0 0 0
0 0 0 0
0 0 0 0
0 0 0 0
1.2869999 -0.011 0.139 3
0 0 0 0
1.318 -0.018999999 0.20999999 0
1.276 0 0.171 4
1.229 0.017999999 0.132 1
1.209 0.033 0.101 1
1.252 0.0089999996 0.198 5
1.2079999 0.028000001 0.16 1
1.192 0.045000002 0.127 4
1.196 0.061000001 0.1 36
1.205 0.035 0.189 2
1.187 0.055 0.15700001 17
1.1900001 0.072999999 0.127 9
1.1950001 0.090000004 0.1 4
1.191 0.061000001 0.186 31
1.197 0.082000002 0.15700001 4
1.199 0.102 0.127 4
1.2079999 0.121 0.101 3
1.1849999 0.086999997 0.183 4
1.197 0.11 0.156 3
1.209 0.132 0.12800001 3
1.222 0.152 0.102 3
1.2 0.114 0.185 3
1.21 0.139 0.15700001 3
1.226 0.163 0.12899999 3
1.235 0.184 0.103 2
1.209 0.142 0.185 3
1.228 0.169 0.15899999 2
1.2359999 0.19400001 0.13 2
1.2539999 0.219 0.105 2
1.227 0.17200001 0.186 2
1.233 0.199 0.15899999 2
1.25 0.227 0.132 2
1.263 0.252 0.106 2
1.2359999 0.20100001 0.18700001 2
1.253 0.23199999 0.161 1
1.265 0.25999999 0.133 1
1.278 0.287 0.108 1
1.251 0.23199999 0.18799999 2
1.265 0.264 0.162 1
1.279 0.29499999 0.13500001 1
1.2920001 0.32300001 0.11 1
1.262 0.26300001 0.189 1
1.276 0.29699999 0.163 1
1.2920001 0.33000001 0.13600001 1
1.3150001 0.36300001 0.112 8
1.273 0.29499999 0.189 1
1.289 0.331 0.16500001 1
1.311 0.368 0.139 1
1.41 0.426 0.121 1
1.29 0.33000001 0.191 6
1.304 0.36700001 0.167 1
1.418 0.43399999 0.15099999 9
1.37 0.45100001 0.119 9
1.301 0.36399999 0.192 1
1.409 0.43200001 0.18000001 9
1.362 0.45300001 0.145 2
1.342 0.47799999 0.117 2
1.4119999 0.42899999 0.208 5
1.367 0.45300001 0.17399999 9
1.311 0.47099999 0.14 12
1.319 0.50599998 0.116 25
1.367 0.44800001 0.2 7
1.312 0.46900001 0.167 2
1.2690001 0.49000001 0.13600001 2
1.277 0.52499998 0.114 1
1.322 0.46700001 0.193 2
1.312 0.50300002 0.168 26
1.22 0.50400001 0.132 3
1.2690001 0.55800003 0.115 49
1.276 0.48199999 0.186 12
1.285 0.52700001 0.164 1
1.184 0.52200001 0.12899999 2
0 0 0 0
1.2359999 0.49900001 0.18000001 2
1.263 0.55199999 0.162 53
0 0 0 0
1.23 0.61400002 0.114 1
1.202 0.51700002 0.175 2
1.224 0.56900001 0.15800001 0
0 0 0 0
1.124 0.59500003 0.106 78
1.155 0.52700001 0.167 2
0 0 0 0
1.0650001 0.56300002 0.119 3
1.075 0.60299999 0.103 1
1.108 0.53600001 0.161 0
1.079 0.56300002 0.14 2
1.0369999 0.579 0.117 3
1.001 0.59299999 0.097000003 2
0 0 0 0
1.039 0.57300001 0.13500001 3
1.006 0.59399998 0.114 3
0.97100002 0.60799998 0.096000001 2
1.067 0.57700002 0.155 0
1.01 0.588 0.132 2
0.97500002 0.60699999 0.112 3
0 0 0 0
1.035 0.58999997 0.15000001 1
0.98100001 0.602 0.12899999 2
0 0 0 0
0 0 0 0
0.99199998 0.59600002 0.14399999 2
0.95599997 0.61699998 0.127 0
0 0 0 0
0 0 0 0
0.95899999 0.60600001 0.139 3
0 0 0 0
0 0 0 0
1.063 0.81699997 0.113 0
0 0 0 0
0 0 0 0
0 0 0 0
0 0 0 0
0 0 0 0
0 0 0 0
0 0 0 0
0.78799999 0.66900003 0.088 3
0 0 0 0
0.84399998 0.662 0.116 0
0 0 0 0
0.773 0.68900001 0.088 3
0 0 0 0
0.81699997 0.67199999 0.113 3
0 0 0 0
0.75 0.70099998 0.088 3
0 0 0 0
0.79000002 0.68099999 0.11 3
0.76599997 0.70700002 0.1 0
0.72799999 0.71399999 0.088 3
0.80299997 0.67500001 0.119 3
0.76899999 0.69499999 0.109 3
0.73199999 0.708 0.097000003 0
0.69800001 0.71799999 0.086999997 3
0.78100002 0.68699998 0.117 3
0.74400002 0.704 0.107 2
0 0 0 0
0.67400002 0.727 0.086000003 3
0.755 0.69499999 0.113 3
0.71499997 0.708 0.104 2
1.247 1.325 0.17299999 18
0.65100002 0.736 0.086000003 3
0.73199999 0.70499998 0.111 3
0 0 0 0
1.202 1.341 0.171 17
0.625 0.74299997 0.085000001 3
0.70899999 0.71600002 0.108 3
0 0 0 0
1.1670001 1.365 0.17 16
0.60000002 0.74900001 0.083999999 3
0.68800002 0.727 0.106 3
1.188 1.353 0.182 14
0 0 0 0
0.58399999 0.76499999 0.085000001 3
0.667 0.73699999 0.104 2
0.63599998 0.759 0.098999999 0
0 0 0 0
0.55900002 0.76999998 0.085000001 3
0 0 0 0
0.61699998 0.77100003 0.097999997 0
0.64099997 0.866 0.102 4
0.53500003 0.77399999 0.083999999 1
0 0 0 0
0.921 1.2079999 0.15000001 10
0.55500001 0.787 0.090999998 3
0.50099999 0.764 0.082000002 0
0.95599997 1.2130001 0.155 7
0.57999998 0.79799998 0.096000001 3
0.50599998 0.75599998 0.085000001 0
0 0 0 0
0.79900002 1.064 0.131 7
0.54299998 0.78600001 0.092 1
0.498 0.78200001 0.086999997 2
0.88300002 1.4960001 0.15800001 18
0.57300001 0.801 0.094999999 3
0.498 0.75800002 0.086999997 0
0 0 0 0
0.84200001 1.5089999 0.15800001 18
0.51800001 0.76099998 0.088 0
0 0 0 0
0 0 0 0
0.80299997 1.521 0.15800001 18
0.50800002 0.78399998 0.088 1
0.884 1.49 0.164 13
0 0 0 0
0.50599998 1.016 0.105 1
0 0 0 0
0 0 0 0
0.78600001 1.535 0.162 18
0.49399999 1.054 0.108 5
0.87199998 1.492 0.15800001 18
0.81099999 1.525 0.161 17
0.48100001 0.99699998 0.104 1
0.47499999 1.08 0.11 23
0.83600003 1.5089999 0.155 16
0 0 0 0
0.48899999 1.076 0.111 15
0.45100001 1.0930001 0.111 20
0 0 0 0
0.44600001 0.94300002 0.094999999 2
0.461 1.082 0.11 19
0.42399999 1.1 0.112 14
0.44299999 0.89499998 0.086000003 5
0.47299999 1.062 0.105 14
0.43700001 1.097 0.11 16
0.38999999 1.0880001 0.11 8
0.41999999 0.89999998 0.085000001 6
0.442 1.0599999 0.103 13
0.41100001 1.1059999 0.11 14
0.338 1.0190001 0.103 4
0.396 0.90399998 0.082999997 7
0.417 1.069 0.102 12
0.38100001 1.104 0.109 6
0.30599999 1.001 0.101 4
0.375 0.91399997 0.081 7
0.382 1.05 0.098999999 8
0.35800001 1.123 0.11 4
0.28 0.99800003 0.1 5
0.354 0.921 0.079999998 7
0.34 1.006 0.093000002 4
0.33000001 1.125 0.109 6
0.25400001 0.99400002 0.1 5
0.33000001 0.92400002 0.078000002 6
0.31900001 1.023 0.093000002 5
0.30599999 1.14 0.11 8
0.227 0.986 0.098999999 4
0.31 0.93400002 0.077 6
0.303 1.059 0.094999999 6
0.27900001 1.145 0.11 8
0.20299999 0.98699999 0.098999999 4
0.287 0.93900001 0.075000003 6
0.28200001 1.079 0.096000001 6
0.25 1.1440001 0.109 8
0.182 1.001 0.101 4
0.26800001 0.958 0.075000003 5
0.25999999 1.098 0.096000001 7
0.223 1.1440001 0.109 8
0.15899999 1.005 0.102 4
0.24699999 0.96700001 0.074000001 4
0.237 1.1160001 0.096000001 8
0.19499999 1.142 0.108 8
0.13600001 1.015 0.103 4
0.22499999 0.97500002 0.072999999 4
0.213 1.132 0.097000003 8
0.16599999 1.131 0.107 7
0.111 1.008 0.103 3
0.204 0.98699999 0.071999997 4
0.18799999 1.148 0.097000003 8
0.13699999 1.119 0.105 6
0.089000002 1.02 0.104 3
0.18099999 0.99599999 0.071000002 4
0.163 1.169 0.097000003 8
0.11 1.104 0.104 5
0.066 1.04 0.107 3
0.15700001 0.995 0.07 3
0.13699999 1.182 0.097999997 8
0.082000002 1.0829999 0.101 4
0.041999999 1.0549999 0.109 3
0.134 1 0.068000004 3
0.111 1.1950001 0.097999997 9
0.056000002 1.066 0.1 3
0.017999999 1.062 0.11 3
0.111 1.012 0.068000004 3
0.083999999 1.214 0.097999997 9
0.030999999 1.067 0.1 3
-0.0060000001 1.073 0.112 3
0.089000002 1.0369999 0.068000004 3
0.056000002 1.2309999 0.098999999 9
0.0060000001 1.066 0.1 3
-0.030999999 1.081 0.114 3
0.064999998 1.043 0.067000002 3
0.028000001 1.247 0.098999999 9
-0.017999999 1.075 0.101 3
-0.056000002 1.095 0.116 3
0.041000001 1.057 0.067000002 3
-0.001 1.261 0.1 10
-0.043000001 1.082 0.102 2
-0.082999997 1.108 0.118 2
0.016000001 1.063 0.066 3
-0.030999999 1.278 0.1 10
-0.068999998 1.095 0.103 2
-0.11 1.117 0.12 2
-0.0080000004 1.076 0.064999998 3
-0.061000001 1.291 0.101 10
-0.096000001 1.11 0.105 2
-0.138 1.133 0.123 2
-0.034000002 1.08 0.064000003 2
-0.093000002 1.306 0.101 9
-0.123 1.12 0.106 2
-0.17299999 1.193 0.13 3
-0.059999999 1.095 0.064000003 2
-0.124 1.316 0.102 9
-0.15099999 1.132 0.107 2
-0.2 1.1849999 0.131 2
-0.086999997 1.1059999 0.064000003 2
-0.15700001 1.33 0.102 8
-0.18099999 1.147 0.109 2
-0.229 1.192 0.133 2
-0.114 1.115 0.063000001 2
-0.191 1.34 0.103 7
-0.20900001 1.156 0.111 2
-0.26199999 1.211 0.13600001 2
-0.14300001 1.128 0.063000001 2
-0.22499999 1.357 0.104 6
-0.23999999 1.168 0.112 2
-0.292 1.217 0.138 2
-0.17200001 1.136 0.061999999 2
-0.22499999 1.183 0.090000004 1
-0.27200001 1.187 0.115 2
-0.32300001 1.219 0.14 2
-0.20299999 1.155 0.063000001 2
-0.25600001 1.193 0.090999998 1
-0.30399999 1.197 0.117 2
-0.35299999 1.22 0.142 2
-0.23100001 1.1569999 0.061999999 1
-0.289 1.206 0.092 1
-0.338 1.211 0.119 2
-0.38800001 1.234 0.145 2
-0.266 1.179 0.061999999 1
-0.32100001 1.214 0.093000002 1
-0.37400001 1.2309999 0.122 2
-0.41999999 1.239 0.148 2
-0.29800001 1.192 0.061999999 1
-0.354 1.221 0.093000002 1
-0.40900001 1.243 0.124 2
-0.48199999 1.3200001 0.15899999 2
-0.331 1.201 0.061999999 1
-0.389 1.235 0.093999997 1
-0.442 1.244 0.125 2
-0.53600001 1.369 0.167 19
-0.368 1.219 0.061999999 2
-0.419 1.228 0.093999997 1
-0.54100001 1.419 0.14399999 4
-0.63300002 1.515 0.18799999 4
-0.40400001 1.2309999 0.061999999 1
-0.48699999 1.322 0.101 1
-0.55800003 1.3660001 0.14 14
-0.66000003 1.484 0.18700001 110
-0.44100001 1.243 0.061999999 2
-0.53399998 1.353 0.104 10
-0.60699999 1.393 0.145 2
-0.69999999 1.482 0.189 90
-0.53500003 1.4 0.07 4
-0.58399999 1.3839999 0.107 1
-0.64399999 1.391 0.146 11
-0.72299999 1.4450001 0.18700001 18
-0.59299999 1.448 0.071000002 151
-0.62800002 1.395 0.109 12
-0.69400001 1.4119999 0.15000001 9
-0.764 1.4450001 0.19 9
-0.67400002 1.538 0.075000003 5
-0.69 1.441 0.113 21
-0.74699998 1.434 0.154 9
-0.81900001 1.4680001 0.19599999 9
-0.68900001 1.474 0.071999997 72
-0.74000001 1.457 0.115 20
-0.80900002 1.47 0.16 11
-0.88200003 1.499 0.204 10
-0.72899997 1.469 0.071000002 29
-0.801 1.489 0.118 26
-0.86799997 1.4960001 0.16500001 13
-0.95300001 1.539 0.213 8
-0.78399998 1.487 0.071999997 28
-0.861 1.5140001 0.121 30
-0.98699999 1.613 0.18099999 164
-0.977 1.502 0.212 171
-0.84200001 1.5089999 0.072999999 28
-0.92699999 1.545 0.125 28
-0.92799997 1.441 0.164 169
-0.838 1.226 0.176 55
-0.903 1.529 0.074000001 21
-0.88999999 1.406 0.115 151
-0.85299999 1.261 0.146 51
-0.84299999 1.175 0.17200001 11
-0.875 1.404 0.068000004 150
-0.866 1.3 0.107 43
-0.84299999 1.186 0.139 11
-0.866 1.153 0.17200001 10
-0.86000001 1.308 0.063000001 43
-0.84100002 1.2 0.1 40
-0.852 1.142 0.13699999 11
-0.87300003 1.108 0.169 10
-0.83499998 1.206 0.057999998 44
-0.84899998 1.152 0.097999997 10
-0.866 1.107 0.13500001 9
-0.88099998 1.068 0.16599999 11
-0.85100001 1.168 0.057 10
-0.86900002 1.124 0.097000003 8
-0.88599998 1.081 0.134 9
-0.89999998 1.043 0.16599999 11
-0.866 1.13 0.055 10
-0.87599999 1.079 0.093999997 9
-0.89899999 1.046 0.132 10
-0.917 1.015 0.16500001 10
-0.875 1.087 0.052999999 10
-0.89300001 1.048 0.093000002 9
-0.91500002 1.017 0.131 9
-0.92500001 0.97899997 0.163 10
-0.89499998 1.058 0.052000001 10
-0.91100001 1.02 0.092 9
-0.93099999 0.98799998 0.131 9
-0.94199997 0.95300001 0.163 11
-0.90600002 1.02 0.050999999 10
-0.921 0.98400003 0.090000004 8
-0.93800002 0.95099998 0.12899999 10
-0.95499998 0.92400002 0.162 10
-0.92299998 0.99000001 0.050000001 10
-0.93800002 0.95599997 0.089000002 9
-0.95499998 0.92500001 0.12800001 9
-0.96399999 0.89200002 0.16 10
-0.935 0.95599997 0.048999999 10
-0.94999999 0.92299998 0.088 9
-0.963 0.89099997 0.126 10
-0.97899997 0.866 0.16 10
-0.94800001 0.92299998 0.048 10
-0.96399999 0.89399999 0.086999997 9
-0.97799999 0.86400002 0.126 10
-0.98900002 0.83600003 0.15899999 10
-0.96100003 0.89099997 0.046999998 10
-0.97500002 0.86199999 0.086000003 9
-0.99199998 0.83600003 0.125 10
-1.001 0.80900002 0.15800001 10
-0.97799999 0.86400002 0.046 10
-0.99299997 0.83700001 0.086000003 9
-1.003 0.80800003 0.124 10
-1.013 0.78200001 0.15700001 10
-0.99000001 0.83200002 0.045000002 10
-1.0039999 0.80699998 0.085000001 9
-1.013 0.778 0.123 10
-1.025 0.75599998 0.15700001 10
-1 0.801 0.045000002 10
-1.018 0.77999997 0.083999999 9
-1.029 0.75300002 0.123 10
-1.034 0.727 0.156 10
-1.015 0.773 0.044 10
-1.03 0.75099999 0.083999999 9
-1.038 0.72399998 0.122 9
-1.048 0.70200002 0.156 10
-1.027 0.74299997 0.044 10
-1.0369999 0.71899998 0.082999997 9
-1.0470001 0.69499999 0.121 10
-1.063 0.67900002 0.156 9
-1.04 0.71499997 0.043000001 10
-1.053 0.69400001 0.082999997 9
-1.075 0.67900002 0.123 6
-1.072 0.65100002 0.155 2
-1.05 0.685 0.043000001 10
-1.0779999 0.67500001 0.082999997 2
-1.073 0.64399999 0.121 1
-1.084 0.62599999 0.155 2
-1.069 0.66100001 0.043000001 1
-1.08 0.64099997 0.082000002 1
-1.081 0.61500001 0.12 2
-1.087 0.59600002 0.153 3
-1.079 0.63200003 0.041999999 2
-1.086 0.61000001 0.081 2
-1.0930001 0.58999997 0.119 4
-1.107 0.57499999 0.154 6
-1.089 0.602 0.041999999 3
-1.098 0.58399999 0.081 4
-1.1109999 0.56699997 0.12 7
-1.112 0.54699999 0.153 9
-1.105 0.57700002 0.041999999 5
-1.1059999 0.55500001 0.079999998 7
-1.112 0.53600001 0.119 9
-1.126 0.523 0.153 24
-1.112 0.546 0.041999999 9
-1.122 0.52999997 0.081 15
-1.138 0.51700002 0.12 28
-1.145 0.50099999 0.154 67
-1.1289999 0.52100003 0.041999999 31
-1.149 0.51099998 0.082000002 37
-1.15 0.491 0.12 75
-1.154 0.47499999 0.154 34
-1.148 0.49599999 0.041999999 150
-1.1569999 0.48199999 0.081 35
-1.1569999 0.463 0.12 23
-1.156 0.44600001 0.153 10
-1.1569999 0.46700001 0.041999999 35
-1.16 0.45199999 0.081 15
-1.156 0.433 0.118 8
-1.173 0.42300001 0.154 7
-1.155 0.43399999 0.041999999 10
-1.166 0.42199999 0.079999998 6
-1.178 0.41100001 0.119 5
-1.176 0.39500001 0.153 3
-1.178 0.41100001 0.041999999 6
-1.1720001 0.39399999 0.079999998 3
-1.186 0.38299999 0.119 3
-1.193 0.37200001 0.154 2
-1.179 0.37900001 0.041999999 3
-1.188 0.368 0.081 2
-1.1950001 0.35600001 0.119 1
-1.205 0.347 0.154 1
-1.1950001 0.35299999 0.041999999 1
-1.2029999 0.34200001 0.081 1
-1.2079999 0.331 0.12 1
-1.212 0.31999999 0.154 1
-1.2 0.32300001 0.043000001 1
-1.211 0.31400001 0.081 0
-1.214 0.303 0.119 0
-1.225 0.29499999 0.154 0
-1.2079999 0.294 0.043000001 0
-1.225 0.287 0.082000002 0
-1.229 0.27700001 0.12 0
-1.234 0.26800001 0.154 4
-1.2130001 0.264 0.043000001 0
-1.2359999 0.259 0.082000002 0
-1.244 0.25099999 0.121 0
-1.25 0.243 0.155 0
0 0 0 0
-1.255 0.233 0.082999997 4
-1.251 0.223 0.121 0
-1.253 0.215 0.155 3
-1.248 0.20900001 0.044 0
-1.266 0.204 0.082999997 0
-1.256 0.19400001 0.12 2
-1.27 0.189 0.156 0
-1.2640001 0.18000001 0.045000002 2
-1.258 0.17200001 0.082000002 2
-1.2819999 0.169 0.122 0
-1.283 0.162 0.156 2
0 0 0 0
-1.29 0.146 0.083999999 0
-1.294 0.14 0.123 2
-1.2920001 0.134 0.15700001 0
-1.299 0.121 0.046999998 4
-1.28 0.115 0.082999997 61
-1.3 0.111 0.123 10
-1.309 0.107 0.15800001 49
-1.298 0.090000004 0.046999998 11
-1.312 0.086999997 0.085000001 9
-1.3150001 0.082999997 0.124 9
-1.316 0.078000002 0.15800001 10
-1.321 0.059 0.048 10
-1.326 0.056000002 0.086000003 9
-1.329 0.052999999 0.125 9
-1.332 0.050000001 0.15899999 10
-1.334 0.027000001 0.048999999 10
-1.339 0.026000001 0.086999997 9
-1.336 0.023 0.125 10
-1.341 0.021 0.15899999 10
-1.351 -0.0040000002 0.050000001 10
-1.35 -0.0049999999 0.088 9
-1.351 -0.0060000001 0.126 9
-1.354 -0.0080000004 0.16 10
-1.363 -0.037 0.052000001 11
-1.3660001 -0.037 0.089000002 8
-1.368 -0.037 0.127 10
-1.368 -0.037999999 0.161 10
-1.377 -0.071000002 0.052999999 10
-1.38 -0.068999998 0.090000004 9
-1.381 -0.068999998 0.12800001 10
-1.376 -0.068999998 0.162 10
-1.391 -0.105 0.054000001 10
-1.393 -0.103 0.090999998 9
-1.3940001 -0.101 0.12899999 9
-1.397 -0.101 0.164 10
-1.41 -0.141 0.055 10
-1.4069999 -0.13699999 0.092 8
-1.402 -0.134 0.13 10
-1.411 -0.133 0.16500001 10
-1.424 -0.177 0.057 10
-1.4220001 -0.17200001 0.093999997 8
-1.421 -0.168 0.132 10
-1.428 -0.16599999 0.16599999 10
-1.449 -0.215 0.059 10
-1.446 -0.20900001 0.096000001 9
-1.439 -0.204 0.133 9
-1.441 -0.2 0.167 10
-1.456 -0.252 0.059999999 10
-1.461 -0.24699999 0.097000003 9
-1.459 -0.23999999 0.13500001 9
-1.46 -0.236 0.169 10
-1.478 -0.29300001 0.061999999 10
-1.483 -0.28600001 0.098999999 44
-1.476 -0.278 0.13699999 11
-1.473 -0.271 0.17 49
-1.5 -0.33500001 0.064000003 27
-1.4910001 -0.324 0.101 9
-1.497 -0.317 0.139 9
-1.4910001 -0.30899999 0.17200001 10
-1.515 -0.377 0.066 47
-1.518 -0.368 0.103 44
-1.5089999 -0.35499999 0.14 41
-1.511 -0.34799999 0.17399999 51
-1.534 -0.421 0.068000004 45
-1.534 -0.40900001 0.105 44
-1.528 -0.39700001 0.142 54
-1.524 -0.38699999 0.175 54
-1.552 -0.46599999 0.07 38
-1.553 -0.45300001 0.107 44
-1.55 -0.44 0.145 47
-1.545 -0.428 0.178 51
-1.576 -0.51499999 0.072999999 42
-1.574 -0.5 0.11 39
-1.566 -0.48300001 0.147 44
-1.559 -0.47 0.17900001 50
-1.596 -0.56400001 0.075000003 43
-1.589 -0.546 0.112 38
-1.585 -0.52899998 0.149 44
-1.575 -0.51300001 0.18099999 43
-1.6160001 -0.61500001 0.078000002 40
-1.615 -0.597 0.115 42
-1.608 -0.57700002 0.152 41
-1.595 -0.55800003 0.183 47
-1.642 -0.671 0.081 41
-1.635 -0.64899999 0.117 43
-1.625 -0.62599999 0.154 43
-1.615 -0.60600001 0.186 46
-1.6670001 -0.727 0.083999999 39
-1.659 -0.70300001 0.12 37
-1.651 -0.67900002 0.15700001 39
-1.633 -0.65399998 0.18799999 45
-1.691 -0.787 0.086999997 36
-1.676 -0.75700003 0.123 36
-1.671 -0.73199999 0.16 39
-1.658 -0.70700002 0.191 41
-1.717 -0.85000002 0.090999998 38
-1.706 -0.81800002 0.127 36
-1.698 -0.79000002 0.163 43
-1.6799999 -0.76099998 0.193 47
-1.74 -0.91299999 0.094999999 36
-1.728 -0.87900001 0.13 34
-1.725 -0.85000002 0.167 40
-1.7 -0.815 0.19599999 43
-1.775 -0.986 0.098999999 32
-1.7589999 -0.94700003 0.134 37
-1.743 -0.90899998 0.169 37
-1.73 -0.87800002 0.2 40
-1.8049999 -1.0599999 0.104 32
-1.785 -1.015 0.138 31
-1.775 -0.977 0.17399999 35
-1.751 -0.93800002 0.20299999 44
-1.837 -1.1390001 0.109 36
-1.823 -1.094 0.14300001 37
-1.802 -1.046 0.178 33
-1.774 -1.001 0.206 39
-1.8789999 -1.227 0.114 44
-1.853 -1.171 0.148 31
-1.835 -1.122 0.182 40
-1.813 -1.077 0.211 41
-1.849 -1.272 0.116 51
-1.88 -1.25 0.153 98
-1.872 -1.204 0.18799999 35
-1.846 -1.153 0.21600001 37
-1.79 -1.295 0.116 49
-1.829 -1.279 0.15099999 55
-1.865 -1.26 0.189 55
-1.882 -1.234 0.22 72
-1.732 -1.316 0.115 52
-1.773 -1.301 0.149 44
-1.812 -1.285 0.185 50
-1.847 -1.27 0.21699999 58
-1.682 -1.3430001 0.116 51
-1.714 -1.3200001 0.147 49
-1.761 -1.3099999 0.182 52
-1.794 -1.294 0.212 59
-1.628 -1.363 0.116 59
-1.663 -1.344 0.145 53
-1.7029999 -1.327 0.177 51
-1.743 -1.317 0.207 53
-1.577 -1.386 0.116 55
-1.617 -1.37 0.14399999 52
-1.653 -1.35 0.17399999 60
-1.688 -1.335 0.20100001 59
-1.529 -1.409 0.116 50
-1.566 -1.391 0.14300001 51
-1.601 -1.37 0.171 62
-1.638 -1.357 0.197 56
-1.472 -1.4220001 0.116 47
-1.52 -1.414 0.142 41
-1.559 -1.396 0.168 56
-1.5880001 -1.375 0.192 61
-1.424 -1.442 0.116 54
-1.465 -1.427 0.14 51
-1.506 -1.411 0.16500001 47
-1.5470001 -1.401 0.18799999 64
-1.377 -1.462 0.117 62
-1.411 -1.439 0.138 58
-1.459 -1.431 0.162 55
-1.505 -1.426 0.184 53
-1.334 -1.485 0.118 51
-1.3710001 -1.466 0.13699999 54
-1.418 -1.455 0.16 49
-1.449 -1.436 0.17900001 51
-1.288 -1.5039999 0.118 44
-1.326 -1.485 0.13600001 50
-1.365 -1.466 0.156 52
-1.4069999 -1.457 0.175 55
-1.243 -1.522 0.119 43
-1.283 -1.506 0.13600001 49
-1.325 -1.49 0.155 54
-1.3559999 -1.47 0.17 62
-1.198 -1.539 0.119 47
-1.237 -1.521 0.13500001 48
-1.284 -1.511 0.152 50
-1.317 -1.493 0.167 63
-1.155 -1.558 0.12 53
-1.1950001 -1.541 0.134 57
-1.235 -1.522 0.149 50
-1.274 -1.511 0.163 55
-1.113 -1.5779999 0.121 50
-1.151 -1.557 0.133 50
-1.193 -1.541 0.147 55
-1.23 -1.526 0.16 60
-1.071 -1.595 0.122 49
-1.109 -1.576 0.133 51
-1.154 -1.562 0.145 55
-1.1900001 -1.5470001 0.156 56
-1.03 -1.6160001 0.123 53
-1.0700001 -1.596 0.132 50
-1.113 -1.582 0.14399999 52
-1.148 -1.563 0.153 57
-0.98799998 -1.633 0.124 59
-1.023 -1.607 0.131 54
-1.0700001 -1.596 0.141 54
-1.108 -1.582 0.15000001 59
-0.949 -1.654 0.125 22
-0.986 -1.63 0.131 63
-1.029 -1.613 0.139 56
-1.064 -1.595 0.146 54
-0.90399998 -1.665 0.125 11
-0.94800001 -1.652 0.131 23
-0.98799998 -1.6289999 0.138 62
-1.024 -1.612 0.14300001 60
-0.866 -1.686 0.127 19
-0.90700001 -1.6670001 0.131 10
-0.95300001 -1.6569999 0.13699999 25
-0.98400003 -1.628 0.14 67
-0.82300001 -1.698 0.12800001 47
-0.86400002 -1.679 0.13 13
-0.91299999 -1.673 0.13500001 9
-0.94800001 -1.653 0.13699999 25
-0.78100002 -1.7130001 0.12899999 100
-0.82499999 -1.698 0.13 41
-0.866 -1.676 0.132 10
-0.90700001 -1.6670001 0.134 9
-0.74299997 -1.735 0.13 181
-0.78100002 -1.7079999 0.12899999 85
-0.82700002 -1.696 0.131 42
-0.86699998 -1.683 0.131 14
-0.70200002 -1.749 0.131 173
-0.745 -1.734 0.13 177
-0.787 -1.712 0.12899999 83
-0.824 -1.693 0.12800001 47
-0.66000003 -1.763 0.133 94
-0.70599997 -1.752 0.13 185
-0.74900001 -1.732 0.12800001 178
-0.78299999 -1.704 0.125 95
-0.62 -1.78 0.134 39
-0.662 -1.758 0.12899999 127
-0.71100003 -1.753 0.127 202
-0.75 -1.7359999 0.123 178
-0.57999998 -1.799 0.13600001 22
-0.62300003 -1.779 0.13 37
-0.66799998 -1.76 0.125 150
-0.70899999 -1.749 0.121 240
-0.53899997 -1.813 0.13699999 13
-0.58200002 -1.793 0.13 25
-0.62699997 -1.774 0.123 47
-0.667 -1.7589999 0.118 150
-0.5 -1.837 0.139 11
-0.542 -1.8099999 0.13 15
-0.58899999 -1.796 0.122 32
-0.62800002 -1.776 0.115 78
-0.45899999 -1.854 0.141 7
-0.50199997 -1.8279999 0.13 10
-0.54900002 -1.8150001 0.121 19
-0.588 -1.7920001 0.112 39
-0.41499999 -1.862 0.142 11
-0.463 -1.853 0.131 10
-0.50800002 -1.827 0.12 11
-0.55199999 -1.819 0.111 28
-0.37599999 -1.888 0.14399999 58
-0.41999999 -1.863 0.131 8
-0.46900001 -1.851 0.119 9
-0.528 -1.8940001 0.112 123
-0.33399999 -1.904 0.146 55
-0.38 -1.882 0.131 66
-0.42899999 -1.868 0.118 9
-0.47 -1.849 0.106 10
-0.29100001 -1.9170001 0.148 56
-0.33899999 -1.902 0.132 66
-0.38600001 -1.882 0.117 71
-0.42899999 -1.8660001 0.103 12
-0.249 -1.937 0.15000001 51
-0.296 -1.9170001 0.133 53
-0.345 -1.9 0.116 65
-0.38699999 -1.877 0.101 72
-0.205 -1.949 0.152 47
-0.25299999 -1.931 0.133 53
-0.303 -1.915 0.115 57
-0.345 -1.8940001 0.097999997 64
-0.162 -1.971 0.154 47
-0.211 -1.954 0.134 52
-0.26100001 -1.9349999 0.114 60
-0.30399999 -1.913 0.096000001 65
-0.118 -1.992 0.15700001 51
-0.167 -1.973 0.13500001 48
-0.21799999 -1.954 0.113 56
-0.26100001 -1.934 0.093999997 70
-0.072999999 -2.0020001 0.15800001 57
-0.123 -1.9910001 0.13500001 46
-0.17399999 -1.97 0.112 57
-0.21799999 -1.947 0.090999998 60
-0.027000001 -2.0280001 0.162 47
-0.078000002 -2.0050001 0.13600001 53
-0.13 -1.987 0.112 52
-0.175 -1.966 0.089000002 62
0.017999999 -2.0439999 0.164 48
-0.032000002 -2.0150001 0.13600001 54
-0.085000001 -2.0050001 0.111 54
-0.13 -1.98 0.086999997 59
0.066 -2.0769999 0.168 23
0.013 -2.046 0.138 48
-0.039000001 -2.0150001 0.11 59
-0.085000001 -2.0009999 0.085000001 57
0.111 -2.029 0.16500001 6
0.061000001 -2.075 0.14 26
0.0070000002 -2.0469999 0.11 49
-0.039000001 -2.03 0.082999997 53
0 0 0 0
0.106 -2.0209999 0.13600001 11
0.054000001 -2.0780001 0.11 31
0.0060000001 -2.0439999 0.081 54
0 0 0 0
0.154 -2.0450001 0.13699999 0
0.1 -2.0239999 0.105 13
0.054000001 -2.069 0.079000004 42
0 0 0 0
0 0 0 0
0.148 -2.05 0.105 0
0.1 -2.0209999 0.074000001 29
0 0 0 0
0 0 0 0
0 0 0 0
0 0 0 0
0 0 0 0
0 0 0 0
0 0 0 0
0 0 0 0
0 0 0 0
0 0 0 0
0 0 0 0
0 0 0 0
0 0 0 0
0 0 0 0
0 0 0 0
0 0 0 0
0 0 0 0
0 0 0 0
0 0 0 0
0 0 0 0
0.602 -2.279 0.2 0
0 0 0 0
0 0 0 0
0 0 0 0
0.66600001 -2.3050001 0.204 13
0 0 0 0
0 0 0 0
0 0 0 0
0.70700002 -2.2590001 0.20200001 12
0.67699999 -2.349 0.15800001 12
0 0 0 0
0 0 0 0
0.741 -2.191 0.198 12
0.70700002 -2.257 0.153 12
0.67400002 -2.346 0.106 11
0 0 0 0
0.76899999 -2.118 0.193 13
0.73699999 -2.178 0.148 13
0.70599997 -2.2590001 0.101 13
0.67000002 -2.3180001 0.055 0
0.796 -2.0450001 0.189 13
0.76700002 -2.108 0.14300001 12
0.736 -2.177 0.096000001 13
0.71200001 -2.263 0.050999999 12
0.82300001 -1.984 0.185 13
0.79900002 -2.0480001 0.14 13
0.76800001 -2.112 0.092 13
0.74199998 -2.177 0.046 11
0.85299999 -1.9299999 0.182 13
0.82599998 -1.982 0.13600001 12
0.79900002 -2.046 0.088 12
0.77399999 -2.1059999 0.041999999 11
0.87699997 -1.8710001 0.17900001 12
0.85500002 -1.927 0.133 12
0.82599998 -1.9809999 0.083999999 12
0.80699998 -2.0469999 0.037999999 11
0.90700001 -1.826 0.177 12
0.88 -1.867 0.12899999 11
0.85299999 -1.9170001 0.079999998 11
0.829 -1.969 0.034000002 9
0.92799997 -1.768 0.17299999 12
0.90799999 -1.818 0.126 11
0.88099998 -1.863 0.077 11
0.85799998 -1.908 0.030999999 9
0.94700003 -1.711 0.17 12
0.92799997 -1.757 0.123 11
0.90700001 -1.807 0.074000001 10
0.88999999 -1.862 0.028000001 9
2.1210001 -3.6359999 0.366 11
0.949 -1.7029999 0.12 10
0.92500001 -1.743 0.07 10
0.91600001 -1.8049999 0.025 9
2.1819999 -3.5569999 0.36300001 54
2.135 -3.631 0.25799999 0
0.96499997 -1.72 0.068999998 6
0.92900002 -1.729 0.021 11
2.4330001 -3.7750001 0.391 0
2.217 -3.582 0.25600001 0
0 0 0 0
0.97100002 -1.71 0.018999999 2
0 0 0 0
2.461 -3.7809999 0.27200001 1
0 0 0 0
0 0 0 0
0 0 0 0
0 0 0 0
0 0 0 0
0 0 0 0
0 0 0 0
0 0 0 0
0 0 0 0
0 0 0 0
0 0 0 0
0 0 0 0
0 0 0 0
0 0 0 0
0 0 0 0
0 0 0 0
0 0 0 0
0 0 0 0
0 0 0 0
3.0309999 -3.6659999 0.27700001 11
3.2119999 -4.0229998 0.15000001 2
0 0 0 0
4.006 -4.4920001 0.52200001 8
0 0 0 0
3.2590001 -3.892 0.14399999 33
2.9920001 -3.6849999 0.0080000004 64
0 0 0 0
0 0 0 0
3.319 -3.783 0.139 28
3.198 -3.7520001 0.003 34
1.71 -1.753 0.211 48
1.721 -1.814 0.142 34
3.368 -3.6630001 0.133 21
3.3110001 -3.7030001 -0.0020000001 34
1.768 -1.734 0.213 49
1.749 -1.762 0.139 56
1.74 -1.8049999 0.064999998 50
1.752 -1.867 -0.003 17
4.0250001 -3.776 0.47400001 0
1.802 -1.734 0.139 34
1.779 -1.762 0.063000001 51
1.762 -1.7920001 -0.0060000001 57
1.704 -1.529 0.19599999 3
4.0580001 -3.7309999 0.30399999 1
4.0190001 -3.8 0.13500001 0
1.817 -1.761 -0.0089999996 33
1.721 -1.476 0.193 43
1.73 -1.52 0.126 33
4.0760002 -3.677 0.12899999 1
4.046 -3.74 -0.025 1
1.7539999 -1.439 0.192 45
1.73 -1.451 0.122 47
1.724 -1.484 0.052000001 43
1.751 -1.5420001 -0.012 3
0 0 0 0
1.778 -1.424 0.122 46
1.7539999 -1.4400001 0.050000001 50
1.738 -1.459 -0.014 46
0 0 0 0
0 0 0 0
0 0 0 0
1.791 -1.432 -0.017000001 48
9.4280005 -6.7379999 0.972 2
0 0 0 0
0 0 0 0
0 0 0 0
10.578 -7.2090001 1.068 2
8.1300001 -5.645 0.514 4
7.928 -5.6259999 0.192 16
0 0 0 0
11.982 -7.7859998 1.186 2
9.8699999 -6.5229998 0.60699999 55
0 0 0 0
0 0 0 0
13.569 -8.3929996 1.316 8
0 0 0 0
0 0 0 0
0 0 0 0
0 0 0 0
0 0 0 0
3.516 -2.141 0.071999997 6
0 0 0 0
0 0 0 0
3.6070001 -2.0450001 0.205 1
3.503 -2.0220001 0.068000004 28
3.5220001 -2.0669999 -0.050999999 2
0 0 0 0
3.648 -1.96 0.20200001 0
3.618 -1.977 0.066 1
0 0 0 0
0 0 0 0
3.711 -1.887 0.20100001 0
3.579 -1.848 0.061999999 1
0 0 0 0
0 0 0 0
3.753 -1.801 0.198 0
3.642 -1.774 0.059999999 2
3.6949999 -1.824 -0.061000001 7
0 0 0 0
3.7309999 -1.688 0.192 1
3.691 -1.692 0.057 7
3.717 -1.725 -0.064000003 1
3.786 -1.597 0.322 0
3.7590001 -1.599 0.189 10
3.7679999 -1.6210001 0.055 150
3.78 -1.645 -0.067000002 7
3.7880001 -1.501 0.317 0
3.8210001 -1.522 0.18700001 6
3.7679999 -1.518 0.050999999 10
3.7720001 -1.534 -0.068999998 1
0 0 0 0
3.8340001 -1.428 0.184 0
3.6919999 -1.388 0.046999998 150
3.819 -1.448 -0.071999997 1
5.0949998 -1.762 0.412 4
0 0 0 0
3.789 -1.323 0.046 2
0 0 0 0
3.786 -1.217 0.301 1
0 0 0 0
3.842 -1.242 0.043000001 14
0 0 0 0
0 0 0 0
30.496 -9.0389996 1.367 9
3.855 -1.146 0.039999999 0
0 0 0 0
0 0 0 0
5.2529998 -1.428 0.23 9
3.918 -1.0650001 0.037999999 0
0 0 0 0
3.994 -0.99699998 0.30199999 1
31.077 -7.6880002 1.332 9
0 0 0 0
0 0 0 0
0 0 0 0
4.0370002 -0.90200001 0.169 1
0 0 0 0
0 0 0 0
0 0 0 0
4.079 -0.81400001 0.167 9
5.415 -1.0700001 0.041999999 1
26.766001 -5.2490001 -0.58499998 7
0 0 0 0
0 0 0 0
0 0 0 0
27.118999 -4.6360002 -0.60399997 9
0 0 0 0
0 0 0 0
0 0 0 0
5.5349998 -0.80900002 -0.125 4
0 0 0 0
0 0 0 0
28.423 -3.5580001 0.17399999 6
0 0 0 0
0 0 0 0
0 0 0 0
0 0 0 0
0 0 0 0
0 0 0 0
0 0 0 0
0 0 0 0
0 0 0 0
0.801 -0.054000001 0.052999999 0
0.82200003 -0.048999999 0.028999999 0
0 0 0 0
0.81300002 -0.039000001 -0.018999999 0
0 0 0 0
0 0 0 0
0 0 0 0
0 0 0 0
0 0 0 0
0 0 0 0
0 0 0 0
0 0 0 0
1.296 -0.001 0.081 0
1.275 0.0099999998 0.041999999 4
0 0 0 0
0 0 0 0
0 0 0 0
1.207 0.037 0.039000001 1
1.2 0.048 0.003 1
1.196 0.057 -0.028999999 6
1.191 0.050999999 0.071999997 3
1.196 0.064000003 0.037999999 24
1.1950001 0.075999998 0.0020000001 22
1.205 0.086999997 -0.029999999 5
1.194 0.078000002 0.071000002 17
1.191 0.090999998 0.037 4
1.202 0.105 0.001 3
1.209 0.117 -0.029999999 3
1.2 0.105 0.07 4
1.202 0.12 0.035999998 3
1.209 0.134 0.001 2
1.228 0.149 -0.030999999 2
1.206 0.132 0.068999998 3
1.215 0.149 0.035999998 2
1.227 0.16599999 0 2
1.239 0.18000001 -0.030999999 2
1.2180001 0.161 0.068999998 3
1.229 0.18000001 0.035 2
1.238 0.197 0 1
1.25 0.213 -0.032000002 2
1.2309999 0.191 0.068000004 2
1.237 0.20999999 0.035 2
1.252 0.23 0 1
1.263 0.24699999 -0.032000002 2
1.245 0.221 0.068000004 2
1.255 0.243 0.034000002 1
1.261 0.26199999 0 1
1.28 0.28299999 -0.033 1
1.255 0.252 0.067000002 2
1.27 0.27599999 0.034000002 1
1.28 0.29800001 -0.001 1
1.2920001 0.31799999 -0.033 10
1.256 0.28200001 0.066 1
1.279 0.30899999 0.033 1
1.293 0.333 -0.001 1
1.301 0.354 -0.034000002 1
1.284 0.31799999 0.066 1
1.302 0.34599999 0.033 10
1.307 0.37 -0.001 9
1.387 0.414 -0.035999998 5
1.293 0.35100001 0.064999998 1
1.317 0.382 0.033 0
1.415 0.43700001 -0.0020000001 1
1.4119999 0.45899999 -0.037 9
1.331 0.39300001 0.066 6
1.392 0.44 0.034000002 10
1.3609999 0.456 -0.003 11
1.3609999 0.479 -0.035999998 1
1.413 0.45199999 0.068999998 1
1.346 0.45899999 0.032000002 1
1.314 0.47499999 -0.003 1
1.351 0.51300001 -0.035999998 83
1.378 0.47499999 0.066 10
1.302 0.47799999 0.029999999 15
1.2869999 0.49900001 -0.003 28
1.2640001 0.51499999 -0.034000002 2
1.388 0.514 0.064999998 8
1.255 0.49399999 0.028000001 1
1.216 0.505 -0.0040000002 1
1.237 0.53899997 -0.033 37
1.323 0.523 0.059999999 27
1.212 0.509 0.026000001 15
1.178 0.52200001 -0.0040000002 2
1.153 0.53600001 -0.030999999 1
1.263 0.53299999 0.056000002 1
1.171 0.52399999 0.024 1
0 0 0 0
1.085 0.53600001 -0.028999999 1
1.217 0.546 0.052999999 41
0 0 0 0
0 0 0 0
1.072 0.56300002 -0.028999999 2
0 0 0 0
1.0930001 0.551 0.021 1
1.068 0.56699997 -0.0040000002 1
1.04 0.57800001 -0.028000001 2
1.1 0.55400002 0.045000002 1
1.067 0.56900001 0.02 2
1.0369999 0.58200002 -0.0049999999 2
1.005 0.59100002 -0.027000001 3
1.0700001 0.56900001 0.043000001 2
1.035 0.583 0.018999999 1
0.99699998 0.59100002 -0.0049999999 2
0.97100002 0.60299999 -0.026000001 3
1.036 0.58099997 0.039999999 2
0.986 0.58600003 0.017000001 0
0.97100002 0.60699999 -0.0049999999 2
0 0 0 0
1.006 0.59500003 0.037999999 2
0.97000003 0.60600001 0.016000001 1
0 0 0 0
0 0 0 0
0.96600002 0.60100001 0.035999998 2
0 0 0 0
0 0 0 0
0.23199999 0.168 -0.0060000001 1
0 0 0 0
0 0 0 0
0.22 0.16 -0.001 1
0 0 0 0
0 0 0 0
0 0 0 0
0 0 0 0
0.81699997 0.65600002 -0.022 0
0 0 0 0
0.221 0.168 0.003 1
0.96499997 0.77600002 -0.0060000001 0
0.80500001 0.67900002 -0.022 2
0 0 0 0
0 0 0 0
0 0 0 0
0.778 0.68900001 -0.021 3
0 0 0 0
0 0 0 0
0.778 0.68800002 -0.0060000001 3
0.75099999 0.69800001 -0.02 2
0 0 0 0
0.77899998 0.68300003 0.0089999996 2
0.75300002 0.69800001 -0.0060000001 2
0.72799999 0.70999998 -0.018999999 3
0.79000002 0.685 0.022 2
0.76200002 0.70099998 0.0080000004 1
0.72799999 0.708 -0.0060000001 2
0.69999999 0.71700001 -0.018999999 3
0.76599997 0.69499999 0.02 2
0 0 0 0
0.70300001 0.71700001 -0.0060000001 2
0.67900002 0.72899997 -0.017999999 3
0.74299997 0.70599997 0.018999999 2
0 0 0 0
0.68099999 0.72799999 -0.0060000001 2
0.653 0.73500001 -0.017000001 3
0.72100002 0.71700001 0.017000001 2
0 0 0 0
0.66000003 0.74000001 -0.0060000001 2
0.62900001 0.74400002 -0.017000001 3
0.69599998 0.72500002 0.015 2
0 0 0 0
0.64200002 0.75400001 -0.0060000001 2
0.602 0.74800003 -0.016000001 3
0.676 0.736 0.014 2
1.176 1.364 0.0080000004 15
0 0 0 0
0.58200002 0.759 -0.015 3
0.65200001 0.74299997 0.012 2
1.131 1.375 0.0060000001 15
0.59399998 0.76899999 -0.0060000001 2
0.55900002 0.76700002 -0.014 6
0.61799997 0.73799998 0.0099999998 5
0.59399998 0.75700003 0.003 0
0.62599999 0.85100001 -0.0060000001 4
0.53899997 0.77700001 -0.014 1
0.60000002 0.75099999 0.0089999996 5
0.89999998 1.204 0.003 8
0.54799998 0.78299999 -0.0060000001 3
0.495 0.75099999 -0.013 2
0.58999997 0.77399999 0.0080000004 2
0.579 0.81300002 0.001 3
0.49900001 0.75 -0.0049999999 1
0.493 0.79000002 -0.012 6
0.56300002 0.77499998 0.0060000001 6
0.51800001 0.764 0 2
0.49599999 0.78500003 -0.0049999999 6
0.509 0.85900003 -0.013 5
0.542 0.78200001 0.0049999999 1
0.48500001 0.75199997 0 5
0.60500002 1.01 -0.0070000002 5
0.48500001 0.866 -0.012 5
0.495 0.75099999 0.003 2
0 0 0 0
0.58700001 1.034 -0.0070000002 8
0.461 0.87099999 -0.011 6
0.48800001 0.778 0.0020000001 6
0.63499999 1.094 -0.001 7
0.565 1.052 -0.0070000002 8
0.44100001 0.884 -0.0099999998 8
0 0 0 0
0.60100001 1.0930001 -0.0020000001 8
0.54299998 1.072 -0.0070000002 8
0.419 0.89099997 -0.0099999998 8
0.61699998 1.0930001 0 9
0.58099997 1.118 -0.003 8
0.43900001 0.91900003 -0.0060000001 3
0.42199999 0.95700002 -0.0099999998 23
0.59600002 1.1160001 -0.0020000001 9
0.505 1.029 -0.003 1
0.47400001 1.0549999 -0.0060000001 14
0.419 1.015 -0.0089999996 22
0.57099998 1.13 -0.0040000002 8
0.458 0.991 -0.0040000002 2
0.449 1.066 -0.0060000001 21
0.41299999 1.071 -0.0089999996 21
0.461 0.96700001 -0.0040000002 1
0.463 1.066 -0.0049999999 20
0.426 1.08 -0.0060000001 20
0.38800001 1.081 -0.0080000004 9
0.47600001 1.059 -0.0060000001 21
0.43599999 1.072 -0.0060000001 20
0.40099999 1.091 -0.0060000001 12
0.366 1.103 -0.0070000002 7
0.44400001 1.054 -0.0080000004 25
0.412 1.085 -0.0060000001 16
0.373 1.096 -0.0060000001 8
0.345 1.127 -0.0060000001 6
0.40700001 1.0319999 -0.0089999996 28
0.382 1.079 -0.0070000002 8
0.352 1.119 -0.0060000001 5
0.317 1.131 -0.0049999999 7
0.375 1.022 -0.011 10
0.354 1.0829999 -0.0080000004 5
0.32499999 1.127 -0.0060000001 6
0.28999999 1.14 -0.0040000002 8
0.32699999 0.958 -0.011 8
0.32800001 1.087 -0.0080000004 5
0.30000001 1.14 -0.0060000001 8
0.26100001 1.135 -0.003 8
0.29899999 0.94599998 -0.013 7
0.30599999 1.107 -0.0089999996 6
0.27500001 1.154 -0.0060000001 8
0.23 1.124 -0.003 8
0.27500001 0.949 -0.014 7
0.28200001 1.12 -0.0099999998 7
0.25 1.171 -0.0049999999 9
0.198 1.099 -0.001 7
0.25299999 0.95300001 -0.015 7
0.25600001 1.131 -0.011 8
0.223 1.177 -0.0049999999 12
0.168 1.0779999 -0.001 5
0.234 0.972 -0.017000001 7
0.23 1.138 -0.011 8
0.19599999 1.189 -0.0049999999 13
0.139 1.049 0 4
0.211 0.98100001 -0.017999999 4
0.206 1.156 -0.012 8
0.169 1.2 -0.0049999999 13
0.11 1.0140001 0 3
0.18700001 0.97600001 -0.018999999 3
0.17900001 1.1619999 -0.013 8
0.141 1.205 -0.0049999999 9
0.088 1.0369999 0.001 3
0.16500001 0.986 -0.021 3
0.153 1.174 -0.014 8
0.113 1.207 -0.0040000002 9
0.064000003 1.043 0.0020000001 3
0.14300001 0.99599999 -0.022 3
0.126 1.182 -0.014 8
0.085000001 1.207 -0.0040000002 9
0.039999999 1.052 0.003 3
0.122 1.017 -0.024 3
0.098999999 1.189 -0.015 8
0.057 1.2130001 -0.0040000002 9
0.015 1.058 0.0040000002 2
0.098999999 1.028 -0.025 3
0.071000002 1.194 -0.016000001 7
0.028000001 1.21 -0.0040000002 8
-0.0089999996 1.067 0.0049999999 2
0.075000003 1.036 -0.027000001 3
0.044 1.209 -0.016000001 7
0 1.2180001 -0.003 7
-0.034000002 1.082 0.0060000001 2
0.050999999 1.044 -0.028000001 2
0.015 1.215 -0.017000001 6
-0.028000001 1.22 -0.003 6
-0.059999999 1.092 0.0070000002 2
0.027000001 1.056 -0.029999999 2
-0.012 1.225 -0.017999999 6
-0.057 1.2309999 -0.003 6
-0.086999997 1.1059999 0.0080000004 2
0.0020000001 1.064 -0.030999999 2
-0.041999999 1.243 -0.018999999 6
-0.082999997 1.188 -0.0020000001 4
-0.113 1.113 0.0089999996 2
-0.022 1.079 -0.033 2
-0.071000002 1.2410001 -0.018999999 5
-0.109 1.176 -0.0020000001 3
-0.141 1.123 0.0099999998 2
-0.048 1.087 -0.035 2
-0.097999997 1.212 -0.018999999 4
-0.138 1.1799999 -0.0020000001 3
-0.17 1.1390001 0.011 1
-0.074000001 1.096 -0.035999998 2
-0.127 1.215 -0.02 4
-0.16599999 1.182 -0.0020000001 2
-0.198 1.145 0.012 1
-0.102 1.109 -0.037999999 2
-0.155 1.2130001 -0.021 3
-0.19499999 1.188 -0.001 2
-0.23 1.1670001 0.013 2
-0.12899999 1.119 -0.039999999 2
-0.18700001 1.228 -0.022 3
-0.21799999 1.16 -0.001 1
-0.259 1.169 0.015 1
-0.15800001 1.133 -0.041000001 1
-0.204 1.1569999 -0.021 1
-0.249 1.1720001 -0.001 1
-0.28999999 1.179 0.016000001 1
-0.18700001 1.141 -0.043000001 1
-0.235 1.1720001 -0.022 1
-0.28 1.181 0 1
-0.322 1.193 0.017000001 1
-0.21699999 1.151 -0.045000002 1
-0.27700001 1.2309999 -0.023 2
-0.31299999 1.1950001 0 1
-0.35800001 1.212 0.018999999 1
-0.249 1.168 -0.046999998 1
-0.31200001 1.251 -0.024 2
-0.34900001 1.217 0 1
-0.39399999 1.228 0.02 1
-0.28099999 1.182 -0.048999999 1
-0.34299999 1.248 -0.025 2
-0.38299999 1.226 0 1
-0.42699999 1.232 0.021 2
-0.317 1.205 -0.052000001 1
-0.37900001 1.262 -0.026000001 1
-0.419 1.24 0 2
-0.53500003 1.437 0.026000001 6
-0.35600001 1.232 -0.054000001 2
-0.40400001 1.239 -0.026000001 1
-0.45300001 1.243 0 2
-0.56 1.404 0.027000001 44
-0.39399999 1.252 -0.057 2
-0.43399999 1.233 -0.027000001 2
-0.52399999 1.342 0.001 1
-0.68099999 1.599 0.033 6
-0.42199999 1.2359999 -0.057999998 2
-0.51899999 1.367 -0.029999999 2
-0.565 1.353 0.001 13
-0.66799998 1.475 0.032000002 134
-0.46200001 1.256 -0.059999999 2
-0.56699997 1.396 -0.032000002 48
-0.61400002 1.3789999 0.001 1
-0.70700002 1.469 0.033 65
-0.53600001 1.355 -0.067000002 7
-0.61199999 1.41 -0.033 2
-0.65499997 1.3839999 0.0020000001 11
-0.74000001 1.452 0.034000002 25
-0.66900003 1.58 -0.079999998 4
-0.66100001 1.429 -0.034000002 38
-0.70700002 1.408 0.0020000001 10
-0.78299999 1.4529999 0.035999998 14
-0.67199999 1.488 -0.078000002 121
-0.70599997 1.438 -0.035 22
-0.75999999 1.4299999 0.003 10
-0.833 1.464 0.037999999 10
-0.71700001 1.492 -0.079999998 60
-0.75099999 1.441 -0.035999998 14
-0.81900001 1.457 0.0040000002 10
-0.889 1.483 0.039999999 9
-0.75 1.469 -0.081 30
-0.80699998 1.464 -0.037999999 13
-0.87599999 1.477 0.0040000002 10
-0.84500003 1.339 0.037999999 87
-0.796 1.472 -0.083999999 24
-0.866 1.487 -0.039000001 13
-0.84100002 1.347 0.0040000002 71
-0.87099999 1.313 0.039000001 47
-0.85600001 1.494 -0.086999997 28
-0.83399999 1.358 -0.035999998 61
-0.87400001 1.33 0.0049999999 36
-0.84500003 1.2130001 0.037999999 54
-0.82999998 1.373 -0.082000002 54
-0.86900002 1.342 -0.037 37
-0.85500002 1.238 0.0049999999 107
-0.85399997 1.168 0.037999999 11
-0.86500001 1.357 -0.083999999 41
-0.90600002 1.331 -0.037999999 64
-0.84299999 1.1619999 0.0049999999 11
-0.86900002 1.133 0.037999999 10
-0.93000001 1.382 -0.088 36
-0.847 1.183 -0.034000002 42
-0.86199999 1.132 0.0049999999 11
-0.875 1.089 0.037999999 11
-0.84500003 1.193 -0.078000002 38
-0.85100001 1.13 -0.033 11
-0.88099998 1.104 0.0060000001 10
-0.89200002 1.059 0.039000001 11
-0.85900003 1.154 -0.077 9
-0.875 1.107 -0.034000002 9
-0.89399999 1.068 0.0060000001 10
-0.90600002 1.028 0.039000001 11
-0.87699997 1.12 -0.077 9
-0.88700002 1.0700001 -0.033 9
-0.91000003 1.0369999 0.0060000001 10
-0.92199999 0.99900001 0.039999999 11
-0.88300002 1.074 -0.075999998 10
-0.90499997 1.04 -0.033 9
-0.92500001 1.007 0.0060000001 10
-0.935 0.96799999 0.039999999 10
-0.90600002 1.05 -0.077 10
-0.91799998 1.006 -0.033 9
-0.93699998 0.97299999 0.0070000002 9
-0.949 0.93900001 0.041000001 10
-0.91600001 1.01 -0.075999998 10
-0.93199998 0.97500002 -0.033 8
-0.94999999 0.94199997 0.0070000002 10
-0.96100003 0.90899998 0.041000001 10
-0.93000001 0.97799999 -0.075999998 10
-0.94599998 0.94300002 -0.033 9
-0.95999998 0.90899998 0.0070000002 10
-0.97799999 0.884 0.041999999 10
-0.94499999 0.94700003 -0.075999998 10
-0.95899999 0.91299999 -0.032000002 9
-0.97000003 0.87699997 0.0070000002 10
-0.986 0.85100001 0.041999999 11
-0.95599997 0.91299999 -0.075000003 10
-0.97399998 0.884 -0.032000002 9
-0.98400003 0.84899998 0.0080000004 10
-0.99900001 0.82499999 0.041999999 11
-0.97100002 0.88300002 -0.075000003 10
-0.98799998 0.85500002 -0.032000002 10
-0.99599999 0.81999999 0.0080000004 10
-1.01 0.79500002 0.043000001 11
-0.98500001 0.85299999 -0.075000003 10
-0.995 0.82099998 -0.032000002 10
-1.012 0.79500002 0.0080000004 10
-1.02 0.76700002 0.043000001 10
-0.995 0.81999999 -0.075000003 10
-1.012 0.796 -0.032000002 9
-1.023 0.76599997 0.0080000004 10
-1.033 0.74000001 0.043000001 10
-1.008 0.792 -0.075000003 10
-1.021 0.76499999 -0.032000002 9
-1.033 0.73699999 0.0089999996 10
-1.045 0.71399999 0.044 10
-1.017 0.759 -0.074000001 10
-1.0319999 0.73500001 -0.030999999 9
-1.046 0.71100003 0.0089999996 10
-1.056 0.68699998 0.044 10
-1.031 0.73100001 -0.074000001 9
-1.046 0.70899999 -0.030999999 9
-1.056 0.68300003 0.0089999996 10
-1.079 0.66900003 0.045000002 4
-1.0470001 0.70499998 -0.074000001 9
-1.059 0.68199998 -0.030999999 9
-1.074 0.66000003 0.0089999996 1
-1.079 0.63499999 0.045000002 2
-1.057 0.676 -0.074000001 10
-1.066 0.65100002 -0.030999999 0
-1.0779999 0.62900001 0.0089999996 1
-1.0930001 0.611 0.045000002 3
-1.072 0.64899999 -0.074000001 0
-1.084 0.62800002 -0.030999999 1
-1.086 0.60000002 0.0089999996 2
-1.1 0.583 0.045000002 4
-1.082 0.62 -0.074000001 1
-1.091 0.59799999 -0.030999999 2
-1.105 0.57800001 0.0099999998 4
-1.113 0.55800003 0.046 7
-1.0930001 0.59200001 -0.074000001 2
-1.107 0.57300001 -0.030999999 4
-1.1109999 0.54900002 0.0099999998 8
-1.118 0.52999997 0.046 10
-1.108 0.56599998 -0.074000001 4
-1.114 0.54400003 -0.030999999 7
-1.128 0.52499998 0.0099999998 15
-1.145 0.51099998 0.046999998 35
-1.119 0.537 -0.074000001 9
-1.127 0.51700002 -0.030999999 17
-1.145 0.50199997 0.0099999998 33
-1.155 0.48500001 0.046999998 130
-1.135 0.51200002 -0.074000001 31
-1.146 0.49399999 -0.030999999 43
-1.168 0.47999999 0.011 41
-1.164 0.458 0.046999998 33
-1.153 0.486 -0.074000001 150
-1.155 0.46599999 -0.030999999 33
-1.166 0.44800001 0.011 22
-1.168 0.43000001 0.046999998 10
-1.1670001 0.45899999 -0.075000003 34
-1.164 0.43799999 -0.030999999 14
-1.169 0.419 0.011 8
-1.183 0.405 0.048 6
-1.166 0.42699999 -0.074000001 9
-1.183 0.41299999 -0.030999999 6
-1.183 0.39300001 0.011 4
-1.187 0.377 0.048 3
-1.1799999 0.40000001 -0.074000001 5
-1.182 0.382 -0.029999999 3
-1.187 0.36500001 0.011 2
-1.209 0.35499999 0.048999999 2
-1.189 0.37099999 -0.074000001 2
-1.198 0.35600001 -0.029999999 1
-1.205 0.34099999 0.011 1
-1.206 0.32499999 0.048 1
-1.2 0.34299999 -0.074000001 1
-1.209 0.329 -0.029999999 1
-1.2079999 0.31200001 0.011 0
-1.229 0.30199999 0.048999999 1
-1.2130001 0.315 -0.074000001 0
-1.2180001 0.30000001 -0.029999999 0
-1.214 0.28400001 0.012 0
-1.229 0.273 0.048999999 0
-1.221 0.285 -0.072999999 0
-1.224 0.271 -0.029999999 0
-1.232 0.25799999 0.012 0
-1.261 0.25099999 0.050000001 4
0 0 0 0
-1.248 0.24600001 -0.029999999 4
0 0 0 0
-1.253 0.22 0.050000001 0
-1.255 0.23 -0.074000001 0
-1.258 0.21799999 -0.029999999 0
-1.278 0.207 0.012 0
-1.257 0.192 0.050000001 3
-1.265 0.2 -0.074000001 2
0 0 0 0
-1.272 0.177 0.012 2
-1.279 0.16599999 0.050000001 0
0 0 0 0
0 0 0 0
0 0 0 0
-1.309 0.141 0.050999999 2
0 0 0 0
-1.291 0.13 -0.029999999 2
-1.2869999 0.119 0.012 0
-1.304 0.111 0.050999999 10
0 0 0 0
-1.302 0.1 -0.029999999 10
-1.313 0.090999998 0.013 10
-1.316 0.082000002 0.050999999 10
-1.316 0.079000004 -0.074000001 10
-1.318 0.071000002 -0.029999999 9
-1.322 0.061999999 0.013 10
-1.323 0.052999999 0.050999999 10
-1.332 0.048 -0.074000001 10
-1.3329999 0.039999999 -0.029999999 9
-1.34 0.032000002 0.013 10
-1.342 0.024 0.052000001 11
-1.341 0.016000001 -0.074000001 10
-1.347 0.0089999996 -0.029999999 9
-1.35 0.001 0.013 10
-1.3559999 -0.0049999999 0.052000001 11
-1.353 -0.016000001 -0.074000001 10
-1.359 -0.022 -0.029999999 9
-1.362 -0.028999999 0.013 10
-1.363 -0.035 0.052000001 11
-1.3710001 -0.048999999 -0.075000003 10
-1.3710001 -0.054000001 -0.029999999 9
-1.3789999 -0.061000001 0.013 10
-1.378 -0.066 0.052000001 11
-1.378 -0.082999997 -0.075000003 10
-1.382 -0.088 -0.029999999 9
-1.3839999 -0.093000002 0.013 10
-1.388 -0.097999997 0.052000001 11
-1.405 -0.119 -0.075999998 10
-1.398 -0.122 -0.029999999 9
-1.403 -0.126 0.013 10
-1.411 -0.131 0.052999999 11
-1.423 -0.155 -0.075999998 10
-1.42 -0.15700001 -0.030999999 9
-1.41 -0.15899999 0.013 10
-1.42 -0.164 0.052999999 11
-1.438 -0.192 -0.075999998 9
-1.429 -0.192 -0.030999999 9
-1.443 -0.19599999 0.014 10
-1.441 -0.199 0.052999999 11
-1.448 -0.228 -0.075999998 9
-1.446 -0.229 -0.030999999 9
-1.4529999 -0.23199999 0.014 10
-1.452 -0.233 0.054000001 11
-1.473 -0.26899999 -0.077 9
-1.471 -0.26899999 -0.030999999 9
-1.47 -0.26899999 0.014 10
-1.469 -0.27000001 0.054000001 11
-1.479 -0.30700001 -0.077 38
-1.477 -0.30599999 -0.030999999 48
-1.487 -0.30700001 0.014 12
-1.483 -0.30700001 0.054000001 51
-1.498 -0.34900001 -0.077 9
-1.505 -0.34900001 -0.030999999 8
-1.507 -0.34799999 0.014 10
-1.501 -0.345 0.054000001 9
-1.515 -0.39199999 -0.077 50
-1.521 -0.38999999 -0.030999999 44
-1.521 -0.38699999 0.014 47
-1.5190001 -0.38499999 0.054000001 54
-1.539 -0.43799999 -0.078000002 43
-1.533 -0.43200001 -0.030999999 46
-1.541 -0.43000001 0.014 51
-1.54 -0.42699999 0.055 56
-1.553 -0.48199999 -0.078000002 34
-1.554 -0.477 -0.032000002 40
-1.554 -0.472 0.014 49
-1.553 -0.46799999 0.055 51
-1.5779999 -0.53200001 -0.079000004 36
-1.5779999 -0.52499998 -0.032000002 36
-1.573 -0.51800001 0.014 42
-1.5700001 -0.51200002 0.055 45
-1.603 -0.58399999 -0.079999998 34
-1.5930001 -0.57200003 -0.032000002 39
-1.594 -0.565 0.014 43
-1.591 -0.55800003 0.055 46
-1.627 -0.63700002 -0.079999998 34
-1.614 -0.62300003 -0.032000002 40
-1.615 -0.61400002 0.014 42
-1.613 -0.60699999 0.055 46
-1.655 -0.69499999 -0.081 32
-1.64 -0.67699999 -0.033 39
-1.637 -0.66600001 0.014 41
-1.633 -0.65600002 0.056000002 50
-1.679 -0.75199997 -0.082000002 33
-1.663 -0.73299998 -0.033 36
-1.661 -0.72000003 0.014 38
-1.655 -0.70700002 0.056000002 41
-1.7079999 -0.815 -0.082000002 30
-1.691 -0.79299998 -0.034000002 38
-1.684 -0.77600002 0.014 38
-1.673 -0.75999999 0.056000002 41
-1.74 -0.88200003 -0.082999997 31
-1.7130001 -0.85299999 -0.034000002 40
-1.7029999 -0.83200002 0.014 39
-1.7 -0.81900001 0.056000002 47
-1.768 -0.95099998 -0.083999999 27
-1.7410001 -0.91799998 -0.034000002 35
-1.727 -0.89399999 0.014 39
-1.723 -0.87800002 0.056000002 45
-1.8 -1.024 -0.085000001 21
-1.7690001 -0.986 -0.035 30
-1.757 -0.95999998 0.014 38
-1.7460001 -0.93900001 0.056000002 44
-1.841 -1.107 -0.086999997 23
-1.799 -1.059 -0.035 33
-1.7920001 -1.033 0.013 29
-1.776 -1.007 0.056000002 36
-1.8789999 -1.191 -0.088 21
-1.83 -1.135 -0.035999998 32
-1.824 -1.108 0.013 35
-1.806 -1.077 0.056000002 36
-1.918 -1.281 -0.089000002 37
-1.868 -1.22 -0.037 31
-1.859 -1.188 0.013 31
-1.8329999 -1.15 0.056000002 34
-1.858 -1.306 -0.086000003 33
-1.859 -1.277 -0.035999998 55
-1.877 -1.261 0.013 108
-1.878 -1.238 0.057 46
-1.7970001 -1.329 -0.082000002 34
-1.7970001 -1.2970001 -0.035 52
-1.827 -1.288 0.012 56
-1.846 -1.276 0.055 62
-1.74 -1.352 -0.079000004 35
-1.743 -1.321 -0.034000002 52
-1.773 -1.312 0.011 53
-1.79 -1.298 0.052000001 60
-1.6900001 -1.378 -0.075999998 35
-1.687 -1.342 -0.033 52
-1.7180001 -1.3329999 0.0099999998 52
-1.74 -1.322 0.048999999 59
-1.631 -1.397 -0.072999999 38
-1.638 -1.3660001 -0.032000002 52
-1.666 -1.355 0.0089999996 55
-1.686 -1.341 0.046999998 56
-1.573 -1.413 -0.07 36
-1.589 -1.39 -0.030999999 55
-1.617 -1.377 0.0080000004 53
-1.6390001 -1.365 0.044 55
-1.52 -1.432 -0.068000004 39
-1.5369999 -1.408 -0.029999999 49
-1.567 -1.397 0.0070000002 52
-1.59 -1.386 0.041999999 64
-1.4630001 -1.4450001 -0.064999998 41
-1.487 -1.428 -0.028999999 44
-1.521 -1.419 0.0070000002 44
-1.545 -1.408 0.039000001 59
-1.415 -1.466 -0.061999999 46
-1.437 -1.4450001 -0.028000001 46
-1.469 -1.436 0.0060000001 50
-1.497 -1.427 0.037 54
-1.3710001 -1.49 -0.059999999 47
-1.387 -1.462 -0.028000001 56
-1.424 -1.457 0.0049999999 48
-1.45 -1.446 0.035 51
-1.317 -1.5 -0.057 46
-1.347 -1.488 -0.027000001 51
-1.373 -1.471 0.0040000002 56
-1.402 -1.462 0.032000002 57
-1.271 -1.5190001 -0.055 45
-1.302 -1.506 -0.026000001 50
-1.332 -1.492 0.003 54
-1.3559999 -1.479 0.029999999 61
-1.225 -1.536 -0.052000001 47
-1.258 -1.525 -0.026000001 47
-1.288 -1.512 0.0020000001 50
-1.314 -1.5 0.028000001 56
-1.1799999 -1.554 -0.050000001 49
-1.2130001 -1.543 -0.025 48
-1.247 -1.533 0.001 50
-1.272 -1.52 0.025 59
-1.135 -1.5700001 -0.048 50
-1.169 -1.561 -0.024 58
-1.198 -1.544 0 56
-1.226 -1.533 0.023 59
-1.094 -1.591 -0.046 53
-1.126 -1.5779999 -0.024 48
-1.158 -1.5650001 0 55
-1.183 -1.55 0.02 59
-1.054 -1.614 -0.044 54
-1.08 -1.59 -0.023 57
-1.118 -1.585 -0.001 51
-1.1440001 -1.571 0.017999999 59
-1.011 -1.63 -0.041999999 54
-1.041 -1.613 -0.022 56
-1.074 -1.599 -0.0020000001 53
-1.1 -1.585 0.016000001 61
-0.96499997 -1.64 -0.039999999 68
-0.99800003 -1.627 -0.022 60
-1.0319999 -1.6160001 -0.0020000001 58
-1.063 -1.6059999 0.014 61
-0.92799997 -1.666 -0.037999999 58
-0.95899999 -1.647 -0.021 55
-0.99199998 -1.6339999 -0.003 66
-1.02 -1.619 0.011 64
-0.88499999 -1.6799999 -0.035999998 66
-0.917 -1.664 -0.021 60
-0.95099998 -1.649 -0.0040000002 53
-0.977 -1.632 0.0089999996 64
-0.84600002 -1.702 -0.034000002 70
-0.87800002 -1.683 -0.021 69
-0.91100001 -1.6670001 -0.0049999999 65
-0.93900001 -1.653 0.0070000002 61
-0.80199999 -1.715 -0.032000002 70
-0.83499998 -1.698 -0.02 74
-0.87 -1.684 -0.0060000001 70
-0.89899999 -1.67 0.0040000002 70
-0.76099998 -1.729 -0.029999999 76
-0.796 -1.717 -0.02 76
-0.82999998 -1.7 -0.0080000004 76
-0.85699999 -1.681 0.0020000001 75
-0.72000003 -1.747 -0.028999999 78
-0.755 -1.7309999 -0.018999999 78
-0.78899997 -1.715 -0.0089999996 83
-0.81900001 -1.7 0 80
-0.67799997 -1.76 -0.027000001 87
-0.713 -1.743 -0.018999999 84
-0.75099999 -1.7359999 -0.0099999998 85
-0.77899998 -1.717 -0.0020000001 85
-0.639 -1.781 -0.025 80
-0.67299998 -1.761 -0.018999999 92
-0.708 -1.745 -0.011 87
-0.73799998 -1.728 -0.0040000002 93
-0.597 -1.7970001 -0.023 72
-0.63200003 -1.776 -0.017999999 84
-0.66799998 -1.761 -0.012 85
-0.69800001 -1.745 -0.0060000001 91
-0.55500001 -1.811 -0.022 75
-0.59299999 -1.7970001 -0.017999999 74
-0.62800002 -1.778 -0.013 80
-0.66100001 -1.768 -0.0089999996 89
-0.51499999 -1.832 -0.02 67
-0.55199999 -1.814 -0.017999999 71
-0.58899999 -1.798 -0.014 77
-0.62099999 -1.7819999 -0.011 82
-0.47499999 -1.851 -0.017999999 61
-0.51200002 -1.832 -0.017000001 65
-0.55000001 -1.818 -0.015 71
-0.57999998 -1.796 -0.014 80
-0.43200001 -1.863 -0.017000001 61
-0.47099999 -1.848 -0.017000001 62
-0.509 -1.832 -0.017000001 68
-0.54100001 -1.8150001 -0.016000001 73
-0.391 -1.881 -0.015 54
-0.428 -1.86 -0.017000001 57
-0.46900001 -1.851 -0.017999999 71
-0.5 -1.829 -0.018999999 71
-0.34799999 -1.893 -0.013 60
-0.38699999 -1.881 -0.017000001 63
-0.42699999 -1.862 -0.018999999 61
-0.46000001 -1.848 -0.021 67
-0.30500001 -1.914 -0.012 56
-0.34599999 -1.898 -0.017000001 58
-0.38600001 -1.883 -0.02 67
-0.421 -1.868 -0.024 63
-0.26199999 -1.927 -0.0099999998 54
-0.30399999 -1.919 -0.017000001 54
-0.345 -1.903 -0.022 62
-0.37799999 -1.881 -0.027000001 69
-0.219 -1.947 -0.0080000004 50
-0.25999999 -1.933 -0.016000001 55
-0.30199999 -1.92 -0.023 62
-0.338 -1.906 -0.029999999 65
-0.175 -1.967 -0.0070000002 48
-0.21600001 -1.943 -0.016000001 53
-0.25999999 -1.937 -0.025 56
-0.296 -1.9220001 -0.032000002 65
-0.131 -1.989 -0.0049999999 46
-0.17399999 -1.97 -0.016000001 48
-0.21699999 -1.9529999 -0.026000001 50
-0.25299999 -1.942 -0.035 56
-0.086000003 -1.998 -0.003 49
-0.12899999 -1.987 -0.016000001 49
-0.17299999 -1.974 -0.028000001 48
-0.211 -1.969 -0.039000001 60
-0.039999999 -2.0250001 -0.0020000001 47
-0.083999999 -2.006 -0.016000001 50
-0.12800001 -1.989 -0.028999999 49
-0.168 -1.997 -0.041999999 56
0.0060000001 -2.0369999 0 46
-0.037999999 -2.016 -0.016000001 49
-0.082999997 -2.0090001 -0.030999999 49
-0.123 -2.02 -0.045000002 38
0.054000001 -2.066 0.001 37
0.0080000004 -2.0420001 -0.016000001 44
-0.037 -2.0369999 -0.033 46
-0.077 -2.04 -0.048 34
0.098999999 -2.029 0.0020000001 13
0.056000002 -2.0639999 -0.016000001 34
0.0089999996 -2.0580001 -0.035 45
-0.029999999 -2.0539999 -0.050999999 36
0 0 0 0
0.101 -2.029 -0.016000001 13
0.057 -2.082 -0.035999998 30
0.016000001 -2.0780001 -0.055 34
0 0 0 0
0.149 -2.05 -0.016000001 0
0.101 -2.023 -0.037 13
0.064000003 -2.076 -0.057999998 25
0 0 0 0
0 0 0 0
0 0 0 0
0.109 -2.03 -0.059 12
0 0 0 0
0 0 0 0
0 0 0 0
0 0 0 0
0 0 0 0
0 0 0 0
0 0 0 0
0 0 0 0
0 0 0 0
0 0 0 0
0 0 0 0
0 0 0 0
0 0 0 0
0 0 0 0
0 0 0 0
0 0 0 0
0 0 0 0
0 0 0 0
0 0 0 0
0 0 0 0
0 0 0 0
0 0 0 0
0 0 0 0
0 0 0 0
0.67400002 -2.3659999 0.02 4
0 0 0 0
0 0 0 0
0 0 0 0
0.71200001 -2.302 0.021 11
0.68800002 -2.398 -0.02 1
0 0 0 0
0 0 0 0
0.745 -2.2249999 0.022 9
0.72000003 -2.3069999 -0.018999999 11
0.68300003 -2.3659999 -0.063000001 12
0 0 0 0
0.77499998 -2.1530001 0.023 10
0.755 -2.2360001 -0.018999999 11
0.71899998 -2.29 -0.063000001 12
0.68900001 -2.345 -0.105 1
0.80400002 -2.0829999 0.023 9
0.78899997 -2.1719999 -0.018999999 11
0.745 -2.1949999 -0.063000001 13
0.727 -2.276 -0.106 12
0.83499998 -2.026 0.024 8
0.81199998 -2.086 -0.017999999 11
0.77899998 -2.132 -0.063000001 13
0.75400001 -2.184 -0.106 12
0.861 -1.961 0.025 8
0.83200002 -2.0009999 -0.017999999 11
0.80699998 -2.059 -0.063000001 13
0.78299999 -2.1070001 -0.106 11
0.88800001 -1.904 0.025 9
0.861 -1.944 -0.017999999 11
0.83700001 -1.997 -0.064000003 12
0.81 -2.0339999 -0.106 13
0.912 -1.846 0.026000001 7
0.88200003 -1.874 -0.017999999 10
0.86400002 -1.934 -0.064000003 12
0.84200001 -1.976 -0.107 12
0.93099999 -1.7819999 0.026000001 11
0.90700001 -1.817 -0.017999999 10
0.884 -1.863 -0.064000003 11
0.86699998 -1.91 -0.107 12
0.93699998 -1.698 0.026000001 11
0.92799997 -1.758 -0.017999999 10
0.91100001 -1.8099999 -0.064000003 11
0.89200002 -1.85 -0.108 11
0 0 0 0
0.949 -1.7029999 -0.017000001 10
0.921 -1.727 -0.063000001 11
0.92000002 -1.8 -0.109 12
0 0 0 0
0 0 0 0
0.96399999 -1.712 -0.064999998 7
0.92699999 -1.712 -0.107 11
0 0 0 0
0 0 0 0
2.2049999 -3.7130001 -0.147 1
0.98500001 -1.721 -0.112 3
0 0 0 0
2.4489999 -3.7590001 -0.043000001 1
0 0 0 0
1.484 -2.457 -0.16599999 0
0 0 0 0
2.582 -3.7720001 -0.045000002 0
0 0 0 0
0 0 0 0
0 0 0 0
0 0 0 0
0 0 0 0
0 0 0 0
0 0 0 0
0 0 0 0
0 0 0 0
1.604 -2.2750001 -0.171 0
3.0139999 -3.694 0.077 29
3.1199999 -3.947 -0.052999999 1
0 0 0 0
0 0 0 0
3.3050001 -3.8699999 0.082999997 34
3.0969999 -3.7390001 -0.052000001 22
0 0 0 0
0 0 0 0
3.3529999 -3.753 0.082999997 34
3.2850001 -3.786 -0.055 39
2.2939999 -2.73 -0.14 0
1.665 -2.039 -0.171 0
3.431 -3.6700001 0.083999999 15
3.1919999 -3.5139999 -0.054000001 27
2.2550001 -2.5599999 -0.13699999 0
1.687 -1.9680001 -0.17200001 0
1.758 -1.7970001 0.041999999 58
1.747 -1.836 -0.028999999 20
2.2809999 -2.47 -0.13699999 4
1.729 -1.923 -0.17399999 0
1.803 -1.762 0.043000001 51
1.774 -1.781 -0.029999999 69
1.721 -1.779 -0.103 22
1.619 -1.717 -0.162 18
4.0380001 -3.776 0.094999999 0
1.83 -1.755 -0.030999999 19
1.7920001 -1.768 -0.106 38
1.6799999 -1.699 -0.167 17
4.0830002 -3.6500001 0.093999997 1
4.059 -3.7190001 -0.068999998 1
2.5409999 -2.3929999 -0.15000001 6
1.5700001 -1.515 -0.155 16
1.735 -1.482 0.039000001 44
1.723 -1.508 -0.028999999 7
1.682 -1.511 -0.098999999 11
1.605 -1.476 -0.15700001 20
1.757 -1.434 0.039000001 46
1.7410001 -1.454 -0.029999999 44
1.729 -1.482 -0.101 69
1.661 -1.456 -0.161 15
0 0 0 0
1.786 -1.424 -0.030999999 52
1.791 -1.4630001 -0.104 49
1.743 -1.456 -0.168 16
0 0 0 0
0 0 0 0
2.8729999 -2.2379999 -0.167 7
1.877 -1.493 -0.18000001 3
0 0 0 0
0 0 0 0
2.967 -2.201 -0.17200001 8
1.938 -1.4680001 -0.185 0
10.353 -7.007 0.215 1
6.0560002 -4.1830001 -0.107 1
3.049 -2.154 -0.176 6
1.976 -1.424 -0.18799999 0
12.041 -7.7639999 0.245 2
6.1129999 -4.02 -0.11 1
3.151 -2.1170001 -0.182 1
1.965 -1.345 -0.186 0
13.681 -8.3979998 0.273 3
6.2020001 -3.8770001 -0.113 1
3.273 -2.0899999 -0.189 0
2.0139999 -1.3099999 -0.19 0
4.6999998 -2.743 0.090999998 1
4.698 -2.79 -0.086000003 0
3.418 -2.0710001 -0.197 0
2.0309999 -1.253 -0.191 0
3.569 -1.977 0.068000004 1
3.585 -2.0190001 -0.066 1
0 0 0 0
2.0699999 -1.209 -0.19400001 0
3.5780001 -1.878 0.066 0
3.7279999 -1.988 -0.07 1
0 0 0 0
2.086 -1.153 -0.19499999 0
3.6400001 -1.808 0.064999998 0
3.677 -1.855 -0.07 5
0 0 0 0
2.0999999 -1.096 -0.19599999 0
3.675 -1.725 0.064000003 5
3.6849999 -1.755 -0.071000002 8
3.599 -1.743 -0.208 0
2.1229999 -1.044 -0.198 0
3.7119999 -1.643 0.063000001 10
3.747 -1.6799999 -0.072999999 5
3.6670001 -1.671 -0.212 0
2.1389999 -0.98900002 -0.199 0
3.645 -1.516 0.059999999 255
3.7579999 -1.5829999 -0.075000003 5
3.7539999 -1.605 -0.21699999 11
2.1670001 -0.93900001 -0.20100001 0
3.7720001 -1.471 0.061000001 9
3.7650001 -1.485 -0.075999998 2
0 0 0 0
2.1600001 -0.875 -0.2 0
3.7969999 -1.3839999 0.059 7
3.829 -1.41 -0.079000004 2
0 0 0 0
2.201 -0.83099997 -0.204 0
3.8199999 -1.2970001 0.057 2
0 0 0 0
0 0 0 0
2.184 -0.76499999 -0.20200001 0
3.786 -1.192 0.055 15
3.7839999 -1.199 -0.079999998 13
0 0 0 0
2.2079999 -0.71399999 -0.204 0
3.8770001 -1.126 0.054000001 0
0 0 0 0
0 0 0 0
2.223 -0.66100001 -0.206 0
0 0 0 0
0 0 0 0
0 0 0 0
2.2460001 -0.60900003 -0.208 0
0 0 0 0
0 0 0 0
0 0 0 0
2.263 -0.55500001 -0.20999999 0
0 0 0 0
0 0 0 0
0 0 0 0
2.256 -0.49599999 -0.20900001 0
0 0 0 0
0 0 0 0
0 0 0 0
2.2650001 -0.44100001 -0.20999999 0
0 0 0 0
27.076 -4.6300001 -0.64499998 10
0 0 0 0
2.293 -0.389 -0.213 0
0 0 0 0
5.506 -0.81199998 -0.133 2
0 0 0 0
2.289 -0.33199999 -0.213 0
4.1690001 -0.52999997 0.039999999 1
5.5809999 -0.69300002 -0.138 1
0 0 0 0
2.2980001 -0.27700001 -0.214 0
0 0 0 0
0 0 0 0
0 0 0 0
2.309 -0.222 -0.21600001 0
0 0 0 0
0 0 0 0
0 0 0 0
0 0 0 0
0 0 0 0
0 0 0 0
0 0 0 0
0 0 0 0
0 0 0 0
0 0 0 0
0 0 0 0
2.3169999 -0.054000001 -0.219 0
0 0 0 0
0 0 0 0
0 0 0 0
1.311 0 -0.124 1
0 0 0 0
1.285 0.017999999 -0.035999998 4
0 0 0 0
0 0 0 0
0 0 0 0
1.2029999 0.044 -0.034000002 0
1.201 0.050999999 -0.075999998 1
1.201 0.057999998 -0.114 1
1.197 0.061999999 0.0040000002 7
1.202 0.071999997 -0.035 21
1.2029999 0.079999998 -0.077 19
1.201 0.088 -0.115 8
1.192 0.088 0.003 8
1.196 0.098999999 -0.035 3
1.202 0.108 -0.077 2
1.21 0.118 -0.116 2
1.196 0.116 0.0020000001 3
1.205 0.12800001 -0.037 2
1.216 0.139 -0.079000004 2
1.214 0.148 -0.117 2
1.206 0.14399999 0.001 2
1.2180001 0.15800001 -0.037999999 2
1.229 0.17 -0.079999998 2
1.228 0.18000001 -0.119 1
1.22 0.17299999 0 2
1.2359999 0.189 -0.039000001 1
1.233 0.2 -0.081 1
1.235 0.211 -0.12 1
1.233 0.20299999 0 2
1.243 0.219 -0.039999999 1
1.255 0.234 -0.083999999 1
1.249 0.245 -0.122 1
1.25 0.235 -0.001 1
1.258 0.252 -0.041999999 1
1.2690001 0.26800001 -0.085000001 1
1.276 0.28299999 -0.126 9
1.251 0.264 -0.0020000001 1
1.275 0.28600001 -0.044 1
1.2819999 0.303 -0.086999997 1
1.303 0.322 -0.12899999 1
1.272 0.29899999 -0.0040000002 1
1.286 0.31999999 -0.045000002 1
1.299 0.33899999 -0.089000002 1
1.311 0.35800001 -0.131 8
1.279 0.331 -0.0049999999 1
1.308 0.35699999 -0.046999998 1
1.307 0.37400001 -0.090999998 8
0 0 0 0
1.303 0.36899999 -0.0070000002 9
1.318 0.39300001 -0.048999999 5
1.409 0.44 -0.098999999 1
1.383 0.45100001 -0.14 0
1.406 0.43200001 -0.0089999996 1
1.3890001 0.449 -0.052000001 1
1.3559999 0.45899999 -0.097000003 12
1.3559999 0.47799999 -0.138 11
1.363 0.45300001 -0.0099999998 10
1.335 0.46599999 -0.052000001 10
1.3279999 0.48500001 -0.096000001 1
1.38 0.52399999 -0.142 10
1.3200001 0.47099999 -0.011 1
1.291 0.484 -0.050999999 1
1.308 0.51300001 -0.096000001 51
1.2539999 0.51200002 -0.13 1
1.274 0.48699999 -0.012 13
1.248 0.50099999 -0.050999999 14
1.263 0.52999997 -0.093999997 1
1.214 0.52999997 -0.127 21
1.221 0.49900001 -0.013 2
1.211 0.51899999 -0.050999999 1
1.2309999 0.551 -0.092 1
1.147 0.53399998 -0.121 1
1.1950001 0.51999998 -0.015 2
1.164 0.53100002 -0.050000001 2
0 0 0 0
1.081 0.53600001 -0.115 0
1.154 0.53299999 -0.016000001 2
0 0 0 0
1.11 0.56199998 -0.086000003 0
0 0 0 0
1.058 0.51800001 -0.016000001 38
1.09 0.56 -0.050000001 0
0 0 0 0
1.0319999 0.57499999 -0.112 2
1.0829999 0.56099999 -0.017999999 2
1.061 0.57599998 -0.050000001 2
1.034 0.58600003 -0.082000002 2
1.001 0.58999997 -0.11 1
1.049 0.574 -0.018999999 2
1.027 0.58899999 -0.050000001 2
0.99800003 0.59799999 -0.081 2
0.97600001 0.60699999 -0.108 2
1.016 0.58600003 -0.02 3
0.99900001 0.60399997 -0.050000001 2
0.96499997 0.60900003 -0.079000004 2
0 0 0 0
0.986 0.59899998 -0.021 3
0.96499997 0.61400002 -0.048999999 2
0.93900001 0.62400001 -0.078000002 1
0 0 0 0
0.95599997 0.61000001 -0.022 3
0.93099999 0.62300003 -0.048999999 0
0 0 0 0
0 0 0 0
0 0 0 0
0 0 0 0
0 0 0 0
0 0 0 0
0 0 0 0
0 0 0 0
0 0 0 0
0 0 0 0
0 0 0 0
0 0 0 0
0 0 0 0
0 0 0 0
0 0 0 0
0.94099998 0.76499999 -0.057 0
0 0 0 0
0.847 0.75099999 -0.103 2
0 0 0 0
0 0 0 0
0.773 0.69 -0.072999999 3
0.84299999 0.78500003 -0.105 2
0 0 0 0
0.82300001 0.73500001 -0.052999999 3
0.74599999 0.69800001 -0.071999997 2
0.80699998 0.78899997 -0.102 3
0.773 0.68800002 -0.028999999 2
0 0 0 0
0.72000003 0.70700002 -0.071000002 2
0.78299999 0.80299997 -0.101 9
0.74900001 0.69800001 -0.029999999 2
0.80699998 0.79100001 -0.056000002 4
0.69999999 0.72000003 -0.07 2
0.71399999 0.76899999 -0.093999997 3
0.72799999 0.70999998 -0.032000002 3
0.75800002 0.778 -0.054000001 3
0.67299998 0.727 -0.068999998 2
0.66799998 0.75400001 -0.089000002 3
0.70499998 0.71899998 -0.033 3
0.73400003 0.78799999 -0.054000001 3
0.653 0.73900002 -0.068999998 2
0.63099998 0.74900001 -0.086000003 2
0.68099999 0.727 -0.033 2
0.71799999 0.80900002 -0.055 3
0.63300002 0.75099999 -0.068999998 2
0.61000001 0.759 -0.085000001 2
0.65700001 0.73500001 -0.034000002 2
0.67699999 0.80000001 -0.054000001 2
0.60100001 0.74900001 -0.067000002 2
0.57999998 0.75800002 -0.082999997 6
0.634 0.74299997 -0.035 3
0.68000001 0.84200001 -0.057 2
0.58099997 0.759 -0.067000002 3
0.56 0.76999998 -0.082000002 1
0.61400002 0.75300002 -0.037 3
0.63 0.81699997 -0.055 2
0.55699998 0.76599997 -0.066 3
0.53399998 0.773 -0.079999998 6
0.58700001 0.755 -0.037 3
0.60600001 0.82599998 -0.055 3
0.53799999 0.778 -0.066 3
0.49599999 0.75700003 -0.075999998 0
0.58600003 0.79100001 -0.039999999 3
0.56 0.80199999 -0.052999999 1
0.49700001 0.75599998 -0.063000001 0
0.49000001 0.787 -0.078000002 6
0.54699999 0.77399999 -0.039999999 3
0.51300001 0.77200001 -0.050999999 1
0.48800001 0.78100002 -0.064000003 4
0.50400001 0.85399997 -0.082000002 7
0.51999998 0.77399999 -0.039999999 2
0.48500001 0.76800001 -0.050999999 1
0.505 0.85299999 -0.068999998 4
0.48100001 0.86299998 -0.081 7
0.479 0.74800003 -0.039000001 2
0.50400001 0.84100002 -0.055 4
0.484 0.86299998 -0.068999998 4
0.45899999 0.87199998 -0.079999998 7
0 0 0 0
0.509 0.89600003 -0.059 4
0.46000001 0.86900002 -0.068000004 5
0.43599999 0.87800002 -0.079000004 6
0.61500001 1.0650001 -0.057999998 9
0.479 0.88999999 -0.057999998 5
0.44 0.88 -0.068000004 6
0.41299999 0.884 -0.078000002 8
0.58999997 1.08 -0.059999999 9
0.454 0.89300001 -0.057999998 6
0.419 0.889 -0.068000004 6
0.38800001 0.88499999 -0.075999998 12
0.56699997 1.098 -0.061999999 10
0.42500001 0.88599998 -0.057999998 6
0.39399999 0.88999999 -0.067000002 9
0.368 0.898 -0.075999998 11
0.51599997 1.057 -0.061000001 2
0.39899999 0.88599998 -0.057999998 9
0.37 0.89200002 -0.066 10
0.34599999 0.90399998 -0.074000001 9
0.43900001 0.95499998 -0.055 1
0.37799999 0.89399999 -0.057999998 10
0.35299999 0.91100001 -0.067000002 10
0.33000001 0.92900002 -0.075000003 8
0.40799999 0.94400001 -0.056000002 2
0.35499999 0.898 -0.057999998 10
0.329 0.91500002 -0.066 8
0.30700001 0.93400002 -0.074000001 6
0.382 0.94199997 -0.056000002 4
0.336 0.91100001 -0.059 9
0.31299999 0.93599999 -0.067000002 6
0.28400001 0.94 -0.072999999 7
0.35800001 0.94599998 -0.057999998 5
0.317 0.926 -0.059999999 6
0.28999999 0.94099998 -0.066 5
0.264 0.95200002 -0.071999997 5
0.33500001 0.95300001 -0.059 6
0.29800001 0.94 -0.061000001 5
0.26800001 0.949 -0.066 5
0.243 0.96499997 -0.071999997 4
0.31200001 0.958 -0.059999999 6
0.27599999 0.949 -0.061999999 4
0.24699999 0.96200001 -0.067000002 4
0.222 0.97799999 -0.071999997 4
0.28600001 0.95200002 -0.061000001 6
0.25600001 0.96200001 -0.063000001 4
0.227 0.97799999 -0.067000002 4
0.19599999 0.97100002 -0.07 3
0.26300001 0.95599997 -0.061999999 5
0.23199999 0.96399999 -0.063000001 4
0.20200001 0.97600001 -0.066 3
0.17399999 0.98100001 -0.068999998 3
0.243 0.96799999 -0.064000003 4
0.20900001 0.96499997 -0.063000001 3
0.18000001 0.98500001 -0.066 3
0.153 1.003 -0.068999998 3
0.221 0.977 -0.064999998 4
0.18700001 0.97399998 -0.064000003 3
0.15700001 0.99199998 -0.066 3
0.131 1.018 -0.068999998 3
0.19599999 0.97399998 -0.066 3
0.16599999 0.991 -0.066 3
0.13600001 1.007 -0.067000002 3
0.107 1.02 -0.068000004 2
0.17299999 0.97600001 -0.067000002 3
0.14399999 1 -0.066 2
0.112 1.015 -0.067000002 2
0.083999999 1.036 -0.068000004 2
0.153 0.99800003 -0.07 3
0.121 1.011 -0.067000002 2
0.089000002 1.025 -0.067000002 2
0.059999999 1.041 -0.067000002 2
0.131 1.007 -0.071000002 3
0.098999999 1.023 -0.068999998 2
0.066 1.034 -0.067000002 2
0.035 1.052 -0.066 2
0.108 1.0190001 -0.072999999 2
0 0 0 0
0 0 0 0
0 0 0 0
0 0 0 0
0 0 0 0
0 0 0 0
0 0 0 0
0 0 0 0
0 0 0 0
0 0 0 0
0 0 0 0
0 0 0 0
0 0 0 0
0 0 0 0
0 0 0 0
0 0 0 0
0 0 0 0
0 0 0 0
0 0 0 0
0 0 0 0
0 0 0 0
0 0 0 0
0 0 0 0
0 0 0 0
0 0 0 0
0 0 0 0
0 0 0 0
0 0 0 0
0 0 0 0
0 0 0 0
0 0 0 0
0 0 0 0
0 0 0 0
0 0 0 0
0 0 0 0
0 0 0 0
0 0 0 0
0 0 0 0
0 0 0 0
0 0 0 0
0 0 0 0
0 0 0 0
0 0 0 0
0 0 0 0
0 0 0 0
0 0 0 0
0 0 0 0
0 0 0 0
0 0 0 0
0 0 0 0
0 0 0 0
0 0 0 0
0 0 0 0
0 0 0 0
0 0 0 0
0 0 0 0
0 0 0 0
0 0 0 0
0 0 0 0
0 0 0 0
0 0 0 0
0 0 0 0
0 0 0 0
0 0 0 0
0 0 0 0
0 0 0 0
0 0 0 0
0 0 0 0
0 0 0 0
0 0 0 0
0 0 0 0
0 0 0 0
0 0 0 0
0 0 0 0
0 0 0 0
0 0 0 0
0 0 0 0
-0.57800001 1.352 -0.082999997 12
0 0 0 0
0 0 0 0
-0.57300001 1.369 -0.111 15
0 0 0 0
0 0 0 0
-0.551 1.341 -0.138 9
0 0 0 0
-0.67400002 1.392 -0.086000003 13
0 0 0 0
0 0 0 0
-0.699 1.469 -0.122 92
-0.722 1.4069999 -0.086999997 9
0 0 0 0
-0.64200002 1.373 -0.148 8
-0.74599999 1.478 -0.125 40
-0.77399999 1.426 -0.089000002 9
0 0 0 0
-0.69400001 1.397 -0.153 8
-0.778 1.457 -0.125 24
-0.833 1.4529999 -0.090999998 9
0 0 0 0
-0.74699998 1.4170001 -0.15899999 8
-0.83999997 1.4859999 -0.12899999 32
-0.85000002 1.406 -0.088 51
0 0 0 0
-0.81699997 1.464 -0.168 11
-0.84600002 1.418 -0.125 71
-0.85799998 1.347 -0.085000001 42
0 0 0 0
-0.84100002 1.425 -0.167 93
-0.85699999 1.362 -0.122 35
-0.921 1.374 -0.086999997 41
0 0 0 0
-0.852 1.368 -0.164 34
-0.92000002 1.387 -0.127 30
-0.86400002 1.226 -0.079000004 150
0 0 0 0
-0.91900003 1.4 -0.171 29
-0.87599999 1.256 -0.117 151
0 0 0 0
0 0 0 0
-0.991 1.433 -0.18000001 26
0 0 0 0
0 0 0 0
0 0 0 0
-0.875 1.2029999 -0.154 26
0 0 0 0
0 0 0 0
0 0 0 0
0 0 0 0
0 0 0 0
0 0 0 0
0 0 0 0
-0.90700001 1.1289999 -0.152 30
0 0 0 0
0 0 0 0
0 0 0 0
0 0 0 0
0 0 0 0
0 0 0 0
0 0 0 0
0 0 0 0
0 0 0 0
0 0 0 0
0 0 0 0
0 0 0 0
0 0 0 0
0 0 0 0
0 0 0 0
0 0 0 0
0 0 0 0
0 0 0 0
0 0 0 0
0 0 0 0
0 0 0 0
0 0 0 0
0 0 0 0
0 0 0 0
0 0 0 0
0 0 0 0
0 0 0 0
0 0 0 0
0 0 0 0
0 0 0 0
0 0 0 0
0 0 0 0
0 0 0 0
0 0 0 0
0 0 0 0
0 0 0 0
0 0 0 0
0 0 0 0
0 0 0 0
0 0 0 0
0 0 0 0
0 0 0 0
0 0 0 0
0 0 0 0
0 0 0 0
0 0 0 0
0 0 0 0
0 0 0 0
0 0 0 0
0 0 0 0
0 0 0 0
0 0 0 0
0 0 0 0
0 0 0 0
0 0 0 0
0 0 0 0
0 0 0 0
0 0 0 0
0 0 0 0
0 0 0 0
0 0 0 0
0 0 0 0
0 0 0 0
0 0 0 0
0 0 0 0
0 0 0 0
0 0 0 0
0 0 0 0
0 0 0 0
0 0 0 0
0 0 0 0
0 0 0 0
0 0 0 0
0 0 0 0
0 0 0 0
0 0 0 0
0 0 0 0
0 0 0 0
0 0 0 0
0 0 0 0
0 0 0 0
0 0 0 0
0 0 0 0
0 0 0 0
0 0 0 0
0 0 0 0
0 0 0 0
0 0 0 0
0 0 0 0
0 0 0 0
0 0 0 0
0 0 0 0
0 0 0 0
0 0 0 0
0 0 0 0
0 0 0 0
0 0 0 0
0 0 0 0
0 0 0 0
0 0 0 0
0 0 0 0
0 0 0 0
0 0 0 0
-1.253 0.34200001 -0.146 7
0 0 0 0
0 0 0 0
0 0 0 0
0 0 0 0
0 0 0 0
0 0 0 0
0 0 0 0
-1.279 0.28400001 -0.146 5
-1.24 0.25999999 -0.093999997 4
0 0 0 0
0 0 0 0
0 0 0 0
0 0 0 0
0 0 0 0
0 0 0 0
-1.285 0.22 -0.145 3
0 0 0 0
0 0 0 0
0 0 0 0
0 0 0 0
0 0 0 0
-1.28 0.161 -0.048 2
-1.261 0.147 -0.0080000004 2
0 0 0 0
-1.268 0.14300001 -0.093999997 2
0 0 0 0
0 0 0 0
-1.342 0.131 -0.149 14
0 0 0 0
0 0 0 0
0 0 0 0
0 0 0 0
-1.319 0.086000003 -0.096000001 42
0 0 0 0
0 0 0 0
0 0 0 0
0 0 0 0
0 0 0 0
0 0 0 0
0 0 0 0
0 0 0 0
0 0 0 0
0 0 0 0
0 0 0 0
0 0 0 0
0 0 0 0
0 0 0 0
0 0 0 0
0 0 0 0
0 0 0 0
0 0 0 0
0 0 0 0
0 0 0 0
0 0 0 0
0 0 0 0
0 0 0 0
0 0 0 0
0 0 0 0
0 0 0 0
0 0 0 0
0 0 0 0
0 0 0 0
0 0 0 0
-1.456 -0.175 -0.156 30
0 0 0 0
0 0 0 0
0 0 0 0
0 0 0 0
0 0 0 0
0 0 0 0
0 0 0 0
-1.4859999 -0.252 -0.15899999 27
-1.4809999 -0.25299999 -0.104 32
0 0 0 0
0 0 0 0
0 0 0 0
0 0 0 0
0 0 0 0
0 0 0 0
-1.521 -0.33399999 -0.162 27
-1.518 -0.33399999 -0.107 27
0 0 0 0
-1.485 -0.331 -0.0060000001 49
-1.527 -0.37400001 -0.163 23
-1.541 -0.377 -0.109 29
0 0 0 0
0 0 0 0
-1.558 -0.421 -0.16599999 25
-1.558 -0.41999999 -0.11 27
-1.521 -0.41100001 -0.052999999 50
-1.522 -0.41100001 -0.0060000001 58
-1.574 -0.46700001 -0.168 21
-1.5829999 -0.46700001 -0.112 26
-1.551 -0.45699999 -0.054000001 47
-1.546 -0.45500001 -0.0070000002 47
-1.597 -0.51599997 -0.17 22
-1.599 -0.51300001 -0.113 28
-1.5650001 -0.5 -0.055 43
-1.563 -0.49900001 -0.0070000002 49
-1.619 -0.56599998 -0.17299999 23
-1.619 -0.56199998 -0.114 26
-1.5779999 -0.54500002 -0.056000002 41
-1.58 -0.54299998 -0.0070000002 41
-1.633 -0.616 -0.175 21
-1.638 -0.61199999 -0.116 26
-1.598 -0.59299999 -0.057 41
-1.5930001 -0.588 -0.0080000004 45
-1.661 -0.67199999 -0.178 18
-1.6670001 -0.66799998 -0.119 23
-1.623 -0.64399999 -0.057999998 41
-1.6210001 -0.63999999 -0.0080000004 48
-1.684 -0.72799999 -0.18000001 19
-1.6849999 -0.72100002 -0.12 22
-1.643 -0.69599998 -0.059 42
-1.637 -0.68900001 -0.0089999996 42
-1.707 -0.78799999 -0.183 19
-1.707 -0.778 -0.122 22
-1.67 -0.75300002 -0.061000001 38
-1.665 -0.745 -0.0099999998 39
-1.734 -0.852 -0.18700001 16
-1.73 -0.83899999 -0.124 22
-1.694 -0.81099999 -0.061999999 42
-1.686 -0.80000001 -0.0099999998 42
-1.76 -0.91799998 -0.19 17
-1.7539999 -0.90200001 -0.127 21
-1.72 -0.87300003 -0.064000003 40
-1.7130001 -0.861 -0.011 44
-1.7920001 -0.99000001 -0.19400001 16
-1.786 -0.972 -0.13 21
-1.745 -0.93599999 -0.064999998 38
-1.737 -0.92199999 -0.012 46
-1.819 -1.062 -0.198 14
-1.8150001 -1.044 -0.133 17
-1.779 -1.007 -0.068000004 29
-1.762 -0.986 -0.013 34
-1.8559999 -1.145 -0.20299999 15
-1.847 -1.12 -0.13600001 20
-1.811 -1.081 -0.07 33
-1.795 -1.058 -0.015 39
-1.885 -1.225 -0.207 16
-1.882 -1.202 -0.14 20
-1.854 -1.165 -0.071999997 31
-1.825 -1.133 -0.016000001 36
-1.901 -1.301 -0.20999999 28
-1.915 -1.288 -0.14399999 32
-1.8890001 -1.248 -0.075000003 30
-1.8559999 -1.209 -0.017999999 36
-1.842 -1.327 -0.205 25
-1.859 -1.314 -0.141 29
-1.8660001 -1.296 -0.075000003 44
-1.8660001 -1.277 -0.018999999 105
-1.778 -1.346 -0.199 26
-1.8 -1.337 -0.13699999 31
-1.8099999 -1.319 -0.074000001 42
-1.813 -1.302 -0.02 60
-1.726 -1.372 -0.19499999 27
-1.7460001 -1.3609999 -0.13500001 30
-1.756 -1.342 -0.074000001 42
-1.76 -1.324 -0.021 51
-1.673 -1.397 -0.19 27
-1.694 -1.385 -0.132 28
-1.704 -1.365 -0.072999999 40
-1.707 -1.345 -0.022 55
-1.62 -1.42 -0.186 28
-1.64 -1.406 -0.12899999 30
-1.654 -1.388 -0.071999997 40
-1.653 -1.364 -0.023 52
-1.568 -1.441 -0.18099999 27
-1.586 -1.426 -0.127 34
-1.604 -1.41 -0.071999997 39
-1.607 -1.388 -0.024 56
-1.516 -1.462 -0.177 23
-1.539 -1.449 -0.125 32
-1.5549999 -1.432 -0.071000002 38
-1.559 -1.408 -0.025 59
-1.465 -1.4809999 -0.17299999 27
-1.489 -1.469 -0.123 31
-1.506 -1.452 -0.071000002 35
-1.5089999 -1.427 -0.026000001 49
-1.414 -1.5 -0.169 28
-1.444 -1.493 -0.121 34
-1.461 -1.475 -0.071000002 39
-1.465 -1.448 -0.027000001 60
-1.372 -1.526 -0.16599999 28
-1.3940001 -1.51 -0.119 31
-1.411 -1.49 -0.07 38
-1.4170001 -1.466 -0.028000001 54
-1.321 -1.541 -0.162 29
-1.346 -1.529 -0.117 32
-1.37 -1.515 -0.07 41
-1.363 -1.476 -0.028999999 60
-1.274 -1.561 -0.15899999 29
-1.302 -1.551 -0.115 32
-1.326 -1.5369999 -0.07 39
-1.3279999 -1.503 -0.029999999 61
-1.23 -1.581 -0.155 27
-1.253 -1.563 -0.113 37
-1.276 -1.548 -0.07 42
-1.281 -1.518 -0.032000002 59
-1.179 -1.592 -0.15099999 30
-1.209 -1.5829999 -0.111 38
-1.237 -1.573 -0.07 40
-1.237 -1.535 -0.033 54
-1.1390001 -1.617 -0.149 31
-1.163 -1.599 -0.11 34
-1.188 -1.584 -0.07 38
-1.1900001 -1.546 -0.034000002 62
-1.094 -1.633 -0.146 32
-1.1210001 -1.619 -0.108 33
-1.15 -1.608 -0.07 38
-1.154 -1.572 -0.035999998 61
-1.05 -1.65 -0.14300001 32
-1.077 -1.636 -0.107 40
-1.11 -1.63 -0.07 37
-1.109 -1.585 -0.037 55
-1.008 -1.67 -0.14 35
-1.0369999 -1.658 -0.106 39
-1.0650001 -1.6440001 -0.07 41
-1.069 -1.603 -0.037999999 63
-0.96499997 -1.688 -0.13699999 39
-0.991 -1.668 -0.104 38
-1.021 -1.658 -0.07 45
-1.031 -1.624 -0.039999999 63
-0.92000002 -1.7 -0.134 46
-0.95200002 -1.692 -0.103 42
-0.98100001 -1.678 -0.071000002 45
-0.98500001 -1.633 -0.041000001 71
-0.87699997 -1.717 -0.132 46
-0.90600002 -1.701 -0.102 46
-0.93900001 -1.6950001 -0.071000002 50
-0.94599998 -1.652 -0.043000001 61
-0.83600003 -1.735 -0.12899999 51
-0.866 -1.722 -0.101 53
-0.89899999 -1.714 -0.071999997 53
-0.91100001 -1.677 -0.045000002 77
-0.79400003 -1.753 -0.127 49
-0.82599998 -1.742 -0.1 56
-0.85699999 -1.729 -0.071999997 59
-0.87199998 -1.696 -0.046999998 80
-0.75400001 -1.775 -0.125 54
-0.78299999 -1.755 -0.098999999 66
-0.81400001 -1.7410001 -0.071999997 67
-0.83399999 -1.7180001 -0.048999999 93
-0.71100003 -1.789 -0.123 56
-0.73799998 -1.7640001 -0.097999997 64
-0.773 -1.758 -0.072999999 69
-0.80500001 -1.758 -0.050999999 152
-0.66600001 -1.798 -0.12 56
-0.70099998 -1.789 -0.097999997 64
-0.73199999 -1.775 -0.074000001 72
-0.773 -1.795 -0.054000001 158
-0.62699997 -1.822 -0.118 54
-0.65799999 -1.804 -0.097000003 59
-0.68900001 -1.784 -0.074000001 74
-0.73299998 -1.814 -0.056000002 153
-0.58399999 -1.836 -0.116 51
-0.616 -1.819 -0.096000001 60
-0.64999998 -1.807 -0.075000003 65
-0.68000001 -1.801 -0.057 104
-0.542 -1.851 -0.114 46
-0.57599998 -1.84 -0.096000001 52
-0.60799998 -1.822 -0.075999998 64
-0.63800001 -1.812 -0.059 85
-0.5 -1.869 -0.112 46
-0.53399998 -1.854 -0.094999999 51
-0.56900001 -1.8430001 -0.077 56
-0.59799999 -1.831 -0.061000001 69
-0.45699999 -1.881 -0.11 43
-0.493 -1.872 -0.093999997 43
-0.52899998 -1.862 -0.078000002 52
-0.55599999 -1.844 -0.063000001 64
-0.41499999 -1.902 -0.108 40
-0.45100001 -1.8890001 -0.093999997 43
-0.486 -1.875 -0.079000004 49
-0.51599997 -1.864 -0.064999998 55
-0.373 -1.9220001 -0.106 39
-0.40799999 -1.905 -0.093999997 43
-0.44400001 -1.891 -0.079999998 48
-0.47400001 -1.877 -0.068000004 55
-0.329 -1.937 -0.104 34
-0.36500001 -1.9220001 -0.093000002 40
-0.40099999 -1.905 -0.081 45
-0.43200001 -1.896 -0.07 51
-0.28600001 -1.956 -0.103 35
-0.322 -1.9400001 -0.093000002 36
-0.36000001 -1.927 -0.082000002 44
-0.38999999 -1.911 -0.072999999 46
-0.23999999 -1.9680001 -0.101 33
-0.27900001 -1.9579999 -0.093000002 36
-0.317 -1.946 -0.083999999 37
-0.34799999 -1.926 -0.075000003 44
-0.19599999 -1.984 -0.098999999 36
-0.235 -1.975 -0.093000002 34
-0.273 -1.961 -0.085000001 40
-0.30599999 -1.95 -0.078000002 45
-0.152 -2.0109999 -0.097999997 28
-0.191 -1.99 -0.093000002 35
-0.23 -1.98 -0.086000003 35
-0.26300001 -1.967 -0.081 41
-0.106 -2.029 -0.096000001 32
-0.146 -2.0179999 -0.093000002 29
-0.185 -1.992 -0.088 35
-0.21799999 -1.9809999 -0.083999999 40
-0.059999999 -2.052 -0.094999999 28
-0.1 -2.0350001 -0.093000002 31
-0.14 -2.017 -0.089000002 30
-0.175 -2.01 -0.086999997 35
-0.012 -2.066 -0.093000002 28
-0.052999999 -2.0580001 -0.093000002 30
-0.093999997 -2.0420001 -0.090999998 30
-0.12899999 -2.02 -0.090000004 31
0.035 -2.089 -0.092 28
-0.0060000001 -2.0699999 -0.093000002 30
-0.048 -2.0580001 -0.093000002 31
-0.082999997 -2.0369999 -0.093000002 32
0.082999997 -2.089 -0.090000004 14
0.041000001 -2.0880001 -0.093000002 27
-0.001 -2.0810001 -0.094999999 30
-0.035999998 -2.063 -0.097000003 33
0.12899999 -2.0469999 -0.086000003 1
0.089000002 -2.086 -0.093000002 10
0.046 -2.0880001 -0.097000003 27
0.0099999998 -2.076 -0.1 33
0 0 0 0
0.134 -2.0350001 -0.090000004 0
0.093999997 -2.0810001 -0.097000003 4
0.057999998 -2.089 -0.103 30
0 0 0 0
0 0 0 0
0.14 -2.04 -0.097000003 0
0.103 -2.026 -0.102 10
0 0 0 0
0 0 0 0
0 0 0 0
0 0 0 0
0 0 0 0
0 0 0 0
0 0 0 0
0 0 0 0
0 0 0 0
0 0 0 0
0 0 0 0
0 0 0 0
0 0 0 0
0 0 0 0
0 0 0 0
0 0 0 0
0 0 0 0
0 0 0 0
0 0 0 0
0 0 0 0
0 0 0 0
0 0 0 0
0 0 0 0
0 0 0 0
0 0 0 0
0 0 0 0
0 0 0 0
0 0 0 0
0 0 0 0
0 0 0 0
0 0 0 0
0 0 0 0
0.741 -2.27 -0.072999999 13
0 0 0 0
0.66900003 -2.3559999 -0.12800001 3
0 0 0 0
0.77700001 -2.21 -0.07 12
0.73299998 -2.2179999 -0.097000003 13
0.70599997 -2.2839999 -0.127 13
0 0 0 0
0.80900002 -2.1440001 -0.066 12
0.76700002 -2.1530001 -0.094999999 13
0.74299997 -2.223 -0.126 12
0.71399999 -2.2579999 -0.153 11
0.82700002 -2.05 -0.061999999 12
0.79400003 -2.0769999 -0.092 12
0.77700001 -2.1559999 -0.124 14
0.74299997 -2.174 -0.15099999 10
0.84399998 -1.961 -0.057999998 11
0.82300001 -2.0150001 -0.089000002 12
0.80900002 -2.0910001 -0.123 14
0.77399999 -2.099 -0.15000001 10
0.87199998 -1.906 -0.055 11
0.85399997 -1.959 -0.086999997 12
0.84200001 -2.0350001 -0.122 13
0.80199999 -2.029 -0.149 10
0.89099997 -1.836 -0.052000001 11
0.87900001 -1.896 -0.085000001 12
0.86799997 -1.966 -0.12 13
0.83099997 -1.967 -0.149 11
0.91600001 -1.783 -0.048999999 11
0.91299999 -1.8559999 -0.083999999 12
0.89099997 -1.899 -0.119 12
0.85399997 -1.897 -0.148 11
0.93099999 -1.7130001 -0.046 12
0.93400002 -1.794 -0.082000002 11
0.91299999 -1.832 -0.117 12
0.88 -1.8380001 -0.147 11
0.977 -1.706 -0.045000002 5
0.93800002 -1.705 -0.079000004 10
0.92900002 -1.761 -0.115 11
0.90600002 -1.783 -0.147 11
2.2460001 -3.723 -0.096000001 9
0 0 0 0
0.94499999 -1.6950001 -0.113 10
0.93000001 -1.728 -0.147 11
2.4089999 -3.796 -0.096000001 9
0 0 0 0
1.432 -2.4349999 -0.167 0
0.97100002 -1.7079999 -0.149 9
2.5079999 -3.76 -0.093000002 11
0 0 0 0
1.469 -2.3699999 -0.16599999 0
1.1670001 -1.943 -0.175 0
2.576 -3.678 -0.090000004 12
0 0 0 0
1.521 -2.329 -0.168 0
1.189 -1.88 -0.175 0
2.809 -3.8239999 -0.090999998 1
1.989 -2.799 -0.138 0
1.558 -2.2690001 -0.168 0
1.225 -1.839 -0.176 0
3.0090001 -3.908 -0.092 3
2.017 -2.7049999 -0.13500001 0
1.6109999 -2.233 -0.169 0
1.262 -1.801 -0.178 0
3.233 -4.0089998 -0.092 3
2.0580001 -2.6300001 -0.134 1
1.6440001 -2.1719999 -0.169 0
1.279 -1.737 -0.177 2
2.9100001 -3.447 -0.078000002 2
2.108 -2.572 -0.133 4
1.684 -2.118 -0.17 0
1.311 -1.6950001 -0.17900001 1
3.306 -3.74 -0.082999997 4
2.1670001 -2.5239999 -0.133 5
1.734 -2.0799999 -0.17200001 0
1.342 -1.653 -0.18000001 2
3.1960001 -3.4560001 -0.075999998 2
2.2390001 -2.4890001 -0.134 5
1.776 -2.0320001 -0.17299999 0
1.369 -1.6059999 -0.18099999 1
1.758 -1.817 -0.039000001 21
2.309 -2.451 -0.13500001 6
1.681 -1.835 -0.161 4
1.396 -1.562 -0.182 2
1.788 -1.766 -0.037999999 100
1.722 -1.7460001 -0.097999997 20
1.633 -1.701 -0.154 24
1.474 -1.572 -0.19 3
4.0180001 -3.7950001 -0.079999998 0
1.817 -1.76 -0.101 38
1.7029999 -1.694 -0.15800001 16
1.5039999 -1.53 -0.192 3
4.073 -3.678 -0.077 1
2.5669999 -2.3740001 -0.14 7
1.581 -1.501 -0.145 14
1.507 -1.462 -0.19 3
1.737 -1.498 -0.030999999 19
1.681 -1.485 -0.090000004 5
1.625 -1.472 -0.147 15
1.568 -1.451 -0.19599999 4
1.749 -1.441 -0.028999999 49
1.735 -1.4630001 -0.090999998 69
1.683 -1.454 -0.15099999 15
1.569 -1.3839999 -0.19400001 3
1.7920001 -1.41 -0.028999999 38
1.7970001 -1.446 -0.093000002 45
1.762 -1.452 -0.156 24
1.597 -1.342 -0.19599999 3
0 0 0 0
2.8970001 -2.223 -0.148 8
2.0569999 -1.6160001 -0.18000001 0
1.594 -1.276 -0.19400001 2
0 0 0 0
3.0090001 -2.2019999 -0.15099999 11
2.105 -1.575 -0.183 0
1.5880001 -1.211 -0.192 2
6.0689998 -4.1479998 -0.085000001 1
3.075 -2.1440001 -0.152 7
2.1630001 -1.541 -0.186 0
1.6160001 -1.1720001 -0.19400001 2
6.1500001 -4.0040002 -0.082999997 1
3.1800001 -2.1110001 -0.155 6
2.194 -1.487 -0.18700001 0
1.628 -1.122 -0.19400001 2
0 0 0 0
3.306 -2.086 -0.16 6
2.197 -1.415 -0.186 0
1.646 -1.0779999 -0.19499999 2
0 0 0 0
3.421 -2.0510001 -0.164 9
2.233 -1.365 -0.18799999 0
1.668 -1.036 -0.197 2
0 0 0 0
3.467 -1.971 -0.164 9
2.2820001 -1.323 -0.191 0
1.691 -0.995 -0.198 2
3.74 -1.982 -0.043000001 0
3.6389999 -1.961 -0.171 7
2.299 -1.261 -0.192 0
1.711 -0.95300001 -0.2 2
3.665 -1.8380001 -0.041000001 1
3.5869999 -1.826 -0.167 1
2.3329999 -1.21 -0.19400001 0
1.733 -0.91100001 -0.20200001 2
3.6830001 -1.7460001 -0.039999999 2
3.655 -1.758 -0.169 10
2.3540001 -1.151 -0.19400001 0
1.74 -0.86199999 -0.20200001 2
3.72 -1.661 -0.039000001 2
3.6889999 -1.671 -0.169 10
2.3629999 -1.087 -0.19400001 0
1.75 -0.815 -0.20200001 2
3.7709999 -1.584 -0.039000001 6
3.7579999 -1.599 -0.17200001 44
2.4100001 -1.0420001 -0.198 0
1.785 -0.78100002 -0.206 1
3.7969999 -1.4960001 -0.039000001 5
3.777 -1.506 -0.17200001 43
2.447 -0.99000001 -0.2 2
1.775 -0.72600001 -0.204 2
3.8369999 -1.414 -0.037999999 0
3.779 -1.408 -0.171 9
2.4660001 -0.93000001 -0.20100001 0
1.775 -0.67699999 -0.204 2
0 0 0 0
3.8050001 -1.319 -0.17200001 8
2.471 -0.86699998 -0.20100001 0
1.798 -0.63599998 -0.207 1
0 0 0 0
3.8640001 -1.2410001 -0.17399999 10
2.49 -0.80800003 -0.20299999 0
1.809 -0.59200001 -0.208 1
0 0 0 0
3.846 -1.138 -0.17299999 1
2.507 -0.74900001 -0.204 0
1.823 -0.54900002 -0.20900001 1
0 0 0 0
3.8729999 -1.049 -0.17399999 1
2.503 -0.68400002 -0.204 0
1.827 -0.50199997 -0.20999999 2
0 0 0 0
3.9100001 -0.96399999 -0.176 1
2.5309999 -0.62900001 -0.206 0
1.8329999 -0.45699999 -0.20999999 1
0 0 0 0
3.9070001 -0.86900002 -0.176 1
2.5450001 -0.56800002 -0.207 0
1.839 -0.412 -0.211 1
0 0 0 0
3.9449999 -0.78399998 -0.178 0
2.559 -0.509 -0.20900001 0
1.848 -0.36700001 -0.212 1
0 0 0 0
4.0019999 -0.699 -0.18099999 0
2.585 -0.45100001 -0.211 0
1.851 -0.32100001 -0.213 1
5.4780002 -0.83600003 -0.055 3
4.0560002 -0.61199999 -0.184 0
2.5810001 -0.38800001 -0.211 0
1.857 -0.27599999 -0.214 1
0 0 0 0
4.0339999 -0.51499999 -0.184 0
2.6059999 -0.32800001 -0.214 0
1.87 -0.23199999 -0.21600001 2
0 0 0 0
5.586 -0.583 -0.25600001 1
2.615 -0.26699999 -0.215 0
1.87 -0.18700001 -0.21600001 2
4.2459998 -0.36000001 -0.045000002 1
4.125 -0.336 -0.19 0
2.6140001 -0.205 -0.21600001 0
0 0 0 0
0 0 0 0
0 0 0 0
0 0 0 0
0 0 0 0
0 0 0 0
0 0 0 0
0 0 0 0
0 0 0 0
16.868999 -0.292 -0.19599999 6
0 0 0 0
0 0 0 0
1.858 -0.0060000001 -0.21799999 2
0 0 0 0
0 0 0 0
0 0 0 0
1.266 0.026000001 -0.149 3
0 0 0 0
0 0 0 0
0 0 0 0
0 0 0 0
0 0 0 0
0 0 0 0
0 0 0 0
0 0 0 0
0 0 0 0
0 0 0 0
0 0 0 0
0 0 0 0
0 0 0 0
0 0 0 0
0 0 0 0
0 0 0 0
0 0 0 0
0 0 0 0
0 0 0 0
0 0 0 0
0 0 0 0
0 0 0 0
0 0 0 0
0 0 0 0
0 0 0 0
0 0 0 0
0 0 0 0
0 0 0 0
0 0 0 0
0 0 0 0
0 0 0 0
0 0 0 0
0 0 0 0
0 0 0 0
0 0 0 0
1.2819999 0.31099999 -0.15899999 7
0 0 0 0
0 0 0 0
0 0 0 0
0 0 0 0
0 0 0 0
0 0 0 0
0 0 0 0
1.317 0.38800001 -0.16500001 6
1.2869999 0.36199999 -0.024 13
0 0 0 0
0 0 0 0
0 0 0 0
0 0 0 0
0 0 0 0
0 0 0 0
1.348 0.46900001 -0.17200001 7
0 0 0 0
1.363 0.47099999 -0.075999998 14
0 0 0 0
0 0 0 0
1.358 0.48199999 -0.028000001 14
0 0 0 0
0 0 0 0
1.2410001 0.5 -0.161 10
0 0 0 0
0 0 0 0
0 0 0 0
0 0 0 0
0 0 0 0
0 0 0 0
0 0 0 0
0 0 0 0
0 0 0 0
0 0 0 0
0 0 0 0
0 0 0 0
0 0 0 0
0 0 0 0
0 0 0 0
0 0 0 0
0 0 0 0
0 0 0 0
0 0 0 0
0 0 0 0
0 0 0 0
0 0 0 0
0 0 0 0
0 0 0 0
0 0 0 0
0 0 0 0
0 0 0 0
0 0 0 0
0 0 0 0
0 0 0 0
0 0 0 0
0 0 0 0
0 0 0 0
0 0 0 0
0 0 0 0
0 0 0 0
0 0 0 0
0 0 0 0
0 0 0 0
0 0 0 0
0 0 0 0
0 0 0 0
0 0 0 0
0 0 0 0
0 0 0 0
0 0 0 0
0 0 0 0
0 0 0 0
0 0 0 0
0 0 0 0
0 0 0 0
0 0 0 0
0 0 0 0
0 0 0 0
0 0 0 0
0 0 0 0
0 0 0 0
0 0 0 0
0 0 0 0
0 0 0 0
0 0 0 0
0 0 0 0
0 0 0 0
0 0 0 0
0 0 0 0
0 0 0 0
0 0 0 0
0 0 0 0
0 0 0 0
0 0 0 0
0 0 0 0
0 0 0 0
0 0 0 0
0 0 0 0
0 0 0 0
0 0 0 0
0 0 0 0
0 0 0 0
0 0 0 0
0 0 0 0
0 0 0 0
0 0 0 0
0 0 0 0
0 0 0 0
0 0 0 0
0 0 0 0
0 0 0 0
0 0 0 0
0 0 0 0
0 0 0 0
0 0 0 0
0 0 0 0
0 0 0 0
0 0 0 0
0 0 0 0
0 0 0 0
0 0 0 0
0 0 0 0
0 0 0 0
0 0 0 0
0 0 0 0
0 0 0 0
0 0 0 0
0 0 0 0
0 0 0 0
0 0 0 0
0 0 0 0
0 0 0 0
0 0 0 0
0 0 0 0
0 0 0 0
0 0 0 0
0 0 0 0
0 0 0 0
0 0 0 0
0 0 0 0
0 0 0 0
0 0 0 0
0 0 0 0
0 0 0 0
0 0 0 0
0 0 0 0
0 0 0 0
0 0 0 0
0 0 0 0
0 0 0 0
0 0 0 0
0 0 0 0
0 0 0 0
0 0 0 0
0 0 0 0
0 0 0 0
0 0 0 0
0 0 0 0
0 0 0 0
0 0 0 0
0 0 0 0
0 0 0 0
0 0 0 0
0 0 0 0
0 0 0 0
0 0 0 0
0 0 0 0
0 0 0 0
0 0 0 0
0 0 0 0
0 0 0 0
0 0 0 0
0 0 0 0
0 0 0 0
0 0 0 0
0 0 0 0
0 0 0 0
0 0 0 0
0 0 0 0
0 0 0 0
0 0 0 0
0 0 0 0
0 0 0 0
0 0 0 0
0 0 0 0
0 0 0 0
0 0 0 0
0 0 0 0
0 0 0 0
0 0 0 0
0 0 0 0
0 0 0 0
0 0 0 0
0 0 0 0
0 0 0 0
0 0 0 0
0 0 0 0
0 0 0 0
0 0 0 0
0 0 0 0
0 0 0 0
0 0 0 0
0 0 0 0
0 0 0 0
0 0 0 0
0 0 0 0
0 0 0 0
0 0 0 0
0 0 0 0
0 0 0 0
0 0 0 0
0 0 0 0
0 0 0 0
0 0 0 0
0 0 0 0
0 0 0 0
0 0 0 0
0 0 0 0
0 0 0 0
0 0 0 0
0 0 0 0
0 0 0 0
0 0 0 0
0 0 0 0
0 0 0 0
0 0 0 0
0 0 0 0
0 0 0 0
0 0 0 0
0 0 0 0
0 0 0 0
0 0 0 0
0 0 0 0
0 0 0 0
0 0 0 0
0 0 0 0
0 0 0 0
0 0 0 0
0 0 0 0
0 0 0 0
0 0 0 0
0 0 0 0
0 0 0 0
0 0 0 0
0 0 0 0
0 0 0 0
0 0 0 0
0 0 0 0
0 0 0 0
0 0 0 0
0 0 0 0
0 0 0 0
0 0 0 0
0 0 0 0
0 0 0 0
0 0 0 0
0 0 0 0
0 0 0 0
0 0 0 0
0 0 0 0
0 0 0 0
0 0 0 0
0 0 0 0
0 0 0 0
0 0 0 0
0 0 0 0
0 0 0 0
0 0 0 0
0 0 0 0
0 0 0 0
0 0 0 0
0 0 0 0
0 0 0 0
0 0 0 0
0 0 0 0
0 0 0 0
0 0 0 0
0 0 0 0
0 0 0 0
0 0 0 0
0 0 0 0
0 0 0 0
0 0 0 0
0 0 0 0
0 0 0 0
0 0 0 0
0 0 0 0
0 0 0 0
0 0 0 0
0 0 0 0
0 0 0 0
-0.57800001 1.345 -0.093999997 10
-0.43700001 1.235 -0.121 13
0 0 0 0
-0.56800002 1.34 -0.104 11
0 0 0 0
0 0 0 0
-0.58200002 1.398 -0.123 14
0 0 0 0
-0.67199999 1.3839999 -0.094999999 9
-0.54400003 1.332 -0.13600001 10
-0.67500001 1.522 -0.13600001 145
-0.66100001 1.376 -0.107 11
-0.72299999 1.403 -0.094999999 9
0 0 0 0
-0.70099998 1.484 -0.134 103
-0.71399999 1.401 -0.109 11
-0.77100003 1.4170001 -0.094999999 8
-0.63599998 1.3660001 -0.145 9
-0.73400003 1.464 -0.134 56
-0.76599997 1.42 -0.111 10
-0.833 1.45 -0.097000003 9
-0.68699998 1.387 -0.15000001 8
-0.76499999 1.439 -0.134 18
-0.82800001 1.4529999 -0.114 11
-0.88700002 1.464 -0.097000003 11
-0.736 1.402 -0.155 8
-0.81400001 1.449 -0.13600001 11
-0.88499999 1.474 -0.116 14
-0.85600001 1.342 -0.088 51
-0.796 1.431 -0.162 8
-0.86400002 1.456 -0.139 8
-0.85500002 1.35 -0.107 56
-0.912 1.36 -0.088 44
-0.86299998 1.469 -0.17 9
-0.84600002 1.352 -0.131 46
-0.91399997 1.372 -0.109 35
-0.88599998 1.257 -0.081 151
-0.84600002 1.364 -0.161 44
-0.91100001 1.382 -0.13600001 31
-0.95200002 1.36 -0.109 61
0 0 0 0
-0.91000003 1.392 -0.168 30
-0.97500002 1.406 -0.141 29
-0.86900002 1.181 -0.094999999 41
0 0 0 0
-0.977 1.419 -0.176 29
-0.87900001 1.205 -0.123 106
0 0 0 0
0 0 0 0
-0.90899998 1.255 -0.15899999 150
0 0 0 0
0 0 0 0
0 0 0 0
0 0 0 0
0 0 0 0
0 0 0 0
0 0 0 0
-0.91399997 1.142 -0.153 29
0 0 0 0
0 0 0 0
0 0 0 0
0 0 0 0
0 0 0 0
0 0 0 0
0 0 0 0
0 0 0 0
0 0 0 0
0 0 0 0
0 0 0 0
0 0 0 0
0 0 0 0
0 0 0 0
0 0 0 0
0 0 0 0
0 0 0 0
0 0 0 0
0 0 0 0
0 0 0 0
0 0 0 0
0 0 0 0
0 0 0 0
0 0 0 0
0 0 0 0
0 0 0 0
0 0 0 0
0 0 0 0
0 0 0 0
0 0 0 0
0 0 0 0
0 0 0 0
0 0 0 0
0 0 0 0
0 0 0 0
0 0 0 0
0 0 0 0
0 0 0 0
0 0 0 0
0 0 0 0
0 0 0 0
0 0 0 0
0 0 0 0
0 0 0 0
0 0 0 0
0 0 0 0
0 0 0 0
0 0 0 0
0 0 0 0
0 0 0 0
0 0 0 0
0 0 0 0
0 0 0 0
0 0 0 0
0 0 0 0
0 0 0 0
0 0 0 0
0 0 0 0
0 0 0 0
0 0 0 0
0 0 0 0
0 0 0 0
0 0 0 0
-1.131 0.63300002 -0.146 9
0 0 0 0
0 0 0 0
0 0 0 0
0 0 0 0
0 0 0 0
0 0 0 0
0 0 0 0
-1.155 0.57599998 -0.146 15
0 0 0 0
0 0 0 0
0 0 0 0
0 0 0 0
0 0 0 0
0 0 0 0
0 0 0 0
0 0 0 0
0 0 0 0
0 0 0 0
0 0 0 0
0 0 0 0
0 0 0 0
0 0 0 0
0 0 0 0
0 0 0 0
0 0 0 0
0 0 0 0
0 0 0 0
0 0 0 0
0 0 0 0
0 0 0 0
0 0 0 0
0 0 0 0
0 0 0 0
0 0 0 0
0 0 0 0
0 0 0 0
0 0 0 0
0 0 0 0
0 0 0 0
0 0 0 0
0 0 0 0
0 0 0 0
0 0 0 0
-1.263 0.31600001 -0.149 6
0 0 0 0
0 0 0 0
-1.248 0.26300001 -0.02 5
0 0 0 0
0 0 0 0
0 0 0 0
0 0 0 0
-1.2690001 0.25299999 -0.148 4
-1.244 0.234 -0.098999999 3
0 0 0 0
-1.251 0.205 -0.017999999 3
0 0 0 0
0 0 0 0
0 0 0 0
0 0 0 0
-1.317 0.19599999 -0.152 2
-1.253 0.175 -0.097999997 2
-1.284 0.16500001 -0.055 2
0 0 0 0
0 0 0 0
0 0 0 0
0 0 0 0
-1.323 0.126 -0.016000001 2
0 0 0 0
-1.3710001 0.126 -0.106 5
0 0 0 0
0 0 0 0
-1.341 0.102 -0.153 36
0 0 0 0
0 0 0 0
0 0 0 0
0 0 0 0
0 0 0 0
0 0 0 0
0 0 0 0
0 0 0 0
0 0 0 0
0 0 0 0
0 0 0 0
0 0 0 0
0 0 0 0
0 0 0 0
0 0 0 0
0 0 0 0
0 0 0 0
0 0 0 0
0 0 0 0
0 0 0 0
0 0 0 0
0 0 0 0
0 0 0 0
0 0 0 0
0 0 0 0
0 0 0 0
0 0 0 0
0 0 0 0
0 0 0 0
0 0 0 0
0 0 0 0
-1.455 -0.171 -0.163 29
0 0 0 0
0 0 0 0
0 0 0 0
0 0 0 0
0 0 0 0
0 0 0 0
0 0 0 0
-1.482 -0.24699999 -0.16500001 25
-1.48 -0.249 -0.109 29
0 0 0 0
0 0 0 0
0 0 0 0
0 0 0 0
0 0 0 0
0 0 0 0
-1.5140001 -0.32800001 -0.169 26
-1.517 -0.329 -0.111 28
0 0 0 0
-1.48 -0.32699999 -0.0060000001 51
-1.5420001 -0.373 -0.17200001 28
-1.536 -0.37200001 -0.112 32
-1.501 -0.36399999 -0.054000001 43
0 0 0 0
-1.552 -0.41600001 -0.17299999 24
-1.557 -0.41499999 -0.114 28
0 0 0 0
-1.523 -0.40799999 -0.0049999999 58
-1.5700001 -0.461 -0.175 21
-1.576 -0.46000001 -0.115 25
-1.5470001 -0.45100001 -0.055 47
-1.541 -0.44999999 -0.0040000002 47
-1.595 -0.50999999 -0.178 20
-1.594 -0.50700003 -0.116 26
-1.5549999 -0.49200001 -0.055 43
-1.553 -0.49200001 -0.0040000002 45
-1.6109999 -0.55800003 -0.18099999 21
-1.613 -0.55400002 -0.118 24
-1.577 -0.53899997 -0.055 40
-1.574 -0.53799999 -0.0040000002 45
-1.63 -0.60900003 -0.183 17
-1.632 -0.60399997 -0.119 24
-1.595 -0.58700001 -0.056000002 39
-1.594 -0.58499998 -0.003 45
-1.655 -0.66500002 -0.186 19
-1.656 -0.65799999 -0.121 25
-1.618 -0.63700002 -0.056000002 44
-1.6160001 -0.634 -0.003 46
-1.673 -0.71899998 -0.189 18
-1.675 -0.71100003 -0.123 22
-1.6390001 -0.69 -0.057 42
-1.633 -0.68300003 -0.003 47
-1.698 -0.778 -0.192 17
-1.698 -0.76899999 -0.125 22
-1.663 -0.745 -0.057999998 38
-1.6569999 -0.73699999 -0.003 43
-1.725 -0.84100002 -0.19599999 15
-1.723 -0.829 -0.127 20
-1.682 -0.80000001 -0.059 35
-1.682 -0.79400003 -0.0020000001 44
-1.743 -0.903 -0.199 17
-1.747 -0.89099997 -0.12899999 21
-1.71 -0.861 -0.059999999 37
-1.706 -0.852 -0.0020000001 43
-1.777 -0.97500002 -0.204 14
-1.778 -0.95999998 -0.132 20
-1.7359999 -0.92500001 -0.061000001 37
-1.726 -0.91100001 -0.0020000001 41
-1.808 -1.049 -0.208 14
-1.8049999 -1.03 -0.13500001 19
-1.765 -0.99299997 -0.061999999 32
-1.7460001 -0.972 -0.0020000001 42
-1.844 -1.13 -0.214 15
-1.831 -1.103 -0.13699999 18
-1.791 -1.062 -0.063000001 30
-1.7819999 -1.045 -0.0020000001 35
-1.87 -1.209 -0.21799999 16
-1.8660001 -1.1849999 -0.141 19
-1.832 -1.1440001 -0.064999998 34
-1.811 -1.118 -0.0020000001 42
-1.903 -1.295 -0.223 23
-1.908 -1.275 -0.145 20
-1.859 -1.221 -0.066 28
-1.842 -1.194 -0.0020000001 35
-1.854 -1.3279999 -0.219 25
-1.87 -1.313 -0.14300001 29
-1.877 -1.295 -0.067000002 55
-1.87 -1.273 -0.003 117
-1.794 -1.35 -0.214 24
-1.816 -1.339 -0.14 34
-1.814 -1.314 -0.066 48
-1.824 -1.301 -0.003 57
-1.734 -1.3710001 -0.208 26
-1.7589999 -1.362 -0.13699999 31
-1.76 -1.337 -0.064000003 48
-1.77 -1.325 -0.003 59
-1.681 -1.396 -0.20299999 25
-1.702 -1.383 -0.133 30
-1.706 -1.359 -0.063000001 44
-1.717 -1.346 -0.003 50
-1.6289999 -1.42 -0.199 24
-1.648 -1.404 -0.13 28
-1.651 -1.378 -0.061999999 48
-1.66 -1.362 -0.003 59
-1.5779999 -1.443 -0.19499999 28
-1.598 -1.428 -0.12800001 34
-1.603 -1.401 -0.061000001 50
-1.613 -1.385 -0.0040000002 56
-1.524 -1.462 -0.19 25
-1.549 -1.45 -0.125 34
-1.551 -1.419 -0.059999999 48
-1.567 -1.408 -0.0040000002 63
-1.477 -1.485 -0.186 26
-1.499 -1.47 -0.123 26
-1.507 -1.443 -0.059 34
-1.517 -1.426 -0.0040000002 56
-1.426 -1.5039999 -0.182 27
-1.454 -1.494 -0.121 33
-1.454 -1.4579999 -0.057999998 48
-1.469 -1.444 -0.0049999999 57
-1.3789999 -1.526 -0.178 27
-1.402 -1.5089999 -0.118 33
-1.409 -1.479 -0.057 47
-1.425 -1.465 -0.0049999999 59
-1.329 -1.5420001 -0.17399999 26
-1.355 -1.529 -0.116 31
-1.355 -1.489 -0.056000002 54
-1.37 -1.473 -0.0060000001 57
-1.283 -1.562 -0.171 28
-1.312 -1.552 -0.114 33
-1.311 -1.5089999 -0.055 49
-1.332 -1.498 -0.0070000002 65
-1.238 -1.582 -0.167 27
-1.2589999 -1.561 -0.111 36
-1.2690001 -1.53 -0.055 48
-1.286 -1.5140001 -0.0070000002 60
-1.184 -1.59 -0.163 30
-1.2180001 -1.585 -0.11 37
-1.227 -1.55 -0.054000001 50
-1.243 -1.5319999 -0.0080000004 55
-1.1440001 -1.614 -0.16 30
-1.175 -1.605 -0.108 34
-1.181 -1.5650001 -0.054000001 49
-1.2 -1.55 -0.0089999996 53
-1.1 -1.632 -0.15700001 30
-1.131 -1.622 -0.106 36
-1.141 -1.585 -0.054000001 53
-1.158 -1.568 -0.0089999996 68
-1.056 -1.649 -0.154 31
-1.086 -1.638 -0.104 35
-1.098 -1.6 -0.052999999 55
-1.117 -1.585 -0.0099999998 64
-1.012 -1.666 -0.15099999 34
-1.041 -1.652 -0.102 36
-1.054 -1.6160001 -0.052999999 53
-1.075 -1.6 -0.011 66
-0.96899998 -1.684 -0.148 37
-0.99800003 -1.669 -0.101 40
-1.018 -1.64 -0.052999999 57
-1.033 -1.6160001 -0.012 70
-0.92400002 -1.697 -0.145 42
-0.95899999 -1.691 -0.098999999 42
-0.97399998 -1.652 -0.052999999 59
-0.991 -1.63 -0.013 73
-0.884 -1.719 -0.142 43
-0.91600001 -1.707 -0.097999997 45
-0.94099998 -1.684 -0.052999999 61
-0.95200002 -1.648 -0.014 79
-0.84100002 -1.734 -0.139 46
-0.87199998 -1.719 -0.096000001 48
-0.89899999 -1.699 -0.052999999 67
-0.912 -1.666 -0.015 80
-0.80000001 -1.753 -0.13699999 52
-0.83099997 -1.738 -0.094999999 56
-0.85600001 -1.711 -0.052999999 72
-0.87 -1.678 -0.016000001 88
-0.759 -1.771 -0.134 52
-0.78899997 -1.753 -0.093999997 62
-0.82099998 -1.74 -0.052999999 120
-0.82999998 -1.693 -0.017000001 95
-0.71600002 -1.786 -0.132 53
-0.74800003 -1.77 -0.093000002 67
-0.78600001 -1.77 -0.052999999 151
-0.79000002 -1.709 -0.017999999 97
-0.67299998 -1.8 -0.12899999 52
-0.70700002 -1.789 -0.090999998 68
-0.75099999 -1.801 -0.054000001 154
-0.74900001 -1.721 -0.018999999 96
-0.63200003 -1.819 -0.127 52
-0.66500002 -1.803 -0.090000004 64
-0.70899999 -1.818 -0.054000001 152
-0.70899999 -1.735 -0.021 98
-0.58899999 -1.832 -0.124 47
-0.625 -1.823 -0.089000002 56
-0.66900003 -1.8380001 -0.054000001 157
-0.66900003 -1.749 -0.022 110
-0.54699999 -1.849 -0.122 44
-0.58200002 -1.837 -0.088 57
-0.63 -1.863 -0.055 156
-0.63 -1.767 -0.023 103
-0.50400001 -1.864 -0.12 42
-0.542 -1.858 -0.086999997 48
-0.588 -1.878 -0.055 152
-0.58999997 -1.783 -0.025 103
-0.46200001 -1.88 -0.117 44
-0.5 -1.873 -0.086000003 48
-0.53899997 -1.8710001 -0.055 80
0 0 0 0
-0.41999999 -1.9 -0.115 39
-0.45699999 -1.888 -0.086000003 44
-0.493 -1.874 -0.055 54
0 0 0 0
-0.377 -1.9170001 -0.113 35
-0.414 -1.901 -0.085000001 41
-0.45199999 -1.89 -0.055 48
0 0 0 0
-0.33500001 -1.937 -0.111 35
-0.37200001 -1.918 -0.083999999 37
-0.41 -1.9069999 -0.056000002 49
0 0 0 0
-0.28999999 -1.951 -0.109 32
-0.329 -1.938 -0.082999997 37
-0.36700001 -1.925 -0.056000002 45
0 0 0 0
-0.24600001 -1.967 -0.107 32
-0.28600001 -1.9579999 -0.082999997 35
-0.324 -1.938 -0.057 38
0 0 0 0
-0.20100001 -1.98 -0.105 33
-0.242 -1.971 -0.082000002 31
-0.28099999 -1.9579999 -0.057999998 40
-0.308 -1.906 -0.035999998 87
-0.15700001 -2.0090001 -0.103 29
-0.198 -1.9910001 -0.081 33
-0.237 -1.974 -0.057999998 35
-0.266 -1.929 -0.037999999 73
-0.111 -2.026 -0.101 31
-0.153 -2.016 -0.081 29
-0.193 -1.99 -0.059 34
-0.22400001 -1.954 -0.039999999 75
-0.064999998 -2.0450001 -0.1 31
-0.107 -2.029 -0.079999998 31
-0.149 -2.017 -0.059999999 30
-0.18099999 -1.9809999 -0.043000001 59
-0.017999999 -2.0610001 -0.097999997 28
-0.061000001 -2.0450001 -0.079999998 29
-0.103 -2.0320001 -0.061000001 31
-0.13699999 -1.997 -0.045000002 47
0.028999999 -2.0810001 -0.096000001 26
-0.013 -2.066 -0.079999998 27
-0.057 -2.049 -0.061999999 34
-0.092 -2.029 -0.046999998 39
0.077 -2.0829999 -0.093000002 26
0.033 -2.079 -0.079000004 26
-0.0099999998 -2.0699999 -0.063000001 30
-0.046 -2.046 -0.050000001 42
0.122 -2.033 -0.088 12
0.081 -2.082 -0.078000002 22
0.037 -2.085 -0.064000003 28
0 -2.0699999 -0.052000001 38
0 0 0 0
0.126 -2.033 -0.075000003 9
0.085000001 -2.085 -0.064999998 16
0.048 -2.0899999 -0.055 36
0 0 0 0
0.175 -2.059 -0.075000003 0
0.13 -2.036 -0.064000003 2
0.096000001 -2.0769999 -0.056000002 13
0 0 0 0
0 0 0 0
0 0 0 0
0.14300001 -2.0610001 -0.057999998 0
0 0 0 0
0 0 0 0
0 0 0 0
0 0 0 0
0 0 0 0
0 0 0 0
0 0 0 0
0 0 0 0
0 0 0 0
0 0 0 0
0 0 0 0
0 0 0 0
0 0 0 0
0 0 0 0
0 0 0 0
0 0 0 0
0 0 0 0
0 0 0 0
0 0 0 0
0 0 0 0
0 0 0 0
0 0 0 0
0 0 0 0
0 0 0 0
0 0 0 0
0 0 0 0
0 0 0 0
0 0 0 0
0.74000001 -2.29 -0.071000002 12
0.70300001 -2.3369999 -0.079000004 12
0 0 0 0
0 0 0 0
0.79000002 -2.2690001 -0.068000004 12
0.73799998 -2.2620001 -0.075999998 13
0.704 -2.319 -0.083999999 11
0 0 0 0
0.80400002 -2.1500001 -0.061999999 11
0.77999997 -2.2190001 -0.074000001 12
0.736 -2.2360001 -0.082999997 12
0.71100003 -2.2939999 -0.092 1
0.81800002 -2.043 -0.057 11
0.81699997 -2.1619999 -0.071999997 14
0.76899999 -2.168 -0.082000002 12
0.745 -2.22 -0.093000002 11
0.84500003 -1.979 -0.052999999 10
0.84500003 -2.092 -0.068999998 13
0.79699999 -2.0899999 -0.079999998 12
0.77399999 -2.1400001 -0.092 11
0.86699998 -1.909 -0.048999999 10
0.85699999 -1.989 -0.064999998 12
0.829 -2.0320001 -0.079999998 12
0.80400002 -2.0680001 -0.093000002 11
0.89200002 -1.85 -0.046 11
0.87699997 -1.9119999 -0.063000001 12
0.86299998 -1.9809999 -0.079000004 13
0.83200002 -2 -0.093000002 12
0.91500002 -1.7920001 -0.041999999 11
0.89499998 -1.837 -0.059999999 11
0.89700001 -1.936 -0.079000004 13
0.85799998 -1.934 -0.093000002 11
0.93800002 -1.74 -0.039999999 11
0.92000002 -1.786 -0.057999998 11
0.92799997 -1.887 -0.079000004 12
0.88300002 -1.872 -0.093000002 11
0.96200001 -1.692 -0.037 10
0.93400002 -1.715 -0.056000002 10
0.94599998 -1.818 -0.078000002 12
0.90899998 -1.8150001 -0.093999997 11
2.217 -3.701 -0.077 6
0.977 -1.699 -0.055 6
0.935 -1.698 -0.074000001 10
0.93000001 -1.755 -0.093999997 11
2.3770001 -3.77 -0.075000003 8
2.24 -3.698 -0.121 7
0 0 0 0
0.949 -1.693 -0.093999997 11
2.493 -3.7609999 -0.071000002 1
2.378 -3.73 -0.123 3
1.846 -3.0109999 -0.138 0
1.561 -2.635 -0.15099999 6
2.576 -3.7019999 -0.066 11
2.4779999 -3.6949999 -0.122 2
1.914 -2.9660001 -0.14 0
1.619 -2.5929999 -0.154 4
0 0 0 0
2.5699999 -3.6489999 -0.121 8
1.95 -2.8729999 -0.139 0
1.651 -2.5109999 -0.155 1
0 0 0 0
2.618 -3.5420001 -0.118 0
1.976 -2.7720001 -0.138 0
1.674 -2.421 -0.155 0
3.1689999 -3.9549999 -0.059 9
0 0 0 0
1.972 -2.6340001 -0.134 1
1.689 -2.3239999 -0.155 0
3.3010001 -3.934 -0.055 18
0 0 0 0
2.0190001 -2.569 -0.13500001 6
1.724 -2.257 -0.156 0
3.3559999 -3.822 -0.048999999 37
2.8859999 -3.391 -0.116 2
2.0769999 -2.5209999 -0.13600001 9
1.755 -2.1889999 -0.15700001 0
3.3570001 -3.652 -0.043000001 17
0 0 0 0
2.142 -2.4790001 -0.138 9
1.799 -2.1389999 -0.15899999 0
1.761 -1.832 -0.02 14
0 0 0 0
2.217 -2.448 -0.141 11
1.822 -2.0639999 -0.16 0
1.7819999 -1.772 -0.017000001 56
1.767 -1.808 -0.063000001 4
2.293 -2.4170001 -0.14399999 11
1.6950001 -1.831 -0.148 4
1.831 -1.7410001 -0.015 22
1.798 -1.757 -0.063000001 91
1.72 -1.7309999 -0.106 18
1.635 -1.6849999 -0.141 25
