# .PCD v0.7 - Point Cloud Data file format
VERSION 0.7
FIELDS x y z intensity
SIZE 4 4 4 4
TYPE F F F F
COUNT 1 1 1 1
WIDTH 20064
HEIGHT 1
VIEWPOINT 0 0 0 1 0 0 0
POINTS 20064
DATA ascii
-0.68599999 -6.8280001 2.694 4
-0.92500001 -6.974 2.687 4
-1.182 -7.0679998 2.665 10
-1.4450001 -7.2540002 2.6860001 4
-0.53500003 -6.8309999 2.6919999 4
-0.76800001 -6.9840002 2.681 5
-1.028 -7.1440001 2.677 6
-1.2819999 -7.3200002 2.6860001 4
-0.38499999 -6.855 2.6989999 2
-0.61199999 -7.0089998 2.6819999 5
-0.86799997 -7.1960001 2.681 6
-1.114 -7.3699999 2.6819999 6
-0.233 -6.8319998 2.6889999 1
-0.454 -7.033 2.6830001 6
-0.70599997 -7.23 2.6789999 6
-0.95200002 -7.46 2.694 6
-0.082000002 -6.842 2.6930001 5
0 0 0 0
-0.542 -7.2820001 2.6849999 6
-0.78500003 -7.5409999 2.7030001 4
0.067000002 -6.8410001 2.694 5
-0.139 -7.0650001 2.684 6
-0.38100001 -7.3790002 2.7090001 1
-0.611 -7.5869999 2.701 5
0.21699999 -6.8400002 2.697 7
0.017000001 -7.066 2.6819999 5
-0.213 -7.3569999 2.6919999 2
-0.43900001 -7.6440001 2.7060001 4
0.36500001 -6.8369999 2.7 5
0.175 -7.0840001 2.6860001 5
-0.044 -7.3920002 2.6949999 5
-0.26199999 -7.6900001 2.707 2
0.514 -6.8109999 2.6949999 5
0.273 -5.8140001 2.204 3
0.124 -7.402 2.691 5
-0.082000002 -7.7150002 2.701 5
0.66500002 -6.802 2.697 6
0.40700001 -5.8400002 2.2130001 6
0.29699999 -7.4229999 2.691 4
0.1 -7.8049998 2.72 4
0.815 -6.796 2.7019999 6
0.542 -5.8800001 2.23 2
0.46799999 -7.4489999 2.697 4
0.28299999 -7.835 2.7190001 2
0.95999998 -6.757 2.6949999 5
0.81599998 -7.092 2.6919999 2
0.63999999 -7.454 2.6949999 4
0.46900001 -7.849 2.7149999 6
1.107 -6.7360001 2.697 7
0.83399999 -6.0609999 2.3039999 0
0.81699997 -7.487 2.704 3
0.65600002 -7.895 2.723 6
1.255 -6.7179999 2.7 5
0.963 -6.0079999 2.29 4
0.80400002 -6.0799999 2.1960001 1
0.84600002 -7.9070001 2.72 4
1.401 -6.6929998 2.7030001 4
1.295 -7.0599999 2.697 6
0.949 -6.1009998 2.2049999 2
1.04 -7.9530001 2.7320001 3
1.548 -6.671 2.707 5
1.452 -7.027 2.6919999 2
1.341 -7.4809999 2.7049999 5
1.229 -7.934 2.7219999 1
1.688 -6.6110001 2.6960001 4
1.344 -5.8410001 2.2449999 0
1.52 -7.4759998 2.707 4
1.429 -7.9710002 2.7320001 4
1.827 -6.5580001 2.6900001 6
1.4680001 -5.7810001 2.2309999 1
1.688 -7.427 2.694 6
1.6160001 -7.9349999 2.72 5
1.975 -6.539 2.7 2
1.931 -6.9530001 2.6949999 6
1.869 -7.4239998 2.6989999 4
1.818 -7.961 2.73 5
2.115 -6.4860001 2.6949999 5
2.095 -6.9369998 2.7030001 3
2.0510001 -7.4239998 2.7079999 5
2.013 -7.947 2.7290001 3
2.2520001 -6.4310002 2.6919999 5
2.2479999 -6.8870001 2.698 4
2.2190001 -7.3660002 2.6960001 3
2.207 -7.9239998 2.7260001 3
2.3900001 -6.382 2.6919999 4
2.4059999 -6.8460002 2.698 4
2.3940001 -7.3330002 2.6949999 4
2.4100001 -7.915 2.7290001 3
2.5309999 -6.3379998 2.6949999 5
2.5650001 -6.8080001 2.701 4
2.5799999 -7.322 2.704 6
2.6170001 -7.915 2.737 5
2.661 -6.2639999 2.6860001 5
2.6619999 -6.6110001 2.641 3
2.619 -6.9200001 2.5699999 4
2.5639999 -7.178 2.4920001 13
2.654 -5.888 2.5480001 6
2.6730001 -6.2329998 2.5090001 8
2.7190001 -6.71 2.506 1
2.9920001 -7.7880001 2.7160001 5
2.7260001 -5.7160001 2.497 4
3.017 -6.6259999 2.6889999 4
3.1010001 -7.1739998 2.698 5
3.211 -7.7950001 2.7309999 3
3.073 -6.1020002 2.6919999 5
3.1670001 -6.5619998 2.687 3
3.293 -7.1599998 2.7119999 5
3.3050001 -7.5159998 2.6500001 7
3.211 -6.0489998 2.698 3
3.3299999 -6.5250001 2.697 9
0 0 0 0
3.3210001 -7.0879998 2.5139999 1
3.3329999 -5.9660001 2.6900001 7
3.3399999 -6.1960001 2.586 9
0 0 0 0
3.3280001 -6.6810002 2.3870001 3
3.3380001 -5.6810002 2.592 6
3.3410001 -5.8779998 2.4790001 8
3.325 -6.0799999 2.362 9
3.3329999 -6.309 2.2720001 8
0 0 0 0
0 0 0 0
3.3469999 -5.7950001 2.2739999 2
3.3310001 -5.9569998 2.164 10
0 0 0 0
0.50999999 -0.81099999 0.34999999 0
0 0 0 0
3.3429999 -5.6539998 2.0739999 9
0 0 0 0
0 0 0 0
0 0 0 0
0 0 0 0
0 0 0 0
0 0 0 0
0 0 0 0
0 0 0 0
0 0 0 0
3.372 -4.6389999 2.0829999 12
3.368 -4.7529998 1.956 13
0 0 0 0
0 0 0 0
3.3800001 -4.4359999 2.0209999 13
3.3729999 -4.5310001 1.89 14
3.369 -4.6230001 1.776 12
0 0 0 0
3.3829999 -4.2399998 1.962 12
3.3759999 -4.322 1.829 14
3.381 -4.4109998 1.7180001 12
0 0 0 0
3.3789999 -4.046 1.903 11
3.3770001 -4.1240001 1.773 13
3.3789999 -4.197 1.659 13
0.69800001 -0.78799999 0.41 2
3.3789999 -3.8670001 1.849 5
3.3789999 -3.9349999 1.72 13
3.3770001 -3.9949999 1.605 13
0 0 0 0
0 0 0 0
3.3829999 -3.7590001 1.6720001 14
3.3770001 -3.806 1.5549999 13
0 0 0 0
0 0 0 0
3.382 -3.5869999 1.625 12
3.381 -3.6289999 1.51 13
3.3870001 -3.3599999 1.85 12
0 0 0 0
3.395 -3.437 1.5880001 12
3.3859999 -3.464 1.469 12
3.402 -3.233 1.817 12
3.404 -3.256 1.682 10
3.395 -3.28 1.546 11
3.3959999 -3.3110001 1.433 14
3.4000001 -3.095 1.777 12
3.402 -3.1110001 1.642 12
0 0 0 0
3.402 -3.1589999 1.397 13
3.401 -2.9649999 1.7410001 11
3.402 -2.974 1.6059999 12
0.92799997 -0.81699997 0.40200001 1
3.3959999 -3.0050001 1.36 13
3.4059999 -2.8429999 1.7079999 12
3.3989999 -2.8399999 1.5700001 12
0.97799999 -0.82099998 0.414 1
3.402 -2.868 1.329 13
3.404 -2.72 1.675 11
3.3970001 -2.71 1.5369999 12
3.398 -2.72 1.409 12
3.401 -2.7279999 1.298 10
3.4000001 -2.599 1.642 12
3.402 -2.592 1.5089999 12
3.4059999 -2.599 1.383 12
3.427 -2.6159999 1.279 0
3.405 -2.4879999 1.615 11
3.408 -2.4779999 1.483 11
3.4059999 -2.474 1.354 11
1.155 -0.838 0.42199999 0
3.398 -2.3729999 1.5829999 10
3.4000001 -2.358 1.4529999 11
3.4159999 -2.362 1.3329999 11
3.411 -2.352 1.221 11
3.3959999 -2.2650001 1.556 10
3.415 -2.256 1.434 11
3.425 -2.2520001 1.312 10
3.4100001 -2.2309999 1.197 11
3.411 -2.1700001 1.538 9
3.414 -2.1470001 1.409 11
3.415 -2.132 1.284 10
3.4200001 -2.122 1.178 10
1.351 -0.81900001 0.59899998 1
3.4189999 -2.0450001 1.3890001 10
3.424 -2.0280001 1.266 10
3.4170001 -2.0079999 1.156 10
1.41 -0.81400001 0.616 1
3.425 -1.946 1.369 9
3.4300001 -1.925 1.248 10
3.421 -1.9 1.138 10
3.4200001 -1.878 1.473 55
1.531 -0.82499999 0.60299999 1
3.4289999 -1.821 1.228 10
3.4219999 -1.793 1.12 10
3.428 -1.788 1.456 56
3.4319999 -1.751 1.332 43
3.427 -1.7180001 1.209 9
3.4289999 -1.693 1.1059999 10
3.428 -1.6950001 1.437 57
3.4349999 -1.6569999 1.3150001 50
1.762 -0.83200002 0.61299998 2
3.4260001 -1.59 1.089 10
1.999 -0.935 0.82700002 4
3.441 -1.564 1.3 76
1.9349999 -0.85900003 0.66399997 4
1.929 -0.838 0.60399997 0
1.901 -0.83999997 0.77700001 3
1.924 -0.82300001 0.71799999 5
1.933 -0.80400002 0.65499997 3
3.437 -1.397 1.063 54
1.908 -0.79400003 0.76999998 3
2.2179999 -0.89099997 0.81800002 11
3.4389999 -1.3380001 1.151 79
3.4389999 -1.301 1.051 90
2.0639999 -0.80699998 0.82300001 11
2.2409999 -0.84200001 0.81599998 2
2.5090001 -0.90899998 0.82999998 14
3.4400001 -1.207 1.039 89
2.0969999 -0.76800001 0.82700002 17
2.2980001 -0.80400002 0.82800001 18
2.5009999 -0.84100002 0.81900001 3
2.816 -0.912 0.84200001 10
2.1170001 -0.72500002 0.82599998 18
2.3169999 -0.75300002 0.82599998 18
2.5580001 -0.79299998 0.829 16
2.8269999 -0.84100002 0.83600003 8
2.198 -0.699 0.84899998 11
2.346 -0.70499998 0.829 18
2.572 -0.73199999 0.82499999 15
2.8640001 -0.77700001 0.83999997 12
3.437 -1.012 1.3150001 88
3.4349999 -0.94800001 1.202 97
2.717 -0.70599997 0.86400002 4
2.915 -0.71499997 0.847 6
3.4260001 -0.93000001 1.299 94
3.441 -0.86699998 1.194 94
3.4159999 -0.80199999 1.0779999 64
3.197 -0.70300001 0.92199999 7
3.437 -0.85299999 1.291 86
3.2119999 -0.73299998 1.105 7
3.198 -0.67199999 1.001 5
3.405 -0.66299999 0.97500002 98
3.2060001 -0.722 1.194 7
1.661 -0.33899999 0.56699997 2
3.398 -0.63200003 1.056 61
3.405 -0.57800001 0.96799999 107
3.348 -0.67900002 1.237 27
1.67 -0.30199999 0.56599998 1
3.4030001 -0.551 1.051 70
3.405 -0.49399999 0.963 95
1.516 -0.273 0.55599999 0
3.3970001 -0.537 1.143 37
3.404 -0.46900001 1.045 84
3.415 -0.41100001 0.96100003 50
3.3989999 -0.537 1.237 47
3.4030001 -0.45899999 1.138 76
3.408 -0.389 1.04 69
2.1170001 -0.20299999 0.59299999 0
3.4070001 -0.463 1.232 90
3.408 -0.38100001 1.133 80
3.4130001 -0.30899999 1.0369999 75
1.48 -0.105 0.41299999 91
3.4100001 -0.38600001 1.224 92
3.4130001 -0.30399999 1.128 92
1.385 -0.092 0.419 18
1.518 -0.071000002 0.42199999 10
3.418 -0.31200001 1.22 96
1.383 -0.090999998 0.45500001 17
1.373 -0.059 0.414 7
1.5140001 -0.034000002 0.41999999 155
1.38 -0.096000001 0.49000001 16
1.3660001 -0.059 0.447 7
1.367 -0.027000001 0.41100001 11
1.618 0.001 0.44800001 8
1.368 -0.064999998 0.48300001 5
1.359 -0.028000001 0.44299999 9
1.367 0.0040000002 0.41 11
1.533 0.037999999 0.42399999 154
1.37 -0.035 0.48100001 33
1.436 0.0020000001 0.46700001 6
1.367 0.035999998 0.40900001 11
1.523 0.074000001 0.421 154
1.388 -0.0049999999 0.486 4
1.4349999 0.034000002 0.46599999 21
1.364 0.068000004 0.40700001 12
1.518 0.111 0.41999999 153
1.415 0.024 0.493 12
1.415 0.066 0.458 4
1.369 0.101 0.40900001 11
1.54 0.15000001 0.426 153
1.3839999 0.055 0.48100001 0
1.37 0.094999999 0.442 58
1.369 0.134 0.40900001 12
1.498 0.183 0.41499999 153
1.37 0.083999999 0.47400001 56
1.363 0.126 0.43900001 12
1.373 0.16599999 0.41 12
1.442 0.212 0.40000001 11
1.367 0.114 0.472 12
1.362 0.15700001 0.43900001 11
1.368 0.198 0.40900001 12
1.451 0.248 0.40400001 87
1.3559999 0.14300001 0.46700001 13
1.365 0.189 0.44 11
1.367 0.23100001 0.40900001 12
1.439 0.28200001 0.40200001 11
1.365 0.175 0.47 12
1.3660001 0.22 0.44 11
1.364 0.264 0.40900001 12
1.419 0.31400001 0.398 40
1.355 0.204 0.465 13
1.365 0.252 0.44 11
1.3660001 0.29699999 0.41100001 12
1.402 0.34599999 0.39500001 7
1.3660001 0.236 0.46900001 12
1.367 0.285 0.44100001 11
1.3660001 0.331 0.412 12
1.3890001 0.37799999 0.39399999 49
1.362 0.26699999 0.46700001 13
1.368 0.31799999 0.442 10
1.3710001 0.36700001 0.41499999 12
1.378 0.41100001 0.39300001 11
1.377 0.301 0.472 12
1.374 0.35299999 0.44499999 55
1.369 0.40099999 0.417 13
1.378 0.447 0.396 54
1.364 0.33000001 0.46799999 13
1.37 0.38499999 0.44499999 10
1.375 0.43799999 0.421 12
1.386 0.48699999 0.40099999 6
1.37 0.36399999 0.47 12
1.378 0.421 0.449 54
1.372 0.472 0.42199999 10
1.383 0.52399999 0.40400001 15
1.37 0.39700001 0.47099999 47
1.368 0.45300001 0.44800001 13
1.376 0.50999999 0.42699999 22
3.4579999 1.405 1.0190001 106
1.37 0.43000001 0.472 13
1.372 0.48899999 0.45100001 23
3.4590001 1.376 1.081 10
3.4579999 1.503 1.029 115
1.374 0.465 0.47400001 38
1.375 0.52600002 0.45500001 12
3.4549999 1.469 1.0880001 91
3.4579999 1.602 1.04 98
1.3789999 0.50199997 0.47799999 5
3.4530001 1.4119999 1.148 61
3.447 1.562 1.094 76
3.4590001 1.704 1.052 98
1.386 0.53899997 0.48199999 7
3.451 1.5039999 1.155 80
3.464 1.6670001 1.11 26
3.4679999 1.813 1.068 109
3.4530001 1.433 1.205 77
3.4579999 1.602 1.165 97
3.4579999 1.766 1.12 88
3.4619999 1.916 1.08 100
3.4590001 1.527 1.2130001 54
3.4579999 1.699 1.174 92
3.461 1.8710001 1.133 86
3.4649999 2.027 1.096 98
3.4660001 1.623 1.222 23
3.4579999 1.799 1.184 85
3.4590001 1.975 1.145 87
3.471 2.1429999 1.113 107
3.461 1.717 1.226 0
3.4579999 1.9 1.194 63
3.4660001 2.089 1.161 76
3.474 2.2609999 1.132 76
3.4660001 1.818 1.2359999 62
1.946 1.128 0.67799997 5
3.4660001 2.201 1.177 71
3.4649999 2.375 1.147 39
1.9349999 1.071 0.69499999 2
1.921 1.173 0.676 7
1.957 1.308 0.67299998 0
0 0 0 0
1.944 1.1339999 0.70300001 2
1.942 1.248 0.69199997 3
1.954 1.372 0.68199998 2
0 0 0 0
1.96 1.2029999 0.71499997 4
1.92 1.2970001 0.69199997 2
1.943 1.434 0.68900001 2
1.944 1.546 0.67900002 2
1.9680001 1.27 0.72399998 4
1.946 1.38 0.70999998 4
1.951 1.512 0.70300001 3
0 0 0 0
1.9579999 1.327 0.72799999 4
1.954 1.455 0.722 4
1.956 1.589 0.71700001 4
0 0 0 0
1.967 1.399 0.73799998 4
1.955 1.527 0.73299998 4
1.959 1.67 0.73199999 4
1.961 1.802 0.73000002 4
1.97 1.47 0.74800003 4
1.954 1.6 0.74400002 4
1.9579999 1.749 0.745 4
1.957 1.885 0.745 4
1.961 1.534 0.75300002 4
1.957 1.679 0.75700003 4
1.9529999 1.8279999 0.75800002 3
1.972 1.992 0.76899999 3
1.959 1.604 0.76200002 4
1.952 1.755 0.76800001 3
1.95 1.913 0.77399999 3
1.959 2.0739999 0.78399998 3
1.9579999 1.679 0.77200001 3
1.9579999 1.842 0.78399998 3
1.949 2.003 0.79000002 3
1.954 2.168 0.80199999 1
1.961 1.762 0.78500003 3
1.9529999 1.924 0.79699999 3
1.951 2.1010001 0.81 3
1.952 2.2720001 0.824 1
1.964 1.847 0.79799998 3
1.9529999 2.0150001 0.81300002 3
1.944 2.194 0.82700002 2
1.943 2.372 0.84399998 1
1.957 1.927 0.80900002 3
1.95 2.108 0.829 2
1.944 2.3 0.84899998 0
1.936 2.4809999 0.86699998 0
1.949 2.0079999 0.81999999 1
1.944 2.201 0.84500003 0
1.9349999 2.4000001 0.86900002 0
3.5569999 4.783 1.645 20
1.941 2.0940001 0.83200002 1
1.9450001 2.3069999 0.866 0
3.5580001 4.6279998 1.6440001 6
3.539 4.9990001 1.693 24
1.948 2.201 0.85100001 0
1.941 2.4119999 0.88499999 0
3.5409999 4.836 1.686 21
3.3829999 5.0229998 1.676 24
1.946 2.303 0.86799997 0
3.5599999 4.6409998 1.6670001 13
3.5039999 5.026 1.722 24
3.2130001 5.0219998 1.652 23
1.957 2.4260001 0.89300001 0
3.553 4.8610001 1.711 21
3.335 5.0279999 1.694 23
3.052 5.0240002 1.631 24
3.575 4.6469998 1.67 11
3.493 5.0180001 1.7309999 24
3.1719999 5.0339999 1.669 23
2.895 5.026 1.6109999 24
3.559 4.8559999 1.705 18
3.3299999 5.027 1.7029999 24
3.0109999 5.0320001 1.643 23
2.7449999 5.0339999 1.595 21
3.5039999 5.0190001 1.724 24
3.1570001 5.0149999 1.6670001 30
2.8540001 5.0310001 1.62 28
2.612 5.0679998 1.587 0
3.339 5.027 1.6900001 23
2.9990001 5.0190001 1.64 29
2.72 5.0640001 1.609 15
2.4519999 5.0409999 1.563 30
3.174 5.027 1.656 23
2.8510001 5.0310001 1.617 31
2.5450001 5.0139999 1.572 5
0 0 0 0
3.0179999 5.0349998 1.626 23
2.714 5.0570002 1.6 12
2.4100001 5.0359998 1.5599999 29
0.45699999 1.063 0.32300001 8
2.8629999 5.039 1.596 23
2.549 5.026 1.566 12
0 0 0 0
0.426 1.058 0.31900001 10
2.7149999 5.0469999 1.569 7
2.4100001 5.0409999 1.548 28
0.45199999 1.068 0.32300001 8
0.396 1.054 0.31600001 9
2.5580001 5.033 1.5369999 12
0 0 0 0
0.41999999 1.062 0.31799999 12
0.36899999 1.0549999 0.31400001 13
2.4170001 5.0440001 1.515 21
0.44800001 1.061 0.317 8
0.39199999 1.061 0.315 9
0.34 1.049 0.31 12
0 0 0 0
0.41800001 1.0599999 0.31200001 12
0.36199999 1.0549999 0.31 12
0.31400001 1.051 0.30899999 13
0.449 1.063 0.30899999 8
0.38999999 1.058 0.308 8
0.33500001 1.057 0.308 12
0.289 1.053 0.308 13
0.419 1.061 0.303 9
0.36000001 1.052 0.303 11
0.308 1.054 0.30500001 12
0.26199999 1.049 0.30500001 14
0.38999999 1.058 0.29800001 9
0.33399999 1.054 0.30000001 11
0.28200001 1.056 0.30399999 12
0.23800001 1.0549999 0.30599999 16
0.361 1.054 0.29300001 13
0.30700001 1.0549999 0.29800001 11
0.25600001 1.054 0.301 13
0.214 1.0650001 0.308 15
0.33399999 1.057 0.28999999 13
0.28 1.053 0.294 12
0.23199999 1.063 0.30199999 14
0.19 1.074 0.30899999 13
0.30700001 1.0549999 0.28600001 13
0.255 1.058 0.29300001 13
0.208 1.067 0.30199999 13
0.16599999 1.08 0.31099999 13
0.28 1.057 0.28299999 14
0.229 1.057 0.29100001 13
0.183 1.071 0.301 12
0.141 1.08 0.31 9
0.25400001 1.058 0.28 17
0.205 1.0650001 0.28999999 12
0.15899999 1.08 0.30199999 11
0.118 1.096 0.31400001 8
0.229 1.0650001 0.27900001 20
0.18099999 1.074 0.29100001 12
0.13500001 1.096 0.30599999 8
0 0 0 0
0.204 1.0700001 0.27700001 17
0.156 1.0779999 0.28999999 11
0.109 1.091 0.303 7
0 0 0 0
0.17900001 1.077 0.27700001 15
0.132 1.0880001 0.29100001 8
0 0 0 0
0.056000002 1.438 0.412 9
0.153 1.0779999 0.27399999 14
0.106 1.092 0.29100001 7
0.079999998 1.488 0.412 0
0.023 1.432 0.41100001 11
0.12899999 1.091 0.27500001 13
0.082000002 1.105 0.29300001 0
0.046 1.4910001 0.412 9
-0.0089999996 1.432 0.412 11
0.102 1.092 0.27399999 8
0.079000004 1.566 0.41299999 1
0.012 1.489 0.412 11
0 0 0 0
0.077 1.1059999 0.27500001 1
0.043000001 1.573 0.41299999 10
-0.021 1.4960001 0.414 10
0 0 0 0
0.077 1.6569999 0.41 1
0.0060000001 1.576 0.41299999 11
-0.048999999 1.3150001 0.36399999 1
-0.093000002 1.252 0.36199999 1
0.037 1.654 0.40599999 9
-0.029999999 1.586 0.41499999 2
-0.074000001 1.232 0.34099999 1
-0.138 1.423 0.414 2
-0.001 1.655 0.405 10
-0.055 1.288 0.336 2
-0.123 1.48 0.41 0
-0.169 1.408 0.41100001 14
-0.041999999 1.686 0.41 4
0 0 0 0
-0.15899999 1.488 0.41299999 9
-0.2 1.406 0.412 0
-0.082000002 1.687 0.40900001 1
-0.14 1.573 0.41 1
-0.192 1.477 0.41100001 11
0 0 0 0
-0.123 1.696 0.41 6
-0.178 1.573 0.41 9
0 0 0 0
0 0 0 0
-0.163 1.6849999 0.40599999 1
-0.21600001 1.577 0.41100001 9
0 0 0 0
-0.119 0.56 0.167 10
-0.204 1.689 0.40599999 10
0 0 0 0
-0.117 0.58700001 0.16500001 8
0 0 0 0
0 0 0 0
-0.107 0.583 0.152 6
0 0 0 0
-0.146 0.56400001 0.17 10
0 0 0 0
0 0 0 0
-0.14399999 0.57999998 0.16500001 8
0 0 0 0
-0.118 0.60500002 0.145 3
-0.13600001 0.58200002 0.152 4
0 0 0 0
-0.17299999 0.56300002 0.17200001 11
-0.134 0.61000001 0.146 3
0 0 0 0
-0.17399999 0.58499998 0.168 9
0 0 0 0
-0.15099999 0.61699998 0.148 3
-0.164 0.57800001 0.153 5
0 0 0 0
-0.20299999 0.56699997 0.177 11
-0.16500001 0.61000001 0.147 3
0 0 0 0
-0.20100001 0.57999998 0.169 9
0 0 0 0
-0.18099999 0.61000001 0.147 3
-0.193 0.57700002 0.154 5
0 0 0 0
-0.226 0.55400002 0.176 11
-0.197 0.611 0.148 3
0 0 0 0
-0.23 0.57700002 0.171 9
0 0 0 0
0 0 0 0
-0.22400001 0.57800001 0.156 7
0 0 0 0
-0.257 0.55800003 0.18099999 12
-0.23 0.61000001 0.149 3
0 0 0 0
-0.259 0.57200003 0.17200001 9
0 0 0 0
-0.243 0.60000002 0.147 3
-0.255 0.57700002 0.15800001 8
0 0 0 0
-0.289 0.55900002 0.186 12
-0.26199999 0.60500002 0.15000001 3
0 0 0 0
-0.294 0.57700002 0.178 10
0 0 0 0
-0.27500001 0.59600002 0.148 5
-0.287 0.57499999 0.161 9
0 0 0 0
-0.31999999 0.55699998 0.19 12
-0.294 0.597 0.15000001 4
0 0 0 0
-0.322 0.56699997 0.17900001 10
0 0 0 0
-0.30700001 0.588 0.149 6
-0.31900001 0.57099998 0.163 9
0 0 0 0
-0.34799999 0.54799998 0.192 12
-0.324 0.58499998 0.149 5
0 0 0 0
-0.352 0.55900002 0.18099999 10
0 0 0 0
-0.34 0.58099997 0.15000001 8
-0.35699999 0.57300001 0.168 10
0 0 0 0
-0.38600001 0.55400002 0.2 12
-0.36199999 0.58600003 0.153 6
-0.37099999 0.56599998 0.168 10
-0.38499999 0.55500001 0.185 10
0 0 0 0
-0.373 0.57200003 0.15099999 10
0 0 0 0
0 0 0 0
-0.42199999 0.551 0.206 13
-0.39399999 0.57300001 0.153 9
-0.40599999 0.56099999 0.171 10
-0.42399999 0.55400002 0.191 11
-0.44299999 0.55299997 0.211 12
-0.41499999 0.57300001 0.156 10
0 0 0 0
0 0 0 0
-0.461 0.55000001 0.213 13
-0.43099999 0.56699997 0.156 11
-0.449 0.56199998 0.177 11
-0.46700001 0.55699998 0.199 11
-0.48199999 0.55000001 0.21799999 3
-0.45500001 0.56800002 0.15899999 12
-0.46900001 0.56 0.18000001 12
-0.48100001 0.54699999 0.199 4
-4.6900001 5.1230001 2.0699999 6
-0.47299999 0.56300002 0.161 12
0 0 0 0
-1.125 1.224 0.45500001 7
-0.92199999 0.963 0.39700001 63
-1.224 1.387 0.403 1
-0.93000001 1.0089999 0.33700001 4
-0.93099999 0.96799999 0.36700001 60
-0.95300001 0.95300001 0.40200001 13
-0.91399997 0.986 0.29300001 83
-0.93300003 0.96700001 0.329 12
-0.96700001 0.96100003 0.37200001 12
-0.98900002 0.94700003 0.40799999 13
-0.94499999 0.97100002 0.294 12
-0.97500002 0.96399999 0.336 11
-1.005 0.95499998 0.37900001 12
-1.031 0.94499999 0.417 13
0 0 0 0
-1.266 1.194 0.42500001 7
-1.046 0.94999999 0.38499999 12
-1.071 0.93900001 0.42500001 12
0 0 0 0
-1.321 1.189 0.43399999 15
-1.095 0.94999999 0.39500001 13
-1.125 0.94400001 0.43799999 11
-1.348 1.198 0.389 1
-1.133 0.97299999 0.36399999 4
-1.148 0.95099998 0.40599999 12
-1.1849999 0.95200002 0.45300001 49
-1.418 1.2 0.40000001 25
-1.188 0.97299999 0.37400001 52
-1.223 0.96799999 0.42500001 38
0 0 0 0
-1.215 0.97799999 0.33500001 52
-1.25 0.97600001 0.38600001 16
0 0 0 0
0 0 0 0
-1.568 1.201 0.42399999 13
0 0 0 0
0 0 0 0
0 0 0 0
0 0 0 0
0 0 0 0
-4.8299999 3.319 1.594 6
-4.7940001 3.204 1.7180001 3
0 0 0 0
-4.8470001 3.2639999 1.418 11
-4.8379998 3.1670001 1.572 12
-4.8600001 3.098 1.717 9
-4.8569999 3.1900001 1.243 10
-4.8249998 3.0880001 1.3890001 12
-4.895 3.0480001 1.566 12
-4.9130001 2.983 1.712 10
-4.8990002 3.05 1.232 11
-4.8889999 2.971 1.385 11
-4.901 2.901 1.545 13
-4.908 2.836 1.687 12
-4.901 2.8889999 1.214 13
-4.9000001 2.822 1.368 12
-4.9000001 2.7539999 1.524 11
-4.9229999 2.704 1.671 11
-1.494 0.83200002 0.36399999 1
-4.9000001 2.6719999 1.349 12
-4.9000001 2.6110001 1.505 12
-4.9089999 2.559 1.645 12
-1.498 0.78799999 0.36000001 2
-4.8940001 2.5220001 1.33 12
-4.9180002 2.4790001 1.49 12
-4.9130001 2.427 1.627 13
-1.498 0.74199998 0.35499999 1
-4.902 2.3840001 1.3150001 12
-4.9029999 2.336 1.469 13
-4.9169998 2.2969999 1.61 13
-4.901 2.2820001 1.149 12
-4.902 2.243 1.299 12
-4.9039998 2.2030001 1.4529999 13
-4.9130001 2.1670001 1.592 12
-4.9200001 2.148 1.141 11
-4.9120002 2.1110001 1.288 12
-4.914 2.075 1.4400001 11
-4.8979998 2.0350001 1.571 14
-1.566 0.639 0.359 0
-1.575 0.634 0.40799999 2
-7.5710001 2.9990001 2.1960001 35
-6.9029999 2.6949999 2.1930001 34
-1.612 0.61299998 0.366 41
-1.608 0.60299999 0.41299999 45
-1.608 0.59500003 0.46200001 52
-1.6 0.58399999 0.50300002 6
-1.686 0.59399998 0.37900001 36
-1.681 0.58700001 0.428 37
-1.663 0.57300001 0.47299999 45
-7.046 2.4030001 2.197 34
-1.788 0.58200002 0.39899999 20
-1.768 0.57099998 0.44600001 19
-1.733 0.55400002 0.48899999 10
-5.7740002 1.831 1.786 9
-7.776 2.3269999 1.722 42
-7.7729998 2.313 1.946 41
-6.3210001 1.868 1.77 7
-5.7719998 1.694 1.77 7
-7.7610002 2.1199999 1.707 40
-7.7639999 2.115 1.9299999 41
-6.5019999 1.7640001 1.807 2
-6.2259998 1.681 1.8940001 18
-7.1810002 1.777 1.5700001 10
-7.1659999 1.774 1.7690001 10
-6.9510002 1.72 1.919 16
-7.3049998 1.804 2.2079999 34
-7.9390001 1.762 1.726 3
-7.829 1.747 1.921 13
-8.085 1.808 2.217 34
-7.3660002 1.651 2.211 34
-8.75 1.722 1.8940001 10
-8.5209999 1.693 2.0799999 2
-8.1459999 1.632 2.22 36
-7.4130001 1.493 2.211 33
-4.7779999 0.82200003 1.03 69
-8.5459995 1.493 2.076 3
-8.1920004 1.451 2.221 35
-7.474 1.337 2.2160001 32
-3.1989999 0.47 0.68699998 50
-3.188 0.48100001 0.77100003 42
-3.227 0.49700001 0.87 0
-7.5380001 1.182 2.223 26
-3.02 0.37099999 0.64700001 63
-3.0109999 0.38299999 0.72500002 50
-3.053 0.40099999 0.81999999 56
-3.141 0.42300001 0.921 82
-2.9630001 0.29100001 0.63300002 62
-2.9489999 0.30599999 0.708 60
-2.9549999 0.31999999 0.79000002 77
-2.9760001 0.33500001 0.86900002 64
-2.9560001 0.219 0.63099998 71
-2.95 0.237 0.70700002 83
-2.9360001 0.252 0.78200001 92
-2.934 0.266 0.85299999 78
-2.961 0.148 0.63200003 73
-2.9690001 0.168 0.70899999 92
-2.947 0.18700001 0.78299999 89
-2.9289999 0.20100001 0.847 99
-2.9990001 0.078000002 0.63999999 53
-3.003 0.1 0.71700001 65
-2.9960001 0.122 0.79299998 64
-2.973 0.14 0.85699999 93
-2.9159999 0.0060000001 0.62199998 5
-2.8929999 0.028999999 0.69 50
-2.902 0.052999999 0.76700002 36
-2.9460001 0.075000003 0.847 28
-8.5340004 -0.18700001 1.824 4
-8.5469999 -0.109 2.0369999 2
-8.4989996 -0.033 2.2420001 8
-2.9189999 0.011 0.83700001 28
-8.3240004 -0.38 1.784 2
-8.5769997 -0.308 2.0450001 3
-8.467 -0.221 2.2320001 14
-7.8730001 -0.139 2.2520001 28
-8.4530001 -0.58999997 1.816 2
-8.4540005 -0.49900001 2.0179999 2
-8.4639997 -0.412 2.2279999 3
-7.9039998 -0.31099999 2.257 33
-8.4379997 -0.79100001 1.818 4
-8.4709997 -0.69700003 2.0239999 1
-8.441 -0.60000002 2.2219999 3
-7.9169998 -0.48500001 2.256 31
-8.3870001 -0.98900002 1.8150001 4
-8.4720001 -0.89600003 2.0280001 2
-8.4549999 -0.79299998 2.2260001 2
-7.9499998 -0.66000003 2.263 28
0 0 0 0
-8.4729996 -1.097 2.0320001 2
-8.4659996 -0.98500001 2.23 2
-7.9569998 -0.83600003 2.263 31
-3.51 -0.58499998 0.76700002 1
-8.4650002 -1.295 2.0369999 1
-8.474 -1.1799999 2.233 2
-7.974 -1.013 2.266 29
-3.4920001 -0.66799998 0.76700002 8
-3.234 -0.57099998 0.78100002 7
-8.4840002 -1.374 2.2409999 2
-8.0089998 -1.194 2.276 27
-3.4979999 -0.755 0.773 8
-3.1919999 -0.63999999 0.77399999 11
-3.0209999 -0.55800003 0.79900002 5
-8.0170002 -1.373 2.28 26
-2.6389999 -0.63599998 0.58700001 5
-3.1889999 -0.71600002 0.77700001 5
-2.95 -0.61400002 0.78200001 15
-2.915 -0.56400001 0.829 0
-2.46 -0.65499997 0.55199999 5
-2.6170001 -0.65200001 0.64099997 8
-2.9130001 -0.67500001 0.77499998 10
-2.743 -0.59399998 0.78100002 15
-2.46 -0.71899998 0.55599999 4
-2.4630001 -0.67400002 0.60600001 6
-2.5550001 -0.653 0.68099999 7
-2.661 -0.63700002 0.759 5
0 0 0 0
-2.404 -0.71799999 0.59500003 4
-2.4579999 -0.68699998 0.65799999 6
-2.4660001 -0.648 0.704 4
0 0 0 0
-8.5810003 -2.7820001 2.141 0
-2.3699999 -0.72000003 0.63700002 6
-2.3740001 -0.67900002 0.68000001 4
0 0 0 0
-6.3340001 -2.2160001 1.592 12
-2.359 -0.77499998 0.63800001 4
-2.368 -0.73299998 0.68000001 4
0 0 0 0
-6.3439999 -2.385 1.608 14
-6.3379998 -2.2420001 1.723 5
-2.4549999 -0.81900001 0.70700002 4
-6.3569999 -2.7079999 1.516 2
-6.342 -2.552 1.622 15
-6.349 -2.4059999 1.737 14
-2.023 -0.72500002 0.58499998 0
-8.6140003 -3.9119999 2.0799999 5
-6.316 -2.7130001 1.63 7
-6.3499999 -2.5710001 1.748 16
-6.3400002 -2.4300001 1.842 4
0 0 0 0
-8.6140003 -3.9400001 2.2449999 16
-6.3520002 -2.74 1.761 2
-6.3590002 -2.599 1.8559999 18
0 0 0 0
-8.6239996 -4.1859999 2.2709999 16
-8.6400003 -3.9579999 2.4130001 11
-6.3600001 -2.763 1.865 4
-8.6400003 -4.6890001 2.174 15
-1.459 -0.75 0.38800001 1
-8.632 -4.191 2.431 19
-8.6120005 -3.967 2.54 9
-8.6440001 -4.9549999 2.2090001 19
-8.6820002 -4.7179999 2.3399999 1
-8.6370001 -4.4349999 2.454 18
-8.5930004 -4.1890001 2.5510001 5
-8.6379995 -5.2249999 2.243 18
0 0 0 0
-1.386 -0.75199997 0.39700001 0
-8.5790005 -4.4169998 2.5639999 3
-8.6569996 -5.5190001 2.2869999 17
0 0 0 0
-1.331 -0.76099998 0.38499999 1
-8.5059996 -4.6170001 2.5599999 3
-8.6800003 -5.8239999 2.3329999 9
-8.651 -5.506 2.427 18
-8.6719999 -5.2210002 2.5369999 14
-8.4139996 -4.8140001 2.5510001 2
-8.7989998 -6.21 2.4089999 1
-8.6700001 -5.8039999 2.467 20
-8.6709995 -5.4889998 2.566 19
-1.26 -0.75800002 0.38499999 1
0 0 0 0
-8.6879997 -6.1079998 2.5109999 16
-8.6750002 -5.77 2.598 5
-8.4040003 -5.3109999 2.5929999 1
0 0 0 0
-8.7089996 -6.4239998 2.5580001 1
-8.6120005 -6.0079999 2.612 4
-8.2620001 -5.4759998 2.573 2
0 0 0 0
-8.6960001 -6.7290001 2.598 14
-8.4680004 -6.1950002 2.602 2
-8.2370005 -5.7270002 2.5910001 3
0 0 0 0
0 0 0 0
-8.3470001 -6.401 2.6010001 4
-8.1529999 -5.9390001 2.592 3
0 0 0 0
0 0 0 0
-8.2349997 -6.6129999 2.605 2
-8.0710001 -6.1560001 2.596 3
0 0 0 0
0 0 0 0
0 0 0 0
-8.0120001 -6.3969998 2.608 3
-8.2510004 -8.1280003 2.632 3
0 0 0 0
0 0 0 0
0 0 0 0
-8.0810003 -8.3380003 2.6459999 4
-7.9860001 -7.7930002 2.631 4
0 0 0 0
0 0 0 0
-7.8969998 -8.5349998 2.6559999 4
-7.8270001 -7.9920001 2.638 3
-7.8099999 -7.5219998 2.642 3
0 0 0 0
-7.6950002 -8.7130003 2.6619999 3
-7.652 -8.1780005 2.6389999 4
-7.6680002 -7.7249999 2.6440001 3
-7.645 -7.303 2.6340001 5
-7.494 -8.8900003 2.668 2
-7.4949999 -8.3889999 2.6489999 3
-7.5089998 -7.9130001 2.641 3
-7.5609999 -7.5510001 2.6470001 4
-7.2649999 -9.033 2.6670001 3
-7.3319998 -8.5930004 2.6589999 3
-7.355 -8.1120005 2.642 2
-7.4099998 -7.7389998 2.6389999 4
-7.0640001 -9.2130003 2.677 3
-7.151 -8.7819996 2.664 3
-7.2329998 -8.3470001 2.6559999 4
-7.296 -7.967 2.6459999 4
0 0 0 0
-6.974 -8.974 2.6719999 2
-7.0960002 -8.5740004 2.668 3
-7.1750002 -8.1940002 2.652 4
0 0 0 0
0 0 0 0
-6.9660001 -8.8109999 2.684 1
-7.0510001 -8.4239998 2.661 3
-6.4400001 -9.7189999 2.707 3
0 0 0 0
0 0 0 0
-6.9499998 -8.6890001 2.6789999 2
-6.2379999 -9.9049997 2.723 2
-6.3899999 -9.4949999 2.6860001 3
0 0 0 0
0 0 0 0
-5.9819999 -9.9989996 2.717 2
-6.2049999 -9.6929998 2.7 2
-6.4369998 -9.3850002 2.691 3
0 0 0 0
-5.7719998 -10.169 2.7320001 2
-6.0050001 -9.8669996 2.7079999 2
-6.2680001 -9.5979996 2.701 2
-6.5029998 -9.3610001 2.694 3
0 0 0 0
-5.7950001 -10.033 2.714 2
-6.0830002 -9.7910004 2.7060001 2
-6.3449998 -9.5839996 2.701 3
0 0 0 0
0 0 0 0
-5.9029999 -10.003 2.7160001 2
-6.1859999 -9.816 2.7090001 2
-0.377 -0.78500003 0.204 0
0 0 0 0
-5.7090001 -10.188 2.7219999 1
-6.0180001 -10.043 2.717 1
-0.35499999 -0.78500003 0.20299999 0
-0.38999999 -0.796 0.207 0
0 0 0 0
-5.8530002 -10.286 2.7290001 1
-0.33700001 -0.792 0.20299999 0
-0.366 -0.79100001 0.20299999 0
-0.39300001 -0.78399998 0.20299999 0
0 0 0 0
-0.31200001 -0.78399998 0.199 0
-0.34400001 -0.792 0.20100001 0
-0.37599999 -0.79400003 0.20200001 0
-0.405 -0.79299998 0.20200001 0
-0.294 -0.79000002 0.199 0
-0.32300001 -0.79100001 0.199 0
-0.352 -0.78799999 0.198 0
-0.38299999 -0.79400003 0.199 0
-0.27399999 -0.792 0.199 0
-0.301 -0.78799999 0.19599999 0
-0.331 -0.79000002 0.19499999 0
-0.36500001 -0.80400002 0.198 0
-0.255 -0.79400003 0.198 0
-0.28400001 -0.80000001 0.197 0
-0.31200001 -0.79400003 0.19400001 0
0 0 0 0
-0.235 -0.79299998 0.197 0
-0.26300001 -0.79799998 0.19499999 0
0 0 0 0
0 0 0 0
-0.21699999 -0.80000001 0.198 0
-0.249 -0.81599998 0.198 0
0 0 0 0
-4.4489999 -11.864 2.7909999 3
-0.197 -0.79400003 0.19499999 0
0 0 0 0
0 0 0 0
-4.2090001 -12.048 2.7920001 3
-0.17900001 -0.79799998 0.19599999 0
0 0 0 0
0 0 0 0
-3.967 -12.253 2.7969999 1
-0.15800001 -0.78899997 0.193 0
0 0 0 0
-2.905 -10.879 2.513 1
0 0 0 0
-0.141 -0.79699999 0.19400001 0
-2.4679999 -11.817 2.79 2
-2.855 -11.755 2.6900001 3
0 0 0 0
0 0 0 0
-2.2030001 -11.872 2.7880001 3
-2.7090001 -12.371 2.8039999 6
-2.905 -11.642 2.552 1
0 0 0 0
-1.9299999 -11.905 2.7809999 2
-2.434 -12.469 2.8010001 3
-2.829 -12.55 2.7179999 5
0 0 0 0
-1.666 -11.986 2.7869999 3
-2.1530001 -12.553 2.796 3
-2.6619999 -13.209 2.826 3
0 0 0 0
-1.397 -12.038 2.7880001 3
-1.8789999 -12.68 2.803 3
-2.3900001 -13.446 2.8440001 2
0 0 0 0
-1.125 -12.085 2.7869999 2
-1.5930001 -12.766 2.8 3
-2.0899999 -13.57 2.839 3
0 0 0 0
-0.852 -12.108 2.7839999 3
-1.3099999 -12.874 2.8039999 4
-1.781 -13.663 2.8280001 2
0 0 0 0
-0.57800001 -12.165 2.7880001 2
-1.017 -12.919 2.796 3
-1.483 -13.857 2.8399999 4
0 0 0 0
-0.30599999 -12.261 2.8050001 3
-0.72600001 -13.004 2.7980001 3
-1.176 -14.04 2.8499999 2
0 0 0 0
-0.028999999 -12.284 2.8050001 3
-0.42899999 -13.083 2.8 2
-0.85600001 -14.124 2.842 3
0 0 0 0
0.24600001 -12.281 2.8 3
-0.131 -13.187 2.8080001 2
-0.53600001 -14.286 2.8510001 2
0 0 0 0
0.52700001 -12.295 2.8 3
0.17200001 -13.256 2.809 2
-0.205 -14.467 2.8629999 3
0 0 0 0
0.80400002 -12.256 2.789 3
0.47999999 -13.367 2.822 3
0.133 -14.571 2.862 3
0.093999997 -0.81699997 0.2 0
1.0880001 -12.332 2.8069999 3
0.78899997 -13.367 2.8110001 2
0.47299999 -14.644 2.8559999 3
0.112 -0.81 0.199 0
1.3660001 -12.303 2.802 2
1.1059999 -13.533 2.8399999 3
0.81699997 -14.698 2.848 3
0.12800001 -0.79799998 0.197 0
1.654 -12.358 2.8169999 3
1.408 -13.407 2.806 2
1.1799999 -14.959 2.8829999 3
0.148 -0.80400002 0.199 0
1.927 -12.287 2.8050001 3
1.73 -13.486 2.8169999 2
1.538 -15 2.875 2
0.16599999 -0.80299997 0.2 0
2.221 -12.326 2.819 3
2.039 -13.447 2.8050001 2
1.919 -15.215 2.902 3
0.182 -0.792 0.198 0
2.5020001 -12.283 2.816 3
2.3800001 -13.569 2.8269999 3
2.3069999 -15.37 2.918 2
0.20200001 -0.80000001 0.20100001 0
2.4849999 -10.935 2.5139999 5
2.493 -12.506 2.6040001 2
2.674 -15.365 2.9070001 3
0.219 -0.79100001 0.2 0
3.0309999 -12.074 2.7850001 5
3.0350001 -13.595 2.832 2
3.0350001 -15.317 2.8900001 3
0.241 -0.801 0.204 0
3.164 -11.5 2.6630001 4
3.1059999 -12.547 2.615 3
3.0769999 -13.823 2.6010001 2
0.26100001 -0.80299997 0.206 0
3.1700001 -10.578 2.4590001 3
3.1440001 -11.558 2.4119999 3
3.1240001 -12.621 2.3699999 2
0.28200001 -0.80599999 0.208 0
3.2090001 -9.8929996 2.3110001 4
3.1570001 -10.632 2.223 3
3.1589999 -11.59 2.1730001 4
0.30199999 -0.80500001 0.20999999 0
3.224 -9.2309999 2.1689999 4
3.204 -9.9420004 2.0840001 4
3.1830001 -10.684 2.0020001 3
0.31999999 -0.801 0.20999999 0
3.2539999 -8.684 2.052 4
3.204 -9.21 1.936 8
3.2060001 -9.8970003 1.854 5
0.34099999 -0.80199999 0.213 0
3.277 -8.1750002 1.944 3
3.24 -8.6660004 1.8279999 6
3.2290001 -9.224 1.729 7
0 0 0 0
0 0 0 0
3.2479999 -8.1070004 1.717 9
3.257 -8.6389999 1.62 6
0 0 0 0
0 0 0 0
3.2739999 -7.651 1.627 9
3.267 -8.0839996 1.5190001 9
3.306 -6.5320001 1.784 8
0.391 -0.81300002 0.197 0
0 0 0 0
3.2809999 -7.5939999 1.4299999 9
3.303 -6.1859999 1.707 10
0.41600001 -0.81599998 0.2 0
0 0 0 0
3.1270001 -6.7930002 1.284 0
3.3150001 -5.8940001 1.645 9
0.433 -0.80599999 0.199 0
3.29 -6.4219999 1.391 11
3.28 -6.7059999 1.273 3
0 0 0 0
0.461 -0.81300002 0.20299999 0
3.313 -6.1139998 1.334 14
3.303 -6.3639998 1.2130001 10
0 0 0 0
0.49000001 -0.82099998 0.207 0
3.3099999 -5.7859998 1.273 5
3.306 -6.0170002 1.153 10
0 0 0 0
0.514 -0.81699997 0.208 0
0 0 0 0
0 0 0 0
0 0 0 0
0.53899997 -0.81599998 0.20999999 0
0 0 0 0
0 0 0 0
3.342 -4.6630001 1.387 13
0.56300002 -0.81099999 0.212 0
0 0 0 0
0 0 0 0
3.352 -4.4679999 1.349 13
0 0 0 0
3.3380001 -4.7470002 1.086 13
0 0 0 0
3.355 -4.2750001 1.311 13
0 0 0 0
3.3440001 -4.5320001 1.049 12
3.342 -4.6680002 0.93099999 14
3.358 -4.0929999 1.275 14
3.3599999 -4.2059999 1.147 13
0 0 0 0
3.3529999 -4.4520001 0.89700001 15
3.358 -3.9159999 1.24 13
3.362 -4.02 1.113 15
0 0 0 0
3.3559999 -4.2410002 0.86500001 12
3.3610001 -3.75 1.2079999 14
3.359 -3.836 1.079 14
0 0 0 0
3.3659999 -4.0510001 0.83600003 16
3.3770001 -3.605 1.182 14
3.3699999 -3.678 1.052 14
0 0 0 0
3.3570001 -3.849 0.80500001 14
3.3740001 -3.4489999 1.153 13
3.3710001 -3.517 1.024 14
0.76599997 -0.81900001 0.204 0
3.3729999 -3.6849999 0.78200001 14
3.375 -3.303 1.125 13
3.3699999 -3.362 0.99800003 14
0.80800003 -0.82499999 0.20900001 0
3.372 -3.513 0.75800002 14
3.388 -3.174 1.104 13
3.3800001 -3.223 0.97500002 13
0 0 0 0
3.3789999 -3.3540001 0.736 14
3.375 -3.0280001 1.076 12
3.3840001 -3.0840001 0.95300001 13
0 0 0 0
3.375 -3.194 0.71399999 14
3.3859999 -2.9059999 1.056 13
3.3870001 -2.9489999 0.93099999 13
3.388 -3.0039999 0.80699998 1
3.382 -3.0480001 0.69400001 13
3.388 -2.7820001 1.034 12
3.388 -2.8169999 0.91000003 12
3.388 -2.865 0.787 12
3.388 -2.9089999 0.67699999 13
3.3889999 -2.661 1.0140001 12
3.388 -2.691 0.89099997 12
3.395 -2.7379999 0.76999998 12
3.3900001 -2.7720001 0.66000003 11
3.391 -2.5450001 0.995 11
3.4030001 -2.5799999 0.87599999 15
3.3989999 -2.6129999 0.75300002 11
3.4030001 -2.6489999 0.64600003 7
3.404 -2.4419999 0.98000002 11
3.3989999 -2.4590001 0.85799998 11
3.402 -2.4920001 0.73799998 11
1.135 -0.84100002 0.20999999 0
3.4000001 -2.329 0.96200001 11
3.4119999 -2.3529999 0.84399998 11
3.4030001 -2.3729999 0.722 11
1.1849999 -0.83399999 0.214 0
3.4119999 -2.2290001 0.94800001 11
3.4100001 -2.24 0.82800001 10
3.4030001 -2.256 0.70700002 10
3.404 -2.2739999 0.602 1
3.4130001 -2.125 0.93199998 10
3.4059999 -2.128 0.81099999 10
3.421 -2.154 0.69700003 10
3.4070001 -2.1589999 0.58999997 8
3.411 -2.0220001 0.91600001 10
3.421 -2.0309999 0.801 10
3.415 -2.04 0.68300003 10
3.4030001 -2.0439999 0.57700002 10
3.4059999 -1.919 0.89899999 9
3.415 -1.925 0.78600001 10
3.4119999 -1.931 0.67000002 10
3.404 -1.9349999 0.56599998 10
3.391 -1.8150001 0.88200003 2
3.408 -1.821 0.77100003 13
3.4200001 -1.831 0.66000003 13
3.4000001 -1.825 0.55500001 10
3.4059999 -1.729 0.87300003 7
3.418 -1.729 0.76200002 14
3.4170001 -1.728 0.648 13
3.408 -1.724 0.54699999 10
3.415 -1.642 0.86199999 10
3.415 -1.631 0.74900001 13
3.4200001 -1.631 0.63800001 13
3.405 -1.6210001 0.537 10
3.401 -1.545 0.847 8
3.3770001 -1.5190001 0.73000002 5
3.1429999 -1.408 0.57700002 0
3.381 -1.5089999 0.52399999 4
3.4000001 -1.455 0.83399999 10
3.2920001 -1.393 0.70200002 8
3.4100001 -1.433 0.61699998 9
3.3970001 -1.419 0.51899999 9
3.4230001 -1.377 0.829 13
3.2750001 -1.299 0.68800002 9
3.3050001 -1.299 0.58999997 9
3.302 -1.286 0.49700001 10
3.411 -1.286 0.815 15
3.336 -1.237 0.69199997 9
3.267 -1.196 0.57499999 7
3.342 -1.21 0.49599999 9
3.283 -1.158 0.77499998 10
3.391 -1.171 0.69499999 14
3.415 -1.161 0.59399998 8
3.4100001 -1.142 0.5 7
3.23 -1.061 0.75400001 8
3.408 -1.091 0.69 7
3.418 -1.073 0.588 7
3.4070001 -1.051 0.49399999 5
3.431 -1.044 0.79100001 72
3.4260001 -1.012 0.68599999 7
3.444 -0.99299997 0.58499998 4
3.152 -0.88800001 0.45100001 7
3.115 -0.87400001 0.70999998 5
3.4200001 -0.926 0.67699999 59
3.428 -0.90100002 0.57599998 86
3.427 -0.87599999 0.486 93
3.424 -0.88 0.77200001 94
3.414 -0.84200001 0.66900003 71
3.187 -0.75800002 0.52999997 9
3.194 -0.73500001 0.44800001 10
3.135 -0.73299998 0.69999999 61
3.178 -0.708 0.61699998 9
3.2030001 -0.68300003 0.528 11
3.391 -0.69400001 0.47099999 101
3.128 -0.66000003 0.69099998 49
3.3010001 -0.65700001 0.634 150
3.1789999 -0.60100001 0.51999998 28
3.1589999 -0.56800002 0.43599999 30
3.181 -0.60000002 0.69700003 132
3.1029999 -0.54500002 0.59100002 28
3.112 -0.51300001 0.50400001 38
3.1530001 -0.48800001 0.43200001 38
3.098 -0.51499999 0.67199999 71
3.118 -0.47600001 0.58899999 32
3.175 -0.44600001 0.50999999 35
3.3069999 -0.43099999 0.44999999 150
3.171 -0.45500001 0.68199998 155
3.0999999 -0.40000001 0.58099997 71
3.4030001 -0.396 0.54299998 81
3.3759999 -0.35600001 0.456 66
3.2420001 -0.39199999 0.69099998 150
3.4000001 -0.36000001 0.63200003 132
3.3889999 -0.31400001 0.537 67
1.5140001 -0.122 0.20299999 7
3.408 -0.33700001 0.72000003 95
3.4119999 -0.28299999 0.63 90
1.535 -0.106 0.242 30
1.518 -0.085000001 0.20299999 32
1.548 -0.119 0.324 8
1.544 -0.093000002 0.28299999 34
1.529 -0.068999998 0.23999999 29
1.535 -0.048999999 0.204 57
1.5599999 -0.086000003 0.32499999 33
1.544 -0.057999998 0.28099999 38
1.5369999 -0.034000002 0.23999999 7
1.529 -0.012 0.20299999 61
1.554 -0.050999999 0.32100001 6
2.642 -0.039999999 0.479 84
1.543 0.001 0.23999999 6
1.539 0.024 0.204 59
2.3239999 -0.026000001 0.477 120
2.6459999 0.018999999 0.477 94
1.543 0.037999999 0.23899999 6
1.535 0.061000001 0.20299999 56
2.3280001 0.025 0.47499999 137
2.645 0.079999998 0.47499999 90
1.546 0.075000003 0.23899999 6
1.545 0.1 0.204 54
2.3299999 0.075999998 0.472 136
2.642 0.141 0.472 79
1.5470001 0.111 0.23800001 6
1.544 0.13699999 0.204 57
2.3340001 0.12800001 0.47 139
2.6440001 0.20100001 0.47099999 91
1.544 0.148 0.237 5
1.5470001 0.175 0.205 58
2.3429999 0.18000001 0.47 150
2.6459999 0.26199999 0.47 92
1.549 0.184 0.23800001 5
1.54 0.212 0.204 56
2.3440001 0.23100001 0.46799999 150
2.641 0.32100001 0.46799999 95
1.558 0.223 0.23899999 2
1.543 0.25 0.205 58
2.346 0.28400001 0.46599999 136
2.645 0.38299999 0.46700001 93
1.552 0.259 0.23899999 0
1.536 0.287 0.205 57
2.355 0.338 0.46599999 150
2.652 0.447 0.46700001 85
1.5470001 0.296 0.23800001 0
1.543 0.32800001 0.207 60
2.352 0.39199999 0.46399999 143
2.4860001 0.477 0.43799999 23
2.3039999 0.49900001 0.35499999 16
1.546 0.368 0.208 61
2.352 0.44499999 0.46200001 150
2.365 0.51099998 0.41600001 26
2.0929999 0.505 0.32300001 17
1.549 0.40799999 0.20900001 56
2.3469999 0.498 0.46000001 90
2.1059999 0.505 0.37 17
1.9170001 0.50999999 0.29699999 11
1.549 0.449 0.211 56
2.2279999 0.52399999 0.43599999 39
1.923 0.50700003 0.33899999 21
3.4419999 1.002 0.53600001 90
1.54 0.486 0.211 31
1.955 0.50599998 0.38100001 22
1.765 0.509 0.31099999 20
1.545 0.48899999 0.241 30
1.531 0.52399999 0.212 12
1.798 0.50800002 0.34999999 19
1.557 0.48800001 0.27500001 26
1.5470001 0.52999997 0.243 8
3.4519999 1.277 0.48199999 92
1.568 0.48100001 0.30500001 26
1.553 0.52600002 0.27399999 20
3.4489999 1.275 0.54500002 82
3.454 1.374 0.486 95
1.567 0.51899999 0.30399999 27
3.45 1.258 0.611 88
3.45 1.368 0.54799998 81
3.4489999 1.469 0.491 99
3.454 1.23 0.671 84
3.451 1.348 0.61299998 83
3.45 1.464 0.55199999 86
3.457 1.572 0.49700001 96
3.447 1.3150001 0.66900003 78
3.4460001 1.438 0.61500001 90
3.4560001 1.563 0.55699998 86
3.467 1.677 0.505 114
3.4530001 1.405 0.67199999 84
3.4560001 1.535 0.62 93
3.467 1.666 0.56400001 99
3.4660001 1.78 0.51099998 97
3.4560001 1.497 0.67299998 87
3.4619999 1.633 0.62400001 105
3.4690001 1.7690001 0.56999999 96
3.471 1.8890001 0.51899999 103
3.4679999 1.595 0.676 99
3.4590001 1.73 0.62599999 92
3.474 1.876 0.57599998 88
3.4790001 2.0050001 0.528 108
3.4690001 1.691 0.67699999 92
3.4679999 1.836 0.63200003 99
3.4760001 1.984 0.58200002 101
2.8699999 1.747 0.442 4
3.474 1.791 0.68000001 91
3.4760001 1.944 0.63700002 89
3.1760001 1.914 0.53799999 12
2.723 1.748 0.426 4
3.4790001 1.8940001 0.68300003 84
3.47 2.046 0.64099997 95
2.757 1.751 0.47299999 4
0 0 0 0
3.48 1.997 0.68599999 104
3.474 2.1570001 0.64700001 88
2.6389999 1.763 0.45899999 4
0 0 0 0
3.484 2.1029999 0.69 82
2.6830001 1.752 0.50400001 6
2.0680001 1.4529999 0.36500001 4
0 0 0 0
3.484 2.2119999 0.69300002 56
2.085 1.431 0.396 0
2.4489999 1.809 0.43799999 0
2.4579999 1.933 0.41499999 5
3.4790001 2.322 0.69599998 68
0 0 0 0
2.448 1.899 0.44499999 5
2.4579999 2.0320001 0.42399999 4
2.0699999 1.449 0.41600001 2
0 0 0 0
2.4549999 1.998 0.454 5
2.1289999 1.847 0.375 13
0 0 0 0
2.454 1.947 0.48199999 5
3.5079999 2.9949999 0.66000003 18
3.52 3.2030001 0.63499999 15
0 0 0 0
2.4579999 2.0439999 0.48899999 6
3.513 3.145 0.67400002 23
0 0 0 0
2.4549999 1.979 0.505 1
2.125 1.851 0.428 13
2.075 1.946 0.40599999 3
3.5369999 3.54 0.671 17
3.517 2.9690001 0.73100001 19
3.51 3.2030001 0.71799999 21
3.539 3.4779999 0.70700002 3
3.5380001 3.714 0.69 16
2.118 1.872 0.44400001 5
2.0650001 1.974 0.42899999 0
3.5190001 3.628 0.71899998 23
3.5380001 3.8959999 0.70899999 19
3.5050001 3.244 0.74299997 2
3.53 3.533 0.74599999 15
3.526 3.8099999 0.73699999 16
3.556 4.1100001 0.73400003 18
0 0 0 0
3.523 3.6949999 0.75800002 16
3.5369999 4.0050001 0.75800002 18
3.5610001 4.3189998 0.75800002 18
3.5320001 3.5799999 0.76700002 2
3.5320001 3.8789999 0.77499998 17
3.549 4.2140002 0.77999997 18
3.5739999 4.5500002 0.78600001 18
3.536 3.7520001 0.778 16
3.5420001 4.073 0.79299998 18
3.5569999 4.428 0.80400002 18
3.5869999 4.7930002 0.81699997 19
3.5510001 3.9419999 0.79299998 18
3.55 4.2789998 0.81199998 19
3.5669999 4.6589999 0.829 19
3.543 4.9770002 0.83499998 24
3.5599999 4.1370001 0.80800003 18
3.5650001 4.5040002 0.83399999 19
3.586 4.9180002 0.85900003 20
3.3659999 4.973 0.824 23
3.5639999 4.3429999 0.82200003 19
3.575 4.743 0.85699999 19
3.457 4.9860001 0.85500002 23
3.201 4.9829998 0.81400001 23
3.5769999 4.5679998 0.83999997 18
3.566 4.9650002 0.87699997 23
3.2950001 4.9980001 0.84299999 22
3.0380001 4.9840002 0.80500001 23
3.592 4.8109999 0.86000001 18
3.404 4.9780002 0.86000001 23
3.1289999 4.9990001 0.829 22
2.8829999 4.9910002 0.79799998 28
3.5380001 4.973 0.866 23
3.243 4.987 0.84399998 22
2.9679999 4.9970002 0.81699997 28
2.7360001 5.0040002 0.792 16
3.378 4.9829998 0.84500003 22
3.0840001 4.9899998 0.82700002 27
2.8139999 4.9980001 0.80599999 30
2.572 4.98 0.78100002 5
3.2160001 4.9860001 0.82499999 22
2.9289999 4.994 0.81199998 29
0 0 0 0
2.434 4.9959998 0.77700001 20
3.0550001 4.9879999 0.80400002 22
2.779 5 0.79799998 30
2.523 5.0159998 0.787 3
0.83099997 1.813 0.28 12
2.898 4.9860001 0.78399998 22
0 0 0 0
2.392 5.0489998 0.78299999 8
0 0 0 0
2.7509999 4.9959998 0.76700002 18
2.4820001 5.0019999 0.76999998 4
0.81400001 1.827 0.28 3
0.43200001 1.073 0.163 0
2.615 5.0209999 0.75300002 0
0.838 1.793 0.271 6
0 0 0 0
1.878 5.0019999 0.75800002 2
2.461 5.0050001 0.73400003 21
0 0 0 0
0.419 1.074 0.161 0
0.59200001 1.698 0.25600001 44
0.83600003 1.804 0.259 17
0.435 1.057 0.155 0
0.39500001 1.085 0.161 0
0.551 1.706 0.25600001 71
0 0 0 0
0.41 1.064 0.153 1
0.56999999 1.688 0.249 9
0.505 1.701 0.25400001 76
0.428 1.05 0.14399999 1
0.384 1.072 0.152 0
0.528 1.693 0.24699999 101
0.46399999 1.707 0.25400001 69
0.40099999 1.054 0.142 1
0.35499999 1.067 0.15000001 0
0.491 1.715 0.249 13
0.42300001 1.712 0.25400001 75
0.375 1.057 0.139 1
0.331 1.081 0.15000001 0
0.44499999 1.7 0.245 78
0.38100001 1.711 0.25400001 74
0.34599999 1.054 0.13600001 1
0.30500001 1.084 0.148 0
0.40200001 1.7 0.243 86
0.338 1.7079999 0.25299999 75
0.32100001 1.0599999 0.13500001 1
0.278 1.0829999 0.147 0
0.35800001 1.687 0.23999999 125
0.29899999 1.715 0.25400001 74
0.294 1.058 0.132 1
0.25099999 1.082 0.145 0
0.30700001 1.632 0.23100001 4
0.257 1.712 0.25400001 111
0.26899999 1.0650001 0.131 1
0.22400001 1.0779999 0.14300001 0
0.17900001 1.091 0.154 0
0.22 1.7309999 0.257 9
0.244 1.069 0.12899999 1
0.198 1.082 0.142 0
0.153 1.0880001 0.153 0
0.176 1.7 0.252 150
0.21600001 1.063 0.126 1
0.17200001 1.08 0.14 0
0.127 1.09 0.153 0
0.139 1.737 0.25799999 13
0.192 1.071 0.125 1
0.145 1.074 0.138 1
0.105 1.13 0.15800001 0
0.097999997 1.734 0.25799999 30
0.17399999 1.124 0.13 0
0.122 1.09 0.139 0
0.122 1.739 0.243 3
0.057999998 1.732 0.259 64
0 0 0 0
0.098999999 1.128 0.14300001 0
0.081 1.726 0.241 11
0.017999999 1.733 0.25999999 66
0 0 0 0
0 0 0 0
0.041000001 1.733 0.241 70
-0.025 2.1129999 0.31799999 5
0 0 0 0
0.071999997 1.74 0.21799999 5
0.001 1.7410001 0.242 42
0 0 0 0
0.103 1.729 0.189 10
0.030999999 1.7359999 0.21699999 65
-0.039999999 1.777 0.24699999 2
0 0 0 0
0.061999999 1.73 0.18700001 61
-0.0089999996 1.7309999 0.215 27
0 0 0 0
-0.142 1.753 0.26800001 11
0.021 1.7359999 0.186 73
-0.048999999 1.72 0.213 1
0 0 0 0
-0.182 1.749 0.26800001 64
-0.02 1.783 0.189 2
0 0 0 0
-0.16 1.747 0.244 16
0 0 0 0
0 0 0 0
-0.122 1.618 0.199 3
0 0 0 0
0 0 0 0
-0.066 1.126 0.117 0
-0.17399999 1.758 0.215 11
0 0 0 0
0 0 0 0
-0.14399999 1.748 0.18000001 11
0 0 0 0
0 0 0 0
-0.176 0.89099997 0.14 0
-0.18700001 1.75 0.178 49
-0.25600001 1.75 0.214 2
-0.329 1.768 0.25099999 12
-0.19400001 0.87800002 0.139 0
0 0 0 0
-0.301 1.7640001 0.215 21
-0.37099999 1.763 0.25099999 48
-0.435 1.7690001 0.28400001 2
0 0 0 0
-0.34400001 1.766 0.21600001 53
-0.41299999 1.7640001 0.25299999 55
-0.47799999 1.772 0.287 3
-0.31600001 1.7640001 0.176 12
-0.38600001 1.76 0.215 52
-0.45699999 1.765 0.25400001 55
0 0 0 0
-0.36000001 1.761 0.175 45
-0.42899999 1.761 0.21600001 46
-0.50099999 1.767 0.25600001 62
-0.285 0.89300001 0.147 0
-0.403 1.7589999 0.17399999 47
-0.47600001 1.768 0.21699999 55
-0.546 1.767 0.25799999 54
-0.30899999 0.898 0.15000001 1
-0.449 1.766 0.17399999 48
-0.51899999 1.765 0.21699999 51
-0.59200001 1.771 0.26100001 58
-0.333 0.89999998 0.152 2
-0.495 1.766 0.17399999 52
-0.56599998 1.768 0.21799999 55
-0.639 1.774 0.26300001 53
-0.359 0.90700001 0.155 2
-0.54299998 1.772 0.17399999 55
-0.61299998 1.773 0.22 63
-0.69400001 1.7970001 0.26899999 0
-0.38600001 0.91299999 0.15700001 2
-0.58899999 1.771 0.17399999 52
-0.65600002 1.76 0.219 12
-0.73900002 1.79 0.27000001 59
-0.40700001 0.90600002 0.15800001 3
-0.63700002 1.771 0.17399999 45
-0.71600002 1.7920001 0.22400001 41
0 0 0 0
-0.40900001 0.85799998 0.152 21
-0.699 1.807 0.177 3
-0.76300001 1.788 0.22499999 61
-0.83700001 1.79 0.27599999 19
-0.442 0.875 0.15700001 4
-0.741 1.7869999 0.175 57
-0.815 1.791 0.227 54
-0.89399999 1.802 0.28099999 3
-0.465 0.87099999 0.15899999 1
-0.79500002 1.793 0.176 55
0 0 0 0
-0.94599998 1.801 0.28400001 49
-0.463 0.824 0.152 1
0 0 0 0
-0.926 1.804 0.233 15
-0.99800003 1.799 0.28799999 61
-0.412 0.69499999 0.13 0
-0.903 1.798 0.178 11
-0.97799999 1.801 0.234 57
-1.056 1.8049999 0.292 27
0 0 0 0
-0.958 1.799 0.17900001 51
-1.039 1.811 0.23800001 55
0 0 0 0
0 0 0 0
-1.018 1.8049999 0.18000001 59
0 0 0 0
-1.179 1.817 0.303 16
-0.45100001 0.65600002 0.12899999 0
0 0 0 0
-1.158 1.8150001 0.244 11
-1.237 1.8150001 0.30700001 59
0 0 0 0
-0.88099998 1.399 0.142 1
-0.95200002 1.416 0.193 165
-1.3 1.816 0.31200001 24
-1.444 1.91 0.391 0
-1.189 1.793 0.183 10
-0.89700001 1.27 0.175 6
-1.661 2.2119999 0.38699999 8
-1.484 1.875 0.391 2
-1.262 1.8049999 0.186 13
-0.884 1.192 0.167 8
-1.7 2.1600001 0.384 12
0 0 0 0
-0.94199997 1.281 0.134 2
-0.88700002 1.138 0.162 5
-1.758 2.131 0.38699999 8
0 0 0 0
-1.002 1.296 0.13699999 1
-0.889 1.087 0.15700001 46
-1.7589999 2.0350001 0.37599999 3
-0.89600003 0.98799998 0.219 4
-1.1059999 1.36 0.146 3
0 0 0 0
-0.89700001 0.991 0.18700001 25
-0.92400002 0.97500002 0.221 12
0 0 0 0
-0.89899999 0.99900001 0.15000001 8
-0.93099999 0.98299998 0.189 11
-0.97299999 0.98100001 0.228 12
-0.98100001 1.095 0.121 7
-0.93699998 0.99400002 0.152 9
-0.97500002 0.98299998 0.193 11
-1.02 0.98400003 0.234 4
-1.035 1.1 0.123 1
-0.98799998 1 0.156 8
-1.021 0.98299998 0.198 12
-1.735 1.6 0.38999999 13
-1.067 1.08 0.123 8
-1.021 0.986 0.15700001 12
-1.068 0.98299998 0.20299999 12
-1.7410001 1.5369999 0.384 6
-1.119 1.08 0.126 9
-1.0829999 0.99699998 0.162 12
-1.124 0.98799998 0.20900001 11
-1.187 1.001 0.257 55
-1.174 1.079 0.12899999 14
-1.126 0.98900002 0.16500001 12
-1.182 0.99199998 0.215 60
-1.238 0.99800003 0.26300001 58
-1.222 1.069 0.13 21
-1.201 1.006 0.17200001 57
-1.238 0.99199998 0.221 13
-1.895 1.46 0.396 14
-1.251 1.0420001 0.13 107
-1.256 1.003 0.177 59
-2.3239999 1.777 0.40799999 9
-1.959 1.441 0.403 8
-2.3150001 1.835 0.236 64
0 0 0 0
-2.3329999 1.702 0.403 24
-2.26 1.587 0.458 3
-4.0370002 3.0439999 0.403 16
0 0 0 0
-2.302 1.6 0.391 7
-1.91 1.279 0.38100001 2
-2.2920001 1.642 0.22400001 4
-2.2939999 1.581 0.30500001 16
-4.8119998 3.1849999 0.80500001 5
-1.993 1.271 0.39199999 12
-2.293 1.561 0.22 55
-4.822 3.158 0.63 12
-4.8940001 3.0810001 0.80599999 12
-2.0580001 1.249 0.39899999 22
-1.582 1.021 0.149 20
-4.868 3.0280001 0.62599999 6
-4.8940001 2.927 0.79400003 1
-2.158 1.2460001 0.41299999 13
-1.573 0.96200001 0.145 12
-4.8860002 2.882 0.61900002 13
-4.8889999 2.776 0.78299999 13
-4.9029999 2.6900001 0.92799997 11
-1.572 0.91000003 0.14300001 19
-4.8870001 2.7290001 0.61000001 13
-4.8889999 2.631 0.773 13
-4.895 2.546 0.91500002 13
-1.5650001 0.85600001 0.14 18
-4.8850002 2.5799999 0.60100001 12
-4.888 2.49 0.76300001 12
-4.8870001 2.4059999 0.903 13
-1.5700001 0.81 0.139 18
-4.8930001 2.4400001 0.59500003 12
-4.8899999 2.3510001 0.75400001 12
-4.915 2.2869999 0.898 0
-1.566 0.75999999 0.13699999 21
-4.8899999 2.296 0.58700001 12
-4.9070001 2.224 0.74800003 8
-4.9029999 2.151 0.88599998 13
-1.563 0.713 0.13500001 18
-4.8969998 2.1600001 0.58099997 12
-4.9050002 2.0910001 0.74000001 13
-1.566 0.64600003 0.28 62
-1.62 0.69199997 0.138 15
-1.566 0.64700001 0.183 40
-1.601 0.639 0.23899999 35
-1.632 0.63200003 0.289 34
-1.681 0.67000002 0.142 20
-1.658 0.63999999 0.192 39
-8.1009998 3.026 1.197 1
-1.9529999 0.70700002 0.34200001 2
-1.7690001 0.65600002 0.148 28
-1.7640001 0.634 0.20299999 32
-1.8279999 0.63599998 0.26699999 11
-1.839 0.62 0.31999999 80
-1.8660001 0.64099997 0.155 30
-1.883 0.62699997 0.215 31
0 0 0 0
0 0 0 0
0 0 0 0
0 0 0 0
-7.6880002 2.29 1.107 21
0 0 0 0
0 0 0 0
0 0 0 0
-7.7399998 2.1159999 1.105 1
-7.105 1.886 1.206 8
-7.1149998 1.88 0.58200002 5
-7.2069998 1.851 0.80500001 3
-7.1350002 1.777 1.012 96
-7.256 1.757 1.222 2
-7.4130001 1.767 0.60399997 0
-7.7719998 1.804 0.86299998 1
-8.283 1.8660001 1.166 3
-8.3570004 1.831 1.398 27
-8.3520002 1.778 0.67799997 128
-8.3839998 1.738 0.92500001 39
-8.7530003 1.765 1.225 11
-4.7550001 0.93199998 0.79000002 44
-11.034 2.073 0.89399999 1
-10.995 2.013 1.2079999 2
-3.1559999 0.56199998 0.43900001 4
-3.1400001 0.54400003 0.51800001 36
-4.7709999 0.77600002 0.38600001 2
-4.7179999 0.75099999 0.51599997 6
-4.7480001 0.73500001 0.65700001 71
-4.7270002 0.713 0.77499998 50
-3.085 0.426 0.249 34
-3.076 0.41600001 0.33500001 39
-3.0610001 0.403 0.421 45
-3.052 0.39199999 0.498 36
-3.0999999 0.352 0.25 43
-3.0699999 0.34099999 0.333 39
-3.04 0.33000001 0.41600001 40
-3.0079999 0.31900001 0.48800001 42
-10.967 0.97600001 0.88599998 23
-3.168 0.278 0.34299999 6
-3.0350001 0.26100001 0.414 39
-2.9760001 0.25 0.47999999 43
-2.9630001 0.192 0.23999999 35
-2.934 0.18799999 0.317 40
-2.927 0.185 0.398 41
-2.925 0.18099999 0.47 45
-2.918 0.118 0.237 48
-2.925 0.119 0.31600001 49
-2.9230001 0.118 0.396 46
-2.931 0.117 0.46900001 49
-8.5699997 0.14 0.69800001 2
-8.5450001 0.149 0.92299998 22
-8.552 0.153 1.156 23
-2.885 0.052000001 0.45899999 38
-8.5699997 -0.064999998 0.70099998 4
-8.5349998 -0.048999999 0.92199999 73
-8.5360003 -0.039000001 1.151 63
-8.552 -0.032000002 1.357 5
-8.5629997 -0.271 0.70300001 6
-8.5489998 -0.25 0.92400002 4
-8.5439997 -0.23100001 1.15 7
-8.5710001 -0.22 1.3559999 5
-8.4689999 -0.47400001 0.699 7
-8.4469995 -0.44499999 0.91399997 7
-8.4519997 -0.42199999 1.136 3
-8.3479996 -0.39700001 1.317 6
-8.467 -0.67799997 0.704 6
-6.4720001 -0.49200001 0.70099998 2
-8.4960003 -0.616 1.14 3
-8.4560003 -0.58999997 1.329 5
0 0 0 0
-5.6539998 -0.56300002 0.61400002 0
-5.5949998 -0.53299999 0.75 14
-8.4630003 -0.77700001 1.327 2
0 0 0 0
-8.526 -1.05 0.92900002 1
-5.691 -0.671 0.764 1
-4.902 -0.55800003 0.76700002 8
0 0 0 0
-8.5740004 -1.2589999 0.93699998 24
-8.493 -1.198 1.1390001 3
-4.9510002 -0.67400002 0.77399999 1
-11.103 -1.975 0.95300001 1
-11.144 -1.903 1.223 1
-11.167 -1.8329999 1.499 1
-4.164 -0.66100001 0.64899999 9
0 0 0 0
0 0 0 0
0 0 0 0
0 0 0 0
0 0 0 0
0 0 0 0
0 0 0 0
0 0 0 0
-2.619 -0.66299999 0.23199999 10
-2.632 -0.64200002 0.29300001 11
-2.6459999 -0.62099999 0.35699999 7
0 0 0 0
-2.473 -0.68900001 0.222 6
-2.444 -0.65600002 0.27399999 7
-2.477 -0.63999999 0.33500001 7
-2.543 -0.63599998 0.39500001 10
-2.3829999 -0.72600001 0.21600001 4
-2.4519999 -0.72000003 0.27700001 6
-2.4679999 -0.69800001 0.33399999 6
-2.473 -0.676 0.38499999 7
-8.5489998 -2.832 0.78799999 1
-2.47 -0.78799999 0.28099999 0
-2.401 -0.73799998 0.32600001 0
-2.4230001 -0.72000003 0.377 4
0 0 0 0
-8.6230001 -2.9749999 0.99000001 4
-8.6190004 -2.8640001 1.177 6
0 0 0 0
0 0 0 0
0 0 0 0
-5.0380001 -1.801 0.69099998 0
0 0 0 0
0 0 0 0
0 0 0 0
-4.895 -1.876 0.67400002 0
-4.9499998 -1.835 0.77399999 0
0 0 0 0
0 0 0 0
0 0 0 0
-4.882 -1.933 0.76499999 0
0 0 0 0
0 0 0 0
0 0 0 0
0 0 0 0
0 0 0 0
-1.562 -0.75099999 0.18799999 1
0 0 0 0
0 0 0 0
-8.6689997 -4.586 0.898 17
0 0 0 0
0 0 0 0
0 0 0 0
-8.665 -4.8530002 0.91500002 19
0 0 0 0
0 0 0 0
0 0 0 0
-8.6859999 -5.138 0.93599999 16
0 0 0 0
0 0 0 0
0 0 0 0
-8.6780005 -5.4169998 0.95499998 19
0 0 0 0
-1.308 -0.75599998 0.189 1
0 0 0 0
-8.7010002 -5.7189999 0.97899997 20
0 0 0 0
0 0 0 0
0 0 0 0
-8.7250004 -6.0380001 1.0039999 18
0 0 0 0
0 0 0 0
0 0 0 0
-8.7679996 -6.3790002 1.033 2
0 0 0 0
0 0 0 0
-1.159 -0.75199997 0.18799999 1
0 0 0 0
0 0 0 0
0 0 0 0
-1.135 -0.773 0.185 1
-0.93300003 -0.74800003 0.115 0
-8.7930002 -6.7800002 1.212 4
0 0 0 0
0 0 0 0
0 0 0 0
0 0 0 0
0 0 0 0
0 0 0 0
0 0 0 0
0 0 0 0
0 0 0 0
0 0 0 0
-8.802 -8.1490002 1.182 16
0 0 0 0
0 0 0 0
-0.95099998 -0.77999997 0.16 0
-8.8079996 -8.5489998 1.2180001 15
-8.8269997 -8.2089996 1.317 6
0 0 0 0
0 0 0 0
-8.823 -8.9750004 1.257 15
-8.9180002 -8.684 1.3609999 1
0 0 0 0
0 0 0 0
-8.8280001 -9.4110003 1.298 16
0 0 0 0
0 0 0 0
0 0 0 0
-8.8760004 -9.9209995 1.347 8
0 0 0 0
0 0 0 0
0 0 0 0
-8.9139996 -10.446 1.399 3
0 0 0 0
0 0 0 0
0 0 0 0
-8.9130001 -10.951 1.449 5
0 0 0 0
0 0 0 0
0 0 0 0
-8.8950005 -11.465 1.498 9
0 0 0 0
0 0 0 0
0 0 0 0
-8.9320002 -12.09 1.561 10
0 0 0 0
0 0 0 0
0 0 0 0
0 0 0 0
0 0 0 0
0 0 0 0
0 0 0 0
0 0 0 0
0 0 0 0
0 0 0 0
0 0 0 0
0 0 0 0
0 0 0 0
0 0 0 0
0 0 0 0
0 0 0 0
0 0 0 0
0 0 0 0
0 0 0 0
0 0 0 0
0 0 0 0
0 0 0 0
0 0 0 0
0 0 0 0
0 0 0 0
-7.5770001 -12.406 1.613 2
0 0 0 0
0 0 0 0
0 0 0 0
0 0 0 0
0 0 0 0
0 0 0 0
0 0 0 0
0 0 0 0
0 0 0 0
0 0 0 0
0 0 0 0
0 0 0 0
0 0 0 0
0 0 0 0
0 0 0 0
0 0 0 0
0 0 0 0
0 0 0 0
0 0 0 0
0 0 0 0
0 0 0 0
0 0 0 0
0 0 0 0
0 0 0 0
0 0 0 0
0 0 0 0
0 0 0 0
0 0 0 0
0 0 0 0
0 0 0 0
0 0 0 0
0 0 0 0
0 0 0 0
0 0 0 0
0 0 0 0
0 0 0 0
0 0 0 0
0 0 0 0
0 0 0 0
0 0 0 0
0 0 0 0
0 0 0 0
0 0 0 0
0 0 0 0
0 0 0 0
0 0 0 0
0 0 0 0
0 0 0 0
0 0 0 0
0 0 0 0
0 0 0 0
0 0 0 0
0 0 0 0
0 0 0 0
0 0 0 0
0 0 0 0
0 0 0 0
0 0 0 0
0 0 0 0
0 0 0 0
0 0 0 0
0 0 0 0
0 0 0 0
0 0 0 0
-5.9889998 -28.235001 2.5869999 7
0 0 0 0
0 0 0 0
0 0 0 0
-5.3299999 -28.290001 2.539 7
0 0 0 0
0 0 0 0
0 0 0 0
-4.6669998 -28.309999 2.4890001 8
0 0 0 0
0 0 0 0
-2.4630001 -21.245001 2.0480001 3
0 0 0 0
0 0 0 0
0 0 0 0
0 0 0 0
0 0 0 0
-0.19400001 -12.767 1.525 2
0 0 0 0
-1.978 -28.409 2.677 6
-2.6919999 -28.374001 2.349 10
0 0 0 0
0 0 0 0
0 0 0 0
-2.0309999 -28.388 2.303 8
0 0 0 0
0 0 0 0
0 0 0 0
0 0 0 0
0 0 0 0
0.64399999 -24.183001 2.5639999 4
0 0 0 0
0 0 0 0
1.851 -24.52 2.9760001 6
1.211 -24.516001 2.595 4
0.53399998 -24.205999 2.1919999 4
0 0 0 0
2.4119999 -24.525 2.9909999 10
1.7690001 -24.497 2.5910001 5
1.102 -24.5 2.1989999 7
0.583 -28.518 2.1470001 7
0 0 0 0
2.3429999 -24.591999 2.5999999 5
1.671 -24.580999 2.188 4
1.0190001 -23.299999 1.721 5
0 0 0 0
0 0 0 0
2.223 -24.438 2.1589999 23
0 0 0 0
0 0 0 0
0 0 0 0
0 0 0 0
0 0 0 0
0 0 0 0
0 0 0 0
0 0 0 0
0 0 0 0
3.0369999 -14.212 1.786 2
0 0 0 0
0 0 0 0
0 0 0 0
3.0220001 -12.739 1.612 2
3.016 -14.244 1.511 4
0 0 0 0
0 0 0 0
3.108 -11.897 1.516 4
3.0020001 -12.745 1.355 1
3.03 -14.512 1.239 3
0 0 0 0
1.766 -6.1919999 0.79500002 0
3.092 -11.908 1.2690001 3
2.974 -12.77 1.084 1
0 0 0 0
3.155 -10.191 1.3200001 5
1.758 -6.1859999 0.66100001 0
3.075 -11.953 1.01 3
0 0 0 0
3.1730001 -9.4870005 1.239 9
3.148 -10.195 1.0930001 5
1.743 -6.177 0.51899999 1
3.1040001 -12.023 0.76200002 4
3.2019999 -8.9069996 1.174 6
3.1830001 -9.5340004 1.026 5
0 0 0 0
3.1289999 -11.041 0.68800002 3
3.2160001 -8.3579998 1.112 8
3.187 -8.8719997 0.95899999 6
0 0 0 0
3.158 -10.23 0.62800002 6
3.2379999 -7.8850002 1.059 8
3.2130001 -8.3409996 0.90499997 5
3.197 -8.9250002 0.74199998 4
3.184 -9.5179996 0.57599998 8
3.256 -7.454 1.012 6
3.2190001 -7.822 0.85399997 2
3.211 -8.3450003 0.69199997 7
3.2 -8.8710003 0.52899998 7
3.1530001 -6.7979999 0.93199998 0
1.811 -4.1329999 0.454 0
3.2249999 -7.8410001 0.64899999 9
3.2290001 -8.3360004 0.48899999 7
3.2639999 -6.6459999 0.921 10
0 0 0 0
3.2650001 -7.4439998 0.61500001 3
3.24 -7.8119998 0.45199999 11
3.276 -6.3119998 0.88499999 9
0 0 0 0
0 0 0 0
3.296 -7.4489999 0.42500001 1
3.2750001 -5.9790001 0.84799999 8
3.2809999 -6.2839999 0.704 7
0 0 0 0
0 0 0 0
0 0 0 0
3.2880001 -5.9650002 0.67299998 12
3.2650001 -6.2290001 0.51300001 11
0 0 0 0
0.49599999 -0.81800002 0.119 0
0 0 0 0
3.28 -5.9219999 0.48899999 14
3.2780001 -6.1859999 0.33899999 9
0 0 0 0
0 0 0 0
0 0 0 0
3.286 -5.8639998 0.31799999 8
0 0 0 0
0 0 0 0
0 0 0 0
0 0 0 0
3.319 -4.7270002 0.71600002 14
0 0 0 0
0 0 0 0
0 0 0 0
3.322 -4.5149999 0.69400001 13
3.3110001 -4.665 0.55199999 15
3.306 -4.8449998 0.403 14
0 0 0 0
3.3299999 -4.322 0.67500001 13
3.3280001 -4.4710002 0.53500003 15
3.319 -4.6300001 0.38699999 15
3.3169999 -4.7930002 0.248 12
3.3329999 -4.1339998 0.65600002 14
3.3310001 -4.27 0.51700002 15
3.323 -4.415 0.37 15
3.3269999 -4.5700002 0.234 12
3.3369999 -3.957 0.639 13
3.336 -4.079 0.5 15
3.3310001 -4.2199998 0.35600001 14
3.3310001 -4.3559999 0.221 14
3.342 -3.79 0.62199998 14
3.335 -3.8959999 0.484 14
3.3340001 -4.027 0.34200001 15
3.329 -4.145 0.208 13
3.3510001 -3.635 0.60699999 14
3.349 -3.7360001 0.47099999 14
3.3410001 -3.8469999 0.329 14
3.3280001 -3.948 0.197 14
3.3529999 -3.4779999 0.59200001 14
3.3499999 -3.5710001 0.45699999 14
3.3540001 -3.6860001 0.317 14
3.3469999 -3.7820001 0.18700001 14
3.3559999 -3.3310001 0.57800001 14
3.359 -3.4200001 0.44400001 14
3.3570001 -3.5209999 0.30599999 14
3.3510001 -3.6099999 0.177 13
3.3659999 -3.197 0.56599998 13
3.3559999 -3.266 0.43099999 14
3.3570001 -3.3610001 0.29499999 14
3.359 -3.45 0.168 13
3.3599999 -3.053 0.55199999 13
3.3540001 -3.119 0.419 18
3.3340001 -3.1849999 0.28200001 13
3.368 -3.299 0.16 12
3.3629999 -2.9230001 0.53899997 13
3.369 -2.9949999 0.41 17
3.3640001 -3.0680001 0.27500001 17
3.3640001 -3.141 0.152 14
3.3699999 -2.8 0.52899998 13
3.3759999 -2.865 0.40000001 17
3.3670001 -2.9300001 0.266 16
3.3889999 -3.0150001 0.145 10
3.372 -2.6800001 0.51800001 12
3.368 -2.73 0.389 16
3.3699999 -2.7969999 0.25799999 16
3.3800001 -2.8670001 0.138 9
3.3710001 -2.559 0.50700003 12
3.3759999 -2.612 0.38100001 16
3.3759999 -2.671 0.25 16
3.388 -2.7349999 0.131 10
3.3870001 -2.4560001 0.49900001 11
3.3870001 -2.4990001 0.37200001 11
3.3740001 -2.5439999 0.242 15
3.3929999 -2.609 0.125 10
3.388 -2.345 0.48899999 11
3.3929999 -2.3870001 0.36399999 13
3.3959999 -2.4389999 0.236 15
3.404 -2.49 0.119 9
3.3889999 -2.237 0.47999999 10
3.4000001 -2.2780001 0.35699999 14
3.3959999 -2.3210001 0.23 15
2.9089999 -2.023 0.097000003 0
3.391 -2.132 0.47099999 11
3.4030001 -2.1700001 0.34900001 16
3.3900001 -2.201 0.222 14
2.924 -1.931 0.093000002 0
3.3929999 -2.03 0.463 11
3.3970001 -2.059 0.34099999 16
3.3940001 -2.0929999 0.21699999 15
3.4319999 -2.1489999 0.104 0
3.398 -1.933 0.45500001 10
3.391 -1.952 0.33399999 17
3.3870001 -1.98 0.20999999 17
3.3440001 -1.984 0.097000003 11
3.3989999 -1.835 0.447 9
3.266 -1.783 0.315 12
3.187 -1.765 0.192 11
3.2379999 -1.818 0.090000004 12
3.3940001 -1.738 0.43900001 8
3.2650001 -1.687 0.308 12
3.197 -1.674 0.18799999 12
2.9059999 -1.54 0.077 6
3.3900001 -1.642 0.43099999 6
3.2720001 -1.597 0.303 12
3.204 -1.5829999 0.184 12
2.9130001 -1.455 0.074000001 6
3.349 -1.5319999 0.419 1
2.908 -1.339 0.264 6
3.0150001 -1.403 0.168 9
2.918 -1.3710001 0.071000002 6
3.381 -1.4579999 0.41600001 9
3.266 -1.414 0.29100001 12
3.178 -1.3890001 0.17299999 11
2.914 -1.284 0.068000004 6
3.3510001 -1.359 0.40599999 9
3.243 -1.318 0.28400001 12
3.3959999 -1.39 0.18099999 18
2.928 -1.207 0.066 7
3.24 -1.2309999 0.38600001 10
2.921 -1.1109999 0.25099999 14
2.928 -1.119 0.152 14
2.9170001 -1.1210001 0.063000001 9
3.2149999 -1.141 0.37799999 10
3.1689999 -1.123 0.26800001 10
2.934 -1.043 0.149 13
2.9219999 -1.043 0.061000001 10
3.404 -1.125 0.39399999 7
3.3529999 -1.103 0.278 7
3.3629999 -1.108 0.168 7
3.1949999 -1.054 0.064000003 1
3.4319999 -1.051 0.391 6
3.4159999 -1.038 0.27900001 5
3.4300001 -1.041 0.167 7
3.4100001 -1.035 0.066 0
3.4170001 -0.96399999 0.384 92
3.4159999 -0.95499998 0.27500001 96
3.418 -0.95099998 0.163 105
3.4230001 -0.949 0.063000001 10
2.9200001 -0.755 0.32300001 149
2.9879999 -0.76099998 0.236 165
2.925 -0.74000001 0.13699999 110
2.924 -0.73500001 0.052000001 107
2.9189999 -0.68599999 0.31900001 72
2.924 -0.67500001 0.228 95
2.924 -0.667 0.134 100
2.925 -0.66100001 0.050999999 103
2.9189999 -0.61900002 0.31400001 72
2.925 -0.60600001 0.22400001 100
2.9349999 -0.597 0.132 111
2.9319999 -0.588 0.048999999 111
2.9189999 -0.55199999 0.31 84
2.9319999 -0.537 0.221 97
2.9360001 -0.52600002 0.13 108
2.934 -0.51499999 0.046999998 112
2.9200001 -0.486 0.30599999 76
2.9319999 -0.46900001 0.21799999 97
2.9349999 -0.454 0.127 99
2.9400001 -0.44299999 0.046 122
2.925 -0.421 0.303 81
2.931 -0.40099999 0.215 109
2.937 -0.38499999 0.126 108
2.937 -0.37 0.045000002 107
2.925 -0.35499999 0.29899999 88
2.938 -0.333 0.213 104
2.9360001 -0.315 0.124 108
2.9419999 -0.29800001 0.044 118
2.9300001 -0.28999999 0.29499999 88
1.4809999 -0.134 0.106 6
1.465 -0.122 0.059999999 39
1.455 -0.112 0.021 35
1.487 -0.114 0.148 31
1.479 -0.098999999 0.104 30
1.47 -0.086999997 0.059999999 9
1.462 -0.077 0.02 8
1.49 -0.081 0.146 7
1.4910001 -0.066 0.104 9
1.476 -0.052999999 0.059 12
2.948 -0.083999999 0.041000001 31
1.505 -0.048999999 0.146 56
1.497 -0.032000002 0.103 57
1.473 -0.017999999 0.057999998 13
2.957 -0.013 0.039999999 143
1.506 -0.015 0.14399999 14
1.492 0.001 0.101 11
1.48 0.016000001 0.057999998 12
2.961 0.057999998 0.039999999 137
1.513 0.017000001 0.14300001 23
1.497 0.035 0.1 57
1.478 0.050000001 0.057 13
2.954 0.13 0.039000001 119
1.51 0.050000001 0.141 53
1.4910001 0.068999998 0.098999999 13
1.4859999 0.086000003 0.057 12
2.9630001 0.20299999 0.037999999 115
1.506 0.083999999 0.139 12
1.493 0.103 0.097999997 11
1.488 0.121 0.056000002 12
2.964 0.27500001 0.037999999 123
1.51 0.117 0.138 35
1.5 0.138 0.097000003 57
1.48 0.156 0.055 13
2.9619999 0.347 0.037999999 112
1.508 0.15099999 0.13600001 12
1.4910001 0.17200001 0.096000001 11
1.4859999 0.192 0.055 12
2.967 0.41999999 0.037999999 113
1.511 0.185 0.13500001 28
1.494 0.207 0.094999999 55
1.49 0.228 0.055 13
2.6129999 0.435 0.033 21
1.5140001 0.22 0.134 22
1.4960001 0.242 0.093999997 13
1.488 0.264 0.054000001 12
2.9660001 0.56800002 0.037 117
1.515 0.25400001 0.132 24
1.499 0.278 0.093000002 65
1.487 0.30000001 0.054000001 13
2.9760001 0.64499998 0.037999999 103
1.515 0.289 0.131 39
1.495 0.31299999 0.092 13
1.489 0.33700001 0.052999999 12
2.971 0.72000003 0.037999999 99
1.513 0.324 0.12899999 30
1.5039999 0.35100001 0.092 58
1.4859999 0.37400001 0.052999999 53
2.971 0.79699999 0.037999999 100
1.5140001 0.359 0.12800001 25
1.506 0.38800001 0.090999998 56
1.49 0.41299999 0.052999999 14
2.9860001 0.87900001 0.037999999 113
1.5140001 0.39500001 0.127 52
1.5140001 0.42699999 0.090999998 56
1.488 0.44999999 0.052999999 35
1.466 0.47 0.018999999 36
1.518 0.43200001 0.126 53
1.487 0.45699999 0.089000002 26
1.479 0.486 0.052000001 30
1.471 0.51099998 0.018999999 9
1.499 0.463 0.123 26
1.495 0.49700001 0.089000002 33
2.9760001 1.056 0.105 84
2.9849999 1.119 0.039999999 85
1.5089999 0.50400001 0.122 33
2.9760001 1.066 0.175 82
2.9860001 1.14 0.105 79
2.9920001 1.206 0.041000001 100
2.984 1.071 0.23999999 76
2.984 1.147 0.175 79
2.9879999 1.222 0.105 88
2.9909999 1.29 0.041999999 91
2.98 1.145 0.237 93
2.9820001 1.226 0.17299999 94
2.9289999 1.279 0.103 150
2.9960001 1.3789999 0.043000001 88
2.984 1.224 0.235 86
2.9860001 1.308 0.17299999 84
2.9949999 1.393 0.106 81
2.993 1.466 0.044 92
2.984 1.303 0.233 82
2.994 1.3940001 0.17200001 84
2.994 1.48 0.106 78
2.9949999 1.558 0.045000002 86
2.993 1.388 0.23100001 88
2.993 1.478 0.171 78
2.993 1.568 0.106 73
3.0090001 1.659 0.046999998 99
2.9949999 1.47 0.229 75
2.9920001 1.5650001 0.17 81
2.9990001 1.6619999 0.107 90
2.99 1.743 0.048 24
2.9949999 1.5549999 0.227 79
3.0009999 1.658 0.17 91
2.9749999 1.742 0.107 31
2.793 1.72 0.046 4
3.003 1.645 0.226 89
2.993 1.7460001 0.169 50
2.7969999 1.728 0.101 4
2.665 1.732 0.046 4
2.9979999 1.7309999 0.223 73
2.816 1.73 0.15899999 4
2.668 1.737 0.097000003 4
2.0780001 1.4220001 0.037 12
2.835 1.724 0.20900001 4
2.681 1.734 0.15000001 4
2.0710001 1.419 0.075999998 14
2.48 1.7869999 0.046 0
2.7079999 1.7309999 0.198 4
2.066 1.405 0.116 7
0 0 0 0
2.471 1.872 0.048 5
0 0 0 0
0 0 0 0
0 0 0 0
2.3099999 1.84 0.046999998 7
0 0 0 0
0 0 0 0
2.471 1.9630001 0.093999997 5
3.04 2.5420001 0.064000003 73
2.4590001 1.817 0.17399999 5
2.474 1.944 0.138 5
3.039 2.533 0.117 28
3.0480001 2.677 0.067000002 69
2.47 1.913 0.17399999 5
2.2309999 1.8380001 0.124 13
3.0409999 2.658 0.119 44
2.1029999 1.938 0.048999999 8
2.2349999 1.813 0.156 17
3.04 2.6259999 0.17 62
2.1070001 1.932 0.083999999 0
3.5510001 3.4349999 0.086000003 4
3.039 2.582 0.20999999 56
3.036 2.747 0.17 55
0 0 0 0
3.5580001 3.6110001 0.090999998 15
3.0409999 2.7049999 0.208 52
0 0 0 0
0 0 0 0
3.5599999 3.79 0.096000001 17
2.082 1.938 0.141 5
0 0 0 0
3.5510001 3.7509999 0.15000001 16
2.8989999 3.24 0.082000002 12
3.5610001 3.4690001 0.23999999 12
3.5539999 3.6930001 0.20100001 16
2.9289999 3.243 0.126 12
2.832 3.3199999 0.085000001 12
3.556 3.6240001 0.237 16
2.9579999 3.22 0.168 3
2.8440001 3.302 0.126 15
2.76 3.3970001 0.086999997 10
3.5599999 3.796 0.236 16
2.8729999 3.277 0.164 16
3.0899999 3.767 0.14 13
2.211 2.859 0.074000001 150
2.914 3.2550001 0.191 12
2.927 3.4990001 0.168 14
2.2349999 2.858 0.104 9
2.609 3.546 0.092 10
2.835 3.316 0.184 12
3.0650001 3.842 0.177 14
2.898 3.891 0.139 16
2.54 3.632 0.094999999 9
3.119 3.8210001 0.20100001 14
2.194 2.885 0.12800001 83
2.845 4.013 0.14 14
2.477 3.727 0.098999999 9
2.227 2.8599999 0.142 41
2.885 3.9809999 0.17 16
2.7550001 4.086 0.14 14
2.4649999 3.9070001 0.105 6
2.447 3.2950001 0.155 150
2.8010001 4.0599999 0.167 15
2.6719999 4.1719999 0.141 14
2.4719999 4.132 0.113 10
2.3670001 3.3429999 0.149 150
2.7190001 4.1430001 0.164 14
2.576 4.2379999 0.141 14
2.4419999 4.3150001 0.119 13
2.296 3.4059999 0.14300001 43
2.622 4.2049999 0.16 14
2.4860001 4.3169999 0.142 14
0 0 0 0
2.2279999 3.4749999 0.138 2
2.5309999 4.2800002 0.15700001 14
0.61299998 1.126 0.035999998 0
0 0 0 0
2.585 4.243 0.15899999 14
2.444 4.3590002 0.154 14
0 0 0 0
0 0 0 0
2.4990001 4.323 0.152 13
0.59799999 1.128 0.037999999 0
0 0 0 0
2.0539999 4.5960002 0.134 14
0 0 0 0
0 0 0 0
0.80500001 1.761 0.055 2
1.643 3.9260001 0.116 6
0 0 0 0
0 0 0 0
1.765 4.1149998 0.12800001 18
1.3789999 3.527 0.106 16
0 0 0 0
2.0369999 4.586 0.14 14
1.692 4.2199998 0.13 12
0.616 1.692 0.050999999 1
0.81099999 1.76 0.048 2
1.633 3.9200001 0.116 6
1.602 4.2820001 0.131 2
0.59100002 1.753 0.054000001 7
1.687 3.8959999 0.097999997 13
1.37 3.5220001 0.1 12
0.60000002 1.727 0.052000001 14
1.553 4.993 0.15700001 32
1.7130001 4.2199998 0.098999999 6
0.61699998 1.701 0.046999998 1
1.604 4.9910002 0.15099999 30
1.427 5 0.16 35
1.344 3.546 0.077 0
0.58600003 1.742 0.046 11
1.479 5.0019999 0.15000001 33
0.69999999 2.691 0.086999997 12
0.61000001 1.729 0.035 9
1.549 4.987 0.12800001 38
1.214 4.4899998 0.134 2
0.59600002 2.5350001 0.082999997 4
1.636 5.0029998 0.093000002 26
1.421 4.9790001 0.124 42
0.65799999 2.6819999 0.079999998 15
0.45300001 2.155 0.071999997 25
1.505 4.9959998 0.085000001 34
0.70300001 2.7030001 0.064999998 5
0.58200002 2.638 0.078000002 0
0.477 2.5639999 0.086999997 16
0.66100001 2.3940001 0.037 0
0.648 2.75 0.064000003 3
0.44400001 2.2650001 0.067000002 154
0.414 2.562 0.089000002 4
1.094 4.3520002 0.061000001 52
0.54100001 2.562 0.057999998 67
0.44499999 2.5869999 0.077 21
0.354 2.5699999 0.090999998 12
0.61000001 2.6900001 0.034000002 5
0.51200002 2.7409999 0.059999999 45
0.389 2.632 0.078000002 19
0.294 2.579 0.093000002 19
0.442 2.187 0.024 0
0.44299999 2.721 0.057999998 4
0.32699999 2.6270001 0.078000002 38
0.234 2.5840001 0.094999999 21
0.759 4.2600002 0.041999999 36
0.389 2.8 0.057 23
0.266 2.638 0.079000004 19
0 0 0 0
0.66600001 4.3239999 0.037 38
0.331 2.875 0.057 4
0 0 0 0
0 0 0 0
0.37 2.8380001 0.02 5
0.242 2.6429999 0.050999999 17
0 0 0 0
0 0 0 0
0.53399998 5.0029998 0.029999999 14
0 0 0 0
0 0 0 0
-0.0049999999 1.726 0.068000004 15
0.219 2.6440001 0.012 8
0 0 0 0
0.016000001 2.3729999 0.071999997 9
0 0 0 0
0 0 0 0
0 0 0 0
-0.028000001 1.723 0.052000001 8
-0.052999999 1.08 0.044 0
0 0 0 0
-0.003 1.7309999 0.028999999 67
0 0 0 0
-0.078000002 1.0779999 0.045000002 0
0 0 0 0
0 0 0 0
-0.068999998 1.095 0.033 1
0 0 0 0
-0.018999999 1.722 0 56
-0.052999999 1.097 0.017000001 3
0 0 0 0
-0.113 0.94599998 0.041000001 26
0 0 0 0
-0.079999998 1.102 0.017000001 2
-0.104 0.95200002 0.028999999 14
0 0 0 0
-0.064000003 1.108 -0.0020000001 6
0 0 0 0
0 0 0 0
0 0 0 0
0 0 0 0
0 0 0 0
0 0 0 0
-0.44600001 2.3369999 0.108 15
0 0 0 0
0 0 0 0
-0.68800002 3.8 0.122 1
-0.50700003 2.3610001 0.112 11
0 0 0 0
0 0 0 0
-0.78299999 3.8169999 0.124 1
-0.92699999 3.875 0.18799999 1
0 0 0 0
-0.72799999 3.793 0.052000001 2
-0.87699997 3.8169999 0.125 0
-0.64999998 2.4660001 0.122 4
-0.67799997 3.796 -0.028999999 1
-0.82300001 3.8039999 0.050000001 1
-0.97399998 3.832 0.127 9
-0.76300001 2.645 0.134 150
-0.773 3.8069999 -0.033 1
-0.93000001 3.8570001 0.050000001 0
-0.67799997 2.431 0.082000002 8
-0.75300002 2.401 0.124 21
0 0 0 0
-0.64600003 2.4289999 0.029999999 17
-0.81199998 2.6689999 0.090999998 4
-0.80599999 2.3770001 0.125 55
0 0 0 0
-1.1390001 3.9119999 0.048 17
-0.88200003 2.674 0.092 3
0 0 0 0
-0.671 2.4089999 -0.028000001 12
-1.249 3.938 0.046999998 8
0 0 0 0
-0.93099999 2.3800001 0.131 3
-1.47 4.8280001 -0.061000001 42
-1.339 3.902 0.045000002 11
0 0 0 0
-0.99299997 2.3789999 0.134 68
-1.597 4.8280001 -0.067000002 31
-0.653 1.768 0.02 1
-1.099 2.687 0.097000003 13
-1.059 2.381 0.13699999 58
0 0 0 0
-1.511 3.8080001 0.041999999 37
-1.896 4.3470001 0.15899999 56
0 0 0 0
-0.69099998 1.7970001 -0.028000001 10
-1.614 3.8069999 0.041000001 48
-2.013 4.3369999 0.162 22
-2.187 4.368 0.264 7
-1.974 4.7880001 -0.081 15
-1.7180001 3.802 0.041000001 48
-2.1400001 4.3439999 0.164 27
-2.313 4.368 0.271 15
-2.174 4.9349999 -0.088 46
0 0 0 0
-1.279 2.4519999 0.093999997 19
-1.567 2.8010001 0.178 140
-2.313 4.9289999 -0.093000002 11
-1.255 2.461 0.025 25
-1.494 2.7090001 0.106 25
0 0 0 0
-1.228 2.4619999 -0.048999999 145
-2.069 3.8310001 0.039000001 1
-1.538 2.642 0.105 2
0 0 0 0
-1.3200001 2.4949999 -0.052000001 85
-2.164 3.7920001 0.037999999 51
0 0 0 0
-1.232 1.888 0.12899999 4
-2.823 5.0380001 -0.111 22
-0.68699998 1.141 0.011 27
0 0 0 0
-1.2970001 1.892 0.133 6
0 0 0 0
0 0 0 0
-1.806 2.6589999 0.113 20
-3.2190001 4.4749999 0.322 16
0 0 0 0
-2.536 3.7950001 0.035999998 2
-1.3 1.823 0.079000004 3
-3.342 4.4289999 0.32699999 37
-2.8 4.2480001 -0.108 7
-1.289 1.8329999 0.017000001 8
-1.844 2.464 0.109 86
-4.0040002 5.0640001 0.384 94
-1.295 1.8660001 -0.048999999 150
-2.8670001 3.8800001 0.035999998 75
-3.451 4.3959999 0.2 15
-4.3790002 5.2870002 0.412 100
-2.8380001 3.8840001 -0.107 69
-3.0179999 3.8900001 0.035999998 20
-4.3239999 5.2529998 0.244 109
0 0 0 0
-1.989 2.5899999 -0.074000001 240
-3.1570001 3.8759999 0.035 76
-4.2820001 4.9640002 0.236 13
-4.4180002 4.868 0.40200001 7
-3.1340001 3.8829999 -0.116 79
-3.3180001 3.8829999 0.035 71
-2.188 2.421 0.118 20
-4.5679998 4.8109999 0.40799999 40
-3.293 3.885 -0.121 85
0 0 0 0
-2.2190001 2.345 0.117 33
-4.6040001 4.6360002 0.40599999 26
0 0 0 0
-3.342 3.5569999 0.032000002 9
-2.257 2.277 0.117 6
-1.923 1.851 0.167 6
-3.336 3.572 -0.12 7
-3.3510001 3.4030001 0.030999999 28
-2.2679999 2.1860001 0.115 20
-1.895 1.743 0.162 16
-1.892 1.9299999 -0.067000002 160
-3.358 3.2539999 0.029999999 84
-2.381 2.191 0.119 0
-1.89 1.6619999 0.15899999 19
-3.3610001 3.266 -0.119 85
-3.4289999 3.1689999 0.028999999 37
-2.1719999 1.909 0.107 1
-1.4349999 1.205 0.119 2
-3.424 3.171 -0.12 64
-3.437 3.029 0.028000001 56
-1.495 1.2539999 0.071999997 2
-2.2780001 1.827 0.18700001 113
-3.4319999 3.0280001 -0.119 44
-1.449 1.217 0.011 14
-1.276 1.021 0.061000001 2
-2.2590001 1.73 0.183 150
-1.448 1.217 -0.050000001 201
-3.464 2.7750001 0.026000001 52
-2.197 1.677 0.103 3
-2.29 1.674 0.184 87
-3.46 2.766 -0.118 62
-3.4630001 2.6429999 0.025 86
-3.961 2.8829999 0.184 38
-2.286 1.594 0.18099999 100
-3.4660001 2.6370001 -0.117 80
-3.4560001 2.51 0.024 91
-2.2420001 1.554 0.103 0
-1.571 1.044 0.123 89
-3.45 2.4960001 -0.115 73
-3.4530001 2.3859999 0.024 95
-3.9779999 2.6240001 0.18000001 86
-3.9849999 2.5209999 0.31 79
-1.562 1.073 -0.050999999 1
-3.4549999 2.2690001 0.023 69
-3.95 2.4779999 0.177 150
-1.6390001 0.986 0.126 2
-3.4530001 2.2520001 -0.113 49
-3.4619999 2.1589999 0.023 70
-3.9579999 2.359 0.175 98
-3.983 2.277 0.30399999 32
-2.0599999 1.273 -0.066 150
-3.4779999 2.056 0.022 99
-3.947 2.23 0.17299999 150
-1.806 0.98000002 0.13600001 2
-3.48 2.036 -0.111 113
-3.4820001 1.95 0.022 126
-3.9690001 2.125 0.17200001 65
-1.857 0.954 0.139 14
-3.484 1.926 -0.11 107
-3.5369999 1.873 0.022 50
-3.9749999 2.0120001 0.171 150
-1.855 0.90100002 0.138 2
-3.5869999 1.872 -0.112 49
-3.7839999 1.891 0.023 48
-4.006 1.915 0.17 84
-1.624 0.74400002 0.119 2
-3.8599999 1.897 -0.119 44
-4.0640001 1.9119999 0.025 45
0 0 0 0
-1.712 0.73900002 0.125 7
-4.171 1.925 -0.127 9
0 0 0 0
0 0 0 0
-1.774 0.71899998 0.12800001 10
-1.498 0.648 -0.045000002 0
0 0 0 0
0 0 0 0
-1.852 0.70300001 0.133 22
0 0 0 0
-7.7030001 2.9809999 0.046999998 58
-7.7090001 2.8510001 0.31799999 7
-1.895 0.67199999 0.13500001 14
-7.7379999 2.911 -0.228 42
-7.7020001 2.7750001 0.046999998 63
-1.9349999 0.66500002 0.079000004 2
0 0 0 0
-7.723 2.694 -0.22400001 41
-1.941 0.648 0.012 182
0 0 0 0
0 0 0 0
0 0 0 0
0 0 0 0
0 0 0 0
-7.7340002 2.175 0.542 2
-7.7529998 2.29 -0.219 0
0 0 0 0
-7.0869999 1.9069999 0.28400001 9
-7.1900001 1.851 0.50099999 16
-7.119 1.916 -0.199 1
-7.171 1.844 0.045000002 22
0 0 0 0
0 0 0 0
0 0 0 0
-8.2469997 1.914 0.050999999 1
-8.3360004 1.841 0.331 64
0 0 0 0
-8.3389997 1.818 -0.226 69
-8.5579996 1.776 0.054000001 9
-11.037 2.1730001 0.43599999 1
-11.025 2.066 0.755 1
0 0 0 0
-10.961 2.0079999 0.07 2
-10.949 1.898 0.43000001 3
-4.7529998 0.78200001 0.32300001 3
-5.052 0.847 -0.133 16
-4.7989998 0.76200002 0.030999999 4
-3.175 0.47600001 0.124 15
-3.099 0.43900001 0.20900001 45
-3.263 0.46599999 -0.083999999 42
-3.1800001 0.42899999 0.021 43
-3.132 0.39700001 0.122 42
-3.1070001 0.37 0.20900001 47
-3.2379999 0.38299999 -0.082000002 38
-3.2119999 0.35699999 0.021 36
-10.971 1.136 0.426 34
-10.955 1.0599999 0.73400003 26
-10.949 1.026 -0.27500001 56
-10.957 0.958 0.074000001 63
-10.974 0.88499999 0.42399999 43
-10.968 0.815 0.73000002 29
-10.952 0.76099998 -0.27000001 71
-10.958 0.69800001 0.075999998 67
-2.95 0.17 0.113 38
-2.931 0.152 0.19400001 50
-2.9630001 0.134 -0.071999997 35
-2.951 0.118 0.02 48
-2.9530001 0.102 0.113 53
-2.9660001 0.088 0.19499999 48
-2.964 0.061999999 -0.07 37
-2.9920001 0.050000001 0.021 25
-8.3870001 0.101 0.32100001 37
-8.4359999 0.066 0.55400002 40
-8.5509996 -0.026000001 -0.2 7
-8.5159998 -0.055 0.061999999 5
-8.5570002 -0.090000004 0.32699999 4
-8.5609999 -0.123 0.55900002 6
-8.5360003 -0.23199999 -0.19599999 4
-8.4650002 -0.255 0.063000001 2
-8.3059998 -0.27599999 0.317 12
-8.3009996 -0.30199999 0.54000002 10
-8.3649998 -0.428 -0.18799999 123
-8.4560003 -0.45300001 0.064999998 8
-8.4639997 -0.47499999 0.322 9
-8.4700003 -0.49599999 0.54799998 9
-8.4309998 -0.63800001 -0.186 5
-8.4709997 -0.65200001 0.066 8
-8.4680004 -0.66900003 0.32100001 7
-8.4820004 -0.68599999 0.54699999 5
-8.5950003 -0.85900003 -0.185 1
-8.6040001 -0.86799997 0.068000004 0
-8.6630001 -0.88300002 0.32800001 0
-8.6400003 -0.89300001 0.55400002 0
-8.6440001 -1.074 -0.182 1
-8.6379995 -1.075 0.071000002 0
-8.6339998 -1.08 0.32600001 0
-8.6230001 -1.084 0.55000001 1
0 0 0 0
0 0 0 0
-8.6520004 -1.2819999 0.32699999 0
-8.6569996 -1.283 0.551 0
0 0 0 0
-11.126 -1.92 0.094999999 1
-11.187 -1.918 0.42199999 1
-11.14 -1.9069999 0.70499998 1
-8.1099997 -1.61 -0.15899999 2
0 0 0 0
0 0 0 0
0 0 0 0
0 0 0 0
0 0 0 0
0 0 0 0
0 0 0 0
-2.6059999 -0.64899999 -0.048 2
-2.6259999 -0.64499998 0.024 20
-2.642 -0.64099997 0.098999999 18
-2.6440001 -0.63499999 0.16500001 14
-2.4790001 -0.68099999 -0.044 6
-2.4630001 -0.667 0.023 7
-2.477 -0.66100001 0.093000002 7
-2.4679999 -0.65100002 0.153 7
-2.3789999 -0.71499997 -0.041000001 20
-2.375 -0.70200002 0.023 110
-2.4519999 -0.71399999 0.092 6
-2.474 -0.71200001 0.153 7
-8.5380001 -2.7950001 -0.145 2
-8.5430002 -2.747 0.086000003 2
0 0 0 0
-2.484 -0.77499998 0.153 0
0 0 0 0
0 0 0 0
0 0 0 0
-8.6750002 -2.918 0.53399998 1
0 0 0 0
0 0 0 0
0 0 0 0
0 0 0 0
0 0 0 0
-5.0960002 -2.043 0.056000002 0
0 0 0 0
0 0 0 0
0 0 0 0
0 0 0 0
0 0 0 0
0 0 0 0
0 0 0 0
0 0 0 0
0 0 0 0
0 0 0 0
-8.6920004 -4.3070002 -0.114 5
-8.6870003 -4.21 0.105 15
-3.0239999 -1.433 0.114 0
0 0 0 0
-8.691 -4.5700002 -0.109 7
-8.6999998 -4.4689999 0.108 16
-8.6920004 -4.3660002 0.329 16
0 0 0 0
-8.7290001 -4.8600001 -0.103 4
-8.6870003 -4.7210002 0.111 17
-8.7060003 -4.6230001 0.33000001 17
-8.7200003 -4.5380001 0.52200001 2
-8.7200003 -5.131 -0.096000001 5
-8.717 -5.0029998 0.116 14
-8.7119999 -4.882 0.331 18
-8.7270002 -4.7909999 0.52100003 4
-1.22 -0.75700003 -0.012 0
-8.7139997 -5.277 0.119 15
-8.717 -5.1479998 0.33199999 18
-8.7449999 -5.0580001 0.51899999 7
-1.148 -0.75099999 -0.0099999998 2
-8.7530003 -5.5819998 0.124 2
-8.7180004 -5.4190001 0.333 14
-8.7489996 -5.323 0.51800001 10
0 0 0 0
-8.7469997 -5.8720002 0.127 19
-8.7600002 -5.7280002 0.33500001 18
-8.7559996 -5.5999999 0.51599997 3
0 0 0 0
-8.7539997 -6.1760001 0.132 14
-8.7670002 -6.0219998 0.33700001 20
-8.7609997 -5.881 0.514 11
0 0 0 0
-8.2460003 -6.1090002 0.12800001 1
-8.5649996 -6.1739998 0.33000001 1
-8.776 -6.178 0.51300001 15
-0.94099998 -0.75300002 -0.0049999999 1
-8.802 -6.8429999 0.142 15
0 0 0 0
-8.5089998 -6.277 0.495 5
0 0 0 0
0 0 0 0
-0.954 -0.75599998 0.037 0
-8.8120003 -6.8119998 0.50999999 6
0 0 0 0
0 0 0 0
0 0 0 0
0 0 0 0
0 0 0 0
0 0 0 0
0 0 0 0
0 0 0 0
-0.80199999 -0.77700001 -0.001 0
-8.8620005 -8.3219995 0.164 12
-8.6549997 -7.8759999 0.34 9
0 0 0 0
-0.76200002 -0.77399999 0 0
-8.8599997 -8.7150002 0.17 9
-8.684 -8.2749996 0.34200001 8
-8.5550003 -7.928 0.486 8
-0.71700001 -0.764 0 0
-8.8909998 -9.1599998 0.178 12
-8.8299999 -8.8039999 0.34999999 2
-8.5120001 -8.2480001 0.48100001 4
-0.69099998 -0.77100003 0.001 0
-8.9090004 -9.6140003 0.185 11
-8.9049997 -9.2910004 0.35499999 15
-8.4910002 -8.6020002 0.47799999 2
-0.66399997 -0.778 0.0020000001 0
-8.9350004 -10.101 0.193 2
-8.9139996 -9.7340002 0.35800001 15
-8.8330002 -9.3629999 0.49399999 2
-0.63300002 -0.778 0.003 0
-8.9379997 -10.593 0.2 2
-8.948 -10.227 0.36199999 9
0 0 0 0
-0.59899998 -0.77200001 0.003 0
-8.9870005 -11.165 0.20999999 2
-8.9630003 -10.731 0.36500001 9
0 0 0 0
-0.57300001 -0.77600002 0.0040000002 0
-9.0059996 -11.74 0.219 1
-8.993 -11.278 0.36899999 8
0 0 0 0
-0.55599999 -0.792 0.0049999999 0
-9.0159998 -12.332 0.228 3
-8.4160004 -11.067 0.347 1
-8.974 -11.406 0.49000001 4
-0.523 -0.78399998 0.0060000001 0
-9.0120001 -12.942 0.23899999 2
0 0 0 0
0 0 0 0
-0.49599999 -0.78100002 0.0060000001 0
0 0 0 0
0 0 0 0
0 0 0 0
-0.47099999 -0.78200001 0.0070000002 0
-7.802 -12.394 0.226 50
-8.1070004 -12.32 0.34400001 8
0 0 0 0
-0.45100001 -0.79100001 0.0080000004 0
0 0 0 0
-7.823 -12.499 0.33500001 5
-8.0699997 -12.405 0.428 5
-0.42300001 -0.78399998 0.0080000004 0
0 0 0 0
-9.1639996 -15.419 0.39700001 2
-9.1199999 -14.741 0.479 3
0 0 0 0
-2.954 -5.506 0.098999999 0
-9.1780005 -16.281 0.40200001 3
-9.1260004 -15.521 0.47499999 4
0 0 0 0
0 0 0 0
0 0 0 0
-9.1350002 -16.365999 0.472 4
0 0 0 0
0 0 0 0
0 0 0 0
-9.1870003 -17.367001 0.46900001 4
0 0 0 0
0 0 0 0
0 0 0 0
0 0 0 0
0 0 0 0
0 0 0 0
0 0 0 0
0 0 0 0
0 0 0 0
-8.3430004 -21.066 0.373 19
0 0 0 0
0 0 0 0
0 0 0 0
-2.049 -5.5489998 0.097000003 3
0 0 0 0
0 0 0 0
0 0 0 0
0 0 0 0
-2.0439999 -5.5419998 0.1 5
-8.2790003 -21.139999 0.39199999 16
0 0 0 0
0 0 0 0
0 0 0 0
-2.033 -5.559 0.093999997 1
0 0 0 0
0 0 0 0
0 0 0 0
0 0 0 0
0 0 0 0
0 0 0 0
0 0 0 0
-0.25099999 -0.79699999 0.011 0
-6.198 -28.257 0.58200002 9
0 0 0 0
-0.212 -0.79000002 0.011 0
-0.229 -0.792 0.0089999996 0
-5.5149999 -28.240999 0.60100001 9
0 0 0 0
-0.191 -0.78299999 0.011 0
-0.20900001 -0.78899997 0.0080000004 1
-4.8540001 -28.348 0.62300003 9
0 0 0 0
-0.17299999 -0.78899997 0.0099999998 0
-0.19 -0.79100001 0.0070000002 1
-4.171 -28.292999 0.64099997 9
0 0 0 0
-0.154 -0.787 0.0089999996 0
-0.175 -0.80800003 0.0060000001 1
0 0 0 0
-0.116 -0.79000002 0.013 0
-0.13699999 -0.79799998 0.0089999996 1
-0.155 -0.80299997 0.0049999999 1
0 0 0 0
-0.101 -0.81999999 0.014 0
-0.118 -0.80000001 0.0080000004 1
-0.13500001 -0.79900002 0.003 1
-0.20900001 -2.6949999 0.066 31
-0.081 -0.80400002 0.013 0
-0.098999999 -0.796 0.0080000004 1
-0.117 -0.80299997 0.0020000001 1
0 0 0 0
-0.061999999 -0.80800003 0.013 0
-0.082000002 -0.80699998 0.0070000002 3
-0.098999999 -0.80800003 0.001 1
-0.025 -0.81099999 0.021 152
-0.043000001 -0.79000002 0.013 1
-0.061999999 -0.79400003 0.0060000001 3
-0.079999998 -0.80599999 0 1
0 0 0 0
-0.024 -0.78200001 0.013 4
-0.044 -0.80000001 0.0060000001 4
-0.061999999 -0.80699998 0 1
0 0 0 0
-0.0060000001 -0.79100001 0.013 0
-0.026000001 -0.796 0.0049999999 4
-0.043000001 -0.80199999 -0.001 1
0.917 -24.514999 0.69099998 15
0.011 -0.792 0.013 0
-0.0070000002 -0.801 0.0049999999 3
-0.024 -0.80800003 -0.0020000001 1
1.476 -24.507999 0.708 11
0.029999999 -0.81999999 0.013 0
0.0099999998 -0.80400002 0.0040000002 3
-0.0060000001 -0.80000001 -0.0040000002 0
2.0420001 -24.559999 0.727 13
0.046999998 -0.78899997 0.013 0
0.028999999 -0.80800003 0.003 1
0 0 0 0
0 0 0 0
0.067000002 -0.81300002 0.013 0
0.046999998 -0.80500001 0.003 1
0 0 0 0
0 0 0 0
0.086000003 -0.80900002 0.013 0
0.066 -0.81099999 0.0020000001 1
0 0 0 0
0 0 0 0
0.103 -0.79900002 0.013 0
0.085000001 -0.80800003 0.001 0
0 0 0 0
0 0 0 0
0.123 -0.80500001 0.013 0
0.103 -0.80500001 0.001 0
1.382 -12.805 -0.155 4
2.931 -14.68 0.48500001 2
0.14 -0.796 0.013 0
0.122 -0.80000001 0 0
1.683 -12.797 -0.17399999 4
0 0 0 0
0.16 -0.80199999 0.013 0
0.14300001 -0.815 0 0
1.989 -12.826 -0.193 4
0 0 0 0
0.183 -0.81699997 0.013 0
0.163 -0.81400001 0 0
2.2869999 -12.787 -0.211 1
3.0650001 -11.287 0.398 4
0.2 -0.80599999 0.013 0
0.185 -0.82800001 -0.001 0
0 0 0 0
3.082 -10.411 0.375 5
0.219 -0.80400002 0.013 0
0 0 0 0
0 0 0 0
3.1110001 -9.6899996 0.35499999 4
0.23899999 -0.80500001 0.013 0
0 0 0 0
0 0 0 0
3.135 -9.0600004 0.34 7
0.26100001 -0.81 0.013 0
0 0 0 0
0 0 0 0
3.154 -8.4879999 0.32499999 2
0.27500001 -0.792 0.013 1
0 0 0 0
0 0 0 0
3.1849999 -8.0089998 0.31200001 2
0.30500001 -0.81599998 0.013 0
0 0 0 0
0 0 0 0
3.201 -7.5500002 0.30000001 2
0.32699999 -0.81800002 0.013 0
1.252 -3.336 -0.022 2
0 0 0 0
0 0 0 0
0.34900001 -0.81800002 0.013 0
1.345 -3.348 -0.025 23
1.263 -3.322 -0.096000001 2
0 0 0 0
0.37599999 -0.829 0.013 0
1.429 -3.332 -0.028000001 22
1.3559999 -3.329 -0.102 26
3.2320001 -6.3829999 0.26899999 5
0.39500001 -0.81900001 0.013 0
1.524 -3.336 -0.030999999 20
1.449 -3.332 -0.108 25
3.2409999 -6.0609999 0.26100001 6
0.41999999 -0.82300001 0.013 0
1.622 -3.345 -0.035 17
1.541 -3.3280001 -0.114 23
0 0 0 0
0.44299999 -0.81999999 0.013 0
1.719 -3.342 -0.037999999 15
1.6390001 -3.332 -0.12 20
0.48100001 -0.81 0.035999998 0
0.47 -0.82499999 0.013 0
1.822 -3.3510001 -0.041999999 15
1.7410001 -3.3399999 -0.127 19
0 0 0 0
0.49399999 -0.82200003 0.013 0
0 0 0 0
1.848 -3.3510001 -0.134 16
0 0 0 0
0.52100003 -0.82499999 0.013 0
2.0409999 -3.3699999 -0.048999999 1
0 0 0 0
3.293 -4.777 0.227 11
0.54100001 -0.81400001 0.012 0
0 0 0 0
2.0650001 -3.359 -0.148 1
3.3010001 -4.566 0.221 12
0.57599998 -0.82499999 0.012 0
2.2679999 -3.382 -0.057 1
2.188 -3.378 -0.156 15
3.3039999 -4.362 0.21600001 14
0.60000002 -0.81900001 0.012 0
2.381 -3.378 -0.061000001 10
2.3010001 -3.3759999 -0.163 11
3.3169999 -4.1799998 0.211 14
0.62699997 -0.81699997 0.012 0
2.5039999 -3.382 -0.066 15
2.427 -3.3870001 -0.17200001 16
3.302 -3.9749999 0.205 15
0.65799999 -0.81800002 0.012 0
2.622 -3.375 -0.07 14
2.54 -3.3729999 -0.17900001 12
3.3269999 -3.8280001 0.20200001 14
0.69099998 -0.81999999 0.012 0
0 0 0 0
2.6670001 -3.372 -0.18700001 3
3.3269999 -3.658 0.197 14
0 0 0 0
0 0 0 0
2.826 -3.405 -0.198 1
3.3299999 -3.5020001 0.192 14
0 0 0 0
0 0 0 0
2.927 -3.3610001 -0.204 1
3.3380001 -3.3570001 0.189 14
0 0 0 0
0 0 0 0
3.0409999 -3.329 -0.212 1
3.335 -3.2060001 0.184 13
0 0 0 0
0 0 0 0
3.1429999 -3.2820001 -0.219 1
3.3399999 -3.0710001 0.18000001 13
0 0 0 0
3.335 -3.237 -0.097999997 18
3.28 -3.2650001 -0.228 1
3.3540001 -2.9489999 0.177 13
0 0 0 0
3.3610001 -3.1129999 -0.1 13
3.3429999 -3.1730001 -0.23199999 14
3.355 -2.8199999 0.17299999 12
0 0 0 0
0 0 0 0
3.4530001 -3.1259999 -0.23899999 2
3.358 -2.697 0.17 12
0 0 0 0
0 0 0 0
0 0 0 0
3.3599999 -2.5769999 0.16599999 11
1.074 -0.84200001 0.0099999998 1
0 0 0 0
0 0 0 0
3.3640001 -2.4630001 0.163 11
1.1339999 -0.84799999 0.0099999998 0
0 0 0 0
0 0 0 0
3.3699999 -2.3540001 0.16 11
0 0 0 0
0 0 0 0
0 0 0 0
3.378 -2.2490001 0.15700001 11
0 0 0 0
0 0 0 0
0 0 0 0
3.3670001 -2.1359999 0.153 11
0 0 0 0
2.872 -1.896 -0.092 0
0 0 0 0
3.348 -2.02 0.149 11
0 0 0 0
3.3789999 -2.119 -0.11 10
0 0 0 0
3.3269999 -1.908 0.145 11
3.2260001 -1.881 0.018999999 11
3.3710001 -2.006 -0.111 14
0 0 0 0
3.223 -1.755 0.138 12
3.1730001 -1.755 0.017000001 11
3.3759999 -1.904 -0.112 15
3.388 -1.943 -0.234 10
3.233 -1.6670001 0.13500001 13
2.892 -1.5140001 0.013 4
2.8900001 -1.541 -0.097000003 4
0 0 0 0
3.224 -1.573 0.132 13
2.8870001 -1.429 0.011 5
2.8900001 -1.456 -0.097999997 5
0 0 0 0
1.9119999 -0.88099998 0.075999998 13
1.914 -0.89300001 0.0060000001 0
2.892 -1.373 -0.098999999 5
0 0 0 0
3.1989999 -1.3890001 0.125 12
2.901 -1.274 0.0080000004 6
2.9119999 -1.299 -0.101 5
1.971 -0.89200002 -0.13600001 0
3.1949999 -1.303 0.122 12
2.8989999 -1.196 0.0060000001 6
2.905 -1.215 -0.102 6
2.105 -0.89300001 -0.146 2
3.198 -1.223 0.12 12
2.8989999 -1.118 0.0040000002 9
2.915 -1.14 -0.103 8
2.3139999 -0.91600001 -0.16 4
3.3570001 -1.199 0.123 8
2.9200001 -1.051 0.003 6
2.9130001 -1.061 -0.104 10
2.556 -0.94099998 -0.177 1
3.3740001 -1.1210001 0.121 7
3.168 -1.059 0.001 0
3.135 -1.059 -0.113 0
2.7379999 -0.93400002 -0.19 0
3.4119999 -1.05 0.119 6
3.414 -1.0549999 0 0
0 0 0 0
0 0 0 0
3.4100001 -0.96700001 0.116 94
3.5510001 -1.0089999 -0.0020000001 0
0 0 0 0
0 0 0 0
2.9170001 -0.75700003 0.097000003 111
2.9130001 -0.75599998 -0.003 93
2.914 -0.76099998 -0.108 102
2.918 -0.76599997 -0.204 9
2.9200001 -0.68900001 0.093999997 110
2.918 -0.68699998 -0.0049999999 101
2.927 -0.69099998 -0.11 100
2.931 -0.69400001 -0.205 9
2.9189999 -0.62 0.092 99
2.927 -0.61799997 -0.0070000002 105
2.931 -0.61900002 -0.111 108
2.9300001 -0.61900002 -0.206 9
2.927 -0.55500001 0.090000004 106
2.9300001 -0.54900002 -0.0089999996 108
2.9300001 -0.54799998 -0.112 98
2.9349999 -0.54699999 -0.207 9
2.9289999 -0.48699999 0.086999997 105
2.9300001 -0.47999999 -0.011 108
2.9319999 -0.477 -0.113 100
2.915 -0.47099999 -0.206 12
2.9319999 -0.421 0.085000001 99
2.938 -0.41299999 -0.013 113
2.931 -0.40700001 -0.114 103
2.9170001 -0.40000001 -0.206 13
2.9319999 -0.35600001 0.082999997 103
2.938 -0.345 -0.014 111
2.938 -0.338 -0.116 101
2.925 -0.329 -0.208 16
1.451 -0.14300001 0.039000001 7
1.438 -0.13500001 -0.0080000004 46
1.4220001 -0.12899999 -0.057 38
1.404 -0.124 -0.1 37
1.452 -0.111 0.037999999 9
1.45 -0.103 -0.0089999996 7
1.441 -0.097000003 -0.057999998 8
1.4220001 -0.090000004 -0.101 8
1.469 -0.079000004 0.037 3
2.638 -0.127 -0.017999999 2
2.9419999 -0.12800001 -0.12 23
2.9460001 -0.117 -0.211 4
2.9200001 -0.093000002 0.071999997 144
2.9419999 -0.074000001 -0.022 116
2.954 -0.059 -0.122 115
2.95 -0.045000002 -0.212 25
2.925 -0.028000001 0.07 130
2.9430001 -0.0070000002 -0.024 124
2.9530001 0.0089999996 -0.123 108
2.9519999 0.025 -0.213 21
2.925 0.035999998 0.067000002 131
2.954 0.059999999 -0.026000001 98
2.951 0.079000004 -0.124 101
2.9530001 0.096000001 -0.214 17
2.931 0.101 0.064999998 115
2.9549999 0.127 -0.028000001 106
2.9549999 0.148 -0.126 101
2.96 0.168 -0.21600001 16
2.9449999 0.168 0.061999999 111
2.9590001 0.19499999 -0.029999999 112
2.954 0.219 -0.127 101
2.951 0.23999999 -0.21600001 14
2.9449999 0.234 0.059999999 103
2.957 0.264 -0.032000002 107
2.957 0.28999999 -0.12899999 92
2.951 0.31099999 -0.21699999 14
2.95 0.301 0.057 93
2.9590001 0.33199999 -0.034000002 95
2.9660001 0.361 -0.131 100
2.9549999 0.38499999 -0.21799999 15
2.95 0.36700001 0.054000001 86
2.964 0.403 -0.037 99
2.934 0.42699999 -0.131 150
2.773 0.42899999 -0.206 20
2.9619999 0.43599999 0.052000001 88
2.628 0.41800001 -0.034000002 21
2.6400001 0.44800001 -0.119 14
2.9679999 0.53200001 -0.221 12
2.6140001 0.44400001 0.043000001 22
2.9460001 0.53799999 -0.041000001 142
2.973 0.57700002 -0.13600001 87
2.9719999 0.60799998 -0.223 13
2.9660001 0.57200003 0.046 90
2.971 0.61299998 -0.043000001 92
2.974 0.64999998 -0.138 86
2.973 0.68300003 -0.22400001 14
2.971 0.64300001 0.043000001 90
2.9719999 0.68599999 -0.046 91
2.9749999 0.72500002 -0.14 78
2.9820001 0.76200002 -0.226 14
2.9749999 0.71399999 0.039999999 91
2.971 0.75700003 -0.048 81
2.9779999 0.801 -0.142 81
2.9809999 0.83899999 -0.228 14
2.9760001 0.78500003 0.035999998 87
2.9820001 0.833 -0.050999999 85
2.9820001 0.87800002 -0.14399999 85
1.421 0.43799999 -0.109 31
2.9820001 0.85799998 0.033 91
1.45 0.442 -0.026000001 16
1.437 0.46000001 -0.07 34
1.426 0.477 -0.11 7
1.471 0.45899999 0.014 30
1.449 0.47799999 -0.027000001 8
1.4450001 0.5 -0.071000002 6
2.993 1.082 -0.233 14
1.464 0.493 0.013 30
2.987 1.062 -0.059 84
2.993 1.1160001 -0.15099999 82
2.997 1.166 -0.235 14
2.983 1.079 0.023 84
2.9909999 1.141 -0.061999999 82
2.993 1.198 -0.153 87
2.9920001 1.249 -0.237 14
2.9879999 1.158 0.018999999 80
2.9860001 1.219 -0.064999998 85
2.9979999 1.2819999 -0.156 82
3.0090001 1.342 -0.23999999 13
2.99 1.237 0.016000001 82
2.994 1.303 -0.068000004 87
2.9449999 1.3430001 -0.155 150
3.0090001 1.4299999 -0.242 13
2.924 1.2869999 0.012 150
3.0009999 1.3890001 -0.071000002 83
3.0020001 1.456 -0.161 89
3.016 1.524 -0.245 6
2.9990001 1.401 0.0080000004 86
2.997 1.473 -0.074000001 88
3.0009999 1.544 -0.163 78
2.2939999 1.229 -0.18799999 12
3 1.485 0.0040000002 77
3.0050001 1.563 -0.078000002 88
0 0 0 0
3.0139999 1.71 -0.249 11
3.006 1.574 0 82
3.0079999 1.654 -0.081 26
0 0 0 0
2.8299999 1.697 -0.236 4
3.0120001 1.664 -0.0040000002 82
2.059 1.1950001 -0.057999998 3
0 0 0 0
2.7049999 1.7130001 -0.228 3
2.9219999 1.701 -0.0080000004 4
2.033 1.243 -0.059999999 3
0 0 0 0
1.664 1.11 -0.142 2
2.7869999 1.7079999 -0.012 4
2.0599999 1.326 -0.063000001 0
1.651 1.114 -0.097999997 1
2.3080001 1.623 -0.199 16
2.6570001 1.711 -0.016000001 4
2.066 1.399 -0.066 6
0 0 0 0
2.48 1.834 -0.21600001 4
2.0769999 1.405 -0.016000001 12
0 0 0 0
0 0 0 0
2.487 1.934 -0.22 3
0 0 0 0
0 0 0 0
0 0 0 0
3.0680001 2.5079999 -0.27500001 8
0 0 0 0
0 0 0 0
0 0 0 0
3.0739999 2.638 -0.27900001 9
2.2479999 1.755 -0.028999999 19
0 0 0 0
3.0940001 2.6689999 -0.204 0
2.352 2.118 -0.21600001 3
3.056 2.4990001 -0.046 42
0 0 0 0
0 0 0 0
0 0 0 0
3.0569999 2.6170001 -0.052999999 67
0 0 0 0
0 0 0 0
0 0 0 0
3.053 2.7360001 -0.059 34
0 0 0 0
0 0 0 0
0 0 0 0
0 0 0 0
0 0 0 0
0 0 0 0
0 0 0 0
3.5699999 3.5039999 -0.086000003 2
0 0 0 0
0 0 0 0
0 0 0 0
3.5739999 3.6719999 -0.096000001 16
0 0 0 0
0 0 0 0
0 0 0 0
2.967 3.191 -0.088 12
0 0 0 0
0 0 0 0
2.2420001 2.8329999 -0.23199999 143
2.8870001 3.25 -0.093000002 12
0 0 0 0
0 0 0 0
1.715 2.2780001 -0.18099999 5
2.8050001 3.306 -0.098999999 12
0 0 0 0
0 0 0 0
2.9560001 4.1279998 -0.31900001 0
2.7309999 3.3710001 -0.105 11
0 0 0 0
0 0 0 0
2.9579999 4.348 -0.32699999 0
2.2 2.8469999 -0.092 161
2.5420001 3.4990001 -0.161 2
3.3659999 4.9239998 -0.29699999 18
3.155 4.8839998 -0.35800001 3
2.5769999 3.497 -0.118 11
2.477 3.5810001 -0.16500001 16
2.3859999 3.675 -0.21799999 1
3.0120001 4.9159999 -0.34999999 3
2.503 3.566 -0.124 12
2.395 3.6400001 -0.168 12
2.3099999 3.7490001 -0.219 5
1.642 2.8299999 -0.19599999 11
2.4219999 3.6240001 -0.131 12
2.313 3.6989999 -0.171 15
1.686 2.8859999 -0.16599999 11
0 0 0 0
2.3469999 3.6919999 -0.13699999 12
1.743 2.938 -0.13600001 11
0 0 0 0
1.4299999 2.76 -0.18099999 22
1.814 3.0020001 -0.115 8
1.526 2.714 -0.126 10
1.442 2.7590001 -0.154 1
0 0 0 0
1.5880001 2.7720001 -0.109 11
0 0 0 0
0 0 0 0
1.3150001 2.8659999 -0.17900001 2
0 0 0 0
1.4 2.7869999 -0.13 2
1.33 2.865 -0.155 2
1.261 2.9300001 -0.178 21
1.418 2.76 -0.115 2
1.341 2.8299999 -0.132 16
1.2690001 2.9100001 -0.155 23
1.204 2.9920001 -0.178 0
0 0 0 0
1.2869999 2.8870001 -0.13600001 25
1.219 2.9879999 -0.15700001 0
0.63 1.678 -0.097000003 0
1.306 2.862 -0.125 2
1.228 2.938 -0.139 12
1.154 3.03 -0.15700001 16
0.60100001 1.725 -0.097000003 31
1.256 2.9300001 -0.131 22
1.175 3.007 -0.14300001 6
0.60900003 1.719 -0.088 21
1.6059999 4.9879999 -0.27500001 25
1.199 2.9860001 -0.13699999 6
0.60799998 1.67 -0.079000004 4
1.6339999 4.9790001 -0.25299999 27
1.474 4.9819999 -0.26800001 30
0.63099998 1.681 -0.079000004 0
1.682 4.9720001 -0.23800001 14
1.507 4.9889998 -0.25 28
1.345 4.9749999 -0.26100001 15
0.60100001 1.724 -0.082999997 31
1.552 4.9679999 -0.23899999 32
0.64399999 2.3280001 -0.115 3
0.60600001 2.4749999 -0.127 4
1.609 4.9749999 -0.245 30
1.427 4.9759998 -0.241 26
0.70099998 2.7850001 -0.13600001 12
1.096 4.9770002 -0.249 75
1.4809999 4.9749999 -0.25 32
0.72799999 2.783 -0.13500001 3
1.131 4.993 -0.243 29
0.89700001 4.5869999 -0.22400001 0
1.357 4.9770002 -0.25600001 11
1.183 4.9879999 -0.244 4
1.008 4.9860001 -0.23999999 2
0.85500002 5.0040002 -0.23899999 11
0.64200002 2.5910001 -0.13600001 5
1.059 4.987 -0.24600001 56
0.88999999 5.006 -0.23800001 11
0.73500001 5.0029998 -0.233 13
1.112 4.9780002 -0.26699999 70
0.926 4.9200001 -0.244 2
0.77100003 5.0219998 -0.237 12
0.36000001 2.9300001 -0.133 8
0 0 0 0
0.82099998 5.0009999 -0.25 11
0.65100002 5.0209999 -0.235 12
0.49900001 5.0300002 -0.223 13
0 0 0 0
0.70200002 5.0149999 -0.252 11
0.53200001 5.026 -0.233 12
0 0 0 0
0.75800002 5.02 -0.28600001 10
0.34200001 2.9389999 -0.149 8
0.41499999 5.0370002 -0.23100001 10
0 0 0 0
0.377 2.9660001 -0.17200001 0
0.46599999 5.0240002 -0.25600001 12
0 0 0 0
0 0 0 0
0.51899999 5.0180001 -0.29699999 10
0 0 0 0
0 0 0 0
0.0080000004 1.735 -0.068999998 194
0 0 0 0
0 0 0 0
0.02 1.793 -0.079999998 174
-0.030999999 1.71 -0.067000002 186
0 0 0 0
0 0 0 0
-0.02 1.742 -0.077 167
0 0 0 0
0 0 0 0
-0.0020000001 1.749 -0.092 155
0 0 0 0
-0.071999997 1.101 -0.041000001 28
0.016000001 1.75 -0.112 150
0 0 0 0
-0.064000003 1.102 -0.048 7
0 0 0 0
-0.024 1.7410001 -0.113 115
-0.052000001 1.094 -0.057999998 6
0 0 0 0
0 0 0 0
0 0 0 0
-0.078000002 1.1 -0.059 4
0 0 0 0
0 0 0 0
-0.067000002 1.1059999 -0.074000001 4
0 0 0 0
-0.48899999 3.7809999 -0.164 1
0 0 0 0
0 0 0 0
0 0 0 0
0 0 0 0
-0.70200002 3.806 -0.125 1
0 0 0 0
0 0 0 0
0 0 0 0
-0.796 3.8180001 -0.122 1
0 0 0 0
0 0 0 0
-0.76499999 3.7939999 -0.162 1
-0.88999999 3.8210001 -0.118 0
0 0 0 0
-0.72799999 3.813 -0.21799999 1
0 0 0 0
-0.62400001 2.4230001 -0.072999999 45
-0.69 3.8110001 -0.28400001 1
-0.82099998 3.8069999 -0.22 1
-0.54000002 2.158 -0.090999998 4
-1.358 4.8080001 -0.141 60
-0.78100002 3.802 -0.28799999 0
0 0 0 0
-0.66799998 2.425 -0.102 6
-1.479 4.8070002 -0.13699999 27
0 0 0 0
-0.64200002 2.4219999 -0.14300001 20
-1.426 4.7399998 -0.2 27
-1.608 4.8270001 -0.133 52
-0.51599997 2.0209999 -0.15899999 40
-1.368 4.704 -0.28200001 64
-1.515 4.6430001 -0.19599999 16
-0.63599998 1.77 -0.046999998 8
-1.319 4.6989999 -0.37799999 15
-1.488 4.7030001 -0.285 32
-0.64399999 1.829 -0.077 0
-0.68400002 1.774 -0.046 2
-0.72100002 2.3529999 -0.193 2
-1.612 4.71 -0.289 49
-0.67400002 1.779 -0.074000001 31
-2.0190001 4.8979998 -0.123 35
-1.546 4.6440001 -0.389 3
-0.65499997 1.776 -0.11 2
-1.9630001 4.8400002 -0.20299999 1
-2.155 4.9000001 -0.119 44
-0.63200003 1.7589999 -0.15000001 0
-1.867 4.717 -0.29800001 12
-2.0840001 4.8140001 -0.20200001 17
-2.3889999 5.112 -0.12 0
0 0 0 0
-2.0050001 4.737 -0.303 69
-2.214 4.802 -0.20200001 16
-1.223 2.4679999 -0.056000002 217
0 0 0 0
-2.1400001 4.744 -0.308 66
-2.372 4.8449998 -0.204 8
-1.336 2.5439999 -0.056000002 71
-2.0929999 4.7329998 -0.43000001 2
0 0 0 0
-1.295 2.4979999 -0.105 47
-2.806 5.059 -0.107 33
0 0 0 0
-1.248 2.45 -0.164 13
-2.648 4.8270001 -0.204 16
-0.67299998 1.152 -0.023 150
-1.233 2.4619999 -0.233 1
-2.5739999 4.7750001 -0.32499999 17
-0.67500001 1.166 -0.048999999 2
0 0 0 0
-1.349 2.5409999 -0.24600001 5
-2.7190001 4.7690001 -0.33000001 58
0 0 0 0
-2.773 4.277 -0.079999998 8
-2.6919999 4.7919998 -0.47499999 1
0 0 0 0
-2.786 4.3319998 -0.184 7
-1.277 1.874 -0.033 15
-0.67299998 1.1339999 -0.115 1
-3.027 4.7729998 -0.34200001 20
-2.8080001 4.152 -0.177 27
-1.303 1.821 -0.030999999 15
0 0 0 0
-3.2090001 4.8049998 -0.35100001 27
-1.295 1.823 -0.078000002 61
-1.956 2.605 -0.041999999 55
0 0 0 0
-1.286 1.832 -0.13600001 13
-1.949 2.6129999 -0.113 7
-3.069 3.8989999 -0.059999999 75
-1.2920001 1.857 -0.20200001 0
-3.556 4.8179998 -0.36500001 32
-1.8789999 2.4000001 -0.104 70
-3.2190001 3.904 -0.057 78
0 0 0 0
-1.864 2.405 -0.186 0
-3.1989999 3.8970001 -0.17 74
-3.3570001 3.8859999 -0.054000001 4
0 0 0 0
-3.691 4.5359998 -0.35800001 19
-3.346 3.8900001 -0.171 29
0 0 0 0
0 0 0 0
-3.378 3.957 -0.31900001 25
0 0 0 0
-3.3280001 3.516 -0.043000001 14
0 0 0 0
-3.3800001 3.776 -0.31099999 15
-3.335 3.5309999 -0.15899999 9
-3.3380001 3.3699999 -0.037999999 70
0 0 0 0
-3.7720001 4.0180001 -0.33899999 0
-3.335 3.372 -0.153 59
-3.3570001 3.237 -0.034000002 100
-0.51099998 0.54699999 -0.068999998 21
-3.8399999 3.902 -0.33700001 1
-3.3570001 3.2420001 -0.149 91
-1.324 1.22 -0.011 4
0 0 0 0
-3.9219999 3.803 -0.33700001 11
-1.3380001 1.233 -0.057 0
-3.4230001 3.0139999 -0.026000001 72
0 0 0 0
0 0 0 0
-3.4300001 3.017 -0.142 80
-1.448 1.217 -0.0089999996 95
0 0 0 0
-3.974 3.5050001 -0.32699999 3
-1.452 1.219 -0.057999998 111
-3.4449999 2.766 -0.018999999 41
0 0 0 0
-1.446 1.216 -0.116 11
-3.45 2.763 -0.134 69
-3.4489999 2.6429999 -0.015 87
-1.448 1.217 -0.17900001 20
-4.1919999 3.3599999 -0.33199999 45
-3.4519999 2.6359999 -0.13 76
-3.441 2.5150001 -0.012 101
-2.6760001 2.141 -0.32600001 4
-1.2869999 0.98199999 -0.1 4
-3.4460001 2.5079999 -0.126 85
-3.4449999 2.4000001 -0.0089999996 111
-1.295 0.986 -0.155 1
-3.53 2.5650001 -0.26899999 11
-1.551 1.074 -0.055 29
-3.4400001 2.283 -0.0060000001 59
0 0 0 0
-1.5470001 1.069 -0.116 2
-3.447 2.273 -0.12 40
-3.4560001 2.1819999 -0.003 88
0 0 0 0
-4.0749998 2.6760001 -0.301 2
-2.072 1.299 -0.07 3
-3.464 2.0799999 -0.001 108
0 0 0 0
0 0 0 0
-3.471 2.0650001 -0.114 107
-3.4719999 1.979 0.001 134
0 0 0 0
-4.2210002 2.497 -0.30199999 13
-3.474 1.961 -0.111 126
-3.5090001 1.898 0.003 51
0 0 0 0
-4.3140001 2.415 -0.30399999 7
-3.533 1.888 -0.111 44
-3.723 1.905 0.0049999999 50
0 0 0 0
-4.8369999 2.5599999 -0.336 5
-3.7809999 1.911 -0.116 47
-3.9649999 1.918 0.0080000004 42
0 0 0 0
-4.4260001 2.2119999 -0.303 10
-4.0310001 1.921 -0.121 41
-4.5840001 2.092 0.012 1
0 0 0 0
-4.461 2.098 -0.30199999 9
-4.6719999 2.096 -0.13699999 1
-4.8649998 2.0880001 0.015 14
0 0 0 0
-4.8119998 2.1259999 -0.322 1
-4.9239998 2.075 -0.141 2
-7.7529998 3.1240001 0.028000001 0
0 0 0 0
0 0 0 0
-7.7090001 3.0409999 -0.21699999 41
-7.6989999 2.9030001 0.030999999 45
0 0 0 0
-7.7449999 2.997 -0.50599998 1
-7.7249999 2.845 -0.213 40
-7.6989999 2.707 0.034000002 55
0 0 0 0
-7.7670002 2.7939999 -0.50199997 1
-7.7360001 2.6489999 -0.20900001 27
0 0 0 0
0 0 0 0
0 0 0 0
0 0 0 0
0 0 0 0
0 0 0 0
0 0 0 0
0 0 0 0
-7.1700001 1.99 0.039999999 0
0 0 0 0
0 0 0 0
-7.1560001 1.9119999 -0.183 22
-7.1459999 1.812 0.041999999 11
0 0 0 0
0 0 0 0
-8.2010002 1.989 -0.207 1
-8.3120003 1.911 0.050999999 28
0 0 0 0
0 0 0 0
-8.342 1.822 -0.208 85
-18.181999 3.7550001 0.118 41
-8.3620005 1.832 -0.82499999 1
0 0 0 0
0 0 0 0
-10.972 2.0090001 0.072999999 2
0 0 0 0
0 0 0 0
-5.0380001 0.861 -0.122 22
-4.7389998 0.759 0.032000002 4
0 0 0 0
0 0 0 0
-3.2550001 0.479 -0.078000002 37
-3.187 0.43799999 0.022 53
-3.0929999 0.44600001 -0.29800001 7
-3.2309999 0.43399999 -0.192 32
-3.2360001 0.40099999 -0.075999998 39
-3.2149999 0.368 0.023 31
-3.2309999 0.38600001 -0.31 1
0 0 0 0
-10.937 1.104 -0.255 48
-10.955 1.007 0.081 67
0 0 0 0
0 0 0 0
-10.954 0.85100001 -0.25400001 61
-10.968 0.76300001 0.082999997 69
0 0 0 0
0 0 0 0
-2.977 0.163 -0.068000004 38
-2.948 0.139 0.022 50
-2.7880001 0.12899999 -0.26300001 21
-2.957 0.116 -0.17200001 53
-2.964 0.093999997 -0.067000002 44
-2.9820001 0.072999999 0.023 38
-2.848 0.064000003 -0.26699999 5
0 0 0 0
-8.5439997 0.077 -0.193 11
-8.5129995 0.02 0.066 5
0 0 0 0
0 0 0 0
-8.5419998 -0.119 -0.192 14
-8.5389996 -0.169 0.067000002 3
0 0 0 0
0 0 0 0
-8.3170004 -0.30500001 -0.185 12
-8.3520002 -0.35299999 0.064999998 80
0 0 0 0
0 0 0 0
-8.1120005 -0.48300001 -0.18000001 26
-8.4709997 -0.54699999 0.067000002 9
0 0 0 0
0 0 0 0
-8.6029997 -0.71200001 -0.19 1
-8.5959997 -0.74800003 0.067000002 1
0 0 0 0
0 0 0 0
-8.6190004 -0.912 -0.19 1
-8.5830002 -0.94 0.067000002 0
0 0 0 0
0 0 0 0
-8.6239996 -1.112 -0.19 1
-8.6569996 -1.145 0.067000002 0
0 0 0 0
0 0 0 0
0 0 0 0
-11.121 -1.724 0.085000001 1
0 0 0 0
0 0 0 0
0 0 0 0
0 0 0 0
0 0 0 0
0 0 0 0
0 0 0 0
0 0 0 0
0 0 0 0
-2.6689999 -0.59399998 -0.149 2
-2.6730001 -0.59600002 -0.059 0
-2.658 -0.59600002 0.018999999 8
-2.51 -0.62099999 -0.226 5
-2.4619999 -0.60799998 -0.138 7
-2.4779999 -0.61199999 -0.055 6
-2.4760001 -0.61400002 0.017000001 8
-2.48 -0.67799997 -0.223 4
-2.47 -0.67199999 -0.138 6
-2.487 -0.676 -0.055 6
-2.4809999 -0.67400002 0.017000001 7
-2.3640001 -0.708 -0.212 4
-2.437 -0.72500002 -0.13600001 0
-2.428 -0.72000003 -0.054000001 2
-2.392 -0.708 0.015 10
-2.2449999 -0.73100001 -0.20100001 3
0 0 0 0
0 0 0 0
-8.5830002 -2.7490001 0.054000001 1
-2.0420001 -0.72000003 -0.183 0
0 0 0 0
0 0 0 0
0 0 0 0
0 0 0 0
0 0 0 0
0 0 0 0
0 0 0 0
0 0 0 0
0 0 0 0
0 0 0 0
0 0 0 0
0 0 0 0
0 0 0 0
0 0 0 0
0 0 0 0
0 0 0 0
0 0 0 0
-3.0680001 -1.3890001 -0.072999999 0
0 0 0 0
0 0 0 0
-7.5669999 -3.6849999 -0.43099999 1
-8.7049999 -4.184 -0.211 6
0 0 0 0
0 0 0 0
-7.1440001 -3.6900001 -0.40900001 2
-3.3610001 -1.711 -0.082000002 0
-8.7349997 -4.3959999 0.030999999 8
-8.1370001 -4.52 -0.73500001 1
0 0 0 0
-8.7620001 -4.717 -0.219 4
-8.7589998 -4.6560001 0.027000001 6
-8.1680002 -4.7950001 -0.73900002 1
0 0 0 0
-8.7659998 -4.9790001 -0.223 4
-8.7609997 -4.9130001 0.022 9
-8.151 -5.0510001 -0.73900002 1
-8.1389999 -4.9559999 -0.47400001 1
-8.7720003 -5.2509999 -0.227 3
-1.284 -0.75800002 0.0020000001 0
-8.1780005 -5.3410001 -0.74400002 1
-8.177 -5.2449999 -0.47999999 1
-8.842 -5.5689998 -0.234 1
-1.202 -0.74599999 0.001 1
-8.2089996 -5.6479998 -0.75 1
-8.1660004 -5.5100002 -0.48300001 1
-8.7910004 -5.8239999 -0.23800001 1
-1.142 -0.745 0 1
0 0 0 0
-8.1709995 -5.7950001 -0.48699999 1
0 0 0 0
-1.086 -0.74400002 0 1
0 0 0 0
-8.2010002 -6.1100001 -0.493 1
0 0 0 0
-1.0420001 -0.74900001 0 1
0 0 0 0
0 0 0 0
0 0 0 0
0 0 0 0
0 0 0 0
0 0 0 0
0 0 0 0
-0.96399999 -0.75999999 -0.0020000001 2
0 0 0 0
0 0 0 0
0 0 0 0
0 0 0 0
-8.2229996 -7.5910001 -0.77600002 1
-8.2629995 -7.4499998 -0.51999998 1
0 0 0 0
0 0 0 0
-8.2709999 -8.0059996 -0.787 1
-8.2489996 -7.7909999 -0.52600002 2
-8.2980003 -7.6539998 -0.27000001 1
0 0 0 0
-8.2609997 -8.3879995 -0.79299998 1
-8.2519999 -8.165 -0.53399998 1
-8.2930002 -8.0050001 -0.278 1
0 0 0 0
-8.302 -8.8380003 -0.80400002 1
-8.2880001 -8.5950003 -0.54400003 1
-8.2880001 -8.3739996 -0.287 1
0 0 0 0
-8.2939997 -9.2580004 -0.81099999 1
-8.3409996 -9.0620003 -0.55699998 1
-8.3059998 -8.7880001 -0.29899999 1
0 0 0 0
-9.059 -10.612 -0.89600003 2
-8.323 -9.474 -0.565 1
-8.3219995 -9.2159996 -0.31 1
0 0 0 0
-9.0310001 -11.098 -0.903 4
0 0 0 0
-8.3570004 -9.6899996 -0.32300001 1
0 0 0 0
-9.0299997 -11.648 -0.91500002 9
0 0 0 0
-9.0530005 -11 -0.36399999 2
0 0 0 0
-9.0080004 -12.21 -0.92500001 5
-9.2770004 -12.18 -0.67000002 2
-9.0900002 -11.572 -0.38100001 2
0 0 0 0
0 0 0 0
0 0 0 0
-9.1190004 -12.171 -0.39899999 5
0 0 0 0
0 0 0 0
0 0 0 0
0 0 0 0
0 0 0 0
0 0 0 0
0 0 0 0
0 0 0 0
0 0 0 0
0 0 0 0
0 0 0 0
-7.9229999 -12.241 -0.39700001 1
0 0 0 0
0 0 0 0
0 0 0 0
0 0 0 0
-7.8730001 -12.397 -0.222 2
0 0 0 0
0 0 0 0
0 0 0 0
0 0 0 0
0 0 0 0
0 0 0 0
0 0 0 0
0 0 0 0
0 0 0 0
0 0 0 0
0 0 0 0
0 0 0 0
0 0 0 0
0 0 0 0
0 0 0 0
0 0 0 0
0 0 0 0
0 0 0 0
0 0 0 0
0 0 0 0
0 0 0 0
0 0 0 0
0 0 0 0
0 0 0 0
0 0 0 0
0 0 0 0
0 0 0 0
0 0 0 0
-9.335 -27.221001 -1.347 8
0 0 0 0
0 0 0 0
0 0 0 0
-8.6289997 -27.23 -1.306 8
-9.2060003 -27.212999 -1.12 9
0 0 0 0
0 0 0 0
0 0 0 0
-8.5200005 -27.236 -1.103 11
-9.0889997 -27.202 -0.91600001 11
0 0 0 0
0 0 0 0
-8.1009998 -28.162001 -1.124 6
-8.4099998 -27.219999 -0.92299998 13
-8.9169998 -27.243999 -0.78200001 9
0 0 0 0
-7.4120002 -28.228001 -1.1109999 7
-8 -28.164 -0.96399999 8
-8.2349997 -27.233 -0.80900002 19
0 0 0 0
0 0 0 0
0 0 0 0
-7.8239999 -28.195999 -0.86799997 9
-5.4369998 -28.188 -1.158 8
0 0 0 0
0 0 0 0
0 0 0 0
-4.7690001 -28.226999 -1.125 10
-5.3520002 -28.216 -1.0700001 11
-5.9380002 -28.184 -0.99299997 13
0 0 0 0
-3.9619999 -27.285 -1.054 10
-4.6750002 -28.181 -1.056 11
-5.2719998 -28.212999 -1.005 9
-5.7859998 -28.193001 -0.95999998 11
0 0 0 0
-3.8929999 -27.355 -1.015 6
-4.6069999 -28.223 -1.016 6
-5.1230001 -28.216999 -0.99199998 21
0 0 0 0
-3.381 -28.485001 -1.046 6
-3.839 -27.454 -1 5
0 0 0 0
0 0 0 0
0 0 0 0
0 0 0 0
0 0 0 0
-1.2130001 -23.576 -0.80500001 13
0 0 0 0
0 0 0 0
0 0 0 0
0 0 0 0
0 0 0 0
0 0 0 0
0 0 0 0
0 0 0 0
0 0 0 0
0 0 0 0
0 0 0 0
0 0 0 0
0 0 0 0
-0.301 -12.654 -0.493 1
0 0 0 0
0 0 0 0
0 0 0 0
0 0 0 0
0 0 0 0
0.96899998 -15.19 -0.44299999 4
0 0 0 0
0 0 0 0
0.103 -24.598 -1.105 5
1.114 -12.823 -0.36199999 3
0.84799999 -12.803 -0.44600001 2
0 0 0 0
0.56099999 -20.438 -0.94499999 4
1.411 -12.8 -0.34999999 4
1.148 -12.81 -0.44499999 3
0.87599999 -12.807 -0.53100002 3
0.77200001 -15.321 -0.72899997 5
1.7130001 -12.836 -0.34 3
1.4450001 -12.814 -0.44400001 4
1.174 -12.796 -0.53899997 3
0.94 -12.784 -0.62599999 5
2.013 -12.842 -0.329 3
1.749 -12.859 -0.44400001 3
1.474 -12.841 -0.55000001 4
1.242 -12.84 -0.64700001 2
0 0 0 0
2.049 -12.847 -0.44299999 3
1.777 -12.844 -0.56 4
1.54 -12.829 -0.66500002 4
0 0 0 0
0 0 0 0
2.0799999 -12.846 -0.56999999 4
1.844 -12.847 -0.68599999 2
0 0 0 0
0 0 0 0
0 0 0 0
2.1530001 -12.837 -0.70599997 3
0 0 0 0
0 0 0 0
0 0 0 0
0 0 0 0
0 0 0 0
0 0 0 0
0 0 0 0
0 0 0 0
0 0 0 0
2.3829999 -8.5030003 -0.29499999 0
0 0 0 0
0 0 0 0
0 0 0 0
2.405 -7.8829999 -0.27500001 0
2.372 -8.3699999 -0.41 0
0 0 0 0
0 0 0 0
2.4319999 -7.3649998 -0.25799999 0
0 0 0 0
0 0 0 0
1.265 -3.349 -0.063000001 26
1.192 -3.346 -0.118 4
0 0 0 0
0 0 0 0
1.349 -3.3399999 -0.061000001 24
1.278 -3.3440001 -0.118 26
1.206 -3.349 -0.17399999 11
0 0 0 0
1.441 -3.345 -0.059 22
1.367 -3.3429999 -0.119 24
1.299 -3.359 -0.17900001 24
0 0 0 0
1.538 -3.3570001 -0.057 20
1.457 -3.3440001 -0.12 24
1.383 -3.346 -0.182 23
1.316 -3.339 -0.237 24
1.628 -3.3510001 -0.055 17
1.548 -3.3410001 -0.121 22
1.478 -3.355 -0.18700001 22
1.406 -3.3369999 -0.244 23
1.727 -3.3610001 -0.052999999 15
1.643 -3.342 -0.123 19
1.572 -3.3540001 -0.191 22
1.499 -3.3380001 -0.25099999 21
1.8279999 -3.3670001 -0.050999999 9
1.74 -3.346 -0.124 18
1.6720001 -3.3629999 -0.197 19
1.599 -3.3469999 -0.25999999 20
0 0 0 0
0 0 0 0
1.773 -3.369 -0.20200001 18
1.693 -3.3410001 -0.26699999 19
0 0 0 0
0 0 0 0
0 0 0 0
1.808 -3.368 -0.278 15
0 0 0 0
0 0 0 0
0 0 0 0
0 0 0 0
2.2590001 -3.3870001 -0.045000002 10
2.1789999 -3.388 -0.133 15
2.0999999 -3.391 -0.22 16
0 0 0 0
2.3699999 -3.3859999 -0.043000001 11
2.2920001 -3.391 -0.13500001 16
2.2119999 -3.3940001 -0.226 16
2.1400001 -3.392 -0.30700001 15
2.4890001 -3.391 -0.041000001 11
2.4059999 -3.388 -0.138 16
2.3310001 -3.402 -0.233 16
2.256 -3.395 -0.317 11
2.615 -3.4000001 -0.039999999 11
2.526 -3.3900001 -0.14 16
2.448 -3.401 -0.23899999 16
2.369 -3.3889999 -0.32699999 12
0 0 0 0
3.427 -4.3870001 -0.185 0
2.5699999 -3.398 -0.24600001 15
2.4909999 -3.3889999 -0.338 12
0 0 0 0
0 0 0 0
0 0 0 0
2.6270001 -3.4030001 -0.34999999 11
0 0 0 0
0 0 0 0
0 0 0 0
0 0 0 0
0 0 0 0
0 0 0 0
0 0 0 0
0 0 0 0
0 0 0 0
0 0 0 0
0 0 0 0
0 0 0 0
0 0 0 0
0 0 0 0
0 0 0 0
0 0 0 0
3.3280001 -3.145 -0.028999999 14
0 0 0 0
0 0 0 0
0 0 0 0
0 0 0 0
3.3889999 -3.138 -0.15800001 6
3.322 -3.1570001 -0.287 17
0 0 0 0
0 0 0 0
0 0 0 0
3.47 -3.1470001 -0.296 0
3.3789999 -3.132 -0.414 3
0 0 0 0
0 0 0 0
0 0 0 0
0 0 0 0
0 0 0 0
0 0 0 0
0 0 0 0
0 0 0 0
0 0 0 0
0 0 0 0
0 0 0 0
0 0 0 0
0 0 0 0
0 0 0 0
0 0 0 0
0 0 0 0
0 0 0 0
0 0 0 0
0 0 0 0
0 0 0 0
0 0 0 0
0 0 0 0
0 0 0 0
0 0 0 0
3.3310001 -2.0669999 -0.017000001 11
0 0 0 0
3.3710001 -2.175 -0.27200001 1
1.325 -0.87 -0.154 2
3.3050001 -1.948 -0.016000001 11
3.3570001 -2.016 -0.141 17
3.3540001 -2.0550001 -0.26899999 13
1.4 -0.87199998 -0.162 3
2.875 -1.6109999 -0.014 2
3.2420001 -1.848 -0.13500001 11
3.365 -1.954 -0.26899999 13
1.5319999 -0.90499997 -0.176 4
2.8789999 -1.528 -0.013 4
2.878 -1.554 -0.119 4
0 0 0 0
1.665 -0.93000001 -0.191 3
2.885 -1.451 -0.013 4
2.8829999 -1.472 -0.119 4
0 0 0 0
1.747 -0.92199999 -0.199 3
2.8770001 -1.367 -0.013 6
2.8699999 -1.383 -0.118 5
1.845 -0.90499997 -0.145 0
1.781 -0.88499999 -0.20299999 2
2.8840001 -1.2920001 -0.013 6
2.8900001 -1.312 -0.118 6
1.949 -0.89899999 -0.153 3
1.8049999 -0.84399998 -0.205 2
2.9000001 -1.221 -0.013 6
2.895 -1.235 -0.118 6
2.1329999 -0.92400002 -0.167 3
1.794 -0.787 -0.20299999 1
2.8989999 -1.145 -0.013 6
2.8929999 -1.156 -0.118 8
2.329 -0.94499999 -0.182 3
1.803 -0.74000001 -0.20299999 1
2.9070001 -1.074 -0.013 6
2.8929999 -1.08 -0.118 9
2.5339999 -0.95999998 -0.198 3
1.8099999 -0.69199997 -0.204 1
3.1259999 -1.076 -0.015 0
0 0 0 0
2.5680001 -0.903 -0.20100001 0
1.834 -0.65200001 -0.206 1
0 0 0 0
0 0 0 0
2.5769999 -0.83899999 -0.20100001 0
1.844 -0.60600001 -0.207 1
0 0 0 0
9.8529997 -2.925 -0.405 1
0 0 0 0
1.858 -0.56199998 -0.20900001 1
2.9119999 -0.78799999 -0.015 87
2.9100001 -0.79100001 -0.12 67
2.849 -0.78200001 -0.223 5
1.855 -0.51200002 -0.208 1
2.9119999 -0.71899998 -0.016000001 99
2.9119999 -0.72100002 -0.12 101
2.9030001 -0.72399998 -0.227 9
1.8839999 -0.472 -0.212 0
2.9100001 -0.64899999 -0.016000001 104
2.9170001 -0.65100002 -0.121 103
2.904 -0.65100002 -0.228 9
1.877 -0.42199999 -0.211 0
2.9170001 -0.583 -0.017000001 105
2.9200001 -0.58200002 -0.121 103
2.901 -0.57999998 -0.228 8
1.89 -0.377 -0.212 0
2.921 -0.51700002 -0.017999999 97
2.9230001 -0.51300001 -0.122 106
2.915 -0.51200002 -0.229 8
1.906 -0.333 -0.214 0
2.9230001 -0.44999999 -0.018999999 102
2.9260001 -0.44499999 -0.123 98
2.9159999 -0.44100001 -0.23 9
1.929 -0.28999999 -0.21699999 0
2.931 -0.384 -0.02 106
2.928 -0.377 -0.124 93
2.921 -0.37200001 -0.23100001 9
1.921 -0.242 -0.21699999 0
1.434 -0.155 -0.0099999998 6
1.41 -0.148 -0.059999999 20
1.395 -0.14399999 -0.11 39
1.381 -0.14 -0.156 30
0 0 0 0
0 0 0 0
0 0 0 0
0 0 0 0
0 0 0 0
0 0 0 0
0 0 0 0
1.939 -0.102 -0.22 2
2.9349999 -0.12 -0.025 128
2.9360001 -0.106 -0.12800001 97
0 0 0 0
1.9579999 -0.056000002 -0.223 0
2.947 -0.055 -0.027000001 113
2.941 -0.039000001 -0.13 110
2.938 -0.025 -0.237 10
1.947 -0.0089999996 -0.223 0
2.9460001 0.0099999998 -0.028000001 108
2.951 0.028000001 -0.132 100
2.9360001 0.043000001 -0.23800001 9
1.955 0.037999999 -0.22400001 0
2.9489999 0.075999998 -0.029999999 103
2.954 0.096000001 -0.133 92
2.937 0.112 -0.23999999 8
1.966 0.085000001 -0.226 0
2.9489999 0.142 -0.030999999 101
2.951 0.164 -0.13500001 91
2.905 0.18000001 -0.23899999 5
1.956 0.133 -0.226 0
2.9549999 0.20900001 -0.033 96
2.954 0.233 -0.13699999 95
2.9430001 0.252 -0.243 7
1.969 0.18099999 -0.229 0
2.9560001 0.27599999 -0.035 95
2.9630001 0.30199999 -0.139 90
2.948 0.32300001 -0.245 7
1.973 0.23 -0.23 0
2.957 0.34299999 -0.037 94
2.9619999 0.37099999 -0.14 92
2.908 0.38800001 -0.244 5
1.951 0.27500001 -0.229 2
2.967 0.412 -0.039000001 98
2.658 0.39500001 -0.12800001 20
2.628 0.414 -0.222 41
1.9680001 0.32600001 -0.23199999 2
2.6370001 0.426 -0.037 21
2.9400001 0.50599998 -0.14300001 142
2.9389999 0.53399998 -0.25 5
1.96 0.37400001 -0.233 0
2.9679999 0.54799998 -0.044 88
2.973 0.58200002 -0.147 91
2.948 0.60699999 -0.25299999 6
1.9579999 0.42199999 -0.234 0
2.974 0.61900002 -0.046 92
2.9749999 0.65499997 -0.149 89
2.9489999 0.68099999 -0.25600001 6
1.97 0.47499999 -0.237 0
2.973 0.68900001 -0.048999999 87
2.97 0.72600001 -0.152 89
2.9549999 0.75700003 -0.259 6
1.976 0.528 -0.23899999 0
2.9820001 0.76200002 -0.052000001 84
2.987 0.80299997 -0.155 82
2.957 0.83200002 -0.26100001 6
1.969 0.57700002 -0.23999999 0
2.9879999 0.83499998 -0.055 92
1.436 0.42199999 -0.075999998 1
1.4170001 0.435 -0.126 34
1.401 0.44800001 -0.17200001 22
1.4450001 0.43900001 -0.028000001 30
1.4299999 0.456 -0.077 29
0 0 0 0
0 0 0 0
0 0 0 0
0 0 0 0
0 0 0 0
1.961 0.73199999 -0.245 0
2.99 1.057 -0.064000003 83
2.9960001 1.109 -0.167 82
0 0 0 0
1.944 0.78100002 -0.245 0
2.9949999 1.136 -0.067000002 78
2.9949999 1.188 -0.17 85
2.974 1.232 -0.278 6
1.9349999 0.83200002 -0.24600001 0
2.9920001 1.2130001 -0.071000002 79
3.0039999 1.274 -0.17399999 83
2.9760001 1.3150001 -0.28099999 6
1.919 0.88099998 -0.24699999 0
2.994 1.2920001 -0.074000001 99
2.892 1.3049999 -0.171 150
2.6440001 1.245 -0.25299999 9
1.926 0.94099998 -0.25 0
3.01 1.381 -0.079000004 87
3.0079999 1.442 -0.182 85
2.4860001 1.242 -0.241 13
1.941 1.006 -0.255 0
3.0009999 1.459 -0.082000002 73
3.0079999 1.528 -0.186 100
2.3469999 1.243 -0.23100001 18
1.891 1.039 -0.25099999 0
3.016 1.551 -0.086999997 82
3.0120001 1.62 -0.19 24
2.4030001 1.346 -0.23999999 16
1.891 1.1 -0.25400001 0
3.007 1.6339999 -0.090999998 5
0 0 0 0
2.365 1.4 -0.23999999 15
0 0 0 0
0 0 0 0
0 0 0 0
1.681 1.049 -0.17299999 6
0 0 0 0
0 0 0 0
0 0 0 0
1.655 1.0880001 -0.17299999 11
0 0 0 0
0 0 0 0
1.658 1.1 -0.115 2
2.402 1.6619999 -0.25600001 11
0 0 0 0
0 0 0 0
2.4719999 1.723 -0.176 3
2.474 1.799 -0.26800001 4
0 0 0 0
0 0 0 0
2.4590001 1.8 -0.18000001 4
2.4660001 1.8839999 -0.27200001 4
0 0 0 0
0 0 0 0
2.493 1.914 -0.18700001 3
2.4679999 1.98 -0.278 4
0 0 0 0
0 0 0 0
2.4820001 2 -0.192 5
3.0710001 2.586 -0.35299999 8
0 0 0 0
0 0 0 0
3.0669999 2.5899999 -0.244 36
2.3559999 2.0810001 -0.27599999 5
0 0 0 0
0 0 0 0
2.3629999 2.092 -0.193 4
0 0 0 0
0 0 0 0
0 0 0 0
3.5710001 3.3110001 -0.301 1
0 0 0 0
0 0 0 0
0 0 0 0
3.5510001 3.448 -0.30899999 2
0 0 0 0
0 0 0 0
0 0 0 0
3.5639999 3.625 -0.31999999 1
0 0 0 0
0 0 0 0
0 0 0 0
3.579 3.8150001 -0.333 0
3.447 3.8599999 -0.454 0
0 0 0 0
0 0 0 0
2.931 3.273 -0.28200001 10
3.359 3.9449999 -0.45500001 1
0 0 0 0
0 0 0 0
3.1470001 3.6830001 -0.31299999 0
3.267 4.0240002 -0.454 2
0 0 0 0
0 0 0 0
3.0510001 3.743 -0.315 1
1.999 2.5840001 -0.28600001 10
0 0 0 0
0 0 0 0
2.2119999 2.845 -0.237 93
3.0869999 4.1919999 -0.45500001 0
0 0 0 0
0 0 0 0
1.696 2.29 -0.189 3
2.9860001 4.2610002 -0.454 3
0 0 0 0
0 0 0 0
2.7850001 3.948 -0.32300001 0
2.8840001 4.3309999 -0.454 3
0 0 0 0
0 0 0 0
2.714 4.046 -0.329 0
2.793 4.4190001 -0.45500001 2
0 0 0 0
3.3180001 4.8979998 -0.30000001 14
2.6029999 4.0830002 -0.329 0
1.817 3.03 -0.30700001 6
0 0 0 0
3.1619999 4.9089999 -0.303 16
1.839 3.039 -0.243 8
2.6099999 4.5960002 -0.458 1
0 0 0 0
1.84 3.0050001 -0.18700001 7
1.5829999 2.7590001 -0.22 6
0 0 0 0
0 0 0 0
1.613 2.7739999 -0.175 11
0 0 0 0
0 0 0 0
0 0 0 0
0 0 0 0
0 0 0 0
0 0 0 0
0 0 0 0
0 0 0 0
0 0 0 0
1.492 3.323 -0.31299999 13
0 0 0 0
0 0 0 0
0 0 0 0
2.096 4.9770002 -0.46200001 0
0 0 0 0
0 0 0 0
1.2589999 2.9400001 -0.229 10
1.196 3.039 -0.27900001 26
0.61900002 1.707 -0.178 9
1.276 2.927 -0.19400001 22
1.2130001 3.027 -0.235 11
0.62099999 1.694 -0.153 1
1.698 5.0510001 -0.51700002 0
0 0 0 0
0.625 1.67 -0.12899999 1
1.702 4.9990001 -0.44800001 0
1.5549999 5.0170002 -0.50400001 0
0 0 0 0
0.60399997 1.738 -0.13500001 3
1.567 4.987 -0.442 1
0.65700001 2.313 -0.228 0
0.61199999 1.719 -0.118 20
1.599 4.9660001 -0.38499999 2
0 0 0 0
0.62199998 2.4070001 -0.233 16
1.6390001 4.967 -0.345 14
1.4680001 4.96 -0.384 2
0.64099997 2.438 -0.211 4
1.165 4.994 -0.477 1
1.5089999 4.9569998 -0.34799999 14
0.75300002 2.7809999 -0.215 11
0 0 0 0
0 0 0 0
0.77399999 2.7750001 -0.197 0
0.59899998 2.4360001 -0.18799999 6
0 0 0 0
0 0 0 0
0.61699998 2.427 -0.17399999 19
0.95899999 4.3400002 -0.336 0
0 0 0 0
0 0 0 0
0 0 0 0
0.87800002 4.4549999 -0.345 57
0 0 0 0
0 0 0 0
0 0 0 0
0.75999999 4.395 -0.34099999 0
0 0 0 0
0 0 0 0
0.80699998 4.454 -0.333 1
0.64899999 4.3639998 -0.34 7
0.34999999 2.9960001 -0.24699999 8
0 0 0 0
0.68199998 4.335 -0.32800001 3
0.373 2.983 -0.233 4
0.46900001 5.0689998 -0.414 0
0 0 0 0
0.66799998 5.02 -0.38499999 0
0.50800002 5.0240002 -0.39300001 0
0 0 0 0
0 0 0 0
0.55299997 5.053 -0.39300001 0
0 0 0 0
0 0 0 0
0.028000001 1.725 -0.14300001 3
0 0 0 0
0 0 0 0
0 0 0 0
-0.011 1.72 -0.14 10
0 0 0 0
0 0 0 0
-0.0020000001 1.722 -0.13699999 15
0 0 0 0
0.146 3.7460001 -0.30399999 5
0.011 1.724 -0.13699999 41
0 0 0 0
0 0 0 0
0.034000002 2.221 -0.182 46
-0.028000001 1.721 -0.13699999 20
0 0 0 0
0 0 0 0
-0.013 1.721 -0.14300001 11
0 0 0 0
0 0 0 0
0 0 0 0
0 0 0 0
0 0 0 0
0 0 0 0
-0.47400001 3.7950001 -0.28999999 1
0 0 0 0
0 0 0 0
0 0 0 0
0 0 0 0
0 0 0 0
0 0 0 0
0 0 0 0
0 0 0 0
0 0 0 0
0 0 0 0
0 0 0 0
-0.75099999 3.8169999 -0.28099999 1
-0.47499999 3.7679999 -0.33899999 1
0 0 0 0
-0.72600001 3.8 -0.294 1
0 0 0 0
0 0 0 0
0 0 0 0
-0.82099998 3.813 -0.294 0
0 0 0 0
0 0 0 0
-0.78799999 3.8099999 -0.32100001 5
-0.48800001 2.0350001 -0.15700001 59
-1.273 4.7080002 -0.33399999 57
0 0 0 0
0 0 0 0
-0.63999999 2.4170001 -0.186 12
-1.391 4.7049999 -0.33000001 59
0 0 0 0
-0.61699998 2.4089999 -0.207 12
-1.365 4.7069998 -0.36199999 15
-1.513 4.7090001 -0.32699999 52
-0.53299999 2.148 -0.20999999 4
-1.327 4.71 -0.40799999 7
-1.492 4.7270002 -0.36399999 14
0 0 0 0
-1.2920001 4.717 -0.46900001 2
-0.71799999 2.3399999 -0.205 0
-1.614 4.724 -0.36399999 10
0 0 0 0
0 0 0 0
-1.569 4.711 -0.417 2
-0.65899998 1.7920001 -0.138 2
-1.899 4.7480001 -0.31900001 23
0 0 0 0
-0.639 1.777 -0.15899999 1
-1.609 4.0799999 -0.315 9
-2.03 4.7529998 -0.31600001 61
-0.63999999 1.821 -0.191 0
0 0 0 0
-2.0139999 4.7750001 -0.36899999 11
-1.08 2.375 -0.156 150
0 0 0 0
0 0 0 0
-2.1440001 4.77 -0.36899999 17
-2.312 4.7870002 -0.31200001 15
0 0 0 0
-2.112 4.783 -0.44400001 6
0 0 0 0
-2.4400001 4.7659998 -0.308 30
0 0 0 0
0 0 0 0
0 0 0 0
-2.5899999 4.7870002 -0.30599999 62
0 0 0 0
-1.233 2.4719999 -0.235 21
-2.5840001 4.816 -0.377 12
-2.734 4.7859998 -0.303 19
-1.23 2.4979999 -0.289 55
-1.345 2.543 -0.245 5
-2.5999999 4.5869999 -0.36000001 6
0 0 0 0
-1.335 2.5569999 -0.30199999 59
-2.687 4.8039999 -0.47099999 1
0 0 0 0
0 0 0 0
0 0 0 0
-0.66500002 1.127 -0.112 1
0 0 0 0
-3.2130001 4.8169999 -0.29800001 21
0 0 0 0
0 0 0 0
-3.174 4.7870002 -0.38299999 6
-1.273 1.817 -0.111 39
0 0 0 0
0 0 0 0
-1.277 1.8329999 -0.147 5
-3.549 4.8239999 -0.294 21
0 0 0 0
-1.2869999 1.864 -0.19499999 3
-3.536 4.829 -0.39199999 14
-1.859 2.4100001 -0.145 5
-1.275 1.86 -0.245 0
0 0 0 0
-3.658 4.7600002 -0.38999999 0
-3.1889999 3.941 -0.236 18
-2.8239999 3.9170001 -0.52899998 0
0 0 0 0
-3.6689999 4.5500002 -0.37599999 15
-3.359 3.964 -0.236 27
0 0 0 0
0 0 0 0
-3.3640001 3.98 -0.33199999 27
-3.345 3.7690001 -0.223 15
0 0 0 0
0 0 0 0
-3.3599999 3.793 -0.31999999 13
-3.296 3.5450001 -0.20900001 39
-3.286 3.9289999 -0.57200003 0
0 0 0 0
0 0 0 0
-3.309 3.401 -0.199 44
0 0 0 0
0 0 0 0
0 0 0 0
-3.3340001 3.2739999 -0.191 78
0 0 0 0
0 0 0 0
-3.905 3.835 -0.336 12
-3.427 3.2130001 -0.18700001 14
0 0 0 0
0 0 0 0
-3.9619999 3.7149999 -0.33000001 1
-3.4030001 3.049 -0.177 60
0 0 0 0
0 0 0 0
-3.9630001 3.546 -0.31999999 17
-1.444 1.2359999 -0.071000002 151
0 0 0 0
0 0 0 0
-1.452 1.24 -0.113 33
-3.434 2.8050001 -0.162 60
0 0 0 0
-1.448 1.238 -0.164 13
-4.21 3.431 -0.31999999 32
-1.285 1.002 -0.057 4
-1.442 1.229 -0.219 23
-2.7349999 2.2279999 -0.30399999 0
-1.291 1.003 -0.094999999 33
-3.4389999 2.559 -0.147 75
0 0 0 0
-1.285 0.99699998 -0.14 1
-3.5039999 2.595 -0.252 95
-3.4319999 2.4330001 -0.14 94
0 0 0 0
0 0 0 0
0 0 0 0
-3.437 2.322 -0.134 53
0 0 0 0
0 0 0 0
-4.1880002 2.8110001 -0.28600001 15
-3.4489999 2.2179999 -0.12800001 104
0 0 0 0
-4.25 2.8410001 -0.44 0
-4.1739998 2.664 -0.278 60
-3.438 2.1010001 -0.122 30
0 0 0 0
0 0 0 0
-4.2059999 2.55 -0.273 9
-3.4649999 2.0120001 -0.117 143
0 0 0 0
0 0 0 0
-4.2680001 2.454 -0.27000001 11
-3.4779999 1.916 -0.113 45
-3.474 2.069 -0.479 0
0 0 0 0
-4.7600002 2.5929999 -0.29499999 13
-3.6930001 1.926 -0.114 47
0 0 0 0
0 0 0 0
-4.434 2.2850001 -0.26800001 4
-3.9560001 1.951 -0.117 46
0 0 0 0
0 0 0 0
-4.401 2.1400001 -0.26100001 135
-4.586 2.135 -0.13 1
0 0 0 0
0 0 0 0
-4.6339998 2.1229999 -0.26899999 0
-4.8979998 2.1459999 -0.132 0
0 0 0 0
0 0 0 0
0 0 0 0
0 0 0 0
0 0 0 0
0 0 0 0
-7.7399998 3.1229999 -0.43099999 1
0 0 0 0
0 0 0 0
-7.7189999 3.0550001 -0.704 0
-7.756 2.924 -0.42399999 2
-7.6900001 2.7679999 -0.182 43
0 0 0 0
-7.7470002 2.855 -0.69800001 0
-7.7410002 2.717 -0.41499999 2
0 0 0 0
-2.194 0.78600001 -0.28 0
0 0 0 0
0 0 0 0
0 0 0 0
-2.184 0.72299999 -0.27599999 0
0 0 0 0
0 0 0 0
0 0 0 0
-2.171 0.66100001 -0.27200001 0
0 0 0 0
-7.105 1.955 -0.361 1
-7.1490002 1.8660001 -0.141 14
0 0 0 0
0 0 0 0
0 0 0 0
-8.2600002 1.959 -0.156 20
0 0 0 0
0 0 0 0
0 0 0 0
-8.8590002 1.892 -0.16 4
0 0 0 0
0 0 0 0
0 0 0 0
-5.0469999 0.95899999 -0.086999997 30
0 0 0 0
0 0 0 0
0 0 0 0
-4.8470001 0.80900002 -0.079999998 3
0 0 0 0
0 0 0 0
-4.796 0.74199998 -0.226 13
-3.223 0.46399999 -0.050999999 44
0 0 0 0
-3.1619999 0.44800001 -0.26199999 20
-3.256 0.42699999 -0.15099999 65
-3.2390001 0.39199999 -0.048999999 36
0 0 0 0
-3.3380001 0.39399999 -0.27500001 6
0 0 0 0
-10.94 1.077 -0.16 78
0 0 0 0
0 0 0 0
0 0 0 0
-10.942 0.82999998 -0.154 116
0 0 0 0
0 0 0 0
-2.977 0.184 -0.133 33
-2.961 0.15700001 -0.039999999 51
-2.2179999 0.12 -0.26300001 0
-2.8150001 0.132 -0.228 21
-2.971 0.115 -0.131 35
-2.983 0.092 -0.037999999 42
0 0 0 0
0 0 0 0
-7.0640001 0.111 -0.31 0
-8.5600004 0.072999999 -0.107 7
-2.2130001 0.012 -0.26100001 0
0 0 0 0
-6.967 -0.048 -0.303 0
-8.559 -0.119 -0.103 3
-2.191 -0.039000001 -0.257 0
0 0 0 0
-6.809 -0.20299999 -0.29300001 0
-8.3730001 -0.30399999 -0.097000003 148
-2.1789999 -0.092 -0.255 0
0 0 0 0
-6.6729999 -0.35299999 -0.285 1
-8.4960003 -0.498 -0.094999999 6
-2.181 -0.145 -0.255 0
0 0 0 0
-6.4759998 -0.49200001 -0.27500001 2
-8.6230001 -0.70099998 -0.093000002 1
-2.1789999 -0.197 -0.25400001 0
0 0 0 0
0 0 0 0
-8.6639996 -0.89899999 -0.090000004 1
0 0 0 0
0 0 0 0
0 0 0 0
0 0 0 0
-2.1329999 -0.29800001 -0.248 0
0 0 0 0
0 0 0 0
0 0 0 0
-2.142 -0.352 -0.249 0
0 0 0 0
0 0 0 0
0 0 0 0
-2.1210001 -0.40099999 -0.24600001 0
0 0 0 0
0 0 0 0
0 0 0 0
-2.109 -0.45199999 -0.245 0
-3.063 -0.65899998 -0.23899999 0
-2.668 -0.57800001 -0.109 4
-2.6559999 -0.58099997 -0.024 12
-2.1129999 -0.50599998 -0.245 0
-2.4920001 -0.597 -0.19400001 6
-2.48 -0.597 -0.101 7
-2.4879999 -0.60299999 -0.022 7
-2.118 -0.56199998 -0.24600001 0
-2.4860001 -0.65799999 -0.19400001 6
-2.487 -0.65899998 -0.101 6
-2.4820001 -0.66000003 -0.022 8
-2.0999999 -0.611 -0.244 0
-2.3770001 -0.69 -0.186 4
-2.4519999 -0.70999998 -0.1 0
-2.4300001 -0.70499998 -0.021 2
-2.063 -0.65399998 -0.23999999 0
0 0 0 0
0 0 0 0
-2.178 -0.685 -0.018999999 2
-2.0680001 -0.71200001 -0.241 1
0 0 0 0
0 0 0 0
0 0 0 0
-2.027 -0.75300002 -0.237 2
0 0 0 0
0 0 0 0
0 0 0 0
-1.891 -0.75400001 -0.221 2
0 0 0 0
0 0 0 0
0 0 0 0
-1.717 -0.73299998 -0.20100001 2
0 0 0 0
0 0 0 0
0 0 0 0
-1.608 -0.73299998 -0.189 2
0 0 0 0
0 0 0 0
0 0 0 0
-1.518 -0.736 -0.17900001 0
0 0 0 0
-7.6989999 -3.6429999 -0.31999999 0
0 0 0 0
0 0 0 0
0 0 0 0
-7.3099999 -3.668 -0.30599999 0
-8.7690001 -4.3590002 -0.079999998 4
0 0 0 0
0 0 0 0
0 0 0 0
-8.783 -4.6160002 -0.082000002 4
0 0 0 0
0 0 0 0
0 0 0 0
-1.362 -0.755 -0.013 0
0 0 0 0
-8.1789999 -4.9039998 -0.66399997 1
-8.1999998 -4.8449998 -0.35100001 0
-1.252 -0.73100001 -0.012 1
0 0 0 0
-8.2309999 -5.2030001 -0.67299998 1
-8.1990004 -5.0999999 -0.354 1
-1.2 -0.73699999 -0.012 1
0 0 0 0
-8.2159996 -5.4660001 -0.67699999 1
-8.2250004 -5.3800001 -0.359 1
-1.122 -0.72399998 -0.011 1
0 0 0 0
-8.2229996 -5.7519999 -0.68300003 1
-8.2320004 -5.6599998 -0.36399999 1
-1.119 -0.759 -0.012 0
0 0 0 0
-8.2290001 -6.0450001 -0.69 1
-8.2580004 -5.9590001 -0.37 1
-1.066 -0.75800002 -0.012 0
0 0 0 0
0 0 0 0
-8.2329998 -6.2309999 -0.37400001 1
-1.016 -0.75700003 -0.012 0
0 0 0 0
0 0 0 0
0 0 0 0
0 0 0 0
0 0 0 0
0 0 0 0
0 0 0 0
0 0 0 0
-8.3079996 -7.5609999 -1.067 1
-8.2969999 -7.3839998 -0.727 1
0 0 0 0
0 0 0 0
0 0 0 0
-8.3100004 -7.7490001 -0.73699999 1
-8.3330002 -7.6020002 -0.40599999 2
0 0 0 0
0 0 0 0
-8.3179998 -8.1260004 -0.74800003 1
-8.3280001 -7.9530001 -0.414 1
0 0 0 0
0 0 0 0
-8.3170004 -8.5159998 -0.759 1
-8.3450003 -8.3409996 -0.42399999 1
0 0 0 0
0 0 0 0
-8.3760004 -8.9849997 -0.77700001 1
0 0 0 0
0 0 0 0
0 0 0 0
-8.3669996 -9.4049997 -0.78899997 1
-8.3870001 -9.1890001 -0.447 1
0 0 0 0
0 0 0 0
-9.1120005 -10.74 -0.875 3
0 0 0 0
0 0 0 0
0 0 0 0
-9.1370001 -11.289 -0.89499998 4
0 0 0 0
0 0 0 0
0 0 0 0
-9.1669998 -11.881 -0.91600001 9
0 0 0 0
0 0 0 0
0 0 0 0
0 0 0 0
0 0 0 0
-9.1949997 -11.842 -0.222 2
0 0 0 0
0 0 0 0
0 0 0 0
0 0 0 0
0 0 0 0
0 0 0 0
0 0 0 0
0 0 0 0
0 0 0 0
0 0 0 0
0 0 0 0
0 0 0 0
0 0 0 0
0 0 0 0
0 0 0 0
0 0 0 0
0 0 0 0
0 0 0 0
0 0 0 0
0 0 0 0
0 0 0 0
0 0 0 0
0 0 0 0
0 0 0 0
0 0 0 0
0 0 0 0
0 0 0 0
0 0 0 0
0 0 0 0
0 0 0 0
0 0 0 0
0 0 0 0
0 0 0 0
0 0 0 0
0 0 0 0
0 0 0 0
0 0 0 0
0 0 0 0
0 0 0 0
0 0 0 0
0 0 0 0
0 0 0 0
0 0 0 0
0 0 0 0
-9.2060003 -26.312 -1.9529999 6
0 0 0 0
0 0 0 0
0 0 0 0
0 0 0 0
-9.3590002 -27.139999 -1.538 7
0 0 0 0
0 0 0 0
-7.6040001 -25.482 -1.796 16
-8.6800003 -27.212 -1.516 9
-9.2320004 -27.169001 -1.091 8
0 0 0 0
0 0 0 0
0 0 0 0
-8.5480003 -27.205 -1.091 7
-9.0089998 -27.132999 -0.73900002 10
0 0 0 0
0 0 0 0
-8.1400003 -28.145 -1.128 7
-8.3369999 -27.181999 -0.75999999 10
0 0 0 0
0 0 0 0
0 0 0 0
-7.9359999 -28.139 -0.80800003 7
0 0 0 0
0 0 0 0
0 0 0 0
0 0 0 0
0 0 0 0
-5.5190001 -28.224001 -1.454 6
-6.0679998 -28.108 -1.13 9
0 0 0 0
0 0 0 0
-4.8439999 -28.214001 -1.433 6
-5.4070001 -28.16 -1.135 9
-5.8870001 -28.115 -0.875 11
-3.6440001 -28.544001 -1.686 5
-4.0409999 -27.329 -1.37 7
0 0 0 0
-5.23 -28.167 -0.90100002 13
0 0 0 0
0 0 0 0
0 0 0 0
-4.3930001 -27.087999 -0.88999999 8
0 0 0 0
0 0 0 0
0 0 0 0
0 0 0 0
-1.3559999 -23.617001 -1.296 13
-2.2160001 -28.554001 -1.3789999 5
0 0 0 0
0 0 0 0
0 0 0 0
-1.286 -23.613001 -1.128 10
-1.765 -23.617001 -0.97399998 4
-2.619 -28.459999 -1.0140001 6
0 0 0 0
0 0 0 0
-1.22 -23.603001 -0.98000002 5
-1.635 -23.625 -0.86400002 10
0.29300001 -24.406 -1.245 5
0 0 0 0
-0.36300001 -12.675 -0.52999997 1
-1.087 -23.642 -0.889 5
0.62400001 -17.829 -0.88800001 3
0 0 0 0
0 0 0 0
-0.289 -12.59 -0.486 2
0.74699998 -12.861 -0.625 1
0 0 0 0
0 0 0 0
0 0 0 0
1.0420001 -12.801 -0.60699999 3
0.78200001 -12.802 -0.583 2
0.62 -15.328 -0.65799999 5
0 0 0 0
1.342 -12.811 -0.59299999 3
1.0779999 -12.805 -0.579 4
0.81400001 -12.777 -0.55400002 4
0.70499998 -15.288 -0.64099997 7
1.6440001 -12.84 -0.58099997 3
1.378 -12.841 -0.57700002 4
1.113 -12.814 -0.56199998 4
0.88599998 -12.813 -0.55199999 3
1.948 -12.867 -0.56800002 3
1.678 -12.844 -0.57300001 4
1.4119999 -12.836 -0.56999999 2
1.184 -12.821 -0.56800002 5
0 0 0 0
1.989 -12.888 -0.57200003 3
1.717 -12.871 -0.57800001 3
1.4859999 -12.829 -0.58399999 4
0 0 0 0
0 0 0 0
2.0220001 -12.869 -0.58499998 3
1.793 -12.866 -0.602 3
0 0 0 0
0 0 0 0
0 0 0 0
2.1070001 -12.91 -0.62099999 2
0 0 0 0
0 0 0 0
0 0 0 0
0 0 0 0
0 0 0 0
0 0 0 0
0 0 0 0
0 0 0 0
0 0 0 0
2.3239999 -8.4610004 -0.368 0
0 0 0 0
0 0 0 0
0 0 0 0
0 0 0 0
0 0 0 0
0 0 0 0
0 0 0 0
0 0 0 0
0 0 0 0
0 0 0 0
1.249 -3.3559999 -0.119 25
1.175 -3.3540001 -0.145 7
0 0 0 0
0 0 0 0
1.3329999 -3.345 -0.115 23
1.266 -3.362 -0.146 25
1.1950001 -3.3670001 -0.17299999 16
0 0 0 0
1.426 -3.3540001 -0.113 20
1.351 -3.352 -0.145 24
1.283 -3.368 -0.176 24
0 0 0 0
1.5190001 -3.359 -0.11 20
1.441 -3.3510001 -0.146 23
1.369 -3.3570001 -0.17900001 23
1.303 -3.348 -0.208 24
1.615 -3.3659999 -0.108 19
1.534 -3.3529999 -0.146 21
1.4630001 -3.3640001 -0.183 22
1.395 -3.352 -0.214 23
1.714 -3.3740001 -0.105 15
1.6289999 -3.355 -0.147 20
1.559 -3.3670001 -0.18700001 20
1.4859999 -3.348 -0.221 20
0 0 0 0
1.727 -3.358 -0.148 19
1.6569999 -3.3710001 -0.191 19
1.584 -3.3529999 -0.228 20
0 0 0 0
0 0 0 0
1.7589999 -3.3800001 -0.19599999 18
1.687 -3.3640001 -0.235 19
0 0 0 0
0 0 0 0
0 0 0 0
1.798 -3.3840001 -0.244 9
2.1329999 -3.395 -0.096000001 11
2.0450001 -3.381 -0.15099999 16
0 0 0 0
0 0 0 0
2.247 -3.402 -0.093000002 14
2.1600001 -3.392 -0.153 16
2.0829999 -3.4000001 -0.211 15
0 0 0 0
2.3629999 -3.4070001 -0.090999998 16
2.279 -3.404 -0.155 17
2.1989999 -3.408 -0.21600001 16
2.132 -3.4119999 -0.271 15
2.484 -3.415 -0.089000002 15
2.3940001 -3.4059999 -0.15700001 17
2.3110001 -3.405 -0.222 16
2.2479999 -3.414 -0.28 15
2.6059999 -3.418 -0.086999997 12
2.517 -3.4100001 -0.15899999 17
2.438 -3.4189999 -0.228 16
2.3659999 -3.4159999 -0.289 15
0 0 0 0
0 0 0 0
2.562 -3.4200001 -0.235 15
2.4849999 -3.4119999 -0.29899999 12
0 0 0 0
0 0 0 0
2.727 -3.4690001 -0.244 0
2.618 -3.4219999 -0.31 7
0 0 0 0
0 0 0 0
0 0 0 0
0 0 0 0
0 0 0 0
0 0 0 0
0 0 0 0
0 0 0 0
0 0 0 0
0 0 0 0
3.0710001 -3.391 -0.26100001 0
0 0 0 0
0 0 0 0
0 0 0 0
3.161 -3.3310001 -0.264 1
0 0 0 0
3.3169999 -3.161 -0.066 13
0 0 0 0
3.276 -3.293 -0.26899999 13
0 0 0 0
0 0 0 0
3.378 -3.1559999 -0.167 2
3.3039999 -3.1689999 -0.26800001 17
0 0 0 0
0 0 0 0
0 0 0 0
0 0 0 0
3.3759999 -3.1559999 -0.36899999 3
0 0 0 0
0 0 0 0
0 0 0 0
0 0 0 0
0 0 0 0
0 0 0 0
0 0 0 0
0 0 0 0
0 0 0 0
0 0 0 0
0 0 0 0
0 0 0 0
0 0 0 0
0 0 0 0
0 0 0 0
0 0 0 0
0 0 0 0
0 0 0 0
0 0 0 0
0 0 0 0
0 0 0 0
0 0 0 0
0 0 0 0
0 0 0 0
0 0 0 0
0 0 0 0
0 0 0 0
0 0 0 0
3.3410001 -1.988 -0.032000002 15
3.3429999 -2.0280001 -0.139 17
3.3440001 -2.0699999 -0.248 14
0 0 0 0
2.8540001 -1.613 -0.025 1
3.3380001 -1.921 -0.13699999 10
3.352 -1.9680001 -0.24699999 14
1.5 -0.89399999 -0.155 3
2.8640001 -1.535 -0.023 4
2.8699999 -1.566 -0.116 3
0 0 0 0
1.595 -0.89999998 -0.16500001 4
2.858 -1.45 -0.022 4
2.869 -1.4809999 -0.115 4
0 0 0 0
1.807 -0.96399999 -0.186 4
1.89 -0.90600002 -0.013 5
1.8839999 -0.91799998 -0.074000001 0
0 0 0 0
1.909 -0.95899999 -0.19599999 4
2.8789999 -1.302 -0.018999999 6
2.881 -1.323 -0.113 5
0 0 0 0
1.896 -0.89700001 -0.19499999 3
2.8829999 -1.226 -0.017000001 6
2.881 -1.244 -0.112 6
2.089 -0.91600001 -0.15099999 3
1.942 -0.86299998 -0.199 1
2.882 -1.151 -0.016000001 6
2.8770001 -1.165 -0.111 8
2.2980001 -0.94499999 -0.16500001 4
1.966 -0.81699997 -0.20100001 1
2.905 -1.085 -0.015 3
2.8859999 -1.0930001 -0.11 8
2.5539999 -0.98100001 -0.183 3
1.9579999 -0.75999999 -0.20100001 0
0 0 0 0
3.1329999 -1.104 -0.119 0
2.7460001 -0.98100001 -0.197 0
1.978 -0.713 -0.20200001 0
3.3710001 -1.091 -0.015 0
0 0 0 0
2.7309999 -0.903 -0.19499999 0
1.9859999 -0.662 -0.20299999 0
0 0 0 0
0 0 0 0
2.77 -0.84500003 -0.198 0
2.006 -0.616 -0.205 0
0 0 0 0
2.8989999 -0.80199999 -0.108 96
2.8959999 -0.80900002 -0.207 13
2.017 -0.56699997 -0.207 0
2.901 -0.727 -0.011 105
2.901 -0.73199999 -0.108 102
2.902 -0.73799998 -0.207 15
2.026 -0.51700002 -0.208 0
2.9030001 -0.65899998 -0.0099999998 100
2.911 -0.66299999 -0.108 101
2.9130001 -0.66799998 -0.208 19
2.0380001 -0.46799999 -0.20999999 0
2.914 -0.59399998 -0.0099999998 102
2.914 -0.59399998 -0.108 97
2.902 -0.59399998 -0.208 16
2.05 -0.419 -0.211 0
2.9100001 -0.52499998 -0.0099999998 105
2.9130001 -0.52499998 -0.108 102
2.918 -0.52600002 -0.20900001 22
2.066 -0.37099999 -0.213 0
2.915 -0.45899999 -0.0089999996 106
2.9170001 -0.456 -0.108 99
2.921 -0.45500001 -0.20999999 23
2.053 -0.31799999 -0.213 0
2.924 -0.39399999 -0.0089999996 108
2.9170001 -0.38800001 -0.108 111
2.9189999 -0.38499999 -0.20999999 23
2.085 -0.271 -0.21600001 0
1.4299999 -0.16 -0.0040000002 19
1.41 -0.154 -0.052000001 40
1.395 -0.15000001 -0.1 39
1.382 -0.146 -0.14399999 42
0 0 0 0
0 0 0 0
0 0 0 0
0 0 0 0
0 0 0 0
0 0 0 0
0 0 0 0
0 0 0 0
2.9330001 -0.13 -0.0089999996 140
2.927 -0.118 -0.11 118
2.9360001 -0.109 -0.214 36
0 0 0 0
2.931 -0.064000003 -0.0089999996 120
2.934 -0.050999999 -0.11 126
2.9400001 -0.039000001 -0.215 26
2.108 -0.017999999 -0.223 0
2.9349999 0.001 -0.0089999996 120
2.9400001 0.016000001 -0.111 115
2.941 0.029999999 -0.21600001 23
2.1159999 0.032000002 -0.22499999 0
2.9460001 0.066 -0.0099999998 109
2.9400001 0.083999999 -0.112 105
2.951 0.1 -0.21799999 23
2.105 0.082999997 -0.22499999 0
2.9460001 0.132 -0.0099999998 103
2.948 0.152 -0.113 98
2.9530001 0.169 -0.22 23
2.1229999 0.13500001 -0.228 0
2.948 0.198 -0.011 96
2.9519999 0.22 -0.114 101
2.9630001 0.241 -0.222 23
2.1210001 0.186 -0.229 0
2.954 0.266 -0.011 97
2.9530001 0.28799999 -0.115 100
2.9630001 0.31099999 -0.223 23
2.1159999 0.237 -0.23 0
2.9560001 0.33199999 -0.012 96
2.961 0.35800001 -0.116 101
2.9649999 0.382 -0.22499999 23
2.1170001 0.289 -0.23199999 2
2.9530001 0.40000001 -0.013 113
2.6470001 0.38299999 -0.105 20
2.6440001 0.405 -0.20200001 32
2.112 0.34099999 -0.233 0
2.618 0.414 -0.012 19
2.941 0.49399999 -0.118 145
2.9719999 0.528 -0.229 23
2.109 0.39300001 -0.234 0
2.9619999 0.537 -0.014 89
2.967 0.56900001 -0.12 97
2.9760001 0.60100001 -0.23100001 24
2.112 0.447 -0.236 0
2.973 0.60799998 -0.015 84
2.9760001 0.64099997 -0.122 82
2.9749999 0.67400002 -0.233 23
2.0969999 0.49700001 -0.236 0
2.974 0.67799997 -0.017000001 92
2.971 0.713 -0.123 92
2.98 0.74900001 -0.235 24
2.1059999 0.55299997 -0.23899999 0
2.9779999 0.75 -0.017999999 95
2.9879999 0.79000002 -0.125 92
2.9879999 0.82700002 -0.23800001 23
2.099 0.60600001 -0.23999999 0
2.9809999 0.82200003 -0.018999999 88
1.441 0.41600001 -0.061000001 6
1.423 0.43000001 -0.114 33
1.405 0.44299999 -0.162 28
1.449 0.435 -0.0099999998 32
1.436 0.45199999 -0.061999999 33
0 0 0 0
0 0 0 0
0 0 0 0
0 0 0 0
3.0079999 1.068 -0.24699999 18
2.9990001 1.108 -0.35299999 7
2.993 1.0470001 -0.024 87
3.0009999 1.098 -0.133 83
3.006 1.148 -0.249 18
3.0090001 1.1950001 -0.35800001 7
2.9979999 1.125 -0.025 93
2.997 1.176 -0.13500001 86
3.016 1.234 -0.25299999 17
3.0120001 1.2819999 -0.36199999 7
3 1.2029999 -0.027000001 92
3.003 1.2589999 -0.138 90
3.013 1.316 -0.25600001 16
3.016 1.37 -0.366 7
2.9230001 1.25 -0.028000001 150
3.0120001 1.345 -0.141 85
3.013 1.403 -0.259 14
2.0309999 0.98199999 -0.249 0
3.0090001 1.367 -0.030999999 85
3.0039999 1.426 -0.14300001 86
2.3840001 1.179 -0.208 4
2.227 1.145 -0.27700001 3
3.0120001 1.451 -0.034000002 81
3.0139999 1.517 -0.146 65
2.316 1.215 -0.205 4
2.023 1.102 -0.25400001 0
3.017 1.539 -0.035999998 88
0 0 0 0
3.0250001 1.679 -0.271 11
2.0179999 1.164 -0.257 0
3.0220001 1.627 -0.039000001 91
0 0 0 0
2.836 1.664 -0.25799999 5
0 0 0 0
2.9349999 1.668 -0.039999999 4
0 0 0 0
2.7160001 1.6799999 -0.25099999 3
0 0 0 0
2.806 1.679 -0.041000001 3
0 0 0 0
1.681 1.095 -0.15700001 10
2.2049999 1.494 -0.292 0
2.6789999 1.687 -0.041999999 4
1.653 1.087 -0.089000002 10
2.332 1.601 -0.222 17
0 0 0 0
2.086 1.38 -0.034000002 14
0 0 0 0
2.484 1.7920001 -0.241 4
0 0 0 0
0 0 0 0
0 0 0 0
2.494 1.891 -0.24600001 5
0 0 0 0
0 0 0 0
0 0 0 0
2.4960001 1.987 -0.25099999 5
0 0 0 0
2.293 1.753 -0.046 16
0 0 0 0
3.082 2.576 -0.31600001 6
0 0 0 0
3.0780001 2.4649999 -0.066 34
0 0 0 0
2.3610001 2.0699999 -0.24699999 26
0 0 0 0
3.0780001 2.5810001 -0.07 61
0 0 0 0
0 0 0 0
0 0 0 0
3.076 2.701 -0.075000003 45
0 0 0 0
3.6289999 3.497 -0.396 0
0 0 0 0
0 0 0 0
0 0 0 0
0 0 0 0
0 0 0 0
0 0 0 0
0 0 0 0
0 0 0 0
0 0 0 0
3.595 3.6199999 -0.106 14
0 0 0 0
0 0 0 0
0 0 0 0
3.6040001 3.7969999 -0.113 15
0 0 0 0
0 0 0 0
0 0 0 0
2.9119999 3.211 -0.097999997 11
0 0 0 0
0 0 0 0
1.726 2.2160001 -0.294 0
2.835 3.2739999 -0.101 11
0 0 0 0
2.2149999 2.8440001 -0.28099999 21
0 0 0 0
2.7609999 3.339 -0.105 11
0 0 0 0
0 0 0 0
0 0 0 0
2.233 2.8299999 -0.090999998 169
1.693 2.2679999 -0.14300001 0
0 0 0 0
0 0 0 0
2.605 3.4619999 -0.113 11
3.4660001 4.8769999 -0.30500001 14
0 0 0 0
0 0 0 0
2.5320001 3.5309999 -0.117 12
2.457 3.632 -0.22499999 0
0 0 0 0
1.819 3.0239999 -0.35699999 0
2.454 3.592 -0.122 12
2.369 3.6849999 -0.226 0
1.829 3.027 -0.273 14
0 0 0 0
2.3789999 3.6589999 -0.126 12
1.808 2.9619999 -0.18000001 12
1.58 2.7609999 -0.244 0
0 0 0 0
1.85 2.9949999 -0.105 8
1.575 2.721 -0.16500001 15
0 0 0 0
0 0 0 0
1.625 2.7690001 -0.098999999 13
0 0 0 0
0 0 0 0
0 0 0 0
0 0 0 0
0 0 0 0
0 0 0 0
0 0 0 0
1.451 2.757 -0.102 20
0 0 0 0
1.49 3.289 -0.27399999 48
0 0 0 0
0 0 0 0
0 0 0 0
1.252 2.9489999 -0.242 6
0 0 0 0
0 0 0 0
1.267 2.928 -0.17299999 25
1.204 3.0309999 -0.245 15
0.62300003 1.706 -0.17200001 10
1.285 2.914 -0.114 24
1.212 2.99 -0.176 0
0.62199998 1.681 -0.134 1
1.686 4.98 -0.493 0
1.234 2.983 -0.119 3
0.63200003 1.67 -0.097999997 1
1.7130001 4.9840002 -0.39300001 0
1.562 5 -0.486 0
1.17 3.0239999 -0.123 7
0.60299999 1.715 -0.1 11
1.573 4.954 -0.38600001 4
0.662 2.309 -0.22 0
0.61799997 1.7130001 -0.071000002 41
1.6109999 4.9439998 -0.289 27
1.4450001 4.9530001 -0.38100001 1
0.62699997 2.4030001 -0.22499999 16
1.661 4.9640002 -0.20900001 34
1.487 4.954 -0.289 26
0.73100001 2.747 -0.20900001 5
1.174 4.9790001 -0.45899999 1
1.5319999 4.9549999 -0.213 32
0.764 2.7780001 -0.162 4
0 0 0 0
0 0 0 0
0.65499997 2.3080001 -0.101 4
0.60900003 2.4349999 -0.142 13
0 0 0 0
0 0 0 0
0.71600002 2.7679999 -0.123 9
1.117 4.9559999 -0.289 69
0.85900003 4.4710002 -0.329 7
0 0 0 0
1.163 4.9590001 -0.22499999 56
0 0 0 0
0 0 0 0
0 0 0 0
0 0 0 0
0 0 0 0
0.71600002 4.9840002 -0.36000001 10
0 0 0 0
0.92900002 4.9959998 -0.235 11
0.764 5.0029998 -0.29300001 11
0.354 2.9649999 -0.212 8
0 0 0 0
0.80699998 4.9879999 -0.23899999 11
0.38 2.951 -0.17299999 8
0.48100001 5.0219998 -0.35600001 11
0 0 0 0
0.69 5.0019999 -0.244 11
0.52700001 5.0180001 -0.29499999 12
0 0 0 0
0 0 0 0
0.57300001 5.0120001 -0.249 11
0 0 0 0
0 0 0 0
0.041999999 2.2880001 -0.182 52
0.45699999 5.0279999 -0.255 9
0 0 0 0
0 0 0 0
-0.0080000004 1.721 -0.13500001 11
0 0 0 0
0 0 0 0
0.0020000001 1.727 -0.118 41
0 0 0 0
0 0 0 0
0.018999999 1.74 -0.103 150
0 0 0 0
-0.057 1.107 -0.083999999 1
0 0 0 0
-0.021 1.7690001 -0.106 156
-0.050000001 1.113 -0.075000003 4
0 0 0 0
-0.0049999999 1.737 -0.094999999 147
0 0 0 0
-0.075999998 1.1109999 -0.074000001 2
0 0 0 0
0 0 0 0
-0.064999998 1.107 -0.067000002 4
0 0 0 0
-0.46599999 3.793 -0.27599999 1
-0.055 1.1 -0.061999999 2
0 0 0 0
0 0 0 0
0 0 0 0
0 0 0 0
0 0 0 0
0 0 0 0
0 0 0 0
0 0 0 0
-0.49399999 3.7950001 -0.234 1
0 0 0 0
-0.745 3.8239999 -0.266 1
-0.45899999 3.796 -0.229 1
0 0 0 0
-0.71499997 3.8039999 -0.248 1
0 0 0 0
0 0 0 0
0 0 0 0
-0.81099999 3.819 -0.248 0
0 0 0 0
0 0 0 0
-0.773 3.816 -0.23999999 1
-0.48199999 2.0350001 -0.131 2
-1.267 4.7150002 -0.31400001 64
-0.73799998 3.8150001 -0.244 1
-0.86900002 3.826 -0.243 0
-0.63300002 2.4189999 -0.155 16
-1.3839999 4.7119999 -0.30899999 55
0 0 0 0
-0.61199999 2.431 -0.155 18
-1.35 4.71 -0.30199999 62
-1.501 4.704 -0.30399999 49
0 0 0 0
-1.3049999 4.7140002 -0.30500001 65
-1.474 4.723 -0.30199999 60
-0.61900002 1.796 -0.114 0
-1.263 4.71 -0.32100001 59
-1.431 4.73 -0.30899999 23
-1.6 4.7329998 -0.30199999 32
-0.66100001 1.781 -0.112 10
-1.386 4.723 -0.329 59
-1.552 4.7270002 -0.31200001 50
-0.65600002 1.801 -0.114 4
-1.89 4.7519999 -0.294 48
-1.5039999 4.7059999 -0.33500001 51
-0.63099998 1.78 -0.118 2
-1.864 4.7680001 -0.30199999 2
-2.0190001 4.7519999 -0.28999999 70
0 0 0 0
-1.813 4.756 -0.31999999 1
-1.988 4.7550001 -0.301 68
-1.079 2.3840001 -0.14300001 157
0 0 0 0
-1.941 4.7519999 -0.324 65
-2.1210001 4.7600002 -0.301 69
-2.3039999 4.7919998 -0.28400001 15
-1.916 4.789 -0.36399999 13
-2.072 4.7529998 -0.32800001 64
0 0 0 0
-2.434 4.777 -0.278 19
-2.0380001 4.7620001 -0.37 14
-1.108 2.385 -0.16599999 6
-1.244 2.474 -0.156 10
-2.586 4.7979999 -0.27500001 59
-1.085 2.3800001 -0.189 3
-1.214 2.4619999 -0.17399999 59
-2.5580001 4.803 -0.303 31
-2.7309999 4.7989998 -0.271 18
-1.206 2.484 -0.20200001 4
-1.336 2.5550001 -0.183 5
-2.7019999 4.8010001 -0.303 60
0 0 0 0
-1.326 2.575 -0.214 5
-2.6630001 4.8119998 -0.34900001 56
-0.68000001 1.146 -0.071999997 2
-3.0469999 4.822 -0.264 4
-2.615 4.7919998 -0.40900001 5
-0.67299998 1.151 -0.083999999 4
-3.027 4.8369999 -0.30500001 5
-2.7690001 4.1659999 -0.22499999 3
-0.65700001 1.138 -0.098999999 1
0 0 0 0
-3.1830001 4.8330002 -0.30599999 34
-1.28 1.834 -0.097000003 56
0 0 0 0
0 0 0 0
-1.268 1.832 -0.116 21
-1.931 2.6340001 -0.13699999 3
0 0 0 0
-1.275 1.8660001 -0.14399999 3
-3.523 4.8429999 -0.30700001 35
-1.847 2.402 -0.123 14
-1.276 1.8839999 -0.178 2
-3.483 4.8460002 -0.38100001 20
-1.85 2.4230001 -0.154 5
-3.175 3.9389999 -0.199 79
-3.473 4.8740001 -0.472 0
-3.579 4.7379999 -0.37900001 2
-3.7219999 4.6479998 -0.29699999 20
-3.3280001 3.9400001 -0.19599999 27
-1.952 2.6059999 -0.259 4
-3.6329999 4.5819998 -0.373 18
-3.3499999 3.9890001 -0.25600001 31
-3.293 3.723 -0.182 23
0 0 0 0
-3.3269999 3.9990001 -0.33199999 29
-3.362 3.8199999 -0.24600001 2
-3.2920001 3.5539999 -0.17 55
0 0 0 0
-3.369 3.859 -0.32699999 0
0 0 0 0
-3.3050001 3.408 -0.16 69
0 0 0 0
0 0 0 0
0 0 0 0
-3.323 3.2750001 -0.15099999 97
-0.51099998 0.56099999 -0.061999999 19
0 0 0 0
-3.3239999 3.286 -0.21600001 1
0 0 0 0
0 0 0 0
-3.8759999 3.8529999 -0.34799999 14
0 0 0 0
-3.392 3.05 -0.13500001 70
0 0 0 0
-3.931 3.7290001 -0.345 1
-3.4000001 3.062 -0.204 17
-1.444 1.24 -0.054000001 255
0 0 0 0
-3.947 3.5710001 -0.338 16
-1.457 1.253 -0.083999999 127
-3.4219999 2.8050001 -0.119 97
0 0 0 0
-1.454 1.2539999 -0.121 23
-3.415 2.802 -0.191 28
-3.4230001 2.6789999 -0.111 81
-1.441 1.243 -0.162 12
-4.1700001 3.4300001 -0.34200001 24
-1.303 1.0190001 -0.07 154
-3.4170001 2.552 -0.103 85
0 0 0 0
-1.286 1.008 -0.103 11
-3.4330001 2.5599999 -0.178 92
-3.427 2.4389999 -0.096000001 85
0 0 0 0
-3.4860001 2.6010001 -0.27399999 30
-1.538 1.0930001 -0.077 44
-3.4260001 2.323 -0.089000002 34
0 0 0 0
-1.543 1.096 -0.119 1
-3.4360001 2.323 -0.16599999 40
-3.441 2.2219999 -0.082999997 85
0 0 0 0
-4.132 2.7909999 -0.31299999 2
-3.444 2.2149999 -0.161 94
-2.0680001 1.27 -0.046 3
0 0 0 0
-4.0029998 2.5669999 -0.29800001 20
-3.448 2.1070001 -0.156 63
-3.4619999 2.0190001 -0.071000002 145
0 0 0 0
-4.1919999 2.552 -0.30700001 11
-3.46 2.006 -0.15099999 112
-3.4979999 1.936 -0.066 51
0 0 0 0
-4.2979999 2.4790001 -0.30899999 8
-3.5120001 1.929 -0.148 44
-3.7179999 1.95 -0.064000003 46
0 0 0 0
-4.822 2.631 -0.34099999 2
-3.76 1.954 -0.154 44
-3.9590001 1.9630001 -0.061999999 42
0 0 0 0
-4.4120002 2.2739999 -0.30700001 10
-4.0710001 1.997 -0.161 45
-4.5770001 2.1429999 -0.064999998 1
0 0 0 0
-4.4250002 2.1489999 -0.303 23
-4.6550002 2.152 -0.17900001 0
-4.8649998 2.1440001 -0.061999999 8
0 0 0 0
-4.7399998 2.1670001 -0.31999999 0
-4.9460001 2.1500001 -0.184 0
-7.652 3.1689999 -0.086000003 13
0 0 0 0
0 0 0 0
-7.6900001 3.135 -0.27700001 38
-7.6820002 2.9809999 -0.075999998 45
0 0 0 0
0 0 0 0
-7.7080002 2.938 -0.26899999 37
-7.6760001 2.7809999 -0.066 44
-7.7490001 3.0409999 -0.755 0
-7.7420001 2.8959999 -0.50199997 1
-7.7150002 2.74 -0.26100001 30
0 0 0 0
-7.7329998 2.822 -0.74800003 1
0 0 0 0
0 0 0 0
0 0 0 0
0 0 0 0
0 0 0 0
0 0 0 0
-7.0749998 2.0350001 -0.034000002 5
0 0 0 0
0 0 0 0
-7.1500001 1.995 -0.22 17
-7.1739998 1.891 -0.027000001 5
0 0 0 0
0 0 0 0
-8.1719999 2.079 -0.244 1
-8.2950001 1.989 -0.022 43
0 0 0 0
0 0 0 0
-8.3249998 1.9170001 -0.242 98
-15.535 3.3570001 -0.024 3
-8.3509998 1.946 -0.78399998 2
0 0 0 0
-8.7390003 1.803 -0.24600001 1
-10.934 2.108 -0.0049999999 2
0 0 0 0
0 0 0 0
-5.027 0.91600001 -0.13699999 48
-4.7459998 0.80400002 0.0020000001 4
0 0 0 0
0 0 0 0
-3.2479999 0.51499999 -0.086000003 30
-3.191 0.46799999 0.0040000002 46
-3.1199999 0.49200001 -0.28799999 14
-3.2190001 0.47299999 -0.18799999 29
-3.243 0.43799999 -0.082999997 39
-3.2349999 0.40000001 0.0080000004 21
-3.221 0.42699999 -0.296 5
0 0 0 0
-10.916 1.223 -0.27200001 27
-10.949 1.1059999 0.037999999 70
0 0 0 0
-10.998 1.09 -0.63099998 1
-8.7989998 0.78299999 -0.213 1
-10.974 0.86299998 0.048 72
0 0 0 0
0 0 0 0
-2.9860001 0.197 -0.07 40
-2.9530001 0.16599999 0.015 53
-2.8039999 0.167 -0.255 24
-2.96 0.153 -0.167 56
-2.9660001 0.127 -0.067000002 42
-2.9960001 0.101 0.017999999 28
-2.852 0.101 -0.259 13
0 0 0 0
-8.54 0.17 -0.189 15
-8.5600004 0.097000003 0.059999999 6
0 0 0 0
0 0 0 0
-8.5559998 -0.025 -0.183 13
-8.5010004 -0.090999998 0.067000002 3
0 0 0 0
0 0 0 0
-8.3369999 -0.215 -0.17299999 14
-8.4639997 -0.28099999 0.074000001 11
0 0 0 0
0 0 0 0
-8.1210003 -0.39500001 -0.164 22
-8.4840002 -0.47099999 0.081 9
0 0 0 0
0 0 0 0
-8.6149998 -0.61799997 -0.168 2
-8.651 -0.67299998 0.090000004 1
0 0 0 0
0 0 0 0
-8.6359997 -0.81699997 -0.164 1
-8.5930004 -0.86199999 0.096000001 1
0 0 0 0
0 0 0 0
-8.6590004 -1.0190001 -0.15899999 1
-8.6689997 -1.066 0.103 0
0 0 0 0
0 0 0 0
0 0 0 0
-11.174 -1.627 0.141 1
0 0 0 0
0 0 0 0
0 0 0 0
0 0 0 0
0 0 0 0
0 0 0 0
0 0 0 0
0 0 0 0
0 0 0 0
-2.674 -0.56 -0.14 0
-2.671 -0.565 -0.043000001 1
-2.665 -0.57200003 0.039000001 11
-2.5699999 -0.602 -0.229 7
-2.4979999 -0.58499998 -0.13 7
-2.4979999 -0.588 -0.039000001 7
-2.4920001 -0.59299999 0.037999999 8
-2.4949999 -0.648 -0.223 4
-2.487 -0.64499998 -0.12899999 7
-2.503 -0.64999998 -0.037999999 7
-2.4979999 -0.65399998 0.039999999 7
-2.3900001 -0.68199998 -0.214 4
-2.4449999 -0.69499999 -0.126 0
-2.4579999 -0.699 -0.035999998 0
-2.447 -0.699 0.041000001 0
-2.309 -0.72000003 -0.206 4
0 0 0 0
0 0 0 0
-8.5939999 -2.6659999 0.152 1
-2.0650001 -0.699 -0.185 2
0 0 0 0
0 0 0 0
0 0 0 0
0 0 0 0
0 0 0 0
0 0 0 0
0 0 0 0
0 0 0 0
0 0 0 0
0 0 0 0
0 0 0 0
0 0 0 0
0 0 0 0
0 0 0 0
0 0 0 0
0 0 0 0
0 0 0 0
-3.0969999 -1.3609999 -0.037 1
-3.0829999 -1.347 0.064000003 0
0 0 0 0
-7.652 -3.6129999 -0.38699999 2
-8.7969999 -4.1079998 -0.104 7
-8.7810001 -4.0739999 0.189 11
-7.164 -3.6459999 -0.64999998 1
-7.2140002 -3.6159999 -0.36399999 2
-8.7959995 -4.3540001 -0.1 7
-8.7959995 -4.3210001 0.19499999 13
0 0 0 0
0 0 0 0
-8.802 -4.612 -0.097000003 11
-8.8000002 -4.5689998 0.2 16
0 0 0 0
0 0 0 0
-8.8280001 -4.8850002 -0.093999997 8
-8.8299999 -4.8390002 0.207 14
-8.224 -4.96 -0.75400001 1
-8.2130003 -4.8660002 -0.41299999 1
-8.8669996 -5.1729999 -0.090999998 5
-8.8149996 -5.0890002 0.212 16
0 0 0 0
-8.2320004 -5.1399999 -0.414 1
-8.8570004 -5.4429998 -0.088 6
-8.7209997 -5.296 0.215 2
-8.2299995 -5.5180001 -0.76099998 1
-8.2650003 -5.4320002 -0.41600001 1
-8.8780003 -5.7379999 -0.085000001 2
-8.8690004 -5.6609998 0.22400001 16
0 0 0 0
-8.2469997 -5.7020001 -0.41600001 1
-1.098 -0.745 -0.0099999998 0
-8.8909998 -5.9580002 0.23 12
0 0 0 0
-8.2779999 -6.0139999 -0.41800001 1
-1.036 -0.73900002 -0.0089999996 1
-8.441 -5.9320002 0.223 5
0 0 0 0
0 0 0 0
0 0 0 0
-8.9750004 -6.6139998 0.243 2
0 0 0 0
0 0 0 0
0 0 0 0
0 0 0 0
0 0 0 0
0 0 0 0
0 0 0 0
0 0 0 0
-8.3529997 -7.5339999 -0.801 1
-8.3760004 -7.3699999 -0.42699999 1
0 0 0 0
0 0 0 0
-8.3920002 -7.9390001 -0.81099999 1
-8.3549995 -7.7069998 -0.42699999 1
0 0 0 0
-8.9919996 -7.9569998 0.26499999 16
-8.3699999 -8.302 -0.81599998 1
-8.3859997 -8.1040001 -0.43099999 2
0 0 0 0
-9.0229998 -8.3500004 0.27200001 13
-8.4049997 -8.7469997 -0.82700002 1
-8.4160004 -8.5190001 -0.435 1
-0.764 -0.755 -0.0049999999 1
-9.059 -8.7709999 0.27900001 1
-8.4300003 -9.1999998 -0.83700001 1
-8.4350004 -8.9490004 -0.43799999 1
0 0 0 0
-9.0839996 -9.1960001 0.28600001 15
-9.1590004 -10.483 -0.91900003 3
-8.467 -9.4110003 -0.44299999 2
0 0 0 0
-9.0900002 -9.625 0.292 13
-9.1630001 -11.008 -0.92900002 6
0 0 0 0
0 0 0 0
-9.1059999 -10.085 0.29800001 6
-9.1870003 -11.581 -0.94300002 7
0 0 0 0
0 0 0 0
-9.1529999 -10.604 0.30599999 5
-9.1669998 -12.141 -0.95300001 5
-9.3629999 -11.994 -0.50199997 2
0 0 0 0
-9.1689997 -11.115 0.31299999 5
0 0 0 0
0 0 0 0
0 0 0 0
-9.2329998 -11.721 0.32100001 3
0 0 0 0
0 0 0 0
0 0 0 0
0 0 0 0
0 0 0 0
-8.2889996 -12.297 -0.45899999 3
-0.54000002 -0.77399999 -0.0020000001 0
0 0 0 0
0 0 0 0
0 0 0 0
-0.514 -0.77399999 -0.0020000001 0
-8.2950001 -12.128 0.30700001 7
0 0 0 0
0 0 0 0
-0.49200001 -0.77899998 -0.0020000001 0
-8.0360003 -12.334 0.30399999 11
0 0 0 0
0 0 0 0
-0.47 -0.78299999 -0.0020000001 0
0 0 0 0
0 0 0 0
0 0 0 0
-0.449 -0.78799999 -0.0020000001 0
-9.4180002 -15.986 0.373 3
0 0 0 0
0 0 0 0
-0.41999999 -0.778 -0.001 0
0 0 0 0
0 0 0 0
0 0 0 0
-0.398 -0.77999997 -0.001 0
0 0 0 0
0 0 0 0
0 0 0 0
-0.373 -0.773 -0.001 0
0 0 0 0
0 0 0 0
0 0 0 0
-0.35699999 -0.787 -0.001 0
0 0 0 0
0 0 0 0
0 0 0 0
-0.33399999 -0.78200001 -0.001 0
0 0 0 0
-9.6169996 -27.132 -1.342 8
0 0 0 0
-0.31299999 -0.78299999 -0.001 0
0 0 0 0
-8.9320002 -27.201 -1.298 10
0 0 0 0
-0.29699999 -0.79400003 -0.001 0
-2.168 -5.5159998 0.102 1
0 0 0 0
-8.8190002 -27.084 -0.65100002 13
-0.27000001 -0.77700001 -0.001 0
0 0 0 0
0 0 0 0
0 0 0 0
-0.255 -0.79000002 -0.001 0
0 0 0 0
0 0 0 0
0 0 0 0
-0.236 -0.79299998 -0.001 0
0 0 0 0
0 0 0 0
-7.0640001 -28.194 -0.60699999 6
-0.215 -0.79000002 -0.001 0
-0.235 -0.80699998 0.012 0
-5.723 -28.150999 -1.1109999 7
-6.3340001 -28.034 -0.57999998 9
-0.19400001 -0.78200001 -0.001 0
-0.212 -0.79500002 0.012 0
-5.0549998 -28.204 -1.069 11
-5.6799998 -28.106001 -0.56099999 10
-0.17399999 -0.77899998 -0.001 0
-0.19 -0.78299999 0.011 0
-4.2319999 -27.233999 -0.991 8
-5.007 -28.131001 -0.53899997 8
-0.154 -0.76999998 -0.001 0
-0.17299999 -0.79100001 0.0099999998 0
0 0 0 0
0 0 0 0
-0.13699999 -0.77499998 -0.001 0
-0.15800001 -0.80699998 0.0099999998 1
0 0 0 0
0 0 0 0
-0.123 -0.80900002 -0.001 0
-0.13699999 -0.801 0.0089999996 1
-2.4030001 -28.444 -0.90799999 7
0 0 0 0
-0.102 -0.78799999 -0.001 0
-0.118 -0.79500002 0.0089999996 1
0 0 0 0
-0.068000004 -0.81 -0.013 0
-0.083999999 -0.792 -0.001 0
-0.098999999 -0.79500002 0.0080000004 2
-0.029999999 -0.80900002 -0.023 0
-0.048 -0.79100001 -0.012 1
-0.064999998 -0.79100001 -0.001 0
-0.081 -0.79000002 0.0080000004 4
0 0 0 0
-0.029999999 -0.80699998 -0.012 0
-0.048 -0.80199999 -0.001 4
-0.063000001 -0.79799998 0.0070000002 4
0 0 0 0
-0.012 -0.81099999 -0.011 0
-0.028999999 -0.79500002 -0.001 1
-0.044 -0.79100001 0.0060000001 4
0.55400002 -17.790001 -0.44400001 3
0 0 0 0
-0.011 -0.792 -0.001 0
-0.026000001 -0.80599999 0.0060000001 4
0.69300002 -12.798 -0.30199999 2
0 0 0 0
0.0070000002 -0.80400002 -0.001 0
-0.0080000004 -0.80599999 0.0049999999 4
0.99299997 -12.82 -0.285 4
0 0 0 0
0.026000001 -0.82200003 -0.001 0
0.0089999996 -0.80400002 0.0049999999 2
1.2920001 -12.851 -0.26899999 3
0.99400002 -12.818 -0.152 4
0.044 -0.80699998 -0.001 0
0.028000001 -0.81 0.0040000002 1
1.594 -12.878 -0.252 3
1.29 -12.817 -0.145 3
0 0 0 0
0.046999998 -0.80699998 0.0040000002 1
1.891 -12.856 -0.235 3
1.592 -12.849 -0.138 3
0 0 0 0
0.064999998 -0.80900002 0.003 1
0.58200002 -3.414 -0.057999998 0
1.89 -12.834 -0.13 3
0 0 0 0
0.083999999 -0.80400002 0.0020000001 0
0 0 0 0
0 0 0 0
1.899 -12.877 -0.039000001 2
0.103 -0.81099999 0.0020000001 0
0 0 0 0
0 0 0 0
0 0 0 0
0.123 -0.81699997 0.001 0
0 0 0 0
0 0 0 0
0 0 0 0
0 0 0 0
0 0 0 0
0 0 0 0
0 0 0 0
0 0 0 0
0 0 0 0
0 0 0 0
0 0 0 0
0 0 0 0
0 0 0 0
0 0 0 0
2.276 -8.5039997 -0.035 0
0 0 0 0
1.145 -3.352 -0.025 1
0.25999999 -0.82099998 -0.0049999999 0
0 0 0 0
0 0 0 0
1.233 -3.359 -0.021 25
0 0 0 0
0 0 0 0
0 0 0 0
1.317 -3.352 -0.016000001 23
1.2309999 -3.345 -0.017000001 2
1.158 -3.3710001 -0.016000001 1
0 0 0 0
1.409 -3.3570001 -0.012 20
1.324 -3.3570001 -0.016000001 25
1.247 -3.3759999 -0.017000001 23
1.165 -3.3399999 -0.018999999 1
1.506 -3.3710001 -0.0070000002 17
1.411 -3.349 -0.014 22
1.331 -3.3629999 -0.017999999 25
1.258 -3.359 -0.022 26
1.6 -3.3740001 -0.0020000001 17
1.502 -3.352 -0.012 20
1.4220001 -3.3640001 -0.018999999 22
1.349 -3.359 -0.026000001 26
1.699 -3.3840001 0.001 14
1.599 -3.3570001 -0.0099999998 17
1.515 -3.3659999 -0.021 19
1.437 -3.352 -0.029999999 22
0 0 0 0
1.698 -3.3659999 -0.0089999996 16
1.615 -3.3759999 -0.022 18
1.535 -3.3599999 -0.033 20
0 0 0 0
0 0 0 0
1.715 -3.382 -0.023 15
1.635 -3.369 -0.037999999 19
0 0 0 0
1.914 -3.3959999 -0.0049999999 1
0 0 0 0
1.738 -3.3789999 -0.041999999 14
0 0 0 0
0 0 0 0
1.925 -3.395 -0.026000001 1
0 0 0 0
0.55000001 -0.84299999 0.0060000001 0
2.1289999 -3.405 -0.0020000001 1
0 0 0 0
1.949 -3.3900001 -0.050000001 1
0.57800001 -0.84299999 0.0080000004 0
0 0 0 0
2.1459999 -3.408 -0.028999999 1
0 0 0 0
0.59899998 -0.833 0.0089999996 0
2.369 -3.4300001 0.001 1
0 0 0 0
0 0 0 0
0.63 -0.83600003 0.0099999998 0
0 0 0 0
2.3900001 -3.4319999 -0.033 2
2.2980001 -3.4170001 -0.064999998 1
0 0 0 0
0 0 0 0
2.506 -3.4260001 -0.035 16
2.4189999 -3.4189999 -0.07 16
0 0 0 0
0 0 0 0
0 0 0 0
2.55 -3.431 -0.075999998 17
0 0 0 0
0 0 0 0
0 0 0 0
0 0 0 0
0 0 0 0
0 0 0 0
0 0 0 0
0 0 0 0
0 0 0 0
0 0 0 0
0 0 0 0
0 0 0 0
0 0 0 0
0 0 0 0
0 0 0 0
0 0 0 0
0 0 0 0
0 0 0 0
0 0 0 0
0 0 0 0
0 0 0 0
0 0 0 0
3.2750001 -3.2179999 -0.048 19
3.273 -3.303 -0.109 2
0 0 0 0
0 0 0 0
3.392 -3.181 -0.050000001 1
3.293 -3.171 -0.112 13
0 0 0 0
0 0 0 0
0 0 0 0
0 0 0 0
0 0 0 0
1.069 -0.88599998 0.0060000001 0
0 0 0 0
0 0 0 0
0 0 0 0
0 0 0 0
0 0 0 0
0 0 0 0
0 0 0 0
0 0 0 0
0 0 0 0
0 0 0 0
0 0 0 0
0 0 0 0
0 0 0 0
0 0 0 0
0 0 0 0
0 0 0 0
0 0 0 0
0 0 0 0
3.3329999 -2.1159999 0.105 16
3.306 -2.155 0.025 10
0 0 0 0
0 0 0 0
3.3069999 -1.997 0.106 11
3.302 -2.0469999 0.026000001 10
3.329 -2.119 -0.052999999 1
3.3369999 -2.171 -0.126 1
3.325 -1.908 0.109 10
3.2880001 -1.936 0.027000001 10
3.332 -2.013 -0.054000001 18
3.3280001 -2.053 -0.127 15
3.2880001 -1.791 0.109 10
2.8559999 -1.594 0.024 4
2.852 -1.6339999 -0.046 2
3.3269999 -1.9450001 -0.12899999 10
3.1530001 -1.627 0.106 11
2.8399999 -1.501 0.024 3
2.8510001 -1.545 -0.046999998 4
2.8510001 -1.577 -0.112 1
1.875 -0.91500002 0.064000003 7
2.848 -1.423 0.025 4
2.8599999 -1.465 -0.046999998 4
2.859 -1.492 -0.113 4
3.187 -1.469 0.111 12
2.8640001 -1.35 0.025 5
1.887 -0.912 -0.030999999 4
1.887 -0.92799997 -0.075999998 0
3.187 -1.383 0.112 12
2.868 -1.273 0.026000001 6
2.8629999 -1.301 -0.048 5
2.8629999 -1.325 -0.116 5
3.198 -1.304 0.114 13
2.868 -1.196 0.026000001 6
2.8789999 -1.228 -0.048999999 6
2.8699999 -1.2460001 -0.118 6
3.1930001 -1.221 0.115 11
2.8800001 -1.124 0.027000001 9
2.868 -1.1440001 -0.050000001 8
2.8659999 -1.163 -0.119 6
3.348 -1.1950001 0.122 8
0 0 0 0
0 0 0 0
0 0 0 0
3.402 -1.1289999 0.126 7
2.904 -0.98299998 0.027000001 0
0 0 0 0
0 0 0 0
3.3800001 -1.039 0.126 104
3.158 -0.99000001 0.029999999 6
3.1500001 -1.007 -0.056000002 5
0 0 0 0
2.957 -0.838 0.111 163
2.914 -0.83999997 0.028000001 12
3.5079999 -1.0319999 -0.063000001 0
9.7860003 -2.9170001 -0.42399999 1
2.8900001 -0.74900001 0.11 100
2.892 -0.76300001 0.028000001 103
2.8989999 -0.77899998 -0.052999999 104
2.892 -0.787 -0.126 103
2.895 -0.68300003 0.111 100
2.8989999 -0.69499999 0.028999999 109
2.8929999 -0.70499998 -0.052999999 102
2.895 -0.713 -0.12800001 107
2.8989999 -0.616 0.112 98
2.902 -0.625 0.028999999 102
2.9030001 -0.63599998 -0.054000001 100
2.904 -0.64200002 -0.13 101
2.901 -0.55000001 0.113 96
2.905 -0.55699998 0.028999999 109
2.9070001 -0.565 -0.055 107
2.9119999 -0.56999999 -0.131 102
2.908 -0.484 0.115 104
2.9119999 -0.48899999 0.028999999 97
2.9130001 -0.49599999 -0.055 107
2.9089999 -0.49700001 -0.132 100
2.9170001 -0.419 0.116 103
2.911 -0.421 0.029999999 111
2.908 -0.42399999 -0.056000002 109
2.918 -0.42699999 -0.134 103
2.9100001 -0.352 0.117 112
1.4170001 -0.17200001 0.014 1
1.4119999 -0.17200001 -0.027000001 5
1.402 -0.171 -0.064999998 16
1.452 -0.14300001 0.057999998 34
1.433 -0.141 0.015 37
1.42 -0.14 -0.028000001 9
1.4170001 -0.138 -0.066 8
1.455 -0.111 0.059 8
1.442 -0.108 0.015 6
1.424 -0.106 -0.028000001 2
2.612 -0.191 -0.124 2
1.4579999 -0.078000002 0.059999999 13
2.925 -0.154 0.029999999 29
2.9289999 -0.15000001 -0.059 132
2.9289999 -0.14300001 -0.14 110
1.451 -0.046 0.059999999 13
2.9319999 -0.086000003 0.030999999 145
2.934 -0.081 -0.059999999 130
2.9300001 -0.072999999 -0.142 111
1.45 -0.013 0.059999999 13
2.937 -0.018999999 0.030999999 137
2.9330001 -0.011 -0.059999999 117
2.941 -0.0020000001 -0.14399999 99
1.454 0.017999999 0.061000001 13
2.9349999 0.046999998 0.030999999 122
2.938 0.057 -0.061000001 115
2.947 0.068999998 -0.146 106
1.456 0.050000001 0.061000001 14
2.9430001 0.115 0.030999999 113
2.941 0.126 -0.061999999 114
2.947 0.14 -0.147 99
1.455 0.082999997 0.061999999 14
2.9400001 0.182 0.030999999 113
2.948 0.19599999 -0.063000001 106
2.9489999 0.211 -0.149 107
1.4579999 0.115 0.061999999 14
2.9519999 0.25 0.032000002 101
2.954 0.266 -0.064000003 106
2.9560001 0.28400001 -0.15099999 97
1.471 0.149 0.063000001 14
2.961 0.31999999 0.032000002 110
2.9590001 0.33700001 -0.064999998 105
2.954 0.35600001 -0.152 94
1.4680001 0.182 0.063000001 14
2.96 0.38800001 0.032000002 104
2.6229999 0.36199999 -0.057999998 21
2.6559999 0.38499999 -0.138 21
1.473 0.21600001 0.064000003 14
2.602 0.40200001 0.028000001 19
2.872 0.465 -0.064000003 150
2.9660001 0.50300002 -0.156 94
1.474 0.25 0.064000003 14
2.9649999 0.528 0.032000002 93
2.9679999 0.55299997 -0.067000002 95
2.9719999 0.579 -0.15800001 84
1.477 0.28400001 0.064999998 14
2.967 0.59899998 0.032000002 104
2.9660001 0.62599999 -0.068000004 92
2.9719999 0.65399998 -0.16 91
1.48 0.31900001 0.064999998 14
2.9749999 0.67199999 0.032000002 89
2.9749999 0.70099998 -0.068999998 97
2.9760001 0.73100001 -0.162 84
1.4809999 0.354 0.066 56
2.971 0.74299997 0.032000002 94
2.9790001 0.77600002 -0.07 89
2.9809999 0.80900002 -0.164 92
1.485 0.38999999 0.067000002 14
2.9860001 0.81999999 0.033 95
1.4450001 0.41299999 -0.034000002 17
1.426 0.42399999 -0.079000004 31
1.479 0.42399999 0.067000002 28
1.457 0.43599999 0.016000001 31
1.452 0.45300001 -0.035 9
1.431 0.46399999 -0.079999998 7
1.478 0.46000001 0.067000002 31
1.4579999 0.47299999 0.016000001 6
2.9920001 1.011 -0.072999999 93
2.9949999 1.052 -0.171 91
2.9909999 1.0039999 0.13699999 84
2.994 1.048 0.033 89
2.994 1.091 -0.074000001 96
3.0039999 1.137 -0.17299999 96
2.9949999 1.08 0.138 88
2.994 1.126 0.033 83
3.0009999 1.175 -0.075000003 92
3.0039999 1.221 -0.176 89
2.9920001 1.156 0.139 90
3.0020001 1.2079999 0.033 94
3.0039999 1.2589999 -0.075999998 97
2.885 1.255 -0.17 150
2.9990001 1.2359999 0.14 90
3.0050001 1.291 0.033 96
3.01 1.345 -0.077 90
3.0150001 1.399 -0.18000001 85
3.0079999 1.319 0.141 90
3.0079999 1.374 0.033 84
3.016 1.434 -0.079000004 88
3.016 1.49 -0.183 84
3.0039999 1.398 0.142 85
3.0139999 1.462 0.034000002 90
3.0190001 1.524 -0.079999998 86
3.0209999 1.584 -0.185 19
3.0120001 1.485 0.14300001 81
3.0139999 1.549 0.034000002 96
3.017 1.614 -0.081 76
0 0 0 0
3.02 1.574 0.145 90
3.0190001 1.64 0.034000002 93
2.073 1.173 -0.056000002 0
0 0 0 0
3.0250001 1.663 0.146 86
2.8840001 1.654 0.032000002 4
2.0940001 1.251 -0.057 0
0 0 0 0
2.8670001 1.661 0.139 4
2.7520001 1.664 0.030999999 4
2.648 1.668 -0.074000001 4
1.651 1.081 -0.107 1
2.73 1.665 0.133 4
2.635 1.677 0.029999999 3
2.0799999 1.38 -0.059 3
2.45 1.691 -0.161 0
0 0 0 0
0 0 0 0
2.1489999 1.501 -0.061999999 0
0 0 0 0
0 0 0 0
0 0 0 0
2.1029999 1.544 -0.061000001 7
0 0 0 0
2.4790001 1.751 0.124 5
2.48 1.83 0.028000001 5
2.4419999 1.882 -0.071999997 5
3.0929999 2.4849999 -0.212 17
2.4949999 1.847 0.126 5
2.2460001 1.739 0.025 28
3.0769999 2.49 -0.093000002 52
3.0969999 2.612 -0.21600001 10
2.277 1.767 0.116 21
3.0780001 2.4979999 0.035 74
3.075 2.6110001 -0.093999997 46
0 0 0 0
3.075 2.4990001 0.15700001 50
3.082 2.6229999 0.035 46
2.1110001 1.88 -0.066 8
0 0 0 0
3.086 2.6259999 0.15899999 69
2.0929999 1.8660001 0.024 11
3.609 3.372 -0.115 1
3.6229999 3.5380001 -0.266 1
2.118 1.886 0.11 11
3.6159999 3.3770001 0.041999999 9
3.605 3.5309999 -0.117 13
3.6370001 3.7260001 -0.27200001 1
3.6110001 3.3640001 0.19 3
3.6170001 3.5369999 0.041999999 19
3.6110001 3.7079999 -0.119 14
2.967 3.1900001 -0.226 11
3.622 3.53 0.192 16
3.618 3.7049999 0.041999999 16
2.944 3.1700001 -0.098999999 14
0 0 0 0
3.6270001 3.698 0.19400001 16
2.9560001 3.171 0.035 17
2.8659999 3.2349999 -0.097999997 14
0 0 0 0
2.9760001 3.175 0.161 12
2.885 3.2409999 0.034000002 17
2.7950001 3.309 -0.097999997 15
0 0 0 0
2.8989999 3.237 0.15899999 12
2.816 3.316 0.034000002 17
2.266 2.816 -0.081 189
0 0 0 0
3.1900001 3.73 0.177 14
2.273 2.806 0.027000001 150
2.6340001 3.438 -0.096000001 15
0 0 0 0
2.2780001 2.789 0.12800001 0
2.6559999 3.4389999 0.032000002 16
2.563 3.513 -0.094999999 16
2.484 3.598 -0.214 6
2.5090001 3.2160001 0.142 150
2.5780001 3.5020001 0.030999999 16
2.48 3.5739999 -0.094999999 15
2.3929999 3.6489999 -0.211 8
2.444 3.2839999 0.14 134
2.4979999 3.563 0.030999999 17
2.4030001 3.6440001 -0.093999997 15
1.845 2.9660001 -0.167 9
2.3629999 3.3310001 0.138 44
2.4219999 3.6300001 0.029999999 17
1.875 2.9949999 -0.075000003 2
1.6059999 2.7260001 -0.149 16
2.2920001 3.392 0.13500001 39
2.346 3.6989999 0.028999999 17
1.66 2.7950001 -0.068000004 12
0 0 0 0
2.2320001 3.4719999 0.134 12
1.729 2.8710001 0.022 10
0 0 0 0
1.443 2.743 -0.142 2
2.148 3.5150001 0.131 10
1.538 2.6949999 0.02 10
1.455 2.7379999 -0.063000001 1
0 0 0 0
2.0810001 3.585 0.12899999 5
0 0 0 0
0 0 0 0
1.3279999 2.8469999 -0.14 2
0 0 0 0
1.416 2.77 0.018999999 2
1.341 2.8380001 -0.061999999 1
1.279 2.924 -0.14 21
0 0 0 0
1.364 2.8280001 0.017999999 5
1.288 2.902 -0.061999999 24
1.224 2.9879999 -0.139 6
0 0 0 0
1.311 2.8870001 0.017999999 1
1.235 2.967 -0.061000001 5
0.63300002 1.659 -0.075000003 2
2.0639999 4.4439998 0.139 15
0 0 0 0
1.171 3.0150001 -0.061000001 6
0.61000001 1.721 -0.075000003 10
1.855 4.2490001 0.12899999 1
1.191 2.987 0.017000001 10
0.62099999 1.7180001 -0.033 66
1.6210001 4.9439998 -0.211 34
1.432 3.4960001 0.102 15
0.62699997 1.684 0.0089999996 4
1.661 4.9569998 -0.093999997 31
1.493 4.9510002 -0.205 30
0.63599998 1.659 0.046999998 0
1.717 4.961 0.027000001 17
1.535 4.9590001 -0.092 32
0.76499999 2.7750001 -0.111 0
0.62 1.737 0.046999998 29
1.584 4.9450002 0.025 37
0.67299998 2.372 -0.041999999 90
1.245 4.9699998 -0.19400001 4
1.641 4.9510002 0.13 35
0.74199998 2.5150001 0.012 7
0.70899999 2.7460001 -0.046999998 3
1.1210001 4.9759998 -0.18799999 24
1.52 4.9650002 0.125 38
1.337 4.9569998 0.023 41
0.57999998 2.484 -0.041999999 8
0.99299997 4.954 -0.182 4
1.22 4.3439999 0.105 27
0.64899999 2.654 0.012 16
0.94 4.5029998 -0.072999999 18
0.87800002 5 -0.177 10
0.68900001 2.6900001 0.063000001 5
0.94499999 4.2909999 0.018999999 12
0.91399997 4.9640002 -0.078000002 14
0.755 4.9899998 -0.171 11
0.58700001 2.5350001 0.057 20
0.847 4.3200002 0.017999999 28
0.79400003 4.9569998 -0.075000003 13
0.639 5.0229998 -0.167 10
0.56599998 2.7290001 0.059 41
0.75099999 4.3670001 0.017000001 34
0.391 2.8729999 -0.041999999 10
0.51800001 5.0190001 -0.161 12
0.49700001 2.7060001 0.056000002 4
0.421 2.8469999 0.011 3
0.56400001 5.0250001 -0.071000002 12
0 0 0 0
0.44499999 2.7820001 0.055 20
0.62099999 4.9980001 0.018999999 15
0 0 0 0
0 0 0 0
0.39199999 2.881 0.054000001 1
0.26499999 2.632 0.0089999996 19
0 0 0 0
0 0 0 0
0.29899999 2.654 0.048 32
0 0 0 0
0.154 3.7539999 -0.046999998 7
0.014 1.7309999 -0.046999998 232
0.333 3.747 0.064000003 0
0 0 0 0
0.030999999 1.755 -0.021 168
0 0 0 0
0 0 0 0
0 0 0 0
-0.0089999996 1.727 -0.018999999 33
-0.043000001 1.1109999 -0.028000001 45
0 0 0 0
0.012 1.734 0.0049999999 75
0 0 0 0
-0.068000004 1.1 -0.026000001 9
0.033 1.737 0.025 70
0 0 0 0
-0.057999998 1.107 -0.011 7
0 0 0 0
-0.0070000002 1.729 0.024 11
-0.043000001 1.098 0.003 5
0 0 0 0
0 0 0 0
0 0 0 0
-0.068999998 1.102 0.003 2
0 0 0 0
-0.509 3.8050001 -0.077 1
-0.056000002 1.103 0.013 2
0 0 0 0
0 0 0 0
0 0 0 0
0 0 0 0
-0.104 0.94300002 0.0020000001 0
0 0 0 0
0 0 0 0
-0.092 0.94800001 0.0099999998 0
0 0 0 0
0 0 0 0
-0.792 3.846 -0.064000003 0
0 0 0 0
0 0 0 0
0 0 0 0
0 0 0 0
0 0 0 0
-0.69499999 3.8169999 0.0089999996 1
-0.84600002 3.8429999 -0.023 0
-0.61799997 2.4219999 -0.034000002 6
0 0 0 0
0 0 0 0
-0.597 2.4400001 -0.013 17
-1.359 4.848 -0.061999999 49
0 0 0 0
0 0 0 0
-1.314 4.8759999 -0.023 33
-1.483 4.849 -0.056000002 16
-0.83700001 3.836 0.026000001 0
-0.61799997 2.4159999 0.0049999999 2
-1.439 4.8800001 -0.018999999 24
-1.405 4.2420001 -0.043000001 6
-0.59299999 2.438 0.015 4
-1.395 4.967 0.011 16
-1.568 4.895 -0.016000001 43
-0.64099997 1.794 -0.015 9
-1.099 4.1009998 0.022 21
-1.2690001 4.1420002 0.0089999996 10
-0.61900002 1.7869999 -0.0040000002 2
-1.579 4.1129999 -0.029999999 2
-1.206 4.1100001 0.018999999 10
-1.39 4.1849999 0.0089999996 12
-0.671 1.802 -0.003 3
-1.677 4.0840001 -0.024 12
-1.359 4.2540002 0.016000001 13
-0.648 1.809 0.003 3
-1.579 3.9549999 -0.0040000002 16
-1.7589999 4.0180001 -0.017999999 12
-0.61699998 1.785 0.0049999999 2
-1.501 3.8970001 0.0080000004 10
-1.6799999 3.9360001 0 18
0 0 0 0
-1.455 3.9070001 0.0089999996 0
-1.601 3.8829999 0.0080000004 19
-1.7819999 3.921 0.0020000001 10
-1.219 2.4649999 -0.003 150
-1.556 3.8940001 0.0060000001 18
-1.711 3.8859999 0.0080000004 16
-1.197 2.4790001 0.003 42
-2.046 3.908 0 10
-1.6720001 3.911 0.003 18
0 0 0 0
-1.3660001 2.668 0.0060000001 0
-2.131 3.8510001 0.0060000001 34
-1.786 3.921 0 11
-1.225 2.4630001 0.0049999999 37
-2.0869999 3.8510001 0.012 36
-0.67799997 1.1619999 0.0040000002 37
-1.2 2.4779999 -0.001 135
-2.0439999 3.878 0.0089999996 16
-0.667 1.165 0.0040000002 9
-2.368 3.8469999 0.02 1
-1.335 2.596 -0.0040000002 1
-2.1459999 3.8499999 0.0089999996 25
0 0 0 0
-2.49 3.845 0.027000001 34
-2.154 3.9549999 -0.0089999996 14
-0.68300003 1.16 0.0020000001 25
-2.4449999 3.846 0.023 6
-1.271 1.867 0.016000001 12
-0.667 1.158 -0.003 76
-2.408 3.8800001 0.0089999996 2
-1.265 1.892 0.013 0
-2.813 3.9349999 0.041999999 72
0 0 0 0
-2.5320001 3.8729999 0.0099999998 13
-2.776 3.9489999 0.032000002 36
-2.9630001 3.95 0.050999999 32
0 0 0 0
-1.271 1.848 0.0049999999 31
-1.947 2.6370001 0.024 6
-3.1129999 3.9560001 0.059 77
-1.268 1.878 -0.0099999998 16
-2.845 3.934 0.011 62
-3.053 3.9419999 0.041000001 71
-3.2709999 3.9679999 0.068000004 78
-2.799 3.9400001 -0.026000001 73
-2.9960001 3.944 0.012 67
-3.2090001 3.9489999 0.046 73
0 0 0 0
-1.9579999 2.6199999 -0.018999999 7
-3.1459999 3.947 0.012 78
0 0 0 0
-3.273 3.619 0.079000004 4
-3.099 3.948 -0.033 79
-3.306 3.9519999 0.013 53
0 0 0 0
-3.2980001 3.483 0.085000001 30
-3.273 3.97 -0.037 84
-3.276 3.734 0.013 2
-3.2939999 3.523 0.056000002 9
-3.3150001 3.346 0.090000004 66
-3.2650001 3.7720001 -0.039000001 26
-3.277 3.563 0.013 79
-3.306 3.3759999 0.059 82
-3.362 3.2409999 0.097000003 34
-3.273 3.6040001 -0.041000001 22
-3.2969999 3.4189999 0.014 62
-3.3399999 3.257 0.061999999 85
-1.322 1.2180001 0.039999999 17
-1.867 1.959 -0.024 19
-3.3139999 3.2780001 0.014 97
-1.318 1.226 0.025 62
-1.4680001 1.2920001 0.046 0
-3.3099999 3.3099999 -0.044 95
-1.3049999 1.232 0.0049999999 6
-3.404 3.0250001 0.068000004 56
-3.4170001 2.872 0.112 41
-3.402 3.243 -0.046999998 26
-3.3900001 3.052 0.015 75
-3.3940001 2.8789999 0.07 39
-3.4349999 2.756 0.117 46
-3.391 3.0810001 -0.048 64
-1.4400001 1.2359999 0.0060000001 10
-1.274 1.031 0.027000001 1
-3.7609999 2.8800001 0.133 105
-1.4299999 1.238 -0.02 152
-1.266 1.036 0.0060000001 1
-3.434 2.6500001 0.075999998 87
-3.9070001 2.8529999 0.14300001 61
-3.4100001 2.8110001 -0.050000001 62
-3.424 2.6689999 0.017000001 90
-3.4089999 2.5079999 0.078000002 102
-3.9030001 2.717 0.147 3
-3.4230001 2.687 -0.052000001 97
-3.4030001 2.527 0.017000001 107
-3.4330001 2.405 0.081 23
-3.895 2.5829999 0.152 65
-3.411 2.546 -0.052000001 97
-3.408 2.4089999 0.017999999 43
-3.4319999 2.2880001 0.082999997 102
-2.0580001 1.299 0.082000002 4
-3.4159999 2.424 -0.052999999 40
-3.4289999 2.3039999 0.018999999 108
-2.053 1.302 0.050999999 27
-3.9230001 2.3529999 0.162 150
-3.427 2.3099999 -0.054000001 94
-2.0439999 1.3049999 0.011 150
-3.451 2.079 0.088 109
-3.937 2.243 0.167 29
-2.052 1.312 -0.033 177
-3.4419999 2.085 0.02 113
-3.4590001 1.976 0.090999998 54
-3.9579999 2.1389999 0.17200001 131
-3.4460001 2.089 -0.056000002 110
-3.457 1.984 0.021 71
-3.6270001 1.9630001 0.097000003 46
-3.961 2.026 0.177 111
-3.4619999 1.9859999 -0.057 66
-3.6159999 1.964 0.022 47
-3.881 1.9859999 0.107 50
0 0 0 0
-3.608 1.955 -0.059999999 47
-3.859 1.98 0.025 49
-4.4359999 2.1429999 0.125 1
0 0 0 0
-3.8729999 1.98 -0.064000003 43
-4.467 2.1589999 0.029999999 1
-4.8629999 2.214 0.14 1
0 0 0 0
-4.5040002 2.1670001 -0.075000003 1
0 0 0 0
0 0 0 0
-7.6620002 3.086 0.375 7
-1.51 0.68199998 -0.025 1
-5.1760001 2.2090001 0.037 0
-7.6599998 3.069 0.23199999 8
-7.6830001 2.8970001 0.38299999 44
0 0 0 0
-7.6620002 3.0569999 0.057999998 60
-7.6630001 2.869 0.236 60
0 0 0 0
-7.6659999 3.027 -0.131 7
-7.6820002 2.858 0.059999999 61
0 0 0 0
0 0 0 0
-7.6729999 2.8150001 -0.131 44
-1.9400001 0.67000002 0.015 2
0 0 0 0
-7.6849999 2.322 0.40799999 9
0 0 0 0
-7.665 2.447 0.064000003 1
-7.677 2.2869999 0.252 2
-7.1300001 1.98 0.38600001 13
0 0 0 0
-7.0700002 2.076 0.061000001 4
-7.164 1.957 0.23999999 15
-8.2659998 2.099 0.456 2
-7.1160002 2.039 -0.122 21
-7.1750002 1.925 0.064999998 3
-8.3100004 2.0650001 0.285 22
-8.6040001 1.982 0.48300001 11
-8.2399998 2.1470001 -0.141 1
-8.2930002 2.0179999 0.077 83
-8.8149996 1.979 0.308 2
-10.966 2.267 0.62800002 3
-8.3280001 1.957 -0.14300001 65
-10.944 2.3900001 0.106 1
-10.934 2.194 0.38999999 3
-4.7740002 0.87699997 0.278 1
-10.937 2.29 -0.18700001 2
-10.927 2.119 0.11 2
-4.7379999 0.838 0.17200001 3
-3.092 0.49700001 0.183 45
-4.9980001 0.921 -0.085000001 4
-3.2060001 0.54299998 0.033 31
-3.131 0.47999999 0.116 37
-3.1159999 0.42899999 0.18799999 45
-3.2260001 0.514 -0.055 36
-3.181 0.46200001 0.034000002 39
-3.2019999 0.41600001 0.121 12
-10.929 1.261 0.67199999 33
-3.2379999 0.435 -0.054000001 36
-10.941 1.33 0.122 48
-10.968 1.1720001 0.42300001 46
-3.016 0.28 0.18799999 5
-10.916 1.201 -0.183 101
-10.957 1.072 0.127 64
-2.9979999 0.25099999 0.118 5
-2.9159999 0.205 0.185 42
-10.941 0.93699998 -0.183 116
-2.974 0.22 0.035 43
-2.954 0.18000001 0.118 49
-2.98 0.14300001 0.192 58
-2.9649999 0.18099999 -0.048999999 44
-2.9590001 0.149 0.035999998 47
-8.4689999 0.32100001 0.347 9
-8.4589996 0.22 0.55699998 26
-3.0039999 0.111 -0.048999999 29
-8.4130001 0.22499999 0.109 19
-8.566 0.131 0.35699999 5
-8.5880003 0.030999999 0.57499999 6
-8.5780001 0.11 -0.14 7
-8.5740004 0.028000001 0.115 9
-8.4680004 -0.061999999 0.36000001 3
-8.3360004 -0.153 0.56699997 8
-8.3559999 -0.096000001 -0.134 9
-8.3459997 -0.167 0.116 31
-8.4820004 -0.257 0.368 9
-8.4899998 -0.34400001 0.58700001 6
-8.4809999 -0.30199999 -0.13500001 7
-8.4919996 -0.36899999 0.122 8
-8.5129995 -0.45199999 0.37599999 3
-8.6809998 -0.546 0.611 0
-6.566 -0.39199999 -0.103 0
-8.5539999 -0.57499999 0.127 2
-8.6940002 -0.66000003 0.39199999 0
-8.7049999 -0.741 0.62300003 1
-8.6689997 -0.72899997 -0.13500001 1
-8.4569998 -0.76700002 0.13 5
-8.5120001 -0.84299999 0.391 2
-8.7229996 -0.93599999 0.634 1
-8.6789999 -0.94300002 -0.133 0
-8.665 -0.99400002 0.139 1
-8.7030001 -1.062 0.40799999 0
-8.6949997 -1.13 0.64300001 1
0 0 0 0
-11.166 -1.545 0.185 2
-11.184 -1.623 0.53500003 1
-11.202 -1.7079999 0.84299999 1
-8.198 -1.295 -0.121 0
0 0 0 0
0 0 0 0
0 0 0 0
0 0 0 0
0 0 0 0
0 0 0 0
0 0 0 0
-2.6849999 -0.55800003 -0.037999999 1
-2.665 -0.56199998 0.048999999 10
-2.678 -0.57700002 0.13500001 15
-2.6459999 -0.58499998 0.20900001 13
-2.5 -0.583 -0.034000002 6
-2.483 -0.58499998 0.046999998 8
-2.5039999 -0.59899998 0.12899999 7
-2.51 -0.61299998 0.20200001 6
-2.513 -0.65100002 -0.034000002 6
-2.49 -0.648 0.048999999 7
-2.5020001 -0.65899998 0.132 6
-2.4219999 -0.64899999 0.198 4
-2.516 -0.71600002 -0.033 0
-2.52 -0.72000003 0.052000001 0
0 0 0 0
-8.6759996 -2.533 0.722 1
0 0 0 0
0 0 0 0
0 0 0 0
0 0 0 0
0 0 0 0
0 0 0 0
0 0 0 0
0 0 0 0
0 0 0 0
0 0 0 0
0 0 0 0
0 0 0 0
0 0 0 0
0 0 0 0
0 0 0 0
0 0 0 0
0 0 0 0
0 0 0 0
0 0 0 0
0 0 0 0
0 0 0 0
-3.075 -1.369 0.079000004 0
0 0 0 0
0 0 0 0
-8.8219995 -4.224 -0.086999997 3
-8.8070002 -4.1700001 0.234 13
-8.8199997 -4.1490002 0.55299997 2
-8.7989998 -4.1269999 0.829 17
-8.8319998 -4.493 -0.082000002 3
-8.8199997 -4.4310002 0.244 14
-8.8269997 -4.3990002 0.56599998 3
-8.8140001 -4.3769999 0.84600002 16
-8.8479996 -4.7709999 -0.077 3
-8.8450003 -4.7069998 0.25400001 16
-8.8400002 -4.658 0.57999998 2
-8.8360004 -4.6329999 0.86500001 16
-1.278 -0.72899997 -0.0099999998 0
-8.8439999 -4.974 0.264 13
-8.8839998 -4.941 0.597 2
-8.8549995 -4.895 0.88300002 19
-1.219 -0.73500001 -0.0089999996 1
-8.8260002 -5.2379999 0.27399999 5
-8.8879995 -5.2119999 0.611 1
-8.8649998 -5.1570001 0.90100002 20
-1.1619999 -0.73900002 -0.0070000002 1
-8.8979998 -5.5650001 0.287 16
-8.9280005 -5.5110002 0.62900001 1
-8.8900003 -5.4400001 0.92199999 17
-1.087 -0.72799999 -0.0060000001 1
-8.941 -5.8889999 0.30000001 13
-8.9490004 -5.8099999 0.64700001 1
-8.9189997 -5.7319999 0.94400001 16
-1.038 -0.73299998 -0.0049999999 1
-8.526 -5.9039998 0.29699999 3
0 0 0 0
-8.9429998 -6.0300002 0.96600002 13
0 0 0 0
-8.9860001 -6.5409999 0.32699999 3
0 0 0 0
0 0 0 0
0 0 0 0
0 0 0 0
0 0 0 0
-0.98199999 -0.727 0.11 0
0 0 0 0
0 0 0 0
0 0 0 0
-1.002 -0.77700001 0.115 2
0 0 0 0
0 0 0 0
0 0 0 0
0 0 0 0
0 0 0 0
-8.7980003 -7.7540002 0.37799999 12
-9.0699997 -7.823 0.76599997 7
0 0 0 0
0 0 0 0
-8.8310003 -8.1540003 0.39500001 11
-9.0959997 -8.2150002 0.79100001 11
-9.0649996 -8.0459995 1.117 17
0 0 0 0
-9.0550003 -8.7589998 0.42300001 3
-9.1049995 -8.6040001 0.815 12
-9.1020002 -8.4499998 1.149 16
0 0 0 0
-8.9359999 -9.059 0.43700001 14
-9.1450005 -9.0410004 0.84299999 10
-9.1260004 -8.8540001 1.1799999 12
0 0 0 0
-9.1780005 -9.7469997 0.47 4
-9.1630001 -9.4790001 0.87099999 8
-9.1420002 -9.2709999 1.212 17
0 0 0 0
-9.2370005 -10.276 0.49399999 6
-9.1870003 -9.9490004 0.90200001 13
-9.1680002 -9.717 1.248 17
0 0 0 0
-9.2480001 -10.786 0.51899999 3
-9.2270002 -10.456 0.935 9
-9.2019997 -10.201 1.2869999 13
0 0 0 0
-8.8330002 -10.799 0.51999998 3
-9.2670002 -10.998 0.97100002 7
-9.224 -10.691 1.325 17
0 0 0 0
-8.7790003 -11.26 0.54299998 2
-9.2849998 -11.538 1.006 7
-9.2399998 -11.206 1.367 11
0 0 0 0
0 0 0 0
-9.3030005 -12.111 1.044 2
-9.3009996 -11.801 1.416 10
0 0 0 0
0 0 0 0
-9.3929996 -12.818 1.0930001 5
0 0 0 0
0 0 0 0
-8.1520004 -12.103 0.588 4
0 0 0 0
0 0 0 0
0 0 0 0
0 0 0 0
0 0 0 0
-8.4020004 -12.26 1.4069999 2
0 0 0 0
0 0 0 0
0 0 0 0
-8.0220003 -12.282 1.39 2
0 0 0 0
0 0 0 0
-9.5710001 -15.913 1.308 3
-9.5270004 -15.324 1.71 3
0 0 0 0
0 0 0 0
-9.6470003 -16.893999 1.378 3
-9.6379995 -16.299999 1.795 3
0 0 0 0
0 0 0 0
0 0 0 0
0 0 0 0
0 0 0 0
0 0 0 0
-9.8280001 -19.186001 1.5420001 4
0 0 0 0
-8.9770002 -20.715 0.43599999 10
0 0 0 0
0 0 0 0
0 0 0 0
0 0 0 0
0 0 0 0
0 0 0 0
0 0 0 0
0 0 0 0
0 0 0 0
0 0 0 0
0 0 0 0
0 0 0 0
0 0 0 0
0 0 0 0
0 0 0 0
0 0 0 0
-9.8100004 -27.903999 1.439 9
0 0 0 0
0 0 0 0
0 0 0 0
-9.0909996 -27.896999 1.45 10
-9.7840004 -27.910999 2.1700001 8
0 0 0 0
0 0 0 0
-8.4230003 -28.021 1.4680001 9
-9.085 -27.927999 2.1619999 14
-9.6540003 -27.895 2.773 6
-7.0149999 -28.086 0.81199998 14
0 0 0 0
-8.3950005 -27.945999 2.1559999 12
0 0 0 0
-6.3449998 -28.181999 0.84799999 9
0 0 0 0
-7.7329998 -28.035 2.155 10
0 0 0 0
-5.6570001 -28.205 0.884 10
-6.3730001 -28.128 1.513 13
-7.0479999 -28.035999 2.1489999 10
0 0 0 0
-4.9770002 -28.205999 0.91799998 10
-5.697 -28.162001 1.531 9
-6.3860002 -28.082001 2.1470001 7
0 0 0 0
-4.3150001 -28.320999 0.958 7
0 0 0 0
-5.7270002 -28.152 2.1489999 8
0 0 0 0
-3.6429999 -28.295 0.991 9
0 0 0 0
-5.0749998 -28.212999 2.1500001 10
0 0 0 0
-0.28200001 -2.688 0.097000003 0
-3.7160001 -28.311001 1.587 10
-4.415 -28.198 2.145 9
-5.0079999 -28.209999 2.641 7
-2.322 -28.346001 1.064 10
-3.0550001 -28.302 1.603 12
-3.77 -28.264 2.1470001 12
0 0 0 0
0 0 0 0
0 0 0 0
-3.1170001 -28.306 2.151 11
0 0 0 0
0 0 0 0
-0.048999999 -0.80299997 0.046 0
-2.4749999 -28.381001 2.154 10
-3.0739999 -28.351999 2.5969999 7
0 0 0 0
0 0 0 0
0 0 0 0
-1.818 -21.211 1.929 4
0.257 -23.278999 1 6
0 0 0 0
0 0 0 0
-1.33 -21.184 1.915 30
0.79400003 -23.280001 1.033 5
0.18099999 -24.490999 1.472 6
-0.433 -23.261 1.768 4
-0.50400001 -12.561 1.1289999 1
1.001 -17.502001 0.80199999 2
0 0 0 0
0.101 -23.292 1.774 4
-0.50099999 -28.523001 2.5480001 4
0 0 0 0
0 0 0 0
0.63 -23.264 1.774 4
0.123 -24.367001 2.165 6
0 0 0 0
0 0 0 0
0 0 0 0
0.68199998 -24.424999 2.1600001 6
0 0 0 0
0 0 0 0
0 0 0 0
0 0 0 0
0 0 0 0
2.3099999 -18.839001 1.21 3
0 0 0 0
0 0 0 0
0 0 0 0
0 0 0 0
0 0 0 0
0 0 0 0
2.5469999 -12.893 0.71200001 1
0 0 0 0
2.421 -17.039 1.317 2
0 0 0 0
2.747 -12.392 0.70599997 4
0 0 0 0
2.51 -15.156 1.177 3
2.4100001 -16.900999 1.4630001 3
2.7880001 -11.349 0.66600001 4
0 0 0 0
2.448 -12.939 1.0089999 1
2.5109999 -15.135 1.306 3
2.8340001 -10.496 0.63499999 5
2.7609999 -11.453 0.79299998 4
2.704 -12.703 0.995 1
2.687 -14.168 1.219 2
2.8840001 -9.7889996 0.61000001 7
2.8080001 -10.582 0.745 4
0 0 0 0
2.7130001 -12.712 1.091 4
2.9230001 -9.1409998 0.588 10
2.8610001 -9.8669996 0.70599997 4
0 0 0 0
2.7590001 -11.623 0.995 5
2.9619999 -8.5889997 0.56900001 5
2.904 -9.2180004 0.671 8
2.839 -9.9289999 0.79100001 5
0 0 0 0
2.99 -8.0690002 0.551 7
2.938 -8.6350002 0.639 7
2.891 -9.2939997 0.74599999 5
0 0 0 0
3.0220001 -7.6160002 0.53600001 6
2.97 -8.1160002 0.61199999 11
2.921 -8.6859999 0.70200002 8
2.901 -9.3140001 0.79400003 3
2.924 -6.908 0.50199997 0
3.0009999 -7.6529999 0.588 9
2.9549999 -8.1660004 0.66500002 9
2.944 -8.7329998 0.74400002 11
3.0480001 -6.7709999 0.50599998 7
2.878 -6.875 0.53799999 0
2.9860001 -7.6950002 0.63099998 11
2.9719999 -8.1899996 0.69800001 9
3.076 -6.4359999 0.49700001 9
3.033 -6.8060002 0.542 4
2.855 -6.8839998 0.56999999 0
2.9979999 -7.7049999 0.65700001 10
0 0 0 0
3.062 -6.4699998 0.52600002 10
3.0090001 -6.8080001 0.56900001 5
0 0 0 0
0.44100001 -0.82499999 0.067000002 0
0 0 0 0
3.0569999 -6.5100002 0.54900002 12
0 0 0 0
0 0 0 0
0.447 -0.84299999 0.071000002 0
3.076 -6.1760001 0.52600002 9
3.0599999 -6.493 0.55500001 11
0 0 0 0
0 0 0 0
0 0 0 0
3.085 -6.1690001 0.52899998 10
3.154 -5.0450001 0.45500001 13
0 0 0 0
0 0 0 0
0 0 0 0
3.168 -4.822 0.449 15
3.1459999 -5.0609999 0.45699999 14
0 0 0 0
0 0 0 0
3.175 -4.6030002 0.44299999 14
3.1600001 -4.835 0.44600001 15
3.138 -5.072 0.45300001 15
0 0 0 0
3.1919999 -4.4120002 0.43799999 14
3.168 -4.612 0.43599999 15
3.155 -4.8470001 0.43799999 15
3.1500001 -5.0630002 0.44 14
3.197 -4.217 0.433 16
3.1830001 -4.4169998 0.42699999 15
3.1619999 -4.6220002 0.42399999 15
3.158 -4.8239999 0.421 15
3.207 -4.0370002 0.42899999 15
3.1900001 -4.2210002 0.41800001 16
3.184 -4.4289999 0.412 16
3.1789999 -4.6170001 0.405 16
3.221 -3.8729999 0.42500001 15
3.1989999 -4.039 0.41 16
3.191 -4.2309999 0.40000001 15
3.1889999 -4.4099998 0.389 16
3.2320001 -3.714 0.42199999 15
3.2149999 -3.8729999 0.40400001 15
3.1960001 -4.0409999 0.38800001 15
3.1960001 -4.2069998 0.37400001 16
3.24 -3.5599999 0.419 14
3.2179999 -3.7019999 0.396 14
3.2149999 -3.878 0.37799999 15
3.2030001 -4.0190001 0.36000001 16
3.2420001 -3.405 0.41499999 14
3.2279999 -3.5480001 0.38999999 14
3.224 -3.7090001 0.36899999 15
3.214 -3.846 0.347 15
3.237 -3.2509999 0.41 14
3.24 -3.402 0.38499999 14
3.2309999 -3.5469999 0.36000001 18
3.2290001 -3.684 0.336 15
3.2520001 -3.1229999 0.40900001 14
3.234 -3.243 0.37799999 18
3.227 -3.3829999 0.34999999 18
3.2390001 -3.523 0.32499999 15
3.2539999 -2.9879999 0.40599999 13
3.253 -3.118 0.37400001 19
3.227 -3.2309999 0.34099999 13
3.22 -3.342 0.31099999 15
3.2750001 -2.8759999 0.40599999 12
3.2679999 -2.9920001 0.37 18
3.253 -3.1099999 0.33500001 18
3.2520001 -3.221 0.303 14
3.2869999 -2.76 0.405 12
3.27 -2.8610001 0.36500001 17
3.26 -2.9749999 0.32800001 17
3.2590001 -3.0799999 0.294 14
3.29 -2.638 0.403 12
3.2690001 -2.7320001 0.36000001 18
3.2720001 -2.8499999 0.322 18
3.276 -2.954 0.28600001 18
3.2939999 -2.523 0.40099999 11
3.2880001 -2.6229999 0.35800001 16
3.28 -2.7260001 0.31600001 17
3.273 -2.813 0.27599999 18
3.3150001 -2.424 0.40200001 16
3.3 -2.5120001 0.35499999 16
3.286 -2.6040001 0.31 16
3.2920001 -2.697 0.27000001 17
3.3139999 -2.312 0.40000001 15
3.306 -2.4000001 0.352 15
3.299 -2.4920001 0.30500001 16
3.2969999 -2.573 0.26199999 16
3.3069999 -2.1989999 0.398 11
3.3139999 -2.2920001 0.34900001 16
3.303 -2.3770001 0.29899999 15
3.306 -2.4590001 0.255 17
3.3169999 -2.102 0.398 16
3.303 -2.177 0.34400001 19
3.312 -2.2690001 0.294 17
3.313 -2.345 0.248 16
3.3180001 -2.0009999 0.39700001 11
3.3150001 -2.0769999 0.34299999 16
3.313 -2.158 0.289 18
3.316 -2.23 0.241 20
3.3210001 -1.904 0.396 11
3.329 -1.982 0.34099999 16
3.3099999 -2.049 0.28400001 17
3.3110001 -2.115 0.235 17
3.325 -1.809 0.396 10
3.3299999 -1.882 0.338 15
3.3180001 -1.949 0.28 17
3.3299999 -2.017 0.23 16
3.323 -1.714 0.39500001 9
3.325 -1.78 0.33500001 19
3.3329999 -1.854 0.27700001 21
3.2720001 -1.877 0.22 11
1.882 -0.91799998 0.223 3
3.0999999 -1.571 0.31 10
3.3310001 -1.752 0.273 19
3.21 -1.7410001 0.20999999 13
3.3110001 -1.526 0.39199999 7
3.3440001 -1.6 0.333 21
1.869 -0.92799997 0.15099999 2
3.1989999 -1.6390001 0.205 13
3.2950001 -1.431 0.38999999 9
3.3329999 -1.503 0.329 16
3.3399999 -1.564 0.266 21
3.214 -1.552 0.20100001 12
3.1589999 -1.29 0.37400001 10
3.1240001 -1.324 0.30700001 10
3.3329999 -1.467 0.26199999 21
3.1960001 -1.45 0.19499999 13
3.164 -1.211 0.37400001 10
2.8729999 -1.142 0.28099999 9
3.342 -1.3789999 0.25999999 19
3.1900001 -1.3559999 0.19 13
3.3640001 -1.2029999 0.398 7
3.342 -1.24 0.32600001 8
3.3469999 -1.29 0.257 8
3.21 -1.275 0.18799999 14
3.3670001 -1.12 0.39899999 6
3.3729999 -1.166 0.32699999 7
3.3599999 -1.206 0.255 8
3.3410001 -1.235 0.191 8
3.3570001 -1.036 0.398 150
3.3440001 -1.071 0.32300001 83
3.3570001 -1.118 0.252 5
3.3770001 -1.159 0.189 7
2.9200001 -0.83099997 0.34599999 121
3.3670001 -0.99599999 0.324 123
3.372 -1.036 0.25099999 97
3.3629999 -1.0650001 0.184 107
2.924 -0.76300001 0.347 91
2.881 -0.78100002 0.27700001 94
2.8800001 -0.81199998 0.212 105
2.954 -0.85799998 0.15899999 185
3.141 -0.74599999 0.37400001 154
2.888 -0.713 0.27700001 101
2.888 -0.741 0.211 101
2.8870001 -0.764 0.153 110
3.0380001 -0.65100002 0.36199999 131
2.892 -0.64499998 0.27700001 97
2.8940001 -0.671 0.20999999 107
2.8940001 -0.69199997 0.15000001 112
3.0910001 -0.59200001 0.36899999 78
2.8970001 -0.57700002 0.27700001 101
2.8959999 -0.60100001 0.20900001 106
2.8940001 -0.61900002 0.148 114
3.2920001 -0.55500001 0.39399999 137
2.901 -0.50999999 0.27700001 96
2.904 -0.53200001 0.208 101
2.902 -0.54799998 0.146 114
3.329 -0.486 0.40000001 73
2.8940001 -0.44100001 0.27599999 102
2.9100001 -0.463 0.207 102
2.9070001 -0.47799999 0.14399999 111
3.3210001 -0.41100001 0.40000001 75
2.9070001 -0.37599999 0.27700001 115
2.9059999 -0.39300001 0.206 111
2.902 -0.40599999 0.142 116
1.477 -0.15000001 0.178 30
1.472 -0.156 0.14 31
1.457 -0.162 0.102 34
1.448 -0.167 0.07 36
1.477 -0.117 0.17900001 8
1.473 -0.122 0.141 7
1.464 -0.12899999 0.102 7
1.4529999 -0.132 0.068999998 8
1.4960001 -0.085000001 0.182 49
1.488 -0.090000004 0.142 51
1.47 -0.093999997 0.103 13
1.461 -0.097000003 0.068000004 13
1.495 -0.052000001 0.183 13
1.484 -0.056000002 0.142 11
1.471 -0.059999999 0.102 12
1.457 -0.061999999 0.067000002 13
1.498 -0.018999999 0.184 55
1.4910001 -0.022 0.14300001 25
1.475 -0.025 0.102 13
1.47 -0.027000001 0.067000002 13
1.5 0.013 0.185 13
1.487 0.011 0.14300001 8
1.477 0.0080000004 0.102 13
1.46 0.0070000002 0.066 13
1.507 0.046 0.18700001 54
1.4960001 0.045000002 0.14399999 18
1.474 0.043000001 0.102 13
1.465 0.043000001 0.066 13
1.507 0.079000004 0.18799999 13
1.506 0.079999998 0.146 3
1.4859999 0.078000002 0.103 12
1.469 0.078000002 0.066 13
1.508 0.113 0.189 53
1.497 0.113 0.145 37
1.4809999 0.113 0.102 14
1.472 0.114 0.064999998 13
1.515 0.147 0.191 12
1.501 0.148 0.147 6
1.48 0.148 0.103 12
1.47 0.15000001 0.064999998 13
1.51 0.18000001 0.191 49
1.5 0.183 0.147 31
1.487 0.184 0.103 13
1.472 0.186 0.064999998 13
1.522 0.21600001 0.19400001 59
1.492 0.21600001 0.147 11
1.4859999 0.219 0.103 12
1.475 0.223 0.064000003 13
1.526 0.25 0.19599999 51
1.506 0.25299999 0.149 38
1.49 0.25600001 0.104 13
1.478 0.25999999 0.064000003 13
1.526 0.285 0.197 57
1.513 0.28999999 0.15099999 24
1.489 0.292 0.104 13
1.4809999 0.29800001 0.064999998 59
1.525 0.31999999 0.199 53
1.5140001 0.32600001 0.152 51
1.494 0.329 0.105 12
1.484 0.336 0.064999998 13
1.5319999 0.35699999 0.20100001 56
1.5190001 0.36300001 0.154 53
1.499 0.368 0.106 59
1.485 0.37400001 0.064999998 62
1.535 0.39300001 0.20299999 56
1.517 0.40000001 0.154 58
1.503 0.40700001 0.107 9
1.48 0.41100001 0.064999998 7
1.526 0.42699999 0.204 30
1.5039999 0.433 0.154 35
1.49 0.44100001 0.107 30
1.475 0.44800001 0.064000003 30
1.524 0.463 0.205 33
1.503 0.47 0.155 7
2.9890001 0.96100003 0.21600001 89
2.9890001 0.98900002 0.132 98
3.464 1.136 0.47099999 90
3.454 1.168 0.361 104
2.9909999 1.04 0.21699999 94
2.9920001 1.071 0.132 98
3.464 1.221 0.47499999 87
3.4619999 1.2589999 0.36500001 150
2.997 1.123 0.22 92
3 1.156 0.134 100
3.4719999 1.311 0.48100001 89
3.4790001 1.355 0.37099999 98
3.003 1.206 0.222 96
3.0079999 1.244 0.13500001 96
3.477 1.401 0.48699999 94
3.477 1.447 0.375 106
3.007 1.29 0.22499999 95
3.0120001 1.332 0.13600001 96
3.4860001 1.4960001 0.493 93
3.1849999 1.4119999 0.347 167
3.0120001 1.378 0.228 83
3.013 1.421 0.138 97
3.5 1.594 0.50099999 106
3.5020001 1.649 0.38600001 106
3.01 1.464 0.23 80
3.0209999 1.515 0.14 102
3.507 1.691 0.50700003 103
3.5050001 1.749 0.391 98
3.017 1.557 0.234 90
3.0250001 1.61 0.142 108
3.5079999 1.789 0.514 95
3.516 1.8559999 0.39700001 102
3.0309999 1.655 0.23800001 150
2.9089999 1.64 0.138 4
3.5209999 1.8940001 0.52200001 103
2.948 1.6440001 0.338 6
2.8429999 1.64 0.227 4
2.7639999 1.648 0.133 4
2.8900001 1.638 0.43399999 3
2.806 1.649 0.32600001 4
2.7279999 1.66 0.221 4
0 0 0 0
2.7690001 1.652 0.421 4
2.6860001 1.6619999 0.31600001 5
2.115 1.357 0.17399999 0
0 0 0 0
2.6470001 1.659 0.40799999 4
2.1010001 1.367 0.25099999 12
0 0 0 0
0 0 0 0
0 0 0 0
0 0 0 0
2.507 1.78 0.213 1
2.503 1.842 0.13 5
2.4760001 1.71 0.39300001 0
2.506 1.799 0.31 1
2.5 1.8660001 0.21699999 5
2.2279999 1.725 0.118 22
2.494 1.8049999 0.40200001 4
2.5 1.883 0.31400001 5
2.237 1.753 0.198 13
3.0969999 2.52 0.169 47
2.5020001 1.897 0.41 5
2.497 1.972 0.31999999 4
3.5929999 2.9560001 0.32499999 21
3.099 2.6489999 0.17299999 69
3.5810001 2.8429999 0.597 14
3.5780001 2.961 0.46700001 23
3.5910001 3.099 0.33199999 19
0 0 0 0
3.5880001 2.98 0.60799998 22
3.5910001 3.1140001 0.47799999 14
0 0 0 0
0 0 0 0
3.5969999 3.125 0.62099999 11
0 0 0 0
3.618 3.4330001 0.35100001 2
3.641 3.6010001 0.222 16
0 0 0 0
3.6199999 3.441 0.50300002 2
3.635 3.615 0.36199999 16
3.013 3.1270001 0.189 12
3.612 3.4330001 0.648 3
3.631 3.6140001 0.51599997 16
3.0220001 3.1500001 0.30899999 12
2.9330001 3.1960001 0.19 12
3.6370001 3.6129999 0.66500002 16
3.641 3.793 0.52999997 17
2.9319999 3.204 0.308 17
3.2030001 3.664 0.21600001 14
3.6459999 3.7880001 0.68099999 18
3.6589999 3.9909999 0.546 18
3.6619999 4.197 0.39700001 18
3.155 3.79 0.22 15
3.665 3.9809999 0.69999999 18
3.6719999 4.1960001 0.56199998 18
3.691 4.4380002 0.41299999 18
2.2880001 2.8889999 0.16599999 211
3.681 4.1820002 0.72000003 18
3.694 4.4219999 0.58099997 17
3.7149999 4.6859999 0.42899999 15
2.2160001 2.941 0.168 201
3.7 4.4000001 0.741 19
3.714 4.658 0.60100001 19
3.658 4.8470001 0.43799999 21
2.1489999 3 0.17 197
3.7179999 4.6269999 0.76300001 18
3.6830001 4.8429999 0.61400002 23
3.497 4.8670001 0.433 21
2.079 3.0550001 0.17200001 158
3.714 4.8390002 0.78299999 23
3.517 4.8530002 0.60500002 22
3.3269999 4.868 0.428 21
1.987 3.0769999 0.17200001 150
3.553 4.8499999 0.76999998 23
3.3570001 4.8629999 0.597 28
3.1689999 4.881 0.42399999 27
1.909 3.119 0.17399999 67
3.3959999 4.862 0.75700003 23
3.201 4.8740001 0.58899999 30
3.0109999 4.8860002 0.41999999 28
1.832 3.1619999 0.176 29
3.2420001 4.8720002 0.74599999 22
3.052 4.8870001 0.58200002 30
2.8629999 4.9029999 0.41800001 27
0 0 0 0
3.0910001 4.8790002 0.73400003 22
2.904 4.8979998 0.57499999 30
0 0 0 0
0 0 0 0
2.9460001 4.8899999 0.72299999 28
0 0 0 0
2.5650001 4.9070001 0.41100001 3
0 0 0 0
2.812 4.9130001 0.71499997 18
2.609 4.902 0.56099999 17
0 0 0 0
2.0050001 4.3850002 0.245 15
0 0 0 0
2.48 4.9289999 0.55699998 16
0.81999999 1.767 0.146 9
1.7970001 4.1919999 0.234 10
2.5239999 4.9109998 0.69300002 3
0.85500002 1.803 0.20100001 33
0.76599997 1.7589999 0.14399999 19
0.82300001 2.059 0.116 2
0 0 0 0
0.87599999 1.964 0.21699999 2
0.72899997 1.789 0.146 126
0.63700002 1.711 0.096000001 8
0 0 0 0
0.87900001 2.098 0.23 14
0.65899998 1.733 0.141 2
0.72299999 2.095 0.119 3
0.447 1.038 0.14 1
0 0 0 0
0.62300003 1.763 0.14300001 10
0.671 2.1059999 0.12 3
0.41800001 1.036 0.138 2
0 0 0 0
0.58099997 1.775 0.14399999 48
0.65700001 2.2460001 0.12899999 5
0.39399999 1.0420001 0.13699999 1
0.40200001 1.184 0.126 0
0.54100001 1.794 0.145 42
0.64099997 2.402 0.139 8
0.366 1.04 0.13500001 1
0 0 0 0
0.49599999 1.796 0.145 13
0.58499998 2.425 0.142 45
0.34099999 1.043 0.134 1
0.345 1.194 0.125 0
0.45199999 1.802 0.146 44
0.54799998 2.5380001 0.15000001 154
0.31400001 1.043 0.133 1
0.32100001 1.215 0.127 1
0.64499998 2.8559999 0.23100001 67
0.51899999 2.711 0.162 151
0.289 1.043 0.131 1
0.29100001 1.217 0.126 0
0.57999998 2.881 0.234 37
0.479 2.878 0.17399999 136
0.264 1.045 0.13 1
0.25799999 1.199 0.124 0
0.31 1.751 0.142 3
0.419 2.9460001 0.18099999 24
0.23999999 1.051 0.12899999 1
0 0 0 0
0.26800001 1.751 0.142 7
0.33399999 2.8299999 0.176 25
0.21699999 1.062 0.13 1
0 0 0 0
0.226 1.753 0.14300001 8
0.25099999 2.681 0.169 23
0.193 1.066 0.12899999 1
0.248 1.734 0.177 5
0.185 1.761 0.14399999 8
0 0 0 0
0.17200001 1.09 0.131 1
0.208 1.734 0.176 33
0 0 0 0
0 0 0 0
0.148 1.108 0.132 0
0.16599999 1.725 0.175 70
0 0 0 0
0.037999999 1.7309999 0.114 0
0 0 0 0
0 0 0 0
0.061000001 1.7869999 0.149 8
-0.0020000001 1.727 0.115 2
0.093000002 1.061 0.124 0
0.086000003 1.743 0.176 11
0.018999999 1.757 0.147 8
0 0 0 0
0.111 1.726 0.20100001 0
0.045000002 1.7309999 0.175 63
-0.022 1.774 0.15000001 2
-0.052999999 1.091 0.075000003 0
0.071999997 1.729 0.20100001 73
0.0049999999 1.776 0.18000001 2
0 0 0 0
-0.149 2.0669999 0.146 48
0.030999999 1.725 0.199 51
-0.034000002 1.722 0.17399999 72
-0.066 1.124 0.096000001 0
0 0 0 0
-0.0070000002 1.742 0.2 2
-0.048 1.117 0.113 0
-0.149 1.806 0.15700001 13
-0.115 0.95899999 0.07 0
0 0 0 0
0 0 0 0
0 0 0 0
-0.29899999 2.076 0.155 6
-0.059 1.1670001 0.133 0
-0.15800001 1.76 0.17900001 11
-0.236 1.811 0.16 10
0 0 0 0
-0.12899999 1.7460001 0.198 59
0 0 0 0
-0.27700001 1.7970001 0.161 21
-0.38699999 2.0109999 0.156 6
-0.171 1.756 0.198 53
-0.23999999 1.758 0.18000001 13
-0.32100001 1.804 0.163 10
-0.40099999 1.848 0.147 69
0 0 0 0
-0.28299999 1.7640001 0.18099999 3
-0.36399999 1.798 0.16500001 54
-0.43799999 1.812 0.147 53
-0.255 1.766 0.199 13
-0.32800001 1.776 0.184 35
-0.405 1.788 0.16599999 48
-0.48500001 1.821 0.15099999 67
0 0 0 0
-0.37 1.771 0.184 50
-0.44800001 1.7819999 0.168 57
-0.53299999 1.825 0.155 69
-0.34 1.772 0.199 13
-0.414 1.778 0.186 56
-0.49200001 1.78 0.17 64
-0.57999998 1.8279999 0.15899999 62
-0.38299999 1.771 0.198 49
-0.45899999 1.779 0.18700001 55
-0.53799999 1.781 0.17299999 57
-0.62300003 1.814 0.161 12
-0.428 1.775 0.199 51
-0.50199997 1.775 0.18799999 58
-0.58499998 1.786 0.176 61
-0.67199999 1.817 0.16599999 16
-0.472 1.776 0.199 50
-0.55000001 1.785 0.191 59
-0.63599998 1.798 0.18000001 3
-0.71700001 1.807 0.169 63
-0.51700002 1.78 0.2 55
-0.597 1.785 0.192 28
-0.68800002 1.809 0.184 48
-0.77100003 1.819 0.17399999 67
-0.56599998 1.788 0.20100001 53
-0.653 1.814 0.197 0
-0.73799998 1.814 0.18799999 61
0 0 0 0
-0.61400002 1.7920001 0.20200001 5
-0.70300001 1.818 0.2 26
-0.78899997 1.816 0.191 63
-0.88099998 1.836 0.185 9
-0.671 1.8200001 0.206 2
-0.75099999 1.814 0.20100001 67
0 0 0 0
-0.93099999 1.831 0.19 16
-0.71899998 1.816 0.206 51
-0.80199999 1.816 0.204 61
-0.90100002 1.834 0.20100001 16
-0.99199998 1.8430001 0.197 73
-0.76899999 1.817 0.207 60
0 0 0 0
-0.954 1.834 0.205 59
-1.038 1.826 0.2 9
0 0 0 0
-0.91600001 1.837 0.211 15
-1.012 1.84 0.20999999 65
-0.838 1.399 0.15800001 2
-0.87699997 1.827 0.211 14
-0.972 1.84 0.214 65
0 0 0 0
-0.86299998 1.3660001 0.15899999 40
-0.93000001 1.826 0.212 15
-1.028 1.839 0.21699999 49
-0.884 1.444 0.17200001 3
-0.866 1.303 0.156 50
-0.99199998 1.84 0.215 62
0 0 0 0
-0.87 1.349 0.164 48
-0.866 1.24 0.153 46
-1.05 1.842 0.21699999 4
-0.85699999 1.378 0.168 10
-0.86299998 1.273 0.15899999 43
-0.86900002 1.186 0.15099999 10
-0.96399999 1.602 0.19 3
-0.861 1.3150001 0.163 49
-0.87 1.221 0.156 11
-0.87599999 1.1390001 0.15000001 10
-0.86400002 1.363 0.163 42
-0.866 1.258 0.15800001 39
-0.86799997 1.16 0.152 11
-0.88 1.092 0.148 10
-0.866 1.296 0.15700001 45
-0.87 1.202 0.154 45
-0.87699997 1.117 0.15000001 11
-0.50800002 0.60100001 0.083999999 0
-0.86799997 1.235 0.15099999 41
-0.86799997 1.142 0.149 10
-0.88700002 1.0779999 0.149 4
-0.92000002 1.04 0.15099999 8
-0.87800002 1.189 0.147 8
-0.87699997 1.1 0.147 8
-0.889 1.031 0.147 1
-0.95200002 1.028 0.154 10
-0.87300003 1.125 0.142 34
0 0 0 0
-0.93699998 1.0369999 0.152 7
-0.99299997 1.024 0.15899999 11
-0.89200002 1.095 0.14 2
-0.91100001 1.038 0.145 4
-0.97100002 1.026 0.155 9
-1.041 1.025 0.16500001 12
0 0 0 0
-0.954 1.0369999 0.148 8
-1.018 1.027 0.16 10
-1.09 1.026 0.17200001 13
-0.95200002 1.0599999 0.14 3
-0.99900001 1.036 0.15099999 7
-1.0650001 1.025 0.164 11
-1.149 1.033 0.18000001 62
-0.99000001 1.052 0.141 20
-1.041 1.03 0.154 11
-1.113 1.024 0.17 11
-1.206 1.036 0.18700001 64
-1.039 1.052 0.14399999 7
-1.098 1.0369999 0.16 9
-1.176 1.0319999 0.177 61
-1.2589999 1.033 0.19400001 13
-1.081 1.043 0.145 31
-1.149 1.035 0.164 53
-1.238 1.0369999 0.184 58
-2.302 1.802 0.354 67
-1.136 1.046 0.149 10
-1.209 1.039 0.169 54
-2.3099999 1.846 0.34 10
-2.2869999 1.7079999 0.34999999 67
-1.198 1.05 0.153 40
-1.262 1.034 0.17399999 9
0 0 0 0
-2.2639999 1.612 0.34400001 3
-1.252 1.046 0.156 20
0 0 0 0
-2.2809999 1.6569999 0.33000001 10
-4.802 3.2590001 0.72899997 10
0 0 0 0
-2.266 1.6849999 0.303 3
-4.7399998 3.28 0.68000001 13
-2.0580001 1.33 0.31099999 0
0 0 0 0
-2.27 1.607 0.29899999 16
-4.8070002 3.164 0.68400002 6
-4.8200002 2.9619999 0.72799999 12
-2.2639999 1.63 0.26499999 36
-4.7849998 3.2219999 0.62199998 14
-4.8109999 3.0109999 0.68000001 13
-4.8270001 2.819 0.727 12
-1.568 1.073 0.18000001 3
-2.0469999 1.309 0.26300001 3
-4.835 2.8740001 0.67900002 13
-4.8260002 2.6730001 0.727 14
-1.568 1.0190001 0.176 32
-4.8179998 2.924 0.61199999 13
-4.8270001 2.7219999 0.67500001 13
-4.8319998 2.536 0.727 13
-1.5549999 0.958 0.17200001 11
-4.8540001 2.793 0.61000001 14
-4.8410001 2.5840001 0.67299998 12
-4.8590002 2.4130001 0.73100001 1
-1.5549999 0.90700001 0.169 13
-4.8270001 2.6270001 0.60000002 13
-4.8470001 2.447 0.671 11
-4.855 2.276 0.73100001 13
-1.5549999 0.85799998 0.16599999 13
-4.8400002 2.4890001 0.59600002 14
-4.8520002 2.3110001 0.67000002 9
-1.5650001 0.69099998 0.235 54
-1.559 0.81199998 0.164 14
-4.8579998 2.3559999 0.59399998 0
-1.558 0.699 0.214 42
-1.641 0.68199998 0.24699999 10
-1.55 0.75999999 0.161 19
-1.5549999 0.70899999 0.18799999 19
-1.64 0.69 0.22499999 36
0 0 0 0
-1.557 0.71700001 0.15899999 62
-1.619 0.69300002 0.19499999 39
-1.729 0.68199998 0.237 3
-1.877 0.68300003 0.28400001 6
-1.63 0.704 0.16500001 36
-1.724 0.69099998 0.206 37
-1.8559999 0.68300003 0.25400001 31
0 0 0 0
-1.723 0.69499999 0.17200001 35
-1.8380001 0.68699998 0.21799999 32
0 0 0 0
0 0 0 0
-1.844 0.69300002 0.182 34
0 0 0 0
0 0 0 0
-7.1059999 2.0580001 1.085 32
0 0 0 0
-7.665 2.461 0.90399998 1
-7.1090002 2.076 0.97299999 10
-7.789 2.069 1.194 1
0 0 0 0
-7.0890002 2.092 0.83399999 9
-7.5500002 2.02 1.034 1
-8.3540001 2.02 1.286 43
-7.0809999 2.0910001 0.68300003 8
-7.5970001 2.05 0.89099997 0
-8.3330002 2.027 1.143 69
-4.744 1.036 0.73299998 14
-7.6030002 2.046 0.72899997 0
-8.3059998 2.0339999 0.972 73
-10.982 2.4059999 1.51 1
-3.1429999 0.61400002 0.48800001 32
-8.3319998 2.0280001 0.79400003 67
-10.953 2.4119999 1.28 2
-3.151 0.61500001 0.43399999 6
-3.082 0.53100002 0.48100001 23
-10.977 2.3929999 1.04 1
-4.724 0.92400002 0.55199999 11
-3.0829999 0.52999997 0.426 52
-3.0309999 0.45300001 0.47499999 42
-4.7340002 0.912 0.44600001 3
-3.0780001 0.52700001 0.359 37
-3.05 0.45199999 0.42300001 42
-3.0079999 0.382 0.47499999 43
-3.0739999 0.51499999 0.28799999 43
-3.062 0.45100001 0.35699999 45
-3.046 0.38100001 0.42300001 38
-2.9530001 0.308 0.46900001 36
-3.0869999 0.44100001 0.289 41
-3.0999999 0.382 0.36199999 40
-2.9519999 0.301 0.412 33
-2.9330001 0.241 0.46900001 49
-10.973 1.3 1.025 24
-2.95 0.29300001 0.345 37
-2.927 0.23100001 0.41100001 47
-2.8610001 0.171 0.46000001 41
-2.9460001 0.27599999 0.27500001 32
-2.925 0.222 0.34299999 49
-2.984 0.168 0.421 33
-8.5629997 0.32499999 1.388 7
-2.9360001 0.204 0.273 44
-3.0120001 0.15700001 0.354 27
-8.566 0.28799999 1.215 8
-8.592 0.13500001 1.403 3
-8.566 0.38800001 0.79799998 5
-8.5469999 0.24600001 1.01 135
-8.5909996 0.092 1.227 5
-8.3509998 -0.050999999 1.375 3
-8.5889997 0.17900001 0.80199999 4
-8.5880003 0.046 1.0190001 4
-8.3459997 -0.097999997 1.2 4
-8.4870005 -0.23899999 1.408 5
-8.4110003 -0.027000001 0.787 5
-8.5019999 -0.154 1.0140001 5
-8.5 -0.292 1.23 5
-8.5179996 -0.42899999 1.426 3
-8.493 -0.233 0.796 7
-6.3759999 -0.26499999 0.764 2
-5.335 -0.30399999 0.77700001 3
-4.7340002 -0.34200001 0.79900002 0
-6.494 -0.336 0.611 7
-5.651 -0.36700001 0.68099999 14
-5.1869998 -0.41499999 0.76200002 6
-4.487 -0.42399999 0.764 8
0 0 0 0
-8.5190001 -0.75599998 1.034 4
-5.1700001 -0.53200001 0.76599997 3
-4.2069998 -0.491 0.72399998 10
0 0 0 0
-8.6070004 -0.96700001 1.052 12
-4.2030001 -0.528 0.62800002 9
0 0 0 0
0 0 0 0
-11.2 -1.525 1.38 1
0 0 0 0
-8.5790005 -1.386 1.505 2
0 0 0 0
0 0 0 0
0 0 0 0
0 0 0 0
-2.744 -0.479 0.266 0
0 0 0 0
-2.6919999 -0.52600002 0.414 2
-2.6459999 -0.54799998 0.47400001 3
-2.6960001 -0.53799999 0.26300001 7
-2.6719999 -0.55699998 0.338 15
-2.5190001 -0.55199999 0.391 7
-2.506 -0.57599998 0.454 4
-2.5220001 -0.56800002 0.249 6
-2.506 -0.58399999 0.31999999 6
-2.5079999 -0.60900003 0.39399999 6
-2.5079999 -0.63499999 0.46000001 5
-2.517 -0.63 0.25 6
-2.4809999 -0.63999999 0.31999999 6
-2.477 -0.66100001 0.39300001 0
-2.5680001 -0.70999998 0.47600001 0
-2.5209999 -0.69700003 0.25400001 0
-8.7589998 -2.48 1.145 0
0 0 0 0
-4.802 -1.442 0.90200001 8
-8.7419996 -2.648 0.89200002 8
-8.7600002 -2.7030001 1.159 7
-5.1009998 -1.613 0.83099997 1
-4.7189999 -1.5319999 0.898 4
0 0 0 0
-4.961 -1.66 0.66500002 1
-4.961 -1.693 0.81800002 1
-4.9099998 -1.7130001 0.94599998 1
0 0 0 0
-4.9260001 -1.777 0.66900003 0
0 0 0 0
-4.9910002 -1.864 0.97500002 1
0 0 0 0
0 0 0 0
0 0 0 0
0 0 0 0
0 0 0 0
0 0 0 0
0 0 0 0
-3.154 -1.3380001 0.63300002 0
-3.069 -1.353 0.336 0
0 0 0 0
0 0 0 0
0 0 0 0
-8.8380003 -4.1550002 0.98500001 4
0 0 0 0
0 0 0 0
0 0 0 0
-8.8660002 -4.4320002 1.005 4
0 0 0 0
0 0 0 0
0 0 0 0
-8.8739996 -4.7090001 1.026 4
-1.341 -0.70899999 0.2 1
0 0 0 0
0 0 0 0
-8.901 -5.0019999 1.049 3
-1.271 -0.71100003 0.193 1
0 0 0 0
-8.9530001 -5.0170002 1.944 1
-8.9619999 -5.3239999 1.0779999 1
-1.222 -0.72100002 0.189 1
0 0 0 0
-8.9449997 -5.2719998 1.975 3
0 0 0 0
-1.178 -0.73299998 0.186 0
0 0 0 0
-8.948 -5.54 2.01 5
-9.0209999 -5.9679999 1.135 1
0 0 0 0
0 0 0 0
-8.9659996 -5.8239999 2.049 14
0 0 0 0
0 0 0 0
0 0 0 0
0 0 0 0
-0.986 -0.72299999 0.13 0
0 0 0 0
0 0 0 0
0 0 0 0
0 0 0 0
-1.0140001 -0.76999998 0.17399999 0
0 0 0 0
0 0 0 0
0 0 0 0
0 0 0 0
-0.94400001 -0.74400002 0.20200001 0
0 0 0 0
-9.1149998 -7.756 1.302 9
0 0 0 0
0 0 0 0
0 0 0 0
-9.1490002 -8.1709995 1.345 3
0 0 0 0
-0.875 -0.75599998 0.19599999 0
-9.1009998 -7.783 2.346 13
0 0 0 0
0 0 0 0
0 0 0 0
-9.151 -8.1780005 2.4119999 7
0 0 0 0
0 0 0 0
0 0 0 0
-9.158 -8.5500002 2.4679999 5
0 0 0 0
0 0 0 0
0 0 0 0
-9.1789999 -8.9519997 2.533 8
0 0 0 0
0 0 0 0
-9.2440004 -9.5710001 2.289 8
0 0 0 0
0 0 0 0
0 0 0 0
-9.2639999 -10.032 2.3570001 8
0 0 0 0
0 0 0 0
0 0 0 0
-9.309 -10.547 2.437 6
-0.685 -0.76300001 0.204 0
0 0 0 0
0 0 0 0
-9.3140001 -11.047 2.513 4
0 0 0 0
0 0 0 0
-9.3570004 -11.934 2.2090001 2
-9.3400002 -11.591 2.596 6
-0.62400001 -0.75800002 0.19599999 0
0 0 0 0
-9.316 -12.466 2.279 3
-9.3800001 -12.191 2.6919999 2
-0.59500003 -0.75599998 0.192 0
0 0 0 0
-9.4729996 -13.308 2.4059999 4
-9.4540005 -12.881 2.806 5
-0.57800001 -0.76899999 0.193 0
0 0 0 0
-9.5550003 -14.108 2.5239999 5
0 0 0 0
0 0 0 0
0 0 0 0
-9.6160002 -14.93 2.6440001 3
0 0 0 0
0 0 0 0
0 0 0 0
-9.6549997 -15.786 2.7720001 6
0 0 0 0
0 0 0 0
0 0 0 0
0 0 0 0
0 0 0 0
0 0 0 0
0 0 0 0
0 0 0 0
-7.9060001 -13.786 2.835 2
-6.948 -11.726 2.757 2
0 0 0 0
0 0 0 0
0 0 0 0
-6.6960001 -11.889 2.763 2
0 0 0 0
0 0 0 0
0 0 0 0
-6.5040002 -12.169 2.7980001 3
0 0 0 0
0 0 0 0
-6.9159999 -14.212 2.8440001 2
-6.2420001 -12.322 2.802 2
0 0 0 0
0 0 0 0
0 0 0 0
-5.9289999 -12.377 2.7869999 2
0 0 0 0
0 0 0 0
0 0 0 0
-5.6409998 -12.473 2.7820001 4
0 0 0 0
0 0 0 0
-6.033 -14.866 2.908 3
-5.4050002 -12.685 2.8039999 2
0 0 0 0
0 0 0 0
-5.612 -14.772 2.872 2
-4.5110002 -11.266 2.4679999 5
0 0 0 0
0 0 0 0
-5.3130002 -15.004 2.9000001 2
-4.8649998 -12.973 2.819 4
0 0 0 0
0 0 0 0
-4.9559999 -15.062 2.8959999 3
-4.572 -13.067 2.8180001 2
0 0 0 0
0 0 0 0
-3.3900001 -11.15 2.1340001 2
0 0 0 0
0 0 0 0
0 0 0 0
-4.263 -15.241 2.9030001 3
0 0 0 0
0 0 0 0
0 0 0 0
-3.5669999 -13.955 2.648 2
-3.372 -12.174 2.5710001 3
-2.214 -12.43 1.776 3
-3.5380001 -17.216999 2.8540001 5
-3.4289999 -14.795 2.7980001 4
-3.424 -13.517 2.8369999 18
0 0 0 0
0 0 0 0
-3.207 -15.422 2.908 2
-3.142 -13.667 2.8529999 2
0 0 0 0
0 0 0 0
-2.869 -15.546 2.925 2
-2.875 -13.923 2.892 2
0 0 0 0
0 0 0 0
-2.529 -15.689 2.9449999 2
-2.5380001 -13.825 2.8559999 4
0 0 0 0
0 0 0 0
-2.1440001 -15.51 2.9059999 3
-2.237 -13.92 2.8629999 2
-0.74800003 -12.61 1.862 24
0 0 0 0
-1.818 -15.766 2.951 2
-1.92 -13.926 2.8529999 2
0 0 0 0
0 0 0 0
-1.436 -15.55 2.9089999 2
-1.61 -13.962 2.8499999 3
0 0 0 0
0 0 0 0
-1.097 -15.755 2.947 2
-1.309 -14.096 2.868 2
0 0 0 0
0 0 0 0
0 0 0 0
-0.99199998 -14.125 2.8670001 2
0 0 0 0
0 0 0 0
0 0 0 0
-0.68300003 -14.26 2.8870001 2
0 0 0 0
0.46000001 -17.148001 2.9289999 2
0 0 0 0
-0.36700001 -14.341 2.8970001 4
0 0 0 0
0 0 0 0
0.32600001 -15.708 2.948 2
-0.045000002 -14.405 2.9059999 6
0 0 0 0
0 0 0 0
0.68300003 -15.673 2.9489999 2
0.27399999 -14.27 2.875 3
0 0 0 0
0 0 0 0
1.026 -15.551 2.931 2
0.60100001 -14.479 2.914 3
0 0 0 0
0 0 0 0
0 0 0 0
0.921 -14.399 2.898 3
0 0 0 0
2.3369999 -16.431999 2.9030001 3
1.728 -15.466 2.9349999 2
1.251 -14.428 2.904 3
2.5320001 -12.797 2.1240001 2
2.4619999 -14.867 2.648 2
2.0699999 -15.348 2.925 2
1.572 -14.382 2.8959999 2
2.6789999 -12.062 2.0309999 4
0 0 0 0
2.3770001 -15.049 2.8800001 2
1.766 -13.351 2.6919999 3
2.734 -11.104 1.896 3
0 0 0 0
2.5039999 -13.821 2.6570001 2
2.237 -14.411 2.908 2
2.7909999 -10.304 1.786 4
2.6819999 -11.323 2.073 3
2.596 -12.673 2.45 3
2.5120001 -14.086 2.848 4
2.823 -9.5600004 1.6799999 4
2.7449999 -10.515 1.9450001 4
2.654 -11.613 2.2579999 3
2.5739999 -12.766 2.5869999 2
2.8710001 -8.9580002 1.6 6
2.79 -9.7729998 1.826 4
2.6989999 -10.687 2.0910001 4
2.6670001 -11.842 2.4059999 3
2.918 -8.4379997 1.5319999 8
2.8510001 -9.184 1.7359999 5
2.7639999 -9.9910002 1.967 4
2.721 -10.914 2.2249999 4
2.9560001 -7.9569998 1.4680001 8
2.8759999 -8.5710001 1.6390001 6
2.8169999 -9.3450003 1.854 8
2.7809999 -10.174 2.0810001 5
2.9990001 -7.5380001 1.415 3
2.9189999 -8.0869999 1.566 9
2.8640001 -8.776 1.755 6
2.813 -9.4460001 1.941 8
0 0 0 0
2.9519999 -7.6269999 1.4960001 8
2.8940001 -8.2309999 1.66 10
2.868 -8.882 1.834 7
0 0 0 0
2.8429999 -6.8759999 1.3660001 0
2.927 -7.757 1.577 9
2.9089999 -8.3579998 1.734 9
3.039 -6.342 1.257 10
2.9849999 -6.7810001 1.3660001 6
0 0 0 0
2.947 -7.8870001 1.646 10
0 0 0 0
3.03 -6.4809999 1.325 14
0 0 0 0
3.003 -7.5050001 1.577 2
0 0 0 0
0 0 0 0
3.006 -6.5689998 1.377 13
0 0 0 0
0 0 0 0
0.43799999 -0.83600003 0.176 0
3.03 -6.244 1.323 9
0 0 0 0
3.1059999 -5.211 1.119 12
0 0 0 0
0 0 0 0
3.0309999 -6.2930002 1.351 12
3.122 -4.98 1.0930001 14
0 0 0 0
0 0 0 0
0 0 0 0
3.1340001 -4.7589998 1.067 15
3.1029999 -5.0489998 1.12 15
0 0 0 0
0 0 0 0
3.1470001 -4.5500002 1.044 14
3.119 -4.8270001 1.09 14
3.0969999 -5.1290002 1.1440001 14
0 0 0 0
3.161 -4.3569999 1.024 6
3.138 -4.6220002 1.064 14
3.1059999 -4.8899999 1.1059999 16
3.1099999 -5.1820002 1.1569999 14
0 0 0 0
0 0 0 0
3.1289999 -4.6859999 1.076 14
3.1129999 -4.9289999 1.112 14
0.67000002 -0.84200001 0.207 0
0 0 0 0
0 0 0 0
3.1289999 -4.71 1.076 15
0.70300001 -0.84399998 0.213 0
0.67000002 -0.85500002 0.20900001 0
0 0 0 0
3.154 -4.5190001 1.045 15
0 0 0 0
0.70599997 -0.861 0.215 0
0.66000003 -0.85600001 0.206 0
3.177 -4.3330002 1.016 10
3.21 -3.5179999 0.93900001 2
0.73500001 -0.85600001 0.219 0
0.69199997 -0.85500002 0.20999999 0
0 0 0 0
3.224 -3.378 0.92699999 14
3.201 -3.5599999 0.93199998 14
0.72000003 -0.84899998 0.213 0
0 0 0 0
3.224 -3.2309999 0.912 13
3.211 -3.4119999 0.91500002 14
0 0 0 0
0 0 0 0
3.237 -3.1029999 0.90200001 13
3.223 -3.276 0.89999998 13
3.2079999 -3.451 0.90100002 14
0.76099998 -0.85900003 0.214 0
3.2460001 -2.9760001 0.89200002 13
3.2279999 -3.1340001 0.88499999 17
3.2179999 -3.3069999 0.88200003 17
0 0 0 0
3.247 -2.8469999 0.88 13
3.24 -3.007 0.87199998 18
3.233 -3.1730001 0.866 17
0 0 0 0
3.2639999 -2.7349999 0.87400001 12
3.2520001 -2.8840001 0.86000001 17
3.234 -3.0320001 0.847 16
3.2290001 -3.1700001 0.83700001 2
3.2709999 -2.6199999 0.86500001 12
3.256 -2.7590001 0.84799999 17
3.2449999 -2.905 0.833 16
3.2379999 -3.0339999 0.81800002 14
3.277 -2.507 0.85699999 11
3.2639999 -2.641 0.83600003 16
3.257 -2.783 0.81900001 17
3.2409999 -2.8989999 0.80000001 13
3.279 -2.395 0.84899998 11
3.273 -2.529 0.82700002 15
3.2650001 -2.6630001 0.80500001 16
3.2539999 -2.777 0.78399998 13
3.293 -2.2950001 0.84399998 10
3.2820001 -2.4189999 0.81699997 11
3.263 -2.539 0.79000002 15
3.267 -2.658 0.76899999 16
3.3010001 -2.194 0.83899999 10
3.2880001 -2.3099999 0.80800003 14
3.29 -2.441 0.78299999 14
3.273 -2.539 0.75400001 12
3.3039999 -2.092 0.83200002 10
3.2939999 -2.2060001 0.80000001 10
3.2460001 -2.2939999 0.75999999 12
3.283 -2.4260001 0.741 11
3.3080001 -1.993 0.82700002 10
3.3 -2.1029999 0.792 14
3.293 -2.2160001 0.75800002 14
3.293 -2.316 0.72799999 11
3.3139999 -1.899 0.82200003 10
3.3 -2 0.78299999 14
3.2950001 -2.108 0.74699998 14
3.2939999 -2.2030001 0.71499997 11
3.312 -1.802 0.81599998 5
3.313 -1.9069999 0.778 15
3.3039999 -2.0090001 0.73799998 14
3.2939999 -2.0929999 0.70200002 11
3.309 -1.707 0.81 6
3.313 -1.809 0.76999998 14
3.3099999 -1.909 0.73000002 14
3.316 -2 0.69400001 14
3.3269999 -1.625 0.81 10
3.3069999 -1.71 0.76200002 8
3.3150001 -1.812 0.72100002 14
3.313 -1.893 0.68199998 14
3.3169999 -1.53 0.80299997 10
3.2939999 -1.61 0.75199997 8
3.3210001 -1.717 0.71399999 9
3.3239999 -1.7970001 0.67299998 14
3.3280001 -1.448 0.80299997 14
3.322 -1.5319999 0.75300002 13
3.2490001 -1.585 0.69 8
3.3150001 -1.692 0.66100001 7
3.3299999 -1.362 0.80000001 13
3.309 -1.437 0.74400002 14
2.05 -0.94199997 0.43000001 0
3.3110001 -1.5930001 0.65100002 10
3.2149999 -1.234 0.76899999 10
3.296 -1.3430001 0.736 16
3.326 -1.437 0.69099998 13
3.3039999 -1.494 0.64099997 9
3.348 -1.201 0.79799998 29
3.3469999 -1.277 0.74299997 8
3.326 -1.347 0.68400002 15
3.1619999 -1.341 0.60500002 5
3.3169999 -1.109 0.78899997 27
3.3429999 -1.1900001 0.73799998 7
3.3559999 -1.2690001 0.68400002 8
3.302 -1.309 0.62400001 9
3.345 -1.0369999 0.79299998 85
3.04 -1.005 0.667 4
3.369 -1.1849999 0.68099999 7
3.3369999 -1.233 0.62300003 8
3.1730001 -0.90799999 0.75099999 150
3.3610001 -1.029 0.73400003 94
3.3329999 -1.087 0.66799998 20
3.3640001 -1.153 0.62099999 8
3.0510001 -0.80199999 0.72100002 55
3.115 -0.87699997 0.67699999 12
3.3529999 -1.008 0.667 78
3.3570001 -1.062 0.61299998 105
3.184 -0.76200002 0.75199997 150
3.0799999 -0.792 0.667 29
3.1259999 -0.861 0.61799997 9
3.3310001 -0.96700001 0.602 94
3.125 -0.676 0.73699999 156
3.1099999 -0.72500002 0.67199999 87
3.2839999 -0.82300001 0.64499998 142
3.141 -0.83200002 0.56300002 10
3.2709999 -0.634 0.77100003 150
3.0409999 -0.63800001 0.65499997 61
3.0669999 -0.69400001 0.59899998 27
3.207 -0.76899999 0.56900001 90
3.217 -0.551 0.759 150
3.105 -0.579 0.667 159
3.0580001 -0.61799997 0.59399998 34
3.052 -0.65499997 0.53799999 38
3.3499999 -0.49900001 0.79000002 65
3.1370001 -0.51200002 0.67299998 150
3.0580001 -0.54500002 0.59200001 63
3.1059999 -0.58999997 0.54299998 40
3.3559999 -0.42500001 0.79299998 96
3.3610001 -0.47099999 0.72000003 90
3.2520001 -0.50099999 0.62699997 150
3.2449999 -0.53600001 0.56400001 150
1.521 -0.15800001 0.36000001 26
1.515 -0.177 0.324 14
3.375 -0.43900001 0.648 88
3.3410001 -0.47099999 0.57700002 67
1.526 -0.126 0.361 27
1.516 -0.14300001 0.324 28
1.5039999 -0.16 0.28799999 32
1.493 -0.17399999 0.25600001 33
2.1229999 -0.12800001 0.50400001 17
2.257 -0.161 0.48300001 150
1.511 -0.126 0.28799999 8
1.5 -0.139 0.25600001 37
2.1010001 -0.082000002 0.49900001 16
2.27 -0.112 0.486 106
2.609 -0.156 0.498 92
2.575 -0.176 0.43799999 105
2.0929999 -0.035999998 0.49900001 17
2.27 -0.061000001 0.486 107
2.6059999 -0.096000001 0.49599999 96
2.6059999 -0.116 0.442 87
2.069 0.0089999996 0.495 16
2.2679999 -0.0089999996 0.486 90
2.615 -0.035 0.498 86
2.612 -0.052999999 0.442 100
2.0580001 0.052999999 0.49399999 16
2.27 0.041000001 0.48800001 105
2.6110001 0.025 0.49700001 74
2.619 0.0089999996 0.44299999 88
2.0450001 0.097999997 0.49200001 20
2.27 0.092 0.48899999 99
2.6159999 0.086000003 0.498 69
2.6210001 0.071000002 0.442 97
2.0320001 0.142 0.49200001 20
2.27 0.14399999 0.49000001 97
2.618 0.148 0.49900001 70
2.619 0.134 0.442 93
2.017 0.185 0.49000001 19
2.276 0.19499999 0.493 83
2.6229999 0.20900001 0.50099999 66
2.6270001 0.198 0.44299999 102
2.003 0.227 0.48899999 19
2.276 0.24699999 0.495 69
2.612 0.27000001 0.5 58
2.6340001 0.26199999 0.44400001 89
1.987 0.26899999 0.48800001 20
2.2509999 0.296 0.49200001 44
2.6040001 0.33000001 0.5 62
2.6329999 0.32600001 0.44499999 94
1.969 0.31099999 0.486 21
2.243 0.347 0.493 39
2.4449999 0.368 0.47099999 47
2.483 0.368 0.41999999 23
1.9349999 0.34900001 0.48100001 34
2.2160001 0.39399999 0.48899999 32
2.365 0.41299999 0.458 40
2.309 0.39899999 0.39199999 17
1.859 0.377 0.465 87
2.145 0.43099999 0.47600001 27
2.165 0.43000001 0.421 40
2.0940001 0.41499999 0.35699999 17
1.831 0.41299999 0.461 130
1.995 0.44800001 0.44600001 31
1.903 0.42500001 0.37200001 19
1.898 0.42300001 0.324 20
1.739 0.43200001 0.44100001 95
1.784 0.44299999 0.40099999 31
1.755 0.435 0.345 19
1.745 0.43399999 0.30000001 10
1.585 0.43000001 0.405 27
1.571 0.428 0.35600001 29
1.553 0.42300001 0.30700001 31
1.54 0.42199999 0.266 34
1.58 0.46599999 0.40700001 29
1.568 0.465 0.35800001 8
1.543 0.46000001 0.30700001 7
1.5319999 0.46000001 0.266 8
1.501 0.479 0.38999999 6
3.4579999 1.113 0.79699999 87
3.4630001 1.122 0.69599998 83
3.4660001 1.133 0.60799998 88
3.4660001 1.189 0.90899998 89
3.467 1.202 0.80599999 87
3.477 1.217 0.70499998 87
3.4690001 1.228 0.61299998 91
3.4690001 1.275 0.91900003 83
3.4719999 1.293 0.815 98
3.4790001 1.3099999 0.71200001 92
3.4790001 1.327 0.62 95
3.48 1.365 0.93000001 84
3.4809999 1.385 0.824 84
3.4860001 1.406 0.72000003 84
3.487 1.426 0.62699997 99
3.49 1.4579999 0.94300002 94
3.4949999 1.483 0.83600003 103
3.487 1.502 0.72799999 82
3.5 1.531 0.63599998 114
3.4920001 1.548 0.95300001 96
3.494 1.577 0.84600002 99
3.5020001 1.607 0.73900002 100
3.5020001 1.635 0.64399999 113
3.503 1.645 0.96700001 88
3.5 1.676 0.85699999 98
3.507 1.709 0.74900001 99
3.513 1.745 0.65399998 104
3.51 1.743 0.98100001 87
3.513 1.7819999 0.87099999 91
3.517 1.818 0.76099998 86
3.5209999 1.8559999 0.66399997 93
3.516 1.8430001 0.995 79
3.5209999 1.886 0.884 94
3.5239999 1.928 0.773 97
3.527 1.969 0.67400002 94
3.5220001 1.9450001 1.0089999 84
3.533 1.997 0.89899999 95
3.5320001 2.0409999 0.78500003 74
3.5320001 2.086 0.685 19
3.53 2.05 1.024 79
3.533 2.1029999 0.912 89
2.177 1.327 0.491 2
3.5439999 2.21 0.69800001 44
3.5339999 2.1570001 1.04 67
3.5420001 2.2179999 0.92799997 71
2.1129999 1.357 0.484 0
0 0 0 0
0 0 0 0
0 0 0 0
0 0 0 0
0 0 0 0
0 0 0 0
3.573 2.471 0.96700001 2
3.5769999 2.543 0.84899998 2
2.4849999 1.813 0.51599997 1
3.5610001 2.5090001 1.097 62
3.566 2.5880001 0.98100001 73
0 0 0 0
3.589 2.7550001 0.75999999 21
3.569 2.632 1.117 71
3.559 2.707 0.99599999 26
0 0 0 0
2.1760001 1.756 0.47099999 0
3.5829999 2.766 1.141 25
1.862 1.484 0.53100002 2
0 0 0 0
3.618 3.066 0.79900002 12
3.5929999 2.9000001 1.164 23
2.165 1.807 0.62900001 17
0 0 0 0
0 0 0 0
2.164 1.826 0.71399999 5
0 0 0 0
0 0 0 0
3.6300001 3.392 0.84100002 3
0 0 0 0
0 0 0 0
0 0 0 0
3.6389999 3.5680001 0.86400002 17
0 0 0 0
3.6340001 3.4779999 1.125 24
3.641 3.618 1.002 16
3.655 3.763 0.89200002 18
1.9910001 1.9170001 0.69700003 0
3.642 3.6489999 1.155 17
3.642 3.793 1.028 22
3.6789999 3.9749999 0.92299998 18
2.013 2.027 0.72100002 3
3.6619999 3.839 1.189 12
3.678 4.0149999 1.066 17
3.701 4.1989999 0.95599997 19
2.0120001 2.115 0.736 1
2.0079999 2.2019999 0.66799998 0
3.6919999 4.224 1.1 19
3.714 4.4250002 0.98900002 19
2.017 2.2160001 0.75599998 1
2.0209999 2.3199999 0.69 0
3.7049999 4.447 1.137 19
3.7449999 4.6859999 1.03 19
2.017 2.316 0.77399999 0
3.7130001 4.4660001 1.3049999 13
3.7360001 4.704 1.182 20
3.6730001 4.8330002 1.046 23
3.7219999 4.4689999 1.466 12
3.7309999 4.6999998 1.348 20
3.6619999 4.842 1.197 23
3.4979999 4.8400002 1.0319999 23
3.7420001 4.7010002 1.5140001 19
3.6700001 4.8439999 1.367 24
3.4990001 4.8600001 1.183 23
3.3280001 4.8470001 1.0190001 23
3.691 4.8520002 1.536 24
3.503 4.8509998 1.347 29
3.336 4.869 1.168 30
3.1670001 4.8629999 1.0089999 23
3.5320001 4.8610001 1.512 24
3.346 4.8629999 1.329 31
3.178 4.881 1.155 29
3.013 4.8790002 1.001 30
3.375 4.8670001 1.49 24
3.194 4.875 1.313 33
3.0220001 4.8870001 1.142 32
2.8599999 4.8909998 0.99199998 30
3.223 4.8759999 1.47 23
3.0450001 4.8870001 1.298 31
2.8699999 4.8979998 1.13 31
0 0 0 0
3.079 4.8899999 1.452 23
2.8989999 4.8969998 1.284 31
0 0 0 0
2.5599999 4.9089999 0.977 5
2.937 4.8990002 1.434 22
0 0 0 0
2.579 4.9169998 1.1109999 4
0 0 0 0
2.8 4.9169998 1.419 16
2.6070001 4.901 1.2539999 18
0 0 0 0
0.90799999 1.9680001 0.38499999 3
0 0 0 0
0.903 1.795 0.454 34
0.92699999 1.99 0.44100001 7
0.90200001 2.0869999 0.40599999 47
2.5150001 4.9089999 1.381 4
0 0 0 0
0.91000003 2.079 0.45699999 49
1.9960001 4.9380002 0.95599997 30
0 0 0 0
0.46599999 1.0420001 0.25799999 12
2.0280001 4.947 1.08 25
0.63 1.675 0.322 39
0.47499999 1.039 0.285 9
0.43700001 1.0420001 0.25600001 8
0.64399999 1.682 0.36399999 4
0.58700001 1.683 0.322 72
0.447 1.038 0.28200001 12
0.40099999 1.021 0.248 10
0.59899998 1.681 0.36199999 64
0.54100001 1.678 0.31999999 75
0.419 1.0369999 0.278 13
0.382 1.04 0.25099999 11
0.55800003 1.6900001 0.36199999 71
0.49900001 1.684 0.32100001 70
0.391 1.0319999 0.27399999 14
0.35600001 1.0420001 0.25 12
0.51200002 1.684 0.359 73
0.456 1.6900001 0.32100001 70
0.36500001 1.034 0.27200001 16
0.329 1.043 0.248 12
0.47099999 1.691 0.359 69
0.414 1.696 0.322 68
0.34 1.036 0.271 19
0.30399999 1.045 0.24699999 13
0.42899999 1.694 0.35800001 67
0.37200001 1.699 0.322 69
0.31400001 1.034 0.26800001 21
0.27900001 1.048 0.24600001 15
0.38800001 1.7 0.35800001 67
0.33000001 1.704 0.32300001 67
0.292 1.045 0.26800001 25
0.255 1.0549999 0.24699999 18
0.34799999 1.707 0.359 70
0.28799999 1.7029999 0.324 71
0.26699999 1.044 0.266 25
0.229 1.0549999 0.245 16
0.30700001 1.7079999 0.359 66
0.24699999 1.709 0.32499999 71
0.242 1.046 0.26499999 25
0.205 1.058 0.245 13
0.266 1.71 0.359 64
0.206 1.714 0.32699999 71
0.219 1.052 0.26499999 29
0.182 1.069 0.24699999 12
0.226 1.717 0.36000001 65
0.16599999 1.727 0.33000001 63
0.19599999 1.059 0.26499999 18
0.15700001 1.075 0.24699999 8
0.186 1.722 0.361 60
0.124 1.723 0.331 26
0.171 1.059 0.26300001 17
0.133 1.08 0.248 7
0.145 1.721 0.361 21
0.082999997 1.724 0.33199999 31
0.149 1.077 0.266 17
0.108 1.085 0.249 5
0.105 1.734 0.36500001 3
0.041999999 1.732 0.33500001 33
0.125 1.087 0.26800001 13
0 0 0 0
0.064000003 1.7359999 0.366 44
0 1.7589999 0.34299999 3
0.1 1.087 0.26699999 8
0.093000002 1.737 0.39700001 8
0.023 1.729 0.36500001 94
-0.039000001 1.7079999 0.33500001 7
0.116 1.665 0.40700001 0
0.052999999 1.739 0.398 40
-0.016000001 1.738 0.368 56
0 0 0 0
0.078000002 1.659 0.405 9
0.012 1.706 0.38999999 4
-0.054000001 1.6440001 0.34999999 2
-0.124 1.7539999 0.34900001 12
0.041000001 1.6670001 0.40599999 10
-0.026000001 1.7309999 0.396 9
0 0 0 0
-0.167 1.765 0.354 61
0.003 1.683 0.40799999 2
-0.064000003 1.673 0.38299999 2
-0.145 1.813 0.38999999 0
0 0 0 0
-0.035999998 1.7359999 0.421 8
-0.104 1.694 0.389 7
-0.186 1.798 0.38800001 4
-0.11 0.77200001 0.15700001 1
0 0 0 0
-0.148 1.749 0.403 2
0 0 0 0
0 0 0 0
-0.112 1.688 0.40900001 0
-0.189 1.747 0.403 14
-0.108 0.71899998 0.15700001 3
0 0 0 0
-0.149 1.67 0.40400001 9
0 0 0 0
0 0 0 0
0 0 0 0
-0.18700001 1.6670001 0.403 9
0 0 0 0
0 0 0 0
0 0 0 0
-0.226 1.6670001 0.40400001 9
0 0 0 0
0 0 0 0
0 0 0 0
0 0 0 0
0 0 0 0
-0.162 0.65499997 0.148 10
-0.186 0.639 0.139 3
0 0 0 0
-0.14300001 0.63 0.149 3
0 0 0 0
-0.206 0.64899999 0.14399999 4
-0.126 0.61199999 0.149 3
-0.154 0.61500001 0.146 3
-0.18799999 0.63099998 0.145 3
-0.219 0.639 0.14300001 3
-0.139 0.60500002 0.148 3
-0.168 0.61000001 0.146 3
0 0 0 0
-0.23 0.62199998 0.142 3
-0.153 0.60299999 0.148 3
-0.184 0.61299998 0.148 3
-0.21699999 0.62 0.146 3
-0.24600001 0.62 0.14300001 3
-0.17 0.60799998 0.15000001 3
-0.199 0.611 0.148 3
0 0 0 0
-0.25799999 0.60900003 0.14300001 3
-0.183 0.60100001 0.149 3
-0.215 0.61000001 0.149 3
-0.24600001 0.61000001 0.148 3
-0.27399999 0.60600001 0.145 3
-0.19499999 0.59299999 0.147 4
-0.229 0.60500002 0.15000001 3
0 0 0 0
-0.28600001 0.59500003 0.145 5
-0.20999999 0.59200001 0.148 5
-0.244 0.60299999 0.15099999 3
-0.278 0.60799998 0.15099999 3
-0.30899999 0.60600001 0.15000001 4
-0.227 0.59299999 0.149 5
-0.257 0.59500003 0.15000001 4
0 0 0 0
-0.31999999 0.59299999 0.15000001 7
-0.242 0.59200001 0.15000001 5
-0.273 0.59299999 0.152 5
-0.303 0.58899999 0.15099999 5
-0.338 0.59299999 0.153 7
-0.255 0.58600003 0.15000001 6
-0.285 0.58399999 0.15099999 5
0 0 0 0
-0.34999999 0.583 0.153 10
0 0 0 0
-0.30000001 0.57999998 0.152 9
-0.338 0.58600003 0.155 8
-0.368 0.58099997 0.156 10
-0.28799999 0.58399999 0.152 9
0 0 0 0
0 0 0 0
-0.38499999 0.57800001 0.15899999 11
0 0 0 0
-0.33700001 0.583 0.15700001 10
-0.37200001 0.58099997 0.16 9
-0.40599999 0.57999998 0.163 12
-0.32300001 0.58499998 0.156 10
0 0 0 0
-0.389 0.57800001 0.162 11
-0.42500001 0.579 0.16599999 12
-0.34 0.58200002 0.15700001 11
-0.37400001 0.58200002 0.162 9
-0.40900001 0.579 0.16599999 10
-0.447 0.57999998 0.171 13
-0.36000001 0.58499998 0.16 11
-0.39199999 0.58099997 0.164 10
-0.428 0.57599998 0.168 10
-0.46599999 0.57599998 0.17399999 13
-0.37799999 0.583 0.161 12
-0.41 0.57700002 0.16599999 10
-0.447 0.574 0.171 11
-0.48300001 0.56900001 0.176 12
-0.39300001 0.57700002 0.162 12
-0.433 0.58099997 0.17 11
0 0 0 0
-0.89499998 1.007 0.32100001 9
-0.41499999 0.57999998 0.16500001 12
-0.449 0.574 0.171 11
-0.48899999 0.57099998 0.178 8
-0.93699998 1.007 0.33000001 12
-0.44 0.58499998 0.169 13
-0.47600001 0.57999998 0.177 12
-0.90600002 1.0089999 0.324 9
-1.077 1.105 0.37200001 12
-0.456 0.57700002 0.169 13
-0.486 0.565 0.176 3
-0.94199997 1.003 0.33000001 12
-1.268 1.243 0.43099999 1
-0.479 0.57800001 0.17299999 14
-0.90700001 1.005 0.31999999 11
-1.182 1.201 0.40599999 11
-1.087 1.018 0.36399999 1
-0.5 0.57499999 0.175 0
-0.94999999 1.005 0.32699999 12
-1.276 1.237 0.43000001 18
-1.132 1.012 0.37400001 55
-0.91299999 1.002 0.31200001 13
-1.2309999 1.243 0.414 7
0 0 0 0
-1.191 1.017 0.38800001 50
-0.95099998 0.99400002 0.31600001 12
-1.291 1.245 0.426 35
-1.143 1.01 0.37200001 11
-1.245 1.015 0.40000001 2
-1.257 1.2539999 0.40700001 4
0 0 0 0
-1.2079999 1.0190001 0.38699999 50
0 0 0 0
-1.312 1.249 0.41499999 40
-1.164 1.021 0.368 44
0 0 0 0
0 0 0 0
-1.372 1.2460001 0.42399999 7
-1.221 1.022 0.38 34
0 0 0 0
-4.7290001 3.345 1.473 7
-1.184 1.024 0.35800001 53
0 0 0 0
-4.7309999 3.4630001 1.454 13
-4.7839999 3.224 1.476 8
-1.235 1.018 0.366 8
0 0 0 0
-4.7470002 3.3099999 1.442 13
-4.789 3.0710001 1.465 7
0 0 0 0
-4.7280002 3.425 1.399 13
-4.8119998 3.194 1.444 11
-4.8239999 2.9419999 1.464 13
0 0 0 0
-4.7610002 3.2820001 1.388 13
-4.8189998 3.0409999 1.431 11
-4.8210001 2.793 1.4529999 13
-4.7449999 3.375 1.3279999 9
-4.8049998 3.1489999 1.382 11
-4.8200002 2.8900001 1.4170001 13
-4.8260002 2.651 1.4450001 11
-4.8080001 3.25 1.322 9
-4.7930002 2.983 1.3609999 13
-4.8280001 2.7460001 1.4069999 12
-4.849 2.523 1.443 11
-4.8119998 3.0880001 1.302 12
-4.816 2.8440001 1.35 12
-4.8429999 2.609 1.399 11
-4.8610001 2.392 1.439 10
-4.7969999 2.9200001 1.278 6
-4.8249998 2.7 1.337 12
-4.8470001 2.4690001 1.3890001 12
-4.8499999 2.2520001 1.429 10
-4.822 2.78 1.266 13
-4.8260002 2.553 1.323 14
-4.8509998 2.3340001 1.38 13
-7.3990002 3.2360001 2.171 32
-4.8369999 2.6370001 1.252 11
-4.8410001 2.418 1.314 11
-4.8769999 2.2090001 1.3789999 1
-1.605 0.65899998 0.46900001 57
-4.8429999 2.4909999 1.238 11
-4.8390002 2.2780001 1.301 12
-1.589 0.676 0.44600001 45
-1.649 0.63499999 0.47999999 33
-4.8540001 2.352 1.226 13
-1.58 0.699 0.421 3
-1.637 0.653 0.45699999 47
-6.0380001 2.171 1.755 0
-8.224 3.7449999 2.053 24
-1.609 0.667 0.42500001 54
-1.704 0.63499999 0.47400001 44
-6.27 2.0969999 1.819 4
-1.596 0.68099999 0.39399999 46
-1.678 0.64999998 0.44 49
-1.783 0.61799997 0.49399999 1
-6.3759999 1.976 1.847 16
-1.663 0.66299999 0.40599999 42
-1.7690001 0.63800001 0.461 28
-6.6030002 2.1240001 1.822 5
-7.4039998 2.1140001 2.1429999 20
-1.7539999 0.65100002 0.42500001 29
-8.2709999 2.767 2.1429999 42
-6.7259998 1.9960001 1.851 20
-7.5749998 1.982 2.191 28
-7.691 2.6470001 1.848 41
-7.0380001 2.1730001 1.814 5
-7.8649998 2.1389999 2.1600001 23
-7.592 1.807 2.1960001 26
-7.7129998 2.448 1.839 42
-7.1669998 2.0309999 1.839 16
-8.0389996 1.9910001 2.2030001 33
-7.6149998 1.6339999 2.204 31
-7.145 2.0799999 1.691 10
-8.3030005 2.1429999 2.1210001 48
-8.0819998 1.808 2.2119999 32
-3.2119999 0.61500001 0.93000001 5
-7.987 2.1170001 1.8789999 15
-8.4799995 1.979 2.1589999 2
-4.8400002 0.96700001 1.323 1
-3.079 0.51899999 0.89300001 82
-8.5640001 2.0510001 2.0039999 20
-8.5010004 1.776 2.158 1
-3.1930001 0.56199998 0.87199998 13
-2.9660001 0.433 0.861 70
-8.6049995 1.844 2.003 22
-3.21 0.59200001 0.81300002 10
-2.9679999 0.454 0.81099999 53
-2.9319999 0.361 0.85399997 75
-3.1930001 0.60399997 0.74000001 6
-2.9979999 0.48100001 0.75800002 53
-2.944 0.382 0.80500001 80
-2.941 0.29699999 0.85900003 69
-3.0220001 0.49599999 0.69800001 49
-2.944 0.40200001 0.74299997 84
-2.9449999 0.31400001 0.80599999 89
-2.9890001 0.235 0.875 79
-2.9549999 0.412 0.68000001 67
-2.944 0.331 0.74299997 83
-2.9760001 0.249 0.81599998 65
-2.9200001 0.16500001 0.85799998 44
-2.954 0.34 0.67900002 72
-2.97 0.264 0.74900001 72
-2.9879999 0.182 0.82099998 78
-7.5949998 0.26199999 2.2409999 27
-2.9849999 0.27000001 0.685 76
-2.993 0.19599999 0.75599998 84
-2.918 0.111 0.80400002 15
-7.5749998 0.094999999 2.2449999 30
-3.0050001 0.199 0.68900001 64
-2.9000001 0.122 0.73299998 24
-8.1619997 0.127 2.257 35
-7.5489998 -0.071000002 2.2490001 31
-2.9100001 0.122 0.667 9
-8.5900002 0.15899999 2.1760001 2
-8.1610003 -0.056000002 2.2650001 34
-7.5300002 -0.236 2.2539999 29
-8.6079998 0.155 1.975 2
-8.5240002 -0.039999999 2.165 2
-8.1569996 -0.242 2.273 28
-7.5050001 -0.39899999 2.2590001 34
-8.4949999 -0.052000001 1.951 2
-8.5059996 -0.23899999 2.1659999 2
-8.1169996 -0.42399999 2.273 33
-7.4629998 -0.56300002 2.2609999 33
-8.5089998 -0.25799999 1.9579999 2
-8.5439997 -0.44100001 2.184 1
-8.0819998 -0.60500002 2.2739999 33
-7.4169998 -0.722 2.2609999 32
-8.5240002 -0.46399999 1.966 2
-8.5559998 -0.64300001 2.1960001 2
-8.0539999 -0.78799999 2.279 33
-7.3930001 -0.88300002 2.2679999 28
-8.5559998 -0.67500001 1.9809999 1
-8.559 -0.84399998 2.207 1
-8.0220003 -0.96799999 2.2839999 33
-7.3390002 -1.04 2.2679999 34
-8.5550003 -0.884 1.987 1
-8.5900002 -1.051 2.227 1
-7.9879999 -1.147 2.289 35
-7.3070002 -1.199 2.276 34
-3.3050001 -0.42199999 0.77100003 7
-2.994 -0.43799999 0.77999997 8
-2.737 -0.456 0.79000002 10
-2.6110001 -0.48699999 0.81900001 0
-3.283 -0.5 0.76999998 11
-2.9630001 -0.50400001 0.77700001 16
-2.7149999 -0.51599997 0.78899997 7
-2.4849999 -0.51999998 0.787 14
-3.2360001 -0.574 0.764 0
-2.6960001 -0.52399999 0.71200001 7
-2.5179999 -0.537 0.73799998 4
-2.4260001 -0.56300002 0.77499998 9
-2.6930001 -0.54500002 0.63999999 5
-2.5109999 -0.54900002 0.66799998 4
-2.428 -0.57499999 0.71700001 6
-2.4159999 -0.616 0.77899998 4
-2.5239999 -0.57499999 0.60399997 5
-2.428 -0.59100002 0.65100002 6
-2.4419999 -0.63800001 0.72799999 6
-2.421 -0.67400002 0.78799999 18
-2.431 -0.616 0.58600003 4
-2.5050001 -0.67199999 0.67799997 4
-2.5309999 -0.722 0.76200002 3
-2.3759999 -0.71700001 0.78100002 11
-8.6680002 -2.4230001 2.1110001 3
-2.1429999 -0.62900001 0.58600003 0
-6.4359999 -1.994 1.957 99
-6.4569998 -2.105 2.1459999 99
-6.4689999 -1.978 1.59 6
-6.4710002 -2.0650001 1.7869999 1
-1.957 -0.65399998 0.60100001 0
-6.4710002 -2.266 2.174 100
-6.4710002 -2.151 1.6059999 6
-6.4689999 -2.2320001 1.8049999 10
0 0 0 0
-6.4629998 -2.4219999 2.197 82
-6.4689999 -2.3269999 1.624 9
-6.494 -2.411 1.832 13
-8.1280003 -3.1329999 2.5550001 1
-1.682 -0.67199999 0.57800001 2
-8.842 -3.424 2.2460001 7
-8.8290005 -3.517 2.5220001 4
0 0 0 0
-3.0409999 -1.2920001 1.059 0
-8.8439999 -3.675 2.2750001 4
-8.8149996 -3.7520001 2.55 4
-2.994 -1.312 0.96499997 0
-3.033 -1.367 1.069 0
-3.1129999 -1.383 0.81099999 0
-3.0829999 -1.398 0.903 0
-3.039 -1.413 0.99299997 0
0 0 0 0
-1.473 -0.69700003 0.389 0
-3.0829999 -1.485 0.91600001 0
-7.7800002 -3.8329999 2.5769999 2
0 0 0 0
0 0 0 0
-8.434 -4.3099999 2.543 2
-7.6589999 -3.9890001 2.573 2
-5.1739998 -2.75 1.902 0
0 0 0 0
-8.2840004 -4.48 2.536 1
-7.5339999 -4.1430001 2.5699999 3
-5.211 -2.915 1.944 0
-8.9399996 -5.0580001 2.477 12
-1.251 -0.71399999 0.389 1
-7.4510002 -4.3169999 2.582 1
-6.7490001 -3.9719999 2.5569999 1
-8.9540005 -5.3559999 2.5239999 11
-8.2679996 -4.9840002 2.6159999 1
-7.3400002 -4.4749999 2.5840001 1
-6.6599998 -4.1149998 2.5639999 3
-8.9720001 -5.6659999 2.575 5
-8.0439997 -5.1079998 2.589 2
-1.1210001 -0.71799999 0.40099999 1
-6.5960002 -4.2750001 2.5810001 3
-8.8039999 -5.862 2.576 2
-7.9169998 -5.29 2.595 2
-1.0599999 -0.713 0.38600001 1
-6.4850001 -4.4039998 2.5810001 2
-8.6479998 -6.0669999 2.582 2
-7.79 -5.4710002 2.6029999 2
-1.033 -0.72899997 0.38299999 1
-6.3629999 -4.526 2.5780001 2
-1 -0.73799998 0.30500001 2
-1.008 -0.74400002 0.34299999 1
-0.986 -0.73000002 0.373 1
-0.98299998 -0.73199999 0.405 1
0 0 0 0
0 0 0 0
0 0 0 0
0 0 0 0
0 0 0 0
0 0 0 0
0 0 0 0
0 0 0 0
-8.0459995 -6.8940001 2.628 3
0 0 0 0
-6.5539999 -5.5689998 2.6359999 3
0 0 0 0
-7.8790002 -7.0869999 2.638 2
0 0 0 0
-6.4190001 -5.7059999 2.6389999 3
-5.8930001 -5.2340002 2.6329999 2
-7.6859999 -7.256 2.641 2
0 0 0 0
-6.2849998 -5.8439999 2.6440001 3
-5.7529998 -5.335 2.6259999 5
-7.4840002 -7.4169998 2.6440001 3
-6.7529998 -6.6170001 2.642 3
-6.164 -5.9949999 2.655 3
-5.6209998 -5.4450002 2.625 4
-7.4089999 -7.704 2.6919999 1
-6.6090002 -6.7849998 2.6559999 2
-6.0469999 -6.1490002 2.6700001 2
-5.506 -5.5679998 2.631 3
0 0 0 0
-6.4000001 -6.8829999 2.6429999 4
-5.8889999 -6.2639999 2.6689999 3
-5.3889999 -5.6890001 2.638 2
0 0 0 0
-6.2690001 -7.0640001 2.664 2
-5.7340002 -6.3779998 2.668 3
-5.2789998 -5.8200002 2.6489999 4
-6.6919999 -8.0500002 2.6700001 3
-6.0900002 -7.1929998 2.6670001 2
-5.5900002 -6.5050001 2.674 4
-5.158 -5.9400001 2.658 4
-6.4190001 -8.1099997 2.648 2
-5.901 -7.3070002 2.6659999 3
-5.4580002 -6.6469998 2.688 3
-4.9980001 -6.013 2.6459999 3
-6.2579999 -8.3129997 2.677 3
-4.7360001 -6.151 2.211 0
-4.3119998 -5.4980001 2.1889999 0
-4.8829999 -6.1389999 2.658 5
-6.0440001 -8.4420004 2.6819999 2
-5.5440001 -7.559 2.678 2
-4.21 -5.6209998 2.2049999 8
-4.7490001 -6.244 2.6630001 5
-5.8369999 -8.5799999 2.6930001 2
-5.3649998 -7.6799998 2.6849999 3
-4.1139998 -5.7550001 2.2249999 2
-4.2210002 -5.8060002 2.4400001 1
-5.6170001 -8.7010002 2.7 2
-5.1700001 -7.7779999 2.6849999 3
-4.7909999 -7.0320001 2.6830001 1
-4.48 -6.4499998 2.6719999 5
-5.3909998 -8.8070002 2.7030001 3
-4.9840002 -7.888 2.691 3
-4.6570001 -7.1729999 2.7019999 1
-4.355 -6.5710001 2.687 5
-5.1789999 -8.9320002 2.7149999 3
-4.7779999 -7.967 2.688 3
-4.4829998 -7.2579999 2.7019999 2
-4.2160001 -6.6690001 2.6919999 2
-4.941 -9.0150003 2.717 3
-4.6030002 -8.0959997 2.704 3
-4.3189998 -7.3530002 2.7049999 5
-2.927 -4.8610001 1.939 1
-4.7010002 -9.0869999 2.7160001 3
-4.401 -8.1750002 2.704 3
-4.1529999 -7.4460001 2.71 3
0 0 0 0
-4.4790001 -9.1929998 2.7279999 3
-4.2179999 -8.2869997 2.717 3
0 0 0 0
0 0 0 0
-4.237 -9.2440004 2.724 2
0 0 0 0
0 0 0 0
-3.0380001 -5.875 2.2650001 0
-3.0829999 -7.177 2.1029999 1
0 0 0 0
-3.632 -7.6810002 2.717 3
-3.4449999 -7.0310001 2.684 3
-3.7709999 -9.3879995 2.737 3
-3.6110001 -8.5019999 2.724 4
-3.105 -6.9619999 2.441 1
-3.0239999 -6.5279999 2.4679999 8
-3.1930001 -8.5340004 2.477 3
-3.1340001 -7.881 2.5090001 7
-3.1229999 -7.448 2.5910001 9
-3.0569999 -6.9959998 2.6210001 8
-3.2019999 -9.2200003 2.6659999 7
-3.2030001 -8.6330004 2.734 10
-3.0669999 -7.7979999 2.6930001 6
-2.9920001 -7.2729998 2.7019999 6
-3.0639999 -9.5480003 2.7520001 3
-2.9960001 -8.6809998 2.7349999 16
-2.918 -7.9380002 2.723 4
-2.8440001 -7.3610001 2.7119999 5
-2.835 -9.6169996 2.766 4
-2.7939999 -8.743 2.7420001 3
-2.7460001 -8.0190001 2.733 4
-2.6789999 -7.408 2.7079999 6
-2.586 -9.5979996 2.7550001 4
-2.582 -8.7700005 2.7390001 3
-2.563 -8.0640001 2.733 3
-2.5179999 -7.4640002 2.7090001 6
-2.3410001 -9.5930004 2.75 3
-2.368 -8.7849998 2.7349999 4
-2.3789999 -8.1099997 2.734 3
-2.355 -7.5190001 2.71 6
-2.115 -9.6520004 2.766 3
-2.1700001 -8.8579998 2.75 4
-2.1960001 -8.1529999 2.7349999 4
-2.187 -7.5640001 2.71 5
-1.868 -9.6140003 2.7550001 5
-1.949 -8.8380003 2.7379999 4
-2.0109999 -8.1940002 2.737 4
-2.03 -7.638 2.721 7
-1.633 -9.6090002 2.756 4
-1.743 -8.8669996 2.7420001 3
-1.827 -8.2410002 2.743 3
-1.86 -7.665 2.7149999 5
-1.404 -9.6389999 2.7690001 4
-1.539 -8.8990002 2.7490001 3
-1.636 -8.2480001 2.737 4
-1.6900001 -7.698 2.7130001 5
-1.1670001 -9.592 2.76 4
-1.33 -8.901 2.7479999 3
-1.457 -8.3000002 2.7460001 3
-1.528 -7.7579999 2.7219999 5
-0.94 -9.5790005 2.7620001 1
-1.122 -8.8970003 2.7460001 3
-1.266 -8.3100004 2.743 4
-1.3609999 -7.802 2.7260001 4
-0.71100003 -9.5710001 2.7679999 3
-0.67699999 -6.585 2.033 1
-1.079 -8.3190002 2.74 3
-1.189 -7.823 2.723 5
-0.484 -9.5450001 2.77 3
-0.70899999 -8.9029999 2.7520001 4
-0.889 -8.3249998 2.7390001 2
-1.0140001 -7.8369999 2.7190001 4
-0.257 -9.4919996 2.767 4
-0.50300002 -8.908 2.7579999 3
-0.70599997 -8.3730001 2.7520001 3
-0.84399998 -7.8740001 2.724 4
-0.035999998 -9.4790001 2.776 3
-0.29899999 -8.8940001 2.7579999 3
-0.514 -8.3339996 2.7390001 5
-0.67699999 -7.9439998 2.7420001 4
0.185 -9.4110003 2.7709999 3
-0.094999999 -8.8649998 2.756 3
-0.329 -8.3760004 2.7520001 3
-0.498 -7.9130001 2.7260001 4
0.40000001 -9.3389997 2.7650001 4
0.106 -8.8459997 2.7590001 3
-0.14300001 -8.368 2.75 4
-0.324 -7.8730001 2.707 5
0.61400002 -9.2690001 2.7620001 3
0.30700001 -8.8140001 2.7579999 3
0.043000001 -8.3730001 2.7539999 4
-0.154 -7.9819999 2.7409999 3
0.83099997 -9.2480001 2.7739999 3
0.505 -8.7550001 2.7509999 3
0.23100001 -8.3520002 2.7509999 3
0.021 -7.9450002 2.7260001 7
1.0420001 -9.1800003 2.7750001 3
0.70599997 -8.7410002 2.76 3
0.419 -8.3380003 2.753 4
0.197 -7.9460001 2.7260001 2
1.242 -9.0629997 2.7620001 5
0.903 -8.6890001 2.757 3
0.60399997 -8.3109999 2.75 4
0.30899999 -6.5809999 2.2590001 2
1.452 -9.033 2.776 5
1.098 -8.6479998 2.76 3
0.78799999 -8.2840004 2.7479999 5
0.551 -7.9850001 2.7409999 3
1.65 -8.9309998 2.77 4
1.29 -8.5869999 2.756 3
0.97500002 -8.2639999 2.7509999 3
0.72500002 -7.9619999 2.7360001 5
1.841 -8.8280001 2.763 3
1.48 -8.5380001 2.757 3
1.155 -8.2220001 2.7460001 4
0.90600002 -7.9780002 2.7460001 5
2.0350001 -8.7440004 2.7639999 3
1.664 -8.4449997 2.747 4
1.341 -8.2080002 2.753 4
1.081 -7.9559999 2.743 4
2.1559999 -8.3839998 2.678 4
1.851 -8.3839998 2.7479999 3
1.527 -8.1730003 2.756 4
1.258 -7.927 2.74 4
2.247 -7.9580002 2.572 3
2.043 -8.3409996 2.757 3
1.704 -8.1059999 2.7479999 4
1.438 -7.9250002 2.747 4
2.5940001 -8.4399996 2.76 3
2.171 -8.0609999 2.688 4
1.886 -8.073 2.7520001 3
1.6160001 -7.8959999 2.7460001 5
2.7720001 -8.3360004 2.76 4
2.1700001 -7.3850002 2.4860001 8
2.0680001 -8.0270004 2.7539999 3
1.786 -7.8379998 2.737 6
2.882 -8.04 2.697 6
2.569 -8.0710001 2.7409999 3
2.168 -7.704 2.6600001 4
1.965 -7.8249998 2.743 4
2.902 -7.5510001 2.566 6
2.7449999 -7.987 2.7420001 3
2.227 -7.283 2.533 14
2.1429999 -7.789 2.743 5
0 0 0 0
2.868 -7.7659998 2.6949999 5
2.5829999 -7.816 2.7390001 3
2.198 -7.3449998 2.5999999 8
0 0 0 0
2.9189999 -7.3769999 2.5910001 5
2.7609999 -7.7540002 2.7420001 5
2.3169999 -7.1490002 2.5469999 2
2.9760001 -6.3909998 2.27 7
2.8929999 -6.8540001 2.4349999 1
2.878 -7.54 2.691 7
2.664 -7.6360002 2.737 6
0 0 0 0
2.95 -6.5700002 2.3640001 9
2.823 -6.9229999 2.493 0
2.8410001 -7.5939999 2.74 7
0 0 0 0
0 0 0 0
2.9319999 -6.7529998 2.4560001 5
2.9289999 -7.3200002 2.6619999 5
0 0 0 0
0.426 -0.84600002 0.31200001 0
2.9519999 -6.4039998 2.3529999 10
2.911 -6.8319998 2.503 2
3.0510001 -5.2480001 1.9910001 9
0 0 0 0
0 0 0 0
2.961 -6.539 2.4159999 8
3.075 -5.0229998 1.942 11
0 0 0 0
0 0 0 0
0 0 0 0
3.098 -4.8099999 1.895 13
3.062 -5.164 1.997 13
0 0 0 0
0.42699999 -0.83999997 0.31600001 0
3.1140001 -4.6020002 1.849 13
3.085 -4.9439998 1.943 14
3.046 -5.29 2.0409999 14
0 0 0 0
3.132 -4.4109998 1.809 12
3.092 -4.7160001 1.885 14
3.0610001 -5.0500002 1.976 14
0 0 0 0
3.1359999 -4.2119999 1.7640001 14
3.105 -4.5089998 1.834 14
3.0710001 -4.8189998 1.9119999 14
3.0769999 -5.1570001 2.007 12
3.142 -4.0300002 1.724 13
3.1259999 -4.329 1.793 13
3.0880001 -4.6129999 1.858 14
3.082 -4.9099998 1.9349999 14
3.152 -3.858 1.688 13
3.132 -4.138 1.7460001 13
3.1029999 -4.414 1.807 13
3.099 -4.698 1.875 14
3.1630001 -3.7 1.6569999 13
3.1400001 -3.957 1.705 14
3.1240001 -4.2360001 1.763 14
3.1170001 -4.4959998 1.8200001 15
3.191 -3.566 1.636 9
3.1559999 -3.7980001 1.67 13
3.138 -4.0580001 1.719 13
3.1270001 -4.2989998 1.766 13
0 0 0 0
3.164 -3.6389999 1.635 13
3.1389999 -3.8770001 1.6720001 13
3.141 -4.119 1.719 14
0.83899999 -0.85699999 0.41299999 1
0 0 0 0
3.151 -3.7160001 1.6339999 13
3.1470001 -3.9360001 1.669 14
3.1930001 -3.119 1.546 1
0 0 0 0
3.165 -3.5650001 1.599 12
3.155 -3.7690001 1.625 14
3.2190001 -3.0079999 1.5319999 12
0 0 0 0
3.1819999 -3.425 1.568 2
3.1700001 -3.615 1.587 13
3.227 -2.8829999 1.511 12
3.2149999 -3.086 1.525 1
0.84100002 -0.86500001 0.40400001 1
3.1830001 -3.467 1.551 14
3.223 -2.7520001 1.4859999 12
3.207 -2.9419999 1.492 12
0 0 0 0
3.2019999 -3.3310001 1.521 10
3.2349999 -2.6400001 1.471 11
3.2190001 -2.823 1.471 12
3.2030001 -3.0079999 1.475 2
0.88300002 -0.87699997 0.40900001 1
3.2449999 -2.53 1.455 11
3.2179999 -2.6960001 1.446 12
3.217 -2.8859999 1.451 13
0.89899999 -0.85299999 0.40599999 1
3.244 -2.4159999 1.436 10
3.2390001 -2.5929999 1.432 12
3.223 -2.7620001 1.425 12
3.2130001 -2.9130001 1.42 11
3.2609999 -2.319 1.426 10
3.2460001 -2.4820001 1.413 11
3.234 -2.6470001 1.403 11
3.223 -2.79 1.3940001 13
3.27 -2.2179999 1.414 9
3.2550001 -2.3740001 1.396 11
3.2409999 -2.5320001 1.381 11
3.2349999 -2.6719999 1.37 13
3.289 -2.1270001 1.4069999 6
3.263 -2.27 1.38 10
3.2520001 -2.4230001 1.362 11
3.24 -2.553 1.344 11
1.457 -0.89700001 0.616 1
3.279 -2.1730001 1.369 10
3.2639999 -2.3180001 1.345 10
3.2509999 -2.4419999 1.323 11
3.289 -1.926 1.3789999 55
3.2820001 -2.0710001 1.353 6
3.273 -2.2149999 1.3279999 10
3.2590001 -2.332 1.302 11
3.3010001 -1.837 1.372 47
1.508 -0.90499997 0.61400002 1
3.2820001 -2.1129999 1.312 10
3.2650001 -2.224 1.2819999 11
3.3150001 -1.75 1.367 51
3.2969999 -1.88 1.3279999 56
3.2839999 -2.01 1.294 9
3.2739999 -2.1210001 1.263 11
1.837 -0.91900003 0.75099999 3
3.3050001 -1.788 1.318 67
1.585 -0.921 0.616 1
3.286 -2.023 1.248 10
1.859 -0.88 0.755 3
1.846 -0.94499999 0.72899997 4
3.3010001 -1.819 1.267 52
3.289 -1.92 1.23 10
2.0780001 -0.92799997 0.838 12
1.85 -0.89600003 0.72299999 5
1.832 -0.95499998 0.69499999 3
1.673 -0.92500001 0.616 0
2.082 -0.87599999 0.83499998 17
2.177 -0.995 0.84399998 6
1.845 -0.90899998 0.69199997 5
1.8099999 -0.94700003 0.65799999 2
2.0899999 -0.82599998 0.833 17
2.161 -0.92900002 0.83099997 13
2.263 -1.052 0.83899999 9
1.836 -0.90600002 0.65799999 3
2.1700001 -0.80299997 0.861 4
2.1930001 -0.88499999 0.83700001 17
2.2980001 -1.005 0.84299999 4
3.3299999 -1.549 1.179 102
3.3399999 -1.154 1.319 87
2.21 -0.83499998 0.83700001 17
2.3 -0.94300002 0.83600003 14
2.4119999 -1.054 0.84399998 8
3.335 -1.071 1.312 85
2.2950001 -0.80900002 0.86400002 4
2.322 -0.89099997 0.83700001 18
2.4489999 -1.002 0.847 4
3.335 -0.99199998 1.307 97
3.3429999 -1.095 1.251 104
2.349 -0.83999997 0.83899999 16
2.4660001 -0.94300002 0.84399998 14
3.118 -0.85399997 1.2180001 6
3.3410001 -1.012 1.244 87
3.339 -1.108 1.184 135
2.4860001 -0.88499999 0.84200001 16
1.451 -0.36399999 0.565 1
3.115 -0.86799997 1.154 6
3.345 -1.025 1.178 95
2.546 -0.83899999 0.85399997 7
1.46 -0.33199999 0.56699997 2
1.602 -0.40799999 0.59100002 1
3.1110001 -0.87599999 1.0880001 6
3.345 -1.016 1.114 106
1.467 -0.301 0.56900001 1
1.598 -0.36899999 0.58700001 2
3.303 -0.84899998 1.148 56
3.115 -0.86699998 1.029 5
1.462 -0.26699999 0.56599998 1
3.332 -0.69199997 1.22 60
3.325 -0.77399999 1.149 92
3.3099999 -0.838 1.084 85
1.473 -0.236 0.56999999 1
3.336 -0.616 1.2180001 60
3.329 -0.69400001 1.145 94
3.3299999 -0.75999999 1.084 95
1.355 -0.18700001 0.52399999 6
3.3369999 -0.54000002 1.216 61
3.3369999 -0.616 1.143 91
3.3329999 -0.67900002 1.0779999 99
1.326 -0.154 0.51300001 5
1.353 -0.18700001 0.49200001 6
3.3429999 -0.53799999 1.141 85
3.3299999 -0.59600002 1.071 95
1.317 -0.124 0.509 24
1.321 -0.153 0.479 5
1.349 -0.185 0.458 9
3.3429999 -0.51800001 1.0700001 95
1.311 -0.094999999 0.50800002 12
1.3200001 -0.123 0.479 5
1.325 -0.15099999 0.449 5
1.337 -0.175 0.426 18
1.3099999 -0.067000002 0.50700003 12
1.312 -0.093000002 0.47499999 9
1.332 -0.121 0.45100001 5
1.322 -0.141 0.41999999 5
1.3150001 -0.037999999 0.50999999 11
1.387 -0.067000002 0.50300002 1
1.359 -0.092 0.45899999 4
1.3279999 -0.11 0.41999999 8
1.313 -0.0099999998 0.50999999 11
1.3710001 -0.035999998 0.49700001 14
1.3940001 -0.061999999 0.47 21
1.317 -0.077 0.41600001 12
1.317 0.017000001 0.51300001 11
1.326 -0.0049999999 0.48100001 7
1.398 -0.029999999 0.47099999 4
1.323 -0.046 0.417 11
1.319 0.046 0.51499999 12
1.319 0.023 0.479 10
1.321 0.0020000001 0.44600001 54
1.321 -0.015 0.41600001 12
1.322 0.074000001 0.51800001 11
1.321 0.052999999 0.48100001 10
1.326 0.032000002 0.44800001 11
1.325 0.016000001 0.417 12
1.325 0.103 0.52100003 12
1.322 0.082999997 0.48300001 10
1.332 0.063000001 0.44999999 11
1.325 0.046999998 0.417 12
1.331 0.133 0.52600002 12
1.327 0.113 0.486 10
1.33 0.093999997 0.44999999 11
1.33 0.079000004 0.41800001 12
1.334 0.162 0.52899998 12
1.334 0.14399999 0.49000001 10
1.336 0.126 0.45300001 11
1.331 0.111 0.419 12
1.332 0.191 0.53100002 12
1.334 0.17399999 0.49200001 9
1.335 0.15700001 0.454 11
1.334 0.14300001 0.421 12
1.335 0.22 0.53399998 12
1.342 0.205 0.49700001 10
1.3380001 0.18799999 0.45699999 11
1.337 0.176 0.42300001 12
1.339 0.25099999 0.53899997 12
1.339 0.236 0.498 10
1.339 0.22 0.45899999 11
1.3380001 0.20900001 0.42500001 12
1.34 0.28099999 0.54299998 12
1.341 0.26699999 0.50199997 10
1.337 0.252 0.46000001 11
1.329 0.23999999 0.42300001 12
1.344 0.31200001 0.54799998 11
1.34 0.29800001 0.50400001 10
1.3380001 0.285 0.463 11
1.3430001 0.27599999 0.43000001 12
1.345 0.34299999 0.55199999 11
1.347 0.33199999 0.50999999 9
1.345 0.31900001 0.46799999 10
1.344 0.31 0.43200001 12
1.345 0.373 0.55599999 45
1.347 0.36399999 0.514 50
1.337 0.34999999 0.46799999 12
1.346 0.34400001 0.435 12
1.362 0.41 0.56699997 4
1.352 0.39700001 0.51899999 7
1.35 0.38600001 0.47600001 10
1.351 0.38 0.44 12
1.355 0.43900001 0.56900001 16
1.351 0.43000001 0.523 19
1.365 0.426 0.48500001 6
1.363 0.419 0.447 5
3.4679999 1.2079999 1.469 84
1.364 0.46799999 0.53200001 3
1.372 0.463 0.491 8
1.373 0.458 0.454 11
3.4779999 1.295 1.4859999 77
3.477 1.281 1.37 96
3.477 1.265 1.257 36
3.4679999 1.253 1.1569999 38
3.483 1.3839999 1.503 76
3.4860001 1.374 1.386 93
3.4920001 1.364 1.274 42
3.4860001 1.354 1.174 56
3.4890001 1.474 1.52 82
3.4890001 1.466 1.402 84
3.4920001 1.4579999 1.2869999 61
3.484 1.452 1.1849999 88
3.493 1.564 1.538 75
3.497 1.561 1.419 86
3.497 1.556 1.302 83
3.5009999 1.557 1.2029999 93
3.503 1.658 1.558 77
3.4979999 1.6569999 1.436 78
3.5120001 1.661 1.323 86
3.506 1.6619999 1.219 94
1.962 0.98100001 0.88300002 4
1.961 0.98299998 0.81400001 5
1.972 0.98900002 0.75199997 5
1.955 0.98400003 0.68800002 4
1.9630001 1.035 0.89399999 3
1.965 1.04 0.82599998 4
1.969 1.046 0.75999999 5
1.957 1.045 0.69800001 4
1.97 1.0930001 0.90799999 3
1.966 1.099 0.838 4
1.98 1.112 0.77499998 4
1.971 1.115 0.713 3
1.965 1.146 0.91799998 3
1.966 1.1569999 0.84899998 3
1.9859999 1.178 0.78899997 4
1.974 1.1799999 0.72500002 4
1.97 1.207 0.93300003 4
1.971 1.22 0.86400002 4
1.984 1.239 0.80000001 4
1.983 1.252 0.74000001 4
1.974 1.267 0.94800001 3
1.974 1.283 0.87699997 3
1.9859999 1.3049999 0.81300002 4
1.984 1.3200001 0.75199997 4
1.976 1.329 0.96200001 3
1.978 1.35 0.89300001 3
1.989 1.375 0.82800001 4
1.985 1.39 0.76599997 4
1.977 1.392 0.97799999 3
1.972 1.411 0.90499997 3
1.9859999 1.442 0.84100002 3
2 1.474 0.78600001 4
1.987 1.465 0.99900001 2
1.984 1.488 0.926 3
1.993 1.5190001 0.86000001 3
1.9960001 1.5470001 0.80000001 3
1.984 1.529 1.0140001 2
1.982 1.558 0.94300002 3
1.993 1.595 0.87699997 3
2.006 1.6339999 0.82099998 3
1.993 1.6059999 1.0369999 2
1.9960001 1.642 0.96700001 3
1.9960001 1.676 0.89600003 3
2.0079999 1.7180001 0.83899999 3
1.99 1.675 1.054 0
1.995 1.7180001 0.986 2
2.01 1.767 0.921 2
2.007 1.802 0.85799998 3
1.989 1.748 1.073 0
1.994 1.796 1.005 0
2.006 1.849 0.94 2
2.0039999 1.8890001 0.87699997 1
2.0009999 1.836 1.1 0
1.999 1.883 1.029 0
2.006 1.937 0.96200001 0
2.016 1.995 0.90499997 0
1.997 1.914 1.1210001 0
1.998 1.9680001 1.052 0
2.0020001 2.027 0.98400003 0
2.0280001 2.1059999 0.93400002 0
1.992 1.993 1.142 0
2.0039999 2.066 1.081 0
2.0109999 2.1329999 1.0140001 0
2.023 2.2049999 0.958 0
0 0 0 0
2.006 2.164 1.109 0
2.0150001 2.24 1.043 0
2.033 2.3269999 0.991 0
0 0 0 0
2.023 2.2820001 1.146 0
2.0250001 2.3599999 1.0779999 0
3.7390001 4.494 1.8789999 20
0 0 0 0
2.016 2.3789999 1.173 0
3.7349999 4.5630002 2.0469999 19
3.766 4.7529998 1.9529999 21
0 0 0 0
3.7190001 4.5939999 2.224 37
3.7609999 4.8200002 2.125 23
3.651 4.8439999 1.957 25
3.4590001 4.3010001 2.2360001 37
3.619 4.6820002 2.2279999 39
3.618 4.8660002 2.1099999 24
3.4749999 4.8520002 1.9299999 24
3.3610001 4.369 2.2320001 39
3.4990001 4.744 2.22 39
3.448 4.8709998 2.0799999 23
3.3069999 4.8639998 1.9069999 23
3.257 4.4320002 2.227 40
3.3789999 4.8070002 2.2149999 40
3.2869999 4.8860002 2.056 23
3.1459999 4.8759999 1.886 24
3.1589999 4.4990001 2.2249999 39
3.25 4.8520002 2.2030001 38
3.131 4.8990002 2.033 23
2.9860001 4.8829999 1.864 24
3.0580001 4.5640001 2.224 40
3.118 4.888 2.188 34
2.9760001 4.902 2.0079999 29
2.8340001 4.8920002 1.845 23
2.9579999 4.625 2.22 40
2.971 4.895 2.1619999 31
2.8239999 4.9060001 1.985 30
0 0 0 0
2.855 4.6859999 2.2179999 39
0.60299999 1.0470001 0.456 0
0 0 0 0
0 0 0 0
2.7490001 4.7389998 2.214 37
0 0 0 0
0.54299998 1.054 0.417 3
0.565 1.163 0.42500001 1
2.6459999 4.8010001 2.214 36
0.54299998 1.05 0.447 7
0.51499999 1.062 0.41600001 0
0 0 0 0
2.543 4.8649998 2.217 39
0.51099998 1.045 0.44 9
0.48100001 1.054 0.40900001 5
0.44 1.03 0.37 8
2.4300001 4.9039998 2.2079999 37
0.486 1.053 0.43900001 10
0.44100001 1.029 0.396 7
0.40700001 1.021 0.36500001 9
2.313 4.9330001 2.1960001 34
0.44499999 1.024 0.42300001 8
0.41 1.02 0.389 8
0.37799999 1.018 0.361 9
0 0 0 0
0.41299999 1.012 0.414 8
0.382 1.021 0.38600001 8
0.34999999 1.017 0.359 9
0.42500001 1.02 0.44499999 8
0.38499999 1.0089999 0.40900001 7
0.354 1.016 0.382 8
0.324 1.021 0.35800001 9
0.39399999 1.008 0.435 8
0.36000001 1.011 0.40700001 8
0.32800001 1.017 0.38 8
0.29800001 1.023 0.35800001 12
0.36700001 1.0039999 0.43000001 8
0.33399999 1.01 0.40400001 8
0.30199999 1.0190001 0.37900001 8
0.27200001 1.026 0.35699999 12
0.34200001 1.003 0.426 8
0.30899999 1.011 0.40099999 8
0.27599999 1.018 0.377 11
0.248 1.035 0.359 13
0.31900001 1.007 0.42399999 8
0.28600001 1.016 0.40099999 8
0.25299999 1.026 0.37799999 11
0.222 1.035 0.359 12
0.29499999 1.007 0.421 8
0.26100001 1.015 0.398 8
0.22499999 1.016 0.373 10
0.198 1.046 0.36199999 12
0.271 1.007 0.41800001 8
0.237 1.02 0.398 8
0.205 1.0420001 0.382 8
0.17299999 1.054 0.36399999 8
0.249 1.016 0.419 8
0.215 1.031 0.40099999 8
0.183 1.056 0.38600001 8
0.15000001 1.071 0.37 8
0.227 1.024 0.419 9
0.193 1.039 0.40200001 8
0.15800001 1.062 0.38699999 8
0.125 1.084 0.375 8
0.206 1.033 0.421 8
0.17 1.053 0.40599999 8
0.134 1.075 0.39199999 8
0.107 1.1720001 0.40599999 1
0.184 1.0420001 0.42199999 8
0.147 1.064 0.40900001 8
0.111 1.097 0.40000001 1
0.077 1.149 0.398 1
0.161 1.052 0.42399999 9
0.125 1.08 0.414 7
0 0 0 0
0 0 0 0
0.139 1.062 0.42699999 8
0.101 1.0930001 0.419 8
0.059999999 1.107 0.40400001 0
0 0 0 0
0.118 1.086 0.43399999 9
0.075999998 1.098 0.41999999 8
0 0 0 0
0 0 0 0
0.093999997 1.095 0.43700001 9
0.050999999 1.1 0.41999999 8
0 0 0 0
0 0 0 0
0.07 1.099 0.43700001 9
0.027000001 1.105 0.42199999 9
0 0 0 0
0 0 0 0
0.045000002 1.102 0.43700001 9
0.001 1.109 0.42399999 9
-0.043000001 1.124 0.41299999 0
0 0 0 0
0.021 1.1 0.43599999 8
-0.023 1.109 0.42399999 9
-0.068999998 1.119 0.41299999 4
0 0 0 0
-0.003 1.101 0.43599999 8
-0.048 1.11 0.42500001 8
-0.094999999 1.12 0.41499999 8
0 0 0 0
-0.028000001 1.118 0.442 5
-0.074000001 1.118 0.42899999 9
-0.123 1.13 0.421 9
0 0 0 0
-0.052999999 1.1109999 0.43900001 1
-0.1 1.124 0.433 9
-0.15000001 1.132 0.42399999 12
-0.19599999 1.133 0.414 2
-0.079000004 1.131 0.447 0
-0.126 1.125 0.43399999 9
-0.177 1.133 0.426 1
-0.22400001 1.133 0.41800001 10
0 0 0 0
-0.152 1.12 0.43399999 8
-0.20299999 1.126 0.42699999 8
-0.125 0.56400001 0.20900001 9
0 0 0 0
0 0 0 0
-0.23199999 1.135 0.433 9
-0.139 0.56300002 0.211 9
0 0 0 0
-0.207 1.132 0.44299999 0
-0.13 0.56800002 0.21799999 8
0 0 0 0
0 0 0 0
-1.069 5.1719999 2.033 5
-0.14300001 0.56400001 0.21799999 9
-0.169 0.56699997 0.21699999 10
0 0 0 0
0 0 0 0
0 0 0 0
0 0 0 0
-1.082 5.1919999 2.079 4
-0.141 0.55299997 0.22 9
-0.17299999 0.57099998 0.22499999 9
-0.20100001 0.574 0.22499999 10
0 0 0 0
0 0 0 0
0 0 0 0
0 0 0 0
-0.14300001 0.56099999 0.226 10
-0.17299999 0.57099998 0.23 9
-0.205 0.57599998 0.23199999 9
-0.23 0.56999999 0.23 10
0 0 0 0
0 0 0 0
0 0 0 0
0 0 0 0
-0.171 0.56199998 0.229 10
-0.20200001 0.56800002 0.233 9
-0.235 0.57499999 0.237 9
-0.25999999 0.565 0.235 10
0 0 0 0
0 0 0 0
0 0 0 0
0 0 0 0
-0.20299999 0.56999999 0.235 10
-0.23 0.565 0.236 9
-0.264 0.56800002 0.23999999 9
-0.28999999 0.55900002 0.23999999 3
0 0 0 0
0 0 0 0
-2.4489999 4.9699998 2.1329999 16
-2.7190001 4.9499998 2.161 5
-0.23100001 0.56699997 0.23800001 10
-0.25999999 0.56300002 0.23999999 9
-2.589 4.96 2.161 42
-2.8069999 4.8390002 2.1500001 24
0 0 0 0
-2.4360001 4.9629998 2.1470001 33
-2.694 4.881 2.1589999 5
-2.9119999 4.7589998 2.155 31
-0.25799999 0.55800003 0.23800001 10
-2.5569999 4.9190001 2.155 46
-2.7939999 4.7979999 2.1559999 31
-3.003 4.6599998 2.1500001 24
-2.438 4.9699998 2.1459999 36
-2.6670001 4.855 2.155 36
-2.895 4.7140002 2.154 32
0 0 0 0
-2.563 4.934 2.1530001 44
-2.777 4.79 2.1559999 30
-2.994 4.632 2.154 31
-0.39899999 0.56099999 0.26899999 6
-2.6800001 4.882 2.154 35
-2.882 4.7160001 2.154 32
0 0 0 0
-0.426 0.56999999 0.27900001 13
-2.793 4.822 2.154 23
-2.9879999 4.6459999 2.155 31
-0.405 0.56699997 0.273 4
-0.44600001 0.56900001 0.285 12
-2.902 4.7519999 2.151 24
0 0 0 0
-0.42399999 0.56599998 0.278 12
-0.46900001 0.56999999 0.29300001 12
-3.016 4.6929998 2.1530001 24
-0.40099999 0.56400001 0.27000001 4
-0.447 0.56800002 0.285 11
-3.543 4.105 2.161 3
-3.1270001 4.6269999 2.1530001 21
-0.419 0.56199998 0.27399999 12
-0.46799999 0.56800002 0.292 10
-3.6270001 4.0110002 2.164 3
0 0 0 0
-0.44400001 0.56699997 0.28200001 13
-0.491 0.56800002 0.29800001 1
-3.6919999 3.898 2.1589999 32
-0.42199999 0.56699997 0.27200001 13
-0.465 0.56699997 0.287 10
-3.6459999 4.0279999 2.165 3
-3.7809999 3.8099999 2.168 31
-0.44299999 0.56599998 0.27599999 14
-0.48699999 0.56599998 0.29300001 1
-3.7320001 3.937 2.1670001 32
-3.848 3.704 2.1670001 29
-0.465 0.56699997 0.28200001 14
-3.6819999 4.0890002 2.1619999 3
-3.812 3.8399999 2.168 32
-3.9189999 3.602 2.1689999 32
-0.47799999 0.55599999 0.28099999 1
-3.776 4.0029998 2.165 32
-3.8959999 3.7479999 2.1730001 33
-3.9879999 3.5009999 2.1719999 35
-3.7520001 4.1620002 2.151 3
-3.865 3.911 2.1659999 32
-3.971 3.648 2.1730001 33
-4.052 3.3940001 2.1730001 34
-3.859 4.086 2.1559999 23
-3.9579999 3.8239999 2.1700001 31
-4.0510001 3.553 2.178 33
-4.1199999 3.2939999 2.178 31
-3.9690001 4.0100002 2.164 23
-4.0430002 3.7290001 2.171 31
-4.1209998 3.4489999 2.1789999 33
-4.1719999 3.1819999 2.1760001 39
-4.0570002 3.9119999 2.1600001 23
-4.1220002 3.6300001 2.171 32
-4.1939998 3.3499999 2.1819999 34
-4.2319999 3.076 2.1800001 38
-4.1609998 3.829 2.165 24
-4.2059999 3.5339999 2.174 33
-4.2649999 3.2490001 2.1860001 34
-4.2820001 2.9660001 2.1800001 45
-4.25 3.7309999 2.165 24
-4.276 3.427 2.171 35
-4.3260002 3.141 2.187 34
-4.3379998 2.8610001 2.184 42
-4.3390002 3.632 2.1659999 24
-4.3540001 3.326 2.1730001 35
-4.3930001 3.0380001 2.191 37
-4.3920002 2.7539999 2.1889999 42
-4.4310002 3.536 2.168 24
-4.4289999 3.223 2.1760001 35
-4.454 2.931 2.1930001 41
-4.4390001 2.645 2.1900001 44
-4.5219998 3.438 2.1719999 25
-4.5019999 3.119 2.178 35
-4.513 2.8239999 2.197 44
-4.4899998 2.54 2.1960001 38
-4.6079998 3.3340001 2.174 25
-4.5700002 3.0120001 2.1800001 39
-4.573 2.7179999 2.201 40
-4.5339999 2.431 2.2 37
-4.6900001 3.2279999 2.1760001 24
-4.6459999 2.9100001 2.1860001 41
-4.631 2.6110001 2.2060001 39
-4.5669999 2.316 2.1989999 40
-4.7709999 3.1210001 2.178 35
-4.7059999 2.7969999 2.1860001 41
-4.6750002 2.4960001 2.2049999 33
-4.6040001 2.2060001 2.201 40
-4.8520002 3.013 2.1819999 37
-4.7740002 2.6900001 2.1919999 41
-4.7259998 2.385 2.21 35
-4.6440001 2.098 2.207 40
-4.9130001 2.8929999 2.178 37
-4.8390002 2.5810001 2.197 44
-4.7779999 2.277 2.2160001 40
-4.6729999 1.985 2.2079999 40
-4.947 2.7579999 2.164 52
-4.8969998 2.467 2.2 43
-4.8270001 2.1659999 2.221 41
-4.7069998 1.876 2.2130001 43
-4.73 2.4909999 2.0420001 90
-4.9429998 2.348 2.198 44
-4.8629999 2.05 2.223 18
-4.7249999 1.761 2.211 43
-4.7259998 2.348 2.016 97
-4.9860001 2.2279999 2.197 51
-4.8839998 1.929 2.2179999 26
-4.7399998 1.646 2.21 45
-4.7420001 2.217 2 98
-4.7820001 2.0039999 2.089 19
-4.9250002 1.816 2.223 43
-4.776 1.54 2.2179999 48
-4.7420001 2.082 1.979 95
-4.9460001 1.939 2.1440001 69
-4.9549999 1.7 2.2249999 48
-4.7880001 1.427 2.2179999 45
-4.7540002 1.9529999 1.965 95
-5.1290002 1.874 2.2060001 46
-4.9790001 1.582 2.2260001 46
-4.8010001 1.3150001 2.2179999 47
-5.112 1.96 2.0929999 27
-5.1700001 1.753 2.21 42
-5.0009999 1.465 2.2260001 49
-4.8179998 1.204 2.223 51
-5.4299998 1.9349999 2.2049999 35
-5.204 1.631 2.211 41
-5.0279999 1.349 2.23 44
-4.8330002 1.094 2.2260001 46
-5.4689999 1.802 2.2030001 36
-5.2449999 1.511 2.217 41
-5.0479999 1.232 2.233 48
-4.8379998 0.98299998 2.2260001 51
-5.5180001 1.674 2.207 35
-5.2680001 1.385 2.2160001 42
-5.072 1.117 2.2379999 48
-4.8509998 0.87300003 2.2309999 45
-5.5640001 1.544 2.211 34
-5.302 1.263 2.221 44
-5.085 0.99900001 2.2390001 51
-2.9690001 0.46700001 1.3660001 1
-5.6220002 1.4170001 2.2219999 24
-5.3319998 1.14 2.2249999 45
-2.9890001 0.51700002 1.314 9
-2.9649999 0.39899999 1.364 4
-5.6539998 1.2819999 2.223 21
-5.3540001 1.015 2.2279999 40
-2.9449999 0.44100001 1.294 28
-4.855 0.54400003 2.237 19
-5.684 1.146 2.2249999 21
-2.9820001 0.493 1.238 38
-2.973 0.37599999 1.306 6
-4.875 0.43799999 2.2490001 49
-5.7210002 1.011 2.2309999 20
-2.9790001 0.42199999 1.234 53
-5.1259999 0.53100002 2.2520001 30
-4.868 0.329 2.25 53
-3.0179999 0.45899999 1.173 36
-3.0090001 0.35499999 1.245 10
-5.1430001 0.41600001 2.2609999 42
-4.8670001 0.221 2.2550001 50
-3.007 0.384 1.166 49
-5.4299998 0.51200002 2.2460001 40
-5.1529999 0.29899999 2.2679999 46
-4.868 0.114 2.2620001 54
-2.9960001 0.31 1.159 7
-5.448 0.38600001 2.253 42
-5.1560001 0.183 2.2720001 40
-4.8590002 0.0070000002 2.2639999 53
-5.8010001 0.45899999 2.2420001 26
-5.4520001 0.259 2.256 39
-5.1479998 0.066 2.2739999 46
-4.8530002 -0.097999997 2.27 51
-5.816 0.32100001 2.247 35
-5.4499998 0.131 2.257 42
-5.1479998 -0.048999999 2.28 46
-4.8249998 -0.204 2.266 47
-5.823 0.18099999 2.25 35
-5.4549999 0.0040000002 2.263 38
-5.132 -0.16500001 2.28 45
-4.8130002 -0.30899999 2.27 47
-5.8330002 0.039999999 2.256 26
-5.4530001 -0.122 2.267 39
-5.1160002 -0.28099999 2.2809999 49
-4.8049998 -0.41299999 2.277 46
-5.842 -0.098999999 2.2620001 37
-5.4400001 -0.249 2.2679999 41
-5.1110001 -0.396 2.289 44
-5.21 -0.56400001 2.483 38
-5.8299999 -0.23899999 2.2609999 34
-5.454 -0.377 2.2809999 33
-5.5180001 -0.55199999 2.4820001 33
-5.197 -0.67699999 2.4920001 43
-6.3460002 -0.41299999 2.4679999 32
-5.9120002 -0.54699999 2.4820001 40
-5.5440001 -0.68199998 2.507 37
-5.177 -0.78899997 2.497 48
-6.3499999 -0.56800002 2.4779999 31
-5.9089999 -0.68599999 2.4909999 39
-5.52 -0.80500001 2.51 37
-2.721 -0.47499999 1.321 0
-6.335 -0.72100002 2.4820001 31
-5.8870001 -0.824 2.4949999 39
-5.4899998 -0.92699999 2.5109999 36
-2.5899999 -0.51099998 1.267 4
-6.3249998 -0.875 2.4890001 31
-5.868 -0.96100003 2.5009999 39
-2.6819999 -0.51499999 1.235 5
-2.5369999 -0.55800003 1.25 4
-6.2870002 -1.025 2.487 31
-2.7019999 -0.50700003 1.158 5
-2.533 -0.546 1.175 4
-2.54 -0.61699998 1.261 4
-2.7149999 -0.50999999 1.08 5
-2.529 -0.53600001 1.092 5
-2.5380001 -0.60699999 1.186 4
-2.5420001 -0.676 1.273 4
-2.533 -0.53899997 1.0140001 5
-2.533 -0.59899998 1.101 4
-2.54 -0.66799998 1.196 4
-4.9720001 -1.438 2.5120001 42
-2.51 -0.59799999 1.013 5
-2.539 -0.66299999 1.113 5
-5.316 -1.527 2.526 48
-4.9359999 -1.544 2.517 46
-1.924 -0.50800002 0.78200001 18
-1.795 -0.514 0.79400003 14
-1.675 -0.52200001 0.80299997 11
-1.573 -0.52999997 0.81 11
-1.916 -0.55599999 0.78600001 19
-1.7690001 -0.551 0.78899997 21
-1.635 -0.55000001 0.792 27
-1.518 -0.54799998 0.78899997 25
-1.902 -0.602 0.787 19
-1.751 -0.59100002 0.78799999 20
-1.624 -0.58700001 0.79400003 29
-1.5039999 -0.57999998 0.79100001 25
-1.863 -0.63999999 0.77899998 3
-1.742 -0.634 0.79299998 22
-1.608 -0.62199998 0.79500002 26
-1.49 -0.61199999 0.792 24
-1.868 -0.69199997 0.78899997 14
-1.696 -0.662 0.77999997 2
-1.5829999 -0.653 0.79100001 17
-1.476 -0.64300001 0.79400003 26
-1.8430001 -0.73500001 0.78799999 21
-1.705 -0.71100003 0.79299998 18
-1.559 -0.685 0.78799999 3
-1.451 -0.67000002 0.78899997 13
-5.8179998 -2.483 2.517 30
-1.677 -0.74599999 0.79000002 27
-1.556 -0.72600001 0.79699999 21
-1.411 -0.68900001 0.778 2
-5.7649999 -2.6270001 2.527 30
-5.289 -2.5039999 2.5239999 34
-1.533 -0.75700003 0.79500002 23
-1.423 -0.73299998 0.79500002 15
-5.6890001 -2.7620001 2.5280001 31
-5.2259998 -2.6240001 2.5280001 36
-1.506 -0.78600001 0.792 2
-1.406 -0.76200002 0.79500002 21
-5.6079998 -2.892 2.5280001 30
-5.1820002 -2.7550001 2.543 37
-4.7589998 -2.6210001 2.539 35
-1.374 -0.78399998 0.78799999 10
-1.27 -0.69400001 0.58099997 2
-5.1100001 -2.8710001 2.546 37
-4.7210002 -2.7390001 2.556 32
-4.3769999 -2.6229999 2.55 21
0 0 0 0
-1.166 -0.69099998 0.58999997 1
-4.664 -2.8469999 2.5639999 30
-4.3169999 -2.714 2.553 20
0 0 0 0
-1.138 -0.71100003 0.58499998 2
-4.5970001 -2.95 2.569 29
-4.2519999 -2.8010001 2.5539999 20
0 0 0 0
-1.107 -0.727 0.579 0
-1.033 -0.69599998 0.58700001 1
-1.011 -0.69700003 0.61699998 3
0 0 0 0
-4.8239999 -3.336 2.5710001 3
-1.018 -0.71899998 0.588 2
0 0 0 0
-1.001 -0.71700001 0.50099999 1
-1.002 -0.72799999 0.54400003 1
0 0 0 0
0 0 0 0
0 0 0 0
0 0 0 0
0 0 0 0
-0.90799999 -0.71700001 0.58499998 3
0 0 0 0
0 0 0 0
-4.2280002 -3.431 2.5869999 5
0 0 0 0
-4.8520002 -4.0359998 2.5880001 4
-4.473 -3.7520001 2.582 4
-4.1440001 -3.5190001 2.5880001 1
0 0 0 0
-4.7490001 -4.1500001 2.595 4
-4.3829999 -3.8540001 2.5869999 6
0 0 0 0
-3.7650001 -3.3840001 2.5699999 5
-4.6479998 -4.2639999 2.602 4
-4.2789998 -3.9430001 2.586 6
-4.0749998 -3.7839999 2.6570001 0
-3.6819999 -3.454 2.5669999 6
-4.5289998 -4.3610001 2.6010001 3
-4.1929998 -4.0479999 2.596 7
-3.8940001 -3.7809999 2.598 6
-3.612 -3.5369999 2.5739999 2
-4.4180002 -4.4660001 2.6070001 4
-4.092 -4.1370001 2.5969999 6
0 0 0 0
0 0 0 0
-4.2940001 -4.5560002 2.6059999 6
-3.9820001 -4.2189999 2.596 6
0 0 0 0
0 0 0 0
-4.1820002 -4.6560001 2.6129999 5
-3.9119999 -4.3410001 2.6210001 2
-3.6489999 -4.0489998 2.622 10
-3.4189999 -3.8050001 2.615 1
-4.0650001 -4.7509999 2.618 5
0 0 0 0
-3.5369999 -4.105 2.6110001 7
-3.329 -3.8670001 2.6110001 9
-3.954 -4.8559999 2.631 1
0 0 0 0
-3.4690001 -4.211 2.6340001 10
-3.217 -3.902 2.5899999 6
0 0 0 0
-3.5639999 -4.5549998 2.612 8
-3.3559999 -4.263 2.6229999 11
-2.8469999 -3.6070001 2.3570001 12
0 0 0 0
-3.4630001 -4.6430001 2.6229999 8
-2.928 -3.8940001 2.359 1
-2.882 -3.816 2.4549999 11
0 0 0 0
-3.348 -4.7129998 2.6240001 6
-2.891 -4.0289998 2.4059999 12
-2.8870001 -3.997 2.533 16
0 0 0 0
-2.9300001 -4.3340001 2.3800001 10
-2.931 -4.2810001 2.5209999 13
-2.859 -4.1399999 2.5880001 11
0 0 0 0
-2.9560001 -4.599 2.493 10
-2.941 -4.507 2.619 12
-2.7869999 -4.2270002 2.6059999 12
0 0 0 0
0 0 0 0
-2.8610001 -4.6030002 2.6400001 12
-2.711 -4.3080001 2.622 12
0 0 0 0
-0.442 -0.76200002 0.40400001 0
-2.756 -4.6620002 2.6429999 11
-2.6199999 -4.3660002 2.6240001 10
0 0 0 0
-0.42199999 -0.76999998 0.403 0
-2.6470001 -4.7129998 2.642 10
-2.5320001 -4.4299998 2.631 9
0 0 0 0
-0.40200001 -0.773 0.40099999 0
-2.546 -4.7779999 2.6500001 10
-2.4230001 -4.46 2.6199999 6
-2.609 -5.5019999 2.645 5
-0.37799999 -0.77100003 0.396 0
-2.441 -4.836 2.654 9
-2.323 -4.5019999 2.6159999 7
-2.4719999 -5.552 2.6489999 5
-0.359 -0.77700001 0.396 0
-2.3169999 -4.855 2.6400001 6
-2.2379999 -4.573 2.6289999 11
-2.335 -5.605 2.6559999 5
-0.336 -0.77399999 0.391 0
-2.211 -4.9099998 2.6459999 7
-2.132 -4.6020002 2.6210001 5
-2.1949999 -5.6440001 2.658 5
-0.317 -0.778 0.38999999 0
-2.099 -4.9510002 2.645 6
-2.0309999 -4.6430001 2.6199999 6
-2.0480001 -5.664 2.6530001 4
-0.30599999 -0.80400002 0.40099999 0
-1.983 -4.9840002 2.642 4
-1.934 -4.6900001 2.6229999 6
-1.908 -5.6999998 2.658 5
-0.28299999 -0.79900002 0.39500001 0
0 0 0 0
-1.836 -4.737 2.628 6
-1.766 -5.7280002 2.6600001 5
0 0 0 0
0 0 0 0
-1.733 -4.7709999 2.6259999 6
-1.628 -5.7639999 2.668 4
0 0 0 0
-0.25299999 -0.78500003 0.40799999 0
-1.6339999 -4.8169999 2.632 6
-1.485 -5.7849998 2.6700001 4
0 0 0 0
-0.23800001 -0.796 0.41100001 0
-1.531 -4.8509998 2.632 6
-1.342 -5.7950001 2.6689999 4
0 0 0 0
-0.213 -0.77600002 0.39899999 0
-1.428 -4.8889999 2.635 6
-1.202 -5.8179998 2.675 4
0 0 0 0
-0.199 -0.79500002 0.40599999 0
-1.327 -4.9320002 2.642 6
-1.058 -5.8210001 2.675 5
0 0 0 0
-0.18099999 -0.79500002 0.405 0
-1.222 -4.9629998 2.6440001 6
-0.91399997 -5.809 2.668 4
0 0 0 0
-0.16 -0.78600001 0.398 0
-1.1160001 -4.9949999 2.648 5
-0.77700001 -5.8309999 2.6789999 3
0 0 0 0
-0.14399999 -0.79500002 0.40200001 0
-1.007 -5.0079999 2.642 6
0 0 0 0
0 0 0 0
-0.126 -0.79699999 0.40200001 0
-0.90200001 -5.0419998 2.648 6
0 0 0 0
0 0 0 0
-0.107 -0.792 0.398 0
-0.792 -5.052 2.6429999 5
-0.35600001 -5.7989998 2.677 5
0 0 0 0
-0.090000004 -0.792 0.39700001 0
-0.68400002 -5.0760002 2.6470001 6
-0.219 -5.7930002 2.6800001 5
0 0 0 0
-0.071999997 -0.80000001 0.40099999 0
-0.58200002 -5.152 2.678 0
-0.081 -5.7800002 2.6830001 5
0 0 0 0
-0.055 -0.80400002 0.403 0
-0.465 -5.1079998 2.6489999 6
0.052999999 -5.7519999 2.6800001 6
-0.015 -0.81300002 0.39199999 0
-0.037 -0.80500001 0.403 0
-0.35499999 -5.1139998 2.6459999 6
0.18799999 -5.7189999 2.6760001 6
0.0020000001 -0.81999999 0.396 0
-0.018999999 -0.80800003 0.40400001 0
-0.24600001 -5.1479998 2.6589999 6
0.32100001 -5.6900001 2.675 5
0.021 -0.82300001 0.398 0
-0.001 -0.80500001 0.403 0
-0.13500001 -5.1539998 2.658 7
0.454 -5.6750002 2.6830001 4
0.039000001 -0.81 0.39399999 0
0.015 -0.80800003 0.405 0
-0.024 -5.1599998 2.6589999 6
0 0 0 0
0.057999998 -0.80800003 0.39399999 0
0.033 -0.80199999 0.403 0
0.086999997 -5.1630001 2.6589999 7
0 0 0 0
0.077 -0.82200003 0.40200001 0
0.050999999 -0.80699998 0.405 0
0.20100001 -5.1799998 2.6689999 9
0 0 0 0
0.096000001 -0.81699997 0.40200001 0
0.07 -0.815 0.41100001 0
0.31200001 -5.1570001 2.6570001 6
0 0 0 0
0.114 -0.81300002 0.40200001 0
0.089000002 -0.82200003 0.41499999 0
0.42500001 -5.1719999 2.6670001 10
0.161 -0.80699998 0.39500001 0
0.134 -0.81900001 0.40700001 0
0 0 0 0
0.53799999 -5.158 2.664 10
0.182 -0.81599998 0.403 0
0.154 -0.82099998 0.41 0
0 0 0 0
0.648 -5.1339998 2.6559999 7
0.2 -0.80599999 0.40200001 0
0 0 0 0
0.91900003 -5.2010002 2.658 7
0.76099998 -5.1279998 2.658 8
0.22 -0.80500001 0.405 0
0 0 0 0
1.034 -5.1739998 2.658 7
0.875 -5.1279998 2.665 9
0 0 0 0
0.20999999 -0.81 0.414 0
1.155 -5.1789999 2.674 10
0.98900002 -5.1160002 2.6670001 11
0 0 0 0
0 0 0 0
1.271 -5.158 2.678 10
1.103 -5.1069999 2.6719999 10
1.799 -5.1469998 2.6789999 8
0 0 0 0
1.383 -5.1170001 2.674 10
1.209 -5.0599999 2.658 7
1.9170001 -5.1009998 2.688 9
1.697 -5.0939999 2.675 10
1.495 -5.0830002 2.6730001 11
1.329 -5.0689998 2.674 10
2.0139999 -5.006 2.671 6
1.808 -5.0430002 2.675 10
1.608 -5.0489998 2.674 10
1.443 -5.0489998 2.677 10
2.119 -4.9380002 2.6689999 6
1.918 -4.9889998 2.675 11
1.719 -5.0110002 2.675 12
1.556 -5.0229998 2.678 10
2.2279999 -4.8769999 2.674 5
2.023 -4.9289999 2.671 11
1.8279999 -4.9650002 2.6730001 11
1.6569999 -4.9619999 2.661 7
0 0 0 0
2.1300001 -4.8740001 2.6719999 10
1.936 -4.9180002 2.671 12
1.772 -4.9439998 2.6689999 8
0 0 0 0
0 0 0 0
2.0409999 -4.8649998 2.6670001 11
1.89 -4.9250002 2.678 9
0 0 0 0
0.41499999 -0.84299999 0.47400001 0
2.1500001 -4.8200002 2.6689999 11
2.0009999 -4.8909998 2.6789999 10
2.4489999 -4.277 2.493 11
0 0 0 0
0 0 0 0
2.108 -4.8449998 2.6760001 9
2.688 -4.4559999 2.642 3
2.388 -4.3470001 2.5109999 2
0 0 0 0
2.207 -4.7820001 2.664 5
2.7950001 -4.402 2.6570001 4
2.451 -4.2309999 2.4809999 12
0 0 0 0
0 0 0 0
2.882 -4.3200002 2.655 6
2.7090001 -4.4439998 2.645 5
2.408 -4.3189998 2.503 15
0 0 0 0
2.993 -4.2709999 2.6760001 1
2.8039999 -4.375 2.6459999 6
2.493 -4.2449999 2.493 5
0 0 0 0
0 0 0 0
2.895 -4.3000002 2.6440001 5
2.7479999 -4.448 2.648 7
2.4630001 -4.289 2.49 10
0 0 0 0
3.0309999 -4.2909999 2.6849999 0
2.859 -4.4050002 2.6600001 9
2.734 -4.5250001 2.658 7
3.1059999 -3.8499999 2.5650001 4
0 0 0 0
2.964 -4.3509998 2.6670001 9
2.8310001 -4.4590001 2.652 5
3.138 -3.7130001 2.529 6
0 0 0 0
3.0680001 -4.2930002 2.674 1
2.9389999 -4.4089999 2.6570001 6
0.75300002 -0.85100001 0.59299999 1
3.096 -3.8110001 2.523 4
0 0 0 0
3.0650001 -4.381 2.678 9
0.78799999 -0.852 0.60799998 0
3.1429999 -3.6960001 2.497 10
0 0 0 0
3.089 -4.2129998 2.6129999 6
3.152 -3.256 2.381 38
0.75700003 -0.85100001 0.58700001 1
3.1040001 -3.779 2.4790001 1
0 0 0 0
3.1730001 -3.1340001 2.352 52
0.801 -0.86000001 0.60699999 0
3.1270001 -3.638 2.4319999 11
0 0 0 0
3.1730001 -2.997 2.3080001 54
0.81800002 -0.83999997 0.60699999 1
0.78100002 -0.86900002 0.59200001 1
0 0 0 0
3.1889999 -2.881 2.28 60
3.164 -3.108 2.299 5
0.81300002 -0.86500001 0.602 2
0 0 0 0
3.1960001 -2.76 2.247 60
3.175 -2.983 2.2609999 63
0.84600002 -0.86000001 0.611 0
3.1719999 -3.4400001 2.325 7
1.196 -0.98699999 0.82800001 10
3.1860001 -2.8610001 2.227 63
3.1659999 -3.0769999 2.2390001 61
0.83399999 -0.86400002 0.59600002 1
1.223 -0.96399999 0.83399999 15
3.1989999 -2.7460001 2.1960001 61
3.1700001 -2.944 2.1949999 61
0.866 -0.85799998 0.60399997 3
1.233 -0.92799997 0.829 9
1.221 -1.002 0.824 7
3.181 -2.8239999 2.158 59
3.165 -2.997 2.158 4
1.242 -0.89300001 0.824 6
1.249 -0.97899997 0.829 15
3.1900001 -2.707 2.1229999 59
3.1819999 -2.878 2.1210001 65
1.268 -0.86900002 0.83099997 17
1.267 -0.94800001 0.82800001 11
1.262 -1.023 0.824 1
3.1949999 -2.7609999 2.085 65
1.28 -0.83700001 0.829 16
1.268 -0.90499997 0.81699997 3
1.2869999 -0.99599999 0.82599998 12
3.2049999 -2.6459999 2.049 63
1.298 -0.80800003 0.83099997 18
1.299 -0.88499999 0.82499999 11
1.313 -0.97000003 0.82800001 16
3.2190001 -2.536 2.0179999 43
1.306 -0.77399999 0.82800001 15
1.321 -0.85699999 0.82800001 16
1.329 -0.935 0.82499999 6
1.3559999 -1.02 0.83499998 8
1.347 -0.759 0.84500003 10
1.337 -0.82599998 0.82700002 17
1.3430001 -0.90100002 0.81999999 8
1.375 -0.98500001 0.83099997 15
3.283 -1.755 2.0409999 56
1.353 -0.79400003 0.82700002 17
1.372 -0.87699997 0.82599998 16
1.399 -0.95499998 0.83099997 11
3.2880001 -1.666 2.027 62
1.38 -0.76999998 0.83399999 13
1.39 -0.84500003 0.82499999 16
1.401 -0.91000003 0.81900001 2
3.2980001 -1.582 2.017 58
1.432 -0.75700003 0.85600001 3
1.4119999 -0.815 0.82700002 18
1.438 -0.88800001 0.82700002 11
3.3 -1.494 2.003 58
3.2980001 -1.651 1.9529999 65
1.432 -0.78399998 0.829 13
1.462 -0.85699999 0.82800001 14
3.3110001 -1.414 1.995 62
3.2980001 -1.5599999 1.9349999 59
1.4859999 -0.76999998 0.85000002 8
1.4809999 -0.824 0.82800001 15
3.3150001 -1.33 1.985 75
3.3010001 -1.473 1.919 71
3.2980001 -1.615 1.864 62
1.507 -0.79299998 0.82999998 14
3.3139999 -1.247 1.972 73
3.3150001 -1.391 1.9119999 76
3.302 -1.526 1.847 71
1.559 -0.77499998 0.84899998 9
3.3239999 -1.169 1.967 77
3.3139999 -1.3049999 1.896 79
3.3110001 -1.439 1.8329999 71
3.3080001 -1.551 1.778 81
3.326 -1.0880001 1.959 78
3.3150001 -1.222 1.883 82
3.319 -1.355 1.8200001 77
3.3099999 -1.46 1.7589999 81
3.322 -1.008 1.948 66
3.3239999 -1.142 1.876 93
3.322 -1.2690001 1.806 84
3.3139999 -1.372 1.742 86
3.1010001 -0.86799997 1.811 5
3.326 -1.061 1.865 93
3.323 -1.184 1.791 91
3.3210001 -1.285 1.728 96
3.3010001 -0.84799999 1.921 56
3.2950001 -0.97100002 1.8380001 31
3.3310001 -1.102 1.7819999 94
3.325 -1.199 1.7130001 102
3.313 -0.77499998 1.9220001 84
3.1930001 -0.86400002 1.772 9
3.3169999 -1.0140001 1.762 96
3.323 -1.112 1.697 112
3.3239999 -0.70200002 1.923 83
3.316 -0.81900001 1.831 88
3.0869999 -0.86799997 1.6289999 5
3.326 -1.028 1.684 109
3.3269999 -0.62900001 1.921 80
3.322 -0.74299997 1.827 88
3.312 -0.85000002 1.737 80
3.092 -0.87800002 1.554 6
3.339 -0.55699998 1.924 83
3.3199999 -0.66600001 1.8200001 78
3.316 -0.77200001 1.73 80
3.3010001 -0.85500002 1.647 81
3.3429999 -0.484 1.924 79
3.3310001 -0.59200001 1.8200001 77
3.319 -0.69300002 1.723 84
3.316 -0.77700001 1.643 98
3.3469999 -0.41100001 1.925 84
3.332 -0.51599997 1.816 76
3.3329999 -0.61699998 1.723 86
3.3239999 -0.69700003 1.637 94
3.3410001 -0.338 1.92 64
3.3440001 -0.442 1.819 76
3.336 -0.53899997 1.717 91
3.3310001 -0.61799997 1.632 94
3.346 -0.266 1.923 62
3.3499999 -0.36700001 1.819 73
3.3410001 -0.463 1.714 85
3.3410001 -0.53899997 1.63 95
3.3670001 -0.19499999 1.936 79
3.3529999 -0.29300001 1.818 67
3.355 -0.38600001 1.717 85
3.3429999 -0.46000001 1.623 95
3.3699999 -0.123 1.939 77
3.3640001 -0.219 1.823 74
3.3559999 -0.30899999 1.7130001 81
3.345 -0.38100001 1.619 97
3.3800001 -0.050999999 1.947 82
3.3710001 -0.145 1.826 81
3.362 -0.233 1.7130001 81
3.3570001 -0.303 1.619 92
3.381 0.02 1.95 86
3.3699999 -0.07 1.827 72
3.3710001 -0.156 1.716 80
3.355 -0.223 1.615 90
3.391 0.092 1.96 79
3.382 0.0040000002 1.834 71
3.375 -0.079000004 1.717 84
3.362 -0.145 1.615 88
3.3940001 0.16500001 1.967 78
3.395 0.078000002 1.844 96
3.382 -0.0020000001 1.721 79
3.375 -0.066 1.62 87
3.401 0.237 1.976 78
3.4000001 0.154 1.849 90
3.3940001 0.075000003 1.728 77
3.3800001 0.013 1.622 97
3.402 0.31 1.983 76
3.404 0.23 1.855 88
3.391 0.152 1.728 81
3.3889999 0.092 1.626 96
3.4130001 0.384 1.9960001 81
3.408 0.30599999 1.863 91
3.3989999 0.23 1.735 75
3.398 0.17299999 1.631 90
3.4159999 0.458 2.0050001 79
3.411 0.382 1.87 87
3.4089999 0.31 1.743 80
3.3989999 0.25299999 1.633 91
3.424 0.53399998 2.0190001 80
3.4219999 0.46000001 1.882 83
3.4119999 0.389 1.749 79
3.4070001 0.33500001 1.64 97
3.4319999 0.60900003 2.033 97
3.4219999 0.537 1.89 91
3.4130001 0.46799999 1.755 78
3.415 0.417 1.648 88
3.4300001 0.685 2.043 85
3.424 0.61500001 1.899 85
3.431 0.55199999 1.771 87
3.418 0.5 1.654 96
3.4360001 0.76200002 2.0580001 91
3.4360001 0.69599998 1.916 90
3.4419999 0.63499999 1.785 86
3.428 0.58499998 1.665 105
3.444 0.83999997 2.075 82
3.4419999 0.77700001 1.9299999 78
3.4400001 0.71600002 1.7920001 86
3.4349999 0.67000002 1.676 105
3.4460001 0.91900003 2.0899999 69
3.444 0.85799998 1.942 76
3.4519999 0.80199999 1.809 86
3.438 0.755 1.686 103
3.4489999 0.99800003 2.1059999 71
3.4519999 0.94099998 1.959 94
3.4530001 0.88599998 1.8200001 89
3.447 0.84399998 1.7 101
3.4590001 1.08 2.128 67
3.457 1.025 1.976 77
3.457 0.972 1.834 78
3.457 0.93400002 1.715 103
3.4660001 1.163 2.148 71
3.4649999 1.1109999 1.9960001 79
3.4649999 1.062 1.852 76
3.461 1.023 1.729 113
3.47 1.247 2.1689999 65
3.474 1.199 2.017 86
3.4719999 1.152 1.87 83
3.4630001 1.114 1.744 92
3.4779999 1.3329999 2.1919999 64
3.4749999 1.286 2.0350001 83
3.4790001 1.243 1.8890001 77
3.474 1.21 1.7640001 95
3.4860001 1.421 2.217 66
3.483 1.378 2.0580001 81
3.4879999 1.339 1.9119999 76
3.4779999 1.3049999 1.7819999 94
3.5 1.5140001 2.247 71
3.49 1.47 2.082 71
3.5009999 1.437 1.937 79
3.484 1.403 1.802 82
3.5020001 1.603 2.2709999 65
3.4960001 1.5650001 2.1070001 65
3.4979999 1.531 1.956 67
3.4979999 1.506 1.8279999 105
3.5 1.693 2.2939999 44
3.5050001 1.6619999 2.135 71
3.51 1.633 1.984 69
3.5039999 1.608 1.851 82
1.937 0.98699999 1.283 3
1.939 0.97299999 1.194 3
1.957 0.96600002 1.119 3
1.951 0.95300001 1.043 3
1.944 1.043 1.303 3
1.951 1.033 1.217 3
1.954 1.021 1.131 3
1.962 1.017 1.063 3
1.946 1.098 1.3200001 2
1.939 1.0829999 1.224 3
1.967 1.087 1.154 3
1.959 1.076 1.076 3
1.943 1.151 1.335 3
1.942 1.141 1.242 3
1.957 1.141 1.164 3
1.965 1.141 1.094 3
1.952 1.212 1.358 2
1.946 1.202 1.263 3
1.96 1.204 1.182 3
1.962 1.2029999 1.11 3
1.954 1.272 1.378 0
1.955 1.268 1.2869999 2
1.9579999 1.265 1.199 2
1.9680001 1.272 1.13 3
1.949 1.327 1.3940001 0
1.961 1.335 1.3099999 2
1.966 1.337 1.224 2
1.98 1.348 1.1569999 2
1.952 1.391 1.4170001 0
1.967 1.404 1.335 2
1.974 1.41 1.25 3
1.98 1.419 1.177 2
1.957 1.457 1.443 0
1.969 1.472 1.359 2
1.969 1.476 1.2690001 2
1.973 1.4859999 1.1950001 1
1.961 1.526 1.47 0
1.971 1.543 1.3839999 0
1.973 1.552 1.296 0
1.977 1.566 1.222 1
1.962 1.595 1.4960001 0
1.964 1.608 1.405 0
1.973 1.627 1.321 0
1.978 1.645 1.248 0
2.9200001 2.477 2.2639999 26
1.972 1.6900001 1.438 0
1.972 1.705 1.347 0
1.987 1.734 1.281 0
2.8770001 2.5450001 2.2709999 56
1.979 1.772 1.471 0
1.992 1.803 1.39 0
1.992 1.824 1.313 0
2.8239999 2.6070001 2.2720001 60
1.979 1.853 1.502 0
1.989 1.886 1.419 0
2.0280001 1.949 1.369 0
2.767 2.665 2.27 61
2.9059999 2.8440001 2.2539999 57
1.994 1.9809999 1.457 0
0 0 0 0
2.6989999 2.711 2.26 60
2.845 2.9100001 2.256 59
2.974 3.096 2.2279999 1
0 0 0 0
2.6429999 2.7709999 2.263 62
2.767 2.961 2.2479999 59
2.9130001 3.177 2.2390001 58
0 0 0 0
2.579 2.8210001 2.2579999 60
2.6989999 3.0190001 2.247 59
2.8369999 3.2409999 2.24 61
2.9590001 3.451 2.2279999 3
2.5150001 2.872 2.2550001 59
2.632 3.0769999 2.247 59
2.756 3.2980001 2.237 61
2.8789999 3.523 2.233 51
2.4560001 2.925 2.2539999 60
2.5599999 3.131 2.2449999 58
2.6689999 3.349 2.2309999 61
2.7880001 3.585 2.233 53
2.3929999 2.9760001 2.2520001 60
2.4809999 3.177 2.2390001 54
2.589 3.4070001 2.2320001 61
2.6930001 3.6400001 2.2309999 53
2.322 3.017 2.244 60
2.4130001 3.2349999 2.2420001 58
2.5009999 3.4560001 2.227 58
2.599 3.6949999 2.23 53
2.26 3.0699999 2.247 59
2.332 3.2780001 2.2360001 59
2.414 3.506 2.2249999 58
2.4979999 3.743 2.2260001 51
2.1930001 3.115 2.244 59
2.2539999 3.322 2.2320001 57
2.3299999 3.5580001 2.227 59
2.405 3.7980001 2.2279999 51
2.1240001 3.1589999 2.2420001 60
2.181 3.3740001 2.234 58
2.2409999 3.6010001 2.223 59
2.302 3.8340001 2.221 50
2.0569999 3.2030001 2.2390001 58
2.1010001 3.4119999 2.2290001 58
2.152 3.641 2.2190001 59
2.204 3.8789999 2.22 51
1.985 3.24 2.234 59
2.02 3.45 2.224 58
2.0639999 3.687 2.22 58
2.1070001 3.924 2.221 52
1.916 3.2820001 2.233 48
1.946 3.5 2.2290001 57
1.974 3.7260001 2.2179999 59
2.0020001 3.9560001 2.2160001 50
1.847 3.325 2.233 59
1.864 3.536 2.2260001 57
1.881 3.7620001 2.2160001 57
1.902 3.997 2.2179999 51
1.775 3.3640001 2.2320001 59
1.78 3.5710001 2.223 57
1.7920001 3.802 2.2179999 57
1.798 4.026 2.2149999 50
1.699 3.395 2.2260001 58
1.702 3.6129999 2.2260001 57
1.699 3.832 2.2149999 54
1.694 4.0489998 2.21 50
1.6289999 3.437 2.2279999 58
1.618 3.6400001 2.22 56
1.609 3.8670001 2.2149999 54
1.5930001 4.0799999 2.21 48
1.558 3.474 2.2279999 59
1.536 3.675 2.221 56
1.516 3.895 2.214 54
1.492 4.1079998 2.211 46
1.48 3.4990001 2.221 58
1.454 3.71 2.2219999 55
1.423 3.9260001 2.2160001 56
1.3839999 4.1170001 2.2030001 34
1.4069999 3.5380001 2.224 58
1.369 3.7360001 2.2190001 55
1.327 3.944 2.211 53
1.283 4.1420002 2.2049999 44
1.331 3.5710001 2.2249999 51
1.281 3.756 2.2149999 55
1.229 3.957 2.2060001 55
1.177 4.158 2.204 44
1.253 3.596 2.221 59
1.196 3.7809999 2.214 55
1.135 3.9790001 2.2060001 54
1.073 4.1690001 2.2019999 45
1.174 3.6199999 2.217 56
1.11 3.8039999 2.2130001 55
1.039 3.993 2.2030001 54
0.972 4.1849999 2.2030001 46
1.098 3.6459999 2.2160001 58
1.024 3.822 2.21 55
0.94599998 4.0100002 2.2030001 55
0.86799997 4.1919999 2.201 45
1.018 3.668 2.2130001 57
0.94 3.849 2.2130001 56
0.85100001 4.0209999 2.201 53
0.76300001 4.1900001 2.1960001 46
0.94099998 3.697 2.2160001 57
0.85000002 3.858 2.2079999 55
0.75599998 4.0310001 2.2 44
0.66100001 4.2020001 2.2 47
0.861 3.7179999 2.2149999 57
0.76200002 3.8670001 2.2030001 50
0.65899998 4.039 2.2 55
0.55599999 4.1950002 2.1949999 48
0.77899998 3.7309999 2.21 56
0.67500001 3.8870001 2.207 54
0.56400001 4.046 2.2 55
0.454 4.1869998 2.191 52
0.69800001 3.7490001 2.2090001 56
0.58700001 3.8970001 2.2049999 54
0.46799999 4.046 2.197 55
0.35299999 4.191 2.1949999 48
0.616 3.7620001 2.2060001 55
0.498 3.891 2.1949999 54
0.375 4.0430002 2.1930001 55
0.252 4.1789999 2.191 54
0.53600001 3.776 2.204 55
0.412 3.9130001 2.2030001 54
0.28 4.0450001 2.194 56
0.15099999 4.1589999 2.1849999 48
0.45300001 3.79 2.2030001 55
0.32300001 3.9119999 2.198 55
0.185 4.0349998 2.1900001 53
0.052000001 4.158 2.1900001 55
0.37099999 3.8010001 2.2019999 56
0.235 3.914 2.1960001 55
0.090999998 4.033 2.191 55
-0.046999998 4.1339998 2.1849999 54
0.28799999 3.806 2.198 57
0.145 3.9170001 2.197 54
-0.003 4.0180001 2.188 55
-0.146 4.1110001 2.1819999 56
0.20299999 3.8199999 2.201 58
0.057 3.9130001 2.1949999 54
-0.096000001 4.0079999 2.187 54
-0.244 4.0900002 2.1800001 14
0.12 3.8269999 2.201 58
-0.029999999 3.9030001 2.1900001 54
-0.18799999 3.9949999 2.1860001 54
0 0 0 0
0.037 3.822 2.194 58
-0.117 3.908 2.194 54
-0.278 3.974 2.1800001 9
-0.43399999 4.0479999 2.1800001 2
-0.046 3.835 2.1989999 59
-0.205 3.8970001 2.1900001 54
0 0 0 0
0 0 0 0
-0.13 3.826 2.1919999 59
0 0 0 0
-0.075000003 0.64700001 0.35800001 0
-0.62300003 4.006 2.1860001 2
-0.214 3.8210001 2.1889999 57
-0.059999999 0.62199998 0.35100001 0
-0.085000001 0.60699999 0.33700001 0
-0.71399999 3.96 2.177 57
0 0 0 0
-0.072999999 0.60900003 0.345 0
-0.64099997 3.8959999 2.1800001 4
-0.80699998 3.9330001 2.181 61
0 0 0 0
-0.088 0.61299998 0.34799999 0
-0.72899997 3.8710001 2.1789999 54
-0.89499998 3.891 2.1760001 47
-0.078000002 0.63800001 0.36700001 0
-0.64200002 3.846 2.1930001 5
-0.81599998 3.845 2.178 54
0 0 0 0
-0.55199999 3.793 2.1830001 6
-0.72399998 3.8080001 2.1819999 55
-0.90399998 3.8199999 2.1800001 45
-0.156 0.55900002 0.31799999 11
-0.63700002 3.7920001 2.188 60
-0.81 3.7869999 2.181 54
-0.147 0.56599998 0.32499999 10
0 0 0 0
-0.72000003 3.7709999 2.181 60
0 0 0 0
-0.161 0.565 0.32800001 10
-0.185 0.55900002 0.32600001 11
-0.80599999 3.7609999 2.184 59
-0.145 0.55500001 0.32300001 10
0 0 0 0
0 0 0 0
-0.889 3.7390001 2.1789999 33
-0.15700001 0.551 0.32300001 10
-0.19 0.56300002 0.333 9
-1.406 3.6440001 2.175 6
0 0 0 0
0 0 0 0
0 0 0 0
-1.482 3.5880001 2.1689999 9
-0.161 0.56400001 0.331 11
-0.186 0.55599999 0.331 9
-0.21600001 0.55500001 0.33500001 0
-1.568 3.553 2.1789999 59
0 0 0 0
0 0 0 0
-1.488 3.575 2.1830001 8
-1.645 3.5039999 2.1789999 58
-0.185 0.55400002 0.329 11
-0.211 0.546 0.331 0
-1.563 3.5239999 2.178 52
-1.719 3.45 2.1789999 60
0 0 0 0
-1.471 3.5569999 2.177 7
-1.638 3.474 2.175 51
-1.794 3.398 2.1789999 60
0 0 0 0
-1.551 3.523 2.1789999 53
-1.717 3.4330001 2.1789999 52
-1.868 3.345 2.181 58
-1.466 3.5639999 2.1689999 8
-1.633 3.4890001 2.1819999 54
-1.79 3.3829999 2.177 52
-1.938 3.2869999 2.181 58
-1.551 3.543 2.174 59
-1.7079999 3.4449999 2.1789999 53
-1.863 3.332 2.177 52
0 0 0 0
-1.6339999 3.513 2.1760001 58
-1.7819999 3.3970001 2.175 53
-1.936 3.2820001 2.178 52
-0.35800001 0.54799998 0.377 11
-1.7130001 3.4760001 2.174 61
-1.859 3.3559999 2.177 54
-2.01 3.2349999 2.1819999 51
-0.37900001 0.551 0.38600001 13
-1.794 3.4419999 2.1760001 61
-1.934 3.3099999 2.177 54
0 0 0 0
-0.40000001 0.55299997 0.396 14
-1.875 3.408 2.178 61
-2.0079999 3.2639999 2.177 53
-0.37900001 0.55199999 0.38600001 12
-0.41999999 0.55299997 0.405 10
-1.95 3.3610001 2.175 60
0 0 0 0
-0.398 0.55199999 0.39300001 12
-0.44600001 0.55900002 0.41800001 9
-2.033 3.326 2.1800001 61
-0.37400001 0.55000001 0.37799999 12
-0.41600001 0.54900002 0.39899999 9
-0.472 0.565 0.43200001 5
-2.1070001 3.279 2.178 60
-0.39300001 0.551 0.38600001 13
-0.44100001 0.55599999 0.41100001 7
-2.4519999 2.7980001 2.1919999 6
0 0 0 0
-0.41600001 0.55599999 0.396 12
-0.465 0.55800003 0.42199999 5
-2.5079999 2.7320001 2.1930001 57
-0.39300001 0.55400002 0.37799999 14
-0.43799999 0.55800003 0.405 7
-2.4749999 2.8380001 2.194 5
-2.5639999 2.665 2.1960001 57
-0.41299999 0.55500001 0.38600001 14
-0.46599999 0.56699997 0.419 4
-2.533 2.773 2.1930001 51
-2.6159999 2.5969999 2.1960001 57
-0.433 0.55500001 0.39199999 13
-2.506 2.9059999 2.1919999 4
-2.592 2.7090001 2.1949999 51
-2.6670001 2.5280001 2.198 55
-0.46000001 0.56300002 0.405 10
-2.5699999 2.846 2.1930001 54
-2.6470001 2.642 2.194 50
-2.717 2.4579999 2.2 55
-2.5469999 2.9719999 2.177 6
-2.6289999 2.78 2.1900001 53
-2.704 2.5780001 2.197 51
-2.7679999 2.391 2.2049999 55
-2.6210001 2.921 2.181 59
-2.691 2.7190001 2.1919999 53
-2.7590001 2.5120001 2.2 51
-2.8110001 2.3169999 2.2030001 54
-2.6949999 2.8670001 2.1860001 58
-2.7539999 2.6570001 2.194 54
-2.812 2.4449999 2.2030001 50
-2.855 2.2460001 2.2049999 55
-2.7639999 2.8069999 2.187 57
-2.8150001 2.5940001 2.197 53
-2.8659999 2.3789999 2.207 51
-2.895 2.171 2.2060001 55
-2.829 2.7449999 2.187 58
-2.8740001 2.529 2.1989999 53
-2.915 2.309 2.2090001 52
-2.9360001 2.098 2.2079999 55
-2.8989999 2.684 2.1919999 60
-2.9330001 2.464 2.2019999 53
-2.9560001 2.233 2.2060001 51
-2.973 2.0239999 2.2079999 54
-2.96 2.6170001 2.191 57
-2.9849999 2.3929999 2.2019999 52
-3.0039999 2.1630001 2.2090001 51
-3.013 1.952 2.2130001 52
-3.023 2.55 2.1919999 60
-3.04 2.3239999 2.2049999 53
-3.0480001 2.0910001 2.211 51
-3.0409999 1.873 2.2090001 54
-3.0869999 2.484 2.1949999 59
-3.089 2.2509999 2.2049999 54
-3.0829999 2.0120001 2.2079999 50
-3.0739999 1.798 2.211 54
-3.1470001 2.414 2.197 59
-3.135 2.1760001 2.204 53
-3.1259999 1.9400001 2.2119999 51
-3.109 1.725 2.2160001 53
-3.2030001 2.3410001 2.197 60
-3.1849999 2.1040001 2.207 54
-3.165 1.8660001 2.214 50
-3.135 1.647 2.2149999 54
-3.2590001 2.2679999 2.198 60
-3.2320001 2.029 2.2079999 54
-3.1960001 1.7869999 2.2119999 50
-3.164 1.572 2.2179999 53
-3.3110001 2.191 2.198 59
-3.2720001 1.951 2.207 53
-3.234 1.7130001 2.2160001 50
-3.188 1.495 2.2179999 53
-3.3640001 2.1140001 2.1989999 61
-3.3180001 1.876 2.211 54
-3.2679999 1.637 2.2190001 51
-3.211 1.418 2.22 57
-3.4189999 2.039 2.2030001 61
-3.362 1.8 2.214 53
-3.2939999 1.557 2.217 50
-3.237 1.3430001 2.223 52
-3.464 1.9579999 2.2019999 60
-3.398 1.72 2.214 53
-3.329 1.4809999 2.223 53
-3.2590001 1.267 2.2260001 51
-3.5039999 1.873 2.1989999 58
-3.4360001 1.641 2.2160001 54
-3.3599999 1.405 2.227 56
-3.2750001 1.1900001 2.2260001 52
-3.559 1.7970001 2.2060001 59
-3.4760001 1.562 2.221 54
-3.3800001 1.324 2.2249999 52
-3.29 1.112 2.227 52
-3.5940001 1.71 2.2030001 57
-3.5050001 1.479 2.22 54
-3.4130001 1.248 2.233 50
-3.3039999 1.035 2.2279999 59
-3.6429999 1.6289999 2.2090001 58
-3.5409999 1.399 2.224 54
-3.434 1.168 2.234 56
-3.319 0.958 2.2290001 57
-3.6849999 1.545 2.2119999 60
-3.576 1.318 2.23 53
-3.448 1.086 2.2320001 53
-3.332 0.88099998 2.2320001 56
-3.7249999 1.46 2.2149999 60
-3.598 1.232 2.227 54
-3.4719999 1.008 2.237 58
-3.3410001 0.80500001 2.233 58
-3.7579999 1.3710001 2.2160001 61
-3.6229999 1.148 2.2290001 54
-3.4860001 0.92699999 2.2379999 52
-3.3499999 0.72899997 2.2360001 54
-3.7920001 1.283 2.2190001 61
-3.6459999 1.064 2.23 54
-3.5009999 0.84600002 2.24 55
-3.362 0.653 2.24 57
-3.8239999 1.1950001 2.221 63
-3.6659999 0.97799999 2.2320001 57
-3.5179999 0.76700002 2.244 57
-3.3529999 0.574 2.233 79
-3.8499999 1.103 2.221 63
-3.6900001 0.89399999 2.2360001 54
-3.5239999 0.685 2.243 50
-3.3570001 0.49900001 2.234 80
-3.882 1.013 2.2260001 63
-3.7030001 0.80699998 2.2349999 55
-3.527 0.60299999 2.2409999 69
-3.378 0.426 2.2479999 59
-3.905 0.921 2.2279999 64
-3.721 0.72000003 2.2390001 53
-3.5339999 0.52200001 2.2420001 61
-3.3800001 0.34999999 2.2509999 62
-3.9230001 0.82800001 2.227 64
-3.74 0.63499999 2.244 56
-3.55 0.44299999 2.2509999 58
-3.3699999 0.27399999 2.2460001 56
-3.948 0.736 2.233 62
-3.7520001 0.54799998 2.2460001 55
-3.546 0.361 2.2479999 57
-3.372 0.2 2.2509999 56
-3.9660001 0.64200002 2.2349999 63
-3.76 0.46000001 2.247 58
-3.5599999 0.28200001 2.257 51
-3.3699999 0.125 2.2539999 60
-3.9820001 0.54799998 2.2379999 64
-3.7709999 0.373 2.2509999 55
-3.562 0.20200001 2.26 52
-3.3670001 0.050999999 2.257 53
-4.0009999 0.454 2.244 63
-3.7780001 0.28600001 2.2539999 55
-3.556 0.121 2.2590001 57
-3.365 -0.021 2.263 52
-4.0089998 0.35800001 2.244 61
-3.78 0.198 2.2550001 54
-3.5550001 0.041000001 2.2620001 57
-3.358 -0.094999999 2.266 58
-4.0149999 0.26300001 2.2460001 62
-3.786 0.11 2.2609999 54
-3.553 -0.037999999 2.266 56
-3.3510001 -0.168 2.2690001 59
-4.0310001 0.167 2.2539999 60
-3.7869999 0.023 2.2639999 55
-3.5480001 -0.118 2.2690001 55
-3.3440001 -0.241 2.273 54
-4.0339999 0.071000002 2.257 62
-3.7880001 -0.064000003 2.2679999 58
-3.5420001 -0.197 2.2720001 56
-3.3340001 -0.31400001 2.277 57
-4.0320001 -0.024 2.2579999 60
-3.7850001 -0.152 2.2720001 54
-3.543 -0.27700001 2.2809999 54
-3.3139999 -0.384 2.2739999 56
-4.0380001 -0.121 2.2639999 59
-3.7850001 -0.23999999 2.2780001 55
-3.5309999 -0.35600001 2.283 50
-3.312 -0.45699999 2.2850001 53
-4.033 -0.21799999 2.267 60
-3.776 -0.32699999 2.28 53
-3.527 -0.43599999 2.2909999 49
-3.3080001 -0.52999997 2.296 36
-4.0289998 -0.31400001 2.2709999 58
-3.7260001 -0.41 2.2590001 61
-3.52 -0.51499999 2.2980001 49
-2.6140001 -0.477 1.826 1
-4.0250001 -0.41100001 2.277 59
-3.908 -0.52200001 2.3800001 55
-2.73 -0.46200001 1.7920001 3
-2.5569999 -0.52399999 1.7970001 4
-4.402 -0.55699998 2.5 56
-4.0640001 -0.639 2.4879999 49
-2.55 -0.491 1.6849999 4
-2.5550001 -0.58099997 1.809 3
-4.382 -0.66100001 2.5009999 51
-2.671 -0.484 1.645 3
-2.55 -0.55000001 1.696 4
-2.566 -0.64300001 1.831 3
-2.7279999 -0.47799999 1.5650001 4
-2.5480001 -0.523 1.5779999 4
-2.552 -0.61000001 1.709 4
-3.5079999 -0.95899999 2.5220001 59
-2.552 -0.51099998 1.473 4
-2.546 -0.58399999 1.5880001 4
-3.7320001 -0.98199999 2.5190001 36
-3.4809999 -1.033 2.5239999 59
-2.5539999 -0.57599998 1.484 4
-2.559 -0.64999998 1.608 4
-3.717 -1.067 2.529 57
-3.4560001 -1.107 2.5280001 59
-2.563 -0.64300001 1.5 4
-3.997 -1.115 2.5320001 62
-3.688 -1.148 2.53 56
-3.4260001 -1.179 2.53 58
-4.2639999 -1.179 2.516 56
-3.918 -1.191 2.503 63
-3.658 -1.229 2.5339999 58
-3.401 -1.252 2.5350001 48
-4.2290001 -1.28 2.5179999 53
-3.904 -1.286 2.516 55
-3.6240001 -1.308 2.5350001 57
-3.3659999 -1.322 2.5350001 19
-4.1989999 -1.382 2.523 56
-3.895 -1.3839999 2.536 61
-3.5869999 -1.385 2.5339999 58
-3.339 -1.3940001 2.5409999 58
-4.1630001 -1.482 2.527 55
-3.8529999 -1.471 2.5339999 61
-3.5599999 -1.467 2.543 57
-3.3099999 -1.466 2.5469999 58
-4.1170001 -1.579 2.527 55
-3.816 -1.559 2.5369999 61
-3.5239999 -1.545 2.5450001 57
-3.2639999 -1.53 2.5409999 52
-1.3200001 -0.542 0.81900001 13
-3.77 -1.6440001 2.5369999 60
-3.4860001 -1.6210001 2.5480001 57
-3.2260001 -1.597 2.5420001 48
-1.257 -0.55299997 0.79000002 21
-1.189 -0.551 0.81 13
-1.123 -0.55299997 0.83099997 1
-3.175 -1.656 2.533 42
-1.234 -0.57800001 0.78600001 25
-1.151 -0.56599998 0.79400003 21
-1.082 -0.56300002 0.81099999 13
-1.005 -0.55199999 0.81199998 1
-1.226 -0.611 0.79100001 21
-1.133 -0.59100002 0.79299998 5
-1.051 -0.57599998 0.79799998 3
-0.99699998 -0.57499999 0.81699997 11
-1.211 -0.63999999 0.79299998 18
-1.1210001 -0.61799997 0.796 18
-1.035 -0.59799999 0.79799998 21
-0.95200002 -0.57599998 0.79100001 2
-1.194 -0.66900003 0.79400003 17
-1.109 -0.64499998 0.79900002 3
-1.022 -0.62099999 0.80000001 1
-0.94199997 -0.59799999 0.79500002 17
-1.165 -0.69 0.787 3
-1.073 -0.65799999 0.78500003 6
-1.003 -0.63999999 0.79699999 12
-0.92000002 -0.61199999 0.78799999 2
-1.0549999 -0.66000003 0.72500002 2
-1.026 -0.662 0.76300001 2
-0.98900002 -0.66299999 0.79799998 1
-0.917 -0.63800001 0.79799998 16
-1.038 -0.685 0.72600001 2
-0.99699998 -0.676 0.75400001 1
-0.97500002 -0.68599999 0.801 12
-0.89600003 -0.65200001 0.792 2
-1.018 -0.70700002 0.72600001 1
-1.028 -0.73299998 0.792 2
-0.95099998 -0.69999999 0.79500002 1
-0.889 -0.676 0.79900002 16
-1.0930001 -0.79900002 0.79500002 9
-1.018 -0.76200002 0.80000001 11
-0.93199998 -0.71899998 0.79299998 2
-0.86900002 -0.69 0.79500002 3
-3.441 -2.6459999 2.5539999 24
-1.003 -0.78799999 0.80400002 15
-0.917 -0.74000001 0.796 3
-0.85399997 -0.708 0.796 15
-3.3770001 -2.7279999 2.5610001 29
-0.97399998 -0.80299997 0.79699999 16
-0.90899998 -0.76700002 0.80400002 3
-0.83499998 -0.72299999 0.79400003 0
-3.3050001 -2.8039999 2.563 36
-0.94999999 -0.81999999 0.79400003 0
-0.88700002 -0.78299999 0.801 24
-0.79900002 -0.722 0.77399999 3
-3.221 -2.8710001 2.5580001 41
-2.809 -2.5409999 2.4000001 51
-0.87599999 -0.80800003 0.80800003 7
-0.80400002 -0.75800002 0.79500002 1
-2.858 -2.6730001 2.3269999 42
-2.822 -2.675 2.47 57
-0.85100001 -0.82099998 0.80299997 5
-0.79299998 -0.77999997 0.801 27
-2.8110001 -2.7590001 2.348 47
-2.7909999 -2.77 2.503 60
-0.82700002 -0.833 0.79799998 0
-0.77899998 -0.79900002 0.80400002 5
-2.842 -2.928 2.4389999 45
-2.78 -2.8889999 2.5569999 60
-2.572 -2.7090001 2.543 55
-0.75800002 -0.81099999 0.801 7
0 0 0 0
-2.7260001 -2.967 2.5739999 60
-2.527 -2.7820001 2.563 57
-0.74199998 -0.82800001 0.80299997 7
-0.653 -0.741 0.59399998 0
-2.6530001 -3.026 2.5769999 60
-2.4779999 -2.852 2.579 55
-0.71499997 -0.833 0.79299998 2
-0.62300003 -0.74299997 0.58399999 0
-2.5810001 -3.0840001 2.5799999 59
-2.415 -2.9070001 2.5829999 57
-0.68199998 -0.829 0.77600002 1
0 0 0 0
0 0 0 0
-2.3469999 -2.9549999 2.5829999 55
-2.2030001 -2.7950001 2.575 57
0 0 0 0
-0.56199998 -0.73799998 0.597 0
-2.2869999 -3.013 2.592 56
-2.1429999 -2.8380001 2.5739999 56
-2.5 -3.4590001 2.596 11
-0.53500003 -0.73799998 0.588 0
-2.2130001 -3.053 2.5869999 55
-2.082 -2.882 2.575 56
-2.408 -3.507 2.595 13
-0.514 -0.74400002 0.58499998 0
-2.1400001 -3.0929999 2.5829999 55
-2.0239999 -2.9300001 2.5799999 56
-2.3210001 -3.559 2.5999999 12
-0.49700001 -0.75599998 0.58600003 0
-2.0739999 -3.1429999 2.589 54
-1.96 -2.9679999 2.5769999 54
-2.223 -3.596 2.5940001 11
-0.47799999 -0.76499999 0.58600003 0
0 0 0 0
-1.899 -3.0109999 2.5810001 55
-2.1170001 -3.6159999 2.579 3
-0.46000001 -0.77600002 0.58700001 0
-0.44999999 -0.75300002 0.60399997 0
-1.8380001 -3.0550001 2.585 57
0 0 0 0
0 0 0 0
-0.428 -0.75199997 0.597 0
-1.774 -3.0940001 2.5869999 57
0 0 0 0
0 0 0 0
-0.40900001 -0.75700003 0.59399998 0
-1.707 -3.128 2.5840001 54
0 0 0 0
-1.794 -3.5639999 2.612 2
-0.391 -0.76300001 0.59299999 0
-1.642 -3.165 2.586 51
0 0 0 0
-1.698 -3.576 2.598 11
-0.37200001 -0.76800001 0.59100002 0
-1.58 -3.2079999 2.5929999 46
0 0 0 0
-1.613 -3.609 2.599 9
-0.352 -0.76999998 0.58700001 0
0 0 0 0
0 0 0 0
0 0 0 0
-0.33399999 -0.77499998 0.58499998 0
-0.333 -0.75599998 0.59899998 0
0 0 0 0
0 0 0 0
0 0 0 0
-0.31600001 -0.75999999 0.597 0
-1.378 -3.924 2.6259999 1
0 0 0 0
0 0 0 0
-0.29899999 -0.764 0.59500003 0
-1.278 -3.9400001 2.6240001 3
-1.267 -3.7160001 2.602 0
-1.262 -3.549 2.618 9
-0.28299999 -0.76899999 0.59299999 0
-1.182 -3.9619999 2.628 7
-0.89899999 -2.8499999 1.985 0
-1.184 -3.573 2.618 9
-0.264 -0.76800001 0.58899999 0
-1.081 -3.967 2.622 8
-0.82499999 -2.8399999 1.9680001 0
0 0 0 0
-0.248 -0.77399999 0.588 0
-0.98400003 -3.983 2.6259999 9
-0.75599998 -2.8440001 1.9630001 0
0 0 0 0
-0.235 -0.79100001 0.597 0
-0.88499999 -3.9920001 2.6259999 9
-0.68800002 -2.848 1.9579999 0
0 0 0 0
-0.21699999 -0.78799999 0.59200001 0
-0.78600001 -3.9909999 2.6199999 9
-0.62300003 -2.8640001 1.962 1
0 0 0 0
-0.2 -0.79299998 0.59100002 0
-0.69 -4 2.6240001 10
-0.55299997 -2.8610001 1.955 1
-0.78299999 -3.6700001 2.619 1
-0.184 -0.80000001 0.59399998 0
0 0 0 0
-0.48699999 -2.8670001 1.955 1
-0.70099998 -3.681 2.6159999 12
0 0 0 0
-0.366 -2.9560001 1.939 0
-0.42300001 -2.8859999 1.964 4
-0.62 -3.6949999 2.618 12
0 0 0 0
-0.29699999 -2.9749999 1.952 0
-0.35499999 -2.881 1.959 5
-0.54000002 -3.707 2.619 9
0 0 0 0
-0.22499999 -2.9579999 1.944 93
-0.28999999 -2.8929999 1.966 7
-0.458 -3.723 2.6240001 11
0 0 0 0
-0.155 -2.9749999 1.959 9
-0.223 -2.888 1.9630001 15
-0.37599999 -3.7290001 2.6229999 12
0 0 0 0
-0.083999999 -2.9590001 1.954 8
-0.15800001 -2.905 1.975 6
-0.294 -3.733 2.622 12
0 0 0 0
-0.014 -2.973 1.9680001 6
-0.090999998 -2.8940001 1.97 5
-0.213 -3.74 2.6240001 12
-0.285 -3.6429999 2.628 10
0.055 -2.9630001 1.969 7
-0.025 -2.9000001 1.976 1
-0.13 -3.7409999 2.6240001 12
-0.208 -3.6459999 2.6240001 11
0.124 -2.95 1.969 1
0.039999999 -2.8959999 1.978 0
-0.048 -3.7449999 2.6259999 12
-0.13 -3.6500001 2.622 11
0.193 -2.928 1.9630001 0
0.106 -2.9070001 1.9910001 0
0.033 -3.75 2.6300001 12
0 0 0 0
0.26100001 -2.915 1.965 0
0.226 -3.8150001 2.6199999 11
0.115 -3.7479999 2.631 12
0 0 0 0
0 0 0 0
0.31200001 -3.8069999 2.6240001 12
0.197 -3.747 2.6340001 12
0 0 0 0
0 0 0 0
0.39899999 -3.7950001 2.6259999 12
0.27900001 -3.737 2.631 11
0 0 0 0
0.61799997 -3.8369999 2.6370001 12
0.484 -3.7820001 2.6289999 12
0 0 0 0
0 0 0 0
0 0 0 0
0 0 0 0
0.098999999 -0.838 0.59299999 0
0 0 0 0
0 0 0 0
0 0 0 0
0 0 0 0
0 0 0 0
0 0 0 0
0.73799998 -3.73 2.6359999 1
0 0 0 0
0 0 0 0
0 0 0 0
0 0 0 0
0 0 0 0
0 0 0 0
0 0 0 0
0 0 0 0
0.17399999 -0.83499998 0.59899998 0
0 0 0 0
0.249 -0.80800003 0.58499998 0
0.221 -0.82200003 0.59299999 0
0.191 -0.824 0.59500003 0
0.16599999 -0.82200003 0.59500003 0
0.27200001 -0.81400001 0.597 0
0.241 -0.82300001 0.59899998 0
0.208 -0.81599998 0.59200001 0
0.183 -0.81900001 0.59399998 0
0.292 -0.81 0.60100001 0
0.25799999 -0.81099999 0.59500003 0
0.228 -0.81800002 0.597 0
0.20200001 -0.81999999 0.597 0
0 0 0 0
0.27900001 -0.81300002 0.602 0
0.24699999 -0.815 0.59899998 0
0.222 -0.82200003 0.60100001 0
1.432 -3.461 2.6300001 3
0.301 -0.81599998 0.61000001 0
0.266 -0.815 0.60299999 0
0.23999999 -0.81999999 0.60299999 0
1.5089999 -3.421 2.635 46
1.3660001 -3.464 2.618 5
0.28600001 -0.81400001 0.60699999 0
0.257 -0.81199998 0.60000002 1
0 0 0 0
1.448 -3.4419999 2.631 56
1.311 -3.48 2.6159999 4
0.27700001 -0.81199998 0.60299999 1
0.396 -0.79799998 0.63200003 0
0 0 0 0
1.391 -3.4590001 2.6229999 53
0.29699999 -0.81400001 0.60900003 0
1.726 -3.28 2.638 4
0.391 -0.82499999 0.64499998 0
1.47 -3.4349999 2.6289999 54
1.359 -3.483 2.622 5
1.7869999 -3.2149999 2.6270001 45
1.664 -3.313 2.6240001 3
0 0 0 0
1.4400001 -3.4660001 2.6289999 58
1.86 -3.174 2.635 49
1.738 -3.2739999 2.628 51
0.38999999 -0.81199998 0.634 0
1.522 -3.45 2.6370001 53
1.926 -3.1210001 2.6359999 55
1.8049999 -3.223 2.6240001 52
1.697 -3.3369999 2.6340001 6
0 0 0 0
0.62 -0.95599997 0.82200003 6
1.8789999 -3.1860001 2.631 53
1.766 -3.2920001 2.6289999 51
0.398 -0.80500001 0.62599999 0
0.64499998 -0.94499999 0.82800001 4
1.946 -3.1370001 2.6300001 55
1.8380001 -3.2509999 2.6270001 53
1.749 -3.3510001 2.631 7
0.65899998 -0.921 0.82200003 25
0.62800002 -0.96399999 0.82099998 5
1.914 -3.217 2.6329999 53
1.826 -3.319 2.6340001 54
0.67699999 -0.90200001 0.82099998 4
0.64899999 -0.94800001 0.82099998 4
1.98 -3.1670001 2.628 54
1.897 -3.277 2.628 54
0.69 -0.87699997 0.815 6
0.66799998 -0.93199998 0.82099998 24
0.63700002 -0.97000003 0.81599998 1
1.973 -3.2420001 2.631 57
0.70099998 -0.85100001 0.80800003 0
0.68800002 -0.91600001 0.82099998 4
0.66100001 -0.95999998 0.81900001 14
2.046 -3.201 2.6289999 53
0.73100001 -0.84799999 0.82300001 18
0.70899999 -0.89999998 0.82200003 13
0.68800002 -0.954 0.82700002 6
2.115 -3.154 2.6240001 52
0.75099999 -0.83200002 0.82599998 6
0.71600002 -0.86900002 0.80900002 0
0.708 -0.93699998 0.82499999 4
0.67699999 -0.963 0.81199998 1
0.76700002 -0.81199998 0.82599998 5
0.73900002 -0.85799998 0.815 6
0.72299999 -0.91399997 0.81999999 22
0.70599997 -0.95899999 0.81999999 15
0.77600002 -0.78500003 0.81800002 5
0.75800002 -0.84100002 0.81599998 3
0.74699998 -0.903 0.824 1
0.73299998 -0.94999999 0.82499999 5
0.79400003 -0.76899999 0.82200003 5
0.77899998 -0.82599998 0.81999999 25
0.73699999 -0.85100001 0.79100001 4
0.75300002 -0.93300003 0.82300001 23
0.81099999 -0.75 0.824 6
0.796 -0.80699998 0.81999999 4
0.77999997 -0.86199999 0.81699997 1
0.77499998 -0.91799998 0.824 4
0.82800001 -0.73199999 0.82700002 4
0.815 -0.79000002 0.82200003 4
0.80400002 -0.84899998 0.82200003 23
0.79400003 -0.89899999 0.82099998 8
0.85100001 -0.72000003 0.83700001 3
0.833 -0.773 0.824 4
0.82700002 -0.83499998 0.82499999 4
0.80599999 -0.87300003 0.81199998 0
0.89600003 -0.72500002 0.86699998 2
0.84600002 -0.75099999 0.82099998 6
0.83999997 -0.81199998 0.82099998 26
0.83099997 -0.861 0.81699997 7
2.563 -1.98 2.4430001 61
0.87199998 -0.74000001 0.83099997 5
0.86199999 -0.79699999 0.824 5
0.86400002 -0.85500002 0.829 4
2.585 -1.9069999 2.4300001 55
0.89999998 -0.73100001 0.84399998 3
0.88099998 -0.77899998 0.82499999 5
0.88499999 -0.838 0.829 25
2.6129999 -1.84 2.4230001 52
0.93199998 -0.72299999 0.85900003 1
0.89700001 -0.75800002 0.824 7
0.90799999 -0.82200003 0.833 4
2.635 -1.77 2.4130001 46
2.8570001 -2.115 2.5929999 54
0.92299998 -0.745 0.83200002 5
0.92000002 -0.79699999 0.82599998 27
2.8010001 -1.793 2.5350001 38
2.908 -2.0550001 2.6010001 52
0.96399999 -0.74400002 0.85399997 2
0.94199997 -0.77899998 0.82800001 5
2.898 -1.766 2.5929999 51
2.9430001 -1.983 2.596 52
2.98 -2.1960001 2.596 52
0.958 -0.75700003 0.82599998 26
2.74 -1.589 2.427 37
2.987 -1.918 2.599 53
3.0239999 -2.1259999 2.5929999 53
0.99599999 -0.75099999 0.84299999 5
2.9660001 -1.6339999 2.6010001 54
3.0239999 -1.849 2.598 53
3.0739999 -2.0599999 2.5940001 52
1.025 -0.73699999 0.852 8
2.9909999 -1.564 2.599 54
3.05 -1.774 2.589 52
3.1229999 -1.994 2.598 52
3.1989999 -2.194 2.6129999 60
2.96 -1.466 2.549 52
3.0910001 -1.707 2.5940001 52
3.1689999 -1.925 2.598 53
3.227 -2.108 2.5940001 64
2.7920001 -1.308 2.3840001 47
3.1240001 -1.637 2.5940001 52
3.207 -1.851 2.5940001 54
3.2360001 -2.0109999 2.5610001 63
2.8139999 -1.244 2.385 48
3.145 -1.5599999 2.5840001 70
3.2460001 -1.778 2.5929999 55
3.2460001 -1.9170001 2.53 63
2.829 -1.178 2.381 49
2.961 -1.3890001 2.4100001 119
3.2579999 -1.691 2.5710001 58
3.2520001 -1.822 2.4990001 61
2.858 -1.118 2.3900001 47
2.9579999 -1.309 2.3859999 54
3.2690001 -1.605 2.55 57
3.2639999 -1.733 2.474 61
2.882 -1.056 2.395 47
2.9779999 -1.24 2.382 52
3.2079999 -1.487 2.4749999 150
3.2690001 -1.642 2.4449999 60
2.904 -0.99400002 2.4000001 60
3.0079999 -1.176 2.3870001 54
3.1229999 -1.364 2.385 47
3.2690001 -1.55 2.4159999 59
2.9230001 -0.93000001 2.4030001 66
3.0369999 -1.1109999 2.392 52
3.1530001 -1.293 2.385 47
3.286 -1.467 2.4000001 68
2.924 -0.86199999 2.3929999 55
3.0610001 -1.044 2.3940001 59
3.187 -1.225 2.3889999 49
3.296 -1.382 2.381 63
2.9289999 -0.79500002 2.3870001 56
3.0810001 -0.97500002 2.395 61
3.211 -1.151 2.3859999 48
3.293 -1.293 2.3540001 69
2.937 -0.73000002 2.385 55
3.096 -0.90600002 2.392 64
3.2349999 -1.079 2.3859999 53
3.3 -1.209 2.336 87
2.9449999 -0.66600001 2.3840001 55
3.102 -0.83399999 2.3840001 58
3.2609999 -1.007 2.3870001 61
3.306 -1.127 2.319 81
2.95 -0.60100001 2.381 56
3.115 -0.76499999 2.3829999 72
3.273 -0.93000001 2.3800001 33
3.3110001 -1.044 2.303 80
2.9560001 -0.53600001 2.3800001 57
3.125 -0.69499999 2.3800001 67
3.2869999 -0.85500002 2.375 73
3.3169999 -0.963 2.2880001 79
2.948 -0.47 2.369 46
3.131 -0.62400001 2.375 67
3.2980001 -0.77899998 2.369 71
3.2939999 -0.875 2.256 85
2.95 -0.40599999 2.3670001 51
3.1389999 -0.55500001 2.3740001 71
3.3080001 -0.70300001 2.3640001 76
3.302 -0.796 2.2460001 91
2.9519999 -0.34299999 2.365 59
3.142 -0.48500001 2.369 60
3.309 -0.62599999 2.3540001 69
3.312 -0.71799999 2.24 86
2.95 -0.27900001 2.362 49
3.1440001 -0.414 2.365 64
3.3269999 -0.55199999 2.3570001 76
3.3169999 -0.639 2.23 87
2.938 -0.215 2.3510001 49
3.1500001 -0.345 2.365 65
3.3299999 -0.47600001 2.3510001 75
3.3199999 -0.56099999 2.2219999 84
2.9419999 -0.153 2.355 51
3.151 -0.27599999 2.362 65
3.336 -0.40000001 2.3469999 75
3.332 -0.484 2.2190001 81
2.9319999 -0.090000004 2.348 52
3.1459999 -0.206 2.3559999 65
3.3440001 -0.32499999 2.3469999 74
3.3399999 -0.40599999 2.2160001 95
2.931 -0.028999999 2.349 53
3.1489999 -0.13699999 2.3570001 65
3.3469999 -0.249 2.345 77
3.3440001 -0.329 2.2119999 80
2.9200001 0.032000002 2.3429999 45
3.1440001 -0.068000004 2.3529999 60
3.352 -0.17299999 2.345 77
3.3499999 -0.25099999 2.21 83
2.918 0.093999997 2.345 51
3.1400001 0 2.3510001 67
3.3570001 -0.097000003 2.346 69
3.3599999 -0.17299999 2.2119999 88
2.9059999 0.155 2.3399999 52
3.1389999 0.068999998 2.352 64
3.3599999 -0.021 2.3469999 74
3.365 -0.094999999 2.2119999 89
2.8989999 0.21600001 2.3399999 54
3.1259999 0.13600001 2.345 70
3.355 0.054000001 2.3440001 61
3.372 -0.016000001 2.2149999 83
2.885 0.27599999 2.335 51
3.112 0.204 2.339 71
3.3570001 0.13 2.3469999 73
3.3770001 0.061000001 2.217 86
2.868 0.33500001 2.329 54
3.1099999 0.273 2.342 74
3.348 0.206 2.3440001 73
3.382 0.14 2.221 89
2.8599999 0.39500001 2.3310001 51
3.0910001 0.33899999 2.3340001 68
3.3340001 0.28099999 2.3369999 60
3.3940001 0.22 2.2309999 92
2.846 0.454 2.3280001 57
3.0799999 0.40599999 2.3329999 71
3.322 0.35600001 2.335 64
3.405 0.301 2.2420001 93
2.8280001 0.51200002 2.323 59
3.0669999 0.47299999 2.3310001 76
3.312 0.43099999 2.3340001 68
3.401 0.38100001 2.244 88
2.8150001 0.56999999 2.3239999 61
3.053 0.53899997 2.3299999 80
3.2950001 0.505 2.329 70
3.4100001 0.463 2.256 99
2.7980001 0.62800002 2.3210001 61
3.0350001 0.60500002 2.3269999 83
3.28 0.579 2.3280001 69
3.428 0.54799998 2.2750001 102
2.7809999 0.685 2.319 65
3.0179999 0.67000002 2.325 81
3.257 0.65200001 2.322 67
3.421 0.62900001 2.28 98
2.7609999 0.74199998 2.3169999 57
2.9909999 0.73299998 2.3169999 64
3.2379999 0.72500002 2.3199999 71
3.437 0.71600002 2.3010001 98
2.7420001 0.79799998 2.3150001 69
2.9679999 0.79699999 2.313 69
3.217 0.79799998 2.3180001 63
3.4330001 0.79900002 2.3099999 80
2.721 0.85399997 2.3139999 68
2.9519999 0.86199999 2.3150001 62
3.194 0.86900002 2.3150001 66
3.4219999 0.88200003 2.316 98
2.6989999 0.90899998 2.312 71
2.924 0.92299998 2.3099999 66
3.164 0.93900001 2.309 68
3.418 0.96799999 2.329 94
2.6760001 0.96399999 2.309 63
2.898 0.98500001 2.306 74
3.142 1.011 2.309 69
3.3859999 1.045 2.323 70
2.655 1.0190001 2.309 64
2.875 1.048 2.3069999 73
3.115 1.081 2.3080001 69
3.352 1.122 2.3180001 61
2.6270001 1.072 2.3039999 73
2.848 1.109 2.3039999 66
3.086 1.151 2.306 64
3.323 1.2 2.3180001 68
2.595 1.122 2.296 68
2.8139999 1.1670001 2.2969999 66
3.0580001 1.22 2.306 75
3.293 1.278 2.3180001 60
2.569 1.174 2.2939999 63
2.789 1.229 2.299 69
3.017 1.285 2.2980001 65
3.2449999 1.348 2.3069999 61
2.543 1.227 2.293 66
2.7550001 1.286 2.2939999 73
2.9779999 1.349 2.2909999 66
3.2090001 1.423 2.3050001 60
2.5150001 1.278 2.2909999 66
2.72 1.3430001 2.289 58
2.9519999 1.42 2.2969999 44
3.1670001 1.495 2.302 63
2.484 1.3279999 2.2869999 60
2.687 1.401 2.2869999 70
1.928 0.98100001 1.517 0
1.941 0.97299999 1.428 4
2.4579999 1.381 2.29 65
2.6530001 1.4579999 2.286 67
2.858 1.539 2.279 43
1.941 1.031 1.446 3
2.421 1.426 2.2809999 68
2.615 1.512 2.2809999 75
2.8239999 1.605 2.2809999 64
1.948 1.095 1.471 3
2.388 1.474 2.2780001 63
2.579 1.567 2.279 71
2.786 1.669 2.2820001 67
1.947 1.156 1.493 2
2.3570001 1.523 2.277 60
2.5420001 1.622 2.277 66
2.7390001 1.727 2.276 63
1.95 1.221 1.517 0
2.3239999 1.571 2.276 67
2.503 1.675 2.2750001 65
2.6960001 1.7869999 2.2750001 64
2.881 1.901 2.2780001 46
2.289 1.618 2.273 70
2.461 1.726 2.2709999 63
2.6489999 1.844 2.2709999 64
2.835 1.969 2.2809999 59
2.2550001 1.665 2.2720001 71
2.425 1.781 2.273 60
2.598 1.899 2.266 66
2.78 2.0309999 2.277 52
2.22 1.711 2.2709999 69
2.3759999 1.826 2.2650001 63
2.556 1.96 2.2690001 59
2.7260001 2.092 2.2750001 10
2.1800001 1.7539999 2.266 62
2.3369999 1.8789999 2.266 67
2.506 2.0139999 2.267 68
2.6559999 2.141 2.2620001 19
2.1429999 1.799 2.2650001 66
2.2939999 1.928 2.2650001 64
2.4519999 2.0650001 2.2609999 59
2.612 2.21 2.2709999 59
2.1040001 1.842 2.2620001 62
2.243 1.971 2.257 60
2.4030001 2.1199999 2.2620001 59
2.5480001 2.2620001 2.2639999 62
2.0650001 1.885 2.26 60
2.2019999 2.023 2.26 55
2.3510001 2.1719999 2.2609999 65
2.49 2.319 2.2639999 62
2.03 1.932 2.2639999 63
2.154 2.0669999 2.257 66
2.2939999 2.2190001 2.257 70
2.4319999 2.375 2.2650001 60
1.9859999 1.97 2.2579999 60
2.1070001 2.112 2.256 62
2.2409999 2.27 2.257 68
2.368 2.4260001 2.263 62
1.943 2.0090001 2.2539999 58
2.0599999 2.158 2.256 61
2.1789999 2.3099999 2.2490001 54
2.302 2.474 2.2590001 58
1.904 2.052 2.256 58
2.0109999 2.201 2.2539999 70
2.1199999 2.355 2.2460001 54
2.2379999 2.523 2.257 59
1.859 2.0899999 2.2520001 63
1.9579999 2.2409999 2.25 65
2.0650001 2.402 2.247 56
2.174 2.572 2.2579999 57
1.8150001 2.128 2.25 50
1.91 2.2839999 2.2520001 63
2.006 2.4449999 2.2460001 58
2.1059999 2.615 2.2550001 68
1.776 2.1719999 2.2550001 61
1.858 2.3239999 2.25 62
1.949 2.49 2.247 59
2.036 2.6570001 2.2520001 60
1.73 2.2079999 2.2520001 63
1.804 2.362 2.247 58
1.89 2.533 2.2479999 56
1.967 2.698 2.25 58
1.683 2.243 2.25 59
1.755 2.404 2.2509999 61
1.827 2.569 2.2449999 54
1.897 2.7360001 2.2479999 54
1.637 2.279 2.2479999 59
1.697 2.4349999 2.244 64
1.7640001 2.605 2.2420001 55
1.8279999 2.7750001 2.247 61
1.587 2.3110001 2.244 62
1.643 2.4719999 2.244 61
1.701 2.642 2.2420001 53
1.755 2.8080001 2.244 59
1.539 2.3440001 2.2420001 59
1.586 2.5039999 2.2409999 65
1.637 2.674 2.24 59
1.679 2.8340001 2.237 67
1.493 2.3800001 2.243 58
1.531 2.5380001 2.2409999 65
1.5700001 2.7030001 2.2349999 63
1.607 2.869 2.2379999 62
1.442 2.411 2.2409999 57
1.473 2.569 2.24 58
1.5039999 2.733 2.234 57
1.534 2.8970001 2.2360001 63
1.393 2.4430001 2.24 58
1.4170001 2.6029999 2.2409999 55
1.4400001 2.766 2.2349999 55
1.4579999 2.921 2.2309999 58
1.342 2.474 2.2390001 57
1.358 2.6300001 2.2379999 56
1.3710001 2.7869999 2.2290001 58
1.3839999 2.9460001 2.23 61
1.29 2.5020001 2.237 57
1.298 2.6570001 2.2360001 57
1.306 2.8169999 2.23 61
1.311 2.973 2.2309999 56
1.239 2.533 2.2379999 44
1.2410001 2.687 2.2379999 56
1.238 2.8410001 2.2290001 60
1.235 2.993 2.2279999 57
1.194 2.576 2.25 41
1.1799999 2.71 2.2349999 61
1.171 2.8629999 2.2279999 56
1.16 3.013 2.227 58
1.137 2.595 2.2420001 40
1.117 2.73 2.23 62
1.099 2.878 2.223 60
1.084 3.0309999 2.2260001 62
1.082 2.619 2.24 40
1.0549999 2.75 2.227 56
1.0319999 2.901 2.224 62
1.006 3.039 2.2190001 61
1.028 2.6470001 2.2420001 42
0.99400002 2.773 2.2279999 56
0.96100003 2.911 2.217 51
0.93099999 3.056 2.221 60
0.97100002 2.665 2.2349999 43
0.93199998 2.793 2.2260001 58
0.89499998 2.9349999 2.2219999 59
0.85699999 3.0710001 2.2219999 64
0.912 2.678 2.2260001 44
0.87099999 2.8139999 2.227 56
0.82300001 2.9419999 2.2149999 55
0.77899998 3.0710001 2.2130001 54
0.85699999 2.7030001 2.2290001 51
0.80699998 2.8269999 2.223 62
0.75400001 2.9530001 2.2130001 55
0.704 3.0810001 2.214 46
0.79799998 2.7160001 2.221 52
0.74400002 2.8440001 2.223 60
0.685 2.967 2.214 47
0.62699997 3.0829999 2.21 60
0.741 2.737 2.2219999 60
0.68099999 2.8599999 2.223 47
0.61500001 2.977 2.214 51
0.551 3.086 2.2079999 52
0.68300003 2.756 2.2219999 47
0.616 2.8699999 2.22 63
0.546 2.987 2.2149999 53
0.47600001 3.095 2.2130001 58
0.625 2.7720001 2.22 57
0.55199999 2.8829999 2.22 63
0.47600001 2.9909999 2.2119999 55
0.40200001 3.0910001 2.2079999 60
0.56699997 2.789 2.22 63
0.48899999 2.895 2.2190001 60
0.40599999 2.9949999 2.211 56
0.32600001 3.0880001 2.2060001 55
0.50800002 2.8010001 2.217 56
0.42399999 2.9000001 2.2160001 59
0.336 2.9879999 2.2030001 56
0.252 3.0880001 2.2079999 58
0.44800001 2.8139999 2.2149999 60
0.359 2.908 2.2149999 58
0.266 2.993 2.2049999 55
0.178 3.079 2.204 64
0.38699999 2.822 2.2119999 58
0.29499999 2.9159999 2.2160001 61
0.197 2.9960001 2.207 58
0.105 3.075 2.2060001 53
0.32699999 2.8380001 2.2149999 62
0.229 2.921 2.2160001 58
0.127 2.99 2.2030001 56
0.030999999 3.0699999 2.2090001 59
0.26699999 2.8469999 2.214 59
0.164 2.9159999 2.2090001 61
0.057999998 2.99 2.2060001 56
-0.041000001 3.056 2.2049999 67
0.205 2.8529999 2.211 62
0.1 2.9289999 2.2160001 51
-0.0089999996 2.9849999 2.2049999 58
-0.112 3.04 2.201 51
0.14399999 2.868 2.2160001 57
0.035 2.9219999 2.21 64
-0.077 2.9749999 2.2019999 59
-0.184 3.023 2.1989999 61
0.082999997 2.8710001 2.2119999 53
-0.029999999 2.921 2.21 63
-0.145 2.97 2.204 59
-0.25400001 3.01 2.2 56
0.021 2.869 2.207 66
-0.093999997 2.918 2.2079999 64
-0.214 2.96 2.204 63
-0.32499999 2.99 2.198 56
-0.041000001 2.8770001 2.21 61
-0.16 2.9100001 2.2060001 69
-0.28099999 2.9489999 2.204 60
-0.39500001 2.9749999 2.201 65
-0.104 2.875 2.2060001 61
-0.22400001 2.905 2.2049999 65
-0.34900001 2.9389999 2.207 60
-0.463 2.951 2.198 60
-0.167 2.875 2.2049999 63
-0.289 2.902 2.207 71
-0.41499999 2.924 2.2060001 62
-0.52999997 2.928 2.1960001 61
-0.229 2.8759999 2.2049999 57
-0.354 2.892 2.2060001 67
-0.48100001 2.9089999 2.2060001 58
-0.59799999 2.911 2.201 60
-0.292 2.8729999 2.204 56
-0.41800001 2.8829999 2.2060001 66
-0.54699999 2.892 2.2060001 59
-0.66399997 2.882 2.198 61
-0.35499999 2.8659999 2.201 57
-0.48199999 2.8729999 2.2060001 68
-0.61299998 2.8740001 2.207 63
-0.72899997 2.8559999 2.198 48
-0.41800001 2.8640001 2.2030001 63
-0.54699999 2.8610001 2.2060001 68
-0.676 2.848 2.2030001 47
-0.796 2.835 2.204 7
-0.48199999 2.8559999 2.201 50
-0.61000001 2.8440001 2.204 59
-0.73900002 2.822 2.2 51
0 0 0 0
-0.54500002 2.8510001 2.2030001 56
-0.67400002 2.8299999 2.2049999 60
0 0 0 0
-0.17900001 0.54100001 0.42899999 12
-0.60900003 2.8429999 2.2030001 45
-0.73699999 2.813 2.204 63
-0.17 0.546 0.433 11
-0.19400001 0.54299998 0.43599999 12
-0.67299998 2.835 2.204 50
0 0 0 0
-0.182 0.542 0.433 11
-0.207 0.53799999 0.43700001 12
-0.73299998 2.8150001 2.197 56
-0.168 0.54100001 0.43000001 11
-0.198 0.546 0.44100001 10
-0.222 0.53799999 0.44400001 12
0 0 0 0
-0.18000001 0.53899997 0.43099999 11
-0.20900001 0.53899997 0.44100001 10
-0.236 0.53600001 0.44800001 12
-0.168 0.54799998 0.43200001 12
-0.19400001 0.54000002 0.435 9
-0.223 0.53799999 0.44499999 10
-0.25 0.53500003 0.45300001 12
-0.18000001 0.54299998 0.43099999 12
-0.20900001 0.54100001 0.44 10
-0.236 0.53299999 0.44600001 10
-0.264 0.53200001 0.45699999 12
-0.193 0.542 0.43200001 12
0 0 0 0
-0.249 0.52999997 0.449 12
-0.278 0.52899998 0.46200001 12
0 0 0 0
-0.23100001 0.528 0.43799999 11
-0.264 0.52999997 0.45500001 10
-0.29499999 0.52999997 0.47099999 13
-0.22 0.53799999 0.435 12
-0.248 0.53399998 0.447 10
-0.278 0.52700001 0.45899999 11
-0.30700001 0.523 0.47299999 12
0 0 0 0
-0.25999999 0.528 0.447 12
-0.29499999 0.52999997 0.46799999 10
-0.32499999 0.52399999 0.48199999 12
-0.24600001 0.53299999 0.43799999 12
-0.27599999 0.52999997 0.45500001 11
-0.30700001 0.523 0.46900001 10
-0.34 0.52100003 0.48800001 12
-0.26100001 0.53399998 0.44400001 13
-0.29100001 0.52899998 0.45899999 10
-0.324 0.523 0.477 10
-0.354 0.51599997 0.493 4
-0.27500001 0.53200001 0.447 13
-0.30500001 0.52499998 0.46200001 9
-0.34099999 0.52399999 0.486 10
-1.6390001 2.273 2.2149999 9
-0.29100001 0.53399998 0.45300001 13
-0.31799999 0.52100003 0.465 7
-0.35600001 0.51999998 0.49000001 8
-1.681 2.22 2.21 71
-0.303 0.52700001 0.45199999 14
-0.33700001 0.52499998 0.47499999 7
-0.373 0.51999998 0.49900001 1
-1.721 2.1670001 2.2030001 71
-0.31799999 0.52499998 0.456 14
-0.352 0.52200001 0.47999999 7
-1.7079999 2.267 2.2179999 8
-1.766 2.1210001 2.2060001 62
-0.33399999 0.52399999 0.461 13
-0.36899999 0.52100003 0.48699999 6
-1.7460001 2.2119999 2.207 58
-1.808 2.073 2.207 74
-0.352 0.52700001 0.47 14
-0.389 0.523 0.498 1
-1.796 2.171 2.2119999 63
-1.847 2.0209999 2.2049999 63
-0.37099999 0.52899998 0.479 14
-1.781 2.2869999 2.2130001 5
-1.839 2.122 2.2090001 67
-1.8890001 1.974 2.2079999 68
-0.38699999 0.52600002 0.48300001 13
-1.827 2.2390001 2.2079999 76
-1.883 2.075 2.2090001 60
-1.926 1.9220001 2.2079999 68
-0.405 0.52499998 0.49000001 2
-1.877 2.197 2.2090001 76
-1.926 2.029 2.21 60
-1.96 1.868 2.2049999 72
-1.878 2.322 2.2049999 11
-1.923 2.1500001 2.207 68
-1.966 1.978 2.2079999 62
-1.999 1.819 2.2090001 67
-1.927 2.2739999 2.1989999 57
-1.967 2.1010001 2.2030001 65
-2.0090001 1.931 2.211 62
-2.033 1.767 2.21 59
-1.979 2.23 2.198 57
-2.017 2.059 2.2079999 67
-2.049 1.882 2.2130001 63
-2.0639999 1.712 2.2079999 62
-2.0320001 2.188 2.1989999 62
-2.0610001 2.01 2.2060001 61
-2.082 1.827 2.2079999 65
-2.1010001 1.664 2.2149999 66
-2.082 2.1400001 2.197 54
-2.1010001 1.959 2.2030001 67
-2.122 1.778 2.2119999 60
-2.1289999 1.608 2.2130001 59
-2.1289999 2.0910001 2.194 58
-2.1489999 1.914 2.2079999 61
-2.1600001 1.728 2.2149999 60
-2.161 1.556 2.217 54
-2.1819999 2.0480001 2.1989999 59
-2.1860001 1.859 2.204 64
-2.191 1.673 2.2119999 64
-2.191 1.503 2.22 61
-2.23 1.999 2.1989999 58
-2.227 1.809 2.2060001 56
-2.23 1.624 2.22 61
-2.2179999 1.449 2.221 61
-2.2750001 1.947 2.198 58
-2.2709999 1.76 2.21 60
-2.2590001 1.568 2.217 61
-2.243 1.3940001 2.2219999 57
-2.326 1.9 2.2030001 58
-2.309 1.707 2.211 64
-2.2909999 1.5140001 2.2190001 63
-2.2679999 1.339 2.2249999 65
-2.3699999 1.847 2.2019999 56
-2.3440001 1.651 2.2090001 65
-2.3199999 1.46 2.22 63
-2.29 1.283 2.224 59
-2.4100001 1.79 2.2 51
-2.3789999 1.596 2.21 63
-2.346 1.402 2.2179999 63
-2.3110001 1.227 2.2249999 53
-2.4549999 1.737 2.2019999 57
-2.418 1.544 2.2149999 55
-2.375 1.348 2.221 62
-2.332 1.1720001 2.2279999 56
-2.4979999 1.682 2.2049999 55
-2.4489999 1.4859999 2.2130001 67
-2.4070001 1.295 2.2290001 63
-2.3540001 1.117 2.2320001 57
-2.533 1.622 2.201 58
-2.49 1.434 2.2219999 69
-2.4260001 1.2359999 2.2249999 55
-2.368 1.0599999 2.23 62
-2.576 1.567 2.2060001 59
-2.5150001 1.374 2.2179999 64
-2.451 1.179 2.2279999 52
-2.388 1.005 2.234 62
-2.615 1.5089999 2.2090001 63
-2.5409999 1.313 2.2160001 62
-2.4779999 1.124 2.233 62
-2.3989999 0.94700003 2.2320001 67
-2.648 1.446 2.207 56
-2.576 1.257 2.223 60
-2.4979999 1.066 2.2349999 64
-2.415 0.89099997 2.2349999 63
-2.6900001 1.39 2.214 60
-2.599 1.196 2.22 58
-2.516 1.008 2.2349999 70
-2.4289999 0.83499998 2.237 66
-2.723 1.3279999 2.2149999 55
-2.6289999 1.137 2.2260001 60
-2.536 0.94999999 2.237 68
-2.4430001 0.77999997 2.2420001 62
-2.7520001 1.263 2.214 50
-2.648 1.074 2.223 69
-2.55 0.88999999 2.237 66
-2.4530001 0.72299999 2.2420001 59
-2.783 1.2 2.2160001 57
-2.6700001 1.013 2.224 68
-2.563 0.82999998 2.2360001 70
-2.4649999 0.66799998 2.2460001 64
-2.813 1.136 2.2190001 63
-2.6949999 0.95200002 2.2279999 75
-2.582 0.773 2.2409999 75
-2.471 0.611 2.2460001 57
-2.8380001 1.0700001 2.2190001 59
-2.7149999 0.88999999 2.23 65
-2.5929999 0.713 2.2420001 71
-2.4760001 0.55400002 2.2460001 69
-2.8659999 1.0039999 2.2219999 63
-2.7320001 0.82700002 2.23 78
-2.6029999 0.653 2.2420001 62
-2.484 0.49900001 2.25 60
-2.8859999 0.93599999 2.22 64
-2.75 0.764 2.233 77
-2.6159999 0.59500003 2.2460001 67
-2.4890001 0.44299999 2.2520001 65
-2.908 0.86799997 2.2219999 58
-2.77 0.70200002 2.2379999 74
-2.6240001 0.53500003 2.2460001 64
-2.4849999 0.38600001 2.247 59
-2.9319999 0.801 2.2260001 66
-2.7820001 0.63800001 2.2379999 60
-2.631 0.47499999 2.247 72
-2.494 0.33199999 2.2539999 65
-2.9519999 0.73199999 2.2279999 70
-2.789 0.57200003 2.2349999 72
-2.638 0.41600001 2.25 73
-2.4879999 0.27500001 2.25 67
-2.967 0.66299999 2.2279999 56
-2.8 0.50800002 2.237 68
-2.645 0.35699999 2.253 74
-2.494 0.221 2.257 73
-2.987 0.59399998 2.234 70
-2.8139999 0.44400001 2.2420001 77
-2.6470001 0.296 2.253 71
-2.4949999 0.16599999 2.26 64
-2.9990001 0.523 2.234 59
-2.8210001 0.37900001 2.243 75
-2.6530001 0.237 2.2579999 74
-2.49 0.111 2.2590001 66
-3.0090001 0.45199999 2.234 66
-2.8299999 0.31400001 2.247 76
-2.652 0.178 2.2579999 69
-2.4849999 0.057 2.2590001 60
-3.023 0.38100001 2.2390001 67
-2.8299999 0.249 2.2449999 69
-2.6530001 0.118 2.26 69
-2.483 0.003 2.263 52
-3.03 0.31 2.24 68
-2.8329999 0.184 2.2460001 68
-2.6530001 0.059 2.2639999 72
-2.4790001 -0.050000001 2.266 59
-3.0380001 0.23899999 2.2420001 71
-2.842 0.119 2.2539999 73
-2.651 0 2.266 69
-2.473 -0.103 2.267 64
-3.0439999 0.167 2.2460001 63
-2.8380001 0.052999999 2.2520001 58
-2.648 -0.057999998 2.2679999 71
-2.4660001 -0.15700001 2.2690001 62
-3.0510001 0.094999999 2.25 68
-2.8380001 -0.011 2.2550001 63
-2.6429999 -0.117 2.27 66
-2.4579999 -0.20999999 2.2709999 58
-3.0469999 0.023 2.2490001 61
-2.8410001 -0.075999998 2.2620001 69
-2.6359999 -0.175 2.2709999 63
-2.4489999 -0.26199999 2.273 64
-3.0550001 -0.048999999 2.2579999 61
-2.8369999 -0.141 2.2639999 68
-2.631 -0.234 2.2750001 65
-2.441 -0.31400001 2.277 63
-3.0550001 -0.121 2.2609999 59
-2.829 -0.206 2.2639999 68
-2.622 -0.292 2.277 61
-2.431 -0.366 2.28 63
-3.049 -0.193 2.2620001 55
-2.8239999 -0.271 2.2679999 69
-2.599 -0.34799999 2.267 46
-2.4159999 -0.417 2.279 59
-3.0480001 -0.266 2.2679999 58
-2.816 -0.336 2.27 68
-2.5969999 -0.40599999 2.277 57
-2.408 -0.46900001 2.2850001 57
-3.0339999 -0.338 2.266 57
-2.802 -0.39899999 2.2690001 60
-2.5639999 -0.46000001 2.2609999 31
-2.395 -0.51999998 2.2869999 54
-3.029 -0.41 2.2720001 57
-2.714 -0.45100001 2.2090001 4
-2.562 -0.51800001 2.2720001 33
-2.3789999 -0.56999999 2.289 64
-2.75 -0.43900001 2.073 4
-2.5569999 -0.48500001 2.0929999 3
-2.553 -0.57499999 2.279 40
-2.5680001 -0.67299998 2.4879999 115
-2.5569999 -0.47099999 1.938 3
-2.5650001 -0.54799998 2.1129999 3
-2.652 -0.66000003 2.385 74
-2.562 -0.73100001 2.5020001 71
-2.569 -0.537 1.959 3
-2.6059999 -0.62 2.161 5
-2.658 -0.72399998 2.408 80
-2.5320001 -0.78100002 2.493 81
-2.576 -0.602 1.978 3
-2.789 -0.73199999 2.3299999 165
-2.661 -0.78799999 2.4300001 87
-2.5050001 -0.83099997 2.487 81
-3.25 -0.84200001 2.5139999 56
-2.7219999 -0.78100002 2.2920001 150
-2.6700001 -0.85500002 2.4590001 97
-2.4809999 -0.88200003 2.4860001 70
-3.2219999 -0.917 2.513 55
-2.678 -0.83600003 2.2750001 95
-2.6689999 -0.92000002 2.48 97
-2.457 -0.93199998 2.4860001 68
-3.198 -0.99400002 2.516 56
-2.6689999 -0.90100002 2.2880001 87
-2.671 -0.98799998 2.507 80
-2.437 -0.98400003 2.49 69
-3.1619999 -1.066 2.5120001 58
-2.677 -0.972 2.316 81
-2.664 -1.052 2.5250001 64
-2.414 -1.034 2.4920001 70
-3.1300001 -1.1390001 2.5120001 55
-2.6919999 -1.049 2.3540001 72
-2.638 -1.11 2.526 63
-2.3870001 -1.0829999 2.4909999 60
-3.1059999 -1.215 2.52 83
-2.704 -1.125 2.3900001 73
-2.602 -1.163 2.52 67
-2.3710001 -1.136 2.5020001 54
-2.983 -1.25 2.448 150
-2.7060001 -1.2 2.421 72
-2.573 -1.2180001 2.5209999 66
-2.3440001 -1.184 2.5020001 54
-2.7460001 -1.228 2.2820001 143
-2.7119999 -1.278 2.4549999 71
-2.5369999 -1.27 2.516 66
-2.3169999 -1.233 2.5050001 53
-2.7119999 -1.2920001 2.283 49
-2.7219999 -1.36 2.497 72
-2.4879999 -1.3150001 2.5 46
-2.2980001 -1.285 2.5150001 59
-2.7190001 -1.376 2.322 47
-2.717 -1.436 2.526 46
-2.4860001 -1.385 2.5320001 48
-2.26 -1.327 2.507 44
-2.7349999 -1.467 2.369 46
-2.694 -1.505 2.5409999 45
-2.4549999 -1.439 2.5339999 45
-2.2309999 -1.374 2.5090001 49
-2.7509999 -1.561 2.4200001 48
-2.6289999 -1.548 2.517 37
-2.4200001 -1.4910001 2.536 40
-2.2190001 -1.431 2.5309999 45
-2.737 -1.641 2.447 43
-2.5309999 -1.5700001 2.461 40
-2.3929999 -1.5470001 2.546 40
-2.194 -1.4809999 2.539 49
-0.90399998 -0.57200003 0.82200003 7
-2.493 -1.627 2.464 40
-2.3559999 -1.597 2.546 40
-2.161 -1.526 2.5409999 49
-0.86000001 -0.57300001 0.796 2
-2.517 -1.726 2.5309999 42
-2.3169999 -1.646 2.5450001 39
-2.132 -1.572 2.546 47
-0.83499998 -0.58600003 0.787 3
-0.80900002 -0.583 0.82800001 11
-2.2850001 -1.7 2.5550001 42
-2.096 -1.614 2.5450001 52
-0.82099998 -0.60600001 0.79000002 4
-0.77100003 -0.58200002 0.80400002 2
-2.2409999 -1.744 2.549 41
-2.0650001 -1.66 2.55 48
-0.80400002 -0.62300003 0.78899997 4
-0.745 -0.58999997 0.79299998 4
0 0 0 0
-2.029 -1.702 2.5510001 48
-0.79100001 -0.64399999 0.79299998 4
-0.73299998 -0.60799998 0.796 4
-0.69199997 -0.58899999 0.81800002 3
-1.9960001 -1.7460001 2.5550001 59
-0.77600002 -0.66399997 0.79699999 5
-0.71899998 -0.62599999 0.79799998 5
-0.67199999 -0.59799999 0.81099999 4
-1.9579999 -1.786 2.556 59
-0.759 -0.68099999 0.79799998 7
-0.708 -0.64499998 0.80299997 5
-0.64899999 -0.60299999 0.79900002 6
0 0 0 0
-0.73900002 -0.69599998 0.796 7
-0.69099998 -0.65899998 0.80199999 5
-0.63499999 -0.61699998 0.80000001 7
-0.611 -0.60500002 0.82999998 5
-0.722 -0.713 0.79699999 6
-0.67299998 -0.671 0.80000001 5
-0.62 -0.62900001 0.79799998 6
-0.58600003 -0.60600001 0.81400001 6
-0.69499999 -0.72000003 0.79000002 2
-0.65799999 -0.68800002 0.80299997 6
-0.60799998 -0.64499998 0.80199999 6
-0.56400001 -0.60699999 0.80000001 7
-0.67199999 -0.73100001 0.78500003 0
-0.64300001 -0.70300001 0.80500001 6
-0.59500003 -0.65799999 0.80400002 7
-0.55000001 -0.61699998 0.79799998 7
-0.65600002 -0.74800003 0.78899997 4
-0.61900002 -0.70999998 0.79699999 7
-0.57800001 -0.66799998 0.801 7
-0.53500003 -0.62699997 0.796 7
-0.64300001 -0.76999998 0.79799998 1
-0.60500002 -0.727 0.80199999 5
-0.56099999 -0.67799997 0.79900002 7
-0.523 -0.639 0.79799998 7
-0.625 -0.78600001 0.801 4
-0.58200002 -0.73299998 0.79500002 1
-0.54900002 -0.69400001 0.80400002 6
-0.50999999 -0.64999998 0.79799998 7
-0.60799998 -0.80299997 0.80599999 7
-0.56 -0.73900002 0.79000002 0
-0.53200001 -0.704 0.80299997 7
-0.498 -0.662 0.80000001 7
-0.58700001 -0.815 0.80599999 6
-0.542 -0.75 0.79000002 0
-0.51599997 -0.71399999 0.80199999 6
-0.48300001 -0.671 0.79799998 7
-0.56699997 -0.82800001 0.80800003 7
-0.52399999 -0.76099998 0.78899997 0
-0.50300002 -0.72899997 0.80599999 6
-0.47 -0.68300003 0.80000001 7
-0.54500002 -0.838 0.80699998 7
-0.514 -0.78299999 0.80199999 1
-0.486 -0.73799998 0.80599999 4
-0.456 -0.69199997 0.80000001 7
-0.52399999 -0.84899998 0.80800003 6
-0.495 -0.79400003 0.80199999 3
-0.463 -0.73900002 0.79500002 2
-0.442 -0.70200002 0.80000001 7
-0.49700001 -0.85100001 0.80000001 4
-0.47999999 -0.81099999 0.81 5
-0.44499999 -0.745 0.792 0
-0.42699999 -0.71100003 0.80000001 7
-0.47600001 -0.86000001 0.801 2
-0.46000001 -0.81900001 0.80900002 5
-0.428 -0.75199997 0.79100001 0
-0.41299999 -0.72100002 0.801 7
-0.458 -0.87699997 0.80900002 0
-0.442 -0.83200002 0.81300002 5
-0.412 -0.76300001 0.79299998 0
-0.39899999 -0.73199999 0.80299997 7
-1.3940001 -2.8310001 2.5880001 52
-0.41499999 -0.82599998 0.79900002 7
-0.398 -0.77600002 0.79799998 0
-0.38600001 -0.74299997 0.80599999 6
-1.319 -2.848 2.582 50
-0.39700001 -0.83600003 0.80199999 7
-0.38499999 -0.79500002 0.80800003 1
-0.37200001 -0.75400001 0.80800003 4
-1.249 -2.875 2.5869999 50
-0.37599999 -0.84100002 0.80000001 7
-0.366 -0.79900002 0.80500001 3
-0.354 -0.75599998 0.80299997 2
-1.1720001 -2.882 2.576 50
-0.35600001 -0.847 0.79900002 7
-0.352 -0.815 0.81300002 5
-0.338 -0.76300001 0.80199999 0
-1.098 -2.895 2.572 51
-0.336 -0.85299999 0.79900002 7
-0.33399999 -0.82099998 0.81199998 6
-0.317 -0.759 0.78899997 0
-1.027 -2.9159999 2.5769999 51
-0.317 -0.86199999 0.80199999 6
-0.31400001 -0.82300001 0.80800003 6
-0.30199999 -0.76700002 0.79000002 1
-0.954 -2.9289999 2.5769999 50
-0.29800001 -0.87099999 0.80500001 5
-0.29699999 -0.83099997 0.80900002 7
-0.285 -0.77100003 0.787 0
-0.88200003 -2.9419999 2.5780001 50
-0.27599999 -0.87300003 0.80199999 3
-0.278 -0.83600003 0.80900002 7
-0.27200001 -0.78399998 0.79500002 0
-0.81 -2.9549999 2.5810001 50
-0.255 -0.875 0.80000001 2
-0.259 -0.83999997 0.80699998 7
-0.25600001 -0.79000002 0.79400003 0
-0.73900002 -2.9679999 2.585 50
-0.234 -0.87599999 0.79799998 1
-0.242 -0.84899998 0.81099999 7
-0.243 -0.80800003 0.80599999 1
-0.66600001 -2.9719999 2.5829999 50
-0.214 -0.88200003 0.79900002 0
-0.222 -0.84899998 0.80599999 7
-0.227 -0.815 0.80699998 3
-0.59500003 -2.984 2.589 50
-0.19400001 -0.88499999 0.80000001 0
-0.205 -0.85799998 0.81099999 7
-0.211 -0.824 0.81099999 6
-0.523 -2.99 2.5929999 50
0 0 0 0
-0.186 -0.86000001 0.80900002 8
-0.193 -0.82599998 0.80699998 7
-0.44999999 -2.987 2.589 50
-0.495 -2.8699999 2.5810001 6
-0.16599999 -0.85900003 0.80400002 7
-0.176 -0.83099997 0.80800003 8
-0.38 -3.003 2.6029999 49
0 0 0 0
-0.148 -0.866 0.80800003 8
-0.15899999 -0.83600003 0.80800003 7
-0.30899999 -3.003 2.605 49
-0.366 -2.895 2.595 6
-0.13 -0.87400001 0.81199998 7
-0.141 -0.83999997 0.80699998 7
-0.237 -2.994 2.6010001 49
0 0 0 0
-0.11 -0.86900002 0.80599999 8
-0.123 -0.83899999 0.80199999 8
-0.16599999 -2.99 2.602 52
-0.071999997 -0.89899999 0.80500001 0
-0.092 -0.87599999 0.81 7
-0.107 -0.85000002 0.80900002 8
-0.096000001 -2.987 2.6059999 50
-0.052000001 -0.89499998 0.801 0
-0.072999999 -0.87900001 0.81099999 7
-0.089000002 -0.852 0.80900002 8
-0.026000001 -2.9779999 2.6059999 51
-0.030999999 -0.89700001 0.80400002 1
-0.054000001 -0.88200003 0.81199998 7
-0.071000002 -0.852 0.80599999 8
0.043000001 -2.9649999 2.605 53
-0.011 -0.89300001 0.80199999 3
-0.034000002 -0.87900001 0.80900002 7
-0.052999999 -0.86000001 0.81099999 8
0.112 -2.957 2.609 53
0.0080000004 -0.898 0.80800003 5
-0.015 -0.88300002 0.81199998 7
-0.035 -0.86500001 0.81300002 8
0.18000001 -2.9430001 2.608 56
0.028000001 -0.89300001 0.80500001 7
0.003 -0.87900001 0.80800003 7
-0.017000001 -0.86199999 0.80900002 8
0 0 0 0
0.048 -0.88999999 0.80400002 8
0.022 -0.87699997 0.80699998 7
0 -0.86500001 0.81 8
0.098999999 -0.91399997 0.81900001 6
0.068999998 -0.89700001 0.81300002 6
0.041000001 -0.88200003 0.81199998 7
0.017999999 -0.866 0.80900002 7
0.118 -0.90200001 0.81300002 8
0.089000002 -0.89399999 0.81400001 6
0.059999999 -0.87900001 0.81 7
0.037 -0.87 0.81300002 8
0.139 -0.89899999 0.81599998 8
0.109 -0.89399999 0.81699997 6
0.079000004 -0.87900001 0.81199998 7
0.055 -0.875 0.81599998 7
0.16 -0.89300001 0.81699997 7
0.12899999 -0.88800001 0.815 6
0.098999999 -0.87800002 0.81199998 7
0.074000001 -0.87199998 0.81400001 7
0.18000001 -0.88599998 0.81699997 7
0.148 -0.884 0.81599998 6
0.118 -0.87699997 0.81400001 7
0.093000002 -0.87199998 0.81400001 7
0.199 -0.87599999 0.815 7
0.168 -0.87800002 0.815 6
0.13699999 -0.87199998 0.81099999 7
0.112 -0.87599999 0.81800002 7
0.219 -0.87199998 0.81900001 6
0.18700001 -0.87400001 0.81599998 6
0.156 -0.87099999 0.81300002 7
0.13 -0.87199998 0.815 7
0.23899999 -0.866 0.82099998 5
0.207 -0.87099999 0.81900001 6
0.176 -0.87199998 0.81699997 6
0.149 -0.87 0.81400001 7
0.252 -0.83700001 0.801 0
0.226 -0.86400002 0.81800002 4
0.19499999 -0.86799997 0.81699997 6
0.169 -0.87599999 0.82099998 7
0.271 -0.82999998 0.80299997 0
0.23999999 -0.84200001 0.80299997 0
0.215 -0.86799997 0.82099998 5
0.18700001 -0.86799997 0.81599998 7
0.28999999 -0.82499999 0.80699998 0
0.259 -0.83600003 0.80400002 0
0.23199999 -0.85900003 0.81599998 1
0.206 -0.86500001 0.815 7
0.30500001 -0.80599999 0.79900002 0
0.27599999 -0.82599998 0.801 0
0.24600001 -0.838 0.801 0
0.22499999 -0.86500001 0.81800002 6
0.329 -0.81400001 0.81699997 4
0.29499999 -0.82099998 0.80500001 0
0.266 -0.83700001 0.80500001 0
0.243 -0.85699999 0.81400001 3
0.34799999 -0.80699998 0.81999999 7
0.31400001 -0.81699997 0.80800003 1
0.28400001 -0.83200002 0.80599999 0
0.25999999 -0.84600002 0.80699998 1
0.366 -0.79699999 0.82099998 7
0.33700001 -0.82099998 0.81999999 5
0.301 -0.82200003 0.80299997 0
0.27700001 -0.83700001 0.80199999 0
0.38299999 -0.78799999 0.82300001 6
0.35299999 -0.80900002 0.81800002 6
0.322 -0.82099998 0.80800003 0
0.29499999 -0.83200002 0.801 0
0.384 -0.745 0.79000002 0
0.37099999 -0.80000001 0.81800002 6
0.34099999 -0.81900001 0.81300002 3
0.31200001 -0.82200003 0.79699999 0
0.41299999 -0.75999999 0.81800002 5
0.38600001 -0.78600001 0.81300002 1
0.361 -0.81599998 0.81699997 6
0.333 -0.824 0.80400002 0
0.428 -0.74599999 0.81599998 6
0.391 -0.755 0.79100001 0
0.382 -0.81400001 0.82300001 4
0.35299999 -0.82099998 0.80699998 0
0.44600001 -0.73799998 0.82099998 7
0.42199999 -0.76999998 0.81800002 5
0.382 -0.76999998 0.78600001 0
0.375 -0.82300001 0.815 2
0.46000001 -0.72399998 0.81900001 6
0.43700001 -0.75800002 0.81599998 6
0.41 -0.78200001 0.80699998 3
0.38 -0.78799999 0.78600001 0
0.47600001 -0.713 0.82099998 6
0.45199999 -0.74599999 0.815 6
0.43399999 -0.787 0.82099998 6
0.389 -0.76499999 0.76999998 1
0.495 -0.70599997 0.829 5
0.47 -0.73799998 0.81900001 6
0.44999999 -0.77399999 0.81699997 6
0.43200001 -0.80599999 0.81800002 6
0.51499999 -0.70099998 0.83899999 4
0.48500001 -0.72500002 0.81699997 5
0.46700001 -0.76499999 0.81800002 6
0.45100001 -0.79900002 0.81900001 7
0.53399998 -0.69400001 0.847 1
0.5 -0.71399999 0.81800002 5
0.48300001 -0.75400001 0.81699997 6
0.47 -0.79100001 0.82099998 7
1.6849999 -2.0899999 2.605 6
0.523 -0.71200001 0.829 4
0.50099999 -0.745 0.81800002 6
0.49000001 -0.78500003 0.82300001 7
1.726 -2.046 2.605 44
0.54500002 -0.70899999 0.84100002 5
0.51700002 -0.73400003 0.81800002 6
0.50700003 -0.77399999 0.82099998 7
1.767 -2.0020001 2.6059999 43
0.56699997 -0.704 0.85100001 1
0.53600001 -0.72600001 0.82200003 5
0.52600002 -0.76700002 0.824 7
1.802 -1.9529999 2.602 43
1.781 -2.115 2.605 7
0.55500001 -0.71899998 0.82700002 4
0.54500002 -0.75800002 0.82499999 7
1.839 -1.906 2.6010001 44
1.823 -2.0699999 2.602 50
0.58099997 -0.71899998 0.84100002 6
0.55900002 -0.74199998 0.81999999 6
1.874 -1.858 2.599 45
1.8609999 -2.0220001 2.596 47
0.59899998 -0.70899999 0.84399998 2
0.57800001 -0.73299998 0.82099998 7
1.91 -1.811 2.5999999 43
1.9069999 -1.983 2.602 47
1.899 -2.1500001 2.6070001 6
0.59299999 -0.71899998 0.81900001 6
1.947 -1.766 2.6040001 43
1.9450001 -1.9349999 2.5969999 47
1.942 -2.1040001 2.5999999 46
0.61799997 -0.71700001 0.82999998 6
1.976 -1.715 2.599 43
1.983 -1.8890001 2.595 49
1.992 -2.0650001 2.6040001 46
0.64099997 -0.71200001 0.838 4
2.006 -1.665 2.5969999 42
2.026 -1.846 2.5999999 46
2.033 -2.017 2.5969999 45
0.66600001 -0.70700002 0.84799999 1
2.033 -1.614 2.5929999 42
2.059 -1.795 2.5940001 51
2.0739999 -1.967 2.5910001 44
2.1040001 -2.135 2.6129999 56
2.062 -1.5650001 2.5929999 47
2.0929999 -1.745 2.5910001 48
2.122 -1.927 2.5969999 49
2.155 -2.092 2.6129999 50
2.0880001 -1.5140001 2.5899999 45
2.1289999 -1.699 2.592 48
2.1589999 -1.875 2.5899999 45
2.2030001 -2.046 2.6099999 51
2.096 -1.45 2.566 108
2.1570001 -1.645 2.5840001 50
2.201 -1.8279999 2.589 49
2.2509999 -2 2.609 53
2.0120001 -1.3279999 2.4330001 150
2.187 -1.5930001 2.579 52
2.2420001 -1.78 2.5880001 50
2.296 -1.95 2.605 52
1.992 -1.2539999 2.381 44
2.22 -1.544 2.5799999 52
2.277 -1.728 2.5840001 47
2.345 -1.903 2.6070001 49
2.0109999 -1.206 2.378 45
2.24 -1.4859999 2.5669999 87
2.316 -1.678 2.5829999 45
2.3940001 -1.8559999 2.6099999 51
2.026 -1.156 2.3710001 41
2.154 -1.362 2.4360001 150
2.3529999 -1.627 2.5829999 46
2.4349999 -1.801 2.6040001 52
2.0480001 -1.11 2.3729999 41
2.1300001 -1.283 2.378 45
2.3889999 -1.574 2.5810001 49
2.48 -1.75 2.6059999 50
2.066 -1.063 2.3729999 38
2.1470001 -1.23 2.369 47
2.4159999 -1.516 2.5710001 67
2.523 -1.697 2.6059999 53
2.0880001 -1.0190001 2.3770001 38
2.1700001 -1.181 2.368 44
2.313 -1.382 2.428 150
2.5639999 -1.642 2.6040001 58
2.1010001 -0.97000003 2.3729999 44
2.197 -1.135 2.3710001 49
2.2839999 -1.2970001 2.365 48
2.605 -1.587 2.605 59
2.118 -0.92299998 2.3740001 45
2.2219999 -1.087 2.3729999 45
2.3099999 -1.245 2.3610001 54
2.6140001 -1.513 2.575 63
2.1340001 -0.87599999 2.375 46
2.243 -1.0369999 2.372 45
2.342 -1.196 2.365 56
2.473 -1.358 2.401 91
2.1459999 -0.82800001 2.3729999 48
2.266 -0.98900002 2.375 55
2.3659999 -1.142 2.3610001 59
2.4820001 -1.291 2.3770001 53
2.1559999 -0.77899998 2.3699999 45
2.2809999 -0.93699998 2.3710001 64
2.3959999 -1.091 2.365 51
2.513 -1.235 2.3759999 61
2.168 -0.73199999 2.369 50
2.2969999 -0.88499999 2.368 58
2.4200001 -1.038 2.365 54
2.5439999 -1.1799999 2.375 61
2.1760001 -0.68300003 2.3659999 51
2.3180001 -0.83600003 2.372 61
2.4449999 -0.986 2.3659999 64
2.573 -1.123 2.375 63
2.1889999 -0.63700002 2.368 49
2.3299999 -0.78399998 2.3670001 58
2.4630001 -0.93000001 2.3610001 68
2.6059999 -1.068 2.378 47
2.1930001 -0.588 2.3629999 46
2.3429999 -0.73199999 2.365 61
2.487 -0.87599999 2.3640001 78
2.635 -1.01 2.3800001 69
2.2 -0.54100001 2.3610001 50
2.358 -0.68099999 2.365 61
2.5020001 -0.81900001 2.358 66
2.651 -0.94800001 2.3710001 70
2.207 -0.493 2.3610001 54
2.3699999 -0.62900001 2.365 64
2.52 -0.76300001 2.358 70
2.681 -0.88999999 2.3759999 71
2.2119999 -0.44600001 2.359 48
2.375 -0.57499999 2.3570001 59
2.5380001 -0.70700002 2.358 71
2.698 -0.82800001 2.3710001 64
2.214 -0.398 2.3540001 45
2.3889999 -0.52399999 2.3610001 69
2.5539999 -0.65100002 2.358 70
2.7179999 -0.76700002 2.369 63
2.223 -0.35100001 2.358 52
2.3959999 -0.472 2.3570001 60
2.562 -0.59299999 2.352 66
2.74 -0.70599997 2.3699999 69
2.224 -0.30399999 2.355 53
2.401 -0.419 2.355 66
2.5780001 -0.53600001 2.3529999 71
2.7590001 -0.64399999 2.3710001 77
2.221 -0.257 2.348 56
2.405 -0.366 2.3499999 73
2.5840001 -0.477 2.348 56
2.7709999 -0.57999998 2.3670001 73
2.224 -0.20999999 2.348 56
2.4119999 -0.31400001 2.3510001 61
2.592 -0.419 2.345 61
2.789 -0.51700002 2.368 67
2.2219999 -0.163 2.345 50
2.4089999 -0.26100001 2.3429999 60
2.605 -0.361 2.3469999 72
2.7939999 -0.45199999 2.3610001 65
2.22 -0.116 2.342 54
2.4170001 -0.20900001 2.346 65
2.609 -0.303 2.3440001 72
2.799 -0.38699999 2.355 70
2.223 -0.07 2.3440001 57
2.4189999 -0.15700001 2.3440001 70
2.6110001 -0.244 2.3380001 71
2.8139999 -0.324 2.358 66
2.2190001 -0.024 2.342 50
2.414 -0.104 2.3380001 65
2.618 -0.186 2.3399999 77
2.816 -0.25799999 2.352 71
2.2160001 0.021 2.339 52
2.415 -0.052000001 2.3369999 68
2.6170001 -0.127 2.335 69
2.819 -0.193 2.348 71
2.211 0.067000002 2.3369999 56
2.414 0 2.336 67
2.6129999 -0.068000004 2.3280001 69
2.8269999 -0.12800001 2.3499999 69
2.2060001 0.113 2.335 51
2.4100001 0.052000001 2.3329999 66
2.618 -0.0089999996 2.3310001 66
2.829 -0.063000001 2.348 72
2.1989999 0.15800001 2.332 45
2.408 0.104 2.3329999 65
2.615 0.048999999 2.3280001 71
2.826 0.0020000001 2.3429999 67
2.1960001 0.20299999 2.3340001 63
2.401 0.156 2.3299999 57
2.6099999 0.107 2.325 63
2.826 0.067000002 2.342 66
2.187 0.248 2.329 60
2.3940001 0.207 2.326 70
2.608 0.16599999 2.325 69
2.823 0.133 2.3399999 61
2.1789999 0.292 2.3269999 60
2.3900001 0.259 2.3280001 73
2.5999999 0.22400001 2.322 76
2.8169999 0.198 2.3369999 65
2.175 0.33700001 2.3310001 57
2.382 0.31 2.326 72
2.5940001 0.28200001 2.3210001 74
2.806 0.26199999 2.3310001 74
2.165 0.382 2.3280001 61
2.372 0.361 2.323 67
2.586 0.34 2.319 75
2.7950001 0.32699999 2.3269999 85
2.1530001 0.42500001 2.3239999 63
2.3629999 0.412 2.323 69
2.575 0.398 2.316 77
2.7909999 0.39199999 2.3299999 79
2.142 0.46900001 2.323 61
2.3540001 0.463 2.323 68
2.5650001 0.456 2.316 76
2.779 0.45699999 2.3280001 84
2.1289999 0.51200002 2.319 63
2.339 0.51300001 2.3180001 70
2.5550001 0.514 2.316 74
2.7650001 0.52100003 2.325 82
2.1159999 0.55500001 2.3169999 65
2.329 0.56400001 2.3199999 74
2.54 0.57099998 2.3139999 76
2.75 0.58499998 2.322 87
2.1059999 0.59899998 2.319 63
2.3150001 0.61299998 2.3180001 65
2.5250001 0.62699997 2.312 71
2.7349999 0.648 2.3210001 92
2.092 0.64200002 2.3169999 64
2.2939999 0.66100001 2.3110001 73
2.51 0.68400002 2.312 70
2.7130001 0.71100003 2.316 64
2.079 0.685 2.316 69
2.283 0.71100003 2.3139999 67
2.487 0.73799998 2.3050001 55
2.691 0.77200001 2.313 92
2.0650001 0.727 2.3150001 60
2.2639999 0.75999999 2.3110001 55
2.47 0.79400003 2.3050001 68
2.6719999 0.83499998 2.313 93
2.0480001 0.76899999 2.313 54
2.247 0.80900002 2.3110001 72
2.4519999 0.85000002 2.306 73
2.6429999 0.89399999 2.306 93
2.03 0.81 2.309 59
2.2260001 0.85600001 2.3069999 65
2.431 0.90499997 2.3050001 74
2.6199999 0.95499998 2.3050001 94
2.0150001 0.852 2.3099999 61
2.2090001 0.90399998 2.3080001 78
2.402 0.95599997 2.2969999 69
2.596 1.016 2.3050001 92
1.994 0.89099997 2.3050001 62
2.1860001 0.94999999 2.3039999 70
2.3789999 1.01 2.2969999 68
2.563 1.073 2.2980001 86
1.978 0.93300003 2.3069999 63
2.1630001 0.99599999 2.302 75
2.3540001 1.063 2.2950001 70
2.5350001 1.132 2.2969999 83
1.955 0.972 2.3010001 59
2.1389999 1.0420001 2.3 67
2.323 1.113 2.29 65
2.5039999 1.189 2.2939999 82
1.9400001 1.0140001 2.3050001 63
2.1129999 1.086 2.2950001 66
2.2939999 1.164 2.2869999 61
2.47 1.245 2.29 81
1.918 1.053 2.3010001 62
2.085 1.13 2.2909999 62
2.266 1.214 2.286 62
2.4319999 1.298 2.2839999 79
1.897 1.092 2.3 64
2.0639999 1.176 2.2939999 69
2.234 1.263 2.283 67
2.4030001 1.355 2.2869999 71
1.868 1.128 2.2909999 65
2.0320001 1.217 2.286 62
2.2049999 1.313 2.283 67
2.365 1.408 2.2839999 75
1.846 1.166 2.29 67
2.0090001 1.263 2.289 65
2.1719999 1.3609999 2.2809999 61
2.323 1.4579999 2.2780001 76
1.822 1.204 2.2880001 63
1.977 1.304 2.2839999 64
2.135 1.406 2.2750001 68
2.2839999 1.5089999 2.2750001 77
1.799 1.242 2.2869999 64
1.946 1.344 2.28 59
2.102 1.454 2.276 73
2.244 1.5599999 2.273 78
1.774 1.279 2.2850001 62
1.9170001 1.387 2.28 53
2.0669999 1.501 2.276 69
2.204 1.6109999 2.273 77
1.752 1.319 2.2880001 57
1.888 1.428 2.2809999 59
2.03 1.545 2.273 72
2.165 1.661 2.2739999 79
1.726 1.3559999 2.2880001 59
1.853 1.466 2.2750001 64
1.993 1.589 2.2720001 66
2.118 1.706 2.2679999 85
1.6950001 1.3890001 2.2809999 65
1.824 1.5089999 2.2780001 63
1.955 1.633 2.2720001 63
2.0699999 1.749 2.2639999 83
1.668 1.424 2.279 62
1.79 1.5470001 2.277 58
1.914 1.674 2.2690001 70
2.027 1.796 2.2650001 80
1.64 1.459 2.2780001 63
1.7539999 1.5829999 2.273 59
1.873 1.715 2.267 66
1.9809999 1.84 2.2639999 85
1.609 1.493 2.2750001 67
1.72 1.622 2.273 66
1.83 1.753 2.2639999 63
1.932 1.881 2.2609999 82
1.581 1.528 2.2750001 66
1.6849999 1.659 2.2720001 63
1.7869999 1.791 2.2609999 57
1.883 1.923 2.26 72
1.55 1.561 2.273 61
1.6440001 1.691 2.266 67
1.7460001 1.831 2.263 66
1.832 1.961 2.257 66
1.518 1.5930001 2.2690001 59
1.6109999 1.73 2.27 64
1.699 1.8660001 2.2579999 64
1.78 1.997 2.253 66
1.488 1.627 2.27 65
1.573 1.7640001 2.2690001 62
1.653 1.9 2.2550001 59
1.735 2.0409999 2.2590001 73
1.455 1.659 2.2679999 63
1.53 1.793 2.2609999 59
1.609 1.937 2.256 63
1.676 2.069 2.2490001 81
1.4220001 1.6900001 2.266 65
1.493 1.83 2.2650001 69
1.563 1.971 2.256 72
1.624 2.105 2.25 75
1.393 1.727 2.2709999 62
1.4529999 1.862 2.263 65
1.5140001 2.0009999 2.2520001 58
1.574 2.142 2.253 78
1.357 1.755 2.267 59
1.413 1.893 2.263 64
1.4680001 2.0339999 2.253 56
1.5190001 2.1730001 2.2520001 73
1.321 1.784 2.2639999 59
1.372 1.924 2.2620001 54
1.42 2.066 2.2539999 58
1.4630001 2.201 2.2490001 70
1.286 1.813 2.263 59
1.3279999 1.951 2.2579999 60
1.37 2.0929999 2.2509999 57
1.409 2.2320001 2.2509999 61
1.25 1.8430001 2.2620001 55
1.285 1.979 2.2579999 59
1.321 2.122 2.2509999 65
1.354 2.2620001 2.2520001 67
1.2130001 1.8710001 2.2620001 48
1.242 2.007 2.257 58
1.271 2.1489999 2.25 59
1.296 2.2839999 2.2479999 61
1.176 1.899 2.2609999 57
1.196 2.0320001 2.253 52
1.219 2.171 2.2460001 49
1.24 2.312 2.2509999 60
1.136 1.924 2.256 54
1.152 2.0569999 2.2520001 49
1.173 2.2060001 2.256 38
1.182 2.3340001 2.25 37
1.097 1.949 2.2539999 54
1.108 2.0829999 2.253 47
1.119 2.227 2.2520001 34
1.124 2.355 2.2490001 37
1.059 1.977 2.2550001 55
1.0650001 2.1129999 2.2579999 39
1.0650001 2.244 2.247 35
1.067 2.3770001 2.2509999 36
1.018 2 2.253 54
1.02 2.138 2.2590001 38
1.0140001 2.2679999 2.25 36
1.008 2.395 2.25 37
0.97799999 2.0239999 2.25 55
0.97399998 2.1619999 2.26 35
0.96100003 2.286 2.2479999 36
0.949 2.4119999 2.25 37
0.93699998 2.0480001 2.2509999 55
0.926 2.181 2.257 37
0.90600002 2.3010001 2.244 35
0.889 2.425 2.2479999 36
0.89499998 2.0699999 2.2479999 46
0.87699997 2.1989999 2.2539999 36
0.85399997 2.323 2.2490001 34
0.83099997 2.4449999 2.253 36
0.85299999 2.0910001 2.2460001 44
0.829 2.2179999 2.2539999 36
0.79900002 2.3369999 2.247 35
0.76899999 2.447 2.243 37
0.81099999 2.115 2.2490001 38
0.77999997 2.2360001 2.2539999 35
0.74400002 2.348 2.243 37
0.70899999 2.46 2.2449999 39
0.76899999 2.1400001 2.253 37
0.73100001 2.2520001 2.2520001 36
0.69099998 2.3659999 2.2479999 35
0.64700001 2.46 2.237 63
0.72600001 2.1619999 2.253 35
0.68300003 2.2709999 2.2550001 37
0.63200003 2.3629999 2.233 56
0.58600003 2.461 2.23 60
0.68199998 2.1819999 2.2539999 35
0.62900001 2.273 2.2409999 56
0.57700002 2.3740001 2.234 53
0.528 2.471 2.234 59
0.63300002 2.1900001 2.2420001 43
0.579 2.286 2.24 60
0.523 2.3859999 2.237 55
0.46700001 2.47 2.2279999 59
0.588 2.2049999 2.2390001 55
0.52899998 2.299 2.2390001 57
0.46799999 2.392 2.234 56
0.40799999 2.4719999 2.2279999 62
0.542 2.2260001 2.243 55
0.47799999 2.3099999 2.2390001 55
0.412 2.3970001 2.233 57
0.34900001 2.473 2.227 57
0.495 2.2360001 2.237 53
0.42699999 2.3150001 2.233 61
0.35699999 2.405 2.2360001 61
0.28999999 2.4749999 2.2290001 64
0.449 2.2520001 2.2390001 57
0.377 2.3280001 2.2360001 56
0.30199999 2.405 2.2309999 56
0.23100001 2.4690001 2.224 64
0.40099999 2.2639999 2.2360001 57
0.32499999 2.336 2.2349999 59
0.24699999 2.408 2.2309999 56
0.17299999 2.47 2.2279999 61
0.35299999 2.2750001 2.233 55
0.273 2.339 2.2309999 59
0.192 2.4100001 2.2320001 57
0.115 2.4690001 2.2309999 72
0.30500001 2.2909999 2.237 58
0.222 2.349 2.2349999 57
0.13699999 2.4089999 2.2309999 56
0.057 2.4560001 2.224 52
0.257 2.3010001 2.2360001 59
0.17 2.3529999 2.234 59
0.082000002 2.4070001 2.23 53
0 2.45 2.2260001 67
0.207 2.309 2.234 57
0.118 2.3540001 2.2309999 61
0.027000001 2.4059999 2.2320001 54
-0.056000002 2.444 2.2279999 62
0.15800001 2.3180001 2.234 64
0.066 2.359 2.2320001 53
-0.026000001 2.4030001 2.233 55
-0.113 2.4319999 2.2260001 58
0.109 2.326 2.233 56
0.014 2.3610001 2.2320001 58
-0.079999998 2.3940001 2.2290001 54
-0.168 2.4200001 2.2249999 57
0.057999998 2.3280001 2.2279999 45
-0.035999998 2.3570001 2.2279999 58
-0.134 2.3889999 2.23 57
-0.22400001 2.4059999 2.223 57
0.0080000004 2.336 2.23 58
-0.089000002 2.3570001 2.2290001 62
-0.18799999 2.3800001 2.2279999 56
-0.27900001 2.391 2.223 60
-0.041000001 2.3380001 2.227 56
-0.141 2.358 2.2320001 57
-0.241 2.365 2.223 60
-0.33399999 2.3800001 2.2279999 59
-0.093000002 2.3440001 2.23 55
-0.193 2.3499999 2.227 59
-0.29499999 2.3629999 2.2309999 55
-0.38699999 2.3610001 2.2249999 59
-0.14399999 2.342 2.2260001 55
-0.245 2.3469999 2.2290001 56
-0.347 2.348 2.227 61
-0.44 2.339 2.221 57
-0.19499999 2.3429999 2.2249999 52
-0.29699999 2.339 2.2260001 59
-0.40000001 2.335 2.227 61
-0.493 2.3239999 2.2249999 59
-0.24699999 2.3440001 2.2260001 58
-0.34900001 2.3329999 2.2260001 57
-0.45199999 2.3239999 2.2290001 59
-0.54500002 2.3039999 2.2249999 49
-0.29800001 2.3399999 2.223 56
-0.40000001 2.326 2.227 60
-0.50300002 2.303 2.223 56
-0.59500003 2.279 2.221 65
-0.34999999 2.3429999 2.2279999 55
-0.45199999 2.3169999 2.227 61
-0.55400002 2.289 2.2249999 47
-0.64600003 2.2609999 2.2249999 51
-0.40200001 2.339 2.2260001 59
-0.50400001 2.309 2.23 57
-0.60500002 2.2750001 2.2279999 57
-0.69599998 2.2379999 2.2260001 57
-0.45300001 2.3310001 2.223 57
-0.55500001 2.296 2.2279999 51
-0.65499997 2.2550001 2.2279999 51
-0.74299997 2.2090001 2.2219999 58
-0.50700003 2.329 2.2260001 53
-0.60500002 2.2820001 2.2260001 61
-0.704 2.233 2.224 57
-0.79100001 2.1830001 2.221 64
-0.55900002 2.3210001 2.2260001 50
-0.65600002 2.267 2.2260001 56
-0.75400001 2.2149999 2.227 59
-0.838 2.158 2.224 65
-0.60900003 2.3080001 2.221 54
-0.70700002 2.2550001 2.2279999 53
-0.80199999 2.194 2.2279999 59
-0.884 2.128 2.221 63
-0.66299999 2.3039999 2.2260001 56
-0.75700003 2.2379999 2.227 54
-0.84899998 2.1689999 2.2249999 59
-0.92900002 2.099 2.221 68
-0.71399999 2.289 2.2219999 54
-0.80599999 2.2179999 2.2249999 58
-0.89700001 2.148 2.2290001 63
-0.97399998 2.0699999 2.2219999 60
-0.76599997 2.277 2.2219999 52
-0.85600001 2.204 2.2290001 59
-0.94099998 2.1170001 2.223 63
-1.017 2.039 2.221 59
-0.81699997 2.26 2.2179999 50
-0.90399998 2.1800001 2.2249999 58
-0.98799998 2.0929999 2.2249999 61
-1.061 2.0120001 2.2260001 59
-0.86900002 2.2460001 2.2190001 57
-0.95200002 2.1589999 2.2249999 57
-1.034 2.069 2.2279999 63
-1.102 1.978 2.224 56
-0.92000002 2.2309999 2.2190001 52
-1.002 2.141 2.2290001 56
-1.077 2.0380001 2.224 56
-1.14 1.942 2.22 61
-0.97399998 2.22 2.2260001 58
-1.048 2.115 2.2249999 57
-1.119 2.0079999 2.223 60
-1.181 1.909 2.221 53
-1.024 2.2 2.224 56
-1.095 2.0899999 2.2249999 58
-1.164 1.9809999 2.2260001 60
-1.22 1.875 2.2219999 65
-1.073 2.1760001 2.2190001 61
-1.14 2.0639999 2.224 60
-1.205 1.95 2.2260001 60
-1.2589999 1.8430001 2.2260001 64
-1.124 2.1559999 2.22 59
-1.186 2.0369999 2.223 52
-1.2460001 1.918 2.2249999 58
-1.295 1.806 2.2249999 68
-1.171 2.1300001 2.2160001 47
-1.229 2.007 2.22 62
-1.288 1.8890001 2.2290001 63
-1.332 1.771 2.2260001 69
-1.22 2.1059999 2.2149999 57
-1.277 1.984 2.2249999 58
-1.3279999 1.8559999 2.2290001 59
-1.3660001 1.733 2.2260001 63
-1.27 2.082 2.2160001 56
-1.318 1.95 2.221 65
-1.365 1.8200001 2.227 57
-1.401 1.697 2.2279999 69
-1.317 2.0539999 2.214 55
-1.3609999 1.92 2.221 65
-1.405 1.788 2.23 61
-1.4349999 1.66 2.23 68
-1.365 2.027 2.214 61
-1.406 1.892 2.2249999 60
-1.442 1.753 2.2309999 58
-1.464 1.619 2.227 64
-1.415 2.0009999 2.217 62
-1.447 1.858 2.223 58
-1.474 1.712 2.2249999 58
-1.497 1.582 2.2309999 64
-1.459 1.9680001 2.2130001 56
-1.4859999 1.823 2.221 63
-1.512 1.679 2.23 62
-1.528 1.544 2.233 69
-1.5039999 1.9349999 2.211 57
-1.527 1.79 2.2219999 65
-1.5470001 1.642 2.2309999 62
-1.5549999 1.502 2.2309999 67
-1.55 1.905 2.2130001 64
-1.569 1.757 2.2249999 57
-1.582 1.605 2.234 62
-1.585 1.464 2.234 69
-1.597 1.873 2.2149999 58
-1.603 1.716 2.2190001 57
-1.6160001 1.568 2.237 63
-1.609 1.42 2.2309999 66
-1.641 1.8380001 2.2149999 58
-1.648 1.686 2.2290001 64
-1.648 1.529 2.237 64
-1.635 1.3789999 2.2320001 69
-1.689 1.808 2.221 63
-1.6849999 1.648 2.2290001 68
-1.675 1.4859999 2.234 66
-1.664 1.341 2.2390001 64
-1.729 1.768 2.217 59
-1.72 1.608 2.2279999 60
-1.706 1.447 2.2360001 66
-1.683 1.296 2.233 61
-1.7690001 1.729 2.2160001 60
-1.756 1.569 2.23 59
-1.737 1.4069999 2.2379999 66
-1.707 1.255 2.2349999 62
-1.811 1.691 2.217 53
-1.791 1.53 2.2309999 63
-1.7640001 1.365 2.2379999 64
-1.732 1.215 2.2409999 61
-1.851 1.651 2.217 62
-1.824 1.488 2.23 55
-1.794 1.325 2.243 65
-1.753 1.1720001 2.2409999 63
-1.8890001 1.609 2.2160001 60
-1.8559999 1.4450001 2.23 61
-1.8200001 1.283 2.2449999 66
-1.774 1.131 2.244 62
-1.9299999 1.568 2.2190001 58
-1.887 1.403 2.23 60
-1.8430001 1.239 2.243 57
-1.796 1.089 2.2490001 64
-1.97 1.527 2.2219999 65
-1.919 1.3609999 2.2320001 60
-1.868 1.196 2.244 61
-1.808 1.043 2.2420001 66
-2.0009999 1.479 2.217 61
-1.95 1.317 2.2349999 61
-1.892 1.153 2.2460001 60
-1.826 1 2.2449999 67
-2.04 1.436 2.221 64
-1.979 1.273 2.2349999 61
-1.913 1.108 2.2460001 73
-1.845 0.958 2.2490001 71
-2.075 1.391 2.223 69
-2.006 1.227 2.2360001 62
-1.937 1.0650001 2.2509999 70
-1.859 0.91399997 2.2490001 65
-2.1059999 1.3430001 2.221 63
-2.0320001 1.1799999 2.2349999 58
-1.955 1.0190001 2.25 67
-1.869 0.86900002 2.2449999 63
-2.1429999 1.2970001 2.2260001 63
-2.0599999 1.136 2.24 65
-1.971 0.97299999 2.247 72
-1.885 0.82700002 2.25 62
-2.174 1.248 2.227 66
-2.0829999 1.087 2.2379999 67
-1.992 0.92900002 2.2509999 70
-1.895 0.78200001 2.2490001 65
-2.201 1.198 2.2249999 61
-2.108 1.041 2.2409999 66
-2.006 0.88200003 2.2490001 65
-1.905 0.73799998 2.2479999 70
-2.233 1.149 2.2290001 68
-2.1300001 0.99199998 2.2420001 66
-2.023 0.83600003 2.2509999 67
-1.9170001 0.69499999 2.2520001 70
-2.26 1.097 2.23 67
-2.1470001 0.94199997 2.2390001 67
-2.0380001 0.79000002 2.2520001 69
-1.928 0.65200001 2.2539999 69
-2.2869999 1.046 2.2309999 68
-2.1700001 0.89399999 2.243 71
-2.052 0.74400002 2.2539999 69
-1.934 0.60699999 2.2520001 66
-2.3110001 0.99299997 2.2309999 63
-2.187 0.84399998 2.2420001 64
-2.0639999 0.69700003 2.2539999 70
-1.9450001 0.565 2.257 61
-2.335 0.93900001 2.2320001 65
-2.2060001 0.79400003 2.2449999 69
-2.0780001 0.64999998 2.257 65
-1.951 0.52100003 2.2579999 59
-2.3559999 0.884 2.2320001 70
-2.224 0.74400002 2.247 67
-2.0899999 0.60399997 2.26 67
-1.957 0.477 2.2590001 59
-2.3770001 0.82999998 2.233 67
-2.24 0.69300002 2.2479999 66
-2.096 0.55599999 2.256 72
-1.9630001 0.43399999 2.2620001 61
-2.398 0.77499998 2.2360001 63
-2.2449999 0.63999999 2.2409999 67
-2.1110001 0.50999999 2.2639999 67
-1.969 0.391 2.2639999 63
-2.4130001 0.71899998 2.233 67
-2.266 0.58999997 2.25 62
-2.1159999 0.46200001 2.263 70
-1.967 0.347 2.2590001 68
-2.4319999 0.66299999 2.237 56
-2.2780001 0.53799999 2.2509999 64
-2.122 0.41499999 2.263 70
-1.976 0.30500001 2.2679999 66
-2.448 0.60600001 2.2379999 60
-2.2880001 0.48699999 2.2520001 65
-2.1300001 0.368 2.2679999 73
-1.979 0.26199999 2.2709999 65
-2.4630001 0.54900002 2.24 64
-2.2980001 0.43399999 2.2539999 66
-2.135 0.32100001 2.2690001 74
-1.973 0.219 2.2650001 71
-2.477 0.49200001 2.243 67
-2.3080001 0.382 2.257 72
-2.138 0.273 2.2690001 69
-1.982 0.177 2.276 67
-2.4909999 0.435 2.247 60
-2.312 0.329 2.2550001 68
-2.1440001 0.226 2.2739999 74
-1.977 0.134 2.2720001 68
-2.497 0.37599999 2.2449999 57
-2.319 0.27700001 2.2579999 66
-2.1440001 0.17900001 2.273 68
-1.976 0.092 2.2739999 68
-2.5150001 0.31799999 2.2539999 62
-2.323 0.22400001 2.2590001 67
-2.145 0.132 2.2750001 71
-1.975 0.050000001 2.277 67
-2.5139999 0.259 2.2490001 61
-2.3269999 0.171 2.26 64
-2.1470001 0.083999999 2.279 72
-1.973 0.0080000004 2.279 61
-2.5220001 0.2 2.253 64
-2.3310001 0.118 2.2639999 74
-2.145 0.037 2.279 74
-1.9680001 -0.033 2.279 63
-2.5250001 0.141 2.2539999 54
-2.336 0.064999998 2.27 70
-2.1400001 -0.0089999996 2.276 57
-1.964 -0.074000001 2.2809999 63
-2.5309999 0.082000002 2.2590001 63
-2.3299999 0.012 2.266 56
-2.1459999 -0.056000002 2.2880001 67
-1.96 -0.116 2.2839999 64
-2.529 0.022 2.2579999 53
-2.332 -0.039000001 2.2709999 64
-2.141 -0.102 2.2880001 68
-1.955 -0.15700001 2.286 68
-2.5309999 -0.035999998 2.2620001 61
-2.3310001 -0.092 2.2739999 68
-2.135 -0.149 2.2880001 74
-1.949 -0.198 2.2880001 71
-2.53 -0.096000001 2.2650001 58
-2.322 -0.145 2.2709999 63
-2.1289999 -0.19499999 2.289 71
-1.938 -0.23800001 2.2850001 71
-2.5239999 -0.155 2.2639999 59
-2.322 -0.198 2.277 70
-2.122 -0.241 2.2909999 72
-1.931 -0.278 2.2880001 77
-2.5239999 -0.214 2.2709999 61
-2.3150001 -0.25 2.279 69
-2.112 -0.287 2.29 65
-1.9220001 -0.31799999 2.2880001 68
-2.516 -0.273 2.2720001 61
-2.3050001 -0.30199999 2.2780001 65
-2.105 -0.333 2.293 69
-1.811 -0.33899999 2.168 72
-2.5050001 -0.33199999 2.2720001 56
-2.299 -0.35499999 2.283 67
-2.095 -0.37900001 2.2950001 69
-1.904 -0.398 2.293 75
-2.5 -0.391 2.277 59
-2.289 -0.40599999 2.2839999 67
-2.085 -0.42399999 2.296 70
-1.897 -0.43799999 2.2980001 69
-2.4879999 -0.449 2.279 65
-2.2809999 -0.45899999 2.289 73
-2.0780001 -0.47 2.303 67
-1.886 -0.477 2.3 65
-2.4760001 -0.50800002 2.2820001 61
-2.27 -0.51099998 2.2920001 59
-2.066 -0.514 2.3039999 66
-1.8710001 -0.51499999 2.2980001 74
-2.4630001 -0.56599998 2.2850001 61
-2.2550001 -0.56099999 2.293 74
-2.053 -0.55900002 2.306 64
-1.862 -0.55500001 2.3039999 68
-2.6659999 -0.67900002 2.4909999 71
-2.359 -0.64399999 2.4159999 150
-2.036 -0.602 2.3050001 57
-1.141 -0.36500001 1.4220001 13
-2.658 -0.74400002 2.503 60
-1.192 -0.35499999 1.2309999 2
-1.135 -0.36300001 1.295 11
-1.128 -0.38699999 1.4170001 33
-2.638 -0.80599999 2.5050001 61
-1.191 -0.384 1.24 9
-1.13 -0.38800001 1.3 72
-1.969 -0.72299999 2.4960001 67
-2.6070001 -0.86400002 2.4990001 72
-1.1849999 -0.412 1.2460001 14
-1.096 -0.403 1.273 3
-1.959 -0.76599997 2.506 65
-2.576 -0.92199999 2.494 72
-2.3469999 -0.87599999 2.49 70
-2.141 -0.84100002 2.5090001 60
-1.942 -0.80599999 2.507 62
-2.5469999 -0.98000002 2.493 69
-2.323 -0.92799997 2.4909999 66
-2.1240001 -0.88800001 2.5150001 66
-1.926 -0.84600002 2.51 62
-2.516 -1.036 2.49 70
-2.299 -0.97899997 2.4920001 75
-2.1059999 -0.935 2.52 68
-1.909 -0.88599998 2.5139999 59
-2.4890001 -1.094 2.493 63
-2.2780001 -1.0319999 2.497 68
-2.0840001 -0.98000002 2.5209999 63
-1.8890001 -0.92500001 2.5139999 60
-2.4619999 -1.153 2.4979999 57
-2.2539999 -1.0829999 2.5009999 70
-2.062 -1.025 2.5239999 62
-1.872 -0.96499997 2.52 54
-2.4319999 -1.209 2.5009999 55
-2.2249999 -1.132 2.5009999 62
-2.039 -1.069 2.526 60
-1.851 -1.003 2.5190001 55
-2.401 -1.265 2.5039999 56
-2.2049999 -1.186 2.513 67
-2.017 -1.114 2.53 66
-1.831 -1.0420001 2.5220001 60
-2.365 -1.318 2.503 48
-2.1819999 -1.238 2.5220001 58
-1.9910001 -1.156 2.5320001 66
-1.812 -1.08 2.526 53
-2.3440001 -1.38 2.5209999 49
-2.1530001 -1.2869999 2.5250001 62
-1.97 -1.202 2.54 61
-1.7920001 -1.119 2.5309999 60
-2.313 -1.436 2.529 45
-2.118 -1.331 2.5220001 51
-1.943 -1.243 2.54 62
-1.767 -1.155 2.529 58
-2.28 -1.4910001 2.5369999 44
-2.0910001 -1.381 2.5309999 67
-1.914 -1.284 2.5409999 61
-1.7460001 -1.193 2.5350001 55
-2.24 -1.541 2.539 43
-2.0599999 -1.429 2.536 55
-1.886 -1.325 2.543 62
-1.724 -1.2309999 2.539 65
-2.198 -1.59 2.5380001 44
-2.029 -1.476 2.5420001 56
-1.848 -1.359 2.5339999 57
-1.698 -1.266 2.539 62
-2.161 -1.642 2.546 43
-1.99 -1.5190001 2.5409999 57
-1.8200001 -1.4 2.5380001 69
-1.677 -1.3049999 2.5469999 61
-2.1159999 -1.688 2.546 45
-1.9529999 -1.561 2.5420001 56
-1.798 -1.446 2.552 56
-1.651 -1.34 2.5480001 60
-2.069 -1.732 2.5450001 48
-1.916 -1.604 2.5450001 58
-1.768 -1.4859999 2.556 55
-1.622 -1.373 2.546 60
0 0 0 0
-1.878 -1.646 2.5469999 57
-1.735 -1.523 2.5569999 56
-1.586 -1.4 2.533 33
-0.63700002 -0.58600003 0.82099998 2
-1.842 -1.688 2.553 65
-1.704 -1.562 2.562 57
-1.573 -1.446 2.5569999 69
-0.616 -0.59399998 0.81300002 6
-1.801 -1.728 2.5550001 65
-1.671 -1.599 2.5639999 58
-1.544 -1.479 2.5569999 50
-0.59100002 -0.597 0.801 6
-1.761 -1.768 2.559 68
-1.635 -1.6339999 2.5639999 56
-1.515 -1.513 2.5599999 61
-0.56900001 -0.60299999 0.79299998 8
0 0 0 0
-1.604 -1.674 2.573 63
-1.484 -1.544 2.559 56
-0.55199999 -0.61299998 0.79100001 8
-0.54299998 -0.597 0.83099997 2
-1.564 -1.704 2.569 56
-1.4529999 -1.576 2.559 60
-0.53600001 -0.62400001 0.792 8
-0.52700001 -0.60600001 0.82800001 4
-1.524 -1.734 2.5650001 56
-1.423 -1.607 2.5599999 63
-0.52100003 -0.63700002 0.79400003 8
-0.505 -0.60799998 0.81599998 5
-1.4859999 -1.767 2.566 57
-1.392 -1.6390001 2.563 50
-0.50300002 -0.64499998 0.79100001 8
-0.48199999 -0.60799998 0.80299997 5
-1.447 -1.7970001 2.566 55
-1.359 -1.669 2.562 60
-0.486 -0.65399998 0.79100001 7
-0.465 -0.61299998 0.79699999 6
0 0 0 0
-1.324 -1.696 2.559 57
-0.47099999 -0.66600001 0.79400003 7
-0.44999999 -0.62300003 0.79799998 6
0 0 0 2
-1.291 -1.726 2.5610001 59
-0.454 -0.67500001 0.79500002 8
-0.435 -0.63099998 0.79699999 6
0 0 0 4
-1.257 -1.7539999 2.5610001 58
-0.43799999 -0.68400002 0.796 8
-0.42300001 -0.64499998 0.80299997 6
0 0 0 5
-1.225 -1.7869999 2.5669999 60
-0.419 -0.69099998 0.79400003 8
-0.40599999 -0.64999998 0.80000001 6
0 0 0 5
-1.1900001 -1.8150001 2.569 61
-0.40099999 -0.69700003 0.79299998 8
-0.38999999 -0.65600002 0.79799998 6
0 0 0 6
-1.153 -1.84 2.566 57
-0.38600001 -0.70899999 0.79799998 8
-0.37400001 -0.66399997 0.79799998 6
0 0 0 7
0 0 0 0
-0.37 -0.71799999 0.801 8
-0.359 -0.67199999 0.79900002 6
0 0 0 7
0 0 0 2
-0.35299999 -0.727 0.80500001 7
-0.34400001 -0.67900002 0.80000001 6
0 0 0 7
0 0 0 5
-0.33399999 -0.73100001 0.80299997 8
-0.32699999 -0.68400002 0.79799998 6
0 0 0 7
0 0 0 8
-0.31600001 -0.736 0.80299997 7
-0.31200001 -0.69300002 0.801 6
0 0 0 7
0 0 0 6
-0.29800001 -0.74000001 0.80199999 7
-0.29699999 -0.70099998 0.80500001 6
0 0 0 6
0 0 0 8
-0.28 -0.745 0.80400002 7
-0.28 -0.70300001 0.80000001 6
0 0 0 7
0 0 0 8
-0.26199999 -0.74900001 0.80400002 7
-0.264 -0.708 0.801 6
0 0 0 7
0 0 0 9
-0.244 -0.75400001 0.80599999 7
-0.24699999 -0.713 0.80199999 6
0 0 0 7
0 0 0 9
-0.22499999 -0.755 0.80299997 7
-0.23199999 -0.72100002 0.80500001 6
0 0 0 7
0 0 0 7
-0.20900001 -0.76300001 0.81 7
-0.21600001 -0.72500002 0.80599999 6
0 0 0 7
0 0 0 7
-0.18799999 -0.75700003 0.801 7
-0.199 -0.72799999 0.80599999 7
0 0 0 7
0 0 0 7
-0.171 -0.76200002 0.80500001 7
-0.182 -0.72799999 0.80199999 7
0 0 0 7
0 0 0 7
-0.153 -0.76700002 0.80900002 7
-0.16599999 -0.73500001 0.80599999 7
0 0 0 7
0 0 0 7
-0.13500001 -0.76499999 0.80599999 7
-0.149 -0.736 0.80500001 7
0 0 0 7
0 0 0 7
-0.117 -0.76700002 0.80800003 8
0 0 0 7
0 0 0 7
0 0 0 7
-0.098999999 -0.764 0.80500001 7
0 0 0 7
0 0 0 7
0 0 0 7
-0.081 -0.76599997 0.80800003 8
0 0 0 7
0 0 0 7
0 0 0 7
-0.063000001 -0.76700002 0.81 8
0 0 0 7
0 0 0 7
0 0 0 7
-0.046 -0.76599997 0.81199998 8
0 0 0 7
0 0 0 7
0 0 0 8
-0.028000001 -0.764 0.81099999 8
0 0 0 7
0 0 0 7
0 0 0 7
-0.011 -0.759 0.80800003 8
0 0 0 7
0 0 0 7
0 0 0 7
0.0060000001 -0.759 0.81099999 8
0 0 0 7
0 0 0 7
0 0 0 7
0 0 0 8
0 0 0 7
0 0 0 7
0 0 0 7
0 0 0 7
0 0 0 7
0 0 0 7
0 0 0 7
0 0 0 7
0 0 0 7
0 0 0 7
0 0 0 8
0 0 0 7
0 0 0 7
0 0 0 7
0 0 0 7
0 0 0 7
0 0 0 7
0 0 0 7
0 0 0 7
0 0 0 7
0 0 0 6
0 0 0 7
0 0 0 7
0 0 0 7
0 0 0 6
0 0 0 7
0 0 0 7
0 0 0 7
0 0 0 6
0 0 0 7
0 0 0 7
0 0 0 7
0 0 0 6
0 0 0 7
0 0 0 7
0 0 0 7
0 0 0 6
0 0 0 7
0 0 0 7
0 0 0 7
0 0 0 6
0 0 0 7
0 0 0 7
0 0 0 7
0 0 0 6
0 0 0 7
0 0 0 7
0 0 0 7
0 0 0 6
0 0 0 6
0 0 0 7
0 0 0 7
0 0 0 6
0 0 0 6
0 0 0 7
0 0 0 5
0 0 0 6
0 0 0 6
0 0 0 7
0 0 0 6
0 0 0 6
0 0 0 6
0 0 0 7
0 0 0 5
0 0 0 5
0 0 0 6
0 0 0 7
0 0 0 1
0 0 0 5
0 0 0 7
0.228 -0.722 0.81199998 7
0 0 0 6
0 0 0 5
0 0 0 6
0.244 -0.71899998 0.81199998 7
0.99699998 -2.03 2.595 45
0 0 0 6
0 0 0 6
0.25999999 -0.71499997 0.81099999 7
1.038 -2.0009999 2.596 43
0 0 0 2
0 0 0 6
0.27599999 -0.70999998 0.81 7
1.079 -1.971 2.595 43
0 0 0 7
0 0 0 5
0.29300001 -0.70700002 0.81099999 7
1.117 -1.9400001 2.5940001 41
1.075 -2.049 2.5880001 51
0 0 0 6
0.30899999 -0.70200002 0.81099999 7
1.1569999 -1.911 2.596 43
1.118 -2.0220001 2.5869999 48
0 0 0 5
0.324 -0.69499999 0.80800003 7
1.193 -1.877 2.5929999 41
1.1619999 -1.997 2.589 46
0 0 0 1
0.34299999 -0.69400001 0.81300002 6
1.232 -1.847 2.5969999 41
1.205 -1.971 2.5910001 53
0 0 0 9
0.36399999 -0.699 0.82599998 6
1.268 -1.814 2.596 43
1.2460001 -1.942 2.592 49
1.22 -2.0669999 2.5910001 48
0.382 -0.69400001 0.82700002 7
1.304 -1.781 2.598 42
1.2869999 -1.913 2.592 48
1.266 -2.0409999 2.5899999 50
0.40400001 -0.69800001 0.83999997 6
1.339 -1.748 2.5999999 43
1.3279999 -1.8839999 2.5929999 48
1.311 -2.0139999 2.589 47
0.42199999 -0.69300002 0.84299999 2
1.368 -1.7079999 2.5910001 40
1.367 -1.852 2.592 45
1.3609999 -1.993 2.5969999 47
1.351 -2.112 2.5969999 5
1.4 -1.673 2.5910001 41
1.4069999 -1.823 2.595 49
1.402 -1.96 2.5899999 49
1.401 -2.0869999 2.5969999 57
1.434 -1.64 2.5940001 41
1.444 -1.789 2.5929999 45
1.444 -1.928 2.586 47
1.454 -2.0650001 2.6010001 50
1.464 -1.602 2.5910001 40
1.48 -1.7539999 2.5910001 48
1.487 -1.897 2.585 46
1.502 -2.036 2.599 48
1.492 -1.5650001 2.589 43
1.515 -1.719 2.5880001 44
1.529 -1.865 2.5829999 45
1.551 -2.007 2.598 50
1.522 -1.529 2.5899999 41
1.551 -1.684 2.5880001 42
1.5700001 -1.832 2.5810001 45
1.597 -1.973 2.5940001 48
1.548 -1.489 2.585 43
1.5829999 -1.646 2.5829999 46
1.617 -1.804 2.5880001 47
1.647 -1.946 2.598 48
1.574 -1.451 2.5840001 50
1.624 -1.617 2.5929999 49
1.653 -1.765 2.5810001 49
1.693 -1.911 2.595 48
1.5650001 -1.382 2.5250001 150
1.65 -1.573 2.5810001 42
1.691 -1.728 2.5769999 46
1.744 -1.883 2.6010001 49
1.52 -1.286 2.415 126
1.681 -1.534 2.5780001 42
1.733 -1.694 2.5799999 54
1.788 -1.845 2.5969999 47
1.5190001 -1.23 2.3770001 42
1.7180001 -1.501 2.586 49
1.774 -1.659 2.5829999 46
1.8329999 -1.809 2.5969999 46
1.539 -1.193 2.3729999 47
1.738 -1.454 2.5699999 79
1.807 -1.617 2.575 50
1.878 -1.772 2.5969999 50
1.562 -1.158 2.375 50
1.678 -1.3430001 2.438 150
1.844 -1.5779999 2.576 53
1.92 -1.7309999 2.5940001 50
1.579 -1.12 2.369 47
1.663 -1.273 2.3770001 55
1.883 -1.541 2.579 48
1.961 -1.6900001 2.5910001 49
1.602 -1.086 2.3740001 53
1.683 -1.2309999 2.368 50
1.914 -1.497 2.573 53
2.0079999 -1.654 2.5969999 45
1.62 -1.05 2.3729999 49
1.7079999 -1.194 2.3670001 52
1.876 -1.401 2.4749999 150
2.0450001 -1.607 2.5910001 54
1.64 -1.0140001 2.375 41
1.7359999 -1.158 2.372 56
1.8430001 -1.3150001 2.391 86
2.082 -1.562 2.586 59
1.658 -0.977 2.375 46
1.755 -1.117 2.3640001 57
1.858 -1.2640001 2.3710001 45
2.1229999 -1.5190001 2.5869999 59
1.677 -0.94099998 2.3770001 63
1.779 -1.079 2.3659999 61
1.8890001 -1.225 2.3729999 49
2.1010001 -1.433 2.5150001 150
1.6900001 -0.903 2.372 56
1.808 -1.044 2.3740001 51
1.914 -1.182 2.368 46
2.0309999 -1.318 2.3900001 74
1.707 -0.866 2.3740001 57
1.8279999 -1.0039999 2.372 53
1.941 -1.14 2.3659999 47
2.0539999 -1.268 2.3770001 44
1.719 -0.82800001 2.3699999 53
1.845 -0.96200001 2.3670001 62
1.971 -1.099 2.3699999 51
2.0869999 -1.224 2.3770001 50
1.73 -0.78899997 2.3659999 59
1.868 -0.92299998 2.3710001 60
1.997 -1.057 2.3699999 39
2.119 -1.178 2.3770001 54
1.744 -0.75199997 2.3670001 57
1.885 -0.88200003 2.368 63
2.0209999 -1.012 2.369 54
2.1530001 -1.1339999 2.381 62
1.756 -0.71399999 2.365 61
1.901 -0.83999997 2.365 66
2.0469999 -0.96899998 2.3710001 63
2.1789999 -1.085 2.3770001 43
1.766 -0.676 2.362 59
1.919 -0.79900002 2.3659999 63
2.0699999 -0.92400002 2.3699999 62
2.2079999 -1.0369999 2.3770001 55
1.779 -0.639 2.3640001 59
1.931 -0.75599998 2.3599999 66
2.0840001 -0.87599999 2.3610001 61
2.2360001 -0.98900002 2.378 65
1.789 -0.60100001 2.3629999 58
1.946 -0.71399999 2.359 69
2.108 -0.83200002 2.3640001 57
2.2590001 -0.93800002 2.3740001 60
1.7970001 -0.56199998 2.3610001 53
1.962 -0.67199999 2.3599999 65
2.1270001 -0.78500003 2.3629999 59
2.283 -0.88700002 2.3729999 69
1.809 -0.52499998 2.3629999 58
1.974 -0.62900001 2.358 66
2.145 -0.73699999 2.3610001 55
2.3050001 -0.83600003 2.3710001 66
1.8150001 -0.48699999 2.3599999 54
1.985 -0.58600003 2.355 73
2.1570001 -0.68800002 2.355 61
2.325 -0.78299999 2.369 70
1.816 -0.447 2.3499999 58
1.997 -0.54299998 2.3540001 71
2.1730001 -0.64099997 2.3540001 61
2.3440001 -0.73000002 2.3659999 67
1.822 -0.40900001 2.348 48
2.0079999 -0.5 2.3540001 71
2.188 -0.59200001 2.3529999 61
2.3629999 -0.67699999 2.365 66
1.832 -0.37200001 2.3529999 56
2.0150001 -0.456 2.3499999 63
2.2019999 -0.54400003 2.352 61
2.3789999 -0.62300003 2.3629999 69
1.837 -0.333 2.3510001 55
2.0250001 -0.41299999 2.3499999 63
2.22 -0.49599999 2.3559999 60
2.395 -0.56900001 2.3610001 63
1.8380001 -0.29499999 2.3440001 60
2.0320001 -0.36899999 2.348 65
2.2249999 -0.44499999 2.349 46
2.4119999 -0.514 2.362 64
1.842 -0.257 2.3440001 54
2.0350001 -0.32499999 2.342 65
2.2349999 -0.39500001 2.3469999 57
2.4189999 -0.458 2.355 63
1.841 -0.21799999 2.3369999 54
2.0420001 -0.28099999 2.3410001 66
2.24 -0.345 2.3410001 63
2.4300001 -0.40200001 2.3529999 63
1.85 -0.18099999 2.3429999 55
2.0480001 -0.237 2.3410001 66
2.2479999 -0.29499999 2.3399999 63
2.4419999 -0.347 2.3529999 66
1.852 -0.14300001 2.342 53
2.052 -0.193 2.339 63
2.2550001 -0.245 2.339 65
2.4549999 -0.29100001 2.355 75
1.849 -0.105 2.335 56
2.0550001 -0.149 2.3380001 62
2.2609999 -0.19400001 2.3380001 64
2.4579999 -0.234 2.349 70
1.851 -0.067000002 2.335 54
2.0580001 -0.105 2.3369999 66
2.263 -0.14399999 2.335 65
2.4630001 -0.177 2.3469999 69
1.853 -0.028999999 2.336 55
2.059 -0.061000001 2.335 65
2.267 -0.093000002 2.3340001 66
2.4679999 -0.12 2.346 67
1.851 0.0080000004 2.332 54
2.063 -0.016000001 2.3369999 68
2.2709999 -0.041999999 2.336 63
2.471 -0.063000001 2.3440001 67
1.852 0.046 2.3340001 57
2.0599999 0.027000001 2.3340001 66
2.2679999 0.0080000004 2.3299999 59
2.471 -0.0060000001 2.342 69
1.852 0.083999999 2.3340001 56
2.056 0.071000002 2.329 66
2.2679999 0.057999998 2.329 60
2.47 0.050000001 2.339 71
1.849 0.121 2.3329999 54
2.059 0.116 2.3329999 65
2.266 0.109 2.3269999 62
2.4690001 0.107 2.3380001 65
1.845 0.15899999 2.329 62
2.0539999 0.16 2.3299999 61
2.2609999 0.16 2.3239999 63
2.467 0.16500001 2.3369999 71
1.8430001 0.197 2.3299999 52
2.05 0.204 2.3280001 71
2.2579999 0.211 2.323 63
2.4590001 0.221 2.332 79
1.836 0.234 2.325 59
2.0439999 0.24699999 2.325 68
2.2520001 0.26100001 2.322 63
2.454 0.27900001 2.3310001 75
1.834 0.27200001 2.3269999 64
2.0409999 0.292 2.326 72
2.2460001 0.31200001 2.3199999 66
2.447 0.336 2.3310001 80
1.829 0.30899999 2.325 59
2.0320001 0.33500001 2.323 76
2.237 0.36199999 2.3180001 58
2.4389999 0.39199999 2.3299999 76
1.8200001 0.34599999 2.3199999 61
2.026 0.37900001 2.323 69
2.2279999 0.412 2.316 61
2.428 0.44800001 2.3280001 79
1.817 0.384 2.3239999 64
2.02 0.42300001 2.3239999 73
2.2179999 0.46200001 2.3139999 70
2.4200001 0.505 2.329 79
1.809 0.421 2.3210001 62
2.0050001 0.465 2.316 79
2.2079999 0.51200002 2.3139999 74
2.402 0.56 2.323 85
1.8 0.458 2.319 59
1.998 0.509 2.3180001 71
2.1919999 0.56 2.3099999 67
2.385 0.61500001 2.3199999 74
1.7920001 0.495 2.3180001 61
1.989 0.55199999 2.3199999 69
2.1800001 0.61000001 2.3099999 64
2.3699999 0.67000002 2.319 76
1.784 0.53200001 2.3180001 64
1.974 0.59500003 2.3150001 74
2.1689999 0.65899998 2.312 71
2.352 0.72500002 2.3169999 70
1.773 0.56900001 2.3150001 59
1.965 0.63800001 2.3169999 76
2.151 0.70700002 2.309 67
2.3280001 0.77700001 2.3110001 73
1.765 0.60600001 2.3169999 63
1.946 0.67799997 2.3099999 67
2.131 0.75400001 2.3039999 64
2.309 0.83099997 2.3099999 71
1.7539999 0.64300001 2.3150001 62
1.932 0.72000003 2.309 67
2.1129999 0.80199999 2.302 68
2.2850001 0.88300002 2.306 71
1.743 0.67900002 2.3139999 62
1.918 0.76300001 2.309 61
2.095 0.84899998 2.302 69
2.26 0.93400002 2.303 76
1.73 0.71499997 2.312 64
1.898 0.80299997 2.3039999 63
2.069 0.89399999 2.2950001 62
2.237 0.986 2.303 77
1.719 0.75199997 2.3139999 55
1.882 0.84399998 2.3039999 66
2.052 0.94099998 2.2980001 66
2.2090001 1.036 2.3 68
1.7 0.78600001 2.3050001 54
1.864 0.88499999 2.303 67
2.0280001 0.986 2.296 67
2.181 1.085 2.2969999 71
1.686 0.82200003 2.303 55
1.846 0.92500001 2.302 67
2.003 1.03 2.293 68
2.151 1.1339999 2.2939999 76
1.673 0.85900003 2.3050001 62
1.822 0.963 2.2950001 59
1.9809999 1.076 2.2939999 67
2.1199999 1.181 2.29 72
1.656 0.89300001 2.3010001 62
1.808 1.006 2.302 65
1.9529999 1.119 2.29 70
2.089 1.228 2.2880001 73
1.642 0.93000001 2.303 68
1.785 1.045 2.299 65
1.923 1.16 2.2839999 69
2.0599999 1.277 2.29 77
1.623 0.96399999 2.299 65
1.758 1.08 2.2909999 57
1.895 1.202 2.283 67
2.027 1.323 2.289 76
1.604 0.99800003 2.296 65
1.737 1.12 2.2920001 57
1.865 1.242 2.279 67
1.9910001 1.3660001 2.2850001 73
1.587 1.033 2.2950001 65
1.712 1.1569999 2.29 60
1.836 1.284 2.279 69
1.9579999 1.411 2.286 81
1.566 1.066 2.2909999 65
1.6849999 1.193 2.286 61
1.807 1.325 2.28 64
1.9170001 1.451 2.279 70
1.5470001 1.1 2.2909999 63
1.6619999 1.2309999 2.2880001 60
1.774 1.364 2.277 57
1.88 1.493 2.2780001 76
1.526 1.1339999 2.2880001 62
1.635 1.266 2.2839999 62
1.7410001 1.401 2.2739999 60
1.844 1.535 2.279 77
1.506 1.168 2.2880001 65
1.607 1.302 2.2820001 62
1.71 1.441 2.276 60
1.8049999 1.576 2.279 67
1.4809999 1.199 2.2820001 65
1.58 1.3380001 2.2820001 66
1.675 1.477 2.2739999 64
1.763 1.612 2.2739999 74
1.461 1.233 2.283 67
1.552 1.372 2.2809999 64
1.6339999 1.5089999 2.2650001 63
1.723 1.652 2.276 77
1.438 1.266 2.2820001 58
1.522 1.406 2.279 63
1.604 1.549 2.2709999 63
1.679 1.686 2.2720001 68
1.413 1.2970001 2.2780001 58
1.492 1.4400001 2.2780001 62
1.564 1.58 2.2650001 64
1.635 1.719 2.2679999 67
1.391 1.331 2.2809999 61
1.461 1.472 2.277 60
1.527 1.614 2.2650001 63
1.591 1.753 2.266 66
1.365 1.362 2.2780001 63
1.427 1.501 2.27 69
1.4910001 1.648 2.266 66
1.5470001 1.786 2.2650001 69
1.337 1.391 2.2739999 60
1.3940001 1.533 2.2690001 68
1.452 1.6799999 2.2650001 65
1.503 1.818 2.2650001 69
1.314 1.426 2.279 57
1.362 1.564 2.2679999 69
1.41 1.707 2.2590001 64
1.454 1.846 2.26 65
1.285 1.455 2.2739999 58
1.3279999 1.594 2.267 69
1.372 1.74 2.2620001 70
1.41 1.877 2.2620001 67
1.256 1.483 2.27 60
1.2970001 1.627 2.2709999 64
1.331 1.768 2.26 65
1.36 1.902 2.256 66
1.23 1.516 2.2739999 61
1.262 1.656 2.27 61
1.289 1.796 2.2590001 66
1.314 1.9299999 2.257 65
1.2 1.545 2.2720001 50
1.223 1.6799999 2.2639999 68
1.249 1.825 2.2609999 63
1.267 1.956 2.257 64
1.168 1.5700001 2.2650001 55
1.189 1.709 2.2650001 56
1.204 1.846 2.2550001 54
1.217 1.978 2.2539999 63
1.14 1.602 2.27 60
1.152 1.7359999 2.2639999 56
1.159 1.868 2.25 61
1.169 2.0020001 2.2550001 63
1.109 1.63 2.2690001 64
1.112 1.757 2.257 60
1.118 1.896 2.2550001 64
1.119 2.023 2.253 67
1.075 1.655 2.2639999 69
1.077 1.789 2.2639999 61
1.073 1.918 2.253 60
1.067 2.039 2.2479999 56
1.043 1.682 2.2639999 65
1.039 1.813 2.263 62
1.029 1.939 2.2509999 62
1.02 2.062 2.2520001 56
1.01 1.71 2.2650001 66
0.99800003 1.834 2.2590001 54
0.98400003 1.961 2.2520001 62
0.96899998 2.079 2.25 51
0.97500002 1.733 2.26 63
0.95899999 1.8559999 2.2579999 55
0.93800002 1.978 2.2490001 60
0.91799998 2.095 2.2479999 55
0.94300002 1.762 2.2639999 62
0.92000002 1.88 2.26 60
0.89300001 1.998 2.25 63
0.86699998 2.1099999 2.2479999 49
0.90700001 1.7869999 2.2639999 58
0.87900001 1.901 2.2590001 60
0.84799999 2.0179999 2.2520001 61
0.81599998 2.1240001 2.2479999 40
0.87099999 1.8099999 2.2609999 58
0.838 1.923 2.26 56
0.80199999 2.0339999 2.2509999 59
0.76599997 2.138 2.2490001 42
0.833 1.832 2.2590001 59
0.796 1.942 2.2590001 56
0.75400001 2.0480001 2.2490001 58
0.71600002 2.1530001 2.253 40
0.796 1.854 2.257 57
0.75199997 1.956 2.2520001 55
0.70899999 2.066 2.253 62
0.662 2.1559999 2.2449999 50
0.75700003 1.872 2.253 59
0.71100003 1.977 2.256 56
0.66000003 2.075 2.2479999 52
0.61000001 2.1619999 2.2420001 62
0.71799999 1.893 2.2520001 56
0.66799998 1.993 2.2550001 57
0.61299998 2.0880001 2.2490001 53
0.56 2.1719999 2.244 57
0.68000001 1.915 2.253 58
0.62300003 2.003 2.2479999 44
0.565 2.0969999 2.2460001 58
0.50800002 2.175 2.2409999 63
0.639 1.932 2.2490001 51
0.58099997 2.023 2.253 56
0.51700002 2.108 2.247 57
0.45699999 2.1800001 2.2409999 65
0.60000002 1.954 2.2509999 55
0.53600001 2.036 2.2520001 56
0.46700001 2.108 2.2390001 53
0.405 2.1849999 2.2420001 69
0.56 1.975 2.2539999 55
0.491 2.0469999 2.2490001 59
0.421 2.122 2.2449999 63
0.354 2.187 2.2420001 67
0.51700002 1.9859999 2.2460001 55
0.44600001 2.0599999 2.25 56
0.37200001 2.125 2.2409999 55
0.303 2.184 2.237 68
0.47600001 2.0050001 2.2490001 57
0.40099999 2.069 2.247 59
0.324 2.1300001 2.2409999 53
0.25299999 2.187 2.2409999 69
0.433 2.02 2.247 58
0.35600001 2.0780001 2.2460001 58
0.27599999 2.1340001 2.2409999 55
0.20299999 2.1860001 2.2409999 66
0.38999999 2.0320001 2.244 57
0.31 2.0880001 2.247 57
0.228 2.1370001 2.2409999 56
0.152 2.181 2.2390001 53
0.347 2.052 2.2490001 58
0.264 2.0940001 2.244 59
0.18000001 2.138 2.2390001 59
0.102 2.1760001 2.237 56
0.303 2.062 2.2460001 59
0.21799999 2.0999999 2.243 58
0.132 2.1400001 2.2409999 59
0.052000001 2.1689999 2.2349999 57
0.25799999 2.072 2.243 56
0.17200001 2.1070001 2.244 56
0.083999999 2.1400001 2.2409999 61
0.003 2.1619999 2.234 65
0.213 2.085 2.2449999 59
0.125 2.112 2.243 56
0.035999998 2.135 2.237 57
-0.045000002 2.1600001 2.24 73
0.168 2.095 2.244 58
0.078000002 2.1129999 2.24 62
-0.011 2.1340001 2.2390001 59
-0.093000002 2.148 2.2349999 61
0.122 2.1010001 2.24 57
0.032000002 2.1170001 2.2409999 51
-0.057999998 2.131 2.2390001 61
-0.141 2.1370001 2.2349999 64
0.075999998 2.1099999 2.2409999 59
-0.014 2.118 2.2409999 56
-0.106 2.125 2.2379999 60
-0.18799999 2.1240001 2.2320001 59
0.029999999 2.118 2.2409999 53
-0.061000001 2.118 2.24 55
-0.153 2.1199999 2.2390001 61
-0.236 2.112 2.2320001 62
-0.016000001 2.118 2.234 59
-0.108 2.1170001 2.2390001 56
-0.2 2.112 2.2379999 60
-0.28200001 2.099 2.2320001 64
-0.063000001 2.1259999 2.237 57
-0.155 2.115 2.2379999 57
-0.24600001 2.1029999 2.2360001 63
-0.329 2.089 2.2360001 63
-0.111 2.1300001 2.237 61
-0.20200001 2.112 2.237 57
-0.29300001 2.098 2.2409999 60
-0.37400001 2.075 2.237 68
-0.15800001 2.131 2.234 61
-0.249 2.109 2.237 59
-0.33899999 2.085 2.2379999 59
-0.41800001 2.052 2.2290001 62
-0.206 2.1329999 2.2349999 60
-0.296 2.105 2.2379999 57
-0.384 2.0710001 2.234 63
-0.463 2.0380001 2.233 60
-0.25400001 2.132 2.2320001 59
-0.34200001 2.0940001 2.233 60
-0.42899999 2.0580001 2.234 61
-0.50599998 2.0179999 2.23 68
-0.30199999 2.128 2.2290001 58
-0.389 2.089 2.234 56
-0.47499999 2.046 2.2349999 62
-0.54799998 1.995 2.2249999 70
-0.34999999 2.1259999 2.2279999 57
-0.43599999 2.082 2.2349999 55
-0.51899999 2.033 2.2360001 64
-0.59200001 1.98 2.23 65
-0.39899999 2.1259999 2.2309999 61
-0.48100001 2.0710001 2.233 56
-0.56400001 2.017 2.2349999 55
-0.634 1.959 2.23 69
-0.447 2.1170001 2.2260001 54
-0.528 2.062 2.234 56
-0.60699999 2 2.234 66
-0.67400002 1.937 2.2290001 63
-0.49599999 2.1159999 2.2290001 59
-0.574 2.0510001 2.234 51
-0.64999998 1.982 2.234 63
-0.71499997 1.916 2.2320001 64
-0.54400003 2.1059999 2.2249999 49
-0.61900002 2.0369999 2.2320001 55
-0.69300002 1.966 2.2349999 63
-0.75599998 1.896 2.2349999 64
-0.59299999 2.0999999 2.2260001 63
-0.66600001 2.026 2.234 55
-0.73400003 1.944 2.233 66
-0.79299998 1.867 2.2290001 68
-0.64200002 2.0929999 2.2279999 61
-0.71100003 2.0109999 2.233 55
-0.77600002 1.923 2.2309999 68
-0.833 1.846 2.233 68
-0.69 2.082 2.227 60
-0.75400001 1.992 2.23 58
-0.81800002 1.905 2.234 69
-0.87099999 1.822 2.2349999 69
-0.73799998 2.0680001 2.224 60
-0.79900002 1.977 2.2309999 57
-0.85799998 1.882 2.2320001 65
-0.90600002 1.793 2.2320001 73
-0.78799999 2.059 2.2279999 57
-0.84299999 1.959 2.2309999 57
-0.89700001 1.859 2.2320001 67
-0.94300002 1.767 2.2320001 80
-0.83499998 2.0439999 2.2260001 62
-0.88599998 1.939 2.2290001 58
-0.93699998 1.837 2.234 68
-0.977 1.738 2.23 70
-0.88200003 2.027 2.223 58
-0.93000001 1.92 2.23 58
-0.97600001 1.814 2.2349999 67
-1.0089999 1.707 2.2260001 69
-0.93099999 2.013 2.2260001 66
-0.97299999 1.899 2.2290001 57
-1.016 1.79 2.2360001 67
-1.045 1.682 2.2320001 66
-0.97600001 1.9910001 2.22 59
-1.015 1.876 2.227 60
-1.054 1.766 2.2390001 69
-1.0779999 1.652 2.2309999 69
-1.023 1.972 2.2190001 57
-1.057 1.855 2.2290001 58
-1.091 1.74 2.24 66
-1.109 1.6210001 2.2290001 68
-1.071 1.955 2.2219999 57
-1.1 1.834 2.2320001 65
-1.127 1.712 2.2390001 59
-1.143 1.596 2.237 73
-1.117 1.932 2.22 59
-1.1390001 1.806 2.2279999 57
-1.163 1.6849999 2.24 66
-1.173 1.564 2.2349999 69
-1.161 1.908 2.2179999 59
-1.1799999 1.78 2.2279999 52
-1.199 1.658 2.2420001 58
-1.202 1.5319999 2.234 62
-1.21 1.89 2.224 61
-1.221 1.757 2.2309999 64
-1.233 1.628 2.2420001 63
-1.232 1.502 2.237 60
-1.2539999 1.864 2.2219999 61
-1.2589999 1.727 2.2290001 54
-1.267 1.599 2.243 66
-1.26 1.47 2.237 69
-1.2970001 1.835 2.2190001 62
-1.298 1.699 2.2290001 54
-1.2970001 1.5650001 2.2390001 69
-1.288 1.438 2.2379999 68
-1.342 1.8099999 2.22 64
-1.3380001 1.673 2.233 65
-1.329 1.533 2.2390001 69
-1.3150001 1.406 2.24 63
-1.388 1.785 2.2249999 59
-1.375 1.642 2.2320001 62
-1.362 1.503 2.243 69
-1.341 1.373 2.2420001 65
-1.429 1.7539999 2.2219999 55
-1.4119999 1.6109999 2.233 64
-1.392 1.47 2.2409999 67
-1.363 1.337 2.237 62
-1.472 1.724 2.2219999 56
-1.448 1.58 2.233 65
-1.419 1.434 2.2379999 67
-1.391 1.306 2.244 67
-1.513 1.692 2.2219999 59
-1.48 1.544 2.2279999 55
-1.454 1.4069999 2.2479999 71
-1.416 1.273 2.247 67
-1.554 1.659 2.2219999 58
-1.522 1.518 2.24 68
-1.48 1.37 2.2449999 65
-1.4349999 1.2359999 2.243 62
-1.595 1.626 2.223 65
-1.552 1.48 2.2349999 64
-1.5089999 1.337 2.2479999 66
-1.459 1.2029999 2.2460001 64
-1.6339999 1.591 2.223 62
-1.5829999 1.443 2.233 63
-1.5369999 1.303 2.2509999 70
-1.479 1.1670001 2.2460001 60
-1.673 1.556 2.224 62
-1.6160001 1.408 2.233 66
-1.561 1.266 2.2490001 74
-1.497 1.13 2.243 55
-1.71 1.518 2.223 63
-1.649 1.373 2.237 60
-1.584 1.228 2.247 69
-1.52 1.098 2.25 63
-1.748 1.4809999 2.2249999 60
-1.678 1.335 2.2349999 64
-1.61 1.193 2.25 69
-1.536 1.0599999 2.247 71
-1.785 1.443 2.227 63
-1.712 1.3 2.2409999 69
-1.635 1.1569999 2.2520001 69
-1.553 1.024 2.2460001 63
-1.821 1.404 2.2279999 61
-1.7410001 1.262 2.243 65
-1.658 1.12 2.253 70
-1.573 0.99000001 2.2520001 70
-1.859 1.3660001 2.233 64
-1.77 1.223 2.244 69
-1.6799999 1.082 2.2550001 71
-1.584 0.94999999 2.2460001 67
-1.888 1.322 2.2290001 64
-1.799 1.184 2.247 60
-1.702 1.044 2.257 70
-1.601 0.91500002 2.2479999 73
-1.921 1.279 2.23 64
-1.822 1.141 2.244 66
-1.721 1.005 2.256 68
-1.617 0.87900001 2.2509999 69
-1.95 1.234 2.2279999 62
-1.847 1.1 2.244 65
-1.7410001 0.96700001 2.2579999 73
-1.633 0.84399998 2.2539999 69
-1.983 1.192 2.2320001 56
-1.874 1.0599999 2.2490001 66
-1.757 0.926 2.2550001 75
-1.6440001 0.80599999 2.253 69
-2.0090001 1.145 2.2290001 65
-1.895 1.016 2.2460001 69
-1.773 0.88599998 2.2539999 70
-1.66 0.77100003 2.2579999 71
-2.0380001 1.1 2.2309999 63
-1.914 0.972 2.244 70
-1.7920001 0.847 2.2590001 77
-1.669 0.73299998 2.256 72
-2.0610001 1.051 2.2279999 65
-1.938 0.93000001 2.2479999 74
-1.807 0.80699998 2.2590001 73
-1.6799999 0.69599998 2.256 70
-2.092 1.006 2.234 67
-1.9579999 0.88499999 2.247 70
-1.8200001 0.76599997 2.257 72
-1.691 0.65899998 2.2579999 68
-2.1159999 0.958 2.2349999 65
-1.974 0.83999997 2.2449999 69
-1.837 0.72600001 2.2609999 78
-1.702 0.62199998 2.2609999 68
-2.1370001 0.90799999 2.233 67
-1.998 0.79799998 2.253 73
-1.85 0.685 2.2620001 69
-1.706 0.58399999 2.256 71
-2.1619999 0.86000001 2.237 71
-2.0109999 0.75099999 2.2490001 70
-1.8609999 0.64399999 2.2620001 73
-1.72 0.54900002 2.2639999 67
-2.1819999 0.81 2.237 72
-2.0280001 0.70599997 2.25 72
-1.874 0.60399997 2.2639999 67
-1.726 0.51099998 2.263 76
-2.2 0.759 2.237 71
-2.05 0.662 2.26 72
-1.8839999 0.56199998 2.2650001 71
-1.732 0.47400001 2.2620001 73
-2.223 0.70999998 2.2420001 68
-2.0580001 0.61400002 2.2539999 66
-1.895 0.52100003 2.266 72
-1.739 0.43700001 2.2650001 73
-2.2390001 0.65799999 2.2420001 67
-2.072 0.56800002 2.256 71
-1.905 0.47999999 2.2690001 70
-1.745 0.40000001 2.267 72
-2.2520001 0.60500002 2.24 66
-2.0810001 0.51999998 2.2539999 74
-1.9119999 0.43799999 2.2679999 70
-1.75 0.36300001 2.2679999 72
-2.267 0.55299997 2.2420001 67
-2.0940001 0.47400001 2.257 71
-1.916 0.39500001 2.266 67
-1.751 0.32600001 2.2650001 80
-2.279 0.5 2.243 65
-2.0999999 0.426 2.2539999 71
-1.926 0.354 2.2709999 71
-1.757 0.289 2.2690001 75
-2.2920001 0.447 2.2449999 62
-2.1159999 0.38 2.2639999 73
-1.932 0.31200001 2.273 71
-1.758 0.252 2.2679999 78
-2.306 0.39399999 2.25 69
-2.1199999 0.33199999 2.2609999 69
-1.937 0.27000001 2.2739999 71
-1.761 0.21600001 2.2690001 79
-2.3139999 0.34 2.2509999 71
-2.128 0.28400001 2.2639999 74
-1.942 0.228 2.277 76
-1.765 0.17900001 2.2739999 74
-2.3210001 0.28600001 2.2509999 68
-2.132 0.236 2.2639999 68
-1.944 0.186 2.276 70
-1.7640001 0.142 2.2720001 76
-2.3269999 0.23199999 2.2520001 69
-2.1359999 0.18799999 2.2650001 67
-1.946 0.14399999 2.2780001 73
-1.768 0.106 2.2780001 77
-2.332 0.178 2.253 68
-2.1389999 0.14 2.266 67
-1.95 0.102 2.2820001 74
-1.767 0.068999998 2.2780001 73
-2.3340001 0.124 2.2539999 67
-2.1459999 0.092 2.273 71
-1.949 0.059999999 2.2809999 69
-1.7640001 0.033 2.277 79
-2.3380001 0.068999998 2.257 71
-2.141 0.044 2.2679999 65
-1.949 0.017999999 2.283 69
-1.766 -0.0020000001 2.2820001 73
-2.3469999 0.015 2.267 61
-2.148 -0.0040000002 2.276 67
-1.949 -0.023 2.2850001 72
-1.7640001 -0.039000001 2.2839999 66
-2.342 -0.039000001 2.2639999 65
-2.1459999 -0.052000001 2.277 69
-1.9450001 -0.064999998 2.2850001 69
-1.758 -0.075000003 2.28 76
-2.339 -0.093000002 2.2650001 62
-2.1429999 -0.1 2.2780001 70
-1.942 -0.106 2.286 69
-1.76 -0.111 2.2880001 75
-2.335 -0.148 2.266 64
-2.1389999 -0.148 2.279 67
-1.939 -0.148 2.2880001 72
-1.756 -0.147 2.289 72
-2.336 -0.20200001 2.273 60
-2.138 -0.19599999 2.2850001 75
-1.936 -0.19 2.2909999 76
-1.7460001 -0.183 2.283 78
-2.3299999 -0.257 2.2750001 62
-2.1289999 -0.243 2.2820001 66
-1.9299999 -0.23100001 2.2909999 73
-1.7460001 -0.219 2.29 73
-2.322 -0.31099999 2.276 62
-2.1240001 -0.29100001 2.2850001 71
-1.9299999 -0.273 2.3 75
-1.74 -0.255 2.2909999 70
-2.313 -0.36399999 2.277 61
-2.119 -0.33899999 2.2909999 70
-1.92 -0.31400001 2.2980001 73
-1.733 -0.28999999 2.2909999 75
-2.3069999 -0.419 2.2839999 62
-2.1110001 -0.38600001 2.293 69
-1.87 -0.347 2.2479999 150
-1.727 -0.32600001 2.293 75
-2.2950001 -0.472 2.2850001 61
-2.0969999 -0.433 2.29 76
-1.9069999 -0.396 2.3039999 80
-1.62 -0.34 2.1600001 49
-2.279 -0.52399999 2.2839999 56
-2.092 -0.48100001 2.2980001 73
-1.9 -0.43799999 2.3080001 70
-1.693 -0.39199999 2.2690001 149
-2.3050001 -0.58700001 2.3269999 150
-2.079 -0.52700001 2.299 69
-1.885 -0.477 2.3039999 72
-1.71 -0.433 2.3050001 72
-2.434 -0.68000001 2.4760001 73
-2.0639999 -0.57300001 2.299 64
-1.875 -0.51800001 2.306 80
-1.697 -0.46700001 2.3010001 69
-1.2029999 -0.36700001 1.234 10
-1.1440001 -0.345 1.284 11
-1.156 -0.34599999 1.432 0
-1.687 -0.50099999 2.3010001 69
-1.199 -0.396 1.242 10
-1.137 -0.37099999 1.2869999 27
-1.137 -0.36700001 1.419 28
-1.159 -0.37 1.591 10
-2.3800001 -0.84799999 2.4879999 65
-1.109 -0.38999999 1.266 5
-1.135 -0.39399999 1.428 10
-1.671 -0.57200003 2.3099999 66
-2.3529999 -0.89999998 2.484 72
-2.1689999 -0.81699997 2.4990001 62
-1.982 -0.73500001 2.513 63
-1.659 -0.60600001 2.309 65
-2.3329999 -0.95499998 2.4909999 63
-2.151 -0.866 2.503 57
-1.9630001 -0.77700001 2.5120001 67
-1.677 -0.65200001 2.3529999 150
-2.309 -1.0089999 2.4949999 65
-2.132 -0.91399997 2.507 59
-1.949 -0.81999999 2.517 60
-1.742 -0.71899998 2.464 150
-2.2809999 -1.0599999 2.4949999 63
-2.1140001 -0.963 2.5139999 63
-1.934 -0.86299998 2.5220001 67
-1.762 -0.76999998 2.513 63
-2.2550001 -1.112 2.4990001 59
-2.0899999 -1.0089999 2.5139999 62
-1.915 -0.90399998 2.5220001 66
-0.92500001 -0.42699999 1.331 1
-2.234 -1.166 2.5090001 63
-2.0650001 -1.054 2.5150001 59
-1.897 -0.94599998 2.526 65
-0.93599999 -0.456 1.359 9
-2.2049999 -1.217 2.513 55
-2.0439999 -1.102 2.5220001 58
-1.876 -0.986 2.527 65
-0.93599999 -0.47999999 1.373 15
-2.1819999 -1.271 2.5250001 65
-2.0179999 -1.147 2.5239999 57
-1.854 -1.026 2.527 63
-0.91900003 -0.495 1.3609999 10
-2.142 -1.3150001 2.5190001 55
-1.9910001 -1.1900001 2.526 60
-1.834 -1.067 2.5309999 60
-0.89899999 -0.50800002 1.346 9
-2.105 -1.3609999 2.5179999 60
-1.964 -1.235 2.53 57
-1.814 -1.108 2.536 58
-1.669 -0.99000001 2.526 56
-2.0840001 -1.416 2.5369999 59
-1.936 -1.279 2.533 62
-1.79 -1.146 2.536 58
-1.654 -1.027 2.5320001 66
-2.0439999 -1.459 2.5350001 59
-1.903 -1.319 2.5309999 52
-1.768 -1.187 2.5420001 61
-1.636 -1.064 2.536 65
-2.0079999 -1.5039999 2.5380001 59
-1.867 -1.3559999 2.526 63
-1.74 -1.223 2.539 55
-1.615 -1.098 2.5350001 61
-1.972 -1.549 2.5439999 52
-1.839 -1.4 2.533 61
-1.716 -1.261 2.5420001 61
-1.595 -1.1339999 2.5380001 61
-1.929 -1.5880001 2.54 53
-1.814 -1.4450001 2.5450001 59
-1.694 -1.302 2.5510001 65
-1.576 -1.17 2.5420001 59
-1.888 -1.6289999 2.5409999 52
-1.784 -1.487 2.553 61
-1.66 -1.334 2.5420001 59
-1.553 -1.204 2.5420001 64
-1.851 -1.673 2.55 57
-1.747 -1.523 2.55 53
-1.625 -1.364 2.533 44
-1.5319999 -1.24 2.5450001 53
-1.807 -1.709 2.549 54
-1.714 -1.563 2.556 61
-1.609 -1.411 2.5539999 58
-1.508 -1.273 2.5450001 57
-1.763 -1.7460001 2.55 55
-1.679 -1.601 2.559 57
-1.581 -1.448 2.559 59
-1.488 -1.309 2.5510001 58
0 0 0 0
-1.643 -1.638 2.563 63
-1.55 -1.4809999 2.559 58
-1.4630001 -1.3430001 2.552 60
-0.53899997 -0.58499998 0.82099998 1
-1.605 -1.673 2.5650001 63
-1.522 -1.518 2.5650001 55
-1.436 -1.374 2.549 58
-0.528 -0.60000002 0.82800001 4
-1.566 -1.707 2.566 61
-1.487 -1.549 2.5610001 54
-1.405 -1.401 2.5409999 60
-0.50300002 -0.59899998 0.81300002 6
-1.525 -1.738 2.5650001 59
-1.4529999 -1.579 2.559 56
-1.382 -1.437 2.549 64
-0.484 -0.60399997 0.80699998 7
-1.484 -1.7690001 2.5650001 62
-1.421 -1.614 2.5639999 55
-1.357 -1.471 2.553 62
-0.465 -0.60799998 0.80000001 7
-1.4450001 -1.801 2.5680001 58
-1.386 -1.6440001 2.563 55
-1.3279999 -1.502 2.553 62
-0.44800001 -0.61299998 0.796 7
0 0 0 0
-1.352 -1.674 2.5639999 60
-1.301 -1.536 2.5569999 54
-0.43099999 -0.62 0.79400003 7
0 0 0 1
-1.317 -1.706 2.566 52
-1.274 -1.568 2.5610001 51
-0.414 -0.625 0.79100001 7
0 0 0 3
-1.283 -1.737 2.5699999 58
-1.244 -1.6 2.563 54
-0.39899999 -0.634 0.792 8
0 0 0 4
-1.243 -1.762 2.5650001 53
-1.214 -1.63 2.5639999 53
-0.382 -0.639 0.79000002 7
0 0 0 5
-1.206 -1.79 2.566 53
-1.183 -1.661 2.5669999 56
-0.36899999 -0.64899999 0.79400003 7
0 0 0 5
-1.17 -1.819 2.5699999 54
-1.149 -1.688 2.5639999 58
-0.354 -0.65600002 0.796 7
0 0 0 6
0 0 0 0
-1.118 -1.7180001 2.5669999 53
-0.33700001 -0.662 0.79500002 7
0 0 0 6
0 0 0 0
-1.086 -1.75 2.573 59
0 0 0 7
0 0 0 6
0 0 0 2
-1.052 -1.777 2.573 60
0 0 0 7
0 0 0 6
0 0 0 5
-1.018 -1.806 2.5769999 59
0 0 0 7
0 0 0 6
0 0 0 5
-0.97899997 -1.8279999 2.5699999 54
0 0 0 7
0 0 0 6
0 0 0 6
-0.94400001 -1.8559999 2.573 66
0 0 0 7
0 0 0 6
0 0 0 6
-0.90799999 -1.883 2.576 58
0 0 0 7
0 0 0 6
0 0 0 6
0 0 0 0
0 0 0 7
0 0 0 6
0 0 0 6
0 0 0 3
0 0 0 7
0 0 0 6
0 0 0 7
0 0 0 5
0 0 0 7
0 0 0 6
0 0 0 7
0 0 0 6
0 0 0 7
0 0 0 6
0 0 0 7
0 0 0 8
0 0 0 7
0 0 0 6
0 0 0 7
0 0 0 8
0 0 0 7
0 0 0 7
0 0 0 7
0 0 0 8
0 0 0 7
0 0 0 7
0 0 0 7
0 0 0 9
0 0 0 7
0 0 0 7
0 0 0 7
0 0 0 9
0 0 0 7
0 0 0 7
0 0 0 7
0 0 0 9
0 0 0 7
0 0 0 7
0 0 0 7
0 0 0 9
0 0 0 7
0 0 0 7
0 0 0 7
0 0 0 7
0 0 0 7
0 0 0 7
0 0 0 7
0 0 0 7
0 0 0 7
0 0 0 7
0 0 0 7
0 0 0 7
0 0 0 7
0 0 0 7
0 0 0 7
0 0 0 7
0 0 0 7
0 0 0 7
0 0 0 7
0 0 0 7
0 0 0 7
0 0 0 7
0 0 0 7
0 0 0 7
0 0 0 7
0 0 0 5
0 0 0 7
0 0 0 7
0 0 0 7
0 0 0 7
0 0 0 7
0 0 0 7
0 0 0 7
0 0 0 6
0 0 0 6
0 0 0 7
0 0 0 7
0 0 0 7
0 0 0 7
0 0 0 7
0 0 0 7
0 0 0 6
0 0 0 7
0 0 0 7
0 0 0 7
0 0 0 6
0 0 0 7
0 0 0 7
0 0 0 7
0 0 0 6
0 0 0 7
0 0 0 7
0 0 0 7
0 0 0 6
0 0 0 7
0 0 0 7
0 0 0 5
0 0 0 6
0 0 0 6
0 0 0 7
0 0 0 5
0 0 0 6
0 0 0 6
0 0 0 7
0 0 0 5
0 0 0 5
0 0 0 6
0 0 0 7
0 0 0 5
0 0 0 5
0 0 0 6
0 0 0 7
0 0 0 2
0 0 0 4
0 0 0 6
0 0 0 7
0 0 0 8
0 0 0 5
0 0 0 6
0 0 0 7
0.72100002 -2.0339999 2.6029999 45
0 0 0 6
0 0 0 6
0 0 0 7
0.76099998 -2.01 2.5999999 44
0 0 0 4
0 0 0 6
0 0 0 7
0.80000001 -1.984 2.596 48
0 0 0 1
0 0 0 5
0 0 0 7
0.83899999 -1.961 2.595 52
0 0 0 11
0 0 0 5
0 0 0 7
0.88 -1.941 2.6010001 47
0.85399997 -2.0480001 2.5969999 50
0 0 0 6
0 0 0 7
0.917 -1.914 2.596 49
0.89399999 -2.02 2.5869999 51
0 0 0 5
0 0 0 7
0.95200002 -1.883 2.5880001 48
0.93900001 -2.0050001 2.5940001 54
0 0 0 3
0 0 0 7
0.991 -1.862 2.5940001 47
0.98100001 -1.9809999 2.5899999 49
0 0 0 0
0 0 0 6
1.025 -1.832 2.5899999 51
1.022 -1.957 2.589 49
0 0 0 11
0 0 0 6
1.062 -1.808 2.592 50
1.066 -1.938 2.5940001 55
1.059 -2.056 2.586 51
0 0 0 6
1.095 -1.778 2.589 41
1.105 -1.91 2.589 50
1.1059999 -2.0339999 2.5840001 49
0.359 -0.69599998 0.838 6
1.13 -1.75 2.5880001 44
1.146 -1.885 2.589 49
1.155 -2.016 2.589 54
0.37799999 -0.69499999 0.84399998 3
1.161 -1.719 2.5840001 41
1.187 -1.862 2.592 47
1.199 -1.989 2.5840001 48
0.39500001 -0.68800002 0.84399998 0
1.196 -1.692 2.5869999 41
1.226 -1.834 2.5899999 50
1.2460001 -1.9680001 2.586 52
1.271 -2.0999999 2.602 10
1.228 -1.663 2.5869999 46
1.265 -1.807 2.5899999 50
1.294 -1.947 2.592 50
1.323 -2.0769999 2.6010001 46
1.26 -1.6339999 2.5880001 44
1.3049999 -1.78 2.5929999 48
1.3380001 -1.919 2.5899999 51
1.374 -2.053 2.6010001 51
1.2920001 -1.6059999 2.5899999 44
1.342 -1.75 2.5910001 46
1.382 -1.891 2.5880001 50
1.424 -2.026 2.599 48
1.319 -1.571 2.5840001 39
1.378 -1.72 2.589 47
1.426 -1.863 2.5869999 53
1.473 -1.998 2.5969999 45
1.349 -1.541 2.5840001 40
1.415 -1.691 2.5910001 51
1.467 -1.831 2.5840001 49
1.52 -1.965 2.5910001 40
1.38 -1.51 2.586 46
1.449 -1.6569999 2.5869999 44
1.51 -1.801 2.5829999 48
1.571 -1.938 2.5929999 50
1.409 -1.48 2.5880001 48
1.482 -1.622 2.582 41
1.554 -1.772 2.586 47
1.622 -1.909 2.596 55
1.434 -1.4450001 2.582 41
1.516 -1.59 2.582 50
1.595 -1.738 2.5840001 47
1.669 -1.875 2.5929999 49
1.425 -1.377 2.5190001 150
1.553 -1.5599999 2.585 51
1.633 -1.702 2.579 45
1.717 -1.8430001 2.595 45
1.3940001 -1.2920001 2.4200001 141
1.584 -1.524 2.5810001 50
1.674 -1.669 2.5799999 47
1.762 -1.806 2.592 47
1.392 -1.238 2.3759999 47
1.619 -1.4910001 2.585 46
1.714 -1.6339999 2.5810001 53
1.8099999 -1.772 2.5940001 47
1.414 -1.207 2.3740001 47
1.638 -1.446 2.566 81
1.751 -1.596 2.5780001 51
1.857 -1.7359999 2.596 47
1.437 -1.176 2.375 46
1.584 -1.3380001 2.434 150
1.791 -1.561 2.5799999 50
1.9 -1.696 2.5929999 49
1.4579999 -1.1440001 2.372 43
1.574 -1.273 2.3759999 56
1.8279999 -1.523 2.5799999 53
1.944 -1.656 2.5940001 47
1.482 -1.114 2.3770001 46
1.601 -1.238 2.375 50
1.855 -1.476 2.566 82
1.985 -1.613 2.5899999 47
1.502 -1.082 2.3759999 50
1.624 -1.201 2.3699999 57
1.789 -1.36 2.4289999 150
2.0280001 -1.572 2.5910001 54
1.522 -1.049 2.375 50
1.65 -1.1670001 2.3699999 56
1.78 -1.291 2.3729999 51
2.0680001 -1.528 2.589 66
1.543 -1.017 2.3759999 41
1.675 -1.131 2.369 57
1.808 -1.25 2.3670001 56
2.0510001 -1.444 2.52 150
1.564 -0.986 2.3800001 44
1.699 -1.095 2.369 56
1.837 -1.21 2.3659999 54
1.976 -1.324 2.3829999 52
1.581 -0.95099998 2.3770001 61
1.728 -1.062 2.375 54
1.864 -1.169 2.3629999 54
2.003 -1.276 2.3740001 51
1.601 -0.91900003 2.3800001 52
1.747 -1.022 2.369 45
1.892 -1.128 2.362 54
2.036 -1.2309999 2.372 54
1.614 -0.88300002 2.3740001 56
1.77 -0.98500001 2.3699999 63
1.925 -1.09 2.368 55
2.0669999 -1.186 2.3699999 50
1.628 -0.84799999 2.3699999 53
1.7920001 -0.94700003 2.3699999 66
1.952 -1.048 2.368 42
2.1029999 -1.142 2.3740001 57
1.645 -0.81400001 2.3710001 63
1.812 -0.90799999 2.368 63
1.978 -1.006 2.368 62
2.1429999 -1.1 2.3840001 48
1.658 -0.77899998 2.3670001 55
1.831 -0.86900002 2.368 64
2.0020001 -0.96200001 2.3659999 61
2.1700001 -1.051 2.382 49
1.6720001 -0.74400002 2.365 56
1.852 -0.83099997 2.369 66
2.0250001 -0.917 2.365 66
2.1960001 -1.002 2.3789999 68
1.688 -0.71100003 2.3670001 54
1.868 -0.79000002 2.3659999 65
2.046 -0.87199998 2.3629999 61
2.2260001 -0.95300001 2.381 70
1.696 -0.67400002 2.3599999 53
1.881 -0.74800003 2.3599999 69
2.0680001 -0.82700002 2.362 64
2.2449999 -0.90100002 2.3740001 65
1.71 -0.639 2.3599999 58
1.901 -0.70899999 2.3629999 68
2.0869999 -0.78100002 2.3599999 66
2.2720001 -0.85000002 2.375 73
1.721 -0.60299999 2.3570001 59
1.913 -0.667 2.358 70
2.1040001 -0.73400003 2.3570001 64
2.293 -0.79799998 2.3729999 77
1.732 -0.56699997 2.3559999 61
1.928 -0.62599999 2.3570001 70
2.1229999 -0.68699998 2.3559999 63
2.3139999 -0.74599999 2.3710001 78
1.7410001 -0.53100002 2.352 59
1.9450001 -0.58600003 2.359 65
2.1389999 -0.63999999 2.355 64
2.332 -0.69199997 2.368 75
1.755 -0.49599999 2.3570001 57
1.955 -0.54299998 2.3559999 69
2.152 -0.59100002 2.3499999 58
2.355 -0.63999999 2.3710001 70
1.763 -0.46000001 2.352 60
1.965 -0.5 2.352 67
2.1700001 -0.54400003 2.352 62
2.3699999 -0.58499998 2.368 71
1.7690001 -0.42300001 2.348 44
1.978 -0.45899999 2.3529999 72
2.1819999 -0.495 2.3499999 64
2.385 -0.52999997 2.3659999 70
1.778 -0.38699999 2.3469999 55
1.987 -0.41600001 2.3499999 67
2.191 -0.44499999 2.345 57
2.3989999 -0.47400001 2.3640001 67
1.788 -0.35100001 2.348 61
1.992 -0.37200001 2.3429999 65
2.2030001 -0.396 2.3440001 59
2.4070001 -0.41800001 2.358 76
1.793 -0.31400001 2.345 57
2.0050001 -0.33000001 2.348 67
2.214 -0.347 2.3440001 64
2.418 -0.36199999 2.3559999 73
1.803 -0.27700001 2.3469999 59
2.0079999 -0.28600001 2.3410001 64
2.221 -0.29699999 2.342 57
2.428 -0.30599999 2.355 71
1.808 -0.23999999 2.345 55
2.0139999 -0.243 2.3380001 67
2.2320001 -0.24699999 2.3440001 66
2.4349999 -0.249 2.3529999 74
1.8099999 -0.20299999 2.3399999 56
2.023 -0.2 2.3410001 74
2.2349999 -0.197 2.339 58
2.4419999 -0.193 2.3510001 77
1.817 -0.16599999 2.3399999 55
2.029 -0.156 2.3410001 72
2.2360001 -0.146 2.332 63
2.4460001 -0.13600001 2.348 78
1.821 -0.12899999 2.339 55
2.029 -0.112 2.335 66
2.244 -0.096000001 2.335 60
2.451 -0.079000004 2.348 75
1.824 -0.090999998 2.336 58
2.0320001 -0.068000004 2.3340001 65
2.243 -0.045000002 2.3299999 66
2.4449999 -0.022 2.3380001 78
1.827 -0.052999999 2.336 58
2.0350001 -0.024 2.332 66
2.244 0.0040000002 2.3280001 62
2.45 0.034000002 2.3410001 72
1.832 -0.016000001 2.3380001 55
2.036 0.018999999 2.3310001 66
2.247 0.055 2.3299999 60
2.4460001 0.090999998 2.3369999 59
1.831 0.021 2.3329999 57
2.0380001 0.063000001 2.3310001 64
2.2479999 0.106 2.3299999 56
2.444 0.148 2.335 75
1.8329999 0.059 2.3329999 55
2.04 0.108 2.332 68
2.2420001 0.15700001 2.3239999 61
2.441 0.205 2.3340001 77
1.834 0.097000003 2.332 55
2.0309999 0.15099999 2.322 54
2.24 0.207 2.3239999 64
2.4330001 0.26199999 2.329 64
1.832 0.13500001 2.329 60
2.033 0.19599999 2.326 67
2.2349999 0.25799999 2.322 62
2.4219999 0.31799999 2.3239999 76
1.8279999 0.17299999 2.323 51
2.03 0.23999999 2.325 66
2.2279999 0.308 2.319 58
2.418 0.375 2.326 83
1.832 0.211 2.329 55
2.0239999 0.28400001 2.322 66
2.223 0.359 2.3199999 62
2.4059999 0.43000001 2.322 73
1.825 0.249 2.3210001 60
2.0220001 0.32800001 2.323 62
2.211 0.40799999 2.3139999 69
2.3959999 0.486 2.3210001 78
1.826 0.28799999 2.325 66
2.0139999 0.37200001 2.3199999 68
2.201 0.458 2.312 66
2.3840001 0.542 2.3210001 78
1.823 0.32699999 2.3239999 63
2.007 0.417 2.319 66
2.1949999 0.509 2.316 67
2.3710001 0.59799999 2.3199999 76
1.819 0.36500001 2.323 61
1.999 0.46000001 2.3169999 67
2.1800001 0.55800003 2.3099999 67
2.3540001 0.65200001 2.3169999 76
1.813 0.40400001 2.3199999 62
1.9910001 0.50400001 2.316 67
2.1689999 0.60699999 2.3099999 70
2.336 0.70599997 2.3139999 64
1.809 0.442 2.3199999 63
1.9809999 0.54799998 2.3150001 66
2.155 0.65600002 2.309 73
2.319 0.75999999 2.3139999 65
1.8 0.48100001 2.316 57
1.97 0.59100002 2.313 67
2.1389999 0.704 2.3069999 66
2.2950001 0.81199998 2.3080001 66
1.798 0.52100003 2.3210001 63
1.9579999 0.63499999 2.312 65
2.1170001 0.75 2.299 60
2.277 0.86500001 2.309 75
1.789 0.55900002 2.3169999 58
1.946 0.67799997 2.3099999 66
2.1059999 0.80000001 2.3050001 64
2.2550001 0.917 2.3080001 75
1.776 0.59600002 2.3110001 60
1.9349999 0.722 2.312 74
2.085 0.847 2.3010001 66
2.2279999 0.96700001 2.302 66
1.772 0.63700002 2.316 64
1.921 0.764 2.3110001 61
2.066 0.89399999 2.3 66
2.204 1.018 2.302 74
1.761 0.67500001 2.313 62
1.902 0.80500001 2.3050001 65
2.043 0.93900001 2.2969999 68
2.175 1.067 2.2980001 71
1.747 0.71200001 2.3069999 57
1.886 0.847 2.3039999 66
2.02 0.98400003 2.2939999 64
2.1459999 1.115 2.2939999 76
1.74 0.75199997 2.312 56
1.8710001 0.89099997 2.306 74
1.998 1.03 2.293 69
2.118 1.163 2.293 76
1.726 0.79000002 2.309 53
1.848 0.93000001 2.2980001 64
1.973 1.074 2.2909999 65
2.0880001 1.21 2.2909999 79
1.71 0.82700002 2.3039999 51
1.835 0.97399998 2.3039999 72
1.95 1.119 2.2920001 73
2.0580001 1.258 2.2909999 79
1.699 0.86699998 2.306 53
1.811 1.012 2.2969999 65
1.921 1.161 2.2869999 70
2.026 1.303 2.289 69
1.686 0.90600002 2.3069999 65
1.789 1.052 2.2950001 63
1.8940001 1.204 2.286 69
1.992 1.347 2.286 80
1.669 0.94300002 2.3039999 65
1.768 1.0930001 2.2939999 65
1.863 1.243 2.28 68
1.957 1.39 2.2839999 68
1.652 0.98100001 2.3010001 63
1.744 1.131 2.2909999 61
1.834 1.285 2.28 64
1.923 1.4349999 2.2850001 72
1.636 1.0190001 2.3010001 68
1.721 1.171 2.29 65
1.8049999 1.326 2.28 64
1.886 1.476 2.2820001 75
1.615 1.054 2.2950001 60
1.697 1.21 2.289 67
1.772 1.365 2.276 52
1.848 1.516 2.28 76
1.598 1.0930001 2.296 59
1.671 1.248 2.2869999 64
1.7410001 1.404 2.2750001 57
1.811 1.556 2.28 67
1.579 1.13 2.2950001 63
1.64 1.281 2.279 57
1.711 1.444 2.277 63
1.768 1.592 2.2739999 69
1.553 1.163 2.286 61
1.618 1.322 2.2839999 66
1.678 1.483 2.277 68
1.726 1.627 2.2690001 65
1.5369999 1.2029999 2.2920001 66
1.589 1.358 2.2809999 62
1.6390001 1.515 2.2690001 62
1.687 1.665 2.27 65
1.512 1.238 2.2869999 65
1.5599999 1.3940001 2.279 63
1.608 1.5549999 2.2739999 66
1.647 1.702 2.2709999 69
1.488 1.273 2.283 66
1.531 1.429 2.2780001 62
1.571 1.589 2.2720001 63
1.603 1.734 2.267 67
1.464 1.308 2.2820001 66
1.501 1.464 2.277 66
1.533 1.622 2.2690001 61
1.562 1.7690001 2.2679999 70
1.444 1.348 2.2869999 65
1.4680001 1.497 2.2739999 67
1.4960001 1.655 2.2679999 58
1.5140001 1.796 2.2609999 66
1.416 1.381 2.2820001 62
1.437 1.531 2.273 64
1.4579999 1.689 2.2679999 57
1.471 1.8279999 2.2620001 62
1.391 1.416 2.2820001 62
1.404 1.564 2.2709999 63
1.416 1.716 2.2620001 61
1.428 1.86 2.2639999 65
1.363 1.449 2.279 59
1.3710001 1.597 2.27 66
1.378 1.748 2.263 63
1.383 1.89 2.2650001 62
1.334 1.482 2.2750001 61
1.3380001 1.63 2.2709999 60
1.3380001 1.778 2.2620001 61
1.3329999 1.911 2.257 65
1.307 1.517 2.277 65
1.301 1.658 2.266 59
1.296 1.8049999 2.26 61
1.288 1.9400001 2.2590001 62
1.275 1.5470001 2.2709999 63
1.267 1.691 2.2679999 61
1.256 1.835 2.2609999 65
1.24 1.9630001 2.256 51
1.244 1.579 2.2690001 61
1.23 1.719 2.266 59
1.2130001 1.86 2.2590001 56
1.194 1.988 2.257 62
1.214 1.613 2.2709999 52
1.194 1.749 2.266 59
1.17 1.886 2.2579999 60
1.146 2.0120001 2.2579999 63
1.179 1.64 2.2639999 55
1.153 1.772 2.2590001 64
1.126 1.909 2.256 63
1.097 2.03 2.2539999 60
1.146 1.671 2.2620001 61
1.118 1.804 2.263 58
1.082 1.931 2.2539999 58
1.045 2.0439999 2.247 61
1.113 1.7029999 2.263 60
1.077 1.8279999 2.26 59
1.0369999 1.9529999 2.2520001 58
0.99800003 2.0650001 2.2490001 63
1.0779999 1.7309999 2.26 60
1.0369999 1.853 2.257 58
0.99400002 1.976 2.2539999 57
0.94999999 2.0840001 2.2509999 52
1.0420001 1.7589999 2.257 61
0.99900001 1.882 2.2620001 64
0.94800001 1.995 2.2520001 58
0.90100002 2.1010001 2.2509999 43
1.007 1.789 2.2590001 56
0.958 1.904 2.2579999 54
0.90200001 2.0139999 2.2509999 64
0.852 2.119 2.253 41
0.97299999 1.822 2.2639999 56
0.91500002 1.924 2.2550001 57
0.85699999 2.0339999 2.2520001 54
0.80199999 2.1300001 2.25 35
0.93199998 1.844 2.256 50
0.87300003 1.948 2.2550001 57
0.81099999 2.05 2.25 52
0.75199997 2.1429999 2.25 39
0.89499998 1.8710001 2.256 55
0.83200002 1.971 2.257 62
0.764 2.0639999 2.2479999 54
0.70300001 2.158 2.2539999 40
0.85600001 1.898 2.257 56
0.787 1.988 2.2520001 56
0.71700001 2.0799999 2.2490001 55
0.64999998 2.1589999 2.244 53
0.815 1.921 2.2539999 58
0.745 2.0109999 2.2550001 60
0.67000002 2.095 2.2479999 53
0.60100001 2.1689999 2.2449999 61
0.77499998 1.947 2.2550001 59
0.69999999 2.027 2.2520001 64
0.62199998 2.1040001 2.2449999 53
0.551 2.175 2.244 57
0.73299998 1.967 2.25 53
0.65399998 2.04 2.2460001 50
0.57499999 2.118 2.247 52
0.49900001 2.178 2.24 63
0.69099998 1.989 2.2490001 56
0.611 2.062 2.2520001 59
0.52700001 2.1270001 2.244 46
0.44999999 2.184 2.2409999 64
0.648 2.01 2.2479999 44
0.56599998 2.0769999 2.25 57
0.47799999 2.1329999 2.24 49
0.40000001 2.1849999 2.2379999 66
0.60500002 2.033 2.2490001 52
0.51899999 2.089 2.247 60
0.43099999 2.1440001 2.243 50
0.34999999 2.1900001 2.24 65
0.55900002 2.0469999 2.2420001 55
0.47299999 2.105 2.2490001 62
0.38299999 2.151 2.243 49
0.301 2.188 2.2360001 67
0.51599997 2.0699999 2.2460001 55
0.426 2.115 2.2460001 58
0.33500001 2.1559999 2.2409999 52
0.252 2.1919999 2.2390001 69
0.47 2.086 2.243 57
0.37900001 2.1240001 2.243 59
0.287 2.1630001 2.243 54
0.20200001 2.1900001 2.2379999 68
0.42399999 2.099 2.2390001 53
0.33199999 2.135 2.243 57
0.23800001 2.1600001 2.2349999 47
0.154 2.1860001 2.2360001 62
0.37799999 2.122 2.2449999 59
0.28400001 2.1429999 2.2409999 57
0.19 2.1659999 2.2379999 46
0.105 2.1849999 2.2379999 54
0.331 2.1340001 2.2409999 57
0.237 2.1530001 2.2420001 55
0.142 2.1670001 2.237 49
0.056000002 2.1800001 2.2360001 53
0.28200001 2.1400001 2.233 50
0.189 2.161 2.243 51
0.093999997 2.168 2.237 46
0.0089999996 2.1719999 2.234 64
0.235 2.1589999 2.2390001 50
0.141 2.1659999 2.2409999 51
0.046 2.1670001 2.2360001 49
-0.037999999 2.1689999 2.237 69
0.186 2.1700001 2.237 48
0.092 2.1700001 2.24 51
-0.001 2.171 2.2420001 61
-0.085000001 2.1600001 2.2360001 70
0.13699999 2.1800001 2.237 46
0.044 2.1730001 2.2390001 51
-0.048999999 2.165 2.2390001 62
-0.132 2.1489999 2.2320001 61
0.088 2.191 2.237 52
-0.0040000002 2.177 2.2390001 56
-0.097000003 2.158 2.2349999 58
-0.17900001 2.145 2.2390001 71
0.037999999 2.2019999 2.24 49
-0.052999999 2.178 2.2379999 54
-0.14399999 2.1559999 2.237 56
-0.22499999 2.131 2.2349999 66
-0.011 2.2049999 2.2360001 53
-0.101 2.1789999 2.2379999 60
-0.191 2.1500001 2.237 58
-0.27000001 2.1159999 2.2309999 59
-0.061999999 2.21 2.234 53
-0.15000001 2.177 2.237 59
-0.23800001 2.1389999 2.233 58
-0.315 2.1040001 2.2320001 61
-0.113 2.2119999 2.2309999 52
-0.199 2.1730001 2.234 59
-0.285 2.132 2.234 59
-0.36000001 2.0910001 2.2320001 62
-0.163 2.2119999 2.227 52
-0.248 2.174 2.237 57
-0.33199999 2.1240001 2.2349999 60
-0.405 2.0780001 2.233 62
-0.215 2.22 2.2320001 52
-0.29699999 2.1659999 2.233 58
-0.37799999 2.115 2.2349999 61
-0.44800001 2.0639999 2.234 68
-0.26699999 2.2179999 2.2290001 51
-0.345 2.1600001 2.2320001 58
-0.42399999 2.105 2.2360001 57
-0.49200001 2.0480001 2.234 63
-0.31900001 2.2190001 2.23 47
-0.39399999 2.1530001 2.2309999 58
-0.47 2.0940001 2.2379999 61
-0.53399998 2.029 2.2320001 69
-0.37099999 2.2190001 2.2309999 50
-0.44299999 2.148 2.233 54
-0.51499999 2.0780001 2.2349999 62
-0.57599998 2.01 2.2320001 61
-0.42199999 2.2130001 2.2279999 52
-0.491 2.138 2.2309999 56
-0.56 2.0639999 2.234 49
-0.61699998 1.99 2.23 71
-0.47499999 2.2090001 2.2279999 54
-0.54000002 2.1300001 2.233 50
-0.60399997 2.05 2.2360001 66
-0.65700001 1.9680001 2.227 72
-0.52700001 2.2030001 2.227 50
-0.58899999 2.1199999 2.234 61
-0.648 2.033 2.234 66
-0.69599998 1.947 2.2260001 72
-0.579 2.1960001 2.2260001 55
-0.634 2.0999999 2.2249999 58
-0.69099998 2.013 2.2309999 60
-0.73699999 1.928 2.2290001 71
-0.63099998 2.1860001 2.224 56
-0.685 2.096 2.234 66
-0.73500001 1.998 2.233 59
-0.77499998 1.904 2.2260001 66
-0.68300003 2.175 2.223 56
-0.73199999 2.0810001 2.233 65
-0.77700001 1.979 2.233 59
-0.81300002 1.8839999 2.2290001 66
-0.73500001 2.165 2.2219999 61
-0.778 2.062 2.23 60
-0.82099998 1.962 2.2360001 65
-0.85100001 1.8609999 2.2290001 61
-0.78399998 2.1470001 2.217 56
-0.82499999 2.0450001 2.2290001 62
-0.86199999 1.9400001 2.2360001 69
-0.88599998 1.8329999 2.224 70
-0.838 2.1389999 2.2219999 59
-0.87099999 2.0280001 2.2290001 58
-0.90100002 1.913 2.2290001 69
-0.926 1.8150001 2.233 65
-0.889 2.122 2.2190001 56
-0.91600001 2.0079999 2.227 61
-0.94400001 1.896 2.2349999 65
-0.96200001 1.791 2.234 61
-0.93900001 2.1029999 2.2160001 59
-0.96399999 1.9910001 2.23 64
-0.98400003 1.874 2.2349999 61
-0.99400002 1.76 2.227 75
-0.991 2.0880001 2.2179999 59
-1.007 1.967 2.227 58
-1.021 1.846 2.2309999 65
-1.03 1.737 2.2309999 66
-1.043 2.072 2.221 62
-1.053 1.947 2.2290001 63
-1.064 1.827 2.2379999 64
-1.0650001 1.712 2.234 66
-1.091 2.0480001 2.2179999 60
-1.097 1.924 2.2290001 67
-1.1 1.798 2.234 67
-1.096 1.682 2.2320001 70
-1.142 2.029 2.2190001 59
-1.141 1.899 2.2279999 67
-1.138 1.772 2.234 65
-1.13 1.656 2.2349999 71
-1.191 2.0050001 2.2179999 57
-1.183 1.873 2.2260001 54
-1.177 1.749 2.2390001 56
-1.16 1.626 2.2320001 79
-1.239 1.979 2.2160001 59
-1.226 1.847 2.227 67
-1.211 1.717 2.234 60
-1.1900001 1.596 2.2320001 72
-1.288 1.954 2.2160001 64
-1.2690001 1.822 2.2290001 68
-1.244 1.686 2.2309999 66
-1.222 1.569 2.2349999 67
-1.336 1.928 2.2179999 60
-1.3099999 1.794 2.2279999 68
-1.284 1.663 2.2390001 64
-1.251 1.538 2.234 75
-1.382 1.899 2.2160001 60
-1.351 1.765 2.2279999 61
-1.318 1.632 2.2390001 66
-1.279 1.507 2.233 78
-1.428 1.869 2.2149999 58
-1.39 1.733 2.2260001 62
-1.349 1.598 2.234 67
-1.309 1.479 2.237 77
-1.474 1.839 2.2149999 63
-1.429 1.702 2.2260001 62
-1.383 1.569 2.237 71
-1.336 1.447 2.2379999 69
-1.518 1.8049999 2.2130001 62
-1.4680001 1.671 2.2279999 66
-1.415 1.536 2.2360001 65
-1.358 1.411 2.23 66
-1.564 1.775 2.2149999 55
-1.507 1.64 2.2290001 63
-1.444 1.501 2.2320001 64
-1.39 1.385 2.2409999 76
-1.609 1.742 2.2179999 66
-1.543 1.604 2.227 65
-1.4809999 1.475 2.243 65
-1.4119999 1.349 2.2360001 68
-1.65 1.704 2.214 62
-1.58 1.571 2.2279999 61
-1.5089999 1.439 2.24 68
-1.437 1.318 2.2379999 73
-1.6950001 1.671 2.2190001 60
-1.6160001 1.535 2.2290001 65
-1.5369999 1.403 2.2379999 64
-1.462 1.286 2.24 69
-1.735 1.632 2.217 59
-1.65 1.498 2.2279999 64
-1.566 1.369 2.2390001 63
-1.485 1.252 2.24 69
-1.774 1.592 2.2149999 60
-1.684 1.461 2.2279999 65
-1.597 1.336 2.243 69
-1.505 1.216 2.237 70
-1.818 1.557 2.2219999 60
-1.716 1.423 2.2279999 66
-1.624 1.3 2.243 67
-1.531 1.186 2.2449999 67
-1.859 1.518 2.224 60
-1.75 1.386 2.23 70
-1.65 1.2640001 2.244 67
-1.552 1.151 2.244 64
-1.893 1.474 2.221 57
-1.784 1.349 2.234 66
-1.677 1.228 2.2460001 68
-1.571 1.1160001 2.244 70
-1.932 1.433 2.224 62
-1.813 1.307 2.2320001 57
-1.701 1.1900001 2.247 66
-1.592 1.082 2.2460001 70
-1.967 1.3890001 2.224 62
-1.844 1.268 2.234 60
-1.726 1.153 2.2479999 70
-1.612 1.048 2.2479999 69
-2 1.3430001 2.223 61
-1.873 1.226 2.2349999 63
-1.75 1.115 2.2490001 68
-1.6289999 1.012 2.2460001 64
-2.0369999 1.299 2.227 65
-1.901 1.184 2.2349999 65
-1.767 1.073 2.244 75
-1.65 0.97799999 2.2520001 72
-2.069 1.253 2.2279999 63
-1.927 1.141 2.2349999 66
-1.796 1.038 2.253 70
-1.6670001 0.94300002 2.2520001 70
-2.1010001 1.206 2.2290001 61
-1.9579999 1.101 2.2420001 69
-1.8150001 0.99800003 2.2520001 68
-1.6799999 0.90499997 2.25 76
-2.131 1.158 2.23 64
-1.979 1.0549999 2.2390001 74
-1.8329999 0.95700002 2.25 69
-1.7 0.87099999 2.2550001 71
-2.1570001 1.108 2.2279999 64
-2.003 1.01 2.2390001 74
-1.855 0.91799998 2.2539999 69
-1.711 0.833 2.2509999 74
-2.1830001 1.057 2.227 65
-2.0280001 0.96600002 2.243 68
-1.873 0.87800002 2.2550001 70
-1.725 0.79699999 2.2520001 70
-2.214 1.0089999 2.233 68
-2.049 0.921 2.243 70
-1.8890001 0.83600003 2.2539999 74
-1.739 0.75999999 2.253 69
-2.2349999 0.95599997 2.23 61
-2.069 0.87400001 2.243 69
-1.909 0.796 2.2590001 74
-1.753 0.72399998 2.2550001 70
-2.26 0.90399998 2.2320001 67
-2.089 0.82800001 2.244 66
-1.925 0.755 2.2590001 74
-1.7640001 0.68699998 2.2550001 71
-2.289 0.85500002 2.2390001 76
-2.109 0.78100002 2.2460001 73
-1.937 0.71200001 2.2579999 76
-1.78 0.65100002 2.2609999 77
-2.302 0.79900002 2.233 63
-2.1240001 0.73299998 2.2449999 67
-1.9529999 0.671 2.2609999 72
-1.79 0.61400002 2.26 76
-2.3269999 0.74699998 2.2390001 75
-2.148 0.68800002 2.253 69
-1.97 0.63 2.266 67
-1.799 0.57599998 2.2590001 63
-2.349 0.69400001 2.243 68
-2.1630001 0.639 2.2539999 63
-1.977 0.58499998 2.26 76
-1.809 0.53899997 2.2609999 68
-2.3610001 0.63800001 2.24 67
-2.1700001 0.58899999 2.247 70
-1.9910001 0.54299998 2.2639999 75
-1.819 0.50099999 2.2620001 71
-2.3789999 0.58399999 2.243 70
-2.1849999 0.54000002 2.2509999 79
-2.003 0.50099999 2.266 76
-1.829 0.46399999 2.2650001 74
-2.3989999 0.52999997 2.25 75
-2.201 0.49200001 2.2550001 63
-2.0109999 0.45699999 2.2650001 75
-1.836 0.426 2.2650001 68
-2.405 0.47299999 2.2449999 71
-2.211 0.44299999 2.256 67
-2.0209999 0.414 2.267 77
-1.8430001 0.38800001 2.266 68
-2.414 0.41600001 2.244 70
-2.224 0.39399999 2.26 68
-2.029 0.37 2.2679999 76
-1.849 0.34999999 2.266 68
-2.4300001 0.361 2.2509999 72
-2.2320001 0.34400001 2.2609999 67
-2.0350001 0.32699999 2.2690001 78
-1.8559999 0.31200001 2.267 71
-2.4400001 0.30500001 2.2539999 72
-2.237 0.29300001 2.26 70
-2.0409999 0.28299999 2.2690001 74
-1.8609999 0.27399999 2.2679999 70
-2.4460001 0.248 2.2539999 73
-2.2460001 0.243 2.2639999 68
-2.0510001 0.23999999 2.2750001 76
-1.865 0.236 2.2690001 66
-2.4530001 0.191 2.256 66
-2.2520001 0.193 2.2650001 73
-2.05 0.19499999 2.27 74
-1.869 0.198 2.2690001 67
-2.4590001 0.134 2.26 71
-2.253 0.142 2.263 66
-2.0569999 0.15099999 2.2739999 73
-1.878 0.16 2.277 66
-2.4590001 0.077 2.2590001 63
-2.26 0.092 2.2679999 73
-2.063 0.107 2.279 76
-1.874 0.121 2.27 70
-2.4630001 0.02 2.263 69
-2.2620001 0.041000001 2.2709999 55
-2.0650001 0.063000001 2.28 78
-1.8839999 0.082999997 2.28 70
-2.4660001 -0.037 2.267 68
-2.266 -0.0080000004 2.2750001 68
-2.0710001 0.018999999 2.2869999 63
-1.883 0.044 2.2780001 63
-2.4590001 -0.093000002 2.2639999 67
-2.2609999 -0.059 2.2720001 69
-2.0699999 -0.024 2.286 71
-1.883 0.0049999999 2.2780001 65
-2.4579999 -0.15099999 2.267 62
-2.2579999 -0.109 2.2720001 71
-2.0699999 -0.068999998 2.2880001 75
-1.886 -0.032000002 2.283 65
-2.4560001 -0.208 2.2720001 64
-2.2579999 -0.16 2.276 64
-2.072 -0.113 2.293 72
-1.886 -0.071000002 2.2839999 66
-2.451 -0.264 2.273 66
-2.2550001 -0.20999999 2.279 65
-2.066 -0.15800001 2.2909999 70
-1.885 -0.109 2.2850001 71
-2.4460001 -0.32100001 2.277 63
-2.2509999 -0.26100001 2.2809999 59
-2.0610001 -0.20200001 2.29 67
-1.8839999 -0.148 2.286 68
-2.4330001 -0.377 2.2750001 62
-2.2420001 -0.31099999 2.28 64
-2.059 -0.24600001 2.293 67
-1.881 -0.18700001 2.286 68
-2.4260001 -0.43399999 2.28 62
-2.2379999 -0.361 2.2850001 59
-2.056 -0.29100001 2.2969999 66
-1.8789999 -0.226 2.2880001 69
-2.4189999 -0.49000001 2.286 65
-2.2320001 -0.412 2.29 66
-2.0480001 -0.33399999 2.2950001 68
-1.874 -0.26499999 2.2880001 72
-2.448 -0.55500001 2.3280001 150
-2.2190001 -0.461 2.2880001 65
-2.0439999 -0.37900001 2.3 61
-1.863 -0.303 2.2809999 76
-2.6129999 -0.65600002 2.5009999 67
-2.2119999 -0.51099998 2.293 69
-2.036 -0.42300001 2.3010001 64
-1.822 -0.33500001 2.237 150
-2.5929999 -0.71499997 2.5009999 72
-2.2360001 -0.56900001 2.332 150
-2.023 -0.46599999 2.2969999 66
-1.859 -0.38100001 2.29 79
-2.5569999 -0.76899999 2.4860001 84
-1.191 -0.331 1.25 8
-2.017 -0.50999999 2.302 63
-1.855 -0.421 2.2950001 69
-2.5309999 -0.82499999 2.4809999 77
-1.196 -0.36199999 1.265 2
-2.006 -0.55299997 2.302 62
-1.85 -0.46000001 2.2980001 72
-2.5120001 -0.88300002 2.4860001 74
-1.182 -0.38600001 1.2589999 9
-1.151 -0.34400001 1.329 9
-1.8430001 -0.49900001 2.3 75
-2.49 -0.94 2.4879999 72
-1.17 -0.41100001 1.257 8
-1.1569999 -0.373 1.345 16
-1.151 -0.338 1.444 8
-2.4619999 -0.995 2.487 64
-2.2939999 -0.86400002 2.4860001 71
-2.135 -0.74000001 2.4990001 52
-1.145 -0.36199999 1.443 22
-2.4430001 -1.053 2.4949999 64
-2.276 -0.91600001 2.49 77
-2.1229999 -0.787 2.503 64
-1.152 -0.38999999 1.46 6
-2.4170001 -1.108 2.4979999 65
-2.257 -0.96700001 2.494 70
-2.112 -0.83600003 2.5109999 65
-1.942 -0.704 2.4779999 133
-2.388 -1.161 2.4979999 60
-2.2379999 -1.018 2.4990001 75
-2.099 -0.88300002 2.517 59
-1.949 -0.75300002 2.503 68
-2.3670001 -1.2180001 2.5090001 58
-2.2179999 -1.069 2.5039999 66
-2.0799999 -0.92799997 2.517 59
-1.943 -0.79799998 2.513 57
-2.3329999 -1.2690001 2.5079999 50
-2.197 -1.12 2.51 68
-2.066 -0.97600001 2.5239999 60
-1.929 -0.83999997 2.5139999 61
-2.3039999 -1.322 2.513 56
-2.1789999 -1.173 2.5209999 69
-2.046 -1.021 2.5250001 59
-1.913 -0.88099998 2.5120001 64
-2.2869999 -1.382 2.533 49
-2.1530001 -1.221 2.5239999 67
-2.026 -1.066 2.527 58
-1.9 -0.92400002 2.517 60
-2.2550001 -1.434 2.5369999 51
-2.1240001 -1.267 2.523 63
-2.007 -1.112 2.5309999 63
-1.885 -0.96600002 2.5190001 64
-2.223 -1.485 2.5439999 45
-2.0940001 -1.313 2.5239999 63
-1.9859999 -1.1569999 2.5350001 67
-1.8660001 -1.007 2.517 56
-2.1849999 -1.533 2.5439999 44
-2.0650001 -1.36 2.527 67
-1.959 -1.199 2.5320001 59
-1.851 -1.049 2.5220001 58
-2.1470001 -1.58 2.546 43
-2.0380001 -1.4069999 2.533 58
-1.939 -1.245 2.539 60
-1.836 -1.0930001 2.5280001 66
-2.1099999 -1.627 2.55 43
-2.016 -1.459 2.546 54
-1.914 -1.288 2.5409999 61
-1.819 -1.136 2.5320001 55
-2.069 -1.6720001 2.552 43
-1.982 -1.502 2.5469999 51
-1.887 -1.33 2.54 58
-1.799 -1.177 2.533 53
-2.026 -1.714 2.5510001 45
-1.944 -1.5420001 2.543 49
-1.859 -1.3710001 2.5409999 63
-1.78 -1.219 2.5369999 62
0 0 0 0
-1.913 -1.5880001 2.5510001 48
-1.837 -1.4170001 2.55 55
-1.76 -1.261 2.5409999 63
-0.62400001 -0.57800001 0.82200003 2
-1.876 -1.628 2.55 54
-1.807 -1.4579999 2.55 51
-1.738 -1.303 2.543 59
-0.60900003 -0.58999997 0.82099998 6
-1.841 -1.67 2.5539999 58
-1.7819999 -1.502 2.5580001 52
-1.714 -1.3430001 2.5439999 58
-0.57999998 -0.588 0.801 6
-1.8049999 -1.712 2.5580001 61
-1.749 -1.541 2.556 49
-1.686 -1.38 2.54 57
-0.56400001 -0.59799999 0.79900002 7
-1.766 -1.75 2.559 60
-1.721 -1.5829999 2.563 50
-1.664 -1.423 2.546 53
-0.54400003 -0.60299999 0.792 8
0 0 0 0
-1.6900001 -1.624 2.566 58
-1.642 -1.467 2.5539999 57
-0.52899998 -0.61400002 0.792 8
-0.54699999 -0.59200001 0.83099997 2
-1.656 -1.6619999 2.566 57
-1.618 -1.5089999 2.5599999 55
-0.51499999 -0.625 0.79299998 8
-0.53100002 -0.60100001 0.82700002 4
-1.62 -1.698 2.5650001 57
-1.591 -1.549 2.563 48
-0.49900001 -0.634 0.792 8
-0.509 -0.60299999 0.815 5
-1.585 -1.735 2.566 59
-1.562 -1.5880001 2.5650001 55
-0.48500001 -0.64499998 0.79299998 8
-0.491 -0.60699999 0.80599999 5
-1.546 -1.7690001 2.563 55
-1.53 -1.625 2.562 52
-0.47099999 -0.65600002 0.796 8
-0.472 -0.611 0.79799998 6
0 0 0 0
-1.501 -1.665 2.5669999 56
-0.456 -0.66600001 0.79799998 8
-0.456 -0.61699998 0.79400003 6
0 0 0 2
-1.467 -1.7 2.5650001 59
-0.43900001 -0.67199999 0.796 8
-0.44299999 -0.62800002 0.796 6
0 0 0 5
-1.432 -1.735 2.5610001 61
-0.42300001 -0.68000001 0.796 8
-0.428 -0.63599998 0.79500002 6
0 0 0 6
-1.4 -1.773 2.5650001 58
-0.40700001 -0.68900001 0.79799998 8
-0.417 -0.64999998 0.801 6
0 0 0 6
-1.364 -1.807 2.563 55
-0.391 -0.69599998 0.79699999 8
-0.40099999 -0.65600002 0.79799998 6
0 0 0 6
0 0 0 0
-0.375 -0.704 0.79900002 8
-0.38499999 -0.662 0.79500002 6
0 0 0 6
0 0 0 3
-0.36000001 -0.713 0.80199999 7
-0.37099999 -0.67299998 0.79900002 6
0 0 0 7
0 0 0 6
-0.34299999 -0.71799999 0.801 7
-0.35600001 -0.68000001 0.79900002 6
0 0 0 7
0 0 0 9
-0.32699999 -0.72500002 0.80199999 8
-0.34299999 -0.69099998 0.80299997 6
0 0 0 7
0 0 0 7
-0.31099999 -0.73199999 0.80400002 8
-0.32600001 -0.69499999 0.80000001 6
0 0 0 7
0 0 0 7
-0.29499999 -0.73799998 0.80599999 8
-0.31200001 -0.70499998 0.80299997 6
0 0 0 6
0 0 0 7
-0.27700001 -0.74000001 0.80400002 8
-0.29499999 -0.70899999 0.801 6
0 0 0 6
0 0 0 7
-0.26100001 -0.745 0.80500001 8
-0.28 -0.71499997 0.801 6
-0.30000001 -0.68599999 0.80299997 7
0 0 0 7
-0.244 -0.75 0.80599999 8
-0.264 -0.72000003 0.801 6
-0.28400001 -0.69199997 0.801 6
0 0 0 7
-0.226 -0.75099999 0.80400002 8
-0.248 -0.727 0.80299997 7
-0.271 -0.70200002 0.80500001 7
0 0 0 7
-0.20999999 -0.75599998 0.80599999 8
-0.233 -0.73500001 0.80599999 7
-0.255 -0.70899999 0.80400002 7
0 0 0 7
-0.193 -0.75800002 0.80599999 8
-0.21699999 -0.73900002 0.80599999 7
-0.23999999 -0.71399999 0.80299997 7
0 0 0 7
-0.176 -0.759 0.80500001 8
-0.2 -0.74000001 0.80299997 7
-0.22499999 -0.72500002 0.80800003 7
0 0 0 7
-0.16 -0.76300001 0.80699998 8
-0.184 -0.74599999 0.80400002 7
-0.20999999 -0.73100001 0.80800003 7
0 0 0 7
-0.14300001 -0.764 0.80699998 8
-0.168 -0.75099999 0.80699998 7
-0.19400001 -0.736 0.80699998 7
0 0 0 7
-0.126 -0.76599997 0.80800003 8
-0.152 -0.755 0.80699998 7
-0.178 -0.741 0.80699998 7
-0.2 -0.72600001 0.80599999 8
-0.109 -0.76599997 0.80699998 8
-0.134 -0.75400001 0.80299997 7
-0.162 -0.74699998 0.80900002 7
-0.185 -0.73400003 0.80800003 8
-0.093000002 -0.76899999 0.81 8
-0.119 -0.75999999 0.80699998 7
-0.145 -0.75199997 0.80800003 7
-0.168 -0.74000001 0.80599999 8
-0.075999998 -0.76999998 0.81099999 8
-0.102 -0.76200002 0.80699998 7
-0.12899999 -0.75599998 0.80800003 7
-0.153 -0.75099999 0.81199998 8
-0.059999999 -0.76899999 0.81099999 8
-0.085000001 -0.764 0.80800003 7
-0.112 -0.759 0.80699998 7
-0.13600001 -0.75400001 0.80900002 8
-0.043000001 -0.76599997 0.80800003 8
-0.068999998 -0.76499999 0.80699998 7
-0.096000001 -0.76499999 0.81 7
-0.119 -0.759 0.80699998 7
-0.026000001 -0.76499999 0.80800003 8
-0.052000001 -0.76700002 0.80800003 7
-0.079000004 -0.76800001 0.81 7
-0.102 -0.76499999 0.80900002 8
-0.0099999998 -0.76499999 0.81 8
-0.035 -0.76700002 0.80699998 7
-0.061999999 -0.76899999 0.80800003 7
-0.085000001 -0.77200001 0.81 8
0.0049999999 -0.76499999 0.81199998 8
-0.018999999 -0.76800001 0.80800003 7
-0.045000002 -0.77399999 0.81 7
-0.068000004 -0.77399999 0.80699998 8
0.021 -0.76200002 0.81099999 8
-0.0020000001 -0.76700002 0.80699998 7
-0.028000001 -0.77499998 0.80900002 7
-0.050000001 -0.778 0.80800003 7
0.037 -0.76099998 0.81199998 8
0.014 -0.76899999 0.80900002 7
-0.0099999998 -0.77700001 0.80900002 7
-0.033 -0.78500003 0.81099999 5
0.052999999 -0.755 0.80900002 7
0.029999999 -0.76499999 0.80599999 7
0.0060000001 -0.78100002 0.81199998 7
-0.015 -0.79299998 0.81599998 4
0.068999998 -0.75400001 0.81199998 7
0.046999998 -0.76599997 0.80800003 6
0.023 -0.77899998 0.80900002 7
0.0020000001 -0.79100001 0.81 3
0 0 0 7
0.064000003 -0.76499999 0.80900002 6
0.041000001 -0.78299999 0.81199998 7
0.02 -0.79100001 0.80800003 3
0 0 0 7
0.079999998 -0.764 0.80900002 6
0.059 -0.78399998 0.81300002 7
0.039000001 -0.79500002 0.81 2
0 0 0 7
0.097000003 -0.76099998 0.80800003 6
0.075999998 -0.78200001 0.81099999 7
0.057 -0.79799998 0.81099999 2
0 0 0 7
0.113 -0.759 0.80800003 6
0.093999997 -0.77999997 0.80900002 7
0.075999998 -0.80000001 0.81199998 3
0 0 0 7
0.13 -0.75700003 0.81 6
0.112 -0.78100002 0.81099999 7
0.094999999 -0.79900002 0.80900002 3
0 0 0 7
0.146 -0.75300002 0.80800003 6
0.12899999 -0.778 0.80900002 7
0.115 -0.81099999 0.82099998 4
0 0 0 7
0.162 -0.75 0.80800003 6
0.147 -0.77700001 0.81 6
0.134 -0.80699998 0.81699997 5
0 0 0 7
0.17900001 -0.74699998 0.80900002 6
0.164 -0.77399999 0.80800003 6
0.152 -0.80299997 0.81300002 6
0 0 0 7
0.19400001 -0.741 0.80800003 6
0.183 -0.77600002 0.81300002 6
0.171 -0.80000001 0.81099999 7
0 0 0 7
0.211 -0.74000001 0.81099999 6
0.20100001 -0.77399999 0.81400001 6
0.19 -0.79900002 0.81099999 7
0 0 0 7
0.227 -0.73400003 0.81 6
0.21799999 -0.76899999 0.81199998 6
0.20999999 -0.80000001 0.81400001 7
0 0 0 7
0.243 -0.73100001 0.81199998 6
0.236 -0.76599997 0.81199998 6
0.23 -0.79900002 0.815 7
0 0 0 6
0.25999999 -0.727 0.81300002 6
0.25400001 -0.76099998 0.81199998 6
0.25 -0.79900002 0.81800002 7
0 0 0 6
0.27399999 -0.71799999 0.81 6
0.271 -0.75599998 0.81099999 7
0.26899999 -0.79400003 0.81599998 7
0 0 0 6
0.28999999 -0.71200001 0.80900002 6
0.28799999 -0.75 0.81 6
0.289 -0.792 0.81800002 7
0 0 0 4
0.30500001 -0.70499998 0.80900002 6
0.30599999 -0.745 0.81 6
0.30899999 -0.78899997 0.81900001 7
0 0 0 1
0.32300001 -0.70599997 0.81699997 5
0.324 -0.74299997 0.81300002 6
0.32800001 -0.78299999 0.81800002 7
0 0 0 6
0.34 -0.70200002 0.82200003 5
0.34 -0.73299998 0.81 6
0.347 -0.77700001 0.81699997 7
1.096 -2.063 2.5969999 45
0.35800001 -0.699 0.82599998 6
0.359 -0.73000002 0.81300002 6
0.35699999 -0.75300002 0.79699999 1
1.136 -2.0350001 2.5940001 45
0.38100001 -0.70599997 0.84399998 5
0.37599999 -0.72299999 0.81300002 6
0.38600001 -0.76700002 0.81900001 6
1.178 -2.0109999 2.598 51
0.40000001 -0.70499998 0.852 1
0.396 -0.72100002 0.81900001 6
0.405 -0.759 0.81699997 7
1.2180001 -1.985 2.5999999 46
1.268 -2.1229999 2.599 8
0.41299999 -0.713 0.81900001 5
0.42500001 -0.75400001 0.81999999 7
1.256 -1.956 2.598 46
1.313 -2.096 2.598 53
0.43599999 -0.71499997 0.82999998 6
0.442 -0.74299997 0.81599998 7
1.295 -1.927 2.598 45
1.358 -2.066 2.595 52
0.463 -0.72299999 0.85000002 5
0.463 -0.73799998 0.81999999 6
1.335 -1.9 2.6010001 46
1.404 -2.0380001 2.5969999 51
0.47999999 -0.71200001 0.84799999 1
0.48199999 -0.72899997 0.81999999 6
1.3710001 -1.869 2.5999999 44
1.446 -2.0050001 2.5929999 46
1.523 -2.154 2.5999999 7
0.50700003 -0.72899997 0.83099997 5
1.4069999 -1.837 2.598 51
1.49 -1.975 2.5940001 44
1.571 -2.118 2.5940001 52
0.52999997 -0.72500002 0.83700001 5
1.442 -1.8049999 2.596 47
1.53 -1.938 2.5869999 45
1.624 -2.089 2.5969999 48
0.55599999 -0.72399998 0.84799999 4
1.473 -1.7690001 2.589 42
1.577 -1.911 2.5940001 51
1.6720001 -2.053 2.5940001 46
0.58200002 -0.72299999 0.86000001 0
1.5089999 -1.737 2.5899999 45
1.6160001 -1.874 2.5899999 47
1.723 -2.02 2.596 43
1.831 -2.165 2.6170001 46
1.543 -1.705 2.5910001 45
1.655 -1.8380001 2.5869999 46
1.772 -1.985 2.5969999 46
1.888 -2.1300001 2.619 50
1.577 -1.671 2.5899999 45
1.699 -1.806 2.5910001 49
1.8200001 -1.947 2.596 47
1.939 -2.086 2.6129999 49
1.61 -1.638 2.5899999 47
1.737 -1.768 2.589 51
1.865 -1.9069999 2.5929999 47
1.992 -2.0450001 2.6110001 48
1.64 -1.601 2.5869999 43
1.775 -1.73 2.586 46
1.914 -1.87 2.596 47
2.043 -2 2.6070001 51
1.6720001 -1.566 2.586 44
1.813 -1.692 2.585 46
1.957 -1.827 2.5929999 47
2.092 -1.954 2.6029999 51
1.705 -1.533 2.5899999 45
1.85 -1.652 2.5840001 47
2.0009999 -1.784 2.5910001 48
2.1500001 -1.915 2.6099999 57
1.734 -1.4960001 2.5869999 44
1.888 -1.614 2.586 49
2.043 -1.739 2.5869999 55
2.2 -1.868 2.6099999 59
1.73 -1.432 2.5369999 150
1.924 -1.574 2.586 53
2.0810001 -1.692 2.582 50
2.2460001 -1.817 2.605 55
1.655 -1.313 2.388 49
1.959 -1.533 2.585 50
2.1199999 -1.645 2.5780001 52
2.2969999 -1.771 2.608 54
1.676 -1.274 2.3800001 46
1.964 -1.469 2.546 150
2.164 -1.602 2.5829999 51
2.342 -1.7180001 2.6040001 56
1.699 -1.238 2.3759999 48
1.8710001 -1.337 2.385 53
2.198 -1.55 2.575 51
2.3859999 -1.665 2.602 49
1.725 -1.2029999 2.3770001 51
1.892 -1.291 2.3729999 47
2.125 -1.428 2.4460001 150
2.4349999 -1.615 2.6059999 54
1.75 -1.168 2.3770001 51
1.92 -1.25 2.3710001 50
2.1010001 -1.3430001 2.378 48
2.4749999 -1.559 2.602 71
1.774 -1.132 2.3770001 52
1.948 -1.2079999 2.3699999 49
2.132 -1.295 2.3740001 52
2.303 -1.375 2.3800001 50
1.798 -1.095 2.3770001 52
1.975 -1.166 2.369 47
2.1600001 -1.245 2.369 53
2.3380001 -1.322 2.378 52
1.826 -1.061 2.3840001 35
2.0050001 -1.126 2.372 52
2.194 -1.199 2.3710001 52
2.3710001 -1.268 2.375 53
1.845 -1.023 2.381 55
2.0339999 -1.085 2.3759999 37
2.224 -1.151 2.3710001 48
2.405 -1.214 2.3740001 50
1.867 -0.98500001 2.381 58
2.0599999 -1.041 2.3759999 60
2.257 -1.104 2.375 39
2.444 -1.163 2.3800001 60
1.887 -0.94599998 2.3789999 60
2.0840001 -0.99699998 2.375 64
2.289 -1.0549999 2.378 61
2.474 -1.1059999 2.3770001 46
1.903 -0.90499997 2.3729999 55
2.109 -0.95300001 2.3759999 66
2.3139999 -1.003 2.375 58
2.5090001 -1.051 2.381 70
1.925 -0.86699998 2.3759999 58
2.128 -0.90600002 2.372 63
2.3329999 -0.949 2.368 64
2.54 -0.99400002 2.382 72
1.942 -0.82700002 2.372 52
2.1489999 -0.86000001 2.3710001 60
2.3640001 -0.89899999 2.3729999 68
2.563 -0.93400002 2.3770001 74
1.957 -0.78600001 2.369 58
2.1689999 -0.81400001 2.3699999 65
2.3840001 -0.84399998 2.369 60
2.585 -0.87300003 2.3729999 74
1.977 -0.74699998 2.3710001 59
2.188 -0.76700002 2.368 66
2.4059999 -0.79100001 2.369 69
2.6140001 -0.81400001 2.3759999 79
1.9910001 -0.70499998 2.3670001 58
2.2049999 -0.71899998 2.3659999 61
2.428 -0.73699999 2.3699999 70
2.632 -0.75199997 2.3710001 72
2.0079999 -0.66500002 2.368 61
2.2249999 -0.67199999 2.3670001 66
2.4449999 -0.68199998 2.3659999 68
2.654 -0.69099998 2.3710001 80
2.0239999 -0.62300003 2.3670001 58
2.2379999 -0.62300003 2.3629999 64
2.4560001 -0.62400001 2.359 63
2.671 -0.62800002 2.369 77
2.0369999 -0.58099997 2.365 61
2.253 -0.574 2.362 64
2.477 -0.56999999 2.362 69
2.684 -0.565 2.3640001 72
2.0480001 -0.53799999 2.362 57
2.267 -0.52499998 2.3599999 67
2.484 -0.51200002 2.3529999 44
2.6989999 -0.50199997 2.362 63
2.0610001 -0.49599999 2.3599999 57
2.28 -0.47499999 2.358 67
2.4960001 -0.45500001 2.3499999 66
2.7149999 -0.43900001 2.362 77
2.072 -0.45300001 2.358 57
2.289 -0.42500001 2.3540001 66
2.5179999 -0.40000001 2.358 72
2.723 -0.37400001 2.358 72
2.0829999 -0.41 2.3570001 56
2.303 -0.37599999 2.355 69
2.523 -0.34200001 2.352 71
2.7260001 -0.30899999 2.3499999 74
2.0929999 -0.36700001 2.355 57
2.3110001 -0.32499999 2.352 67
2.526 -0.28400001 2.3440001 65
2.7390001 -0.24600001 2.352 76
2.1029999 -0.32300001 2.3529999 57
2.316 -0.27399999 2.348 68
2.5380001 -0.226 2.346 72
2.7420001 -0.18099999 2.3469999 80
2.1110001 -0.27900001 2.3499999 55
2.3269999 -0.22400001 2.349 66
2.54 -0.168 2.3410001 67
2.744 -0.116 2.342 71
2.119 -0.235 2.349 57
2.3329999 -0.17299999 2.3469999 64
2.5409999 -0.11 2.336 60
2.7539999 -0.052000001 2.346 71
2.1259999 -0.19 2.3469999 58
2.335 -0.121 2.342 68
2.5480001 -0.052000001 2.3369999 64
2.7509999 0.012 2.3410001 75
2.1329999 -0.146 2.346 55
2.339 -0.07 2.3399999 67
2.55 0.0049999999 2.335 62
2.7490001 0.077 2.3369999 72
2.138 -0.1 2.3440001 58
2.342 -0.017999999 2.3380001 70
2.5480001 0.063000001 2.3299999 59
2.75 0.142 2.3380001 76
2.142 -0.055 2.342 55
2.3440001 0.032000002 2.3369999 69
2.5510001 0.122 2.332 67
2.7420001 0.206 2.3329999 77
2.1440001 -0.0099999998 2.3369999 55
2.3469999 0.083999999 2.3369999 63
2.5450001 0.18000001 2.3269999 60
2.7360001 0.27000001 2.329 81
2.1489999 0.035 2.3380001 53
2.3469999 0.13600001 2.335 62
2.5409999 0.23800001 2.325 57
2.73 0.33399999 2.3280001 81
2.1500001 0.081 2.335 53
2.345 0.18799999 2.3329999 62
2.5409999 0.296 2.3269999 67
2.72 0.398 2.325 80
2.1500001 0.127 2.332 51
2.3429999 0.23999999 2.3310001 66
2.5309999 0.354 2.323 61
2.711 0.46200001 2.325 78
2.1530001 0.17299999 2.3329999 57
2.339 0.292 2.329 62
2.5209999 0.41100001 2.3180001 61
2.7 0.52600002 2.323 80
2.151 0.219 2.329 56
2.3340001 0.34400001 2.3269999 66
2.5139999 0.46900001 2.319 62
2.6800001 0.58700001 2.3169999 80
2.1489999 0.266 2.326 57
2.3280001 0.39500001 2.325 65
2.5039999 0.52700001 2.3180001 61
2.6630001 0.64899999 2.313 71
2.148 0.31299999 2.326 57
2.3210001 0.44800001 2.323 65
2.49 0.58399999 2.3139999 62
2.6489999 0.71200001 2.313 74
2.1440001 0.359 2.323 55
2.312 0.49900001 2.3199999 64
2.4779999 0.63999999 2.313 65
2.625 0.77100003 2.3069999 79
2.138 0.40599999 2.319 55
2.3039999 0.551 2.3199999 59
2.4649999 0.69800001 2.3139999 62
2.602 0.83099997 2.302 73
2.1389999 0.454 2.323 56
2.2939999 0.602 2.3180001 59
2.4449999 0.75300002 2.3080001 65
2.5869999 0.89399999 2.306 81
2.1340001 0.50099999 2.322 56
2.2780001 0.653 2.3110001 58
2.4319999 0.81 2.3099999 63
2.563 0.95300001 2.303 78
2.1199999 0.54699999 2.312 55
2.27 0.70599997 2.3139999 62
2.408 0.86299998 2.303 60
2.5339999 1.01 2.2969999 77
2.1170001 0.59600002 2.316 59
2.2550001 0.75599998 2.312 61
2.3900001 0.91900003 2.303 66
2.5090001 1.068 2.296 82
2.108 0.64300001 2.3139999 57
2.2379999 0.80599999 2.3069999 65
2.368 0.972 2.3010001 61
2.4790001 1.124 2.2920001 73
2.0969999 0.69 2.3110001 58
2.2219999 0.85699999 2.306 68
2.3440001 1.025 2.2969999 56
2.45 1.1799999 2.29 73
2.0869999 0.73699999 2.3099999 52
2.2060001 0.90700001 2.3050001 60
2.316 1.077 2.2909999 64
2.4230001 1.237 2.2909999 76
2.0780001 0.78500003 2.3110001 58
2.1849999 0.95599997 2.3 62
2.2920001 1.13 2.29 65
2.3889999 1.29 2.286 66
2.0610001 0.83099997 2.3039999 57
2.1659999 1.006 2.299 68
2.266 1.182 2.289 62
2.3540001 1.3430001 2.283 80
2.049 0.87900001 2.3039999 59
2.145 1.0549999 2.2969999 69
2.234 1.23 2.2820001 64
2.3199999 1.396 2.2809999 82
2.033 0.926 2.3010001 55
2.122 1.103 2.293 62
2.2060001 1.281 2.2809999 68
2.2839999 1.447 2.279 93
2.016 0.972 2.2969999 57
2.1010001 1.153 2.2939999 68
2.177 1.331 2.28 65
2.2449999 1.4960001 2.2750001 83
2 1.0190001 2.2969999 52
2.075 1.199 2.289 66
2.1470001 1.381 2.28 68
2.207 1.545 2.273 76
1.983 1.066 2.2950001 56
2.049 1.2460001 2.286 64
2.1159999 1.4299999 2.28 69
2.168 1.594 2.27 84
1.962 1.112 2.2920001 57
2.0250001 1.294 2.2869999 61
2.0829999 1.477 2.2780001 68
2.1270001 1.641 2.2679999 81
1.942 1.158 2.29 55
1.995 1.339 2.2809999 63
2.0469999 1.523 2.2750001 71
2.089 1.689 2.2690001 79
1.92 1.204 2.286 57
1.966 1.3839999 2.279 65
2.0120001 1.569 2.2739999 60
2.046 1.733 2.267 76
1.896 1.248 2.2820001 57
1.938 1.4299999 2.2780001 68
1.975 1.613 2.2709999 62
2.0009999 1.776 2.263 75
1.877 1.296 2.286 56
1.9119999 1.478 2.2809999 72
1.938 1.6569999 2.27 65
1.96 1.822 2.2650001 78
1.85 1.34 2.2809999 53
1.877 1.52 2.2750001 63
1.9 1.701 2.2690001 64
1.913 1.8609999 2.26 75
1.823 1.383 2.277 53
1.847 1.5650001 2.276 69
1.8609999 1.744 2.2679999 65
1.8660001 1.901 2.2579999 72
1.802 1.432 2.2820001 44
1.812 1.607 2.273 55
1.817 1.781 2.2620001 45
1.8200001 1.9400001 2.2579999 62
1.773 1.475 2.277 56
1.775 1.647 2.2679999 63
1.781 1.826 2.267 62
1.773 1.98 2.257 62
1.743 1.517 2.273 56
1.743 1.692 2.2709999 57
1.7359999 1.863 2.2620001 57
1.723 2.0139999 2.2539999 68
1.717 1.564 2.277 55
1.706 1.732 2.2679999 56
1.694 1.902 2.2620001 57
1.676 2.0510001 2.2539999 72
1.687 1.608 2.277 53
1.6670001 1.77 2.2639999 59
1.651 1.9400001 2.2609999 61
1.628 2.0880001 2.256 75
1.653 1.648 2.2709999 49
1.63 1.8099999 2.2639999 57
1.603 1.973 2.256 50
1.576 2.118 2.2520001 71
1.62 1.6900001 2.27 52
1.59 1.848 2.2609999 55
1.5599999 2.01 2.257 52
1.529 2.155 2.256 71
1.587 1.733 2.27 52
1.552 1.888 2.2620001 62
1.5140001 2.0450001 2.257 53
1.477 2.184 2.2550001 69
1.551 1.771 2.2650001 53
1.5140001 1.929 2.266 59
1.4680001 2.0780001 2.257 51
1.424 2.2130001 2.2539999 61
1.515 1.812 2.2639999 50
1.471 1.964 2.263 62
1.4170001 2.1059999 2.2509999 56
1.373 2.244 2.2550001 63
1.476 1.85 2.26 54
1.424 1.994 2.256 61
1.373 2.142 2.256 55
1.318 2.266 2.2509999 60
1.438 1.8890001 2.2579999 49
1.383 2.0309999 2.2579999 53
1.324 2.1730001 2.256 55
1.263 2.289 2.2479999 46
1.401 1.9299999 2.2609999 51
1.3380001 2.0639999 2.2550001 56
1.273 2.197 2.2509999 44
1.211 2.3169999 2.2509999 36
1.36 1.967 2.2579999 49
1.293 2.096 2.2550001 57
1.226 2.2309999 2.256 37
1.158 2.342 2.253 37
1.317 2.0009999 2.2539999 48
1.25 2.1329999 2.2590001 48
1.174 2.256 2.2539999 36
1.102 2.3599999 2.2490001 36
1.275 2.036 2.2509999 43
1.206 2.168 2.2620001 38
1.124 2.2820001 2.2550001 35
1.0470001 2.3800001 2.2479999 36
1.235 2.0769999 2.256 36
1.155 2.1919999 2.2550001 37
1.072 2.3050001 2.253 37
0.99299997 2.401 2.25 37
1.193 2.115 2.2590001 35
1.11 2.2260001 2.26 40
1.02 2.329 2.2539999 35
0.93699998 2.4159999 2.2479999 39
1.149 2.1500001 2.26 35
1.062 2.257 2.2620001 38
0.96600002 2.348 2.2509999 36
0.88200003 2.434 2.25 40
1.101 2.181 2.256 35
1.01 2.2780001 2.256 35
0.91399997 2.3699999 2.2520001 36
0.82599998 2.4489999 2.25 39
1.054 2.2130001 2.2550001 35
0.95899999 2.303 2.2539999 35
0.86000001 2.3870001 2.25 36
0.76899999 2.4579999 2.2460001 36
1.006 2.243 2.253 35
0.90799999 2.3269999 2.2539999 35
0.80599999 2.404 2.2490001 37
0.71200001 2.4649999 2.2409999 55
0.958 2.2750001 2.2539999 35
0.85600001 2.349 2.2509999 36
0.75300002 2.425 2.2520001 37
0.65600002 2.474 2.24 68
0.90499997 2.2980001 2.247 36
0.80400002 2.3729999 2.253 40
0.69499999 2.428 2.24 48
0.59799999 2.477 2.233 63
0.85699999 2.3310001 2.2509999 36
0.75199997 2.3959999 2.2539999 37
0.639 2.437 2.2349999 57
0.54299998 2.487 2.2360001 65
0.80400002 2.3540001 2.2460001 36
0.69400001 2.4000001 2.2379999 46
0.58499998 2.4519999 2.237 57
0.48699999 2.494 2.2360001 66
0.75300002 2.3829999 2.2490001 36
0.64099997 2.421 2.24 57
0.52999997 2.4619999 2.2349999 56
0.43000001 2.4920001 2.2290001 56
0.69599998 2.395 2.237 42
0.58600003 2.4349999 2.237 55
0.47499999 2.471 2.233 53
0.37400001 2.4949999 2.2279999 65
0.64200002 2.421 2.2379999 57
0.52999997 2.448 2.233 56
0.419 2.4779999 2.2320001 62
0.31900001 2.4979999 2.2279999 65
0.58700001 2.438 2.2320001 55
0.47600001 2.4649999 2.234 59
0.36399999 2.487 2.2320001 61
0.26300001 2.4960001 2.2249999 66
0.53200001 2.464 2.2360001 55
0.41999999 2.48 2.2349999 54
0.308 2.4920001 2.23 57
0.208 2.5009999 2.2290001 64
0.47499999 2.4790001 2.2309999 55
0.36399999 2.487 2.23 58
0.25299999 2.4979999 2.2309999 56
0.153 2.497 2.227 59
0.41800001 2.494 2.2279999 58
0.308 2.5 2.2309999 52
0.197 2.503 2.2320001 57
0.097999997 2.493 2.2249999 56
0.361 2.513 2.2290001 53
0.25099999 2.5109999 2.2309999 57
0.141 2.5 2.227 61
0.044 2.49 2.2260001 62
0.303 2.5250001 2.224 53
0.19400001 2.5120001 2.2249999 54
0.086000003 2.503 2.2279999 49
-0.0089999996 2.4820001 2.2219999 63
0.244 2.5380001 2.223 48
0.13699999 2.5209999 2.2249999 53
0.029999999 2.5 2.2249999 56
-0.063000001 2.473 2.22 59
0.186 2.5539999 2.2249999 47
0.079999998 2.529 2.227 57
-0.024 2.4990001 2.224 52
-0.116 2.4719999 2.2249999 67
0.126 2.5639999 2.223 42
0.022 2.53 2.224 58
-0.079000004 2.4979999 2.2260001 55
-0.169 2.46 2.2219999 64
0.066 2.572 2.221 53
-0.034000002 2.5339999 2.224 57
-0.13500001 2.4949999 2.2260001 54
-0.222 2.448 2.2190001 68
0.0060000001 2.5810001 2.22 56
-0.092 2.5350001 2.223 60
-0.189 2.4890001 2.224 55
-0.27399999 2.4389999 2.221 66
-0.054000001 2.5840001 2.217 56
-0.149 2.533 2.22 55
-0.244 2.4849999 2.2260001 59
-0.32600001 2.4319999 2.224 68
-0.115 2.5869999 2.214 59
-0.207 2.5339999 2.2219999 63
-0.29899999 2.4760001 2.2249999 58
-0.377 2.4130001 2.2179999 61
-0.177 2.6010001 2.2219999 54
-0.26499999 2.5309999 2.221 55
-0.35299999 2.4660001 2.223 61
-0.42899999 2.4059999 2.224 65
-0.23800001 2.602 2.2190001 53
-0.32300001 2.5220001 2.2160001 58
-0.40700001 2.457 2.223 61
-0.47999999 2.3940001 2.227 66
-0.30000001 2.599 2.2160001 53
-0.38100001 2.523 2.22 58
-0.461 2.447 2.224 62
-0.528 2.3699999 2.2190001 54
-0.36199999 2.599 2.2149999 53
-0.43900001 2.516 2.22 58
-0.51300001 2.4289999 2.2179999 50
-0.57800001 2.3570001 2.223 58
-0.42399999 2.595 2.214 55
-0.49599999 2.503 2.2149999 50
-0.56800002 2.424 2.2260001 65
-0.62599999 2.335 2.2190001 59
-0.486 2.5880001 2.21 42
-0.55500001 2.5009999 2.2219999 56
-0.62 2.4070001 2.223 59
-0.67500001 2.3199999 2.2219999 62
-0.54900002 2.5880001 2.214 54
-0.61199999 2.4920001 2.223 59
-0.67199999 2.3900001 2.2219999 60
-0.72299999 2.3010001 2.223 61
-0.61199999 2.5799999 2.2119999 59
-0.66900003 2.477 2.2190001 59
-0.72500002 2.3770001 2.2249999 62
-0.76899999 2.2780001 2.22 52
-0.67299998 2.5650001 2.2060001 54
-0.72600001 2.4649999 2.2190001 59
0 0 0 0
-0.815 2.2550001 2.2190001 60
-0.736 2.5580001 2.2090001 55
0 0 0 0
-0.186 0.52499998 0.49900001 6
-0.86299998 2.2390001 2.2249999 69
0 0 0 0
-0.183 0.53200001 0.48500001 12
-0.198 0.523 0.50199997 3
-0.90600002 2.21 2.2190001 67
-0.18099999 0.53299999 0.465 12
-0.19499999 0.528 0.48500001 8
-0.212 0.52499998 0.50800002 0
-0.95099998 2.187 2.221 64
-0.19599999 0.537 0.47 13
-0.20999999 0.52999997 0.49000001 10
-0.98000002 2.283 2.23 10
-0.99699998 2.1659999 2.224 68
-0.208 0.52999997 0.46700001 13
-0.222 0.52499998 0.49000001 8
-1.025 2.2490001 2.22 59
-1.038 2.135 2.2190001 67
-0.221 0.52600002 0.46700001 13
-0.234 0.51999998 0.48899999 8
-1.073 2.2249999 2.22 69
-1.08 2.1070001 2.2179999 61
-0.237 0.528 0.47299999 13
0 0 0 0
-1.12 2.1989999 2.2179999 50
-1.122 2.0810001 2.2179999 59
-0.25 0.52499998 0.47400001 14
-0.25999999 0.514 0.49399999 3
-1.1670001 2.1719999 2.2179999 62
-1.164 2.0539999 2.2190001 63
-0.266 0.52399999 0.47799999 13
-0.27399999 0.51300001 0.498 0
-1.216 2.1489999 2.2219999 60
-1.202 2.0209999 2.2149999 61
-0.28099999 0.523 0.48199999 14
-1.277 2.2609999 2.22 7
-1.26 2.118 2.2190001 62
-1.244 1.9960001 2.22 66
-0.29800001 0.52499998 0.48899999 14
-1.326 2.227 2.2130001 62
-1.306 2.089 2.22 60
-1.279 1.96 2.2119999 60
-0.31 0.51599997 0.486 9
-1.3789999 2.201 2.2160001 63
-1.351 2.0610001 2.221 65
-1.3200001 1.932 2.2160001 65
-0.32699999 0.51700002 0.493 1
-1.429 2.168 2.214 59
-1.392 2.0250001 2.2160001 60
-1.36 1.904 2.22 66
-1.521 2.2820001 2.2060001 11
-1.478 2.1370001 2.2130001 62
-1.4349999 1.994 2.217 60
-1.396 1.872 2.22 67
-1.571 2.24 2.197 64
-1.527 2.1029999 2.2119999 59
-1.478 1.962 2.217 60
-1.429 1.835 2.2149999 67
-1.6289999 2.21 2.2 68
-1.575 2.0680001 2.211 58
-1.52 1.929 2.2179999 60
-1.467 1.804 2.2179999 64
-1.6849999 2.175 2.2 68
-1.623 2.033 2.211 62
-1.563 1.897 2.221 64
-1.502 1.771 2.2179999 60
-1.7359999 2.135 2.197 63
-1.67 1.998 2.211 59
-1.601 1.86 2.2179999 57
-1.535 1.735 2.2160001 68
-1.794 2.102 2.2019999 65
-1.717 1.961 2.2119999 60
-1.641 1.825 2.22 58
-1.571 1.704 2.221 68
-1.8430001 2.059 2.198 66
-1.76 1.921 2.21 56
-1.6799999 1.788 2.22 58
-1.601 1.666 2.217 65
-1.893 2.016 2.1960001 67
-1.808 1.8839999 2.2130001 66
-1.7180001 1.751 2.221 59
-1.6339999 1.631 2.22 70
-1.949 1.98 2.2030001 63
-1.851 1.8430001 2.2119999 63
-1.755 1.7130001 2.221 60
-1.6670001 1.596 2.221 70
-1.997 1.9349999 2.201 63
-1.89 1.799 2.2079999 56
-1.7920001 1.674 2.2219999 57
-1.698 1.5599999 2.223 71
-2.0439999 1.888 2.1989999 63
-1.933 1.758 2.211 67
-1.829 1.636 2.224 66
-1.726 1.522 2.221 76
-2.0929999 1.844 2.201 60
-1.976 1.717 2.2130001 55
-1.862 1.594 2.223 61
-1.7589999 1.487 2.227 73
-2.1389999 1.796 2.201 61
-2.0190001 1.675 2.217 64
-1.9 1.557 2.2290001 64
-1.783 1.446 2.2219999 72
-2.1819999 1.7460001 2.2 60
-2.0569999 1.6289999 2.217 63
-1.9299999 1.513 2.2260001 64
-1.809 1.406 2.22 63
-2.2290001 1.699 2.2030001 61
-2.0940001 1.582 2.2160001 63
-1.96 1.469 2.224 60
-1.841 1.37 2.2260001 69
-2.2709999 1.646 2.2019999 64
-2.132 1.536 2.217 64
-1.9960001 1.4299999 2.23 65
-1.8660001 1.331 2.2260001 73
-2.312 1.594 2.2030001 67
-2.1730001 1.492 2.223 67
-2.029 1.388 2.233 72
-1.892 1.291 2.227 73
-2.355 1.543 2.2060001 58
-2.2060001 1.443 2.223 65
-2.056 1.342 2.2309999 63
-1.919 1.252 2.2309999 77
-2.3940001 1.489 2.207 62
-2.2390001 1.392 2.2219999 66
-2.0880001 1.299 2.2360001 73
-1.943 1.211 2.23 67
-2.4289999 1.433 2.2049999 62
-2.2750001 1.344 2.2260001 63
-2.1110001 1.251 2.2320001 60
-1.965 1.17 2.2309999 70
-2.47 1.3789999 2.21 64
-2.3050001 1.2920001 2.2260001 64
-2.1400001 1.206 2.2349999 70
-1.988 1.1289999 2.2320001 72
-2.5039999 1.321 2.21 63
-2.3340001 1.24 2.2260001 65
-2.1670001 1.161 2.237 74
-2.0090001 1.087 2.2320001 69
-2.5369999 1.263 2.211 67
-2.365 1.188 2.2279999 67
-2.1919999 1.114 2.2379999 73
-2.0309999 1.045 2.233 68
-2.5710001 1.205 2.214 67
-2.3940001 1.136 2.23 63
-2.2149999 1.066 2.2379999 73
-2.052 1.003 2.2349999 72
-2.605 1.147 2.2179999 72
-2.4189999 1.081 2.23 62
-2.237 1.018 2.2379999 72
-2.0710001 0.95999998 2.2349999 71
-2.6259999 1.0829999 2.2119999 62
-2.4460001 1.027 2.2309999 61
-2.2590001 0.96899998 2.2390001 80
-2.085 0.91500002 2.2309999 68
-2.6570001 1.023 2.2160001 69
-2.471 0.97299999 2.233 65
-2.279 0.92000002 2.2379999 73
-2.108 0.87400001 2.237 71
-2.684 0.96200001 2.2179999 75
-2.49 0.91600001 2.2309999 59
-2.3039999 0.87300003 2.2449999 74
-2.125 0.82999998 2.237 71
-2.7030001 0.898 2.2149999 70
-2.516 0.861 2.2360001 64
-2.322 0.82300001 2.244 68
-2.141 0.78600001 2.2379999 71
-2.734 0.83700001 2.223 75
-2.536 0.80500001 2.237 60
-2.3380001 0.77200001 2.244 66
-2.1600001 0.74299997 2.2420001 67
-2.7539999 0.773 2.223 74
-2.5550001 0.74800003 2.2379999 71
-2.3610001 0.72299999 2.2509999 78
-2.171 0.69700003 2.2390001 71
-2.7709999 0.708 2.2219999 55
-2.575 0.69 2.24 64
-2.3729999 0.67199999 2.2479999 61
-2.187 0.653 2.2420001 63
-2.7969999 0.64499998 2.23 70
-2.589 0.63200003 2.24 69
-2.3870001 0.62 2.2479999 70
-2.2049999 0.60900003 2.247 71
-2.812 0.579 2.23 69
-2.6040001 0.574 2.2409999 67
-2.404 0.56900001 2.2520001 74
-2.217 0.56300002 2.2479999 74
-2.826 0.514 2.2309999 66
-2.6199999 0.51599997 2.244 77
-2.4189999 0.51800001 2.2550001 73
-2.2279999 0.51700002 2.247 72
-2.842 0.44800001 2.2349999 73
-2.631 0.456 2.244 76
-2.4300001 0.46599999 2.2550001 77
-2.2379999 0.472 2.2479999 73
-2.852 0.38100001 2.2349999 72
-2.642 0.39700001 2.244 74
-2.4449999 0.414 2.26 76
-2.25 0.426 2.25 68
-2.869 0.31600001 2.243 72
-2.661 0.33899999 2.2539999 72
-2.4549999 0.36199999 2.2609999 72
-2.2579999 0.37900001 2.25 67
-2.8759999 0.248 2.243 74
-2.661 0.278 2.2479999 75
-2.4619999 0.308 2.2609999 73
-2.2720001 0.333 2.256 75
-2.8900001 0.182 2.2509999 71
-2.668 0.21799999 2.2490001 81
-2.467 0.255 2.26 69
-2.2820001 0.28600001 2.2579999 64
-2.8929999 0.114 2.2509999 60
-2.678 0.15800001 2.2539999 73
-2.477 0.20200001 2.2639999 68
-2.2850001 0.23899999 2.2550001 71
-2.898 0.046999998 2.2550001 65
-2.6800001 0.097999997 2.2539999 71
-2.4849999 0.149 2.267 70
-2.296 0.192 2.2609999 67
-2.8989999 -0.018999999 2.256 70
-2.6860001 0.037999999 2.257 79
-2.4890001 0.094999999 2.2690001 59
-2.302 0.14399999 2.2620001 72
-2.8970001 -0.086999997 2.257 65
-2.691 -0.022 2.2620001 71
-2.494 0.041000001 2.2709999 65
-2.3039999 0.097000003 2.2609999 71
-2.902 -0.155 2.2639999 68
-2.6960001 -0.082000002 2.267 77
-2.4949999 -0.012 2.2709999 65
-2.3139999 0.048999999 2.2679999 61
-2.8970001 -0.222 2.2650001 66
-2.691 -0.14300001 2.2650001 71
-2.4979999 -0.066 2.2739999 72
-2.316 0.001 2.2679999 70
-2.895 -0.28999999 2.2690001 61
-2.6949999 -0.204 2.2720001 67
-2.5020001 -0.12 2.279 64
-2.3199999 -0.046999998 2.27 65
-2.8599999 -0.35299999 2.2490001 29
-2.6689999 -0.26199999 2.2550001 54
-2.5 -0.17399999 2.279 68
-2.3239999 -0.094999999 2.2739999 71
-2.5940001 -0.38100001 2.0480001 1
-2.6530001 -0.32100001 2.247 57
-2.5 -0.229 2.283 62
-2.3199999 -0.14399999 2.2709999 65
-2.596 -0.44299999 2.0580001 3
-2.6400001 -0.37900001 2.243 7
-2.4960001 -0.28299999 2.283 58
-2.3239999 -0.193 2.277 63
-2.608 -0.50800002 2.0780001 1
-2.622 -0.43700001 2.2360001 5
-2.497 -0.338 2.289 64
-2.3299999 -0.243 2.2850001 65
-3.1389999 -0.68599999 2.5150001 45
-2.6240001 -0.498 2.247 11
-2.4909999 -0.39300001 2.29 62
-2.3210001 -0.29100001 2.2780001 57
-3.1059999 -0.755 2.5050001 69
-2.691 -0.57300001 2.316 65
-2.4860001 -0.447 2.2920001 67
-2.319 -0.34 2.2809999 56
-3.0739999 -0.82200003 2.4960001 150
-2.707 -0.64099997 2.342 75
-2.5079999 -0.50700003 2.3210001 150
-2.3210001 -0.391 2.2880001 65
-2.8239999 -0.82499999 2.3099999 150
-2.7149999 -0.70700002 2.3629999 73
-2.6700001 -0.60100001 2.4809999 150
-2.3169999 -0.44 2.29 59
-2.7479999 -0.87199998 2.266 94
-2.7249999 -0.77499998 2.385 72
-2.6960001 -0.66799998 2.517 62
-2.3080001 -0.48899999 2.2869999 55
-2.7290001 -0.935 2.27 65
-2.73 -0.84299999 2.4070001 78
-2.6789999 -0.727 2.513 66
-2.3529999 -0.551 2.3399999 150
-2.7349999 -1.008 2.296 71
-2.7320001 -0.91100001 2.427 83
-2.6670001 -0.78600001 2.516 63
-2.4679999 -0.634 2.4630001 135
-2.7509999 -1.086 2.3329999 65
-2.74 -0.98199999 2.454 96
-2.6459999 -0.84200001 2.5109999 67
-2.471 -0.69 2.477 60
-2.77 -1.168 2.3729999 62
-2.7650001 -1.061 2.4960001 92
-2.6270001 -0.89999998 2.51 63
-1.221 -0.36899999 1.23 2
-2.7820001 -1.248 2.411 70
-2.7690001 -1.1339999 2.523 72
-2.6070001 -0.95700002 2.507 76
-1.2130001 -0.39500001 1.228 2
-2.7809999 -1.325 2.438 75
-2.7420001 -1.1950001 2.523 64
-2.582 -1.012 2.503 72
-2.4389999 -0.85299999 2.4820001 65
-2.7969999 -1.4119999 2.483 81
-2.707 -1.253 2.517 72
-2.5650001 -1.0700001 2.506 66
-2.4289999 -0.90700001 2.4860001 61
-2.767 -1.476 2.4890001 50
-2.694 -1.3200001 2.5320001 57
-2.546 -1.128 2.51 62
-2.4170001 -0.96200001 2.49 65
-2.701 -1.521 2.464 48
-2.6670001 -1.381 2.5350001 56
-2.527 -1.186 2.513 69
-2.4030001 -1.017 2.493 69
-2.6630001 -1.58 2.4649999 38
-2.631 -1.438 2.533 50
-2.4979999 -1.24 2.5090001 58
-2.3940001 -1.075 2.503 62
-0.86699998 -0.54100001 0.815 4
-2.5710001 -1.4809999 2.506 43
-2.49 -1.304 2.526 66
-2.3789999 -1.1289999 2.506 62
-0.85000002 -0.55699998 0.81099999 1
-2.5250001 -1.53 2.4949999 41
-2.477 -1.367 2.54 51
-2.365 -1.186 2.513 56
-0.81599998 -0.56199998 0.792 2
-2.543 -1.618 2.5469999 43
-2.4460001 -1.421 2.5380001 44
-2.3440001 -1.24 2.513 66
-0.79799998 -0.57700002 0.78799999 2
-0.81800002 -0.546 0.83200002 1
-2.421 -1.478 2.5420001 39
-2.3269999 -1.296 2.5190001 55
-0.78399998 -0.59399998 0.78899997 3
-0.80199999 -0.56199998 0.82800001 5
-2.392 -1.533 2.543 38
-2.312 -1.354 2.529 48
-0.773 -0.61400002 0.79299998 3
-0.77700001 -0.56999999 0.815 1
-2.3610001 -1.587 2.5439999 37
-2.296 -1.4119999 2.539 44
-0.759 -0.63099998 0.79400003 3
-0.75 -0.57700002 0.80000001 2
-2.3380001 -1.648 2.556 37
-2.2720001 -1.467 2.5409999 43
-0.74400002 -0.648 0.79500002 4
-0.73100001 -0.588 0.79400003 3
0 0 0 0
-2.247 -1.521 2.543 41
-0.73299998 -0.667 0.80000001 6
-0.72000003 -0.60600001 0.79699999 3
-0.73199999 -0.565 0.82499999 1
-2.2260001 -1.5779999 2.5510001 38
-0.71799999 -0.68400002 0.80199999 7
-0.708 -0.62400001 0.80000001 4
-0.708 -0.57200003 0.81 2
-2.1989999 -1.632 2.5539999 37
-0.69800001 -0.69499999 0.79699999 7
-0.69700003 -0.64099997 0.80199999 5
-0.68900001 -0.58200002 0.80199999 4
-2.171 -1.686 2.5569999 38
-0.67799997 -0.70499998 0.79299998 4
-0.68300003 -0.65799999 0.80400002 5
-0.67699999 -0.59799999 0.80199999 5
0 0 0 0
-0.65399998 -0.71200001 0.78500003 1
-0.66600001 -0.67000002 0.801 5
-0.66399997 -0.61400002 0.80199999 5
-0.68000001 -0.57700002 0.82599998 2
-0.63800001 -0.727 0.787 0
-0.653 -0.68699998 0.80299997 6
-0.65100002 -0.62800002 0.80199999 6
-0.65600002 -0.583 0.81099999 3
-0.63200003 -0.75199997 0.801 5
-0.63099998 -0.69400001 0.796 8
-0.64200002 -0.64700001 0.80699998 6
-0.64300001 -0.597 0.80699998 5
-0.616 -0.76700002 0.80400002 2
-0.62 -0.713 0.80199999 5
-0.62800002 -0.662 0.80599999 6
-0.62699997 -0.60900003 0.80199999 6
-0.60100001 -0.78299999 0.80800003 5
-0.60000002 -0.722 0.796 1
-0.61299998 -0.676 0.80500001 6
-0.616 -0.625 0.80400002 6
-0.58099997 -0.792 0.80500001 7
-0.57700002 -0.72500002 0.78600001 0
-0.597 -0.68699998 0.80199999 7
-0.60100001 -0.63700002 0.80000001 6
-0.56400001 -0.80699998 0.80900002 7
-0.56099999 -0.73900002 0.78799999 0
-0.58399999 -0.704 0.80500001 7
-0.59100002 -0.65600002 0.80400002 7
-0.54400003 -0.815 0.80599999 7
-0.55000001 -0.75800002 0.79500002 0
-0.56900001 -0.71700001 0.80500001 5
-0.57800001 -0.67000002 0.80299997 7
-0.528 -0.82999998 0.81099999 7
-0.53799999 -0.77700001 0.80299997 3
-0.551 -0.727 0.80000001 1
-0.56400001 -0.68400002 0.80299997 7
-0.50700003 -0.83700001 0.80800003 7
-0.52499998 -0.79400003 0.80900002 5
-0.52600002 -0.72600001 0.78600001 0
-0.54900002 -0.69800001 0.801 7
-0.49000001 -0.852 0.81400001 6
-0.50700003 -0.80500001 0.80800003 6
-0.51099998 -0.741 0.78799999 0
-0.537 -0.71499997 0.80500001 7
-0.465 -0.85100001 0.80400002 4
-0.48899999 -0.81699997 0.80900002 6
-0.5 -0.759 0.79400003 0
-0.51999998 -0.72600001 0.801 3
-0.44400001 -0.85699999 0.80199999 1
-0.472 -0.82999998 0.81199998 6
-0.491 -0.78299999 0.80599999 3
-0.49599999 -0.72600001 0.787 0
-1.372 -2.793 2.589 6
-0.45300001 -0.83899999 0.81 6
-0.477 -0.79900002 0.81099999 6
-0.48199999 -0.74199998 0.78899997 0
-1.306 -2.812 2.5840001 51
-0.42699999 -0.833 0.79500002 8
-0.45699999 -0.80800003 0.80699998 6
0 0 0 0
-1.238 -2.825 2.575 50
-0.41 -0.84500003 0.79799998 7
-0.44 -0.81800002 0.80599999 6
-0.461 -0.78399998 0.80500001 2
-1.174 -2.846 2.576 50
-0.39199999 -0.85699999 0.801 4
-0.42399999 -0.833 0.81 7
-0.44800001 -0.80299997 0.81199998 6
-1.112 -2.8710001 2.5799999 50
-0.37400001 -0.866 0.80199999 0
-0.405 -0.84200001 0.80900002 6
-0.43200001 -0.81599998 0.81300002 7
-1.048 -2.8889999 2.5799999 50
-1.1390001 -2.8039999 2.573 6
-0.38699999 -0.85299999 0.80900002 7
-0.41299999 -0.82499999 0.80900002 7
-0.98400003 -2.9070001 2.5810001 50
-1.076 -2.8269999 2.572 46
-0.368 -0.86000001 0.80699998 6
-0.39500001 -0.838 0.81 7
-0.92000002 -2.925 2.5840001 50
-1.015 -2.8510001 2.573 51
-0.34599999 -0.86199999 0.80000001 1
-0.37900001 -0.85299999 0.81300002 7
-0.85600001 -2.9419999 2.5869999 50
-0.95200002 -2.8740001 2.575 49
-1.056 -2.8099999 2.5799999 6
-0.36000001 -0.86199999 0.81099999 6
-0.792 -2.9579999 2.589 50
-0.88999999 -2.8959999 2.5769999 49
-0.99299997 -2.8340001 2.576 47
-0.33500001 -0.85900003 0.79799998 1
-0.72899997 -2.9790001 2.598 50
-0.82599998 -2.914 2.576 48
-0.93099999 -2.8610001 2.576 46
-1.022 -2.8039999 2.573 5
-0.66399997 -2.99 2.599 50
-0.76200002 -2.934 2.5780001 48
-0.86900002 -2.8900001 2.5799999 46
-0.96399999 -2.845 2.5810001 48
-0.59799999 -2.9990001 2.599 49
-0.69999999 -2.9579999 2.585 49
-0.80500001 -2.9130001 2.579 44
-0.90100002 -2.875 2.5799999 49
-0.53500003 -3.0139999 2.6059999 50
-0.63599998 -2.9809999 2.592 49
-0.74199998 -2.938 2.5810001 43
-0.84100002 -2.9159999 2.589 49
-0.46900001 -3.0190001 2.6059999 50
-0.57200003 -2.9979999 2.595 48
-0.67900002 -2.971 2.5910001 44
-0.77600002 -2.947 2.5910001 49
-0.40400001 -3.0239999 2.6070001 49
-0.50700003 -3.0150001 2.5999999 45
-0.616 -3.0009999 2.599 44
-0.713 -2.9809999 2.598 49
-0.33899999 -3.03 2.6099999 50
-0.44100001 -3.026 2.599 44
-0.55000001 -3.0220001 2.6010001 44
-0.64700001 -3.01 2.5999999 50
-0.27399999 -3.029 2.6070001 50
-0.375 -3.0380001 2.6029999 45
-0.48199999 -3.039 2.6010001 44
-0.57999998 -3.043 2.6059999 49
-0.20900001 -3.0320001 2.609 51
-0.30899999 -3.049 2.605 53
-0.414 -3.053 2.599 44
-0.51099998 -3.0669999 2.608 49
-0.145 -3.0350001 2.6129999 51
-0.242 -3.0550001 2.605 51
-0.347 -3.075 2.605 45
-0.442 -3.092 2.6099999 48
-0.079999998 -3.0339999 2.6140001 50
-0.175 -3.0599999 2.6040001 52
-0.278 -3.092 2.609 47
-0.37099999 -3.1140001 2.6110001 50
-0.015 -3.03 2.6140001 51
-0.109 -3.072 2.6110001 51
-0.208 -3.0999999 2.6059999 47
-0.301 -3.138 2.6159999 50
0.048 -3.027 2.6159999 51
-0.041000001 -3.073 2.6099999 53
-0.139 -3.1099999 2.605 49
-0.228 -3.158 2.6170001 52
0.111 -3.023 2.6170001 51
0.025 -3.0739999 2.6099999 53
-0.068999998 -3.1229999 2.609 47
-0.155 -3.175 2.618 52
0.175 -3.0150001 2.6159999 51
0.092 -3.075 2.6110001 55
0.001 -3.132 2.6110001 48
-0.081 -3.1860001 2.6159999 52
0.23899999 -3.01 2.6199999 52
0.15899999 -3.075 2.6129999 54
0.071999997 -3.138 2.6110001 52
-0.0060000001 -3.2019999 2.619 52
0.301 -2.9990001 2.619 50
0.226 -3.066 2.608 52
0.14300001 -3.141 2.6110001 51
0.068000004 -3.214 2.6199999 53
0 0 0 0
0.294 -3.066 2.612 54
0.215 -3.145 2.6110001 52
0.14300001 -3.2219999 2.6199999 54
0.132 -0.921 0.81099999 2
0.361 -3.0610001 2.612 55
0.287 -3.1429999 2.609 50
0.22 -3.2349999 2.6240001 54
0.152 -0.92299998 0.81599998 6
0.428 -3.053 2.612 55
0.36000001 -3.1489999 2.6140001 51
0.29699999 -3.24 2.6229999 59
0.171 -0.91600001 0.81400001 8
0.495 -3.05 2.6170001 58
0.43099999 -3.142 2.6110001 49
0.37400001 -3.2420001 2.622 55
0.189 -0.91000003 0.81300002 8
0.56199998 -3.04 2.6170001 58
0.50400001 -3.142 2.6140001 52
0.45199999 -3.2449999 2.6229999 58
0.20900001 -0.90700001 0.815 9
0 0 0 0
0.57800001 -3.141 2.618 48
0.53100002 -3.2509999 2.628 55
0.227 -0.89899999 0.81300002 9
0.21600001 -0.93800002 0.815 1
0.64999998 -3.131 2.6170001 52
0.61000001 -3.2509999 2.6289999 57
0.24600001 -0.89499998 0.815 8
0.236 -0.93300003 0.81400001 4
0.72100002 -3.1159999 2.612 49
0.68900001 -3.244 2.6270001 55
0.264 -0.88999999 0.815 8
0.25999999 -0.93800002 0.82200003 6
0.79400003 -3.1059999 2.612 49
0.76700002 -3.237 2.6270001 55
0.28299999 -0.88599998 0.81800002 7
0.28099999 -0.935 0.824 6
0.866 -3.095 2.6129999 50
0.84500003 -3.223 2.6210001 58
0.30199999 -0.87900001 0.81800002 3
0.301 -0.92699999 0.82200003 6
0.93699998 -3.073 2.6070001 48
0.926 -3.2190001 2.6259999 56
0.31200001 -0.85000002 0.79699999 0
0.32100001 -0.92000002 0.82200003 5
0.31200001 -0.94700003 0.80699998 3
1.007 -3.211 2.6289999 54
0.32499999 -0.83399999 0.78899997 0
0.34200001 -0.91500002 0.82300001 5
0.33899999 -0.954 0.81800002 3
1.087 -3.198 2.6300001 56
0 0 0 0
0.33199999 -0.83399999 0.75599998 0
0.34 -0.89099997 0.76899999 0
1.1670001 -3.184 2.631 57
0.338 -0.76999998 0.74299997 0
0.33899999 -0.80000001 0.73100001 0
0.336 -0.82300001 0.71499997 0
0 0 0 0
0.38699999 -0.83399999 0.81199998 4
0.38 -0.84399998 0.778 0
0.35600001 -0.82099998 0.71799999 1
0.34099999 -0.80900002 0.676 1
0.41 -0.83700001 0.824 6
0.412 -0.86400002 0.80500001 0
0.43099999 -0.93400002 0.824 6
1.408 -3.131 2.6370001 6
0.42699999 -0.82800001 0.824 6
0.43099999 -0.85600001 0.80500001 0
0.45300001 -0.92500001 0.82300001 6
0.46399999 -0.97100002 0.824 11
0.44100001 -0.81300002 0.81900001 8
0.45199999 -0.85000002 0.80800003 0
0.47400001 -0.91299999 0.82099998 4
0.48899999 -0.963 0.82499999 5
0.46200001 -0.81099999 0.82599998 6
0.477 -0.852 0.81900001 3
0.49599999 -0.90399998 0.82099998 1
0.51800001 -0.963 0.83200002 5
0.47799999 -0.79900002 0.82499999 6
0.5 -0.84899998 0.82499999 5
0.50999999 -0.88099998 0.80900002 0
0.53899997 -0.94700003 0.82599998 5
0.49399999 -0.78899997 0.824 6
0.51800001 -0.83700001 0.824 5
0.53200001 -0.87300003 0.81 5
0.565 -0.93900001 0.82800001 7
0.50999999 -0.778 0.82499999 6
0.53600001 -0.82499999 0.82300001 5
0.55699998 -0.86900002 0.81699997 1
0.588 -0.92699999 0.82700002 4
0.52700001 -0.76899999 0.82700002 6
0.55299997 -0.81099999 0.81999999 5
0.57800001 -0.85799998 0.81699997 4
0.60900003 -0.91100001 0.82300001 1
0.54100001 -0.75599998 0.824 6
0.574 -0.80400002 0.82499999 5
0.60399997 -0.85299999 0.82300001 5
0.616 -0.875 0.801 4
0.55400002 -0.74000001 0.81999999 7
0.59100002 -0.79100001 0.82300001 5
0.62599999 -0.84200001 0.82499999 5
0.65399998 -0.88300002 0.81999999 0
0.574 -0.73500001 0.82800001 4
0.60799998 -0.778 0.82300001 5
0.64899999 -0.833 0.82800001 6
0.68099999 -0.875 0.82499999 23
0.602 -0.73799998 0.84500003 4
0.62599999 -0.76499999 0.82300001 5
0.667 -0.815 0.824 5
0.70300001 -0.86000001 0.824 5
0.62599999 -0.736 0.85699999 1
0.64399999 -0.75300002 0.824 5
0.68699998 -0.80199999 0.82499999 5
0.72799999 -0.84899998 0.82700002 5
1.97 -2.221 2.6329999 6
0.66600001 -0.745 0.82999998 4
0.70899999 -0.79000002 0.82700002 6
0.74900001 -0.83200002 0.82599998 5
2.0090001 -2.1730001 2.6240001 50
0.69499999 -0.74400002 0.84500003 4
0.72899997 -0.77600002 0.82800001 5
0.77100003 -0.81699997 0.82599998 5
2.053 -2.1300001 2.622 50
2.201 -2.2539999 2.6110001 5
0.74599999 -0.75800002 0.82499999 4
0.79100001 -0.79900002 0.824 5
2.092 -2.082 2.6159999 50
2.2550001 -2.211 2.6140001 50
0.77999997 -0.75700003 0.84200001 5
0.81400001 -0.78399998 0.82599998 5
2.1370001 -2.04 2.6170001 51
2.312 -2.1689999 2.6210001 46
2.467 -2.286 2.5999999 4
0.83600003 -0.76599997 0.82599998 4
2.184 -2 2.622 51
2.3599999 -2.119 2.619 46
2.4300001 -2.1489999 2.5020001 49
0.884 -0.773 0.85299999 18
2.2190001 -1.949 2.6140001 49
2.405 -2.0650001 2.6140001 49
2.4489999 -2.0669999 2.467 53
2.766 -2.303 2.609 6
2.2590001 -1.902 2.6129999 49
2.4590001 -2.02 2.6210001 56
2.4779999 -1.9960001 2.444 61
2.8329999 -2.247 2.6129999 54
2.3039999 -1.86 2.618 49
2.4909999 -1.956 2.605 53
2.5050001 -1.924 2.4219999 57
2.8929999 -2.1830001 2.6129999 55
2.3380001 -1.808 2.612 50
2.4990001 -1.875 2.566 68
2.5650001 -1.878 2.4330001 118
2.951 -2.118 2.612 52
2.378 -1.761 2.612 52
2.483 -1.779 2.5050001 61
2.734 -1.906 2.5450001 111
3.0039999 -2.049 2.608 52
2.418 -1.714 2.615 50
2.49 -1.702 2.471 51
2.839 -1.8839999 2.596 58
3.0739999 -1.99 2.6199999 54
2.454 -1.664 2.6129999 50
2.5009999 -1.63 2.4419999 59
2.8740001 -1.812 2.5840001 55
3.1240001 -1.918 2.6159999 61
2.487 -1.6109999 2.609 54
2.5280001 -1.569 2.4300001 60
2.9349999 -1.758 2.5969999 50
3.1559999 -1.835 2.598 61
2.3540001 -1.456 2.4349999 150
2.5510001 -1.506 2.4159999 54
2.977 -1.691 2.5929999 50
3.1730001 -1.745 2.5710001 61
2.339 -1.38 2.3859999 47
2.5569999 -1.4349999 2.388 50
2.9890001 -1.608 2.566 149
3.187 -1.654 2.5439999 59
2.362 -1.3279999 2.378 47
2.5869999 -1.378 2.3840001 52
2.8169999 -1.433 2.385 51
3.056 -1.495 2.405 48
2.3959999 -1.2819999 2.3829999 45
2.6199999 -1.322 2.3829999 56
2.858 -1.3710001 2.388 52
3.1040001 -1.427 2.4089999 50
2.425 -1.232 2.382 46
2.6489999 -1.2640001 2.3800001 63
2.8970001 -1.309 2.3900001 52
3.1559999 -1.3609999 2.4189999 62
2.4519999 -1.182 2.3800001 48
2.6860001 -1.209 2.385 60
2.9289999 -1.242 2.3870001 52
3.191 -1.286 2.4159999 63
2.4890001 -1.136 2.3889999 43
2.7309999 -1.158 2.3970001 51
2.9760001 -1.181 2.398 59
3.2160001 -1.207 2.4070001 65
2.513 -1.084 2.3870001 57
2.7650001 -1.101 2.401 64
3.0120001 -1.1160001 2.401 58
3.224 -1.123 2.388 67
2.539 -1.0319999 2.3859999 55
2.793 -1.041 2.401 66
3.04 -1.0470001 2.3989999 60
3.2060001 -1.0319999 2.3510001 10
2.5610001 -0.97899997 2.3840001 56
2.816 -0.97899997 2.398 63
3.0569999 -0.97500002 2.391 49
3.23 -0.95499998 2.3469999 78
2.585 -0.926 2.385 63
2.8369999 -0.917 2.3940001 62
3.0869999 -0.90700001 2.392 62
3.2479999 -0.87699997 2.3399999 88
2.6070001 -0.87199998 2.382 63
2.8599999 -0.85500002 2.3929999 61
3.105 -0.83399999 2.3870001 67
3.2509999 -0.79400003 2.323 80
2.6240001 -0.81599998 2.3770001 56
2.8770001 -0.79000002 2.3870001 68
3.1229999 -0.76200002 2.381 61
3.266 -0.71600002 2.3169999 97
2.6429999 -0.76099998 2.3740001 56
2.8940001 -0.72600001 2.3829999 63
3.145 -0.69099998 2.382 70
3.277 -0.63599998 2.309 102
2.661 -0.70499998 2.3729999 61
2.914 -0.66299999 2.382 65
3.1600001 -0.61699998 2.3770001 51
3.2839999 -0.55699998 2.3 88
2.6819999 -0.64999998 2.3740001 50
2.924 -0.597 2.375 52
3.1760001 -0.546 2.3759999 66
3.2969999 -0.479 2.2969999 88
2.6949999 -0.59299999 2.369 58
2.9389999 -0.53299999 2.3740001 67
3.1900001 -0.472 2.3740001 66
3.306 -0.40000001 2.293 80
2.7060001 -0.53600001 2.3640001 56
2.9519999 -0.46700001 2.3710001 65
3.1989999 -0.398 2.369 59
3.316 -0.32100001 2.2909999 80
2.7260001 -0.47799999 2.3659999 55
2.961 -0.40099999 2.365 58
3.2090001 -0.324 2.3659999 60
3.3310001 -0.242 2.293 86
2.7390001 -0.421 2.3640001 57
2.9649999 -0.33399999 2.358 63
3.2179999 -0.25 2.3640001 59
3.3369999 -0.163 2.29 83
2.75 -0.36199999 2.3610001 52
2.984 -0.27000001 2.362 65
3.223 -0.175 2.3599999 56
3.342 -0.083999999 2.2880001 82
2.7620001 -0.30399999 2.3599999 57
2.99 -0.20299999 2.359 62
3.2290001 -0.101 2.359 62
3.3570001 -0.0049999999 2.2950001 89
2.7690001 -0.245 2.3559999 54
2.9960001 -0.13699999 2.3559999 63
3.233 -0.027000001 2.3570001 51
3.3699999 0.075000003 2.302 95
2.7750001 -0.185 2.3510001 53
3.0050001 -0.07 2.3570001 58
3.233 0.046999998 2.3540001 59
3.3800001 0.155 2.3080001 87
2.79 -0.126 2.355 49
3.0039999 -0.003 2.3510001 53
3.224 0.122 2.345 59
3.3889999 0.237 2.3139999 89
2.7939999 -0.064999998 2.3510001 49
3.0050001 0.064000003 2.348 63
3.2279999 0.197 2.3469999 58
3.4000001 0.31900001 2.3239999 88
2.8 -0.0049999999 2.349 45
3.0090001 0.131 2.3469999 62
3.2260001 0.27200001 2.346 58
3.404 0.40000001 2.3310001 88
2.8039999 0.055 2.346 46
3.006 0.199 2.3440001 60
3.2119999 0.345 2.3380001 61
3.411 0.484 2.3410001 73
2.8050001 0.116 2.3429999 47
3.003 0.266 2.3410001 59
3.2079999 0.419 2.339 64
3.4059999 0.565 2.3440001 68
2.8039999 0.177 2.339 48
3.0039999 0.33399999 2.342 64
3.1949999 0.493 2.3329999 60
3.3929999 0.64499998 2.3429999 65
2.812 0.23899999 2.342 59
2.993 0.40099999 2.336 62
3.1819999 0.56599998 2.3299999 62
3.378 0.72500002 2.3410001 64
2.809 0.301 2.3380001 59
2.9890001 0.46900001 2.335 66
3.175 0.64099997 2.332 71
3.3540001 0.80400002 2.336 68
2.8050001 0.36199999 2.3340001 57
2.9790001 0.53600001 2.3310001 59
3.161 0.71499997 2.3299999 70
3.329 0.88099998 2.3310001 63
2.8050001 0.42500001 2.335 60
2.971 0.60399997 2.3299999 64
3.1370001 0.78600001 2.322 69
3.3080001 0.95999998 2.3299999 67
2.799 0.48699999 2.332 61
2.954 0.67000002 2.3239999 63
3.1199999 0.85799998 2.3199999 67
3.2750001 1.034 2.323 60
2.7909999 0.54900002 2.3280001 61
2.9449999 0.73699999 2.325 60
3.099 0.92900002 2.3180001 64
3.25 1.1109999 2.3210001 63
2.7839999 0.611 2.326 56
2.9300001 0.80400002 2.3210001 62
3.0780001 1 2.316 68
3.2190001 1.1849999 2.3169999 55
2.776 0.67400002 2.3239999 54
2.908 0.86900002 2.3150001 59
3.052 1.071 2.3110001 62
3.1889999 1.26 2.3150001 61
2.7650001 0.73699999 2.319 62
2.895 0.93699998 2.3150001 62
3.029 1.142 2.3099999 62
3.1530001 1.332 2.3110001 59
2.7520001 0.79900002 2.316 61
2.8770001 1.003 2.313 69
2.9960001 1.209 2.3039999 54
1.936 0.87199998 1.433 0
2.74 0.86199999 2.3150001 61
2.848 1.066 2.3039999 66
2.967 1.277 2.3 58
1.954 0.93599999 1.462 3
2.72 0.92299998 2.3069999 62
2.8340001 1.133 2.3080001 62
1.938 0.88700002 1.517 2
1.949 0.98900002 1.475 3
2.711 0.986 2.3099999 61
2.8069999 1.197 2.302 58
1.928 0.93599999 1.523 0
1.955 1.051 1.497 3
2.691 1.0470001 2.3050001 60
2.78 1.26 2.2980001 59
2.8699999 1.477 2.2920001 61
1.954 1.11 1.516 1
2.6689999 1.109 2.2980001 56
2.7550001 1.325 2.296 63
2.8340001 1.5420001 2.289 62
2.9100001 1.744 2.289 55
2.652 1.1720001 2.2980001 55
2.7249999 1.387 2.2920001 65
2.7969999 1.6059999 2.286 59
2.8659999 1.8099999 2.2869999 57
2.6300001 1.233 2.2939999 52
2.6960001 1.451 2.29 64
2.76 1.67 2.2839999 59
2.8210001 1.874 2.2850001 60
2.605 1.294 2.29 54
2.665 1.513 2.2869999 59
2.7190001 1.732 2.28 58
2.756 1.925 2.2679999 35
2.5869999 1.357 2.2920001 58
2.632 1.573 2.2850001 59
2.677 1.7920001 2.277 56
2.7309999 2.0020001 2.286 9
2.556 1.415 2.2850001 54
2.595 1.632 2.279 57
2.6370001 1.853 2.277 56
2.6689999 2.053 2.2739999 53
2.527 1.474 2.28 52
2.563 1.694 2.28 58
2.592 1.913 2.273 57
2.6170001 2.1129999 2.2720001 56
2.4990001 1.536 2.2780001 55
2.523 1.752 2.2739999 56
2.5480001 1.972 2.2720001 57
2.5650001 2.1700001 2.27 58
2.4690001 1.596 2.2750001 47
2.484 1.8099999 2.27 54
2.5 2.0280001 2.2679999 53
2.5139999 2.2279999 2.2709999 54
2.4389999 1.655 2.273 51
2.448 1.87 2.27 46
2.454 2.085 2.267 55
2.4549999 2.279 2.2650001 51
2.4100001 1.717 2.273 50
2.4100001 1.929 2.27 53
2.4030001 2.138 2.263 55
2.398 2.3299999 2.263 56
2.375 1.774 2.27 51
2.3659999 1.983 2.266 55
2.3540001 2.1930001 2.2620001 50
2.3410001 2.382 2.2609999 58
2.3399999 1.8329999 2.2679999 46
2.325 2.04 2.266 56
2.306 2.2479999 2.263 55
2.286 2.4360001 2.263 56
2.3039999 1.891 2.266 46
2.279 2.095 2.2620001 52
2.2520001 2.299 2.2590001 52
2.2260001 2.484 2.2609999 54
2.267 1.949 2.2639999 48
2.234 2.1489999 2.26 53
2.2019999 2.3529999 2.2609999 56
2.165 2.53 2.2579999 53
2.2260001 2.0039999 2.26 48
2.1900001 2.2049999 2.2620001 55
2.148 2.4030001 2.26 56
2.102 2.5739999 2.2550001 56
2.188 2.063 2.2609999 49
2.142 2.257 2.2590001 57
2.0910001 2.448 2.256 57
2.04 2.6170001 2.2539999 62
2.145 2.1170001 2.2579999 47
2.0910001 2.3069999 2.256 57
2.0369999 2.4990001 2.2579999 56
1.978 2.6600001 2.253 59
2.1010001 2.1700001 2.2550001 52
2.0420001 2.358 2.256 54
1.977 2.5409999 2.2539999 57
1.91 2.694 2.247 68
2.0599999 2.2290001 2.257 52
1.993 2.4100001 2.257 58
1.915 2.5799999 2.2490001 49
1.846 2.7360001 2.2479999 62
2.0150001 2.2839999 2.257 51
1.938 2.4560001 2.2539999 55
1.86 2.628 2.2509999 61
1.778 2.767 2.2420001 61
1.9680001 2.3369999 2.2550001 51
1.886 2.506 2.2539999 52
1.7970001 2.6659999 2.247 57
1.709 2.7980001 2.237 62
1.92 2.3900001 2.2550001 46
1.83 2.55 2.2509999 53
1.735 2.704 2.2449999 56
1.645 2.835 2.2379999 62
1.867 2.437 2.25 53
1.771 2.592 2.247 52
1.675 2.7460001 2.2460001 57
1.576 2.8629999 2.234 64
1.816 2.4890001 2.2490001 50
1.714 2.6340001 2.2449999 54
1.6 2.763 2.2290001 51
1.506 2.8900001 2.23 55
1.763 2.5369999 2.247 49
1.653 2.674 2.2409999 55
1.5420001 2.8069999 2.2349999 61
1.442 2.925 2.233 59
1.707 2.5829999 2.244 49
1.5930001 2.7130001 2.2379999 55
1.478 2.842 2.2349999 60
1.374 2.9530001 2.233 55
1.65 2.628 2.24 52
1.5319999 2.753 2.237 53
1.414 2.875 2.234 60
1.301 2.97 2.2260001 59
1.596 2.678 2.243 54
1.47 2.789 2.234 53
1.344 2.8970001 2.2260001 49
1.233 2.9949999 2.2260001 57
1.535 2.7179999 2.237 53
1.4069999 2.825 2.2320001 52
1.278 2.927 2.2260001 50
1.163 3.016 2.2249999 64
1.473 2.756 2.2320001 53
1.344 2.862 2.2320001 49
1.211 2.9519999 2.223 52
1.0930001 3.0350001 2.2219999 62
1.413 2.8010001 2.2320001 53
1.283 2.901 2.2349999 62
1.143 2.9760001 2.22 51
1.024 3.056 2.223 65
1.35 2.839 2.2279999 47
1.2130001 2.9219999 2.224 51
1.076 3.0020001 2.221 52
0.95499998 3.0739999 2.223 66
1.286 2.8770001 2.2260001 49
1.151 2.9630001 2.23 60
1.007 3.0239999 2.2190001 55
0.88200003 3.0799999 2.2149999 63
1.221 2.911 2.2219999 51
1.0829999 2.99 2.2279999 57
0.93699998 3.04 2.214 53
0.81199998 3.096 2.2160001 58
1.156 2.95 2.2219999 51
1.015 3.0150001 2.224 61
0.87 3.0650001 2.2179999 50
0.741 3.105 2.2130001 68
1.0880001 2.9809999 2.217 50
0.94599998 3.0420001 2.223 62
0.79900002 3.0799999 2.214 47
0.67199999 3.119 2.2149999 66
1.023 3.0209999 2.221 48
0.87699997 3.0650001 2.22 61
0.73000002 3.095 2.2130001 51
0.60100001 3.1259999 2.2130001 69
0.95300001 3.05 2.217 48
0.80500001 3.0780001 2.211 47
0.66000003 3.112 2.2130001 54
0.52899998 3.1199999 2.2030001 58
0.88200003 3.076 2.2119999 48
0.73799998 3.1110001 2.2190001 59
0.58999997 3.125 2.2119999 57
0.45899999 3.1210001 2.1989999 59
0.81199998 3.1029999 2.21 47
0.66500002 3.125 2.214 65
0.51899999 3.131 2.2079999 56
0.38999999 3.132 2.2019999 63
0.74199998 3.1389999 2.214 56
0.59399998 3.1400001 2.21 62
0.44800001 3.141 2.2060001 54
0.31999999 3.138 2.2049999 65
0.66900003 3.161 2.21 54
0.523 3.1630001 2.2130001 61
0.377 3.1500001 2.2060001 54
0.25099999 3.131 2.1989999 56
0.59399998 3.1789999 2.2049999 51
0.44999999 3.1760001 2.21 59
0.30700001 3.158 2.2060001 55
0.18099999 3.135 2.201 52
0.52100003 3.204 2.2060001 53
0.377 3.1849999 2.207 58
0.236 3.1619999 2.204 54
0.113 3.1329999 2.2 64
0.44600001 3.224 2.204 51
0.30500001 3.201 2.2079999 56
0.16500001 3.1659999 2.204 53
0.044 3.1229999 2.1949999 62
0.37099999 3.2460001 2.2049999 50
0.23100001 3.207 2.204 56
0.093999997 3.1619999 2.1989999 54
-0.023 3.1210001 2.1960001 61
0.29499999 3.2620001 2.2030001 53
0.15700001 3.2130001 2.2019999 56
0.023 3.1630001 2.1989999 54
-0.090999998 3.112 2.1949999 60
0.21699999 3.276 2.201 49
0.083999999 3.2279999 2.2060001 64
-0.046 3.1630001 2.1989999 54
-0.15899999 3.102 2.1930001 65
0.14 3.2869999 2.1989999 52
0.0089999996 3.227 2.201 58
-0.117 3.158 2.197 60
-0.226 3.095 2.194 53
0.061999999 3.2950001 2.1960001 55
-0.064000003 3.227 2.198 57
-0.18700001 3.1559999 2.198 55
-0.292 3.0810001 2.191 65
-0.016000001 3.2969999 2.1900001 53
-0.139 3.2309999 2.1989999 65
-0.257 3.1459999 2.194 57
-0.359 3.0739999 2.194 65
-0.094999999 3.3080001 2.191 53
-0.213 3.2279999 2.1960001 64
-0.32699999 3.1359999 2.1919999 53
-0.42500001 3.0599999 2.1930001 57
-0.17399999 3.3069999 2.1860001 53
-0.28799999 3.2249999 2.1949999 67
-0.39700001 3.1300001 2.194 48
-0.49000001 3.043 2.1919999 65
-0.25400001 3.3169999 2.1889999 52
-0.36199999 3.2249999 2.1960001 60
-0.46700001 3.122 2.1949999 60
-0.55400002 3.0239999 2.1889999 68
-0.33399999 3.3199999 2.188 52
-0.43799999 3.2219999 2.197 61
-0.53500003 3.1059999 2.1919999 58
-0.61900002 3.0090001 2.191 72
-0.414 3.3199999 2.188 54
-0.51099998 3.207 2.1919999 61
-0.60500002 3.098 2.1949999 62
-0.68300003 2.993 2.1919999 69
-0.49399999 3.3099999 2.1819999 56
-0.58600003 3.2019999 2.194 63
-0.67400002 3.0829999 2.1949999 60
-0.745 2.971 2.1900001 65
-0.574 3.309 2.1830001 54
-0.66100001 3.191 2.1919999 60
-0.74000001 3.0610001 2.1900001 56
-0.81099999 2.9590001 2.1960001 43
-0.65499997 3.303 2.1830001 57
-0.73400003 3.177 2.191 57
0 0 0 0
0 0 0 0
-0.73500001 3.2920001 2.1800001 55
-0.80800003 3.164 2.1919999 66
-0.16 0.55199999 0.40000001 10
-0.176 0.55000001 0.41499999 11
-0.81699997 3.286 2.1830001 56
0 0 0 0
-0.17200001 0.54900002 0.40000001 10
0 0 0 0
0 0 0 0
-0.167 0.54699999 0.38299999 10
-0.186 0.55199999 0.405 10
-0.20200001 0.54799998 0.41999999 12
-0.16599999 0.55299997 0.37 11
-0.183 0.55400002 0.38999999 10
-0.20100001 0.55400002 0.41 10
-0.214 0.54500002 0.42199999 12
0 0 0 0
0 0 0 0
-0.212 0.54699999 0.40799999 11
-0.226 0.54100001 0.42300001 12
-0.19599999 0.55599999 0.37599999 11
-0.211 0.551 0.39300001 10
-0.228 0.551 0.41499999 10
-0.23999999 0.54299998 0.42899999 12
-0.212 0.55800003 0.38 12
-0.226 0.55199999 0.39700001 10
-0.23999999 0.546 0.41499999 10
-0.25299999 0.54100001 0.43200001 12
-0.226 0.55500001 0.38 12
0 0 0 0
-0.25299999 0.542 0.417 11
-0.26699999 0.54000002 0.43700001 12
0 0 0 0
-0.252 0.54400003 0.398 11
-0.26800001 0.54299998 0.421 10
-0.28099999 0.53899997 0.44100001 12
-0.25600001 0.551 0.38299999 12
-0.26899999 0.54699999 0.40400001 10
-0.28200001 0.542 0.42500001 10
-0.294 0.53600001 0.44400001 12
0 0 0 0
-0.28200001 0.54100001 0.40400001 12
-0.29499999 0.537 0.426 10
-0.30899999 0.53500003 0.449 12
-0.287 0.54699999 0.38800001 12
-0.29899999 0.54299998 0.41 10
-0.31200001 0.53899997 0.433 10
-0.32300001 0.53399998 0.454 11
-0.30500001 0.55000001 0.39399999 12
-0.31600001 0.54400003 0.41600001 8
-0.32699999 0.537 0.43799999 9
-0.33899999 0.53399998 0.461 11
-0.322 0.54799998 0.39700001 12
0 0 0 0
-0.347 0.542 0.44800001 11
-0.35499999 0.53399998 0.46799999 10
-0.33899999 0.54699999 0.40200001 12
-0.34900001 0.54299998 0.426 7
-0.36300001 0.54100001 0.45300001 9
-0.37200001 0.53500003 0.47499999 10
-0.361 0.55199999 0.41100001 12
-0.37 0.546 0.43399999 7
-0.38100001 0.54299998 0.46200001 7
-0.391 0.537 0.486 8
-0.37799999 0.54900002 0.41499999 11
-0.391 0.55000001 0.44400001 6
-0.40200001 0.546 0.472 6
-0.41600001 0.54699999 0.50300002 0
-0.40200001 0.55500001 0.426 10
-0.41100001 0.551 0.45199999 6
-0.43000001 0.55800003 0.49000001 5
-1.87 2.355 2.2019999 11
-0.42500001 0.55699998 0.43399999 7
-0.442 0.56400001 0.47099999 5
-0.45199999 0.56099999 0.50199997 1
-1.9069999 2.3010001 2.1900001 65
-0.45699999 0.57099998 0.45199999 6
-0.47 0.57200003 0.486 2
-2.043 2.421 2.2060001 7
-1.9529999 2.2579999 2.191 73
-2.2720001 2.7030001 2.1800001 7
-2.1919999 2.5480001 2.2049999 4
-2.0869999 2.3659999 2.197 60
-1.998 2.2149999 2.191 69
-2.3429999 2.655 2.1819999 55
-2.243 2.4890001 2.1960001 53
-2.1359999 2.3169999 2.1949999 56
-2.0439999 2.1719999 2.1919999 64
-2.4089999 2.6029999 2.1819999 55
-2.303 2.441 2.197 57
-2.1889999 2.2720001 2.197 59
-2.0899999 2.1300001 2.1949999 64
-2.474 2.5469999 2.181 54
-2.359 2.388 2.1960001 58
-2.243 2.2290001 2.2019999 58
-2.131 2.082 2.1930001 70
-2.543 2.4949999 2.1849999 54
-2.414 2.3329999 2.194 60
-2.286 2.174 2.197 57
-2.1719999 2.0350001 2.1919999 63
-2.609 2.441 2.187 55
-2.4679999 2.2780001 2.194 59
-2.3329999 2.1229999 2.197 57
-2.2160001 1.9910001 2.1960001 69
-2.664 2.3759999 2.1830001 55
-2.5220001 2.223 2.1949999 57
-2.385 2.076 2.2019999 60
-2.256 1.943 2.1960001 67
-2.7279999 2.3169999 2.1860001 56
-2.576 2.168 2.1960001 61
-2.4260001 2.0209999 2.198 63
-2.2939999 1.8940001 2.1949999 60
-2.786 2.2539999 2.1849999 56
-2.625 2.108 2.1949999 60
-2.471 1.9680001 2.2 66
-2.332 1.845 2.1949999 53
-2.8410001 2.188 2.1830001 60
-2.674 2.0480001 2.194 63
-2.5190001 1.9170001 2.204 60
-2.3710001 1.796 2.197 62
-2.895 2.1210001 2.1819999 55
-2.7290001 1.993 2.2 61
-2.559 1.8609999 2.2030001 63
-2.408 1.7460001 2.198 61
-2.951 2.056 2.1849999 55
-2.7739999 1.929 2.197 59
-2.602 1.807 2.2049999 67
-2.4460001 1.696 2.2 65
-3.0109999 1.993 2.191 56
-2.819 1.8660001 2.198 63
-2.642 1.75 2.2060001 67
-2.4809999 1.645 2.201 70
-3.0569999 1.919 2.188 56
-2.868 1.806 2.2019999 67
-2.678 1.691 2.2049999 64
-2.51 1.59 2.198 63
-3.115 1.854 2.1949999 60
-2.914 1.743 2.2049999 64
-2.72 1.636 2.2090001 64
-2.549 1.541 2.204 65
-3.164 1.7819999 2.197 57
-2.9519999 1.675 2.2019999 60
-2.7609999 1.579 2.2130001 64
-2.582 1.488 2.2049999 64
-3.2090001 1.7079999 2.197 56
-2.9949999 1.61 2.2049999 61
-2.796 1.518 2.2130001 64
-2.6129999 1.434 2.2060001 65
-3.256 1.635 2.2 57
-3.036 1.543 2.207 59
-2.8280001 1.457 2.2130001 64
-2.645 1.381 2.2090001 70
-3.2939999 1.557 2.1989999 56
-3.075 1.476 2.21 62
-2.8629999 1.397 2.2149999 61
-2.674 1.326 2.2090001 54
-3.3329999 1.48 2.2 57
-3.1110001 1.4069999 2.211 58
-2.8929999 1.334 2.2149999 61
-2.7019999 1.27 2.211 68
-3.381 1.405 2.207 56
-3.152 1.339 2.2160001 64
-2.9219999 1.271 2.214 61
-2.7320001 1.215 2.214 67
-3.418 1.326 2.2090001 57
-3.1819999 1.267 2.2160001 65
-2.964 1.2130001 2.2249999 69
-2.757 1.158 2.2130001 67
-3.4519999 1.2460001 2.21 58
-3.214 1.1950001 2.2179999 60
-2.9809999 1.1440001 2.217 55
-2.779 1.1 2.2119999 77
-3.4860001 1.165 2.2119999 58
-3.243 1.122 2.2179999 62
-3.017 1.0829999 2.2260001 76
-2.8069999 1.044 2.2160001 77
-3.5150001 1.0829999 2.2119999 58
-3.267 1.048 2.2160001 62
-3.0420001 1.017 2.2260001 62
-2.8280001 0.98400003 2.2149999 69
-3.54 1 2.2119999 58
-3.3 0.97600001 2.2219999 69
-3.0680001 0.95200002 2.2279999 69
-2.8499999 0.926 2.2160001 72
-3.573 0.91799998 2.2179999 58
-3.319 0.89999998 2.22 71
-3.089 0.88499999 2.2290001 70
-2.8759999 0.86799997 2.221 71
-3.602 0.83499998 2.2219999 58
-3.339 0.824 2.22 56
-3.1199999 0.82099998 2.237 67
-2.8940001 0.80800003 2.22 66
-3.6210001 0.75 2.2219999 59
-3.3599999 0.74800003 2.221 63
-3.138 0.75300002 2.237 74
-2.9119999 0.74699998 2.22 50
-3.645 0.66600001 2.2260001 60
-3.369 0.67000002 2.2149999 91
-3.154 0.68400002 2.2360001 69
-2.937 0.68900001 2.227 73
-3.6619999 0.579 2.227 59
-3.402 0.597 2.227 68
-3.177 0.61699998 2.2409999 81
-2.957 0.62900001 2.2309999 66
-3.6760001 0.493 2.2279999 59
-3.4300001 0.52100003 2.2360001 72
-3.1919999 0.54799998 2.2409999 71
-2.971 0.56599998 2.23 67
-3.7 0.40799999 2.2360001 60
-3.441 0.44299999 2.2360001 69
-3.2030001 0.477 2.2409999 70
-2.9879999 0.505 2.233 69
-3.7119999 0.32100001 2.2379999 62
-3.4549999 0.36500001 2.2390001 63
-3.223 0.40900001 2.247 74
-3.0039999 0.44299999 2.2360001 75
-3.723 0.234 2.2409999 59
-3.473 0.287 2.2449999 63
-3.234 0.33899999 2.2479999 73
-3.0150001 0.38 2.2360001 78
-3.7349999 0.147 2.247 60
-3.4809999 0.20900001 2.2460001 61
-3.2460001 0.26800001 2.2490001 66
-3.03 0.317 2.24 74
-3.7379999 0.059 2.247 59
-3.49 0.13 2.2490001 65
-3.253 0.197 2.25 54
-3.039 0.25400001 2.24 72
-3.7390001 -0.028000001 2.2479999 59
-3.5 0.050999999 2.2539999 73
-3.2690001 0.127 2.257 74
-3.0510001 0.19 2.243 64
-3.757 -0.116 2.2609999 60
-3.5079999 -0.028000001 2.257 64
-3.276 0.055 2.2590001 70
-3.066 0.126 2.2490001 66
-3.756 -0.204 2.263 60
-3.51 -0.107 2.26 60
-3.286 -0.016000001 2.2639999 68
-3.075 0.061999999 2.2520001 67
-3.7409999 -0.29100001 2.2579999 61
-3.516 -0.18799999 2.2650001 59
-3.2880001 -0.086999997 2.2639999 67
-3.0799999 -0.0020000001 2.2520001 66
-4.0869999 -0.414 2.474 57
-3.513 -0.26699999 2.266 58
-3.2939999 -0.16 2.2690001 63
-3.092 -0.068000004 2.2590001 64
-2.7820001 -0.34799999 1.689 3
-3.5109999 -0.347 2.2690001 67
-3.3 -0.23199999 2.2750001 58
-3.0929999 -0.133 2.2590001 63
-2.5899999 -0.38499999 1.5779999 4
-2.7739999 -0.338 1.7970001 3
-3.3010001 -0.30500001 2.2780001 59
-3.099 -0.199 2.263 63
-2.6070001 -0.44999999 1.595 4
-2.6010001 -0.37599999 1.6900001 4
-3.2750001 -0.375 2.263 31
-3.105 -0.266 2.2679999 59
-2.618 -0.51499999 1.61 4
-2.6099999 -0.43799999 1.701 4
-2.648 -0.36300001 1.8329999 4
-3.1040001 -0.33199999 2.2690001 54
-4.0560002 -0.89700001 2.5079999 52
-2.6159999 -0.5 1.712 4
-2.6129999 -0.41600001 1.813 4
-2.7720001 -0.35699999 2.0280001 1
-4.0320001 -0.99000001 2.5090001 62
-3.825 -0.82200003 2.5150001 47
-2.609 -0.47400001 1.816 4
-2.5940001 -0.38999999 1.9 1
-3.9590001 -1.0700001 2.4809999 65
-3.7969999 -0.90600002 2.5090001 58
-2.6240001 -0.537 1.832 0
-2.6170001 -0.45100001 1.921 3
-3.9860001 -1.177 2.516 58
-3.78 -0.99299997 2.5120001 58
-3.586 -0.81599998 2.513 54
-2.6259999 -0.50999999 1.932 3
-3.954 -1.268 2.516 55
-3.7460001 -1.075 2.5050001 59
-3.572 -0.89600003 2.5150001 53
-3.4059999 -0.73699999 2.513 49
-3.924 -1.359 2.5179999 52
-3.734 -1.163 2.513 60
-3.5639999 -0.977 2.5220001 55
-3.3940001 -0.81099999 2.5109999 56
-3.8900001 -1.449 2.5190001 62
-3.7149999 -1.25 2.5190001 60
-3.5450001 -1.057 2.5209999 55
-3.381 -0.88499999 2.5120001 58
-1.247 -0.49700001 0.81599998 8
-3.694 -1.336 2.5239999 60
-3.5190001 -1.1339999 2.517 60
-3.375 -0.96200001 2.516 57
-1.206 -0.51300001 0.79699999 19
-3.6659999 -1.42 2.5250001 60
-3.5120001 -1.217 2.5280001 54
-3.362 -1.0369999 2.5179999 58
-1.179 -0.53399998 0.78799999 26
-1.198 -0.495 0.83200002 1
-3.493 -1.2970001 2.5309999 55
-3.335 -1.107 2.5109999 51
-1.175 -0.565 0.79400003 6
-1.165 -0.51300001 0.81800002 11
-3.471 -1.377 2.5350001 55
-3.3329999 -1.187 2.5220001 57
-1.156 -0.58899999 0.79100001 21
-1.123 -0.52499998 0.796 21
-3.4489999 -1.457 2.5380001 55
-3.3210001 -1.2640001 2.5280001 57
-1.136 -0.61199999 0.787 11
-1.1059999 -0.54699999 0.79299998 6
-1.118 -0.50099999 0.829 1
-3.3 -1.339 2.5280001 58
-1.084 -0.616 0.76200002 2
-1.09 -0.56999999 0.79000002 14
-1.09 -0.51800001 0.81599998 14
-3.289 -1.419 2.5380001 57
-1.082 -0.64899999 0.77200001 1
-1.082 -0.597 0.79400003 2
-1.057 -0.53200001 0.79900002 3
-3.2609999 -1.4910001 2.5350001 57
-1.076 -0.67900002 0.77899998 1
-1.071 -0.62300003 0.79500002 13
-1.038 -0.551 0.79299998 24
-1.062 -0.51300001 0.83200002 1
-1.082 -0.71799999 0.796 5
-1.052 -0.64399999 0.792 1
-1.0319999 -0.57700002 0.796 2
-1.039 -0.53100002 0.82099998 10
-1.068 -0.74400002 0.79900002 7
-1.029 -0.662 0.78600001 4
-1.0190001 -0.60000002 0.796 14
-1 -0.53799999 0.79699999 3
-1.0470001 -0.76499999 0.79699999 7
-1.015 -0.685 0.78600001 1
-1.0140001 -0.62699997 0.801 1
-0.986 -0.55900002 0.79299998 22
-1.025 -0.78500003 0.79500002 3
-1.016 -0.72000003 0.80000001 4
-0.995 -0.64700001 0.796 8
-0.97000003 -0.57800001 0.78899997 2
-2.927 -2.349 2.313 33
-0.99599999 -0.74000001 0.796 7
-0.97100002 -0.662 0.787 0
-0.96799999 -0.60600001 0.796 11
-2.9560001 -2.4849999 2.382 42
-0.98699999 -0.76800001 0.80299997 2
-0.93900001 -0.671 0.773 1
-0.94599998 -0.62199998 0.787 0
-2.9760001 -2.619 2.4489999 46
-0.958 -0.78100002 0.79299998 8
-0.95200002 -0.713 0.79500002 4
-0.94099998 -0.64899999 0.79299998 7
-2.974 -2.7390001 2.5009999 54
-2.947 -2.513 2.4860001 4
-0.949 -0.74400002 0.80500001 1
0 0 0 0
-2.9760001 -2.868 2.559 55
-2.915 -2.6010001 2.507 46
-0.93099999 -0.764 0.80299997 20
0 0 0 0
-2.9189999 -2.9419999 2.5699999 57
-2.8540001 -2.6630001 2.5050001 49
-0.91100001 -0.78200001 0.79900002 3
-0.90799999 -0.71899998 0.79699999 4
-2.848 -3.003 2.569 51
-2.8239999 -2.757 2.5320001 58
-0.88999999 -0.79900002 0.79500002 5
-0.89499998 -0.74199998 0.79799998 3
0 0 0 0
-2.802 -2.8599999 2.569 59
-2.76 -2.5899999 2.5109999 6
-0.88300002 -0.76499999 0.79900002 24
-0.61799997 -0.713 0.58700001 0
-2.743 -2.928 2.573 58
-2.7049999 -2.654 2.51 54
-0.86699998 -0.78600001 0.79900002 4
-0.60299999 -0.72799999 0.58899999 0
-2.6760001 -2.987 2.572 59
-2.71 -2.7809999 2.5680001 56
-0.852 -0.80699998 0.79799998 6
-0.58200002 -0.736 0.58600003 0
0 0 0 0
-2.6600001 -2.8529999 2.576 55
-2.677 -2.654 2.556 7
-0.56300002 -0.745 0.58399999 0
-0.58899999 -0.71899998 0.59600002 0
-2.5999999 -2.9170001 2.576 56
-2.6370001 -2.733 2.5680001 57
0 0 0 0
-0.56400001 -0.72100002 0.58700001 0
-2.5450001 -2.987 2.5829999 57
-2.586 -2.8039999 2.5710001 57
0 0 0 0
-0.54900002 -0.73500001 0.588 0
-2.4809999 -3.0469999 2.582 56
-2.5320001 -2.872 2.573 55
0 0 0 0
-0.53200001 -0.74699998 0.588 0
0 0 0 0
-2.477 -2.9389999 2.576 57
-2.1889999 -3.506 2.598 12
-0.51300001 -0.75400001 0.58399999 0
-0.53899997 -0.72600001 0.59200001 0
-2.4189999 -3.006 2.5780001 55
-2.1070001 -3.5480001 2.5969999 10
0 0 0 0
-0.51999998 -0.73400003 0.588 0
-2.3570001 -3.0669999 2.576 54
0 0 0 0
0 0 0 0
-0.50199997 -0.74400002 0.58499998 0
0 0 0 0
0 0 0 0
-2.0480001 -3.493 2.5929999 13
0 0 0 0
-0.514 -0.736 0.59399998 0
0 0 0 0
-1.972 -3.543 2.596 12
0 0 0 0
-0.493 -0.741 0.58700001 0
0 0 0 0
0 0 0 0
0 0 0 0
0 0 0 0
0 0 0 0
0 0 0 0
-1.942 -3.5179999 2.6029999 12
0 0 0 0
-1.212 -2.8380001 1.9579999 0
0 0 0 0
0 0 0 0
-1.978 -3.461 2.6040001 12
0 0 0 0
0 0 0 0
0 0 0 0
-1.908 -3.5220001 2.608 12
-1.457 -3.8729999 2.632 0
0 0 0 0
0 0 0 0
0 0 0 0
-1.369 -3.895 2.6300001 6
-1.1160001 -2.836 1.948 1
-1.228 -2.793 1.962 0
0 0 0 0
-1.279 -3.9100001 2.6240001 9
-1.057 -2.872 1.955 0
-1.163 -2.813 1.954 0
0 0 0 0
-1.192 -3.9360001 2.6259999 9
-1.329 -3.872 2.615 2
-1.102 -2.8469999 1.955 0
0 0 0 0
-1.1059999 -3.9579999 2.6270001 9
-1.245 -3.908 2.619 9
0 0 0 0
0 0 0 0
-1.0190001 -3.9779999 2.628 9
-1.161 -3.9449999 2.6240001 10
0 0 0 0
0 0 0 0
-0.93000001 -3.993 2.6270001 10
-1.071 -3.9590001 2.6170001 10
-1.222 -3.9289999 2.6199999 10
0 0 0 0
-0.84600002 -4.0219998 2.6370001 7
-0.98699999 -4 2.6270001 10
-1.137 -3.97 2.6229999 10
-1.276 -3.944 2.6259999 9
0 0 0 0
-0.89899999 -4.0240002 2.628 10
-1.05 -4.0040002 2.6240001 11
-1.1900001 -3.9909999 2.6289999 9
0 0 0 0
-0.81199998 -4.052 2.6329999 0
-0.96200001 -4.0419998 2.6289999 10
-1.1 -4.0310001 2.628 9
-0.58099997 -4.059 2.6389999 11
-0.72299999 -4.0760002 2.6359999 9
-0.87300003 -4.073 2.6300001 9
-1.0140001 -4.085 2.638 9
-0.493 -4.0640001 2.638 10
-0.63200003 -4.086 2.632 10
-0.78600001 -4.1230001 2.6440001 0
-0.92199999 -4.118 2.6359999 9
-0.405 -4.0809999 2.6459999 10
-0.542 -4.099 2.6300001 11
-0.69199997 -4.1350002 2.6359999 10
-0.83200002 -4.1729999 2.648 1
-0.317 -4.0749998 2.6389999 10
-0.45199999 -4.1269999 2.6400001 11
-0.60100001 -4.1700001 2.6429999 10
-0.73699999 -4.2030001 2.6459999 9
-0.229 -4.0890002 2.6470001 11
-0.36199999 -4.1440001 2.6429999 10
-0.50700003 -4.1960001 2.645 11
-0.64099997 -4.2319999 2.645 10
-0.141 -4.0869999 2.6459999 12
-0.27000001 -4.1490002 2.641 11
-0.41299999 -4.217 2.6470001 11
-0.54500002 -4.2659998 2.6489999 11
-0.052999999 -4.0809999 2.6429999 10
-0.17900001 -4.1630001 2.645 12
-0.31799999 -4.2399998 2.6500001 9
-0.44600001 -4.2940001 2.6489999 11
0.033 -4.0819998 2.6459999 11
-0.086999997 -4.165 2.642 11
-0.222 -4.25 2.6470001 12
-0.34799999 -4.3239999 2.652 11
0.121 -4.085 2.651 9
0.0040000002 -4.1609998 2.6370001 11
-0.125 -4.2600002 2.6440001 11
-0.24699999 -4.3499999 2.654 11
0.20900001 -4.0840001 2.655 2
0.097000003 -4.1729999 2.6440001 12
-0.028000001 -4.2810001 2.651 11
-0.145 -4.3610001 2.648 10
0.21799999 -3.006 1.9579999 0
0.189 -4.1810002 2.6489999 12
0.068999998 -4.2870002 2.6489999 11
-0.043000001 -4.3800001 2.6489999 11
0.28400001 -3.017 1.97 1
0.28099999 -4.1750002 2.6470001 12
0.16599999 -4.3000002 2.6530001 10
0.059 -4.4000001 2.6530001 11
0.34599999 -2.9949999 1.962 1
0.373 -4.1739998 2.6489999 12
0.266 -4.3099999 2.6559999 12
0.163 -4.415 2.6530001 12
0.41499999 -3.0209999 1.9859999 0
0.46599999 -4.1719999 2.652 13
0.36399999 -4.303 2.651 12
0.26899999 -4.4400001 2.6619999 13
0 0 0 0
0.55900002 -4.164 2.652 11
0.46399999 -4.3070002 2.6530001 12
0.375 -4.448 2.6619999 12
0 0 0 0
0.653 -4.1659999 2.6589999 8
0.565 -4.3080001 2.654 12
0.48199999 -4.4510002 2.6600001 13
0 0 0 0
0.74699998 -4.1609998 2.664 1
0.66299999 -4.2950001 2.6489999 11
0.58999997 -4.4619999 2.664 11
0 0 0 0
0.62199998 -3.0699999 1.972 0
0.764 -4.2940001 2.6530001 12
0.699 -4.4650002 2.6659999 12
0 0 0 0
0.69099998 -3.0650001 1.977 0
0.86400002 -4.283 2.651 13
0.80500001 -4.4510002 2.658 12
0 0 0 0
0.76200002 -3.063 1.984 0
0.96200001 -4.2639999 2.6459999 13
0.91600001 -4.461 2.6670001 11
1.14 -3.8900001 2.6500001 12
0 0 0 0
1.066 -4.2639999 2.655 11
1.029 -4.4689999 2.6760001 11
1.225 -3.8710001 2.655 12
0 0 0 0
1.164 -4.2410002 2.651 10
1.138 -4.4530001 2.6730001 10
0 0 0 0
0 0 0 0
1.265 -4.2259998 2.652 4
1.248 -4.4390001 2.6719999 10
0 0 0 0
0 0 0 0
0 0 0 0
1.357 -4.4200001 2.6700001 6
0.32499999 -0.838 0.588 0
0 0 0 0
0 0 0 0
1.469 -4.4089999 2.674 9
0 0 0 0
0.336 -0.85100001 0.57200003 0
0.33000001 -0.87800002 0.56 0
1.5880001 -4.4120002 2.6889999 10
0.36500001 -0.83499998 0.59600002 0
0 0 0 0
0 0 0 0
0 0 0 0
0.382 -0.82700002 0.59600002 0
0 0 0 0
0 0 0 0
0 0 0 0
1.78 -3.645 2.655 4
0 0 0 0
0 0 0 0
0 0 0 0
1.8559999 -3.6029999 2.6530001 49
0.43000001 -0.85799998 0.597 0
0 0 0 0
0 0 0 0
1.9299999 -3.562 2.652 48
0.454 -0.85900003 0.60399997 0
0 0 0 0
0 0 0 0
2.003 -3.5179999 2.6489999 46
0.479 -0.86000001 0.611 0
0 0 0 0
0 0 0 0
2.0810001 -3.4820001 2.654 43
2.164 -3.6860001 2.6489999 4
0.51599997 -0.89899999 0.60900003 0
0 0 0 0
2.1559999 -3.4400001 2.6559999 41
2.2490001 -3.645 2.652 43
0 0 0 0
2.266 -3.8080001 2.474 3
2.2320001 -3.401 2.661 45
2.2409999 -3.4590001 2.549 44
0.55699998 -0.87400001 0.60600001 0
2.579 -4.105 2.697 8
2.2969999 -3.3429999 2.651 47
2.2720001 -3.3399999 2.494 61
0.58499998 -0.87300003 0.61299998 0
2.6830001 -4.0489998 2.694 1
2.277 -3.1689999 2.549 43
2.323 -3.2579999 2.467 59
2.6199999 -3.717 2.6470001 5
0 0 0 0
0.75999999 -1.012 0.82700002 7
2.5580001 -3.4260001 2.6329999 33
2.704 -3.655 2.641 36
0.65700001 -0.89600003 0.61199999 0
0.78600001 -1.002 0.83200002 22
2.6400001 -3.3770001 2.6359999 40
2.796 -3.6029999 2.6429999 43
0.67900002 -0.88099998 0.611 3
0.80599999 -0.98400003 0.82999998 20
2.717 -3.322 2.6359999 38
2.8859999 -3.546 2.6429999 49
2.911 -3.592 2.5320001 6
0.83200002 -0.97299999 0.83499998 20
0.87199998 -1.0190001 0.82200003 9
2.934 -3.438 2.6070001 52
2.9330001 -3.4449999 2.47 52
0.847 -0.949 0.829 6
0.90899998 -1.016 0.83399999 24
2.957 -3.306 2.552 53
2.9549999 -3.3050001 2.4130001 50
0.85799998 -0.92199999 0.81999999 3
0.93400002 -0.99800003 0.83600003 20
0.98199999 -1.048 0.82499999 2
2.97 -3.1659999 2.3559999 50
0.884 -0.91000003 0.82499999 9
0.95599997 -0.977 0.83399999 10
1.018 -1.0369999 0.833 17
2.987 -3.0339999 2.303 55
0.91100001 -0.89999998 0.833 20
0.95599997 -0.93599999 0.81599998 2
1.046 -1.017 0.83399999 19
2.997 -2.902 2.25 58
0.93000001 -0.88099998 0.83200002 19
0.98500001 -0.92199999 0.82099998 7
1.074 -0.99699998 0.83600003 13
1.143 -1.054 0.83600003 11
0.949 -0.86199999 0.83200002 19
1.023 -0.91500002 0.83399999 22
1.082 -0.95899999 0.82300001 3
1.175 -1.033 0.83899999 17
0.96700001 -0.84200001 0.83099997 21
1.043 -0.89300001 0.833 21
1.114 -0.94199997 0.829 11
1.202 -1.006 0.83899999 9
0.98500001 -0.82099998 0.82999998 20
1.0650001 -0.87099999 0.83399999 24
1.146 -0.92400002 0.83399999 20
1.2079999 -0.96200001 0.824 2
1.006 -0.80299997 0.83200002 19
1.0880001 -0.85000002 0.83499998 27
1.169 -0.898 0.833 19
1.255 -0.95099998 0.838 16
1.051 -0.80400002 0.85500002 16
1.104 -0.824 0.83200002 23
1.196 -0.875 0.83600003 20
1.279 -0.92199999 0.83600003 16
3.0899999 -2.2609999 2.47 60
1.149 -0.81900001 0.85000002 15
1.215 -0.84799999 0.83399999 20
1.302 -0.89200002 0.83499998 16
3.1040001 -2.1719999 2.4400001 62
3.1229999 -2.122 2.2720001 53
1.253 -0.83200002 0.84500003 13
1.326 -0.86199999 0.83499998 18
3.118 -2.085 2.4130001 62
3.1289999 -2.026 2.2390001 61
3.1500001 -1.9859999 2.0869999 54
1.377 -0.84899998 0.852 11
3.128 -1.997 2.3840001 61
3.1459999 -1.939 2.2160001 60
3.154 -1.886 2.0550001 57
3.1600001 -1.8430001 1.921 56
3.1389999 -1.911 2.3570001 60
3.1570001 -1.85 2.191 60
3.1700001 -1.798 2.033 55
3.1730001 -1.749 1.898 60
3.1500001 -1.827 2.332 58
3.161 -1.7589999 2.161 57
3.184 -1.709 2.0120001 55
3.1800001 -1.654 1.873 65
3.1619999 -1.7460001 2.3099999 62
3.1819999 -1.679 2.1459999 58
3.1919999 -1.619 1.989 58
3.1919999 -1.5650001 1.853 63
3.1719999 -1.665 2.2869999 59
3.188 -1.5930001 2.122 60
3.1960001 -1.529 1.965 63
3.2079999 -1.478 1.837 69
3.1819999 -1.585 2.266 58
3.1949999 -1.508 2.099 61
3.211 -1.4450001 1.949 61
3.2160001 -1.388 1.818 81
3.1960001 -1.5089999 2.2490001 58
3.21 -1.429 2.0840001 62
3.2179999 -1.36 1.9299999 68
3.2190001 -1.298 1.7970001 86
3.197 -1.426 2.223 56
3.214 -1.345 2.063 68
3.2219999 -1.273 1.909 70
3.2290001 -1.212 1.7819999 96
3.2119999 -1.351 2.2079999 61
3.2190001 -1.2640001 2.043 68
3.2360001 -1.192 1.897 80
3.0050001 -1.046 1.641 5
3.2119999 -1.271 2.1849999 57
3.2309999 -1.186 2.03 74
3.0050001 -1.028 1.743 5
3.2049999 -1.03 1.732 67
3.2219999 -1.197 2.1700001 66
3.0179999 -1.0319999 1.877 5
3.2130001 -1.016 1.846 66
3.223 -0.95099998 1.725 87
3.1559999 -1.096 2.105 10
3.211 -1.018 1.978 61
3.234 -0.94099998 1.841 69
3.244 -0.87199998 1.721 84
3.1889999 -1.0319999 2.1070001 29
3.2360001 -0.94700003 1.976 88
3.244 -0.86199999 1.831 76
3.2520001 -0.79100001 1.712 96
3.2279999 -0.96799999 2.1140001 74
3.247 -0.87199998 1.967 93
3.2509999 -0.78299999 1.821 77
3.267 -0.71200001 1.707 86
3.2379999 -0.89600003 2.1029999 81
3.2509999 -0.79500002 1.954 92
3.2690001 -0.708 1.818 79
3.2739999 -0.63099998 1.699 89
3.24 -0.82300001 2.0880001 75
3.2679999 -0.722 1.95 86
3.277 -0.62900001 1.8099999 83
3.28 -0.551 1.692 84
3.2579999 -0.75300002 2.0829999 78
3.263 -0.64499998 1.934 74
3.2839999 -0.55199999 1.804 81
3.2909999 -0.472 1.689 87
3.2650001 -0.68099999 2.073 76
3.276 -0.57099998 1.929 78
3.302 -0.47600001 1.803 82
3.302 -0.39300001 1.686 85
3.277 -0.61000001 2.0669999 82
3.2880001 -0.498 1.925 75
3.309 -0.39899999 1.798 83
3.3110001 -0.31400001 1.684 84
3.289 -0.53899997 2.062 77
3.299 -0.42399999 1.921 74
3.316 -0.32100001 1.794 77
3.332 -0.235 1.688 89
3.302 -0.46799999 2.0569999 81
3.3050001 -0.34999999 1.916 81
3.3299999 -0.245 1.795 75
3.339 -0.155 1.687 84
3.312 -0.39700001 2.052 79
3.319 -0.27599999 1.916 76
3.3369999 -0.167 1.794 81
3.349 -0.075000003 1.689 83
3.3180001 -0.32499999 2.046 75
3.326 -0.20100001 1.913 74
3.342 -0.089000002 1.791 74
3.362 0.0049999999 1.693 81
3.3269999 -0.25299999 2.0420001 72
3.336 -0.126 1.9119999 66
3.358 -0.012 1.796 75
3.3699999 0.085000001 1.6950001 88
3.3380001 -0.18099999 2.04 76
3.3570001 -0.052000001 1.918 82
3.369 0.066 1.799 71
3.3729999 0.16599999 1.696 88
3.3469999 -0.109 2.0380001 71
3.3640001 0.023 1.918 82
3.3740001 0.145 1.8 68
3.3900001 0.249 1.705 85
3.355 -0.035999998 2.0369999 76
3.3710001 0.098999999 1.919 79
3.3840001 0.223 1.8049999 76
3.401 0.331 1.712 85
3.3599999 0.035999998 2.0339999 73
3.385 0.176 1.924 84
3.3959999 0.30399999 1.812 69
3.4070001 0.414 1.7180001 89
3.372 0.11 2.036 69
3.3900001 0.25299999 1.926 82
3.4119999 0.38600001 1.822 86
3.431 0.5 1.734 108
3.3759999 0.184 2.0350001 67
3.3970001 0.331 1.928 85
3.421 0.46799999 1.8279999 86
3.4400001 0.58600003 1.743 99
3.3889999 0.25999999 2.0380001 75
3.411 0.41 1.937 80
3.4360001 0.55199999 1.84 82
3.448 0.67299998 1.753 97
3.3989999 0.336 2.0420001 68
3.4200001 0.491 1.943 81
3.4400001 0.63499999 1.847 84
3.4579999 0.76099998 1.765 92
3.4100001 0.412 2.0469999 78
3.4330001 0.57200003 1.9529999 84
3.454 0.72100002 1.86 82
3.47 0.85000002 1.78 94
3.4200001 0.49000001 2.053 76
3.447 0.65399998 1.965 77
3.4649999 0.80699998 1.873 76
3.477 0.94 1.793 78
3.4319999 0.56900001 2.0610001 82
3.45 0.736 1.97 75
3.4719999 0.89399999 1.885 75
3.497 1.035 1.8150001 88
3.4419999 0.64899999 2.0680001 79
3.461 0.82099998 1.982 76
3.487 0.98500001 1.902 73
3.506 1.13 1.832 95
3.45 0.73100001 2.075 73
3.47 0.90700001 1.994 72
3.493 1.076 1.915 75
3.516 1.226 1.85 85
3.4630001 0.81400001 2.086 67
3.4809999 0.995 2.0079999 75
3.5079999 1.171 1.936 78
3.5309999 1.325 1.873 81
3.4719999 0.898 2.096 59
3.4960001 1.085 2.0250001 70
3.5190001 1.266 1.955 76
3.5420001 1.426 1.896 67
3.4820001 0.98299998 2.1070001 64
3.503 1.176 2.039 76
3.529 1.362 1.975 66
1.954 0.83999997 1.056 2
3.494 1.0700001 2.122 60
3.5179999 1.2690001 2.0599999 79
3.5409999 1.462 1.997 70
1.966 0.90100002 1.073 3
3.5050001 1.159 2.1359999 63
3.5280001 1.364 2.079 67
1.959 0.86199999 1.115 3
1.976 0.963 1.091 3
3.5190001 1.252 2.154 76
3.5380001 1.4630001 2.099 68
1.9680001 0.92199999 1.13 3
1.985 1.026 1.108 3
3.5369999 1.349 2.175 65
1.959 0.86199999 1.17 2
1.966 0.977 1.14 3
1.985 1.086 1.122 3
3.546 1.4450001 2.1919999 62
1.959 0.91600001 1.1799999 3
1.977 1.041 1.159 3
1.99 1.151 1.14 2
1.956 0.84799999 1.216 0
1.9680001 0.97500002 1.1950001 3
1.975 1.098 1.171 3
1.998 1.219 1.16 2
1.959 0.90200001 1.226 3
1.969 1.0319999 1.207 3
1.9859999 1.165 1.192 3
2.003 1.2869999 1.1799999 2
1.969 0.96100003 1.2410001 3
1.972 1.091 1.221 3
1.9960001 1.234 1.214 3
2.017 1.364 1.207 2
1.9680001 1.016 1.25 3
1.979 1.155 1.238 3
2.0009999 1.302 1.233 2
2.0209999 1.438 1.229 0
1.985 1.0829999 1.271 2
1.9910001 1.225 1.26 2
2.0009999 1.37 1.251 2
2.026 1.5140001 1.2539999 0
1.9859999 1.142 1.283 2
1.9859999 1.285 1.272 2
2.01 1.4450001 1.276 2
2.0320001 1.594 1.28 0
1.9809999 1.2 1.2920001 0
2.0050001 1.363 1.3 2
2.0139999 1.5190001 1.298 0
2.0450001 1.683 1.313 0
1.995 1.271 1.3150001 0
2.0079999 1.433 1.3200001 0
2.0220001 1.601 1.326 0
2.0539999 1.771 1.346 0
1.99 1.331 1.326 0
2.0139999 1.507 1.344 0
2.033 1.686 1.357 0
2.086 1.8839999 1.395 0
2.0139999 1.415 1.358 0
2.023 1.5880001 1.37 0
2.056 1.786 1.398 0
0 0 0 0
2.0150001 1.485 1.377 0
2.033 1.673 1.399 0
2.046 1.864 1.419 0
0 0 0 0
2.0350001 1.574 1.408 0
2.04 1.76 1.428 0
2.0769999 1.982 1.471 0
0 0 0 0
2.0409999 1.654 1.433 0
2.0580001 1.859 1.466 0
2.0810001 2.079 1.505 0
3.0469999 3.3199999 2.24 7
0 0 0 0
0 0 0 0
3.0339999 3.175 2.2449999 56
2.9719999 3.392 2.243 52
0 0 0 0
3.046 3.0139999 2.257 4
2.964 3.2449999 2.247 59
2.8859999 3.4489999 2.2390001 52
0 0 0 0
2.9860001 3.0929999 2.2579999 58
2.8840001 3.3069999 2.2409999 60
2.802 3.5109999 2.237 51
3.013 2.937 2.2609999 49
2.9119999 3.158 2.2509999 59
2.806 3.372 2.2390001 60
2.7160001 3.5710001 2.2360001 49
2.951 3.0150001 2.257 49
2.8380001 3.227 2.2460001 61
2.724 3.4330001 2.234 58
2.6270001 3.625 2.2320001 49
2.8840001 3.086 2.2509999 56
2.766 3.2950001 2.244 58
2.645 3.4949999 2.233 54
2.5409999 3.6819999 2.2309999 49
2.8210001 3.1619999 2.2490001 56
2.691 3.359 2.24 56
2.5610001 3.552 2.2290001 57
2.45 3.7290001 2.227 51
2.7520001 3.2309999 2.244 56
2.6140001 3.4219999 2.2349999 58
2.4809999 3.6099999 2.2290001 57
2.3610001 3.7780001 2.2260001 50
2.6789999 3.2939999 2.237 48
2.5439999 3.49 2.2379999 58
2.402 3.6719999 2.2309999 52
2.27 3.825 2.2249999 51
2.6110001 3.3670001 2.2360001 49
2.461 3.5450001 2.23 56
2.3139999 3.72 2.2260001 52
2.1800001 3.872 2.224 50
2.54 3.437 2.234 52
2.381 3.6040001 2.2279999 57
2.2279999 3.7720001 2.2249999 57
2.0869999 3.9130001 2.221 52
2.4649999 3.5039999 2.23 49
2.3080001 3.674 2.2320001 53
2.1400001 3.8239999 2.223 49
1.99 3.95 2.217 57
2.3889999 3.573 2.2279999 49
2.227 3.737 2.2320001 52
2.0510001 3.8710001 2.221 59
1.895 3.9849999 2.214 51
2.312 3.638 2.2260001 51
2.138 3.783 2.2249999 51
1.964 3.9189999 2.221 59
1.802 4.0229998 2.214 51
2.2320001 3.7019999 2.224 45
2.0539999 3.8380001 2.224 56
1.8710001 3.96 2.2179999 59
1.707 4.0560002 2.2119999 50
2.155 3.7690001 2.2249999 47
1.964 3.8840001 2.2179999 58
1.779 3.997 2.2149999 58
1.612 4.0890002 2.211 50
2.072 3.8280001 2.2219999 49
1.877 3.9349999 2.217 55
1.689 4.0419998 2.2160001 57
1.515 4.112 2.207 48
1.982 3.8789999 2.2149999 51
1.79 3.9860001 2.2179999 60
1.592 4.0689998 2.2090001 52
0 0 0 0
1.898 3.938 2.214 51
1.699 4.0310001 2.2149999 53
1.497 4.099 2.2060001 46
0.303 0.954 0.505 0
1.811 3.9960001 2.214 50
1.604 4.0669999 2.2090001 53
0 0 0 0
1.222 4.1680002 2.194 4
1.721 4.0469999 2.21 49
1.515 4.1160002 2.2119999 47
0.30399999 0.96899998 0.51300001 0
1.1289999 4.1950002 2.197 43
1.63 4.0949998 2.2079999 48
0 0 0 0
0.28200001 0.97600001 0.51300001 0
1.034 4.2189999 2.1989999 46
1.5369999 4.1440001 2.2049999 39
0.30399999 0.96200001 0.50700003 3
1.118 4.2160001 2.201 3
0.93400002 4.2199998 2.191 42
0 0 0 0
0.28299999 0.97100002 0.50700003 4
1.023 4.244 2.2030001 41
0.83700001 4.2319999 2.1889999 46
0.30700001 0.96700001 0.50199997 8
0.26100001 0.98100001 0.50800002 1
0.92299998 4.2519999 2.194 43
0.74199998 4.2480001 2.1900001 46
0.285 0.97600001 0.50099999 9
1.036 4.283 2.2 3
0.82700002 4.2750001 2.1949999 45
0.64600003 4.256 2.1889999 46
0.25999999 0.97600001 0.49599999 8
0.93699998 4.309 2.1960001 41
0.72899997 4.2909999 2.194 46
0.54799998 4.257 2.1849999 47
0.23800001 0.98699999 0.49700001 3
0.838 4.3330002 2.194 46
0.63099998 4.303 2.191 44
0.45300001 4.2690001 2.188 47
0.94800001 4.3800001 2.1860001 4
0.73699999 4.3499999 2.1889999 40
0.53299999 4.3179998 2.191 46
0.35699999 4.2589998 2.1800001 45
0.84799999 4.4219999 2.188 37
0.63700002 4.375 2.1889999 43
0.43599999 4.3319998 2.1919999 43
0.26100001 4.2610002 2.1800001 47
0.74599999 4.4580002 2.1889999 35
0.537 4.3979998 2.1889999 46
0.33700001 4.3340001 2.188 44
0.16599999 4.2589998 2.1789999 47
0.63999999 4.48 2.1830001 32
0.435 4.4089999 2.184 45
0.23800001 4.3390002 2.1860001 44
0.071999997 4.2550001 2.178 48
0.53399998 4.5050001 2.181 36
0.333 4.4260001 2.1849999 45
0.14 4.3429999 2.1860001 46
-0.022 4.243 2.174 48
0.42899999 4.5310001 2.181 32
0.23 4.434 2.181 45
0.041999999 4.3330002 2.1789999 49
-0.116 4.2399998 2.1760001 49
0.32100001 4.5500002 2.178 40
0.12800001 4.4390001 2.178 46
-0.055 4.336 2.1800001 54
0 0 0 0
0.212 4.5580001 2.171 40
0.024 4.454 2.1800001 48
-0.153 4.3270001 2.1760001 55
0 0 0 0
0.104 4.5780001 2.171 39
-0.078000002 4.4520001 2.175 47
0 0 0 0
-0.39300001 4.1849999 2.164 2
-0.0049999999 4.5869999 2.1670001 41
-0.18099999 4.4450002 2.1689999 40
-0.059 0.74199998 0.37400001 0
-0.486 4.1799998 2.1689999 53
-0.115 4.5869999 2.161 42
-0.285 4.4660001 2.178 23
-0.44499999 4.3049998 2.1730001 6
-0.57999998 4.1820002 2.178 2
-0.22400001 4.592 2.158 44
-0.389 4.4520001 2.171 48
-0.54100001 4.2880001 2.1700001 55
-0.66500002 4.131 2.161 24
-0.336 4.598 2.1559999 44
-0.49200001 4.4460001 2.1700001 49
0 0 0 0
-0.75599998 4.1149998 2.1630001 53
-0.44600001 4.5900002 2.1500001 43
-0.59500003 4.4289999 2.164 25
-0.73299998 4.2529998 2.165 6
-0.84299999 4.0830002 2.158 47
-0.55800003 4.598 2.154 40
-0.69499999 4.3990002 2.152 1
-0.82700002 4.2329998 2.164 51
-0.92900002 4.0510001 2.1530001 57
0 0 0 0
-0.80000001 4.3990002 2.1570001 45
-0.92299998 4.2140002 2.164 57
0 0 0 0
-0.78200001 4.586 2.1489999 17
-0.90399998 4.3909998 2.1600001 54
-1.021 4.2080002 2.171 13
-0.155 0.56300002 0.303 11
-0.89300001 4.5739999 2.1459999 40
0 0 0 0
0 0 0 0
0 0 0 0
-1.005 4.5630002 2.1459999 44
-0.14300001 0.56400001 0.27900001 9
-0.16599999 0.57099998 0.29800001 9
-0.182 0.56199998 0.30700001 11
0 0 0 0
-0.15800001 0.56599998 0.28099999 9
0 0 0 0
0 0 0 0
-0.152 0.56300002 0.266 10
0 0 0 0
-0.193 0.56900001 0.301 10
-0.207 0.55800003 0.31 10
0 0 0 0
-0.186 0.56300002 0.28299999 10
0 0 0 0
-1.523 3.8340001 2.152 9
-0.184 0.56999999 0.271 10
0 0 0 0
-1.568 4.0110002 2.1570001 7
-1.602 3.7909999 2.1489999 58
0 0 0 0
-1.607 4.1939998 2.1400001 4
-1.653 3.9649999 2.151 57
-1.684 3.756 2.151 59
-0.20900001 0.55299997 0.26699999 9
-1.709 4.1700001 2.145 4
-1.744 3.934 2.154 58
-1.7640001 3.7160001 2.151 61
-1.777 4.381 2.128 4
-1.809 4.138 2.1459999 49
-1.83 3.8900001 2.152 58
-1.841 3.6730001 2.151 56
-1.888 4.349 2.1289999 39
-1.902 4.0879998 2.1400001 55
-1.916 3.846 2.1500001 58
-1.9170001 3.6259999 2.1489999 58
-1.993 4.3060002 2.125 39
-2 4.0510001 2.141 52
-2.007 3.813 2.1559999 59
-1.994 3.5829999 2.1500001 60
-2.1010001 4.2649999 2.1240001 42
-2.099 4.0139999 2.1440001 52
-2.092 3.767 2.155 58
-2.072 3.54 2.152 59
-2.207 4.2199998 2.122 49
-2.1889999 3.9590001 2.1389999 55
-2.174 3.717 2.1530001 57
-2.1470001 3.493 2.152 55
-2.3169999 4.1830001 2.1259999 48
-2.283 3.911 2.138 57
-2.257 3.6700001 2.154 58
-2.221 3.4449999 2.154 58
-2.4230001 4.1329999 2.125 49
-2.382 3.8710001 2.1429999 58
-2.3429999 3.625 2.1570001 58
0 0 0 0
-2.5309999 4.0890002 2.128 48
-2.4749999 3.8199999 2.1429999 57
-2.421 3.5680001 2.155 58
-0.405 0.57200003 0.36899999 14
-2.6340001 4.0349998 2.128 48
-2.5669999 3.7690001 2.1440001 50
0 0 0 0
-0.41999999 0.56800002 0.37200001 12
-2.7390001 3.9809999 2.1289999 49
0 0 0 0
-0.43200001 0.579 0.361 12
-0.447 0.57800001 0.38499999 9
0 0 0 0
-0.43700001 0.58099997 0.34099999 12
-0.456 0.58399999 0.37 7
-0.47299999 0.58499998 0.396 5
-0.44299999 0.58200002 0.32100001 12
-0.46000001 0.583 0.34799999 6
-0.48100001 0.58899999 0.38 1
-2.651 3.1389999 2.1659999 6
-0.47299999 0.59100002 0.331 9
-2.9319999 3.546 2.154 4
-2.823 3.302 2.168 4
-2.7079999 3.0710001 2.1600001 56
-3.1389999 3.734 2.132 4
-3.0190001 3.4849999 2.1559999 49
-2.8929999 3.234 2.165 57
-2.7809999 3.02 2.1659999 53
-3.24 3.6700001 2.1359999 44
-3.102 3.4159999 2.155 50
-2.964 3.1689999 2.165 56
-2.845 2.96 2.1670001 54
-3.335 3.598 2.1359999 44
-3.1830001 3.3469999 2.155 55
-3.0409999 3.1099999 2.1689999 58
-2.9030001 2.895 2.165 55
-3.4289999 3.526 2.138 43
-3.263 3.2750001 2.155 50
-3.109 3.0420001 2.168 58
-2.9679999 2.836 2.168 56
-3.5239999 3.4530001 2.142 42
-3.342 3.2030001 2.1559999 50
-3.181 2.9760001 2.171 57
-3.03 2.7739999 2.1700001 57
-3.618 3.378 2.145 46
-3.424 3.131 2.158 50
-3.2509999 2.9100001 2.174 56
-3.086 2.7060001 2.168 59
-3.7049999 3.2950001 2.1459999 36
-3.5 3.056 2.1600001 53
-3.3210001 2.842 2.177 58
-3.1530001 2.6489999 2.1760001 57
-3.8 3.2190001 2.152 49
-3.5699999 2.974 2.158 52
-3.3870001 2.7709999 2.178 57
-3.2030001 2.576 2.1719999 58
-3.8859999 3.1329999 2.1530001 45
-3.645 2.895 2.1589999 52
-3.427 2.678 2.164 64
-3.256 2.507 2.1719999 58
-3.974 3.05 2.1589999 47
-3.724 2.8210001 2.1659999 53
-3.52 2.6270001 2.184 60
-3.3150001 2.441 2.175 57
-4.0539999 2.9590001 2.1600001 46
-3.7939999 2.737 2.1659999 48
-3.5810001 2.5510001 2.1860001 61
-3.365 2.369 2.174 59
-4.1339998 2.868 2.1619999 52
-3.8670001 2.6559999 2.171 54
-3.638 2.473 2.1860001 58
-3.4159999 2.2980001 2.175 58
-4.211 2.7739999 2.165 42
-3.931 2.569 2.171 53
-3.691 2.3900001 2.184 62
-3.47 2.2290001 2.1789999 59
-4.2870002 2.677 2.168 46
-3.994 2.48 2.1719999 54
-3.7479999 2.3110001 2.1860001 61
-3.52 2.1570001 2.181 57
-4.355 2.5769999 2.168 48
-4.0549998 2.3900001 2.1730001 51
-3.8050001 2.2309999 2.1889999 61
-3.5710001 2.085 2.184 54
-4.421 2.473 2.168 47
-4.1209998 2.302 2.177 54
-3.852 2.1459999 2.187 60
-3.619 2.0109999 2.1849999 57
-4.4899998 2.3729999 2.171 52
-4.1750002 2.2060001 2.1760001 53
-3.9070001 2.0650001 2.191 61
-3.6619999 1.934 2.1860001 62
-4.5599999 2.2709999 2.177 48
-4.23 2.1129999 2.178 52
-3.9619999 1.983 2.1949999 59
-3.7 1.855 2.184 58
-4.6230001 2.1659999 2.1800001 44
-4.2919998 2.0209999 2.184 54
-4.0040002 1.8940001 2.1930001 61
-3.7509999 1.7819999 2.1900001 61
-4.6830001 2.0580001 2.1819999 46
-4.3369999 1.9220001 2.1830001 53
-4.0510001 1.808 2.1949999 60
-3.7880001 1.7029999 2.1889999 61
-4.7309999 1.9450001 2.181 46
-4.3870001 1.823 2.184 54
-4.0939999 1.72 2.197 59
-3.836 1.627 2.1949999 59
-4.7859998 1.834 2.184 47
-4.4390001 1.726 2.188 53
-4.1360002 1.63 2.198 57
-3.8740001 1.5470001 2.1960001 60
-4.8390002 1.723 2.187 50
-4.4809999 1.624 2.188 54
-4.1789999 1.5420001 2.2 59
-3.9119999 1.466 2.198 60
-4.8839998 1.609 2.1889999 48
-4.5339999 1.526 2.1949999 56
-4.2179999 1.451 2.2019999 61
-3.948 1.385 2.1989999 61
-4.9320002 1.495 2.1930001 54
-4.5749998 1.424 2.197 55
-4.2540002 1.359 2.2030001 61
-3.983 1.303 2.201 62
-4.9679999 1.377 2.1930001 55
-4.6090002 1.319 2.197 56
-4.2989998 1.2690001 2.21 64
-4.013 1.219 2.201 60
-5.006 1.2589999 2.1949999 55
-4.6459999 1.215 2.2 56
-4.335 1.176 2.2130001 63
-4.0440001 1.135 2.2030001 62
-2.994 0.67799997 1.3049999 5
-4.6789999 1.108 2.201 54
-4.3649998 1.081 2.2130001 63
-4.0780001 1.052 2.2060001 62
-2.9489999 0.59299999 1.278 31
-2.9679999 0.63099998 1.3890001 0
-4.402 0.98799998 2.2190001 57
-4.1069999 0.96600002 2.2079999 61
-2.974 0.52499998 1.283 6
-2.967 0.56 1.381 1
-4.4299998 0.89200002 2.221 66
-4.1360002 0.88099998 2.211 62
-5.1589999 0.78399998 2.2179999 50
-4.7950001 0.79100001 2.2219999 58
-4.4510002 0.79400003 2.22 65
-4.1669998 0.79500002 2.2160001 59
-5.184 0.66299999 2.221 51
-4.809 0.68099999 2.22 62
-4.4840002 0.699 2.227 64
-4.1900001 0.708 2.217 61
-5.2090001 0.54000002 2.2249999 47
-4.8390002 0.57200003 2.2260001 57
-4.5100002 0.60000002 2.2309999 65
-4.2160001 0.62099999 2.221 61
-5.2319999 0.41800001 2.2309999 51
-4.862 0.461 2.23 51
-4.527 0.50099999 2.2309999 63
-4.2449999 0.53200001 2.227 61
-5.2490001 0.29300001 2.2349999 47
-4.8870001 0.35100001 2.2360001 57
-4.5619998 0.403 2.2409999 55
-4.2680001 0.44299999 2.23 58
-5.2540002 0.169 2.2349999 44
-4.908 0.23899999 2.2420001 60
-4.586 0.303 2.247 64
-4.29 0.35299999 2.234 50
-5.2740002 0.045000002 2.243 49
-4.915 0.126 2.2420001 58
-4.598 0.20200001 2.2479999 66
-4.322 0.26300001 2.243 58
-5.2709999 -0.079000004 2.243 41
-4.9250002 0.014 2.2449999 58
-4.6129999 0.101 2.2520001 62
-4.3369999 0.171 2.2460001 56
-5.7449999 -0.223 2.4460001 36
-4.934 -0.097999997 2.2490001 52
-4.6220002 0 2.253 63
-4.3439999 0.079000004 2.2449999 57
-5.7750001 -0.361 2.464 38
-5.362 -0.229 2.4449999 41
-4.632 -0.103 2.256 62
-4.3670001 -0.013 2.2520001 51
-5.7670002 -0.49700001 2.4649999 38
-5.388 -0.354 2.4590001 45
-5.0939999 -0.226 2.48 60
-4.3800001 -0.107 2.256 51
-5.7579999 -0.634 2.4679999 35
-5.395 -0.479 2.4660001 42
-5.0949998 -0.33899999 2.4809999 49
-4.3839998 -0.20100001 2.256 51
-2.727 -0.36500001 1.173 5
-2.7679999 -0.31 1.267 0
-5.098 -0.45199999 2.484 51
-4.7870002 -0.32300001 2.4619999 58
-2.6010001 -0.41100001 1.123 4
-2.645 -0.35699999 1.214 5
-2.7820001 -0.30899999 1.357 0
-4.8109999 -0.428 2.474 54
-2.609 -0.47499999 1.132 4
-2.6110001 -0.414 1.202 4
-2.6359999 -0.352 1.2869999 4
-4.803 -0.53100002 2.471 29
-2.619 -0.54100001 1.142 3
-2.6159999 -0.47600001 1.209 5
-2.6059999 -0.40700001 1.275 4
-2.698 -0.35699999 1.3890001 4
-1.806 -0.417 0.792 13
-2.6210001 -0.53899997 1.216 3
-2.6110001 -0.46700001 1.2819999 4
-2.6040001 -0.40200001 1.342 4
-1.7539999 -0.449 0.77399999 22
-5.322 -1.222 2.4809999 42
-2.6270001 -0.52999997 1.293 3
-2.608 -0.46000001 1.346 4
-1.747 -0.491 0.77700001 24
-1.6900001 -0.42899999 0.792 13
-5.0570002 -1.138 2.4979999 43
-2.6229999 -0.52100003 1.3559999 4
-1.74 -0.53299999 0.77999997 24
-1.6569999 -0.461 0.77999997 25
-5.0450001 -1.253 2.5020001 46
-4.8060002 -1.063 2.4909999 53
-1.716 -0.56999999 0.77499998 8
-1.646 -0.498 0.77999997 23
-1.605 -0.43700001 0.79900002 10
-4.7859998 -1.1670001 2.4879999 53
-1.717 -0.616 0.78299999 12
-1.635 -0.53600001 0.78100002 25
-1.567 -0.46399999 0.78399998 24
-4.7919998 -1.28 2.4979999 53
-1.6950001 -0.65200001 0.77999997 23
-1.614 -0.56999999 0.77700001 11
-1.558 -0.49900001 0.78399998 25
-1.54 -0.447 0.80599999 9
-1.67 -0.68800002 0.77600002 7
-1.61 -0.61000001 0.78100002 9
-1.55 -0.53500003 0.78500003 25
-1.5 -0.47 0.78799999 23
-5.3179998 -2.339 2.5009999 38
-1.6059999 -0.65100002 0.78600001 21
-1.536 -0.56800002 0.78299999 19
-1.4859999 -0.50199997 0.78399998 29
-5.289 -2.473 2.5150001 43
-1.582 -0.68400002 0.78100002 14
-1.52 -0.60100001 0.77999997 5
-1.477 -0.53500003 0.78399998 27
-5.23 -2.5969999 2.5179999 39
-5.0019999 -2.2980001 2.4949999 47
-1.527 -0.64300001 0.78899997 16
-1.471 -0.56900001 0.78500003 27
-1.205 -0.63300002 0.588 1
-4.98 -2.427 2.51 43
-1.506 -0.67400002 0.78500003 24
-1.455 -0.60000002 0.78100002 10
-1.175 -0.653 0.58099997 2
-4.948 -2.552 2.5209999 42
-1.488 -0.70599997 0.78200001 9
-1.449 -0.634 0.78299999 8
-1.136 -0.66600001 0.56900001 1
-4.9050002 -2.6719999 2.529 37
-4.7470002 -2.385 2.5190001 48
-1.45 -0.67299998 0.78899997 23
-1.095 -0.676 0.55699998 1
-1.127 -0.648 0.588 2
-4.73 -2.5090001 2.5350001 40
-1.4349999 -0.704 0.787 18
-4.9159999 -3.1960001 2.543 1
-1.0779999 -0.65200001 0.56999999 2
-4.691 -2.6240001 2.5409999 33
-1.409 -0.73000002 0.77899998 2
0 0 0 0
0 0 0 0
-1.086 -0.63999999 0.59500003 3
-4.5349998 -2.4779999 2.5309999 35
0 0 0 0
0 0 0 0
-1.069 -0.662 0.59200001 0
-1.092 -0.62800002 0.61500001 1
-4.7080002 -3.546 2.5650001 4
-4.6389999 -3.2579999 2.563 0
-1.04 -0.67699999 0.583 2
-1.08 -0.653 0.61400002 3
-4.6230001 -3.652 2.5669999 5
0 0 0 0
0 0 0 0
0 0 0 0
-4.552 -3.7679999 2.5769999 5
0 0 0 0
0 0 0 0
0 0 0 0
-4.4559999 -3.8629999 2.575 6
-4.4109998 -3.5680001 2.563 6
0 0 0 0
-0.96499997 -0.67400002 0.56800002 1
-4.3699999 -3.967 2.5810001 7
-4.3460002 -3.681 2.572 5
0 0 0 0
0 0 0 0
-4.2870002 -4.0749998 2.5899999 5
-4.2600002 -3.776 2.5699999 6
0 0 0 0
0 0 0 0
-4.2049999 -4.184 2.6010001 1
-4.1859999 -3.8840001 2.5769999 6
-4.1939998 -3.6110001 2.575 6
0 0 0 0
0 0 0 0
0 0 0 0
0 0 0 0
0 0 0 0
0 0 0 0
0 0 0 0
0 0 0 0
0 0 0 0
-3.908 -4.4590001 2.609 7
-3.941 -4.1869998 2.592 7
0 0 0 0
0 0 0 0
-3.8010001 -4.54 2.609 6
-3.858 -4.289 2.599 7
-3.911 -4.0279999 2.592 8
-3.9579999 -3.8010001 2.5880001 5
-3.6989999 -4.6290002 2.6140001 6
-3.76 -4.3740001 2.598 7
-3.836 -4.1329999 2.598 7
-3.8900001 -3.905 2.5910001 7
-3.2479999 -4.2579999 2.3659999 6
-3.664 -4.461 2.5999999 7
-3.7520001 -4.2280002 2.5999999 8
-3.8150001 -4.006 2.5910001 7
0 0 0 0
-3.2449999 -4.138 2.3670001 11
-3.665 -4.323 2.6010001 7
-3.7509999 -4.119 2.6010001 7
0 0 0 0
-3.2509999 -4.3460002 2.441 12
-3.2650001 -4.0310001 2.375 6
-3.6700001 -4.217 2.5999999 7
-0.49599999 -0.75099999 0.39899999 0
-3.2850001 -4.6020002 2.5420001 12
-3.2479999 -4.1989999 2.4260001 11
-3.586 -4.3109999 2.599 5
-0.47299999 -0.75300002 0.39500001 0
0 0 0 0
-3.2850001 -4.4489999 2.5220001 13
-3.2 -4.027 2.3759999 10
-0.45199999 -0.75599998 0.391 0
-0.49000001 -0.75599998 0.40400001 0
-3.316 -4.71 2.6210001 12
-3.2509999 -4.2859998 2.4760001 11
-0.428 -0.75400001 0.38600001 0
-0.47299999 -0.76700002 0.405 0
-3.2360001 -4.822 2.6370001 11
-3.2709999 -4.52 2.5580001 13
0 0 0 0
-0.447 -0.764 0.39700001 0
0 0 0 0
-3.2539999 -4.7189999 2.618 8
0 0 0 0
-0.428 -0.77100003 0.39500001 0
-0.45899999 -0.75599998 0.39899999 0
0 0 0 0
0 0 0 0
-0.40700001 -0.77200001 0.391 0
-0.43799999 -0.759 0.39500001 0
-0.47499999 -0.75999999 0.40599999 0
0 0 0 0
0 0 0 0
-0.41499999 -0.759 0.389 0
-0.45300001 -0.764 0.40099999 0
0 0 0 0
0 0 0 0
0 0 0 0
0 0 0 0
-2.2130001 -5.5029998 2.658 6
0 0 0 0
0 0 0 0
0 0 0 0
-2.0829999 -5.5339999 2.6530001 5
-2.279 -5.461 2.6470001 7
-2.4920001 -5.388 2.6530001 5
0 0 0 0
-1.965 -5.599 2.665 5
-2.1570001 -5.5139999 2.6459999 7
-2.3640001 -5.434 2.642 7
0 0 0 0
-1.8430001 -5.6479998 2.671 5
-2.0339999 -5.5650001 2.6459999 6
-2.253 -5.5159998 2.6500001 6
-2.448 -5.4530001 2.6470001 6
-1.716 -5.6810002 2.671 5
-1.9170001 -5.6329999 2.6559999 4
-2.1370001 -5.5910001 2.655 7
-2.335 -5.5359998 2.651 6
-1.59 -5.723 2.6760001 5
-1.794 -5.6849999 2.6589999 6
-2.016 -5.651 2.655 4
-2.2179999 -5.6149998 2.6530001 6
-1.461 -5.7420001 2.6719999 4
-1.673 -5.744 2.6670001 5
-1.899 -5.7309999 2.6659999 5
-2.1059999 -5.71 2.664 6
-1.337 -5.7919998 2.6830001 3
-1.5420001 -5.7740002 2.6630001 5
-1.77 -5.7800002 2.6619999 5
-1.9859999 -5.79 2.6689999 6
-1.202 -5.7849998 2.6700001 5
-1.4170001 -5.8260002 2.6689999 6
-1.648 -5.8540001 2.671 8
-1.865 -5.8779998 2.677 5
-0.778 -4.21 1.936 0
-1.283 -5.8470001 2.6619999 6
-1.518 -5.901 2.6700001 7
-1.737 -5.948 2.6789999 6
-0.94700003 -5.836 2.6760001 5
-1.1619999 -5.921 2.6819999 2
-1.3890001 -5.961 2.6760001 7
-1.6109999 -6.0279999 2.687 6
-0.81800002 -5.862 2.681 5
-1.029 -5.9450002 2.6789999 1
-1.2539999 -5.9949999 2.6700001 5
-1.475 -6.0809999 2.684 6
-0.69 -5.8779998 2.6830001 5
-0.89399999 -5.947 2.6689999 8
-0.81 -4.3660002 1.931 0
-1.3430001 -6.1479998 2.6889999 5
-0.56099999 -5.8940001 2.687 5
-0.76300001 -5.9920001 2.678 9
-0.98699999 -6.0830002 2.6730001 7
-1.207 -6.2160001 2.694 2
-0.433 -5.9120002 2.6919999 5
-0.63 -6.0100002 2.677 9
-0.85100001 -6.132 2.6789999 7
-1.066 -6.2610002 2.691 3
-0.301 -5.921 2.694 5
-0.495 -6.0250001 2.675 9
-0.71399999 -6.1810002 2.6849999 7
-0.92400002 -6.3169999 2.694 6
-0.17200001 -5.9130001 2.6889999 4
-0.36199999 -6.0479999 2.6789999 8
-0.57499999 -6.2140002 2.6860001 7
-0.78100002 -6.3730001 2.698 4
-0.043000001 -5.908 2.688 5
-0.227 -6.086 2.6889999 8
-0.43599999 -6.2509999 2.6900001 5
-0.63700002 -6.4330001 2.7049999 5
0.086000003 -5.9159999 2.694 5
-0.092 -6.105 2.6949999 11
-0.29300001 -6.283 2.6930001 7
-0.48899999 -6.474 2.7049999 5
0.213 -5.895 2.687 5
0.043000001 -6.1020002 2.6900001 13
-0.15099999 -6.3049998 2.694 6
-0.34099999 -6.5250001 2.7119999 5
0.34200001 -5.8920002 2.6900001 6
0.178 -6.0669999 2.6730001 15
-0.0060000001 -6.309 2.687 7
-0.189 -6.5710001 2.717 6
0.46900001 -5.8769999 2.6889999 7
0.31600001 -6.0949998 2.6849999 6
0.13500001 -6.1799998 2.625 10
-0.034000002 -6.5910001 2.7119999 5
0.59799999 -5.868 2.691 7
0.454 -6.112 2.6930001 7
0.28400001 -6.3579998 2.6960001 8
0.119 -6.5539999 2.6860001 4
0.72799999 -5.8720002 2.6989999 5
0.58999997 -6.1040001 2.6919999 9
0.43099999 -6.3540001 2.6900001 7
0.229 -5.5079999 2.25 2
0.85699999 -5.868 2.7060001 5
0.72899997 -6.1069999 2.6960001 7
0.579 -6.382 2.7 6
0.43599999 -6.6760001 2.7190001 5
0 0 0 0
0.86299998 -6.0840001 2.691 8
0.72799999 -6.388 2.7019999 6
0.59399998 -6.698 2.7219999 5
0 0 0 0
1.002 -6.086 2.698 6
0.87699997 -6.3920002 2.704 7
0.75800002 -6.73 2.73 5
0 0 0 0
1.137 -6.059 2.6930001 7
1.026 -6.3909998 2.7060001 5
0.91799998 -6.724 2.724 5
0 0 0 0
1.278 -6.0580001 2.701 6
1.178 -6.3829999 2.7049999 6
1.0829999 -6.7350001 2.727 3
0 0 0 0
1.409 -6.013 2.691 7
1.323 -6.3509998 2.6960001 6
1.249 -6.7420001 2.7290001 6
0.23899999 -0.85000002 0.403 0
1.548 -5.9980001 2.6960001 5
1.474 -6.3449998 2.7 6
1.413 -6.737 2.7290001 5
0.259 -0.85000002 0.40599999 0
1.692 -6.0029998 2.711 4
1.631 -6.349 2.7090001 4
1.575 -6.7199998 2.7260001 5
0.28099999 -0.85699999 0.412 0
0 0 0 0
1.785 -6.3449998 2.717 6
1.751 -6.7459998 2.7409999 5
0.303 -0.861 0.417 0
0 0 0 0
1.858 -6.0669999 2.609 5
1.816 -6.3709998 2.595 7
0.32300001 -0.85600001 0.41800001 0
0.31799999 -0.89399999 0.41100001 0
1.933 -5.8260002 2.516 6
1.936 -6.2249999 2.543 1
0 0 0 0
0 0 0 0
0 0 0 0
2.2520001 -6.677 2.737 5
0 0 0 0
0.36000001 -0.88499999 0.412 0
0.33000001 -0.86000001 0.375 0
0 0 0 0
2.4400001 -5.3870001 2.6989999 5
0.37799999 -0.87300003 0.41 0
0 0 0 0
0 0 0 0
2.5610001 -5.3449998 2.704 5
0.40200001 -0.875 0.414 0
0 0 0 0
0 0 0 0
2.6619999 -5.2639999 2.6900001 9
0.426 -0.87699997 0.419 0
0 0 0 0
2.599 -5.8109999 2.434 9
2.6919999 -5.052 2.609 9
0 0 0 0
0 0 0 0
2.631 -5.5240002 2.3299999 8
2.7290001 -4.8670001 2.5420001 10
0 0 0 0
0 0 0 0
2.668 -5.27 2.24 9
2.7520001 -4.6700001 2.4679999 13
2.7409999 -4.7880001 2.359 11
0 0 0 0
2.7149999 -5.0599999 2.1700001 11
2.777 -4.4899998 2.402 12
2.7709999 -4.5999999 2.2920001 13
0.51599997 -0.88300002 0.40900001 0
2.7349999 -4.8169999 2.085 11
2.803 -4.3200002 2.3410001 12
2.7920001 -4.4099998 2.224 13
0 0 0 0
2.777 -4.6269999 2.023 12
2.8269999 -4.1620002 2.286 12
2.8110001 -4.2290001 2.161 13
0 0 0 0
0 0 0 0
2.842 -3.997 2.2260001 13
2.8399999 -4.073 2.109 14
2.826 -4.1490002 1.9910001 13
0 0 0 0
2.865 -3.852 2.177 12
2.8570001 -3.9070001 2.052 13
2.8469999 -3.9779999 1.9349999 13
0 0 0 0
2.882 -3.7060001 2.1270001 11
2.8800001 -3.7609999 2.0050001 13
2.8710001 -3.8199999 1.885 13
0 0 0 0
2.901 -3.5699999 2.082 11
2.904 -3.6210001 1.961 11
2.904 -3.6830001 1.845 13
2.885 -3.714 1.7309999 10
2.9219999 -3.4430001 2.0420001 1
2.921 -3.48 1.916 11
2.921 -3.5320001 1.798 12
2.9130001 -3.5699999 1.6900001 13
2.9449999 -3.323 2.0050001 8
2.9360001 -3.3440001 1.873 11
2.9400001 -3.391 1.755 11
2.931 -3.421 1.647 13
2.95 -3.1889999 1.959 10
2.9549999 -3.217 1.835 12
2.9560001 -3.2539999 1.715 12
2.9460001 -3.2739999 1.604 12
2.9749999 -3.082 1.9299999 6
2.9690001 -3.092 1.7970001 12
2.9660001 -3.1170001 1.674 11
2.9630001 -3.1389999 1.567 12
0.96799999 -0.95999998 0.61299998 1
2.9790001 -2.967 1.7589999 12
2.9890001 -2.997 1.642 11
2.98 -3.0079999 1.5319999 12
0.99400002 -0.94499999 0.616 2
2.9979999 -2.855 1.728 12
3.0050001 -2.8770001 1.61 11
2.9949999 -2.8800001 1.498 11
