# .PCD v0.7 - Point Cloud Data file format
VERSION 0.7
FIELDS x y z intensity
SIZE 4 4 4 4
TYPE F F F F
COUNT 1 1 1 1
WIDTH 19968
HEIGHT 1
VIEWPOINT 0 0 0 1 0 0 0
POINTS 19968
DATA ascii
-1.707 2.023 0.34799999 53
-1.651 1.813 0.336 89
-1.601 1.627 0.324 61
-1.568 1.4809999 0.31400001 71
-1.684 1.902 0.333 55
-1.6109999 1.689 0.32100001 74
-1.587 1.539 0.31600001 67
-1.556 1.404 0.308 63
-1.6160001 1.74 0.31 57
-1.586 1.586 0.30899999 61
-1.567 1.451 0.30700001 68
-1.5420001 1.3279999 0.303 69
-1.589 1.632 0.296 57
-1.573 1.501 0.30000001 64
-1.554 1.373 0.30000001 70
-1.528 1.257 0.29699999 71
-1.575 1.5420001 0.28600001 54
-1.552 1.413 0.28999999 68
-1.53 1.291 0.292 72
-1.523 1.196 0.294 84
-1.556 1.452 0.27599999 61
-1.535 1.334 0.28200001 63
-1.523 1.226 0.28600001 80
-1.559 1.169 0.29899999 81
-1.543 1.373 0.26699999 62
-1.527 1.2640001 0.27500001 61
-1.5369999 1.1799999 0.28600001 85
-1.6160001 1.154 0.30700001 67
-1.521 1.29 0.257 70
-1.516 1.197 0.26899999 79
-1.5930001 1.165 0.29300001 74
-2.52 1.716 0.477 11
-1.506 1.216 0.249 70
-1.5549999 1.169 0.271 81
-1.65 1.15 0.301 5
-2.4879999 1.612 0.46900001 12
-1.531 1.177 0.248 81
-1.6160001 1.1569999 0.278 66
-2.517 1.67 0.454 8
-2.4719999 1.524 0.46399999 13
-1.5880001 1.161 0.252 66
0 0 0 0
0 0 0 0
-2.4649999 1.444 0.46000001 11
0 0 0 0
0 0 0 0
0 0 0 0
-2.454 1.364 0.45699999 5
-1.939 1.28 0.296 0
-1.948 1.197 0.322 0
0 0 0 0
-2.4360001 1.283 0.45199999 5
-1.9400001 1.216 0.29100001 16
0 0 0 0
0 0 0 0
-2.415 1.204 0.447 11
0 0 0 0
0 0 0 0
-2.4119999 1.228 0.41999999 0
-2.3840001 1.122 0.44100001 14
0 0 0 0
0 0 0 0
-2.4059999 1.156 0.417 9
-5.9050002 2.619 1.091 41
0 0 0 0
0 0 0 0
-2.4189999 1.095 0.41800001 4
-5.8660002 2.4460001 1.0829999 52
0 0 0 0
-2.3900001 1.107 0.37599999 12
-5.9980001 2.5510001 1.0319999 28
-5.8410001 2.283 1.079 39
-2.3959999 1.127 0.33500001 11
-6.2360001 2.7119999 0.97399998 27
-6.1090002 2.4349999 1.048 44
-5.8140001 2.1240001 1.074 38
0 0 0 0
-6.177 2.516 0.958 58
-6.1490002 2.2880001 1.052 73
-5.7820001 1.967 1.069 46
0 0 0 0
-6.1469998 2.3369999 0.94800001 57
-6.1269999 2.122 1.046 56
-5.7509999 1.814 1.0650001 38
-6.1680002 2.3729999 0.83399999 29
-6.1110001 2.1600001 0.93699998 61
-6.079 1.952 1.036 79
-5.7270002 1.6670001 1.061 35
-6.1279998 2.1889999 0.82099998 57
-6.0760002 1.989 0.92699999 61
-6.0549998 1.791 1.0319999 93
-5.698 1.522 1.058 32
-6.0970001 2.0139999 0.81 54
-6.0479999 1.822 0.91900003 70
-6.0240002 1.6339999 1.026 80
-5.6729999 1.38 1.057 30
-6.0650001 1.8430001 0.80000001 61
-6.0190001 1.661 0.912 69
-5.9970002 1.48 1.022 75
-5.671 1.247 1.059 24
-6.033 1.674 0.79000002 64
-5.8660002 1.472 0.88599998 6
-5.9710002 1.33 1.018 72
-5.6409998 1.11 1.057 21
0 0 0 0
0 0 0 0
-5.9330001 1.181 1.012 58
0 0 0 0
0 0 0 0
0 0 0 0
0 0 0 0
0 0 0 0
0 0 0 0
0 0 0 0
0 0 0 0
0 0 0 0
0 0 0 0
0 0 0 0
0 0 0 0
0 0 0 0
0 0 0 0
0 0 0 0
-4.507 0.47600001 0.77600002 9
-4.5669999 0.382 0.875 13
0 0 0 0
-4.5029998 0.47400001 0.67699999 10
-4.5619998 0.377 0.78799999 13
-4.7989998 0.29499999 0.92500001 0
-4.4899998 0.45699999 0.57099998 12
-4.5549998 0.37099999 0.68599999 13
-4.8200002 0.289 0.83600003 0
-5.3779998 0.211 1.043 0
-4.5630002 0.35299999 0.57999998 12
-4.8649998 0.28200001 0.73400003 0
-5.4120002 0.20100001 0.94300002 1
-5.7189999 0.098999999 1.1160001 103
-4.9569998 0.26199999 0.63 0
-5.5939999 0.193 0.84600002 1
-5.7069998 0.082000002 1 91
-6.1459999 -0.028000001 1.207 7
-5.652 0.163 0.71899998 6
-5.7160001 0.063000001 0.86699998 90
-6.2090001 -0.050999999 1.0930001 3
0 0 0 0
-5.7670002 0.026000001 0.73400003 22
-8.5640001 -0.105 1.304 1
-3.487 -0.108 0.61699998 38
-3.4030001 -0.16599999 0.67799997 74
-3.5050001 -0.068999998 0.447 5
-3.4560001 -0.123 0.528 5
-3.402 -0.182 0.60600001 64
-3.3670001 -0.23800001 0.676 72
-3.4660001 -0.152 0.44299999 6
-3.368 -0.2 0.51800001 5
-1.767 -0.13500001 0.317 2
-1.697 -0.15700001 0.34299999 40
-3.352 -0.228 0.43000001 5
-1.775 -0.147 0.27399999 8
-1.704 -0.169 0.308 39
-1.658 -0.19 0.338 37
-1.7640001 -0.163 0.227 39
-1.692 -0.18000001 0.26300001 36
-1.663 -0.20299999 0.303 45
-1.658 -0.227 0.34099999 40
-1.6849999 -0.197 0.21799999 37
-1.6670001 -0.21699999 0.26100001 42
-1.678 -0.243 0.308 40
-1.677 -0.26800001 0.34799999 42
-1.6799999 -0.23800001 0.219 39
-1.696 -0.26100001 0.26699999 36
-1.705 -0.287 0.31600001 39
-1.664 -0.303 0.34900001 43
-1.737 -0.289 0.228 40
-1.744 -0.31099999 0.27700001 35
-1.576 -0.30199999 0.294 24
-1.549 -0.317 0.32800001 36
-8.0389996 -1.54 1.063 21
-1.558 -0.315 0.25 37
-1.526 -0.32800001 0.28799999 41
-1.522 -0.347 0.32600001 44
-1.536 -0.333 0.204 38
-1.517 -0.34400001 0.245 38
-1.512 -0.361 0.28799999 41
-1.524 -0.38299999 0.33000001 46
-1.516 -0.36700001 0.204 45
-1.5089999 -0.38 0.24600001 46
-1.517 -0.39899999 0.292 37
-1.536 -0.42199999 0.336 41
-1.51 -0.405 0.205 38
-1.521 -0.421 0.25099999 36
-1.566 -0.44999999 0.30500001 28
-1.586 -0.47299999 0.35100001 15
-1.563 -0.46000001 0.214 27
-5.4809999 -1.6569999 0.91500002 5
-5.473 -1.707 1.0779999 93
-5.4590001 -1.7589999 1.224 72
-5.4840002 -1.76 0.76099998 3
-5.4640002 -1.7920001 0.92299998 3
-5.4499998 -1.837 1.087 4
-5.4390001 -1.885 1.234 2
-5.4489999 -1.896 0.76499999 3
-5.447 -1.9299999 0.93199998 3
-5.4219999 -1.965 1.095 3
-5.1989999 -1.931 1.1950001 1
-5.1739998 -1.941 0.736 4
-5.1739998 -1.97 0.89600003 3
-5.1820002 -2.0109999 1.0599999 2
-5.3010001 -2.1010001 1.235 1
-5.303 -2.1370001 0.76499999 3
-5.289 -2.1559999 0.92900002 2
-5.2989998 -2.1960001 1.099 1
-5.2789998 -2.2260001 1.2460001 1
-5.263 -2.2720001 0.76999998 3
-5.2690001 -2.293 0.93800002 1
-5.257 -2.319 1.1059999 2
-5.2589998 -2.3540001 1.2589999 1
-5.2420001 -2.414 0.77899998 1
-5.2389998 -2.428 0.94700003 1
-5.2259998 -2.447 1.115 1
-5.223 -2.477 1.2690001 1
-5.2069998 -2.553 0.78600001 1
-5.2179999 -2.5680001 0.958 1
-5.2150002 -2.5869999 1.13 1
-3.302 -1.655 0.81400001 7
-5.1880002 -2.7019999 0.79699999 1
-5.198 -2.71 0.97000003 1
-3.3239999 -1.743 0.73199999 7
-3.2679999 -1.728 0.81800002 9
0 0 0 0
-5.2459998 -2.8940001 0.99599999 1
0 0 0 0
-3.2620001 -1.817 0.82999998 6
0 0 0 0
0 0 0 0
0 0 0 0
-3.2260001 -1.89 0.83399999 5
0 0 0 0
0 0 0 0
0 0 0 0
-5.1300001 -3.1570001 1.349 0
0 0 0 0
0 0 0 0
0 0 0 0
-2.483 -1.604 0.66399997 5
-2.5409999 -1.742 0.43099999 0
0 0 0 0
0 0 0 0
0 0 0 0
0 0 0 0
0 0 0 0
0 0 0 0
0 0 0 0
0 0 0 0
0 0 0 0
0 0 0 0
0 0 0 0
0 0 0 0
0 0 0 0
0 0 0 0
0 0 0 0
0 0 0 0
0 0 0 0
-4.316 -3.5309999 1.127 0
-4.2459998 -3.4519999 1.25 17
0 0 0 0
0 0 0 0
0 0 0 0
-4.223 -3.589 1.27 18
0 0 0 0
0 0 0 0
0 0 0 0
-4.2010002 -3.73 1.291 17
0 0 0 0
0 0 0 0
0 0 0 0
-4.1690001 -3.8670001 1.3099999 13
0 0 0 0
0 0 0 0
0 0 0 0
-4.1409998 -4.0139999 1.3329999 18
0 0 0 0
0 0 0 0
-3.1010001 -3.181 0.91299999 0
-4.8150001 -4.8740001 1.587 6
0 0 0 0
-2.8629999 -3.1329999 0.75199997 0
0 0 0 0
-3.154 -3.336 1.066 1
0 0 0 0
0 0 0 0
0 0 0 0
0 0 0 0
0 0 0 0
0 0 0 0
0 0 0 0
0 0 0 0
0 0 0 0
0 0 0 0
-1.0930001 -1.344 0.361 2
0 0 0 0
0 0 0 0
0 0 0 0
0 0 0 0
0 0 0 0
0 0 0 0
0 0 0 0
0 0 0 0
0 0 0 0
0 0 0 0
0 0 0 0
0 0 0 0
0 0 0 0
0 0 0 0
0 0 0 0
0 0 0 0
0 0 0 0
0 0 0 0
0 0 0 0
0 0 0 0
0 0 0 0
0 0 0 0
0 0 0 0
0 0 0 0
0 0 0 0
0 0 0 0
0 0 0 0
0 0 0 0
0 0 0 0
-0.63099998 -1.256 0.22499999 0
0 0 0 0
0 0 0 0
0 0 0 0
-0.58499998 -1.2359999 0.221 1
0 0 0 0
0 0 0 0
0 0 0 0
-0.54400003 -1.223 0.21799999 1
0 0 0 0
0 0 0 0
0 0 0 0
-0.505 -1.214 0.215 1
0 0 0 0
0 0 0 0
0 0 0 0
0 0 0 0
0 0 0 0
0 0 0 0
-4.0419998 -8.8299999 2.3080001 2
0 0 0 0
0 0 0 0
0 0 0 0
-3.98 -9.2290001 2.3900001 9
-0.398 -1.1900001 0.20999999 1
0 0 0 0
0 0 0 0
-3.892 -9.5900002 2.4619999 13
0 0 0 0
0 0 0 0
-3.7509999 -10.422 2.4000001 5
-3.8069999 -10.011 2.549 14
0 0 0 0
0 0 0 0
-3.651 -10.912 2.4990001 10
-3.72 -10.468 2.645 11
0 0 0 0
-3.4159999 -11.996 2.4230001 2
-3.549 -11.462 2.612 9
-3.6110001 -10.923 2.74 12
0 0 0 0
-3.296 -12.683 2.5580001 6
-3.4260001 -12.013 2.724 6
-3.5179999 -11.48 2.8599999 5
0 0 0 0
-3.142 -13.355 2.6900001 5
-3.3 -12.64 2.8540001 9
0 0 0 0
0 0 0 0
-3.0039999 -14.226 2.8640001 4
0 0 0 0
0 0 0 0
0 0 0 0
-2.079 -11.1 2.234 3
0 0 0 0
-2.7409999 -11.647 2.8510001 3
0 0 0 0
-2.3989999 -14.656 2.95 2
-2.4920001 -13.109 2.9319999 3
-2.4860001 -11.713 2.8529999 4
0 0 0 0
-2.0829999 -14.854 2.993 2
-2.1830001 -13.074 2.9170001 2
-2.25 -11.9 2.8840001 4
0 0 0 0
-1.71 -14.649 2.957 2
-1.86 -12.94 2.8829999 2
-1.972 -11.874 2.8659999 3
0 0 0 0
-1.3710001 -14.684 2.97 2
-1.586 -13.123 2.9189999 4
-1.72 -11.986 2.882 3
0 0 0 0
-1.034 -14.689 2.977 2
-1.299 -13.265 2.9489999 2
-1.451 -11.994 2.8740001 2
0 0 0 0
-0.69599998 -14.744 2.9979999 2
-0.995 -13.215 2.9360001 2
-1.1849999 -12.02 2.872 3
0 0 0 0
-0.35699999 -14.562 2.97 2
-0.70099998 -13.288 2.9519999 2
-0.92500001 -12.124 2.8889999 3
0 0 0 0
0 0 0 0
0 0 0 0
0 0 0 0
0 0 0 0
0 0 0 0
0 0 0 0
0 0 0 0
0 0 0 0
0 0 0 0
0.197 -13.204 2.9419999 2
-0.112 -12.211 2.895 4
0 0 0 0
0 0 0 0
0.49700001 -13.205 2.948 2
0.15800001 -12.191 2.8870001 4
0.134 -1.097 0.214 0
0 0 0 0
0.79299998 -13.168 2.9460001 2
0.43200001 -12.216 2.892 2
0.15800001 -1.087 0.214 0
0 0 0 0
1.089 -13.144 2.9489999 3
0.70499998 -12.258 2.9000001 5
0.184 -1.089 0.21699999 1
0 0 0 0
0 0 0 0
0.98000002 -12.263 2.902 3
0.20900001 -1.085 0.21799999 1
0 0 0 0
0 0 0 0
0 0 0 0
0.234 -1.081 0.22 1
2.5280001 -13.771 2.964 2
0 0 0 0
0 0 0 0
0.25999999 -1.077 0.222 0
2.835 -13.682 2.9690001 7
2.256 -12.893 2.9400001 4
0 0 0 0
0.28099999 -1.059 0.221 0
3.1530001 -13.648 2.9879999 2
2.4960001 -12.586 2.8840001 8
2.1029999 -12.268 2.9219999 3
0.30700001 -1.059 0.22400001 1
3.4219999 -13.406 2.9630001 3
2.585 -11.654 2.6860001 1
2.3759999 -12.21 2.915 4
0 0 0 0
0 0 0 0
3.0610001 -12.46 2.888 15
2.642 -12.133 2.905 4
0 0 0 0
0.31900001 -1.049 0.236 0
0 0 0 0
2.941 -12.174 2.925 2
0 0 0 0
0 0 0 0
0 0 0 0
3.217 -12.118 2.9230001 3
0.38100001 -0.97100002 0.21799999 1
0 0 0 0
0 0 0 0
0 0 0 0
0.41100001 -0.97899997 0.22400001 5
0 0 0 0
0 0 0 0
0.292 -0.93000001 0.226 1
0.44 -0.986 0.229 7
0.41499999 -1.021 0.241 1
0 0 0 0
0 0 0 0
0.46799999 -0.986 0.233 8
0.428 -0.98699999 0.236 7
0.39500001 -0.99900001 0.243 1
0.40400001 -1.1059999 0.27200001 0
0.48699999 -0.97000003 0.234 8
0.45100001 -0.97899997 0.23800001 7
0.41600001 -0.98500001 0.242 7
0 0 0 0
0.50800002 -0.95700002 0.235 8
0.47499999 -0.97299999 0.23999999 7
0.44100001 -0.98199999 0.243 7
0.417 -1 0.25 4
0.53799999 -0.95999998 0.23999999 6
0.498 -0.96399999 0.241 7
0.465 -0.97600001 0.245 7
0.43599999 -0.98199999 0.24699999 8
0.55599999 -0.94099998 0.23999999 0
0.52399999 -0.95899999 0.244 6
0.491 -0.97299999 0.24699999 7
0.46000001 -0.97399998 0.24699999 8
0 0 0 0
0.56 -0.972 0.25099999 0
0.51499999 -0.96399999 0.248 7
0.48500001 -0.97000003 0.248 8
0.66299999 -1.0140001 0.27000001 0
0.55900002 -0.921 0.242 0
0.54100001 -0.95899999 0.25 3
0.51099998 -0.96600002 0.25 7
0 0 0 0
0 0 0 0
0.551 -0.92799997 0.245 0
0.53600001 -0.95999998 0.25 6
0 0 0 0
0.66100001 -0.986 0.26800001 0
0 0 0 0
0.56 -0.95099998 0.25099999 0
0 0 0 0
0 0 0 0
0.653 -0.99299997 0.27000001 0
0 0 0 0
7.757 -9.8170004 2.8599999 3
0 0 0 0
0 0 0 0
0.66500002 -1.02 0.27599999 0
7.5700002 -9.1479998 2.7320001 3
7.658 -9.8920002 2.858 3
0 0 0 0
0 0 0 0
7.5279999 -8.6929998 2.6619999 5
7.6890001 -9.4770002 2.7980001 2
7.5999999 -9.9940004 2.855 3
0 0 0 0
8.1599998 -9.0080004 2.8299999 2
7.5139999 -8.8459997 2.668 6
7.7379999 -9.7089996 2.822 3
0 0 0 0
8.1610003 -8.6160002 2.779 7
8.1879997 -9.2110004 2.842 1
7.5409999 -9.0319996 2.675 6
7.7249999 -9.7519999 2.7920001 3
8.0760002 -8.1540003 2.7030001 9
8.1920004 -8.8070002 2.7820001 5
7.5869999 -8.6750002 2.622 1
7.598 -9.151 2.6619999 5
8.0089998 -7.7319999 2.6370001 6
8.0830002 -8.3070002 2.6889999 7
8.2150002 -8.9709997 2.7679999 8
8.3109999 -9.5489998 2.8280001 8
7.8920002 -7.283 2.5610001 8
8.0129995 -7.869 2.6140001 10
8.1020002 -8.4490004 2.664 10
8.2609997 -9.0620003 2.7320001 8
7.8249998 -6.9070001 2.5020001 7
7.915 -7.427 2.5350001 9
8.0179996 -7.9879999 2.576 11
8.132 -8.5139999 2.6170001 11
7.75 -6.5409999 2.4449999 10
7.8460002 -7.0370002 2.4679999 7
7.921 -7.5359998 2.49 9
8.0419998 -8.04 2.5220001 13
7.6890001 -6.1999998 2.395 9
7.7779999 -6.6659999 2.405 9
7.8379998 -7.1269999 2.4119999 12
7.9590001 -7.5970001 2.434 9
7.631 -5.8790002 2.348 9
7.6939998 -6.3000002 2.342 10
7.7820001 -6.7550001 2.346 10
7.8699999 -7.1719999 2.349 9
7.506 -5.5229998 2.2839999 2
7.6290002 -5.9650002 2.2869999 9
7.6919999 -6.3740001 2.2739999 9
7.8109999 -6.7909999 2.2780001 12
7.487 -5.2579999 2.2539999 8
7.5 -5.5939999 2.2160001 1
7.625 -6.0279999 2.214 13
7.7259998 -6.4060001 2.204 12
7.4369998 -4.98 2.217 8
7.4840002 -5.322 2.1819999 11
0 0 0 0
7.6430001 -6.0430002 2.1340001 13
7.382 -4.7090001 2.181 5
7.4250002 -5.033 2.1359999 10
0 0 0 0
0 0 0 0
1.4069999 -0.85500002 0.412 0
7.3660002 -4.7550001 2.0929999 13
7.427 -5.0819998 2.05 10
0 0 0 0
7.2740002 -4.204 2.1129999 1
7.3150001 -4.493 2.0550001 9
7.3720002 -4.8000002 2.0039999 12
7.441 -5.0830002 1.959 13
7.217 -3.96 2.0810001 10
7.323 -4.2740002 2.0350001 2
7.316 -4.5279999 1.959 12
7.382 -4.7930002 1.909 12
7.165 -3.7290001 2.052 13
1.484 -0.82099998 0.40799999 0
7.2610002 -4.2670002 1.918 12
7.3299999 -4.5190001 1.863 11
7.125 -3.51 2.027 12
7.1570001 -3.7550001 1.949 8
7.2189999 -4.0209999 1.882 12
7.2709999 -4.2509999 1.818 11
7.0819998 -3.2980001 2.003 8
7.1139998 -3.529 1.92 16
7.2199998 -3.8069999 1.859 1
7.2059999 -3.9879999 1.773 13
7.0320001 -3.089 1.978 11
7.0770001 -3.3150001 1.8940001 10
1.623 -0.80800003 0.41299999 0
7.1550002 -3.744 1.734 13
6.9889998 -2.888 1.956 13
7.0289998 -3.102 1.867 14
7.086 -3.3280001 1.783 6
7.1149998 -3.513 1.7 13
6.9559999 -2.698 1.938 11
6.9899998 -2.8989999 1.842 14
7.0580001 -3.119 1.757 15
7.112 -3.306 1.676 1
6.9260001 -2.5139999 1.923 11
6.9569998 -2.7030001 1.822 14
7.0190001 -2.911 1.73 16
0 0 0 0
6.8870001 -2.3310001 1.905 4
6.9130001 -2.5090001 1.799 17
6.967 -2.701 1.702 17
0 0 0 0
2.184 -0.68599999 0.602 0
6.8909998 -2.3269999 1.783 3
6.9000001 -2.494 1.671 13
6.934 -2.645 1.575 13
6.8070002 -1.976 1.873 34
6.829 -2.135 1.7589999 12
6.8730001 -2.3069999 1.651 13
6.9289999 -2.4560001 1.558 5
6.7719998 -1.807 1.859 86
6.816 -1.965 1.7460001 5
6.8309999 -2.1170001 1.6289999 13
6.8670001 -2.253 1.528 14
6.7350001 -1.6390001 1.846 91
6.7670002 -1.7869999 1.727 29
6.7870002 -1.933 1.607 12
6.816 -2.0580001 1.503 11
6.7090001 -1.479 1.837 88
6.7319999 -1.6160001 1.712 99
6.744 -1.7539999 1.587 11
6.7810001 -1.874 1.482 12
2.994 -0.59200001 0.81900001 10
6.6950002 -1.449 1.697 97
2.5739999 -0.60600001 0.602 0
6.7319999 -1.6900001 1.459 11
2.944 -0.51599997 0.80500001 5
6.6669998 -1.2869999 1.686 99
6.6890001 -1.4119999 1.557 90
6.6919999 -1.513 1.439 9
2.983 -0.456 0.815 12
3.2030001 -0.54400003 0.80800003 7
6.6479998 -1.244 1.54 106
6.697 -1.347 1.4299999 3
2.9879999 -0.38999999 0.81699997 10
3.1830001 -0.46700001 0.80199999 6
6.6220002 -1.081 1.528 102
6.6240001 -1.169 1.406 64
3.108 -0.338 0.85100001 1
3.223 -0.39899999 0.81099999 11
3.5109999 -0.48899999 0.80699998 7
6.6020002 -1.0039999 1.393 102
6.5209999 -0.565 1.788 99
3.247 -0.32800001 0.81599998 10
3.464 -0.40099999 0.79400003 7
3.4660001 -0.44299999 0.727 5
6.506 -0.42199999 1.786 99
4.572 -0.35800001 1.149 3
3.506 -0.324 0.80199999 10
3.8299999 -0.39700001 0.80000001 7
6.4629998 -0.27700001 1.778 101
6.4959998 -0.36300001 1.6339999 113
3.598 -0.249 0.82200003 6
3.9000001 -0.31099999 0.81199998 8
6.4320002 -0.138 1.773 100
6.461 -0.21600001 1.626 114
6.4759998 -0.29800001 1.477 107
3.9200001 -0.21799999 0.81300002 10
6.4029999 0.001 1.77 98
6.4299998 -0.071000002 1.62 111
6.4460001 -0.146 1.47 110
6.4489999 -0.206 1.335 78
6.3699999 0.14 1.766 107
6.3969998 0.071999997 1.614 111
6.4099998 0.003 1.461 111
6.4159999 -0.050999999 1.326 116
6.152 0.26800001 1.712 5
6.3470001 0.215 1.605 106
6.3759999 0.152 1.454 109
6.3779998 0.101 1.316 112
6.2969999 0.412 1.7589999 95
6.2789998 0.35499999 1.592 48
6.1030002 0.287 1.3940001 6
6.125 0.245 1.2640001 10
6.2659998 0.546 1.758 94
6.2740002 0.49599999 1.596 106
6.2870002 0.44400001 1.438 107
6.2859998 0.40200001 1.2970001 109
6.2399998 0.67900002 1.758 107
6.25 0.634 1.595 108
6.2490001 0.58499998 1.432 106
6.256 0.54900002 1.2920001 111
6.21 0.81199998 1.758 94
6.2220001 0.773 1.594 107
6.2290001 0.73000002 1.431 106
6.23 0.69800001 1.288 109
6.1810002 0.94599998 1.76 101
6.1999998 0.912 1.595 109
6.2030001 0.87400001 1.4299999 105
6.2030001 0.84500003 1.285 107
6.164 1.08 1.765 94
6.1700001 1.05 1.596 107
6.1729999 1.016 1.429 104
6.178 0.99599999 1.284 112
6.1339998 1.214 1.768 100
6.1300001 1.187 1.595 109
6.1469998 1.1619999 1.4299999 104
6.1430001 1.142 1.281 109
6.1040001 1.346 1.771 105
6.119 1.329 1.602 109
6.118 1.3049999 1.431 104
6.105 1.288 1.279 112
6.0809999 1.479 1.777 95
6.0819998 1.464 1.602 104
6.086 1.4450001 1.4299999 104
6.0809999 1.4349999 1.28 109
6.0549998 1.6109999 1.7819999 104
6.0549998 1.601 1.6059999 108
6.0619998 1.59 1.434 105
6.052 1.5829999 1.28 106
6.0289998 1.745 1.789 95
6.0240002 1.739 1.609 107
6.027 1.732 1.436 106
2.3199999 0.667 0.49399999 18
6.0019999 1.8789999 1.795 93
5.9959998 1.877 1.615 108
5.9889998 1.874 1.437 107
5.9840002 1.878 1.283 105
5.973 2.0120001 1.802 93
5.9660001 2.017 1.6210001 111
5.9699998 2.023 1.4450001 106
5.9549999 2.0280001 1.2869999 105
5.9380002 2.1459999 1.808 97
5.9450002 2.161 1.63 110
5.9349999 2.168 1.449 109
5.9229999 2.178 1.291 105
4.473 1.727 1.376 10
4.4650002 1.738 1.2359999 14
4.4710002 1.752 1.102 15
4.4759998 1.7690001 0.98400003 23
4.4549999 1.832 1.3839999 11
4.4400001 1.8430001 1.2410001 14
4.4499998 1.864 1.108 15
4.4390001 1.8789999 0.986 16
4.4190001 1.929 1.386 9
4.421 1.954 1.25 12
1.145 0.51099998 0.28799999 2
0 0 0 0
0 0 0 0
0 0 0 0
4.3899999 2.086 1.118 1
0.97000003 0.46700001 0.22 3
0 0 0 0
0.88700002 0.44100001 0.25600001 0
0.87699997 0.442 0.226 2
0.84899998 0.43399999 0.19499999 3
0.81800002 0.42199999 0.266 2
0.796 0.41800001 0.233 5
0.79699999 0.42500001 0.208 12
0.80000001 0.43399999 0.186 18
0 0 0 0
0 0 0 0
0 0 0 0
0 0 0 0
1.165 0.667 0.38800001 0
1.577 0.92199999 0.47499999 4
1.581 0.94099998 0.42399999 1
0 0 0 0
1.1670001 0.70200002 0.39399999 1
0 0 0 0
1.472 0.92400002 0.40099999 43
1.451 0.92900002 0.354 2
0 0 0 0
1.419 0.917 0.44 12
1.398 0.92299998 0.38699999 44
1.3710001 0.926 0.34 51
1.395 0.92400002 0.48500001 5
1.376 0.93400002 0.433 4
4.2259998 2.9360001 1.191 9
1.67 1.187 0.42199999 16
5.6020002 3.8900001 1.979 18
4.198 2.99 1.344 5
4.2010002 3.0699999 1.206 9
5.6760001 4.2459998 1.462 4
5.5689998 4.0500002 1.999 28
4.1560001 3.1070001 1.355 4
1.515 1.1619999 0.44299999 7
1.605 1.263 0.42199999 2
5.5349998 4.2119999 2.02 30
5.5040002 4.3109999 1.827 29
1.416 1.14 0.42199999 26
1.554 1.285 0.417 9
5.4970002 4.3759999 2.0420001 28
5.4780002 4.4910002 1.852 29
1.347 1.137 0.41 9
1.506 1.307 0.41299999 10
5.4640002 4.546 2.066 30
1.3099999 1.124 0.45100001 1
5.5749998 4.934 1.733 4
0 0 0 0
5.4400001 4.7290001 2.096 28
1.25 1.123 0.44 33
1.286 1.193 0.40900001 3
1.434 1.3710001 0.412 1
5.402 4.908 2.1229999 28
1.181 1.1109999 0.42500001 34
1.242 1.2079999 0.40400001 7
1.086 1.09 0.31999999 1
5.3600001 5.0890002 2.1500001 29
1.123 1.105 0.41299999 25
1.092 1.114 0.36500001 2
1.349 1.423 0.40900001 10
1.103 1.0930001 0.45199999 1
1.081 1.113 0.40700001 20
1.183 1.2640001 0.405 3
1.307 1.446 0.40799999 9
1.036 1.074 0.43399999 20
1.046 1.127 0.40400001 7
1.151 1.289 0.405 6
1.284 1.492 0.41299999 4
0.98699999 1.069 0.42300001 30
5.427 6.1199999 2.151 21
1.105 1.298 0.40000001 7
1.217 1.485 0.40400001 4
0.94700003 1.071 0.41499999 7
5.3790002 6.349 2.1900001 10
1.071 1.3200001 0.40000001 12
1.229 1.576 0.421 3
0.91799998 1.085 0.41299999 26
0.99199998 1.226 0.41499999 6
1.046 1.352 0.403 23
1.143 1.5420001 0.40599999 4
0.88599998 1.095 0.40900001 2
0.94 1.2180001 0.405 28
1.01 1.372 0.40200001 21
1.0829999 1.5369999 0.39899999 4
0.83899999 1.085 0.398 1
0.91799998 1.247 0.40799999 23
0.97299999 1.388 0.40099999 21
1.033 1.545 0.39500001 11
2.2639999 3.0650001 1.108 10
0.889 1.266 0.40799999 23
0.93900001 1.409 0.40099999 19
1.001 1.5779999 0.398 18
4.461 6.3239999 2.2479999 7
0.86000001 1.2869999 0.40900001 23
0.89999998 1.421 0.39899999 19
0.96100003 1.599 0.39899999 16
0.801 1.1900001 0.41600001 6
0.82999998 1.304 0.40799999 25
0.866 1.442 0.40000001 19
0.91399997 1.607 0.39700001 18
0.76800001 1.197 0.412 13
0.79799998 1.319 0.40700001 22
0.82800001 1.455 0.39899999 20
0.86900002 1.619 0.39500001 17
0.73799998 1.207 0.41 5
0.76499999 1.332 0.40599999 26
0.792 1.471 0.398 19
0 0 0 0
0.70999998 1.222 0.40900001 22
0.727 1.337 0.403 19
0.74000001 1.455 0.38999999 2
0.796 1.6720001 0.40099999 0
0.68300003 1.237 0.40900001 4
0.69199997 1.3430001 0.40000001 9
0 0 0 0
0.74000001 1.656 0.39399999 17
0.65200001 1.245 0.40700001 20
0 0 0 0
0.68199998 1.513 0.398 4
0.69800001 1.669 0.39500001 17
0 0 0 0
0.63700002 1.388 0.405 3
0.64399999 1.523 0.398 19
0.65399998 1.676 0.39399999 18
0.597 1.275 0.40700001 4
0.60000002 1.391 0.40200001 20
0.60600001 1.533 0.39700001 19
0.61000001 1.682 0.39300001 15
0.56900001 1.288 0.40599999 22
0.56699997 1.402 0.40099999 18
0.56800002 1.541 0.39700001 17
0.56699997 1.6900001 0.39300001 14
0.54400003 1.311 0.40900001 0
0.53600001 1.4170001 0.40200001 19
0.53100002 1.553 0.398 16
0.52499998 1.697 0.39399999 17
0.50400001 1.295 0.40000001 5
0.493 1.4 0.39500001 1
0.49700001 1.573 0.40000001 2
0.49399999 1.7460001 0.40400001 66
0.45699999 1.255 0.384 0
0.46900001 1.433 0.40099999 6
0.454 1.564 0.396 5
0 0 0 0
0.42199999 1.245 0.37799999 2
0.435 1.441 0.40000001 18
0.41 1.5470001 0.391 7
0.396 1.712 0.39500001 2
0 0 0 0
0.40000001 1.443 0.39899999 18
0.37900001 1.58 0.39700001 17
0.34999999 1.698 0.391 29
0 0 0 0
0.36700001 1.452 0.39899999 18
0.34099999 1.586 0.398 15
0 0 0 0
0.359 1.349 0.40000001 15
0.336 1.474 0.403 21
0.23999999 1.255 0.31400001 154
0.20100001 1.284 0.296 4
0.34900001 1.4400001 0.42399999 4
0.317 1.553 0.42300001 4
0.20999999 1.26 0.315 9
0 0 0 0
1.12 5.1170001 1.498 3
0.22 1.216 0.33000001 44
0 0 0 0
0 0 0 0
0.99400002 5.0900002 1.4809999 2
0.199 1.2690001 0.34299999 8
0.59500003 4.9980001 1.249 4
0.125 1.502 0.34799999 25
0.213 1.242 0.359 45
0.17399999 1.3049999 0.352 1
0.13699999 1.446 0.361 16
0.28999999 4.8499999 1.127 16
0.191 1.28 0.368 9
0.152 1.376 0.37 38
0.109 1.529 0.382 1
0.169 4.744 1.107 21
0.16599999 1.318 0.37799999 9
0.127 1.4529999 0.38999999 4
0.237 4.9050002 1.228 12
0.057 4.842 1.135 10
0.14300001 1.385 0.39500001 9
0.097999997 1.53 0.41100001 2
0.119 4.8330002 1.2130001 9
-0.057 4.849 1.142 4
0.119 1.4680001 0.41800001 4
0.205 4.9349999 1.324 7
0.0060000001 4.8759999 1.227 4
-0.17299999 4.8509998 1.149 9
0.287 4.9369998 1.401 8
0.090999998 4.8940001 1.313 9
-0.106 4.8709998 1.23 8
-0.287 4.835 1.152 9
0.17399999 4.901 1.387 5
-0.021 4.8660002 1.306 9
-0.22 4.8509998 1.229 8
-0.403 4.8070002 1.154 9
0.063000001 4.895 1.383 4
-0.133 4.8509998 1.304 9
-0.33199999 4.8309999 1.229 9
-0.51499999 4.7839999 1.1569999 10
-0.046 4.8590002 1.3710001 4
-0.243 4.8260002 1.299 10
-0.44400001 4.8039999 1.229 10
-0.62599999 4.7540002 1.159 10
-0.156 4.8390002 1.364 5
-0.35499999 4.8280001 1.303 10
-0.55599999 4.7880001 1.2309999 9
-0.73900002 4.737 1.166 11
-0.266 4.8319998 1.3609999 8
-0.463 4.7979999 1.298 10
-0.66600001 4.7659998 1.233 9
-0.32699999 1.819 0.45100001 13
-0.375 4.8239999 1.359 8
-0.57099998 4.77 1.294 10
-0.75800002 4.6370001 1.207 46
-0.963 4.6999998 1.179 10
-0.48199999 4.7940001 1.351 9
-0.671 4.6810002 1.275 20
-0.88499999 4.7179999 1.237 9
-1.077 4.6799998 1.187 10
-0.59100002 4.77 1.347 9
-0.792 4.7329998 1.296 11
-0.99599999 4.6939998 1.242 9
-1.101 4.3179998 1.107 35
-0.68699998 4.665 1.319 36
-0.89999998 4.711 1.296 10
-1.0039999 4.2399998 1.132 17
-1.2359999 4.4089999 1.1440001 15
-0.80699998 4.7270002 1.34 9
-1.008 4.6849999 1.296 10
-1.092 4.1729999 1.124 49
-1.382 4.5149999 1.187 16
-0.917 4.723 1.342 10
-1.049 4.3850002 1.22 18
-1.197 4.177 1.135 32
-1.497 4.5110002 1.201 40
-1.024 4.6960001 1.3380001 10
-1.163 4.4120002 1.2359999 16
-1.427 4.5739999 1.256 12
-1.631 4.552 1.229 11
-1.128 4.6589999 1.3329999 9
-1.1900001 4.1230001 1.163 47
-1.523 4.5100002 1.252 56
-1.748 4.5409999 1.244 8
-1.2410001 4.658 1.3380001 10
-1.443 4.5999999 1.308 11
-1.635 4.493 1.262 44
-1.8710001 4.539 1.262 7
-1.1900001 4.0840001 1.179 42
-1.5420001 4.5450001 1.304 14
-1.773 4.539 1.291 10
-1.985 4.5110002 1.274 7
-1.455 4.5949998 1.334 12
-1.6390001 4.4840002 1.298 60
-1.886 4.5149999 1.301 9
-2.0369999 4.348 1.249 48
-1.5650001 4.5760002 1.337 9
-1.76 4.4899998 1.313 14
-2 4.4910002 1.311 9
-2.1370001 4.2979999 1.256 105
-1.656 4.4990001 1.323 42
-1.893 4.52 1.335 9
-2.0539999 4.3369999 1.285 63
-2.2479999 4.2690001 1.2690001 91
-1.773 4.4949999 1.332 14
-2.0090001 4.4990001 1.344 8
-2.152 4.2839999 1.288 98
-2.3699999 4.2540002 1.289 77
-1.909 4.5310001 1.353 8
-2.05 4.3210001 1.306 71
-2.2639999 4.2589998 1.3 94
-2.53 4.3039999 1.329 40
-2.0150001 4.4860001 1.352 5
-2.154 4.283 1.3099999 108
-2.388 4.25 1.319 70
-2.6589999 4.2909999 1.352 29
-2.056 4.3080001 1.3099999 83
-2.27 4.2620001 1.321 105
-2.5539999 4.3080001 1.36 48
-2.743 4.204 1.352 48
-2.1700001 4.289 1.318 107
-2.3959999 4.2589998 1.3380001 73
-2.674 4.2810001 1.375 27
-2.826 4.119 1.353 33
-2.283 4.263 1.324 93
-2.572 4.3330002 1.382 55
-2.7650001 4.2049999 1.376 50
-2.8870001 4.0040002 1.345 5
-2.4159999 4.27 1.341 52
-2.6689999 4.2680001 1.382 31
-2.842 4.1100001 1.372 27
0 0 0 0
-2.5999999 4.3540001 1.385 64
-2.7609999 4.1960001 1.38 52
-2.8989999 3.993 1.36 4
0 0 0 0
-2.691 4.2779999 1.378 28
-2.845 4.1110001 1.376 26
0 0 0 0
0 0 0 0
-2.7690001 4.1830001 1.3660001 52
-2.8989999 3.987 1.358 6
0 0 0 0
0 0 0 0
-2.878 4.1339998 1.37 16
0 0 0 0
0 0 0 0
0 0 0 0
-2.875 3.9300001 1.323 3
0 0 0 0
0 0 0 0
0 0 0 0
0 0 0 0
0 0 0 0
0 0 0 0
0 0 0 0
0 0 0 0
0 0 0 0
0 0 0 0
0 0 0 0
0 0 0 0
0 0 0 0
0 0 0 0
-2.595 2.3629999 1.008 8
0 0 0 0
0 0 0 0
0 0 0 0
-2.572 2.2360001 0.98400003 8
0 0 0 0
0 0 0 0
-2.609 2.3570001 1.001 8
-2.608 2.164 0.98400003 8
0 0 0 0
0 0 0 0
-2.5780001 2.224 0.97299999 7
-2.5929999 2.0539999 0.96600002 8
0 0 0 0
-2.609 2.348 0.97899997 8
-2.605 2.1440001 0.96799999 10
-2.569 1.942 0.94599998 7
-2.625 2.451 0.96799999 1
-2.5580001 2.1960001 0.94099998 10
-2.598 2.04 0.95099998 10
-2.549 1.837 0.92799997 7
-2.595 2.3110001 0.93599999 7
-2.599 2.128 0.93900001 10
-2.569 1.923 0.92699999 9
-2.5320001 1.738 0.912 10
-2.5650001 2.178 0.90600002 8
-2.5880001 2.0209999 0.92000002 11
-2.549 1.817 0.90799999 10
-2.5090001 1.64 0.89499998 6
-2.605 2.1070001 0.90100002 8
-2.5669999 1.91 0.89700001 9
-2.5280001 1.716 0.88999999 6
-2.4879999 1.5470001 0.88 10
-2.576 1.985 0.87400001 7
-2.5320001 1.793 0.87099999 10
-2.5079999 1.6210001 0.87300003 10
-2.4649999 1.456 0.86500001 11
-2.5599999 1.877 0.85299999 10
-2.5090001 1.6900001 0.85100001 10
-2.4920001 1.53 0.85799998 9
-2.4679999 1.3839999 0.85900003 9
-2.5380001 1.77 0.83099997 9
-2.494 1.597 0.83499998 9
-2.4749999 1.442 0.84299999 10
-2.4289999 1.29 0.83999997 10
-2.5139999 1.6670001 0.80900002 10
-2.4679999 1.5 0.815 10
-2.4549999 1.3559999 0.829 12
-2.4130001 1.2130001 0.829 12
-2.5009999 1.573 0.79299998 8
-2.4660001 1.421 0.80500001 8
-2.45 1.281 0.81999999 10
-2.392 1.136 0.81699997 11
-2.473 1.475 0.77200001 12
-2.4389999 1.33 0.787 13
-2.4260001 1.198 0.80599999 9
-6.2199998 2.783 2.1159999 29
-2.46 1.3890001 0.75700003 6
-2.418 1.247 0.77200001 14
-2.404 1.12 0.792 9
-5.8649998 2.467 1.9859999 23
-2.4360001 1.299 0.74000001 12
-2.3940001 1.165 0.75700003 8
-6.026 2.641 1.974 6
-5.8499999 2.309 1.973 23
-2.4219999 1.219 0.727 13
-2.411 1.104 0.755 4
-6.0799999 2.5009999 1.979 7
-5.8410001 2.154 1.964 8
-2.4000001 1.137 0.71200001 13
-6.2119999 2.671 1.9299999 29
-6.1479998 2.3670001 1.9910001 16
-5.7750001 1.984 1.936 44
-6.2329998 2.7709999 1.829 27
-6.1750002 2.4860001 1.903 27
-6.0009999 2.1530001 1.933 30
-5.7420001 1.831 1.92 43
-6.2049999 2.5840001 1.802 27
-6.1420002 2.306 1.8789999 28
-5.763 1.921 1.849 50
-5.7119999 1.681 1.9069999 47
-6.1659999 2.3959999 1.774 26
-5.7639999 2.0120001 1.752 45
-5.73 1.765 1.832 43
-5.6799998 1.535 1.8940001 53
-5.974 2.158 1.7029999 29
-5.7319999 1.852 1.732 51
-5.7059999 1.6160001 1.818 53
-5.6409998 1.391 1.8789999 54
-5.7680001 1.929 1.631 46
-5.7059999 1.697 1.715 56
-5.6659999 1.467 1.801 48
-5.6100001 1.251 1.869 54
-5.7360001 1.766 1.61 47
-5.6760001 1.545 1.698 61
-5.6409998 1.323 1.79 57
-5.5739999 1.114 1.857 52
-5.6960001 1.605 1.589 53
-5.6420002 1.395 1.681 64
-5.6069999 1.182 1.776 58
-5.2709999 0.93199998 1.757 54
-5.6680002 1.451 1.572 49
-5.6149998 1.249 1.668 67
-5.2979999 0.991 1.676 60
-5.2540002 0.80900002 1.753 60
-5.632 1.299 1.553 58
-5.5609999 1.101 1.647 57
-5.2610002 0.86000001 1.664 61
-5.223 0.68699998 1.745 49
-5.5999999 1.15 1.538 62
-5.2719998 0.917 1.558 0
-5.2360001 0.73500001 1.656 61
-4.5209999 0.49200001 1.5140001 5
0 0 0 0
0 0 0 0
-5.211 0.611 1.649 60
-4.5700002 0.396 1.534 12
0 0 0 0
0 0 0 0
-4.5809999 0.43200001 1.452 9
-4.8390002 0.31200001 1.6289999 1
0 0 0 0
-4.5120001 0.461 1.329 10
-4.586 0.32800001 1.455 4
-5.3270001 0.22499999 1.8 5
0 0 0 0
-4.5630002 0.359 1.344 11
-5.1090002 0.249 1.624 1
-5.7069998 0.116 1.9349999 72
-4.5609999 0.37400001 1.2359999 14
-4.9949999 0.27599999 1.472 2
-3.2739999 0.085000001 1.044 3
-3.109 -0.0040000002 1.058 5
-4.8889999 0.28299999 1.325 3
-3.319 0.105 0.98000002 1
-3.188 0.0099999998 1.0190001 3
-1.525 -0.035 0.52100003 35
-5.632 0.19 1.526 1
-3.237 0.027000001 0.95700002 4
-1.571 -0.029999999 0.50400001 3
-1.521 -0.068999998 0.52200001 26
-3.2880001 0.030999999 0.89099997 4
-3.138 -0.046 0.93000001 5
-1.539 -0.064000003 0.49599999 13
-1.682 -0.113 0.58099997 34
-3.217 -0.046 0.87300003 1
-3.5680001 -0.13699999 1.061 42
-1.715 -0.11 0.55500001 15
-1.642 -0.147 0.56999999 45
-3.2060001 -0.123 0.87199998 1
-1.721 -0.106 0.51300001 8
-1.651 -0.14300001 0.537 41
-1.615 -0.18000001 0.565 40
-1.7359999 -0.109 0.47299999 1
-1.658 -0.141 0.49599999 37
-1.624 -0.178 0.53100002 36
-1.6059999 -0.214 0.565 44
-1.655 -0.14399999 0.45300001 50
-1.632 -0.178 0.491 35
-1.615 -0.214 0.53100002 39
-1.575 -0.24600001 0.55800003 36
-1.636 -0.182 0.449 41
-1.626 -0.215 0.49200001 35
-1.5829999 -0.24699999 0.52399999 38
-1.574 -0.28099999 0.56199998 42
-1.637 -0.223 0.45199999 39
-1.6 -0.25 0.48699999 38
-1.576 -0.28200001 0.52499998 38
-1.574 -0.31600001 0.56699997 36
-1.6210001 -0.26100001 0.44999999 34
-1.6 -0.289 0.49000001 35
-1.567 -0.317 0.52600002 38
-1.558 -0.34799999 0.565 42
-1.595 -0.296 0.44499999 32
-1.562 -0.31999999 0.48199999 32
-1.55 -0.34999999 0.52499998 38
-1.551 -0.382 0.56800002 45
-1.554 -0.32800001 0.43700001 31
-1.54 -0.35299999 0.479 34
-1.541 -0.38499999 0.52600002 38
-1.564 -0.42199999 0.57800001 50
-1.53 -0.36199999 0.433 33
-1.536 -0.38999999 0.48100001 37
-1.556 -0.426 0.53600001 38
-5.5190001 -1.62 2.0599999 0
-1.529 -0.40099999 0.43700001 35
-1.554 -0.43399999 0.491 36
-1.577 -0.47 0.54799998 4
-1.569 -0.49700001 0.59100002 33
-1.549 -0.447 0.44600001 31
-1.554 -0.47299999 0.49599999 31
-1.548 -0.5 0.54400003 41
-1.575 -0.537 0.60000002 6
-1.554 -0.48899999 0.45199999 16
-1.538 -0.50800002 0.49599999 39
-5.4640002 -1.901 1.9400001 0
-5.4250002 -1.984 2.0899999 2
-5.4629998 -1.868 1.6059999 1
-5.4520001 -1.943 1.776 1
-5.1999998 -1.942 1.867 0
-5.277 -2.0599999 2.056 0
-5.2399998 -1.934 1.557 0
-5.1799998 -1.983 1.707 1
-5.3179998 -2.1229999 1.932 0
0 0 0 0
-5.3070002 -2.1059999 1.596 1
-5.2989998 -2.1730001 1.767 0
-5.2859998 -2.2490001 1.943 0
0 0 0 0
-5.2579999 -2.237 1.602 1
-5.2839999 -2.312 1.784 0
-5.2220001 -2.362 1.944 1
0 0 0 0
-5.256 -2.3870001 1.622 0
-5.2350001 -2.437 1.791 0
-5.1030002 -2.447 1.925 1
0 0 0 0
-5.244 -2.5369999 1.641 0
-5.2090001 -2.575 1.808 0
-5.0929999 -2.5840001 1.948 1
0 0 0 0
-5.2340002 -2.691 1.663 0
-5.1929998 -2.72 1.829 0
-5.0739999 -2.72 1.97 1
0 0 0 0
0 0 0 0
-5.1880002 -2.8729999 1.855 0
0 0 0 0
0 0 0 0
-2.543 -1.467 0.83399999 11
0 0 0 0
0 0 0 0
0 0 0 0
-2.4560001 -1.498 0.81999999 9
-2.2969999 -1.416 0.84899998 1
0 0 0 0
0 0 0 0
-2.4200001 -1.557 0.82300001 9
-2.1949999 -1.424 0.82499999 15
-2.0969999 -1.3789999 0.86699998 1
0 0 0 0
-2.398 -1.626 0.83099997 4
-2.1500001 -1.469 0.824 15
-1.966 -1.357 0.82800001 16
0 0 0 0
-2.3269999 -1.663 0.82300001 6
-2.102 -1.508 0.81999999 7
-1.9220001 -1.391 0.82499999 17
-1.814 -1.326 0.84299999 1
0 0 0 0
-2.086 -1.572 0.83099997 7
-1.8890001 -1.432 0.82599998 17
-1.73 -1.323 0.81900001 16
-4.2540002 -3.3610001 1.5700001 10
-2.0220001 -1.599 0.82200003 7
-1.846 -1.465 0.82300001 7
-1.694 -1.355 0.81699997 15
-4.2220001 -3.506 1.595 78
-3.892 -3.227 1.617 5
-1.836 -1.526 0.83600003 6
-1.666 -1.392 0.81900001 16
-4.1799998 -3.645 1.617 44
-3.77 -3.276 1.602 16
-1.778 -1.546 0.82700002 11
-1.619 -1.413 0.81300002 10
-1.536 -1.406 0.60900003 1
-3.675 -3.349 1.6 16
-3.4579999 -3.1459999 1.6440001 0
-1.598 -1.456 0.81900001 3
0 0 0 0
-3.592 -3.428 1.602 16
-3.3050001 -3.1459999 1.609 14
-1.563 -1.487 0.81900001 15
0 0 0 0
-3.4890001 -3.4879999 1.596 11
-3.223 -3.207 1.607 14
-1.524 -1.5140001 0.81699997 5
-4.802 -5.0809999 2.0669999 2
-1.302 -1.364 0.61199999 2
-3.1400001 -3.266 1.604 14
-2.9260001 -3.0339999 1.607 3
-4.7589998 -5.2870002 2.112 6
0 0 0 0
-3.0580001 -3.3280001 1.604 14
-2.872 -3.1099999 1.6160001 60
-4.7119999 -5.4949999 2.1570001 14
0 0 0 0
-2.974 -3.385 1.603 13
-2.8499999 -3.223 1.645 62
-1.09 -1.335 0.51499999 1
0 0 0 0
-1.114 -1.326 0.61699998 2
-2.823 -3.3329999 1.673 63
-4.6149998 -5.9380002 2.257 15
-3.0450001 -3.849 1.6109999 0
-1.069 -1.3329999 0.61000001 2
-1.0829999 -1.335 0.65899998 3
-4.5549998 -6.1620002 2.3099999 15
-4.573 -6.0630002 2.4990001 12
-2.7880001 -3.638 1.641 8
-2.7720001 -3.573 1.737 61
-4.506 -6.4130001 2.3710001 13
-4.5300002 -6.3070002 2.563 15
-2.7539999 -3.763 1.6720001 14
-0.95599997 -1.289 0.61699998 1
-4.4369998 -6.6479998 2.428 15
-4.493 -6.5710001 2.635 17
-4.2509999 -6.0910001 2.6700001 1
-0.912 -1.2869999 0.60699999 2
-4.4000001 -6.9510002 2.51 14
-4.4369998 -6.822 2.7019999 10
-4.1350002 -6.2160001 2.688 4
-0.87800002 -1.2970001 0.60299999 2
-4.3340001 -7.224 2.5810001 15
0 0 0 0
-4.0009999 -6.3150001 2.697 4
-3.783 -5.8569999 2.691 0
-4.2880001 -7.5510001 2.6700001 11
0 0 0 0
-3.8499999 -6.3860002 2.6949999 4
0 0 0 0
0 0 0 0
-3.937 -7.086 2.7149999 3
-3.697 -6.4549999 2.6930001 5
0 0 0 0
-3.9619999 -7.8309999 2.721 1
-3.7620001 -7.158 2.7160001 4
-3.5769999 -6.5799999 2.717 3
-3.3889999 -6.0770001 2.694 1
-3.756 -7.8860002 2.72 3
-3.5929999 -7.2360001 2.7219999 5
-3.428 -6.6570001 2.721 4
-3.2639999 -6.1599998 2.701 1
-0.54799998 -1.227 0.41999999 0
-3.4200001 -7.3070002 2.7260001 4
-3.2750001 -6.724 2.723 6
-3.1289999 -6.2259998 2.701 3
-0.51099998 -1.222 0.41600001 1
-3.2539999 -7.3899999 2.7360001 5
-3.1340001 -6.8140001 2.7349999 5
-2.993 -6.2909999 2.7030001 3
-0.47499999 -1.215 0.41100001 1
-3.073 -7.4429998 2.7360001 2
-2.97 -6.8569999 2.7290001 5
-2.8599999 -6.3610001 2.7079999 4
-0.43599999 -1.201 0.405 1
-2.905 -7.5219998 2.747 3
-2.819 -6.9299998 2.737 4
-2.724 -6.4260001 2.711 5
-0.40700001 -1.209 0.40599999 1
-2.7260001 -7.5760002 2.7520001 3
-2.6659999 -6.9949999 2.7420001 6
-2.5869999 -6.4910002 2.7160001 3
-2.592 -8.342 2.7920001 1
-2.549 -7.631 2.7579999 5
-2.503 -7.0380001 2.7409999 5
-2.444 -6.54 2.7149999 5
-2.3829999 -8.3690004 2.7939999 2
-2.369 -7.6739998 2.76 2
-2.348 -7.0970001 2.747 4
-2.306 -6.5999999 2.7190001 5
-2.1659999 -8.3559999 2.783 3
0 0 0 0
-2.1889999 -7.145 2.75 4
-2.1689999 -6.6669998 2.7279999 4
-1.951 -8.335 2.7720001 3
-0.301 -1.166 0.41600001 1
-2.029 -7.191 2.7539999 4
-2.023 -6.7140002 2.7290001 5
-1.747 -8.349 2.7739999 4
0 0 0 0
-1.872 -7.2519999 2.7650001 4
-1.881 -6.7670002 2.734 6
-1.54 -8.3450003 2.773 3
-0.249 -1.184 0.421 0
-1.705 -7.27 2.76 3
0 0 0 0
0 0 0 0
-0.219 -1.177 0.417 1
-1.112 -5.27 1.994 1
0 0 0 0
0 0 0 0
0 0 0 0
-1.3839999 -7.368 2.7780001 1
-1.443 -6.908 2.7479999 3
-0.93400002 -8.342 2.7809999 3
0 0 0 0
-1.2180001 -7.3860002 2.777 4
-1.2920001 -6.9310002 2.7449999 5
-0.73500001 -8.3249998 2.78 3
0 0 0 0
-1.0470001 -7.362 2.7620001 5
-1.141 -6.9660001 2.7479999 5
-0.537 -8.3100004 2.783 3
0 0 0 0
-0.88200003 -7.381 2.7639999 3
-0.98900002 -6.987 2.747 6
-0.338 -8.2709999 2.78 4
0 0 0 0
0 0 0 0
-0.838 -7.0250001 2.7539999 5
-0.14399999 -8.2559996 2.7850001 4
-0.36700001 -7.869 2.793 1
0 0 0 0
-0.68599999 -7.0469999 2.7550001 5
0.050000001 -8.2180004 2.7850001 4
-0.186 -7.8390002 2.7880001 2
0 0 0 0
-0.53100002 -7.0489998 2.75 4
0.242 -8.1870003 2.789 3
-0.0060000001 -7.822 2.789 1
0 0 0 0
-0.37599999 -7.0630002 2.75 4
0 0 0 0
0.139 -6.3930001 2.286 3
-0.0080000004 -1.123 0.419 0
-0.223 -7.0879998 2.756 5
0 0 0 0
0 0 0 0
0.016000001 -1.123 0.41999999 0
-0.068000004 -7.105 2.76 5
0 0 0 0
0 0 0 0
0.039000001 -1.053 0.39500001 0
0.086000003 -7.1139998 2.7620001 5
0.98699999 -7.9889998 2.7909999 5
0 0 0 0
0.067000002 -1.12 0.421 0
0 0 0 0
1.1670001 -7.9159999 2.7869999 4
0.86699998 -7.6220002 2.7720001 4
0.090999998 -1.113 0.419 0
0.35800001 -6.381 2.4779999 1
1.342 -7.8379998 2.783 4
1.039 -7.586 2.7750001 2
0.115 -1.098 0.414 1
0.55699998 -7.1149998 2.766 5
1.5190001 -7.7800002 2.786 6
1.211 -7.5549998 2.78 2
0.139 -1.095 0.41499999 0
0 0 0 0
1.687 -7.691 2.78 6
1.377 -7.4980001 2.777 2
0.164 -1.0930001 0.41499999 0
0 0 0 0
0 0 0 0
1.541 -7.4359999 2.7739999 2
0.189 -1.0930001 0.41800001 1
0 0 0 0
0 0 0 0
0 0 0 0
0.212 -1.08 0.41499999 1
0 0 0 0
0 0 0 0
0 0 0 0
0.236 -1.075 0.41499999 0
0 0 0 0
0 0 0 0
0.29800001 -1.0650001 0.40700001 0
0.26499999 -1.089 0.42300001 0
0 0 0 0
0 0 0 0
0 0 0 0
0.28299999 -1.061 0.41499999 0
0 0 0 0
0 0 0 0
0 0 0 0
0.30700001 -1.054 0.41499999 0
0 0 0 0
0.389 -0.98199999 0.38499999 0
0 0 0 0
0 0 0 0
0.30700001 -1.08 0.43200001 0
0.41299999 -0.977 0.38800001 5
0.37599999 -0.98900002 0.39300001 0
2.3399999 -6.869 2.7460001 27
0 0 0 0
0.43200001 -0.958 0.38600001 13
0.412 -1.013 0.40799999 0
0 0 0 0
2.2650001 -6.7979999 2.75 5
0.465 -0.972 0.398 9
0.421 -0.972 0.396 8
0.38800001 -0.99199998 0.403 0
0 0 0 0
0.47999999 -0.94700003 0.39399999 8
0.44600001 -0.96899998 0.40000001 8
0.41100001 -0.98400003 0.40400001 5
0.37900001 -0.98799998 0.405 0
0.51700002 -0.96499997 0.40799999 4
0.47 -0.963 0.40200001 8
0.428 -0.96399999 0.40000001 8
0.41299999 -1.0089999 0.417 1
0.542 -0.95899999 0.412 2
0.495 -0.958 0.40599999 5
0.461 -0.977 0.41 8
0.42300001 -0.972 0.40400001 8
0.55199999 -0.92699999 0.405 0
0.523 -0.95999998 0.412 3
0.477 -0.95599997 0.405 8
0.44800001 -0.97000003 0.40700001 9
0 0 0 0
0.55599999 -0.96700001 0.421 0
0.51200002 -0.97000003 0.41600001 4
0.47299999 -0.96600002 0.41 9
0.65399998 -0.99199998 0.44999999 0
0.55400002 -0.91500002 0.405 0
0.53500003 -0.95999998 0.417 2
0.49700001 -0.95999998 0.41100001 6
0.67500001 -0.97500002 0.45100001 0
0 0 0 0
0.55299997 -0.94300002 0.41499999 0
0.523 -0.95700002 0.41499999 4
4.191 -5.7690001 2.7249999 4
0.66100001 -0.98799998 0.45300001 4
3.7579999 -6.086 2.7190001 4
0.55699998 -0.96700001 0.42300001 0
4.3000002 -5.6440001 2.724 5
0 0 0 0
0.648 -0.99900001 0.45300001 2
0.54900002 -0.90499997 0.40099999 0
4.3920002 -5.506 2.7130001 5
0 0 0 0
0 0 0 0
0 0 0 0
4.487 -5.3740001 2.7079999 3
4.3049998 -5.5760002 2.7 8
0 0 0 0
0.65899998 -0.98299998 0.447 0
4.592 -5.2519999 2.71 3
4.427 -5.473 2.7049999 3
4.2680001 -5.6900001 2.7079999 7
4.1360002 -5.8779998 2.7130001 5
0 0 0 0
4.5349998 -5.3540001 2.7019999 5
4.375 -5.5679998 2.6960001 7
4.2810001 -5.8000002 2.7179999 5
0 0 0 0
4.6300001 -5.2249999 2.694 2
4.5089998 -5.4770002 2.7030001 6
4.414 -5.7049999 2.7160001 5
3.5309999 -3.5280001 1.9630001 0
0 0 0 0
4.6220002 -5.3629999 2.698 3
4.526 -5.5840001 2.7030001 7
4.921 -4.704 2.6860001 5
0 0 0 0
0 0 0 0
4.664 -5.4949999 2.7060001 4
4.9899998 -4.5599999 2.678 4
4.9130001 -4.8449998 2.6800001 4
0 0 0 0
0 0 0 0
5.0630002 -4.4239998 2.6730001 4
5 -4.7119999 2.6730001 4
4.948 -5.0120001 2.6860001 2
0 0 0 0
5.1329999 -4.2870002 2.6700001 4
5.0770001 -4.573 2.665 5
5.0500002 -4.888 2.6800001 4
5.0349998 -5.1690001 2.698 5
5.2010002 -4.1500001 2.6670001 4
5.1529999 -4.4359999 2.6570001 3
5.1389999 -4.7519999 2.671 5
5.1430001 -5.0440001 2.6889999 4
5.29 -4.0320001 2.675 2
5.2420001 -4.3130002 2.658 3
5.2290001 -4.6209998 2.6630001 4
5.2589998 -4.9260001 2.6860001 5
1.21 -0.88099998 0.60399997 1
5.3369999 -4.1919999 2.6630001 3
5.3309999 -4.5 2.6619999 3
5.3569999 -4.7950001 2.6760001 2
1.239 -0.86000001 0.611 2
5.3969998 -4.0489998 2.652 2
5.4289999 -4.3759999 2.6619999 3
5.493 -4.6939998 2.6860001 3
5.4159999 -3.5880001 2.641 22
1.232 -0.88200003 0.59600002 1
5.5339999 -4.2579999 2.665 2
5.5819998 -4.553 2.674 5
5.4920001 -3.4649999 2.6500001 16
1.26 -0.85900003 0.60100001 2
5.6020002 -4.1100001 2.6530001 3
5.6880002 -4.4250002 2.6719999 3
0 0 0 0
1.301 -0.84500003 0.61299998 1
5.697 -3.983 2.655 2
5.7989998 -4.3010001 2.6730001 4
0 0 0 0
5.6560001 -3.4979999 2.6329999 20
1.306 -0.87 0.59899998 1
5.8909998 -4.1620002 2.6670001 3
5.6009998 -3.036 2.6259999 26
5.7399998 -3.3740001 2.642 5
1.3279999 -0.84100002 0.60100001 2
5.9990001 -4.0339999 2.6689999 3
5.6430001 -2.901 2.6240001 26
5.7319999 -3.2 2.609 0
5.9000001 -3.552 2.631 21
6.085 -3.892 2.664 1
1.763 -0.85699999 0.81300002 12
5.8099999 -3.075 2.6170001 24
5.9770002 -3.4159999 2.631 24
1.3890001 -0.84299999 0.59799999 1
1.779 -0.81800002 0.815 14
5.869 -2.9389999 2.618 29
6.0910001 -3.3 2.648 2
1.429 -0.82300001 0.60600001 2
1.774 -0.76899999 0.80699998 3
1.814 -0.85799998 0.80199999 3
6.0430002 -3.0969999 2.596 5
6.3000002 -3.4389999 2.6359999 18
1.786 -0.72799999 0.80800003 14
1.852 -0.82599998 0.81199998 14
6.145 -2.9749999 2.6099999 28
6.4130001 -3.3080001 2.6470001 22
1.801 -0.68900001 0.81 17
1.876 -0.787 0.815 10
6.2160001 -2.835 2.6129999 31
6.3870001 -3.1099999 2.6029999 1
1.8049999 -0.64499998 0.80800003 21
1.864 -0.73299998 0.80400002 10
1.937 -0.82999998 0.80599999 10
6.2880001 -2.8829999 2.5309999 22
1.825 -0.60799998 0.81300002 19
1.887 -0.69400001 0.80900002 17
1.96 -0.78799999 0.80800003 14
6.2459998 -2.6889999 2.4849999 74
1.888 -0.58399999 0.83700001 13
1.897 -0.64999998 0.80800003 21
1.974 -0.741 0.80599999 4
6.2319999 -2.513 2.4519999 64
5.8730001 -1.677 2.5969999 29
1.908 -0.60699999 0.80800003 21
1.982 -0.69300002 0.80299997 14
2.076 -0.78100002 0.80900002 16
5.881 -1.541 2.592 29
1.957 -0.574 0.824 15
2.0039999 -0.64999998 0.80599999 18
2.082 -0.72799999 0.80299997 8
5.8979998 -1.41 2.592 28
6.118 -1.648 2.5650001 42
2.0090001 -0.60100001 0.80299997 18
2.059 -0.66600001 0.787 5
5.9109998 -1.279 2.592 28
6.0139999 -1.477 2.51 50
2.053 -0.56300002 0.815 17
2.1210001 -0.63200003 0.80400002 16
5.9120002 -1.145 2.5880001 28
5.9759998 -1.3279999 2.4849999 85
2.145 -0.53600001 0.84600002 3
2.138 -0.583 0.80400002 18
5.914 -1.0140001 2.585 27
5.9390001 -1.182 2.461 87
6.1810002 -1.395 2.427 39
2.171 -0.53799999 0.81099999 17
5.9159999 -0.88300002 2.5829999 28
5.9159999 -1.04 2.4449999 101
6.5029998 -1.313 2.5409999 33
2.27 -0.50599998 0.84200001 4
5.9039998 -0.75099999 2.5769999 38
5.8899999 -0.90100002 2.428 106
6.5710001 -1.169 2.5569999 33
6.6810002 -1.325 2.4660001 101
2.8529999 -0.30000001 1.245 11
5.8779998 -0.76499999 2.4189999 105
6.5929999 -1.018 2.5569999 51
6.6469998 -1.1569999 2.4400001 102
2.8759999 -0.23999999 1.255 150
5.849 -0.62900001 2.404 101
6.5780001 -0.861 2.5439999 78
6.6100001 -0.991 2.4159999 102
5.3860002 -0.333 2.3529999 23
3.1530001 -0.26800001 1.295 10
6.552 -0.70499998 2.526 95
6.5749998 -0.82700002 2.3929999 100
5.3559999 -0.21600001 2.342 30
5.8070002 -0.36399999 2.3840001 78
6.5359998 -0.55199999 2.5150001 86
6.553 -0.66799998 2.3770001 100
5.3569999 -0.1 2.346 22
5.6880002 -0.229 2.336 24
6.4980001 -0.398 2.497 98
6.5240002 -0.50999999 2.359 103
5.3470001 0.013 2.346 32
5.677 -0.102 2.3329999 32
6.2270002 -0.23800001 2.391 36
6.4860001 -0.352 2.3410001 100
5.3239999 0.127 2.3410001 34
5.664 0.024 2.329 31
6.0710001 -0.090999998 2.3310001 25
6.46 -0.198 2.3280001 100
5.2930002 0.241 2.335 39
5.6659999 0.149 2.3340001 34
6.085 0.046999998 2.3369999 25
6.4229999 -0.044 2.312 102
5.263 0.35299999 2.3280001 34
5.6420002 0.27500001 2.329 35
6.0809999 0.18700001 2.3369999 40
6.388 0.107 2.299 111
5.2329998 0.46399999 2.323 36
5.6090002 0.39899999 2.3210001 36
6.0489998 0.32699999 2.3280001 38
6.3509998 0.25799999 2.2869999 94
5.2090001 0.574 2.322 39
5.5830002 0.523 2.3169999 35
6.0359998 0.465 2.3269999 40
6.2880001 0.40400001 2.2650001 98
5.1719999 0.68199998 2.3150001 36
5.5539999 0.64499998 2.313 35
6.0019999 0.60299999 2.3199999 39
6.2529998 0.551 2.256 95
5.138 0.79100001 2.3110001 40
5.513 0.764 2.3050001 37
5.96 0.73799998 2.3099999 38
6.2420001 0.70099998 2.257 105
5.1009998 0.89700001 2.306 40
5.467 0.88300002 2.296 36
5.9239998 0.87300003 2.3039999 39
6.2179999 0.84799999 2.2539999 106
5.0580001 1.002 2.3 41
5.4380002 1.003 2.2950001 36
5.8940001 1.008 2.302 38
6.1830001 0.99400002 2.2490001 102
5.0180001 1.105 2.2950001 31
5.3920002 1.12 2.2880001 37
5.8400002 1.138 2.2920001 37
6.1459999 1.14 2.2449999 108
4.9819999 1.209 2.293 40
5.3460002 1.235 2.2820001 36
5.7940001 1.27 2.286 38
6.125 1.2869999 2.247 104
4.9330001 1.3099999 2.2869999 43
5.3070002 1.35 2.279 34
5.7540002 1.401 2.283 38
6.0910001 1.433 2.247 111
4.8959999 1.413 2.2850001 45
5.2509999 1.462 2.2709999 39
5.6950002 1.527 2.2739999 37
6.0580001 1.5779999 2.2479999 110
4.8499999 1.512 2.2809999 50
5.2030001 1.574 2.267 37
5.6479998 1.655 2.2709999 38
6.0310001 1.726 2.253 105
4.8039999 1.6109999 2.2780001 48
5.1599998 1.687 2.266 40
5.5970001 1.783 2.2690001 37
5.9910002 1.8710001 2.2550001 94
4.7509999 1.707 2.2720001 53
5.1020002 1.794 2.26 41
5.5430002 1.9069999 2.2650001 38
5.9590001 2.02 2.2609999 90
4.6999998 1.803 2.2679999 56
5.0450001 1.902 2.2550001 39
5.4790001 2.029 2.2590001 38
5.908 2.1619999 2.2620001 84
0 0 0 0
4.9860001 2.0090001 2.25 41
5.4109998 2.1489999 2.253 39
5.8569999 2.3039999 2.2639999 71
0.93300003 0.40400001 0.45899999 5
0 0 0 0
0 0 0 0
5.796 2.4430001 2.2639999 53
0.88200003 0.405 0.43900001 8
0.92000002 0.419 0.42399999 4
0.954 0.43099999 0.405 4
0 0 0 0
0.83200002 0.403 0.41800001 8
0.85799998 0.414 0.40000001 4
0.88599998 0.42500001 0.38 4
5.6350002 2.698 2.25 4
0.81900001 0.419 0.41600001 2
0.81 0.41299999 0.382 9
0.815 0.414 0.354 5
0 0 0 0
4.3600001 2.348 2.243 6
4.6799998 2.5209999 2.233 4
5.0419998 2.7149999 2.223 4
5.4710002 2.95 2.2420001 5
4.2940001 2.4349999 2.2379999 50
4.6009998 2.615 2.2260001 43
4.9679999 2.8269999 2.221 38
5.3730001 3.0680001 2.234 29
4.2410002 2.526 2.24 53
4.5310001 2.711 2.223 46
4.8909998 2.9349999 2.2179999 35
5.2880001 3.1919999 2.2320001 29
4.1789999 2.6110001 2.237 50
4.4530001 2.8010001 2.2160001 36
4.809 3.04 2.214 37
5.1820002 3.2969999 2.221 26
4.1100001 2.6900001 2.23 48
4.3829999 2.892 2.2130001 35
0 0 0 0
5.0999999 3.421 2.223 26
4.04 2.7690001 2.2249999 39
0 0 0 0
4.6399999 3.243 2.207 5
5 3.5320001 2.2179999 27
0 0 0 0
0.70200002 0.509 0.366 0
4.5580001 3.3469999 2.207 36
4.8889999 3.632 2.2090001 28
3.9100001 2.934 2.223 5
0.69199997 0.52700001 0.36700001 0
4.473 3.45 2.207 38
4.777 3.734 2.2030001 28
3.8380001 3.0109999 2.2190001 45
0.68400002 0.546 0.37 0
4.3720002 3.5369999 2.1989999 46
4.6680002 3.8340001 2.198 28
3.777 3.096 2.2219999 55
0.68000001 0.56699997 0.37400001 0
4.2740002 3.6259999 2.194 44
4.5640001 3.9360001 2.1960001 28
3.7030001 3.1700001 2.2179999 48
0.67000002 0.58399999 0.37599999 0
4.1799998 3.714 2.1900001 48
4.447 4.0229998 2.187 28
3.6389999 3.2520001 2.221 55
0.66900003 0.61000001 0.38299999 0
4.0830002 3.802 2.188 42
4.3520002 4.132 2.191 40
3.5599999 3.3199999 2.2149999 56
3.7539999 3.5829999 2.1989999 5
3.9809999 3.8840001 2.1830001 42
4.2309999 4.2160001 2.1849999 38
3.4760001 3.3840001 2.2079999 51
3.6630001 3.6559999 2.194 47
3.8859999 3.973 2.184 40
4.119 4.3070002 2.184 38
3.3929999 3.45 2.2030001 54
3.5739999 3.733 2.1919999 53
3.779 4.0500002 2.181 38
3.9990001 4.3930001 2.181 42
3.3210001 3.5250001 2.2049999 51
3.477 3.7980001 2.1849999 48
3.6760001 4.1279998 2.178 42
3.8759999 4.4710002 2.177 36
3.234 3.5829999 2.197 50
3.395 3.881 2.1900001 56
3.573 4.2059999 2.177 43
3.766 4.5580001 2.178 35
3.161 3.654 2.198 55
3.3010001 3.944 2.1849999 54
3.4590001 4.2680001 2.1689999 41
3.645 4.6350002 2.1760001 39
3.0739999 3.7130001 2.1930001 49
3.204 4.0079999 2.181 50
3.3529999 4.3400002 2.168 44
3.5179999 4.7030001 2.1719999 39
2.9920001 3.777 2.191 49
3.1110001 4.0770001 2.181 51
3.2520001 4.4169998 2.1719999 41
3.391 4.7690001 2.168 41
2.904 3.832 2.1860001 54
3.0139999 4.138 2.178 55
3.1340001 4.4770002 2.168 46
3.2639999 4.8369999 2.168 39
2.816 3.8900001 2.184 55
2.9130001 4.198 2.1760001 52
3.0220001 4.539 2.1659999 36
0 0 0 0
2.7279999 3.9449999 2.181 54
2.8150001 4.257 2.175 52
2.911 4.6030002 2.1659999 39
0.60399997 0.99599999 0.435 4
2.6440001 4.006 2.1819999 56
2.7160001 4.3109999 2.171 50
2.7950001 4.652 2.161 42
0.57200003 0.99599999 0.42899999 9
2.563 4.0679998 2.1830001 44
2.6129999 4.3629999 2.1689999 51
2.6800001 4.7059999 2.1589999 44
0.53799999 0.991 0.42199999 10
2.471 4.1170001 2.1789999 45
2.513 4.4169998 2.168 46
2.5639999 4.756 2.158 39
0.50199997 0.98199999 0.414 9
2.3789999 4.165 2.1760001 48
2.4119999 4.4710002 2.168 49
0 0 0 0
0.47499999 0.98699999 0.412 8
2.286 4.2150002 2.175 47
2.3039999 4.513 2.164 47
0.46900001 0.97799999 0.43399999 6
0.456 1.01 0.419 5
2.1930001 4.2610002 2.1730001 51
2.2030001 4.5669999 2.1670001 50
0.442 0.98100001 0.43200001 8
0.428 1.011 0.41600001 4
2.0999999 4.309 2.1719999 50
2.0929999 4.6009998 2.161 44
0.414 0.97899997 0.42699999 8
0.41 1.0369999 0.42300001 6
2.006 4.348 2.168 49
1.987 4.638 2.158 39
1.972 4.9710002 2.1530001 5
0 0 0 0
1.913 4.3959999 2.1689999 41
1.883 4.684 2.1600001 34
1.852 5.006 2.152 33
0 0 0 0
1.818 4.4369998 2.1670001 41
1.778 4.7290001 2.1630001 31
1.734 5.0450001 2.155 30
1.647 5.2420001 2.1040001 2
1.72 4.4749999 2.1659999 37
1.67 4.763 2.161 31
1.615 5.086 2.1589999 30
1.495 5.204 2.0810001 2
1.62 4.5110002 2.164 32
1.559 4.7969999 2.1630001 41
1.488 5.105 2.1570001 29
1.35 5.164 2.0569999 3
1.52 4.5440001 2.1619999 28
1.448 4.823 2.1600001 50
1.365 5.1230001 2.154 30
1.217 5.1570001 2.0480001 2
1.423 4.5830002 2.164 28
1.334 4.8299999 2.1489999 45
1.243 5.1339998 2.1500001 19
1.08 5.1170001 2.0280001 2
1.325 4.6139998 2.161 30
1.226 4.8660002 2.154 40
1.115 5.1259999 2.1389999 12
0.94800001 5.0970001 2.016 2
1.225 4.645 2.161 33
1.1160001 4.895 2.1559999 37
0.98500001 5.105 2.1240001 5
0.19599999 1.219 0.48199999 1
1.124 4.678 2.1630001 39
1.0039999 4.9120002 2.154 34
0.86000001 5.0910001 2.1129999 4
0.68900001 5.0409999 1.992 3
1.0190001 4.6950002 2.158 53
0.89200002 4.9359999 2.1570001 36
0.73199999 5.0560002 2.096 3
0.56300002 5.0190001 1.984 4
0.91399997 4.7129998 2.155 57
0.778 4.9499998 2.1559999 38
0.60799998 5.0209999 2.079 3
0.43700001 4.9829998 1.972 4
0.80900002 4.7259998 2.1500001 56
0.66600001 4.961 2.155 36
0.48699999 5.0079999 2.073 4
0.31600001 4.9549999 1.9630001 4
0.70599997 4.7420001 2.1470001 47
0.55400002 4.9759998 2.1559999 26
0.36899999 4.9829998 2.062 5
0.19599999 4.9200001 1.954 5
0.60500002 4.7870002 2.1589999 33
0.44100001 4.974 2.151 18
0.25 4.941 2.046 5
0.078000002 4.9039998 1.9529999 5
0.49900001 4.7989998 2.1570001 42
0.32600001 4.9679999 2.1459999 15
0.13500001 4.941 2.0480001 8
-0.039000001 4.8720002 1.948 5
0.39399999 4.8150001 2.158 43
0.213 4.9549999 2.1389999 10
0.018999999 4.915 2.0409999 8
-0.155 4.8530002 1.948 6
0.28600001 4.8299999 2.1589999 47
0.097999997 4.9349999 2.131 8
-0.094999999 4.8839998 2.033 8
-0.27200001 4.8590002 1.96 8
0.17900001 4.8390002 2.1589999 47
-0.012 4.8969998 2.115 8
-0.20900001 4.8769999 2.0369999 9
-0.38699999 4.8309999 1.959 8
0.071000002 4.8530002 2.1619999 49
-0.122 4.8800001 2.109 9
-0.31900001 4.8410001 2.0280001 9
-0.49599999 4.7789998 1.949 6
-0.035 4.8660002 2.165 34
-0.23199999 4.8520002 2.0999999 9
-0.43099999 4.8239999 2.029 9
-0.61299998 4.7909999 1.966 7
-0.14300001 4.8670001 2.164 26
-0.34099999 4.823 2.0910001 9
-0.542 4.8000002 2.0280001 8
-0.727 4.7680001 1.971 7
-0.25 4.8540001 2.1570001 17
-0.449 4.8039999 2.0880001 9
-0.65100002 4.7659998 2.0239999 9
-0.833 4.7090001 1.962 5
-0.35800001 4.8270001 2.1470001 14
-0.55800003 4.7810001 2.085 9
-0.76300001 4.7529998 2.0309999 9
-0.94999999 4.7140002 1.98 8
-0.46599999 4.8150001 2.1429999 8
-0.66600001 4.7659998 2.086 9
-0.87300003 4.7309999 2.0339999 9
-1.059 4.6750002 1.982 6
-0.57099998 4.789 2.1340001 8
-0.77399999 4.7410002 2.0829999 9
-0.98199999 4.7069998 2.0380001 8
-1.178 4.6820002 2.0039999 8
-0.676 4.7649999 2.1270001 5
-0.88099998 4.7259998 2.085 8
-1.09 4.684 2.043 9
-1.286 4.6459999 2.0090001 6
-0.78200001 4.743 2.1229999 5
-0.986 4.6929998 2.082 9
-1.2 4.658 2.0480001 10
-1.396 4.6160002 2.017 5
-0.88800001 4.7199998 2.118 5
-1.096 4.6799998 2.0880001 8
-1.3150001 4.6550002 2.0639999 9
-1.22 3.7119999 1.642 34
-0.995 4.7059999 2.119 5
-1.204 4.6609998 2.0929999 9
-1.4220001 4.6209998 2.0680001 9
-1.318 3.71 1.661 13
-1.104 4.6939998 2.1229999 8
-1.312 4.6370001 2.0969999 9
-1.233 3.697 1.6720001 37
-1.739 4.552 2.0639999 5
-1.209 4.6659999 2.119 6
-1.421 4.6160002 2.1029999 7
-1.324 3.681 1.682 16
-1.852 4.526 2.0799999 5
-1.318 4.6490002 2.1229999 6
-1.227 3.6830001 1.691 35
-1.756 4.5500002 2.1029999 5
-1.97 4.506 2.0999999 5
-1.4220001 4.6170001 2.1199999 4
-1.317 3.671 1.701 16
-1.877 4.546 2.1259999 7
-2.0309999 4.3629999 2.0639999 47
-1.224 3.674 1.698 18
-1.76 4.5739999 2.138 7
-1.982 4.5 2.131 5
-2.1359999 4.3210001 2.075 88
-1.3200001 3.6819999 1.7130001 13
-1.868 4.5419998 2.145 8
-2.0450001 4.3660002 2.0940001 48
-2.253 4.2979999 2.098 111
-1.752 4.5599999 2.138 6
-1.979 4.513 2.154 8
-2.1459999 4.3179998 2.0999999 99
-2.3789999 4.2919998 2.131 83
-1.86 4.5289998 2.1400001 6
-2.039 4.3759999 2.112 52
-2.2590001 4.2919998 2.118 100
-2.5309999 4.3239999 2.184 51
-1.9809999 4.527 2.158 7
-2.1340001 4.3169999 2.109 97
-2.3800001 4.2800002 2.1440001 98
-2.6240001 4.25 2.187 47
-2.033 4.3740001 2.1040001 57
-2.247 4.2950001 2.1240001 103
-2.527 4.3060002 2.191 51
-2.707 4.165 2.184 47
-2.128 4.316 2.098 98
-2.369 4.2870002 2.148 103
-2.619 4.2340002 2.191 50
-2.7939999 4.086 2.1849999 52
-2.244 4.3010001 2.1129999 102
-2.517 4.3150001 2.1930001 55
-2.7049999 4.1550002 2.188 50
-2.8770001 4.0029998 2.1860001 43
-2.369 4.2989998 2.1359999 104
-2.6110001 4.25 2.191 53
-2.799 4.0900002 2.1930001 50
0 0 0 0
-2.533 4.355 2.191 54
-2.7030001 4.1810002 2.1889999 52
-2.8840001 4.0110002 2.1919999 50
0 0 0 0
-2.6340001 4.2989998 2.1900001 46
-2.7950001 4.1110001 2.188 50
-2.9849999 3.9549999 2.204 1
0 0 0 0
-2.7309999 4.237 2.188 46
-2.8859999 4.0419998 2.188 50
0 0 0 0
0 0 0 0
-2.8280001 4.1719999 2.187 48
-2.984 3.983 2.194 4
0 0 0 0
0 0 0 0
-2.931 4.1160002 2.1900001 41
0 0 0 0
0 0 0 0
0 0 0 0
-3.0369999 4.0630002 2.198 2
0 0 0 0
0 0 0 0
0 0 0 0
0 0 0 0
0 0 0 0
0 0 0 0
0 0 0 0
0 0 0 0
0 0 0 0
0 0 0 0
-2.6040001 2.3729999 1.623 8
0 0 0 0
0 0 0 0
-2.605 2.49 1.6339999 1
-2.563 2.23 1.571 8
0 0 0 0
0 0 0 0
-2.6159999 2.388 1.61 8
-2.5940001 2.1530001 1.566 8
0 0 0 0
-2.595 2.497 1.6 0
-2.573 2.2420001 1.556 8
-2.5869999 2.05 1.539 8
0 0 0 0
-2.6110001 2.3989999 1.577 8
-2.6029999 2.165 1.548 8
-2.5669999 1.9400001 1.507 7
-2.6059999 2.5090001 1.561 0
-2.576 2.2590001 1.525 8
-2.6040001 2.066 1.524 8
-2.552 1.837 1.479 8
-2.615 2.404 1.5319999 8
-2.592 2.1700001 1.507 8
-2.576 1.95 1.485 7
-2.5280001 1.734 1.448 7
-2.569 2.2520001 1.473 8
-2.595 2.072 1.482 8
-2.5550001 1.842 1.452 7
-2.5090001 1.638 1.421 7
-2.6040001 2.177 1.4630001 9
-2.5769999 1.961 1.447 8
-2.5350001 1.7410001 1.4220001 7
-2.49 1.546 1.396 7
-2.598 2.072 1.431 8
-2.55 1.85 1.409 7
-2.5139999 1.643 1.392 9
-2.4679999 1.455 1.369 7
-2.5739999 1.955 1.392 8
-2.526 1.744 1.375 9
-2.497 1.552 1.367 9
-2.4590001 1.375 1.353 7
-2.549 1.844 1.354 7
-2.5120001 1.65 1.348 9
-2.4890001 1.469 1.347 9
-2.438 1.2920001 1.33 9
-2.53 1.7410001 1.322 7
-2.49 1.554 1.318 9
-2.46 1.376 1.317 9
-2.428 1.217 1.314 8
-2.507 1.6390001 1.289 7
-2.4679999 1.462 1.29 10
-2.4489999 1.298 1.299 9
-2.4000001 1.136 1.29 6
-2.4909999 1.5470001 1.262 9
-2.4560001 1.3789999 1.268 9
-2.4260001 1.215 1.275 9
-4.2090001 1.877 2.2490001 22
-2.474 1.456 1.235 9
-2.4300001 1.291 1.2410001 10
-2.402 1.135 1.252 8
-4.2540002 1.783 2.2590001 24
-2.4579999 1.37 1.211 9
-2.4070001 1.2079999 1.216 10
-4.3470001 1.9349999 2.2490001 48
-4.2449999 1.668 2.2420001 45
-2.4300001 1.28 1.182 9
-2.398 1.1339999 1.199 8
-4.3720002 1.8279999 2.2460001 53
-4.276 1.5700001 2.2479999 52
-2.414 1.2 1.16 10
-4.5209999 2.0120001 2.24 55
-4.4120002 1.727 2.2509999 54
-4.3070002 1.473 2.2550001 53
-2.401 1.123 1.141 5
-4.5669999 1.9069999 2.244 57
-4.448 1.625 2.256 50
-4.3280001 1.372 2.2590001 52
-4.7490001 2.086 2.233 46
-4.6220002 1.8049999 2.2539999 60
-4.4790001 1.522 2.26 60
-4.3400002 1.27 2.2579999 54
-4.8080001 1.977 2.2390001 45
-4.658 1.696 2.2550001 57
-4.4990001 1.415 2.2590001 58
-4.3520002 1.169 2.2579999 55
-4.862 1.8660001 2.244 50
-4.691 1.585 2.256 56
-4.5289998 1.312 2.2650001 62
-4.3769999 1.071 2.267 52
-4.9039998 1.75 2.244 43
-4.7259998 1.476 2.2590001 57
-4.5560002 1.2079999 2.27 58
-4.3889999 0.97100002 2.2690001 49
-4.9530001 1.635 2.2490001 53
-4.7579999 1.365 2.2609999 59
-4.572 1.102 2.2709999 62
-3.5769999 0.70700002 1.847 12
-5.0120001 1.524 2.26 30
-4.7859998 1.253 2.2639999 58
-4.5830002 0.995 2.27 55
-3.7019999 0.64700001 1.911 8
-5.0380001 1.402 2.257 50
-4.8189998 1.143 2.27 59
-4.6209998 0.89399999 2.2850001 53
-3.585 0.54500002 1.85 16
-5.0710001 1.281 2.2590001 52
-4.8470001 1.031 2.2750001 58
-3.809 0.64700001 1.881 11
-3.799 0.49200001 1.962 19
-5.1090002 1.1619999 2.2639999 55
-4.8629999 0.917 2.276 32
-3.835 0.56199998 1.892 9
-4.2309999 0.45300001 2.187 20
-5.1329999 1.039 2.2650001 50
-3.944 0.64899999 1.841 11
-3.842 0.47499999 1.895 21
-4.4130001 0.37400001 2.2839999 52
-5.1669998 0.91799998 2.2709999 44
-4.0999999 0.57599998 1.91 9
-4.1500001 0.41800001 2.046 19
-4.4190001 0.27599999 2.2909999 52
-5.2150002 0.79900002 2.2850001 37
-3.983 0.46599999 1.853 12
-4.6370001 0.361 2.2880001 47
-4.4120002 0.17900001 2.293 52
-4.3249998 0.55599999 1.891 10
-4.2940001 0.40099999 1.9960001 18
-4.6430001 0.25600001 2.293 54
-4.401 0.082000002 2.293 51
-4.2319999 0.442 1.846 12
-4.8909998 0.34200001 2.2739999 44
-4.6420002 0.15099999 2.296 54
-1.719 -0.0049999999 0.898 3
-4.5079999 0.36199999 1.964 15
-4.9330001 0.23 2.2939999 58
-4.645 0.046 2.303 54
-1.683 -0.041999999 0.88200003 47
-5.1919999 0.29100001 2.2609999 23
-4.941 0.115 2.3 55
-1.654 -0.02 0.82200003 25
-1.697 -0.079999998 0.89300001 46
-5.263 0.169 2.2920001 42
-1.652 0 0.76999998 12
-1.6720001 -0.057999998 0.833 24
-1.665 -0.115 0.88099998 77
-5.2750001 0.041999999 2.299 39
-1.638 -0.037 0.76499999 31
-1.735 -0.1 0.86799997 14
-1.614 -0.147 0.85699999 42
-1.6059999 -0.025 0.70099998 26
-1.658 -0.077 0.77700001 3
-1.647 -0.132 0.82700002 48
-1.581 -0.17900001 0.84399998 42
-1.633 -0.064999998 0.71399999 6
-1.673 -0.116 0.78600001 49
-1.596 -0.164 0.80500001 40
-1.554 -0.20999999 0.83499998 57
-1.693 -0.108 0.74199998 34
-1.613 -0.15000001 0.76099998 42
-1.558 -0.19599999 0.79000002 56
-1.549 -0.244 0.83700001 62
-1.6289999 -0.14300001 0.71600002 40
-1.568 -0.183 0.74299997 44
-1.554 -0.23100001 0.792 63
-1.541 -0.27700001 0.838 58
-1.567 -0.176 0.69199997 41
-1.557 -0.21799999 0.741 64
-1.5420001 -0.26499999 0.79100001 64
-1.55 -0.31400001 0.84899998 51
-1.559 -0.213 0.69099998 55
-1.549 -0.25400001 0.741 62
-1.543 -0.301 0.796 54
-1.567 -0.35299999 0.86500001 52
-1.55 -0.25 0.69099998 58
-1.538 -0.289 0.741 58
-1.557 -0.34 0.80900002 55
-1.589 -0.39399999 0.884 50
-1.548 -0.289 0.69400001 61
-1.554 -0.33000001 0.75300002 53
-1.581 -0.382 0.82800001 43
-1.653 -0.44800001 0.92699999 80
-1.538 -0.32499999 0.69400001 41
-1.574 -0.373 0.76800001 49
-1.706 -0.45300001 0.90100002 38
-1.615 -0.47499999 0.91399997 62
-1.5779999 -0.37400001 0.71700001 48
-1.686 -0.44100001 0.82999998 54
-1.64 -0.47499999 0.87300003 51
-1.655 -0.52600002 0.94499999 48
-1.651 -0.43399999 0.75599998 36
-1.659 -0.47600001 0.82300001 17
-1.6210001 -0.50999999 0.87099999 39
-1.661 -0.56800002 0.958 70
-1.656 -0.47799999 0.76499999 8
-1.613 -0.50400001 0.80800003 34
-4.3280001 -1.4680001 2.348 52
-4.0250001 -1.474 2.3440001 54
-1.603 -0.505 0.74699998 36
-1.604 -0.542 0.81099999 9
-4.2859998 -1.562 2.349 54
-3.9820001 -1.557 2.3440001 55
-1.605 -0.54799998 0.755 8
-4.6149998 -1.681 2.358 57
-4.2459998 -1.656 2.352 51
-3.954 -1.645 2.3529999 57
-4.954 -1.8279999 2.3570001 46
-4.5650001 -1.784 2.358 55
-4.2080002 -1.75 2.3570001 54
-3.9070001 -1.724 2.352 51
-4.9029999 -1.946 2.359 45
-4.52 -1.8890001 2.3610001 52
-4.1680002 -1.844 2.362 52
-3.8599999 -1.803 2.352 50
-4.8600001 -2.066 2.3670001 41
-4.4720001 -1.992 2.3640001 48
-4.118 -1.933 2.3629999 41
-3.8180001 -1.885 2.3559999 35
-4.8080001 -2.1830001 2.3729999 42
-4.421 -2.0940001 2.368 52
-4.0749998 -2.026 2.369 47
-3.7780001 -1.967 2.3610001 43
-4.7449999 -2.2939999 2.3729999 38
-4.3720002 -2.198 2.3740001 52
-4.027 -2.115 2.3729999 43
-3.7260001 -2.043 2.3610001 37
-4.6859999 -2.4070001 2.3770001 38
-4.3070002 -2.2920001 2.3710001 44
-3.9749999 -2.2030001 2.3759999 35
-3.6789999 -2.1199999 2.3629999 32
-4.618 -2.516 2.3789999 35
-4.2420001 -2.385 2.3710001 40
-3.9300001 -2.293 2.3829999 31
-3.6440001 -2.2049999 2.375 26
-4.539 -2.6170001 2.375 30
-4.1820002 -2.4820001 2.3740001 36
-3.8710001 -2.3759999 2.3829999 25
-3.586 -2.276 2.3729999 24
-4.4770002 -2.727 2.382 22
-4.1300001 -2.582 2.3829999 27
-3.8039999 -2.4530001 2.3800001 23
-3.5439999 -2.3570001 2.382 21
-4.4099998 -2.836 2.3889999 28
-4.059 -2.671 2.382 27
-3.757 -2.543 2.3900001 25
-3.4809999 -2.425 2.3789999 16
-4.3280001 -2.9330001 2.388 22
-4.0009999 -2.7690001 2.391 27
-3.687 -2.6170001 2.3859999 25
-3.4349999 -2.5020001 2.3870001 25
-4.2550001 -3.0369999 2.3940001 22
-3.925 -2.8529999 2.3900001 27
-3.6170001 -2.691 2.3840001 29
-3.398 -2.5880001 2.4030001 35
-4.1750002 -3.135 2.3970001 21
-3.8440001 -2.9330001 2.3870001 29
-3.5569999 -2.7709999 2.3889999 29
-3.3729999 -2.6849999 2.4289999 41
0 0 0 0
-3.7720001 -3.0190001 2.3900001 36
-3.4920001 -2.846 2.391 35
-3.3529999 -2.7869999 2.461 42
0 0 0 0
-3.665 -3.076 2.372 3
-3.421 -2.918 2.391 37
-3.3280001 -2.888 2.49 44
0 0 0 0
0 0 0 0
-3.3529999 -2.9909999 2.3929999 26
-3.3139999 -3.0020001 2.5309999 48
-1.336 -1.221 0.83999997 1
0 0 0 0
-3.299 -3.0769999 2.4070001 1
0 0 0 0
-1.27 -1.22 0.81900001 13
-1.2460001 -1.204 0.86400002 2
0 0 0 0
0 0 0 0
-1.237 -1.247 0.81999999 15
-1.178 -1.191 0.838 16
0 0 0 0
0 0 0 0
-1.2029999 -1.272 0.81999999 13
-1.126 -1.193 0.82200003 18
-1.108 -1.181 0.86799997 3
-2.8640001 -3.076 2.3900001 7
-1.169 -1.298 0.81999999 15
-1.096 -1.217 0.82200003 17
-1.049 -1.169 0.84399998 18
-2.8499999 -3.194 2.437 58
-1.094 -1.275 0.79100001 3
-1.063 -1.2359999 0.82099998 19
-1.001 -1.166 0.82700002 22
-0.98900002 -1.1569999 0.86799997 0
-1.082 -1.324 0.80800003 3
-1.034 -1.261 0.82300001 21
-0.96899998 -1.181 0.82300001 23
-0.94199997 -1.151 0.84799999 20
-1.0700001 -1.377 0.82599998 11
-0.99900001 -1.277 0.81999999 19
-0.94099998 -1.2 0.82300001 21
-0.89999998 -1.148 0.833 28
-1.033 -1.397 0.82499999 16
-0.96100003 -1.29 0.815 9
-0.91399997 -1.22 0.824 22
-0.86199999 -1.15 0.82099998 27
-0.99199998 -1.4119999 0.82300001 9
-0.926 -1.304 0.81199998 3
-0.88599998 -1.24 0.82499999 22
-0.83700001 -1.1670001 0.82200003 27
-3.0699999 -4.6009998 2.6459999 25
-0.91000003 -1.347 0.82800001 13
-0.85699999 -1.256 0.824 19
-0.81300002 -1.1849999 0.82300001 26
-2.954 -4.6690001 2.652 24
-0.875 -1.362 0.82599998 21
-0.82099998 -1.2640001 0.81800002 8
-0.78600001 -1.201 0.82200003 22
-2.8280001 -4.717 2.648 24
-0.83600003 -1.37 0.82099998 10
-0.78200001 -1.263 0.80800003 2
-0.759 -1.214 0.82099998 23
-2.7090001 -4.7740002 2.651 24
-0.79799998 -1.378 0.81599998 1
-0.77200001 -1.312 0.82800001 9
-0.73500001 -1.234 0.824 22
-2.5810001 -4.8169999 2.6489999 19
-2.48 -4.52 2.6489999 32
-0.74199998 -1.327 0.829 18
-0.704 -1.24 0.81800002 11
-1.872 -3.704 2.0179999 0
-2.3659999 -4.559 2.6459999 32
-0.71100003 -1.339 0.82700002 19
-0.66900003 -1.24 0.80900002 3
0 0 0 0
-2.257 -4.605 2.6470001 31
-0.67400002 -1.341 0.81999999 8
-0.648 -1.2640001 0.81599998 4
0 0 0 0
0 0 0 0
-2.0799999 -4.375 2.6500001 31
-0.62800002 -1.293 0.82599998 13
-2.0910001 -5.0019999 2.6630001 3
-2.0369999 -4.6919999 2.6530001 2
-1.98 -4.4120002 2.6489999 18
-0.60000002 -1.3049999 0.82499999 21
-1.971 -5.052 2.6719999 21
-1.464 -3.5969999 2.0190001 0
-1.883 -4.4590001 2.655 30
-0.56800002 -1.307 0.81900001 12
-0.43000001 -1.1849999 0.62300003 0
-1.367 -3.5929999 2.0020001 1
-1.786 -4.5050001 2.661 29
-0.54400003 -1.329 0.82499999 8
-0.391 -1.164 0.60900003 1
-1.2819999 -3.618 2.0039999 1
-1.679 -4.5229998 2.651 25
-1.651 -4.289 2.642 27
-0.36500001 -1.1799999 0.61500001 3
-1.189 -3.618 1.993 0
-1.577 -4.553 2.651 25
-1.558 -4.3169999 2.6389999 18
0 0 0 0
-1.477 -4.868 2.668 19
-1.474 -4.5809999 2.651 15
-1.47 -4.362 2.6459999 29
0 0 0 0
-1.363 -4.8979998 2.6719999 27
-1.0420001 -3.5050001 2.017 0
-1.377 -4.3940001 2.648 26
-0.26899999 -1.161 0.60000002 1
-1.248 -4.9200001 2.674 27
-0.95599997 -3.4960001 2 1
-1.279 -4.4070001 2.638 26
-0.241 -1.161 0.59899998 1
-1.131 -4.9310002 2.671 19
-0.87800002 -3.5139999 2.0009999 2
-1.193 -4.4660001 2.658 25
-0.213 -1.169 0.602 0
-0.23199999 -1.1289999 0.61000001 1
-0.79699999 -3.517 1.994 1
-1.096 -4.4850001 2.654 19
-0.18700001 -1.186 0.611 0
-0.207 -1.143 0.616 0
-0.96700001 -4.7529998 2.684 16
-0.76700002 -3.4590001 2.036 0
-0.156 -1.168 0.602 0
-0.182 -1.153 0.62 4
-0.86000001 -4.7610002 2.6800001 27
-0.685 -3.4360001 2.013 1
-0.125 -1.138 0.58600003 0
-0.152 -1.135 0.61000001 0
-0.75300002 -4.7740002 2.6800001 28
-0.60799998 -3.427 1.999 5
-0.44800001 -5.223 2.697 3
-0.125 -1.125 0.60399997 3
-0.648 -4.7880001 2.681 28
-0.53500003 -3.4419999 2 5
-0.324 -5.2119999 2.6960001 5
-0.1 -1.137 0.61000001 0
-0.542 -4.803 2.684 29
-0.45899999 -3.4360001 1.99 3
-0.198 -5.1750002 2.684 6
-0.071999997 -1.117 0.60000002 2
-0.435 -4.803 2.6800001 28
-0.38299999 -3.4300001 1.98 1
-0.075999998 -5.1900001 2.6989999 1
-0.046999998 -1.126 0.60500002 0
0 0 0 0
-0.419 -4.645 2.674 19
0.045000002 -5.1690001 2.697 7
0 0 0 0
-0.050999999 -1.113 0.62 0
-0.31799999 -4.6459999 2.6689999 29
0.16500001 -5.1269999 2.687 7
0.003 -1.126 0.60699999 0
0 0 0 0
-0.21799999 -4.6430001 2.6619999 38
0.287 -5.1290002 2.701 11
0 0 0 0
-0.0020000001 -1.1 0.61299998 0
0 0 0 0
0.40599999 -5.1030002 2.701 10
0.054000001 -1.118 0.60699999 0
0.022 -1.104 0.616 0
-0.017999999 -4.6830001 2.6789999 4
0.523 -5.0689998 2.6989999 10
0 0 0 0
0.045000002 -1.087 0.60699999 1
0.081 -4.6609998 2.665 40
0.64099997 -5.0500002 2.7060001 10
0.105 -1.117 0.61000001 0
0.07 -1.092 0.611 0
0.18099999 -4.658 2.6630001 40
0.755 -5.0029998 2.6989999 10
0 0 0 0
0.093999997 -1.0880001 0.61000001 1
0.28299999 -4.6680002 2.6700001 29
0.86900002 -4.967 2.7 10
0.155 -1.1 0.60699999 0
0.117 -1.0779999 0.60600001 0
0 0 0 0
0.98100001 -4.9229999 2.698 11
0 0 0 0
0.141 -1.079 0.60799998 0
0.113 -1.089 0.62400001 0
1.09 -4.8779998 2.6960001 11
0.20100001 -1.075 0.60000002 2
0.16500001 -1.076 0.60900003 0
0 0 0 0
1.197 -4.8239999 2.6900001 6
0.227 -1.075 0.60399997 0
0.189 -1.071 0.60900003 0
0.15899999 -1.076 0.61900002 0
0 0 0 0
0 0 0 0
0.20999999 -1.056 0.60299999 0
0.18099999 -1.066 0.61400002 0
0.31099999 -1.045 0.59500003 0
0.27700001 -1.072 0.611 0
0.235 -1.057 0.60699999 0
0.204 -1.062 0.61400002 0
0.34400001 -1.064 0.61199999 2
0 0 0 0
0.25799999 -1.049 0.60500002 0
0.228 -1.061 0.616 1
0 0 0 0
0.32300001 -1.05 0.60900003 0
0.28200001 -1.0470001 0.60799998 0
0.252 -1.057 0.616 1
0.391 -1.041 0.61299998 0
0 0 0 0
0.30599999 -1.044 0.61000001 1
0.27500001 -1.054 0.61699998 1
0 0 0 0
0.366 -1.024 0.60500002 0
0.32800001 -1.034 0.60900003 1
0.29800001 -1.0470001 0.61500001 1
0.417 -0.972 0.58700001 8
0.37599999 -0.98000002 0.58499998 0
0.354 -1.033 0.61299998 0
0.31999999 -1.038 0.61299998 1
0.43599999 -0.95499998 0.58499998 10
0.40599999 -0.99000001 0.597 0
0.377 -1.026 0.61299998 0
0.34400001 -1.035 0.61500001 1
0.46200001 -0.954 0.59200001 10
0.41999999 -0.96100003 0.58700001 9
0.38999999 -0.99400002 0.60000002 0
0.36899999 -1.034 0.61900002 0
0.48800001 -0.94999999 0.59899998 5
0.43900001 -0.94700003 0.58499998 8
0.40900001 -0.977 0.59500003 4
0 0 0 0
0.51499999 -0.94999999 0.60799998 2
0.463 -0.94199997 0.58999997 8
0.426 -0.958 0.58899999 9
0.40900001 -1.003 0.60900003 0
0.54699999 -0.95499998 0.62199998 0
0.498 -0.95700002 0.60699999 1
0.44800001 -0.94999999 0.58999997 8
0 0 0 0
0 0 0 0
0.52100003 -0.949 0.61000001 2
0.472 -0.94599998 0.59399998 6
0.43900001 -0.954 0.58899999 10
0 0 0 0
0.56099999 -0.97000003 0.63300002 0
0.50700003 -0.96200001 0.611 2
0.46200001 -0.949 0.59100002 10
0.64700001 -0.97000003 0.66500002 0
0 0 0 0
0.53100002 -0.95499998 0.61500001 1
0.486 -0.94499999 0.59399998 4
2.0120001 -2.8699999 2.007 5
0 0 0 0
0.55400002 -0.94700003 0.61699998 0
0.51899999 -0.95700002 0.60799998 2
2.724 -3.704 2.642 25
0.64300001 -0.95599997 0.65399998 0
0 0 0 0
0.54699999 -0.95700002 0.61500001 0
2.7869999 -3.615 2.632 37
2.0239999 -2.8699999 1.998 6
0 0 0 0
0 0 0 0
2.858 -3.5380001 2.631 38
2.099 -2.8380001 2.0120001 0
0.648 -0.95499998 0.64899999 0
2.546 -4.0289998 2.6530001 3
2.9230001 -3.4560001 2.6270001 37
2.812 -3.6289999 2.6210001 40
2.0439999 -2.869 1.982 6
0.63999999 -0.96499997 0.64399999 3
2.99 -3.3770001 2.6259999 40
2.8889999 -3.5610001 2.622 42
2.125 -2.8469999 2 5
0 0 0 0
0.95599997 -1.033 0.82200003 4
2.9590001 -3.4849999 2.619 47
2.8729999 -3.675 2.6259999 27
0 0 0 0
0.98500001 -1.017 0.829 21
3.026 -3.4059999 2.6140001 44
2.9560001 -3.612 2.6270001 40
2.1789999 -2.852 1.988 5
1.002 -0.98900002 0.82700002 20
3.0929999 -3.329 2.6110001 43
3.029 -3.5369999 2.622 42
2.2590001 -2.822 1.999 5
1.023 -0.96499997 0.829 14
0.99299997 -1.021 0.81999999 9
3.0999999 -3.461 2.6159999 43
2.3429999 -2.7980001 2.0150001 0
1.023 -0.92299998 0.81400001 3
1.018 -1.002 0.82300001 21
3.177 -3.3900001 2.6159999 44
3.1370001 -3.579 2.625 36
1.036 -0.89399999 0.81199998 6
1.039 -0.97799999 0.824 21
3.2509999 -3.3169999 2.615 39
3.2190001 -3.51 2.6229999 42
1.0599999 -0.87400001 0.81800002 16
1.058 -0.95200002 0.82300001 12
1.041 -1.016 0.81900001 9
3.3010001 -3.4419999 2.6240001 41
1.082 -0.852 0.82200003 22
1.0470001 -0.90100002 0.80000001 3
1.0650001 -0.99299997 0.81999999 21
3.3829999 -3.3729999 2.6240001 39
1.0880001 -0.81900001 0.815 20
1.08 -0.88800001 0.81099999 7
1.09 -0.972 0.82200003 24
3.4549999 -3.2920001 2.618 41
1.104 -0.79299998 0.81599998 21
1.112 -0.87300003 0.82099998 19
1.113 -0.949 0.824 13
1.1 -1.002 0.815 5
1.12 -0.76700002 0.81699997 22
1.127 -0.84500003 0.81900001 21
1.117 -0.91000003 0.81099999 4
1.13 -0.98299998 0.81900001 19
1.145 -0.74800003 0.82499999 28
1.145 -0.81900001 0.81999999 21
1.135 -0.88300002 0.81 7
1.155 -0.96100003 0.82099998 23
1.176 -0.73100001 0.838 22
1.1569999 -0.79000002 0.81699997 24
1.166 -0.866 0.81800002 17
1.177 -0.93400002 0.81999999 18
1.2130001 -0.71700001 0.85500002 7
1.1670001 -0.759 0.81300002 23
1.186 -0.83899999 0.81800002 21
1.193 -0.90399998 0.81599998 7
3.727 -2.0969999 2.6029999 46
1.1950001 -0.74000001 0.82200003 25
1.2 -0.81 0.815 21
1.199 -0.866 0.80500001 3
3.763 -2.01 2.6029999 44
1.2309999 -0.72500002 0.83700001 23
1.215 -0.78100002 0.81300002 23
1.235 -0.85000002 0.81599998 12
3.7869999 -1.916 2.596 47
1.261 -0.70499998 0.847 7
1.232 -0.75300002 0.81300002 23
1.255 -0.82200003 0.815 18
3.8110001 -1.825 2.592 49
3.892 -2.066 2.5880001 49
1.26 -0.73199999 0.81999999 25
1.277 -0.796 0.81599998 23
3.839 -1.737 2.5910001 49
3.9319999 -1.976 2.5880001 50
1.2970001 -0.71499997 0.83399999 21
1.288 -0.76200002 0.81099999 20
3.8629999 -1.647 2.589 50
3.961 -1.882 2.582 47
1.336 -0.69700003 0.84799999 7
1.311 -0.736 0.81400001 21
3.8770001 -1.554 2.5810001 51
4.0040002 -1.795 2.5869999 50
4.1139998 -2.0320001 2.5840001 44
1.334 -0.70899999 0.81699997 24
3.8989999 -1.465 2.579 50
4.033 -1.701 2.5840001 49
4.1560001 -1.937 2.582 40
1.38 -0.69400001 0.83399999 26
3.914 -1.374 2.576 51
4.0560002 -1.6059999 2.5780001 55
4.198 -1.842 2.582 47
1.421 -0.67400002 0.84799999 6
3.925 -1.283 2.5699999 49
4.085 -1.5140001 2.5780001 50
4.2270002 -1.743 2.5739999 47
4.3839998 -1.959 2.5869999 49
3.9430001 -1.196 2.5699999 50
4.1040001 -1.418 2.572 51
4.2649999 -1.647 2.5739999 53
4.4359999 -1.86 2.589 50
3.9619999 -1.109 2.5710001 49
4.1279998 -1.325 2.5710001 48
4.2919998 -1.5470001 2.569 54
4.4689999 -1.755 2.582 54
3.957 -1.016 2.5580001 46
4.151 -1.232 2.5699999 49
4.3249998 -1.449 2.5680001 61
4.506 -1.651 2.5780001 57
2.1040001 -0.49200001 1.3559999 4
4.1560001 -1.1339999 2.5599999 57
4.348 -1.348 2.563 59
4.552 -1.549 2.5810001 57
2.122 -0.44800001 1.364 18
4.1700001 -1.039 2.5569999 60
4.3629999 -1.245 2.5550001 63
4.5770001 -1.441 2.573 57
2.1389999 -0.40400001 1.372 19
4.1810002 -0.94499999 2.553 62
4.388 -1.146 2.553 60
4.6009998 -1.332 2.566 53
3.6600001 -0.61000001 2.3429999 52
4.1869998 -0.84899998 2.5469999 63
4.395 -1.0420001 2.5439999 55
4.6409998 -1.228 2.569 48
2.408 -0.34799999 1.538 19
4.1570001 -0.74800003 2.52 59
4.4260001 -0.94300002 2.5480001 59
4.6599998 -1.118 2.563 53
3.6630001 -0.44999999 2.3380001 49
2.3099999 -0.36300001 1.396 20
4.428 -0.83899999 2.5380001 53
4.6890001 -1.011 2.5639999 55
3.664 -0.37099999 2.3380001 51
2.355 -0.317 1.42 12
4.454 -0.74000001 2.543 27
4.704 -0.89899999 2.5569999 55
3.6370001 -0.28999999 2.3199999 56
3.869 -0.43399999 2.3299999 53
2.3729999 -0.33899999 1.35 54
2.3139999 -0.38699999 1.252 22
3.6140001 -0.211 2.306 44
2.8729999 -0.25799999 1.728 7
4.0929999 -0.49000001 2.322 52
2.3610001 -0.33899999 1.272 150
3.5280001 -0.13 2.2520001 45
3.017 -0.204 1.813 5
4.1079998 -0.39700001 2.325 53
4.3600001 -0.52200001 2.3399999 44
3.638 -0.057 2.325 58
3.872 -0.177 2.326 53
4.1589999 -0.30700001 2.3499999 11
4.362 -0.419 2.3340001 49
3.622 0.02 2.3180001 56
3.829 -0.090000004 2.3 54
4.1240001 -0.20999999 2.3269999 58
3.086 -0.22400001 1.647 27
3.6129999 0.097000003 2.3169999 58
3.8540001 -0.0060000001 2.316 56
4.1139998 -0.116 2.3199999 57
4.3850002 -0.215 2.336 50
3.6040001 0.17299999 2.316 56
3.835 0.078000002 2.3080001 55
4.1040001 -0.022 2.313 59
4.381 -0.112 2.3299999 52
3.5829999 0.249 2.309 56
3.825 0.162 2.3050001 55
4.0949998 0.071000002 2.309 58
4.3720002 -0.0099999998 2.3239999 51
3.5669999 0.32300001 2.3050001 57
3.813 0.24600001 2.302 57
4.0739999 0.163 2.3 57
4.3610001 0.090999998 2.3180001 51
3.549 0.39700001 2.3010001 57
3.7950001 0.32800001 2.2969999 57
4.0689998 0.25600001 2.299 57
4.3520002 0.193 2.3139999 51
3.53 0.47099999 2.2980001 59
3.7839999 0.412 2.2969999 58
4.0479999 0.34799999 2.2920001 58
4.3210001 0.294 2.3 52
3.5079999 0.54400003 2.293 57
3.7650001 0.49399999 2.293 59
4.0240002 0.43900001 2.2839999 58
4.3189998 0.39700001 2.3039999 57
3.4860001 0.616 2.289 57
3.74 0.57499999 2.2869999 65
4.0149999 0.53100002 2.286 59
4.2919998 0.49700001 2.2939999 58
3.4579999 0.68699998 2.283 60
3.7149999 0.65499997 2.2809999 58
3.9960001 0.62199998 2.2839999 58
4.2789998 0.597 2.293 60
3.441 0.759 2.283 59
3.7019999 0.73699999 2.2850001 62
3.9619999 0.70899999 2.2739999 57
4.2540002 0.69700003 2.2880001 62
3.4200001 0.82999998 2.2820001 60
3.675 0.81599998 2.279 55
3.95 0.801 2.277 58
4.223 0.79500002 2.2809999 59
3.3970001 0.90100002 2.2809999 58
3.641 0.89300001 2.2720001 62
3.918 0.88800001 2.27 57
4.2030001 0.89399999 2.28 59
3.3659999 0.96899998 2.276 58
3.6110001 0.97100002 2.267 64
3.888 0.97600001 2.266 57
4.1700001 0.99000001 2.2750001 59
3.3380001 1.0369999 2.273 58
3.5840001 1.049 2.266 59
3.8610001 1.064 2.2650001 58
4.1409998 1.0880001 2.273 60
3.3080001 1.105 2.2690001 55
3.5539999 1.125 2.263 63
3.829 1.15 2.2620001 58
4.1059999 1.184 2.2690001 58
3.28 1.173 2.2679999 55
3.5190001 1.2 2.2579999 64
3.793 1.234 2.2579999 57
4.0700002 1.278 2.266 59
3.2490001 1.24 2.266 59
3.487 1.276 2.257 59
3.7579999 1.3200001 2.2550001 59
4.033 1.372 2.263 61
3.211 1.303 2.2579999 55
3.4560001 1.351 2.257 60
3.723 1.403 2.253 57
3.9860001 1.4630001 2.257 62
3.1830001 1.369 2.2590001 54
3.4189999 1.424 2.253 61
3.674 1.482 2.2449999 56
3.9519999 1.558 2.2590001 64
3.1489999 1.434 2.257 57
3.3789999 1.4960001 2.2490001 62
3.638 1.567 2.247 56
3.9000001 1.647 2.253 62
3.112 1.497 2.2539999 56
3.342 1.569 2.2490001 62
3.592 1.646 2.2409999 56
0 0 0 0
3.079 1.562 2.2550001 56
3.299 1.638 2.244 61
3.539 1.721 2.234 56
0.82999998 0.39700001 0.49000001 7
3.0439999 1.626 2.2550001 57
3.257 1.7079999 2.2420001 58
3.4979999 1.802 2.2349999 56
3.7520001 1.91 2.244 9
3.0009999 1.684 2.2479999 56
3.22 1.779 2.244 60
3.4519999 1.88 2.234 55
3.6889999 1.989 2.2349999 61
2.961 1.744 2.2460001 61
3.1730001 1.846 2.24 63
3.401 1.954 2.2309999 55
3.6400001 2.0769999 2.237 58
2.9230001 1.8049999 2.2449999 58
3.125 1.9119999 2.2360001 54
3.3529999 2.0309999 2.23 56
3.585 2.1600001 2.2360001 56
2.8770001 1.862 2.24 59
3.082 1.98 2.237 54
3.2939999 2.102 2.2260001 56
3.5209999 2.2390001 2.2309999 54
2.8369999 1.9220001 2.2409999 59
3.0339999 2.0450001 2.2349999 58
3.24 2.174 2.224 55
3.4590001 2.3180001 2.2290001 58
2.793 1.978 2.2379999 54
2.983 2.108 2.233 54
3.1889999 2.247 2.2249999 55
3.3940001 2.3929999 2.2249999 56
2.7449999 2.0320001 2.233 53
2.931 2.1700001 2.23 58
3.1259999 2.313 2.22 55
3.3310001 2.47 2.2249999 55
2.6989999 2.0880001 2.2309999 54
2.881 2.233 2.23 57
3.0710001 2.3840001 2.22 55
3.2679999 2.5469999 2.2249999 55
2.655 2.1440001 2.2309999 54
2.823 2.29 2.224 57
3.0150001 2.454 2.2219999 55
3.207 2.6259999 2.2290001 35
2.609 2.2 2.23 54
2.7739999 2.3529999 2.2260001 61
2.9519999 2.5179999 2.22 51
3.132 2.6919999 2.223 35
2.5650001 2.256 2.2320001 56
2.72 2.4119999 2.2249999 59
2.8859999 2.5799999 2.2160001 51
3.066 2.7650001 2.2249999 36
2.5150001 2.3069999 2.2290001 53
2.6570001 2.464 2.2190001 56
2.8199999 2.6400001 2.2130001 53
2.9890001 2.829 2.2219999 38
2.4619999 2.355 2.2249999 57
2.602 2.5220001 2.22 59
2.7550001 2.701 2.2130001 54
2.9130001 2.892 2.2190001 38
2.4159999 2.411 2.2279999 53
2.5439999 2.576 2.2190001 57
2.6830001 2.7550001 2.2079999 54
2.8410001 2.9590001 2.221 41
2.3610001 2.457 2.224 56
2.4809999 2.628 2.2160001 57
2.6159999 2.8139999 2.2079999 54
2.753 3.0090001 2.211 55
2.3080001 2.506 2.2219999 55
2.4230001 2.681 2.2160001 58
2.5450001 2.868 2.2060001 53
2.6730001 3.066 2.2090001 55
2.2550001 2.5539999 2.221 55
2.359 2.73 2.2130001 61
2.473 2.9189999 2.2030001 53
2.5910001 3.1199999 2.2060001 58
2.2 2.6010001 2.22 57
2.2909999 2.7720001 2.2060001 61
2.402 2.973 2.204 53
2.5079999 3.1719999 2.2030001 59
2.142 2.6429999 2.2160001 52
2.2360001 2.8310001 2.2130001 54
2.3280001 3.0209999 2.201 53
2.421 3.2190001 2.1989999 59
2.0869999 2.6889999 2.2160001 60
2.1630001 2.8670001 2.2049999 56
2.253 3.0680001 2.198 53
2.339 3.2690001 2.1989999 59
2.03 2.7320001 2.214 58
2.098 2.9130001 2.204 58
2.1789999 3.115 2.198 52
2.2539999 3.3150001 2.1960001 58
1.97 2.7739999 2.2119999 53
2.033 2.9579999 2.204 56
2.099 3.155 2.194 52
2.165 3.3540001 2.1919999 58
1.913 2.8169999 2.2119999 58
1.965 3 2.2030001 58
2.0209999 3.1960001 2.1919999 52
2.079 3.398 2.191 54
1.85 2.852 2.207 56
1.8940001 3.036 2.198 55
1.943 3.2360001 2.1900001 52
1.99 3.4360001 2.1889999 57
1.79 2.892 2.2060001 53
1.826 3.0769999 2.1989999 58
1.862 3.27 2.1860001 52
1.899 3.4679999 2.184 56
1.729 2.931 2.2060001 54
1.757 3.1159999 2.1989999 58
1.7819999 3.3050001 2.1849999 52
1.812 3.5050001 2.184 52
1.6670001 2.9679999 2.204 55
1.682 3.145 2.1930001 56
1.7029999 3.3440001 2.1860001 52
1.719 3.5339999 2.181 54
1.603 3.0020001 2.2019999 56
1.6109999 3.181 2.1930001 55
1.6210001 3.3729999 2.1830001 51
1.628 3.562 2.1789999 54
1.538 3.0339999 2.1989999 52
1.54 3.2160001 2.194 56
1.5369999 3.3989999 2.1789999 51
1.541 3.598 2.1819999 53
1.473 3.0650001 2.197 55
1.4680001 3.247 2.1919999 55
1.4579999 3.431 2.1800001 49
1.447 3.6140001 2.175 43
1.4069999 3.0940001 2.194 52
1.395 3.2780001 2.1930001 55
1.374 3.4549999 2.178 50
1.359 3.6459999 2.1800001 54
1.3430001 3.1289999 2.1949999 53
1.318 3.299 2.187 52
1.289 3.4749999 2.174 50
1.266 3.6630001 2.177 54
1.276 3.158 2.194 54
1.242 3.3210001 2.1830001 53
1.2079999 3.503 2.1760001 50
1.1720001 3.6760001 2.1730001 53
1.207 3.181 2.1900001 52
1.168 3.3510001 2.1860001 49
1.124 3.5209999 2.174 50
1.08 3.6919999 2.1719999 53
1.14 3.21 2.1900001 56
1.09 3.3670001 2.181 49
1.039 3.5369999 2.1719999 50
0.99000001 3.7130001 2.1760001 54
1.071 3.2360001 2.1889999 52
1.0140001 3.3889999 2.1800001 51
0.95700002 3.5580001 2.174 50
0.89999998 3.7290001 2.177 56
1.002 3.2579999 2.187 52
0.94 3.415 2.1830001 53
0.87300003 3.576 2.1760001 50
0.80299997 3.714 2.1619999 41
0.93300003 3.28 2.1849999 51
0.86199999 3.428 2.1789999 47
0.787 3.579 2.1689999 50
0.71399999 3.734 2.1700001 52
0.86199999 3.2980001 2.1819999 51
0.78299999 3.437 2.174 50
0.70300001 3.5940001 2.171 50
0.62300003 3.74 2.1700001 51
0.79100001 3.319 2.181 51
0.70599997 3.454 2.174 53
0.616 3.599 2.1689999 49
0.52899998 3.734 2.1659999 53
0.71899998 3.3399999 2.1830001 52
0.62800002 3.4660001 2.174 50
0.53200001 3.605 2.168 49
0.43799999 3.7409999 2.1689999 56
0.64700001 3.3510001 2.178 52
0.55000001 3.4790001 2.174 50
0.44800001 3.6099999 2.168 49
0.34799999 3.7409999 2.1700001 56
0.57499999 3.368 2.177 53
0.47299999 3.4909999 2.175 52
0.36399999 3.612 2.1670001 49
0.259 3.7320001 2.1670001 57
0.50300002 3.3840001 2.177 54
0.39399999 3.4949999 2.1719999 55
0.27900001 3.612 2.1659999 49
0.169 3.7279999 2.168 55
0.43000001 3.392 2.1730001 53
0.315 3.5 2.1700001 51
0.19499999 3.615 2.1689999 48
0.079000004 3.717 2.1670001 55
0.35600001 3.405 2.174 54
0.237 3.5090001 2.1730001 47
0.111 3.6029999 2.1630001 50
-0.0080000004 3.7049999 2.1659999 56
0.28200001 3.4189999 2.1760001 52
0.15700001 3.507 2.1700001 56
0.027000001 3.5999999 2.165 50
-0.097999997 3.691 2.1670001 56
0.207 3.4189999 2.1700001 54
0.078000002 3.506 2.1689999 54
-0.056000002 3.5910001 2.164 48
-0.185 3.6760001 2.1670001 54
0.133 3.4330001 2.174 55
0 3.5079999 2.1700001 53
-0.13699999 3.576 2.1589999 49
-0.271 3.655 2.164 55
0.059 3.4319999 2.1689999 52
-0.077 3.4990001 2.165 55
-0.22 3.5699999 2.1619999 49
-0.35699999 3.635 2.164 55
-0.016000001 3.4349999 2.168 52
-0.156 3.4979999 2.1670001 57
-0.303 3.562 2.165 48
-0.442 3.615 2.164 54
-0.090999998 3.4349999 2.1659999 52
-0.235 3.497 2.1700001 55
-0.38499999 3.549 2.1659999 48
-0.52600002 3.592 2.165 55
-0.16599999 3.4430001 2.1700001 52
-0.31400001 3.493 2.1719999 55
-0.465 3.523 2.161 48
-0.611 3.5669999 2.1659999 55
-0.243 3.441 2.1700001 53
-0.39199999 3.474 2.1670001 54
-0.546 3.5090001 2.165 53
-0.69199997 3.5339999 2.1630001 54
-0.31900001 3.4360001 2.168 52
-0.47 3.4679999 2.1689999 57
-0.62699997 3.49 2.1659999 50
-0.773 3.5079999 2.165 55
-0.39399999 3.434 2.168 53
-0.54699999 3.4530001 2.1670001 54
-0.704 3.4660001 2.164 51
-0.85500002 3.484 2.1689999 54
-0.46900001 3.4230001 2.165 53
-0.62300003 3.4330001 2.164 58
-0.78399998 3.4460001 2.1659999 56
-0.935 3.4549999 2.171 54
-0.54500002 3.4130001 2.1630001 54
-0.70200002 3.427 2.171 57
-0.86299998 3.4260001 2.1700001 52
-1.012 3.418 2.1700001 53
-0.62199998 3.4100001 2.1670001 53
-0.77899998 3.411 2.1719999 58
-0.93900001 3.3940001 2.168 50
-1.091 3.388 2.175 55
-0.69800001 3.3959999 2.165 53
-0.85699999 3.3889999 2.1719999 56
-1.0190001 3.375 2.175 55
-1.169 3.3529999 2.178 54
-0.77399999 3.3840001 2.165 52
-0.935 3.375 2.1760001 53
-1.094 3.3429999 2.175 56
-1.242 3.3080001 2.175 53
-0.85299999 3.382 2.174 54
-1.01 3.3529999 2.177 56
-1.171 3.3150001 2.1789999 56
-1.3150001 3.267 2.1760001 57
-0.92900002 3.365 2.1730001 52
-1.085 3.323 2.175 57
-1.238 3.263 2.1670001 50
-1.3890001 3.23 2.1789999 54
-1.003 3.345 2.1700001 54
-1.16 3.3050001 2.1789999 55
-1.313 3.2360001 2.1730001 54
-1.461 3.1900001 2.1830001 52
-1.08 3.329 2.1730001 53
-1.227 3.256 2.1659999 54
-1.3890001 3.21 2.181 52
-1.533 3.148 2.187 52
-1.156 3.312 2.175 54
-1.302 3.23 2.1700001 59
-1.4630001 3.177 2.1849999 55
-1.602 3.102 2.188 53
-1.226 3.2739999 2.165 55
-1.382 3.217 2.1819999 55
-1.534 3.1389999 2.188 53
-1.6670001 3.05 2.1860001 52
-1.3049999 3.2609999 2.1730001 54
-1.456 3.188 2.1849999 59
-1.605 3.0999999 2.191 54
-1.734 3.003 2.1900001 52
-1.382 3.2409999 2.178 54
-1.527 3.1530001 2.1860001 50
-1.675 3.0610001 2.1949999 53
-1.799 2.9530001 2.191 52
-1.46 3.221 2.184 54
-1.601 3.122 2.191 54
-1.738 3.0090001 2.191 50
-1.865 2.9059999 2.1960001 52
-1.534 3.1900001 2.1830001 53
-1.6670001 3.0769999 2.1860001 53
-1.801 2.9590001 2.1889999 49
-1.928 2.855 2.2 55
-1.607 3.1589999 2.184 54
-1.738 3.04 2.1889999 51
-1.872 2.9219999 2.198 48
-1.99 2.803 2.2030001 53
-1.679 3.122 2.1830001 54
-1.811 3.007 2.1960001 52
-1.936 2.8740001 2.2 50
-2.0450001 2.743 2.2019999 51
-1.758 3.098 2.191 55
-1.878 2.9630001 2.1960001 50
-1.997 2.8210001 2.2 49
-2.1029999 2.688 2.204 54
-1.8279999 3.0599999 2.191 54
-1.943 2.9159999 2.1949999 53
-2.062 2.776 2.2049999 46
-2.1589999 2.6300001 2.2060001 58
-1.898 3.0190001 2.1889999 54
-2.0120001 2.8759999 2.201 55
-2.1199999 2.721 2.2049999 47
-2.211 2.569 2.2060001 53
-1.97 2.98 2.1919999 54
-2.0769999 2.829 2.2019999 49
-2.1789999 2.668 2.207 49
-2.267 2.5150001 2.2119999 53
-2.0420001 2.9419999 2.1949999 56
-2.1400001 2.78 2.2030001 50
-2.2379999 2.615 2.211 49
-2.3180001 2.454 2.214 55
-2.115 2.904 2.2 53
-2.2049999 2.734 2.207 53
-2.2939999 2.559 2.2130001 51
-2.3670001 2.392 2.2149999 53
-2.1849999 2.8599999 2.2030001 55
-2.2639999 2.6789999 2.2049999 49
-2.349 2.5020001 2.2149999 53
-2.415 2.3310001 2.2179999 55
-2.253 2.8139999 2.204 56
-2.326 2.628 2.2090001 52
-2.4030001 2.4449999 2.2179999 53
-2.4649999 2.2709999 2.2219999 53
-2.3199999 2.766 2.2060001 54
-2.3859999 2.575 2.211 54
-2.454 2.3859999 2.2190001 54
-2.507 2.2049999 2.2219999 54
-2.3889999 2.7179999 2.21 54
-2.4430001 2.5190001 2.2119999 54
-2.5039999 2.3239999 2.22 50
-2.5539999 2.1440001 2.2279999 52
-2.45 2.6630001 2.2090001 54
-2.5020001 2.464 2.2149999 57
-2.5580001 2.267 2.2260001 53
-2.585 2.0699999 2.221 82
-2.5109999 2.6070001 2.2079999 54
-2.5580001 2.4059999 2.217 58
-2.6070001 2.207 2.23 58
-2.425 1.853 2.0539999 49
-2.575 2.553 2.211 30
-2.6159999 2.3510001 2.223 56
-2.461 1.989 2.0710001 53
-2.4030001 1.75 2.0079999 51
-2.6429999 2.5020001 2.2179999 55
-2.5050001 2.1489999 2.0880001 99
-2.4419999 1.882 2.023 50
-2.3889999 1.658 1.971 57
-2.527 2.2839999 2.0739999 67
-2.4590001 2.0139999 2.013 45
-2.414 1.774 1.971 43
-2.368 1.564 1.931 43
-2.4860001 2.145 1.999 45
-2.4389999 1.906 1.961 43
-2.3929999 1.676 1.926 47
-2.3540001 1.479 1.899 43
-2.4630001 2.0280001 1.941 43
-2.4130001 1.7970001 1.909 50
-2.3859999 1.592 1.895 52
-2.3329999 1.393 1.863 49
-2.431 1.909 1.88 45
-2.3940001 1.7 1.865 52
-2.3629999 1.499 1.853 43
-2.316 1.312 1.831 53
-2.4189999 1.8099999 1.837 48
-2.3770001 1.607 1.824 42
-2.3440001 1.414 1.818 46
-2.303 1.2359999 1.804 52
-2.4000001 1.711 1.7920001 41
-2.3710001 1.525 1.794 31
-2.3940001 1.37 1.836 7
-2.4300001 1.234 1.8890001 4
-2.5209999 1.711 1.852 3
-2.487 1.52 1.857 5
-2.4449999 1.326 1.8559999 5
-2.424 1.163 1.869 3
-2.49 1.6059999 1.801 7
-2.454 1.424 1.809 7
-2.4230001 1.244 1.821 9
-2.4489999 1.108 1.875 30
-2.494 1.528 1.777 7
-2.451 1.347 1.786 9
-2.418 1.173 1.801 8
-2.437 1.0369999 1.855 28
-2.47 1.4349999 1.735 11
-2.434 1.266 1.7539999 10
-2.457 1.124 1.8150001 29
-2.424 0.96700001 1.8329999 28
-2.4590001 1.353 1.705 9
-2.411 1.184 1.719 9
-3.0769999 1.323 2.256 67
-2.457 0.917 1.849 19
-2.437 1.267 1.669 7
-3.181 1.473 2.2460001 46
-3.105 1.253 2.26 55
-2.543 0.884 1.905 11
-2.4089999 1.182 1.63 6
-3.2260001 1.404 2.256 60
-3.128 1.1799999 2.2620001 76
-2.5039999 0.80800003 1.867 11
-3.3469999 1.546 2.24 46
-3.2550001 1.329 2.257 50
-2.5580001 0.89899999 1.839 9
-2.4920001 0.74400002 1.852 29
-3.392 1.472 2.247 58
-3.279 1.251 2.256 51
-2.6470001 0.86400002 1.893 11
-2.6099999 0.71499997 1.934 29
-3.427 1.392 2.2479999 58
-3.3139999 1.178 2.2639999 58
-2.6630001 0.80299997 1.895 7
-2.7750001 0.69499999 2.05 28
-3.467 1.314 2.2539999 59
-2.694 0.88800001 1.8279999 7
-2.602 0.72000003 1.844 26
-3.0439999 0.69 2.2449999 84
-3.5009999 1.234 2.257 53
-2.7809999 0.84600002 1.876 12
-2.7179999 0.68699998 1.919 31
-3.089 0.62900001 2.2750001 73
-3.53 1.151 2.2590001 47
-2.832 0.79100001 1.9 7
-2.8710001 0.65700001 2.0209999 31
-3.092 0.55800003 2.2750001 74
-2.8640001 0.86000001 1.8200001 8
-2.7620001 0.70300001 1.844 23
-3.1900001 0.65399998 2.24 148
-3.099 0.48899999 2.2780001 68
-2.9679999 0.815 1.874 12
-2.865 0.65899998 1.905 34
-3.263 0.59299999 2.286 68
-3.0910001 0.41800001 2.2720001 58
-3.006 0.75 1.888 7
-3.0650001 0.63099998 2.03 32
-3.273 0.51899999 2.289 66
-3.0940001 0.34900001 2.2750001 59
-2.947 0.66100001 1.841 25
-3.4130001 0.62099999 2.2539999 107
-3.2750001 0.44400001 2.2880001 65
-3.098 0.28 2.279 57
-3.1040001 0.62 1.9299999 29
-3.46 0.54699999 2.279 60
-3.2809999 0.37 2.2909999 63
-3.098 0.211 2.283 60
-3.369 0.59100002 2.0880001 32
-3.4719999 0.46700001 2.2820001 62
-3.2809999 0.29499999 2.29 61
-3.099 0.14300001 2.2869999 60
-3.677 0.55500001 2.2709999 60
-3.4790001 0.38699999 2.2839999 60
-3.2839999 0.221 2.293 59
-3.102 0.075000003 2.2939999 48
-3.6949999 0.46799999 2.277 59
-3.4849999 0.30700001 2.286 60
-3.2850001 0.147 2.2969999 59
-3.1040001 0.0070000002 2.3010001 39
-3.7049999 0.38100001 2.279 59
-3.4909999 0.226 2.29 62
-3.2880001 0.072999999 2.302 56
-3.092 -0.059 2.299 38
-3.7119999 0.292 2.28 60
-3.4920001 0.145 2.2909999 60
-3.2920001 0 2.309 43
-3.086 -0.126 2.302 38
-3.724 0.204 2.286 60
-3.497 0.064000003 2.296 58
-3.2820001 -0.072999999 2.3080001 44
-3.079 -0.19400001 2.306 38
-3.727 0.116 2.2869999 60
-3.4960001 -0.016000001 2.299 56
-3.277 -0.147 2.3110001 44
-3.056 -0.259 2.2980001 38
-3.7349999 0.027000001 2.2939999 58
-3.4920001 -0.096000001 2.3 61
-3.267 -0.22 2.312 45
-1.648 -0.176 1.245 1
-1.723 -0.028000001 1.059 41
-1.688 -0.085000001 1.114 24
-3.2590001 -0.292 2.3150001 45
-1.609 -0.207 1.222 22
-1.684 -0.067000002 1.0369999 42
-1.655 -0.122 1.096 22
-3.25 -0.36500001 2.3180001 46
-1.58 -0.23800001 1.207 42
-1.649 -0.106 1.018 55
-1.636 -0.15899999 1.0880001 26
-1.655 -0.223 1.186 24
-1.574 -0.27200001 1.209 44
-1.604 -0.141 0.99400002 32
-1.626 -0.19599999 1.085 29
-1.638 -0.25799999 1.1799999 44
-1.594 -0.31099999 1.233 21
-1.59 -0.178 0.98900002 41
-1.614 -0.233 1.082 34
-1.636 -0.296 1.186 38
-2.9690001 -0.64700001 2.3110001 62
-1.586 -0.21600001 0.99000001 44
-1.608 -0.27000001 1.084 32
-1.642 -0.33500001 1.198 5
-2.9579999 -0.71100003 2.319 62
-1.577 -0.25400001 0.99000001 38
-1.6059999 -0.308 1.089 29
-3.164 -0.71899998 2.3239999 62
-2.931 -0.77200001 2.316 62
-1.567 -0.29100001 0.98900002 42
-1.601 -0.34599999 1.0930001 25
-3.145 -0.78899997 2.3269999 60
-2.9119999 -0.83399999 2.319 57
-1.559 -0.32800001 0.99000001 40
-1.603 -0.38499999 1.102 21
-3.122 -0.85799998 2.3280001 58
-2.8900001 -0.89600003 2.322 63
-1.569 -0.37 1.0039999 42
-1.603 -0.42399999 1.11 24
-3.1070001 -0.92799997 2.336 57
-2.869 -0.95700002 2.326 58
-1.59 -0.41499999 1.024 52
-1.607 -0.46599999 1.122 4
-3.0810001 -0.99599999 2.3369999 66
-2.842 -1.016 2.326 58
-1.612 -0.463 1.0470001 47
-3.312 -1.043 2.3329999 58
-3.052 -1.062 2.3369999 60
-2.8199999 -1.076 2.3299999 47
-1.622 -0.50800002 1.064 20
-3.283 -1.119 2.335 62
-3.0320001 -1.131 2.3429999 55
-2.7969999 -1.137 2.335 63
-3.526 -1.198 2.3340001 58
-3.2550001 -1.194 2.3369999 62
-3 -1.1950001 2.3429999 69
-2.7679999 -1.194 2.336 63
-3.497 -1.283 2.3399999 60
-3.2249999 -1.268 2.3399999 63
-2.97 -1.261 2.346 65
-2.7379999 -1.25 2.336 57
-3.4590001 -1.364 2.3399999 60
-3.191 -1.341 2.342 58
-2.9389999 -1.325 2.348 58
-2.7079999 -1.307 2.3380001 52
-3.4219999 -1.4450001 2.342 60
-3.161 -1.415 2.348 60
-2.904 -1.388 2.348 53
-2.6800001 -1.365 2.3429999 46
-3.3859999 -1.527 2.3469999 59
-3.125 -1.487 2.3499999 57
-2.872 -1.451 2.3510001 45
-2.652 -1.4220001 2.348 45
-3.3440001 -1.6059999 2.348 56
-3.082 -1.5549999 2.349 48
-2.839 -1.515 2.355 43
-2.6140001 -1.474 2.345 43
-3.2920001 -1.6799999 2.345 51
-3.049 -1.628 2.3559999 47
-2.8069999 -1.5779999 2.3610001 42
-2.5780001 -1.526 2.3440001 40
-3.2509999 -1.7589999 2.3499999 39
-3.0109999 -1.698 2.3610001 39
-2.7620001 -1.635 2.3570001 37
-2.5450001 -1.58 2.3469999 36
-3.493 -1.999 2.5639999 37
-3.1989999 -1.902 2.5469999 20
-2.9719999 -1.848 2.5739999 31
-2.596 -1.689 2.431 33
-3.4460001 -2.085 2.572 22
-3.177 -1.99 2.5699999 20
-2.9230001 -1.909 2.573 23
-2.677 -1.823 2.5450001 28
-3.398 -2.1689999 2.5799999 15
-3.1300001 -2.0639999 2.575 19
-2.8859999 -1.977 2.5810001 22
-2.6570001 -1.893 2.5669999 32
-3.335 -2.244 2.579 15
-3.0840001 -2.1370001 2.582 19
-2.839 -2.039 2.5829999 22
-2.619 -1.951 2.572 35
-3.2720001 -2.3180001 2.5799999 15
-3.02 -2.198 2.576 21
-2.7909999 -2.099 2.585 28
-2.572 -2.0009999 2.569 37
-3.2090001 -2.391 2.5799999 15
-2.964 -2.263 2.5769999 27
-2.7449999 -2.1600001 2.589 32
-2.526 -2.052 2.569 42
-3.1500001 -2.467 2.586 23
-2.908 -2.329 2.579 32
-2.697 -2.22 2.5929999 37
-2.4879999 -2.109 2.5769999 46
-3.075 -2.529 2.5799999 31
-2.8570001 -2.398 2.5869999 39
-2.641 -2.2739999 2.5899999 44
-2.4400001 -2.1589999 2.5769999 46
-3.0179999 -2.608 2.592 43
-2.7880001 -2.4530001 2.5810001 45
-2.585 -2.3269999 2.5880001 49
-2.4000001 -2.214 2.5840001 52
-2.9519999 -2.677 2.596 47
-2.7349999 -2.52 2.589 51
-2.52 -2.3710001 2.579 49
-2.3529999 -2.2639999 2.586 52
-2.881 -2.743 2.598 38
-2.674 -2.5799999 2.592 53
-2.477 -2.4349999 2.592 51
-2.302 -2.3099999 2.585 53
-2.8039999 -2.8010001 2.596 49
-2.6070001 -2.6340001 2.5899999 55
-2.418 -2.484 2.5899999 51
-2.2390001 -2.342 2.5699999 42
-2.7279999 -2.859 2.595 52
-2.539 -2.687 2.589 55
-2.3670001 -2.5409999 2.598 51
-2.211 -2.4130001 2.598 54
-2.648 -2.9119999 2.5910001 50
-2.4749999 -2.743 2.592 55
-2.309 -2.5899999 2.599 52
-2.155 -2.4530001 2.5940001 53
-2.575 -2.974 2.598 53
-2.404 -2.7920001 2.5910001 56
-2.2460001 -2.6340001 2.596 52
-2.1070001 -2.5020001 2.5999999 54
-2.494 -3.0239999 2.5969999 57
-2.336 -2.842 2.592 55
-2.1889999 -2.6860001 2.602 52
-2.05 -2.54 2.595 54
-2.411 -3.0710001 2.5929999 57
-2.2679999 -2.8929999 2.596 55
-2.1270001 -2.7290001 2.6010001 51
-1.993 -2.579 2.592 54
-2.335 -3.1259999 2.599 55
-2.1989999 -2.9430001 2.599 55
-2.0639999 -2.7709999 2.6010001 52
-1.943 -2.625 2.598 54
-2.2539999 -3.174 2.6010001 54
-2.1259999 -2.9849999 2.598 54
-2.0020001 -2.8139999 2.602 51
-1.887 -2.664 2.598 53
-2.165 -3.2079999 2.5929999 32
-2.056 -3.033 2.602 55
-1.939 -2.8570001 2.6040001 52
-1.83 -2.701 2.596 53
-2.075 -3.24 2.586 1
-1.982 -3.072 2.602 54
-1.873 -2.8940001 2.602 50
-1.774 -2.7409999 2.599 53
-0.662 -1.092 0.861 1
-1.908 -3.1129999 2.6040001 54
-1.808 -2.9330001 2.6040001 51
-1.719 -2.78 2.602 53
-0.625 -1.0880001 0.84899998 18
-1.835 -3.1559999 2.609 54
-1.745 -2.974 2.609 50
-1.659 -2.8150001 2.602 53
-0.58899999 -1.084 0.83700001 29
-1.76 -3.1919999 2.6099999 54
-1.675 -3.0039999 2.605 50
-1.603 -2.855 2.6070001 53
-0.55299997 -1.08 0.82599998 7
-1.679 -3.217 2.6029999 48
-1.609 -3.04 2.6070001 49
-1.5420001 -2.8840001 2.6040001 52
-0.51899999 -1.076 0.815 4
-0.52399999 -1.063 0.852 9
-1.5470001 -3.085 2.6170001 19
-1.4809999 -2.915 2.6029999 52
-0.491 -1.0829999 0.81400001 15
-0.493 -1.061 0.84299999 6
-1.473 -3.1040001 2.608 49
-1.42 -2.947 2.6029999 51
-0.463 -1.091 0.81400001 4
-0.46000001 -1.054 0.82999998 3
-1.405 -3.138 2.6129999 48
-1.3559999 -2.9719999 2.599 49
-0.43700001 -1.103 0.81800002 18
-0.43000001 -1.049 0.81999999 24
-0.43599999 -1.034 0.85299999 1
-1.294 -3.0009999 2.5999999 49
-0.40900001 -1.109 0.81800002 3
-0.403 -1.052 0.81599998 3
-0.41299999 -1.0420001 0.85299999 15
-1.232 -3.029 2.5999999 49
-0.384 -1.122 0.82300001 20
-0.375 -1.051 0.81 4
-0.38600001 -1.041 0.84600002 5
-1.1720001 -3.0650001 2.609 52
-0.35299999 -1.119 0.81699997 4
-0.35299999 -1.064 0.815 3
-0.361 -1.043 0.84100002 6
-1.109 -3.0899999 2.608 53
-0.32600001 -1.125 0.81800002 22
-0.32800001 -1.069 0.815 5
-0.33399999 -1.0369999 0.83099997 6
-0.34799999 -1.038 0.87 1
-0.29800001 -1.128 0.81699997 4
-0.303 -1.074 0.815 4
-0.30700001 -1.031 0.82099998 5
-0.32100001 -1.031 0.85699999 18
-0.271 -1.135 0.81999999 22
-0.278 -1.0829999 0.81900001 6
-0.28400001 -1.035 0.81900001 5
-0.296 -1.025 0.84600002 5
-0.243 -1.14 0.82300001 4
-0.25400001 -1.089 0.81999999 4
-0.25999999 -1.0369999 0.81699997 5
-0.273 -1.025 0.84100002 7
-0.215 -1.137 0.81999999 23
-0.228 -1.0930001 0.81999999 6
-0.23899999 -1.048 0.82200003 5
-0.25 -1.024 0.83499998 7
-0.18700001 -1.138 0.81999999 3
-0.20200001 -1.091 0.81699997 5
-0.21600001 -1.0549999 0.824 6
-0.226 -1.021 0.82700002 6
-0.16 -1.1440001 0.82300001 10
-0.177 -1.096 0.81900001 6
-0.193 -1.059 0.824 6
-0.204 -1.021 0.82300001 6
-0.131 -1.131 0.815 1
-0.15099999 -1.092 0.815 4
-0.169 -1.0599999 0.82200003 5
-0.183 -1.029 0.82599998 6
-0.104 -1.131 0.815 5
-0.127 -1.102 0.82099998 6
-0.147 -1.067 0.82499999 5
-0.162 -1.034 0.82599998 6
-0.075999998 -1.125 0.81300002 0
-0.101 -1.099 0.81900001 5
-0.123 -1.069 0.824 5
-0.139 -1.03 0.81999999 5
-0.050000001 -1.12 0.81 3
-0.075999998 -1.102 0.82099998 5
-0.1 -1.073 0.82599998 5
-0.118 -1.0369999 0.82200003 6
-0.023 -1.127 0.81800002 0
-0.050999999 -1.1 0.81999999 5
-0.075999998 -1.063 0.81699997 3
-0.096000001 -1.044 0.82499999 6
0.0020000001 -1.114 0.81099999 3
-0.026000001 -1.097 0.81900001 7
-0.052999999 -1.076 0.82599998 5
-0.072999999 -1.034 0.815 3
0.028999999 -1.113 0.81300002 0
-0.001 -1.095 0.81900001 4
-0.028999999 -1.076 0.82599998 6
-0.052000001 -1.049 0.82599998 6
0.055 -1.108 0.81300002 3
0.023 -1.099 0.82300001 6
-0.0060000001 -1.077 0.82599998 5
-0.029999999 -1.054 0.82700002 5
0.081 -1.105 0.815 0
0.048 -1.091 0.81999999 4
0.017000001 -1.0779999 0.82800001 6
-0.0080000004 -1.054 0.82599998 6
0.106 -1.094 0.81099999 3
0.071000002 -1.077 0.81199998 4
0.039999999 -1.076 0.82700002 6
0.014 -1.05 0.82300001 6
0.132 -1.094 0.81599998 0
0.096000001 -1.082 0.81900001 3
0.064000003 -1.073 0.82599998 6
0.035999998 -1.053 0.824 6
0.154 -1.068 0.80199999 4
0.12 -1.068 0.81099999 4
0.086999997 -1.0700001 0.82499999 6
0.059 -1.058 0.82700002 7
0.18099999 -1.077 0.81400001 0
0.145 -1.073 0.81900001 3
0.11 -1.0599999 0.81900001 6
0.081 -1.0549999 0.82599998 7
0.205 -1.066 0.81300002 6
0.168 -1.064 0.81599998 4
0.134 -1.068 0.82700002 7
0.103 -1.051 0.82300001 7
0.228 -1.054 0.81 1
0.192 -1.0599999 0.81699997 4
0.15700001 -1.063 0.82599998 7
0.126 -1.05 0.82300001 7
0.25299999 -1.05 0.815 7
0.21600001 -1.053 0.81699997 6
0.18000001 -1.058 0.82499999 7
0.149 -1.048 0.82200003 7
0.27700001 -1.041 0.815 2
0.241 -1.053 0.82300001 5
0.20299999 -1.051 0.82300001 7
0.17200001 -1.048 0.824 7
0.301 -1.034 0.81800002 25
0.26199999 -1.04 0.81800002 7
0.227 -1.049 0.82599998 6
0.19499999 -1.05 0.82800001 7
0.32300001 -1.022 0.81599998 4
0.28799999 -1.043 0.82700002 6
0.248 -1.039 0.82200003 7
0.21699999 -1.043 0.824 7
0.35100001 -1.026 0.82800001 7
0.30199999 -1.006 0.80400002 2
0.271 -1.034 0.82200003 7
0.23999999 -1.0420001 0.82599998 7
0.37400001 -1.016 0.82999998 7
0.33399999 -1.026 0.82800001 6
0.292 -1.024 0.81900001 6
0.26300001 -1.0369999 0.82499999 7
0.38699999 -0.98100001 0.81099999 0
0.35499999 -1.013 0.82499999 7
0.31200001 -1.008 0.81199998 4
0.287 -1.038 0.82999998 7
0.412 -0.97799999 0.81999999 6
0.377 -1.0039999 0.82499999 6
0.34 -1.0190001 0.82599998 7
0.30199999 -1.008 0.80900002 3
0.43599999 -0.97000003 0.824 0
0.40799999 -1.015 0.84299999 0
0.36199999 -1.01 0.82599998 8
0.33199999 -1.026 0.82800001 7
0.46000001 -0.96399999 0.83099997 6
0.41600001 -0.97100002 0.81599998 6
0.377 -0.98299998 0.81 1
0.35299999 -1.016 0.82499999 8
0.486 -0.96100003 0.83999997 0
0.43900001 -0.96499997 0.81999999 0
0.40799999 -0.99699998 0.829 0
0.377 -1.013 0.82800001 6
0.50700003 -0.94999999 0.84299999 7
0.46200001 -0.95700002 0.82300001 6
0.42199999 -0.97100002 0.81400001 6
0.39199999 -0.98799998 0.81300002 0
0.53799999 -0.95300001 0.85900003 0
0.491 -0.96200001 0.838 0
0.44600001 -0.96799999 0.81900001 0
0.414 -0.98199999 0.81300002 6
0.54699999 -0.92000002 0.84399998 3
0.51499999 -0.95499998 0.84299999 7
0.46700001 -0.958 0.81900001 6
0.43099999 -0.963 0.80400002 0
0.55199999 -0.88099998 0.82200003 3
0.54699999 -0.963 0.86199999 0
0.493 -0.95599997 0.82700002 1
0.45699999 -0.96499997 0.81199998 6
0.57099998 -0.86799997 0.824 7
0.54900002 -0.91799998 0.83399999 5
0.51599997 -0.949 0.82999998 8
0.479 -0.95700002 0.81300002 1
0.59200001 -0.85600001 0.82700002 6
0.56099999 -0.89200002 0.82300001 4
0.55299997 -0.96499997 0.85399997 0
0.505 -0.95499998 0.81900001 8
0.61299998 -0.84500003 0.833 8
0.58099997 -0.88 0.82499999 5
0.54900002 -0.91100001 0.81699997 12
0.52600002 -0.94499999 0.81900001 1
0.63999999 -0.84100002 0.84600002 7
0.60000002 -0.86699998 0.82599998 6
0.57599998 -0.91100001 0.82800001 6
0.55900002 -0.95499998 0.83600003 2
0.66000003 -0.82800001 0.85000002 5
0.61699998 -0.85000002 0.824 5
0.59799999 -0.89999998 0.82999998 6
0.57099998 -0.92799997 0.82200003 4
0.69099998 -0.82800001 0.86900002 0
0.64200002 -0.84500003 0.833 6
0.61400002 -0.88099998 0.82499999 6
0.59600002 -0.92299998 0.82700002 6
2.1229999 -2.431 2.6070001 53
0.66399997 -0.833 0.838 8
0.63499999 -0.87099999 0.82800001 6
0.61900002 -0.91399997 0.82999998 6
2.164 -2.368 2.5999999 53
0.69400001 -0.83200002 0.85299999 6
0.653 -0.85600001 0.82599998 6
0.634 -0.89200002 0.82099998 3
2.2119999 -2.313 2.6010001 52
0.71200001 -0.81699997 0.85500002 1
0.67699999 -0.847 0.83200002 7
0.65700001 -0.88300002 0.82499999 40
2.256 -2.256 2.6010001 52
2.214 -2.4289999 2.595 49
0.69599998 -0.833 0.833 8
0.67699999 -0.87 0.82499999 6
2.2950001 -2.1960001 2.5969999 50
2.2620001 -2.3740001 2.592 49
0.72299999 -0.82700002 0.84200001 8
0.69499999 -0.85299999 0.82200003 6
2.3399999 -2.141 2.5999999 52
2.309 -2.3169999 2.5899999 48
0.74699998 -0.81699997 0.84799999 5
0.71899998 -0.84399998 0.82700002 7
2.3770001 -2.079 2.596 50
2.3540001 -2.26 2.5869999 47
0.77700001 -0.81199998 0.861 0
0.74199998 -0.83200002 0.82999998 7
2.415 -2.0190001 2.596 51
2.404 -2.2090001 2.5910001 48
2.3929999 -2.395 2.5940001 50
0.75999999 -0.815 0.82800001 8
2.4530001 -1.961 2.5969999 50
2.4460001 -2.148 2.5869999 48
2.438 -2.335 2.585 49
0.79299998 -0.81400001 0.84299999 8
2.4860001 -1.898 2.592 50
2.487 -2.089 2.5840001 47
2.4909999 -2.2809999 2.586 49
0.81900001 -0.80400002 0.85100001 5
2.5190001 -1.836 2.5910001 51
2.5339999 -2.0339999 2.5880001 48
2.5409999 -2.2260001 2.586 49
0.84500003 -0.79299998 0.85699999 7
2.549 -1.774 2.5880001 51
2.569 -1.971 2.5829999 48
2.5899999 -2.1689999 2.586 48
2.6140001 -2.3469999 2.595 8
2.5810001 -1.7130001 2.589 51
2.609 -1.9119999 2.582 50
2.6370001 -2.1110001 2.5840001 50
2.674 -2.2950001 2.599 55
2.6059999 -1.648 2.5829999 50
2.6440001 -1.85 2.579 50
2.6789999 -2.049 2.579 48
2.7260001 -2.2349999 2.596 55
2.632 -1.585 2.5799999 50
2.678 -1.7869999 2.576 52
2.723 -1.988 2.5780001 48
2.777 -2.175 2.5929999 56
2.6589999 -1.523 2.579 50
2.7090001 -1.722 2.5710001 47
2.767 -1.927 2.5769999 49
2.835 -2.1199999 2.599 57
2.681 -1.4579999 2.575 50
2.7409999 -1.659 2.569 48
2.8050001 -1.862 2.572 49
2.875 -2.0510001 2.589 55
2.6989999 -1.393 2.569 50
2.7739999 -1.597 2.569 47
2.8440001 -1.799 2.5699999 48
2.9219999 -1.9859999 2.586 54
2.714 -1.327 2.5610001 55
2.803 -1.5319999 2.566 51
2.8829999 -1.735 2.5699999 48
2.97 -1.923 2.586 55
2.7379999 -1.266 2.563 53
2.8340001 -1.469 2.5680001 54
2.924 -1.6720001 2.5710001 49
3.017 -1.858 2.586 54
2.76 -1.204 2.5639999 50
2.8599999 -1.404 2.5650001 55
2.9189999 -1.584 2.5350001 46
3.0599999 -1.791 2.5840001 56
2.777 -1.14 2.562 52
2.8759999 -1.334 2.5539999 56
2.98 -1.5319999 2.5569999 68
3.04 -1.688 2.53 64
2.7909999 -1.076 2.5580001 52
2.902 -1.27 2.5539999 58
2.994 -1.456 2.539 58
3.0910001 -1.626 2.539 55
2.8080001 -1.0140001 2.5580001 55
2.928 -1.205 2.556 58
3.0539999 -1.401 2.562 49
3.175 -1.579 2.5739999 50
2.823 -0.95099998 2.5580001 54
2.9489999 -1.1390001 2.5539999 62
3.0739999 -1.3279999 2.552 53
3.21 -1.507 2.5710001 50
2.8299999 -0.88599998 2.552 55
2.9660001 -1.072 2.55 66
3.1010001 -1.2589999 2.5510001 58
3.243 -1.434 2.5669999 53
2.846 -0.82499999 2.553 57
2.9860001 -1.005 2.55 62
3.125 -1.188 2.5469999 52
3.2780001 -1.36 2.566 55
2.8570001 -0.76200002 2.553 55
3.0020001 -0.93800002 2.5469999 61
3.151 -1.118 2.546 61
3.302 -1.283 2.559 58
2.839 -0.69199997 2.527 150
3.017 -0.87099999 2.5439999 74
3.1659999 -1.044 2.5380001 61
3.329 -1.207 2.5550001 57
1.8839999 -0.417 1.6720001 5
3.027 -0.80199999 2.54 61
3.184 -0.97100002 2.5339999 53
3.362 -1.132 2.556 57
2.6270001 -0.523 2.3239999 150
1.8890001 -0.45699999 1.5779999 0
3.204 -0.89899999 2.533 56
3.3759999 -1.052 2.5450001 58
2.6329999 -0.46599999 2.325 57
1.8789999 -0.41100001 1.562 2
3.2219999 -0.82700002 2.5309999 51
3.3959999 -0.97299999 2.54 56
2.497 -0.38800001 2.2 152
2.1630001 -0.42300001 1.791 9
1.863 -0.43399999 1.455 59
3.4260001 -0.89700001 2.5439999 57
2.3770001 -0.31799999 2.0910001 77
2.8139999 -0.48800001 2.323 91
2.151 -0.44999999 1.6720001 7
1.872 -0.44499999 1.381 11
2.6059999 -0.292 2.29 90
2.7720001 -0.41800001 2.2809999 150
2.148 -0.39899999 1.6619999 4
2.105 -0.449 1.543 33
2.6389999 -0.23999999 2.3169999 57
2.527 -0.32499999 2.075 56
3.0150001 -0.491 2.322 66
2.1270001 -0.403 1.551 11
2.6359999 -0.183 2.3139999 59
2.6730001 -0.285 2.1900001 150
2.4590001 -0.34400001 1.887 9
2.3199999 -0.38499999 1.683 22
2.631 -0.127 2.309 52
2.8269999 -0.23899999 2.313 64
2.8099999 -0.329 2.1500001 150
2.398 -0.34099999 1.732 14
2.631 -0.071999997 2.3099999 57
2.8269999 -0.177 2.3099999 69
2.776 -0.26199999 2.118 74
3.2390001 -0.38499999 2.3310001 63
2.6289999 -0.017000001 2.3099999 57
2.823 -0.115 2.306 63
3.0139999 -0.21600001 2.296 93
3.211 -0.30599999 2.303 150
2.6199999 0.037 2.3050001 53
2.825 -0.052999999 2.3069999 64
3.033 -0.148 2.3069999 67
2.9630001 -0.213 2.119 41
2.6129999 0.092 2.302 61
2.813 0.0070000002 2.2980001 69
3.0280001 -0.079999998 2.3 63
3.2479999 -0.15800001 2.319 65
2.602 0.146 2.2969999 59
2.806 0.068000004 2.293 60
3.029 -0.011 2.3 64
3.2479999 -0.082999997 2.3150001 59
2.595 0.20100001 2.296 59
2.8069999 0.13 2.2969999 74
3.0239999 0.056000002 2.2969999 62
3.2409999 -0.0080000004 2.309 65
2.589 0.255 2.2969999 59
2.796 0.19 2.2920001 68
3.0109999 0.124 2.289 61
3.2409999 0.067000002 2.3080001 67
2.5780001 0.308 2.2939999 61
2.7880001 0.25 2.29 71
3.006 0.191 2.2869999 62
3.233 0.142 2.302 67
2.5699999 0.361 2.2950001 58
2.777 0.31 2.2869999 73
2.9990001 0.259 2.2850001 64
3.223 0.21699999 2.2980001 77
2.5610001 0.41499999 2.2950001 61
2.7639999 0.37 2.283 71
2.9849999 0.32600001 2.28 62
3.2179999 0.292 2.2969999 75
2.543 0.46599999 2.289 58
2.75 0.42899999 2.279 68
2.9779999 0.39300001 2.2809999 63
3.2 0.366 2.29 74
2.5239999 0.51700002 2.2820001 58
2.7409999 0.48899999 2.2809999 77
2.961 0.46000001 2.276 61
3.191 0.44 2.29 70
2.5120001 0.56999999 2.283 60
2.721 0.54699999 2.2750001 73
2.9449999 0.52600002 2.2720001 66
3.177 0.51499999 2.2869999 77
2.4979999 0.62099999 2.2820001 57
2.7030001 0.60500002 2.2709999 68
2.9230001 0.58999997 2.2650001 65
3.1589999 0.58700001 2.283 75
2.4809999 0.67199999 2.279 52
2.6889999 0.66399997 2.2720001 68
2.9159999 0.65799999 2.27 63
3.142 0.66100001 2.2809999 73
2.4660001 0.722 2.279 58
2.668 0.72000003 2.267 68
2.8929999 0.722 2.2650001 75
3.1210001 0.73299998 2.2780001 81
2.447 0.773 2.277 61
2.6500001 0.778 2.266 71
2.8740001 0.787 2.2639999 79
3.1010001 0.80599999 2.276 84
2.424 0.82099998 2.2709999 65
2.6340001 0.83600003 2.267 70
2.846 0.85000002 2.257 69
3.075 0.87699997 2.2720001 86
2.4100001 0.87199998 2.2739999 66
2.612 0.89200002 2.2650001 73
2.822 0.91299999 2.2539999 73
3.0580001 0.94999999 2.276 92
2.388 0.92000002 2.2709999 60
2.586 0.94599998 2.26 68
2.8 0.97600001 2.2539999 70
3.026 1.018 2.27 77
2.3670001 0.96899998 2.27 58
2.5650001 1.002 2.26 69
2.777 1.039 2.2550001 74
2.993 1.086 2.2639999 88
2.348 1.018 2.2709999 64
2.539 1.056 2.2579999 66
2.747 1.1 2.25 67
2.9660001 1.156 2.2639999 88
2.3199999 1.063 2.2650001 66
2.51 1.109 2.2539999 72
2.721 1.1619999 2.25 70
2.934 1.224 2.2620001 96
2.2980001 1.1109999 2.2650001 64
2.4860001 1.163 2.2539999 73
2.687 1.221 2.2460001 61
2.8970001 1.29 2.257 80
2.2720001 1.1569999 2.2620001 45
2.457 1.216 2.2520001 69
2.654 1.279 2.2420001 74
2.865 1.357 2.2579999 83
2.25 1.205 2.2639999 67
2.4260001 1.267 2.2479999 76
2.622 1.3380001 2.2420001 70
2.8239999 1.42 2.253 82
2.22 1.248 2.2579999 65
2.398 1.319 2.2479999 77
2.5899999 1.398 2.2420001 74
2.7850001 1.484 2.25 90
2.1960001 1.296 2.26 59
2.369 1.3710001 2.2479999 79
2.552 1.4529999 2.2379999 76
2.7490001 1.549 2.2520001 79
2.1670001 1.339 2.256 60
2.335 1.42 2.2449999 70
2.52 1.511 2.24 66
2.7060001 1.61 2.2490001 93
2.1389999 1.383 2.2550001 61
2.3010001 1.469 2.243 73
2.4849999 1.569 2.2409999 66
2.6500001 1.663 2.2360001 71
2.1099999 1.427 2.2539999 59
2.2639999 1.516 2.2379999 72
2.4400001 1.619 2.234 70
2.6110001 1.726 2.2390001 70
2.0810001 1.471 2.2539999 60
2.23 1.5650001 2.2379999 71
2.402 1.674 2.2360001 64
2.5650001 1.785 2.237 67
2.0480001 1.513 2.25 55
2.201 1.617 2.243 70
2.3610001 1.728 2.2349999 67
2.517 1.841 2.2349999 66
2.0190001 1.556 2.2509999 60
2.1600001 1.661 2.2379999 71
2.3169999 1.777 2.2320001 60
2.471 1.899 2.2360001 73
1.984 1.595 2.247 61
2.1210001 1.705 2.2360001 73
2.276 1.831 2.234 64
2.4189999 1.952 2.233 67
1.95 1.636 2.2449999 57
2.0840001 1.752 2.2360001 71
2.2320001 1.88 2.234 61
2.3640001 2.003 2.2290001 63
1.916 1.676 2.243 48
2.0450001 1.796 2.2360001 73
2.1800001 1.923 2.2260001 61
2.3169999 2.059 2.2320001 68
1.8839999 1.7180001 2.2449999 57
2.003 1.8380001 2.233 65
2.1359999 1.974 2.2290001 72
2.2620001 2.108 2.23 66
1.849 1.757 2.244 57
1.961 1.88 2.2309999 73
2.0869999 2.0190001 2.227 65
2.2049999 2.1559999 2.227 67
1.814 1.7970001 2.243 52
1.919 1.923 2.2309999 70
2.033 2.059 2.221 66
2.151 2.2049999 2.227 64
1.774 1.831 2.2379999 48
1.877 1.964 2.2309999 71
1.9859999 2.1059999 2.223 62
2.0929999 2.2490001 2.2249999 67
1.7359999 1.868 2.2360001 50
1.8329999 2.0050001 2.2309999 71
1.937 2.1500001 2.224 63
2.0350001 2.2950001 2.2249999 63
1.701 1.908 2.2390001 58
1.788 2.043 2.2290001 68
1.881 2.187 2.2190001 66
1.976 2.3380001 2.224 71
1.661 1.944 2.237 58
1.743 2.0810001 2.2279999 66
1.8329999 2.2320001 2.224 65
1.916 2.3789999 2.223 70
1.622 1.979 2.2360001 58
1.697 2.119 2.2279999 66
1.777 2.2679999 2.22 58
1.853 2.4170001 2.22 64
1.581 2.013 2.234 57
1.65 2.1559999 2.2279999 71
1.724 2.3080001 2.2219999 61
1.7920001 2.4560001 2.22 68
1.5420001 2.05 2.2360001 58
1.599 2.187 2.224 73
1.666 2.3399999 2.217 58
1.73 2.493 2.22 59
1.498 2.0799999 2.2309999 58
1.553 2.2249999 2.227 62
1.6059999 2.369 2.2119999 63
1.664 2.5250001 2.2160001 53
1.457 2.115 2.234 59
1.502 2.2550001 2.223 74
1.551 2.405 2.214 66
1.601 2.5580001 2.2160001 64
1.415 2.148 2.234 60
1.452 2.286 2.2219999 72
1.495 2.438 2.214 64
1.531 2.582 2.2090001 71
1.3710001 2.1789999 2.2320001 58
1.404 2.322 2.2260001 70
1.434 2.4630001 2.2090001 66
1.466 2.612 2.2079999 64
1.327 2.21 2.2320001 64
1.349 2.346 2.2190001 66
1.375 2.493 2.2090001 62
1.4 2.6400001 2.2079999 59
1.28 2.237 2.2279999 60
1.296 2.372 2.2160001 77
1.317 2.5220001 2.21 59
1.3329999 2.665 2.207 68
1.234 2.2650001 2.2260001 61
1.2460001 2.405 2.22 68
1.2539999 2.543 2.204 60
1.265 2.687 2.204 59
1.189 2.2950001 2.2279999 66
1.189 2.424 2.2130001 69
1.192 2.563 2.201 64
1.199 2.7119999 2.2060001 66
1.1390001 2.3169999 2.223 60
1.135 2.4489999 2.2119999 68
1.133 2.5910001 2.204 59
1.1289999 2.7290001 2.2019999 54
1.0930001 2.346 2.224 49
1.082 2.474 2.2130001 69
1.072 2.6129999 2.204 64
1.062 2.7490001 2.2030001 53
1.046 2.3740001 2.2260001 59
1.025 2.494 2.21 61
1.008 2.6270001 2.1989999 47
0.99199998 2.763 2.2 51
0.995 2.3929999 2.221 54
0.97000003 2.516 2.2090001 63
0.94800001 2.652 2.204 64
0.92500001 2.7809999 2.201 63
0.94300002 2.411 2.214 59
0.91600001 2.54 2.2119999 70
0.884 2.664 2.1989999 56
0.85500002 2.79 2.198 68
0.89600003 2.4419999 2.221 58
0.85799998 2.5550001 2.2079999 62
0.82200003 2.681 2.2 54
0.787 2.806 2.201 69
0.84500003 2.4619999 2.2190001 56
0.80199999 2.5739999 2.2079999 65
0.759 2.6960001 2.2 58
0.71600002 2.809 2.1949999 69
0.792 2.4760001 2.2119999 54
0.745 2.5899999 2.207 61
0.69599998 2.7079999 2.1989999 61
0.648 2.819 2.1960001 67
0.74299997 2.5050001 2.22 50
0.68699998 2.6059999 2.207 62
0.63200003 2.714 2.1949999 68
0.57999998 2.8269999 2.197 63
0.69 2.5220001 2.2179999 53
0.63 2.6199999 2.2060001 64
0.56900001 2.7249999 2.1960001 65
0.50999999 2.8269999 2.1930001 65
0.63499999 2.5320001 2.211 58
0.57099998 2.631 2.204 57
0.505 2.733 2.1960001 64
0.44100001 2.825 2.1889999 64
0.583 2.552 2.2130001 54
0.51300001 2.645 2.2060001 58
0.44100001 2.737 2.1930001 69
0.37200001 2.823 2.1860001 48
0.52899998 2.566 2.211 53
0.454 2.6530001 2.2030001 58
0.37799999 2.743 2.194 48
0.30399999 2.825 2.188 69
0.47400001 2.5780001 2.2090001 56
0.39500001 2.6589999 2.2 47
0.31400001 2.7490001 2.1960001 63
0.237 2.8210001 2.187 64
0.41999999 2.5940001 2.21 43
0.33700001 2.671 2.204 64
0.25099999 2.7460001 2.1919999 66
0.169 2.8199999 2.1889999 70
0.36500001 2.605 2.2079999 45
0.27700001 2.675 2.201 58
0.18700001 2.7479999 2.1930001 62
0.102 2.8139999 2.188 67
0.30899999 2.612 2.2049999 54
0.21799999 2.684 2.2030001 67
0.124 2.7460001 2.1919999 60
0.035 2.806 2.188 66
0.25400001 2.6240001 2.2060001 53
0.15899999 2.6860001 2.201 61
0.061000001 2.7409999 2.1889999 61
-0.029999999 2.802 2.191 68
0.197 2.631 2.2030001 55
0.098999999 2.6889999 2.201 62
-0.001 2.7390001 2.191 59
-0.096000001 2.79 2.1900001 69
0.141 2.6370001 2.201 53
0.039000001 2.6900001 2.201 61
-0.064000003 2.737 2.194 63
-0.161 2.7750001 2.188 71
0.083999999 2.6440001 2.201 59
-0.018999999 2.6889999 2.2 57
-0.126 2.7260001 2.191 67
-0.226 2.763 2.1889999 60
0.027000001 2.651 2.2030001 52
-0.079999998 2.6889999 2.201 62
-0.189 2.7190001 2.1919999 62
-0.28999999 2.747 2.1889999 68
-0.028999999 2.655 2.2019999 61
-0.139 2.687 2.201 61
-0.25099999 2.711 2.194 61
-0.354 2.7309999 2.1889999 67
-0.086999997 2.658 2.2019999 58
-0.199 2.6819999 2.201 58
-0.31099999 2.6960001 2.1900001 64
-0.417 2.7149999 2.191 66
-0.145 2.658 2.2 56
-0.25799999 2.674 2.198 55
-0.37400001 2.691 2.197 59
-0.47999999 2.701 2.1949999 59
-0.20299999 2.6570001 2.198 48
-0.31799999 2.6719999 2.201 60
-0.43399999 2.6730001 2.194 62
-0.54000002 2.6730001 2.1900001 50
-0.26100001 2.661 2.2019999 62
-0.377 2.6630001 2.201 59
-0.49399999 2.658 2.194 59
-0.60299999 2.6589999 2.197 58
-0.31999999 2.6570001 2.2 62
-0.43700001 2.654 2.201 59
-0.55500001 2.6459999 2.1989999 61
-0.66299999 2.6329999 2.1949999 68
-0.37799999 2.651 2.198 61
-0.49599999 2.6440001 2.2019999 61
-0.61400002 2.628 2.1989999 59
-0.72100002 2.6040001 2.1930001 69
-0.43599999 2.645 2.197 59
-0.55500001 2.631 2.201 59
-0.67400002 2.6099999 2.2 61
-0.77999997 2.579 2.1949999 61
-0.495 2.6400001 2.197 60
-0.61400002 2.6199999 2.2030001 58
-0.73199999 2.592 2.2030001 62
-0.83899999 2.5569999 2.2 67
-0.55299997 2.631 2.1960001 63
-0.67199999 2.6070001 2.2049999 63
-0.79000002 2.5710001 2.204 56
-0.89600003 2.5309999 2.2019999 67
-0.611 2.622 2.1949999 62
-0.72899997 2.5880001 2.2019999 57
-0.84799999 2.549 2.2049999 61
-0.95200002 2.5 2.2019999 62
-0.66900003 2.6099999 2.1930001 62
-0.78600001 2.569 2.201 50
-0.90499997 2.527 2.2079999 61
-1.008 2.4719999 2.2060001 62
-0.72899997 2.6010001 2.1960001 52
-0.84399998 2.552 2.2019999 58
-0.95999998 2.4990001 2.207 55
-1.062 2.4400001 2.207 63
-0.787 2.5880001 2.1949999 51
-0.90100002 2.533 2.2030001 62
-1.015 2.471 2.207 60
-1.1160001 2.4100001 2.21 58
-0.84500003 2.573 2.1949999 62
-0.958 2.5120001 2.2030001 60
-1.071 2.4489999 2.2119999 59
-1.168 2.375 2.211 58
-0.90399998 2.559 2.1960001 59
-1.015 2.494 2.207 69
-1.125 2.4189999 2.2119999 60
-1.219 2.339 2.211 51
-0.963 2.5439999 2.198 63
-1.0700001 2.4690001 2.207 62
-1.174 2.382 2.207 58
-1.268 2.302 2.2119999 53
-1.0190001 2.5239999 2.1960001 64
-1.124 2.4419999 2.204 61
-1.23 2.3570001 2.214 61
-1.316 2.2620001 2.21 46
-1.077 2.5050001 2.1960001 60
-1.1799999 2.418 2.207 63
-1.281 2.3239999 2.2149999 55
-1.365 2.2260001 2.214 57
-1.135 2.4860001 2.198 66
-1.235 2.3929999 2.21 62
-1.3329999 2.293 2.2190001 53
-1.413 2.188 2.217 51
-1.192 2.4630001 2.198 63
-1.289 2.3640001 2.21 62
-1.3839999 2.2609999 2.2219999 51
-1.46 2.1500001 2.22 55
-1.249 2.4389999 2.198 68
-1.341 2.3340001 2.211 63
-1.4299999 2.22 2.2179999 51
-1.503 2.1070001 2.2190001 58
-1.307 2.418 2.201 64
-1.3940001 2.303 2.2119999 64
-1.48 2.187 2.2219999 58
-1.548 2.0669999 2.223 64
-1.364 2.3929999 2.2030001 56
-1.4450001 2.27 2.2119999 60
-1.528 2.151 2.2249999 55
-1.591 2.026 2.2249999 59
-1.416 2.3599999 2.1989999 69
-1.4960001 2.2390001 2.214 60
-1.572 2.1099999 2.224 56
-1.631 1.9809999 2.2249999 60
-1.475 2.3380001 2.2060001 71
-1.546 2.2030001 2.214 58
-1.6160001 2.069 2.224 55
-1.676 1.942 2.233 64
-1.528 2.3050001 2.204 69
-1.594 2.1670001 2.214 65
-1.663 2.0320001 2.23 57
-1.7130001 1.896 2.2320001 57
-1.585 2.277 2.2090001 63
-1.646 2.135 2.2190001 70
-1.706 1.99 2.2309999 57
-1.748 1.848 2.23 59
-1.6390001 2.2460001 2.211 55
-1.696 2.099 2.223 64
-1.747 1.947 2.2309999 57
-1.785 1.801 2.2320001 63
-1.691 2.211 2.211 58
-1.739 2.0569999 2.22 66
-1.79 1.906 2.234 56
-1.822 1.757 2.237 65
-1.742 2.1730001 2.211 61
-1.785 2.017 2.221 70
-1.832 1.865 2.2390001 60
-1.855 1.7079999 2.2360001 53
-1.7970001 2.141 2.2160001 70
-1.8329999 1.978 2.2249999 64
-1.868 1.817 2.237 47
-1.891 1.664 2.2420001 57
-1.848 2.1029999 2.217 63
-1.876 1.9349999 2.2249999 57
-1.91 1.775 2.243 60
-1.92 1.613 2.2409999 55
-1.8940001 2.0580001 2.2130001 57
-1.923 1.896 2.23 67
-1.948 1.729 2.2460001 56
-1.951 1.5650001 2.243 58
-1.947 2.0209999 2.2179999 55
-1.965 1.851 2.2309999 67
-1.98 1.6799999 2.244 62
-1.9809999 1.517 2.2460001 56
-1.995 1.979 2.2190001 61
-2.006 1.806 2.2320001 66
-2.02 1.636 2.2509999 56
-2.01 1.467 2.2479999 63
-2.0439999 1.937 2.2219999 65
-2.049 1.763 2.237 65
-2.0539999 1.5880001 2.2539999 57
-2.0350001 1.416 2.2479999 60
-2.0910001 1.892 2.224 62
-2.086 1.714 2.2360001 68
-2.082 1.536 2.25 59
-2.0610001 1.3660001 2.25 64
-2.1359999 1.846 2.2249999 59
-2.1259999 1.6670001 2.2379999 63
-2.115 1.488 2.2550001 58
-2.0869999 1.316 2.253 62
-2.1789999 1.7970001 2.224 58
-2.165 1.62 2.2420001 69
-2.141 1.4349999 2.2520001 69
-2.108 1.2640001 2.2539999 70
-2.2249999 1.751 2.2279999 61
-2.2019999 1.571 2.2449999 70
-2.1700001 1.385 2.2539999 66
-2.1329999 1.215 2.2579999 67
-2.2650001 1.7 2.2279999 60
-2.233 1.518 2.243 62
-2.2 1.335 2.2579999 69
-2.154 1.163 2.2590001 63
-2.3099999 1.652 2.2320001 61
-2.2709999 1.469 2.2479999 65
-2.227 1.284 2.2609999 69
-2.171 1.11 2.2590001 70
-2.3570001 1.605 2.2409999 63
-2.3050001 1.418 2.2509999 71
-2.2520001 1.232 2.263 68
-2.194 1.061 2.266 67
-2.3940001 1.551 2.2409999 64
-2.3380001 1.3660001 2.2539999 76
-2.2780001 1.1799999 2.266 71
-2.211 1.0089999 2.267 74
-2.4289999 1.495 2.24 63
-2.3640001 1.3099999 2.2520001 66
-2.3010001 1.127 2.2679999 68
-2.223 0.95499998 2.2639999 63
-2.46 1.437 2.237 79
-2.3970001 1.258 2.2579999 73
-2.3210001 1.073 2.2690001 60
-2.2420001 0.90499997 2.2709999 54
-2.3199999 1.284 2.0810001 47
-2.4089999 1.194 2.244 116
-2.346 1.021 2.2750001 70
-2.2539999 0.852 2.27 66
-2.302 1.205 2.0380001 44
-2.29 1.071 2.112 93
-2.3699999 0.96899998 2.2809999 33
-2.263 0.79799998 2.2690001 53
-2.2909999 1.132 2.0050001 49
-2.2590001 0.995 2.0650001 54
-2.243 0.85900003 2.145 17
-2.2820001 0.74800003 2.2780001 66
-2.2750001 1.059 1.9680001 47
-2.2449999 0.92799997 2.0339999 58
-2.2449999 0.80199999 2.1329999 75
-2.2880001 0.69499999 2.276 71
-2.2609999 0.99000001 1.936 59
-2.233 0.86400002 2.007 55
-2.404 0.79900002 2.2720001 73
-2.296 0.64200002 2.276 63
-2.247 0.92199999 1.905 55
-2.2249999 0.80299997 1.985 51
-2.4260001 0.74599999 2.2809999 68
-2.306 0.58999997 2.28 64
-2.2349999 0.85600001 1.878 55
-2.322 0.77899998 2.0569999 42
-2.4419999 0.69199997 2.286 77
-2.3080001 0.537 2.277 59
-2.2290001 0.79500002 1.857 43
-2.527 0.78399998 2.224 150
-2.451 0.63599998 2.286 70
-2.313 0.48500001 2.2780001 62
-2.339 0.773 1.933 31
-2.5969999 0.741 2.273 78
-2.46 0.57999998 2.286 72
-2.3199999 0.433 2.2809999 66
-2.464 0.75099999 2.0220001 32
-2.6110001 0.68099999 2.273 79
-2.4679999 0.52399999 2.2869999 77
-2.3239999 0.382 2.283 61
-2.71 0.75700003 2.2090001 150
-2.6229999 0.62 2.2739999 72
-2.4779999 0.46799999 2.2909999 69
-2.326 0.33000001 2.2850001 65
-2.799 0.71200001 2.2679999 68
-2.6359999 0.56 2.276 78
-2.48 0.41100001 2.2880001 69
-2.3299999 0.27900001 2.289 54
-2.8139999 0.64600003 2.2690001 68
-2.6459999 0.49900001 2.277 72
-2.4890001 0.35600001 2.293 74
-2.325 0.227 2.2850001 59
-2.8280001 0.57999998 2.2690001 67
-2.658 0.43900001 2.28 76
-2.4909999 0.30000001 2.2920001 64
-2.329 0.176 2.2909999 62
-2.8440001 0.514 2.273 66
-2.661 0.377 2.2780001 76
-2.4920001 0.244 2.2920001 62
-2.326 0.125 2.2909999 59
-2.8540001 0.447 2.2739999 67
-2.671 0.317 2.2820001 78
-2.493 0.18799999 2.2939999 57
-2.3269999 0.075000003 2.296 64
-2.862 0.37900001 2.2739999 68
-2.678 0.255 2.286 78
-2.4979999 0.133 2.3 64
-2.3210001 0.024 2.2950001 59
-2.8800001 0.31299999 2.283 70
-2.6830001 0.19400001 2.289 70
-2.4979999 0.077 2.302 62
-2.3139999 -0.025 2.2950001 65
-2.8789999 0.244 2.2780001 73
-2.681 0.132 2.2869999 70
-2.4890001 0.022 2.2969999 68
-2.3099999 -0.075000003 2.2969999 64
-2.8829999 0.176 2.279 71
-2.6819999 0.071000002 2.2880001 71
-2.4909999 -0.033 2.3039999 61
-2.2980001 -0.124 2.2939999 66
-2.898 0.109 2.2909999 45
-2.684 0.0099999998 2.2920001 76
-2.4860001 -0.088 2.3050001 71
-2.296 -0.17299999 2.3 70
-2.908 0.041000001 2.3 42
-2.678 -0.050999999 2.2920001 70
-2.4849999 -0.14300001 2.3099999 68
-2.2869999 -0.222 2.3 68
-2.9070001 -0.027000001 2.3010001 42
-2.6760001 -0.112 2.2939999 70
-2.4790001 -0.198 2.313 68
-2.277 -0.27000001 2.302 63
-2.9030001 -0.096000001 2.302 42
-2.6670001 -0.17299999 2.2920001 61
-2.4649999 -0.25099999 2.3080001 64
-2.273 -0.31900001 2.309 56
-2.898 -0.164 2.303 42
-2.6630001 -0.234 2.296 66
-2.46 -0.30599999 2.3139999 71
-2.257 -0.366 2.3050001 59
-2.8940001 -0.233 2.306 42
-1.589 -0.176 1.376 2
-2.448 -0.36000001 2.313 65
-2.2449999 -0.414 2.306 64
-1.63 -0.17 1.303 3
-1.548 -0.207 1.345 21
-2.4349999 -0.41299999 2.313 57
-2.2360001 -0.461 2.3110001 73
-1.573 -0.20200001 1.263 36
-1.53 -0.241 1.337 32
-2.4319999 -0.46700001 2.3239999 65
-2.224 -0.50800002 2.3139999 64
-1.549 -0.236 1.249 24
-1.535 -0.278 1.348 19
-2.4170001 -0.51999998 2.3239999 62
-2.2079999 -0.55400002 2.3139999 61
-1.556 -0.27500001 1.262 40
-1.5549999 -0.31799999 1.374 4
-2.3989999 -0.57200003 2.322 67
-2.197 -0.60100001 2.3199999 64
-1.569 -0.31600001 1.28 15
-2.5969999 -0.59500003 2.3099999 70
-2.3900001 -0.62599999 2.3299999 66
-2.181 -0.64700001 2.3199999 67
-2.8099999 -0.63599998 2.3069999 64
-2.586 -0.65499997 2.316 73
-2.368 -0.676 2.326 66
-2.1630001 -0.69099998 2.3199999 64
-2.796 -0.70300001 2.313 68
-2.569 -0.71399999 2.3180001 73
-2.3540001 -0.72799999 2.3310001 72
-2.1489999 -0.73699999 2.326 68
-2.776 -0.76800001 2.3139999 70
-2.5480001 -0.77100003 2.3180001 66
-2.3410001 -0.78100002 2.3380001 70
-2.1300001 -0.78100002 2.326 66
-2.756 -0.83399999 2.3169999 63
-2.533 -0.82999998 2.325 70
-2.3210001 -0.83200002 2.3399999 65
-2.1140001 -0.82599998 2.3299999 72
-2.7349999 -0.89899999 2.3210001 62
-2.5120001 -0.88700002 2.3269999 70
-2.2969999 -0.88 2.3380001 60
-2.0929999 -0.86900002 2.3310001 69
-2.71 -0.963 2.322 65
-2.487 -0.94300002 2.3280001 72
-2.2780001 -0.93099999 2.3429999 64
-2.072 -0.912 2.3310001 61
-2.6819999 -1.025 2.323 62
-2.4619999 -0.99900001 2.329 60
-2.2539999 -0.98000002 2.3429999 66
-2.0539999 -0.95599997 2.336 73
-2.6570001 -1.089 2.3280001 65
-2.4349999 -1.054 2.3299999 66
-2.23 -1.027 2.3440001 58
-2.0309999 -0.99800003 2.336 69
-2.6270001 -1.15 2.3299999 60
-2.405 -1.107 2.329 71
-2.204 -1.075 2.345 57
-2.007 -1.038 2.335 63
-2.592 -1.209 2.3280001 54
-2.3840001 -1.163 2.3369999 65
-2.1800001 -1.122 2.3469999 58
-1.982 -1.079 2.335 60
-2.5639999 -1.271 2.3340001 50
-2.3510001 -1.215 2.336 62
-2.1489999 -1.1670001 2.345 55
-1.9579999 -1.119 2.336 62
-2.53 -1.331 2.3369999 44
-2.312 -1.263 2.329 53
-2.1229999 -1.214 2.348 52
-1.939 -1.1619999 2.3429999 59
-2.493 -1.388 2.3369999 43
-2.2850001 -1.317 2.336 48
-2.092 -1.257 2.346 44
-1.911 -1.2 2.3410001 53
-2.4590001 -1.447 2.3429999 41
-2.2520001 -1.367 2.3369999 46
-2.0639999 -1.303 2.3499999 50
-1.886 -1.24 2.3440001 56
-2.4189999 -1.502 2.3429999 41
-2.2190001 -1.4170001 2.3399999 45
-2.0380001 -1.349 2.355 45
-1.86 -1.279 2.345 57
-2.372 -1.552 2.339 39
-2.184 -1.467 2.342 45
-2.003 -1.39 2.352 49
-1.83 -1.316 2.3440001 52
-2.5380001 -1.748 2.5480001 40
-2.148 -1.515 2.3440001 45
-1.971 -1.433 2.3540001 50
-1.808 -1.357 2.352 49
-2.4909999 -1.8049999 2.55 37
-2.2920001 -1.697 2.5480001 115
-1.938 -1.474 2.355 49
-1.775 -1.391 2.3469999 56
-2.4590001 -1.873 2.569 43
-2.2509999 -1.747 2.55 43
-1.976 -1.572 2.4449999 150
-1.745 -1.427 2.348 56
-2.408 -1.927 2.569 45
-2.221 -1.806 2.5669999 46
-2.0179999 -1.679 2.5450001 42
-1.735 -1.48 2.375 98
-2.3570001 -1.98 2.5710001 48
-2.177 -1.855 2.569 49
-2.0009999 -1.74 2.573 59
-1.8329999 -1.63 2.556 54
-2.3080001 -2.0339999 2.576 49
-2.1329999 -1.903 2.572 49
-1.961 -1.781 2.572 54
-1.7920001 -1.6619999 2.5469999 69
-2.256 -2.086 2.5799999 50
-2.086 -1.949 2.5739999 51
-1.921 -1.823 2.5739999 56
-1.774 -1.715 2.572 61
-2.201 -2.135 2.5810001 51
-2.0380001 -1.992 2.5739999 52
-1.885 -1.868 2.582 67
-1.7359999 -1.749 2.569 66
-2.1440001 -2.1800001 2.5810001 51
-1.992 -2.039 2.579 55
-1.844 -1.908 2.5840001 58
-1.702 -1.786 2.572 63
-2.0869999 -2.2260001 2.5829999 53
-1.942 -2.0799999 2.5799999 60
-1.8 -1.946 2.5829999 58
-1.665 -1.822 2.573 51
-2.0220001 -2.2620001 2.576 64
-1.89 -2.1199999 2.5799999 54
-1.756 -1.983 2.5840001 59
-1.627 -1.855 2.572 63
-1.9630001 -2.3050001 2.5780001 60
-1.84 -2.161 2.582 62
-1.715 -2.023 2.589 62
-1.589 -1.89 2.573 58
-1.913 -2.358 2.5929999 54
-1.789 -2.2 2.585 63
-1.6670001 -2.056 2.586 55
-1.55 -1.923 2.573 60
-1.85 -2.3929999 2.5910001 55
-1.72 -2.2179999 2.563 40
-1.6210001 -2.0910001 2.5869999 61
-1.511 -1.956 2.5739999 60
-1.785 -2.4260001 2.5880001 52
-1.682 -2.273 2.5869999 55
-1.573 -2.122 2.585 62
-1.47 -1.9859999 2.572 59
-1.727 -2.4690001 2.5969999 50
-1.627 -2.3069999 2.5869999 52
-1.522 -2.1489999 2.5780001 60
-1.4299999 -2.017 2.573 57
-1.661 -2.4990001 2.5940001 50
-1.568 -2.335 2.5829999 50
-1.474 -2.1800001 2.5780001 62
-1.392 -2.052 2.579 53
-1.597 -2.53 2.5940001 50
-1.513 -2.3670001 2.585 51
-1.4299999 -2.217 2.5869999 59
-1.35 -2.0810001 2.5780001 53
-1.5319999 -2.5610001 2.596 50
-1.455 -2.395 2.5829999 52
-1.382 -2.2479999 2.5880001 52
-1.3049999 -2.1070001 2.575 70
-1.465 -2.586 2.5929999 49
-1.398 -2.425 2.585 48
-1.3329999 -2.277 2.5899999 53
-1.2589999 -2.1289999 2.5669999 51
-1.396 -2.605 2.5869999 51
-1.341 -2.4519999 2.586 48
-1.281 -2.303 2.5880001 56
-1.219 -2.1619999 2.5739999 51
-1.3329999 -2.6370001 2.595 50
-1.284 -2.4790001 2.5880001 48
-1.2309999 -2.329 2.5869999 55
-1.179 -2.197 2.5840001 57
-1.265 -2.6559999 2.592 49
-1.224 -2.5009999 2.586 47
-1.181 -2.3570001 2.592 54
-1.1339999 -2.2219999 2.582 49
-1.199 -2.6800001 2.595 49
-1.1670001 -2.529 2.592 51
-1.13 -2.3829999 2.5940001 51
-1.09 -2.247 2.5829999 52
-1.133 -2.7019999 2.598 51
-1.109 -2.552 2.5940001 50
-1.0779999 -2.4070001 2.5940001 51
-1.045 -2.2739999 2.586 52
-1.039 -2.651 2.5339999 150
-1.045 -2.5639999 2.586 55
-1.027 -2.431 2.596 52
-0.99800003 -2.2969999 2.585 52
-0.99900001 -2.7379999 2.602 51
-0.98799998 -2.5910001 2.5940001 53
-0.97399998 -2.4519999 2.5969999 53
-0.95099998 -2.319 2.5829999 52
-0.93000001 -2.747 2.598 48
-0.92799997 -2.609 2.596 52
-0.91799998 -2.467 2.5910001 54
-0.90499997 -2.3440001 2.5869999 53
-0.86199999 -2.7609999 2.5999999 48
-0.86500001 -2.618 2.5899999 50
-0.86500001 -2.4879999 2.5940001 53
-0.85699999 -2.3640001 2.586 55
-0.79299998 -2.767 2.5969999 49
-0.80599999 -2.6389999 2.596 55
-0.81099999 -2.506 2.5940001 53
-0.80900002 -2.3859999 2.5869999 54
-0.72600001 -2.776 2.5969999 50
-0.74400002 -2.6500001 2.595 51
-0.75599998 -2.52 2.592 56
-0.76099998 -2.4070001 2.589 61
-0.65799999 -2.783 2.5969999 47
-0.68199998 -2.6570001 2.5910001 53
-0.70200002 -2.539 2.595 56
-0.71200001 -2.425 2.589 65
-0.58999997 -2.7850001 2.595 50
-0.62199998 -2.671 2.5940001 60
-0.648 -2.556 2.598 54
-0.66100001 -2.4389999 2.5840001 57
-0.523 -2.7920001 2.598 51
-0.56099999 -2.6819999 2.5969999 56
-0.59100002 -2.5680001 2.5969999 54
-0.61400002 -2.4660001 2.595 56
-0.456 -2.796 2.5999999 48
-0.49900001 -2.6849999 2.5929999 53
-0.53600001 -2.5829999 2.5999999 57
-0.56300002 -2.48 2.5929999 56
-0.389 -2.7969999 2.602 48
-0.43799999 -2.698 2.6010001 57
-0.47999999 -2.5940001 2.599 55
-0.51099998 -2.4949999 2.5929999 52
-0.32300001 -2.8 2.605 47
-0.377 -2.7030001 2.6010001 54
-0.42399999 -2.6029999 2.599 56
-0.46200001 -2.5179999 2.602 60
-0.25600001 -2.7920001 2.6010001 51
-0.315 -2.7019999 2.5969999 49
-0.368 -2.612 2.599 54
-0.40900001 -2.529 2.5999999 58
-0.19 -2.783 2.5969999 51
-0.25400001 -2.7090001 2.602 52
-0.31099999 -2.619 2.599 55
-0.35699999 -2.5409999 2.598 61
-0.125 -2.783 2.6029999 52
-0.192 -2.698 2.592 50
-0.25400001 -2.6229999 2.5969999 53
-0.30399999 -2.5550001 2.602 55
-0.059999999 -2.7739999 2.602 54
-0.131 -2.701 2.595 53
-0.198 -2.6329999 2.6010001 62
-0.25099999 -2.5650001 2.6010001 59
0.0040000002 -2.7579999 2.596 59
-0.07 -2.7 2.5969999 55
-0.14 -2.6329999 2.5969999 54
-0.197 -2.5650001 2.5910001 61
0.068000004 -2.7550001 2.6040001 52
-0.0099999998 -2.6930001 2.5940001 57
-0.082999997 -2.6340001 2.595 56
-0.14399999 -2.582 2.599 56
0.132 -2.7420001 2.602 53
0.048999999 -2.688 2.5929999 53
-0.026000001 -2.641 2.5999999 61
-0.090000004 -2.589 2.599 61
0.19400001 -2.7249999 2.599 54
0.11 -2.687 2.598 55
0.029999999 -2.638 2.5969999 59
-0.035 -2.592 2.596 61
0.257 -2.7149999 2.6040001 52
0.169 -2.6760001 2.596 60
0.086999997 -2.6370001 2.596 58
0.017999999 -2.599 2.598 62
0.31799999 -2.694 2.5999999 52
0.229 -2.668 2.596 60
0.145 -2.638 2.599 61
0.074000001 -2.6010001 2.595 60
0.37799999 -2.6760001 2.599 49
0.289 -2.6619999 2.5999999 59
0.20200001 -2.6329999 2.598 57
0.12899999 -2.608 2.599 59
0.43900001 -2.661 2.6029999 48
0.34599999 -2.6440001 2.5940001 58
0.259 -2.6329999 2.6010001 58
0.185 -2.6140001 2.6029999 55
0.49700001 -2.635 2.598 51
0.405 -2.631 2.5929999 54
0.31600001 -2.6270001 2.6010001 56
0.23999999 -2.612 2.5999999 53
0.55500001 -2.6099999 2.595 51
0.463 -2.618 2.5940001 55
0.373 -2.6159999 2.596 56
0.296 -2.609 2.5969999 54
0.61400002 -2.592 2.5999999 51
0.51999998 -2.6040001 2.595 55
0.42899999 -2.6070001 2.595 55
0.35299999 -2.6129999 2.602 61
0.67000002 -2.5639999 2.595 51
0.57599998 -2.5829999 2.5910001 55
0.486 -2.598 2.5940001 55
0.40799999 -2.6040001 2.5969999 56
0.72600001 -2.539 2.595 54
0.634 -2.5680001 2.5929999 55
0.54299998 -2.5869999 2.5940001 55
0.465 -2.6010001 2.5969999 63
0.736 -2.368 2.4449999 150
0.69 -2.5510001 2.595 57
0.59899998 -2.576 2.5940001 57
0.52100003 -2.595 2.596 59
0.75599998 -2.2509999 2.3499999 49
0.74199998 -2.5190001 2.5829999 68
0.65499997 -2.5639999 2.595 61
0.57800001 -2.5899999 2.5969999 54
0.38699999 -1.0700001 1.13 0
0.72899997 -2.286 2.3640001 99
0.70999998 -2.5480001 2.5929999 58
0.634 -2.5799999 2.5929999 53
0.36199999 -0.93400002 0.99800003 1
0.78500003 -2.2850001 2.3829999 150
0.73100001 -2.418 2.474 150
0.69 -2.5710001 2.5929999 56
0.40799999 -0.98500001 1.067 3
0.38100001 -1.034 1.0880001 1
0.74199998 -2.2739999 2.3410001 53
0.74900001 -2.5669999 2.598 57
0.42399999 -0.96200001 1.056 6
0.38299999 -0.972 1.033 3
0.84299999 -2.405 2.493 59
0.74000001 -2.346 2.385 150
0.44499999 -0.94999999 1.057 5
0.40799999 -0.972 1.044 5
0.36300001 -0.96899998 1.012 1
0.78399998 -2.312 2.362 97
0.47299999 -0.95499998 1.077 5
0.43000001 -0.96499997 1.048 6
0.403 -1.008 1.061 3
0.38699999 -1.067 1.095 1
0.49599999 -0.94599998 1.0829999 7
0.45199999 -0.95599997 1.05 6
0.412 -0.96799999 1.028 6
0.37099999 -0.95599997 0.98799998 2
0.52200001 -0.94400001 1.098 6
0.477 -0.95300001 1.0599999 5
0.43700001 -0.96799999 1.0369999 1
0.40599999 -0.98500001 1.023 4
0.54799998 -0.94 1.1109999 1
0.5 -0.94700003 1.067 6
0.46000001 -0.96200001 1.04 6
0.42399999 -0.96700001 1.012 6
0.55000001 -0.89700001 1.0779999 1
0.52700001 -0.94700003 1.081 6
0.48300001 -0.95499998 1.043 6
0.44600001 -0.95999998 1.012 6
1.368 -2.1199999 2.592 46
0.54799998 -0.93599999 1.0829999 2
0.505 -0.94700003 1.045 6
0.46900001 -0.95499998 1.016 6
1.411 -2.0840001 2.5940001 45
0.551 -0.89399999 1.05 1
0.53399998 -0.95200002 1.063 4
0.49200001 -0.949 1.017 6
1.451 -2.0420001 2.5899999 47
1.404 -2.1700001 2.5869999 52
0.54699999 -0.926 1.046 2
0.51700002 -0.94599998 1.024 7
1.489 -2 2.5869999 46
1.452 -2.1400001 2.592 56
1.403 -2.26 2.585 49
0.55199999 -0.95899999 1.048 2
1.529 -1.961 2.5880001 46
1.493 -2.0999999 2.586 59
1.454 -2.2320001 2.5869999 51
0.54100001 -0.89600003 0.98900002 1
1.566 -1.919 2.585 46
1.536 -2.062 2.5829999 51
1.502 -2.2 2.586 53
1.474 -2.3210001 2.5929999 53
1.603 -1.8789999 2.586 41
1.579 -2.0250001 2.5829999 52
1.55 -2.1659999 2.5840001 50
1.531 -2.2980001 2.598 62
1.638 -1.835 2.5829999 42
1.618 -1.984 2.5780001 47
1.599 -2.1340001 2.585 51
1.581 -2.2639999 2.5929999 52
1.674 -1.794 2.585 41
1.661 -1.947 2.5799999 47
1.6440001 -2.0969999 2.5810001 48
1.6339999 -2.233 2.592 54
1.707 -1.751 2.5829999 40
1.702 -1.91 2.5810001 48
1.691 -2.0610001 2.5799999 48
1.689 -2.2049999 2.595 50
1.74 -1.707 2.5829999 42
1.74 -1.868 2.579 45
1.74 -2.03 2.586 49
1.7410001 -2.1719999 2.595 53
1.7690001 -1.6619999 2.5780001 41
1.78 -1.829 2.5810001 45
1.783 -1.989 2.582 45
1.79 -2.1359999 2.592 46
1.8 -1.618 2.579 39
1.817 -1.788 2.5799999 46
1.826 -1.95 2.5799999 44
1.841 -2.0999999 2.5929999 46
1.8279999 -1.572 2.5769999 38
1.85 -1.742 2.5739999 46
1.873 -1.914 2.585 47
1.89 -2.062 2.5910001 48
1.849 -1.521 2.5650001 44
1.887 -1.7 2.575 46
1.911 -1.869 2.5769999 51
1.936 -2.0190001 2.585 52
1.877 -1.477 2.5650001 44
1.919 -1.655 2.572 51
1.951 -1.825 2.5739999 46
1.9859999 -1.982 2.5880001 51
1.9069999 -1.4349999 2.5699999 51
1.95 -1.608 2.5669999 49
1.995 -1.785 2.5769999 48
2.033 -1.941 2.5869999 50
1.9299999 -1.388 2.566 46
1.983 -1.5650001 2.5680001 49
2.029 -1.737 2.569 47
2.076 -1.895 2.5810001 50
1.956 -1.3430001 2.5680001 51
2.007 -1.513 2.5569999 53
2.063 -1.689 2.563 47
2.1240001 -1.854 2.5829999 48
1.977 -1.295 2.563 45
2.0350001 -1.466 2.553 57
2.1059999 -1.648 2.569 51
2.1670001 -1.808 2.5810001 48
1.997 -1.248 2.5610001 51
2.069 -1.423 2.5580001 55
2.138 -1.598 2.562 50
2.207 -1.7589999 2.575 50
2.0179999 -1.202 2.5599999 49
2.098 -1.377 2.559 55
2.1730001 -1.551 2.5599999 49
2.2539999 -1.716 2.5799999 48
2.0350001 -1.153 2.5550001 45
2.122 -1.327 2.553 52
2.2079999 -1.503 2.5599999 51
2.293 -1.665 2.575 47
2.0550001 -1.107 2.5550001 50
2.152 -1.2819999 2.5569999 56
2.2390001 -1.4529999 2.556 59
2.332 -1.615 2.573 51
2.076 -1.061 2.5569999 49
2.175 -1.232 2.553 53
2.27 -1.403 2.553 57
2.3710001 -1.5650001 2.572 54
2.092 -1.0140001 2.5550001 47
2.197 -1.182 2.5510001 57
2.309 -1.357 2.5599999 62
2.408 -1.512 2.569 55
2.105 -0.96499997 2.55 46
2.224 -1.135 2.5539999 64
2.339 -1.306 2.559 63
2.4449999 -1.459 2.5680001 57
2.125 -0.921 2.556 52
2.2449999 -1.085 2.552 60
2.3629999 -1.251 2.552 63
2.473 -1.402 2.559 61
2.1370001 -0.87199998 2.552 58
2.2650001 -1.035 2.55 57
2.395 -1.201 2.5550001 60
2.507 -1.347 2.5580001 63
2.0650001 -0.792 2.4489999 150
2.286 -0.98500001 2.5510001 61
2.4170001 -1.146 2.549 60
2.5420001 -1.2920001 2.5580001 55
2.007 -0.72100002 2.3659999 150
2.303 -0.93400002 2.5480001 63
2.4419999 -1.0930001 2.5480001 60
2.5769999 -1.237 2.5599999 69
1.993 -0.66900003 2.336 52
2.3169999 -0.88200003 2.5420001 74
2.4630001 -1.0369999 2.543 68
2.6010001 -1.178 2.553 63
2 -0.625 2.3310001 55
2.3310001 -0.82999998 2.5380001 89
2.487 -0.98199999 2.543 71
2.6270001 -1.118 2.5480001 58
2.0090001 -0.58200002 2.3310001 57
2.2179999 -0.736 2.398 154
2.5039999 -0.92500001 2.5380001 66
2.6589999 -1.061 2.552 65
2.0109999 -0.537 2.323 76
2.174 -0.66900003 2.335 97
2.527 -0.87 2.539 68
2.681 -1 2.546 62
1.9400001 -0.47400001 2.2320001 150
2.178 -0.61900002 2.325 60
2.5469999 -0.81400001 2.5380001 67
2.7079999 -0.94 2.546 69
1.928 -0.42899999 2.21 150
2.1919999 -0.57200003 2.3269999 63
2.4649999 -0.72799999 2.438 150
2.734 -0.88 2.5480001 66
2.027 -0.40599999 2.3169999 67
2.1960001 -0.523 2.319 68
2.3859999 -0.648 2.3440001 146
2.7539999 -0.81699997 2.5450001 66
2.039 -0.36500001 2.323 57
2.0369999 -0.43900001 2.141 155
2.378 -0.58899999 2.3199999 63
2.7709999 -0.75400001 2.54 70
2.0450001 -0.322 2.325 58
2.086 -0.40200001 2.1830001 138
1.8789999 -0.421 1.823 6
2.6949999 -0.667 2.4530001 150
2.05 -0.27900001 2.326 60
2.211 -0.377 2.306 70
2.1860001 -0.43900001 2.109 150
1.872 -0.41800001 1.693 6
2.049 -0.236 2.3199999 54
2.2309999 -0.331 2.3180001 60
2.24 -0.398 2.151 150
2.5580001 -0.50999999 2.299 150
2.052 -0.193 2.3210001 51
2.2360001 -0.28299999 2.3169999 63
2.2980001 -0.35499999 2.197 150
2.599 -0.456 2.323 78
2.0510001 -0.15000001 2.3169999 53
2.2390001 -0.234 2.3150001 60
2.425 -0.31999999 2.3099999 67
2.4100001 -0.366 2.1429999 150
2.052 -0.107 2.316 53
2.24 -0.186 2.312 63
2.4360001 -0.266 2.313 60
2.404 -0.30899999 2.128 59
2.049 -0.064999998 2.313 52
2.243 -0.13699999 2.312 67
2.438 -0.211 2.309 62
2.628 -0.27599999 2.3180001 75
2.0469999 -0.023 2.3110001 56
2.2449999 -0.089000002 2.3110001 61
2.4419999 -0.15700001 2.3069999 63
2.632 -0.21600001 2.3150001 73
2.0420001 0.018999999 2.3069999 61
2.243 -0.039999999 2.3069999 58
2.4449999 -0.102 2.3069999 60
2.6329999 -0.155 2.3099999 74
2.0439999 0.061000001 2.3110001 57
2.2379999 0.0070000002 2.303 63
2.4449999 -0.046999998 2.3039999 55
2.6389999 -0.093999997 2.3110001 65
2.039 0.103 2.3080001 57
2.2390001 0.055 2.3039999 65
2.4449999 0.0070000002 2.302 64
2.6370001 -0.033 2.3050001 69
2.0339999 0.145 2.306 58
2.2360001 0.104 2.302 61
2.4400001 0.061999999 2.2980001 61
2.6340001 0.027000001 2.3010001 59
2.033 0.186 2.3080001 62
2.227 0.15099999 2.2950001 65
2.437 0.116 2.296 63
2.632 0.088 2.299 78
2.023 0.228 2.3010001 60
2.223 0.199 2.2950001 63
2.4330001 0.171 2.2939999 65
2.6270001 0.148 2.296 70
2.0150001 0.26899999 2.2980001 62
2.2179999 0.24699999 2.2950001 63
2.4230001 0.22499999 2.2880001 63
2.619 0.20900001 2.2909999 76
2.0120001 0.31 2.3010001 60
2.211 0.294 2.2920001 64
2.4159999 0.27900001 2.286 66
2.6140001 0.27000001 2.29 82
2.0020001 0.35100001 2.2980001 64
2.2019999 0.34200001 2.29 64
2.4089999 0.333 2.2839999 62
2.605 0.33000001 2.2869999 81
1.992 0.391 2.2950001 58
2.194 0.389 2.29 63
2.401 0.38699999 2.2839999 64
2.5940001 0.38999999 2.2839999 65
1.982 0.43200001 2.2920001 67
2.184 0.43599999 2.2880001 59
2.388 0.44 2.28 67
2.5880001 0.45100001 2.286 84
1.9680001 0.47099999 2.2850001 57
2.1730001 0.48300001 2.286 61
2.378 0.49399999 2.28 68
2.5710001 0.50999999 2.2809999 78
1.961 0.51200002 2.2880001 64
2.161 0.52899998 2.2839999 53
2.3659999 0.54699999 2.28 68
2.5580001 0.56900001 2.28 74
1.951 0.55199999 2.2880001 64
2.1500001 0.57599998 2.2839999 66
2.3469999 0.59899998 2.273 70
2.5450001 0.62900001 2.28 68
1.939 0.59200001 2.2869999 61
2.1289999 0.61900002 2.2750001 64
2.3329999 0.65200001 2.2720001 72
2.526 0.68699998 2.2780001 71
1.926 0.63099998 2.2850001 64
2.1240001 0.66799998 2.2839999 64
2.3180001 0.704 2.2720001 71
2.5050001 0.745 2.2739999 74
1.911 0.66900003 2.2809999 59
2.1010001 0.71100003 2.2739999 66
2.296 0.75400001 2.267 66
2.487 0.80299997 2.2739999 76
1.897 0.708 2.28 66
2.0840001 0.755 2.2720001 68
2.2780001 0.80599999 2.266 64
2.4679999 0.861 2.2739999 77
1.881 0.74599999 2.276 63
2.0710001 0.80199999 2.2750001 71
2.2579999 0.85600001 2.2639999 65
2.4389999 0.91500002 2.267 77
1.869 0.78600001 2.2780001 67
2.05 0.84500003 2.27 61
2.2390001 0.90799999 2.266 63
2.4170001 0.972 2.267 74
1.853 0.824 2.277 66
2.0309999 0.889 2.27 67
2.2149999 0.95599997 2.2620001 62
2.3929999 1.028 2.267 77
1.835 0.86199999 2.273 61
2.0139999 0.93300003 2.2709999 63
2.191 1.006 2.2609999 65
2.3670001 1.0829999 2.267 72
1.817 0.89899999 2.2709999 60
1.9910001 0.97600001 2.267 59
2.1670001 1.054 2.26 62
2.339 1.137 2.266 75
1.803 0.93800002 2.2739999 58
1.967 1.017 2.263 64
2.1429999 1.103 2.26 62
2.306 1.188 2.2620001 75
1.7819999 0.97399998 2.2690001 61
1.949 1.061 2.267 65
2.1140001 1.149 2.257 63
2.2739999 1.24 2.2590001 65
1.765 1.012 2.2709999 68
1.923 1.102 2.2639999 57
2.0869999 1.197 2.257 63
2.244 1.2920001 2.26 63
1.747 1.05 2.2720001 56
1.897 1.141 2.2590001 63
2.0580001 1.242 2.2550001 63
2.2049999 1.34 2.253 64
1.723 1.084 2.2650001 61
1.873 1.183 2.26 65
2.027 1.2869999 2.253 68
2.1670001 1.387 2.2490001 73
1.702 1.12 2.2639999 63
1.847 1.223 2.2579999 65
1.994 1.33 2.25 61
2.131 1.436 2.2479999 69
1.682 1.1569999 2.2650001 69
1.818 1.262 2.256 64
1.9630001 1.375 2.2509999 59
2.0940001 1.484 2.247 66
1.6569999 1.1900001 2.26 62
1.7920001 1.302 2.256 69
1.931 1.419 2.25 63
2.056 1.53 2.2460001 69
1.637 1.227 2.2620001 71
1.763 1.34 2.2539999 66
1.8940001 1.459 2.2460001 57
2.0179999 1.577 2.247 68
1.612 1.261 2.26 68
1.73 1.375 2.2479999 63
1.86 1.501 2.2460001 56
1.977 1.6210001 2.2449999 70
1.5880001 1.296 2.2590001 70
1.704 1.415 2.2520001 64
1.824 1.541 2.2449999 60
1.937 1.665 2.2460001 66
1.562 1.329 2.256 67
1.673 1.452 2.2509999 66
1.7869999 1.581 2.244 59
1.896 1.709 2.247 66
1.539 1.364 2.2579999 62
1.6390001 1.485 2.2460001 66
1.752 1.6210001 2.2460001 63
1.848 1.7460001 2.2409999 66
1.5089999 1.395 2.253 68
1.607 1.521 2.2449999 64
1.711 1.658 2.243 52
1.803 1.785 2.2390001 59
1.485 1.4299999 2.256 67
1.576 1.558 2.247 60
1.67 1.692 2.2390001 59
1.76 1.827 2.2420001 63
1.4579999 1.4630001 2.2539999 63
1.54 1.59 2.244 64
1.631 1.73 2.24 62
1.712 1.862 2.2390001 69
1.428 1.493 2.2520001 66
1.506 1.624 2.243 62
1.587 1.761 2.234 61
1.661 1.8940001 2.233 64
1.401 1.526 2.2520001 68
1.473 1.659 2.2449999 60
1.546 1.796 2.2360001 64
1.615 1.931 2.2349999 66
1.369 1.5549999 2.2479999 63
1.4349999 1.689 2.2420001 66
1.503 1.829 2.234 60
1.568 1.967 2.237 67
1.341 1.5880001 2.25 55
1.399 1.72 2.2409999 63
1.46 1.86 2.234 58
1.515 1.994 2.2309999 66
1.3099999 1.619 2.25 59
1.3609999 1.751 2.24 65
1.416 1.891 2.233 62
1.466 2.0280001 2.234 66
1.28 1.651 2.2520001 60
1.323 1.78 2.2390001 66
1.374 1.925 2.237 65
1.4170001 2.0599999 2.2360001 66
1.247 1.679 2.25 60
1.288 1.813 2.244 57
1.327 1.95 2.233 59
1.364 2.086 2.233 62
1.215 1.709 2.2509999 55
1.248 1.84 2.2409999 59
1.2819999 1.979 2.234 57
1.313 2.1129999 2.233 65
1.1799999 1.734 2.2460001 57
1.2079999 1.867 2.24 60
1.235 2.0050001 2.233 62
1.261 2.1400001 2.234 63
1.1440001 1.7589999 2.2420001 58
1.1670001 1.893 2.2379999 51
1.188 2.0309999 2.2320001 57
1.205 2.1600001 2.23 62
1.1109999 1.788 2.243 56
1.126 1.92 2.2390001 61
1.14 2.0539999 2.23 54
1.152 2.184 2.2309999 63
1.075 1.8150001 2.243 59
1.084 1.943 2.237 58
1.095 2.082 2.2360001 53
1.098 2.2049999 2.23 50
1.039 1.841 2.2420001 52
1.043 1.97 2.2390001 57
1.045 2.1010001 2.233 56
1.043 2.223 2.2279999 56
1.0039999 1.868 2.244 55
1 1.992 2.2379999 57
0.99599999 2.122 2.2320001 48
0.98799998 2.2409999 2.227 65
0.96499997 1.89 2.24 53
0.95700002 2.0139999 2.2379999 59
0.94700003 2.1429999 2.234 56
0.93300003 2.2590001 2.2279999 72
0.92699999 1.913 2.2379999 55
0.91299999 2.0350001 2.237 57
0.89600003 2.158 2.23 56
0.87699997 2.2720001 2.2260001 59
0.88999999 1.939 2.2409999 58
0.86799997 2.056 2.2360001 55
0.847 2.177 2.2309999 57
0.82200003 2.286 2.2249999 60
0.84899998 1.9579999 2.2360001 52
0.82300001 2.072 2.233 49
0.796 2.1930001 2.2309999 58
0.76599997 2.2969999 2.224 59
0.80900002 1.98 2.2360001 58
0.778 2.0929999 2.2349999 56
0.74400002 2.204 2.227 58
0.70899999 2.306 2.2219999 61
0.76999998 2.0039999 2.2379999 51
0.73400003 2.1129999 2.237 55
0.69300002 2.2179999 2.227 56
0.65499997 2.319 2.2249999 57
0.72799999 2.0209999 2.233 54
0.68599999 2.1259999 2.233 56
0.64200002 2.23 2.227 58
0.597 2.322 2.22 59
0.68699998 2.0420001 2.234 50
0.63999999 2.142 2.233 57
0.58999997 2.237 2.2219999 54
0.542 2.3310001 2.2219999 57
0.64600003 2.0639999 2.237 46
0.59299999 2.1559999 2.2320001 58
0.53799999 2.25 2.2249999 59
0.48699999 2.339 2.224 56
0.60299999 2.0810001 2.2360001 59
0.54500002 2.168 2.23 58
0.48699999 2.2590001 2.2249999 48
0.43200001 2.3499999 2.2309999 38
0.55900002 2.096 2.233 59
0.49900001 2.1819999 2.2320001 51
0.43700001 2.277 2.2349999 35
0.375 2.348 2.227 35
0.51599997 2.115 2.234 51
0.45300001 2.204 2.2420001 37
0.384 2.277 2.23 34
0.31999999 2.3529999 2.23 37
0.47499999 2.141 2.2449999 45
0.40400001 2.2130001 2.24 37
0.33199999 2.283 2.2309999 36
0.26499999 2.3510001 2.2279999 36
0.428 2.1500001 2.2390001 40
0.35600001 2.2219999 2.24 38
0.28 2.2850001 2.2290001 35
0.20900001 2.346 2.2249999 37
0.384 2.168 2.243 39
0.30700001 2.2309999 2.24 37
0.228 2.2869999 2.2279999 37
0.154 2.345 2.227 38
0.33700001 2.175 2.2360001 36
0.25799999 2.233 2.234 36
0.176 2.2920001 2.2320001 36
0.098999999 2.336 2.223 38
0.29100001 2.184 2.233 35
0.20900001 2.243 2.2379999 38
0.124 2.2920001 2.2309999 35
0.045000002 2.3340001 2.2260001 37
0.245 2.2049999 2.2420001 37
0.15899999 2.2479999 2.237 38
0.071999997 2.2880001 2.2279999 37
-0.0080000004 2.3280001 2.227 39
0.197 2.2060001 2.233 38
0.109 2.2479999 2.233 38
0.02 2.286 2.2279999 38
-0.061999999 2.3199999 2.227 35
0.15000001 2.2090001 2.227 36
0.059999999 2.253 2.2360001 38
-0.030999999 2.2850001 2.2320001 38
-0.115 2.3050001 2.2219999 47
0.102 2.2260001 2.2349999 37
0.0099999998 2.2550001 2.2360001 37
-0.082000002 2.276 2.227 39
-0.167 2.2880001 2.217 63
0.054000001 2.2309999 2.2320001 37
-0.039000001 2.253 2.233 36
-0.133 2.267 2.224 47
-0.22 2.2780001 2.2179999 67
0.0060000001 2.2349999 2.23 35
-0.088 2.2550001 2.2349999 37
-0.184 2.2579999 2.2219999 62
-0.271 2.263 2.2179999 61
-0.041999999 2.2409999 2.2320001 36
-0.13699999 2.2379999 2.22 50
-0.234 2.2479999 2.221 61
-0.32300001 2.2520001 2.221 58
-0.090999998 2.2449999 2.2320001 37
-0.18700001 2.2360001 2.221 60
-0.285 2.243 2.2260001 61
-0.373 2.2360001 2.22 56
-0.139 2.234 2.217 46
-0.236 2.233 2.2219999 58
-0.33500001 2.2320001 2.2249999 60
-0.421 2.2130001 2.214 59
-0.189 2.24 2.221 60
-0.28600001 2.2279999 2.221 57
-0.38299999 2.2149999 2.22 59
-0.472 2.201 2.22 64
-0.23800001 2.2379999 2.2190001 59
-0.33500001 2.221 2.221 58
-0.433 2.204 2.2219999 58
-0.51999998 2.181 2.22 63
-0.287 2.234 2.2149999 59
-0.38499999 2.214 2.221 56
-0.48199999 2.1930001 2.2249999 62
-0.56800002 2.1619999 2.22 65
-0.338 2.2379999 2.221 55
-0.433 2.2049999 2.22 57
-0.52899998 2.1700001 2.217 57
-0.616 2.1429999 2.223 59
-0.38800001 2.233 2.2179999 56
-0.48300001 2.1949999 2.22 59
-0.579 2.164 2.2279999 58
-0.66299999 2.1199999 2.223 65
-0.43700001 2.2279999 2.2179999 55
-0.53200001 2.1889999 2.224 58
-0.62699997 2.1459999 2.227 63
-0.70700002 2.0929999 2.2190001 54
-0.48800001 2.2249999 2.22 55
-0.57999998 2.175 2.221 61
-0.67199999 2.1240001 2.223 58
-0.755 2.0769999 2.2279999 67
-0.53799999 2.2179999 2.2190001 55
-0.62800002 2.1589999 2.2190001 58
-0.72000003 2.108 2.227 52
-0.79900002 2.052 2.2279999 65
-0.58700001 2.2060001 2.214 56
-0.67699999 2.1500001 2.224 60
-0.76599997 2.0880001 2.227 59
-0.84200001 2.0239999 2.2260001 61
-0.63800001 2.2 2.217 62
-0.72500002 2.1340001 2.223 50
-0.81099999 2.0669999 2.2279999 59
-0.88499999 1.997 2.2260001 68
-0.68900001 2.1930001 2.221 55
-0.773 2.119 2.224 56
-0.85600001 2.0450001 2.2290001 63
-0.92699999 1.971 2.2279999 66
-0.73699999 2.175 2.214 50
-0.82200003 2.1059999 2.2290001 64
-0.90100002 2.0220001 2.23 59
-0.96700001 1.941 2.227 66
-0.78899997 2.1689999 2.22 59
-0.86699998 2.085 2.2260001 57
-0.94400001 1.998 2.23 64
-1.008 1.913 2.2290001 70
-0.83899999 2.1559999 2.221 56
-0.91399997 2.0650001 2.2249999 57
-0.986 1.972 2.23 62
-1.049 1.887 2.233 68
-0.88800001 2.1389999 2.2190001 58
-0.95999998 2.0450001 2.227 64
-1.03 1.949 2.233 61
-1.086 1.853 2.23 65
-0.93900001 2.1270001 2.223 59
-1.008 2.0280001 2.2320001 56
-1.072 1.923 2.2349999 64
-1.126 1.824 2.234 66
-0.98699999 2.1070001 2.22 58
-1.05 2 2.2260001 57
-1.113 1.895 2.2349999 59
-1.164 1.795 2.2379999 65
-1.036 2.0880001 2.22 57
-1.099 1.983 2.234 55
-1.155 1.87 2.24 60
-1.196 1.756 2.2320001 62
-1.087 2.072 2.224 57
-1.14 1.954 2.2290001 64
-1.192 1.836 2.2349999 63
-1.22 1.7079999 2.2130001 63
-1.135 2.049 2.223 56
-1.182 1.925 2.2260001 57
-1.235 1.812 2.2420001 65
-1.247 1.665 2.2019999 66
-1.181 2.0250001 2.221 58
-1.23 1.906 2.2349999 56
-1.271 1.778 2.24 53
-1.299 1.655 2.2349999 59
-1.232 2.007 2.227 59
-1.271 1.876 2.233 49
-1.308 1.747 2.2409999 63
-1.336 1.626 2.2449999 64
-1.278 1.98 2.2249999 56
-1.314 1.849 2.2349999 56
-1.345 1.716 2.243 64
-1.368 1.591 2.2460001 66
-1.322 1.949 2.2190001 55
-1.358 1.823 2.24 58
-1.382 1.683 2.2449999 64
-1.395 1.552 2.2420001 70
-1.373 1.931 2.2290001 56
-1.397 1.79 2.2379999 55
-1.416 1.648 2.2449999 56
-1.426 1.517 2.2449999 68
-1.4170001 1.9 2.227 56
-1.434 1.756 2.2360001 56
-1.4529999 1.617 2.25 63
-1.4529999 1.477 2.243 67
-1.462 1.869 2.2260001 58
-1.477 1.728 2.2420001 61
-1.487 1.582 2.2520001 63
-1.482 1.441 2.2460001 63
-1.508 1.841 2.2290001 52
-1.516 1.694 2.2420001 59
-1.515 1.5420001 2.2460001 65
-1.5089999 1.404 2.2479999 67
-1.552 1.808 2.2290001 58
-1.553 1.66 2.2420001 61
-1.5470001 1.506 2.2479999 64
-1.535 1.3660001 2.25 62
-1.596 1.776 2.23 54
-1.591 1.626 2.2449999 55
-1.5779999 1.47 2.25 63
-1.557 1.325 2.247 71
-1.6390001 1.743 2.2320001 53
-1.627 1.589 2.2449999 54
-1.609 1.433 2.253 63
-1.5829999 1.288 2.2509999 70
-1.682 1.7079999 2.233 61
-1.663 1.553 2.2460001 63
-1.6390001 1.395 2.2550001 64
-1.607 1.25 2.2539999 67
-1.724 1.673 2.2349999 58
-1.699 1.516 2.2490001 62
-1.668 1.357 2.257 65
-1.627 1.209 2.2520001 67
-1.768 1.6390001 2.2420001 63
-1.733 1.478 2.25 64
-1.694 1.317 2.257 65
-1.65 1.17 2.256 66
-1.807 1.599 2.2409999 57
-1.7640001 1.438 2.25 63
-1.721 1.278 2.2590001 64
-1.6720001 1.131 2.2590001 63
-1.844 1.559 2.24 55
-1.798 1.399 2.2520001 49
-1.742 1.235 2.2550001 55
-1.691 1.091 2.26 60
-1.883 1.5190001 2.2420001 60
-1.827 1.357 2.2509999 62
-1.77 1.196 2.26 55
-1.711 1.051 2.263 58
-1.9170001 1.475 2.24 59
-1.857 1.3150001 2.2520001 64
-1.798 1.158 2.2679999 65
-1.73 1.012 2.267 60
-1.952 1.432 2.24 61
-1.891 1.276 2.2590001 62
-1.8200001 1.117 2.2679999 63
-1.742 0.96799999 2.2609999 68
-1.9960001 1.3940001 2.2509999 66
-1.914 1.23 2.2539999 60
-1.835 1.071 2.2620001 62
-1.76 0.92900002 2.266 68
-2.0280001 1.349 2.25 67
-1.9400001 1.1849999 2.253 63
-1.862 1.0319999 2.27 68
-1.775 0.88800001 2.2679999 68
-2.056 1.3 2.2460001 59
-1.972 1.145 2.2609999 62
-1.882 0.98900002 2.2720001 65
-1.79 0.847 2.27 71
-2.0929999 1.256 2.2520001 64
-1.998 1.1 2.263 66
-1.895 0.94300002 2.266 58
-1.801 0.80500001 2.2690001 73
-2.1240001 1.209 2.2539999 63
-2.02 1.054 2.2620001 64
-1.916 0.90200001 2.2720001 59
-1.814 0.764 2.2709999 69
-2.152 1.16 2.253 61
-2.043 1.008 2.263 63
-1.932 0.85799998 2.2720001 62
-1.824 0.72299999 2.2720001 70
-2.1800001 1.1109999 2.2539999 60
-2.0639999 0.96100003 2.2639999 63
-1.947 0.81400001 2.2720001 65
-1.8329999 0.68099999 2.2709999 75
-2.2079999 1.061 2.256 66
-2.085 0.91399997 2.2650001 64
-1.964 0.76999998 2.276 62
-1.849 0.64200002 2.28 78
-2.2349999 1.012 2.2590001 72
-2.105 0.86699998 2.267 65
-1.977 0.72600001 2.276 65
-1.851 0.59799999 2.273 68
-2.263 0.96100003 2.2639999 64
-2.1240001 0.81900001 2.2679999 67
-1.988 0.68099999 2.2750001 67
-1.86 0.55699998 2.276 72
-2.28 0.90700001 2.2590001 56
-2.1429999 0.77100003 2.2709999 62
-2 0.63599998 2.277 64
-1.868 0.51599997 2.279 72
-2.2950001 0.85100001 2.2520001 29
-2.161 0.72299999 2.2739999 71
-2.0139999 0.59200001 2.2820001 61
-1.869 0.47400001 2.2739999 69
-2.3310001 0.80400002 2.2690001 60
-2.1789999 0.67500001 2.2780001 65
-2.0220001 0.54699999 2.2809999 67
-1.8789999 0.43399999 2.28 79
-2.3499999 0.75 2.27 64
-2.188 0.62400001 2.2739999 61
-2.0339999 0.50199997 2.2850001 62
-1.8839999 0.39300001 2.2820001 74
-2.365 0.69400001 2.2679999 69
-2.204 0.57499999 2.2780001 66
-2.0420001 0.45699999 2.2869999 62
-1.886 0.352 2.2820001 69
-2.382 0.639 2.27 63
-2.2160001 0.52499998 2.2809999 67
-2.046 0.41100001 2.2850001 66
-1.887 0.31 2.2809999 63
-2.3970001 0.58399999 2.2709999 67
-2.2249999 0.47400001 2.28 67
-2.052 0.366 2.2869999 66
-1.892 0.27000001 2.2850001 69
-2.4089999 0.528 2.2709999 66
-2.234 0.42399999 2.2809999 71
-2.062 0.32100001 2.293 62
-1.8940001 0.229 2.2869999 69
-2.425 0.472 2.276 67
-2.2420001 0.373 2.2820001 65
-2.0610001 0.27500001 2.2880001 61
-1.8940001 0.189 2.2880001 73
-2.431 0.41499999 2.273 67
-2.2479999 0.32100001 2.283 69
-2.0699999 0.23 2.296 63
-1.893 0.149 2.2880001 65
-2.4430001 0.35800001 2.277 64
-2.256 0.271 2.286 60
-2.0710001 0.184 2.296 66
-1.891 0.108 2.2869999 70
-2.4530001 0.301 2.28 71
-2.2609999 0.22 2.2880001 66
-2.0699999 0.139 2.2950001 66
-1.891 0.068000004 2.2909999 66
-2.46 0.244 2.2820001 64
-2.26 0.168 2.2850001 59
-2.0710001 0.093999997 2.2969999 67
-1.887 0.028000001 2.289 69
-2.46 0.186 2.279 59
-2.2679999 0.117 2.293 68
-2.072 0.048999999 2.3 65
-1.885 -0.0099999998 2.2920001 66
-2.467 0.12899999 2.2839999 64
-2.267 0.066 2.2920001 66
-2.069 0.003 2.299 63
-1.886 -0.050000001 2.2980001 65
-2.467 0.071000002 2.283 63
-2.267 0.014 2.293 64
-2.069 -0.041000001 2.303 65
-1.881 -0.089000002 2.2980001 64
-2.4690001 0.013 2.2869999 66
-2.2679999 -0.035999998 2.2969999 72
-2.0639999 -0.085000001 2.303 66
-1.872 -0.12800001 2.2950001 61
-2.467 -0.044 2.2869999 67
-2.2650001 -0.086999997 2.2980001 72
-2.0580001 -0.13 2.303 63
-1.869 -0.167 2.3 69
-2.4719999 -0.102 2.296 65
-2.2590001 -0.138 2.2969999 66
-2.059 -0.175 2.3110001 62
-1.865 -0.206 2.3039999 63
-2.464 -0.15899999 2.2939999 61
-2.2579999 -0.189 2.303 68
-2.053 -0.22 2.312 60
-1.859 -0.245 2.3050001 64
-2.4619999 -0.21699999 2.2980001 64
-2.2539999 -0.23999999 2.3069999 69
-2.0420001 -0.26300001 2.309 63
-1.847 -0.28200001 2.3010001 63
-2.454 -0.27500001 2.299 62
-2.2390001 -0.28999999 2.3 61
-2.036 -0.308 2.312 55
-1.841 -0.32100001 2.3050001 68
-2.437 -0.331 2.293 61
-2.2320001 -0.34099999 2.3039999 51
-2.026 -0.35100001 2.312 65
-1.8329999 -0.359 2.3080001 68
-2.434 -0.389 2.3 47
-2.221 -0.391 2.3039999 65
-2.02 -0.396 2.3180001 63
-1.826 -0.39700001 2.312 64
-2.427 -0.44600001 2.306 69
-2.2149999 -0.44100001 2.3099999 66
-2.007 -0.43799999 2.316 64
-1.814 -0.43399999 2.3099999 68
-2.4119999 -0.50199997 2.306 61
-2.2090001 -0.49200001 2.3180001 67
-1.9960001 -0.48199999 2.3180001 66
-1.803 -0.47099999 2.3110001 72
-2.4030001 -0.56 2.313 62
-2.191 -0.54100001 2.3150001 66
-1.982 -0.52399999 2.3180001 66
-1.798 -0.50999999 2.3199999 73
-2.3900001 -0.616 2.3169999 67
-2.178 -0.58999997 2.3169999 69
-1.973 -0.56699997 2.3239999 63
-1.785 -0.546 2.3199999 74
-2.3710001 -0.67000002 2.3169999 61
-2.1689999 -0.64099997 2.326 63
-1.959 -0.61000001 2.325 64
-1.7690001 -0.58200002 2.3169999 65
-2.3559999 -0.72600001 2.323 67
-2.1470001 -0.68699998 2.322 64
-1.941 -0.64999998 2.323 65
-1.756 -0.61799997 2.3180001 67
-2.3340001 -0.77999997 2.322 58
-2.1300001 -0.73500001 2.323 66
-1.9299999 -0.69300002 2.329 62
-1.742 -0.65399998 2.319 64
-2.312 -0.83399999 2.323 57
-2.1129999 -0.78299999 2.3269999 69
-1.9119999 -0.73400003 2.329 64
-1.728 -0.68900001 2.3199999 63
-2.2939999 -0.88800001 2.3299999 67
-2.0910001 -0.829 2.3269999 65
-1.896 -0.77499998 2.3310001 62
-1.716 -0.72600001 2.326 68
-2.266 -0.93900001 2.3280001 57
-2.0699999 -0.875 2.3280001 65
-1.878 -0.815 2.332 63
-1.7 -0.76099998 2.326 65
-2.2420001 -0.991 2.3310001 58
-2.052 -0.92299998 2.3340001 54
-1.8609999 -0.85600001 2.335 59
-1.683 -0.79500002 2.326 72
-2.2149999 -1.0420001 2.332 56
-2.0309999 -0.96899998 2.3380001 62
-1.847 -0.89899999 2.345 66
-1.665 -0.829 2.3239999 57
-2.187 -1.0930001 2.3340001 59
-2.0020001 -1.011 2.3329999 63
-1.825 -0.93699998 2.3440001 66
-1.655 -0.86699998 2.335 71
-2.154 -1.14 2.3310001 57
-1.982 -1.058 2.3410001 62
-1.802 -0.97500002 2.3429999 69
-1.637 -0.90100002 2.336 69
-2.125 -1.189 2.335 51
-1.95 -1.098 2.336 62
-1.775 -1.01 2.3369999 62
-1.619 -0.935 2.3369999 73
-2.095 -1.238 2.339 48
-1.924 -1.141 2.3380001 63
-1.76 -1.053 2.348 64
-1.6 -0.96799999 2.3380001 69
-2.0610001 -1.283 2.339 47
-1.9 -1.186 2.3440001 54
-1.735 -1.089 2.3469999 67
-1.579 -1 2.3369999 70
-2.0280001 -1.33 2.342 47
-1.87 -1.226 2.345 53
-1.709 -1.125 2.3469999 65
-1.563 -1.036 2.3440001 72
-1.99 -1.373 2.3399999 49
-1.835 -1.2640001 2.3399999 55
-1.688 -1.164 2.3529999 70
-1.5420001 -1.068 2.345 70
-1.955 -1.4170001 2.3429999 48
-1.8049999 -1.304 2.342 54
-1.66 -1.198 2.3510001 65
-1.517 -1.098 2.3399999 71
-1.919 -1.461 2.346 48
-1.779 -1.346 2.3499999 56
-1.632 -1.232 2.3499999 64
-1.498 -1.131 2.3440001 69
-1.92 -1.534 2.3970001 150
-1.7410001 -1.381 2.345 57
-1.6059999 -1.268 2.352 66
-1.476 -1.163 2.345 71
-1.992 -1.669 2.5409999 44
-1.711 -1.421 2.3499999 62
-1.577 -1.302 2.352 64
-1.454 -1.1950001 2.348 66
-1.964 -1.725 2.563 54
-1.71 -1.4859999 2.3970001 150
-1.549 -1.335 2.3529999 64
-1.432 -1.227 2.3510001 67
-1.921 -1.768 2.5669999 52
-1.777 -1.6160001 2.546 73
-1.523 -1.3710001 2.359 67
-1.406 -1.256 2.348 63
-1.875 -1.809 2.5680001 57
-1.7460001 -1.661 2.559 79
-1.4910001 -1.401 2.3570001 73
-1.38 -1.285 2.3469999 63
-1.831 -1.851 2.5739999 52
-1.711 -1.7029999 2.5680001 66
-1.51 -1.4809999 2.437 150
-1.358 -1.318 2.3540001 61
-1.783 -1.888 2.575 55
-1.669 -1.737 2.5669999 63
-1.55 -1.5880001 2.5580001 51
-1.334 -1.348 2.3570001 59
-1.734 -1.925 2.576 50
-1.6289999 -1.773 2.569 62
-1.525 -1.63 2.5739999 66
-1.309 -1.3789999 2.3599999 67
-1.682 -1.957 2.573 52
-1.585 -1.806 2.5680001 65
-1.4910001 -1.664 2.576 55
-1.337 -1.467 2.46 150
-1.6289999 -1.9859999 2.569 54
-1.5420001 -1.8380001 2.569 61
-1.4579999 -1.699 2.5829999 60
-1.359 -1.5549999 2.5569999 47
-1.579 -2.02 2.572 57
-1.501 -1.873 2.5739999 59
-1.419 -1.728 2.579 54
-1.334 -1.591 2.5669999 64
-1.527 -2.05 2.572 49
-1.454 -1.899 2.569 61
-1.381 -1.758 2.579 49
-1.308 -1.628 2.579 57
-1.474 -2.0769999 2.5710001 51
-1.409 -1.929 2.5699999 59
-1.345 -1.79 2.5829999 57
-1.276 -1.656 2.5769999 57
-1.421 -2.1040001 2.5699999 57
-1.365 -1.959 2.573 61
-1.306 -1.818 2.5829999 59
-1.243 -1.6849999 2.5780001 54
-1.367 -2.128 2.569 55
-1.319 -1.987 2.575 61
-1.266 -1.845 2.5829999 57
-1.211 -1.714 2.5799999 54
-1.3099999 -2.1470001 2.562 50
-1.274 -2.0150001 2.5769999 60
-1.227 -1.872 2.5829999 58
-1.177 -1.7410001 2.579 54
-1.258 -2.175 2.5680001 47
-1.227 -2.0409999 2.579 61
-1.187 -1.9 2.585 46
-1.142 -1.768 2.579 52
-1.207 -2.2019999 2.575 52
-1.1799999 -2.0650001 2.579 59
-1.145 -1.924 2.5829999 57
-1.109 -1.798 2.5829999 56
-1.154 -2.2260001 2.579 51
-1.125 -2.076 2.5650001 58
-1.1059999 -1.9529999 2.5899999 51
-1.075 -1.824 2.585 53
-1.097 -2.2420001 2.576 47
-1.077 -2.098 2.5669999 61
-1.0650001 -1.978 2.592 55
-1.038 -1.848 2.5829999 59
-1.045 -2.2639999 2.5829999 50
-1.033 -2.1270001 2.5769999 60
-1.021 -1.998 2.5880001 54
-1.002 -1.876 2.5869999 57
-0.98900002 -2.2820001 2.585 47
-0.98400003 -2.1470001 2.579 59
-0.98000002 -2.023 2.592 58
-0.96399999 -1.899 2.5840001 49
-0.93300003 -2.2939999 2.582 48
-0.935 -2.1670001 2.5810001 59
-0.93400002 -2.0409999 2.5869999 56
-0.92799997 -1.926 2.589 55
-0.88 -2.3150001 2.5910001 49
-0.88599998 -2.1849999 2.5829999 59
-0.88700002 -2.0539999 2.5780001 52
-0.889 -1.948 2.5880001 47
-0.82300001 -2.326 2.5899999 56
-0.83399999 -2.1949999 2.576 58
-0.84600002 -2.0799999 2.5869999 52
-0.84899998 -1.9680001 2.585 46
-0.76499999 -2.3299999 2.5840001 48
-0.787 -2.2190001 2.5869999 57
-0.80299997 -2.1029999 2.592 55
-0.81099999 -1.995 2.5899999 56
-0.71200001 -2.348 2.5940001 55
-0.73500001 -2.23 2.5840001 56
-0.759 -2.1229999 2.595 53
-0.77100003 -2.0150001 2.589 54
-0.65399998 -2.3529999 2.5910001 52
-0.685 -2.244 2.5869999 52
-0.713 -2.1400001 2.596 54
-0.727 -2.027 2.5780001 54
-0.59799999 -2.3570001 2.5880001 51
-0.63599998 -2.26 2.592 59
-0.66799998 -2.158 2.598 52
-0.68699998 -2.0480001 2.5799999 62
-0.54400003 -2.368 2.596 58
-0.583 -2.2650001 2.586 60
-0.58700001 -2.0510001 2.4519999 150
-0.64899999 -2.079 2.595 43
-0.48699999 -2.3699999 2.5940001 50
-0.53200001 -2.2750001 2.5869999 61
-0.57099998 -2.1730001 2.5810001 87
-0.60699999 -2.1010001 2.599 56
-0.43200001 -2.3699999 2.592 50
-0.48199999 -2.289 2.595 56
-0.528 -2.201 2.599 47
-0.55800003 -2.096 2.5710001 109
-0.377 -2.3759999 2.598 53
-0.43000001 -2.29 2.5880001 57
-0.47999999 -2.211 2.596 51
-0.51999998 -2.1329999 2.595 53
-0.32100001 -2.368 2.589 52
-0.37799999 -2.2939999 2.5869999 52
-0.433 -2.223 2.5969999 52
-0.477 -2.152 2.599 55
-0.266 -2.368 2.5910001 60
-0.32699999 -2.3010001 2.589 55
-0.38499999 -2.233 2.596 48
-0.43200001 -2.165 2.596 50
-0.212 -2.365 2.5910001 56
-0.27599999 -2.3039999 2.589 54
-0.33700001 -2.24 2.5929999 51
-0.38699999 -2.177 2.5929999 56
-0.15700001 -2.355 2.586 53
-0.22400001 -2.306 2.589 56
-0.289 -2.2509999 2.596 50
-0.34200001 -2.1930001 2.596 49
-0.104 -2.352 2.5880001 56
-0.17299999 -2.3099999 2.592 55
-0.23999999 -2.257 2.596 48
-0.296 -2.2030001 2.5929999 53
-0.050000001 -2.349 2.5929999 56
-0.122 -2.3080001 2.5899999 53
-0.191 -2.2620001 2.5929999 48
-0.25 -2.2179999 2.596 44
0.0020000001 -2.3410001 2.592 56
-0.071000002 -2.3080001 2.592 52
-0.142 -2.2679999 2.5940001 50
-0.20299999 -2.2279999 2.595 43
0.054000001 -2.3310001 2.592 56
-0.02 -2.309 2.596 57
-0.093000002 -2.2709999 2.5929999 48
-0.155 -2.2349999 2.5910001 45
0.106 -2.3280001 2.599 55
0.029999999 -2.3050001 2.595 53
-0.044 -2.279 2.598 51
-0.108 -2.2490001 2.596 51
0.15800001 -2.3139999 2.596 57
0.079999998 -2.303 2.596 53
0.0040000002 -2.2780001 2.5940001 49
-0.059999999 -2.2590001 2.598 54
0.208 -2.2969999 2.5910001 54
0.131 -2.2980001 2.598 53
0.052999999 -2.283 2.5969999 49
-0.012 -2.2650001 2.596 50
0.259 -2.2880001 2.596 61
0.18099999 -2.293 2.5999999 52
0.103 -2.283 2.5969999 51
0.035999998 -2.279 2.605 54
0.30899999 -2.2720001 2.5940001 49
0.23100001 -2.286 2.5999999 50
0.153 -2.286 2.6010001 47
0.085000001 -2.2820001 2.602 55
0.35800001 -2.2550001 2.5929999 45
0.28099999 -2.2750001 2.5969999 55
0.20200001 -2.2820001 2.598 48
0.13500001 -2.286 2.6010001 60
0.40700001 -2.2420001 2.596 48
0.33000001 -2.2650001 2.596 49
0.252 -2.2750001 2.5929999 50
0.184 -2.2869999 2.598 53
0.45500001 -2.221 2.5929999 47
0.37799999 -2.2479999 2.589 51
0.30199999 -2.2750001 2.598 48
0.234 -2.29 2.599 61
0.50199997 -2.198 2.5880001 55
0.42699999 -2.237 2.5899999 51
0.35100001 -2.27 2.596 47
0.28400001 -2.286 2.5929999 55
0.54500002 -2.1659999 2.572 79
0.47499999 -2.2260001 2.592 52
0.40000001 -2.2579999 2.5899999 50
0.33500001 -2.2880001 2.5940001 61
0.583 -2.1170001 2.5380001 71
0.52200001 -2.2060001 2.585 53
0.45100001 -2.257 2.5969999 53
0.38499999 -2.2839999 2.5910001 61
0.62199998 -2.0799999 2.5179999 45
0.56999999 -2.1919999 2.5840001 66
0.5 -2.2460001 2.592 48
0.43599999 -2.2850001 2.5940001 61
0.65499997 -2.0250001 2.477 135
0.61500001 -2.1700001 2.5769999 83
0.54799998 -2.2349999 2.5899999 50
0.48699999 -2.279 2.5910001 59
0.65700001 -1.8890001 2.336 33
0.65499997 -2.131 2.55 96
0.59799999 -2.227 2.592 51
0.53799999 -2.273 2.589 61
0.37099999 -0.995 1.245 1
0.65200001 -1.969 2.375 150
0.64700001 -2.2149999 2.5910001 50
0.588 -2.2650001 2.585 60
0.39500001 -0.99299997 1.256 2
0.382 -1.075 1.308 1
0.662 -2.096 2.4660001 150
0.64099997 -2.2620001 2.5899999 54
0.40599999 -0.958 1.228 4
0.361 -0.949 1.165 1
0.67000002 -1.97 2.3310001 42
0.69 -2.2479999 2.582 71
0.42699999 -0.94999999 1.232 4
0.40400001 -0.99699998 1.2359999 2
0.37900001 -1.039 1.238 1
0.67400002 -2.0350001 2.346 65
0.45100001 -0.94700003 1.245 4
0.41499999 -0.963 1.206 5
0.384 -0.98500001 1.181 2
0.38499999 -1.082 1.2539999 1
0.47400001 -0.94199997 1.256 3
0.43799999 -0.95899999 1.214 5
0.40200001 -0.97000003 1.1720001 4
0.361 -0.94800001 1.103 2
0.5 -0.94199997 1.275 5
0.461 -0.95200002 1.2180001 4
0.42300001 -0.95899999 1.169 5
0.40200001 -0.99000001 1.159 2
0.523 -0.93599999 1.286 3
0.48500001 -0.94999999 1.23 5
0.447 -0.958 1.177 5
0.414 -0.95899999 1.1289999 5
0.54000002 -0.91900003 1.2819999 1
0.50800002 -0.94400001 1.237 5
0.47099999 -0.954 1.183 4
0.43599999 -0.95099998 1.128 5
1.125 -1.824 2.5840001 34
0.53500003 -0.94400001 1.253 2
0.495 -0.949 1.189 6
0.46000001 -0.94800001 1.133 4
1.164 -1.798 2.5910001 42
0.54000002 -0.90700001 1.22 2
0.51800001 -0.94099998 1.191 5
0.48199999 -0.93900001 1.131 5
1.196 -1.763 2.585 42
1.1849999 -1.893 2.5829999 48
0.542 -0.93699998 1.199 1
0.50999999 -0.94199997 1.145 5
1.23 -1.732 2.585 41
1.225 -1.867 2.5840001 50
0.54100001 -0.88999999 1.152 1
0.54000002 -0.94700003 1.161 2
1.2640001 -1.701 2.5869999 42
1.268 -1.8430001 2.5899999 45
1.258 -1.9680001 2.5799999 51
0.54000002 -0.89899999 1.113 2
1.2920001 -1.663 2.5780001 40
1.302 -1.807 2.5810001 43
1.3049999 -1.947 2.586 49
1.307 -2.0699999 2.5910001 50
1.317 -1.623 2.5650001 41
1.342 -1.78 2.586 48
1.349 -1.919 2.5840001 50
1.3559999 -2.0439999 2.589 54
1.348 -1.589 2.5639999 41
1.376 -1.7460001 2.579 43
1.388 -1.885 2.575 52
1.406 -2.02 2.589 51
1.381 -1.5599999 2.5710001 41
1.411 -1.712 2.576 41
1.434 -1.8609999 2.5810001 49
1.454 -1.992 2.5869999 49
1.4069999 -1.523 2.566 38
1.449 -1.682 2.579 44
1.474 -1.829 2.5769999 46
1.5 -1.961 2.5829999 44
1.437 -1.4910001 2.5680001 39
1.478 -1.643 2.569 48
1.515 -1.7970001 2.576 46
1.549 -1.9349999 2.586 46
1.4630001 -1.454 2.5650001 39
1.51 -1.607 2.5639999 42
1.556 -1.7640001 2.5739999 46
1.595 -1.903 2.582 42
1.487 -1.416 2.559 36
1.54 -1.5700001 2.559 44
1.595 -1.73 2.572 47
1.64 -1.869 2.579 45
1.516 -1.3839999 2.5639999 39
1.574 -1.5369999 2.5610001 47
1.6289999 -1.691 2.563 45
1.688 -1.839 2.5829999 47
1.54 -1.347 2.562 41
1.607 -1.503 2.562 49
1.674 -1.663 2.572 51
1.732 -1.803 2.579 44
1.566 -1.312 2.5639999 41
1.643 -1.47 2.5680001 46
1.71 -1.625 2.5680001 45
1.776 -1.767 2.5769999 42
1.589 -1.276 2.5639999 43
1.67 -1.432 2.563 47
1.744 -1.585 2.5610001 52
1.825 -1.737 2.5840001 43
1.612 -1.24 2.562 40
1.7 -1.395 2.562 48
1.777 -1.544 2.5550001 48
1.864 -1.6950001 2.5780001 47
1.633 -1.2029999 2.5610001 41
1.73 -1.358 2.563 49
1.812 -1.506 2.5539999 50
1.902 -1.652 2.5710001 51
1.654 -1.165 2.5599999 43
1.758 -1.3200001 2.563 46
1.849 -1.469 2.5569999 57
1.941 -1.6109999 2.5669999 51
1.675 -1.128 2.5599999 43
1.7819999 -1.279 2.5580001 52
1.8839999 -1.4299999 2.5569999 54
1.985 -1.572 2.5710001 52
1.696 -1.091 2.5610001 41
1.809 -1.24 2.5580001 55
1.916 -1.388 2.5539999 57
2.016 -1.524 2.5599999 47
1.716 -1.0549999 2.562 41
1.834 -1.2 2.556 50
1.947 -1.346 2.552 56
2.0539999 -1.48 2.5569999 60
1.733 -1.016 2.5599999 49
1.857 -1.159 2.5539999 54
1.979 -1.304 2.552 56
2.0880001 -1.434 2.553 57
1.749 -0.977 2.5569999 52
1.88 -1.118 2.5510001 58
2.0079999 -1.26 2.549 57
2.132 -1.3940001 2.5610001 64
1.7640001 -0.93800002 2.553 56
1.903 -1.077 2.5510001 57
2.0380001 -1.217 2.55 58
2.1700001 -1.349 2.562 65
1.7079999 -0.86299998 2.4489999 150
1.926 -1.035 2.55 52
2.066 -1.1720001 2.549 58
2.201 -1.299 2.5580001 59
1.679 -0.80500001 2.3859999 150
1.946 -0.99299997 2.549 59
2.095 -1.128 2.549 61
2.233 -1.25 2.5550001 58
1.661 -0.75400001 2.3399999 55
1.967 -0.95099998 2.549 55
2.119 -1.081 2.546 58
2.2709999 -1.205 2.5610001 60
1.673 -0.71799999 2.3380001 52
1.983 -0.90700001 2.5420001 55
2.1459999 -1.035 2.546 63
2.299 -1.153 2.5569999 62
1.6799999 -0.68099999 2.3310001 49
1.926 -0.83099997 2.4460001 150
2.1689999 -0.98699999 2.5439999 65
2.3299999 -1.102 2.5569999 68
1.696 -0.64700001 2.3369999 49
1.892 -0.76800001 2.3800001 150
2.1919999 -0.93900001 2.543 66
2.362 -1.051 2.5599999 80
1.707 -0.611 2.335 51
1.867 -0.71200001 2.329 62
2.2149999 -0.89099997 2.5420001 63
2.385 -0.99699998 2.5539999 68
1.692 -0.56599998 2.299 113
1.8890001 -0.67400002 2.3369999 61
2.2349999 -0.84200001 2.54 93
2.4119999 -0.94400001 2.5550001 74
1.637 -0.51099998 2.211 83
1.897 -0.63099998 2.329 61
2.115 -0.74299997 2.381 153
2.4360001 -0.889 2.552 77
1.691 -0.49000001 2.273 100
1.91 -0.59100002 2.3280001 63
2.0810001 -0.67900002 2.322 61
2.4560001 -0.833 2.5480001 68
1.74 -0.46599999 2.325 48
1.911 -0.546 2.3139999 94
2.0999999 -0.634 2.325 65
2.4630001 -0.773 2.5320001 116
1.751 -0.43000001 2.3299999 55
1.83 -0.48100001 2.2019999 150
2.1129999 -0.58700001 2.3210001 60
2.316 -0.66799998 2.3599999 150
1.756 -0.39399999 2.326 50
1.875 -0.44999999 2.243 150
2.125 -0.54000002 2.319 60
2.3099999 -0.60900003 2.335 61
1.76 -0.35699999 2.322 53
1.95 -0.42399999 2.3210001 69
1.96 -0.45100001 2.125 158
2.3199999 -0.55500001 2.3280001 72
1.77 -0.32100001 2.326 60
1.9579999 -0.382 2.3180001 64
2.016 -0.417 2.1730001 106
2.3380001 -0.50300002 2.3299999 74
1.773 -0.28400001 2.322 56
1.964 -0.33899999 2.3150001 66
2.151 -0.39500001 2.306 76
2.1240001 -0.405 2.1029999 53
1.777 -0.248 2.3199999 54
1.976 -0.29800001 2.3199999 71
2.1719999 -0.34799999 2.316 64
2.1919999 -0.366 2.1589999 92
1.783 -0.212 2.322 57
1.983 -0.255 2.3199999 70
2.177 -0.30000001 2.3110001 57
2.3699999 -0.34 2.323 65
1.786 -0.175 2.3199999 54
1.979 -0.212 2.309 67
2.1830001 -0.25099999 2.309 58
2.3770001 -0.285 2.319 74
1.786 -0.138 2.3139999 50
1.988 -0.17 2.312 66
2.191 -0.20200001 2.3099999 55
2.385 -0.23 2.319 76
1.791 -0.102 2.3169999 57
1.9910001 -0.127 2.3099999 61
2.1960001 -0.153 2.309 57
2.3929999 -0.175 2.3180001 74
1.793 -0.064999998 2.316 56
1.9910001 -0.083999999 2.3069999 68
2.1989999 -0.104 2.3069999 56
2.395 -0.12 2.3150001 73
1.794 -0.028999999 2.3150001 56
1.993 -0.041000001 2.306 70
2.1989999 -0.054000001 2.303 53
2.3959999 -0.064000003 2.312 73
1.791 0.0070000002 2.3099999 55
1.993 0.001 2.3039999 70
2.2 -0.0049999999 2.3010001 57
2.3989999 -0.0080000004 2.3110001 75
1.7920001 0.043000001 2.309 55
1.99 0.043000001 2.299 66
2.2019999 0.043000001 2.302 56
2.395 0.046 2.3050001 71
1.785 0.079999998 2.3010001 59
1.9910001 0.086000003 2.3 71
2.201 0.093000002 2.3010001 59
2.3929999 0.102 2.303 73
1.79 0.117 2.3080001 56
1.99 0.12899999 2.299 71
2.1919999 0.142 2.2920001 63
2.392 0.15700001 2.303 71
1.785 0.153 2.302 66
1.9859999 0.17200001 2.2969999 65
2.1900001 0.191 2.2920001 67
2.3840001 0.212 2.2980001 80
1.781 0.189 2.3 62
1.983 0.215 2.296 68
2.1849999 0.23999999 2.29 66
2.3759999 0.26699999 2.2939999 70
1.783 0.227 2.3050001 56
1.979 0.257 2.2950001 66
2.178 0.289 2.2869999 64
2.3699999 0.32300001 2.293 71
1.775 0.26300001 2.2980001 62
1.974 0.30000001 2.2939999 67
2.175 0.338 2.29 69
2.362 0.377 2.2920001 67
1.77 0.29899999 2.2969999 63
1.9680001 0.34200001 2.293 68
2.1659999 0.38699999 2.2880001 63
2.3499999 0.43200001 2.2880001 73
1.765 0.33500001 2.296 62
1.961 0.38499999 2.293 66
2.155 0.435 2.2850001 66
2.3429999 0.48699999 2.2909999 70
1.76 0.37200001 2.2939999 61
1.9529999 0.42699999 2.2909999 65
2.1459999 0.484 2.2839999 61
2.3269999 0.54100001 2.2869999 71
1.753 0.40799999 2.293 62
1.941 0.46900001 2.2869999 60
2.1340001 0.53200001 2.2820001 59
2.3139999 0.59500003 2.286 72
1.751 0.44600001 2.2969999 51
1.932 0.51099998 2.286 60
2.118 0.57800001 2.277 67
2.2969999 0.64700001 2.283 73
1.739 0.48100001 2.29 62
1.919 0.55199999 2.2820001 63
2.1070001 0.62699997 2.279 67
2.2820001 0.69999999 2.283 72
1.7309999 0.51700002 2.2880001 60
1.914 0.59500003 2.2880001 67
2.0910001 0.67400002 2.276 66
2.26 0.75199997 2.2780001 72
1.72 0.55199999 2.2850001 60
1.898 0.63599998 2.283 59
2.0699999 0.71899998 2.27 68
2.243 0.80500001 2.28 75
1.712 0.58899999 2.2850001 61
1.885 0.67699999 2.2820001 69
2.059 0.76700002 2.2750001 66
2.223 0.85600001 2.2780001 77
1.7 0.62400001 2.2820001 58
1.8710001 0.71799999 2.2809999 59
2.0409999 0.81300002 2.2739999 67
2.1960001 0.90399998 2.2720001 73
1.696 0.662 2.289 60
1.857 0.759 2.28 59
2.016 0.85600001 2.267 64
2.177 0.95700002 2.2750001 67
1.684 0.69800001 2.2869999 58
1.839 0.79799998 2.2750001 63
2.0009999 0.90399998 2.2709999 68
2.151 1.005 2.2720001 68
1.666 0.73100001 2.2780001 63
1.827 0.83999997 2.28 66
1.976 0.94700003 2.266 64
2.1210001 1.053 2.267 70
1.659 0.76899999 2.2839999 59
1.807 0.87900001 2.276 60
1.955 0.991 2.266 64
2.095 1.101 2.267 65
1.645 0.80400002 2.2809999 60
1.786 0.917 2.2720001 62
1.932 1.035 2.2650001 64
2.069 1.149 2.2679999 69
1.63 0.83899999 2.279 60
1.772 0.95899999 2.277 65
1.904 1.076 2.26 61
2.0380001 1.1950001 2.2650001 65
1.615 0.87400001 2.277 57
1.751 0.99699998 2.2739999 67
1.881 1.119 2.2609999 67
2.0090001 1.2410001 2.2650001 70
1.601 0.91000003 2.279 58
1.726 1.033 2.2679999 60
1.8559999 1.1619999 2.2620001 69
1.974 1.284 2.2609999 74
1.5829999 0.94400001 2.2739999 59
1.705 1.071 2.267 63
1.827 1.202 2.2590001 73
1.9400001 1.327 2.2590001 68
1.567 0.97899997 2.2739999 58
1.687 1.1109999 2.2720001 65
1.796 1.24 2.2539999 70
1.908 1.3710001 2.26 63
1.551 1.015 2.276 56
1.659 1.145 2.2650001 64
1.7690001 1.281 2.256 69
1.869 1.41 2.253 66
1.53 1.0470001 2.27 60
1.64 1.1849999 2.27 67
1.738 1.319 2.253 63
1.834 1.451 2.253 68
1.513 1.0829999 2.2709999 66
1.61 1.2180001 2.2620001 64
1.7079999 1.358 2.2539999 68
1.798 1.492 2.253 68
1.493 1.1160001 2.2690001 66
1.584 1.253 2.2609999 64
1.676 1.395 2.2520001 68
1.7589999 1.529 2.25 71
1.472 1.149 2.266 65
1.558 1.288 2.26 64
1.643 1.431 2.25 72
1.721 1.568 2.25 72
1.4529999 1.184 2.2679999 68
1.531 1.323 2.2590001 65
1.609 1.467 2.2490001 66
1.679 1.603 2.2460001 71
1.429 1.215 2.2639999 59
1.503 1.357 2.257 64
1.575 1.502 2.2490001 68
1.638 1.638 2.244 65
1.406 1.247 2.2609999 62
1.473 1.39 2.2550001 60
1.539 1.536 2.2460001 66
1.597 1.6720001 2.244 65
1.382 1.279 2.2579999 61
1.446 1.425 2.2579999 60
1.502 1.567 2.243 71
1.557 1.7079999 2.2449999 65
1.36 1.313 2.2609999 60
1.414 1.455 2.253 63
1.466 1.601 2.244 59
1.512 1.737 2.2409999 66
1.335 1.344 2.2590001 64
1.383 1.4859999 2.2520001 64
1.429 1.632 2.243 61
1.467 1.766 2.237 60
1.3099999 1.376 2.2579999 63
1.353 1.5190001 2.2539999 68
1.392 1.664 2.244 70
1.427 1.802 2.244 67
1.285 1.408 2.2579999 60
1.3200001 1.55 2.2520001 60
1.3559999 1.697 2.247 67
1.383 1.83 2.243 65
1.257 1.438 2.256 57
1.2869999 1.579 2.2509999 57
1.314 1.722 2.2420001 66
1.337 1.857 2.24 64
1.23 1.4680001 2.2550001 56
1.253 1.608 2.25 60
1.274 1.751 2.2420001 65
1.2920001 1.8839999 2.2409999 66
1.201 1.4960001 2.2520001 57
1.2180001 1.6339999 2.2460001 54
1.234 1.777 2.2409999 62
1.244 1.908 2.2379999 67
1.171 1.526 2.25 55
1.183 1.663 2.2460001 57
1.191 1.801 2.2379999 55
1.198 1.933 2.2390001 71
1.1440001 1.558 2.2539999 54
1.148 1.6900001 2.2460001 59
1.149 1.826 2.237 57
1.15 1.954 2.237 55
1.112 1.5829999 2.2479999 59
1.113 1.719 2.2479999 65
1.107 1.85 2.2360001 57
1.102 1.976 2.237 59
1.08 1.61 2.2449999 59
1.076 1.744 2.2460001 63
1.0650001 1.874 2.2379999 56
1.054 1.995 2.2349999 55
1.049 1.6390001 2.247 58
1.0369999 1.766 2.243 55
1.021 1.893 2.234 58
1.007 2.017 2.2379999 59
1.018 1.668 2.2479999 59
0.99800003 1.789 2.2409999 58
0.97799999 1.915 2.2349999 59
0.95999998 2.0380001 2.2409999 62
0.98199999 1.6900001 2.2420001 60
0.95999998 1.814 2.2420001 54
0.935 1.938 2.2379999 56
0.90700001 2.046 2.2309999 59
0.94999999 1.719 2.244 57
0.921 1.835 2.24 56
0.88999999 1.956 2.2360001 60
0.85900003 2.0639999 2.234 57
0.91500002 1.743 2.243 58
0.88 1.855 2.237 58
0.84600002 1.974 2.237 60
0.81 2.0780001 2.234 57
0.87900001 1.767 2.2409999 51
0.84200001 1.88 2.2420001 62
0.801 1.992 2.2379999 57
0.759 2.089 2.2309999 58
0.84399998 1.793 2.2420001 53
0.801 1.899 2.24 61
0.755 2.0050001 2.2349999 55
0.71100003 2.1029999 2.234 60
0.80800003 1.818 2.243 53
0.759 1.9170001 2.2379999 60
0.70999998 2.0239999 2.2390001 56
0.662 2.1159999 2.237 66
0.76999998 1.8380001 2.2390001 60
0.72000003 1.9400001 2.244 60
0.66399997 2.0369999 2.2379999 53
0.611 2.1210001 2.233 67
0.73500001 1.868 2.2479999 53
0.67799997 1.959 2.2449999 58
0.61799997 2.0480001 2.237 54
0.56199998 2.132 2.2360001 72
0.69599998 1.8890001 2.247 57
0.63300002 1.97 2.2379999 55
0.57200003 2.0610001 2.2390001 54
0.50999999 2.1329999 2.23 57
0.65600002 1.906 2.2420001 53
0.59200001 1.989 2.2420001 57
0.52499998 2.073 2.2390001 57
0.463 2.148 2.2409999 43
0.61699998 1.928 2.244 51
0.54799998 2.0039999 2.2420001 59
0.47799999 2.0810001 2.2379999 46
0.41299999 2.1530001 2.2409999 42
0.57499999 1.943 2.2390001 54
0.50400001 2.013 2.237 53
0.43200001 2.0940001 2.244 41
0.36300001 2.1530001 2.2390001 44
0.53299999 1.9579999 2.234 43
0.46000001 2.03 2.2420001 46
0.38499999 2.102 2.2449999 39
0.31299999 2.152 2.2360001 36
0.49399999 1.984 2.244 55
0.41800001 2.0510001 2.2509999 43
0.33700001 2.1040001 2.2409999 39
0.264 2.1589999 2.243 47
0.45100001 1.998 2.2409999 54
0.373 2.0599999 2.2490001 41
0.28999999 2.1129999 2.2449999 40
0.213 2.1500001 2.234 37
0.40799999 2.0109999 2.237 46
0.32699999 2.0669999 2.2449999 37
0.243 2.1140001 2.2420001 43
0.164 2.1459999 2.2320001 43
0.36500001 2.0309999 2.2420001 48
0.28200001 2.0769999 2.247 42
0.19499999 2.115 2.2409999 43
0.116 2.1459999 2.2349999 44
0.322 2.049 2.2460001 36
0.235 2.082 2.243 37
0.148 2.118 2.2420001 41
0.067000002 2.1440001 2.2379999 44
0.27700001 2.0599999 2.244 37
0.19 2.0899999 2.244 40
0.101 2.119 2.243 42
0.018999999 2.1370001 2.2360001 40
0.23199999 2.0710001 2.2420001 43
0.14399999 2.0969999 2.2460001 42
0.052999999 2.1129999 2.237 43
-0.028000001 2.1329999 2.24 47
0.18700001 2.082 2.2420001 42
0.097000003 2.098 2.2420001 39
0.0060000001 2.1129999 2.24 40
-0.075000003 2.1210001 2.2349999 45
0.141 2.0899999 2.24 40
0.050999999 2.105 2.2449999 40
-0.039999999 2.1099999 2.2390001 40
-0.122 2.1040001 2.2260001 54
0.094999999 2.0969999 2.2379999 35
0.0040000002 2.1070001 2.244 40
-0.086000003 2.105 2.2379999 47
-0.168 2.095 2.227 67
0.048 2.105 2.237 38
-0.041999999 2.1059999 2.2420001 42
-0.133 2.0940001 2.2320001 56
-0.214 2.0840001 2.227 65
0.001 2.1110001 2.2360001 35
-0.088 2.1040001 2.2390001 45
-0.17900001 2.0910001 2.2349999 60
-0.25999999 2.072 2.227 71
-0.045000002 2.122 2.2420001 41
-0.13500001 2.0969999 2.2320001 61
-0.22499999 2.0780001 2.2290001 60
-0.30500001 2.0599999 2.2279999 65
-0.092 2.1159999 2.23 44
-0.18099999 2.0940001 2.2309999 61
-0.27000001 2.072 2.2309999 60
-0.34999999 2.0469999 2.23 57
-0.14 2.1159999 2.2260001 58
-0.228 2.0910001 2.23 60
-0.31600001 2.062 2.2309999 57
-0.39300001 2.026 2.223 62
-0.18799999 2.1210001 2.2279999 62
-0.27500001 2.0880001 2.2309999 64
-0.36000001 2.046 2.224 63
-0.43700001 2.016 2.2290001 69
-0.236 2.119 2.224 59
-0.32100001 2.0799999 2.2279999 61
-0.40700001 2.043 2.233 58
-0.47999999 1.999 2.2290001 63
-0.28400001 2.1159999 2.221 58
-0.368 2.076 2.23 63
-0.44999999 2.0250001 2.227 63
-0.523 1.9809999 2.2290001 63
-0.333 2.1199999 2.2249999 60
-0.41499999 2.073 2.2349999 56
-0.495 2.017 2.233 64
-0.565 1.965 2.2320001 65
-0.382 2.118 2.2260001 56
-0.46000001 2.059 2.2290001 61
-0.53899997 2.0050001 2.2349999 61
-0.60699999 1.949 2.2360001 65
-0.43000001 2.1129999 2.224 54
-0.50800002 2.0569999 2.2360001 60
-0.58200002 1.9859999 2.2309999 64
-0.64600003 1.923 2.2290001 67
-0.479 2.1070001 2.2219999 57
-0.55299997 2.0409999 2.23 67
-0.625 1.971 2.233 62
-0.68900001 1.911 2.24 57
-0.528 2.105 2.2260001 60
-0.597 2.026 2.2260001 60
-0.66799998 1.955 2.234 62
-0.727 1.886 2.2360001 65
-0.57700002 2.095 2.223 60
-0.64600003 2.0220001 2.2360001 56
-0.70899999 1.936 2.233 61
-0.76499999 1.86 2.233 73
-0.62699997 2.0910001 2.227 55
-0.69 2.0050001 2.2320001 50
-0.75099999 1.919 2.2349999 64
-0.80299997 1.839 2.237 72
-0.67500001 2.079 2.224 55
-0.73500001 1.9910001 2.2320001 60
-0.792 1.899 2.2349999 64
-0.84200001 1.818 2.24 71
-0.72500002 2.0699999 2.2260001 58
-0.78100002 1.977 2.2349999 57
-0.83399999 1.88 2.237 61
-0.87699997 1.791 2.237 78
-0.77399999 2.0580001 2.2260001 60
-0.82499999 1.96 2.234 59
-0.87400001 1.86 2.2379999 63
-0.91299999 1.766 2.2379999 70
-0.82200003 2.0439999 2.2249999 60
-0.86799997 1.939 2.2309999 60
-0.91399997 1.8380001 2.24 62
-0.94700003 1.738 2.2360001 64
-0.87 2.029 2.224 56
-0.91299999 1.923 2.234 57
-0.95300001 1.817 2.2420001 67
-0.98100001 1.711 2.2360001 68
-0.91900003 2.016 2.2279999 55
-0.95599997 1.903 2.234 56
-0.99199998 1.793 2.243 64
-1.016 1.686 2.2390001 68
-0.96499997 1.9960001 2.224 64
-0.99800003 1.88 2.2320001 58
-1.031 1.77 2.2449999 66
-1.05 1.66 2.2420001 73
-1.011 1.974 2.2190001 59
-1.0420001 1.863 2.237 68
-1.068 1.745 2.2460001 64
-1.08 1.627 2.237 72
-1.062 1.961 2.2260001 64
-1.0829999 1.837 2.234 56
-1.104 1.7180001 2.2449999 60
-1.112 1.6 2.24 70
-1.11 1.943 2.2290001 61
-1.123 1.812 2.2320001 58
-1.142 1.694 2.25 59
-1.1440001 1.572 2.243 68
-1.155 1.918 2.2260001 59
-1.169 1.794 2.2420001 61
-1.177 1.6670001 2.2509999 62
-1.173 1.5420001 2.2420001 63
-1.206 1.902 2.234 58
-1.209 1.768 2.2409999 59
-1.2079999 1.6339999 2.244 75
-1.202 1.511 2.2420001 52
-1.25 1.876 2.2320001 60
-1.235 1.723 2.2179999 63
-1.247 1.6109999 2.2539999 64
-1.232 1.483 2.2460001 64
-1.294 1.848 2.2290001 57
-1.268 1.687 2.207 65
-1.281 1.582 2.2550001 65
-1.26 1.451 2.2460001 68
-1.34 1.823 2.2320001 57
-1.325 1.684 2.24 60
-1.311 1.549 2.253 62
-1.288 1.421 2.2490001 67
-1.3839999 1.795 2.2320001 61
-1.363 1.654 2.2409999 58
-1.345 1.52 2.256 67
-1.314 1.3890001 2.25 69
-1.428 1.765 2.2309999 55
-1.401 1.624 2.2409999 58
-1.375 1.488 2.256 65
-1.337 1.355 2.247 68
-1.471 1.7359999 2.233 61
-1.441 1.596 2.247 62
-1.402 1.452 2.2509999 66
-1.363 1.323 2.25 68
-1.515 1.706 2.2349999 59
-1.475 1.562 2.2449999 65
-1.437 1.424 2.2590001 62
-1.385 1.288 2.2479999 65
-1.556 1.673 2.2349999 58
-1.5140001 1.533 2.2509999 61
-1.466 1.391 2.26 64
-1.411 1.258 2.253 62
-1.6 1.642 2.2390001 60
-1.548 1.5 2.2520001 64
-1.4910001 1.354 2.256 68
-1.437 1.227 2.2590001 67
-1.64 1.607 2.2390001 59
-1.581 1.464 2.2509999 67
-1.523 1.325 2.2650001 68
-1.456 1.191 2.257 67
-1.679 1.572 2.24 60
-1.614 1.429 2.2520001 63
-1.55 1.289 2.2650001 65
-1.477 1.1569999 2.2579999 62
-1.721 1.538 2.244 59
-1.646 1.392 2.2520001 62
-1.572 1.251 2.26 69
-1.499 1.124 2.2609999 65
-1.7589999 1.5 2.2449999 62
-1.678 1.3559999 2.253 66
-1.597 1.216 2.2620001 71
-1.5190001 1.09 2.2639999 66
-1.796 1.461 2.2460001 56
-1.7079999 1.318 2.253 65
-1.622 1.1799999 2.2639999 70
-1.535 1.053 2.2609999 61
-1.832 1.421 2.247 63
-1.737 1.279 2.253 65
-1.646 1.143 2.2650001 71
-1.556 1.02 2.266 59
-1.867 1.38 2.247 59
-1.767 1.2410001 2.256 60
-1.673 1.109 2.2720001 63
-1.573 0.98400003 2.267 61
-1.899 1.337 2.2460001 60
-1.795 1.201 2.257 61
-1.691 1.069 2.2679999 69
-1.586 0.94700003 2.263 68
-1.934 1.295 2.2479999 65
-1.825 1.163 2.2620001 66
-1.71 1.03 2.266 61
-1.603 0.912 2.2650001 70
-1.966 1.252 2.2490001 60
-1.85 1.1210001 2.2609999 68
-1.733 0.99299997 2.2709999 69
-1.619 0.87699997 2.2679999 69
-1.997 1.207 2.25 60
-1.877 1.081 2.2650001 71
-1.751 0.95300001 2.27 66
-1.627 0.838 2.2609999 71
-2.027 1.1619999 2.2520001 67
-1.9 1.038 2.2639999 70
-1.771 0.91500002 2.2739999 70
-1.645 0.80400002 2.267 65
-2.0550001 1.115 2.2520001 64
-1.923 0.995 2.2650001 71
-1.791 0.87699997 2.277 75
-1.6569999 0.76800001 2.2679999 58
-2.082 1.068 2.2520001 64
-1.949 0.95300001 2.27 69
-1.806 0.83700001 2.276 72
-1.668 0.73100001 2.267 67
-2.1140001 1.023 2.2590001 67
-1.969 0.90899998 2.27 67
-1.822 0.79699999 2.277 72
-1.679 0.69400001 2.267 67
-2.1370001 0.97399998 2.2579999 67
-1.9859999 0.86299998 2.267 75
-1.84 0.75700003 2.2809999 75
-1.691 0.65799999 2.27 69
-2.165 0.926 2.263 61
-2.0090001 0.81999999 2.273 74
-1.854 0.71700001 2.283 75
-1.701 0.62199998 2.2709999 67
-2.187 0.87599999 2.263 60
-2.0250001 0.77399999 2.2720001 70
-1.864 0.67500001 2.279 69
-1.711 0.58600003 2.273 71
-2.2079999 0.82499999 2.2639999 63
-2.0409999 0.72799999 2.2720001 68
-1.8789999 0.63499999 2.283 71
-1.721 0.55000001 2.276 69
-2.2279999 0.77399999 2.2650001 68
-2.059 0.68300003 2.276 71
-1.893 0.59399998 2.2869999 77
-1.728 0.51300001 2.276 72
-2.25 0.72399998 2.2690001 62
-2.073 0.63599998 2.2750001 72
-1.901 0.55199999 2.2850001 72
-1.737 0.477 2.279 67
-2.2679999 0.671 2.27 61
-2.0869999 0.58999997 2.277 70
-1.911 0.51099998 2.286 72
-1.742 0.44 2.277 73
-2.283 0.61799997 2.27 61
-2.1010001 0.54299998 2.279 71
-1.92 0.46900001 2.2869999 71
-1.748 0.403 2.279 74
-2.3 0.56599998 2.2739999 67
-2.1129999 0.49599999 2.2809999 69
-1.929 0.42699999 2.2880001 75
-1.755 0.36700001 2.2820001 62
-2.312 0.51200002 2.2739999 68
-2.1199999 0.447 2.2780001 68
-1.939 0.38600001 2.293 74
-1.76 0.33000001 2.283 64
-2.323 0.458 2.2739999 67
-2.132 0.40000001 2.283 67
-1.944 0.34400001 2.2909999 72
-1.763 0.29300001 2.283 67
-2.336 0.40400001 2.277 66
-2.138 0.352 2.2809999 70
-1.949 0.30199999 2.2920001 67
-1.77 0.257 2.2869999 68
-2.3410001 0.34900001 2.2750001 69
-2.1459999 0.30399999 2.283 65
-1.956 0.25999999 2.296 73
-1.772 0.22 2.2880001 75
-2.3469999 0.29499999 2.2739999 59
-2.154 0.25600001 2.2869999 63
-1.9579999 0.21699999 2.2950001 71
-1.772 0.184 2.2850001 67
-2.3559999 0.23999999 2.2780001 50
-2.1570001 0.207 2.286 64
-1.959 0.175 2.293 69
-1.773 0.147 2.286 67
-2.3629999 0.186 2.2809999 64
-2.1600001 0.15899999 2.286 67
-1.9630001 0.133 2.2969999 70
-1.778 0.111 2.2920001 68
-2.3670001 0.13 2.2820001 66
-2.164 0.11 2.289 64
-1.965 0.090999998 2.2969999 71
-1.776 0.074000001 2.29 68
-2.372 0.075000003 2.286 66
-2.165 0.061999999 2.29 63
-1.965 0.048 2.2980001 73
-1.777 0.037999999 2.293 66
-2.3699999 0.02 2.2850001 61
-2.165 0.013 2.29 65
-1.966 0.0060000001 2.302 74
-1.774 0.001 2.2909999 68
-2.3670001 -0.034000002 2.2839999 64
-2.1659999 -0.034000002 2.2939999 70
-1.9630001 -0.035 2.3 70
-1.773 -0.034000002 2.2920001 67
-2.3699999 -0.089000002 2.2909999 57
-2.165 -0.082999997 2.296 73
-1.961 -0.077 2.3010001 68
-1.773 -0.071000002 2.2950001 66
-2.3670001 -0.14399999 2.2920001 61
-2.158 -0.131 2.2939999 64
-1.964 -0.119 2.309 67
-1.77 -0.107 2.296 65
-2.358 -0.199 2.289 60
-2.1600001 -0.18000001 2.3010001 70
-1.961 -0.161 2.3099999 69
-1.767 -0.14300001 2.2969999 65
-2.355 -0.25299999 2.2939999 59
-2.1530001 -0.228 2.3 64
-1.956 -0.20299999 2.3110001 68
-1.763 -0.17900001 2.2969999 64
-2.3469999 -0.308 2.2950001 60
-2.142 -0.27500001 2.296 65
-1.9529999 -0.245 2.3150001 67
-1.76 -0.215 2.3010001 65
-2.3380001 -0.36199999 2.2969999 50
-2.138 -0.32300001 2.302 54
-1.944 -0.28600001 2.313 59
-1.7539999 -0.25099999 2.3 58
-2.3310001 -0.417 2.302 66
-2.131 -0.37099999 2.3050001 64
-1.932 -0.32699999 2.3080001 77
-1.75 -0.287 2.303 69
-2.316 -0.47 2.3 61
-2.1210001 -0.419 2.3050001 65
-1.929 -0.36899999 2.3139999 70
-1.744 -0.32300001 2.3050001 68
-2.303 -0.523 2.3010001 60
-2.112 -0.46599999 2.309 64
-1.923 -0.41100001 2.319 70
-1.737 -0.359 2.3050001 69
-2.2909999 -0.57599998 2.306 56
-2.0999999 -0.51300001 2.3099999 65
-1.91 -0.45100001 2.316 72
-1.733 -0.39500001 2.3099999 80
-2.2750001 -0.62900001 2.3080001 59
-2.089 -0.56 2.3139999 70
-1.903 -0.493 2.3210001 72
-1.721 -0.43000001 2.306 72
-2.2590001 -0.68099999 2.309 58
-2.075 -0.60600001 2.3150001 70
-1.892 -0.53399998 2.322 73
-1.712 -0.465 2.3050001 65
-2.243 -0.73299998 2.3139999 64
-2.063 -0.653 2.319 62
-1.878 -0.57300001 2.3210001 70
-1.7079999 -0.50199997 2.313 70
-2.224 -0.78399998 2.3169999 65
-2.0480001 -0.699 2.3210001 66
-1.867 -0.61400002 2.323 76
-1.699 -0.537 2.3150001 70
-2.2030001 -0.83499998 2.3180001 64
-2.027 -0.74299997 2.319 68
-1.854 -0.65399998 2.325 69
-1.688 -0.57200003 2.3150001 72
-2.1889999 -0.88700002 2.3280001 67
-2.0139999 -0.78899997 2.326 65
-1.839 -0.69300002 2.325 69
-1.683 -0.60900003 2.323 68
-2.1600001 -0.93400002 2.3239999 47
-1.994 -0.833 2.326 65
-1.827 -0.73400003 2.3299999 78
-1.67 -0.64399999 2.323 66
-2.135 -0.98199999 2.3239999 63
-1.971 -0.87599999 2.3239999 57
-1.809 -0.77200001 2.3280001 70
-1.655 -0.67799997 2.3199999 63
-2.109 -1.03 2.3269999 62
-1.9579999 -0.92199999 2.3340001 53
-1.791 -0.81 2.3280001 70
-1.647 -0.71399999 2.326 69
-2.0829999 -1.0779999 2.329 61
-1.928 -0.96100003 2.3269999 57
-1.775 -0.84899998 2.3299999 59
-1.631 -0.74800003 2.3239999 64
-2.052 -1.122 2.3280001 53
-1.9119999 -1.008 2.3369999 57
-1.762 -0.88999999 2.3380001 69
-1.618 -0.78200001 2.326 62
-2.0250001 -1.168 2.3310001 56
-1.883 -1.0470001 2.332 62
-1.743 -0.92799997 2.3380001 69
-1.603 -0.81699997 2.326 59
-1.994 -1.2130001 2.332 52
-1.859 -1.0880001 2.3340001 64
-1.727 -0.96799999 2.345 69
-1.595 -0.85500002 2.3369999 68
-1.9630001 -1.257 2.335 52
-1.8380001 -1.131 2.3410001 55
-1.702 -1.002 2.3399999 70
-1.573 -0.88499999 2.3280001 70
-1.932 -1.3 2.3369999 53
-1.807 -1.168 2.3369999 63
-1.679 -1.038 2.3380001 70
-1.561 -0.921 2.335 68
-1.898 -1.341 2.3380001 51
-1.779 -1.207 2.3380001 64
-1.661 -1.076 2.3440001 68
-1.541 -0.95300001 2.332 63
-1.862 -1.381 2.3380001 45
-1.755 -1.248 2.3440001 56
-1.6390001 -1.112 2.346 65
-1.527 -0.98900002 2.3380001 66
-1.8279999 -1.421 2.3399999 43
-1.726 -1.286 2.346 57
-1.614 -1.147 2.346 65
-1.51 -1.023 2.3399999 66
-1.796 -1.464 2.3469999 63
-1.693 -1.321 2.3440001 49
-1.59 -1.182 2.346 65
-1.49 -1.056 2.3399999 69
-1.862 -1.59 2.487 150
-1.659 -1.355 2.3410001 59
-1.564 -1.216 2.345 65
-1.469 -1.087 2.3380001 65
-1.864 -1.666 2.546 47
-1.633 -1.395 2.349 53
-1.538 -1.25 2.346 66
-1.45 -1.1210001 2.3410001 64
-1.83 -1.7130001 2.559 56
-1.619 -1.447 2.378 150
-1.515 -1.286 2.352 63
-1.428 -1.153 2.3399999 64
-1.79 -1.753 2.563 49
-1.645 -1.536 2.4679999 150
-1.49 -1.3200001 2.355 61
-1.409 -1.187 2.3440001 71
-1.7460001 -1.79 2.5650001 51
-1.666 -1.626 2.556 60
-1.459 -1.351 2.3510001 62
-1.385 -1.217 2.342 71
-1.7 -1.824 2.5650001 55
-1.631 -1.665 2.5610001 61
-1.4400001 -1.391 2.3670001 92
-1.364 -1.25 2.3440001 65
-1.652 -1.854 2.562 59
-1.598 -1.705 2.5710001 57
-1.443 -1.456 2.4219999 151
-1.34 -1.281 2.345 69
-1.61 -1.892 2.5699999 61
-1.557 -1.7359999 2.569 54
-1.4859999 -1.5650001 2.549 65
-1.318 -1.3150001 2.3499999 66
-1.562 -1.9220001 2.569 57
-1.517 -1.7690001 2.5699999 54
-1.4630001 -1.609 2.5669999 65
-1.294 -1.346 2.3510001 68
-1.513 -1.951 2.5680001 51
-1.479 -1.804 2.576 58
-1.433 -1.646 2.5739999 63
-1.299 -1.409 2.408 150
-1.465 -1.979 2.5680001 53
-1.438 -1.834 2.576 57
-1.398 -1.677 2.5739999 63
-1.329 -1.505 2.517 150
-1.419 -2.01 2.5739999 51
-1.392 -1.859 2.5710001 56
-1.365 -1.711 2.579 58
-1.322 -1.562 2.559 55
-1.368 -2.0339999 2.5710001 54
-1.353 -1.892 2.5769999 54
-1.327 -1.74 2.5769999 57
-1.298 -1.602 2.572 63
-1.321 -2.063 2.5769999 57
-1.309 -1.918 2.576 52
-1.29 -1.7690001 2.576 56
-1.271 -1.638 2.5799999 60
-1.2690001 -2.0829999 2.5739999 59
-1.267 -1.947 2.5799999 53
-1.256 -1.802 2.5829999 52
-1.2410001 -1.671 2.5829999 53
-1.2130001 -2.096 2.563 53
-1.224 -1.975 2.5829999 56
-1.219 -1.8329999 2.5869999 50
-1.207 -1.7 2.5799999 59
-1.165 -2.1199999 2.5669999 55
-1.177 -1.9960001 2.5799999 53
-1.1799999 -1.86 2.586 50
-1.173 -1.73 2.5810001 52
-1.115 -2.142 2.5710001 56
-1.132 -2.0209999 2.582 50
-1.141 -1.887 2.5869999 48
-1.1390001 -1.7589999 2.579 53
-1.068 -2.1689999 2.582 49
-1.0880001 -2.0450001 2.585 54
-1.1 -1.9119999 2.585 44
-1.104 -1.7869999 2.579 54
-1.018 -2.1900001 2.586 53
-1.04 -2.0639999 2.582 57
-1.059 -1.937 2.586 46
-1.0700001 -1.8200001 2.5840001 56
-0.96499997 -2.201 2.582 55
-0.98900002 -2.075 2.5710001 50
-1.018 -1.9630001 2.5869999 46
-1.034 -1.848 2.585 50
-0.91100001 -2.2119999 2.5769999 53
-0.94400001 -2.098 2.576 57
-0.977 -1.987 2.5869999 49
-0.99699998 -1.875 2.5840001 54
-0.86000001 -2.2279999 2.5810001 54
-0.89999998 -2.1229999 2.585 54
-0.93400002 -2.0090001 2.586 48
-0.95999998 -1.903 2.586 51
-0.80699998 -2.237 2.5780001 52
-0.852 -2.1400001 2.5840001 52
-0.89099997 -2.03 2.585 53
-0.921 -1.928 2.5840001 50
-0.755 -2.2479999 2.579 50
-0.80500001 -2.1559999 2.585 49
-0.84500003 -2.0450001 2.5780001 47
-0.88200003 -1.955 2.586 52
-0.70499998 -2.2609999 2.5829999 55
-0.75800002 -2.1760001 2.5910001 51
-0.80199999 -2.066 2.579 51
-0.84299999 -1.982 2.5880001 44
-0.653 -2.2720001 2.5869999 55
-0.70899999 -2.1889999 2.5899999 53
-0.75999999 -2.0929999 2.589 55
-0.80400002 -2.0090001 2.5929999 53
-0.60100001 -2.2780001 2.586 56
-0.662 -2.2049999 2.5940001 55
-0.71600002 -2.1140001 2.592 46
-0.75700003 -2.0190001 2.575 53
-0.551 -2.29 2.5940001 57
-0.611 -2.211 2.5869999 67
-0.67000002 -2.1289999 2.5880001 55
-0.71700001 -2.046 2.5810001 53
-0.498 -2.2939999 2.5929999 56
-0.56300002 -2.2249999 2.5910001 50
-0.59200001 -2.0350001 2.4549999 150
-0.67699999 -2.0780001 2.5929999 50
-0.44499999 -2.2909999 2.586 57
-0.514 -2.237 2.5940001 54
-0.57300001 -2.142 2.5650001 130
-0.63300002 -2.0969999 2.5899999 48
-0.39500001 -2.3 2.5940001 56
-0.465 -2.247 2.595 52
-0.53299999 -2.181 2.5940001 57
-0.58499998 -2.1029999 2.573 106
-0.34299999 -2.2969999 2.5899999 53
-0.414 -2.2479999 2.5880001 45
-0.486 -2.1989999 2.599 53
-0.546 -2.142 2.596 57
-0.29100001 -2.2950001 2.5880001 57
-0.36500001 -2.2590001 2.5940001 53
-0.43799999 -2.2079999 2.5940001 46
-0.5 -2.161 2.5969999 49
-0.241 -2.296 2.5910001 60
-0.31600001 -2.2650001 2.5940001 52
-0.391 -2.2219999 2.596 54
-0.45500001 -2.1819999 2.5999999 48
-0.19 -2.2950001 2.592 58
-0.266 -2.2639999 2.5880001 51
-0.34200001 -2.234 2.5969999 48
-0.40799999 -2.197 2.5969999 43
-0.14 -2.29 2.5899999 51
-0.21699999 -2.2720001 2.5929999 56
-0.294 -2.244 2.5969999 49
-0.36000001 -2.21 2.5940001 44
-0.090000004 -2.2920001 2.598 58
-0.167 -2.2750001 2.5940001 55
-0.244 -2.2479999 2.5910001 53
-0.31200001 -2.2249999 2.5929999 44
-0.039999999 -2.2850001 2.5969999 54
-0.118 -2.2739999 2.5910001 52
-0.19599999 -2.2609999 2.596 51
-0.264 -2.24 2.595 49
0.0080000004 -2.2780001 2.596 48
-0.068000004 -2.2780001 2.596 58
-0.147 -2.266 2.5940001 53
-0.215 -2.253 2.5940001 52
0.057 -2.2739999 2.5999999 50
-0.017999999 -2.2780001 2.5969999 57
-0.097000003 -2.2709999 2.5929999 50
-0.16500001 -2.267 2.596 49
0.106 -2.263 2.598 49
0.029999999 -2.277 2.598 57
-0.046999998 -2.277 2.5940001 49
-0.115 -2.28 2.598 56
0.155 -2.257 2.6010001 52
0.079000004 -2.2750001 2.598 55
0.0020000001 -2.2839999 2.598 50
-0.064999998 -2.289 2.5969999 56
0.20299999 -2.2460001 2.6010001 47
0.12899999 -2.2679999 2.596 51
0.052000001 -2.286 2.596 50
-0.014 -2.3 2.599 65
0.25 -2.2320001 2.598 44
0.178 -2.263 2.596 51
0.103 -2.293 2.602 52
0.037 -2.306 2.5969999 65
0.29699999 -2.22 2.599 48
0.227 -2.2590001 2.5969999 50
0.153 -2.29 2.598 47
0.089000002 -2.313 2.5969999 68
0.34299999 -2.2090001 2.602 44
0.27500001 -2.2520001 2.5969999 51
0.204 -2.2880001 2.596 48
0.141 -2.3210001 2.599 63
0.389 -2.191 2.598 45
0.324 -2.243 2.596 53
0.255 -2.2880001 2.5969999 53
0.19400001 -2.3239999 2.598 55
0.421 -2.109 2.5179999 49
0.37200001 -2.2309999 2.5929999 48
0.30500001 -2.283 2.5940001 50
0.24600001 -2.322 2.5910001 57
0.46399999 -2.092 2.516 47
0.417 -2.2090001 2.579 64
0.35600001 -2.279 2.5929999 53
0.30000001 -2.3299999 2.5969999 58
0.505 -2.0699999 2.5090001 42
0.463 -2.1900001 2.569 79
0.40700001 -2.2720001 2.5910001 52
0.35299999 -2.3310001 2.5969999 50
0.54799998 -2.056 2.5120001 44
0.50800002 -2.171 2.5599999 108
0.45699999 -2.2650001 2.589 52
0.40700001 -2.325 2.5910001 63
0.59100002 -2.04 2.5150001 45
0.55299997 -2.1530001 2.5539999 99
0.50700003 -2.2539999 2.585 46
0.461 -2.325 2.5929999 59
0.63200003 -2.0209999 2.513 42
0.597 -2.132 2.5450001 106
0.55900002 -2.2509999 2.5899999 57
0.51499999 -2.3210001 2.592 62
0.62800002 -1.868 2.345 57
0.64099997 -2.1099999 2.5350001 90
0.61000001 -2.2420001 2.5899999 56
0.56900001 -2.3169999 2.5910001 63
0.377 -1.048 1.329 1
0.63999999 -1.955 2.3659999 150
0.66000003 -2.2309999 2.589 57
0.625 -2.3150001 2.595 63
0.36700001 -0.958 1.228 2
0.377 -1.073 1.308 2
0.65200001 -2.036 2.375 150
0.67900002 -2.3069999 2.5929999 69
0.39399999 -0.96700001 1.253 3
0.35600001 -0.94700003 1.165 2
0.37799999 -1.096 1.286 1
0.66799998 -2.0910001 2.358 99
0.41100001 -0.949 1.244 4
0.39700001 -0.991 1.229 2
0.352 -0.95300001 1.125 1
0.38299999 -1.1109999 1.258 0
0.43599999 -0.95300001 1.263 3
0.412 -0.96700001 1.211 5
0.39899999 -1.01 1.2 2
0.35299999 -0.954 1.085 1
0.456 -0.94400001 1.267 3
0.43200001 -0.95599997 1.209 5
0.40599999 -0.96399999 1.154 5
0.39700001 -1.003 1.147 2
0.48199999 -0.94499999 1.285 5
0.456 -0.954 1.2180001 4
0.42899999 -0.95899999 1.1569999 5
0.40599999 -0.96100003 1.1059999 5
0.505 -0.94099998 1.2970001 4
0.47799999 -0.94800001 1.224 5
0.454 -0.95599997 1.164 4
0.43200001 -0.95999998 1.112 5
0.537 -0.95200002 1.331 2
0.505 -0.94800001 1.238 5
0.479 -0.954 1.171 5
0.454 -0.94999999 1.108 5
0.53100002 -0.89700001 1.272 2
0.53500003 -0.954 1.261 2
0.50099999 -0.94400001 1.171 6
0.48199999 -0.95200002 1.119 6
1.1160001 -1.8 2.589 41
0.53100002 -0.90100002 1.206 2
0.53799999 -0.96100003 1.204 2
0.505 -0.94300002 1.118 6
1.15 -1.772 2.5869999 46
1.181 -1.909 2.5880001 46
0.53600001 -0.90899998 1.152 2
0.54000002 -0.95599997 1.143 2
1.183 -1.742 2.5840001 37
1.221 -1.882 2.586 45
1.249 -2.016 2.5829999 51
0.53200001 -0.89300001 1.079 1
1.215 -1.712 2.582 36
1.261 -1.855 2.586 45
1.298 -1.993 2.586 51
1.332 -2.1210001 2.5910001 58
1.2460001 -1.6799999 2.5769999 39
1.301 -1.827 2.586 44
1.3430001 -1.966 2.5840001 52
1.385 -2.096 2.5899999 52
1.276 -1.649 2.5739999 42
1.339 -1.798 2.585 44
1.387 -1.936 2.5799999 48
1.4400001 -2.075 2.595 50
1.3049999 -1.6160001 2.569 42
1.375 -1.766 2.5799999 50
1.434 -1.91 2.582 47
1.487 -2.04 2.586 56
1.332 -1.581 2.5610001 41
1.4119999 -1.735 2.579 48
1.476 -1.877 2.5769999 50
1.539 -2.013 2.5869999 52
1.369 -1.558 2.573 44
1.45 -1.705 2.579 48
1.517 -1.8430001 2.5710001 44
1.592 -1.984 2.589 51
1.399 -1.528 2.5739999 42
1.482 -1.669 2.572 47
1.562 -1.813 2.573 45
1.6390001 -1.95 2.585 48
1.423 -1.4910001 2.5650001 41
1.518 -1.637 2.5710001 46
1.604 -1.779 2.5710001 45
1.687 -1.914 2.5810001 48
1.452 -1.46 2.566 40
1.549 -1.599 2.5639999 46
1.643 -1.743 2.5669999 47
1.738 -1.8839999 2.585 47
1.479 -1.428 2.5650001 39
1.5779999 -1.561 2.556 44
1.686 -1.71 2.5680001 44
1.788 -1.85 2.5869999 44
1.505 -1.3940001 2.563 39
1.618 -1.5319999 2.5639999 45
1.728 -1.675 2.569 45
1.836 -1.813 2.5869999 47
1.531 -1.3609999 2.562 38
1.653 -1.5 2.5680001 50
1.767 -1.638 2.5680001 45
1.885 -1.777 2.589 50
1.557 -1.327 2.562 37
1.687 -1.465 2.569 46
1.809 -1.602 2.5699999 42
1.926 -1.733 2.582 46
1.5829999 -1.294 2.563 39
1.719 -1.429 2.569 47
1.839 -1.557 2.5580001 53
1.9680001 -1.6900001 2.5780001 46
1.608 -1.261 2.563 42
1.748 -1.391 2.566 50
1.87 -1.512 2.549 56
2.013 -1.648 2.5780001 50
1.632 -1.226 2.563 39
1.778 -1.353 2.566 50
1.91 -1.475 2.553 53
2.0550001 -1.604 2.576 52
1.6569999 -1.193 2.5650001 40
1.807 -1.3150001 2.5650001 51
1.948 -1.4349999 2.5550001 58
2.095 -1.559 2.5739999 56
1.679 -1.1569999 2.563 42
1.839 -1.278 2.5680001 56
1.9809999 -1.392 2.553 59
2.1340001 -1.512 2.5710001 59
1.7029999 -1.123 2.566 40
1.86 -1.233 2.5580001 54
2.017 -1.35 2.5550001 57
2.1689999 -1.462 2.5639999 58
1.722 -1.086 2.563 41
1.888 -1.1950001 2.559 57
2.049 -1.306 2.5539999 56
2.2079999 -1.414 2.5639999 57
1.744 -1.05 2.5639999 46
1.918 -1.1569999 2.5639999 57
2.0769999 -1.258 2.5469999 58
2.2520001 -1.37 2.5710001 59
1.761 -1.012 2.559 46
1.937 -1.112 2.5550001 54
2.1099999 -1.215 2.55 57
2.2869999 -1.319 2.569 61
1.781 -0.97500002 2.559 44
1.962 -1.071 2.5550001 56
2.1400001 -1.168 2.549 54
2.3210001 -1.267 2.5669999 63
1.799 -0.93800002 2.5569999 44
1.9859999 -1.029 2.5539999 59
2.1689999 -1.122 2.549 58
2.3529999 -1.215 2.5639999 63
1.78 -0.88200003 2.5039999 150
2.007 -0.98500001 2.5510001 57
2.197 -1.074 2.5480001 62
2.382 -1.16 2.5599999 59
1.712 -0.80500001 2.3840001 150
2.03 -0.94300002 2.553 58
2.223 -1.025 2.5469999 58
2.411 -1.105 2.556 65
1.697 -0.75599998 2.3410001 49
2.0510001 -0.89899999 2.552 58
2.247 -0.97500002 2.5450001 61
2.4400001 -1.05 2.5550001 63
1.712 -0.72100002 2.342 54
2.0409999 -0.84299999 2.513 150
2.277 -0.92799997 2.55 64
2.467 -0.99400002 2.553 65
1.723 -0.68400002 2.336 54
1.943 -0.75300002 2.3699999 150
2.2950001 -0.87599999 2.5439999 67
2.4949999 -0.93800002 2.553 69
1.739 -0.64999998 2.339 53
1.934 -0.70200002 2.3380001 64
2.3199999 -0.82599998 2.546 65
2.5190001 -0.88099998 2.5510001 70
1.751 -0.61299998 2.335 55
1.9450001 -0.65899998 2.3310001 65
2.1919999 -0.72399998 2.3829999 152
2.54 -0.82200003 2.5469999 70
1.7589999 -0.57599998 2.329 61
1.96 -0.61699998 2.3299999 64
2.1589999 -0.65899998 2.326 59
2.5580001 -0.76200002 2.5409999 68
1.668 -0.509 2.1930001 73
1.976 -0.57499999 2.3310001 68
2.1730001 -0.611 2.323 57
2.3829999 -0.64999998 2.348 96
1.712 -0.484 2.2360001 90
1.982 -0.53100002 2.3210001 79
2.1930001 -0.56300002 2.326 63
2.3870001 -0.59100002 2.3329999 65
1.791 -0.46599999 2.323 56
1.835 -0.449 2.135 28
2.201 -0.51300001 2.319 82
1.882 -0.41999999 1.827 2
1.806 -0.43099999 2.3299999 55
1.942 -0.43099999 2.2460001 150
2.062 -0.43099999 2.1589999 107
2.168 -0.43099999 2.0899999 150
1.818 -0.39500001 2.3310001 55
2.0209999 -0.403 2.323 68
2.1340001 -0.396 2.221 150
2.2219999 -0.38800001 2.1289999 40
1.819 -0.35600001 2.3210001 55
2.033 -0.36000001 2.325 74
2.24 -0.36399999 2.319 64
2.3169999 -0.34900001 2.2090001 150
1.8329999 -0.31999999 2.3280001 56
2.04 -0.31600001 2.322 67
2.2420001 -0.31200001 2.3099999 63
2.4319999 -0.308 2.3069999 67
1.841 -0.28200001 2.3269999 56
2.0469999 -0.271 2.319 67
2.2550001 -0.26199999 2.313 57
2.457 -0.25299999 2.3210001 63
1.847 -0.244 2.325 56
2.059 -0.227 2.3239999 64
2.2650001 -0.211 2.3150001 63
2.464 -0.19599999 2.319 65
1.848 -0.205 2.316 54
2.062 -0.183 2.3199999 69
2.2650001 -0.16 2.3080001 60
2.4690001 -0.138 2.3180001 66
1.859 -0.168 2.322 54
2.0639999 -0.138 2.3150001 68
2.2720001 -0.109 2.309 58
2.473 -0.079999998 2.316 66
1.858 -0.12899999 2.3139999 56
2.0669999 -0.093000002 2.312 58
2.2750001 -0.057 2.3069999 46
2.4679999 -0.023 2.3080001 49
1.864 -0.090000004 2.3139999 59
2.073 -0.048 2.3139999 65
2.2720001 -0.0060000001 2.3010001 61
2.477 0.034000002 2.3139999 58
1.869 -0.052000001 2.3150001 62
2.0739999 -0.003 2.3110001 68
2.2780001 0.045000002 2.3039999 58
2.4760001 0.092 2.312 70
1.8710001 -0.013 2.312 60
2.076 0.041000001 2.3110001 66
2.273 0.096000001 2.299 65
2.4649999 0.149 2.302 67
1.874 0.025 2.3110001 63
2.0769999 0.086000003 2.3099999 64
2.2709999 0.148 2.2969999 62
2.4660001 0.207 2.3050001 72
1.877 0.064000003 2.313 56
2.075 0.132 2.3069999 67
2.2679999 0.199 2.2950001 61
2.4590001 0.26499999 2.3010001 66
1.873 0.103 2.3039999 60
2.0680001 0.176 2.299 64
2.2639999 0.25099999 2.2939999 60
2.4430001 0.32100001 2.2909999 66
1.874 0.14300001 2.3050001 61
2.0699999 0.222 2.3039999 66
2.256 0.30199999 2.289 59
2.444 0.37900001 2.2980001 62
1.872 0.182 2.3010001 61
2.059 0.266 2.2939999 63
2.2520001 0.35299999 2.2909999 62
2.4319999 0.43599999 2.2939999 76
1.872 0.222 2.3010001 59
2.0569999 0.31200001 2.2950001 63
2.244 0.40400001 2.289 63
2.4189999 0.49200001 2.2909999 74
1.87 0.26100001 2.299 61
2.056 0.35800001 2.299 69
2.23 0.454 2.283 62
2.405 0.54799998 2.2880001 69
1.867 0.301 2.2969999 63
2.0439999 0.40200001 2.2909999 61
2.224 0.505 2.2850001 64
2.3900001 0.60299999 2.2850001 68
1.8660001 0.34099999 2.299 57
2.039 0.447 2.2920001 61
2.2149999 0.55599999 2.2869999 58
2.3729999 0.65799999 2.283 73
1.8609999 0.38100001 2.296 57
2.0320001 0.49200001 2.2920001 57
2.197 0.60500002 2.28 63
2.358 0.713 2.283 74
1.857 0.421 2.296 56
2.0239999 0.53799999 2.2920001 66
2.1860001 0.65499997 2.2809999 67
2.3399999 0.76800001 2.2820001 70
1.849 0.461 2.2920001 54
2.01 0.58099997 2.286 58
2.1689999 0.704 2.2780001 63
2.3139999 0.81900001 2.2739999 71
1.8430001 0.50099999 2.2909999 53
2 0.62699997 2.2869999 59
2.1500001 0.75199997 2.273 67
2.2950001 0.87300003 2.2739999 73
1.836 0.54100001 2.29 61
1.987 0.67000002 2.2839999 60
2.1359999 0.80199999 2.2739999 65
2.2739999 0.926 2.2739999 72
1.826 0.57999998 2.2850001 56
1.973 0.71399999 2.2820001 60
2.1159999 0.84899998 2.2720001 64
2.2509999 0.97799999 2.273 68
1.821 0.62199998 2.289 59
1.959 0.75800002 2.28 59
2.095 0.89600003 2.2690001 67
2.2279999 1.03 2.2739999 72
1.811 0.66100001 2.286 55
1.944 0.80199999 2.2780001 61
2.076 0.94499999 2.27 63
2.2 1.08 2.2709999 68
1.8 0.70200002 2.2850001 57
1.9299999 0.84600002 2.28 69
2.0539999 0.991 2.2679999 67
2.1689999 1.128 2.2650001 64
1.791 0.74299997 2.286 62
1.915 0.88999999 2.2809999 73
2.0280001 1.036 2.2639999 64
2.142 1.177 2.266 74
1.775 0.78100002 2.28 55
1.892 0.93000001 2.273 62
2.006 1.082 2.2639999 63
2.1140001 1.226 2.266 74
1.7640001 0.82099998 2.28 59
1.878 0.97500002 2.2780001 69
1.983 1.128 2.2650001 60
2.0810001 1.272 2.263 78
1.755 0.86400002 2.2850001 66
1.857 1.017 2.2750001 66
1.9579999 1.173 2.2650001 65
2.0510001 1.3200001 2.2639999 78
1.734 0.89999998 2.2739999 61
1.834 1.058 2.2709999 66
1.928 1.215 2.2609999 61
2.017 1.365 2.2620001 71
1.72 0.94099998 2.2750001 57
1.817 1.102 2.2750001 66
1.901 1.2589999 2.26 61
1.985 1.411 2.263 70
1.707 0.98199999 2.277 63
1.7920001 1.141 2.27 69
1.869 1.3 2.256 56
1.9450001 1.451 2.256 68
1.688 1.02 2.273 60
1.77 1.183 2.2709999 67
1.842 1.3430001 2.2579999 66
1.91 1.495 2.257 71
1.673 1.061 2.276 57
1.742 1.22 2.2650001 67
1.806 1.38 2.2509999 64
1.8710001 1.535 2.2539999 70
1.6569999 1.102 2.2780001 62
1.717 1.261 2.2650001 68
1.777 1.423 2.253 68
1.8329999 1.576 2.253 66
1.633 1.138 2.2709999 63
1.689 1.299 2.2620001 64
1.742 1.46 2.25 59
1.794 1.615 2.2520001 70
1.612 1.177 2.2690001 64
1.663 1.3380001 2.2609999 70
1.709 1.5 2.25 65
1.753 1.652 2.25 65
1.5930001 1.217 2.2709999 67
1.633 1.374 2.2579999 65
1.6720001 1.535 2.2460001 65
1.712 1.689 2.2479999 68
1.568 1.253 2.266 63
1.604 1.4119999 2.256 65
1.637 1.573 2.2449999 58
1.671 1.727 2.2490001 65
1.543 1.289 2.263 65
1.575 1.449 2.2550001 71
1.602 1.609 2.2449999 57
1.626 1.758 2.243 59
1.521 1.3279999 2.263 64
1.546 1.487 2.256 65
1.5650001 1.645 2.2449999 59
1.584 1.794 2.2449999 61
1.494 1.363 2.2590001 62
1.512 1.521 2.2520001 62
1.527 1.679 2.243 60
1.5420001 1.8279999 2.2449999 61
1.467 1.399 2.256 64
1.483 1.558 2.2550001 61
1.489 1.7130001 2.243 61
1.495 1.857 2.2409999 64
1.439 1.434 2.2520001 63
1.448 1.591 2.2520001 58
1.45 1.7460001 2.243 62
1.449 1.886 2.24 60
1.415 1.474 2.257 60
1.414 1.624 2.25 58
1.41 1.777 2.243 57
1.4069999 1.92 2.2449999 62
1.385 1.508 2.253 60
1.381 1.66 2.2509999 65
1.37 1.808 2.243 56
1.355 1.9400001 2.2349999 59
1.357 1.544 2.2539999 58
1.344 1.6900001 2.247 62
1.327 1.836 2.24 53
1.311 1.972 2.2390001 64
1.325 1.5779999 2.2509999 54
1.308 1.722 2.2479999 58
1.2869999 1.867 2.2420001 55
1.2640001 1.997 2.2390001 57
1.296 1.614 2.253 53
1.272 1.7539999 2.2479999 64
1.244 1.8940001 2.24 54
1.214 2.0179999 2.2349999 64
1.265 1.65 2.2539999 59
1.234 1.785 2.247 61
1.201 1.92 2.24 54
1.1670001 2.043 2.2360001 60
1.232 1.683 2.253 55
1.1950001 1.813 2.2460001 62
1.158 1.947 2.24 52
1.117 2.062 2.233 49
1.196 1.7130001 2.2479999 50
1.1569999 1.844 2.247 49
1.113 1.972 2.24 53
1.071 2.0880001 2.2379999 60
1.1619999 1.745 2.2479999 58
1.1160001 1.869 2.243 57
1.068 1.994 2.2379999 54
1.02 2.1040001 2.234 60
1.127 1.778 2.2479999 59
1.077 1.898 2.244 53
1.024 2.02 2.2409999 53
0.972 2.125 2.237 50
1.0880001 1.8049999 2.2420001 52
1.035 1.923 2.243 54
0.97799999 2.04 2.2390001 56
0.921 2.1389999 2.234 54
1.053 1.8380001 2.2460001 54
0.99299997 1.949 2.2420001 51
0.93199998 2.0599999 2.2390001 55
0.87099999 2.155 2.234 63
1.0140001 1.865 2.2420001 55
0.94999999 1.97 2.2379999 55
0.88499999 2.0799999 2.2390001 53
0.82099998 2.1700001 2.233 55
0.97399998 1.893 2.2409999 59
0.90899998 1.997 2.2420001 57
0.838 2.099 2.2390001 47
0.76899999 2.178 2.2290001 63
0.935 1.923 2.2420001 54
0.86299998 2.016 2.237 51
0.787 2.1059999 2.2290001 50
0.72000003 2.194 2.2320001 61
0.89399999 1.948 2.2379999 55
0.81800002 2.036 2.2349999 51
0.74299997 2.132 2.2390001 56
0.66900003 2.2030001 2.23 59
0.852 1.974 2.237 51
0.77499998 2.062 2.24 51
0.69400001 2.142 2.233 59
0.61799997 2.211 2.2290001 60
0.81 1.999 2.2349999 50
0.73000002 2.082 2.24 50
0.64499998 2.155 2.2320001 59
0.56699997 2.22 2.23 62
0.76700002 2.0239999 2.2349999 47
0.68400002 2.0999999 2.2379999 61
0.597 2.1700001 2.234 58
0.51700002 2.227 2.2290001 67
0.72399998 2.05 2.237 50
0.63800001 2.1170001 2.2379999 58
0.54900002 2.1819999 2.2349999 58
0.465 2.2260001 2.223 47
0.68099999 2.0739999 2.2379999 47
0.59100002 2.1340001 2.237 59
0.49900001 2.187 2.23 65
0.417 2.2460001 2.2379999 41
0.63499999 2.096 2.237 60
0.54400003 2.148 2.2349999 64
0.45199999 2.2049999 2.2379999 43
0.366 2.2449999 2.234 37
0.58899999 2.115 2.234 58
0.49599999 2.161 2.233 55
0.403 2.217 2.2420001 38
0.315 2.244 2.23 36
0.542 2.1329999 2.2320001 55
0.449 2.1800001 2.2390001 39
0.35299999 2.2179999 2.2349999 36
0.26499999 2.244 2.2290001 40
0.495 2.1530001 2.233 47
0.40099999 2.198 2.244 36
0.303 2.227 2.2390001 37
0.215 2.2460001 2.2309999 38
0.449 2.1800001 2.2409999 36
0.352 2.2049999 2.2390001 41
0.25400001 2.2320001 2.2390001 37
0.16500001 2.243 2.23 38
0.40000001 2.1960001 2.24 34
0.303 2.22 2.243 37
0.204 2.234 2.237 37
0.116 2.2460001 2.2349999 39
0.35100001 2.2119999 2.2390001 37
0.25299999 2.2179999 2.2320001 38
0.155 2.2379999 2.2390001 38
0.066 2.24 2.233 40
0.30000001 2.22 2.2320001 34
0.20299999 2.23 2.2360001 36
0.105 2.2320001 2.2309999 39
0.017000001 2.23 2.227 43
0.25 2.233 2.23 34
0.153 2.2360001 2.2349999 35
0.055 2.233 2.2320001 39
-0.030999999 2.23 2.233 34
0.199 2.2460001 2.23 36
0.103 2.244 2.2360001 37
0.0060000001 2.2390001 2.2390001 37
-0.079000004 2.223 2.2320001 42
0.148 2.256 2.2290001 35
0.052999999 2.25 2.237 40
-0.041999999 2.2360001 2.2379999 36
-0.126 2.2019999 2.22 53
0.096000001 2.2639999 2.2260001 34
0.0020000001 2.25 2.234 37
-0.090999998 2.2309999 2.2360001 40
-0.17399999 2.197 2.224 67
0.045000002 2.2750001 2.2290001 36
-0.048 2.2550001 2.2360001 37
-0.14 2.2160001 2.2249999 49
-0.221 2.188 2.2249999 67
-0.0070000002 2.2820001 2.227 34
-0.097999997 2.2550001 2.2349999 38
-0.189 2.2119999 2.227 57
-0.26800001 2.1730001 2.22 64
-0.059999999 2.2920001 2.2309999 35
-0.148 2.2409999 2.221 54
-0.237 2.2049999 2.2260001 59
-0.31400001 2.164 2.223 65
-0.113 2.2939999 2.227 37
-0.199 2.2420001 2.223 59
-0.285 2.197 2.2249999 65
-0.359 2.148 2.22 71
-0.16599999 2.2869999 2.2160001 48
-0.25 2.2409999 2.2249999 56
-0.333 2.188 2.2249999 61
-0.405 2.135 2.2219999 65
-0.22 2.2920001 2.2179999 54
-0.301 2.2360001 2.223 56
-0.38100001 2.177 2.224 60
-0.45100001 2.125 2.2260001 70
-0.273 2.29 2.2149999 55
-0.35100001 2.23 2.2219999 56
-0.42899999 2.1700001 2.2279999 64
-0.49399999 2.108 2.2249999 64
-0.32699999 2.2869999 2.2130001 55
-0.40200001 2.2249999 2.223 58
-0.47499999 2.1570001 2.2260001 59
-0.537 2.086 2.22 63
-0.382 2.2909999 2.217 55
-0.45199999 2.2149999 2.22 58
-0.52100003 2.141 2.2219999 54
-0.58200002 2.075 2.227 64
-0.43599999 2.2909999 2.22 58
-0.50199997 2.207 2.221 57
-0.56900001 2.1340001 2.23 62
-0.62400001 2.0569999 2.227 65
-0.49000001 2.2809999 2.214 56
-0.55299997 2.198 2.221 55
-0.61500001 2.119 2.2290001 63
-0.66399997 2.0320001 2.22 63
-0.54400003 2.2739999 2.2130001 59
-0.60299999 2.1900001 2.223 52
-0.66100001 2.1040001 2.23 62
-0.708 2.0179999 2.227 52
-0.59899998 2.2709999 2.2160001 55
-0.65399998 2.1789999 2.2249999 52
-0.70700002 2.0869999 2.23 56
-0.74900001 1.9960001 2.2260001 63
-0.65200001 2.2590001 2.2119999 55
-0.704 2.168 2.227 54
-0.75199997 2.069 2.2309999 62
-0.79000002 1.977 2.2290001 64
-0.708 2.253 2.217 56
-0.75300002 2.152 2.2249999 58
-0.79500002 2.0480001 2.227 63
-0.829 1.954 2.2279999 62
-0.76099998 2.2379999 2.2119999 51
-0.801 2.1340001 2.223 54
-0.84100002 2.0339999 2.234 63
-0.86799997 1.931 2.2290001 69
-0.815 2.2260001 2.2119999 58
-0.85100001 2.119 2.2249999 52
-0.88300002 2.0090001 2.2290001 65
-0.90799999 1.91 2.2309999 70
-0.87199998 2.22 2.221 57
-0.89999998 2.1040001 2.227 59
-0.92699999 1.992 2.2349999 62
-0.94599998 1.885 2.2309999 62
-0.926 2.2030001 2.2190001 52
-0.94700003 2.082 2.224 57
-0.96799999 1.967 2.2309999 63
-0.98100001 1.858 2.2290001 70
-0.97799999 2.1830001 2.2160001 54
-0.995 2.0639999 2.2260001 59
-1.011 1.944 2.2320001 64
-1.018 1.8329999 2.23 65
-1.0319999 2.1659999 2.217 54
-1.043 2.043 2.227 62
-1.051 1.919 2.2309999 59
-1.056 1.809 2.234 68
-1.085 2.1470001 2.217 52
-1.0880001 2.0179999 2.224 58
-1.0930001 1.897 2.234 64
-1.09 1.781 2.233 67
-1.136 2.1229999 2.214 53
-1.136 1.997 2.227 63
-1.1339999 1.872 2.2349999 64
-1.124 1.753 2.2320001 71
-1.1900001 2.105 2.2190001 55
-1.183 1.976 2.2309999 58
-1.173 1.846 2.2360001 64
-1.161 1.73 2.2390001 62
-1.243 2.082 2.221 61
-1.226 1.946 2.2260001 63
-1.2130001 1.819 2.237 64
-1.193 1.7 2.237 71
-1.2920001 2.0539999 2.217 52
-1.274 1.924 2.233 61
-1.252 1.7920001 2.24 67
-1.2180001 1.66 2.223 68
-1.346 2.0320001 2.2219999 61
-1.318 1.896 2.2320001 62
-1.288 1.762 2.2379999 67
-1.252 1.633 2.227 64
-1.3940001 2.0009999 2.2190001 59
-1.3609999 1.8660001 2.2309999 65
-1.327 1.735 2.2420001 68
-1.291 1.614 2.243 68
-1.443 1.972 2.2190001 59
-1.406 1.84 2.2349999 61
-1.364 1.705 2.243 69
-1.3200001 1.582 2.2409999 71
-1.498 1.95 2.2279999 60
-1.446 1.807 2.233 62
-1.402 1.676 2.247 60
-1.352 1.553 2.2449999 72
-1.545 1.915 2.2260001 62
-1.4859999 1.772 2.23 65
-1.437 1.645 2.2479999 58
-1.3789999 1.518 2.2409999 70
-1.591 1.88 2.224 64
-1.533 1.747 2.24 71
-1.473 1.613 2.25 63
-1.408 1.487 2.243 72
-1.64 1.849 2.2279999 60
-1.571 1.71 2.237 64
-1.5039999 1.577 2.247 69
-1.437 1.456 2.2460001 72
-1.6849999 1.813 2.2279999 65
-1.609 1.674 2.2360001 63
-1.538 1.545 2.2490001 70
-1.465 1.424 2.247 70
-1.735 1.78 2.234 64
-1.649 1.641 2.2390001 60
-1.572 1.512 2.253 63
-1.49 1.3890001 2.2460001 66
-1.778 1.74 2.2320001 65
-1.6900001 1.6059999 2.243 61
-1.601 1.475 2.25 66
-1.515 1.3559999 2.247 68
-1.823 1.7029999 2.2349999 66
-1.724 1.566 2.24 57
-1.632 1.4400001 2.2520001 70
-1.5420001 1.324 2.25 65
-1.865 1.6619999 2.234 54
-1.766 1.533 2.2479999 63
-1.6619999 1.404 2.253 70
-1.566 1.289 2.2509999 68
-1.9119999 1.625 2.2409999 66
-1.8 1.493 2.247 58
-1.6900001 1.3660001 2.2520001 68
-1.591 1.255 2.253 70
-1.949 1.58 2.2379999 62
-1.834 1.4529999 2.2479999 61
-1.724 1.3329999 2.2609999 67
-1.615 1.221 2.2550001 67
-1.988 1.535 2.2379999 62
-1.869 1.413 2.25 67
-1.75 1.294 2.2590001 65
-1.635 1.184 2.253 70
-2.0280001 1.4910001 2.2409999 61
-1.9 1.37 2.2490001 63
-1.776 1.255 2.2590001 62
-1.6569999 1.149 2.2550001 68
-2.0650001 1.4450001 2.2409999 61
-1.931 1.327 2.2490001 67
-1.803 1.216 2.2609999 68
-1.679 1.114 2.257 70
-2.099 1.397 2.2390001 61
-1.962 1.284 2.2509999 69
-1.827 1.176 2.26 68
-1.699 1.077 2.257 65
-2.1389999 1.352 2.2449999 64
-1.989 1.239 2.2490001 67
-1.848 1.1339999 2.2579999 67
-1.719 1.041 2.2590001 59
-2.171 1.302 2.244 62
-2.0190001 1.1950001 2.2509999 64
-1.872 1.094 2.26 71
-1.74 1.006 2.263 64
-2.204 1.253 2.2460001 69
-2.049 1.152 2.2550001 69
-1.899 1.0549999 2.2650001 69
-1.755 0.96700001 2.26 59
-2.2390001 1.204 2.25 61
-2.076 1.1059999 2.256 66
-1.916 1.012 2.2609999 72
-1.772 0.93000001 2.26 70
-2.27 1.153 2.2509999 65
-2.0999999 1.059 2.256 67
-1.942 0.97299999 2.2690001 74
-1.788 0.89200002 2.26 72
-2.3 1.101 2.2539999 63
-2.132 1.015 2.2650001 71
-1.962 0.93000001 2.2690001 66
-1.804 0.85399997 2.2609999 71
-2.3329999 1.05 2.26 70
-2.154 0.96700001 2.2639999 68
-1.983 0.889 2.2720001 72
-1.825 0.81900001 2.2690001 70
-2.362 0.99699998 2.2639999 66
-2.1719999 0.917 2.2609999 60
-2.0039999 0.847 2.277 77
-1.835 0.77899998 2.2639999 71
-2.29 0.90399998 2.1719999 7
-2.201 0.87099999 2.27 61
-2.0179999 0.80199999 2.273 71
-1.849 0.74000001 2.2650001 76
-2.247 0.82700002 2.112 30
-2.22 0.82200003 2.2709999 64
-2.0339999 0.75800002 2.2739999 74
-1.867 0.704 2.2709999 64
-2.418 0.82700002 2.253 61
-2.237 0.77100003 2.27 62
-2.049 0.71399999 2.2750001 73
-1.876 0.66299999 2.267 72
-2.4489999 0.77399999 2.2639999 70
-2.2550001 0.72100002 2.2709999 63
-2.0680001 0.671 2.28 73
-1.888 0.62400001 2.2679999 74
-2.467 0.71600002 2.2639999 69
-2.27 0.67000002 2.2709999 65
-2.0799999 0.62599999 2.28 78
-1.904 0.58700001 2.2750001 67
-2.483 0.65799999 2.2639999 68
-2.2850001 0.61900002 2.2709999 62
-2.0940001 0.58200002 2.2820001 77
-1.91 0.546 2.27 72
-2.497 0.60000002 2.2620001 72
-2.299 0.56699997 2.273 66
-2.1059999 0.53600001 2.2820001 73
-1.919 0.50700003 2.2709999 70
-2.5179999 0.54299998 2.27 66
-2.3150001 0.51599997 2.276 78
-2.1140001 0.491 2.28 70
-1.933 0.46799999 2.277 64
-2.527 0.484 2.267 65
-2.3239999 0.46399999 2.2750001 62
-2.1259999 0.44600001 2.2839999 77
-1.942 0.42899999 2.2780001 62
-2.5380001 0.42399999 2.2679999 62
-2.339 0.41299999 2.28 67
-2.1370001 0.40000001 2.286 70
-1.95 0.389 2.28 69
-2.55 0.366 2.2709999 64
-2.3469999 0.36000001 2.28 66
-2.1440001 0.354 2.2850001 72
-1.9579999 0.34900001 2.28 71
-2.5610001 0.30700001 2.2750001 63
-2.349 0.30599999 2.276 61
-2.152 0.308 2.2869999 70
-1.962 0.308 2.2780001 62
-2.5639999 0.24600001 2.2720001 66
-2.3599999 0.25400001 2.2809999 54
-2.155 0.26100001 2.2850001 65
-1.969 0.26800001 2.2809999 71
-2.5739999 0.18700001 2.277 57
-2.3659999 0.20100001 2.2820001 66
-2.1600001 0.215 2.286 67
-1.977 0.228 2.2850001 69
-2.5780001 0.127 2.2780001 61
-2.369 0.148 2.2820001 63
-2.1719999 0.17 2.2950001 71
-1.9809999 0.18700001 2.2850001 67
-2.5810001 0.067000002 2.28 67
-2.378 0.094999999 2.289 67
-2.174 0.123 2.2939999 65
-1.984 0.147 2.2850001 66
-2.5829999 0.0070000002 2.283 68
-2.3789999 0.041999999 2.289 68
-2.1760001 0.075999998 2.2939999 64
-1.99 0.106 2.2880001 72
-2.582 -0.050999999 2.283 67
-2.3729999 -0.0099999998 2.2839999 65
-2.1789999 0.028999999 2.2969999 69
-1.99 0.064999998 2.2869999 65
-2.5799999 -0.111 2.2839999 67
-2.3829999 -0.064000003 2.2950001 67
-2.1789999 -0.016000001 2.2969999 68
-1.99 0.024 2.2850001 67
-2.5810001 -0.171 2.29 61
-2.3789999 -0.117 2.2939999 73
-2.178 -0.063000001 2.2969999 70
-1.995 -0.016000001 2.2909999 72
-2.5739999 -0.23100001 2.289 61
-2.375 -0.17 2.2939999 73
-2.1760001 -0.11 2.2969999 69
-1.994 -0.057 2.29 68
-2.5580001 -0.289 2.2820001 40
-2.3729999 -0.223 2.2969999 68
-2.174 -0.15700001 2.2980001 70
-1.993 -0.097999997 2.29 73
-1.553 -0.212 1.391 3
-2.3699999 -0.27599999 2.3010001 67
-2.1689999 -0.20299999 2.2969999 67
-1.9910001 -0.139 2.2909999 70
-1.539 -0.24600001 1.3839999 9
-2.359 -0.329 2.2980001 69
-2.1700001 -0.25099999 2.303 65
-1.994 -0.18099999 2.296 64
-1.544 -0.28400001 1.396 2
-2.3570001 -0.382 2.3039999 63
-2.164 -0.29699999 2.303 65
-1.99 -0.222 2.296 69
-2.533 -0.52600002 2.303 62
-2.345 -0.43399999 2.303 70
-2.1570001 -0.34400001 2.303 65
-1.99 -0.264 2.3 67
-2.5209999 -0.58499998 2.306 65
-2.3340001 -0.48699999 2.3039999 67
-2.1570001 -0.391 2.3110001 62
-1.985 -0.30500001 2.299 63
-2.5039999 -0.64200002 2.306 63
-2.3280001 -0.53899997 2.3099999 69
-2.1500001 -0.43799999 2.312 64
-1.979 -0.347 2.299 69
-2.4909999 -0.69999999 2.3110001 64
-2.3169999 -0.59200001 2.313 62
-2.1400001 -0.484 2.312 61
-1.978 -0.389 2.3050001 68
-2.474 -0.75700003 2.3139999 68
-2.3 -0.64200002 2.3110001 70
-2.135 -0.53200001 2.3180001 66
-1.971 -0.43000001 2.3050001 63
-2.4530001 -0.81300002 2.3139999 64
-2.2920001 -0.69499999 2.319 66
-2.122 -0.57700002 2.316 66
-1.9630001 -0.472 2.3039999 71
-2.434 -0.86900002 2.3169999 66
-2.2750001 -0.74599999 2.3199999 70
-2.1110001 -0.62300003 2.3180001 69
-1.961 -0.51499999 2.3110001 69
-2.4119999 -0.92400002 2.319 67
-2.2550001 -0.79500002 2.3180001 62
-2.102 -0.67000002 2.322 70
-1.951 -0.55599999 2.3099999 67
-2.385 -0.97600001 2.3180001 58
-2.2390001 -0.84600002 2.3210001 68
-2.0880001 -0.71600002 2.323 69
-1.942 -0.59799999 2.3110001 65
-2.3640001 -1.0319999 2.323 68
-2.221 -0.89600003 2.3239999 65
-2.072 -0.76099998 2.322 69
-1.933 -0.639 2.312 63
-2.3380001 -1.084 2.3239999 60
-2.198 -0.94499999 2.323 58
-2.0599999 -0.80699998 2.326 62
-1.921 -0.68099999 2.312 62
-2.3080001 -1.135 2.3239999 58
-2.1800001 -0.995 2.3280001 60
-2.0439999 -0.852 2.3280001 66
-1.9119999 -0.72299999 2.3150001 68
-2.283 -1.188 2.3280001 59
-2.158 -1.043 2.3299999 63
-2.026 -0.89600003 2.3280001 59
-1.905 -0.76599997 2.322 63
-2.2509999 -1.237 2.3280001 54
-2.128 -1.087 2.325 59
-2.013 -0.94300002 2.3340001 63
-1.891 -0.80800003 2.322 74
-2.2179999 -1.285 2.3269999 49
-2.109 -1.137 2.332 57
-1.992 -0.98699999 2.3340001 65
-1.874 -0.84799999 2.3180001 63
-2.1889999 -1.336 2.3329999 54
-2.085 -1.1849999 2.335 58
-1.971 -1.03 2.3329999 64
-1.864 -0.89099997 2.325 69
-2.151 -1.38 2.3280001 42
-2.0510001 -1.226 2.3280001 53
-1.9529999 -1.075 2.3369999 62
-1.851 -0.93400002 2.329 69
-2.115 -1.426 2.329 38
-2.03 -1.276 2.3380001 56
-1.931 -1.118 2.3380001 60
-1.8329999 -0.97399998 2.3280001 69
-2.0810001 -1.472 2.3310001 38
-2.0009999 -1.3200001 2.339 57
-1.906 -1.159 2.336 55
-1.819 -1.017 2.3329999 67
-2.0599999 -1.529 2.3499999 43
-1.969 -1.362 2.3380001 49
-1.885 -1.2029999 2.3399999 52
-1.8 -1.057 2.332 65
-2.177 -1.693 2.5320001 42
-1.941 -1.4069999 2.342 46
-1.86 -1.244 2.339 49
-1.7819999 -1.098 2.3329999 63
-2.1530001 -1.7539999 2.5539999 44
-1.91 -1.45 2.3440001 44
-1.834 -1.286 2.3399999 53
-1.7640001 -1.14 2.3369999 65
-2.1170001 -1.8049999 2.5639999 44
-1.924 -1.529 2.404 150
-1.811 -1.329 2.345 52
-1.7410001 -1.179 2.3340001 63
-2.0680001 -1.844 2.5580001 45
-1.99 -1.655 2.5339999 57
-1.7819999 -1.369 2.3440001 46
-1.721 -1.22 2.3369999 60
-2.026 -1.89 2.5639999 46
-1.965 -1.709 2.55 53
-1.755 -1.409 2.346 39
-1.702 -1.262 2.3410001 56
-1.976 -1.929 2.5610001 46
-1.9299999 -1.7539999 2.556 47
-1.771 -1.4859999 2.4070001 150
-1.678 -1.301 2.3410001 55
-1.929 -1.969 2.5610001 50
-1.897 -1.802 2.566 48
-1.826 -1.602 2.527 134
-1.6569999 -1.344 2.346 47
-1.886 -2.0120001 2.5680001 50
-1.859 -1.846 2.5699999 53
-1.808 -1.6569999 2.549 57
-1.631 -1.383 2.346 48
-1.8380001 -2.0510001 2.5699999 56
-1.817 -1.885 2.5710001 51
-1.7869999 -1.711 2.5680001 47
-1.618 -1.433 2.365 97
-1.785 -2.0840001 2.566 52
-1.777 -1.927 2.575 50
-1.751 -1.751 2.569 52
-1.676 -1.55 2.4909999 150
-1.743 -2.1289999 2.579 52
-1.728 -1.9579999 2.5669999 60
-1.7130001 -1.79 2.5669999 51
-1.686 -1.6289999 2.552 49
-1.687 -2.1570001 2.572 52
-1.684 -1.995 2.5680001 59
-1.678 -1.832 2.5710001 52
-1.664 -1.679 2.566 54
-1.63 -2.181 2.5639999 48
-1.643 -2.036 2.5739999 53
-1.6390001 -1.869 2.5699999 53
-1.63 -1.719 2.5639999 55
-1.58 -2.2149999 2.5669999 49
-1.597 -2.0710001 2.575 53
-1.598 -1.906 2.5680001 51
-1.595 -1.758 2.563 51
-1.5319999 -2.2509999 2.575 48
-1.5470001 -2.099 2.5699999 57
-1.561 -1.946 2.572 57
-1.564 -1.801 2.5680001 51
-1.477 -2.277 2.572 47
-1.5 -2.1329999 2.5710001 60
-1.52 -1.983 2.5739999 58
-1.527 -1.8380001 2.5639999 46
-1.425 -2.306 2.575 46
-1.447 -2.1559999 2.5610001 62
-1.478 -2.0179999 2.5739999 56
-1.493 -1.881 2.5699999 54
-1.372 -2.3340001 2.5780001 47
-1.4 -2.188 2.5639999 59
-1.437 -2.056 2.5769999 50
-1.456 -1.919 2.5699999 55
-1.314 -2.352 2.5710001 45
-1.359 -2.23 2.579 53
-1.3940001 -2.089 2.5769999 54
-1.4170001 -1.957 2.5699999 56
-1.262 -2.381 2.5780001 46
-1.306 -2.2539999 2.5739999 61
-1.345 -2.115 2.569 55
-1.381 -1.997 2.575 55
-1.209 -2.405 2.5810001 47
-1.256 -2.2809999 2.575 61
-1.299 -2.1470001 2.5680001 58
-1.339 -2.033 2.573 52
-1.153 -2.4260001 2.582 47
-1.2079999 -2.313 2.5810001 53
-1.26 -2.188 2.5799999 53
-1.301 -2.0739999 2.5799999 51
-1.098 -2.4449999 2.5829999 44
-1.1569999 -2.3380001 2.582 53
-1.211 -2.214 2.576 50
-1.2539999 -2.1010001 2.5699999 46
-1.043 -2.4660001 2.586 46
-1.1059999 -2.362 2.582 53
-1.165 -2.247 2.579 49
-1.212 -2.1359999 2.572 46
-0.98699999 -2.4820001 2.585 47
-1.0549999 -2.388 2.586 53
-1.117 -2.276 2.5799999 47
-1.169 -2.1730001 2.575 54
-0.93199998 -2.5 2.5880001 48
-1.002 -2.4100001 2.586 50
-1.068 -2.3039999 2.5799999 50
-1.126 -2.211 2.5810001 47
-0.87400001 -2.5109999 2.585 46
-0.94800001 -2.427 2.5829999 50
-1.02 -2.3340001 2.5840001 48
-1.08 -2.243 2.5810001 45
-0.81699997 -2.5209999 2.5840001 52
-0.89499998 -2.451 2.5880001 51
-0.96899998 -2.3570001 2.5810001 46
-1.033 -2.2750001 2.5810001 47
-0.76099998 -2.536 2.5869999 51
-0.84200001 -2.4690001 2.589 53
-0.917 -2.381 2.5810001 45
-0.986 -2.3080001 2.5840001 48
-0.704 -2.5439999 2.585 53
-0.78600001 -2.483 2.586 53
-0.86799997 -2.4089999 2.586 47
-0.93599999 -2.335 2.582 47
-0.648 -2.5550001 2.5880001 51
-0.73299998 -2.503 2.5899999 52
-0.81400001 -2.4289999 2.5829999 49
-0.88700002 -2.3670001 2.585 45
-0.59299999 -2.566 2.592 53
-0.67699999 -2.516 2.5880001 54
-0.76099998 -2.45 2.582 49
-0.83700001 -2.3970001 2.5880001 49
-0.537 -2.576 2.595 52
-0.62199998 -2.529 2.589 55
-0.70899999 -2.4749999 2.5869999 50
-0.78600001 -2.425 2.589 52
-0.47999999 -2.579 2.5929999 52
-0.56699997 -2.5450001 2.592 53
-0.65499997 -2.494 2.5869999 49
-0.73199999 -2.447 2.5840001 46
-0.42399999 -2.5880001 2.598 56
-0.51200002 -2.5580001 2.5940001 53
-0.602 -2.5179999 2.5929999 48
-0.68199998 -2.4849999 2.598 53
-0.368 -2.5899999 2.5969999 54
-0.456 -2.566 2.592 51
-0.54799998 -2.54 2.598 53
-0.62800002 -2.5090001 2.599 55
-0.31200001 -2.589 2.595 55
-0.40000001 -2.5769999 2.5940001 54
-0.49200001 -2.5569999 2.598 55
-0.57200003 -2.53 2.598 54
-0.255 -2.5880001 2.5929999 57
-0.34400001 -2.582 2.5929999 51
-0.435 -2.5669999 2.5929999 50
-0.51599997 -2.549 2.5940001 57
-0.2 -2.5880001 2.595 56
-0.287 -2.5869999 2.5910001 56
-0.37799999 -2.5780001 2.5910001 50
-0.45899999 -2.572 2.5969999 49
-0.14399999 -2.582 2.5910001 52
-0.23100001 -2.5940001 2.5929999 52
-0.32100001 -2.5940001 2.5940001 55
-0.40200001 -2.5910001 2.5969999 49
-0.089000002 -2.586 2.598 59
-0.17399999 -2.595 2.5899999 53
-0.26300001 -2.6010001 2.5899999 53
-0.34400001 -2.6070001 2.596 49
-0.034000002 -2.579 2.595 56
-0.118 -2.599 2.592 54
-0.206 -2.6099999 2.589 55
-0.28400001 -2.619 2.5899999 52
0.018999999 -2.576 2.5969999 54
-0.061000001 -2.6010001 2.592 55
-0.147 -2.622 2.592 49
-0.22400001 -2.6329999 2.589 49
0.074000001 -2.572 2.599 54
-0.0049999999 -2.6010001 2.592 54
-0.089000002 -2.6289999 2.592 57
-0.16500001 -2.652 2.5940001 55
0.12800001 -2.5669999 2.602 54
0.050999999 -2.6040001 2.595 53
-0.029999999 -2.635 2.5910001 59
-0.104 -2.6630001 2.592 53
0.18099999 -2.552 2.596 54
0.108 -2.6029999 2.596 54
0.028000001 -2.641 2.592 54
-0.043000001 -2.6730001 2.5910001 49
0.235 -2.5450001 2.599 56
0.164 -2.599 2.595 53
0.086999997 -2.645 2.592 56
0.018999999 -2.6889999 2.5969999 52
0.287 -2.5350001 2.598 54
0.221 -2.596 2.596 55
0.147 -2.648 2.5929999 52
0.081 -2.701 2.5999999 49
0.34 -2.5179999 2.5929999 54
0.27700001 -2.5910001 2.596 54
0.207 -2.651 2.595 55
0.14399999 -2.7060001 2.5969999 51
0.39199999 -2.5090001 2.5969999 52
0.333 -2.5829999 2.595 54
0.26699999 -2.6470001 2.5910001 53
0.208 -2.72 2.605 58
0.44299999 -2.4920001 2.5929999 53
0.389 -2.572 2.592 55
0.32699999 -2.648 2.5940001 52
0.27200001 -2.7219999 2.6029999 57
0.493 -2.4749999 2.5899999 48
0.44499999 -2.566 2.595 54
0.38699999 -2.6440001 2.592 51
0.336 -2.72 2.599 53
0.54400003 -2.457 2.5880001 53
0.5 -2.553 2.592 56
0.447 -2.6370001 2.5899999 51
0.40200001 -2.734 2.6099999 52
0.59500003 -2.4449999 2.592 58
0.55599999 -2.5439999 2.5940001 52
0.50700003 -2.6300001 2.5880001 50
0.46599999 -2.7249999 2.6029999 55
0.64499998 -2.428 2.5929999 53
0.611 -2.533 2.596 55
0.56900001 -2.6289999 2.5940001 56
0.53100002 -2.7219999 2.6010001 50
0.69499999 -2.414 2.596 60
0.66600001 -2.52 2.596 57
0.62800002 -2.6170001 2.5899999 59
0.597 -2.7179999 2.6010001 50
0.67400002 -2.1689999 2.3510001 60
0.71799999 -2.497 2.5869999 69
0.69 -2.612 2.595 54
0.662 -2.7119999 2.5999999 54
0.71499997 -2.141 2.3410001 34
0.69999999 -2.247 2.3429999 56
0.73400003 -2.5469999 2.54 125
0.727 -2.7049999 2.599 54
0.34900001 -0.97899997 1.079 1
0.74900001 -2.233 2.3429999 31
0.73199999 -2.3380001 2.3429999 51
0.72899997 -2.477 2.3870001 150
0.38800001 -1.02 1.136 3
0.34599999 -0.96100003 1.017 1
0.37400001 -1.107 1.115 1
0.77700001 -2.428 2.349 58
0.38999999 -0.96399999 1.0829999 5
0.38800001 -1.011 1.077 3
0.345 -0.949 0.96200001 2
0.366 -1.058 1.028 1
0.41100001 -0.95899999 1.089 5
0.39899999 -0.97500002 1.048 6
0.38800001 -0.99800003 1.0190001 0
0.36000001 -0.96799999 0.94499999 4
0.43399999 -0.95700002 1.098 5
0.41999999 -0.96499997 1.046 6
0.40099999 -0.96499997 0.991 6
0.38600001 -0.96600002 0.949 0
0.45300001 -0.94800001 1.099 5
0.442 -0.958 1.048 5
0.42699999 -0.96600002 1 1
0.41299999 -0.96799999 0.95599997 6
0.47799999 -0.949 1.112 6
0.46399999 -0.95099998 1.051 6
0.44999999 -0.95700002 0.99900001 6
0.43599999 -0.958 0.95300001 0
0.50400001 -0.94999999 1.128 6
0.48800001 -0.94800001 1.058 6
0.47799999 -0.95999998 1.011 1
0.461 -0.954 0.95599997 6
0.52899998 -0.94999999 1.142 1
0.51099998 -0.94199997 1.063 4
0.50099999 -0.95099998 1.012 6
0.48800001 -0.95099998 0.96200001 1
0.52499998 -0.89899999 1.094 2
0.52600002 -0.92199999 1.053 1
0 0 0 0
0.51800001 -0.95300001 0.97299999 3
1.29 -2.1059999 2.5969999 48
1.344 -2.24 2.589 49
0.52100003 -0.88999999 0.96600002 1
0.52499998 -0.91500002 0.94300002 2
1.332 -2.076 2.5969999 51
1.393 -2.211 2.5880001 55
1.4529999 -2.3559999 2.589 49
1.517 -2.503 2.605 60
1.373 -2.046 2.5969999 51
1.442 -2.1819999 2.589 50
1.51 -2.3269999 2.589 53
1.581 -2.4749999 2.6059999 57
1.4119999 -2.0139999 2.5940001 51
1.49 -2.151 2.589 54
1.5700001 -2.3039999 2.5969999 52
1.635 -2.4319999 2.592 40
1.451 -1.98 2.5910001 46
1.539 -2.122 2.592 49
1.6210001 -2.2650001 2.589 50
1.699 -2.401 2.5929999 41
1.49 -1.949 2.5910001 47
1.5829999 -2.086 2.5869999 51
1.676 -2.233 2.5899999 50
1.765 -2.3740001 2.6010001 55
1.526 -1.9119999 2.585 43
1.627 -2.05 2.5840001 49
1.732 -2.201 2.592 52
1.8279999 -2.3410001 2.6029999 53
1.564 -1.8789999 2.585 45
1.674 -2.017 2.585 54
1.781 -2.161 2.5880001 49
1.89 -2.306 2.6040001 49
1.601 -1.846 2.586 43
1.72 -1.983 2.5869999 46
1.832 -2.122 2.585 50
1.951 -2.267 2.605 52
1.637 -1.811 2.5829999 40
1.762 -1.9450001 2.5840001 45
1.887 -2.0869999 2.589 47
2.0090001 -2.2260001 2.6029999 53
1.676 -1.779 2.5880001 47
1.8099999 -1.9119999 2.5899999 48
1.937 -2.046 2.5869999 49
2.063 -2.1800001 2.598 54
1.71 -1.7410001 2.5840001 43
1.849 -1.87 2.586 49
1.984 -2.0020001 2.5829999 51
2.1229999 -2.1400001 2.602 52
1.745 -1.705 2.5840001 43
1.89 -1.83 2.585 52
2.033 -1.96 2.5829999 51
2.177 -2.0929999 2.599 50
1.778 -1.6670001 2.582 40
1.931 -1.79 2.5829999 47
2.0780001 -1.914 2.579 49
2.2320001 -2.046 2.598 50
1.8150001 -1.633 2.5869999 49
1.97 -1.748 2.582 48
2.1229999 -1.868 2.576 50
2.2880001 -1.999 2.599 50
1.845 -1.5930001 2.5829999 45
2.0039999 -1.702 2.575 50
2.171 -1.823 2.5769999 50
2.342 -1.951 2.6010001 54
1.874 -1.552 2.5780001 55
2.0439999 -1.661 2.5769999 48
2.2149999 -1.776 2.5769999 47
2.388 -1.8940001 2.5940001 50
1.895 -1.5039999 2.563 53
2.079 -1.615 2.573 51
2.257 -1.726 2.5739999 48
2.4400001 -1.8430001 2.595 52
1.926 -1.465 2.5639999 53
2.115 -1.5700001 2.572 50
2.3010001 -1.678 2.5739999 46
2.4879999 -1.788 2.5929999 54
1.964 -1.431 2.573 57
2.148 -1.523 2.5680001 56
2.3399999 -1.625 2.5699999 50
2.53 -1.729 2.5869999 54
1.992 -1.3890001 2.5710001 50
2.1800001 -1.475 2.5639999 60
2.3789999 -1.572 2.5680001 50
2.5769999 -1.6720001 2.586 52
2.0190001 -1.347 2.5680001 51
2.2119999 -1.427 2.5610001 54
2.4159999 -1.5190001 2.5650001 50
2.622 -1.615 2.586 52
2.0450001 -1.304 2.5650001 56
2.2509999 -1.3839999 2.5680001 62
2.4579999 -1.4680001 2.569 56
2.6619999 -1.553 2.582 50
2.076 -1.2640001 2.5699999 52
2.2820001 -1.335 2.5669999 60
2.48 -1.405 2.552 68
2.7019999 -1.492 2.5799999 50
2.0969999 -1.2180001 2.5610001 54
2.312 -1.286 2.5650001 59
2.5239999 -1.355 2.5599999 60
2.74 -1.429 2.5769999 57
2.1229999 -1.175 2.5599999 56
2.345 -1.238 2.5680001 58
2.5580001 -1.298 2.559 59
2.7679999 -1.36 2.5650001 60
2.1500001 -1.132 2.562 61
2.3699999 -1.1849999 2.562 60
2.585 -1.238 2.553 52
2.8080001 -1.298 2.5680001 57
2.1730001 -1.0880001 2.5599999 57
2.395 -1.132 2.5580001 59
2.6159999 -1.1799999 2.5510001 53
2.845 -1.235 2.569 54
2.1960001 -1.043 2.559 59
2.4200001 -1.08 2.5550001 63
2.6500001 -1.123 2.553 55
2.8759999 -1.1670001 2.5650001 56
2.224 -1 2.5650001 55
2.444 -1.027 2.5539999 64
2.675 -1.062 2.549 60
2.911 -1.102 2.5669999 59
2.247 -0.95499998 2.5650001 56
2.4679999 -0.97399998 2.552 65
2.701 -1.001 2.5469999 60
2.937 -1.033 2.562 61
2.2609999 -0.90499997 2.556 61
2.4920001 -0.921 2.5510001 65
2.7260001 -0.93900001 2.5439999 60
2.96 -0.96200001 2.556 57
2.289 -0.861 2.563 60
2.5120001 -0.866 2.5480001 63
2.7509999 -0.87800002 2.5450001 67
2.9879999 -0.89399999 2.5569999 55
2.303 -0.81199998 2.556 70
2.5320001 -0.81099999 2.546 64
2.776 -0.81699997 2.546 61
3.0150001 -0.824 2.5580001 67
2.125 -0.699 2.3369999 48
2.553 -0.75599998 2.5450001 67
2.796 -0.75300002 2.543 63
3.03 -0.75199997 2.55 67
2.145 -0.65700001 2.3410001 58
2.358 -0.64300001 2.3329999 51
2.757 -0.67500001 2.4879999 150
3.052 -0.68099999 2.549 59
2.1589999 -0.61199999 2.339 57
2.372 -0.59100002 2.3299999 65
2.595 -0.57300001 2.3269999 97
2.8169999 -0.55900002 2.3380001 93
2.1730001 -0.56699997 2.3369999 56
1.87 -0.42199999 1.824 4
2.6040001 -0.51300001 2.3199999 150
2.8280001 -0.491 2.332 61
2.1659999 -0.51599997 2.313 150
2.174 -0.44100001 2.1070001 150
2.6199999 -0.45300001 2.319 64
2.392 -0.35699999 1.962 150
2.0420001 -0.442 2.1670001 62
2.227 -0.40099999 2.1470001 69
2.365 -0.354 2.0829999 124
2.6129999 -0.32699999 2.1329999 99
2.033 -0.39500001 2.1429999 26
2.2260001 -0.34999999 2.1340001 33
2.4319999 -0.30700001 2.132 53
2.687 -0.27200001 2.184 146
2.227 -0.384 2.335 51
2.398 -0.32300001 2.2880001 49
2.652 -0.273 2.3150001 70
2.8670001 -0.222 2.322 64
2.2360001 -0.33700001 2.332 49
2.4419999 -0.27399999 2.319 69
2.6600001 -0.212 2.3139999 66
2.8729999 -0.154 2.3210001 64
2.24 -0.28999999 2.3239999 53
2.457 -0.221 2.3239999 68
2.661 -0.15099999 2.3080001 72
2.8759999 -0.086000003 2.3180001 67
2.2490001 -0.242 2.323 57
2.4619999 -0.167 2.3210001 63
2.668 -0.090000004 2.3080001 61
2.875 -0.017999999 2.313 69
2.2609999 -0.19499999 2.325 51
2.46 -0.112 2.312 66
2.6700001 -0.028999999 2.3050001 63
2.8729999 0.048999999 2.309 48
2.2620001 -0.147 2.3169999 54
2.471 -0.057999998 2.316 64
2.671 0.032000002 2.303 53
2.8659999 0.116 2.303 67
2.2720001 -0.098999999 2.3199999 50
2.471 -0.003 2.312 60
2.6659999 0.093000002 2.2969999 62
2.8640001 0.184 2.3010001 70
2.279 -0.050000001 2.3210001 45
2.471 0.050999999 2.309 72
2.664 0.154 2.2939999 59
2.865 0.252 2.3039999 63
2.2820001 -0.0020000001 2.3169999 55
2.4749999 0.106 2.3099999 66
2.665 0.215 2.296 67
2.8510001 0.31799999 2.296 69
2.2839999 0.046 2.3150001 54
2.4760001 0.161 2.309 53
2.6559999 0.27599999 2.29 64
2.8440001 0.38499999 2.2950001 69
2.2839999 0.094999999 2.309 52
2.47 0.21600001 2.303 59
2.651 0.33700001 2.289 63
2.835 0.45199999 2.2939999 70
2.283 0.14399999 2.306 48
2.471 0.271 2.3039999 66
2.645 0.398 2.2880001 62
2.822 0.51800001 2.2909999 64
2.29 0.19499999 2.3110001 51
2.464 0.32600001 2.3010001 61
2.631 0.458 2.2820001 68
2.809 0.58499998 2.29 63
2.2850001 0.244 2.3039999 47
2.4530001 0.38 2.293 68
2.625 0.51800001 2.283 66
2.7950001 0.64999998 2.289 66
2.2850001 0.294 2.3039999 52
2.4530001 0.43599999 2.2969999 67
2.6099999 0.57800001 2.279 57
2.776 0.71499997 2.2839999 66
2.2850001 0.34400001 2.3039999 56
2.444 0.491 2.2939999 67
2.596 0.63700002 2.276 55
2.753 0.778 2.279 75
2.279 0.39399999 2.299 50
2.4330001 0.54500002 2.2909999 62
2.585 0.69800001 2.2780001 63
2.733 0.84200001 2.277 78
2.273 0.44400001 2.296 51
2.4260001 0.60100001 2.2920001 54
2.5669999 0.75599998 2.2739999 69
2.711 0.90499997 2.2750001 71
2.27 0.495 2.2969999 53
2.4130001 0.65499997 2.2880001 65
2.5510001 0.81599998 2.273 69
2.688 0.96799999 2.2739999 80
2.2620001 0.54500002 2.2939999 45
2.392 0.70599997 2.277 64
2.533 0.87400001 2.2720001 69
2.664 1.03 2.2720001 80
2.2509999 0.59500003 2.2880001 49
2.3859999 0.76300001 2.283 67
2.51 0.93000001 2.267 63
2.6400001 1.092 2.2720001 83
2.247 0.64600003 2.2909999 55
2.3740001 0.81800002 2.2839999 77
2.4920001 0.98900002 2.2690001 67
2.612 1.153 2.2709999 79
2.2349999 0.69700003 2.286 54
2.3529999 0.87 2.2780001 66
2.467 1.045 2.2650001 63
2.582 1.212 2.2679999 63
2.224 0.74699998 2.2850001 56
2.335 0.92400002 2.276 64
2.4430001 1.101 2.2639999 64
2.549 1.27 2.2639999 80
2.214 0.79799998 2.2850001 56
2.3199999 0.97799999 2.277 58
2.415 1.156 2.2590001 67
2.5190001 1.3279999 2.2639999 81
2.201 0.84899998 2.2820001 56
2.303 1.0319999 2.2780001 66
2.3959999 1.215 2.2650001 62
2.4760001 1.38 2.2539999 71
2.1849999 0.89899999 2.2780001 54
2.2820001 1.085 2.276 64
2.365 1.267 2.26 64
2.4419999 1.436 2.2539999 67
2.175 0.95099998 2.2809999 62
2.2590001 1.136 2.273 64
2.3310001 1.318 2.2539999 69
2.4089999 1.493 2.2550001 64
2.1530001 0.99900001 2.273 50
2.2309999 1.186 2.267 57
2.3010001 1.3710001 2.253 68
2.372 1.548 2.2539999 69
2.138 1.051 2.2750001 54
2.211 1.24 2.2690001 68
2.2639999 1.421 2.247 73
2.3310001 1.598 2.25 75
2.118 1.1 2.2709999 53
2.184 1.29 2.267 69
2.234 1.474 2.2479999 62
2.2880001 1.648 2.2460001 70
2.096 1.148 2.267 54
2.155 1.339 2.263 64
2.2049999 1.527 2.2509999 70
2.2479999 1.699 2.2449999 70
2.0780001 1.2 2.267 57
2.131 1.391 2.2650001 61
2.1630001 1.572 2.243 67
2.201 1.745 2.2390001 61
2.0539999 1.248 2.263 56
2.0969999 1.437 2.2579999 66
2.1259999 1.6210001 2.2409999 66
2.1619999 1.7970001 2.2420001 67
2.033 1.298 2.2639999 50
2.066 1.485 2.2550001 54
2.0899999 1.67 2.2409999 69
2.119 1.845 2.2420001 69
2.007 1.346 2.2590001 50
2.036 1.535 2.256 59
2.049 1.715 2.237 59
2.0699999 1.887 2.2360001 67
1.983 1.395 2.2590001 56
2.0039999 1.5829999 2.2550001 62
2.01 1.761 2.237 60
2.027 1.9349999 2.2379999 72
1.959 1.4450001 2.26 60
1.971 1.63 2.253 59
1.975 1.811 2.2409999 60
1.977 1.975 2.2349999 75
1.927 1.49 2.253 51
1.936 1.676 2.2520001 54
1.929 1.851 2.2349999 59
1.928 2.017 2.233 68
1.903 1.541 2.257 52
1.901 1.722 2.2509999 55
1.886 1.8940001 2.233 64
1.882 2.0610001 2.2349999 63
1.873 1.5880001 2.2550001 54
1.863 1.766 2.2479999 55
1.845 1.939 2.2349999 64
1.832 2.1010001 2.2349999 68
1.84 1.633 2.2509999 52
1.826 1.811 2.2479999 56
1.801 1.98 2.2349999 65
1.78 2.138 2.2309999 66
1.808 1.6799999 2.25 45
1.785 1.852 2.244 55
1.755 2.02 2.233 60
1.73 2.177 2.233 62
1.774 1.725 2.2479999 50
1.745 1.8940001 2.243 52
1.7130001 2.0639999 2.237 47
1.677 2.211 2.2309999 55
1.74 1.771 2.247 55
1.705 1.937 2.2420001 56
1.664 2.0999999 2.234 67
1.624 2.2449999 2.23 61
1.706 1.817 2.247 52
1.663 1.978 2.2409999 61
1.615 2.135 2.2320001 61
1.573 2.2809999 2.2320001 67
1.669 1.8609999 2.2449999 57
1.618 2.0150001 2.237 55
1.5700001 2.1760001 2.2360001 56
1.518 2.312 2.23 74
1.633 1.9069999 2.247 51
1.579 2.0599999 2.2409999 56
1.517 2.207 2.2309999 59
1.4579999 2.3340001 2.2219999 72
1.594 1.95 2.2449999 51
1.536 2.1010001 2.244 55
1.466 2.2379999 2.2279999 59
1.4069999 2.369 2.227 81
1.553 1.9910001 2.243 51
1.4859999 2.132 2.2360001 51
1.416 2.2720001 2.2290001 63
1.35 2.395 2.2260001 72
1.512 2.033 2.2420001 48
1.444 2.175 2.2420001 54
1.364 2.303 2.2290001 62
1.2920001 2.4170001 2.221 73
1.47 2.0739999 2.2409999 50
1.393 2.2060001 2.2360001 46
1.312 2.332 2.227 61
1.2359999 2.4430001 2.2219999 70
1.426 2.1129999 2.2390001 50
1.345 2.24 2.2349999 50
1.2589999 2.3610001 2.227 58
1.177 2.461 2.217 70
1.3789999 2.1489999 2.2349999 48
1.296 2.2750001 2.2360001 58
1.204 2.3859999 2.224 58
1.1210001 2.4860001 2.2190001 74
1.334 2.188 2.234 50
1.245 2.306 2.233 60
1.15 2.4130001 2.224 57
1.064 2.5079999 2.22 74
1.2869999 2.2249999 2.233 54
1.192 2.332 2.2279999 51
1.096 2.4400001 2.2249999 62
1.006 2.526 2.2190001 59
1.24 2.263 2.233 50
1.1440001 2.369 2.234 61
1.039 2.4590001 2.221 53
0.94700003 2.5409999 2.2160001 70
1.1900001 2.296 2.23 52
1.089 2.3929999 2.2279999 55
0.98500001 2.483 2.2219999 59
0.889 2.5580001 2.2160001 70
1.142 2.3340001 2.2320001 52
1.034 2.415 2.223 43
0.92900002 2.5050001 2.2219999 60
0.829 2.569 2.2130001 74
1.09 2.365 2.2279999 50
0.98299998 2.4489999 2.2290001 58
0.87099999 2.5209999 2.2190001 52
0.76899999 2.5769999 2.2090001 71
1.038 2.3970001 2.2279999 44
0.92799997 2.473 2.2260001 58
0.815 2.54 2.2190001 57
0.71100003 2.592 2.211 70
0.98400003 2.425 2.224 45
0.87199998 2.4949999 2.224 57
0.75800002 2.5580001 2.2190001 53
0.653 2.602 2.21 68
0.92799997 2.451 2.2190001 48
0.81599998 2.516 2.2219999 58
0.699 2.5699999 2.2160001 58
0.59399998 2.6099999 2.2079999 66
0.875 2.4849999 2.2219999 52
0.759 2.536 2.2190001 57
0.64099997 2.582 2.2130001 53
0.53600001 2.622 2.2119999 67
0.81800002 2.5090001 2.2179999 51
0.70099998 2.5539999 2.217 59
0.583 2.598 2.2160001 58
0.47600001 2.6240001 2.2079999 55
0.76099998 2.5320001 2.2149999 54
0.64499998 2.5799999 2.2219999 58
0.52499998 2.6099999 2.2160001 59
0.41800001 2.6340001 2.2119999 56
0.704 2.5599999 2.2160001 55
0.58700001 2.595 2.2190001 54
0.46599999 2.615 2.211 46
0.36000001 2.638 2.2119999 59
0.64600003 2.5799999 2.2119999 54
0.52700001 2.605 2.214 53
0.40799999 2.6240001 2.211 44
0.301 2.6359999 2.2079999 61
0.58600003 2.599 2.2079999 51
0.46900001 2.625 2.2160001 50
0.34900001 2.6329999 2.211 54
0.243 2.6329999 2.2049999 56
0.52700001 2.6229999 2.2090001 54
0.40900001 2.635 2.2130001 55
0.28999999 2.635 2.207 53
0.185 2.6389999 2.21 67
0.46599999 2.6389999 2.2060001 57
0.34900001 2.648 2.2130001 53
0.23100001 2.6429999 2.2090001 56
0.127 2.6340001 2.2060001 57
0.405 2.6530001 2.201 59
0.289 2.658 2.211 55
0.17299999 2.6470001 2.2090001 57
0.07 2.6289999 2.204 58
0.34400001 2.6760001 2.2049999 61
0.229 2.668 2.211 60
0.114 2.6489999 2.2090001 61
0.012 2.6270001 2.2060001 60
0.28200001 2.6860001 2.2 59
0.168 2.6689999 2.2049999 58
0.055 2.652 2.21 58
-0.044 2.6199999 2.204 61
0.219 2.6989999 2.198 61
0.107 2.681 2.2090001 58
-0.003 2.6489999 2.2090001 54
-0.1 2.6070001 2.198 65
0.156 2.7149999 2.2 56
0.046 2.681 2.204 54
-0.061999999 2.6440001 2.2049999 52
-0.156 2.602 2.201 65
0.092 2.724 2.198 58
-0.014 2.6860001 2.204 58
-0.12 2.645 2.2079999 53
-0.212 2.5940001 2.2019999 60
0.027000001 2.7260001 2.191 64
-0.075000003 2.687 2.2030001 60
-0.17900001 2.6400001 2.207 55
-0.26800001 2.586 2.2030001 62
-0.035999998 2.7379999 2.194 62
-0.13699999 2.687 2.201 61
-0.237 2.6329999 2.2060001 51
-0.32300001 2.5769999 2.2049999 63
-0.101 2.7460001 2.1949999 66
-0.198 2.6849999 2.2 61
-0.296 2.6300001 2.2090001 55
-0.37799999 2.5650001 2.2060001 63
-0.16599999 2.7460001 2.1900001 56
-0.25999999 2.6830001 2.2 56
-0.35299999 2.6210001 2.2079999 54
-0.43200001 2.552 2.2049999 64
-0.23199999 2.7520001 2.1919999 53
-0.322 2.681 2.2 61
-0.41 2.608 2.2049999 55
-0.48699999 2.5409999 2.2079999 67
-0.29800001 2.7550001 2.1930001 62
-0.38299999 2.675 2.198 60
-0.46900001 2.6040001 2.211 60
-0.54000002 2.5239999 2.2079999 59
-0.36300001 2.7479999 2.187 62
-0.44400001 2.6670001 2.197 63
-0.52600002 2.5910001 2.2090001 55
-0.59100002 2.5009999 2.2019999 59
-0.43000001 2.7509999 2.191 59
-0.50599998 2.658 2.1949999 63
-0.58099997 2.5739999 2.2060001 55
-0.64399999 2.4890001 2.207 63
-0.49599999 2.7479999 2.1900001 58
-0.56699997 2.648 2.1949999 63
-0.63800001 2.5599999 2.2060001 57
-0.69599998 2.4690001 2.2060001 60
-0.56199998 2.7390001 2.187 58
-0.62800002 2.638 2.1949999 65
-0.69400001 2.5450001 2.207 55
-0.74599999 2.447 2.204 64
-0.63 2.7360001 2.1889999 58
-0.69099998 2.631 2.1989999 62
-0.75 2.5280001 2.207 56
-0.79699999 2.428 2.2060001 47
-0.69599998 2.727 2.1889999 61
-0.74900001 2.6110001 2.1930001 70
-0.80599999 2.513 2.21 49
-0.847 2.405 2.2049999 61
-0.76200002 2.7149999 2.187 61
-0.81300002 2.609 2.2030001 60
-0.861 2.494 2.2090001 58
-0.89499998 2.381 2.2030001 62
-0.829 2.7049999 2.1889999 55
-0.87199998 2.585 2.197 72
-0.91500002 2.474 2.21 60
-0.94400001 2.358 2.204 59
-0.89399999 2.688 2.1860001 60
-0.93099999 2.5650001 2.1949999 70
-0.96899998 2.4530001 2.21 56
-0.99299997 2.3340001 2.2049999 57
-0.95999998 2.6700001 2.1830001 61
-0.99199998 2.552 2.201 67
-1.022 2.431 2.211 59
-1.041 2.3099999 2.2060001 59
-1.027 2.6570001 2.1860001 63
-1.051 2.53 2.1989999 69
-1.075 2.4070001 2.211 59
-1.09 2.289 2.2119999 68
-1.092 2.638 2.1849999 58
-1.108 2.5039999 2.1960001 63
-1.127 2.381 2.211 56
-1.137 2.263 2.2130001 59
-1.158 2.619 2.187 61
-1.169 2.487 2.201 72
-1.179 2.3570001 2.2119999 56
-1.179 2.23 2.2090001 65
-1.224 2.5999999 2.1889999 68
-1.227 2.4630001 2.2019999 67
-1.2309999 2.3310001 2.2130001 60
-1.226 2.204 2.211 63
-1.291 2.5810001 2.194 62
-1.284 2.4360001 2.201 69
-1.283 2.3069999 2.217 54
-1.271 2.177 2.2130001 67
-1.354 2.553 2.1919999 59
-1.342 2.4100001 2.2030001 66
-1.332 2.276 2.2160001 55
-1.3150001 2.1470001 2.214 64
-1.421 2.5309999 2.1960001 49
-1.401 2.3870001 2.2079999 60
-1.382 2.2479999 2.2179999 53
-1.358 2.1170001 2.2160001 61
-1.4809999 2.497 2.1919999 63
-1.454 2.3529999 2.204 72
-1.432 2.217 2.2190001 59
-1.4 2.086 2.217 64
-1.543 2.467 2.1919999 57
-1.51 2.322 2.2049999 76
-1.478 2.1830001 2.2179999 55
-1.4400001 2.05 2.214 66
-1.612 2.4449999 2.201 64
-1.567 2.293 2.2090001 70
-1.526 2.152 2.22 60
-1.4809999 2.0179999 2.2160001 66
-1.673 2.411 2.2019999 64
-1.619 2.257 2.2079999 70
-1.574 2.1199999 2.2219999 60
-1.523 1.987 2.2190001 62
-1.733 2.3740001 2.201 67
-1.6720001 2.2219999 2.2079999 71
-1.62 2.085 2.224 61
-1.562 1.952 2.2190001 66
-1.7920001 2.336 2.201 65
-1.721 2.1819999 2.2049999 68
-1.665 2.049 2.223 59
-1.602 1.918 2.221 65
-1.853 2.3 2.2030001 65
-1.777 2.1500001 2.211 64
-1.709 2.0120001 2.224 62
-1.64 1.883 2.223 64
-1.91 2.2590001 2.2030001 63
-1.827 2.1099999 2.211 67
-1.752 1.974 2.2249999 61
-1.675 1.844 2.2190001 72
-1.97 2.221 2.207 50
-1.877 2.0710001 2.2130001 66
-1.795 1.936 2.2260001 61
-1.715 1.811 2.2260001 64
-2.0250001 2.1760001 2.2060001 57
-1.926 2.03 2.214 59
-1.839 1.899 2.2290001 67
-1.753 1.776 2.2290001 73
-2.0810001 2.132 2.207 52
-1.977 1.9910001 2.2179999 64
-1.881 1.859 2.23 54
-1.786 1.7359999 2.2279999 69
-2.1329999 2.0840001 2.2060001 50
-2.0239999 1.947 2.2190001 64
-1.923 1.8200001 2.234 58
-1.823 1.699 2.2320001 71
-2.191 2.0409999 2.211 52
-2.0680001 1.901 2.2179999 63
-1.9630001 1.778 2.2349999 60
-1.854 1.658 2.23 61
-2.24 1.989 2.2090001 52
-2.115 1.857 2.221 68
-2.003 1.737 2.2390001 68
-1.8890001 1.62 2.233 65
-2.2969999 1.944 2.217 56
-2.1619999 1.812 2.224 61
-2.04 1.693 2.2390001 67
-1.9220001 1.58 2.2360001 66
-2.349 1.8940001 2.2190001 53
-2.2030001 1.763 2.223 62
-2.0810001 1.651 2.244 64
-1.952 1.539 2.2360001 64
-2.3959999 1.84 2.22 59
-2.2490001 1.717 2.2279999 61
-2.1159999 1.605 2.244 67
-1.984 1.498 2.2379999 69
-2.444 1.786 2.221 57
-2.2920001 1.668 2.2309999 67
-2.1489999 1.558 2.243 62
-2.0139999 1.456 2.2390001 68
-2.4909999 1.7309999 2.223 59
-2.3310001 1.617 2.2320001 69
-2.1849999 1.513 2.2460001 63
-2.043 1.414 2.2409999 73
-2.5050001 1.654 2.198 126
-2.3729999 1.567 2.2360001 74
-2.2149999 1.464 2.2449999 64
-2.0669999 1.369 2.2379999 79
-2.402 1.506 2.073 97
-2.4089999 1.513 2.2360001 64
-2.2479999 1.416 2.2460001 69
-2.0999999 1.329 2.244 73
-2.3699999 1.408 2.0139999 47
-2.4430001 1.459 2.2360001 67
-2.2820001 1.369 2.25 70
-2.1240001 1.284 2.244 72
-2.3510001 1.323 1.969 48
-2.434 1.3789999 2.1960001 150
-2.3110001 1.3200001 2.2509999 75
-2.1489999 1.239 2.244 72
-2.3369999 1.243 1.931 47
-2.368 1.271 2.1099999 150
-2.335 1.268 2.2479999 71
-2.1760001 1.1950001 2.247 70
-2.319 1.164 1.891 56
-2.3150001 1.176 2.0369999 53
-2.368 1.219 2.253 73
-2.1989999 1.15 2.247 75
-2.3039999 1.089 1.8559999 62
-2.3039999 1.105 2.0050001 52
-2.395 1.168 2.2539999 76
-2.2219999 1.103 2.2479999 67
-2.289 1.017 1.823 54
-2.29 1.035 1.971 57
-2.375 1.095 2.2119999 150
-2.247 1.059 2.2520001 69
-2.29 0.95200002 1.804 32
-2.276 0.96700001 1.939 52
-2.3310001 1.015 2.151 150
-2.2720001 1.013 2.256 73
-2.3659999 0.91900003 1.845 12
-2.2590001 0.89999998 1.906 53
-2.28 0.93400002 2.0840001 104
-2.289 0.96499997 2.2539999 67
-2.4349999 0.88099998 1.882 10
-2.2479999 0.83700001 1.8789999 66
-2.2539999 0.86699998 2.043 64
-2.3050001 0.91600001 2.2509999 44
-2.355 0.78899997 1.804 17
-2.2820001 0.79100001 1.892 26
-2.2390001 0.80599999 2.013 47
-2.3099999 0.86400002 2.2390001 27
-2.4430001 0.755 1.857 30
-2.398 0.77100003 1.972 27
-2.349 0.78899997 2.0969999 29
-2.3440001 0.82099998 2.2539999 52
-2.579 0.73100001 1.946 30
-2.5309999 0.75099999 2.0669999 30
-2.553 0.796 2.263 79
-2.3699999 0.77600002 2.2639999 77
-2.74 0.70700002 2.053 27
-2.78 0.75599998 2.2550001 74
-2.572 0.741 2.2650001 80
-2.3859999 0.727 2.2650001 75
-3.02 0.704 2.25 63
-2.799 0.69400001 2.257 81
-2.5869999 0.685 2.2639999 76
-2.3940001 0.67500001 2.2579999 67
-3.0409999 0.634 2.253 67
-2.8180001 0.63200003 2.26 80
-2.6029999 0.62900001 2.2650001 74
-2.411 0.62599999 2.2609999 71
-3.0550001 0.56300002 2.2539999 71
-2.8299999 0.56699997 2.2579999 71
-2.6170001 0.57300001 2.2650001 78
-2.4289999 0.57700002 2.266 75
-3.0710001 0.491 2.256 77
-2.845 0.50300002 2.26 74
-2.6289999 0.51599997 2.2650001 77
-2.4400001 0.52700001 2.266 73
-3.0880001 0.41999999 2.2609999 71
-2.8629999 0.44 2.266 67
-2.6459999 0.46000001 2.27 83
-2.454 0.477 2.2690001 68
-3.0969999 0.34799999 2.2609999 71
-2.8729999 0.375 2.266 69
-2.6570001 0.403 2.2709999 79
-2.4660001 0.426 2.27 68
-3.108 0.27500001 2.2639999 64
-2.885 0.31099999 2.2690001 69
-2.6689999 0.34599999 2.2739999 78
-2.4690001 0.37400001 2.2650001 69
-3.1199999 0.20299999 2.2690001 67
-2.895 0.24600001 2.2720001 74
-2.675 0.28799999 2.2720001 74
-2.4849999 0.324 2.2709999 73
-3.1240001 0.13 2.27 66
-2.8959999 0.18000001 2.2690001 67
-2.6860001 0.23 2.277 77
-2.4960001 0.273 2.2750001 62
-3.1429999 0.057 2.283 45
-2.9089999 0.115 2.277 50
-2.6960001 0.17200001 2.2809999 72
-2.5020001 0.221 2.2739999 49
-3.1459999 -0.015 2.2850001 41
-2.925 0.050000001 2.2869999 40
-2.7019999 0.114 2.2820001 80
-2.5120001 0.169 2.2780001 73
-3.1429999 -0.088 2.2850001 42
-2.924 -0.015 2.286 40
-2.7019999 0.055 2.28 68
-2.52 0.117 2.2809999 67
-3.138 -0.161 2.2850001 42
-2.928 -0.081 2.29 40
-2.7030001 -0.003 2.28 70
-2.5239999 0.064000003 2.2809999 69
-3.1400001 -0.235 2.29 42
-2.924 -0.147 2.289 38
-2.7030001 -0.061000001 2.279 67
-2.5280001 0.011 2.283 57
-3.1370001 -0.308 2.2939999 41
-2.9219999 -0.212 2.2909999 38
-2.7160001 -0.121 2.2909999 57
-2.533 -0.041000001 2.2850001 59
-1.654 -0.20100001 1.2130001 20
-1.6849999 -0.161 1.323 2
-2.7160001 -0.18000001 2.293 58
-2.5309999 -0.093999997 2.283 66
-1.622 -0.236 1.194 34
-1.592 -0.18799999 1.2539999 29
-2.7079999 -0.23899999 2.2880001 44
-2.5309999 -0.147 2.283 66
-1.617 -0.273 1.196 35
-1.561 -0.22 1.233 29
-1.584 -0.17399999 1.341 9
-2.5309999 -0.20100001 2.2839999 66
-1.625 -0.31299999 1.2079999 13
-1.562 -0.25600001 1.238 37
-1.558 -0.206 1.321 25
-2.5339999 -0.25400001 2.289 58
-3.0829999 -0.66900003 2.3050001 65
-1.574 -0.294 1.253 31
-1.554 -0.23899999 1.321 38
-2.5320001 -0.308 2.289 37
-3.0669999 -0.74000001 2.306 58
-1.625 -0.34200001 1.299 12
-1.551 -0.27399999 1.323 19
-1.553 -0.222 1.406 0
-3.0510001 -0.81099999 2.309 67
-2.8629999 -0.67000002 2.3010001 63
-1.575 -0.31400001 1.348 11
-1.552 -0.25600001 1.408 2
-3.0339999 -0.88200003 2.3139999 64
-2.852 -0.73500001 2.3050001 60
-2.6800001 -0.59500003 2.303 64
-2.5220001 -0.47099999 2.2939999 36
-3.0120001 -0.95099998 2.3150001 66
-2.8380001 -0.80000001 2.3080001 63
-2.6730001 -0.65399998 2.3069999 62
-2.5250001 -0.52700001 2.302 62
-2.9909999 -1.021 2.319 69
-2.823 -0.86500001 2.312 71
-2.661 -0.71399999 2.3080001 65
-2.52 -0.58200002 2.306 62
-2.9649999 -1.089 2.3199999 59
-2.8039999 -0.92799997 2.312 55
-2.6489999 -0.773 2.3099999 64
-2.5139999 -0.63700002 2.3080001 69
-2.938 -1.156 2.322 60
-2.79 -0.99299997 2.319 70
-2.638 -0.83200002 2.3139999 65
-2.5020001 -0.69099998 2.3069999 65
-2.9089999 -1.222 2.323 59
-2.7650001 -1.054 2.3169999 51
-2.6229999 -0.89099997 2.3150001 64
-2.4920001 -0.74599999 2.3080001 73
-2.8840001 -1.29 2.3280001 54
-2.7479999 -1.119 2.323 64
-2.6099999 -0.94999999 2.319 66
-2.4790001 -0.80000001 2.3069999 70
-2.8540001 -1.355 2.3310001 55
-2.721 -1.1799999 2.323 62
-2.5929999 -1.0089999 2.3210001 59
-2.4749999 -0.85799998 2.316 73
-2.8199999 -1.419 2.3310001 52
-2.697 -1.2410001 2.326 59
-2.576 -1.068 2.325 65
-2.4619999 -0.91299999 2.3169999 69
-2.7850001 -1.482 2.3329999 48
-2.6689999 -1.302 2.3269999 52
-2.553 -1.124 2.323 65
-2.4460001 -0.96700001 2.3169999 63
-2.743 -1.54 2.329 45
-2.6359999 -1.36 2.3239999 51
-2.536 -1.184 2.329 59
-2.4319999 -1.023 2.3199999 64
-2.714 -1.6059999 2.3380001 33
-2.608 -1.42 2.3280001 43
-2.51 -1.239 2.3269999 49
-2.4130001 -1.077 2.3180001 72
-2.789 -1.737 2.4389999 14
-2.5780001 -1.479 2.3299999 39
-2.4849999 -1.295 2.3269999 41
-2.3989999 -1.133 2.323 70
-2.8629999 -1.875 2.5439999 12
-2.55 -1.539 2.336 37
-2.467 -1.3559999 2.336 39
-2.3800001 -1.188 2.3239999 62
-2.8280001 -1.9450001 2.556 12
-2.552 -1.619 2.3699999 30
-2.4330001 -1.4069999 2.329 36
-2.3559999 -1.24 2.3210001 60
-2.7880001 -2.0120001 2.5639999 12
-2.6860001 -1.789 2.5320001 20
-2.405 -1.462 2.3299999 35
-2.3369999 -1.296 2.325 46
-2.7349999 -2.0680001 2.5599999 12
-2.658 -1.857 2.5439999 18
-2.3840001 -1.522 2.339 33
-2.3169999 -1.351 2.3280001 40
-2.681 -2.125 2.5580001 19
-2.6210001 -1.92 2.549 20
-2.4560001 -1.645 2.4419999 29
-2.289 -1.403 2.326 39
-2.6440001 -2.194 2.573 29
-2.5799999 -1.979 2.552 23
-2.529 -1.776 2.55 23
-2.2639999 -1.456 2.326 34
-2.5869999 -2.2460001 2.569 38
-2.54 -2.04 2.5569999 29
-2.507 -1.844 2.5650001 26
-2.253 -1.5190001 2.342 27
-2.5320001 -2.3 2.569 48
-2.5020001 -2.1029999 2.566 38
-2.474 -1.905 2.5699999 29
-2.3559999 -1.665 2.4809999 26
-2.4749999 -2.352 2.5680001 54
-2.4590001 -2.161 2.5699999 46
-2.434 -1.961 2.5699999 32
-2.385 -1.766 2.546 24
-2.4230001 -2.408 2.5739999 56
-2.4130001 -2.217 2.573 47
-2.3940001 -2.0179999 2.5710001 39
-2.3640001 -1.832 2.559 28
-2.3699999 -2.464 2.5799999 56
-2.362 -2.2690001 2.572 48
-2.352 -2.073 2.5710001 43
-2.3280001 -1.888 2.5580001 31
-2.316 -2.517 2.585 57
-2.302 -2.312 2.563 47
-2.3099999 -2.128 2.572 44
-2.2980001 -1.949 2.5639999 33
-2.2550001 -2.5639999 2.5840001 56
-2.257 -2.3699999 2.5699999 53
-2.267 -2.184 2.575 44
-2.266 -2.01 2.5710001 43
-2.194 -2.608 2.5840001 56
-2.214 -2.4300001 2.582 54
-2.223 -2.2379999 2.576 50
-2.227 -2.0650001 2.5699999 46
-2.1329999 -2.654 2.586 56
-2.1600001 -2.4790001 2.5829999 54
-2.1700001 -2.2839999 2.569 55
-2.1930001 -2.125 2.5780001 48
-2.069 -2.694 2.5840001 56
-2.098 -2.5179999 2.575 48
-2.1300001 -2.3429999 2.579 53
-2.1500001 -2.1789999 2.576 49
-2.006 -2.7360001 2.585 56
-2.049 -2.573 2.585 53
-2.082 -2.395 2.5799999 47
-2.105 -2.2309999 2.575 55
-1.946 -2.7809999 2.5899999 57
-1.988 -2.6140001 2.5810001 52
-2.0309999 -2.444 2.5799999 49
-2.0580001 -2.28 2.5699999 55
-1.881 -2.8180001 2.5899999 56
-1.9299999 -2.6570001 2.5810001 52
-1.9809999 -2.494 2.582 52
-2.0190001 -2.3399999 2.579 53
-1.814 -2.8510001 2.5880001 56
-1.873 -2.7030001 2.585 54
-1.929 -2.543 2.5840001 49
-1.971 -2.391 2.5780001 52
-1.753 -2.895 2.596 56
-1.814 -2.7449999 2.5869999 53
-1.876 -2.5899999 2.585 47
-1.926 -2.4460001 2.582 51
-1.684 -2.924 2.592 56
-1.752 -2.783 2.585 53
-1.823 -2.6389999 2.589 52
-1.8789999 -2.5009999 2.5869999 51
-1.6160001 -2.9530001 2.5899999 54
-1.694 -2.8280001 2.592 51
-1.768 -2.6849999 2.5899999 47
-1.8279999 -2.549 2.586 50
-1.552 -2.9909999 2.5969999 56
-1.631 -2.8640001 2.592 51
-1.709 -2.7260001 2.5880001 48
-1.777 -2.602 2.589 52
-1.482 -3.016 2.5940001 54
-1.567 -2.8989999 2.5910001 49
-1.652 -2.77 2.5899999 47
-1.725 -2.651 2.5910001 52
-1.414 -3.0439999 2.595 53
-1.503 -2.9319999 2.5910001 49
-1.592 -2.8099999 2.589 47
-1.668 -2.6960001 2.589 52
-1.345 -3.0699999 2.5969999 53
-1.438 -2.9649999 2.5910001 49
-1.528 -2.8440001 2.585 47
-1.615 -2.7460001 2.5940001 51
-1.275 -3.089 2.5929999 52
-1.3710001 -2.993 2.5880001 48
-1.471 -2.891 2.592 47
-1.559 -2.7939999 2.596 51
-1.207 -3.1140001 2.596 53
-1.307 -3.0280001 2.5940001 49
-1.409 -2.9289999 2.5929999 47
-1.498 -2.835 2.5929999 51
-0.375 -1.034 0.85600001 6
-1.2410001 -3.0580001 2.595 49
-1.345 -2.964 2.592 46
-1.437 -2.8770001 2.5929999 52
-0.34799999 -1.03 0.847 6
-1.173 -3.0829999 2.5929999 49
-1.281 -3 2.592 46
-1.376 -2.9189999 2.5929999 51
-0.322 -1.027 0.84100002 8
-0.36399999 -1.025 0.85500002 1
-1.217 -3.0369999 2.596 46
-1.314 -2.9630001 2.595 51
-0.29699999 -1.023 0.833 8
-0.34099999 -1.03 0.85299999 18
-1.15 -3.0669999 2.5940001 46
-1.251 -3.0050001 2.5969999 52
-0.27000001 -1.012 0.81999999 8
-0.31400001 -1.026 0.84299999 6
-1.084 -3.1010001 2.598 45
-1.186 -3.0409999 2.5969999 50
-0.24600001 -1.008 0.81400001 8
-0.28999999 -1.025 0.83700001 6
-0.33199999 -1.022 0.84799999 22
-1.119 -3.0769999 2.596 49
-0.22400001 -1.013 0.815 7
-0.266 -1.025 0.83200002 6
-0.30700001 -1.026 0.84299999 6
-0.347 -1.028 0.85699999 5
-0.20299999 -1.02 0.81800002 7
-0.23899999 -1.0140001 0.81900001 6
-0.28099999 -1.0190001 0.83099997 6
-0.322 -1.031 0.85000002 6
-0.18099999 -1.023 0.81900001 6
-0.21600001 -1.016 0.815 5
-0.255 -1.016 0.82200003 6
-0.294 -1.024 0.83600003 7
-0.15899999 -1.029 0.82200003 6
-0.19499999 -1.028 0.82200003 5
-0.23199999 -1.02 0.81900001 5
-0.26800001 -1.022 0.82599998 6
-0.13699999 -1.033 0.824 6
-0.171 -1.027 0.81800002 5
-0.20999999 -1.0319999 0.824 5
-0.243 -1.025 0.82099998 5
-0.113 -1.022 0.81400001 6
-0.149 -1.033 0.81900001 5
-0.186 -1.0319999 0.81800002 5
-0.219 -1.03 0.81800002 5
-0.090999998 -1.023 0.815 4
-0.126 -1.033 0.81699997 6
-0.163 -1.039 0.81900001 5
-0.19499999 -1.035 0.815 5
-0.07 -1.0319999 0.82200003 5
-0.103 -1.035 0.81599998 3
-0.141 -1.05 0.824 6
-0.175 -1.058 0.82700002 5
-0.048 -1.026 0.81699997 6
-0.081 -1.04 0.81800002 5
-0.117 -1.051 0.81999999 5
-0.15000001 -1.061 0.82300001 5
-0.026000001 -1.026 0.81699997 6
-0.057999998 -1.038 0.815 4
-0.092 -1.0470001 0.81400001 4
-0.125 -1.069 0.824 5
-0.0040000002 -1.028 0.81999999 7
-0.035 -1.0470001 0.82099998 5
-0.07 -1.063 0.82300001 6
-0.1 -1.067 0.81800002 2
0.017000001 -1.025 0.81800002 7
-0.012 -1.049 0.82200003 6
-0.046 -1.068 0.824 6
-0.075999998 -1.076 0.81999999 31
0.039000001 -1.025 0.81999999 8
0.0099999998 -1.049 0.82099998 5
-0.021 -1.067 0.82099998 5
-0.050000001 -1.075 0.815 5
0.059999999 -1.02 0.81699997 7
0.033 -1.051 0.82300001 6
0.0020000001 -1.0700001 0.82200003 6
-0.026000001 -1.096 0.82700002 5
0.082000002 -1.018 0.81800002 7
0.056000002 -1.048 0.82099998 6
0.026000001 -1.077 0.82499999 6
0 -1.099 0.82700002 6
0.103 -1.015 0.81900001 7
0.079000004 -1.049 0.82300001 6
0.050999999 -1.079 0.82599998 6
0.025 -1.091 0.81800002 3
0.125 -1.017 0.82300001 7
0.101 -1.043 0.81900001 6
0.075000003 -1.076 0.82300001 6
0.050000001 -1.085 0.81099999 1
0.146 -1.0140001 0.82300001 8
0.124 -1.0420001 0.81999999 6
0.1 -1.073 0.81999999 7
0.075999998 -1.0829999 0.80800003 5
0.16599999 -1.002 0.81800002 9
0.148 -1.043 0.82200003 6
0.125 -1.074 0.82200003 6
0.103 -1.098 0.81800002 0
0.18799999 -1.0039999 0.82300001 8
0.171 -1.039 0.82200003 6
0.148 -1.064 0.81400001 4
0.127 -1.082 0.80599999 4
0.208 -0.99199998 0.81699997 9
0.19400001 -1.0369999 0.82300001 6
0.17200001 -1.061 0.81300002 2
0.155 -1.096 0.815 0
0.23100001 -0.99599999 0.82499999 7
0.21600001 -1.033 0.82300001 6
0.197 -1.059 0.81400001 2
0.183 -1.104 0.82099998 5
0.249 -0.98000002 0.81699997 8
0.23899999 -1.027 0.82200003 6
0.222 -1.057 0.81400001 1
0.211 -1.11 0.82700002 1
0.26699999 -0.96600002 0.81 2
0.26199999 -1.025 0.824 6
0.24600001 -1.05 0.81099999 1
0.23800001 -1.109 0.82599998 18
0.28999999 -0.96899998 0.81800002 9
0.27700001 -0.99400002 0.80299997 2
0.27000001 -1.045 0.80900002 1
0.266 -1.11 0.829 4
0.31200001 -0.96799999 0.82300001 8
0.30700001 -1.013 0.82300001 7
0.29800001 -1.056 0.82099998 6
0.28 -1.054 0.78899997 33
0.329 -0.95099998 0.815 9
0.329 -1.005 0.82200003 7
0.324 -1.054 0.82300001 8
0.32100001 -1.103 0.82800001 7
0.37599999 -1.0190001 0.88099998 0
0.34799999 -0.98900002 0.81400001 2
0.34900001 -1.049 0.824 8
0.34799999 -1.1 0.829 8
0.382 -0.97299999 0.84799999 6
0.38800001 -1.031 0.85500002 0
0.34299999 -0.95599997 0.755 0
0.36700001 -1.069 0.81 1
0.40400001 -0.96700001 0.85100001 1
0.39300001 -0.977 0.81599998 5
0.37799999 -0.98199999 0.78100002 1
0.382 -1.034 0.787 6
0.426 -0.963 0.85600001 6
0.41100001 -0.95999998 0.80900002 1
0.40000001 -0.97399998 0.77999997 1
0.38800001 -0.97600001 0.74699998 1
0.447 -0.95700002 0.85799998 1
0.43700001 -0.96399999 0.81900001 0
0.42500001 -0.97000003 0.78299999 1
0.41299999 -0.972 0.74900001 1
0.47099999 -0.954 0.86500001 6
0.461 -0.95999998 0.824 5
0.44800001 -0.96100003 0.78200001 1
0.43900001 -0.96799999 0.75099999 7
0.49000001 -0.94300002 0.86400002 0
0.484 -0.95300001 0.82599998 1
0.47400001 -0.958 0.78600001 1
0.46000001 -0.954 0.74599999 1
0.53100002 -0.972 0.90100002 2
0.51099998 -0.95499998 0.83600003 4
0.49900001 -0.954 0.79000002 1
0.48699999 -0.94999999 0.74900001 1
0.52499998 -0.91399997 0.85799998 6
0.523 -0.926 0.81999999 0
0.52999997 -0.95999998 0.80299997 0
0 0 0 0
0.52399999 -0.87099999 0.82800001 6
0.54699999 -0.92199999 0.82599998 31
0.56800002 -0.97399998 0.824 29
0.57700002 -1.0039999 0.80699998 3
0.54299998 -0.861 0.829 6
0.56599998 -0.90799999 0.824 5
0.59299999 -0.96499997 0.82599998 5
0.62099999 -1.023 0.83200002 29
0.56199998 -0.85100001 0.82999998 8
0.59100002 -0.903 0.82999998 6
0.61199999 -0.94599998 0.81999999 1
0.61400002 -0.95999998 0.79000002 0
0.58700001 -0.84899998 0.83999997 7
0.60399997 -0.87900001 0.81999999 4
0.63 -0.92699999 0.81400001 19
0.62300003 -0.92299998 0.76899999 4
0.60900003 -0.84399998 0.847 8
0.62599999 -0.87099999 0.82300001 5
0.662 -0.92699999 0.82599998 5
0.68400002 -0.96399999 0.81400001 0
0.63300002 -0.83999997 0.85600001 5
0.648 -0.86000001 0.82499999 6
0.68300003 -0.912 0.824 5
0.71499997 -0.95700002 0.81999999 7
0.648 -0.824 0.85399997 2
0.66799998 -0.847 0.82599998 6
0.704 -0.89600003 0.82200003 5
0.75 -0.95599997 0.83200002 3
0.66900003 -0.815 0.85799998 1
0.68400002 -0.82999998 0.82300001 7
0.727 -0.88200003 0.82300001 5
0.773 -0.93800002 0.829 25
2.085 -2.4330001 2.6070001 53
0.708 -0.82200003 0.829 8
0.75099999 -0.87 0.82599998 6
0.79699999 -0.92199999 0.829 5
2.1370001 -2.391 2.608 54
0.73900002 -0.81999999 0.84299999 7
0.77200001 -0.85299999 0.82499999 6
0.81999999 -0.903 0.82800001 26
2.184 -2.3440001 2.605 53
0.76499999 -0.81199998 0.85100001 5
0.79000002 -0.833 0.82099998 5
0.84399998 -0.88599998 0.82800001 5
2.233 -2.2980001 2.6040001 53
0.79000002 -0.80199999 0.85699999 1
0.81400001 -0.81999999 0.82499999 5
0.86500001 -0.86500001 0.82499999 28
2.283 -2.2539999 2.6059999 54
2.4549999 -2.3859999 2.602 50
0.83499998 -0.80400002 0.82599998 8
0.889 -0.847 0.82599998 5
2.329 -2.2049999 2.6040001 53
2.51 -2.3340001 2.602 53
0.86500001 -0.79400003 0.83399999 8
0.91000003 -0.82700002 0.82499999 28
2.3759999 -2.1570001 2.6040001 52
2.563 -2.28 2.6010001 52
0.89899999 -0.78799999 0.84799999 5
0.926 -0.801 0.81900001 5
2.424 -2.1099999 2.6059999 53
2.615 -2.2249999 2.5999999 51
0.93300003 -0.78100002 0.86199999 6
0.95300001 -0.78500003 0.824 28
2.4690001 -2.0599999 2.6059999 52
2.6630001 -2.1670001 2.596 51
2.8759999 -2.2939999 2.599 54
0.98799998 -0.77600002 0.83600003 7
2.5079999 -2.0050001 2.5999999 53
2.7149999 -2.1110001 2.5969999 51
2.9300001 -2.2290001 2.595 54
1.024 -0.764 0.84799999 30
2.5510001 -1.954 2.5999999 54
2.7609999 -2.0510001 2.5940001 55
2.983 -2.1619999 2.592 53
1.0599999 -0.75300002 0.861 7
2.5929999 -1.901 2.599 52
2.806 -1.99 2.5899999 52
3.04 -2.098 2.5940001 54
3.2720001 -2.207 2.6059999 48
2.628 -1.844 2.592 53
2.8570001 -1.933 2.5940001 53
3.0940001 -2.0309999 2.5940001 54
3.3280001 -2.131 2.6029999 47
2.671 -1.791 2.5940001 53
2.8989999 -1.869 2.5899999 55
3.1400001 -1.959 2.5880001 54
3.3900001 -2.0569999 2.605 48
2.7090001 -1.735 2.592 53
2.9449999 -1.807 2.5899999 53
3.197 -1.893 2.5940001 54
3.447 -1.979 2.605 47
2.7420001 -1.677 2.5869999 52
2.964 -1.73 2.569 59
3.2390001 -1.818 2.5880001 53
3.4960001 -1.898 2.6010001 47
2.783 -1.623 2.5910001 51
2.9990001 -1.663 2.563 97
3.2839999 -1.744 2.585 54
3.5510001 -1.819 2.6029999 47
2.822 -1.566 2.592 52
3.0220001 -1.589 2.5480001 67
3.329 -1.67 2.5840001 53
3.6010001 -1.7359999 2.602 47
2.849 -1.5039999 2.5829999 52
3.1070001 -1.5470001 2.586 50
3.3699999 -1.595 2.582 54
3.6370001 -1.648 2.5929999 48
2.8829999 -1.4450001 2.582 53
3.142 -1.478 2.582 50
3.408 -1.517 2.579 53
3.688 -1.5650001 2.596 54
2.921 -1.388 2.585 53
3.168 -1.405 2.573 53
3.4489999 -1.4400001 2.579 55
3.723 -1.475 2.589 54
2.9419999 -1.322 2.575 54
3.201 -1.336 2.5710001 52
3.4809999 -1.36 2.5739999 54
3.7579999 -1.386 2.585 48
2.9809999 -1.265 2.5810001 53
3.234 -1.267 2.5710001 52
3.516 -1.281 2.573 55
3.7920001 -1.296 2.5810001 48
3.0020001 -1.2 2.573 56
3.26 -1.194 2.5650001 56
3.5450001 -1.198 2.5669999 54
3.835 -1.209 2.585 53
3.0250001 -1.135 2.5680001 54
3.29 -1.123 2.5639999 55
3.5680001 -1.115 2.5599999 53
3.855 -1.115 2.5739999 49
3.0539999 -1.072 2.5669999 54
3.3139999 -1.049 2.559 53
3.5969999 -1.033 2.5580001 54
3.885 -1.022 2.572 47
3.0769999 -1.007 2.563 54
3.336 -0.97500002 2.5539999 50
1.844 -0.48300001 1.3 19
2.0869999 -0.49599999 1.3710001 18
3.098 -0.94199997 2.559 54
3.3629999 -0.90200001 2.5539999 54
1.819 -0.43200001 1.273 28
2.108 -0.44800001 1.375 21
3.1199999 -0.87599999 2.556 54
1.841 -0.44999999 1.388 15
1.993 -0.42500001 1.385 150
3.6329999 -0.68099999 2.3540001 53
1.826 -0.47099999 1.485 6
2.0739999 -0.458 1.553 19
3.3940001 -0.64200002 2.345 51
2.2739999 -0.37099999 1.465 18
1.831 -0.43099999 1.478 60
2.1110001 -0.41800001 1.5700001 17
3.405 -0.56300002 2.339 52
3.665 -0.50800002 2.349 55
2.1170001 -0.45100001 1.697 7
3.2219999 -0.56300002 2.382 73
2.392 -0.33899999 1.635 8
3.6789999 -0.41999999 2.3469999 30
2.1140001 -0.403 1.683 11
2.336 -0.354 1.717 24
3.444 -0.40599999 2.342 49
2.862 -0.25799999 1.818 9
2.9590001 -0.49900001 2.342 52
3.2049999 -0.41299999 2.3440001 62
3.447 -0.32499999 2.335 61
3.7049999 -0.245 2.346 58
2.9749999 -0.43599999 2.3410001 150
3.2119999 -0.34099999 2.3380001 59
3.1059999 -0.221 2.096 125
3.381 -0.14300001 2.1359999 32
2.7650001 -0.34400001 2.164 150
2.882 -0.241 2.0899999 60
3.4449999 -0.16500001 2.3180001 87
3.71 -0.068000004 2.339 57
2.7119999 -0.27900001 2.1140001 37
3.224 -0.198 2.3299999 70
3.4630001 -0.086000003 2.325 50
3.701 0.018999999 2.3299999 58
3 -0.243 2.3280001 66
3.2309999 -0.126 2.3280001 58
3.4619999 -0.0049999999 2.3199999 49
3.7 0.107 2.3280001 58
3.0139999 -0.17900001 2.329 53
3.2320001 -0.052999999 2.3210001 58
3.461 0.074000001 2.316 51
3.691 0.19599999 2.3210001 54
3.0179999 -0.113 2.323 54
3.2409999 0.018999999 2.323 59
3.46 0.155 2.313 48
3.6789999 0.28299999 2.3150001 58
3.0309999 -0.048 2.326 52
3.2409999 0.090999998 2.3199999 56
3.4530001 0.234 2.3080001 55
3.675 0.37099999 2.3150001 58
3.03 0.017000001 2.319 50
3.2379999 0.164 2.3139999 57
3.4460001 0.31400001 2.3039999 49
3.664 0.458 2.312 58
3.033 0.082000002 2.316 46
3.234 0.236 2.3110001 54
3.4349999 0.39300001 2.299 58
3.6440001 0.54299998 2.3050001 58
3.0380001 0.149 2.3150001 54
3.23 0.30899999 2.3069999 61
3.4230001 0.472 2.2950001 54
3.6289999 0.62900001 2.302 60
3.0369999 0.215 2.3110001 51
3.224 0.382 2.3039999 62
3.4130001 0.551 2.293 57
3.6099999 0.71499997 2.2980001 58
3.029 0.28200001 2.303 51
3.22 0.456 2.302 58
3.404 0.63200003 2.2920001 59
3.5899999 0.80000001 2.2950001 57
3.0320001 0.34999999 2.3039999 50
3.207 0.528 2.296 58
3.3840001 0.70999998 2.286 60
3.5710001 0.88499999 2.2939999 57
3.029 0.417 2.3010001 50
3.2 0.60100001 2.296 58
3.3699999 0.78899997 2.286 57
3.5450001 0.96799999 2.289 58
3.0220001 0.48300001 2.296 52
3.1900001 0.67400002 2.2939999 58
3.352 0.866 2.2839999 60
3.517 1.05 2.286 65
3.0150001 0.55000001 2.2939999 54
3.177 0.74599999 2.2909999 59
3.3310001 0.94300002 2.28 58
3.494 1.133 2.286 58
3.0109999 0.61900002 2.293 51
3.164 0.81800002 2.2909999 65
3.3110001 1.02 2.279 60
3.457 1.211 2.279 63
3.0020001 0.68599999 2.2909999 56
3.1440001 0.88999999 2.2850001 59
3.286 1.097 2.276 60
3.427 1.294 2.277 57
2.993 0.755 2.2880001 58
3.1289999 0.963 2.2839999 65
3.2590001 1.1720001 2.273 59
3.3959999 1.374 2.277 57
2.9790001 0.82200003 2.283 58
3.108 1.034 2.28 62
3.234 1.249 2.2720001 57
3.3559999 1.45 2.2720001 63
2.9679999 0.88999999 2.2820001 58
3.0910001 1.1059999 2.2809999 70
3.2049999 1.323 2.27 56
3.313 1.525 2.266 56
2.9560001 0.958 2.2820001 59
3.0650001 1.175 2.276 65
3.168 1.3940001 2.2639999 55
3.2750001 1.601 2.2650001 58
2.937 1.025 2.277 59
3.0420001 1.2460001 2.2739999 71
3.1429999 1.47 2.267 60
3.2360001 1.677 2.2639999 60
2.9170001 1.091 2.2720001 54
3.02 1.318 2.2750001 63
3.105 1.54 2.2620001 57
3.1930001 1.752 2.2620001 57
2.904 1.1619999 2.2739999 60
2.9849999 1.385 2.267 67
3.0680001 1.6109999 2.2590001 54
3.1489999 1.824 2.2590001 56
2.878 1.227 2.267 55
2.961 1.456 2.2679999 62
3.0280001 1.681 2.2550001 51
3.102 1.895 2.257 55
2.8599999 1.296 2.267 54
2.9349999 1.527 2.2690001 59
2.9890001 1.75 2.253 52
3.05 1.9630001 2.2520001 56
2.8399999 1.364 2.267 52
2.8959999 1.591 2.2609999 61
2.948 1.818 2.2509999 50
3.0050001 2.033 2.2539999 55
2.809 1.427 2.2609999 52
2.8610001 1.6569999 2.2579999 62
2.905 1.885 2.2490001 48
2.9549999 2.102 2.253 55
2.7809999 1.493 2.257 53
2.8299999 1.726 2.2590001 57
2.8629999 1.952 2.2490001 50
2.8970001 2.1630001 2.247 55
2.7679999 1.567 2.266 59
2.793 1.7920001 2.2550001 58
2.816 2.017 2.2449999 49
2.8469999 2.2320001 2.2479999 56
2.737 1.633 2.2620001 56
2.7490001 1.854 2.25 54
2.77 2.0829999 2.244 51
2.793 2.2950001 2.247 55
2.7019999 1.697 2.257 54
2.7149999 1.9220001 2.2520001 55
2.7219999 2.1459999 2.243 50
2.733 2.355 2.243 55
2.674 1.7640001 2.2579999 59
2.6719999 1.985 2.2479999 55
2.6730001 2.2079999 2.2409999 49
2.678 2.4170001 2.244 55
2.6329999 1.825 2.2490001 52
2.6300001 2.0469999 2.2460001 54
2.6229999 2.2690001 2.2409999 51
2.6170001 2.473 2.2409999 55
2.6010001 1.892 2.2509999 53
2.586 2.109 2.244 56
2.572 2.3310001 2.24 50
2.5539999 2.5280001 2.2379999 55
2.5650001 1.956 2.2490001 49
2.5439999 2.1730001 2.2449999 55
2.517 2.388 2.2379999 48
2.493 2.5840001 2.2360001 55
2.5250001 2.0179999 2.2460001 53
2.493 2.2309999 2.24 55
2.4630001 2.447 2.2379999 50
2.4300001 2.6389999 2.2360001 55
2.4879999 2.0840001 2.2460001 52
2.4489999 2.2939999 2.2420001 55
2.402 2.4979999 2.2320001 53
2.3570001 2.6800001 2.2260001 59
2.4460001 2.1459999 2.244 50
2.398 2.3510001 2.2390001 54
2.345 2.553 2.2309999 53
2.2950001 2.734 2.227 58
2.401 2.2060001 2.2409999 52
2.345 2.4070001 2.2349999 51
2.286 2.6059999 2.23 54
2.2260001 2.7780001 2.223 54
2.358 2.2679999 2.24 50
2.2980001 2.4690001 2.24 56
2.227 2.658 2.2290001 54
2.1600001 2.826 2.223 54
2.3150001 2.3310001 2.2409999 50
2.237 2.517 2.2309999 48
2.161 2.7030001 2.223 54
2.0940001 2.872 2.223 55
2.267 2.391 2.24 49
2.181 2.569 2.2279999 56
2.1040001 2.7579999 2.227 53
2.0250001 2.9170001 2.2219999 53
2.2160001 2.448 2.2360001 50
2.128 2.6270001 2.23 58
2.039 2.803 2.224 52
1.957 2.9590001 2.2219999 54
2.1670001 2.5079999 2.2360001 53
2.069 2.677 2.227 57
1.972 2.846 2.221 53
1.885 2.997 2.2190001 57
2.1099999 2.5599999 2.2309999 51
2.0120001 2.73 2.227 55
1.908 2.892 2.221 47
1.812 3.0320001 2.2160001 55
2.0539999 2.6129999 2.227 51
1.95 2.777 2.224 54
1.841 2.9330001 2.2190001 54
1.734 3.0569999 2.207 53
2 2.6700001 2.2260001 52
1.887 2.823 2.221 54
1.7690001 2.9660001 2.2119999 53
1.664 3.095 2.2090001 53
1.946 2.727 2.227 51
1.824 2.869 2.2190001 51
1.701 3.006 2.211 54
1.589 3.1240001 2.2049999 59
1.8839999 2.7750001 2.2219999 51
1.761 2.915 2.2179999 53
1.631 3.0409999 2.2079999 49
1.5140001 3.151 2.2019999 52
1.826 2.8299999 2.2219999 51
1.694 2.9560001 2.214 54
1.561 3.0769999 2.2060001 51
1.441 3.181 2.2019999 53
1.763 2.8770001 2.2179999 51
1.627 2.9960001 2.211 55
1.49 3.1099999 2.204 46
1.367 3.207 2.2 55
1.697 2.921 2.2130001 51
1.559 3.0350001 2.2090001 53
1.419 3.1440001 2.2049999 50
1.29 3.227 2.1960001 56
1.635 2.97 2.2119999 52
1.49 3.072 2.2060001 50
1.345 3.1700001 2.2 49
1.217 3.2539999 2.198 56
1.5700001 3.0179999 2.211 52
1.42 3.108 2.2030001 52
1.274 3.201 2.2 49
1.141 3.2720001 2.194 53
1.501 3.059 2.2079999 52
1.351 3.148 2.204 49
1.201 3.2279999 2.198 49
1.064 3.2880001 2.191 56
1.4349999 3.1059999 2.2079999 52
1.278 3.178 2.2 49
1.127 3.2520001 2.197 52
0.99000001 3.3099999 2.1930001 55
1.363 3.1429999 2.2030001 52
1.206 3.2079999 2.197 56
1.053 3.277 2.1960001 52
0.91500002 3.3269999 2.1930001 52
1.29 3.178 2.197 52
1.1339999 3.243 2.198 52
0.97799999 3.2969999 2.1930001 54
0.838 3.3369999 2.188 52
1.22 3.2190001 2.198 52
1.0599999 3.27 2.1949999 52
0.90100002 3.312 2.188 46
0.76200002 3.348 2.187 53
1.147 3.2579999 2.197 53
0.98500001 3.2950001 2.1919999 52
0.82700002 3.336 2.191 45
0.685 3.3540001 2.1819999 55
1.072 3.289 2.1930001 53
0.91100001 3.325 2.1919999 48
0.75099999 3.3529999 2.1900001 50
0.60900003 3.3629999 2.1819999 54
0.99800003 3.326 2.1930001 53
0.83399999 3.346 2.1889999 49
0.67500001 3.3659999 2.187 49
0.53399998 3.3740001 2.184 56
0.921 3.359 2.1930001 53
0.759 3.372 2.1900001 54
0.59799999 3.3740001 2.1830001 50
0.45899999 3.3800001 2.1830001 54
0.84399998 3.3870001 2.1889999 52
0.68199998 3.3929999 2.1889999 52
0.52200001 3.3889999 2.184 52
0.382 3.3759999 2.177 54
0.76499999 3.4130001 2.187 52
0.60299999 3.4070001 2.1849999 54
0.44499999 3.3970001 2.181 51
0.308 3.3840001 2.1800001 56
0.68400002 3.4349999 2.1819999 52
0.52600002 3.4260001 2.1849999 51
0.368 3.404 2.1800001 49
0.23199999 3.3829999 2.178 50
0.60399997 3.4579999 2.1789999 53
0.447 3.441 2.1830001 50
0.292 3.414 2.1819999 55
0.15700001 3.378 2.1760001 52
0.52399999 3.484 2.1800001 53
0.368 3.454 2.181 53
0.215 3.4159999 2.1789999 45
0.082999997 3.3789999 2.177 57
0.442 3.506 2.1789999 53
0.28799999 3.4619999 2.178 52
0.138 3.4230001 2.181 52
0.0089999996 3.3740001 2.1760001 57
0.359 3.52 2.175 53
0.208 3.4760001 2.1789999 49
0.061999999 3.4219999 2.178 55
-0.064000003 3.3640001 2.1730001 56
0.27599999 3.5409999 2.175 54
0.12899999 3.4860001 2.1789999 52
-0.014 3.418 2.175 49
-0.13699999 3.3599999 2.174 57
0.192 3.5539999 2.1730001 51
0.048 3.4860001 2.174 50
-0.090999998 3.418 2.175 53
-0.211 3.3499999 2.174 56
0.108 3.5639999 2.1700001 53
-0.032000002 3.4920001 2.174 54
-0.167 3.4159999 2.1760001 53
-0.28299999 3.335 2.1700001 57
0.022 3.5769999 2.1689999 53
-0.112 3.4920001 2.171 55
-0.244 3.408 2.1730001 51
-0.35600001 3.3310001 2.175 53
-0.061999999 3.585 2.1670001 55
-0.193 3.4909999 2.1700001 55
-0.31900001 3.3970001 2.1700001 53
-0.428 3.3169999 2.174 58
-0.147 3.5869999 2.1630001 55
-0.27500001 3.4979999 2.174 56
-0.396 3.3940001 2.174 47
-0.49700001 3.2939999 2.168 60
-0.235 3.599 2.1659999 54
-0.35499999 3.49 2.1700001 54
-0.472 3.3859999 2.174 49
-0.56900001 3.2809999 2.171 59
-0.32100001 3.6029999 2.1659999 55
-0.43700001 3.4890001 2.1719999 54
-0.54699999 3.3770001 2.1760001 56
-0.639 3.266 2.1719999 62
-0.40799999 3.602 2.165 54
-0.51800001 3.4809999 2.171 53
-0.62199998 3.3599999 2.1730001 60
-0.70899999 3.2460001 2.171 60
-0.49700001 3.605 2.1670001 56
-0.59799999 3.473 2.1700001 54
-0.69800001 3.348 2.175 55
-0.778 3.2290001 2.1730001 63
-0.58399999 3.599 2.165 55
-0.68000001 3.4619999 2.1700001 54
-0.77200001 3.3299999 2.174 50
-0.84799999 3.2119999 2.1760001 67
-0.671 3.5910001 2.1619999 57
-0.76200002 3.4560001 2.1730001 58
-0.84600002 3.3139999 2.175 55
-0.91500002 3.1860001 2.174 58
-0.759 3.5840001 2.1619999 57
-0.84100002 3.4389999 2.171 60
-0.92000002 3.2939999 2.175 52
-0.98400003 3.1670001 2.178 68
-0.84799999 3.5810001 2.1659999 56
-0.92299998 3.4260001 2.1719999 55
-0.99400002 3.2780001 2.178 53
-1.05 3.1389999 2.1760001 71
-0.93599999 3.5669999 2.165 56
-1.0039999 3.4119999 2.174 50
-1.066 3.253 2.1760001 55
-1.1160001 3.1129999 2.177 63
-1.024 3.553 2.164 52
-1.085 3.3970001 2.177 59
-1.14 3.234 2.181 58
-1.1849999 3.0940001 2.1830001 69
-1.114 3.543 2.168 56
-1.164 3.372 2.175 58
-1.207 3.1960001 2.1730001 44
-1.248 3.0599999 2.1800001 69
-1.2 3.517 2.1630001 57
-1.244 3.352 2.177 55
-1.27 3.148 2.158 54
-1.313 3.0309999 2.1819999 65
-1.291 3.506 2.1689999 58
-1.322 3.3239999 2.175 56
-1.354 3.154 2.1819999 55
-1.377 3.0020001 2.184 68
-1.376 3.4790001 2.1670001 56
-1.402 3.299 2.177 55
-1.428 3.132 2.1889999 55
-1.4400001 2.971 2.1849999 68
-1.464 3.4560001 2.168 57
-1.482 3.276 2.181 56
-1.4960001 3.098 2.188 56
-1.499 2.931 2.181 52
-1.554 3.4360001 2.174 57
-1.558 3.2409999 2.178 49
-1.5650001 3.0639999 2.188 56
-1.564 2.9030001 2.187 69
-1.642 3.4100001 2.1760001 58
-1.635 3.211 2.1800001 58
-1.6339999 3.033 2.1900001 57
-1.622 2.8629999 2.1849999 61
-1.729 3.3800001 2.178 57
-1.71 3.175 2.1800001 57
-1.701 2.9960001 2.191 58
-1.6799999 2.8239999 2.184 63
-1.816 3.349 2.181 58
-1.7920001 3.152 2.1889999 56
-1.766 2.9560001 2.1889999 55
-1.742 2.7909999 2.1889999 59
-1.9 3.312 2.1800001 57
-1.865 3.1099999 2.1860001 52
-1.834 2.921 2.1930001 55
-1.798 2.7490001 2.188 68
-1.985 3.2750001 2.1819999 57
-1.941 3.072 2.1889999 56
-1.9 2.882 2.194 54
-1.8559999 2.71 2.1889999 65
-2.0710001 3.2379999 2.1860001 56
-2.0139999 3.0320001 2.1900001 55
-1.965 2.8429999 2.197 50
-1.9119999 2.6689999 2.1900001 66
-2.1530001 3.194 2.1860001 52
-2.0869999 2.9890001 2.191 54
-2.029 2.8010001 2.198 54
-1.97 2.631 2.194 60
-2.2360001 3.1500001 2.187 57
-2.165 2.9530001 2.198 58
-2.0940001 2.7590001 2.201 47
-2.0280001 2.592 2.1989999 65
-2.322 3.112 2.194 59
-2.233 2.9030001 2.197 58
-2.1500001 2.7079999 2.198 50
-2.0810001 2.546 2.1989999 71
-2.4000001 3.0599999 2.194 61
-2.3 2.852 2.1949999 56
-2.214 2.6659999 2.2019999 59
-2.1340001 2.5009999 2.2 73
-2.474 3.003 2.191 58
-2.375 2.809 2.2019999 58
-2.273 2.6159999 2.2019999 58
-2.1860001 2.4560001 2.2019999 64
-2.5539999 2.9519999 2.194 59
-2.444 2.76 2.2049999 57
-2.3340001 2.5710001 2.2060001 59
-2.2379999 2.4089999 2.2030001 66
-2.625 2.8900001 2.191 45
-2.507 2.7019999 2.2030001 54
-2.391 2.5190001 2.207 58
-2.2869999 2.3599999 2.2030001 66
0 0 0 0
-2.572 2.6470001 2.2030001 48
-2.4519999 2.4719999 2.2119999 56
-2.336 2.312 2.2060001 65
0 0 0 0
-2.6140001 2.569 2.1860001 6
-2.5039999 2.4159999 2.21 54
-2.3870001 2.2639999 2.2090001 71
-2.5710001 2.451 1.984 2
-2.6919999 2.527 2.2 67
-2.5650001 2.368 2.2179999 57
-2.434 2.2130001 2.21 73
-2.5550001 2.322 1.925 47
-2.5450001 2.2809999 2.0350001 47
-2.6170001 2.3110001 2.217 57
-2.483 2.165 2.214 70
-2.5280001 2.188 1.8609999 45
-2.5109999 2.1489999 1.967 43
-2.596 2.1930001 2.158 150
-2.5250001 2.109 2.2119999 75
-2.4990001 2.0599999 1.801 42
-2.4849999 2.029 1.9069999 39
-2.4879999 2.01 2.03 40
-2.5739999 2.059 2.217 61
-2.51 1.97 1.772 14
-2.4630001 1.918 1.854 42
-2.4579999 1.898 1.971 40
-2.573 1.972 2.181 150
-2.5799999 1.927 1.786 7
-2.441 1.812 1.804 46
-2.434 1.795 1.92 47
-2.4560001 1.801 2.049 65
-2.572 1.826 1.747 7
-2.4519999 1.734 1.7819999 25
-2.418 1.7029999 1.877 44
-2.427 1.7029999 1.9960001 50
-2.5650001 1.7309999 1.712 8
-2.543 1.7130001 1.817 7
-2.408 1.618 1.84 44
-2.408 1.615 1.952 47
-2.543 1.628 1.669 7
-2.529 1.62 1.779 7
-2.3889999 1.53 1.799 41
-2.398 1.536 1.9170001 43
-2.523 1.5319999 1.63 7
-2.517 1.5319999 1.744 7
-2.4260001 1.48 1.802 12
-2.3829999 1.457 1.881 50
-2.5 1.437 1.591 7
-2.4990001 1.443 1.707 10
-2.48 1.439 1.818 6
-2.3629999 1.377 1.842 47
-2.4860001 1.351 1.559 9
-2.48 1.357 1.671 10
-2.4760001 1.365 1.7920001 9
-2.352 1.3049999 1.812 56
-2.4690001 1.266 1.528 9
-2.464 1.275 1.6390001 9
-2.4649999 1.289 1.762 9
-2.3540001 1.243 1.793 32
-2.4319999 1.174 1.4859999 6
-2.4430001 1.1950001 1.6059999 9
-2.444 1.21 1.727 10
-2.418 1.2130001 1.822 7
-3.6860001 1.673 2.2260001 60
-3.4449999 1.5880001 2.2390001 50
-2.447 1.146 1.711 5
-2.441 1.161 1.8200001 7
-3.734 1.589 2.23 63
-3.473 1.505 2.233 61
-3.2390001 1.431 2.2409999 61
-2.4879999 1.12 1.837 32
-3.776 1.502 2.2320001 65
-3.5150001 1.429 2.237 54
-3.28 1.364 2.247 62
-2.474 1.051 1.809 38
-3.8180001 1.413 2.234 61
-3.55 1.349 2.2379999 57
-3.3080001 1.291 2.2460001 51
-2.4760001 0.991 1.794 6
-3.8540001 1.324 2.2360001 61
-3.5910001 1.271 2.244 55
-3.3410001 1.22 2.2490001 57
-2.4890001 0.93599999 1.789 4
-3.892 1.233 2.2379999 62
-3.6289999 1.192 2.2490001 58
-3.368 1.147 2.2479999 60
-2.5699999 0.90600002 1.8329999 14
-3.9289999 1.143 2.243 63
-3.655 1.108 2.247 62
-2.7720001 0.87699997 1.836 14
-2.6800001 0.88099998 1.896 7
-3.96 1.051 2.2449999 67
-2.9630001 0.82499999 1.809 15
-2.8970001 0.847 1.905 7
-2.7079999 0.82800001 1.902 11
-3.2360001 0.77700001 1.823 13
-3.112 0.79000002 1.888 7
-2.905 0.77999997 1.898 6
-2.5840001 0.73100001 1.803 31
-3.346 0.72000003 1.874 2
-3.1029999 0.713 1.8710001 6
-2.816 0.69099998 1.829 30
-2.714 0.70700002 1.882 28
-3.23 0.61500001 1.8 21
-3.089 0.63499999 1.853 31
-2.983 0.662 1.926 31
-2.868 0.68300003 1.977 27
-3.4419999 0.57099998 1.91 26
-3.309 0.602 1.975 29
-3.1630001 0.63 2.0320001 28
-3.023 0.653 2.072 27
-3.707 0.52600002 2.05 23
-3.7279999 0.59100002 2.2160001 42
-3.539 0.625 2.2620001 54
-3.3099999 0.64200002 2.257 69
-4.1030002 0.48300001 2.2620001 62
-3.816 0.51599997 2.26 66
-3.559 0.54799998 2.266 65
-3.3269999 0.57300001 2.2579999 68
-4.1149998 0.38600001 2.263 64
-3.835 0.43000001 2.2639999 61
-3.5769999 0.47099999 2.2679999 61
-3.3399999 0.50300002 2.2579999 64
-4.1300001 0.289 2.267 64
-3.848 0.34299999 2.266 58
-3.5910001 0.39300001 2.27 64
-3.3570001 0.433 2.26 70
-4.1389999 0.192 2.2690001 63
-3.8599999 0.255 2.2679999 61
-3.6099999 0.315 2.276 66
-3.372 0.36300001 2.263 61
-4.1479998 0.093999997 2.2720001 64
-3.8729999 0.167 2.2720001 57
-3.6159999 0.235 2.2739999 64
-3.388 0.292 2.267 62
-1.748 -0.001 0.958 55
-3.8829999 0.079000004 2.276 58
-3.6300001 0.15700001 2.2780001 64
-3.4000001 0.221 2.2679999 56
-1.698 -0.039999999 0.93000001 42
-1.7130001 -0.003 1.0039999 28
-3.642 0.077 2.2820001 58
-3.4130001 0.149 2.2709999 71
-1.6950001 -0.079999998 0.93000001 62
-1.706 -0.041999999 0.99900001 46
-3.6489999 -0.0020000001 2.2850001 53
-3.4230001 0.077 2.2739999 64
-1.65 -0.117 0.90700001 55
-1.688 -0.079999998 0.98900002 68
-1.719 -0.037999999 1.076 24
-3.434 0.0040000002 2.2780001 60
-1.612 -0.152 0.88800001 43
-1.633 -0.115 0.958 41
-1.684 -0.075000003 1.054 49
-3.441 -0.067000002 2.28 60
-1.582 -0.18700001 0.87400001 44
-1.6059999 -0.15000001 0.94400001 50
-1.648 -0.109 1.0319999 41
-1.7029999 -0.068999998 1.127 3
-1.569 -0.223 0.87 45
-1.5930001 -0.185 0.93900001 46
-1.618 -0.14300001 1.0140001 34
-1.698 -0.105 1.123 9
-1.567 -0.25999999 0.87300003 48
-1.5829999 -0.22 0.935 46
-1.603 -0.177 1.006 41
-1.675 -0.14 1.109 12
-1.562 -0.29699999 0.87400001 52
-1.577 -0.25600001 0.935 46
-1.595 -0.212 1.002 40
-1.651 -0.17299999 1.094 27
-1.5700001 -0.336 0.88300002 45
-1.568 -0.29100001 0.93300003 55
-1.592 -0.24699999 1.002 38
-1.645 -0.208 1.09 35
-1.6 -0.382 0.90600002 40
-1.567 -0.32800001 0.93599999 59
-1.5779999 -0.28099999 0.99699998 39
-1.633 -0.242 1.084 42
-1.643 -0.433 0.93599999 59
-1.585 -0.37 0.95200002 64
-1.575 -0.31600001 0.99800003 38
-1.628 -0.27700001 1.082 39
-1.631 -0.47099999 0.93599999 57
-1.619 -0.417 0.977 61
-1.582 -0.354 1.006 38
-1.619 -0.31099999 1.079 35
-1.6210001 -0.509 0.93699998 58
-1.626 -0.458 0.98799998 59
-1.601 -0.396 1.022 53
-1.6109999 -0.34599999 1.076 29
-1.6210001 -0.551 0.94499999 10
-1.635 -0.5 0.99900001 51
-1.618 -0.43799999 1.038 59
-1.6160001 -0.38299999 1.082 27
-3.9419999 -1.442 2.319 64
-3.7650001 -1.247 2.3180001 57
-1.638 -0.48199999 1.057 49
-1.6210001 -0.42199999 1.09 42
-3.9059999 -1.533 2.3210001 62
-3.7409999 -1.3329999 2.3199999 60
-3.582 -1.142 2.323 54
-1.637 -0.46399999 1.105 12
-3.8659999 -1.6210001 2.3210001 62
-3.714 -1.42 2.322 57
-3.5569999 -1.22 2.3210001 54
-3.4100001 -1.046 2.3110001 55
-3.836 -1.7130001 2.3280001 60
-3.6889999 -1.506 2.3269999 58
-3.5380001 -1.302 2.325 54
-3.398 -1.123 2.3150001 56
-3.7980001 -1.802 2.332 51
-3.6570001 -1.59 2.329 58
-3.5150001 -1.383 2.326 55
-3.392 -1.2029999 2.323 56
-3.7550001 -1.8890001 2.3329999 49
-3.631 -1.677 2.335 58
-3.493 -1.4630001 2.329 55
-3.3710001 -1.279 2.322 57
-3.7249999 -1.982 2.345 45
-3.5940001 -1.76 2.336 56
-3.4719999 -1.545 2.335 54
-3.3559999 -1.357 2.326 57
-3.675 -2.066 2.345 35
-3.569 -1.848 2.3469999 55
-3.451 -1.6289999 2.3410001 55
-3.336 -1.433 2.3280001 57
-3.6289999 -2.151 2.3499999 24
-3.576 -1.955 2.3789999 56
-3.4219999 -1.709 2.3440001 53
-3.319 -1.513 2.3340001 57
-3.5810001 -2.2349999 2.3540001 15
-3.5550001 -2.05 2.395 41
-3.53 -1.8609999 2.4419999 51
-3.2969999 -1.59 2.336 57
-3.5309999 -2.3180001 2.358 14
-3.5190001 -2.1359999 2.402 28
-3.5680001 -1.984 2.494 45
-3.2639999 -1.6619999 2.332 52
-3.49 -2.4059999 2.369 14
-3.52 -2.247 2.437 20
-3.552 -2.079 2.5120001 30
-3.2679999 -1.756 2.3559999 43
-3.471 -2.5109999 2.3970001 21
-3.5039999 -2.348 2.461 14
-3.5339999 -2.174 2.529 22
-3.5079999 -1.985 2.5539999 31
-3.4530001 -2.6210001 2.428 31
-3.48 -2.447 2.4809999 15
-3.5190001 -2.2750001 2.55 14
-3.4909999 -2.0769999 2.5669999 22
-3.427 -2.7260001 2.4560001 40
-3.4649999 -2.556 2.5109999 23
-3.4960001 -2.3710001 2.5669999 14
-3.4449999 -2.154 2.5610001 14
-3.4030001 -2.835 2.487 49
-3.4400001 -2.658 2.5350001 31
-3.4679999 -2.467 2.582 14
-3.404 -2.234 2.5599999 13
-3.382 -2.951 2.523 52
-3.4219999 -2.7690001 2.566 44
-3.4059999 -2.5380001 2.573 15
-3.3789999 -2.325 2.572 12
-3.3529999 -3.062 2.5550001 16
-3.362 -2.848 2.5680001 38
-3.3659999 -2.6259999 2.582 24
-3.3329999 -2.404 2.5699999 12
0 0 0 0
-3.303 -2.927 2.572 40
-3.3080001 -2.7019999 2.5799999 26
-3.286 -2.4820001 2.5680001 14
0 0 0 0
-3.2219999 -2.9879999 2.5599999 37
-3.26 -2.786 2.586 35
-3.25 -2.5699999 2.576 23
-2.9330001 -3.0669999 2.398 62
-3.1340001 -3.039 2.543 4
-3.2 -2.8599999 2.5840001 38
-3.1949999 -2.6429999 2.5710001 32
-2.908 -3.1819999 2.438 62
-2.957 -2.9990001 2.4530001 23
-3.1429999 -2.938 2.586 46
-3.1440001 -2.72 2.5710001 38
-2.8789999 -3.2969999 2.4790001 37
-2.9230001 -3.1010001 2.4809999 61
-3.063 -2.994 2.5699999 24
-3.0969999 -2.803 2.575 39
-0.95099998 -1.14 0.84200001 14
-2.9070001 -3.2249999 2.5280001 64
-2.9549999 -3.0209999 2.5309999 48
-3.0439999 -2.881 2.576 46
-0.90399998 -1.1339999 0.824 26
-2.8599999 -3.3199999 2.5510001 25
-2.9230001 -3.1229999 2.5580001 66
-2.9909999 -2.9590001 2.5780001 47
-0.86699998 -1.1390001 0.81400001 25
-0.93099999 -1.131 0.852 5
-2.882 -3.221 2.5810001 53
-2.925 -3.026 2.572 55
-0.838 -1.154 0.81199998 22
-0.89099997 -1.133 0.838 24
-2.8169999 -3.2939999 2.5829999 25
-2.878 -3.115 2.5840001 49
-0.815 -1.176 0.81599998 23
-0.847 -1.128 0.81999999 27
0 0 0 0
-2.8239999 -3.197 2.5899999 49
-0.78399998 -1.187 0.81199998 22
-0.815 -1.138 0.81400001 24
-0.88300002 -1.131 0.852 2
-2.7620001 -3.273 2.592 48
-0.75999999 -1.209 0.81599998 21
-0.79100001 -1.158 0.815 24
-0.83600003 -1.122 0.82999998 34
-2.6789999 -3.322 2.575 3
-0.73299998 -1.226 0.81699997 22
-0.76599997 -1.178 0.81699997 22
-0.801 -1.127 0.81800002 27
-0.85799998 -1.115 0.84600002 8
-0.69700003 -1.228 0.80900002 9
-0.73900002 -1.192 0.815 24
-0.76999998 -1.137 0.81099999 20
-0.82300001 -1.12 0.833 32
-0.66799998 -1.239 0.80800003 3
-0.71399999 -1.212 0.81699997 23
-0.75099999 -1.163 0.81599998 25
-0.78600001 -1.123 0.81900001 27
-0.64300001 -1.26 0.81199998 5
-0.68400002 -1.223 0.81300002 17
-0.72500002 -1.181 0.815 25
-0.75999999 -1.14 0.81599998 22
-0.61699998 -1.278 0.81599998 14
-0.653 -1.23 0.80800003 5
-0.69999999 -1.2 0.81599998 26
-0.73799998 -1.163 0.81699997 25
-0.59100002 -1.296 0.81999999 20
-0.62099999 -1.237 0.80299997 2
-0.67699999 -1.222 0.81900001 22
-0.71200001 -1.181 0.81599998 25
-0.56300002 -1.3099999 0.82200003 21
-0.60399997 -1.272 0.81699997 10
-0.63700002 -1.215 0.80199999 5
-0.69 -1.204 0.81800002 24
-0.52999997 -1.312 0.81699997 8
-0.57599998 -1.2869999 0.81699997 21
-0.61199999 -1.233 0.80400002 2
-0.66299999 -1.222 0.81699997 17
-1.6059999 -4.2410002 2.6210001 26
-0.54900002 -1.304 0.81999999 20
-0.59500003 -1.271 0.81699997 12
-0.62300003 -1.214 0.79900002 3
-1.513 -4.2800002 2.6259999 33
-0.51599997 -1.307 0.81400001 7
-0.56900001 -1.289 0.81900001 23
-0.60399997 -1.247 0.80800003 3
-1.401 -4.2600002 2.5969999 31
-1.564 -4.2280002 2.6099999 27
-0.542 -1.309 0.82200003 21
-0.58600003 -1.283 0.81999999 20
-1.308 -4.2909999 2.6010001 31
-1.466 -4.2529998 2.6040001 40
-0.50999999 -1.313 0.815 1
-0.55699998 -1.299 0.81900001 22
-1.23 -4.3730001 2.6370001 27
-1.348 -4.2140002 2.559 26
-1.543 -4.256 2.6159999 31
-0.528 -1.313 0.81699997 6
-1.132 -4.3930001 2.6359999 27
-1.2819999 -4.3369999 2.615 28
-1.442 -4.277 2.602 30
-1.604 -4.2680001 2.6229999 25
-1.034 -4.4089999 2.6340001 29
-1.192 -4.3889999 2.628 28
-1.342 -4.2989998 2.5910001 33
-1.512 -4.322 2.625 29
-0.94 -4.4419999 2.6440001 32
-1.094 -4.4120002 2.625 29
-1.266 -4.4060001 2.632 27
-1.42 -4.3800001 2.631 27
-0.84399998 -4.4650002 2.6489999 18
-0.99599999 -4.4369998 2.625 32
-1.173 -4.4569998 2.6400001 27
-1.327 -4.4419999 2.638 27
-0.56300002 -3.3829999 2.0020001 2
-0.68699998 -3.415 2.01 1
-1.071 -4.4850001 2.6359999 26
-1.2309999 -4.4949999 2.6429999 20
-0.48699999 -3.382 1.9960001 5
-0.60500002 -3.395 1.989 5
-0.73699999 -3.4289999 2.0009999 5
-0.86000001 -3.4560001 2.013 1
-0.41100001 -3.3640001 1.982 6
-0.52499998 -3.3789999 1.97 6
-0.65399998 -3.414 1.978 5
-0.76800001 -3.421 1.974 2
-0.336 -3.349 1.97 1
-0.45300001 -3.408 1.98 5
-0.57800001 -3.444 1.982 5
-0.69599998 -3.474 1.987 5
-0.26499999 -3.3829999 1.987 7
-0.377 -3.414 1.977 6
-0.49700001 -3.438 1.9680001 2
-0.61500001 -3.4909999 1.9809999 0
-0.191 -3.3729999 1.9809999 6
-0.29800001 -3.3959999 1.96 2
-0.56699997 -4.664 2.6559999 25
-0.72000003 -4.73 2.664 25
-0.117 -3.368 1.977 6
0 0 0 0
-0.461 -4.6820002 2.6530001 29
-0.611 -4.7550001 2.6600001 26
-0.045000002 -3.3670001 1.977 4
-0.199 -4.6069999 2.648 29
-0.35499999 -4.7030001 2.654 28
-0.50300002 -4.802 2.6689999 27
0.027000001 -3.3640001 1.977 0
-0.097000003 -4.6110001 2.6470001 43
-0.249 -4.73 2.6589999 16
0 0 0 0
0.134 -4.5110002 2.654 39
0.0040000002 -4.6230001 2.651 38
0 0 0 0
0 0 0 0
0.23100001 -4.5079999 2.6559999 40
0.106 -4.618 2.6470001 41
-0.0070000002 -1.0930001 0.611 0
-0.037999999 -1.137 0.62199998 0
0.32800001 -4.5029998 2.658 44
0.208 -4.6110001 2.6429999 43
0.017000001 -1.098 0.61199999 1
0 0 0 0
0.42399999 -4.493 2.6600001 47
0.31099999 -4.6160002 2.6470001 37
0.041000001 -1.086 0.60399997 1
0.014 -1.126 0.611 0
0.51999998 -4.48 2.6589999 37
0.097999997 -1.097 0.62900001 2
0.066 -1.084 0.60299999 0
0.041000001 -1.138 0.61500001 2
0.155 -1.128 0.67199999 1
0.12 -1.073 0.61699998 0
0.092 -1.0930001 0.60699999 0
0 0 0 0
0.71200001 -4.4569998 2.664 5
0 0 0 0
0.118 -1.097 0.60900003 0
0 0 0 0
0.80599999 -4.4330001 2.6600001 45
0.167 -1.066 0.61500001 0
0 0 0 0
0.53899997 -5.0110002 2.6949999 12
0.889 -4.3590002 2.628 71
0.189 -1.052 0.60900003 0
0.169 -1.099 0.611 0
0.662 -5.0279999 2.7019999 11
0.98199999 -4.3410001 2.631 78
0.213 -1.052 0.611 0
0 0 0 0
0.77899998 -5.006 2.6889999 12
1.0650001 -4.2800002 2.608 58
0.236 -1.046 0.60900003 0
0.219 -1.089 0.60799998 0
0.90600002 -5.0320001 2.704 9
0 0 0 0
0.26100001 -1.0470001 0.61199999 1
0 0 0 0
1.027 -5.0180001 2.7 11
1.261 -4.2779999 2.638 7
0.28400001 -1.043 0.61299998 0
0.266 -1.066 0.59799999 0
1.149 -5.007 2.697 11
1.3559999 -4.2649999 2.648 70
0.30899999 -1.04 0.61500001 1
0.30000001 -1.094 0.616 2
0 0 0 0
0 0 0 0
0.331 -1.03 0.61199999 1
0.329 -1.099 0.62199998 0
1.388 -4.954 2.681 4
0.37799999 -1.033 0.65100002 0
0.33700001 -0.97600001 0.58399999 0
0.35100001 -1.0829999 0.61500001 2
1.515 -4.947 2.687 32
0 0 0 0
0.38 -1.024 0.61699998 0
0.33399999 -0.954 0.54500002 0
0 0 0 0
0.39700001 -0.95899999 0.61400002 1
0.38299999 -0.96700001 0.58700001 8
0.373 -0.99199998 0.56999999 1
0.361 -1.005 0.55000001 0
0.42300001 -0.96399999 0.62300003 1
0.40599999 -0.963 0.58899999 9
0.38800001 -0.96399999 0.55800003 8
0.38 -0.98299998 0.542 7
0.449 -0.96600002 0.63099998 1
0.43099999 -0.96200001 0.59299999 13
0.41600001 -0.96899998 0.565 9
0.398 -0.96200001 0.53299999 9
0.472 -0.95999998 0.63300002 2
0.45300001 -0.95300001 0.59299999 4
0.43599999 -0.95300001 0.56 9
0.43099999 -0.97500002 0.54299998 15
0.495 -0.95599997 0.63700002 2
0.48300001 -0.96200001 0.60399997 2
0.47 -0.96700001 0.57300001 2
0.44999999 -0.95499998 0.53600001 7
0.52399999 -0.96200001 0.64700001 0
0.52100003 -0.98100001 0.62199998 0
0.49200001 -0.95599997 0.57099998 2
0.47999999 -0.95999998 0.54400003 2
1.6799999 -2.9330001 1.998 6
0 0 0 0
0.51800001 -0.95200002 0.57499999 0
0.52399999 -0.98699999 0.56400001 0
1.749 -2.9089999 2.007 6
2.4059999 -4.0830002 2.6500001 5
0.57300001 -0.99800003 0.60900003 0
0 0 0 0
0.611 -0.97000003 0.67699999 2
0.61299998 -0.99000001 0.64999998 2
0.59899998 -0.99000001 0.611 4
2.724 -4.5840001 2.674 4
2.4690001 -3.7379999 2.6459999 4
2.6159999 -4.0219998 2.675 2
0.62400001 -0.977 0.61000001 0
0.61500001 -0.98100001 0.57800001 5
2.543 -3.678 2.6389999 43
1.99 -2.915 1.965 2
0.65100002 -0.97100002 0.61400002 4
0 0 0 0
2.6270001 -3.632 2.6440001 41
2.072 -2.8959999 1.98 6
0.68300003 -0.96799999 0.62 0
0 0 0 0
2.6989999 -3.5699999 2.638 42
2.138 -2.852 1.978 6
0.69800001 -0.94199997 0.61299998 1
3.2149999 -4.3870001 2.6919999 3
2.7750001 -3.5139999 2.6370001 39
2.2249999 -2.835 1.998 6
3.115 -4.0079999 2.6459999 4
0.74199998 -0.963 0.60000002 1
2.8469999 -3.4530001 2.6340001 43
2.306 -2.8069999 2.0109999 1
3.2130001 -3.9419999 2.645 30
0.76899999 -0.94999999 0.60100001 1
2.9219999 -3.3940001 2.6340001 42
3.095 -3.602 2.625 26
3.322 -3.888 2.6530001 26
0.81 -0.95200002 0.61299998 2
0.93099999 -1.036 0.81800002 1
3.181 -3.539 2.6259999 39
2.54 -2.836 1.971 0
0.84200001 -0.94300002 0.61799997 0
0.954 -1.018 0.81900001 8
3.2679999 -3.477 2.628 41
2.6099999 -2.7820001 1.97 1
0.87400001 -0.93199998 0.62199998 2
0.98900002 -1.011 0.829 20
3.346 -3.405 2.625 40
2.6930001 -2.74 1.979 1
0.91100001 -0.926 0.63099998 0
1.011 -0.991 0.829 21
3.4289999 -3.3399999 2.628 38
2.789 -2.7090001 1.998 1
3.948 -3.825 2.661 25
1.035 -0.972 0.83099997 19
3.5039999 -3.2639999 2.625 36
3.753 -3.48 2.625 27
4.0539999 -3.743 2.6630001 23
1.056 -0.94999999 0.82999998 10
1.113 -0.991 0.81599998 8
3.858 -3.4119999 2.635 33
3.0999999 -2.727 1.987 0
1.0549999 -0.91100001 0.81400001 3
1.1440001 -0.97399998 0.82099998 21
3.9419999 -3.326 2.632 34
3.177 -2.6600001 1.988 1
1.072 -0.88499999 0.81099999 4
1.173 -0.954 0.824 23
4.026 -3.24 2.631 36
4.2849998 -3.415 2.6210001 5
1.107 -0.87599999 0.82200003 11
1.194 -0.92799997 0.82300001 18
1.2640001 -0.96899998 0.80900002 1
4.4070001 -3.342 2.6389999 23
1.131 -0.85600001 0.82499999 22
1.219 -0.90499997 0.82499999 6
1.296 -0.94700003 0.81300002 10
4.5089998 -3.2509999 2.645 25
1.151 -0.83399999 0.82499999 22
1.214 -0.86000001 0.80699998 3
1.33 -0.92500001 0.81900001 19
4.5869999 -3.142 2.6389999 25
1.166 -0.80800003 0.82300001 22
1.247 -0.84200001 0.815 11
1.355 -0.89700001 0.81999999 13
4.678 -3.0409999 2.641 24
1.184 -0.78399998 0.82200003 22
1.278 -0.82200003 0.82099998 20
1.376 -0.86500001 0.81800002 3
1.471 -0.90600002 0.815 12
1.2029999 -0.759 0.82200003 24
1.2970001 -0.79400003 0.81999999 20
1.387 -0.82700002 0.81099999 6
1.507 -0.87900001 0.82099998 13
1.222 -0.736 0.82300001 23
1.314 -0.764 0.81800002 20
1.415 -0.80000001 0.81400001 17
1.529 -0.84299999 0.81900001 5
1.255 -0.71899998 0.833 24
1.33 -0.73400003 0.81599998 20
1.4400001 -0.76999998 0.81599998 20
1.529 -0.79500002 0.80699998 3
1.299 -0.70899999 0.85100001 15
1.349 -0.70599997 0.81599998 20
1.456 -0.736 0.81400001 19
1.571 -0.76999998 0.81699997 14
4.0359998 -2.092 2.609 42
1.392 -0.69 0.83099997 20
1.475 -0.70300001 0.81300002 21
1.5930001 -0.73299998 0.81699997 14
4.0830002 -2.006 2.6070001 42
1.4450001 -0.676 0.852 9
1.498 -0.671 0.815 19
1.603 -0.69099998 0.81199998 17
4.1329999 -1.923 2.6070001 40
4.46 -1.967 2.598 42
1.558 -0.65499997 0.838 18
1.625 -0.65499997 0.81300002 20
4.1859999 -1.839 2.609 41
4.506 -1.868 2.595 48
4.8969998 -1.925 2.6029999 35
1.681 -0.63 0.83099997 20
4.223 -1.749 2.6029999 45
4.5570002 -1.77 2.5940001 46
4.9419999 -1.811 2.598 35
5.3400002 -1.857 2.6110001 26
4.2709999 -1.663 2.605 45
4.6040001 -1.6720001 2.595 48
4.993 -1.699 2.598 42
5.4050002 -1.7359999 2.6170001 33
4.3099999 -1.573 2.602 51
4.638 -1.568 2.5880001 50
5.039 -1.585 2.5969999 40
5.4549999 -1.607 2.6159999 38
4.335 -1.479 2.592 53
4.6900001 -1.469 2.592 50
5.0749998 -1.467 2.592 42
5.4829998 -1.473 2.6070001 42
4.3740001 -1.387 2.5899999 54
4.73 -1.3660001 2.592 52
5.1129999 -1.349 2.589 43
5.5219998 -1.342 2.6040001 40
4.402 -1.293 2.5840001 52
4.7659998 -1.261 2.589 48
5.1550002 -1.233 2.5899999 40
5.5580001 -1.2079999 2.6010001 37
4.4349999 -1.199 2.5810001 49
4.803 -1.156 2.589 50
5.1919999 -1.113 2.589 35
5.579 -1.073 2.5940001 38
4.4699998 -1.1059999 2.5799999 53
4.8270001 -1.048 2.5829999 50
5.2119999 -0.991 2.582 40
5.599 -0.93699998 2.5869999 34
4.4970002 -1.011 2.5769999 54
4.8499999 -0.93900001 2.5769999 55
5.2420001 -0.87099999 2.5810001 39
5.6199999 -0.80199999 2.5829999 27
4.5289998 -0.91600001 2.576 53
2.368 -0.40400001 1.251 116
5.2519999 -0.74699998 2.5710001 38
5.6360002 -0.667 2.5769999 34
2.2690001 -0.40799999 1.2819999 16
2.4330001 -0.35800001 1.277 127
5.277 -0.625 2.5710001 46
2.806 -0.26300001 1.278 65
2.329 -0.36700001 1.308 130
4.8600001 -0.60500002 2.5380001 50
2.8039999 -0.266 1.36 9
5.2119999 -0.36300001 2.365 31
4.2290001 -0.57300001 2.3599999 47
2.7709999 -0.28200001 1.4400001 11
4.8699999 -0.347 2.3529999 39
5.2119999 -0.23800001 2.359 31
4.2480001 -0.48199999 2.358 48
2.8440001 -0.22499999 1.472 5
4.8769999 -0.234 2.349 41
5.2350001 -0.112 2.3640001 22
2.9389999 -0.26899999 1.623 21
4.5359998 -0.25600001 2.3380001 34
4.8959999 -0.12 2.352 48
5.2319999 0.012 2.358 38
4.2859998 -0.29899999 2.3559999 32
4.5739999 -0.155 2.3499999 51
4.8870001 -0.0060000001 2.342 48
5.2220001 0.138 2.3510001 37
4.296 -0.206 2.352 51
4.5780001 -0.050999999 2.345 51
4.8800001 0.107 2.336 50
5.2199998 0.264 2.349 36
4.3039999 -0.113 2.3469999 51
4.572 0.050999999 2.336 52
4.8769999 0.222 2.332 50
5.1950002 0.38699999 2.339 41
4.3070002 -0.018999999 2.3410001 49
4.5799999 0.154 2.336 51
4.8720002 0.33399999 2.329 50
5.177 0.50999999 2.3329999 37
4.3179998 0.075000003 2.3410001 49
4.5700002 0.257 2.3280001 52
4.8579998 0.44800001 2.322 42
5.164 0.634 2.3310001 45
4.3200002 0.169 2.336 50
4.5510001 0.359 2.3169999 47
4.8429999 0.56099999 2.3169999 50
5.1290002 0.755 2.3210001 45
4.3109999 0.264 2.326 51
4.5549998 0.46399999 2.3180001 51
4.8299999 0.67400002 2.3139999 54
5.1009998 0.87599999 2.3139999 45
4.3150001 0.359 2.3239999 50
4.5560002 0.56900001 2.3180001 58
4.8070002 0.78500003 2.3069999 53
5.0809999 0.99900001 2.313 43
4.3140001 0.454 2.3210001 52
4.539 0.671 2.3110001 58
4.7950001 0.89899999 2.3069999 54
5.0479999 1.118 2.3080001 40
4.3060002 0.55000001 2.3139999 51
4.5320001 0.77499998 2.3099999 58
4.77 1.0089999 2.302 47
5.0079999 1.235 2.3010001 42
4.3070002 0.64600003 2.3150001 52
4.5170002 0.87800002 2.3069999 60
4.7340002 1.117 2.293 52
4.9759998 1.353 2.299 44
4.296 0.741 2.3099999 53
4.494 0.98000002 2.3010001 51
4.7210002 1.2309999 2.296 56
4.9429998 1.471 2.2980001 43
4.2820001 0.83700001 2.3039999 53
4.4860001 1.086 2.302 59
4.6890001 1.341 2.2920001 53
4.8969998 1.587 2.2909999 42
4.2820001 0.93599999 2.306 51
4.4569998 1.187 2.2950001 60
4.6409998 1.4450001 2.2809999 56
4.849 1.7 2.286 46
4.2649999 1.0319999 2.3 52
4.427 1.2869999 2.2880001 59
4.6259999 1.559 2.2869999 55
4.7969999 1.8099999 2.28 49
4.2459998 1.128 2.2950001 52
4.4200001 1.395 2.2939999 57
4.5760002 1.6619999 2.2780001 56
4.7389998 1.919 2.2720001 48
4.2360001 1.226 2.2950001 51
4.3839998 1.492 2.2880001 57
4.5289998 1.7640001 2.2720001 58
0 0 0 0
4.2160001 1.322 2.293 53
4.3460002 1.591 2.28 51
0 0 0 0
0.889 0.41 0.435 6
4.1859999 1.416 2.2839999 51
4.316 1.692 2.279 61
0.921 0.40900001 0.47 6
0.83200002 0.40799999 0.41100001 6
4.1729999 1.518 2.286 50
0 0 0 0
0.85699999 0.405 0.44100001 6
0.787 0.40900001 0.39300001 6
4.1469998 1.614 2.2820001 52
0.88999999 0.39700001 0.47600001 6
0.81300002 0.40700001 0.42199999 6
4.4590001 2.4549999 2.2590001 6
0 0 0 0
0.83899999 0.39700001 0.45199999 6
0.78299999 0.41499999 0.41100001 6
4.3839998 2.55 2.25 49
0.87800002 0.38800001 0.48899999 6
0.80299997 0.403 0.43700001 6
4.2449999 2.381 2.257 4
4.3210001 2.6500001 2.2490001 50
0.83399999 0.391 0.46700001 7
0.78500003 0.41600001 0.43099999 2
4.1739998 2.4679999 2.2460001 54
4.2470002 2.744 2.244 46
0.79100001 0.39199999 0.44600001 11
4.0700002 2.279 2.2590001 4
4.1199999 2.5680001 2.2460001 53
4.1719999 2.8369999 2.24 41
0.78799999 0.41299999 0.44800001 1
4.0100002 2.3699999 2.2479999 52
4.0500002 2.6589999 2.2379999 43
0 0 0 0
3.9330001 2.1800001 2.2539999 5
3.9619999 2.4649999 2.247 53
3.9949999 2.757 2.2390001 41
0.66600001 0.50099999 0.37 0
3.8929999 2.2739999 2.2509999 50
3.9100001 2.559 2.244 51
0 0 0 0
0.65499997 0.51700002 0.37 0
3.859 2.3740001 2.253 48
3.8510001 2.6489999 2.2390001 48
0.65899998 0.50199997 0.38100001 1
0.65600002 0.54299998 0.37799999 0
3.8099999 2.4649999 2.2479999 46
3.7920001 2.7349999 2.2349999 47
0.65600002 0.523 0.38600001 0
0.648 0.56199998 0.38100001 0
3.763 2.5550001 2.2460001 47
3.7379999 2.8299999 2.2360001 44
0.64899999 0.54299998 0.389 0
0.64600003 0.588 0.38800001 0
3.7130001 2.6459999 2.2420001 46
3.6800001 2.9200001 2.2349999 48
3.6470001 3.197 2.2260001 3
0.63999999 0.611 0.39300001 0
3.6630001 2.7420001 2.2390001 49
3.619 3.0120001 2.233 51
3.5769999 3.2869999 2.227 43
3.5350001 3.5339999 2.2219999 6
3.6040001 2.8280001 2.234 48
3.559 3.1029999 2.234 50
3.503 3.3710001 2.2260001 53
3.437 3.5999999 2.2130001 49
3.546 2.915 2.2290001 48
3.49 3.188 2.23 49
3.4200001 3.447 2.2219999 52
3.3540001 3.681 2.2149999 50
3.4990001 3.0139999 2.233 49
3.4230001 3.273 2.2290001 55
3.3399999 3.527 2.22 56
3.263 3.7490001 2.2130001 50
3.4389999 3.099 2.2309999 50
3.3499999 3.3510001 2.2260001 54
3.2539999 3.596 2.2149999 42
3.168 3.8150001 2.2090001 51
3.378 3.188 2.2290001 47
3.2709999 3.427 2.22 47
3.1700001 3.6700001 2.214 55
3.075 3.8829999 2.2079999 53
3.3099999 3.2709999 2.224 48
3.1949999 3.5050001 2.217 55
3.0810001 3.7409999 2.2090001 45
2.9779999 3.95 2.2060001 54
3.2360001 3.3529999 2.2160001 52
3.1199999 3.589 2.2160001 51
2.99 3.8069999 2.2049999 48
2.8759999 4.0040002 2.2 52
3.171 3.441 2.217 49
3.0369999 3.6619999 2.211 50
2.8970001 3.869 2.2 49
2.78 4.0650001 2.1989999 50
3.099 3.5220001 2.214 47
2.95 3.7279999 2.2049999 48
2.812 3.941 2.2019999 48
2.6830001 4.125 2.198 50
3.0220001 3.5999999 2.2079999 47
2.8729999 3.803 2.2060001 52
2.7179999 3.997 2.198 48
2.582 4.1719999 2.1949999 52
2.95 3.6789999 2.2079999 48
2.786 3.8710001 2.2019999 54
2.622 4.0539999 2.194 50
2.4760001 4.2160001 2.1889999 40
2.872 3.757 2.2060001 45
2.6989999 3.937 2.1989999 49
2.5339999 4.1230001 2.197 43
2.3740001 4.2620001 2.1860001 43
2.7880001 3.829 2.2 47
2.6159999 4.0120001 2.201 51
2.438 4.1789999 2.1949999 44
2.2690001 4.303 2.1819999 42
2.7049999 3.905 2.1960001 46
2.517 4.0650001 2.191 43
2.3369999 4.2280002 2.1900001 45
2.1659999 4.3520002 2.181 44
2.6240001 3.983 2.1960001 47
2.4260001 4.1279998 2.1889999 45
2.2390001 4.2820001 2.188 46
2.0669999 4.401 2.184 45
2.536 4.052 2.1919999 37
2.335 4.1939998 2.1889999 42
2.1429999 4.3379998 2.1900001 42
1.9579999 4.4310002 2.178 43
2.4519999 4.1290002 2.1930001 41
2.2420001 4.2529998 2.187 44
2.039 4.3769999 2.1849999 47
1.855 4.4720001 2.1789999 37
2.359 4.1939998 2.1889999 38
2.145 4.3070002 2.184 43
1.942 4.4330001 2.188 42
1.749 4.5029998 2.1760001 39
2.267 4.2600002 2.1860001 41
2.049 4.3660002 2.184 44
1.839 4.473 2.1849999 34
1.642 4.5300002 2.1719999 39
2.1719999 4.322 2.1819999 42
1.95 4.4169998 2.1819999 43
1.734 4.5110002 2.1830001 39
1.541 4.573 2.178 31
2.0799999 4.3940001 2.184 41
1.847 4.46 2.1760001 36
1.631 4.5500002 2.1819999 34
1.432 4.592 2.1730001 27
1.982 4.454 2.1819999 41
1.747 4.5149999 2.177 36
1.526 4.5830002 2.1789999 30
1.326 4.619 2.1730001 26
1.8839999 4.5159998 2.181 33
1.647 4.5599999 2.177 32
1.421 4.6139998 2.177 27
1.221 4.645 2.175 26
1.781 4.566 2.177 32
1.5420001 4.6009998 2.1730001 30
1.317 4.651 2.1789999 27
1.112 4.6550002 2.1689999 37
1.681 4.631 2.1789999 28
1.442 4.6599998 2.1800001 27
1.212 4.6880002 2.1819999 28
1.005 4.6700001 2.1670001 40
1.576 4.6810002 2.1760001 25
1.332 4.6880002 2.1730001 31
1.103 4.7069998 2.177 32
0.89999998 4.6960001 2.1719999 53
1.471 4.7350001 2.1760001 27
1.225 4.7249999 2.171 31
0.995 4.7309999 2.1760001 51
0.79100001 4.698 2.1659999 59
1.3660001 4.796 2.1800001 36
1.122 4.7779999 2.1789999 54
0.884 4.737 2.168 54
0.68199998 4.6900001 2.158 55
1.25 4.8179998 2.1670001 46
1 4.757 2.1530001 44
0.773 4.7360001 2.1589999 42
0.57300001 4.6789999 2.1489999 48
1.142 4.875 2.171 20
0.898 4.8210001 2.168 31
0.67000002 4.7919998 2.1760001 32
0.46799999 4.6989999 2.155 38
1.028 4.914 2.1689999 27
0.78799999 4.8530002 2.1689999 31
0.56099999 4.8049998 2.174 33
0.36300001 4.717 2.161 40
0.91500002 4.954 2.168 28
0.67500001 4.875 2.1659999 30
0.45199999 4.8179998 2.174 34
0.25799999 4.7249999 2.164 37
0.801 5.0019999 2.1719999 30
0.56400001 4.9060001 2.1689999 28
0.34200001 4.8309999 2.175 36
0.152 4.7220001 2.1630001 42
0.68199998 5.02 2.164 20
0.45100001 4.927 2.1689999 35
0.23199999 4.8379998 2.174 35
0.046 4.7220001 2.164 47
0.56 5.0089998 2.145 5
0.33700001 4.9499998 2.1700001 28
0.123 4.842 2.174 40
-0.057999998 4.7129998 2.1619999 40
0.43700001 4.9949999 2.1259999 3
0.222 4.9419999 2.1600001 13
0.012 4.855 2.178 42
-0.162 4.7090001 2.165 43
0.31600001 4.9710002 2.1040001 3
0.106 4.928 2.1470001 7
-0.097000003 4.855 2.178 36
-0.26699999 4.697 2.1630001 48
0.19599999 4.9460001 2.0829999 4
-0.0070000002 4.8909998 2.1270001 5
-0.206 4.842 2.1730001 28
-0.37099999 4.6890001 2.165 48
0.077 4.9130001 2.0599999 4
-0.12 4.8779998 2.118 8
-0.31600001 4.8319998 2.171 24
-0.47499999 4.6719999 2.164 49
-0.039000001 4.8839998 2.0409999 5
-0.233 4.8499999 2.1029999 8
-0.42500001 4.8200002 2.168 16
-0.57700002 4.6539998 2.164 47
-0.155 4.8649998 2.027 4
-0.345 4.829 2.0929999 9
-0.53200001 4.7849998 2.1570001 14
-0.67900002 4.6370001 2.165 46
-0.27200001 4.8540001 2.017 4
-0.45500001 4.8060002 2.0840001 8
-0.63999999 4.7779999 2.1589999 12
-0.78100002 4.618 2.165 49
-0.384 4.8039999 1.993 5
-0.56599998 4.7839999 2.075 9
-0.74699998 4.7540002 2.155 12
-0.88 4.5840001 2.1600001 48
-0.5 4.7969999 1.987 5
-0.67699999 4.7680001 2.0710001 8
-0.85399997 4.7360001 2.154 11
-0.98299998 4.5780001 2.1700001 49
-0.61199999 4.7649999 1.973 5
-0.78399998 4.7309999 2.059 9
-0.96100003 4.7150002 2.1530001 11
-1.084 4.5510001 2.1700001 48
-0.72899997 4.7639999 1.974 7
-0.89700001 4.7220001 2.0599999 8
-1.067 4.6950002 2.154 11
-1.1799999 4.5159998 2.1670001 46
-0.84200001 4.7360001 1.9630001 5
-1.0039999 4.6929998 2.053 9
-1.171 4.6589999 2.1489999 12
-1.28 4.4920001 2.171 50
-0.95599997 4.7179999 1.9579999 7
-1.1160001 4.6789999 2.0539999 8
-1.285 4.6669998 2.164 15
-1.375 4.4489999 2.1659999 50
-1.071 4.704 1.957 7
-1.227 4.6609998 2.0550001 9
-1.392 4.6409998 2.1659999 16
-1.211 3.638 1.785 48
-1.1849999 4.677 1.951 8
-1.337 4.6370001 2.0550001 9
-1.2 3.698 1.737 29
-1.5650001 4.3769999 2.1659999 49
-1.295 4.6399999 1.942 5
-1.449 4.618 2.0569999 7
-1.602 4.5830002 2.1700001 17
-1.656 4.329 2.1619999 53
-1.165 3.8180001 1.604 13
-1.26 3.7119999 1.663 37
-1.365 3.638 1.735 20
-1.743 4.277 2.1570001 51
-1.252 3.7739999 1.5930001 50
-1.353 3.7019999 1.67 35
-1.8099999 4.5149999 2.1719999 25
-1.8380001 4.2389998 2.1589999 55
-1.352 3.7679999 1.6 36
-1.786 4.553 2.0680001 8
-1.92 4.493 2.1819999 39
-1.933 4.2059999 2.165 62
-1.7640001 4.5669999 1.95 7
-1.899 4.5279999 2.0739999 5
-2.0250001 4.4590001 2.1860001 50
-2.0239999 4.1630001 2.1670001 59
-1.882 4.5450001 1.954 5
-2.013 4.5040002 2.0810001 5
-2.085 4.3299999 2.1440001 91
-2.119 4.1279998 2.1730001 52
-2 4.5180001 1.9579999 6
-2.069 4.3540001 2.03 69
-2.1989999 4.3169999 2.1619999 108
-2.2060001 4.0770001 2.1730001 51
-2.0829999 4.4130001 1.928 28
-2.1760001 4.316 2.0320001 98
-2.306 4.2859998 2.1700001 96
-2.293 4.027 2.174 51
-2.1670001 4.3179998 1.904 89
-2.29 4.2919998 2.0420001 102
-2.418 4.2620001 2.1849999 65
-2.3770001 3.971 2.1719999 52
-2.2850001 4.2930002 1.9119999 95
-2.4909999 4.4169998 2.1259999 150
-2.5220001 4.223 2.1919999 50
-2.4660001 3.924 2.177 51
-2.487 4.4099998 1.985 150
-2.6389999 4.4359999 2.161 95
-2.6170001 4.165 2.1919999 49
-2.5439999 3.8599999 2.1730001 53
-2.6429999 4.4330001 2.0190001 101
-2.7639999 4.408 2.175 88
-2.7049999 4.099 2.188 52
-2.631 3.8099999 2.177 50
-2.7579999 4.382 2.0209999 63
-2.878 4.3610001 2.1819999 77
-2.8039999 4.0489998 2.1930001 49
-2.7179999 3.7609999 2.1830001 50
-2.842 4.283 2.0020001 54
-2.938 4.2340002 2.1500001 50
-2.8929999 3.984 2.1919999 53
-2.7909999 3.6900001 2.178 46
-2.925 4.1849999 1.984 47
-2.971 4.0760002 2.1010001 48
0 0 0 0
0 0 0 0
-2.8710001 3.9030001 1.8789999 39
0 0 0 0
0 0 0 0
0 0 0 0
0 0 0 0
0 0 0 0
0 0 0 0
0 0 0 0
0 0 0 0
0 0 0 0
0 0 0 0
0 0 0 0
0 0 0 0
0 0 0 0
0 0 0 0
0 0 0 0
0 0 0 0
0 0 0 0
0 0 0 0
0 0 0 0
0 0 0 0
0 0 0 0
0 0 0 0
0 0 0 0
0 0 0 0
0 0 0 0
0 0 0 0
0 0 0 0
0 0 0 0
0 0 0 0
-2.651 2.4289999 1.595 8
-2.638 2.359 1.67 7
0 0 0 0
-2.635 2.3659999 1.46 8
-2.6129999 2.289 1.541 8
-2.5880001 2.217 1.609 7
-2.6199999 2.293 1.3279999 8
-2.5829999 2.2130001 1.401 8
-2.6070001 2.1830001 1.507 8
-2.6489999 2.1719999 1.617 8
-2.6140001 2.1789999 1.296 8
-2.641 2.158 1.404 8
-2.6289999 2.1040001 1.492 8
-2.625 2.0599999 1.575 8
-2.641 2.095 1.2819999 8
-2.6240001 2.0439999 1.367 8
-2.615 1.998 1.4579999 7
-2.6070001 1.9579999 1.539 8
-2.608 1.9680001 1.2410001 8
-2.5940001 1.926 1.327 7
-2.5899999 1.89 1.419 7
-2.5880001 1.858 1.5039999 8
-2.5880001 1.857 1.2079999 7
-2.579 1.824 1.296 7
-2.5710001 1.79 1.386 7
-2.573 1.765 1.472 8
-2.5650001 1.749 1.176 7
-2.5580001 1.721 1.2640001 9
-2.55 1.692 1.353 9
-2.5469999 1.668 1.436 7
-2.549 1.649 1.149 9
-2.5339999 1.6210001 1.233 10
-2.5350001 1.602 1.326 9
-2.5339999 1.584 1.409 7
-2.5250001 1.548 1.12 10
-2.5179999 1.529 1.206 9
-2.5150001 1.512 1.296 9
-2.5120001 1.4960001 1.378 7
-2.5139999 1.459 1.097 9
-2.493 1.437 1.177 10
-2.4979999 1.427 1.27 10
-2.507 1.421 1.358 9
-2.4920001 1.367 1.072 9
-2.4790001 1.352 1.154 9
-2.48 1.345 1.245 10
-2.4890001 1.341 1.332 9
-2.4660001 1.276 1.046 10
-2.4489999 1.263 1.125 9
-2.4649999 1.267 1.222 9
-2.474 1.266 1.309 9
-2.4560001 1.197 1.029 10
-2.438 1.187 1.1059999 9
-2.4400001 1.186 1.1950001 9
-2.4579999 1.192 1.285 9
-2.4619999 1.127 1.0190001 5
-2.4549999 1.126 1.102 4
-2.4530001 1.126 1.189 4
-2.4560001 1.127 1.271 5
-5.395 2.316 2.2079999 38
-4.9879999 2.1500001 2.2130001 42
-4.652 2.0109999 2.2309999 53
-4.336 1.88 2.221 41
-5.461 2.191 2.2119999 38
-5.0469999 2.0369999 2.2160001 47
-4.7030001 1.91 2.2320001 51
-4.3839998 1.79 2.224 53
-5.5219998 2.062 2.214 37
-5.0939999 1.92 2.2149999 52
-4.7540002 1.809 2.2349999 55
-4.427 1.698 2.2249999 50
-5.5819998 1.932 2.2179999 39
-5.1529999 1.808 2.22 51
-4.8060002 1.707 2.2390001 56
-4.4699998 1.605 2.2260001 57
-5.6479998 1.8049999 2.2249999 36
-5.2090001 1.694 2.2260001 51
-4.8509998 1.603 2.2420001 46
-4.5139999 1.515 2.2309999 55
-5.6989999 1.6720001 2.2279999 38
-5.2610002 1.5779999 2.2309999 49
-4.8930001 1.498 2.244 39
-4.553 1.42 2.2320001 57
-5.7490001 1.538 2.2320001 37
-5.3130002 1.46 2.2360001 52
-4.934 1.392 2.2460001 60
-4.586 1.324 2.2320001 58
-5.8000002 1.403 2.2379999 27
-5.349 1.3380001 2.237 52
-4.9660001 1.2819999 2.2449999 59
-4.6269999 1.229 2.2360001 57
-5.8379998 1.266 2.2390001 41
-5.3839998 1.215 2.2379999 44
-5.0110002 1.175 2.2509999 57
-4.664 1.133 2.2390001 56
-5.5650001 1.067 2.1240001 33
-5.4219999 1.0930001 2.2420001 47
-5.0430002 1.066 2.2520001 59
-4.6960001 1.034 2.2409999 55
-5.303 0.88599998 2.0150001 36
-5.461 0.96899998 2.2460001 52
-5.0780001 0.95599997 2.256 44
-4.7210002 0.93599999 2.2409999 55
-5.2870002 0.75400001 2.0020001 45
-5.4759998 0.84299999 2.243 44
-5.1090002 0.84600002 2.2590001 56
-3.8310001 0.67400002 1.808 16
-5.2529998 0.62199998 1.983 57
-4.4089999 0.57499999 1.799 13
-4.2399998 0.60500002 1.8660001 13
-4.02 0.61900002 1.888 3
-4.6269999 0.43599999 1.742 12
-4.5710001 0.49000001 1.86 3
-4.3470001 0.52200001 1.906 9
-3.938 0.51999998 1.841 8
-4.8049998 0.338 1.806 9
-4.494 0.37599999 1.823 19
-4.2950001 0.419 1.876 19
-4.0929999 0.45199999 1.906 18
-5.243 0.243 1.9680001 17
-4.9650002 0.301 2.01 17
-4.71 0.35499999 2.052 16
-4.421 0.39199999 2.0510001 15
-5.763 0.13 2.1619999 88
-5.6069999 0.20999999 2.266 38
-5.2319999 0.278 2.2739999 50
-4.888 0.329 2.2609999 59
0 0 0 0
-5.6230001 0.082000002 2.27 38
-5.2620001 0.163 2.2820001 46
-4.9120002 0.22499999 2.2650001 56
-1.576 -0.039000001 0.59200001 6
-1.614 -0.013 0.65100002 24
-1.6619999 0.014 0.72000003 1
-4.9369998 0.121 2.2709999 57
-3.4619999 -0.168 1.302 42
-1.618 -0.050000001 0.653 9
-1.632 -0.021 0.70599997 31
-1.673 0.0040000002 0.76800001 10
-1.6799999 -0.121 0.63300002 44
-1.716 -0.093000002 0.69300002 14
-1.6569999 -0.057999998 0.71600002 9
-1.656 -0.029999999 0.759 35
-1.603 -0.154 0.60500002 37
-1.656 -0.12800001 0.66900003 48
-1.7029999 -0.097999997 0.736 36
-1.665 -0.066 0.76200002 12
-1.567 -0.18799999 0.59399998 55
-1.591 -0.16 0.64399999 35
-1.646 -0.131 0.71200001 45
-1.6900001 -0.103 0.773 41
-1.564 -0.226 0.59399998 59
-1.564 -0.193 0.63499999 59
-1.59 -0.163 0.68800002 43
-1.643 -0.13600001 0.75099999 45
-1.5599999 -0.26300001 0.59600002 61
-1.564 -0.23 0.63599998 64
-1.572 -0.19599999 0.68099999 63
-1.594 -0.16599999 0.72899997 49
-1.554 -0.29899999 0.59600002 67
-1.563 -0.26699999 0.63800001 64
-1.5700001 -0.23100001 0.68099999 64
-1.574 -0.199 0.72000003 66
-1.562 -0.33899999 0.60299999 50
-1.557 -0.30199999 0.63800001 64
-1.563 -0.266 0.68000001 63
-1.564 -0.23199999 0.71600002 70
-1.572 -0.38100001 0.611 42
-1.561 -0.34 0.64300001 50
-1.556 -0.301 0.67900002 64
-1.558 -0.266 0.71399999 70
-1.618 -0.43200001 0.63300002 30
-1.597 -0.38699999 0.66100001 39
-1.569 -0.33899999 0.68599999 43
-1.55 -0.29899999 0.71100003 62
0 0 0 0
-1.6670001 -0.44400001 0.69300002 33
-1.608 -0.38600001 0.70599997 45
-1.575 -0.33899999 0.72399998 61
-1.607 -0.51099998 0.63800001 39
-1.64 -0.477 0.68599999 10
-1.674 -0.44100001 0.73799998 32
-1.6 -0.38100001 0.73699999 49
-5.5419998 -1.909 2.221 0
-1.612 -0.50999999 0.67900002 33
-1.65 -0.47400001 0.73100001 20
-1.682 -0.43900001 0.778 57
0 0 0 0
-5.4759998 -1.8710001 2.3239999 10
-1.615 -0.50300002 0.71899998 40
-1.661 -0.472 0.77100003 12
0 0 0 0
-5.3940001 -1.9809999 2.3069999 1
-1.626 -0.546 0.72799999 5
-1.622 -0.49900001 0.75599998 45
0 0 0 0
-5.3520002 -2.1059999 2.3080001 1
-5.1890001 -1.874 2.3380001 41
-1.6160001 -0.53600001 0.75599998 16
0 0 0 0
-5.3210001 -2.2349999 2.3150001 1
-5.1630001 -1.9960001 2.3410001 41
-4.9450002 -1.761 2.325 46
0 0 0 0
-5.2880001 -2.365 2.323 1
-5.1399999 -2.119 2.348 37
-4.9299998 -1.878 2.3299999 48
0 0 0 0
-5.2490001 -2.493 2.329 5
-5.0929999 -2.2349999 2.345 39
-4.9099998 -1.993 2.3340001 46
0 0 0 0
-5.2129998 -2.6229999 2.339 14
-5.0650001 -2.358 2.352 37
-4.8940001 -2.1129999 2.3410001 42
0 0 0 0
-5.177 -2.7550001 2.349 19
-5.0289998 -2.4779999 2.3559999 36
-4.8579998 -2.224 2.339 45
0 0 0 0
-5.1360002 -2.8840001 2.359 24
-4.9819999 -2.595 2.3559999 35
-4.8299999 -2.3399999 2.3429999 41
0 0 0 0
-5.085 -3.01 2.3659999 25
-4.941 -2.7149999 2.3610001 31
-4.7969999 -2.4549999 2.345 39
-5.1409998 -3.427 2.3699999 1
-5.0180001 -3.1270001 2.3659999 24
-4.8979998 -2.835 2.3659999 31
-4.7680001 -2.573 2.3510001 34
0 0 0 0
-4.9530001 -3.2449999 2.369 24
-4.8509998 -2.9560001 2.3699999 30
-4.7259998 -2.687 2.352 24
-1.756 -1.2920001 0.838 1
0 0 0 0
-4.7989998 -3.0739999 2.3729999 30
-4.6890001 -2.803 2.3559999 23
-1.67 -1.29 0.81199998 16
0 0 0 0
-4.7420001 -3.188 2.375 23
-4.6560001 -2.924 2.3629999 23
-1.633 -1.322 0.81 16
-1.677 -1.271 0.84100002 1
-4.6859999 -3.3039999 2.3789999 1
-4.6110001 -3.04 2.3659999 23
-1.602 -1.358 0.81 16
-1.595 -1.266 0.81300002 14
0 0 0 0
-4.5669999 -3.1570001 2.3710001 24
-1.568 -1.393 0.81 14
-1.5599999 -1.2970001 0.81 15
-1.638 -1.2690001 0.85600001 0
-4.5040002 -3.2620001 2.3670001 3
-1.5319999 -1.426 0.81 3
-1.534 -1.335 0.81199998 15
-1.539 -1.248 0.81699997 14
0 0 0 0
-1.5039999 -1.465 0.81400001 15
-1.501 -1.368 0.81 13
-1.495 -1.2690001 0.80699998 14
0 0 0 0
-1.467 -1.497 0.81300002 7
-1.452 -1.385 0.80000001 3
-1.473 -1.308 0.80900002 14
-1.498 -1.245 0.81999999 14
-2.921 -3.1199999 1.66 64
-1.447 -1.444 0.815 13
-1.449 -1.346 0.81 14
-1.4529999 -1.263 0.80800003 14
-2.892 -3.234 1.688 59
-1.41 -1.473 0.81300002 12
-1.416 -1.375 0.80699998 4
-1.434 -1.303 0.81 14
-1.128 -1.3200001 0.676 3
-2.911 -3.1800001 1.7180001 59
-1.402 -1.424 0.815 12
-1.4069999 -1.337 0.80900002 14
-2.846 -3.4890001 1.756 52
-1.125 -1.286 0.68000001 4
-1.369 -1.454 0.81300002 12
-1.376 -1.367 0.80500001 5
-2.819 -3.6210001 1.7920001 70
-1.118 -1.3380001 0.69400001 2
-1.169 -1.3 0.70999998 2
-1.3609999 -1.414 0.81099999 9
-2.783 -3.7490001 1.826 61
-2.8410001 -3.563 1.812 63
-1.1339999 -1.319 0.70499998 3
-1.337 -1.4529999 0.81400001 13
-0.89999998 -1.272 0.61000001 2
-2.8069999 -3.6860001 1.842 67
-2.862 -3.4860001 1.824 54
-1.14 -1.295 0.708 4
-0.85100001 -1.262 0.597 2
-2.7609999 -3.8010001 1.867 11
-2.829 -3.6070001 1.85 63
-1.117 -1.3279999 0.70899999 3
-0.82700002 -1.289 0.60100001 1
-0.87300003 -1.261 0.60900003 1
-2.7980001 -3.737 1.88 63
-2.836 -3.5309999 1.845 60
-3.523 -5.7709999 2.658 4
-0.833 -1.263 0.60100001 3
-3.809 -5.3330002 2.632 27
-2.806 -3.658 1.87 67
0 0 0 0
-0.79699999 -1.27 0.59500003 1
-0.84399998 -1.24 0.60100001 2
-2.7709999 -3.786 1.896 23
0 0 0 0
-3.4319999 -5.75 2.6559999 3
-0.82200003 -1.268 0.60399997 2
-3.747 -5.3709998 2.6359999 30
-3.131 -6.0110002 2.675 2
0 0 0 0
-0.78100002 -1.267 0.59299999 1
-0.83700001 -1.26 0.60600001 3
-2.9860001 -6.0599999 2.6689999 4
0 0 0 0
-3.3740001 -5.7579999 2.655 2
-0.80000001 -1.265 0.597 2
-2.8499999 -6.1290002 2.674 6
-3.0569999 -6.013 2.671 3
0 0 0 0
-3.4530001 -5.7410002 2.664 3
-2.721 -6.2129998 2.687 4
-2.9170001 -6.073 2.6659999 6
0 0 0 0
0 0 0 0
-2.5710001 -6.2449999 2.678 7
-2.7880001 -6.1539998 2.671 6
-3.013 -6.0469999 2.668 5
0 0 0 0
-2.4349999 -6.3130002 2.687 5
-2.6570001 -6.237 2.678 4
-2.8829999 -6.1279998 2.668 7
-3.099 -6.0489998 2.6689999 5
-2.293 -6.3629999 2.6889999 6
-2.5120001 -6.2870002 2.6719999 5
-2.76 -6.2319999 2.677 4
-2.9820001 -6.165 2.678 5
-2.148 -6.4070001 2.6889999 5
-2.3740001 -6.3509998 2.675 6
-2.625 -6.3099999 2.677 4
-2.8599999 -6.2719998 2.684 5
-2.0039999 -6.4559999 2.6930001 6
-2.24 -6.427 2.6830001 5
-2.49 -6.388 2.6789999 5
-2.73 -6.368 2.687 3
0 0 0 0
-2.099 -6.493 2.688 6
-2.352 -6.4619999 2.6800001 7
-2.598 -6.4660001 2.6900001 5
0 0 0 0
-1.957 -6.5510001 2.691 6
-2.221 -6.5599999 2.6919999 5
-2.4630001 -6.559 2.6930001 5
-1.581 -6.618 2.7190001 2
-1.306 -4.7579999 1.941 1
-2.079 -6.6370001 2.6960001 5
-2.326 -6.652 2.697 6
-1.429 -6.6370001 2.7160001 4
0 0 0 0
-1.9400001 -6.723 2.7060001 4
-2.191 -6.7639999 2.7090001 5
-1.28 -6.6589999 2.7149999 6
0 0 0 0
-1.288 -4.8800001 1.946 1
-2.0469999 -6.8499999 2.7119999 6
-1.1339999 -6.6950002 2.721 6
-1.377 -6.7750001 2.7119999 6
0 0 0 0
-1.896 -6.9250002 2.7119999 5
-0.986 -6.7199998 2.724 4
-1.225 -6.8080001 2.711 6
0 0 0 0
-1.26 -5.0570002 1.96 0
-0.83499998 -6.7309999 2.7219999 5
-1.075 -6.8460002 2.714 6
-1.344 -6.9920001 2.723 6
0 0 0 0
-0.68699998 -6.744 2.723 5
-0.92500001 -6.8979998 2.723 3
-1.189 -7.0419998 2.724 6
0 0 0 0
-0.53899997 -6.7680001 2.7290001 5
-0.77100003 -6.9289999 2.7249999 6
-1.031 -7.086 2.724 4
-1.284 -7.2659998 2.7379999 6
-0.389 -6.7620001 2.7249999 5
-0.616 -6.9429998 2.721 5
-0.87099999 -7.1440001 2.7290001 6
-1.12 -7.3270001 2.737 6
-0.23899999 -6.7810001 2.7309999 6
-0.45899999 -6.9679999 2.723 5
-0.71100003 -7.1830001 2.7290001 6
-0.95200002 -7.3829999 2.7360001 5
-0.090999998 -6.789 2.7349999 1
-0.30399999 -6.9860001 2.724 6
-0.54699999 -7.2179999 2.7290001 4
0 0 0 0
0.057999998 -6.789 2.7360001 6
-0.148 -7.0170002 2.7309999 3
-0.38499999 -7.2639999 2.7349999 3
0 0 0 0
0.206 -6.7820001 2.7360001 6
0.0070000002 -7.0430002 2.7379999 3
0 0 0 0
0 0 0 0
0.35299999 -6.7719998 2.737 6
0.16500001 -7.0489998 2.7379999 6
0 0 0 0
0 0 0 0
0.50199997 -6.7620001 2.737 5
0.29100001 -6.3709998 2.474 1
0 0 0 0
0 0 0 0
0.64899999 -6.737 2.733 7
0 0 0 0
0.041999999 -1.113 0.414 0
0 0 0 0
0.79699999 -6.7270002 2.7360001 7
0 0 0 0
0.067000002 -1.095 0.40599999 1
0.219 -6.2979999 2.2449999 9
0.94499999 -6.7189999 2.7420001 5
0 0 0 0
0.093000002 -1.11 0.41100001 0
0.373 -6.3790002 2.2650001 4
1.0880001 -6.6799998 2.7360001 7
0 0 0 0
0 0 0 0
0.64099997 -7.8189998 2.7690001 2
1.232 -6.652 2.7349999 6
0 0 0 0
0 0 0 0
0.829 -7.8499999 2.7739999 3
1.3789999 -6.6300001 2.7379999 7
0 0 0 0
0 0 0 0
1.0140001 -7.8260002 2.76 6
1.498 -6.4949999 2.6960001 5
0 0 0 0
0 0 0 0
1.209 -7.8639998 2.77 5
0 0 0 0
0 0 0 0
0 0 0 0
1.396 -7.8460002 2.7620001 6
1.8049999 -6.5100002 2.7309999 4
0.266 -1.057 0.417 0
0 0 0 0
1.584 -7.8239999 2.7539999 15
1.942 -6.461 2.7279999 29
1.855 -6.7119999 2.664 4
0 0 0 0
1.774 -7.8070002 2.75 9
0 0 0 0
2.0569999 -6.8460002 2.7309999 31
0 0 0 0
0 0 0 0
0.331 -0.94999999 0.40700001 0
0 0 0 0
2.184 -7.289 2.737 29
0 0 0 0
0.37 -0.99199998 0.428 1
0.34 -0.972 0.39199999 0
0 0 0 0
0 0 0 0
0.38299999 -0.96399999 0.419 8
0.36899999 -0.98500001 0.40000001 2
0.347 -0.98900002 0.37400001 0
0 0 0 0
0.403 -0.95200002 0.417 8
0.38699999 -0.96499997 0.39500001 8
0.37099999 -0.98400003 0.37400001 5
0.36300001 -1.02 0.36399999 1
0.428 -0.95499998 0.42199999 8
0.41600001 -0.97500002 0.40200001 8
0.39199999 -0.97100002 0.37200001 8
0.375 -0.98100001 0.35100001 5
0.45699999 -0.963 0.43000001 4
0.435 -0.958 0.398 8
0.41499999 -0.96399999 0.37099999 8
0.40200001 -0.97899997 0.352 6
0.47999999 -0.958 0.43200001 3
0.465 -0.96799999 0.40599999 4
0.44100001 -0.96200001 0.373 8
0.426 -0.972 0.352 6
0.51800001 -0.97899997 0.44600001 0
0.48500001 -0.954 0.40400001 3
0.472 -0.97100002 0.38 5
0.454 -0.972 0.354 5
0 0 0 0
0.51300001 -0.95499998 0.40799999 0
0.495 -0.95999998 0.37900001 2
0.48199999 -0.97100002 0.35600001 5
3.4260001 -5.8499999 2.7279999 4
0 0 0 0
0.50999999 -0.93599999 0.373 0
0.51800001 -0.98400003 0.36399999 0
0 0 0 0
0 0 0 0
0 0 0 0
0.51200002 -0.91900003 0.34299999 0
0 0 0 0
0 0 0 0
0.611 -1.006 0.40900001 0
0 0 0 0
0 0 0 0
0 0 0 0
0 0 0 0
0.60900003 -0.97899997 0.37200001 1
3.8940001 -5.5029998 2.7030001 6
0 0 0 0
0.676 -1.005 0.41800001 0
0 0 0 0
4.0250001 -5.4369998 2.71 4
4.2680001 -5.8899999 2.7079999 7
0.69700003 -0.986 0.41600001 2
0 0 0 0
4.1350002 -5.3429999 2.704 5
4.4070001 -5.803 2.7060001 5
0.73799998 -0.99299997 0.42500001 0
3.714 -5.1069999 2.017 1
4.2589998 -5.263 2.7060001 3
4.5370002 -5.704 2.7019999 5
0.73799998 -0.94800001 0.41100001 1
5.2779999 -6.901 2.763 2
4.3720002 -5.1719999 2.704 3
0 0 0 0
0 0 0 0
4.4250002 -5.507 2.2379999 0
4.4770002 -5.0710001 2.6960001 3
3.516 -4.0359998 1.976 0
0 0 0 0
4.6259999 -5.4819999 2.2639999 1
0 0 0 0
4.9549999 -5.4359999 2.7090001 3
5.3109999 -5.9159999 2.6989999 3
0 0 0 0
0 0 0 0
5.0549998 -5.303 2.6930001 4
5.4650002 -5.809 2.6989999 2
0.89700001 -0.96499997 0.412 0
4.803 -4.7810001 2.6900001 3
5.165 -5.1820002 2.684 3
5.625 -5.7059999 2.704 3
0.912 -0.935 0.40700001 1
4.8920002 -4.665 2.6789999 4
5.3060002 -5.0890002 2.6900001 2
5.7589998 -5.5780001 2.698 3
0.94400001 -0.92199999 0.41 1
5.0029998 -4.5689998 2.6800001 3
5.414 -4.9660001 2.6819999 2
5.8930001 -5.4450002 2.691 2
0.98900002 -0.92000002 0.41800001 1
5.0929999 -4.4549999 2.6719999 4
5.5349998 -4.8520002 2.6819999 3
6.026 -5.3130002 2.687 3
6.5809999 -5.8330002 2.7130001 1
5.1880002 -4.3460002 2.668 4
5.6479998 -4.7309999 2.678 3
6.1560001 -5.1789999 2.6830001 3
6.7480001 -5.6960001 2.7149999 2
5.2979999 -4.2470002 2.6719999 3
5.7589998 -4.6090002 2.675 3
6.2810001 -5.0380001 2.677 3
6.789 -5.4569998 2.6689999 5
5.4130001 -4.152 2.6789999 2
5.869 -4.487 2.6730001 3
6.4099998 -4.9000001 2.675 2
6.6669998 -5.0970001 2.562 10
5.4850001 -4.0229998 2.6659999 2
5.9689999 -4.3530002 2.6659999 3
6.5500002 -4.77 2.6789999 2
6.6739998 -4.8520002 2.5109999 3
5.6500001 -3.961 2.6989999 0
6.072 -4.224 2.6630001 3
6.6240001 -4.5900002 2.6559999 3
7.362 -5.086 2.7130001 3
1.28 -0.85699999 0.60100001 2
6.1719999 -4.092 2.6600001 2
6.5359998 -4.3070002 2.573 5
7.3210001 -4.7989998 2.6459999 8
1.319 -0.84200001 0.60900003 2
6.2589998 -3.9489999 2.651 2
6.4489999 -4.0380001 2.494 5
7.256 -4.5100002 2.5739999 8
5.8070002 -3.5350001 2.641 13
6.4060001 -3.845 2.6700001 1
6.4860001 -3.852 2.4649999 2
7.2059999 -4.2410002 2.5109999 8
5.921 -3.4330001 2.6530001 21
1.454 -0.82800001 0.59600002 1
7.1469998 -4.0219998 2.6719999 2
7.165 -3.9860001 2.454 9
6.0419998 -3.332 2.668 3
1.5 -0.81 0.60600001 2
7.1209998 -3.79 2.6210001 7
7.0970001 -3.7260001 2.3929999 10
0 0 0 0
6.3010001 -3.2260001 2.51 34
7.0689998 -3.5550001 2.5650001 3
7.0630002 -3.494 2.345 9
0 0 0 0
6.2839999 -3.0409999 2.4690001 34
1.67 -0.79100001 0.597 1
7.0029998 -3.256 2.2920001 9
6.2049999 -2.9170001 2.631 30
5.0770001 -2.3180001 1.969 0
1.722 -0.76700002 0.60699999 2
6.9629998 -3.033 2.247 6
6.2509999 -2.776 2.6170001 31
6.3299999 -2.7190001 2.424 8
6.9400001 -2.8989999 2.418 59
6.914 -2.8139999 2.2030001 3
1.9579999 -0.81900001 0.80900002 9
6.8920002 -2.7780001 2.6070001 50
6.9029999 -2.6949999 2.3759999 22
1.92 -0.72799999 0.60399997 2
1.994 -0.78399998 0.815 16
6.8730001 -2.5929999 2.5699999 72
2.029 -0.73699999 0.69 3
2.017 -0.70899999 0.62699997 5
1.997 -0.736 0.80699998 3
2.0190001 -0.70999998 0.74599999 5
2.0090001 -0.67699999 0.676 5
6.7979999 -2.2079999 2.0929999 21
1.998 -0.68800002 0.79900002 9
1.999 -0.65200001 0.73100001 5
6.7880001 -2.1140001 2.2609999 77
6.77 -2.0179999 2.063 51
2.0039999 -0.64200002 0.79299998 5
2.2149999 -0.66900003 0.80299997 3
2.4590001 -0.70300001 0.81099999 19
6.71 -1.825 2.026 88
2.0639999 -0.61199999 0.80900002 17
2.257 -0.62599999 0.81 19
2.4489999 -0.63800001 0.80000001 3
2.704 -0.66500002 0.80900002 13
2.079 -0.56800002 0.80699998 17
2.2720001 -0.57499999 0.80800003 18
2.4909999 -0.58700001 0.80699998 18
2.7479999 -0.60500002 0.815 4
2.155 -0.53799999 0.829 17
2.2880001 -0.52399999 0.80699998 20
2.4979999 -0.52700001 0.80299997 18
2.743 -0.53500003 0.80800003 15
6.6630001 -1.512 2.543 97
2.3889999 -0.491 0.83600003 16
2.516 -0.46900001 0.80299997 18
2.756 -0.46900001 0.80699998 14
6.6290002 -1.3559999 2.5109999 96
6.6009998 -1.205 2.2950001 101
6.5819998 -1.071 2.089 83
2.825 -0.41100001 0.82200003 11
6.592 -1.2 2.477 96
6.5780001 -1.0470001 2.2720001 100
6.5510001 -0.90899998 2.0669999 106
6.5180001 -0.78799999 1.888 101
6.5679998 -1.048 2.45 100
6.5500002 -0.89200002 2.2479999 99
6.5139999 -0.74800003 2.0439999 110
6.4860001 -0.62599999 1.8710001 98
6.5440001 -0.89899999 2.425 99
6.5120001 -0.73699999 2.2219999 110
6.4920001 -0.59200001 2.0280001 111
6.4590001 -0.46399999 1.855 104
6.513 -0.75 2.398 105
6.4910002 -0.58499998 2.2019999 109
6.4640002 -0.43599999 2.01 111
6.4190001 -0.30599999 1.8380001 95
6.493 -0.60399997 2.3759999 102
6.461 -0.43599999 2.1819999 110
6.4299998 -0.28200001 1.992 108
6.3889999 -0.15000001 1.825 93
6.461 -0.46000001 2.3510001 101
6.4229999 -0.287 2.1589999 109
6.3990002 -0.132 1.977 109
6.3610001 0.003 1.814 104
6.4200001 -0.31799999 2.325 102
6.3930001 -0.142 2.141 107
6.3629999 0.017999999 1.96 110
6.3099999 0.155 1.7970001 102
6.3870001 -0.176 2.302 97
6.3590002 0.0020000001 2.1229999 112
6.3280001 0.16599999 1.946 110
6.2199998 0.30399999 1.77 21
6.3660002 -0.035999998 2.2839999 98
6.323 0.146 2.105 109
6.1859999 0.30700001 1.9 12
6.2399998 0.456 1.776 95
6.3340001 0.102 2.263 97
6.2719998 0.28799999 2.0829999 51
6.243 0.45899999 1.915 106
6.2080002 0.60500002 1.768 94
6.2989998 0.241 2.2420001 91
6.244 0.428 2.0699999 100
6.2119999 0.60299999 1.906 106
6.1859999 0.755 1.765 100
6.2519999 0.37599999 2.2190001 92
6.2090001 0.56800002 2.0550001 102
6.1900001 0.74699998 1.9 105
6.1609998 0.903 1.761 99
6.2179999 0.51099998 2.2019999 93
6.1869998 0.708 2.046 103
6.1630001 0.89099997 1.893 105
6.1220002 1.048 1.755 98
6.1999998 0.64600003 2.191 92
6.1550002 0.84600002 2.0350001 106
6.132 1.033 1.887 104
6.1020002 1.196 1.756 97
6.1739998 0.78200001 2.177 95
6.1290002 0.98400003 2.027 107
6.1090002 1.178 1.8839999 105
6.0630002 1.34 1.752 104
6.152 0.917 2.1670001 94
6.1090002 1.125 2.0209999 108
6.0700002 1.318 1.878 105
6.0300002 1.4859999 1.75 99
6.132 1.053 2.1570001 95
6.0840001 1.263 2.016 110
6.04 1.462 1.874 107
6.0040002 1.635 1.752 103
6.1030002 1.187 2.1459999 91
6.0469999 1.401 2.007 109
6.0120001 1.605 1.874 105
5.98 1.783 1.757 100
6.073 1.321 2.1359999 90
6.0229998 1.54 2.0039999 108
5.9899998 1.75 1.876 104
5.9460001 1.928 1.7589999 102
6.0500002 1.456 2.1289999 92
5.994 1.679 2 107
5.9520001 1.891 1.874 105
5.9229999 2.0799999 1.765 87
6.027 1.592 2.1229999 93
5.9650002 1.818 1.998 108
5.927 2.0369999 1.877 104
4.4460001 1.681 1.336 0
5.9910002 1.727 2.1129999 98
5.934 1.957 1.995 111
5.895 2.1819999 1.8789999 106
4.4200001 1.794 1.341 12
5.9629998 1.863 2.108 96
5.915 2.102 1.997 106
4.4349999 1.76 1.424 10
4.4109998 1.915 1.351 10
5.9250002 1.997 2.099 96
4.4549999 1.699 1.512 0
4.4190001 1.876 1.4299999 10
0 0 0 0
5.8979998 2.135 2.096 93
4.4039998 1.796 1.503 0
0 0 0 0
0 0 0 0
5.881 2.277 2.098 91
5.8270001 2.5320001 2.0020001 87
1.046 0.50199997 0.34400001 5
0.82999998 0.433 0.26300001 2
5.8449998 2.415 2.0929999 97
0 0 0 0
0 0 0 0
0.75700003 0.41800001 0.243 12
5.822 2.5599999 2.095 96
5.7659998 2.826 2.01 11
0.78600001 0.42399999 0.264 3
1.506 0.88 0.49000001 0
0 0 0 0
0 0 0 0
0.75800002 0.43200001 0.257 3
1.42 0.875 0.46799999 51
5.7639999 2.849 2.096 10
0.77200001 0.42300001 0.27399999 5
1.1390001 0.685 0.39199999 0
1.365 0.88800001 0.45699999 2
0 0 0 0
5.6810002 3.286 2.0339999 11
1.375 0.87199998 0.479 63
1.347 0.92199999 0.458 26
0.74900001 0.41299999 0.27599999 10
5.6469998 3.441 2.043 109
1.347 0.898 0.47600001 15
4.1490002 2.987 1.438 5
5.6830001 3.302 2.1110001 10
5.599 3.589 2.0480001 72
5.5599999 3.8989999 1.9960001 28
5.52 4.1760001 1.947 21
5.6479998 3.4549999 2.115 101
1.346 0.90700001 0.498 1
5.526 4.072 2.0150001 28
5.4710002 4.3460002 1.967 30
5.619 3.6140001 2.1229999 54
5.552 3.931 2.0810001 28
5.4879999 4.2449999 2.0339999 29
5.4359999 4.5339999 1.993 30
5.6009998 3.783 2.1370001 26
5.5139999 4.0970001 2.0940001 29
5.4520001 4.4250002 2.0550001 28
5.4050002 4.7290001 2.023 30
5.5630002 3.9449999 2.1440001 29
5.4860001 4.276 2.1140001 29
5.4120002 4.605 2.0769999 29
5.362 4.921 2.0510001 28
5.5359998 4.1170001 2.158 26
5.4489999 4.4520001 2.131 29
5.3720002 4.7909999 2.102 30
1.131 1.0880001 0.442 2
5.493 4.2810001 2.1670001 27
5.415 4.6350002 2.152 28
5.3439999 4.9970002 2.1340001 29
1.0829999 1.092 0.43399999 35
5.4510002 4.4520001 2.178 27
5.3759999 4.8200002 2.1730001 31
5.303 5.1939998 2.1619999 29
1.018 1.077 0.419 38
5.4489999 4.6609998 2.207 29
5.3270001 5.0029998 2.1919999 33
1.051 1.0779999 0.43799999 7
0.98299998 1.09 0.41499999 25
5.3730001 4.8140001 2.2079999 28
5.2249999 5.1389999 2.191 32
1.005 1.08 0.42899999 38
0.949 1.103 0.412 21
5.2509999 4.9250002 2.1919999 30
5.1040001 5.2550001 2.1830001 30
0.958 1.08 0.419 8
0.91100001 1.1109999 0.40700001 1
5.1479998 5.0539999 2.1849999 29
0.995 1.074 0.43399999 26
0.92699999 1.094 0.41600001 24
4.7270002 6.0479999 2.177 21
5.0430002 5.1820002 2.178 28
0.94700003 1.0700001 0.42300001 35
0.89600003 1.109 0.41299999 3
2.2969999 3.085 1.092 0
0.99299997 1.069 0.43700001 13
0.91100001 1.0779999 0.41600001 6
2.4549999 3.1889999 1.165 1
0.83399999 1.177 0.41 1
0.94700003 1.067 0.42500001 37
0.88300002 1.096 0.414 22
2.2539999 3.073 1.102 8
0.80699998 1.197 0.41100001 14
0.90499997 1.068 0.41499999 6
0 0 0 0
4.4720001 6.4050002 2.256 2
0.77600002 1.211 0.40900001 25
0.88099998 1.09 0.41299999 5
2.2409999 3.0610001 1.108 1
0.79400003 1.196 0.414 6
0.75 1.234 0.41100001 5
0.84899998 1.101 0.40700001 1
4.4520001 6.3829999 2.267 3
0.75999999 1.205 0.41 19
0.71700001 1.243 0.40900001 23
2.2360001 3.043 1.1 8
0.792 1.194 0.41600001 6
0.73500001 1.227 0.412 5
0.69199997 1.267 0.412 4
4.4619999 6.3759999 2.2550001 3
0.75999999 1.206 0.412 20
0.70200002 1.2359999 0.40900001 20
0.65399998 1.268 0.40799999 20
0.79500002 1.194 0.41299999 7
0.73100001 1.221 0.41 5
0.67699999 1.26 0.41100001 4
0.62900001 1.2920001 0.41100001 3
0.76099998 1.204 0.40799999 17
0.70499998 1.242 0.41 19
0.64399999 1.268 0.40900001 21
0 0 0 0
0.74199998 1.2359999 0.41100001 4
0.67799997 1.263 0.41100001 3
0.62099999 1.295 0.412 2
0.56400001 1.311 0.41 2
0.713 1.253 0.40799999 21
0.64999998 1.28 0.41 20
0 0 0 0
0.52999997 1.314 0.40700001 20
0.69099998 1.2819999 0.41 4
0.62099999 1.2970001 0.40900001 1
0.55500001 1.3099999 0.40799999 3
0.50199997 1.335 0.41100001 1
0.65799999 1.2920001 0.40599999 18
0 0 0 0
0.52499998 1.325 0.40799999 19
0.426 1.217 0.37200001 1
0.63 1.311 0.405 10
0.56300002 1.331 0.40900001 4
0.5 1.354 0.41299999 1
0.38499999 1.186 0.36000001 1
0 0 0 0
0.53100002 1.341 0.40700001 19
0.42899999 1.25 0.37799999 1
0 0 0 0
0.57800001 1.364 0.40799999 3
0.505 1.369 0.41100001 2
0.38299999 1.2029999 0.361 1
0 0 0 0
0.54400003 1.373 0.405 18
0.47099999 1.374 0.40700001 2
0.391 1.335 0.39700001 0
0 0 0 0
0.51200002 1.386 0.403 17
0.43599999 1.375 0.403 4
0.36399999 1.359 0.40200001 9
0.317 1.404 0.41800001 4
0.486 1.415 0.40599999 8
0.40700001 1.3940001 0.405 12
0.292 1.202 0.35299999 0
1.03 5.099 1.515 1
0.45199999 1.426 0.403 2
0.377 1.413 0.40700001 16
0.30700001 1.403 0.41 21
0.903 5.0630002 1.5 3
0.417 1.4299999 0.40000001 5
0.31200001 1.29 0.368 40
0.28600001 1.464 0.42500001 0
0.191 1.24 0.366 25
0.38699999 1.456 0.40200001 16
0.31400001 1.443 0.40799999 3
0.86799997 5.0689998 1.467 3
0.164 1.255 0.37 9
0.34400001 1.427 0.38999999 23
0.289 1.495 0.41999999 10
0 0 0 0
0.14 1.299 0.382 10
0.324 1.5 0.405 2
0.85299999 5.039 1.406 3
0.15800001 1.273 0.36500001 9
0.116 1.362 0.40099999 7
0.29300001 1.531 0.40900001 20
0.176 1.215 0.33700001 53
0.132 1.312 0.375 9
0.089000002 1.432 0.421 4
0.245 1.4680001 0.389 7
0.155 1.278 0.352 9
0.107 1.383 0.39500001 6
0.059 1.5140001 0.44600001 2
0.177 1.237 0.32499999 10
0.131 1.341 0.36700001 2
0.079999998 1.462 0.41600001 3
0.081 4.8779998 1.438 5
0.15099999 1.272 0.331 2
0.104 1.396 0.38100001 29
0.155 4.9159999 1.399 8
-0.028000001 4.8649998 1.436 5
0 0 0 0
0.075999998 1.4910001 0.405 1
0.041999999 4.8940001 1.392 8
-0.138 4.8460002 1.433 5
0.102 1.441 0.37 3
0.13699999 4.9130001 1.33 8
-0.068000004 4.8779998 1.387 8
-0.248 4.8530002 1.439 8
0.071000002 1.513 0.38600001 5
0.022 4.8930001 1.321 8
-0.18099999 4.8649998 1.383 9
-0.35499999 4.8099999 1.4299999 9
0.113 4.8870001 1.24 3
-0.090999998 4.8610001 1.308 8
-0.28999999 4.8280001 1.374 8
-0.463 4.7940001 1.4299999 9
-0.0020000001 4.8439999 1.223 4
-0.20299999 4.8379998 1.3 9
-0.40099999 4.822 1.373 9
-0.57099998 4.7859998 1.433 10
-0.119 4.8639998 1.222 7
-0.31600001 4.8280001 1.296 9
-0.509 4.796 1.369 8
-0.662 4.6529999 1.4 30
-0.235 4.8639998 1.217 7
-0.428 4.809 1.29 9
-0.61699998 4.7680001 1.364 10
-0.78399998 4.7410002 1.433 10
-0.347 4.8109999 1.201 8
-0.53899997 4.7870002 1.284 10
-0.713 4.6680002 1.339 35
-0.88999999 4.7210002 1.4349999 10
-0.463 4.803 1.1950001 9
-0.648 4.7600002 1.278 10
-0.83399999 4.7350001 1.363 10
-0.99599999 4.7030001 1.438 10
-0.57700002 4.7859998 1.189 10
-0.74299997 4.6389999 1.2460001 25
-0.94099998 4.7059999 1.3609999 10
-1.103 4.6859999 1.442 11
-0.68800002 4.7519999 1.179 7
-0.86900002 4.7189999 1.27 10
-1.05 4.6919999 1.362 10
-1.207 4.6589999 1.443 10
-0.79000002 4.6609998 1.155 23
-0.98100001 4.7069998 1.27 11
-1.1569999 4.6659999 1.362 9
-1.312 4.631 1.4450001 10
-0.89700001 4.618 1.145 22
-1.0880001 4.6680002 1.263 11
-1.266 4.6500001 1.365 10
-1.42 4.618 1.4529999 14
-1.029 4.691 1.164 10
-1.067 4.1399999 1.124 49
-1.219 4.1059999 1.2130001 36
-1.312 3.951 1.253 49
-1.143 4.6700001 1.16 9
-1.1900001 4.2020001 1.146 54
-1.478 4.5910001 1.365 12
-1.42 3.9749999 1.272 12
-1.169 4.3270001 1.077 33
-1.418 4.5970001 1.26 10
-1.589 4.5760002 1.3710001 9
-1.719 4.4949999 1.452 23
-1.3710001 4.625 1.154 9
-1.5089999 4.5139999 1.244 61
-1.699 4.5549998 1.375 11
-1.847 4.526 1.477 5
-1.4630001 4.5339999 1.135 21
-1.623 4.5009999 1.247 36
-1.784 4.4689999 1.3609999 19
-1.969 4.533 1.494 7
-1.603 4.5879998 1.154 9
-1.758 4.54 1.267 9
-1.925 4.52 1.3890001 8
-2.0780001 4.507 1.502 8
-1.719 4.5619998 1.153 7
-1.869 4.5120001 1.2690001 9
-2.04 4.5050001 1.398 9
-2.105 4.3099999 1.4529999 107
-1.819 4.4949999 1.143 10
-1.994 4.5089998 1.278 8
-2.0780001 4.3239999 1.3559999 67
-2.2130001 4.289 1.464 118
-1.956 4.5159998 1.155 8
-2.085 4.434 1.267 16
-2.1819999 4.2870002 1.358 100
-2.323 4.2690001 1.476 107
-2.075 4.4920001 1.158 8
-2.145 4.2969999 1.24 102
-2.2939999 4.2659998 1.368 98
-2.487 4.3379998 1.5190001 32
-2.1170001 4.3070002 1.119 96
-2.26 4.2729998 1.2460001 103
-2.418 4.2620001 1.383 74
-2.6530001 4.3990002 1.562 89
-2.233 4.277 1.1210001 90
-2.3770001 4.2519999 1.253 97
-2.5869999 4.3260002 1.4220001 50
-2.7309999 4.3119998 1.554 26
-2.352 4.2529998 1.126 98
-2.5220001 4.2719998 1.274 37
-2.701 4.2940001 1.431 27
-2.8010001 4.2119999 1.54 42
-2.49 4.257 1.1390001 33
-2.665 4.2820001 1.293 28
-2.7850001 4.211 1.423 56
-2.878 4.1279998 1.534 19
-2.6530001 4.2919998 1.161 34
-2.763 4.217 1.29 63
-2.848 4.1020002 1.4069999 38
-2.9200001 3.9960001 1.5089999 5
-2.7420001 4.2059999 1.152 53
-2.825 4.0970001 1.271 52
-2.9389999 4.0349998 1.406 7
0 0 0 0
-2.813 4.0960002 1.137 48
-2.9260001 4.039 1.272 4
0 0 0 0
0 0 0 0
-2.9300001 4.0510001 1.14 4
0 0 0 0
0 0 0 0
0 0 0 0
0 0 0 0
0 0 0 0
0 0 0 0
0 0 0 0
0 0 0 0
0 0 0 0
0 0 0 0
0 0 0 0
0 0 0 0
0 0 0 0
0 0 0 0
0 0 0 0
0 0 0 0
0 0 0 0
0 0 0 0
0 0 0 0
0 0 0 0
0 0 0 0
0 0 0 0
0 0 0 0
0 0 0 0
0 0 0 0
0 0 0 0
-2.645 2.428 1.098 8
0 0 0 0
0 0 0 0
-2.6400001 2.3989999 1.001 8
-2.618 2.3 1.066 8
0 0 0 0
-2.641 2.3800001 0.89499998 8
-2.6240001 2.28 0.97399998 7
-2.589 2.177 1.035 8
-2.628 2.335 0.78500003 7
-2.609 2.2420001 0.86500001 8
-2.6110001 2.1670001 0.94999999 10
-2.6470001 2.128 1.039 8
-2.5910001 2.1930001 0.75700003 8
-2.6459999 2.168 0.85900003 8
-2.6400001 2.092 0.94300002 7
-2.6170001 2.0120001 1.01 8
-1.613 1.299 0.461 3
-2.6140001 2.0420001 0.833 9
-2.6129999 1.977 0.917 10
-2.595 1.906 0.98500001 8
-1.6 1.226 0.44800001 39
-2.602 1.936 0.81300002 10
-2.5899999 1.87 0.89399999 9
-2.5840001 1.813 0.96499997 10
-1.615 1.176 0.44299999 59
-2.5769999 1.826 0.79100001 9
-2.5739999 1.77 0.87300003 10
-2.559 1.714 0.94099998 7
-2.5799999 1.785 0.69499999 7
-2.5610001 1.726 0.77200001 10
-2.5539999 1.673 0.85299999 10
-2.5469999 1.626 0.92299998 10
-2.5550001 1.678 0.676 9
-2.543 1.628 0.75400001 9
-2.5339999 1.58 0.833 10
-2.533 1.541 0.90499997 9
-2.54 1.581 0.66100001 9
-2.513 1.528 0.73400003 9
-2.5190001 1.493 0.81599998 9
-2.5079999 1.452 0.884 10
-2.5239999 1.488 0.64700001 9
-2.49 1.4349999 0.71600002 10
-2.5009999 1.4069999 0.79900002 9
-2.48 1.365 0.86299998 11
-2.4979999 1.392 0.63099998 11
-2.4760001 1.351 0.70300001 9
-2.4779999 1.322 0.78200001 11
-2.4779999 1.295 0.852 10
-2.4849999 1.307 0.61900002 9
-2.4530001 1.265 0.68699998 12
-2.467 1.245 0.76899999 9
-2.4489999 1.212 0.83200002 11
-2.467 1.222 0.60600001 8
-2.448 1.191 0.67699999 12
-2.438 1.163 0.75099999 12
-2.4189999 1.133 0.81300002 13
-2.4289999 1.131 0.58899999 13
-2.4549999 1.124 0.671 7
-6.2670002 2.8199999 1.909 28
-5.9829998 2.6459999 1.989 26
-5.927 2.5880001 1.423 41
-5.9109998 2.5420001 1.598 39
-6.2480001 2.645 1.883 29
-5.973 2.4890001 1.966 13
-5.8850002 2.401 1.397 43
-5.8629999 2.362 1.568 43
-6.21 2.4649999 1.852 27
-6.0370002 2.3640001 1.967 9
-5.8600001 2.2279999 1.378 40
-5.8369999 2.194 1.546 48
-6.1659999 2.289 1.821 27
-6.1279998 2.2460001 1.978 18
-5.8249998 2.0539999 1.357 35
-5.7969999 2.026 1.522 45
-5.809 2.0079999 1.7 44
-5.8099999 1.988 1.859 46
-5.7950001 1.888 1.339 43
-5.7750001 1.868 1.503 45
-5.7800002 1.855 1.678 48
-5.783 1.839 1.834 46
-5.7649999 1.725 1.322 52
-5.737 1.709 1.4809999 48
-5.7529998 1.705 1.6569999 45
-5.7519999 1.694 1.8099999 50
-5.7290001 1.5650001 1.304 54
-5.7189999 1.5599999 1.466 58
-5.7290001 1.558 1.637 55
-5.7199998 1.551 1.786 52
0 0 0 0
-5.723 1.42 1.457 4
-5.691 1.4119999 1.615 58
-5.684 1.41 1.763 52
0 0 0 0
0 0 0 0
-5.6589999 1.27 1.596 54
-5.6589999 1.274 1.742 54
0 0 0 0
0 0 0 0
-5.6329999 1.132 1.5779999 59
-5.6279998 1.1390001 1.722 57
0 0 0 0
0 0 0 0
0 0 0 0
-5.3130002 0.95599997 1.6160001 58
-5.2270002 0.76800001 1.1619999 3
0 0 0 0
0 0 0 0
-5.2989998 0.83600003 1.603 50
0 0 0 0
0 0 0 0
0 0 0 0
-5.2800002 0.71600002 1.589 21
0 0 0 0
-4.5440001 0.472 1.125 11
0 0 0 0
-5.2579999 0.597 1.575 20
-4.572 0.33899999 1.01 76
-4.5739999 0.36700001 1.1289999 83
-4.6129999 0.39899999 1.2640001 11
-4.6199999 0.42399999 1.378 13
-5.191 0.25999999 1.146 0
-5.0679998 0.289 1.249 1
-4.8959999 0.31299999 1.337 10
-4.7810001 0.33399999 1.42 3
-5.7519999 0.149 1.27 35
-5.7160001 0.193 1.406 13
-3.352 0.138 0.91299999 3
-3.3399999 0.16 0.98799998 1
-6.1230001 0.011 1.352 16
-5.9229999 0.063000001 1.456 15
-3.2850001 0.061999999 0.89200002 3
-3.2780001 0.086000003 0.96700001 3
-3.4679999 -0.075999998 0.76700002 36
-3.4430001 -0.043000001 0.84600002 29
-3.2349999 -0.0099999998 0.87699997 1
-3.187 0.015 0.93800002 4
-3.3889999 -0.155 0.75099999 76
-3.4289999 -0.122 0.84299999 75
-3.2390001 -0.082000002 0.87699997 1
-3.612 -0.059999999 1.0599999 37
-1.7589999 -0.122 0.391 2
-3.404 -0.2 0.83700001 88
-3.3080001 -0.15800001 0.89499998 12
-3.487 -0.134 1.021 43
-1.681 -0.15800001 0.37400001 40
-1.6900001 -0.138 0.41600001 36
-1.71 -0.12 0.46200001 36
-1.727 -0.103 0.505 10
-1.654 -0.19499999 0.37 40
-1.658 -0.175 0.40900001 39
-1.666 -0.155 0.44999999 67
-1.668 -0.13600001 0.48699999 41
-1.666 -0.237 0.37400001 38
-1.652 -0.213 0.40799999 36
-1.642 -0.19 0.44400001 40
-1.645 -0.171 0.47999999 46
-1.6670001 -0.278 0.37599999 39
-1.653 -0.252 0.41 36
-1.645 -0.228 0.44499999 40
-1.64 -0.206 0.47799999 49
-1.562 -0.29899999 0.354 31
-1.6109999 -0.28400001 0.40099999 29
-1.6339999 -0.26300001 0.44299999 39
-1.622 -0.23999999 0.47299999 36
-1.535 -0.33199999 0.35100001 42
-1.5549999 -0.31099999 0.38800001 35
-1.582 -0.29100001 0.43000001 36
-1.615 -0.27500001 0.47099999 39
-1.526 -0.368 0.35100001 41
-1.5319999 -0.34400001 0.384 35
-1.548 -0.32100001 0.42199999 40
-1.569 -0.30199999 0.458 38
-1.535 -0.40900001 0.35600001 35
-1.529 -0.38 0.38600001 37
-1.535 -0.354 0.419 46
-1.548 -0.333 0.45199999 40
-1.582 -0.46200001 0.37 6
-1.541 -0.42199999 0.391 36
-1.528 -0.389 0.419 42
-1.535 -0.366 0.449 44
-5.5349998 -1.761 1.306 1
-5.5560002 -1.66 1.419 10
-1.545 -0.43099999 0.42500001 34
-1.5369999 -0.40200001 0.45100001 43
-5.5079999 -1.899 1.312 1
-5.533 -1.7920001 1.423 1
-1.586 -0.48100001 0.43799999 8
-1.567 -0.44600001 0.461 21
-5.243 -1.946 1.263 1
-5.507 -1.925 1.427 1
-5.5219998 -1.8099999 1.536 1
-1.586 -0.48899999 0.46700001 22
-5.3410001 -2.128 1.3 1
-5.237 -1.967 1.368 1
-5.4829998 -1.9349999 1.533 1
-1.567 -0.52100003 0.463 16
-5.323 -2.2679999 1.311 1
-5.3460002 -2.151 1.408 1
-5.2880001 -2 1.488 1
-5.467 -1.9529999 1.624 1
-5.3039999 -2.4089999 1.323 1
-5.3200002 -2.2839999 1.415 1
-5.3499999 -2.1630001 1.5140001 1
-5.2950001 -2.0239999 1.579 0
-3.2869999 -1.5880001 0.82999998 7
-5.2940001 -2.4189999 1.421 1
-5.329 -2.296 1.5190001 1
-5.3270001 -2.1700001 1.596 0
-3.1860001 -1.6339999 0.81599998 8
-5.277 -2.559 1.432 0
-5.3080001 -2.428 1.525 1
-5.3080001 -2.3 1.598 1
-3.1229999 -1.6950001 0.81099999 6
-3.0079999 -1.546 0.82499999 7
-5.2810001 -2.559 1.53 1
-5.3119998 -2.4400001 1.609 0
-3.109 -1.783 0.81999999 6
-2.9300001 -1.591 0.81400001 10
-2.928 -1.502 0.85500002 3
-5.303 -2.5780001 1.617 0
0 0 0 0
-2.8940001 -1.659 0.81400001 5
-2.7850001 -1.507 0.82099998 10
-5.27 -2.707 1.617 0
0 0 0 0
-2.6159999 -1.581 0.745 7
-2.7620001 -1.576 0.82300001 10
-2.727 -1.477 0.84299999 6
0 0 0 0
-2.526 -1.607 0.73000002 4
-2.5699999 -1.544 0.773 6
-2.635 -1.503 0.81999999 10
0 0 0 0
0 0 0 0
-2.5480001 -1.6109999 0.77499998 5
-2.5469999 -1.528 0.80000001 6
0 0 0 0
0 0 0 0
0 0 0 0
-2.5439999 -1.604 0.80599999 5
-4.3200002 -3.3610001 1.2690001 2
-2.0190001 -1.489 0.611 0
0 0 0 0
-2.5599999 -1.694 0.81900001 6
-4.2940001 -3.506 1.288 18
-4.329 -3.3469999 1.3329999 3
0 0 0 0
0 0 0 0
-4.2659998 -3.652 1.308 18
-4.2979999 -3.484 1.346 14
0 0 0 0
0 0 0 0
-4.23 -3.7939999 1.326 18
-4.2690001 -3.6259999 1.363 17
-4.3169999 -3.4630001 1.404 12
-4.336 -3.302 1.433 30
-4.2140002 -3.9619999 1.353 16
-4.2480001 -3.779 1.382 19
-4.2849998 -3.5999999 1.416 17
-1.823 -1.4529999 0.61000001 0
-4.177 -4.1149998 1.374 1
-4.2199998 -3.931 1.402 15
-4.256 -3.7409999 1.4299999 15
-4.29 -3.5780001 1.454 13
-3.211 -3.313 1.084 7
-4.1900001 -4.0869999 1.4220001 20
-4.2280002 -3.888 1.4450001 18
-4.2470002 -3.7030001 1.46 18
-3.1340001 -3.388 1.087 2
-3.223 -3.289 1.118 3
-4.2010002 -4.0419998 1.462 18
-4.23 -3.858 1.475 11
0 0 0 0
-3.1470001 -3.3629999 1.118 0
-4.8979998 -4.928 1.737 18
-4.1999998 -4.0040002 1.487 18
0 0 0 0
0 0 0 0
-4.5799999 -4.822 1.6569999 0
-4.8829999 -4.8670001 1.757 13
0 0 0 0
0 0 0 0
0 0 0 0
-4.8670001 -5.0739999 1.7819999 16
0 0 0 0
-1.0829999 -1.329 0.41499999 1
0 0 0 0
-4.3639998 -4.756 1.628 0
0 0 0 0
0 0 0 0
0 0 0 0
0 0 0 0
0 0 0 0
0 0 0 0
-1.048 -1.324 0.41499999 1
0 0 0 0
0 0 0 0
0 0 0 0
0 0 0 0
0 0 0 0
0 0 0 0
0 0 0 0
0 0 0 0
0 0 0 0
0 0 0 0
0 0 0 0
0 0 0 0
0 0 0 0
0 0 0 0
0 0 0 0
0 0 0 0
0 0 0 0
0 0 0 0
0 0 0 0
0 0 0 0
0 0 0 0
0 0 0 0
0 0 0 0
0 0 0 0
0 0 0 0
-4.1960001 -8.7440004 2.348 1
0 0 0 0
0 0 0 0
0 0 0 0
0 0 0 0
0 0 0 0
0 0 0 0
0 0 0 0
0 0 0 0
0 0 0 0
0 0 0 0
0 0 0 0
-3.9119999 -9.823 2.575 13
-4.0430002 -9.2910004 2.4349999 14
0 0 0 0
0 0 0 0
-3.832 -10.294 2.6800001 13
-3.9579999 -9.6960001 2.5139999 14
-4.1220002 -9.224 2.3900001 5
0 0 0 0
-3.721 -10.739 2.777 7
-3.882 -10.161 2.609 11
-4.007 -9.5389996 2.438 11
0 0 0 0
0 0 0 0
-3.776 -10.604 2.697 11
-3.9230001 -9.9659996 2.5139999 14
-4.0229998 -9.3920002 2.3510001 13
0 0 0 0
-3.6559999 -11.052 2.7869999 4
-3.826 -10.412 2.5929999 16
-3.9349999 -9.7939997 2.4130001 13
-3.01 -11.068 2.8180001 3
-3.421 -11.183 2.7969999 1
-3.7360001 -10.925 2.6900001 8
-3.8510001 -10.252 2.4879999 14
-2.753 -11.103 2.8150001 3
-3.178 -11.306 2.8050001 3
-3.625 -11.441 2.7850001 5
-3.7539999 -10.736 2.5669999 10
-2.506 -11.176 2.823 3
-2.9189999 -11.365 2.8 4
-3.378 -11.576 2.786 1
-3.661 -11.285 2.6600001 9
-2.2479999 -11.215 2.823 3
-2.677 -11.493 2.813 3
-3.1570001 -11.807 2.813 3
-3.527 -11.789 2.7390001 7
-1.997 -11.266 2.829 3
-2.4189999 -11.575 2.8150001 5
-2.8959999 -11.906 2.8099999 2
-3.398 -12.38 2.839 2
-1.738 -11.288 2.8269999 3
-2.1600001 -11.643 2.816 3
-2.6359999 -12.032 2.812 3
0 0 0 0
-1.4809999 -11.296 2.8239999 3
-1.898 -11.714 2.8169999 3
-2.385 -12.206 2.8280001 3
-2.8900001 -12.804 2.8629999 3
-1.23 -11.345 2.8329999 3
-1.642 -11.816 2.829 3
-2.1129999 -12.311 2.8280001 3
-2.622 -12.995 2.872 2
-0.704 -8.2220001 2.0510001 0
-1.375 -11.842 2.8239999 2
-1.846 -12.444 2.836 5
-2.3310001 -13.094 2.862 4
0 0 0 0
-1.1109999 -11.916 2.8310001 2
-1.567 -12.519 2.8329999 3
-2.0450001 -13.256 2.8659999 2
0 0 0 0
-0.85000002 -12.082 2.8610001 1
-1.285 -12.589 2.8299999 3
-1.7589999 -13.448 2.878 2
-0.207 -11.354 2.8310001 4
0 0 0 0
-1.008 -12.773 2.852 2
-1.459 -13.599 2.881 2
0.044 -11.403 2.8469999 3
0 0 0 0
-0.72500002 -12.955 2.8759999 1
-1.1569999 -13.776 2.891 2
0.296 -11.328 2.8310001 3
-0.028999999 -12.069 2.8380001 3
0 0 0 0
-0.84899998 -13.95 2.9030001 5
0 0 0 0
0.242 -12.072 2.835 3
0 0 0 0
-0.52899998 -14.099 2.9089999 3
0 0 0 0
0 0 0 0
0.16500001 -13.07 2.8599999 2
0 0 0 0
0 0 0 0
0 0 0 0
0.47099999 -13.19 2.8740001 3
0 0 0 0
1.311 -11.325 2.8570001 3
0 0 0 0
0 0 0 0
0 0 0 0
1.551 -11.217 2.839 3
1.314 -11.851 2.78 7
0 0 0 0
0 0 0 0
1.811 -11.24 2.855 4
1.62 -12.115 2.845 3
0 0 0 0
0.086000003 -1.103 0.22 0
2.0550001 -11.18 2.852 3
1.899 -12.102 2.845 3
1.7180001 -13.409 2.892 3
0.112 -1.095 0.21699999 0
2.3069999 -11.161 2.862 4
2.191 -12.17 2.868 3
2.0239999 -13.363 2.8789999 2
0.13699999 -1.095 0.21600001 1
0 0 0 0
2.4519999 -12.059 2.848 3
2.3559999 -13.451 2.8959999 3
0.162 -1.0880001 0.214 1
0.26800001 -1.058 0.27399999 1
0 0 0 0
2.691 -13.527 2.911 2
0 0 0 0
0.252 -0.91100001 0.237 0
0 0 0 0
0 0 0 0
0 0 0 0
0 0 0 0
0 0 0 0
0.26199999 -1.061 0.228 1
0.23899999 -1.076 0.20999999 0
0.347 -1.068 0.28200001 0
0 0 0 0
0 0 0 0
0.264 -1.067 0.207 1
0.34799999 -0.99599999 0.26499999 1
0 0 0 0
0 0 0 0
0 0 0 0
0.36700001 -0.98100001 0.26300001 7
0.34999999 -1.003 0.242 1
0 0 0 0
0 0 0 0
0.39199999 -0.98199999 0.26499999 8
0.37 -0.98799998 0.23999999 7
0.35299999 -1.016 0.221 1
0 0 0 0
0.414 -0.97299999 0.26499999 8
0.39399999 -0.98400003 0.241 7
0.36899999 -0.98900002 0.215 7
0.35800001 -1.023 0.199 1
0.44 -0.97399998 0.26800001 8
0.41999999 -0.98299998 0.242 7
0.39500001 -0.986 0.215 7
0.37200001 -0.98799998 0.192 11
0.461 -0.96399999 0.26699999 7
0.44 -0.97000003 0.241 7
0.41600001 -0.97299999 0.214 9
0.39199999 -0.96899998 0.189 10
0.486 -0.95999998 0.26899999 7
0.46700001 -0.97000003 0.243 7
0.44499999 -0.977 0.21600001 7
0.42300001 -0.97899997 0.191 12
0.509 -0.95499998 0.27000001 0
0.491 -0.96399999 0.243 5
0.46799999 -0.96799999 0.215 7
0.44299999 -0.96200001 0.189 10
0 0 0 0
0.50999999 -0.949 0.242 0
0.49399999 -0.96399999 0.21600001 3
0.47400001 -0.97000003 0.191 8
0 0 0 0
0 0 0 0
0.50199997 -0.92699999 0.20900001 0
0.509 -0.98100001 0.19400001 1
0 0 0 0
0 0 0 0
0 0 0 0
0.50999999 -0.92799997 0.185 1
0 0 0 0
0 0 0 0
0.602 -0.99699998 0.229 0
0 0 0 0
0 0 0 0
0 0 0 0
0 0 0 0
0.61000001 -0.995 0.20100001 1
6.5640001 -9.1610003 2.8 3
0 0 0 0
0 0 0 0
0 0 0 0
6.7800002 -9.0410004 2.8039999 3
7.4780002 -10.273 2.806 2
7.901 -11.236 2.6630001 4
0 0 0 0
7.0190001 -8.9499998 2.8180001 2
7.7140002 -10.116 2.802 3
0 0 0 0
8.8280001 -12.319 2.559 3
7.1760001 -8.7480001 2.7980001 3
7.559 -9.4639997 2.6600001 2
0 0 0 0
0 0 0 0
7.3769999 -8.6049995 2.799 3
7.4569998 -8.9139996 2.5439999 1
8.4259996 -10.36 2.5510001 6
0 0 0 0
7.3119998 -8.1569996 2.6989999 5
8.2340002 -9.4029999 2.727 7
8.2790003 -9.7110004 2.4260001 6
0 0 0 0
7.1090002 -7.592 2.5580001 10
8.1370001 -8.8780003 2.619 6
8.1870003 -9.1639996 2.326 10
0.82599998 -0.94599998 0.206 1
7.9829998 -8.1590004 2.8 2
8.0319996 -8.3769999 2.516 7
8.0670004 -8.6140003 2.223 7
0.85699999 -0.935 0.207 1
7.908 -7.7389998 2.7090001 7
7.9499998 -7.927 2.4260001 10
7.9699998 -8.1239996 2.1329999 8
0 0 0 0
7.8169999 -7.3249998 2.6170001 8
7.8540001 -7.487 2.3369999 8
7.8920002 -7.6789999 2.0550001 11
0 0 0 0
7.7509999 -6.954 2.5380001 6
7.77 -7.0780001 2.256 10
7.8039999 -7.2490001 1.978 11
0.97000003 -0.91600001 0.213 1
7.6849999 -6.5929999 2.461 6
7.7220001 -6.7199998 2.1889999 10
7.737 -6.8530002 1.91 14
1.023 -0.921 0.219 1
7.6199999 -6.256 2.3900001 10
7.6279998 -6.3410001 2.1129999 11
7.6500001 -6.4650002 1.842 12
1.05 -0.89999998 0.21799999 1
7.5500002 -5.9299998 2.3210001 10
7.552 -5.9959998 2.0469999 11
7.5840001 -6.1090002 1.7819999 11
7.5999999 -6.2059999 1.543 4
0 0 0 0
0 0 0 0
0 0 0 0
0 0 0 0
0 0 0 0
0 0 0 0
0 0 0 0
0 0 0 0
7.3730001 -5.0489998 2.142 11
7.3740001 -5.0840001 1.882 9
7.368 -5.131 1.622 15
7.3969998 -5.198 1.397 11
7.3239999 -4.7859998 2.0899999 7
7.3140001 -4.8010001 1.831 9
7.3210001 -4.8439999 1.577 11
7.335 -4.8930001 1.355 11
7.2680001 -4.5240002 2.0380001 7
7.2729998 -4.5409999 1.7869999 11
7.2690001 -4.5700002 1.535 13
7.2639999 -4.5949998 1.313 11
7.2249999 -4.283 1.993 4
7.2179999 -4.2820001 1.742 9
7.211 -4.302 1.495 12
7.211 -4.322 1.277 12
7.2069998 -4.0640001 1.957 1
7.1560001 -4.0310001 1.699 12
7.158 -4.0450001 1.457 12
7.1529999 -4.0570002 1.243 10
0 0 0 0
7.1059999 -3.7969999 1.661 11
7.1069999 -3.802 1.423 11
7.118 -3.813 1.215 10
7.0799999 -3.5969999 1.865 2
7.0640001 -3.5699999 1.624 10
7.0640001 -3.5699999 1.391 13
7.0430002 -3.5569999 1.181 11
7.0440001 -3.3859999 1.827 5
7.059 -3.3699999 1.599 2
7.026 -3.345 1.3609999 7
7.0029998 -3.3280001 1.155 12
6.987 -3.1730001 1.7869999 10
6.9959998 -3.1459999 1.561 6
6.9790001 -3.1229999 1.331 13
6.9819999 -3.1099999 1.132 10
6.9590001 -2.9779999 1.756 9
7.0019999 -2.96 1.541 1
6.9460001 -2.9130001 1.3049999 12
6.9299998 -2.8889999 1.107 10
6.9070001 -2.78 1.72 9
6.9359999 -2.7479999 1.505 1
6.8909998 -2.7030001 1.278 10
6.8779998 -2.6719999 1.0829999 11
6.8699999 -2.5929999 1.689 12
6.8429999 -2.5350001 1.466 11
0 0 0 0
6.8530002 -2.4760001 1.066 0
0 0 0 0
6.8470001 -2.3640001 1.45 14
6.8140001 -2.3110001 1.2309999 11
6.8060002 -2.2739999 1.045 10
0 0 0 0
6.8319998 -2.1860001 1.4299999 14
6.7950001 -2.1289999 1.214 2
6.757 -2.076 1.025 11
6.757 -2.059 1.604 10
6.77 -1.999 1.401 14
6.7459998 -1.9400001 1.191 5
6.7249999 -1.8890001 1.008 12
6.737 -1.891 1.58 8
6.7329998 -1.822 1.378 15
6.7199998 -1.762 1.174 15
6.678 -1.7029999 0.991 11
6.6929998 -1.722 1.553 11
6.691 -1.65 1.355 17
6.6869998 -1.587 1.1569999 16
6.6550002 -1.525 0.97799999 7
6.6929998 -1.568 1.538 1
6.6589999 -1.482 1.335 16
6.6389999 -1.4119999 1.138 16
6.6139998 -1.348 0.96399999 7
6.6440001 -1.404 1.511 64
6.625 -1.318 1.317 14
6.6129999 -1.2460001 1.123 15
6.5799999 -1.177 0.95099998 11
6.5960002 -1.2460001 1.487 96
6.599 -1.159 1.3 1
6.579 -1.079 1.109 15
6.5650001 -1.011 0.94199997 12
6.573 -1.092 1.467 100
6.5430002 -0.99699998 1.278 79
6.5409999 -0.91600001 1.094 16
6.4699998 -0.83499998 0.92199999 8
6.5419998 -0.93900001 1.447 89
3.424 -0.44100001 0.66299999 6
6.526 -0.75700003 1.084 17
6.5009999 -0.67900002 0.921 13
3.4189999 -0.41499999 0.75 6
6.507 -0.68900001 1.251 113
6.4990001 -0.60000002 1.072 106
6.4239998 -0.514 0.90600002 8
3.6670001 -0.36300001 0.79799998 8
4.217 -0.34999999 0.80500001 7
6.4580002 -0.442 1.059 107
6.4450002 -0.359 0.90499997 81
3.723 -0.287 0.80400002 9
4.2059999 -0.25299999 0.79799998 7
4.8740001 -0.219 0.796 4
4.8400002 -0.153 0.67699999 8
3.8399999 -0.212 0.82300001 7
4.2529998 -0.16 0.80199999 8
4.823 -0.104 0.78399998 10
6.2620001 -0.045000002 0.87400001 6
6.408 -0.213 1.365 108
6.3870001 -0.093999997 1.198 103
4.9569998 0.0089999996 0.80299997 3
5.8039999 0.097999997 0.80800003 4
6.3779998 -0.071999997 1.349 108
6.3499999 0.048999999 1.1849999 111
6.336 0.162 1.022 105
6.0669999 0.25 0.84299999 14
6.3410001 0.067000002 1.3329999 112
6.2989998 0.193 1.17 94
6.2210002 0.30599999 1.001 32
6.2309999 0.40799999 0.866 112
6.2740002 0.205 1.311 27
6.2579999 0.33399999 1.158 94
6.2360001 0.454 1.002 102
6.2160001 0.55800003 0.86400002 112
6.2550001 0.34200001 1.3 101
6.2249999 0.47499999 1.148 108
6.2080002 0.59799999 0.99599999 103
4.1139998 0.47 0.57200003 11
6.2280002 0.47799999 1.288 108
6.2080002 0.616 1.141 106
6.1789999 0.74199998 0.99000001 102
4.0809999 0.56699997 0.56800002 33
6.2049999 0.61299998 1.278 107
6.1760001 0.755 1.133 107
6.1479998 0.88499999 0.98500001 102
4.0650001 0.66500002 0.56800002 28
6.1739998 0.74900001 1.265 110
6.1459999 0.89300001 1.125 106
6.1230001 1.03 0.98199999 103
4.039 0.76099998 0.56599998 23
6.152 0.884 1.256 110
6.1220002 1.0319999 1.119 105
6.092 1.1720001 0.97799999 103
4.0240002 0.86000001 0.56599998 11
6.1300001 1.0190001 1.247 112
6.0910001 1.171 1.112 106
6.066 1.316 0.97500002 101
4.0120001 0.95899999 0.56699997 9
6.0939999 1.153 1.2359999 110
6.059 1.309 1.105 105
6.04 1.461 0.97299999 101
6.0050001 1.59 0.85299999 98
6.0700002 1.2869999 1.228 110
6.04 1.451 1.101 105
6.006 1.602 0.97100002 102
2.461 0.71600002 0.352 0
6.0469999 1.424 1.22 108
6.0120001 1.59 1.097 105
2.414 0.70599997 0.391 2
2.171 0.68900001 0.31200001 13
6.0139999 1.557 1.211 104
2.3369999 0.676 0.42699999 2
2.1700001 0.69 0.35299999 15
5.927 2.039 0.86000001 21
2.342 0.662 0.47099999 2
2.181 0.685 0.39899999 27
5.9250002 2.0380001 0.97000003 102
5.8930001 2.188 0.86199999 27
2.1889999 0.671 0.43900001 38
5.9260001 2.01 1.086 106
5.8829999 2.181 0.96799999 94
4.4250002 1.765 0.65399998 23
5.934 1.967 1.191 104
2.0799999 0.759 0.382 2
4.434 1.763 0.73400003 33
4.4060001 1.881 0.65799999 23
5.9050002 2.1029999 1.1849999 105
2.062 0.80599999 0.38 2
4.4109998 1.875 0.736 24
2.829 1.29 0.42699999 6
4.448 1.696 0.89300001 14
2.069 0.86400002 0.38299999 0
2.8340001 1.285 0.47600001 3
0 0 0 0
4.4289999 1.8049999 0.889 15
4.3860002 1.952 0.815 20
0 0 0 0
1.016 0.52399999 0.15700001 3
4.3979998 1.9069999 0.884 15
0 0 0 0
0.98900002 0.505 0.169 4
0.977 0.53399998 0.153 2
0 0 0 0
0.97000003 0.486 0.182 4
0.917 0.49599999 0.15800001 3
0.954 0.551 0.15099999 2
0.995 0.48500001 0.20100001 3
0.89700001 0.47499999 0.169 4
0.884 0.50599998 0.154 3
0 0 0 0
0.90700001 0.46700001 0.183 4
0.84200001 0.47099999 0.16 3
0.84899998 0.51200002 0.15000001 1
0 0 0 0
0.83899999 0.45699999 0.17 4
0.80800003 0.477 0.155 2
0.84100002 0.53500003 0.15000001 3
0 0 0 0
0.78600001 0.45100001 0.16 6
0 0 0 0
0 0 0 0
0.85799998 0.61299998 0.146 2
0.75999999 0.45899999 0.155 2
0.74400002 0.48699999 0.145 0
0.79000002 0.55699998 0.145 0
0.84799999 0.63700002 0.147 2
0.741 0.47099999 0.152 3
0.74400002 0.51200002 0.146 0
0.80500001 0.59600002 0.15000001 1
0.833 0.65700001 0.147 1
0.73100001 0.48800001 0.15099999 5
0.73799998 0.53299999 0.147 0
0.79400003 0.61699998 0.15000001 1
0.838 0.69400001 0.15099999 1
0.73400003 0.514 0.153 5
0.73100001 0.55299997 0.147 0
0.787 0.64200002 0.152 1
0.83999997 0.73100001 0.155 1
0.73400003 0.54000002 0.154 6
0.72899997 0.579 0.148 0
0.78100002 0.66799998 0.153 1
0.87400001 0.79699999 0.16500001 1
0.72899997 0.56199998 0.154 4
0.70700002 0.58899999 0.146 0
0.78600001 0.70599997 0.15700001 1
0.84200001 0.80500001 0.163 1
0.71700001 0.579 0.153 4
0 0 0 0
0.787 0.74000001 0.16 0
0 0 0 0
0.71100003 0.60100001 0.153 3
0 0 0 0
0.80299997 0.79100001 0.167 0
0 0 0 0
0.708 0.62599999 0.154 2
0 0 0 0
0.72500002 0.74900001 0.154 0
0.76200002 0.84200001 0.16 5
0.708 0.65600002 0.155 1
0 0 0 0
0.745 0.80699998 0.162 0
0.71799999 0.83200002 0.155 1
0.69499999 0.67400002 0.154 0
0 0 0 0
0.72899997 0.82800001 0.163 2
0.64899999 0.78899997 0.14399999 0
0 0 0 0
0 0 0 0
0.69300002 0.824 0.15899999 0
1.401 1.789 0.322 11
0 0 0 0
0 0 0 0
0.66100001 0.82499999 0.155 0
1.3150001 1.7640001 0.31299999 59
0 0 0 0
0.66500002 0.80400002 0.15800001 1
1.3609999 1.783 0.33000001 10
1.242 1.751 0.30599999 57
0 0 0 0
0.64600003 0.81800002 0.15700001 1
1.283 1.765 0.32100001 51
1.173 1.738 0.30000001 57
0.65899998 0.80400002 0.15800001 6
1.34 1.778 0.33399999 9
1.211 1.75 0.31299999 56
1.109 1.7309999 0.29499999 49
1.399 1.7869999 0.34200001 10
1.263 1.76 0.32300001 52
1.145 1.7410001 0.30599999 56
1.074 1.767 0.29800001 2
1.314 1.762 0.32800001 47
1.1900001 1.742 0.31299999 51
1.085 1.737 0.30000001 13
1.3279999 2.3050001 0.384 4
1.24 1.744 0.31600001 50
1.127 1.7359999 0.30599999 51
1.3279999 2.24 0.38100001 4
1.266 2.322 0.38299999 4
1.178 1.7410001 0.30700001 54
1.0779999 1.747 0.301 1
1.29 2.2980001 0.38499999 4
1.202 2.3329999 0.382 0
1.112 1.728 0.29699999 47
1.332 2.276 0.38499999 4
1.242 2.339 0.38699999 2
1.118 2.3039999 0.373 4
1.0700001 1.749 0.29300001 0
1.286 2.3199999 0.38499999 4
1.165 2.323 0.38 4
0 0 0 0
1.354 2.3329999 0.382 4
1.24 2.3640001 0.38600001 3
1.145 2.4200001 0.391 1
0 0 0 0
1.312 2.382 0.382 4
1.304 2.631 0.42199999 6
0 0 0 0
0 0 0 0
1.261 2.4230001 0.37900001 2
1.316 2.816 0.44499999 6
0 0 0 0
0.89399999 2.388 0.377 3
1.376 2.799 0.42899999 48
0 0 0 0
0 0 0 0
0.83399999 2.3970001 0.37599999 21
0 0 0 0
1.114 2.7079999 0.414 1
0.88 2.4230001 0.375 3
0.773 2.4000001 0.375 18
1.207 2.7739999 0.40700001 2
1.052 2.7349999 0.412 5
0.81099999 2.4059999 0.37 22
0.71200001 2.4030001 0.37400001 14
1.115 2.734 0.39300001 37
0.898 2.507 0.373 0
0.76499999 2.4579999 0.375 7
0.65399998 2.411 0.37400001 13
1.4630001 3.842 0.542 2
0.80599999 2.428 0.35600001 9
0.70999998 2.4849999 0.37599999 6
0.59299999 2.408 0.373 11
0.85299999 2.4070001 0.333 14
0.78600001 2.5669999 0.37200001 3
0.64999998 2.49 0.37400001 4
0.53200001 2.3989999 0.37099999 9
0 0 0 0
0.72600001 2.5829999 0.37 3
0.588 2.4890001 0.37200001 3
0.47299999 2.3970001 0.37 4
0 0 0 0
0.66799998 2.6099999 0.36899999 4
0.53399998 2.5239999 0.375 2
0 0 0 0
0.34799999 1.257 0.16500001 3
0.602 2.6040001 0.36399999 109
0.472 2.516 0.37200001 3
0.185 1.237 0.191 10
0.31600001 1.252 0.161 1
0.54699999 2.6440001 0.366 37
0 0 0 0
0.164 1.302 0.20100001 10
0.28099999 1.2359999 0.15700001 3
0 0 0 0
0.176 1.2640001 0.185 9
0.142 1.387 0.214 7
0.24699999 1.221 0.152 3
0.19499999 1.229 0.167 8
0.155 1.3329999 0.19499999 8
0.117 1.4809999 0.229 5
0.21699999 1.22 0.15000001 10
0.17399999 1.29 0.17399999 7
0.13 1.408 0.205 7
0.086000003 1.538 0.23800001 27
0.19400001 1.258 0.152 9
0.15099999 1.359 0.182 7
0.103 1.489 0.21600001 6
0.161 4.9159999 0.764 9
0.171 1.316 0.15700001 9
0.125 1.434 0.19 6
0.071000002 1.549 0.22499999 8
0.046999998 4.8930001 0.76300001 8
0.145 1.369 0.161 10
0.097000003 1.521 0.20100001 6
0.111 4.8990002 0.71100003 9
-0.064000003 4.8720002 0.76200002 10
0.119 1.448 0.169 9
0.2 4.914 0.64600003 9
-0.001 4.8720002 0.70700002 9
-0.176 4.8460002 0.76099998 8
0.090000004 1.539 0.177 7
0.083999999 4.8899999 0.639 9
-0.113 4.8649998 0.70700002 10
-0.13 2.1919999 0.345 1
0.171 4.9130001 0.56 6
-0.028999999 4.848 0.63099998 71
-0.22499999 4.8309999 0.70200002 9
-0.39399999 4.7950001 0.76099998 4
0.055 4.8979998 0.55199999 9
-0.14300001 4.8369999 0.62599999 10
-0.336 4.822 0.70200002 8
-0.505 4.7859998 0.76300001 9
-0.059 4.8639998 0.54299998 8
-0.25600001 4.823 0.62199998 9
-0.447 4.8109999 0.70099998 6
-0.611 4.7509999 0.76200002 10
-0.17399999 4.8390002 0.53500003 9
-0.366 4.796 0.61799997 10
-0.55500001 4.7610002 0.69599998 3
-0.30199999 1.988 0.32100001 3
-0.28799999 4.822 0.528 9
-0.477 4.7649999 0.61199999 10
-0.66299999 4.7410002 0.69499999 9
-0.35699999 2.0369999 0.331 9
-0.40000001 4.7800002 0.51999998 11
-0.58899999 4.7550001 0.61000001 9
-0.30399999 1.8609999 0.273 151
-0.35699999 1.7920001 0.29300001 10
-0.514 4.77 0.514 10
-0.31200001 2.1159999 0.271 3
-0.33700001 1.799 0.266 21
-1.0470001 4.691 0.77399999 10
-0.62599999 4.7459998 0.50800002 14
-0.308 1.793 0.229 1
-0.89700001 4.2420001 0.63 38
-1.117 4.5219998 0.75300002 15
-0.31999999 2.0539999 0.21799999 15
-0.34799999 1.779 0.228 14
-1.04 4.4120002 0.65799999 26
-1.2029999 4.434 0.745 37
-0.329 1.819 0.192 19
-1.03 4.6750002 0.59899998 10
-1.1339999 4.3600001 0.65399998 35
-1.274 4.3049998 0.73000002 17
-0.80800003 3.934 0.41499999 18
-1.0880001 4.4380002 0.56999999 34
-1.183 4.1539998 0.62699997 38
-1.473 4.592 0.78600001 10
-0.89999998 3.9000001 0.40900001 32
-1.171 4.3340001 0.55800003 37
-1.4299999 4.6129999 0.70200002 9
-1.5829999 4.5770001 0.792 9
-1.124 4.3920002 0.46000001 64
-1.268 4.2930002 0.55400002 22
-1.5369999 4.5809999 0.70200002 9
-1.698 4.5700002 0.80000001 8
-1.211 4.302 0.449 39
-1.472 4.5819998 0.59299999 10
-1.65 4.5689998 0.70599997 9
-1.775 4.4650002 0.79000002 14
-1.2970001 4.2160001 0.43900001 21
-1.584 4.5599999 0.59299999 10
-1.5190001 3.918 0.611 21
-1.9170001 4.5229998 0.81 8
-1.318 3.9449999 0.41100001 34
-1.484 3.971 0.51899999 35
-1.84 4.441 0.699 13
-2.026 4.494 0.815 8
-1.406 3.8959999 0.40599999 51
-1.76 4.3899999 0.57700002 32
-1.98 4.487 0.713 12
-2.076 4.3410001 0.79699999 55
-1.4809999 3.812 0.39700001 36
-1.923 4.4889998 0.59399998 32
-2.0969999 4.4689999 0.71799999 12
-2.168 4.283 0.79799998 98
-1.581 3.7969999 0.396 17
-2.0480001 4.4889998 0.59799999 8
-2.1329999 4.2880001 0.69700003 102
-2.283 4.2670002 0.80599999 104
-2.003 4.5050001 0.472 8
-2.0869999 4.3000002 0.57700002 70
-2.247 4.2690001 0.70200002 107
-2.4300001 4.3070002 0.82499999 150
-2.0910001 4.4109998 0.463 15
-2.1989999 4.2750001 0.579 100
-2.362 4.2459998 0.70700002 100
-2.4949999 4.1989999 0.81699997 44
-2.1570001 4.2820001 0.45100001 84
-2.316 4.2519999 0.58099997 97
-2.5369999 4.3249998 0.73000002 150
-2.6329999 4.2129998 0.833 41
-2.2739999 4.256 0.45100001 84
-2.526 4.3889999 0.60600001 150
-2.5880001 4.1890001 0.71600002 47
-2.7360001 4.1659999 0.83700001 62
-2.4319999 4.2979999 0.458 150
-2.52 4.1500001 0.57999998 46
-2.7049999 4.1620002 0.722 57
-2.813 4.0819998 0.83399999 55
-1.84 3.076 0.33000001 8
-1.8380001 2.8710001 0.40599999 32
-2.7839999 4.0760002 0.71799999 62
-2.9460001 4.0749998 0.84799999 6
-1.814 2.8740001 0.31099999 36
-1.79 2.6570001 0.38 33
-1.7970001 2.5050001 0.44800001 4
0 0 0 0
-1.771 2.661 0.28999999 33
-1.772 2.5020001 0.36300001 73
-1.853 2.4630001 0.44800001 8
0 0 0 0
-1.755 2.503 0.27599999 67
-1.836 2.467 0.36300001 98
-1.827 2.316 0.42899999 23
0 0 0 0
-1.108 1.502 0.167 0
-1.793 2.2950001 0.34299999 41
-1.7920001 2.168 0.40900001 41
0 0 0 0
-1.081 1.3940001 0.15700001 9
-1.773 2.1630001 0.329 51
-1.763 2.036 0.391 55
-1.758 1.9349999 0.44400001 5
-1.067 1.309 0.15000001 35
-1.739 2.0220001 0.31200001 59
-1.735 1.914 0.375 52
-1.692 1.78 0.41800001 55
-1.0829999 1.265 0.147 61
-1.716 1.903 0.30000001 64
-1.676 1.765 0.35299999 57
-1.673 1.684 0.40400001 68
-1.1289999 1.256 0.148 61
-1.653 1.749 0.28099999 68
-1.656 1.6670001 0.34099999 69
-1.654 1.592 0.391 80
-1.178 1.248 0.15000001 66
-1.641 1.656 0.271 74
-1.631 1.568 0.32800001 62
-1.631 1.502 0.37799999 69
-1.233 1.244 0.152 76
-1.6109999 1.552 0.25999999 61
-1.6160001 1.484 0.31799999 62
-1.612 1.42 0.36700001 72
-1.302 1.252 0.156 132
-1.596 1.467 0.25099999 67
-1.597 1.401 0.308 64
-1.596 1.3430001 0.35600001 67
-1.3660001 1.251 0.16 152
-1.582 1.386 0.243 64
-1.589 1.332 0.301 71
-1.586 1.276 0.34799999 73
-1.421 1.239 0.162 150
-1.566 1.308 0.236 68
-1.5650001 1.252 0.29100001 80
-1.575 1.211 0.34 85
-1.477 1.227 0.164 116
-1.554 1.237 0.229 71
-1.5650001 1.194 0.285 84
-1.601 1.175 0.34 87
-1.525 1.206 0.16599999 74
-1.558 1.182 0.22499999 99
-1.613 1.174 0.289 71
-1.666 1.1670001 0.34799999 69
-1.568 1.178 0.167 83
-1.619 1.169 0.229 73
-1.6799999 1.164 0.296 52
-2.5669999 1.715 0.52899998 12
-1.631 1.165 0.17 73
-1.6900001 1.161 0.235 8
-2.575 1.7 0.44600001 0
-2.5439999 1.619 0.51599997 10
0 0 0 0
0 0 0 0
-1.978 1.242 0.338 2
-2.5320001 1.535 0.50700003 10
0 0 0 0
-2.006 1.243 0.27000001 1
0 0 0 0
-2.5079999 1.4450001 0.495 11
0 0 0 0
0 0 0 0
0 0 0 0
-2.4820001 1.358 0.484 13
0 0 0 0
0 0 0 0
0 0 0 0
-2.477 1.285 0.477 11
0 0 0 0
0 0 0 0
0 0 0 0
-2.4630001 1.209 0.46900001 9
0 0 0 0
0 0 0 0
-2.454 1.177 0.39199999 5
-2.437 1.131 0.45899999 15
0 0 0 0
-2.4449999 1.1440001 0.30700001 17
-2.4679999 1.115 0.38999999 7
-5.9289999 2.596 1.105 43
-2.4489999 1.112 0.226 8
0 0 0 0
-6.2680001 2.6630001 0.98000002 28
-5.908 2.4319999 1.089 41
0 0 0 0
0 0 0 0
-6.2150002 2.4760001 0.96200001 62
-5.8779998 2.2690001 1.073 37
0 0 0 0
0 0 0 0
-6.1820002 2.3010001 0.94700003 62
-5.9089999 2.1329999 1.068 30
0 0 0 0
-6.1360002 2.1949999 0.74000001 4
-6.158 2.135 0.93400002 63
-5.8660002 1.973 1.051 26
0 0 0 0
-6.0170002 1.995 0.71899998 19
-6.1279998 1.969 0.921 65
-5.9959998 1.8710001 1.0650001 31
-5.4650002 1.719 0.48199999 2
-6.092 1.863 0.72299999 58
-6.092 1.806 0.90799999 64
-6.0440001 1.742 1.0650001 65
0 0 0 0
-6.0599999 1.698 0.713 73
-6.0650001 1.65 0.898 66
-6.0419998 1.598 1.056 79
-5.4130001 1.42 0.472 7
-5.4819999 1.399 0.64099997 12
0 0 0 0
-6.006 1.448 1.0420001 63
-5.3899999 1.274 0.46799999 62
-5.3860002 1.2410001 0.62599999 17
0 0 0 0
-5.9949999 1.306 1.0319999 59
-5.3639998 1.132 0.46399999 63
-5.3530002 1.101 0.61799997 28
0 0 0 0
-5.9310002 1.1569999 1.0140001 66
0 0 0 0
0 0 0 0
0 0 0 0
0 0 0 0
0 0 0 0
0 0 0 0
0 0 0 0
0 0 0 0
0 0 0 0
0 0 0 0
0 0 0 0
0 0 0 0
0 0 0 0
0 0 0 0
-4.5419998 0.48800001 0.64499998 12
-4.5450001 0.47799999 0.759 13
-4.6110001 0.40200001 0.39700001 14
-4.6030002 0.39700001 0.52200001 13
-4.598 0.38999999 0.64999998 13
-4.605 0.382 0.76499999 13
-4.8499999 0.30500001 0.41800001 0
-4.8639998 0.30399999 0.551 1
-4.8920002 0.30199999 0.68900001 1
-4.9070001 0.30000001 0.81199998 0
-5.4320002 0.20999999 0.46900001 0
-5.5029998 0.21600001 0.62300003 1
-5.5700002 0.219 0.78200001 1
-5.5190001 0.21600001 0.90899998 1
-5.7620001 0.083999999 0.49900001 103
-5.756 0.090000004 0.65100002 98
-5.7480001 0.096000001 0.80500001 92
-5.7610002 0.097999997 0.94499999 100
-3.5350001 -0.033 0.30700001 6
-3.523 -0.026000001 0.398 6
-3.53 -0.02 0.493 6
-13.939 -0.064999998 2.279 2
-3.5079999 -0.118 0.30599999 6
-3.5020001 -0.108 0.396 6
-3.484 -0.098999999 0.486 7
-3.4560001 -0.090999998 0.56300002 5
-3.3150001 -0.191 0.29100001 6
-3.325 -0.18000001 0.37599999 6
-3.3380001 -0.17 0.465 6
-3.3640001 -0.163 0.546 5
-8.2690001 -0.67699999 0.73100001 2
-3.359 -0.26100001 0.38100001 6
-3.348 -0.24699999 0.46599999 6
-3.3329999 -0.235 0.54000002 6
-1.761 -0.18700001 0.156 43
-1.745 -0.176 0.198 41
-1.7410001 -0.168 0.242 36
-1.739 -0.161 0.28099999 43
-1.73 -0.226 0.155 42
-1.706 -0.213 0.19400001 43
-1.696 -0.20200001 0.236 47
-1.691 -0.19400001 0.27200001 50
-1.744 -0.27000001 0.15700001 35
-1.716 -0.255 0.19599999 34
-1.704 -0.242 0.237 40
-1.6849999 -0.23100001 0.271 48
-8.0909996 -1.456 0.73799998 27
-8.1149998 -1.4 0.93199998 24
-1.7539999 -0.28999999 0.244 39
-1.725 -0.27500001 0.27700001 45
-1.523 -0.31099999 0.14 32
-1.5700001 -0.30899999 0.18099999 41
-1.577 -0.29699999 0.219 44
-1.609 -0.29300001 0.25799999 30
-1.518 -0.34900001 0.141 50
-1.524 -0.336 0.176 41
-1.5319999 -0.32499999 0.213 44
-1.545 -0.31600001 0.248 49
-1.499 -0.382 0.141 37
-1.522 -0.373 0.177 44
-1.517 -0.35800001 0.212 46
-1.51 -0.34400001 0.242 49
-1.558 -0.43799999 0.148 16
-1.534 -0.414 0.18000001 38
-1.527 -0.39700001 0.214 51
-1.52 -0.382 0.244 49
-5.381 -1.651 0.51899999 13
-5.4460001 -1.609 0.64300001 18
-1.572 -0.44600001 0.221 17
-1.546 -0.42399999 0.248 37
-5.5040002 -1.835 0.537 2
-5.507 -1.767 0.65600002 5
-5.5300002 -1.7079999 0.77999997 4
-5.539 -1.653 0.889 4
-5.4310002 -1.956 0.53799999 2
-5.4949999 -1.906 0.65899998 4
-5.5009999 -1.836 0.77899998 5
-5.5180001 -1.781 0.88700002 4
-5.289 -2.05 0.53100002 4
-5.2080002 -1.943 0.63 5
-5.4190001 -1.946 0.77100003 6
-5.493 -1.906 0.884 4
-5.3309999 -2.2130001 0.54400003 4
-5.3379998 -2.135 0.65200001 3
-5.3070002 -2.0420001 0.75800002 4
-5.224 -1.944 0.84200001 4
0 0 0 0
-5.316 -2.2690001 0.65600002 3
-5.3280001 -2.1889999 0.76599997 5
-5.3449998 -2.1240001 0.86400002 3
0 0 0 0
-5.302 -2.4100001 0.66100001 2
-5.309 -2.323 0.76700002 3
-5.3140001 -2.2479999 0.861 4
0 0 0 0
-5.276 -2.5480001 0.66600001 1
-5.29 -2.4590001 0.76999998 2
-5.2950001 -2.378 0.86000001 2
0 0 0 0
-5.2540002 -2.691 0.671 1
-5.2639999 -2.5929999 0.77100003 2
-5.2610002 -2.5039999 0.85799998 6
0 0 0 0
0 0 0 0
-3.382 -1.762 0.49900001 0
-5.2399998 -2.6389999 0.85699999 1
0 0 0 0
0 0 0 0
0 0 0 0
0 0 0 0
0 0 0 0
0 0 0 0
0 0 0 0
0 0 0 0
0 0 0 0
0 0 0 0
0 0 0 0
0 0 0 0
0 0 0 0
0 0 0 0
0 0 0 0
0 0 0 0
0 0 0 0
0 0 0 0
-2.53 -1.706 0.391 0
0 0 0 0
-4.4229999 -3.395 0.56199998 2
0 0 0 0
0 0 0 0
0 0 0 0
0 0 0 0
0 0 0 0
0 0 0 0
0 0 0 0
0 0 0 0
0 0 0 0
0 0 0 0
0 0 0 0
0 0 0 0
0 0 0 0
0 0 0 0
0 0 0 0
0 0 0 0
0 0 0 0
0 0 0 0
0 0 0 0
0 0 0 0
0 0 0 0
0 0 0 0
0 0 0 0
0 0 0 0
0 0 0 0
0 0 0 0
0 0 0 0
0 0 0 0
0 0 0 0
0 0 0 0
0 0 0 0
0 0 0 0
-1.277 -1.369 0.213 0
0 0 0 0
0 0 0 0
-1.1390001 -1.341 0.18700001 1
0 0 0 0
0 0 0 0
0 0 0 0
0 0 0 0
0 0 0 0
-1.209 -1.3559999 0.22 1
0 0 0 0
0 0 0 0
0 0 0 0
-1.14 -1.3380001 0.211 2
0 0 0 0
-2.2049999 -2.997 0.40400001 5
0 0 0 0
0 0 0 0
0 0 0 0
-4.5630002 -6.5170002 0.87 14
-4.638 -6.2880001 0.88999999 8
0 0 0 0
-1.104 -1.36 0.21600001 0
-4.5240002 -6.7940001 0.89700001 16
-4.5840001 -6.5289998 0.90799999 19
-4.651 -6.2820001 0.92400002 16
-2.342 -3.0190001 0.46599999 5
-4.467 -7.0619998 0.92400002 17
-4.527 -6.7729998 0.92699999 17
-4.5999999 -6.5170002 0.93699998 19
-4.6209998 -6.243 0.93699998 16
-4.4109998 -7.3449998 0.95300001 17
-4.4860001 -7.0609999 0.95099998 19
-4.5549998 -6.77 0.95300001 21
-4.5609999 -6.4569998 0.94300002 17
-4.3610001 -7.6550002 0.986 15
-4.4200001 -7.3189998 0.97299999 17
-4.5040002 -7.0339999 0.97000003 20
-4.5489998 -6.756 0.96100003 17
0 0 0 0
-4.3629999 -7.612 0.99800003 18
-4.4359999 -7.2880001 0.98400003 16
-4.4710002 -6.973 0.96600002 17
0 0 0 0
-4.309 -7.934 1.027 1
-4.3860002 -7.5879998 1.005 18
-4.4250002 -7.257 0.97899997 15
-4.1620002 -8.6520004 1.0930001 16
0 0 0 0
-4.322 -7.8930001 1.024 2
-4.3709998 -7.5469999 0.99199998 15
-4.0910001 -9.0439997 1.135 15
0 0 0 0
0 0 0 0
-4.3119998 -7.8470001 1.006 8
-4.0100002 -9.4359999 1.179 17
-4.1030002 -8.9899998 1.12 18
0 0 0 0
0 0 0 0
-3.928 -9.8629999 1.228 11
-4.0289998 -9.3769999 1.158 19
-4.1279998 -8.927 1.097 17
0 0 0 0
-3.8399999 -10.325 1.281 15
-3.947 -9.8039999 1.197 15
-4.0539999 -9.3149996 1.126 17
-4.131 -8.8909998 1.0599999 16
-3.7409999 -10.814 1.337 12
-3.858 -10.253 1.24 16
-3.9760001 -9.7390003 1.1569999 14
-4.0500002 -9.257 1.079 16
-3.641 -11.37 1.402 9
-3.7639999 -10.74 1.2869999 14
-3.892 -10.189 1.191 16
-3.9619999 -9.6549997 1.099 17
-3.5190001 -11.93 1.467 7
-3.664 -11.291 1.34 12
-3.7939999 -10.668 1.226 15
-3.8800001 -10.101 1.124 13
-3.3959999 -12.577 1.544 8
-3.5469999 -11.844 1.395 10
-3.7 -11.203 1.268 13
-3.7820001 -10.561 1.148 15
-3.2550001 -13.253 1.625 6
-3.434 -12.508 1.462 7
-3.589 -11.758 1.312 11
-3.6900001 -11.08 1.179 11
0 0 0 0
-3.2869999 -13.126 1.524 5
-3.4790001 -12.39 1.363 8
-3.5780001 -11.616 1.211 11
0 0 0 0
-3.1140001 -13.757 1.586 3
-3.3310001 -13.005 1.41 8
-3.4649999 -12.227 1.247 9
0 0 0 0
-2.984 -14.737 1.689 5
-3.1800001 -13.707 1.467 7
-3.3340001 -12.889 1.2869999 8
0 0 0 0
-2.79 -15.62 1.779 5
-3.0450001 -14.646 1.546 2
-3.1889999 -13.608 1.33 8
0 0 0 0
-2.102 -13.558 1.536 2
-2.8529999 -15.504 1.615 6
-3.0910001 -14.688 1.4069999 2
0 0 0 0
0 0 0 0
-2.1800001 -13.574 1.397 1
-2.8529999 -15.301 1.4349999 7
0 0 0 0
0 0 0 0
0 0 0 0
-2.2320001 -13.67 1.2589999 2
0 0 0 0
0 0 0 0
0 0 0 0
0 0 0 0
0 0 0 0
0 0 0 0
0 0 0 0
0 0 0 0
0 0 0 0
0 0 0 0
0 0 0 0
0 0 0 0
0 0 0 0
0 0 0 0
0 0 0 0
0 0 0 0
0 0 0 0
0 0 0 0
0 0 0 0
0 0 0 0
0 0 0 0
0 0 0 0
0.028000001 -29.267 2.7980001 6
0 0 0 0
0 0 0 0
0 0 0 0
0.69499999 -29.136 2.7609999 6
-0.027000001 -29.274 2.365 9
0 0 0 0
0 0 0 0
1.358 -29.042 2.7290001 8
0.64399999 -29.163 2.3150001 9
0 0 0 0
0 0 0 0
2.0150001 -28.891001 2.694 7
1.318 -29.037001 2.2639999 9
0 0 0 0
0 0 0 0
2.677 -28.790001 2.664 6
1.989 -28.924 2.2160001 12
0 0 0 0
0 0 0 0
2.503 -21.504 1.974 2
2.6459999 -28.764 2.1689999 11
0 0 0 0
0 0 0 0
3.983 -28.513 2.5999999 6
3.313 -28.659 2.1240001 7
0 0 0 0
0 0 0 0
3.473 -21.288 1.929 4
3.9549999 -28.475 2.0780001 11
0 0 0 0
0 0 0 0
0 0 0 0
0 0 0 0
0 0 0 0
0.25400001 -1.071 0.118 0
0 0 0 0
0 0 0 0
0 0 0 0
0 0 0 0
0.249 -1.061 0.093999997 0
0 0 0 0
0 0 0 0
0 0 0 0
0 0 0 0
0 0 0 0
0.324 -0.963 0.13 2
0 0 0 0
0 0 0 0
0 0 0 0
0.36199999 -1 0.13600001 6
0.324 -0.96600002 0.108 2
0 0 0 0
0 0 0 0
0.38600001 -0.99800003 0.13699999 23
0.36000001 -0.99699998 0.112 7
0.324 -0.96799999 0.085000001 2
0 0 0 0
0.40599999 -0.98500001 0.13699999 19
0.38699999 -0.99800003 0.113 20
0.359 -0.99699998 0.086999997 11
0 0 0 0
0.43099999 -0.98199999 0.13699999 24
0.40900001 -0.98900002 0.112 17
0.38699999 -1.002 0.086999997 21
0.36300001 -1.001 0.064000003 23
0.456 -0.97799999 0.138 14
0.433 -0.98299998 0.112 17
0.41 -0.991 0.086000003 19
0.389 -0.99900001 0.063000001 29
0.479 -0.97000003 0.139 13
0.45300001 -0.96899998 0.111 12
0.435 -0.98500001 0.085000001 17
0.414 -0.99299997 0.061000001 29
0.50999999 -0.977 0.141 0
0.47999999 -0.96799999 0.112 11
0.45699999 -0.97500002 0.083999999 15
0.44100001 -0.99000001 0.059999999 27
0.50999999 -0.92699999 0.13600001 0
0.51300001 -0.977 0.114 0
0.48199999 -0.96899998 0.083999999 11
0.46599999 -0.98400003 0.059 27
0 0 0 0
0 0 0 0
0.50400001 -0.95700002 0.082999997 0
0.486 -0.96700001 0.057999998 8
0.60000002 -0.98400003 0.148 1
0 0 0 0
0 0 0 0
0.5 -0.93900001 0.055 1
0 0 0 0
0.61000001 -0.99299997 0.118 1
0 0 0 0
0 0 0 0
0 0 0 0
0 0 0 0
0 0 0 0
0 0 0 0
8.8719997 -12.583 1.973 6
0 0 0 0
0 0 0 0
0 0 0 0
0 0 0 0
8.8190002 -12.366 1.526 3
0 0 0 0
0 0 0 0
0 0 0 0
8.618 -11.523 1.439 1
8.8030005 -12.227 1.084 3
0 0 0 0
8.4110003 -10.389 1.706 6
8.5340004 -10.888 1.376 5
8.6090002 -11.387 1.0140001 3
0 0 0 0
8.3070002 -9.8100004 1.637 6
8.3839998 -10.213 1.307 5
8.4680004 -10.677 0.95700002 3
0 0 0 0
8.1929998 -9.2539997 1.571 7
8.2489996 -9.5939999 1.245 6
8.3389997 -10.028 0.90600002 6
8.4219999 -10.431 0.57800001 9
8.085 -8.7320004 1.5089999 6
8.1569996 -9.0600004 1.192 6
8.2089996 -9.4139996 0.85600001 6
8.3100004 -9.809 0.542 5
8.0080004 -8.2720003 1.456 9
8.059 -8.5530005 1.143 8
8.1049995 -8.8669996 0.81300002 8
8.1490002 -9.1680002 0.50400001 10
7.927 -7.836 1.406 7
7.9640002 -8.0790005 1.097 10
8.0229998 -8.3769999 0.77600002 7
3.4389999 -3.6889999 0.20200001 1
7.835 -7.4120002 1.357 9
7.8829999 -7.6389999 1.054 9
7.9109998 -7.8860002 0.73799998 6
7.9850001 -8.1630001 0.44499999 9
7.7610002 -7.0250001 1.313 5
7.7989998 -7.224 1.015 12
7.835 -7.4510002 0.70499998 7
7.8829999 -7.684 0.41800001 12
7.6900001 -6.6560001 1.271 10
7.7189999 -6.8319998 0.97799999 11
7.763 -7.0469999 0.676 4
7.8140001 -7.2620001 0.39500001 11
7.619 -6.3070002 1.232 11
7.6440001 -6.46 0.94300002 11
7.6739998 -6.6469998 0.64600003 3
3.836 -3.3989999 0.185 1
7.5479999 -5.974 1.1950001 6
7.5799999 -6.1170001 0.912 11
7.619 -6.296 0.62099999 3
7.652 -6.4580002 0.35100001 12
0 0 0 0
0 0 0 0
0 0 0 0
7.5700002 -6.085 0.33199999 10
0 0 0 0
7.4349999 -5.461 0.852 14
0 0 0 0
0 0 0 0
7.3759999 -5.0830002 1.098 9
7.3779998 -5.1669998 0.82700002 13
7.4219999 -5.3010001 0.551 4
0 0 0 0
7.316 -4.8060002 1.068 7
7.3130002 -4.8790002 0.801 13
7.3559999 -5 0.53100002 5
7.3579998 -5.0890002 0.28200001 12
7.2550001 -4.5409999 1.039 9
7.257 -4.605 0.77700001 12
7.2940001 -4.7129998 0.51200002 9
7.289 -4.7859998 0.26800001 12
7.2090001 -4.2950001 1.0140001 5
7.2059999 -4.3499999 0.75599998 12
7.2220001 -4.4310002 0.49399999 12
7.2249999 -4.5029998 0.255 12
7.1700001 -4.0619998 0.991 2
7.1459999 -4.0939999 0.73400003 15
7.1680002 -4.171 0.477 13
7.178 -4.2360001 0.242 13
7.1399999 -3.8399999 0.97000003 1
7.1030002 -3.858 0.71499997 14
7.1199999 -3.924 0.46200001 12
7.131 -3.9779999 0.23100001 12
7.0739999 -3.6029999 0.94400001 2
7.0549998 -3.6259999 0.69599998 14
7.0570002 -3.6730001 0.44499999 13
7.079 -3.727 0.22 12
7.033 -3.3900001 0.92299998 1
7.0289998 -3.4119999 0.67900002 7
7.0310001 -3.4530001 0.433 13
7.0440001 -3.4949999 0.20999999 9
6.9980001 -3.184 0.903 3
6.9829998 -3.1960001 0.66299999 11
6.9910002 -3.2309999 0.41999999 13
6.9860001 -3.2609999 0.20100001 11
6.9320002 -2.9719999 0.88 10
6.9369998 -2.987 0.64600003 11
6.9429998 -3.0139999 0.40799999 11
6.9439998 -3.04 0.193 11
6.8969998 -2.78 0.86199999 10
6.9099998 -2.7909999 0.63200003 14
6.9219999 -2.8150001 0.39700001 15
6.8899999 -2.8210001 0.185 10
6.8559999 -2.5899999 0.84399998 10
6.8579998 -2.5899999 0.61699998 13
6.8990002 -2.619 0.38800001 14
6.8439999 -2.6099999 0.177 7
6.8390002 -2.414 0.829 7
6.8070002 -2.3940001 0.60100001 12
6.8390002 -2.4130001 0.37599999 18
6.79 -2.402 0.169 10
6.7859998 -2.2249999 0.81 9
6.8010001 -2.22 0.59100002 6
6.79 -2.217 0.36500001 10
6.7839999 -2.2179999 0.164 9
6.7529998 -2.052 0.79400003 9
6.7789998 -2.0420001 0.579 3
6.7519999 -2.0309999 0.35600001 11
6.7459998 -2.0250001 0.15800001 7
4.4949999 -1.2589999 0.52100003 0
6.75 -1.868 0.56800002 1
4.6630001 -1.283 0.241 0
4.598 -1.26 0.104 0
6.7080002 -1.721 0.76700002 8
6.7129998 -1.697 0.55699998 1
4.6339998 -1.16 0.235 0
4.5770001 -1.137 0.101 0
6.6680002 -1.5549999 0.75300002 6
5.8039999 -1.326 0.47400001 1
4.6069999 -1.039 0.23 0
6.6550002 -1.484 0.142 4
6.6490002 -1.396 0.74000001 6
6.6399999 -1.359 0.53399998 4
6.5900002 -1.324 0.32300001 8
6.6129999 -1.307 0.138 6
6.6259999 -1.239 0.727 4
4.9499998 -0.89399999 0.39199999 0
6.527 -1.151 0.31400001 8
6.5760002 -1.1339999 0.133 4
6.5710001 -1.08 0.71200001 4
5.322 -0.83700001 0.41600001 0
6.5050001 -0.98900002 0.308 7
6.553 -0.96700001 0.12899999 4
6.552 -0.92799997 0.70099998 2
6.5009999 -0.87300003 0.50099999 1
5.9990001 -0.76899999 0.27900001 15
6.0830002 -0.74699998 0.117 11
6.4889998 -0.77399999 0.685 8
6.4829998 -0.71899998 0.493 16
6.0929999 -0.63700002 0.28 10
5.9990001 -0.59200001 0.113 10
6.4489999 -0.62699997 0.67299998 7
6.4629998 -0.56999999 0.486 17
5.9429998 -0.48100001 0.26899999 14
5.9289999 -0.44 0.11 18
6.434 -0.48100001 0.66299999 15
6.4029999 -0.41800001 0.47499999 17
5.9089999 -0.338 0.264 15
5.8940001 -0.29499999 0.107 19
6.223 -0.32800001 0.63300002 9
6.1539998 -0.259 0.44999999 8
5.8870001 -0.197 0.259 17
5.8709998 -0.149 0.105 20
6.1849999 -0.18700001 0.62199998 10
6.3189998 -0.122 0.45699999 6
6.2610002 -0.061000001 0.27200001 2
6.3579998 -0.0080000004 0.112 3
6.3150001 -0.052000001 0.62800002 2
6.349 0.022 0.454 2
6.3340001 0.086999997 0.27200001 102
6.302 0.145 0.109 84
6.336 0.086999997 0.62199998 69
6.2989998 0.16500001 0.44600001 101
5.7810001 0.215 0.24600001 91
5.7690001 0.27200001 0.098999999 104
6.0669999 0.21600001 0.58999997 12
6.2459998 0.30500001 0.43700001 104
5.7579999 0.34900001 0.242 92
5.743 0.40799999 0.097999997 101
6.0100002 0.34799999 0.57700002 33
5.9429998 0.426 0.412 66
5.7249999 0.48300001 0.23899999 97
5.7160001 0.546 0.097000003 106
5.9689999 0.47799999 0.56699997 49
6.1690001 0.58499998 0.42300001 103
4.2690001 0.461 0.176 47
4.2280002 0.509 0.071000002 67
4.1859999 0.43000001 0.39300001 11
4.2950001 0.50700003 0.29100001 46
4.2589998 0.56400001 0.17399999 67
4.2090001 0.611 0.07 76
4.1009998 0.51300001 0.38100001 36
6.1420002 0.86900002 0.41299999 133
4.2350001 0.662 0.17200001 66
4.191 0.71200001 0.07 76
4.0819998 0.60299999 0.375 25
6.1149998 1.008 0.40700001 132
4.2249999 0.76300001 0.17 63
4.1820002 0.815 0.068999998 71
4.0770001 0.69499999 0.37 30
6.0939999 1.149 0.40200001 130
4.2010002 0.861 0.168 63
4.1469998 0.91100001 0.07 61
4.0599999 0.78399998 0.36500001 22
6.0669999 1.285 0.398 130
4.1729999 0.958 0.167 73
4.1230001 1.012 0.068999998 49
4.0359998 0.87199998 0.36000001 16
5.2420001 1.237 0.34099999 5
4.151 1.056 0.16500001 44
5.5370002 1.502 0.093999997 119
4.02 0.96399999 0.35499999 14
4.1659999 1.086 0.26800001 29
5.5310001 1.551 0.21799999 150
2.5380001 0.75599998 0.043000001 5
4.105 1.0829999 0.35800001 12
5.9840002 1.707 0.38299999 104
2.5309999 0.77399999 0.098999999 4
5.4829998 1.78 0.093999997 70
5.9829998 1.721 0.51700002 115
2.497 0.77499998 0.15800001 16
5.4640002 1.813 0.215 67
5.4510002 1.915 0.094999999 101
2.1619999 0.67400002 0.185 60
2.165 0.72600001 0.13600001 3
5.4569998 1.955 0.214 150
5.4219999 2.053 0.096000001 102
2.1600001 0.72600001 0.183 2
2.1659999 0.78200001 0.13600001 13
5.6570001 2.1760001 0.223 106
5.401 2.194 0.097000003 103
2.1559999 0.77899998 0.18099999 3
2.223 0.86000001 0.138 4
5.7360001 2.3640001 0.226 150
5.3740001 2.336 0.098999999 102
2.1300001 0.82300001 0.177 15
2.3659999 0.97899997 0.147 4
5.704 2.5090001 0.22499999 146
0 0 0 0
2.1199999 0.87599999 0.17399999 31
2.3940001 1.057 0.147 42
0 0 0 0
0 0 0 0
2.1159999 0.93000001 0.17200001 51
0 0 0 0
0 0 0 0
0 0 0 0
2.099 0.97899997 0.169 58
0 0 0 0
0 0 0 0
0 0 0 0
0 0 0 0
0 0 0 0
2.7119999 1.515 0.108 5
1.696 0.99599999 0.035 4
0 0 0 0
2.5969999 1.443 0.15800001 2
0 0 0 0
5.2049999 3.2290001 0.111 93
0 0 0 0
0 0 0 0
0 0 0 0
1.809 1.183 0.039999999 14
0 0 0 0
0 0 0 0
1.8200001 1.193 0.074000001 0
5.1339998 3.5420001 0.116 56
0 0 0 0
0 0 0 0
3.1340001 2.1619999 0.12899999 14
0 0 0 0
1.635 1.051 0.125 44
2.9430001 2.013 0.177 0
2.921 2.118 0.121 18
5.4959998 4.1950002 0.133 16
1.5880001 1.072 0.121 2
2.7880001 2.003 0.167 32
2.77 2.1099999 0.116 32
0 0 0 0
2.8169999 1.995 0.212 19
2.641 1.989 0.15899999 30
2.7479999 2.1960001 0.117 35
2.326 1.957 0.061000001 43
2.6389999 1.959 0.198 6
2.5109999 1.983 0.15099999 32
2.3380001 1.961 0.101 9
4.427 3.9130001 0.121 23
2.4990001 1.9450001 0.186 31
2.3759999 1.9680001 0.14300001 4
2.7119999 2.385 0.119 29
1.146 1.064 0.032000002 2
2.365 1.929 0.17399999 4
2.257 1.961 0.13600001 15
0 0 0 0
2.8310001 2.757 0.083999999 0
2.234 1.908 0.163 30
2.1440001 1.951 0.12899999 3
2.8369999 2.7449999 0.12899999 1
0 0 0 0
2.1470001 1.92 0.156 29
0 0 0 0
2.7590001 2.7980001 0.12800001 15
0 0 0 0
0 0 0 0
2.779 2.7739999 0.169 4
0 0 0 0
1.669 1.877 0.057 4
1.937 1.895 0.139 3
1.0369999 1.084 0.063000001 2
0 0 0 0
2.3629999 2.7880001 0.085000001 18
0 0 0 0
0 0 0 0
2.0769999 2.427 0.103 3
0 0 0 0
0 0 0 0
0 0 0 0
1.992 2.4430001 0.101 10
2.3469999 3.0569999 0.093000002 8
1.836 2.0610001 0.12899999 6
0 0 0 0
1.872 2.4100001 0.097999997 0
3.4579999 4.7340002 0.145 3
1.819 2.138 0.127 37
0 0 0 0
1.781 2.4070001 0.096000001 0
3.3570001 4.8330002 0.149 3
1.789 2.204 0.124 18
1.7539999 2.3210001 0.112 21
1.724 2.45 0.096000001 9
0 0 0 0
1.7640001 2.277 0.121 34
1.724 2.3940001 0.111 37
1.663 2.484 0.094999999 5
0 0 0 0
1.74 2.355 0.119 49
1.697 2.474 0.111 29
0 0 0 0
3.2579999 5.4899998 0.17299999 18
1.728 2.454 0.118 33
1.6440001 2.5220001 0.109 4
0 0 0 0
3.066 5.4590001 0.17299999 17
1.674 2.4990001 0.113 1
1.0599999 1.714 0.071000002 2
3.1429999 5.5 0.20200001 2
1.4069999 2.6530001 0.085000001 58
0 0 0 0
3.2349999 5.5089998 0.222 1
1.428 2.641 0.094999999 8
1.329 2.655 0.086000003 1
0 0 0 0
1.441 2.589 0.1 5
1.346 2.6370001 0.093999997 13
0 0 0 0
1.431 2.4920001 0.094999999 0
1.3789999 2.6199999 0.097999997 25
1.247 2.5910001 0.090999998 4
0 0 0 0
1.431 2.6289999 0.094999999 5
1.29 2.5929999 0.093999997 3
0 0 0 0
0 0 0 0
1.3609999 2.6429999 0.090000004 23
0 0 0 0
0 0 0 0
0 0 0 0
1.281 2.6340001 0.085000001 4
0 0 0 0
0 0 0 0
0 0 0 0
0 0 0 0
0 0 0 0
1.421 3.8399999 0.131 0
0 0 0 0
0 0 0 0
0 0 0 0
0.82800001 2.408 0.081 0
1.163 3.7850001 0.133 0
0 0 0 0
0 0 0 0
1.2079999 3.803 0.12800001 0
0 0 0 0
0 0 0 0
0 0 0 0
1.1 3.7650001 0.126 0
0.63700002 2.4849999 0.089000002 3
0.84200001 2.408 0.056000002 3
0 0 0 0
0.67000002 2.513 0.083999999 14
0.57800001 2.4990001 0.090999998 11
0 0 0 0
0 0 0 0
0.60699999 2.513 0.082999997 4
0.51700002 2.5009999 0.093000002 6
0 0 0 0
0 0 0 0
0.54299998 2.5020001 0.082999997 2
0 0 0 0
0 0 0 0
0.87199998 3.757 0.1 39
0 0 0 0
0.38499999 2.4330001 0.093000002 4
0.92500001 3.7279999 0.063000001 2
0.79400003 3.8210001 0.097999997 35
0 0 0 0
0.33500001 2.5 0.097000003 4
0.829 3.711 0.057999998 45
0.67799997 3.6989999 0.093000002 8
0.58899999 4.0739999 0.13500001 25
0.40400001 3.6459999 0.145 24
0.736 3.6919999 0.052000001 42
0.58700001 3.678 0.090000004 46
0.45300001 3.7360001 0.124 10
0.36000001 4.1300001 0.16599999 12
0.64300001 3.6670001 0.046999998 8
0.49599999 3.654 0.086999997 40
0.223 2.2969999 0.075999998 2
0.1 1.574 0.064000003 1
0.55800003 3.6960001 0.041999999 14
0.41100001 3.668 0.085000001 8
0.303 4.105 0.13600001 45
0.164 4.0970001 0.171 11
0.45699999 3.5910001 0.035999998 35
0.354 4.0100002 0.090000004 12
0.207 4.0939999 0.13600001 42
0.068000004 4.0689998 0.17200001 50
0.23800001 2.303 0.02 6
0.103 1.591 0.035 2
0.109 4.0679998 0.13600001 27
-0.025 4.0450001 0.17399999 49
0.28299999 3.553 0.027000001 40
0.149 3.5840001 0.075999998 8
0.015 4.0349998 0.13500001 43
-0.119 4.0289998 0.177 49
0.088 1.577 0.0099999998 6
0.068999998 3.881 0.079999998 47
-0.078000002 4.0139999 0.13500001 43
-0.212 4.0029998 0.17900001 34
0.115 3.5220001 0.017999999 25
-0.017999999 3.4860001 0.071000002 51
-0.171 3.9920001 0.13500001 43
-0.30199999 3.9649999 0.18000001 11
0.032000002 3.503 0.014 38
-0.098999999 3.4649999 0.068000004 43
-0.26199999 3.9660001 0.13500001 42
-0.206 2.069 0.096000001 15
-0.048999999 3.4809999 0.0099999998 35
-0.18000001 3.4460001 0.066 38
-0.35299999 3.947 0.13600001 42
-0.25099999 2.0369999 0.096000001 2
-0.132 3.484 0.0060000001 27
-0.25999999 3.4330001 0.064000003 35
-0.44299999 3.9119999 0.13500001 40
-0.574 3.9119999 0.18799999 47
-0.214 3.48 0.0020000001 23
-0.33899999 3.4089999 0.061999999 33
-0.53399998 3.902 0.13600001 16
-0.66299999 3.8889999 0.191 31
-0.29699999 3.487 -0.001 18
-0.417 3.3840001 0.061000001 32
-0.62199998 3.868 0.13600001 40
-0.75199997 3.869 0.193 46
-0.38100001 3.484 -0.0049999999 14
-0.495 3.369 0.059 31
-0.70999998 3.846 0.13600001 13
-0.83999997 3.846 0.19599999 48
-0.46900001 3.5190001 -0.0089999996 8
-0.57200003 3.3440001 0.057 32
-0.79799998 3.8210001 0.13699999 40
-0.94099998 3.875 0.20100001 34
-0.55000001 3.494 -0.012 12
-0.65100002 3.3310001 0.056000002 30
-0.88700002 3.802 0.13699999 40
-1.034 3.869 0.205 107
-0.64499998 3.5480001 -0.016000001 8
-0.727 3.3069999 0.054000001 36
-0.99299997 3.8510001 0.141 110
-1.126 3.8570001 0.20900001 112
-0.71799999 3.4749999 -0.018999999 8
-0.84600002 3.457 0.055 10
-1.0650001 3.766 0.139 150
-1.217 3.8329999 0.212 110
-0.81300002 3.5150001 -0.023 14
-0.90399998 3.3510001 0.052999999 67
-1.1569999 3.756 0.141 150
-1.307 3.812 0.215 123
-0.86199999 3.358 -0.026000001 41
-0.98400003 3.3369999 0.052000001 71
-1.245 3.7320001 0.141 150
-1.399 3.7939999 0.21799999 133
-0.94199997 3.3380001 -0.028999999 67
-1.063 3.3150001 0.050000001 70
-1.332 3.704 0.142 150
-1.49 3.773 0.222 119
-1.023 3.3210001 -0.032000002 69
-1.143 3.2950001 0.048999999 79
-1.427 3.6960001 0.14399999 150
-1.5779999 3.743 0.22499999 50
-1.105 3.303 -0.035 79
-1.228 3.2880001 0.048 93
-1.518 3.6760001 0.145 150
-2.0139999 4.4850001 0.27500001 8
-1.189 3.293 -0.037999999 80
-1.307 3.2639999 0.046999998 108
-1.309 2.973 0.119 10
-2.092 4.388 0.27599999 26
-1.27 3.2690001 -0.041999999 84
-1.307 3.0539999 0.043000001 29
-1.257 2.684 0.109 26
-2.161 4.2789998 0.27500001 117
-1.348 3.2379999 -0.044 87
-1.265 2.7709999 0.039000001 27
-1.274 2.563 0.106 111
-2.2709999 4.2519999 0.27900001 90
-1.273 2.8640001 -0.041999999 28
-1.2460001 2.569 0.035 79
-1.273 2.4200001 0.102 37
-1.26 2.2360001 0.15000001 2
-1.2359999 2.608 -0.041000001 39
-1.303 2.533 0.034000002 91
-1.245 2.2390001 0.096000001 36
-1.217 2.0480001 0.141 16
-1.289 2.562 -0.041999999 119
-1.248 2.2920001 0.030999999 37
-1.2180001 2.0769999 0.090000004 44
-1.15 1.839 0.13 31
-1.258 2.3570001 -0.041999999 35
-1.224 2.1270001 0.028000001 41
-1.163 1.881 0.082999997 55
-1.122 1.707 0.123 39
-1.23 2.177 -0.041000001 39
-1.191 1.961 0.026000001 42
-1.126 1.7309999 0.078000002 40
-1.101 1.595 0.118 47
-1.201 2.0109999 -0.039000001 37
-1.131 1.767 0.023 37
-1.108 1.62 0.075000003 47
-1.089 1.503 0.114 47
-1.1390001 1.807 -0.037 38
-1.109 1.646 0.021 40
-1.091 1.5190001 0.071000002 49
-1.074 1.413 0.11 50
-1.118 1.683 -0.035999998 40
-1.094 1.545 0.02 45
-1.077 1.428 0.068999998 49
-1.0650001 1.3380001 0.107 47
-1.099 1.571 -0.035999998 44
-1.081 1.452 0.018999999 43
-1.067 1.35 0.066 48
-1.057 1.267 0.104 70
-1.085 1.475 -0.035 44
-1.064 1.362 0.017000001 47
-1.0599999 1.279 0.064000003 64
-1.1 1.26 0.106 73
-1.067 1.378 -0.034000002 44
-1.057 1.288 0.016000001 59
-1.0930001 1.258 0.064999998 76
-1.143 1.25 0.108 80
-1.058 1.302 -0.034000002 57
-1.081 1.256 0.016000001 77
-1.136 1.249 0.066 80
-1.1900001 1.244 0.111 75
-1.073 1.256 -0.034000002 83
-1.1289999 1.251 0.016000001 85
-1.183 1.2410001 0.067000002 79
-1.234 1.234 0.113 79
-1.122 1.252 -0.035 79
-1.1720001 1.24 0.016000001 78
-1.23 1.232 0.068999998 80
-1.284 1.227 0.116 73
-1.168 1.2410001 -0.037 76
-1.225 1.235 0.016000001 82
-1.28 1.225 0.07 76
-1.337 1.221 0.119 76
-1.219 1.235 -0.037999999 80
-1.274 1.226 0.016000001 87
-1.327 1.212 0.071000002 74
-1.388 1.212 0.122 81
-1.273 1.228 -0.039000001 78
-1.324 1.215 0.016000001 84
-1.385 1.2079999 0.072999999 78
-1.439 1.2 0.125 82
-1.326 1.219 -0.041000001 81
-1.3789999 1.206 0.016000001 83
-1.4400001 1.199 0.075000003 76
-1.493 1.1900001 0.12800001 85
-1.378 1.207 -0.041999999 86
-1.438 1.199 0.016000001 88
-1.494 1.187 0.075999998 76
-1.553 1.181 0.131 92
-1.434 1.1950001 -0.043000001 80
-1.49 1.1849999 0.017000001 83
-1.5549999 1.178 0.078000002 74
-1.61 1.169 0.134 83
-1.494 1.1849999 -0.045000002 78
-1.551 1.174 0.017000001 68
-1.619 1.169 0.081 74
-1.678 1.161 0.139 55
-1.557 1.175 -0.046 72
-1.62 1.168 0.017000001 71
-1.696 1.1670001 0.082999997 57
-2.0320001 1.34 0.16599999 4
-1.624 1.165 -0.048 68
-1.6950001 1.1619999 0.017000001 40
-2.027 1.327 0.097999997 5
-2.0179999 1.267 0.163 12
-1.719 1.1720001 -0.050000001 10
-2.03 1.322 0.02 6
-2.02 1.257 0.097000003 81
-2.0510001 1.224 0.164 5
-2.0350001 1.316 -0.059 6
-2.0220001 1.25 0.02 150
-2.0650001 1.22 0.097999997 6
-2.1259999 1.206 0.169 4
-2.029 1.243 -0.057999998 139
-2.0669999 1.212 0.02 7
-2.1500001 1.205 0.101 6
-2.201 1.184 0.17299999 3
-2.095 1.215 -0.059 6
-2.1559999 1.196 0.021 6
-2.2349999 1.186 0.104 6
-2.2950001 1.169 0.17900001 2
-2.1800001 1.194 -0.061000001 4
-2.2539999 1.182 0.021 6
-2.3199999 1.164 0.107 4
-2.4560001 1.183 0.19 4
-2.2780001 1.177 -0.063000001 4
-2.345 1.161 0.022 4
-2.4679999 1.169 0.112 17
-2.4389999 1.108 0.18700001 11
-2.431 1.183 -0.066 5
-2.454 1.143 0.023 16
-2.5179999 1.123 0.114 10
0 0 0 0
-2.444 1.117 -0.066 15
-2.5550001 1.118 0.023 5
-2.625 1.099 0.117 4
0 0 0 0
-2.602 1.113 -0.068999998 5
-2.664 1.092 0.024 4
-2.7509999 1.0779999 0.122 4
0 0 0 0
-2.7119999 1.084 -0.071999997 4
-2.7969999 1.0700001 0.025 4
0 0 0 0
0 0 0 0
-2.848 1.058 -0.074000001 3
0 0 0 0
0 0 0 0
0 0 0 0
-5.533 1.905 -0.14300001 44
0 0 0 0
0 0 0 0
0 0 0 0
-5.5029998 1.747 -0.14 46
0 0 0 0
0 0 0 0
-5.428 1.506 0.39500001 21
-5.4720001 1.5930001 -0.13699999 51
0 0 0 0
-5.4239998 1.438 0.233 5
-5.4099998 1.372 0.391 65
-5.4369998 1.4400001 -0.134 55
-5.4109998 1.37 0.048999999 68
-5.3969998 1.301 0.23 62
-5.3850002 1.24 0.38699999 64
-5.4089999 1.294 -0.132 49
-5.3800001 1.227 0.048999999 72
-5.3740001 1.166 0.228 76
-5.3520002 1.107 0.382 69
-5.3829999 1.151 -0.12899999 58
-5.362 1.091 0.048999999 75
-5.336 1.03 0.22499999 61
0 0 0 0
-5.3639998 1.01 -0.127 20
0 0 0 0
0 0 0 0
0 0 0 0
0 0 0 0
0 0 0 0
0 0 0 0
0 0 0 0
0 0 0 0
0 0 0 0
-5.244 0.64499998 0.21799999 0
0 0 0 0
0 0 0 0
0 0 0 0
-4.5440001 0.454 0.18799999 12
-4.7550001 0.44400001 0.33000001 4
0 0 0 0
-4.5970001 0.38299999 0.044 13
-4.6030002 0.354 0.19 13
-4.6100001 0.32600001 0.31799999 12
0 0 0 0
-4.9320002 0.29499999 0.048 0
-5.052 0.273 0.208 0
0 0 0 0
0 0 0 0
-5.6529999 0.204 0.055 1
-5.744 0.17900001 0.236 11
-5.7509999 0.15099999 0.39300001 3
-5.7649999 0.097000003 -0.12 104
-5.7589998 0.072999999 0.057 102
-5.8070002 0.048999999 0.23800001 19
-5.9580002 0.025 0.405 14
-6.2420001 -0.045000002 -0.127 15
-3.563 -0.037 0.035999998 1
-3.5539999 -0.050999999 0.145 6
-3.5179999 -0.061999999 0.23800001 7
-3.552 -0.111 -0.071000002 6
-3.552 -0.12 0.035999998 7
-3.5569999 -0.131 0.14399999 6
-3.352 -0.133 0.226 7
-8.3310003 -0.463 -0.162 1
-8.3310003 -0.47999999 0.086999997 2
-3.382 -0.20200001 0.13699999 7
-3.3310001 -0.207 0.223 6
-8.2709999 -0.66000003 -0.15700001 2
-3.438 -0.27900001 0.035999998 6
-3.378 -0.27900001 0.13699999 5
-8.2840004 -0.699 0.55400002 4
-3.51 -0.366 -0.064999998 6
-1.839 -0.192 0.018999999 35
-1.813 -0.191 0.072999999 31
-1.779 -0.19 0.118 44
-1.8200001 -0.234 -0.033 41
-1.8 -0.23100001 0.018999999 40
-1.784 -0.229 0.071999997 49
-1.7640001 -0.228 0.117 53
-1.824 -0.27900001 -0.032000002 43
-1.806 -0.27500001 0.02 41
-1.791 -0.27200001 0.071999997 43
-1.765 -0.26800001 0.116 41
-1.85 -0.329 -0.030999999 38
-1.831 -0.32300001 0.02 19
-1.821 -0.31900001 0.072999999 13
-8.0959997 -1.415 0.53200001 38
-1.525 -0.30899999 -0.025 33
-1.538 -0.30899999 0.017000001 39
-1.544 -0.30700001 0.061999999 44
-1.556 -0.30700001 0.101 41
-1.49 -0.34 -0.023 42
-1.5 -0.33700001 0.017000001 38
-1.507 -0.33500001 0.059999999 40
-1.526 -0.336 0.098999999 50
-1.494 -0.37900001 -0.023 11
-1.497 -0.37400001 0.017999999 51
-1.495 -0.36899999 0.059999999 13
-1.5039999 -0.36700001 0.097000003 54
-5.5599999 -1.553 -0.082999997 4
-1.506 -0.414 0.017999999 8
-1.505 -0.40700001 0.059999999 35
-1.508 -0.40400001 0.097000003 48
-5.5409999 -1.694 -0.079999998 6
-5.5619998 -1.67 0.07 11
-5.4169998 -1.601 0.21799999 13
-5.414 -1.579 0.34900001 35
-5.5170002 -1.832 -0.075999998 5
-5.5500002 -1.809 0.071999997 9
-5.48 -1.755 0.22 10
-5.401 -1.706 0.34599999 20
-5.428 -1.948 -0.071000002 3
-5.4660001 -1.925 0.071999997 1
-5.5 -1.901 0.221 6
-5.5029998 -1.873 0.352 6
-5.289 -2.0420001 -0.066 15
-5.2550001 -1.989 0.071000002 8
-5.2620001 -1.9529999 0.212 9
-5.3319998 -1.948 0.34 8
-5.3499999 -2.2160001 -0.064000003 4
-5.342 -2.165 0.074000001 5
-5.349 -2.1259999 0.215 6
-5.3239999 -2.0799999 0.338 7
-5.2670002 -2.3299999 -0.059 1
-5.3260002 -2.306 0.075999998 4
-5.3200002 -2.2550001 0.215 5
-5.3299999 -2.221 0.33700001 5
-5.0180001 -2.365 -0.052999999 52
-5.04 -2.323 0.074000001 84
-5.303 -2.392 0.214 3
-5.3210001 -2.3559999 0.33500001 4
-5.006 -2.5079999 -0.048999999 49
-5.2789998 -2.5840001 0.079000004 2
-5.2839999 -2.53 0.214 2
-5.0510001 -2.3729999 0.317 6
0 0 0 0
-3.3929999 -1.761 0.052000001 30
-5.2659998 -2.6700001 0.214 2
-5.2550001 -2.6129999 0.329 2
0 0 0 0
-4.882 -2.6789999 0.077 0
0 0 0 0
-3.3800001 -1.775 0.20999999 2
0 0 0 0
0 0 0 0
0 0 0 0
-5.3010001 -2.9349999 0.329 2
-2.5810001 -1.618 -0.017000001 5
0 0 0 0
0 0 0 0
0 0 0 0
0 0 0 0
0 0 0 0
0 0 0 0
0 0 0 0
0 0 0 0
0 0 0 0
0 0 0 0
0 0 0 0
0 0 0 0
-7.4660001 -5.3140001 0.13600001 1
0 0 0 0
0 0 0 0
0 0 0 0
-7.3130002 -5.4660001 0.138 1
-7.382 -5.3670001 0.30599999 1
0 0 0 0
0 0 0 0
-4.3839998 -3.438 0.085000001 0
0 0 0 0
0 0 0 0
0 0 0 0
0 0 0 0
0 0 0 0
0 0 0 0
-1.798 -1.598 0 4
0 0 0 0
0 0 0 0
0 0 0 0
0 0 0 0
0 0 0 0
0 0 0 0
0 0 0 0
0 0 0 0
0 0 0 0
0 0 0 0
0 0 0 0
0 0 0 0
0 0 0 0
0 0 0 0
0 0 0 0
0 0 0 0
0 0 0 0
0 0 0 0
0 0 0 0
0 0 0 0
0 0 0 0
0 0 0 0
0 0 0 0
-1.143 -1.351 0.0080000004 10
0 0 0 0
0 0 0 0
0 0 0 0
0 0 0 0
-1.126 -1.346 0.028999999 7
-1.1619999 -1.339 0.050999999 4
0 0 0 0
0 0 0 0
-1.058 -1.326 0.028999999 0
0 0 0 0
-1.151 -1.346 0.067000002 0
-4.6339998 -6.335 0.059 1
-1.005 -1.322 0.028000001 0
0 0 0 0
0 0 0 0
-4.5939999 -6.6030002 0.068000004 1
-0.935 -1.29 0.027000001 2
-4.6859999 -6.2119999 0.211 2
0 0 0 0
0 0 0 0
-0.89099997 -1.291 0.027000001 1
-4.6500001 -6.4660001 0.211 2
-4.6659999 -6.2639999 0.26899999 2
0 0 0 0
-0.847 -1.29 0.027000001 1
-4.619 -6.7399998 0.212 1
0 0 0 0
-0.759 -1.273 0.016000001 1
-0.79699999 -1.279 0.027000001 1
-4.5170002 -6.928 0.20999999 15
-4.5359998 -6.6950002 0.259 10
-0.713 -1.2640001 0.017000001 1
-0.75 -1.268 0.026000001 1
-4.4689999 -7.2069998 0.20999999 3
-4.4699998 -6.9310002 0.25299999 11
-0.65899998 -1.234 0.017000001 1
-0.70700002 -1.261 0.026000001 1
-4.4070001 -7.4850001 0.20999999 17
-4.4650002 -7.277 0.25099999 7
-0.62099999 -1.232 0.017999999 1
-0.66100001 -1.244 0.025 1
-1.612 -2.8870001 0.078000002 9
-4.3979998 -7.5489998 0.24600001 9
-0.59399998 -1.25 0.02 2
-0.61199999 -1.22 0.025 1
-3.9530001 -7.473 0.19400001 13
-1.608 -2.9089999 0.089000002 3
0 0 0 0
-0.583 -1.232 0.025 1
-4.243 -8.4820004 0.212 12
-3.9289999 -7.4990001 0.21699999 13
0 0 0 0
-0.54000002 -1.214 0.024 1
-4.1690001 -8.8369999 0.212 16
-4.223 -8.5229998 0.23100001 13
-0.48300001 -1.232 0.022 2
-0.50400001 -1.207 0.024 1
-4.0970001 -9.2229996 0.212 17
-4.1469998 -8.8710003 0.22499999 17
0 0 0 0
0 0 0 0
-0.505 -1.2130001 0.026000001 1
-4.0689998 -9.243 0.21799999 16
0 0 0 0
-0.449 -1.2309999 0.024 0
-0.465 -1.192 0.025 1
-0.498 -1.204 0.026000001 1
-0.37900001 -1.209 0.024 2
-0.41299999 -1.219 0.024 2
0 0 0 0
-0.47799999 -1.237 0.025 2
0 0 0 0
-0.382 -1.222 0.024 0
0 0 0 0
0 0 0 0
0 0 0 0
0 0 0 0
0 0 0 0
0 0 0 0
0 0 0 0
-0.31 -1.1799999 0.023 0
-0.34900001 -1.211 0.021 0
0 0 0 0
0 0 0 0
0 0 0 0
0 0 0 0
0 0 0 0
0 0 0 0
-0.25400001 -1.184 0.023 0
-0.28299999 -1.183 0.018999999 0
0 0 0 0
0 0 0 0
0 0 0 0
0 0 0 0
0 0 0 0
0 0 0 0
-0.19400001 -1.1670001 0.022 0
-0.22 -1.153 0.016000001 0
0 0 0 0
0 0 0 0
0 0 0 0
-0.19400001 -1.159 0.015 0
0 0 0 0
0 0 0 0
-0.13600001 -1.14 0.022 0
-0.167 -1.1619999 0.014 0
-2.277 -13.739 0.090999998 3
0 0 0 0
-0.11 -1.146 0.022 0
0 0 0 0
-1.9450001 -13.667 0.07 4
0 0 0 0
-0.082000002 -1.123 0.021 0
0 0 0 0
0 0 0 0
0 0 0 0
-0.056000002 -1.1289999 0.021 0
0 0 0 0
0 0 0 0
0 0 0 0
-0.029999999 -1.127 0.021 0
0 0 0 0
0 0 0 0
0 0 0 0
-0.0049999999 -1.124 0.021 0
0 0 0 0
0 0 0 0
0 0 0 0
0.02 -1.1160001 0.021 0
0 0 0 0
0 0 0 0
0 0 0 0
0.045000002 -1.104 0.021 2
0 0 0 0
0 0 0 0
0 0 0 0
0.07 -1.1 0.021 2
0 0 0 0
0 0 0 0
3.175 -28.669001 0.93800002 12
0.096000001 -1.097 0.021 1
0 0 0 0
1.2029999 -28.24 -0.176 8
0 0 0 0
0.121 -1.097 0.02 1
0 0 0 0
0 0 0 0
0 0 0 0
0.147 -1.099 0.02 1
3.1559999 -28.695999 0.124 8
0 0 0 0
0.19499999 -1.08 0.037 3
0.17200001 -1.098 0.02 1
3.8069999 -28.556999 0.101 11
3.221 -28.663 -0.30199999 8
0.21600001 -1.058 0.037 0
0.197 -1.091 0.02 35
0 0 0 0
3.8629999 -28.447001 -0.34099999 9
0.23999999 -1.056 0.037999999 0
0.222 -1.085 0.02 2
0 0 0 0
4.5170002 -28.347 -0.38 14
0.266 -1.056 0.039000001 2
0.24699999 -1.08 0.02 2
0 0 0 0
0 0 0 0
0 0 0 0
0.26699999 -1.059 0.02 7
0 0 0 0
0 0 0 0
0 0 0 0
0.29300001 -1.058 0.018999999 4
0 0 0 0
0 0 0 0
0 0 0 0
0.317 -1.051 0.018999999 4
0 0 0 0
0 0 0 0
0.368 -1.051 0.041999999 5
0.317 -0.97000003 0.017999999 2
0 0 0 0
0 0 0 0
0.375 -0.99599999 0.039999999 31
0.359 -1.0190001 0.018999999 5
0 0 0 0
0 0 0 0
0.39700001 -0.986 0.039999999 30
0.377 -0.99699998 0.017999999 24
0.352 -0.995 -0.003 10
0.322 -0.97000003 -0.023 2
0.42500001 -0.99199998 0.041999999 30
0.403 -0.99599999 0.017999999 23
0.37799999 -0.99400002 -0.0040000002 23
0.35800001 -1 -0.025 22
0.44999999 -0.986 0.041999999 28
0.428 -0.99199998 0.017999999 22
0.40700001 -1.001 -0.0049999999 23
0.38499999 -0.99900001 -0.027000001 30
0.47499999 -0.98199999 0.043000001 24
0.45300001 -0.986 0.017999999 19
0.43200001 -0.995 -0.0060000001 20
0.41 -0.99400002 -0.028999999 25
0.50400001 -0.98500001 0.044 0
0.47600001 -0.977 0.017999999 18
0.45500001 -0.98500001 -0.0070000002 18
0.43599999 -0.99000001 -0.029999999 23
0.50400001 -0.93199998 0.041999999 2
0.50599998 -0.98000002 0.017999999 0
0.477 -0.97399998 -0.0080000004 14
0.458 -0.97799999 -0.032000002 18
0 0 0 0
0.52399999 -0.96100003 0.017000001 0
0.50199997 -0.96700001 -0.0089999996 0
0.48199999 -0.97000003 -0.033 8
0.59799999 -0.99599999 0.046999998 0
0.57300001 -0.99599999 0.017999999 0
0 0 0 0
0.49900001 -0.94599998 -0.034000002 0
0 0 0 0
0.59799999 -0.98699999 0.017000001 0
0 0 0 0
0 0 0 0
0 0 0 0
0 0 0 0
0 0 0 0
0 0 0 0
8.8800001 -12.759 0.64099997 7
0 0 0 0
0 0 0 0
0 0 0 0
0 0 0 0
0 0 0 0
0 0 0 0
0 0 0 0
0 0 0 0
0.73799998 -0.99900001 0.017000001 0
0 0 0 0
0 0 0 0
8.4530001 -10.555 0.56300002 5
0 0 0 0
0 0 0 0
0 0 0 0
8.3310003 -9.9399996 0.54100001 7
0 0 0 0
7.454 -9.4989996 -0.17900001 1
0 0 0 0
8.2049999 -9.3529997 0.51899999 7
0 0 0 0
7.3470001 -8.9289999 -0.18000001 1
7.494 -9.3830004 -0.505 1
8.1049995 -8.8339996 0.50099999 9
0 0 0 0
7.2509999 -8.408 -0.18099999 1
0 0 0 0
8.0109997 -8.3459997 0.48300001 12
0 0 0 0
0 0 0 0
0 0 0 0
7.9289999 -7.901 0.46799999 13
0.92900002 -0.95200002 0.016000001 2
0 0 0 0
0 0 0 0
7.8429999 -7.4749999 0.45199999 11
0 0 0 0
7.0100002 -7.0630002 -0.186 1
0 0 0 0
7.7680001 -7.0799999 0.43799999 11
0 0 0 0
6.9450002 -6.6799998 -0.18700001 1
7.0029998 -6.9060001 -0.46900001 1
7.6869998 -6.6960001 0.42399999 10
1.018 -0.90899998 0.015 1
6.875 -6.3080001 -0.18799999 1
0 0 0 0
7.631 -6.355 0.41100001 14
1.057 -0.90100002 0.014 1
6.7709999 -5.9289999 -0.18799999 1
6.8470001 -6.138 -0.45699999 1
7.5640001 -6.0209999 0.39899999 8
1.108 -0.90200001 0.014 1
6.7259998 -5.6160002 -0.19 1
6.7729998 -5.7870002 -0.45199999 1
0 0 0 0
1.156 -0.898 0.014 1
6.6589999 -5.302 -0.191 1
6.7189999 -5.4710002 -0.44800001 0
0 0 0 0
1.198 -0.88800001 0.013 1
6.5900002 -5.0009999 -0.191 1
6.6399999 -5.1459999 -0.44299999 1
7.3590002 -5.0929999 0.36399999 13
1.24 -0.87599999 0.013 1
6.5339999 -4.723 -0.192 1
6.559 -4.8379998 -0.43799999 1
7.2930002 -4.8099999 0.354 14
1.293 -0.86900002 0.013 1
6.4949999 -4.4650002 -0.19400001 1
6.5100002 -4.5650001 -0.435 1
7.2420001 -4.5489998 0.34400001 12
1.342 -0.85799998 0.012 1
6.4429998 -4.2119999 -0.19400001 1
6.4840002 -4.3200002 -0.433 0
7.2080002 -4.3070002 0.33500001 12
1.391 -0.84600002 0.012 1
6.4089999 -3.977 -0.19599999 1
6.4419999 -4.0739999 -0.43000001 0
7.1409998 -4.053 0.32499999 13
1.464 -0.84500003 0.011 1
0 0 0 0
0 0 0 0
7.1030002 -3.826 0.31600001 12
1.52 -0.83099997 0.011 0
0 0 0 0
4.8280001 -2.7379999 -0.32300001 9
7.052 -3.599 0.308 13
1.571 -0.81300002 0.0099999998 0
5.0809999 -2.6800001 -0.161 9
5.0430002 -2.7030001 -0.338 9
7.0170002 -3.3859999 0.30000001 10
5.3850002 -2.635 0.032000002 0
5.303 -2.6389999 -0.17 10
5.2249999 -2.642 -0.34999999 6
6.9819999 -3.1800001 0.292 10
5.6009998 -2.5829999 0.028999999 0
5.5050001 -2.5810001 -0.178 7
5.461 -2.5969999 -0.36700001 5
6.9349999 -2.973 0.28299999 11
0 0 0 0
5.7470002 -2.5309999 -0.189 5
5.7090001 -2.55 -0.384 5
6.8839998 -2.7720001 0.27500001 11
0 0 0 0
6.0100002 -2.4809999 -0.199 5
5.9790001 -2.4990001 -0.40200001 3
6.8520002 -2.585 0.26800001 9
0 0 0 0
0 0 0 0
0 0 0 0
6.7989998 -2.3940001 0.25999999 11
0 0 0 0
0 0 0 0
0 0 0 0
6.7909999 -2.224 0.25400001 9
6.27 -2.0639999 0.013 0
0 0 0 0
0 0 0 0
6.7490001 -2.0439999 0.24600001 8
6.698 -2.0369999 0.0099999998 4
0 0 0 0
0 0 0 0
4.6479998 -1.296 0.16599999 0
6.1859999 -1.727 0.0049999999 1
0 0 0 0
0 0 0 0
4.6009998 -1.174 0.16 0
6.1469998 -1.566 0.001 1
0 0 0 0
0 0 0 0
4.5760002 -1.059 0.155 1
0 0 0 0
0 0 0 0
2.72 -0.63 -0.185 3
6.6329999 -1.381 0.22 6
0 0 0 0
0 0 0 0
2.9319999 -0.60500002 -0.2 1
6.6009998 -1.222 0.213 6
6.0469999 -1.1059999 -0.0089999996 3
0 0 0 0
3.1719999 -0.57499999 -0.21699999 1
6.5749998 -1.066 0.206 3
6.1259999 -0.97600001 -0.013 10
0 0 0 0
3.3800001 -0.52899998 -0.23199999 1
0 0 0 0
3.4319999 -0.46599999 -0.0089999996 7
3.4319999 -0.45899999 -0.12800001 4
0 0 0 0
0 0 0 0
5.9699998 -0.67299998 -0.021 5
5.9879999 -0.65799999 -0.227 0
0 0 0 0
5.9580002 -0.56199998 0.17200001 15
5.9320002 -0.53200001 -0.024 13
5.9499998 -0.51200002 -0.228 1
0 0 0 0
5.9310002 -0.42500001 0.16500001 18
5.8959999 -0.39199999 -0.028000001 15
5.928 -0.36899999 -0.23 1
0 0 0 0
5.8920002 -0.292 0.15899999 20
5.8829999 -0.255 -0.032000002 16
4.8340001 -0.18700001 -0.189 1
0 0 0 0
5.882 -0.161 0.154 21
5.8429999 -0.12 -0.035 15
0 0 0 0
0 0 0 0
6.2930002 -0.030999999 0.15899999 1
6.3439999 0.014 -0.043000001 1
6.0359998 0.050000001 -0.242 1
0 0 0 0
6.3239999 0.109 0.154 112
6.237 0.156 -0.046 77
5.7909999 0.185 -0.235 64
5.777 0.21799999 -0.40900001 3
5.777 0.228 0.13500001 105
5.7659998 0.278 -0.046999998 109
5.7529998 0.31900001 -0.236 65
5.763 0.35800001 -0.41 2
5.756 0.35499999 0.13 104
5.7329998 0.40799999 -0.050999999 108
5.7389998 0.45500001 -0.23899999 74
5.744 0.49599999 -0.41 3
5.723 0.48199999 0.124 107
5.7210002 0.53799999 -0.054000001 111
4.1589999 0.428 -0.175 44
0 0 0 0
4.2290001 0.45100001 0.086999997 43
4.1890001 0.49200001 -0.043000001 14
5.3600001 0.68000001 -0.228 30
0 0 0 0
4.2249999 0.54500002 0.082999997 77
5.6570001 0.796 -0.061999999 146
5.6620002 0.85500002 -0.244 85
5.6339998 0.90200001 -0.40799999 7
4.1989999 0.639 0.078000002 72
5.6370001 0.926 -0.066 147
5.6350002 0.98699999 -0.24600001 90
5.6129999 1.04 -0.40900001 5
4.1880002 0.73299998 0.074000001 63
5.6129999 1.0549999 -0.07 150
5.6040001 1.12 -0.248 150
5.6170001 1.181 -0.412 11
4.1659999 0.82499999 0.068999998 72
5.5809999 1.181 -0.074000001 150
5.5799999 1.252 -0.25099999 87
0 0 0 0
4.1440001 0.917 0.064999998 70
5.4819999 1.294 -0.077 67
4.0380001 1.006 -0.183 43
0 0 0 0
4.118 1.0089999 0.059999999 55
4.0560002 1.056 -0.059999999 22
5.5289998 1.518 -0.255 86
5.506 1.582 -0.41100001 5
5.5349998 1.489 0.075000003 131
5.5050001 1.5700001 -0.086999997 133
5.5079999 1.653 -0.25799999 84
5.48 1.72 -0.412 6
5.506 1.613 0.068000004 100
5.4819999 1.7 -0.090999998 51
5.4809999 1.786 -0.25999999 86
5.447 1.855 -0.412 5
5.4970002 1.744 0.061999999 14
5.4619999 1.832 -0.094999999 108
5.4510002 1.921 -0.26199999 87
5.4239998 1.995 -0.414 7
5.4619999 1.87 0.055 105
5.428 1.96 -0.1 109
5.4260001 2.0569999 -0.26499999 88
0 0 0 0
5.4289999 1.995 0.048999999 104
5.408 2.096 -0.105 102
5.3920002 2.1930001 -0.26699999 25
5.382 2.2809999 -0.417 2
5.4039998 2.1259999 0.041999999 105
5.388 2.2320001 -0.109 65
5.368 2.3310001 -0.27000001 81
3.082 1.395 -0.23999999 0
5.3800001 2.256 0.035 104
5.3439999 2.3599999 -0.114 63
5.3600001 2.48 -0.27399999 11
5.3179998 2.5650001 -0.419 6
5.3499999 2.3859999 0.028000001 105
0 0 0 0
0 0 0 0
0 0 0 0
0 0 0 0
2.589 1.288 -0.059999999 0
2.059 1.073 -0.108 13
0 0 0 0
0 0 0 0
0 0 0 0
4.756 2.6240001 -0.25600001 2
0 0 0 0
0 0 0 0
0 0 0 0
4.7519999 2.77 -0.25999999 0
0 0 0 0
4.7470002 2.6530001 -0.001 2
0 0 0 0
5.1890001 3.1919999 -0.289 24
5.184 3.322 -0.428 5
0 0 0 0
0 0 0 0
5.1700001 3.3510001 -0.29300001 86
1.779 1.202 -0.148 1
5.197 3.2190001 -0.017000001 10
1.8200001 1.1849999 -0.052999999 4
0 0 0 0
1.257 0.89399999 -0.106 1
1.807 1.177 -0.0089999996 9
1.776 1.216 -0.054000001 3
1.263 0.90600002 -0.074000001 1
0 0 0 0
5.158 3.527 -0.034000002 17
1.2640001 0.90799999 -0.039999999 1
5.4949999 4.1420002 -0.33000001 8
0 0 0 0
5.112 3.668 -0.043000001 25
5.506 4.1550002 -0.185 14
5.4629998 4.3239999 -0.33500001 20
2.3340001 1.928 -0.204 0
5.5089998 4.1440001 -0.056000002 11
5.4640002 4.3239999 -0.192 25
2.7409999 2.2780001 -0.171 138
0 0 0 0
5.4780002 4.3189998 -0.066 25
2.398 1.989 -0.088 213
0 0 0 0
0 0 0 0
2.424 2.0020001 -0.034000002 155
2.2920001 1.993 -0.088 24
2.652 2.424 -0.17299999 151
0 0 0 0
2.299 1.989 -0.037 178
2.6700001 2.4319999 -0.107 4
3.4690001 3.325 -0.23199999 0
0 0 0 0
0 0 0 0
1.156 1.103 -0.048 21
2.75 2.763 -0.18799999 8
0 0 0 0
1.153 1.092 -0.023 39
1.142 1.141 -0.050000001 1
1.03 1.084 -0.071999997 16
1.673 1.848 -0.16 7
3.3670001 3.3380001 -0.078000002 14
1.04 1.089 -0.046999998 224
1.675 1.85 -0.121 1
0 0 0 0
1.04 1.079 -0.026000001 78
1.211 1.329 -0.057999998 17
0 0 0 0
2.3069999 2.8080001 -0.229 1
1.235 1.341 -0.035 3
2.2119999 2.543 -0.112 12
2.3280001 2.8299999 -0.177 8
0 0 0 0
2.233 2.54 -0.07 1
2.346 2.825 -0.124 8
0 0 0 0
0 0 0 0
2.3770001 2.8310001 -0.081 1
0 0 0 0
0 0 0 0
3.401 4.8060002 -0.359 3
3.6459999 4.5479999 -0.13699999 6
0 0 0 0
3.4119999 4.8010001 -0.285 3
3.7409999 5.5640001 -0.40400001 4
0 0 0 0
0 0 0 0
3.7279999 5.5180001 -0.322 20
1.5140001 2.372 -0.167 5
0 0 0 0
3.405 4.9770002 -0.221 8
1.559 2.4289999 -0.139 15
1.058 1.749 -0.12 20
0 0 0 0
1.5880001 2.441 -0.108 21
1.0549999 1.734 -0.097000003 20
3.1140001 5.4380002 -0.36399999 16
1.604 2.427 -0.085000001 15
1.049 1.698 -0.075000003 115
3.151 5.461 -0.303 21
0 0 0 0
1.096 1.744 -0.063000001 189
3.2030001 5.4640002 -0.245 21
2.9779999 5.454 -0.29800001 1
0 0 0 0
1.043 1.748 -0.064999998 45
3.02 5.4369998 -0.244 17
0 0 0 0
0 0 0 0
3.0799999 5.4400001 -0.20900001 20
0 0 0 0
0 0 0 0
0.44100001 0.97600001 -0.057999998 5
0 0 0 0
0 0 0 0
0 0 0 0
0 0 0 0
0 0 0 0
0.70200002 1.503 -0.068000004 1
0 0 0 0
0 0 0 0
0 0 0 0
0 0 0 0
0 0 0 0
0 0 0 0
0.43900001 0.97500002 -0.041000001 198
0 0 0 0
0 0 0 0
0 0 0 0
0.98199999 2.323 -0.102 0
1.49 3.875 -0.17900001 0
0.829 2.3840001 -0.118 6
1.198 3.7950001 -0.20100001 0
0 0 0 0
0 0 0 0
1.2180001 3.7869999 -0.186 0
0 0 0 0
0 0 0 0
0 0 0 0
1.114 3.7639999 -0.182 0
0 0 0 0
0.80800003 2.3559999 -0.111 98
1.153 3.7639999 -0.176 0
0 0 0 0
0.89499998 3.7460001 -0.185 16
1.202 3.79 -0.183 0
0 0 0 0
0 0 0 0
0 0 0 0
0 0 0 0
0 0 0 0
0 0 0 0
0.87199998 4.6040001 -0.21600001 2
0 0 0 0
0 0 0 0
0 0 0 0
0.75700003 4.5910001 -0.20999999 9
0.90600002 3.744 -0.193 18
0.86400002 4.1830001 -0.20100001 0
0 0 0 0
0.64099997 4.552 -0.20299999 14
0 0 0 0
0.38600001 2.118 -0.102 2
0.67400002 4.5669999 -0.208 19
0.54100001 4.6240001 -0.20100001 14
0.88300002 4.5739999 -0.24600001 2
0.72600001 4.585 -0.22400001 17
0.45300001 3.6589999 -0.16500001 8
0.213 2.2939999 -0.097000003 13
0 0 0 0
0.491 3.6600001 -0.18000001 4
0.229 2.2909999 -0.102 28
0.31200001 4.507 -0.18700001 44
0.66000003 4.5479999 -0.255 6
0.51999998 4.6989999 -0.233 13
0.34299999 4.5079999 -0.2 51
0.071999997 1.572 -0.063000001 2
0.442 3.6459999 -0.20900001 3
0.398 4.573 -0.228 14
0.204 3.862 -0.17 0
0.102 4.5910001 -0.18099999 52
0.22499999 2.3 -0.134 4
0.28400001 4.4889998 -0.226 22
0.134 4.553 -0.199 22
-0.0049999999 4.4809999 -0.17200001 35
0.33199999 4.4889998 -0.26699999 64
0.063000001 1.585 -0.079999998 1
0.025 4.4650002 -0.19400001 24
-0.11 4.5100002 -0.169 48
0 0 0 0
0.071999997 4.4369998 -0.227 32
-0.079000004 4.5100002 -0.19400001 24
-0.214 4.4429998 -0.162 49
0.12 4.434 -0.27500001 8
-0.030999999 4.441 -0.229 22
-0.184 4.4759998 -0.192 36
-0.315 4.3959999 -0.156 19
0.015 4.4310002 -0.28 60
-0.134 4.427 -0.23100001 42
-0.28799999 4.4749999 -0.19 20
-0.42899999 4.5190001 -0.156 21
-0.086999997 4.4039998 -0.28400001 60
-0.237 4.3899999 -0.23100001 23
-0.38999999 4.4310002 -0.18700001 11
-0.537 4.5219998 -0.152 59
-0.189 4.3860002 -0.28799999 60
-0.33899999 4.3720002 -0.23199999 36
-0.50099999 4.4829998 -0.189 11
-0.65899998 4.625 -0.152 4
-0.292 4.3670001 -0.292 60
-0.44100001 4.3629999 -0.234 52
-0.59299999 4.3800001 -0.183 18
-0.75300002 4.526 -0.14399999 47
-0.39300001 4.3439999 -0.296 66
-0.542 4.3410001 -0.235 52
-0.69599998 4.3730001 -0.182 18
-0.852 4.4720001 -0.139 1
-0.495 4.3280001 -0.301 65
-0.63800001 4.2880001 -0.235 31
-0.65700001 3.585 -0.149 55
-0.88200003 4.1110001 -0.124 29
-0.59600002 4.303 -0.30500001 70
-0.73900002 4.2789998 -0.237 65
-0.35800001 1.724 -0.071000002 2
-0.98699999 4.1259999 -0.121 35
-0.69700003 4.2859998 -0.31 58
-0.34099999 1.729 -0.097000003 1
-1.003 4.323 -0.178 20
-0.88700002 3.362 -0.094999999 87
-0.79699999 4.2610002 -0.31400001 44
-0.94 4.2410002 -0.23999999 85
-0.86500001 3.3659999 -0.138 42
-0.96600002 3.3440001 -0.092 91
-0.36199999 1.714 -0.12899999 150
-1.038 4.2150002 -0.242 123
-0.94499999 3.3510001 -0.13699999 82
-1.043 3.319 -0.089000002 94
-0.99900001 4.2259998 -0.324 89
-0.91100001 3.352 -0.19499999 66
-1.023 3.3299999 -0.13600001 86
-1.122 3.3010001 -0.085000001 98
-0.96799999 3.7 -0.289 47
-0.98900002 3.329 -0.19599999 30
-1.102 3.309 -0.13500001 89
-1.205 3.293 -0.082000002 110
-1.204 4.1900001 -0.33399999 66
-1.068 3.3099999 -0.197 29
-1.183 3.2950001 -0.134 102
-1.285 3.2750001 -0.079000004 123
-1.307 4.1739998 -0.33899999 60
-1.151 3.2969999 -0.199 29
-1.263 3.277 -0.133 105
-1.35 3.2190001 -0.075000003 111
-1.4119999 4.158 -0.345 61
-1.2309999 3.277 -0.20100001 28
-1.345 3.257 -0.132 119
-1.275 2.8540001 -0.064000003 29
-1.516 4.1399999 -0.35100001 61
-1.316 3.266 -0.20299999 28
-1.3 2.954 -0.12 28
-1.24 2.612 -0.057 45
-1.6210001 4.1220002 -0.35600001 51
-1.308 3.039 -0.191 10
-1.253 2.677 -0.108 29
-1.288 2.559 -0.054000001 146
-1.726 4.0970001 -0.36199999 39
-1.27 2.77 -0.177 23
-1.273 2.5610001 -0.104 115
-1.26 2.3659999 -0.048 38
-1.402 3.119 -0.28099999 19
-1.248 2.563 -0.16599999 93
-1.274 2.4200001 -0.097999997 39
-1.2359999 2.198 -0.041999999 38
-1.873 3.915 -0.361 11
-1.302 2.52 -0.16599999 75
-1.251 2.2479999 -0.090999998 42
-1.21 2.04 -0.037999999 55
-1.306 2.569 -0.242 29
-1.255 2.2950001 -0.154 34
-1.22 2.0769999 -0.085000001 45
-1.146 1.835 -0.032000002 44
-1.331 2.471 -0.23800001 18
-1.225 2.119 -0.14399999 35
-1.173 1.896 -0.077 67
-1.124 1.711 -0.028999999 41
-1.8200001 3.194 -0.31400001 2
-1.196 1.961 -0.13600001 36
-1.1339999 1.7410001 -0.071000002 38
-1.105 1.602 -0.026000001 48
-1.872 3.108 -0.31299999 7
-1.1390001 1.772 -0.125 44
-1.1160001 1.6289999 -0.067000002 47
-1.091 1.506 -0.023 50
-1.914 3.0120001 -0.31 17
-1.117 1.651 -0.118 40
-1.097 1.524 -0.063000001 48
-1.079 1.42 -0.02 54
-1.201 1.795 -0.189 37
-1.102 1.548 -0.113 46
-1.085 1.436 -0.059999999 50
-1.069 1.341 -0.017999999 57
-1.112 1.577 -0.17 3
-1.087 1.454 -0.108 40
-1.071 1.351 -0.056000002 53
-1.059 1.2690001 -0.016000001 74
-1.096 1.478 -0.164 9
-1.067 1.359 -0.103 40
-1.064 1.281 -0.054000001 71
-1.098 1.256 -0.015 83
-1.077 1.383 -0.15700001 22
-1.061 1.2869999 -0.1 58
-1.097 1.2589999 -0.052999999 76
-1.143 1.248 -0.014 88
-1.059 1.294 -0.15099999 66
-1.084 1.2539999 -0.1 78
-1.1390001 1.248 -0.052999999 86
-1.194 1.2460001 -0.012 81
-1.0829999 1.261 -0.15099999 60
-1.133 1.249 -0.101 77
-1.1849999 1.24 -0.054000001 84
-1.233 1.229 -0.011 86
-1.133 1.256 -0.154 19
-1.1799999 1.242 -0.103 86
-1.234 1.232 -0.054000001 83
-1.284 1.223 -0.0099999998 84
-1.178 1.244 -0.15700001 10
-1.225 1.23 -0.105 74
-1.285 1.225 -0.054000001 79
-1.339 1.219 -0.0089999996 88
-1.237 1.245 -0.162 7
-1.28 1.225 -0.107 76
-1.332 1.2130001 -0.054000001 87
-1.388 1.207 -0.0080000004 85
-1.2819999 1.23 -0.16500001 3
-1.334 1.2180001 -0.109 81
-1.3890001 1.206 -0.055 82
-1.442 1.197 -0.0060000001 88
-1.344 1.228 -0.169 0
-1.388 1.2079999 -0.111 76
-1.446 1.199 -0.055 85
-1.498 1.188 -0.0049999999 91
-1.904 1.658 -0.236 19
-1.443 1.198 -0.114 80
-1.502 1.188 -0.056000002 84
-1.554 1.175 -0.0040000002 81
-1.937 1.6059999 -0.236 19
-1.502 1.188 -0.116 77
-1.561 1.176 -0.056000002 76
-1.6160001 1.166 -0.003 78
-1.9910001 1.571 -0.23899999 16
-1.561 1.176 -0.118 69
-1.622 1.165 -0.057 75
-1.687 1.16 -0.001 51
-2.1199999 1.592 -0.25099999 21
-1.624 1.164 -0.121 63
-1.692 1.1569999 -0.057 53
-2.0420001 1.337 0 4
-2.171 1.55 -0.25299999 16
-1.689 1.152 -0.124 40
-2.0369999 1.324 -0.067000002 5
-2.0239999 1.261 0 55
-2.385 1.617 -0.27399999 26
-2.033 1.317 -0.147 5
-2.0339999 1.257 -0.066 90
-2.0580001 1.2180001 0.0020000001 7
-2.0420001 1.314 -0.23100001 4
-2.0339999 1.25 -0.14399999 96
-2.075 1.2180001 -0.064999998 6
-2.1359999 1.2 0.003 6
-2.0380001 1.243 -0.228 62
-2.089 1.217 -0.146 6
-2.171 1.207 -0.066 6
-2.2379999 1.192 0.0049999999 6
-2.1129999 1.219 -0.233 4
-2.1789999 1.202 -0.15000001 6
-2.2479999 1.183 -0.067000002 6
-2.3169999 1.1670001 0.0060000001 4
-2.1919999 1.1950001 -0.23899999 4
-2.2590001 1.177 -0.154 5
-2.3559999 1.1720001 -0.068999998 6
-2.4649999 1.173 0.0080000004 14
-2.2820001 1.173 -0.24600001 4
-2.3759999 1.168 -0.15899999 4
-2.4590001 1.153 -0.07 15
-2.4790001 1.112 0.0089999996 9
-2.4649999 1.193 -0.26300001 7
-2.444 1.13 -0.162 14
-2.5420001 1.1210001 -0.071000002 7
-2.6210001 1.1059999 0.011 5
-2.451 1.114 -0.259 9
-2.573 1.117 -0.168 4
-2.658 1.1 -0.072999999 5
-2.7360001 1.0829999 0.013 5
-2.6159999 1.113 -0.273 3
-2.688 1.092 -0.17399999 4
-2.7739999 1.074 -0.074000001 4
-2.859 1.058 0.015 2
-2.701 1.073 -0.27900001 2
-2.822 1.0700001 -0.18000001 4
-5.5510001 2.0039999 -0.146 41
0 0 0 0
-2.767 1.023 -0.28299999 0
-5.5539999 1.957 -0.352 2
-5.5289998 1.854 -0.14300001 45
-6.0830002 1.944 0.035999998 4
0 0 0 0
-5.526 1.803 -0.34599999 2
-5.506 1.706 -0.14 41
0 0 0 0
0 0 0 0
-5.4920001 1.648 -0.34099999 3
-5.4699998 1.558 -0.13600001 46
-5.4320002 1.471 0.035999998 6
0 0 0 0
-5.46 1.5 -0.33500001 4
-5.4429998 1.4170001 -0.133 51
-5.4000001 1.3329999 0.037 63
0 0 0 0
-5.4419999 1.358 -0.331 4
-5.4130001 1.276 -0.131 53
-5.3730001 1.2 0.037999999 65
0 0 0 0
-5.4109998 1.216 -0.32600001 5
-5.3870001 1.141 -0.12800001 52
-5.3460002 1.069 0.039999999 69
0 0 0 0
-5.3699999 1.074 -0.32100001 4
-5.375 1.01 -0.126 14
0 0 0 0
0 0 0 0
0 0 0 0
0 0 0 0
0 0 0 0
0 0 0 0
0 0 0 0
0 0 0 0
0 0 0 0
0 0 0 0
0 0 0 0
-5.2719998 0.61900002 -0.119 0
0 0 0 0
0 0 0 0
0 0 0 0
-4.6100001 0.43399999 -0.103 10
-4.605 0.39399999 0.037999999 14
0 0 0 0
-4.6090002 0.36700001 -0.266 10
-4.612 0.32800001 -0.102 13
-4.8769999 0.30700001 0.041000001 0
0 0 0 0
0 0 0 0
-5.256 0.25400001 -0.115 0
-5.533 0.22499999 0.046999998 0
0 0 0 0
0 0 0 0
-5.7420001 0.14399999 -0.125 28
-5.763 0.106 0.048999999 107
0 0 0 0
-5.7690001 0.052999999 -0.32699999 1
-5.9840002 0.014 -0.13 17
-6.23 -0.023 0.054000001 15
0 0 0 0
-3.503 -0.050000001 -0.198 36
-3.5710001 -0.071999997 -0.077 6
-3.562 -0.093000002 0.029999999 6
0 0 0 0
-3.553 -0.134 -0.2 34
-3.582 -0.155 -0.077 5
-8.3280001 -0.405 0.071999997 2
0 0 0 0
0 0 0 0
-6.211 -0.412 -0.132 0
-3.471 -0.24699999 0.029999999 4
0 0 0 0
-3.46 -0.294 -0.193 2
-3.5179999 -0.31400001 -0.075000003 7
-3.46 -0.32300001 0.028999999 6
0 0 0 0
-3.467 -0.377 -0.193 19
-1.859 -0.20900001 -0.039000001 55
-1.8150001 -0.20999999 0.015 54
-1.847 -0.23999999 -0.167 0
-1.845 -0.244 -0.102 39
-1.825 -0.24699999 -0.037999999 49
-1.8 -0.249 0.015 50
-1.8 -0.278 -0.162 18
-1.84 -0.28799999 -0.102 60
-1.836 -0.29100001 -0.039000001 49
-1.8150001 -0.29300001 0.015 51
-1.859 -0.333 -0.167 18
-1.862 -0.336 -0.103 10
-6.0640001 -1.107 -0.12899999 0
-8.059 -1.487 0.066 136
-1.485 -0.303 -0.133 33
-1.4960001 -0.30700001 -0.082000002 37
-1.515 -0.31200001 -0.032000002 39
-1.527 -0.317 0.012 50
-1.449 -0.33199999 -0.12899999 11
-1.483 -0.34099999 -0.081 8
-1.499 -0.345 -0.032000002 10
-1.502 -0.347 0.011 56
0 0 0 0
-1.485 -0.37799999 -0.082000002 37
-1.5 -0.38100001 -0.032000002 42
-1.5 -0.382 0.011 53
0 0 0 0
0 0 0 0
0 0 0 0
-5.586 -1.556 0.041999999 10
-2.6029999 -0.79900002 -0.23100001 0
0 0 0 0
0 0 0 0
-5.5619998 -1.6849999 0.039999999 10
-2.5680001 -0.85600001 -0.228 0
-4.0539999 -1.342 -0.22400001 7
-5.5349998 -1.821 -0.121 12
-5.5229998 -1.808 0.037999999 7
-2.562 -0.92400002 -0.227 0
-3.947 -1.41 -0.21799999 8
-5.4250002 -1.923 -0.12 3
-5.4809999 -1.931 0.035999998 2
-2.5510001 -0.99000001 -0.226 0
-3.859 -1.482 -0.214 8
-5.2379999 -1.992 -0.117 6
-5.2249999 -1.974 0.033 6
0 0 0 0
-3.773 -1.551 -0.20900001 7
-5.3699999 -2.1849999 -0.121 12
-5.3499999 -2.1589999 0.030999999 6
0 0 0 0
-3.6889999 -1.618 -0.205 8
-5.073 -2.2 -0.116 2
-5.3379998 -2.293 0.028999999 4
0 0 0 0
-3.6070001 -1.684 -0.20100001 9
-5.309 -2.447 -0.123 12
-5.302 -2.421 0.027000001 3
0 0 0 0
-3.5480001 -1.7589999 -0.199 9
-4.802 -2.348 -0.113 12
-5.2789998 -2.553 0.024 3
0 0 0 0
-3.3829999 -1.777 -0.191 8
-3.4089999 -1.765 -0.081 1
-5.2649999 -2.6930001 0.022 3
0 0 0 0
-3.2130001 -1.785 -0.182 1
0 0 0 0
0 0 0 0
0 0 0 0
-2.925 -1.716 -0.167 4
0 0 0 0
0 0 0 0
0 0 0 0
-2.701 -1.67 -0.155 4
0 0 0 0
0 0 0 0
0 0 0 0
-2.467 -1.6059999 -0.142 0
0 0 0 0
-2.566 -1.617 0.0040000002 2
0 0 0 0
0 0 0 0
0 0 0 0
0 0 0 0
-2.23 -1.638 -0.20200001 3
0 0 0 0
0 0 0 0
0 0 0 0
-2.029 -1.567 -0.185 2
0 0 0 0
0 0 0 0
-7.381 -5.3740001 -0.003 1
-1.842 -1.493 -0.168 3
0 0 0 0
0 0 0 0
0 0 0 0
-1.725 -1.4680001 -0.15800001 2
0 0 0 0
0 0 0 0
0 0 0 0
0 0 0 0
0 0 0 0
0 0 0 0
0 0 0 0
0 0 0 0
-2.957 -2.704 -0.183 0
0 0 0 0
0 0 0 0
0 0 0 0
-1.627 -1.559 -0.102 2
-1.674 -1.5650001 -0.052999999 0
-1.76 -1.613 -0.0089999996 3
0 0 0 0
-1.584 -1.59 -0.101 4
0 0 0 0
0 0 0 0
0 0 0 0
-2.892 -3.0409999 -0.18700001 1
0 0 0 0
0 0 0 0
0 0 0 0
0 0 0 0
0 0 0 0
0 0 0 0
-1.147 -1.363 -0.112 1
0 0 0 0
0 0 0 0
0 0 0 0
0 0 0 0
0 0 0 0
-1.152 -1.355 -0.044 2
0 0 0 0
0 0 0 0
0 0 0 0
0 0 0 0
0 0 0 0
0 0 0 0
-3.859 -5.1430001 -0.27599999 1
0 0 0 0
0 0 0 0
0 0 0 0
-3.658 -5.119 -0.26699999 1
0 0 0 0
0 0 0 0
-3.3169999 -5.0500002 -0.34799999 1
-3.4549999 -5.079 -0.259 1
0 0 0 0
0 0 0 0
-3.138 -5.0310001 -0.33500001 1
-3.253 -5.0310001 -0.25 1
0 0 0 0
0 0 0 0
0 0 0 0
0 0 0 0
0 0 0 0
0 0 0 0
0 0 0 0
0 0 0 0
0 0 0 0
0 0 0 0
0 0 0 0
-3.8710001 -7.013 -0.32699999 1
0 0 0 0
0 0 0 0
0 0 0 0
-3.825 -7.3260002 -0.33399999 1
-3.865 -7.0939999 -0.226 1
0 0 0 0
-3.7149999 -7.8920002 -0.44600001 1
-3.756 -7.618 -0.34099999 1
-3.8010001 -7.375 -0.235 1
-3.8510001 -7.1999998 -0.148 1
-3.635 -8.2139997 -0.449 1
-3.6900001 -7.941 -0.34799999 1
-3.7420001 -7.6869998 -0.24600001 1
-3.7720001 -7.4569998 -0.16 1
-1.1720001 -2.825 -0.149 3
-1.2309999 -2.8210001 -0.121 5
-1.298 -2.829 -0.090999998 10
-1.353 -2.832 -0.063000001 14
-3.467 -8.9469995 -0.45899999 1
-3.536 -8.6450005 -0.36500001 1
-3.6199999 -8.3950005 -0.271 1
-3.6589999 -8.1300001 -0.191 1
-3.391 -9.3950005 -0.46700001 1
-3.4579999 -9.0439997 -0.37599999 1
-3.5409999 -8.7629995 -0.285 1
-3.595 -8.4969997 -0.208 1
-3.309 -9.8900003 -0.47600001 1
-3.395 -9.533 -0.38999999 1
-3.4660001 -9.1780005 -0.30000001 1
-3.5020001 -8.835 -0.22499999 1
-3.2049999 -10.378 -0.484 1
-3.2920001 -9.9650002 -0.40099999 1
-3.3900001 -9.6370001 -0.31799999 1
-3.434 -9.2639999 -0.24600001 2
-3.1059999 -10.955 -0.495 1
-3.1860001 -10.456 -0.414 1
-3.289 -10.078 -0.33399999 1
-3.346 -9.7040005 -0.26800001 1
0 0 0 0
-3.0940001 -11.064 -0.43200001 1
-3.188 -10.594 -0.35499999 1
-3.2390001 -10.133 -0.28999999 1
0 0 0 0
0 0 0 0
0 0 0 0
-3.1440001 -10.678 -0.317 1
0 0 0 0
0 0 0 0
0 0 0 0
0 0 0 0
0 0 0 0
0 0 0 0
0 0 0 0
0 0 0 0
0 0 0 0
0 0 0 0
-3.0369999 -14.944 -0.52100003 2
0 0 0 0
0 0 0 0
0 0 0 0
0 0 0 0
0 0 0 0
0 0 0 0
0 0 0 0
0 0 0 0
0 0 0 0
0 0 0 0
0 0 0 0
0 0 0 0
0 0 0 0
0 0 0 0
0 0 0 0
0 0 0 0
0 0 0 0
0 0 0 0
0 0 0 0
0 0 0 0
0 0 0 0
0 0 0 0
0 0 0 0
0 0 0 0
0 0 0 0
0.059 -28.415001 -0.88200003 7
0 0 0 0
0 0 0 0
0 0 0 0
0.70899999 -28.280001 -0.85100001 10
0 0 0 0
0 0 0 0
0 0 0 0
0 0 0 0
0.77700001 -28.267 -0.97600001 13
0.18700001 -28.389999 -1.1160001 10
0 0 0 0
2.069 -28.999001 -0.81800002 7
1.48 -29.165001 -1.003 4
0.83499998 -28.254999 -1.128 14
0.33500001 -28.348 -1.277 17
0 0 0 0
2.141 -28.915001 -0.991 8
1.533 -29.004999 -1.177 7
0.98500001 -28.257 -1.311 15
0 0 0 0
2.803 -28.865999 -0.986 5
2.174 -28.544001 -1.179 8
1.529 -26.409 -1.262 6
4.0240002 -28.472 -0.72899997 9
3.4349999 -28.546 -0.97299999 13
2.8570001 -28.775999 -1.2079999 6
2.3050001 -28.434999 -1.399 8
4.6630001 -28.346001 -0.70200002 18
4.0900002 -28.464001 -0.96799999 7
3.497 -28.586 -1.221 7
0 0 0 0
5.1199999 -27.190001 -0.65100002 7
4.7360001 -28.322001 -0.963 14
4.1630001 -28.507999 -1.24 6
0 0 0 0
5.993 -28.267 -0.65399998 7
5.198 -27.194 -0.92500001 7
4.8060002 -28.33 -1.255 5
0 0 0 0
0 0 0 0
0 0 0 0
5.2810001 -27.263 -1.2309999 7
0 0 0 0
0 0 0 0
0 0 0 0
0 0 0 0
5.4419999 -27.294001 -1.551 8
0 0 0 0
0 0 0 0
0 0 0 0
0 0 0 0
0 0 0 0
0 0 0 0
0 0 0 0
0 0 0 0
0 0 0 0
0 0 0 0
0 0 0 0
0 0 0 0
0 0 0 0
0 0 0 0
0 0 0 0
0 0 0 0
0 0 0 0
0 0 0 0
0 0 0 0
0 0 0 0
0 0 0 0
0 0 0 0
0 0 0 0
0 0 0 0
0 0 0 0
0 0 0 0
0 0 0 0
0 0 0 0
0 0 0 0
0 0 0 0
0 0 0 0
0 0 0 0
0 0 0 0
0 0 0 0
0 0 0 0
0 0 0 0
0 0 0 0
0 0 0 0
0 0 0 0
0 0 0 0
0 0 0 0
0 0 0 0
0 0 0 0
0 0 0 0
6.9520001 -11.926 -0.167 2
0 0 0 0
0 0 0 0
0 0 0 0
0 0 0 0
0 0 0 0
0 0 0 0
0 0 0 0
0 0 0 0
0 0 0 0
0 0 0 0
0 0 0 0
0 0 0 0
0 0 0 0
0 0 0 0
0 0 0 0
0 0 0 0
0 0 0 0
0 0 0 0
0 0 0 0
0 0 0 0
0 0 0 0
0 0 0 0
0 0 0 0
0 0 0 0
0 0 0 0
0 0 0 0
0 0 0 0
0 0 0 0
0 0 0 0
7.5229998 -9.7880001 -0.71399999 1
0 0 0 0
7.2859998 -8.5010004 -0.088 1
7.3260002 -8.802 -0.37900001 1
7.3889999 -9.165 -0.68900001 1
0 0 0 0
0 0 0 0
7.244 -8.3100004 -0.366 1
7.2909999 -8.6210003 -0.66799998 1
0 0 0 0
0 0 0 0
7.1570001 -7.8410001 -0.35299999 1
7.1859999 -8.1070004 -0.64899999 1
7.2859998 -8.4350004 -0.93800002 1
0 0 0 0
7.073 -7.4039998 -0.34200001 1
7.1129999 -7.658 -0.63300002 1
7.197 -7.9450002 -0.91500002 1
6.9809999 -6.8000002 -0.061000001 1
7.0050001 -7.0009999 -0.33199999 1
7.0279999 -7.223 -0.61699998 1
7.0929999 -7.4629998 -0.89099997 1
0 0 0 0
6.9099998 -6.5970001 -0.322 1
6.9580002 -6.823 -0.60299999 1
0 0 0 0
0 0 0 0
6.8400002 -6.2350001 -0.31299999 1
6.8720002 -6.4320002 -0.58899999 1
0 0 0 0
6.7319999 -5.724 -0.046999998 1
6.763 -5.888 -0.30500001 1
6.789 -6.0609999 -0.57499999 1
6.855 -6.2550001 -0.83499998 1
6.6560001 -5.408 -0.043000001 1
6.7280002 -5.5900002 -0.29899999 1
6.7379999 -5.7389998 -0.56599998 0
0 0 0 0
6.6370001 -5.1500001 -0.039999999 1
6.6479998 -5.2719998 -0.292 1
6.6539998 -5.4060001 -0.55299997 1
6.7189999 -5.5689998 -0.80400002 0
6.5770001 -4.869 -0.037999999 1
6.5900002 -4.9850001 -0.28600001 1
6.5960002 -5.105 -0.54400003 1
6.638 -5.2420001 -0.78799999 0
6.5100002 -4.598 -0.035 1
6.54 -4.7140002 -0.28099999 1
6.546 -4.8260002 -0.53600001 1
6.5780001 -4.9429998 -0.77600002 1
6.473 -4.3590002 -0.033 0
6.4819999 -4.4510002 -0.27500001 1
6.4949999 -4.5560002 -0.528 1
6.5469999 -4.6799998 -0.76700002 1
6.4419999 -4.1300001 -0.030999999 0
6.4520001 -4.217 -0.27200001 1
6.4460001 -4.3010001 -0.51999998 1
6.494 -4.4130001 -0.75599998 1
6.3940001 -3.9000001 -0.029999999 0
6.4000001 -3.9749999 -0.26699999 1
6.395 -4.0560002 -0.51300001 1
6.4439998 -4.1560001 -0.74599999 0
4.7519999 -2.7550001 -0.021 0
0 0 0 0
0 0 0 0
1.395 -0.85299999 -0.16 1
4.9109998 -2.701 -0.021 9
0 0 0 0
4.7930002 -2.733 -0.38100001 11
1.4529999 -0.84100002 -0.16599999 2
5.1020002 -2.6600001 -0.022 5
5.0539999 -2.677 -0.208 11
5.0040002 -2.7 -0.396 12
1.5089999 -0.82700002 -0.17200001 2
5.316 -2.622 -0.022 5
5.2719998 -2.6400001 -0.21600001 10
5.2249999 -2.6619999 -0.412 11
1.609 -0.83099997 -0.183 3
5.5250001 -2.572 -0.023 6
5.493 -2.5940001 -0.22400001 10
5.428 -2.608 -0.42699999 7
1.726 -0.83999997 -0.19599999 3
5.7719998 -2.53 -0.024 4
5.7379999 -2.5510001 -0.233 9
5.664 -2.5580001 -0.44400001 6
1.827 -0.83700001 -0.207 4
6.0120001 -2.477 -0.026000001 4
5.9499998 -2.484 -0.242 6
5.9229999 -2.51 -0.463 5
1.938 -0.83099997 -0.219 4
0 0 0 0
0 0 0 0
0 0 0 0
1.9529999 -0.78299999 -0.22 3
0 0 0 0
0 0 0 0
0 0 0 0
1.973 -0.736 -0.222 3
0 0 0 0
0 0 0 0
2.1029999 -0.72100002 -0.164 0
1.95 -0.67500001 -0.219 1
0 0 0 0
0 0 0 0
2.1960001 -0.69499999 -0.171 2
1.975 -0.63099998 -0.221 0
6.1830001 -1.771 -0.029999999 1
0 0 0 0
2.352 -0.68400002 -0.183 3
1.979 -0.57999998 -0.222 0
6.1539998 -1.6160001 -0.030999999 1
0 0 0 0
2.5280001 -0.67199999 -0.197 3
1.994 -0.53299999 -0.223 0
0 0 0 0
0 0 0 0
2.678 -0.64399999 -0.20900001 3
2.003 -0.484 -0.22499999 0
0 0 0 0
0 0 0 0
2.8640001 -0.61799997 -0.22400001 3
2.0220001 -0.43700001 -0.227 0
6.0570002 -1.163 -0.035 4
0 0 0 0
2.973 -0.56800002 -0.233 0
2.029 -0.38800001 -0.228 0
6.0359998 -1.0190001 -0.037 4
0 0 0 0
0 0 0 0
2.0480001 -0.34099999 -0.23 0
5.9569998 -0.87 -0.039000001 0
6.5100002 -0.93900001 -0.273 4
0 0 0 0
2.053 -0.29100001 -0.23100001 1
5.973 -0.73699999 -0.041000001 7
0 0 0 0
0 0 0 0
2.0669999 -0.242 -0.233 1
5.9499998 -0.59799999 -0.043000001 11
0 0 0 0
0 0 0 0
2.076 -0.192 -0.234 1
5.9130001 -0.46000001 -0.045000002 12
0 0 0 0
0 0 0 0
2.089 -0.14300001 -0.237 1
5.881 -0.32600001 -0.048 15
4.7950001 -0.244 -0.208 0
0 0 0 0
2.086 -0.092 -0.237 2
5.8569999 -0.19400001 -0.050000001 18
0 0 0 0
0 0 0 0
2.1059999 -0.041999999 -0.23999999 1
6.1420002 -0.064999998 -0.056000002 0
0 0 0 0
0 0 0 0
2.109 0.0080000004 -0.241 1
0 0 0 0
0 0 0 0
0 0 0 0
2.0999999 0.057999998 -0.241 1
5.7800002 0.19599999 -0.059 103
0 0 0 0
0 0 0 0
2.128 0.111 -0.245 1
5.7550001 0.324 -0.061999999 102
5.7470002 0.366 -0.26300001 20
5.7420001 0.40400001 -0.472 3
2.1429999 0.163 -0.248 1
5.73 0.45199999 -0.064999998 109
5.723 0.49700001 -0.26499999 28
5.7150002 0.537 -0.47299999 4
2.1289999 0.214 -0.24699999 0
4.1919999 0.42500001 -0.050000001 18
4.138 0.456 -0.19400001 27
5.684 0.67000002 -0.47400001 2
2.152 0.26899999 -0.25099999 0
5.4070001 0.67000002 -0.068999998 21
5.6220002 0.75 -0.26699999 21
5.6539998 0.80299997 -0.47499999 5
2.1559999 0.32300001 -0.25299999 0
5.6459999 0.82999998 -0.075999998 142
5.632 0.88300002 -0.271 36
5.6529999 0.93900001 -0.47799999 9
2.1530001 0.375 -0.25400001 0
5.631 0.95599997 -0.079999998 150
5.6259999 1.015 -0.27500001 88
5.5960002 1.0650001 -0.477 5
2.1530001 0.43000001 -0.25600001 0
5.6030002 1.081 -0.083999999 149
5.5939999 1.1440001 -0.278 133
5.6020002 1.204 -0.48199999 11
2.135 0.47999999 -0.255 0
5.5780001 1.207 -0.088 146
5.5650001 1.273 -0.28099999 42
0 0 0 0
2.1659999 0.54299998 -0.26100001 0
5.256 1.263 -0.088 18
4.0240002 1.018 -0.206 35
0 0 0 0
2.4619999 0.68000001 -0.29800001 4
5.52 1.4579999 -0.097000003 126
5.5190001 1.5319999 -0.287 31
5.5209999 1.604 -0.48899999 3
5.527 1.673 -0.676 0
5.5040002 1.586 -0.102 79
5.4980001 1.664 -0.29100001 16
5.4770002 1.732 -0.49000001 2
2.1210001 0.69700003 -0.26100001 0
5.4949999 1.717 -0.107 13
5.4640002 1.7920001 -0.29499999 33
5.4419999 1.863 -0.49200001 3
2.1370001 0.76099998 -0.26499999 0
5.4640002 1.8430001 -0.112 105
5.4400001 1.923 -0.29899999 31
5.427 2.003 -0.49599999 3
2.155 0.82599998 -0.27000001 0
5.4310002 1.97 -0.118 105
5.4159999 2.0580001 -0.303 29
5.4239998 2.1489999 -0.50199997 1
2.1210001 0.87300003 -0.26800001 0
5.4089999 2.102 -0.123 106
4.1160002 1.673 -0.235 35
0 0 0 0
0 0 0 0
5.3779998 2.23 -0.12899999 18
5.1700001 2.243 -0.301 28
0 0 0 0
2.425 1.138 -0.31200001 10
5.3499999 2.3599999 -0.13500001 16
0 0 0 0
0 0 0 0
2.1099999 1.053 -0.27500001 0
0 0 0 0
4.6529999 2.2780001 -0.28299999 7
0 0 0 0
2.059 1.09 -0.271 6
0 0 0 0
2.059 1.067 -0.12800001 153
2.434 1.316 -0.23999999 3
0 0 0 0
0 0 0 0
4.743 2.6010001 -0.301 4
0 0 0 0
0 0 0 0
0 0 0 0
0 0 0 0
0 0 0 0
0 0 0 0
0 0 0 0
0 0 0 0
0 0 0 0
1.807 1.193 -0.249 16
0 0 0 0
5.178 3.326 -0.35299999 17
0 0 0 0
0 0 0 0
0 0 0 0
1.772 1.196 -0.124 7
2.931 2.0650001 -0.31400001 28
0 0 0 0
1.771 1.201 -0.066 14
2.9189999 2.0710001 -0.20900001 6
0 0 0 0
0 0 0 0
2.914 2.075 -0.115 7
0 0 0 0
0 0 0 0
0 0 0 0
5.5229998 4.1240001 -0.23 2
5.4780002 4.2810001 -0.41499999 1
2.325 1.899 -0.26300001 1
2.2950001 1.949 -0.34099999 27
5.4749999 4.2870002 -0.23999999 24
2.3299999 1.91 -0.18099999 5
2.302 1.972 -0.266 97
0 0 0 0
2.3210001 1.903 -0.107 50
2.29 1.967 -0.183 28
0 0 0 0
0 0 0 0
2.2950001 1.971 -0.111 77
0 0 0 0
0 0 0 0
0 0 0 0
2.6789999 2.408 -0.13600001 35
0 0 0 0
0 0 0 0
0 0 0 0
1.152 1.084 -0.061000001 150
2.7720001 2.737 -0.243 10
0 0 0 0
0 0 0 0
2.7850001 2.743 -0.15700001 7
1.038 1.074 -0.093999997 19
1.65 1.791 -0.213 3
0 0 0 0
1.044 1.076 -0.061999999 19
0 0 0 0
2.2290001 2.539 -0.296 10
0 0 0 0
0 0 0 0
0 0 0 0
0 0 0 0
0 0 0 0
1.6569999 1.873 -0.109 4
3.3429999 3.9790001 -0.33700001 0
0 0 0 0
0 0 0 0
4.8930001 5.7909999 -0.34099999 5
3.5190001 4.3940001 -0.368 1
0 0 0 0
0 0 0 0
3.6719999 4.552 -0.27000001 2
0 0 0 0
0 0 0 0
0 0 0 0
0 0 0 0
0 0 0 0
0 0 0 0
1.585 2.428 -0.30700001 8
0 0 0 0
0 0 0 0
1.589 2.431 -0.252 1
1.057 1.707 -0.211 1
0 0 0 0
1.6109999 2.4460001 -0.198 2
1.056 1.7029999 -0.17399999 2
0 0 0 0
1.619 2.4330001 -0.149 0
1.0650001 1.702 -0.13600001 2
0 0 0 0
0 0 0 0
0 0 0 0
1.034 1.7410001 -0.139 5
0 0 0 0
1.464 2.793 -0.324 0
0 0 0 0
2.652 4.7090001 -0.37400001 16
0 0 0 0
1.12 2.267 -0.257 3
3.099 5.434 -0.34400001 18
0 0 0 0
0 0 0 0
0 0 0 0
0 0 0 0
0 0 0 0
0 0 0 0
0 0 0 0
0 0 0 0
0 0 0 0
0 0 0 0
0 0 0 0
0 0 0 0
0 0 0 0
0 0 0 0
0 0 0 0
0 0 0 0
0 0 0 0
0 0 0 0
0 0 0 0
0 0 0 0
0 0 0 0
0 0 0 0
0 0 0 0
0 0 0 0
0 0 0 0
1.252 3.7839999 -0.33700001 0
0 0 0 0
0 0 0 0
0 0 0 0
1.145 3.7579999 -0.331 0
0 0 0 0
0.75999999 2.194 -0.15099999 177
1.177 3.77 -0.292 0
0 0 0 0
0 0 0 0
1.214 3.7869999 -0.264 0
0 0 0 0
0 0 0 0
0 0 0 0
0 0 0 0
0 0 0 0
0 0 0 0
0.88800001 4.4569998 -0.41499999 2
0 0 0 0
0 0 0 0
0 0 0 0
0.80400002 4.598 -0.421 0
0.91600001 3.7309999 -0.27000001 10
0 0 0 0
0.382 2.1210001 -0.178 2
0.68900001 4.5689998 -0.412 7
0 0 0 0
0.86299998 4.586 -0.35600001 59
0 0 0 0
0.57300001 4.5240002 -0.40099999 14
0 0 0 0
0 0 0 0
0.59799999 4.5430002 -0.375 13
0.234 2.2880001 -0.2 2
0.78899997 4.572 -0.34400001 25
0 0 0 0
0.48899999 4.5310001 -0.37099999 9
0.35299999 4.4829998 -0.38600001 14
0.67500001 4.552 -0.347 65
0.419 3.609 -0.28200001 6
0.37900001 4.507 -0.36700001 12
0.20900001 3.799 -0.322 140
0.44999999 3.6129999 -0.27900001 8
0.20999999 2.276 -0.178 2
0.271 4.4780002 -0.36199999 29
0.141 4.4809999 -0.37400001 0
0.23100001 2.2839999 -0.178 5
0.308 4.4749999 -0.352 55
0.059 1.614 -0.12899999 1
0.035 4.4250002 -0.36399999 38
0.347 4.4850001 -0.35600001 62
0 0 0 0
0.059 4.4369998 -0.354 65
-0.068000004 4.414 -0.35800001 62
0.205 3.8050001 -0.30599999 7
0 0 0 0
-0.043000001 4.4130001 -0.34999999 60
-0.171 4.3839998 -0.35100001 59
0.13600001 4.4559999 -0.36300001 20
-0.0060000001 4.4239998 -0.352 64
-0.147 4.3959999 -0.347 62
-0.273 4.3709998 -0.345 60
0.029999999 4.4460001 -0.368 29
-0.109 4.4029999 -0.352 66
-0.249 4.3759999 -0.34400001 53
-0.37400001 4.3439999 -0.338 60
-0.071999997 4.4200001 -0.37099999 38
-0.212 4.3889999 -0.35299999 57
-0.34999999 4.3530002 -0.34099999 61
-0.47499999 4.3270001 -0.33199999 67
-0.175 4.3909998 -0.37400001 11
-0.31299999 4.362 -0.35299999 55
-0.44999999 4.3249998 -0.33700001 66
-0.57499999 4.3070002 -0.32699999 100
-0.278 4.369 -0.37799999 12
-0.414 4.3390002 -0.35299999 57
-0.55199999 4.3150001 -0.33500001 76
-0.67299998 4.283 -0.32100001 32
-0.37900001 4.3470001 -0.382 21
-0.51599997 4.3299999 -0.35499999 54
-0.65200001 4.2989998 -0.333 34
-0.64999998 3.5880001 -0.26499999 1
-0.479 4.322 -0.38499999 28
-0.616 4.3060002 -0.35499999 36
-0.75099999 4.2740002 -0.33000001 49
-0.35699999 1.737 -0.127 183
-0.579 4.3000002 -0.38999999 32
-0.71600002 4.2839999 -0.35600001 32
-0.34599999 1.73 -0.133 8
-0.97299999 4.2319999 -0.30500001 81
-0.68099999 4.283 -0.39399999 7
-0.815 4.2620001 -0.35699999 31
-0.95200002 4.2420001 -0.32600001 84
-1.044 4.099 -0.292 111
0 0 0 0
-0.37099999 1.722 -0.145 8
-1.048 4.211 -0.324 77
-1.174 4.197 -0.296 98
0 0 0 0
-1.016 4.224 -0.36000001 24
-0.92900002 3.3900001 -0.25999999 9
-1.275 4.1830001 -0.29100001 108
-0.986 4.237 -0.41 12
-0.917 3.4519999 -0.29699999 28
-1.2539999 4.1900001 -0.322 88
-1.375 4.1620002 -0.287 102
-0.90100002 3.4960001 -0.34400001 7
-1.215 4.1750002 -0.36300001 23
-1.354 4.1659999 -0.31999999 61
-1.479 4.1479998 -0.28299999 140
-1.189 4.1989999 -0.421 11
-1.316 4.158 -0.36500001 19
-1.4579999 4.152 -0.31900001 70
-1.261 3.2920001 -0.222 2
-1.289 4.1700001 -0.42500001 12
-1.415 4.1300001 -0.36700001 24
-1.559 4.1300001 -0.31799999 71
-1.596 3.8959999 -0.25999999 53
-1.393 4.1560001 -0.43099999 9
-1.518 4.1110001 -0.36899999 26
-1.623 4.013 -0.30899999 150
-1.3049999 2.9860001 -0.197 14
-1.499 4.1459999 -0.43799999 8
-1.615 4.0749998 -0.37 23
-1.7690001 4.0939999 -0.31600001 88
-1.257 2.7030001 -0.176 23
-1.602 4.119 -0.44400001 6
-1.729 4.0809999 -0.375 22
-1.862 4.0489998 -0.31299999 14
-1.263 2.5599999 -0.16500001 122
-1.699 4.0780001 -0.44800001 2
-1.403 3.1059999 -0.289 14
-1.2539999 2.569 -0.199 5
-1.281 2.4519999 -0.15700001 32
-1.382 3.109 -0.34799999 8
-1.869 3.891 -0.36700001 9
-1.3200001 2.55 -0.198 8
-1.247 2.2590001 -0.14300001 44
0 0 0 0
-1.307 2.5639999 -0.245 29
-1.3200001 2.4100001 -0.18799999 102
-1.22 2.0929999 -0.131 49
0 0 0 0
-1.335 2.473 -0.23999999 21
-1.2359999 2.138 -0.168 15
-1.1799999 1.921 -0.12 61
-1.39 2.6059999 -0.31 0
-1.84 3.2249999 -0.31799999 5
-1.206 1.977 -0.156 28
-1.135 1.756 -0.108 62
0 0 0 0
-1.883 3.1270001 -0.31299999 7
-1.149 1.79 -0.142 47
-1.1109999 1.636 -0.1 67
0 0 0 0
-1.915 3.0150001 -0.30599999 27
-1.122 1.6619999 -0.133 46
-1.092 1.53 -0.093000002 79
-1.622 2.5780001 -0.32800001 0
-1.204 1.801 -0.186 42
-1.109 1.562 -0.126 43
0 0 0 0
-1.209 1.823 -0.237 31
-1.112 1.581 -0.16599999 5
-1.0930001 1.467 -0.119 43
0 0 0 0
-1.735 2.4849999 -0.331 1
-1.097 1.484 -0.15899999 9
-1.077 1.377 -0.113 50
0 0 0 0
-1.808 2.46 -0.33500001 6
-1.0829999 1.395 -0.152 11
-1.0650001 1.298 -0.107 59
0 0 0 0
0 0 0 0
-1.0700001 1.313 -0.146 61
-1.08 1.256 -0.105 85
0 0 0 0
0 0 0 0
-1.079 1.263 -0.14300001 64
-1.125 1.249 -0.105 84
-1.17 1.238 -0.071999997 102
-1.114 1.308 -0.192 0
-1.123 1.253 -0.145 65
-1.176 1.245 -0.106 87
-1.219 1.232 -0.071999997 95
-1.137 1.272 -0.192 10
-1.1720001 1.247 -0.148 24
-1.219 1.232 -0.106 79
-1.268 1.224 -0.071000002 88
-2.0179999 2.151 -0.33399999 6
-1.224 1.242 -0.15000001 150
-1.268 1.225 -0.107 83
-1.322 1.22 -0.07 99
-1.725 1.752 -0.28 17
-1.279 1.238 -0.154 9
-1.322 1.2180001 -0.108 83
-1.374 1.21 -0.068999998 95
-1.965 1.902 -0.31299999 7
-1.325 1.223 -0.156 8
-1.375 1.209 -0.109 81
-1.427 1.2 -0.068999998 88
-2.0009999 1.846 -0.31299999 12
-1.387 1.222 -0.15899999 100
-1.423 1.194 -0.11 79
-1.4809999 1.189 -0.068000004 92
-1.918 1.6849999 -0.29499999 4
-1.918 1.6109999 -0.21600001 150
-1.485 1.189 -0.111 77
-1.5420001 1.182 -0.067000002 88
-1.944 1.628 -0.294 4
-1.964 1.571 -0.21699999 43
-1.5470001 1.181 -0.113 73
-1.6 1.169 -0.067000002 81
-1.984 1.582 -0.29499999 3
-2.026 1.544 -0.22 11
-1.609 1.171 -0.114 75
-1.671 1.164 -0.067000002 69
-2.0669999 1.567 -0.303 3
-1.638 1.188 -0.17399999 44
-1.676 1.161 -0.116 58
-2.0469999 1.357 -0.078000002 6
-1.643 1.1849999 -0.23800001 13
-2.349 1.62 -0.24600001 41
-2.059 1.357 -0.139 6
-2.0309999 1.281 -0.074000001 10
-2.3280001 1.594 -0.33199999 4
-2.0420001 1.339 -0.20999999 5
-2.036 1.275 -0.134 12
-2.0510001 1.23 -0.071000002 13
-2.029 1.319 -0.28600001 0
-2.029 1.263 -0.205 15
-2.0680001 1.229 -0.133 8
-2.1329999 1.215 -0.071000002 7
-2.0250001 1.248 -0.28200001 18
-2.0769999 1.226 -0.207 5
-2.1500001 1.212 -0.13500001 6
-2.22 1.199 -0.07 6
-2.082 1.215 -0.28600001 2
-2.164 1.209 -0.212 6
-2.2360001 1.193 -0.13699999 6
-2.296 1.173 -0.068999998 4
-2.1210001 1.17 -0.28799999 2
-2.253 1.1900001 -0.21799999 5
-2.329 1.175 -0.139 4
-2.474 1.194 -0.071000002 12
-2.1470001 1.118 -0.289 0
-2.342 1.1670001 -0.223 4
-2.477 1.179 -0.145 13
-2.4460001 1.113 -0.067000002 15
-2.138 1.048 -0.28400001 0
-2.4460001 1.148 -0.23 11
-2.4760001 1.108 -0.142 7
-2.596 1.112 -0.068000004 5
-2.2219999 1.023 -0.292 0
-2.539 1.12 -0.236 5
-2.6329999 1.107 -0.148 5
-2.7130001 1.09 -0.068000004 5
-2.1370001 0.92299998 -0.27900001 0
-2.668 1.101 -0.245 4
-2.7509999 1.0829999 -0.152 4
-2.8429999 1.069 -0.068000004 4
-2.125 0.85699999 -0.27500001 0
-2.793 1.077 -0.25299999 4
-5.5749998 2.0469999 -0.30199999 20
-5.527 1.937 -0.12800001 54
-2.1400001 0.80299997 -0.27399999 0
0 0 0 0
-5.5500002 1.8940001 -0.29499999 20
-5.5029998 1.791 -0.122 55
-2.1340001 0.74299997 -0.271 0
0 0 0 0
-5.5180001 1.743 -0.28799999 20
-5.4679999 1.643 -0.116 62
-2.1619999 0.69400001 -0.273 0
0 0 0 0
-5.4920001 1.596 -0.28200001 27
-5.4390001 1.502 -0.11 52
-2.131 0.62800002 -0.26699999 0
0 0 0 0
-5.4650002 1.4529999 -0.27599999 28
-5.4200001 1.3660001 -0.105 63
-2.1300001 0.57200003 -0.26499999 0
0 0 0 0
-5.4419999 1.314 -0.27000001 29
-5.3909998 1.23 -0.1 63
-2.141 0.52100003 -0.264 0
0 0 0 0
-5.4070001 1.174 -0.264 29
-5.3530002 1.096 -0.094999999 64
-2.132 0.46399999 -0.26100001 0
-5.4190001 1.1160001 -0.45899999 0
-5.3899999 1.041 -0.25999999 29
0 0 0 0
-2.1429999 0.412 -0.26100001 0
0 0 0 0
-5.3410001 0.90600002 -0.25400001 1
0 0 0 0
-2.125 0.35600001 -0.25799999 0
0 0 0 0
-5.3429999 0.77999997 -0.25 1
0 0 0 0
-2.1340001 0.30399999 -0.257 0
0 0 0 0
-5.3210001 0.65200001 -0.24600001 1
0 0 0 0
-2.1329999 0.252 -0.25600001 1
0 0 0 0
-4.54 0.45199999 -0.207 12
-4.6279998 0.41600001 -0.066 14
-2.1259999 0.199 -0.25400001 1
0 0 0 0
-4.6139998 0.35100001 -0.208 12
0 0 0 0
-2.1099999 0.146 -0.25099999 0
0 0 0 0
-4.9970002 0.266 -0.223 0
0 0 0 0
-2.108 0.094999999 -0.25 1
0 0 0 0
-5.6069999 0.17 -0.248 4
-5.7389998 0.12899999 -0.072999999 68
-2.109 0.044 -0.249 1
0 0 0 0
-5.763 0.041000001 -0.252 20
-6.0939999 0.001 -0.075000003 14
-2.099 -0.0060000001 -0.24699999 1
-3.4560001 -0.030999999 -0.27599999 7
-3.5450001 -0.055 -0.153 12
-3.562 -0.079000004 -0.041999999 6
-2.1070001 -0.057 -0.24699999 1
-3.52 -0.114 -0.28 6
-3.5739999 -0.13699999 -0.153 7
-8.3570004 -0.373 -0.094999999 1
-2.0929999 -0.107 -0.245 2
0 0 0 0
-5.5830002 -0.34299999 -0.23800001 6
-8.3000002 -0.55599999 -0.090999998 3
-2.0929999 -0.15800001 -0.245 2
0 0 0 0
-3.4860001 -0.294 -0.147 38
-3.4719999 -0.31099999 -0.037 6
-2.0680001 -0.206 -0.241 1
0 0 0 0
-3.517 -0.37799999 -0.148 27
-1.842 -0.206 -0.018999999 55
-1.73 -0.215 -0.20100001 13
0 0 0 0
-1.8329999 -0.23999999 -0.075999998 59
-1.818 -0.245 -0.017999999 60
-1.72 -0.25600001 -0.2 14
0 0 0 0
-1.827 -0.28099999 -0.075999998 57
-1.8200001 -0.287 -0.017000001 61
-1.807 -0.31299999 -0.20999999 11
-1.8609999 -0.32600001 -0.145 32
-1.868 -0.33199999 -0.077 26
-8.0760002 -1.46 -0.077 150
-1.48 -0.294 -0.17200001 14
-1.502 -0.29899999 -0.117 35
0 0 0 0
-1.518 -0.30899999 -0.014 55
-1.372 -0.30700001 -0.15899999 15
-1.46 -0.32699999 -0.114 54
0 0 0 0
0 0 0 0
0 0 0 0
0 0 0 0
0 0 0 0
-1.483 -0.37200001 -0.013 61
-1.988 -0.546 -0.23100001 2
-2.902 -0.79500002 -0.227 0
-4.2750001 -1.1720001 -0.175 3
0 0 0 0
-1.999 -0.60100001 -0.233 1
0 0 0 0
-4.2249999 -1.262 -0.17299999 0
0 0 0 0
-1.9630001 -0.64300001 -0.229 1
0 0 0 0
-4.125 -1.337 -0.169 1
-5.5180001 -1.786 -0.048 6
-1.954 -0.69199997 -0.228 2
0 0 0 0
-4.0310001 -1.409 -0.16500001 0
-5.526 -1.927 -0.048 3
-1.9450001 -0.74199998 -0.227 2
0 0 0 0
-3.9400001 -1.478 -0.162 0
-5.2360001 -1.9579999 -0.046 6
-1.923 -0.787 -0.22499999 2
0 0 0 0
0 0 0 0
-5.3559999 -2.1400001 -0.046999998 4
-1.91 -0.83499998 -0.22400001 1
0 0 0 0
0 0 0 0
-5.2969999 -2.256 -0.046999998 5
-1.883 -0.87800002 -0.222 1
-2.698 -1.243 -0.214 0
0 0 0 0
-5.0799999 -2.299 -0.045000002 7
-1.867 -0.926 -0.221 1
0 0 0 0
0 0 0 0
-5.1040001 -2.448 -0.046 4
-1.842 -0.96899998 -0.219 1
0 0 0 0
0 0 0 0
-5.0139999 -2.5450001 -0.046999998 29
-1.83 -1.02 -0.21799999 1
0 0 0 0
0 0 0 0
0 0 0 0
-1.798 -1.059 -0.21600001 1
0 0 0 0
0 0 0 0
0 0 0 0
-1.786 -1.11 -0.215 1
0 0 0 0
0 0 0 0
0 0 0 0
-1.75 -1.147 -0.212 1
0 0 0 0
0 0 0 0
0 0 0 0
-1.739 -1.2 -0.212 0
-2.4779999 -1.679 -0.205 5
0 0 0 0
0 0 0 0
-1.714 -1.244 -0.211 0
-2.2679999 -1.615 -0.189 4
0 0 0 0
0 0 0 0
-1.6950001 -1.293 -0.20999999 0
-2.0650001 -1.545 -0.17399999 3
0 0 0 0
0 0 0 0
-1.658 -1.329 -0.207 0
-1.899 -1.4910001 -0.161 3
0 0 0 0
0 0 0 0
-1.65 -1.388 -0.208 0
-1.778 -1.464 -0.152 2
0 0 0 0
0 0 0 0
-1.63 -1.439 -0.208 2
0 0 0 0
0 0 0 0
0 0 0 0
-1.596 -1.478 -0.205 2
0 0 0 0
0 0 0 0
0 0 0 0
-1.513 -1.47 -0.197 3
-2.9719999 -2.819 -0.26499999 0
0 0 0 0
0 0 0 0
-1.392 -1.418 -0.183 2
-1.557 -1.548 -0.141 4
0 0 0 0
0 0 0 0
-1.334 -1.424 -0.178 4
-1.512 -1.575 -0.139 4
0 0 0 0
0 0 0 0
-1.217 -1.364 -0.164 2
0 0 0 0
0 0 0 0
0 0 0 0
-1.152 -1.354 -0.15800001 3
0 0 0 0
0 0 0 0
0 0 0 0
0 0 0 0
0 0 0 0
0 0 0 0
0 0 0 0
0 0 0 0
0 0 0 0
0 0 0 0
0 0 0 0
-3.7720001 -5.131 -0.54500002 1
-3.8940001 -5.138 -0.39300001 1
0 0 0 0
0 0 0 0
0 0 0 0
-3.694 -5.118 -0.38100001 1
-3.826 -5.1409998 -0.23199999 1
0 0 0 0
-3.3759999 -5.0799999 -0.50700003 1
-3.494 -5.0840001 -0.36899999 1
-3.6070001 -5.086 -0.226 1
0 0 0 0
-3.177 -5.033 -0.48800001 1
-3.2909999 -5.0370002 -0.35699999 1
0 0 0 0
0 0 0 0
0 0 0 0
0 0 0 0
0 0 0 0
0 0 0 0
0 0 0 0
0 0 0 0
0 0 0 0
0 0 0 0
0 0 0 0
0 0 0 0
0 0 0 0
0 0 0 0
0 0 0 0
0 0 0 0
-3.885 -7.066 -0.29699999 1
0 0 0 0
-3.734 -7.8249998 -0.65799999 1
-3.78 -7.579 -0.479 1
-3.8199999 -7.3449998 -0.30599999 1
-3.8710001 -7.1900001 -0.162 1
-3.6659999 -8.1700001 -0.66799998 1
-3.7130001 -7.8969998 -0.48899999 1
-3.7709999 -7.6760001 -0.317 1
-3.8110001 -7.4819999 -0.17299999 1
-3.592 -8.5349998 -0.67900002 1
-3.654 -8.2690001 -0.50199997 1
-1.308 -2.823 -0.116 0
-1.3609999 -2.829 -0.067000002 14
-1.102 -2.799 -0.21699999 9
-1.163 -2.806 -0.167 8
-1.245 -2.8570001 -0.116 0
-3.6819999 -8.1169996 -0.198 1
-3.4449999 -9.3940001 -0.70899999 1
-3.4979999 -9.0220003 -0.52700001 1
-3.563 -8.7220001 -0.35499999 1
-3.5999999 -8.4390001 -0.211 1
-3.319 -9.7480001 -0.71600002 1
-3.411 -9.4370003 -0.542 1
-3.483 -9.1160002 -0.37 1
-3.517 -8.7969999 -0.226 1
0 0 0 0
-3.3210001 -9.9069996 -0.55900002 1
-3.4070001 -9.566 -0.38699999 1
-3.454 -9.2399998 -0.244 1
0 0 0 0
-3.2090001 -10.358 -0.574 1
-3.319 -10.048 -0.405 1
-3.3570001 -9.6409998 -0.26100001 1
-3.3929999 -12.856 -0.87400001 5
-3.119 -10.956 -0.59799999 1
-3.207 -10.508 -0.42399999 1
-3.2720001 -10.142 -0.28200001 1
-3.2720001 -13.677 -0.90700001 20
-3.3889999 -13.053 -0.70099998 3
-3.0940001 -11.036 -0.44499999 1
-3.1760001 -10.665 -0.30500001 1
0 0 0 0
-3.2 -13.613 -0.72000003 8
0 0 0 0
0 0 0 0
0 0 0 0
0 0 0 0
0 0 0 0
0 0 0 0
0 0 0 0
0 0 0 0
0 0 0 0
0 0 0 0
0 0 0 0
0 0 0 0
0 0 0 0
-3.013 -15.008 -0.477 2
0 0 0 0
0 0 0 0
0 0 0 0
0 0 0 0
0 0 0 0
0 0 0 0
0 0 0 0
0 0 0 0
0 0 0 0
0 0 0 0
0 0 0 0
0 0 0 0
0 0 0 0
0 0 0 0
0 0 0 0
0 0 0 0
0 0 0 0
0 0 0 0
0 0 0 0
0 0 0 0
0 0 0 0
0 0 0 0
0 0 0 0
0 0 0 0
0 0 0 0
0 0 0 0
0 0 0 0
0 0 0 0
1.14 -26.344 -1.302 7
0.65100002 -28.268 -1.311 11
0 0 0 0
0 0 0 0
0 0 0 0
0 0 0 0
0.72600001 -28.277 -1.216 14
0.237 -28.426001 -1.151 11
0 0 0 0
0 0 0 0
0 0 0 0
0.88599998 -28.283001 -1.177 19
0 0 0 0
2.6159999 -28.278999 -1.281 6
0 0 0 0
0 0 0 0
0 0 0 0
0 0 0 0
0 0 0 0
0 0 0 0
0 0 0 0
0 0 0 0
0 0 0 0
0 0 0 0
0 0 0 0
0 0 0 0
0 0 0 0
0 0 0 0
0 0 0 0
0 0 0 0
0 0 0 0
0 0 0 0
0 0 0 0
0 0 0 0
5.1570001 -27.229 -1.271 7
0 0 0 0
0 0 0 0
0 0 0 0
0 0 0 0
5.3340001 -27.263 -1.375 8
0 0 0 0
0 0 0 0
0 0 0 0
0 0 0 0
0 0 0 0
0 0 0 0
0 0 0 0
0 0 0 0
0 0 0 0
0 0 0 0
0 0 0 0
0 0 0 0
0 0 0 0
0 0 0 0
0 0 0 0
0 0 0 0
0 0 0 0
0 0 0 0
0 0 0 0
0 0 0 0
0 0 0 0
0 0 0 0
0 0 0 0
0 0 0 0
0 0 0 0
0 0 0 0
0 0 0 0
0 0 0 0
0 0 0 0
0 0 0 0
0 0 0 0
0 0 0 0
0 0 0 0
0 0 0 0
0 0 0 0
0 0 0 0
0 0 0 0
0 0 0 0
0 0 0 0
0 0 0 0
0 0 0 0
0 0 0 0
0 0 0 0
0 0 0 0
0 0 0 0
0 0 0 0
0 0 0 0
0 0 0 0
0 0 0 0
0 0 0 0
0 0 0 0
0 0 0 0
0 0 0 0
0 0 0 0
0 0 0 0
0 0 0 0
0 0 0 0
0 0 0 0
0 0 0 0
0 0 0 0
0 0 0 0
0 0 0 0
0 0 0 0
0 0 0 0
0 0 0 0
0 0 0 0
0 0 0 0
0 0 0 0
7.5019999 -9.6800003 -0.24600001 1
0 0 0 0
0 0 0 0
7.8010001 -11.064 -0.95599997 1
0 0 0 0
7.5029998 -9.5340004 -0.456 1
0 0 0 0
0 0 0 0
0 0 0 0
7.3379998 -8.8990002 -0.43099999 1
7.3979998 -9.2559996 -0.66500002 1
7.4850001 -9.6210003 -0.889 1
7.1880002 -8.0790005 -0.19 1
7.2309999 -8.3660002 -0.412 1
7.2969999 -8.7069998 -0.64300001 1
7.369 -9.026 -0.86299998 1
7.1069999 -7.6360002 -0.175 1
7.1560001 -7.9070001 -0.39500001 1
7.1849999 -8.1789999 -0.62199998 1
7.2540002 -8.4650002 -0.83899999 1
7.0380001 -7.2290001 -0.162 1
7.0780001 -7.4720001 -0.38 1
7.1220002 -7.7340002 -0.60600001 1
0 0 0 0
6.9720001 -6.8429999 -0.149 1
7.0050001 -7.0630002 -0.366 1
7.0139999 -7.27 -0.588 1
7.0780001 -7.513 -0.80000001 1
6.9099998 -6.4840002 -0.138 0
6.9130001 -6.6550002 -0.352 1
6.9580002 -6.881 -0.574 1
0 0 0 0
6.8039999 -6.1020002 -0.126 1
6.8499999 -6.2969999 -0.34 1
6.8629999 -6.4780002 -0.55900002 1
0 0 0 0
6.7420001 -5.7779999 -0.116 1
6.763 -5.9380002 -0.32800001 1
6.8130002 -6.1339998 -0.54799998 1
6.8660002 -6.316 -0.75400001 1
6.6989999 -5.4829998 -0.107 1
6.7059999 -5.6220002 -0.31799999 1
6.7459998 -5.7989998 -0.53600001 1
0 0 0 0
6.6100001 -5.1700001 -0.098999999 1
6.6500001 -5.3210001 -0.30899999 1
6.6589999 -5.46 -0.523 1
0 0 0 0
6.5710001 -4.9050002 -0.090999998 1
6.5640001 -5.0110002 -0.29899999 1
6.5910001 -5.1490002 -0.51300001 1
6.6370001 -5.2870002 -0.713 1
6.5110002 -4.6370001 -0.083999999 1
6.5180001 -4.744 -0.29100001 1
6.5229998 -4.855 -0.50300002 1
6.5869999 -4.994 -0.70300001 1
6.4749999 -4.3940001 -0.078000002 1
6.4780002 -4.4899998 -0.28400001 1
6.4889998 -4.5970001 -0.49599999 1
6.5089998 -4.6960001 -0.69099998 1
6.427 -4.1539998 -0.071999997 1
6.4419999 -4.2480001 -0.278 1
6.4489999 -4.3460002 -0.48899999 1
6.4970002 -4.4549999 -0.68599999 1
6.3779998 -3.9230001 -0.067000002 1
6.3829999 -4.0029998 -0.271 1
6.402 -4.099 -0.48199999 1
6.4190001 -4.1830001 -0.67500001 1
0 0 0 0
0 0 0 0
6.3520002 -3.862 -0.47499999 1
6.382 -3.9430001 -0.66900003 1
0 0 0 0
0 0 0 0
4.7620001 -2.7460001 -0.354 12
0 0 0 0
5.0949998 -2.6800001 -0.043000001 9
5.0159998 -2.6860001 -0.205 12
4.9660001 -2.7090001 -0.36700001 12
0 0 0 0
5.2839999 -2.6300001 -0.041000001 7
5.2340002 -2.651 -0.211 11
5.1820002 -2.6700001 -0.38100001 11
1.5700001 -0.82099998 -0.163 2
5.4990001 -2.585 -0.039999999 6
5.448 -2.6029999 -0.21699999 11
5.402 -2.625 -0.39500001 10
1.636 -0.80599999 -0.169 2
5.7340002 -2.5409999 -0.039000001 5
5.6659999 -2.549 -0.22400001 7
5.618 -2.5699999 -0.41 8
1.743 -0.80699998 -0.18000001 3
5.9809999 -2.4920001 -0.037999999 5
5.9089999 -2.4979999 -0.23199999 8
5.869 -2.5209999 -0.42699999 6
1.8839999 -0.81900001 -0.19400001 4
0 0 0 0
0 0 0 0
0 0 0 0
1.987 -0.80699998 -0.205 7
0 0 0 0
0 0 0 0
2.003 -0.75099999 -0.145 1
2.003 -0.75800002 -0.206 5
0 0 0 0
0 0 0 0
0 0 0 0
2.0829999 -0.73199999 -0.215 3
0 0 0 0
0 0 0 0
0 0 0 0
2.1029999 -0.68300003 -0.21699999 0
6.178 -1.796 -0.028999999 0
6.8779998 -2.0179999 -0.26100001 1
2.323 -0.68800002 -0.167 0
2.1240001 -0.63300002 -0.219 0
6.1420002 -1.638 -0.027000001 1
0 0 0 0
2.444 -0.662 -0.176 2
2.1370001 -0.58200002 -0.221 0
0 0 0 0
0 0 0 0
2.622 -0.64499998 -0.189 3
0 0 0 0
0 0 0 0
0 0 0 0
2.8239999 -0.62400001 -0.204 3
0 0 0 0
6.0539999 -1.187 -0.023 3
0 0 0 0
3.013 -0.59200001 -0.21699999 1
2.1619999 -0.42399999 -0.22400001 0
6.02 -1.041 -0.022 3
0 0 0 0
3.2219999 -0.55400002 -0.233 1
2.1800001 -0.373 -0.227 0
6.1539998 -0.92299998 -0.022 6
0 0 0 0
3.3310001 -0.493 -0.241 0
2.1800001 -0.31900001 -0.227 0
5.9770002 -0.76099998 -0.021 8
0 0 0 0
0 0 0 0
2.2079999 -0.26899999 -0.23100001 0
5.948 -0.62099999 -0.021 9
0 0 0 0
0 0 0 0
2.2060001 -0.215 -0.23100001 0
5.9109998 -0.486 -0.021 12
5.9439998 -0.47 -0.22499999 0
0 0 0 0
2.201 -0.162 -0.23199999 0
5.8829999 -0.35100001 -0.021 15
5.9190001 -0.33199999 -0.22499999 0
0 0 0 0
2.221 -0.109 -0.235 0
5.8670001 -0.219 -0.021 24
5.8709998 -0.193 -0.22400001 0
0 0 0 0
2.2349999 -0.056000002 -0.237 0
6.0840001 -0.089000002 -0.022 0
0 0 0 0
0 0 0 0
2.2409999 -0.0020000001 -0.23899999 0
6.184 0.048 -0.023 8
0 0 0 0
0 0 0 0
2.2390001 0.050999999 -0.23999999 0
5.7810001 0.17299999 -0.023 104
5.7789998 0.20900001 -0.22400001 72
0 0 0 0
2.2449999 0.106 -0.242 0
5.7529998 0.301 -0.023 104
5.7480001 0.338 -0.22400001 77
5.7410002 0.37400001 -0.43200001 3
2.2379999 0.16 -0.242 0
5.7259998 0.428 -0.024 109
5.723 0.47 -0.22499999 84
5.7179999 0.50800002 -0.43200001 4
2.2639999 0.21699999 -0.24699999 0
5.7119999 0.55599999 -0.025 115
4.1490002 0.43599999 -0.164 44
5.7059999 0.64399999 -0.43399999 0
2.2839999 0.27399999 -0.25 0
5.6609998 0.67900002 -0.027000001 93
5.434 0.69800001 -0.21699999 29
5.6750002 0.77700001 -0.435 11
2.2820001 0.33000001 -0.252 0
5.6469998 0.80699998 -0.028000001 145
5.658 0.861 -0.228 88
5.6479998 0.90899998 -0.43599999 12
2.253 0.38299999 -0.25 0
5.6259999 0.93199998 -0.029999999 150
5.619 0.98799998 -0.229 105
5.6009998 1.038 -0.43599999 5
0 0 0 0
5.6030002 1.059 -0.030999999 150
5.5949998 1.117 -0.23100001 150
5.6030002 1.177 -0.43900001 9
2.2739999 0.5 -0.25600001 2
5.5780001 1.184 -0.033 150
5.5609999 1.243 -0.23199999 95
0 0 0 0
0 0 0 0
5.4559999 1.286 -0.035 43
4.0279999 0.99900001 -0.17 44
5.5570002 1.443 -0.44400001 0
0 0 0 0
4.073 1.057 -0.027000001 20
5.4980001 1.498 -0.235 89
5.5100002 1.572 -0.44400001 3
2.122 0.63099998 -0.245 3
5.4980001 1.5599999 -0.039999999 146
5.4959998 1.635 -0.23800001 90
5.4829998 1.705 -0.44600001 5
2.256 0.73100001 -0.26300001 0
5.4840002 1.6900001 -0.041999999 101
5.4679999 1.7640001 -0.241 90
5.4489999 1.837 -0.44800001 5
2.2639999 0.79400003 -0.266 0
5.4619999 1.818 -0.045000002 111
5.4460001 1.897 -0.243 90
5.4260001 1.973 -0.45100001 6
2.266 0.85699999 -0.26899999 0
5.434 1.9450001 -0.048 106
5.4200001 2.03 -0.24600001 90
5.4070001 2.1110001 -0.454 4
2.2320001 0.90700001 -0.26800001 0
5.4120002 2.0769999 -0.050999999 106
4.1490002 1.663 -0.191 7
0 0 0 0
0 0 0 0
5.3850002 2.2060001 -0.054000001 105
5.3660002 2.2950001 -0.252 66
0 0 0 0
0 0 0 0
5.362 2.3380001 -0.057 106
0 0 0 0
0 0 0 0
0 0 0 0
0 0 0 0
0 0 0 0
0 0 0 0
2.1289999 1.115 -0.26699999 0
0 0 0 0
4.5999999 2.3570001 -0.228 10
2.2049999 1.178 -0.197 4
0 0 0 0
0 0 0 0
2.405 1.303 -0.121 10
0 0 0 0
0 0 0 0
4.77 2.615 -0.066 2
0 0 0 0
0 0 0 0
0 0 0 0
0 0 0 0
0 0 0 0
0 0 0 0
1.8279999 1.1950001 -0.241 2
0 0 0 0
0 0 0 0
1.8 1.193 -0.171 15
0 0 0 0
5.1680002 3.306 -0.086999997 110
1.79 1.196 -0.097999997 105
2.9330001 2.0450001 -0.28299999 40
0 0 0 0
1.795 1.206 -0.032000002 173
2.9189999 2.05 -0.16500001 14
0 0 0 0
0 0 0 0
2.9230001 2.0610001 -0.055 56
3.8840001 2.8640001 -0.22499999 0
0 0 0 0
0 0 0 0
5.506 4.0739999 -0.112 19
5.4759998 4.2379999 -0.32499999 17
0 0 0 0
2.296 1.933 -0.32800001 42
5.4689999 4.2420001 -0.118 25
2.3440001 1.902 -0.14300001 5
0 0 0 0
0 0 0 0
2.3469999 1.9069999 -0.054000001 70
2.3710001 2.017 -0.148 203
0 0 0 0
0 0 0 0
2.312 1.966 -0.056000002 231
3.6099999 3.2190001 -0.23199999 1
0 0 0 0
0 0 0 0
3.602 3.2079999 -0.093000002 2
1.1440001 1.068 -0.075000003 3
2.7850001 2.7260001 -0.30899999 9
0 0 0 0
1.149 1.071 -0.030999999 12
3.3970001 3.322 -0.23199999 14
1.061 1.089 -0.12 0
1.671 1.791 -0.26199999 2
3.4000001 3.3169999 -0.1 13
1.0599999 1.086 -0.074000001 2
1.679 1.806 -0.19499999 0
1.665 1.873 -0.26699999 4
1.0549999 1.077 -0.033 3
0 0 0 0
1.6670001 1.881 -0.198 4
0 0 0 0
1.219 1.303 -0.039999999 21
1.659 1.8660001 -0.124 6
1.7819999 2.109 -0.21799999 0
0 0 0 0
1.6619999 1.859 -0.059 149
4.9489999 5.8330002 -0.38499999 0
2.27 2.8180001 -0.285 11
0 0 0 0
3.882 4.5489998 -0.146 0
2.2950001 2.835 -0.185 6
0 0 0 0
0 0 0 0
3.734 4.5799999 -0.15000001 12
0 0 0 0
0 0 0 0
0 0 0 0
0 0 0 0
0 0 0 0
3.842 5.5289998 -0.52700001 0
1.594 2.4200001 -0.29899999 6
0 0 0 0
0 0 0 0
1.6160001 2.448 -0.229 0
0 0 0 0
0 0 0 0
3.7149999 5.579 -0.34999999 15
0 0 0 0
0 0 0 0
3.5710001 5.3049998 -0.186 6
1.523 2.4070001 -0.15000001 5
0 0 0 0
0 0 0 0
1.5089999 2.358 -0.083999999 150
1.049 1.7460001 -0.108 26
0 0 0 0
0 0 0 0
1.043 1.714 -0.061999999 150
3.1059999 5.4510002 -0.33500001 19
0 0 0 0
0 0 0 0
3.1500001 5.4549999 -0.20200001 21
0 0 0 0
1.974 3.9300001 -0.33899999 0
0 0 0 0
0 0 0 0
0 0 0 0
1.842 3.8929999 -0.33000001 0
0 0 0 0
0 0 0 0
0 0 0 0
0 0 0 0
0 0 0 0
0 0 0 0
0 0 0 0
0 0 0 0
0 0 0 0
0 0 0 0
0 0 0 0
0 0 0 0
0 0 0 0
0 0 0 0
0 0 0 0
0 0 0 0
0 0 0 0
0 0 0 0
0 0 0 0
0 0 0 0
1.132 3.7119999 -0.361 0
0 0 0 0
0.75300002 2.1889999 -0.13 150
1.171 3.7780001 -0.296 0
0 0 0 0
0.84399998 2.3940001 -0.102 13
1.201 3.7720001 -0.22400001 0
0 0 0 0
0 0 0 0
0 0 0 0
1.105 3.7709999 -0.223 0
0 0 0 0
0 0 0 0
0 0 0 0
0 0 0 0
0 0 0 0
0 0 0 0
0 0 0 0
0 0 0 0
0 0 0 0
0.377 2.108 -0.18799999 3
0 0 0 0
0 0 0 0
0.84600002 4.5749998 -0.33899999 57
0 0 0 0
0 0 0 0
0 0 0 0
0 0 0 0
0.59100002 4.5229998 -0.391 2
0 0 0 0
0.77399999 4.5599999 -0.271 22
0.62 4.54 -0.33000001 8
0.48300001 4.5300002 -0.38499999 6
0.37799999 2.1170001 -0.102 2
0.66299999 4.5489998 -0.271 56
0.509 4.5149999 -0.32499999 64
0.37099999 4.4899998 -0.37599999 12
0.70599997 4.5580001 -0.22400001 11
0.44299999 3.6329999 -0.21600001 9
0.40000001 4.4920001 -0.32100001 11
0.22400001 3.802 -0.31299999 110
0.47799999 3.6429999 -0.183 8
0.22499999 2.2880001 -0.13600001 5
0.292 4.4759998 -0.317 56
0.057 1.6059999 -0.13 1
0.498 4.6370001 -0.237 2
0.33500001 4.48 -0.26800001 55
0 0 0 0
0.052999999 4.4359999 -0.35499999 60
0.38100001 4.539 -0.236 19
0.197 3.8340001 -0.23 1
0.081 4.4390001 -0.30899999 9
-0.050999999 4.4159999 -0.34799999 65
0.271 4.4809999 -0.23800001 12
0.123 4.4499998 -0.26800001 53
-0.021 4.4169998 -0.30500001 59
-0.154 4.3899999 -0.34 60
0.057 1.5700001 -0.083999999 1
0.018999999 4.4250002 -0.26800001 55
-0.125 4.3969998 -0.30199999 60
-0.25600001 4.3769999 -0.33399999 58
0.059999999 4.4390001 -0.244 56
-0.083999999 4.402 -0.26800001 55
-0.228 4.3829999 -0.29899999 55
-0.35800001 4.348 -0.32699999 70
-0.043000001 4.4109998 -0.24699999 60
-0.186 4.3779998 -0.26800001 57
-0.329 4.3569999 -0.29499999 58
-0.458 4.3239999 -0.32100001 79
-0.147 4.4000001 -0.25099999 61
-0.28799999 4.368 -0.26899999 65
-0.43000001 4.3340001 -0.292 68
-0.55900002 4.3109999 -0.315 103
-0.248 4.3759999 -0.255 60
-0.389 4.336 -0.26800001 64
-0.52999997 4.3169999 -0.289 60
-0.65799999 4.2870002 -0.30899999 35
-0.34900001 4.3460002 -0.25799999 60
-0.48899999 4.3239999 -0.26899999 61
-0.63200003 4.302 -0.28600001 62
-0.75999999 4.2810001 -0.30399999 20
-0.45199999 4.335 -0.26300001 61
-0.58899999 4.303 -0.27000001 73
-0.73000002 4.277 -0.28299999 70
-0.347 1.721 -0.12 120
-0.55299997 4.3179998 -0.26699999 66
-0.69 4.2839999 -0.27000001 51
-0.82999998 4.2610002 -0.28099999 74
-0.95899999 4.237 -0.292 111
-0.65200001 4.2950001 -0.271 28
-0.79100001 4.2729998 -0.27200001 27
-0.377 1.72 -0.113 23
-1.053 4.1960001 -0.285 150
-0.75300002 4.2729998 -0.27500001 35
-0.359 1.717 -0.11 108
-1.03 4.2220001 -0.27599999 108
-0.94 3.4059999 -0.228 6
-0.347 1.728 -0.113 10
-0.991 4.2270002 -0.273 115
-0.91100001 3.388 -0.22 77
-1.2589999 4.1849999 -0.27599999 150
-0.954 4.237 -0.28400001 97
-1.0470001 4.0450001 -0.264 149
-1.23 4.1830001 -0.271 150
-1.086 3.326 -0.21600001 8
-1.053 4.21 -0.28799999 111
-1.193 4.1950002 -0.27599999 105
-1.064 3.3329999 -0.215 2
-1.1670001 3.313 -0.212 16
-0.93699998 3.402 -0.237 6
-1.293 4.1739998 -0.27700001 112
-1.147 3.3180001 -0.214 6
-1.24 3.276 -0.207 32
-1.257 4.1739998 -0.29699999 69
-1.398 4.1630001 -0.27900001 106
-1.224 3.2920001 -0.212 6
-1.323 3.2620001 -0.20299999 150
-1.363 4.1680002 -0.303 66
-1.499 4.1389999 -0.28099999 90
-1.301 3.2639999 -0.20900001 9
-1.314 3.036 -0.186 24
-1.465 4.145 -0.308 68
-1.602 4.118 -0.28200001 82
-1.351 3.171 -0.20299999 10
-1.266 2.75 -0.16599999 26
-1.5700001 4.125 -0.31400001 70
-1.683 4.0440001 -0.28099999 150
-1.291 2.846 -0.182 25
-1.255 2.5680001 -0.153 91
-1.6160001 3.961 -0.308 50
-1.4 3.152 -0.221 83
-1.244 2.5810001 -0.16500001 45
-1.3049999 2.5209999 -0.148 77
-1.426 3.2709999 -0.25999999 10
-1.252 2.648 -0.18799999 5
-1.306 2.5539999 -0.163 114
-1.2539999 2.2909999 -0.132 36
-1.851 3.984 -0.324 13
-1.284 2.559 -0.184 79
-1.27 2.348 -0.15000001 38
-1.23 2.128 -0.121 47
-1.279 2.5899999 -0.215 0
-1.285 2.4159999 -0.176 27
-1.242 2.174 -0.139 38
-1.202 1.974 -0.111 42
-1.9579999 3.7379999 -0.31900001 17
-1.251 2.2249999 -0.16500001 28
-1.212 2.0120001 -0.12899999 35
-1.142 1.7819999 -0.097999997 43
-1.359 2.45 -0.214 23
-1.225 2.0639999 -0.155 34
-1.151 1.814 -0.116 45
-1.12 1.661 -0.090000004 50
-1.826 3.115 -0.27900001 8
-1.163 1.858 -0.142 41
-1.1339999 1.698 -0.109 42
-1.107 1.563 -0.083999999 44
-1.154 1.865 -0.171 7
-1.1339999 1.72 -0.133 35
-1.114 1.586 -0.102 43
-1.095 1.474 -0.078000002 49
-1.147 1.758 -0.16500001 30
-1.122 1.618 -0.127 40
-1.097 1.487 -0.096000001 53
-1.076 1.381 -0.071000002 55
-1.1210001 1.631 -0.15700001 35
-1.101 1.511 -0.121 43
-1.084 1.401 -0.090999998 49
-1.0700001 1.3099999 -0.067000002 63
-1.1059999 1.53 -0.15099999 34
-1.086 1.418 -0.115 42
-1.073 1.321 -0.086000003 53
-1.081 1.2640001 -0.063000001 85
-1.0930001 1.438 -0.146 34
-1.076 1.339 -0.111 43
-1.072 1.26 -0.082000002 66
-1.124 1.2539999 -0.061999999 85
-1.076 1.348 -0.141 38
-1.071 1.27 -0.107 64
-1.119 1.256 -0.082000002 85
-1.171 1.248 -0.059999999 83
-1.066 1.272 -0.13699999 52
-1.112 1.257 -0.108 80
-1.169 1.251 -0.082000002 78
-1.219 1.2410001 -0.059 84
-1.1059999 1.257 -0.139 73
-1.159 1.25 -0.11 86
-1.214 1.24 -0.082000002 80
-1.262 1.228 -0.057 86
-1.152 1.247 -0.142 66
-1.209 1.243 -0.112 74
-1.262 1.232 -0.082000002 78
-1.313 1.22 -0.056000002 82
-1.2029999 1.2410001 -0.146 80
-1.255 1.2309999 -0.113 78
-1.313 1.223 -0.082000002 80
-1.368 1.215 -0.055 82
-1.257 1.2359999 -0.15000001 103
-1.306 1.222 -0.115 88
-1.368 1.216 -0.082999997 82
-1.423 1.207 -0.052999999 87
-1.3099999 1.228 -0.154 11
-1.3609999 1.215 -0.117 76
-1.418 1.2029999 -0.082999997 80
-1.478 1.197 -0.052000001 86
-1.3660001 1.22 -0.15800001 123
-1.414 1.2029999 -0.119 74
-1.477 1.196 -0.082999997 81
-1.5319999 1.184 -0.050000001 87
-1.896 1.614 -0.21600001 150
-1.473 1.196 -0.122 76
-1.533 1.183 -0.082999997 76
-1.595 1.176 -0.048999999 80
-1.957 1.585 -0.22 24
-1.536 1.187 -0.124 66
-1.598 1.176 -0.083999999 71
-1.653 1.1619999 -0.046999998 84
-2.0139999 1.552 -0.223 14
-1.597 1.175 -0.127 69
-1.655 1.16 -0.083999999 72
-2.0480001 1.3710001 -0.054000001 5
-1.636 1.2 -0.17900001 44
-1.654 1.158 -0.12899999 68
-2.0539999 1.369 -0.1 5
-2.033 1.295 -0.050000001 8
-2.313 1.612 -0.25 26
-2.052 1.3660001 -0.15700001 5
-2.053 1.302 -0.097000003 7
-2.052 1.242 -0.046 52
-2.0599999 1.363 -0.22 4
-2.0280001 1.2819999 -0.153 7
-2.043 1.2309999 -0.093999997 20
-2.1129999 1.215 -0.044 6
-2.0380001 1.279 -0.21600001 6
-2.0539999 1.2309999 -0.152 14
-2.141 1.223 -0.094999999 6
-2.2049999 1.2029999 -0.041999999 6
-2.0769999 1.234 -0.21699999 6
-2.1370001 1.214 -0.156 6
-2.2119999 1.197 -0.094999999 6
-2.293 1.1849999 -0.039999999 4
-2.151 1.209 -0.223 4
-2.224 1.194 -0.15899999 6
-2.3139999 1.184 -0.096000001 6
-2.425 1.184 -0.039000001 5
-2.243 1.191 -0.23 4
-2.3410001 1.187 -0.16500001 5
-2.474 1.194 -0.1 11
-2.454 1.13 -0.035999998 15
-2.345 1.173 -0.23899999 4
-2.4760001 1.183 -0.17200001 11
-2.45 1.114 -0.094999999 14
-2.5869999 1.122 -0.034000002 5
-2.4649999 1.159 -0.249 11
-2.46 1.105 -0.168 7
-2.615 1.118 -0.098999999 5
-2.6930001 1.096 -0.030999999 5
-2.5350001 1.119 -0.25400001 5
-2.632 1.109 -0.178 5
-2.72 1.089 -0.1 5
-2.822 1.075 -0.028999999 4
-2.6819999 1.1059999 -0.266 4
-2.76 1.087 -0.184 4
-2.859 1.069 -0.102 4
-5.539 1.97 -0.050999999 22
-2.8010001 1.077 -0.27599999 3
-5.6009998 2.056 -0.36899999 0
-5.5630002 1.936 -0.192 32
-5.513 1.821 -0.043000001 20
0 0 0 0
-5.586 1.901 -0.36300001 0
-5.5339999 1.784 -0.186 33
-5.4860001 1.677 -0.035999998 19
0 0 0 0
-5.5450001 1.743 -0.35600001 1
-5.513 1.638 -0.17900001 34
-5.4530001 1.533 -0.029999999 19
0 0 0 0
-5.5040002 1.5880001 -0.34900001 1
-5.48 1.493 -0.17299999 32
-5.4229999 1.3940001 -0.023 65
0 0 0 0
-5.4879999 1.444 -0.34400001 1
-5.4489999 1.351 -0.167 36
-5.3870001 1.257 -0.017000001 62
0 0 0 0
-5.441 1.296 -0.33700001 1
-5.427 1.214 -0.162 37
-5.3649998 1.126 -0.011 68
0 0 0 0
-5.414 1.155 -0.33199999 1
-5.402 1.079 -0.156 40
0 0 0 0
0 0 0 0
-5.3720002 1.0140001 -0.32600001 1
0 0 0 0
0 0 0 0
0 0 0 0
0 0 0 0
0 0 0 0
0 0 0 0
0 0 0 0
0 0 0 0
0 0 0 0
0 0 0 0
0 0 0 0
0 0 0 0
0 0 0 0
-4.631 0.44100001 0.013 12
0 0 0 0
0 0 0 0
-4.618 0.38100001 -0.115 13
-4.6160002 0.33500001 0.017000001 13
0 0 0 0
-4.651 0.32100001 -0.26899999 2
-4.9390001 0.29499999 -0.12 0
0 0 0 0
0 0 0 0
0 0 0 0
-5.698 0.208 -0.134 3
-5.7290001 0.15899999 0.030999999 3
0 0 0 0
0 0 0 0
-5.7639999 0.079000004 -0.132 94
-5.9489999 0.032000002 0.037 13
0 0 0 0
-3.4820001 -0.0049999999 -0.19599999 11
-6.2579999 -0.056000002 -0.14 3
-3.569 -0.059 0.025 7
0 0 0 0
-3.5369999 -0.088 -0.198 42
-3.5699999 -0.114 -0.077 6
-3.5799999 -0.139 0.028000001 7
0 0 0 0
0 0 0 0
-6.2179999 -0.34 -0.131 0
-3.5079999 -0.21600001 0.030999999 0
0 0 0 0
-3.4430001 -0.248 -0.19 12
-3.516 -0.273 -0.071999997 6
-3.4549999 -0.28999999 0.033 6
-3.4879999 -0.32100001 -0.31799999 0
-3.454 -0.331 -0.19 33
-3.5510001 -0.35800001 -0.07 7
-1.832 -0.19400001 0.017999999 49
0 0 0 0
-1.8660001 -0.223 -0.102 29
-1.847 -0.229 -0.035 42
-1.809 -0.233 0.02 50
-1.818 -0.25600001 -0.16500001 17
-1.848 -0.26499999 -0.1 53
-1.83 -0.26899999 -0.034000002 53
-1.814 -0.27500001 0.021 55
-1.806 -0.29899999 -0.164 14
-1.8609999 -0.31099999 -0.1 58
-1.853 -0.31600001 -0.033 45
-1.84 -0.32100001 0.023 18
0 0 0 0
-1.521 -0.29100001 -0.081 7
-1.55 -0.301 -0.027000001 37
-1.54 -0.30399999 0.02 47
-1.459 -0.31400001 -0.132 11
-1.4809999 -0.31999999 -0.079000004 42
-1.502 -0.32699999 -0.026000001 46
-1.513 -0.33399999 0.021 53
-1.465 -0.35299999 -0.133 32
-1.47 -0.354 -0.078000002 10
-1.505 -0.36399999 -0.025 10
-1.505 -0.36700001 0.022 55
0 0 0 0
-1.531 -0.40700001 -0.081 16
-1.503 -0.40000001 -0.024 24
-1.516 -0.40599999 0.023 47
0 0 0 0
-4.2270002 -1.2309999 -0.223 7
-5.5970001 -1.6289999 -0.089000002 10
-5.5960002 -1.635 0.089000002 9
-2.506 -0.79900002 -0.227 0
-4.1020002 -1.299 -0.21600001 2
-5.5799999 -1.762 -0.086000003 8
-5.5770001 -1.765 0.092 9
0 0 0 0
-4.0240002 -1.3789999 -0.211 8
-5.5180001 -1.883 -0.082999997 6
-5.5170002 -1.881 0.094999999 6
0 0 0 0
-3.9300001 -1.451 -0.205 7
-5.2579999 -1.929 -0.075999998 6
-5.2540002 -1.925 0.093999997 7
0 0 0 0
-3.829 -1.516 -0.2 7
-5.3140001 -2.0880001 -0.075000003 20
-5.3720002 -2.1040001 0.098999999 9
0 0 0 0
-3.744 -1.585 -0.19499999 7
-5.198 -2.1800001 -0.071000002 19
-5.3520002 -2.2349999 0.102 5
0 0 0 0
-3.677 -1.659 -0.191 7
-5.2309999 -2.3369999 -0.07 2
-5.3340001 -2.368 0.105 4
0 0 0 0
-3.592 -1.724 -0.186 8
-5.0619998 -2.401 -0.066 8
-5.223 -2.46 0.106 3
0 0 0 0
-3.506 -1.784 -0.18099999 9
-5.0190001 -2.523 -0.063000001 46
-5.2719998 -2.628 0.11 3
0 0 0 0
-3.3940001 -1.8279999 -0.176 9
0 0 0 0
0 0 0 0
0 0 0 0
-3.0710001 -1.749 -0.15899999 1
0 0 0 0
0 0 0 0
0 0 0 0
-2.7980001 -1.681 -0.145 0
0 0 0 0
0 0 0 0
0 0 0 0
-2.5510001 -1.615 -0.132 0
-2.576 -1.604 -0.028999999 2
0 0 0 0
0 0 0 0
0 0 0 0
0 0 0 0
0 0 0 0
-2.2309999 -1.595 -0.211 0
0 0 0 0
0 0 0 0
0 0 0 0
-2.1170001 -1.591 -0.20100001 0
0 0 0 0
0 0 0 0
-7.4629998 -5.3109999 0.18700001 1
-1.95 -1.54 -0.186 3
0 0 0 0
0 0 0 0
-7.3569999 -5.4879999 0.18799999 1
-1.784 -1.479 -0.171 3
0 0 0 0
0 0 0 0
0 0 0 0
-1.681 -1.464 -0.163 2
0 0 0 0
0 0 0 0
0 0 0 0
0 0 0 0
0 0 0 0
0 0 0 0
0 0 0 0
0 0 0 0
0 0 0 0
0 0 0 0
0 0 0 0
-1.534 -1.541 -0.152 3
-1.619 -1.584 -0.086000003 3
0 0 0 0
0 0 0 0
-1.497 -1.577 -0.15000001 3
0 0 0 0
0 0 0 0
0 0 0 0
0 0 0 0
0 0 0 0
0 0 0 0
0 0 0 0
0 0 0 0
0 0 0 0
0 0 0 0
0 0 0 0
0 0 0 0
0 0 0 0
-1.17 -1.341 -0.0089999996 3
0 0 0 0
0 0 0 0
0 0 0 0
0 0 0 0
-1.149 -1.347 0.035999998 3
-3.836 -5.145 -0.40799999 1
0 0 0 0
0 0 0 0
0 0 0 0
-3.6270001 -5.1129999 -0.391 1
-3.7709999 -5.1329999 -0.213 0
-4.711 -6.211 -0.035999998 2
0 0 0 0
-3.428 -5.0819998 -0.375 1
0 0 0 0
-4.6739998 -6.4619999 -0.035999998 2
-0.954 -1.284 0.030999999 3
0 0 0 0
0 0 0 0
-4.605 -6.6859999 -0.035 2
-4.6339998 -6.5380001 0.15700001 1
0 0 0 0
0 0 0 0
0 0 0 0
-4.5609999 -6.7540002 0.15800001 4
0 0 0 0
0 0 0 0
-4.4749999 -7.1750002 -0.033 5
-0.824 -1.2819999 0.028999999 0
0 0 0 0
-3.915 -6.8800001 -0.23800001 1
-4.4050002 -7.4380002 -0.033 9
-0.77899998 -1.273 0.028000001 0
-3.8080001 -7.3959999 -0.45899999 1
-3.868 -7.1789999 -0.23999999 1
-4.3829999 -7.7989998 -0.033 9
-0.73400003 -1.262 0.027000001 1
-3.7539999 -7.7319999 -0.463 1
-3.8 -7.4650002 -0.23999999 1
0 0 0 0
-0.68800002 -1.247 0.025 1
-3.698 -8.0930004 -0.46900001 1
-1.358 -2.8269999 -0.088 5
-1.443 -2.869 -0.011 3
-0.64600003 -1.2359999 0.024 1
-1.2079999 -2.819 -0.15700001 12
0 0 0 0
-4.198 -8.8389997 -0.032000002 4
-0.60100001 -1.2180001 0.023 1
-3.5280001 -8.7919998 -0.47499999 1
0 0 0 0
0 0 0 0
-0.56699997 -1.216 0.022 1
-3.4549999 -9.2360001 -0.48100001 1
-3.5350001 -8.8959999 -0.249 1
0 0 0 0
-0.52999997 -1.207 0.021 1
-3.368 -9.6879997 -0.48699999 1
-3.447 -9.2939997 -0.25099999 1
-3.95 -10.04 -0.033 1
0 0 0 0
-3.277 -10.185 -0.49399999 1
-3.3599999 -9.75 -0.25400001 1
0 0 0 0
0 0 0 0
-3.1849999 -10.752 -0.50300002 1
-3.263 -10.231 -0.25799999 1
0 0 0 0
-0.435 -1.2079999 0.018999999 2
0 0 0 0
-3.168 -10.785 -0.26199999 1
0 0 0 0
0 0 0 0
0 0 0 0
0 0 0 0
0 0 0 0
0 0 0 0
0 0 0 0
0 0 0 0
-3.434 -12.879 -0.039000001 2
0 0 0 0
0 0 0 0
0 0 0 0
-3.296 -13.617 -0.041000001 2
0 0 0 0
-2.3529999 -13.581 -0.52600002 1
-2.9460001 -15.049 -0.317 2
0 0 0 0
0 0 0 0
-2.0320001 -13.615 -0.50700003 2
-2.3269999 -13.532 -0.27500001 2
0 0 0 0
0 0 0 0
0 0 0 0
-2.029 -13.691 -0.26800001 2
-2.2839999 -13.387 -0.041000001 49
0 0 0 0
0 0 0 0
0 0 0 0
-2.0150001 -13.71 -0.041999999 2
0 0 0 0
0 0 0 0
0 0 0 0
0 0 0 0
0 0 0 0
0 0 0 0
0 0 0 0
0 0 0 0
0 0 0 0
0 0 0 0
0 0 0 0
0 0 0 0
0 0 0 0
0 0 0 0
0 0 0 0
0 0 0 0
0 0 0 0
0.391 -28.336 -0.77200001 13
0 0 0 0
-0.69700003 -22.237 -0.077 4
0 0 0 0
1.039 -28.208 -0.73000002 15
0.40000001 -28.301001 -0.42399999 13
0 0 0 0
-0.60799998 -22.127001 0.13600001 5
1.7359999 -28.995001 -0.71200001 8
1.046 -28.173 -0.405 17
0 0 0 0
0 0 0 0
0 0 0 0
0 0 0 0
0 0 0 0
0 0 0 0
0 0 0 0
0 0 0 0
0 0 0 0
0 0 0 0
3.688 -28.469 -0.58499998 11
3.0469999 -28.606001 -0.361 8
0 0 0 0
0 0 0 0
4.348 -28.388 -0.54500002 15
3.701 -28.521 -0.34299999 6
0 0 0 0
0 0 0 0
0 0 0 0
4.3559999 -28.396999 -0.32499999 10
3.7160001 -28.551001 -0.12899999 8
0 0 0 0
0 0 0 0
0 0 0 0
0 0 0 0
3.8269999 -28.538 0.015 14
0.236 -1.0549999 -0.016000001 2
0 0 0 0
0 0 0 0
0 0 0 0
0 0 0 0
0.23899999 -1.0650001 -0.0099999998 2
0 0 0 0
0 0 0 0
0 0 0 0
0 0 0 0
0 0 0 0
0 0 0 0
0 0 0 0
0 0 0 0
0 0 0 0
0 0 0 0
0.317 -0.98400003 -0.0089999996 2
0 0 0 0
0 0 0 0
0 0 0 0
0.34900001 -1.003 -0.0080000004 25
0.32800001 -1.016 -0.0070000002 1
0 0 0 0
0 0 0 0
0.37200001 -0.99599999 -0.0070000002 27
0.34999999 -1.0039999 -0.0070000002 23
0.338 -1.041 -0.0060000001 2
0 0 0 0
0.39300001 -0.98500001 -0.0049999999 30
0.373 -0.99699998 -0.0060000001 23
0.35100001 -1.0039999 -0.0060000001 23
0.34900001 -1.0599999 -0.0070000002 3
0.42199999 -0.991 -0.0040000002 24
0.39899999 -0.995 -0.0060000001 23
0.377 -1.002 -0.0070000002 23
0.35499999 -0.99900001 -0.0070000002 28
0.447 -0.98500001 -0.003 23
0.42399999 -0.991 -0.0049999999 19
0.39899999 -0.991 -0.0070000002 22
0.38 -0.99599999 -0.0089999996 26
0.46000001 -0.95499998 -0.001 11
0.44800001 -0.98500001 -0.0049999999 18
0.42399999 -0.986 -0.0070000002 18
0.40599999 -0.99400002 -0.0099999998 26
0.48100001 -0.94400001 0 0
0.46900001 -0.97100002 -0.0040000002 7
0.449 -0.98100001 -0.0080000004 17
0.43200001 -0.991 -0.011 22
0 0 0 0
0.48300001 -0.94300002 -0.0040000002 1
0.47499999 -0.97899997 -0.0080000004 4
0.454 -0.97799999 -0.012 19
0 0 0 0
0 0 0 0
0.47999999 -0.93199998 -0.0080000004 2
0.48800001 -0.991 -0.013 1
0 0 0 0
0 0 0 0
0 0 0 0
0.49000001 -0.93800002 -0.013 2
0 0 0 0
0 0 0 0
0.58899999 -1.024 -0.0099999998 0
0 0 0 0
0 0 0 0
0 0 0 0
0 0 0 0
0.57999998 -0.995 -0.017000001 0
0 0 0 0
0 0 0 0
0 0 0 0
0 0 0 0
0 0 0 0
7.8379998 -11.204 -0.014 1
7.8779998 -11.733 -0.133 2
0 0 0 0
0 0 0 0
7.6290002 -10.393 -0.0080000004 1
0 0 0 0
7.9239998 -11.62 -0.25299999 2
0 0 0 0
7.4860001 -9.7209997 -0.0020000001 1
7.6020002 -10.258 -0.12899999 1
0 0 0 0
0 0 0 0
7.388 -9.1540003 0.0020000001 1
7.4460001 -9.5760002 -0.126 1
0 0 0 0
0 0 0 0
7.2750001 -8.6049995 0.0070000002 1
7.3429999 -9.0050001 -0.124 1
0 0 0 0
0 0 0 0
7.1739998 -8.1040001 0.0099999998 1
7.244 -8.4750004 -0.123 1
0 0 0 0
0.91500002 -0.954 0.018999999 2
7.1100001 -7.6680002 0.014 1
7.1259999 -7.9569998 -0.122 1
7.2389998 -8.3190002 -0.252 1
0 0 0 0
7.0159998 -7.2270002 0.017999999 1
7.052 -7.5120001 -0.12 1
7.1399999 -7.8260002 -0.252 1
0 0 0 0
6.9619999 -6.849 0.021 1
6.9650002 -7.0830002 -0.119 1
0 0 0 0
1.0039999 -0.91500002 0.024 1
6.8850002 -6.4720001 0.023 1
6.895 -6.691 -0.118 1
0 0 0 0
1.045 -0.91000003 0.026000001 1
6.7919998 -6.099 0.026000001 1
6.849 -6.3439999 -0.118 1
6.8940001 -6.5560002 -0.25299999 1
0 0 0 0
6.7350001 -5.777 0.028000001 1
6.7729998 -5.9910002 -0.118 1
6.8319998 -6.197 -0.25400001 1
0 0 0 0
6.6789999 -5.4699998 0.029999999 1
6.6960001 -5.6490002 -0.117 1
6.7540002 -5.8400002 -0.255 1
0 0 0 0
6.6259999 -5.1789999 0.032000002 0
6.6370001 -5.3400002 -0.117 1
6.6560001 -5.4840002 -0.25400001 1
0 0 0 0
1.197 -0.89200002 0.0060000001 0
6.5700002 -5.0380001 -0.116 1
6.6290002 -5.2030001 -0.25600001 1
0 0 0 0
1.2410001 -0.88099998 0.0060000001 0
6.5240002 -4.7639999 -0.116 1
6.5469999 -4.8909998 -0.255 1
7.2659998 -4.7859998 0.214 4
1.285 -0.86900002 0.0070000002 1
6.4660001 -4.4949999 -0.116 1
6.5009999 -4.6199999 -0.257 1
7.2090001 -4.5190001 0.21699999 9
1.337 -0.86000001 0.0080000004 1
6.4260001 -4.2490001 -0.116 1
6.473 -4.3730001 -0.259 1
7.1560001 -4.27 0.219 10
1.385 -0.847 0.0080000004 1
6.3800001 -4.0079999 -0.116 1
6.4219999 -4.1199999 -0.259 1
7.1110001 -4.0310001 0.222 12
1.459 -0.84799999 0.0089999996 1
0 0 0 0
3.062 -1.863 -0.125 5
7.0619998 -3.7969999 0.22400001 12
1.51 -0.83200002 0.0089999996 1
0 0 0 0
4.7729998 -2.75 -0.197 11
7.0190001 -3.5739999 0.226 11
1.572 -0.81900001 0.0099999998 1
5.0479999 -2.6960001 -0.093999997 11
4.9790001 -2.711 -0.207 10
6.9920001 -3.3659999 0.229 12
1.642 -0.80800003 0.011 1
5.2540002 -2.6500001 -0.097999997 12
5.1950002 -2.6700001 -0.219 10
6.9260001 -3.1459999 0.23 11
1.712 -0.79500002 0.012 1
5.487 -2.608 -0.103 12
5.3969998 -2.6140001 -0.229 8
6.9000001 -2.951 0.233 13
1.786 -0.77999997 0.013 0
5.697 -2.5469999 -0.109 7
5.6339998 -2.5650001 -0.242 7
6.8670001 -2.756 0.235 12
1.853 -0.75999999 0.013 0
5.9499998 -2.494 -0.114 7
5.895 -2.5150001 -0.25600001 7
1.994 -0.74900001 0.068999998 0
1.955 -0.74900001 0.014 0
0 0 0 0
0 0 0 0
6.7649999 -2.3729999 0.237 13
0 0 0 0
0 0 0 0
0 0 0 0
6.763 -2.204 0.23999999 11
6.2870002 -2.0869999 0.048999999 0
0 0 0 0
0 0 0 0
6.7210002 -2.0239999 0.241 10
6.691 -2.053 0.052999999 6
6.7529998 -2.112 -0.134 19
0 0 0 0
6.6859999 -1.853 0.242 9
6.1719999 -1.739 0.050000001 1
6.1750002 -1.774 -0.124 0
0 0 0 0
4.5970001 -1.165 0.168 0
6.1430001 -1.5829999 0.050000001 1
6.1430001 -1.61 -0.125 1
0 0 0 0
4.5510001 -1.0470001 0.168 1
0 0 0 0
0 0 0 0
0 0 0 0
6.6009998 -1.365 0.24600001 8
0 0 0 0
0 0 0 0
0 0 0 0
6.572 -1.206 0.24699999 7
6.0479999 -1.1210001 0.050999999 2
6.0450001 -1.137 -0.126 3
0 0 0 0
6.533 -1.049 0.248 7
6.0630002 -0.98199999 0.050999999 3
6.211 -1.017 -0.131 10
0 0 0 0
5.9640002 -0.82200003 0.229 5
3.398 -0.47099999 0.028999999 1
0 0 0 0
3.392 -0.47299999 -0.164 3
6.04 -0.69700003 0.233 11
5.9629998 -0.68900001 0.050999999 12
0 0 0 0
3.7679999 -0.43399999 -0.184 0
5.9499998 -0.55299997 0.23199999 17
5.9239998 -0.546 0.050999999 15
5.9159999 -0.54500002 -0.12800001 12
4.1599998 -0.37799999 -0.205 0
5.902 -0.417 0.23100001 18
5.9060001 -0.40900001 0.050999999 17
5.8959999 -0.403 -0.12899999 14
0 0 0 0
5.8870001 -0.28400001 0.233 19
5.8670001 -0.27200001 0.050999999 18
5.8600001 -0.26300001 -0.13 15
0 0 0 0
5.8559999 -0.152 0.233 20
5.8439999 -0.13600001 0.052000001 19
5.848 -0.125 -0.131 5
0 0 0 0
6.3379998 -0.023 0.25400001 1
6.3449998 -0.003 0.056000002 3
6.3319998 0.014 -0.14300001 2
0 0 0 0
6.3099999 0.116 0.255 117
6.2989998 0.139 0.056000002 88
5.7789998 0.149 -0.132 126
5.7870002 0.17200001 -0.29899999 14
5.763 0.234 0.234 108
5.7519999 0.259 0.050999999 106
5.7509999 0.28299999 -0.133 102
5.7690001 0.31200001 -0.301 16
5.73 0.36000001 0.235 104
5.7399998 0.391 0.052000001 111
5.7249999 0.417 -0.134 106
5.7389998 0.449 -0.303 15
5.7140002 0.486 0.235 116
5.698 0.51899999 0.050999999 131
5.6859999 0.55000001 -0.134 122
4.125 0.42300001 -0.22 43
4.2470002 0.45699999 0.176 49
4.2010002 0.479 0.037999999 47
5.6370001 0.67900002 -0.13500001 51
5.506 0.70099998 -0.29699999 4
4.2329998 0.551 0.177 78
4.1960001 0.57700002 0.037999999 47
5.6440001 0.815 -0.13699999 122
5.6589999 0.85900003 -0.308 15
4.2199998 0.64499998 0.177 74
4.1680002 0.67000002 0.037999999 48
5.6160002 0.94800001 -0.13699999 142
5.6279998 0.99400002 -0.31 17
4.204 0.73900002 0.177 74
4.1469998 0.76499999 0.037999999 48
5.592 1.079 -0.138 132
5.5949998 1.128 -0.31099999 20
4.1789999 0.82999998 0.177 62
4.1339998 0.86000001 0.037 49
5.566 1.211 -0.139 143
5.5770001 1.266 -0.31299999 14
4.1609998 0.92299998 0.178 65
4.1129999 0.95499998 0.037 109
4.0450001 0.98000002 -0.102 10
4.0159998 1.0140001 -0.228 36
4.1350002 1.0140001 0.178 50
4.086 1.048 0.037 47
5.5120001 1.475 -0.141 119
0 0 0 0
5.5450001 1.493 0.23999999 150
5.5029998 1.5470001 0.050000001 126
5.4990001 1.6109999 -0.14300001 49
5.5450001 1.6900001 -0.322 0
5.5170002 1.617 0.23999999 150
5.4699998 1.674 0.050000001 116
5.461 1.74 -0.14300001 90
5.4660001 1.811 -0.32100001 15
5.6009998 1.778 0.245 92
5.4510002 1.806 0.050000001 115
5.4439998 1.877 -0.145 109
5.4260001 1.9450001 -0.32300001 14
5.6479998 1.934 0.249 107
5.4310002 1.938 0.048999999 114
5.4200001 2.0139999 -0.146 111
5.4089999 2.0869999 -0.32600001 14
5.73 2.105 0.25400001 132
5.4060001 2.0699999 0.048999999 103
5.3829999 2.1459999 -0.147 92
4.1259999 1.709 -0.25099999 13
5.756 2.2609999 0.25600001 138
5.375 2.2019999 0.048999999 109
5.3699999 2.289 -0.148 16
0 0 0 0
5.6300001 2.358 0.252 113
5.3530002 2.3369999 0.048999999 98
3.0020001 1.364 -0.083999999 4
0 0 0 0
5.7449999 2.559 0.259 125
0 0 0 0
0 0 0 0
0 0 0 0
0 0 0 0
0 0 0 0
0 0 0 0
2.405 1.281 -0.154 5
0 0 0 0
0 0 0 0
2.4159999 1.311 -0.07 3
0 0 0 0
0 0 0 0
4.605 2.5369999 0.041999999 13
0 0 0 0
0 0 0 0
2.6730001 1.49 0.123 6
0 0 0 0
0 0 0 0
4.5910001 2.891 -0.30599999 0
0 0 0 0
0 0 0 0
5.164 3.2969999 -0.15800001 34
1.789 1.188 -0.121 53
0 0 0 0
5.1680002 3.3329999 0.046999998 99
1.793 1.207 -0.055 194
2.9400001 2.0569999 -0.20100001 8
5.585 3.628 0.26300001 49
1.777 1.205 0.016000001 12
2.937 2.0780001 -0.092 21
3.8929999 2.868 -0.271 2
0 0 0 0
2.904 2.0680001 0.026000001 15
5.4970002 4.0869999 -0.176 18
5.4770002 4.2389998 -0.38699999 4
2.914 2.0840001 0.139 2
5.4959998 4.1090002 0.050000001 16
5.4619999 4.2649999 -0.177 24
2.3410001 1.905 -0.168 6
2.773 2.0780001 0.133 8
5.4549999 4.276 0.048999999 27
2.323 1.904 -0.075999998 149
2.296 1.962 -0.167 76
2.73 2.1440001 0.132 50
2.3829999 1.9579999 0.021 7
2.299 1.977 -0.077 187
3.5999999 3.23 -0.26699999 8
0 0 0 0
2.2850001 1.9680001 0.02 107
3.575 3.2249999 -0.122 14
1.156 1.09 -0.086999997 40
2.2880001 1.97 0.112 2
0 0 0 0
1.15 1.089 -0.039999999 150
2.766 2.7349999 -0.212 10
2.6789999 2.415 0.133 25
1.161 1.098 0.0099999998 4
3.3659999 3.3399999 -0.119 1
1.0319999 1.071 -0.079999998 15
1.14 1.075 0.057 2
3.3729999 3.339 0.029999999 10
1.033 1.075 -0.037 201
1.202 1.3099999 -0.094999999 0
2.7880001 2.75 0.14 48
1.038 1.076 0.0089999996 6
1.221 1.331 -0.045000002 69
2.2279999 2.5480001 -0.18000001 0
0 0 0 0
1.216 1.321 0.0099999998 1
1.641 1.877 -0.061000001 3
3.3010001 3.9619999 -0.273 13
0 0 0 0
1.649 1.876 0.014 4
2.3640001 2.835 -0.090000004 0
3.493 4.4039998 -0.29499999 12
1.654 1.87 0.086000003 4
2.4089999 2.872 0.021 8
3.6010001 4.5349998 -0.141 12
0 0 0 0
2.3039999 2.7260001 0.121 0
2.4519999 3.066 0.022 14
0 0 0 0
0 0 0 0
1.989 2.464 0.105 12
0 0 0 0
0 0 0 0
0 0 0 0
0 0 0 0
0 0 0 0
3.3729999 4.9239998 -0.142 11
1.566 2.421 -0.145 16
0 0 0 0
0 0 0 0
1.5880001 2.441 -0.068000004 13
1.045 1.704 -0.098999999 57
0 0 0 0
1.619 2.4590001 0.014 3
1.051 1.702 -0.046 150
3.1670001 5.4549999 -0.31 20
3.6389999 5.4559999 0.20200001 6
1.061 1.696 0.0089999996 3
1.031 1.762 -0.046999998 49
2.9809999 5.4330001 -0.30000001 3
3.506 5.526 0.198 2
1.04 1.753 0.0089999996 22
3.0120001 5.4369998 -0.141 20
0 0 0 0
1.052 1.7460001 0.059999999 8
2.546 4.5229998 0.022 32
0 0 0 0
0 0 0 0
3.1210001 5.4549999 0.182 19
0 0 0 0
0 0 0 0
0 0 0 0
0 0 0 0
0 0 0 0
0 0 0 0
0.42300001 0.98400003 -0.048 150
1.36 2.652 0.082000002 6
0 0 0 0
0.41999999 0.963 -0.022 14
0 0 0 0
0 0 0 0
0 0 0 0
0 0 0 0
0 0 0 0
0 0 0 0
0.97500002 2.3299999 0.0089999996 4
0 0 0 0
0.82499999 2.3770001 -0.108 67
0 0 0 0
0 0 0 0
0.84799999 2.3929999 -0.050999999 4
0 0 0 0
0 0 0 0
0 0 0 0
0 0 0 0
0 0 0 0
0 0 0 0
0 0 0 0
1.1390001 3.7690001 -0.077 0
0 0 0 0
0 0 0 0
0 0 0 0
0 0 0 0
0 0 0 0
0 0 0 0
1.0829999 3.766 0.0099999998 0
0 0 0 0
0 0 0 0
1.127 3.77 0.086000003 0
0 0 0 0
0.85399997 3.7709999 -0.07 9
0 0 0 0
0 0 0 0
0 0 0 0
0.97100002 4.8049998 -0.086999997 4
0.78799999 4.6589999 -0.17299999 8
0.92799997 3.7219999 0.078000002 4
0.80400002 3.7679999 0.0080000004 12
0.84500003 4.7600002 -0.083999999 15
0.66600001 4.599 -0.16500001 22
0.83499998 3.7149999 0.074000001 44
0.74800003 3.9530001 0.0080000004 10
0.72000003 4.698 -0.079999998 31
0.55000001 4.5679998 -0.15899999 19
0.741 3.6919999 0.07 44
0 0 0 0
0.47799999 3.6919999 -0.061000001 8
0.221 2.2909999 -0.077 193
0 0 0 0
0.537 3.8 0.0060000001 1
0.244 2.3169999 -0.037 3
0.33399999 4.5939999 -0.149 56
0.56 3.6630001 0.063000001 40
0.42399999 3.6040001 0.0049999999 23
0.377 4.6110001 -0.071000002 51
0.186 3.8099999 -0.119 157
0.46900001 3.6229999 0.059 42
0.21600001 2.299 0.003 19
0.222 3.8080001 -0.057 35
0.117 4.559 -0.138 45
0.38 3.5880001 0.056000002 20
0.25400001 3.5899999 0.0040000002 25
0.055 1.5829999 -0.022 17
0.0080000004 4.5430002 -0.132 54
0.294 3.5539999 0.052000001 39
0.074000001 1.5779999 0.001 151
0.052000001 4.546 -0.063000001 48
-0.097999997 4.5050001 -0.125 53
0.093000002 1.584 0.022 1
0.085000001 3.5910001 0.0040000002 10
-0.054000001 4.5229998 -0.059999999 44
-0.20100001 4.447 -0.119 55
0.075000003 2.0880001 0.027000001 1
0.001 3.5539999 0.003 20
-0.15899999 4.4720001 -0.056000002 38
-0.31099999 4.5209999 -0.115 36
0.043000001 3.4909999 0.043000001 39
-0.079999998 3.5439999 0.003 18
-0.26100001 4.4260001 -0.052999999 35
-0.421 4.546 -0.11 60
-0.037 3.477 0.039999999 39
-0.162 3.5179999 0.0020000001 17
-0.30700001 3.7190001 -0.043000001 8
-0.52700001 4.5310001 -0.105 55
-0.117 3.4489999 0.037 38
-0.244 3.5039999 0.0020000001 17
-0.39399999 3.711 -0.039999999 9
-0.65799999 4.6960001 -0.103 12
-0.197 3.4349999 0.034000002 37
-0.324 3.483 0.001 15
-0.479 3.687 -0.037999999 9
-0.76099998 4.6420002 -0.096000001 27
-0.27599999 3.4189999 0.030999999 37
-0.405 3.473 0.001 14
-0.56800002 3.6919999 -0.035999998 8
-0.67699999 3.5940001 -0.07 150
-0.354 3.3940001 0.028000001 35
-0.48500001 3.4489999 0.001 7
-0.64200002 3.605 -0.032000002 59
-0.991 4.6609998 -0.085000001 13
-0.43399999 3.382 0.025 35
-0.56699997 3.4460001 0 18
-0.35299999 1.745 -0.014 1
-1.104 4.6550002 -0.079000004 13
-0.51300001 3.3740001 0.022 34
-0.648 3.4330001 0 11
-0.80599999 3.5580001 -0.028000001 18
-0.88099998 3.362 -0.052999999 80
-0.59100002 3.3540001 0.02 32
-0.727 3.4130001 0 18
-0.87400001 3.477 -0.025 10
-0.95899999 3.3429999 -0.048 87
-0.671 3.3469999 0.017000001 11
-0.81 3.408 0 15
-0.92699999 3.355 -0.022 71
-1.038 3.3239999 -0.044 91
-0.75099999 3.335 0.014 25
-0.88300002 3.362 0 61
-1.006 3.335 -0.018999999 76
-1.12 3.3110001 -0.039000001 110
-0.85299999 3.4119999 0.012 15
-0.96100003 3.339 0 71
-1.086 3.316 -0.017000001 85
-1.201 3.2950001 -0.034000002 112
-0.921 3.3469999 0.0089999996 69
-1.0420001 3.326 0 80
-1.165 3.2980001 -0.014 96
-1.278 3.27 -0.028999999 114
-1.001 3.329 0.0060000001 71
-1.123 3.3080001 0 90
-1.243 3.2739999 -0.012 97
-1.357 3.2460001 -0.024 103
-1.082 3.3110001 0.0040000002 78
-1.2029999 3.2880001 0 95
-1.33 3.27 -0.0089999996 103
-1.2819999 2.8789999 -0.017000001 28
-1.1619999 3.29 0.001 94
-1.286 3.2780001 0 112
-1.316 3.0309999 -0.0060000001 29
-1.249 2.638 -0.012 36
-1.247 3.283 -0.001 98
-1.358 3.233 0 119
-1.268 2.7449999 -0.0040000002 26
-1.289 2.5669999 -0.0080000004 128
-1.33 3.2679999 -0.003 109
-1.2869999 2.8729999 0 27
-1.263 2.573 -0.001 89
-1.274 2.398 -0.003 39
-1.301 2.99 -0.0049999999 27
-1.249 2.6229999 0 44
-1.314 2.527 0 96
-1.245 2.2179999 0 47
-1.258 2.7149999 -0.0070000002 28
-1.295 2.5610001 0 135
-1.261 2.2939999 0.0020000001 39
-1.221 2.062 0.003 51
-1.266 2.569 -0.0089999996 100
-1.271 2.3740001 0 43
-1.2359999 2.1289999 0.0040000002 43
-1.166 1.869 0.0060000001 52
-1.2920001 2.471 -0.0099999998 47
-1.243 2.197 0 41
-1.2079999 1.974 0.0049999999 45
-1.132 1.726 0.0089999996 48
-1.251 2.2609999 -0.011 41
-1.221 2.0439999 0 51
-1.146 1.778 0.0060000001 40
-1.118 1.62 0.011 47
-1.226 2.096 -0.012 38
-1.153 1.831 0 39
-1.125 1.661 0.0080000004 49
-1.099 1.518 0.013 50
-1.187 1.923 -0.013 50
-1.131 1.706 0 40
-1.1109999 1.559 0.0089999996 51
-1.086 1.4299999 0.015 51
-1.138 1.749 -0.013 39
-1.113 1.596 0 45
-1.096 1.466 0.0099999998 51
-1.075 1.35 0.017000001 60
-1.119 1.6339999 -0.014 42
-1.1 1.501 0 46
-1.0829999 1.381 0.011 56
-1.066 1.278 0.018999999 72
-1.1 1.526 -0.014 45
-1.085 1.41 0 47
-1.073 1.304 0.012 60
-1.099 1.258 0.022 93
-1.091 1.4400001 -0.015 45
-1.073 1.329 0 54
-1.09 1.263 0.013 80
-1.149 1.255 0.025 87
-1.073 1.347 -0.015 47
-1.074 1.267 0 81
-1.133 1.2539999 0.015 86
-1.196 1.248 0.028000001 86
-1.071 1.281 -0.016000001 68
-1.119 1.2589999 0.001 78
-1.181 1.247 0.017000001 88
-1.24 1.2359999 0.030999999 85
-1.104 1.258 -0.017000001 83
-1.166 1.25 0.001 90
-1.226 1.2359999 0.017999999 84
-1.29 1.228 0.034000002 82
-1.15 1.249 -0.017999999 90
-1.2130001 1.242 0.001 86
-1.278 1.2309999 0.02 84
-1.346 1.225 0.037 85
-1.202 1.244 -0.018999999 86
-1.261 1.2309999 0.001 84
-1.326 1.219 0.022 85
-1.391 1.21 0.039999999 85
-1.252 1.235 -0.021 85
-1.313 1.223 0.0020000001 88
-1.383 1.214 0.024 85
-1.446 1.201 0.044 87
-1.306 1.228 -0.022 86
-1.37 1.217 0.0020000001 78
-1.437 1.2029999 0.026000001 88
-1.5089999 1.196 0.048 87
-1.3609999 1.219 -0.023 88
-1.4220001 1.205 0.0020000001 91
-1.4960001 1.1950001 0.028000001 87
-1.558 1.178 0.052000001 71
-1.408 1.202 -0.025 83
-1.482 1.196 0.003 90
-1.55 1.181 0.029999999 74
-1.626 1.1720001 0.056000002 81
-1.472 1.197 -0.026000001 86
-1.539 1.184 0.003 82
-1.618 1.174 0.033 78
-1.704 1.171 0.061000001 61
-1.535 1.188 -0.028000001 80
-1.603 1.174 0.0040000002 72
-1.686 1.166 0.035999998 63
-2.0409999 1.336 0.075000003 5
-1.599 1.176 -0.028999999 70
-1.663 1.159 0.0040000002 76
-2.0450001 1.345 0.045000002 6
-2.0320001 1.265 0.077 129
-1.67 1.168 -0.030999999 67
-2.0469999 1.3559999 0.0060000001 6
-2.0250001 1.267 0.046 18
-2.073 1.227 0.081 6
-2.0469999 1.359 -0.037999999 6
-2.029 1.277 0.0060000001 14
-2.073 1.23 0.048 9
-2.1530001 1.21 0.086999997 7
-2.0409999 1.286 -0.037999999 11
-2.0569999 1.228 0.0070000002 10
-2.1530001 1.212 0.052000001 6
-2.2390001 1.192 0.093000002 4
-2.0680001 1.234 -0.039000001 10
-2.131 1.205 0.0070000002 7
-2.2320001 1.1900001 0.055 6
-2.322 1.17 0.098999999 4
-2.1530001 1.215 -0.041000001 6
-2.2290001 1.191 0.0080000004 6
-2.329 1.173 0.059 6
-2.471 1.177 0.108 14
-2.2390001 1.193 -0.043000001 4
-2.329 1.175 0.0089999996 5
-2.483 1.1799999 0.064999998 14
-2.4960001 1.12 0.112 10
-2.336 1.174 -0.045000002 4
-2.4719999 1.175 0.011 15
-2.5079999 1.122 0.067000002 9
-2.6199999 1.105 0.12 5
-2.4649999 1.165 -0.048 15
-2.507 1.12 0.011 8
-2.645 1.1109999 0.072999999 5
-2.747 1.087 0.12899999 4
-2.549 1.13 -0.048999999 7
-2.6440001 1.108 0.013 5
-2.7590001 1.086 0.078000002 5
-2.8759999 1.064 0.138 3
-2.6589999 1.103 -0.052000001 5
-2.7720001 1.085 0.014 4
0 0 0 0
0 0 0 0
-2.7880001 1.0779999 -0.054000001 4
0 0 0 0
0 0 0 0
0 0 0 0
-5.5440001 1.9910001 -0.108 53
0 0 0 0
0 0 0 0
0 0 0 0
-5.5089998 1.829 -0.108 43
-6.0929999 1.901 0.037999999 23
0 0 0 0
-5.4359999 1.474 0.285 9
-5.48 1.674 -0.107 54
0 0 0 0
-5.4380002 1.449 0.17200001 8
-5.4000001 1.336 0.289 62
-5.4619999 1.524 -0.107 49
-5.427 1.418 0.037 6
-5.3870001 1.303 0.17399999 65
-5.3899999 1.207 0.294 64
-5.421 1.373 -0.106 64
-5.3979998 1.274 0.039000001 69
-5.3800001 1.1720001 0.178 75
-5.3520002 1.073 0.29699999 64
-5.3899999 1.227 -0.105 63
-5.3699999 1.135 0.039999999 74
-5.3600001 1.04 0.18099999 47
0 0 0 0
-5.369 1.086 -0.104 63
0 0 0 0
0 0 0 0
0 0 0 0
0 0 0 0
0 0 0 0
0 0 0 0
0 0 0 0
0 0 0 0
0 0 0 0
-5.2600002 0.65100002 0.189 0
0 0 0 0
0 0 0 0
0 0 0 0
-4.5630002 0.458 0.168 12
-4.6230001 0.40200001 0.28099999 14
-4.5560002 0.46900001 -0.086999997 1
-4.618 0.421 0.044 27
-4.6199999 0.35800001 0.17299999 13
-4.9109998 0.31600001 0.30399999 0
-4.6220002 0.36399999 -0.088 12
-4.8429999 0.32600001 0.048 0
-5.145 0.28099999 0.197 0
-5.4809999 0.23100001 0.34599999 0
0 0 0 0
-5.5359998 0.242 0.057 0
-5.7639999 0.182 0.22499999 14
-5.7810001 0.115 0.37099999 103
0 0 0 0
-5.7870002 0.117 0.063000001 117
-5.9039998 0.052999999 0.235 15
-3.539 -0.0080000004 0.23100001 5
-5.9460001 0.035 -0.11 15
-6.2680001 -0.02 0.071000002 7
-3.5599999 -0.048999999 0.145 6
-3.52 -0.086000003 0.234 7
-3.572 -0.064999998 -0.064999998 6
-3.5599999 -0.094999999 0.041999999 8
-3.582 -0.13 0.148 6
-3.3239999 -0.154 0.22400001 7
-8.3430004 -0.35499999 -0.15099999 1
-8.3319998 -0.41800001 0.103 2
-3.3640001 -0.2 0.142 6
-8.3240004 -0.57200003 0.57200003 2
0 0 0 0
-3.4219999 -0.25299999 0.044 5
-8.2939997 -0.68199998 0.359 3
-1.813 -0.16500001 0.126 12
-3.513 -0.31999999 -0.061999999 6
-1.845 -0.17900001 0.024 10
-1.804 -0.19 0.079000004 42
-1.7690001 -0.2 0.125 51
-1.855 -0.214 -0.032000002 37
-1.809 -0.219 0.025 43
-1.793 -0.23 0.079999998 45
-1.75 -0.23800001 0.126 47
-1.8279999 -0.25600001 -0.030999999 41
-1.807 -0.26199999 0.026000001 42
-1.804 -0.273 0.082999997 45
-1.783 -0.28299999 0.131 29
-1.849 -0.30500001 -0.030999999 33
-1.846 -0.31200001 0.028000001 33
-8.1090002 -1.42 0.38100001 41
-1.604 -0.29100001 0.12 8
-1.558 -0.296 -0.026000001 19
-1.546 -0.29899999 0.024 40
-1.544 -0.30599999 0.074000001 45
-1.536 -0.31400001 0.117 51
-1.511 -0.32499999 -0.024 35
-1.52 -0.331 0.025 47
-1.51 -0.33500001 0.074000001 42
-1.521 -0.34599999 0.117 49
-1.505 -0.36199999 -0.024 41
-1.502 -0.36399999 0.025 51
-1.502 -0.36899999 0.075000003 43
-1.517 -0.38 0.119 54
-1.5089999 -0.40200001 -0.023 25
-1.528 -0.40900001 0.027000001 30
-1.5700001 -0.42500001 0.079999998 3
-5.5780001 -1.533 0.447 6
-5.566 -1.627 -0.086000003 6
-5.5840001 -1.636 0.104 11
-5.4070001 -1.595 0.28200001 150
-5.395 -1.6109999 0.44 64
-5.5510001 -1.7690001 -0.082999997 6
-5.5640001 -1.772 0.107 10
-5.5339999 -1.771 0.29499999 5
-5.526 -1.783 0.45899999 5
-5.533 -1.913 -0.079999998 5
-5.4990001 -1.8940001 0.11 4
-5.5009999 -1.899 0.29899999 1
-5.4549999 -1.895 0.461 1
-5.2529998 -1.959 -0.074000001 5
-5.2709999 -1.954 0.11 9
-5.25 -1.947 0.292 6
-5.2509999 -1.955 0.45199999 5
-5.3839998 -2.1570001 -0.074000001 3
-5.369 -2.1359999 0.117 5
-5.3709998 -2.131 0.30500001 5
-5.368 -2.135 0.47 5
-5.3189998 -2.2820001 -0.07 1
-5.349 -2.2739999 0.121 4
-5.3520002 -2.267 0.31099999 5
0 0 0 0
-5.0760002 -2.323 -0.064000003 14
-5.1440001 -2.332 0.122 19
-5.3109999 -2.3940001 0.31600001 4
0 0 0 0
-4.9530001 -2.414 -0.059999999 88
-5.3060002 -2.556 0.13 3
-5.3000002 -2.5350001 0.32300001 3
0 0 0 0
-3.4089999 -1.7640001 -0.039000001 9
-3.405 -1.74 0.086999997 69
-5.2820001 -2.675 0.329 1
0 0 0 0
0 0 0 0
0 0 0 0
0 0 0 0
0 0 0 0
0 0 0 0
0 0 0 0
0 0 0 0
0 0 0 0
0 0 0 0
0 0 0 0
0 0 0 0
0 0 0 0
0 0 0 0
0 0 0 0
0 0 0 0
0 0 0 0
0 0 0 0
0 0 0 0
0 0 0 0
0 0 0 0
0 0 0 0
0 0 0 0
0 0 0 0
0 0 0 0
0 0 0 0
-7.322 -5.4060001 0.25099999 1
0 0 0 0
0 0 0 0
0 0 0 0
0 0 0 0
0 0 0 0
0 0 0 0
0 0 0 0
0 0 0 0
0 0 0 0
0 0 0 0
0 0 0 0
-1.932 -1.647 0.075000003 2
0 0 0 0
0 0 0 0
-1.775 -1.626 -0.0040000002 0
0 0 0 0
0 0 0 0
0 0 0 0
0 0 0 0
0 0 0 0
0 0 0 0
0 0 0 0
0 0 0 0
0 0 0 0
0 0 0 0
0 0 0 0
0 0 0 0
0 0 0 0
0 0 0 0
0 0 0 0
0 0 0 0
0 0 0 0
0 0 0 0
0 0 0 0
-1.1619999 -1.352 0.0049999999 10
0 0 0 0
0 0 0 0
0 0 0 0
0 0 0 0
0 0 0 0
0 0 0 0
0 0 0 0
0 0 0 0
0 0 0 0
0 0 0 0
0 0 0 0
-0.96399999 -1.299 0.0099999998 2
-4.73 -6.1529999 0.28099999 1
0 0 0 0
0 0 0 0
-0.921 -1.3049999 0.011 0
0 0 0 0
-4.71 -6.2160001 0.51899999 18
0 0 0 0
-0.861 -1.283 0.012 1
0 0 0 0
-4.6620002 -6.4520001 0.53299999 18
0 0 0 0
-0.81900001 -1.286 0.014 1
-4.5359998 -6.8340001 0.31600001 17
-4.599 -6.6820002 0.54699999 15
0 0 0 0
-0.76499999 -1.266 0.015 1
-4.4229999 -7.0139999 0.32499999 3
-1.92 -2.9300001 0.237 5
-4.5489998 -6.7319999 0.75300002 1
-0.71899998 -1.255 0.016000001 1
-1.733 -2.8940001 0.13500001 5
-4.5240002 -7.257 0.583 5
-4.5209999 -7.0229998 0.77399999 5
-0.67799997 -1.252 0.017999999 1
-4.3920002 -7.7350001 0.36199999 19
-4.4419999 -7.4980001 0.597 17
-4.473 -7.2989998 0.79400003 7
-0.625 -1.222 0.018999999 1
-4.0630002 -7.5619998 0.35699999 3
-4.3769999 -7.7849998 0.616 11
-4.4169998 -7.5830002 0.81400001 7
-0.58600003 -1.216 0.02 1
-3.878 -7.6350002 0.36199999 1
-4.1220002 -7.7410002 0.60799998 3
-4.3579998 -7.8790002 0.83499998 3
-0.54299998 -1.2 0.021 1
-4.2049999 -8.776 0.419 18
-4.2719998 -8.4809999 0.66100001 2
-4.1459999 -7.9070001 0.82800001 1
-0.505 -1.189 0.022 1
-4.0890002 -9.0649996 0.43599999 19
-3.8659999 -8.1269999 0.63 1
-4.2350001 -8.5380001 0.884 15
-0.472 -1.188 0.024 1
-3.9879999 -9.4219999 0.45699999 9
-4.0209999 -8.9709997 0.69099998 13
-4.1810002 -8.9239998 0.91299999 16
0 0 0 0
-3.8599999 -9.7349997 0.47499999 12
-3.8970001 -9.2580004 0.70999998 4
-4.0970001 -9.276 0.93800002 16
0 0 0 0
-3.803 -10.277 0.505 3
-3.8239999 -9.691 0.73900002 3
-4.0159998 -9.6759996 0.96799999 15
0 0 0 0
-3.5220001 -10.245 0.509 1
0 0 0 0
-3.944 -10.135 1.003 14
0 0 0 0
-3.444 -10.822 0.542 5
0 0 0 0
-3.8469999 -10.58 1.0369999 18
0 0 0 0
-3.346 -11.427 0.57800001 2
-3.675 -11.568 0.87099999 1
-3.7490001 -11.084 1.076 11
-3.2850001 -13.555 0.37 2
-3.4590001 -12.91 0.65899998 3
-3.382 -11.547 0.866 1
-3.648 -11.637 1.119 16
0 0 0 0
-3.0139999 -12.378 0.63700002 6
-3.434 -12.803 0.958 4
-3.5369999 -12.236 1.165 10
0 0 0 0
0 0 0 0
-3.309 -13.557 1.011 6
-3.411 -12.884 1.217 12
-2.303 -13.604 0.42199999 8
0 0 0 0
-3.198 -14.526 1.081 2
-3.2720001 -13.584 1.272 8
-1.988 -13.686 0.442 13
0 0 0 0
-2.9760001 -15.164 1.127 6
-3.1849999 -14.657 1.36 1
0 0 0 0
-2.0209999 -13.698 0.736 2
-2.348 -13.59 1.008 2
-2.9460001 -15.213 1.401 9
0 0 0 0
0 0 0 0
-2.039 -13.665 1.013 1
-2.3150001 -13.584 1.2410001 2
0 0 0 0
0 0 0 0
-2.3770001 -18.843 1.395 2
-2.0109999 -13.669 1.24 1
0 0 0 0
0 0 0 0
0 0 0 0
0 0 0 0
-0.62800002 -22.190001 0.861 19
0 0 0 0
0 0 0 0
0 0 0 0
0 0 0 0
0 0 0 0
0 0 0 0
0 0 0 0
0 0 0 0
0 0 0 0
0 0 0 0
0 0 0 0
1.1950001 -29.111 1.251 8
0.42199999 -29.229 1.709 10
-0.333 -29.304001 2.174 7
0 0 0 0
1.862 -28.945 1.288 10
1.082 -29.030001 1.719 12
0.33199999 -29.183001 2.168 9
0 0 0 0
0 0 0 0
1.75 -28.952 1.739 10
0.99000001 -29.054001 2.161 6
0.359 -29.139999 2.529 9
0 0 0 0
2.404 -28.806999 1.7539999 12
1.646 -28.924999 2.1559999 13
1.015 -29.028 2.5050001 12
0 0 0 0
0 0 0 0
2.3050001 -28.801001 2.1530001 11
1.6670001 -28.899 2.4820001 14
0 0 0 0
0 0 0 0
2.9560001 -28.695 2.151 7
2.3239999 -28.791 2.4619999 9
0 0 0 0
0 0 0 0
0 0 0 0
2.9760001 -28.708 2.4449999 13
0.215 -1.05 0.056000002 0
0 0 0 0
0 0 0 0
3.6159999 -28.539 2.421 17
0 0 0 0
0 0 0 0
0 0 0 0
4.2750001 -28.472 2.408 15
0 0 0 0
0.237 -1.061 0.07 4
0 0 0 0
0 0 0 0
0 0 0 0
0 0 0 0
0.234 -1.066 0.081 4
0 0 0 0
0 0 0 0
0 0 0 0
0 0 0 0
0.234 -1.0599999 0.088 3
0.345 -1.0549999 0.066 3
0 0 0 0
0 0 0 0
0 0 0 0
0.352 -0.99800003 0.064999998 30
0.33500001 -1.039 0.074000001 3
0 0 0 0
0 0 0 0
0.377 -0.995 0.066 29
0.34900001 -1.002 0.071999997 23
0.32600001 -1.025 0.079999998 2
0 0 0 0
0.398 -0.98400003 0.068000004 30
0.37400001 -0.99900001 0.072999999 22
0.34400001 -0.99900001 0.078000002 22
0.322 -1.008 0.082999997 2
0.42399999 -0.98299998 0.07 23
0.39700001 -0.99299997 0.074000001 21
0.37 -0.99900001 0.079000004 21
0.34599999 -1.002 0.082999997 25
0.449 -0.98000002 0.071999997 22
0.41999999 -0.98500001 0.075000003 18
0.39199999 -0.991 0.079000004 20
0.36899999 -0.99599999 0.082000002 25
0.47400001 -0.97600001 0.074000001 3
0.44499999 -0.97899997 0.075999998 17
0.41600001 -0.98400003 0.079000004 17
0.396 -0.99599999 0.082000002 25
0.47799999 -0.93000001 0.072999999 1
0.46900001 -0.97299999 0.077 5
0.442 -0.98199999 0.079999998 17
0.41800001 -0.98400003 0.082000002 23
0 0 0 0
0.47799999 -0.93800002 0.075999998 1
0.46200001 -0.96600002 0.079000004 6
0.44400001 -0.98199999 0.081 22
0.574 -1.001 0.082999997 0
0 0 0 0
0.47499999 -0.93800002 0.078000002 1
0.463 -0.963 0.079999998 7
0 0 0 0
0.57800001 -1.0140001 0.086000003 0
0 0 0 0
0.48100001 -0.94499999 0.079000004 1
0 0 0 0
0 0 0 0
0 0 0 0
0 0 0 0
0 0 0 0
0 0 0 0
0 0 0 0
0 0 0 0
8.8280001 -12.607 1.2 4
0 0 0 0
0 0 0 0
0 0 0 0
0 0 0 0
8.8059998 -12.628 1.175 4
0 0 0 0
0 0 0 0
0 0 0 0
8.4759998 -11.585 1.105 1
8.8120003 -12.673 1.14 5
0 0 0 0
8.3870001 -10.408 1.095 6
8.507 -11.085 1.084 6
8.4589996 -11.587 1.058 1
8.816 -12.598 1.079 6
8.2469997 -9.7770004 1.064 6
8.3649998 -10.401 1.043 6
8.4960003 -11.092 1.028 7
0 0 0 0
8.1450005 -9.2299995 1.04 11
8.2309999 -9.7720003 1.006 6
8.3509998 -10.393 0.98000002 6
8.5120001 -11.032 0.95700002 5
8.0459995 -8.7139997 1.017 10
8.1479998 -9.2390003 0.977 11
8.224 -9.7659998 0.93699998 7
8.3579998 -10.32 0.903 9
7.9590001 -8.243 0.99699998 11
8.0430002 -8.71 0.94700003 10
8.1169996 -9.1999998 0.89899999 8
8.2360001 -9.6969995 0.85500002 12
7.8629999 -7.7839999 0.977 11
7.9419999 -8.2180004 0.92000002 10
8.0100002 -8.6630001 0.86299998 13
8.1230001 -9.1230001 0.81199998 11
7.7839999 -7.3709998 0.95999998 12
7.8509998 -7.7639999 0.89399999 13
7.9159999 -8.1750002 0.83099997 12
8.0150003 -8.585 0.773 9
7.7080002 -6.9790001 0.94400001 10
7.7820001 -7.3509998 0.87300003 10
7.835 -7.7280002 0.801 12
7.9229999 -8.0979996 0.73699999 4
7.6479998 -6.6220002 0.93000001 11
7.6919999 -6.9439998 0.85000002 13
7.7519999 -7.3000002 0.77399999 15
0 0 0 0
7.559 -6.257 0.91399997 14
7.6279998 -6.5780001 0.83200002 13
7.6729999 -6.8969998 0.74800003 14
0 0 0 0
0 0 0 0
7.5430002 -6.2119999 0.81199998 15
7.6110001 -6.5289998 0.72500002 13
0 0 0 0
7.408 -5.5939999 0.88700002 2
0 0 0 0
7.5380001 -6.1669998 0.70300001 13
7.6220002 -6.4499998 0.61900002 7
7.3779998 -5.316 0.88 12
0 0 0 0
0 0 0 0
7.5229998 -6.066 0.59200001 12
7.3330002 -5.04 0.87 13
7.3639998 -5.263 0.76599997 14
0 0 0 0
0 0 0 0
7.2719998 -4.7649999 0.86000001 14
7.2979999 -4.973 0.75099999 13
7.3499999 -5.2059999 0.64600003 6
7.3860002 -5.402 0.54799998 17
7.1919999 -4.4879999 0.84799999 14
7.2360001 -4.6919999 0.73799998 13
7.2919998 -4.9159999 0.62900001 3
7.323 -5.0949998 0.52700001 12
7.158 -4.2480001 0.84200001 14
7.1849999 -4.4310002 0.72600001 16
7.224 -4.6279998 0.61199999 1
7.2579999 -4.8000002 0.50800002 16
7.1100001 -4.0089998 0.83499998 13
7.1329999 -4.1789999 0.71499997 16
7.2030001 -4.3829999 0.60100001 1
7.1950002 -4.5149999 0.49000001 15
7.0609999 -3.776 0.82800001 12
7.0960002 -3.9419999 0.70599997 16
0 0 0 0
7.1360002 -4.2459998 0.47299999 16
7.0149999 -3.5550001 0.82099998 13
7.0359998 -3.7 0.69499999 15
0 0 0 0
7.1059999 -4.0019999 0.45899999 15
6.9790001 -3.345 0.815 10
6.9959998 -3.48 0.68599999 14
0 0 0 0
7.0489998 -3.7550001 0.44400001 16
6.9889998 -3.1619999 0.81599998 4
6.9889998 -3.2809999 0.68099999 16
0 0 0 0
7 -3.516 0.43000001 15
6.921 -2.9489999 0.80699998 0
6.9200001 -3.0599999 0.671 12
7.0110002 -3.2190001 0.54299998 0
6.967 -3.2950001 0.41800001 14
6.8629999 -2.7460001 0.801 3
6.8969998 -2.8640001 0.66500002 15
6.9299998 -2.987 0.52999997 16
6.9349999 -3.0810001 0.40599999 15
0 0 0 0
6.8709998 -2.671 0.66000003 16
6.8889999 -2.7809999 0.52100003 18
6.881 -2.8610001 0.39399999 14
6.7969999 -2.3759999 0.79299998 9
1.9960001 -0.72399998 0.19 2
2.0039999 -0.75400001 0.149 0
6.8340001 -2.6530001 0.38299999 13
6.7540002 -2.1949999 0.78899997 12
6.796 -2.2939999 0.64700001 2
6.8119998 -2.3870001 0.50300002 18
6.7930002 -2.45 0.373 10
6.717 -2.0209999 0.78500003 11
6.7709999 -2.1159999 0.64200002 1
6.7810001 -2.2 0.49599999 16
6.7639999 -2.2609999 0.36300001 12
4.4549999 -1.234 0.52100003 0
6.7080002 -1.931 0.63499999 5
6.7410002 -2.0150001 0.48800001 15
6.7290001 -2.073 0.354 11
6.6680002 -1.691 0.78100002 9
6.6820002 -1.7589999 0.63099998 13
6.7020001 -1.834 0.48100001 14
4.6479998 -1.3099999 0.23999999 0
6.6329999 -1.527 0.77899998 7
6.6560001 -1.592 0.62699997 13
6.6589999 -1.655 0.47499999 10
4.619 -1.183 0.234 0
6.6040001 -1.367 0.77700001 8
6.6069999 -1.421 0.62099999 9
6.6079998 -1.48 0.46700001 6
4.5700002 -1.054 0.228 1
6.5770001 -1.211 0.77600002 7
6.5749998 -1.2589999 0.61799997 8
6.6059999 -1.317 0.46399999 3
6.5910001 -1.355 0.32300001 7
6.5510001 -1.057 0.77499998 5
6.539 -1.099 0.61400002 6
6.573 -1.152 0.45899999 2
6.5510001 -1.1849999 0.31600001 8
6.4850001 -0.90100002 0.76899999 1
6.5250001 -0.94599998 0.61199999 5
6.5209999 -0.98699999 0.45199999 4
6.5139999 -1.018 0.31 7
6.4559999 -0.75300002 0.76800001 7
6.4640002 -0.78799999 0.60600001 16
6.4860001 -0.82700002 0.447 18
6.046 -0.79500002 0.28299999 11
6.4400001 -0.60799998 0.76899999 17
6.447 -0.63700002 0.60500002 17
6.4590001 -0.671 0.44299999 16
6.0289998 -0.64600003 0.27900001 12
6.4200001 -0.46200001 0.76999998 19
6.3969998 -0.486 0.60100001 15
6.415 -0.514 0.43900001 18
5.915 -0.49000001 0.27000001 18
6.3720002 -0.31900001 0.76700002 19
6.158 -0.32600001 0.57999998 6
6.2600002 -0.35299999 0.42699999 7
5.8870001 -0.34599999 0.26499999 16
6.3639998 -0.177 0.76899999 25
6.2659998 -0.19 0.59100002 14
6.2480001 -0.206 0.42500001 14
5.8520002 -0.20299999 0.26100001 20
6.3470001 -0.037 0.77100003 119
6.27 -0.048 0.59299999 1
6.2589998 -0.059999999 0.42500001 1
6.2620001 -0.066 0.27599999 3
6.026 0.096000001 0.73500001 9
6.3080001 0.093999997 0.59799999 105
6.3099999 0.086000003 0.42699999 104
6.316 0.083999999 0.27599999 117
5.9349999 0.22499999 0.72799999 49
6.0359998 0.228 0.574 18
6.0380001 0.22400001 0.40799999 16
5.7519999 0.21600001 0.249 101
6.2259998 0.373 0.76800001 40
5.928 0.359 0.56599998 34
5.9580002 0.36199999 0.403 33
5.73 0.354 0.24600001 102
6.1620002 0.50599998 0.764 17
5.9060001 0.49399999 0.56599998 70
5.9910002 0.50599998 0.40599999 57
5.7080002 0.49200001 0.244 113
4.112 0.43000001 0.51300001 18
4.1620002 0.44299999 0.40000001 36
4.2779999 0.463 0.28999999 46
4.2329998 0.46700001 0.18000001 45
4.0749998 0.51599997 0.51200002 81
4.0809999 0.52899998 0.39500001 150
5.2129998 0.68699998 0.354 25
4.2350001 0.57200003 0.17900001 69
4.0570002 0.60500002 0.51300001 91
4.052 0.61900002 0.39399999 150
6.1149998 0.95300001 0.41600001 150
4.211 0.67299998 0.177 89
4.0349998 0.69199997 0.51300001 102
4.039 0.71100003 0.39500001 150
6.0669999 1.0930001 0.414 150
4.1900001 0.773 0.176 73
4.0159998 0.78100002 0.51499999 98
4.0250001 0.80299997 0.396 150
5.2779999 1.079 0.36199999 14
4.1719999 0.87400001 0.175 56
4.0040002 0.87 0.51700002 92
4.0009999 0.89399999 0.396 135
5.2670002 1.206 0.36300001 23
4.1500001 0.97600001 0.17399999 83
3.977 0.95700002 0.51800001 97
3.9809999 0.986 0.39700001 50
4.1680002 1.059 0.28799999 46
5.527 1.443 0.23199999 96
3.997 1.056 0.52499998 16
5.9759998 1.625 0.60100001 72
5.961 1.664 0.41499999 103
5.507 1.58 0.23100001 150
5.9679999 1.719 0.79000002 68
5.9419999 1.761 0.602 60
2.4100001 0.73400003 0.169 4
5.4770002 1.716 0.23100001 118
2.1470001 0.66900003 0.28600001 62
5.9359999 1.9069999 0.60699999 12
2.128 0.704 0.15000001 14
5.4460001 1.852 0.23 120
5.9120002 1.988 0.79699999 95
5.8909998 2.0420001 0.60799998 99
2.125 0.75800002 0.15099999 60
5.4320002 1.9960001 0.23100001 100
5.8759999 2.1210001 0.79900002 112
5.8590002 2.1819999 0.61000001 108
2.115 0.81099999 0.152 52
5.7179999 2.2590001 0.245 132
5.8460002 2.256 0.80299997 117
5.836 2.3280001 0.61400002 107
2.105 0.86500001 0.152 51
5.3979998 2.2869999 0.233 122
5.8280001 2.3989999 0.80900002 116
5.802 2.4679999 0.61699998 107
2.1070001 0.92400002 0.154 64
5.7509999 2.602 0.25099999 84
5.7969999 2.539 0.81400001 83
5.7750001 2.6140001 0.62099999 108
2.0929999 0.97799999 0.155 47
0 0 0 0
2.7780001 1.289 0.39399999 24
2.7249999 1.309 0.296 34
0 0 0 0
0 0 0 0
2.658 1.306 0.38100001 50
0 0 0 0
0 0 0 0
0 0 0 0
0 0 0 0
0 0 0 0
0 0 0 0
2.6440001 1.52 0.121 4
1.024 0.56099999 0.15000001 3
5.6799998 3.224 0.64300001 3
4.7030001 2.7639999 0.368 3
0 0 0 0
1.011 0.583 0.15000001 2
1.645 0.98400003 0.189 9
5.6399999 3.4960001 0.44800001 1
5.5939999 3.5880001 0.26499999 3
0.94 0.56999999 0.142 0
1.543 0.972 0.17900001 17
1.612 1.053 0.13 10
1.777 1.201 0.085000001 7
1.024 0.653 0.156 0
1.45 0.95999998 0.171 33
1.563 1.074 0.12800001 10
2.9119999 2.073 0.14300001 30
1.006 0.67299998 0.156 1
1.365 0.949 0.164 29
1.464 1.058 0.122 2
2.7809999 2.0829999 0.14 6
0.995 0.69800001 0.156 1
1.289 0.94099998 0.15700001 55
2.572 1.952 0.219 4
2.7149999 2.1389999 0.139 93
0.96700001 0.71100003 0.155 1
1.284 0.98299998 0.16 23
1.528 1.2180001 0.133 0
0 0 0 0
0.97399998 0.75 0.15800001 1
1.278 1.026 0.162 17
1.5369999 1.285 0.13699999 22
0 0 0 0
0.98100001 0.79100001 0.162 1
1.271 1.069 0.164 17
1.508 1.323 0.13699999 0
5.085 4.6420002 0.28299999 5
0.93599999 0.78899997 0.15700001 10
1.267 1.1160001 0.167 10
2.0380001 1.874 0.19 3
0 0 0 0
0.93400002 0.824 0.16 1
0.995 0.91799998 0.134 89
0 0 0 0
2.7620001 2.7780001 0.163 4
0.917 0.84600002 0.16 0
0 0 0 0
1.823 1.844 0.17900001 4
1.0190001 1.075 0.061999999 3
0.91500002 0.88300002 0.163 13
1.237 1.25 0.17399999 7
1.027 1.089 0.103 1
1.664 1.844 0.105 0
0.85500002 0.86199999 0.155 1
0 0 0 0
1.6390001 1.821 0.17 32
1.851 2.154 0.121 17
0.81199998 0.85600001 0.15099999 0
1.645 1.824 0.243 7
1.559 1.817 0.167 52
1.795 2.194 0.122 10
1.642 1.812 0.31200001 6
1.557 1.807 0.236 60
1.477 1.806 0.163 46
0 0 0 0
1.562 1.802 0.30399999 52
1.464 1.781 0.229 45
0 0 0 0
1.7690001 2.388 0.131 4
1.478 1.785 0.294 45
0 0 0 0
1.3329999 1.795 0.15700001 12
1.762 2.5039999 0.13600001 108
0 0 0 0
1.321 1.766 0.219 12
1.257 1.78 0.154 87
1.676 2.5079999 0.13600001 19
1.336 1.7690001 0.28 13
1.244 1.7460001 0.213 54
1.1900001 1.772 0.15099999 99
3.5039999 5.5250001 0.29800001 2
1.258 1.745 0.271 52
1.1799999 1.739 0.208 52
1.128 1.7690001 0.149 44
1.05 1.748 0.093999997 5
1.194 1.739 0.266 56
1.112 1.722 0.20299999 50
1.046 1.729 0.145 1
1.3329999 2.345 0.126 44
1.128 1.723 0.25799999 51
0 0 0 0
3.141 5.4790001 0.45500001 23
1.253 2.335 0.125 44
1.073 1.723 0.25400001 21
3.1949999 5.4889998 0.63099998 3
2.9619999 5.4590001 0.44999999 5
1.173 2.3180001 0.124 47
1.044 1.763 0.25600001 1
3.0050001 5.4460001 0.61799997 15
1.415 2.763 0.226 4
1.117 2.346 0.126 24
3.0710001 5.4650002 0.78100002 22
0 0 0 0
1.337 2.77 0.22499999 73
0 0 0 0
2.9000001 5.4439998 0.76599997 14
1.3660001 2.7709999 0.30700001 20
0 0 0 0
0 0 0 0
1.397 2.7720001 0.384 4
1.293 2.7839999 0.30500001 19
0 0 0 0
1.057 2.7079999 0.148 29
1.3279999 2.7920001 0.38100001 84
0 0 0 0
1.076 2.704 0.21600001 32
0 0 0 0
1.256 2.802 0.377 5
0.546 1.3329999 0.14300001 0
1.432 3.855 0.30700001 0
0 0 0 0
0 0 0 0
0.53200001 1.3890001 0.148 5
0 0 0 0
0.69300002 2.2379999 0.124 100
0.51999998 1.316 0.17200001 8
0.472 1.323 0.139 1
0 0 0 0
0.62599999 2.204 0.123 48
0.477 1.2920001 0.167 10
0.447 1.349 0.141 2
1.1109999 3.7909999 0.30000001 0
0.56699997 2.1960001 0.124 49
0.44 1.2819999 0.164 11
0.40900001 1.34 0.139 3
0 0 0 0
0.50800002 2.188 0.125 51
0.405 1.274 0.161 11
0.36500001 1.304 0.134 0
0.39199999 1.6160001 0.12800001 1
0.45199999 2.1800001 0.126 58
0.37 1.2640001 0.15800001 11
0.32699999 1.279 0.131 4
0.354 1.6289999 0.12899999 10
0.39500001 2.1589999 0.126 46
0.33500001 1.248 0.154 11
0.29699999 1.284 0.131 0
0.31099999 1.612 0.12800001 5
0.35600001 2.2550001 0.133 25
0.303 1.239 0.152 11
0.26300001 1.271 0.12899999 5
0 0 0 0
0.34299999 2.5610001 0.153 109
0.27200001 1.235 0.15000001 11
0 0 0 0
0 0 0 0
0.403 3.6760001 0.223 28
0.23899999 1.2180001 0.146 10
0.20999999 1.324 0.133 12
0.184 1.524 0.122 17
0.35600001 4.1630001 0.257 10
0.20999999 1.22 0.145 6
0.18099999 1.342 0.13500001 2
0.15000001 1.551 0.125 10
0.097000003 1.5829999 0.098999999 1
0.185 1.242 0.147 9
0.153 1.373 0.13699999 3
0.113 1.544 0.125 10
0.078000002 2.0710001 0.132 3
0.162 1.289 0.15099999 9
0.126 1.4299999 0.14300001 33
0.078000002 1.562 0.127 6
0.028999999 2.0899999 0.13500001 8
0.138 1.348 0.15700001 10
0.097999997 1.506 0.15000001 5
0.046 1.767 0.145 45
-0.018999999 2.0109999 0.132 11
0.113 1.423 0.164 8
0.064000003 1.5549999 0.155 14
0.0049999999 1.763 0.145 63
-0.063000001 1.904 0.127 3
0.085000001 1.507 0.17299999 7
0.075999998 4.1630001 0.41499999 20
-0.035999998 1.766 0.147 72
-0.102 1.798 0.122 3
0.052000001 1.5599999 0.178 2
-0.02 4.1209998 0.41100001 25
-0.077 1.762 0.148 58
-0.14399999 1.785 0.124 10
0.050000001 4.8909998 0.55599999 7
-0.114 4.092 0.40900001 29
-0.119 1.767 0.15000001 34
-0.186 1.779 0.126 26
-0.061000001 4.8629999 0.55000001 9
-0.20900001 4.0840001 0.40799999 33
-0.161 1.77 0.15099999 11
-0.228 1.774 0.12800001 48
-0.17299999 4.8509998 0.546 10
-0.30199999 4.0619998 0.40700001 37
-0.204 1.778 0.153 2
-0.27000001 1.772 0.13 57
-0.28299999 4.816 0.54000002 9
-0.39500001 4.0320001 0.405 34
-0.551 3.9809999 0.34799999 29
-0.31 1.757 0.132 66
-0.39399999 4.7909999 0.53500003 10
-0.48699999 4.0110002 0.40400001 17
-0.33700001 2.073 0.183 11
-0.35699999 1.776 0.13600001 7
-0.50400001 4.7800002 0.53200001 10
-0.57800001 3.984 0.40200001 39
-0.329 1.763 0.15700001 76
-0.875 3.8789999 0.30500001 49
-0.61699998 4.776 0.53100002 7
-0.34299999 2.0280001 0.206 13
-0.375 1.776 0.161 5
-0.97899997 3.911 0.31400001 62
-0.32499999 2.1270001 0.236 3
-0.34999999 1.812 0.185 28
-0.91600001 3.888 0.35699999 44
-1.0700001 3.885 0.31900001 106
-0.34900001 1.9809999 0.219 6
-0.852 3.9189999 0.40200001 44
-1.017 3.9100001 0.36399999 95
-1.1670001 3.878 0.32600001 116
-0.35800001 1.786 0.197 25
-0.949 3.9219999 0.405 35
-1.1109999 3.8929999 0.368 96
-1.261 3.8599999 0.33199999 115
-1.052 4.6719999 0.51599997 14
-1.163 4.355 0.45300001 67
-1.206 3.878 0.37200001 97
-1.352 3.8340001 0.338 118
-1.105 4.4219999 0.48899999 58
-1.26 4.3130002 0.45199999 34
-1.298 3.8540001 0.37599999 99
-1.449 3.8210001 0.34599999 131
-1.204 4.3800001 0.48500001 44
-1.378 4.3390002 0.458 20
-1.393 3.8380001 0.38 84
-1.544 3.8010001 0.35299999 126
-1.3200001 4.401 0.48800001 16
-1.392 4.053 0.43200001 36
-1.487 3.819 0.38499999 75
-1.9529999 4.5050001 0.42899999 13
-1.497 4.5939999 0.50999999 13
-1.476 3.9920001 0.42899999 37
-1.58 3.793 0.389 47
-2.0710001 4.4879999 0.43900001 9
-1.424 4.0469999 0.44999999 28
-1.776 4.4759998 0.486 14
-2.0009999 4.5040002 0.47099999 9
-2.108 4.3010001 0.43200001 74
-1.587 4.1950002 0.46799999 19
-1.911 4.507 0.495 10
-2.1059999 4.4580002 0.47499999 13
-2.2160001 4.27 0.44 100
-1.7970001 4.4299998 0.49700001 24
-2.0280001 4.4899998 0.49900001 10
-2.1489999 4.2870002 0.46599999 100
-2.3369999 4.2579999 0.45199999 104
-1.961 4.5279999 0.50999999 10
-2.0910001 4.3530002 0.49000001 44
-2.2639999 4.2659998 0.47299999 99
-2.5439999 4.3899999 0.479 150
-2.0669999 4.4809999 0.50700003 9
-2.1830001 4.2870002 0.48800001 114
-2.3829999 4.25 0.48100001 107
-1.855 3.0380001 0.34099999 21
-2.1099999 4.3039999 0.49000001 80
-2.2969999 4.2610002 0.49200001 99
-2.325 3.927 0.45500001 12
-1.836 2.8559999 0.33000001 43
-2.224 4.2789998 0.491 95
-2.4519999 4.303 0.50400001 150
-1.862 2.9860001 0.35299999 42
-1.794 2.654 0.317 39
-2.3369999 4.2490001 0.491 100
-1.859 3.092 0.368 2
-1.832 2.7920001 0.338 43
-1.781 2.5079999 0.308 89
-2.5580001 4.4000001 0.51300001 128
-1.846 2.915 0.352 44
-1.789 2.592 0.322 50
-1.842 2.4719999 0.31400001 116
-1.854 3.023 0.35499999 35
-1.809 2.7119999 0.333 37
-1.809 2.4949999 0.31799999 112
-1.806 2.3099999 0.303 52
-1.827 2.826 0.33500001 36
-1.78 2.5380001 0.317 62
-1.84 2.4189999 0.31600001 74
-1.7869999 2.181 0.29499999 60
-1.7869999 2.625 0.315 37
-1.832 2.4879999 0.317 135
-1.806 2.2620001 0.303 57
-1.755 2.0450001 0.28600001 73
-1.788 2.497 0.303 101
-1.808 2.3369999 0.30399999 55
-1.781 2.128 0.29300001 59
-1.7359999 1.931 0.28 84
-1.832 2.4349999 0.29899999 74
-1.7869999 2.2019999 0.292 56
-1.748 1.994 0.28200001 67
-1.678 1.7819999 0.26699999 72
-1.796 2.2720001 0.28299999 54
-1.756 2.063 0.28 64
-1.726 1.878 0.27399999 74
-1.661 1.686 0.26199999 84
-1.095 1.3200001 0.167 0
-1.7359999 1.9450001 0.27000001 68
-1.6720001 1.737 0.26100001 74
-1.641 1.59 0.257 67
-1.1059999 1.27 0.163 8
-1.684 1.8 0.255 84
-1.6569999 1.6440001 0.255 86
-1.623 1.5039999 0.252 72
-1.152 1.261 0.16500001 7
-1.66 1.693 0.24600001 81
-1.633 1.5470001 0.248 65
-1.6059999 1.421 0.24699999 76
-1.209 1.262 0.168 3
-1.6339999 1.59 0.237 68
-1.619 1.464 0.242 68
-1.595 1.348 0.244 73
-1.602 1.595 0.21600001 150
-1.626 1.51 0.23100001 65
-1.607 1.388 0.23800001 76
-1.587 1.28 0.241 74
-1.604 1.522 0.211 106
-1.605 1.421 0.22400001 78
-1.5880001 1.309 0.23199999 77
-1.577 1.215 0.23899999 84
-1.601 1.448 0.205 79
-1.5930001 1.345 0.219 77
-1.577 1.24 0.228 81
-1.6109999 1.183 0.243 87
-1.591 1.372 0.198 74
-1.5700001 1.2640001 0.212 81
-1.589 1.191 0.228 89
-1.675 1.173 0.252 74
-1.576 1.293 0.192 69
-1.573 1.207 0.20900001 80
-1.638 1.169 0.233 81
0 0 0 0
-1.568 1.226 0.18700001 81
-1.6160001 1.181 0.212 79
-1.706 1.16 0.241 25
0 0 0 0
-1.596 1.187 0.186 85
-1.682 1.169 0.21699999 66
0 0 0 0
-2.0209999 1.22 0.301 2
-1.6569999 1.171 0.189 73
0 0 0 0
-2.0220001 1.243 0.28200001 1
0 0 0 0
0 0 0 0
0 0 0 0
0 0 0 0
0 0 0 0
0 0 0 0
0 0 0 0
0 0 0 0
0 0 0 0
-2.033 1.228 0.22 3
0 0 0 0
0 0 0 0
0 0 0 0
0 0 0 0
0 0 0 0
0 0 0 0
-2.451 1.125 0.36500001 13
0 0 0 0
0 0 0 0
-2.45 1.142 0.333 0
-6.3010001 2.7249999 0.94 2
0 0 0 0
-2.46 1.1670001 0.29499999 7
0 0 0 0
-6.243 2.5350001 0.93199998 53
0 0 0 0
-2.497 1.114 0.29699999 4
0 0 0 0
-6.204 2.358 0.92799997 60
-2.4890001 1.1210001 0.25 7
0 0 0 0
-6.2249999 2.398 0.84299999 23
-6.1750002 2.191 0.926 57
