# .PCD v0.7 - Point Cloud Data file format
VERSION 0.7
FIELDS x y z intensity
SIZE 4 4 4 4
TYPE F F F F
COUNT 1 1 1 1
WIDTH 20064
HEIGHT 1
VIEWPOINT 0 0 0 1 0 0 0
POINTS 20064
DATA ascii
-0.82099998 -2.3429999 -0.048999999 111
-0.84299999 -2.2590001 -0.039000001 150
-0.79799998 -2.01 -0.024 22
-0.87300003 -2.092 -0.016000001 156
-0.76300001 -2.3499999 -0.046999998 98
-0.81199998 -2.3399999 -0.039000001 111
-0.86299998 -2.329 -0.028999999 116
-0.78500003 -2.0090001 -0.017999999 27
-0.70499998 -2.359 -0.044 92
-0.75700003 -2.3529999 -0.037999999 120
-0.80800003 -2.3440001 -0.030999999 107
-0.85500002 -2.345 -0.025 118
-0.648 -2.369 -0.041999999 101
-0.69800001 -2.3559999 -0.037999999 112
-0.75099999 -2.3529999 -0.032000002 110
-0.796 -2.345 -0.028000001 112
-0.58899999 -2.3710001 -0.039000001 112
-0.63999999 -2.3599999 -0.037 109
-0.69300002 -2.3559999 -0.034000002 110
-0.741 -2.358 -0.030999999 112
-0.53200001 -2.3729999 -0.037 103
-0.583 -2.365 -0.037 121
-0.63599998 -2.3610001 -0.035 113
-0.68199998 -2.3559999 -0.034000002 118
-0.47600001 -2.378 -0.034000002 111
-0.528 -2.372 -0.035999998 121
-0.579 -2.365 -0.035999998 123
-0.625 -2.362 -0.037 132
-0.419 -2.3800001 -0.032000002 115
-0.47 -2.375 -0.035999998 105
-0.52499998 -2.375 -0.037999999 120
-0.56999999 -2.3710001 -0.039999999 120
0 0 0 0
-0.41600001 -2.3840001 -0.035 122
-0.46799999 -2.378 -0.039000001 121
-0.514 -2.375 -0.043000001 125
-0.114 -0.88700002 -0.0099999998 6
0 0 0 0
-0.41299999 -2.3859999 -0.041000001 126
-0.45699999 -2.3759999 -0.046 130
-0.093000002 -0.884 -0.0089999996 6
-0.112 -0.884 -0.012 5
0 0 0 0
-0.403 -2.3859999 -0.048999999 132
-0.071000002 -0.87800002 -0.0080000004 5
-0.092 -0.88700002 -0.012 5
-0.111 -0.88499999 -0.016000001 6
0 0 0 0
-0.141 -2.402 -0.021 27
-0.071999997 -0.89200002 -0.012 1
-0.090999998 -0.88499999 -0.016000001 6
-0.108 -0.88800001 -0.02 6
-0.086000003 -2.4170001 -0.018999999 107
-0.138 -2.404 -0.034000002 25
-0.07 -0.88300002 -0.017000001 0
-0.086999997 -0.88499999 -0.021 6
-0.029999999 -2.418 -0.017000001 108
-0.082999997 -2.4119999 -0.033 121
-0.13600001 -2.4159999 -0.048999999 27
-0.182 -2.4059999 -0.061999999 19
0.025 -2.4300001 -0.015 108
-0.027000001 -2.4230001 -0.033 112
-0.081 -2.4170001 -0.050000001 105
-0.126 -2.4030001 -0.064999998 26
0.081 -2.4330001 -0.013 98
0.028000001 -2.4289999 -0.033 113
-0.025 -2.428 -0.052000001 112
-0.071999997 -2.4219999 -0.068999998 123
0.13699999 -2.4389999 -0.011 94
0.083999999 -2.4319999 -0.033 103
0.029999999 -2.4319999 -0.054000001 104
-0.016000001 -2.4219999 -0.072999999 116
0.19400001 -2.448 -0.0089999996 98
0.141 -2.441 -0.033 103
0.086000003 -2.4300001 -0.055 106
0.037999999 -2.427 -0.075999998 117
0.25099999 -2.45 -0.0070000002 89
0.198 -2.447 -0.033 99
0.142 -2.4400001 -0.057 104
0.094999999 -2.4349999 -0.079999998 105
0.308 -2.4519999 -0.0049999999 97
0.255 -2.454 -0.033 92
0.199 -2.447 -0.059 102
0.152 -2.438 -0.082999997 98
0.366 -2.4560001 -0.0040000002 101
0.31200001 -2.4549999 -0.033 98
0.257 -2.4560001 -0.061999999 101
0.20900001 -2.4519999 -0.086999997 97
0.42500001 -2.4660001 -0.0020000001 98
0.37 -2.454 -0.033 101
0.31600001 -2.461 -0.064000003 104
0.26699999 -2.4560001 -0.090999998 102
0.48500001 -2.47 0 102
0.42899999 -2.4630001 -0.033 112
0.37400001 -2.4649999 -0.066 104
0.32600001 -2.4590001 -0.094999999 98
0.546 -2.4809999 0.001 106
0.491 -2.4779999 -0.034000002 106
0.433 -2.4660001 -0.068000004 103
0.38499999 -2.4649999 -0.098999999 98
0.60600001 -2.4849999 0.003 94
0.55000001 -2.4760001 -0.034000002 106
0.49399999 -2.477 -0.07 105
0.44400001 -2.47 -0.103 107
0.662 -2.4679999 0.0040000002 113
0.61199999 -2.487 -0.034000002 102
0.55299997 -2.477 -0.071999997 108
0.505 -2.4760001 -0.107 104
0.73100001 -2.4949999 0.0060000001 104
0.66600001 -2.461 -0.034000002 148
0.616 -2.487 -0.075000003 90
0.56699997 -2.4860001 -0.112 102
0.79299998 -2.4960001 0.0080000004 94
0.736 -2.494 -0.035 104
0.65499997 -2.4030001 -0.075000003 150
0.62800002 -2.4849999 -0.116 103
0.85600001 -2.494 0.0099999998 150
0.801 -2.4979999 -0.035 88
0.74400002 -2.4990001 -0.079999998 108
0.66600001 -2.3959999 -0.116 150
0.92500001 -2.51 0.011 150
0 0 0 0
0.80800003 -2.5020001 -0.082999997 95
0.75800002 -2.4990001 -0.125 90
0.625 -1.584 0.0080000004 0
0 0 0 0
0 0 0 0
0.824 -2.506 -0.13 55
0.66799998 -1.587 0.0089999996 0
0 0 0 0
0 0 0 0
0.63599998 -1.794 -0.096000001 3
0.71700001 -1.6 0.0099999998 0
0 0 0 0
0 0 0 0
0.97000003 -2.5439999 -0.142 2
0.76700002 -1.612 0.011 0
0 0 0 0
0 0 0 0
0 0 0 0
0.79000002 -1.5700001 0.012 13
0 0 0 0
0 0 0 0
0 0 0 0
0.82700002 -1.554 0.013 0
0 0 0 0
0 0 0 0
0.53500003 -1.153 -0.071000002 2
0.903 -1.608 0.014 2
0 0 0 0
0 0 0 0
0 0 0 0
0.954 -1.612 0.015 3
0 0 0 0
0 0 0 0
0 0 0 0
1.069 -1.717 0.017999999 8
0 0 0 0
0 0 0 0
1.003 -1.814 -0.124 35
1.249 -1.909 0.021 4
0 0 0 0
1.2 -1.983 -0.090000004 0
1.161 -1.988 -0.141 3
1.309 -1.905 0.022 0
0 0 0 0
1.272 -1.995 -0.093999997 2
1.229 -1.9960001 -0.146 4
1.192 -1.654 0.02 0
0 0 0 0
1.348 -2.0090001 -0.097999997 3
1.303 -2.0090001 -0.153 4
1.249 -1.652 0.021 0
0 0 0 0
1.851 -2.6259999 -0.132 16
1.375 -2.0139999 -0.15899999 4
1.278 -1.614 0.022 1
0 0 0 0
1.954 -2.6400001 -0.138 14
1.874 -2.6099999 -0.213 7
1.3099999 -1.581 0.022 0
0 0 0 0
1.48 -1.905 -0.103 2
1.98 -2.625 -0.222 7
1.4400001 -1.66 0.024 0
0 0 0 0
1.505 -1.847 -0.103 5
1.4960001 -1.8890001 -0.16599999 21
1.4910001 -1.642 0.025 0
0 0 0 0
2.691 -3.1489999 -0.183 1
0 0 0 0
3.0369999 -3.1989999 0.050999999 12
0 0 0 0
2.8469999 -3.178 -0.192 0
0 0 0 0
2.5339999 -2.55 0.041999999 14
0 0 0 0
3.0039999 -3.1989999 -0.20100001 0
0 0 0 0
2.569 -2.4719999 0.041999999 16
0 0 0 0
3.1949999 -3.247 -0.211 0
0 0 0 0
2.628 -2.418 0.043000001 18
0 0 0 0
2.5810001 -2.5039999 -0.169 32
0 0 0 0
2.6819999 -2.3599999 0.043000001 21
0 0 0 0
0 0 0 0
0 0 0 0
2.727 -2.293 0.044 22
0 0 0 0
0 0 0 0
0 0 0 0
2.273 -1.826 0.035999998 161
0 0 0 0
0 0 0 0
0 0 0 0
2.842 -2.1800001 0.044 19
0 0 0 0
2.243 -1.802 -0.14399999 34
0 0 0 0
2.8900001 -2.1159999 0.044 20
0 0 0 0
0 0 0 0
1.862 -1.455 -0.189 0
2.9460001 -2.0569999 0.044 23
0 0 0 0
1.705 -1.243 -0.108 2
1.699 -1.2640001 -0.171 3
3.0039999 -2 0.044 20
2.9949999 -2.033 -0.07 5
0 0 0 0
1.8940001 -1.341 -0.19 0
3.062 -1.9400001 0.044 22
3.0550001 -1.973 -0.071999997 6
0 0 0 0
0 0 0 0
3.1170001 -1.8789999 0.044 21
3.112 -1.91 -0.072999999 7
3.8900001 -2.4389999 -0.245 0
0 0 0 0
2.3959999 -1.373 0.033 22
2.4419999 -1.423 -0.057999998 17
4.1059999 -2.4430001 -0.25799999 0
1.961 -1.187 -0.19400001 0
2.2490001 -1.222 0.029999999 20
2.2980001 -1.27 -0.055 21
2.4560001 -1.3839999 -0.154 45
1.997 -1.1440001 -0.197 0
2.148 -1.1059999 0.028000001 24
2.177 -1.138 -0.052000001 23
2.22 -1.183 -0.139 3
1.988 -1.077 -0.19599999 0
2.132 -1.038 0.027000001 19
2.1199999 -1.048 -0.050999999 20
2.128 -1.0700001 -0.133 15
1.994 -1.0190001 -0.19599999 0
2.1730001 -0.99900001 0.027000001 18
2.181 -1.016 -0.052999999 22
2.1849999 -1.036 -0.13699999 11
2.0550001 -0.98900002 -0.20100001 0
2.2260001 -0.963 0.027000001 20
2.22 -0.97299999 -0.054000001 20
2.2160001 -0.98799998 -0.139 5
2.0309999 -0.91799998 -0.199 0
2.266 -0.921 0.026000001 19
2.256 -0.92799997 -0.056000002 19
2.283 -0.954 -0.14300001 4
2.0409999 -0.86400002 -0.199 0
2.3110001 -0.88 0.026000001 19
2.3080001 -0.88800001 -0.057999998 20
2.743 -1.071 -0.17200001 113
2.066 -0.81599998 -0.20100001 0
2.3599999 -0.83899999 0.025 19
2.355 -0.84500003 -0.059 18
2.3870001 -0.86799997 -0.15000001 4
2.089 -0.76800001 -0.204 0
2.405 -0.79500002 0.025 20
2.401 -0.80000001 -0.061000001 19
2.9000001 -0.97799999 -0.183 6
2.072 -0.70599997 -0.20200001 0
2.4449999 -0.74800003 0.024 18
0 0 0 0
0 0 0 0
0 0 0 0
4.3969998 -1.24 0.041000001 40
4.3860002 -1.242 -0.115 2
0 0 0 0
2.1199999 -0.61000001 -0.206 0
4.4000001 -1.136 0.039000001 47
4.3959999 -1.137 -0.117 40
0 0 0 0
0 0 0 0
0 0 0 0
4.4120002 -1.034 -0.119 40
4.4229999 -1.0420001 -0.28200001 0
0 0 0 0
4.4200001 -0.93199998 0.035 4
4.4299998 -0.93099999 -0.121 41
4.4349999 -0.93599999 -0.28400001 0
2.1619999 -0.45699999 -0.211 0
4.4400001 -0.833 0.032000002 49
4.427 -0.82499999 -0.123 39
4.4569998 -0.82999998 -0.28600001 1
2.1659999 -0.403 -0.211 0
4.4330001 -0.73000002 0.029999999 12
4.4640002 -0.72600001 -0.126 16
0 0 0 0
2.237 -0.361 -0.219 3
4.447 -0.63099998 0.027000001 8
0 0 0 0
0 0 0 0
0 0 0 0
0 0 0 0
0 0 0 0
0 0 0 0
0.50800002 -0.057 -0.048999999 5
0.53600001 -0.050999999 0.0020000001 173
0.537 -0.048999999 -0.015 8
0.53299999 -0.048 -0.034000002 5
0 0 0 0
1.937 -0.14399999 0.0080000004 8
1.918 -0.134 -0.057 9
0 0 0 0
0 0 0 0
4.4910002 -0.23199999 0.016000001 12
4.4840002 -0.20999999 -0.13699999 12
0 0 0 0
2.187 -0.086000003 -0.21600001 1
4.493 -0.132 0.013 12
4.5089998 -0.107 -0.14 12
0 0 0 0
2.221 -0.034000002 -0.22 0
4.5110002 -0.030999999 0.0099999998 11
4.5050001 -0.003 -0.142 12
0 0 0 0
2.2049999 0.018999999 -0.219 2
0 0 0 0
0 0 0 0
0 0 0 0
0 0 0 0
0.47999999 0.017999999 0 3
0 0 0 0
0 0 0 0
0 0 0 0
3.2479999 0.19499999 0 6
3.2479999 0.221 -0.109 6
3.243 0.243 -0.222 6
2.237 0.18099999 -0.22499999 2
3.2550001 0.26800001 -0.0020000001 5
3.263 0.29699999 -0.111 5
3.2490001 0.31999999 -0.22400001 5
2.2509999 0.23800001 -0.228 0
2.109 0.221 -0.003 118
2.109 0.241 -0.072999999 15
3.2460001 0.398 -0.226 6
2.2149999 0.28799999 -0.22499999 0
3.2750001 0.41800001 -0.0070000002 5
3.273 0.44999999 -0.116 4
3.266 0.479 -0.229 4
2.233 0.34599999 -0.228 0
3.2820001 0.493 -0.0099999998 4
3.2839999 0.52899998 -0.119 4
3.2720001 0.55900002 -0.23199999 4
2.253 0.405 -0.23100001 0
3.2909999 0.56999999 -0.013 4
3.299 0.61000001 -0.122 4
3.2709999 0.63800001 -0.234 3
2.2360001 0.458 -0.23100001 0
3.293 0.64700001 -0.016000001 3
3.303 0.68900001 -0.125 3
1.8660001 0.41 -0.13500001 4
1.887 0.43399999 -0.19599999 10
1.854 0.40700001 -0.011 9
1.886 0.43799999 -0.071999997 11
0 0 0 0
2.2639999 0.579 -0.237 0
1.865 0.454 -0.013 35
3.3139999 0.852 -0.131 1
0 0 0 0
2.233 0.62900001 -0.235 0
3.3180001 0.88599998 -0.026000001 1
0 0 0 0
0 0 0 0
0 0 0 0
3.3329999 0.972 -0.029999999 0
0 0 0 0
3.303 1.062 -0.249 0
0 0 0 0
3.3440001 1.057 -0.034000002 0
3.3399999 1.11 -0.141 0
3.2950001 1.146 -0.25099999 0
0 0 0 0
3.349 1.142 -0.037999999 0
3.362 1.204 -0.145 0
1.646 0.616 -0.127 45
0 0 0 0
0 0 0 0
1.226 0.47099999 -0.054000001 16
1.23 0.49399999 -0.096000001 1
0 0 0 0
1.214 0.47600001 -0.016000001 3
1.232 0.50599998 -0.056000002 4
0 0 0 0
0 0 0 0
1.219 0.509 -0.017999999 2
0 0 0 0
0 0 0 0
0 0 0 0
4.323 1.9220001 -0.071000002 1
4.3130002 2.01 -0.206 5
0 0 0 0
2.2079999 1.1160001 -0.248 0
4.4039998 2.079 -0.078000002 32
4.3060002 2.1300001 -0.211 27
4.3449998 2.243 -0.359 0
1.941 1.041 -0.221 48
4.4050002 2.2019999 -0.085000001 1
4.3390002 2.2709999 -0.219 60
1.949 1.0650001 -0.163 13
2.1960001 1.2460001 -0.252 0
4.382 2.316 -0.090999998 16
1.952 1.08 -0.101 23
0 0 0 0
0 0 0 0
1.946 1.085 -0.043000001 14
4.3709998 2.553 -0.233 55
0 0 0 0
0 0 0 0
4.4320002 2.6040001 -0.106 28
1.575 0.96899998 -0.086000003 2
4.414 2.835 -0.38800001 0
0 0 0 0
1.597 0.98799998 -0.041000001 158
4.381 2.8369999 -0.24699999 42
4.4689999 3.023 -0.40000001 0
0 0 0 0
4.3990002 2.8599999 -0.121 12
4.401 2.997 -0.255 39
4.4660001 3.177 -0.40700001 0
0 0 0 0
4.4450002 3.0350001 -0.131 18
4.4190001 3.161 -0.264 18
0 0 0 0
0 0 0 0
4.4120002 3.1619999 -0.138 33
4.4569998 3.346 -0.27399999 19
0.55800003 0.43799999 -0.052000001 4
0 0 0 0
4.1680002 3.132 -0.139 40
0 0 0 0
0 0 0 0
0 0 0 0
0 0 0 0
0 0 0 0
0 0 0 0
0 0 0 0
0 0 0 0
0 0 0 0
0 0 0 0
0 0 0 0
1.298 1.1210001 -0.052000001 14
0 0 0 0
0 0 0 0
1.955 1.9400001 -0.26199999 3
0 0 0 0
0.59799999 0.56800002 -0.043000001 0
0 0 0 0
0 0 0 0
0.602 0.56999999 -0.027000001 5
0 0 0 0
0 0 0 0
0 0 0 0
0 0 0 0
0 0 0 0
0 0 0 0
2.0039999 2.299 -0.285 6
0 0 0 0
2.2019999 2.404 -0.177 3
0 0 0 0
1.456 1.753 -0.212 16
2.207 2.395 -0.12 22
3.6389999 4.1630001 -0.30399999 2
1.461 1.761 -0.17 4
0 0 0 0
3.605 4.0960002 -0.20900001 14
1.456 1.745 -0.126 18
1.405 1.778 -0.168 2
0 0 0 0
1.467 1.7460001 -0.090000004 16
1.399 1.76 -0.126 5
0 0 0 0
0 0 0 0
1.416 1.767 -0.093000002 3
0 0 0 0
0 0 0 0
0 0 0 0
0 0 0 0
0 0 0 0
3.119 4.5809999 -0.41100001 3
0 0 0 0
0 0 0 0
3.0050001 4.375 -0.30899999 32
2.993 4.6259999 -0.40799999 9
0 0 0 0
0.94700003 1.363 -0.074000001 160
2.937 4.493 -0.31600001 49
2.8629999 4.6620002 -0.405 11
0 0 0 0
1.544 2.335 -0.13 117
2.8840001 4.6430001 -0.32499999 80
0.699 1.202 -0.102 2
0 0 0 0
2.9230001 4.6459999 -0.26199999 60
0.69999999 1.188 -0.082000002 3
0 0 0 0
0 0 0 0
0 0 0 0
0 0 0 0
0 0 0 0
0 0 0 0
2.612 4.612 -0.26699999 18
0 0 0 0
0 0 0 0
0 0 0 0
2.4990001 4.658 -0.27399999 50
0 0 0 0
0 0 0 0
0.80900002 1.883 -0.171 1
2.256 4.448 -0.26499999 13
2.201 4.6869998 -0.32300001 9
0 0 0 0
0 0 0 0
2.2260001 4.6479998 -0.28099999 15
2.1630001 4.8959999 -0.33700001 4
0 0 0 0
0 0 0 0
2.168 4.8099999 -0.29499999 11
0.80800003 1.951 -0.134 20
0.51499999 1.36 -0.105 1
0.88999999 2.5580001 -0.219 15
0.82200003 1.943 -0.12 31
1.887 4.8779998 -0.33500001 13
0.90399998 2.569 -0.197 3
0.66000003 2.0569999 -0.17200001 150
1.933 4.8850002 -0.308 18
1.8660001 5.1789999 -0.35600001 0
0.67299998 2.066 -0.156 157
0 0 0 0
0 0 0 0
0.68599999 2.053 -0.141 0
0 0 0 0
0 0 0 0
0.88300002 2.575 -0.167 4
0 0 0 0
0 0 0 0
0 0 0 0
0 0 0 0
0 0 0 0
0 0 0 0
0 0 0 0
0 0 0 0
0 0 0 0
0 0 0 0
0 0 0 0
0 0 0 0
0 0 0 0
1.7690001 8.8509998 -0.63800001 1
0 0 0 0
0 0 0 0
1.836 8.7980003 -0.61000001 2
0 0 0 0
0.54100001 3.714 -0.27399999 41
0 0 0 0
0 0 0 0
0 0 0 0
0.46000001 3.786 -0.27399999 15
0 0 0 0
0 0 0 0
0.47499999 3.7349999 -0.26199999 37
0 0 0 0
0 0 0 0
0.50700003 3.717 -0.25999999 43
0 0 0 0
0 0 0 0
0.54100001 3.7190001 -0.27000001 42
0.229 2.04 -0.14300001 0
0 0 0 0
0 0 0 0
0.46000001 3.783 -0.27900001 9
0 0 0 0
0.213 3.7969999 -0.26100001 1
0 0 0 0
0 0 0 0
0 0 0 0
0 0 0 0
0 0 0 0
0 0 0 0
0 0 0 0
0 0 0 0
0 0 0 0
0 0 0 0
0 0 0 0
0 0 0 0
-0.39300001 9.0179996 -0.58099997 1
0 0 0 0
0 0 0 0
0 0 0 0
0 0 0 0
0 0 0 0
0 0 0 0
0 0 0 0
0 0 0 0
0 0 0 0
0 0 0 0
0 0 0 0
0 0 0 0
0 0 0 0
0 0 0 0
0 0 0 0
0 0 0 0
0 0 0 0
0 0 0 0
0 0 0 0
0 0 0 0
0 0 0 0
0 0 0 0
0 0 0 0
0 0 0 0
0 0 0 0
0 0 0 0
0 0 0 0
-0.38699999 1.84 -0.106 42
0 0 0 0
0 0 0 0
-0.375 1.837 -0.12 27
-0.435 1.855 -0.105 32
0 0 0 0
-0.35800001 1.8380001 -0.14 37
-0.421 1.841 -0.12 34
-0.51800001 1.9960001 -0.112 13
-0.345 1.853 -0.167 2
-0.40099999 1.826 -0.141 31
-0.50199997 1.985 -0.12899999 8
-0.551 1.939 -0.107 77
-0.38999999 1.851 -0.17 41
-0.45500001 1.864 -0.145 37
-0.54799998 1.9680001 -0.12800001 46
-0.60299999 1.946 -0.106 13
-0.43099999 1.831 -0.171 40
-0.53500003 1.987 -0.156 37
-0.59200001 1.95 -0.127 54
-1.035 3.085 -0.16500001 5
-0.52399999 2.0120001 -0.191 13
-0.574 1.95 -0.155 51
-1.015 3.0810001 -0.20100001 4
0 0 0 0
-0.55599999 1.9450001 -0.18799999 13
-0.61900002 1.933 -0.155 8
-1.071 3.013 -0.197 3
0 0 0 0
-0.597 1.914 -0.189 13
-1.062 3.066 -0.249 4
0 0 0 0
0 0 0 0
-0.653 1.932 -0.19400001 1
0 0 0 0
0 0 0 0
0 0 0 0
-1.103 3.023 -0.31 5
0 0 0 0
0 0 0 0
-4.4790001 9.5290003 -0.47799999 16
-1.125 2.8670001 -0.29899999 1
0 0 0 0
0 0 0 0
-4.7729998 9.5699997 -0.47400001 11
-1.102 2.6259999 -0.27900001 0
-3.7539999 8.2320004 -0.70499998 1
0 0 0 0
-5.0580001 9.5839996 -0.46799999 14
-1.113 2.4849999 -0.27000001 0
-3.8050001 7.8499999 -0.68199998 7
0 0 0 0
-5.3590002 9.6129999 -0.463 13
-3.793 7.948 -0.88099998 1
-4.5900002 8.9289999 -0.787 1
0 0 0 0
-5.6479998 9.6049995 -0.45699999 2
0 0 0 0
-4.8709998 8.948 -0.801 1
-5.2680001 9.033 -0.60399997 1
-5.8559999 9.4499998 -0.44400001 2
0 0 0 0
-5.1799998 9.0059996 -0.81800002 1
0 0 0 0
0 0 0 0
-5.0939999 8.9610004 -1.058 1
-5.4790001 9.0290003 -0.83399999 1
-5.8800001 9.0839996 -0.61400002 1
0 0 0 0
-5.4239998 9.0340004 -1.09 1
-5.777 9.0299997 -0.84799999 1
-6.211 9.125 -0.62099999 1
-7.0710001 9.8280001 -0.44499999 6
-5.7189999 9.0310001 -1.114 1
-6.1269999 9.099 -0.86900002 1
-6.533 9.1309996 -0.62599999 1
0 0 0 0
-6.0380001 9.0450001 -1.142 1
-6.4349999 9.0869999 -0.884 1
-1.196 1.592 -0.11 2
-7.8210001 9.8800001 -0.43700001 3
-6.3899999 9.0950003 -1.175 1
-6.8010001 9.1359997 -0.90499997 1
-7.263 9.2180004 -0.64300001 1
0 0 0 0
-6.7309999 9.1090002 -1.205 1
0 0 0 0
0 0 0 0
0 0 0 0
0 0 0 0
0 0 0 0
0 0 0 0
-1.221 1.3430001 -0.057 1
-7.5120001 9.2060003 -1.28 1
-7.9380002 9.2229996 -0.97100002 1
-8.4519997 9.3129997 -0.67000002 1
-1.219 1.28 -0.054000001 1
-7.902 9.224 -1.316 1
-8.3769999 9.2819996 -0.99800003 1
-8.915 9.375 -0.68300003 1
-1.237 1.2410001 -0.052000001 1
-8.2959995 9.224 -1.352 1
-8.809 9.3120003 -1.024 1
-9.3310003 9.368 -0.69199997 1
-1.25 1.198 -0.048999999 1
-8.8000002 9.3249998 -1.405 1
-9.3079996 9.3830004 -1.056 2
-10.605 10.166 -0.76200002 2
-1.214 1.1109999 -0.045000002 2
-9.2550001 9.3479996 -1.448 2
0 0 0 0
-11.149 10.206 -0.77600002 2
-1.233 1.0779999 -0.044 2
-10.556 10.16 -1.6210001 3
0 0 0 0
0 0 0 0
-1.225 1.023 -0.041000001 1
-11.205 10.278 -1.6900001 5
0 0 0 0
0 0 0 0
-1.235 0.98500001 -0.039000001 1
-11.944 10.439 -1.77 2
0 0 0 0
0 0 0 0
-1.242 0.94499999 -0.037 1
0 0 0 0
0 0 0 0
-12.376 9.3789997 -0.76800001 2
-1.25 0.90700001 -0.035 1
0 0 0 0
0 0 0 0
0 0 0 0
-1.2589999 0.87099999 -0.034000002 1
0 0 0 0
0 0 0 0
0 0 0 0
-1.286 0.847 -0.033 0
0 0 0 0
0 0 0 0
0 0 0 0
-1.2920001 0.81 -0.030999999 0
0 0 0 0
0 0 0 0
0 0 0 0
-1.311 0.78100002 -0.029999999 0
0 0 0 0
0 0 0 0
0 0 0 0
0 0 0 0
0 0 0 0
0 0 0 0
0 0 0 0
0 0 0 0
0 0 0 0
0 0 0 0
0 0 0 0
0 0 0 0
0 0 0 0
0 0 0 0
0 0 0 0
0 0 0 0
0 0 0 0
0 0 0 0
0 0 0 0
0 0 0 0
0 0 0 0
0 0 0 0
0 0 0 0
0 0 0 0
0 0 0 0
0 0 0 0
0 0 0 0
0 0 0 0
0 0 0 0
-27.128 11.103 -2.3099999 7
0 0 0 0
0 0 0 0
0 0 0 0
-27.198 10.386 -2.289 12
0 0 0 0
-28.209 9.7869997 -0.40700001 7
0 0 0 0
-28.141001 9.9949999 -2.342 9
0 0 0 0
-28.295 9.1099997 -0.38800001 9
0 0 0 0
0 0 0 0
0 0 0 0
-28.315001 8.4230003 -0.368 11
0 0 0 0
0 0 0 0
-28.353001 8.1470003 -1.253 7
-1.274 0.347 -0.015 1
0 0 0 0
-28.240999 7.8330002 -2.2809999 11
0 0 0 0
-28.419001 7.0770001 -0.333 12
0 0 0 0
-28.309 7.1389999 -2.2650001 13
0 0 0 0
0 0 0 0
0 0 0 0
-27.305 6.2069998 -2.1659999 7
-1.332 0.285 -0.056000002 0
-1.317 0.26499999 -0.013 1
-27.462999 5.8940001 -3.2179999 8
0 0 0 0
-1.316 0.25 -0.054000001 1
-1.314 0.234 -0.013 1
-28.695 5.4310002 -3.3399999 5
0 0 0 0
-1.3049999 0.21699999 -0.052999999 1
-1.296 0.20100001 -0.012 1
0 0 0 0
-1.3329999 0.205 -0.103 1
-1.308 0.18700001 -0.052999999 1
0 0 0 0
0 0 0 0
-1.332 0.17299999 -0.102 1
0 0 0 0
0 0 0 0
-1.348 0.155 -0.154 2
-1.3430001 0.142 -0.102 12
-1.34 0.12899999 -0.052999999 5
0 0 0 0
0 0 0 0
0 0 0 0
0 0 0 0
0 0 0 0
0 0 0 0
0 0 0 0
0 0 0 0
0 0 0 0
-1.355 0.057 -0.152 0
-1.3430001 0.046999998 -0.101 0
-1.329 0.035999998 -0.050999999 1
-1.325 0.026000001 -0.0089999996 1
-13.291 0.23899999 -1.492 4
-13.291 0.154 -0.99400002 5
-1.355 0.0049999999 -0.052000001 0
-1.324 -0.003 -0.0089999996 1
-13.325 -0.079999998 -1.4910001 4
-13.336 -0.161 -0.99299997 3
-13.354 -0.245 -0.509 4
-1.324 -0.032000002 -0.0089999996 1
-13.343 -0.40000001 -1.487 4
-13.366 -0.47400001 -0.991 4
-13.392 -0.55599999 -0.50800002 4
-1.369 -0.064000003 -0.0089999996 2
-13.418 -0.73000002 -1.4910001 3
-13.39 -0.79000002 -0.99000001 3
-13.395 -0.86199999 -0.505 5
0 0 0 0
0 0 0 0
0 0 0 0
0 0 0 0
0 0 0 0
0 0 0 0
0 0 0 0
0 0 0 0
-1.385 -0.15899999 -0.0080000004 1
-3.892 -0.495 -0.42899999 23
-3.8959999 -0.50700003 -0.285 30
-3.8940001 -0.52100003 -0.145 31
-1.3710001 -0.18799999 -0.0080000004 1
-3.904 -0.59299999 -0.43000001 22
-3.901 -0.602 -0.285 29
-3.9059999 -0.61299998 -0.145 30
-1.3710001 -0.219 -0.0080000004 1
-3.9100001 -0.69 -0.42899999 21
-3.902 -0.69599998 -0.285 26
-3.9189999 -0.708 -0.145 31
-1.377 -0.252 -0.0080000004 1
-3.9189999 -0.79000002 -0.43000001 19
-3.914 -0.79299998 -0.285 27
-3.9389999 -0.80500001 -0.146 29
-1.38 -0.285 -0.0080000004 1
-3.931 -0.89099997 -0.43099999 18
-3.921 -0.89099997 -0.28600001 27
-3.9319999 -0.89700001 -0.145 28
-1.3839999 -0.31799999 -0.0080000004 1
-3.9449999 -0.99400002 -0.43200001 16
-3.928 -0.99000001 -0.28600001 23
-3.954 -0.99900001 -0.146 28
-1.381 -0.34999999 -0.0080000004 1
-3.9549999 -1.099 -0.433 16
-3.9430001 -1.092 -0.28799999 23
-3.96 -1.097 -0.147 27
-1.387 -0.38499999 -0.0080000004 1
-3.967 -1.206 -0.435 16
-3.9449999 -1.194 -0.28799999 21
-3.9619999 -1.196 -0.147 28
-1.3890001 -0.419 -0.0080000004 1
-3.977 -1.314 -0.43599999 15
-3.957 -1.3 -0.289 19
-3.98 -1.302 -0.148 24
-1.397 -0.456 -0.0080000004 1
-3.977 -1.4220001 -0.43700001 12
-3.977 -1.41 -0.29100001 18
-3.9879999 -1.406 -0.149 23
-1.399 -0.491 -0.0089999996 1
-3.9949999 -1.5369999 -0.43900001 12
-3.9809999 -1.518 -0.292 18
-3.9990001 -1.513 -0.15000001 20
-1.408 -0.52999997 -0.0089999996 1
-4 -1.651 -0.44 12
-3.99 -1.63 -0.294 18
-4.0019999 -1.619 -0.15099999 19
-1.414 -0.56900001 -0.0099999998 1
-4.0009999 -1.765 -0.442 12
-4.0040002 -1.7460001 -0.296 18
-4.0159998 -1.734 -0.153 19
-1.414 -0.60600001 -0.0099999998 1
-4.02 -1.8890001 -0.44499999 7
-4.0219998 -1.867 -0.29899999 16
-4.0149999 -1.8430001 -0.154 18
-1.404 -0.639 -0.0099999998 1
-5.007 -2.5009999 -0.55599999 14
-5.0170002 -2.473 -0.37400001 19
-5.0469999 -2.457 -0.19599999 15
-1.427 -0.68800002 -0.011 1
0 0 0 0
-4.0289998 -2.1040001 -0.30199999 1
-5.0279999 -2.5929999 -0.197 1
-1.426 -0.72799999 -0.012 1
0 0 0 0
-4.0079999 -2.2149999 -0.30199999 1
0 0 0 0
-1.4220001 -0.76599997 -0.012 1
0 0 0 0
-3.9590001 -2.3099999 -0.301 1
0 0 0 0
0 0 0 0
0 0 0 0
-3.9330001 -2.4200001 -0.301 1
0 0 0 0
0 0 0 0
-3.8840001 -2.5610001 -0.44100001 12
-3.95 -2.559 -0.30399999 13
0 0 0 0
0 0 0 0
-3.802 -2.6389999 -0.43399999 6
-3.7939999 -2.5869999 -0.29499999 18
-3.8340001 -2.569 -0.16 18
0 0 0 0
-1.464 -1.069 -0.168 0
0 0 0 0
-3.8039999 -2.678 -0.162 1
-3.8139999 -2.6459999 -0.045000002 7
-1.47 -1.1289999 -0.17 1
0 0 0 0
0 0 0 0
0 0 0 0
-1.47 -1.1849999 -0.171 2
0 0 0 0
0 0 0 0
0 0 0 0
-1.48 -1.252 -0.17399999 2
0 0 0 0
0 0 0 0
0 0 0 0
-1.485 -1.318 -0.176 3
-1.476 -1.2819999 -0.121 2
0 0 0 0
0 0 0 0
-1.484 -1.383 -0.177 2
0 0 0 0
0 0 0 0
-1.462 -1.279 -0.023 2
-1.5 -1.465 -0.18099999 2
0 0 0 0
0 0 0 0
0 0 0 0
-1.543 -1.581 -0.189 2
-2.665 -2.6630001 -0.228 18
-2.733 -2.668 -0.13500001 19
0 0 0 0
-1.574 -1.691 -0.19499999 2
-2.5769999 -2.698 -0.22400001 13
-2.6240001 -2.681 -0.133 20
-2.6600001 -2.664 -0.052999999 23
-1.581 -1.781 -0.198 2
0 0 0 0
-2.5929999 -2.773 -0.13500001 8
-2.576 -2.698 -0.055 19
0 0 0 0
0 0 0 0
0 0 0 0
0 0 0 0
0 0 0 0
0 0 0 0
0 0 0 0
0 0 0 0
0 0 0 0
0 0 0 0
0 0 0 0
0 0 0 0
0 0 0 0
0 0 0 0
0 0 0 0
0 0 0 0
0 0 0 0
0 0 0 0
0 0 0 0
0 0 0 0
0 0 0 0
-1.666 -2.4400001 -0.168 4
0 0 0 0
0 0 0 0
-1.406 -2.2409999 -0.199 3
-1.6 -2.464 -0.16500001 5
0 0 0 0
0 0 0 0
-1.359 -2.2839999 -0.197 5
-1.41 -2.2839999 -0.15000001 79
0 0 0 0
0 0 0 0
-1.303 -2.312 -0.193 7
-1.344 -2.296 -0.147 86
-1.388 -2.286 -0.1 88
0 0 0 0
-1.235 -2.3169999 -0.18799999 8
-1.277 -2.302 -0.145 82
-1.321 -2.2909999 -0.098999999 91
-1.364 -2.293 -0.059999999 105
-1.168 -2.3199999 -0.183 13
-1.21 -2.3069999 -0.142 95
-1.255 -2.299 -0.098999999 100
-1.295 -2.293 -0.061000001 103
-1.105 -2.3310001 -0.17900001 15
-1.146 -2.313 -0.139 90
-1.191 -2.3050001 -0.098999999 95
-1.2309999 -2.3010001 -0.063000001 98
-1.04 -2.3340001 -0.17399999 18
-1.0829999 -2.3210001 -0.13699999 90
-1.1289999 -2.3150001 -0.098999999 90
-1.17 -2.3110001 -0.064999998 118
-0.98000002 -2.3469999 -0.17 19
-1.0190001 -2.323 -0.13500001 103
-1.071 -2.3269999 -0.098999999 95
-1.108 -2.3169999 -0.067000002 113
-0.81599998 -2.089 -0.147 53
-0.86199999 -2.0940001 -0.119 150
-1.008 -2.3310001 -0.098999999 103
-1.048 -2.3239999 -0.068999998 91
-0.85799998 -2.358 -0.162 20
-0.78399998 -2.0380001 -0.114 20
-0.81900001 -2.0190001 -0.086000003 13
-0.98100001 -2.3169999 -0.07 145
-0.79699999 -2.3599999 -0.15800001 26
-0.83899999 -2.3429999 -0.12899999 100
-0.80699998 -2.128 -0.090000004 152
-0.80299997 -2.0220001 -0.063000001 20
-0.73500001 -2.359 -0.154 37
-0.77999997 -2.3499999 -0.127 94
-0.82800001 -2.346 -0.098999999 103
-0.84399998 -2.2780001 -0.072999999 150
-0.67500001 -2.3599999 -0.15000001 52
-0.722 -2.3559999 -0.126 99
-0.76999998 -2.352 -0.1 110
-0.81099999 -2.349 -0.077 115
-0.61900002 -2.372 -0.147 70
-0.66399997 -2.359 -0.124 106
-0.71200001 -2.359 -0.1 96
-0.75199997 -2.3529999 -0.079000004 115
-0.56099999 -2.3729999 -0.14300001 84
-0.60699999 -2.3659999 -0.123 111
-0.65499997 -2.3640001 -0.101 107
-0.69599998 -2.359 -0.081 106
-0.50400001 -2.381 -0.14 90
-0.55000001 -2.369 -0.121 114
-0.59799999 -2.368 -0.101 109
-0.639 -2.3640001 -0.083999999 118
-0.44800001 -2.385 -0.13600001 91
-0.49399999 -2.3759999 -0.12 106
-0.542 -2.372 -0.102 116
-0.58200002 -2.368 -0.086000003 118
-0.38999999 -2.3859999 -0.133 100
-0.43799999 -2.382 -0.119 111
-0.486 -2.378 -0.103 119
-0.52600002 -2.369 -0.088 116
0 0 0 0
0 0 0 0
-0.43000001 -2.381 -0.103 104
-0.47099999 -2.3789999 -0.090999998 118
0 0 0 0
0 0 0 0
0 0 0 0
-0.41499999 -2.385 -0.093999997 128
0 0 0 0
0 0 0 0
0 0 0 0
0 0 0 0
0 0 0 0
0 0 0 0
0 0 0 0
0 0 0 0
-0.112 -2.414 -0.119 98
0 0 0 0
0 0 0 0
0 0 0 0
-0.056000002 -2.4189999 -0.116 100
-0.104 -2.415 -0.113 110
0 0 0 0
0 0 0 0
0 -2.424 -0.114 97
-0.048999999 -2.418 -0.113 98
-0.097999997 -2.4170001 -0.11 104
0 0 0 0
0.055 -2.427 -0.111 87
0.0060000001 -2.424 -0.112 102
-0.041999999 -2.421 -0.111 101
-0.083999999 -2.4170001 -0.11 112
0.112 -2.4349999 -0.109 89
0.061999999 -2.434 -0.112 99
0.013 -2.4300001 -0.113 101
-0.028999999 -2.4260001 -0.114 111
0.169 -2.447 -0.107 85
0.118 -2.438 -0.111 94
0.068999998 -2.4360001 -0.114 95
0.027000001 -2.4319999 -0.117 113
0.22499999 -2.45 -0.104 91
0.176 -2.4430001 -0.111 98
0.125 -2.444 -0.116 97
0.082999997 -2.434 -0.12 106
0.28299999 -2.454 -0.102 89
0.234 -2.4590001 -0.111 102
0.183 -2.454 -0.118 98
0.139 -2.4389999 -0.123 93
0.34200001 -2.4630001 -0.1 97
0.29100001 -2.4579999 -0.111 99
0.23999999 -2.457 -0.119 99
0.197 -2.4590001 -0.12800001 103
0.39899999 -2.4630001 -0.097999997 91
0.34900001 -2.46 -0.11 94
0.29899999 -2.46 -0.121 103
0.255 -2.4579999 -0.131 98
0.46000001 -2.4749999 -0.096000001 105
0.40799999 -2.4660001 -0.11 105
0.35699999 -2.4630001 -0.123 90
0.31299999 -2.4630001 -0.13500001 84
0.52100003 -2.4849999 -0.093999997 105
0.46799999 -2.473 -0.11 115
0.41499999 -2.4660001 -0.125 98
0.37200001 -2.4679999 -0.139 49
0.58099997 -2.487 -0.092 94
0.52700001 -2.4760001 -0.11 103
0.47600001 -2.4779999 -0.127 102
0.43200001 -2.48 -0.14300001 22
0.64099997 -2.4860001 -0.090000004 95
0.58999997 -2.487 -0.111 95
0.53799999 -2.4860001 -0.13 96
0.49399999 -2.4879999 -0.147 19
0.70300001 -2.49 -0.088 118
0.65200001 -2.4909999 -0.111 101
0.59799999 -2.4879999 -0.132 87
0.55699998 -2.5 -0.152 20
0.76899999 -2.5020001 -0.086999997 99
0.71100003 -2.484 -0.111 141
0.66299999 -2.4979999 -0.13500001 72
0.62 -2.506 -0.156 20
0.83200002 -2.5 -0.083999999 70
0.778 -2.4979999 -0.112 91
0.72600001 -2.5009999 -0.13699999 63
0.68099999 -2.5020001 -0.16 19
0 0 0 0
0.84299999 -2.5039999 -0.112 67
0.579 -1.835 -0.102 2
0.74800003 -2.5120001 -0.16500001 14
0 0 0 0
0 0 0 0
0.60900003 -1.786 -0.102 2
0.58700001 -1.8200001 -0.123 1
0 0 0 0
0 0 0 0
0.93000001 -2.533 -0.147 4
0.63099998 -1.807 -0.126 4
0 0 0 0
0 0 0 0
0 0 0 0
0.94 -2.5050001 -0.17900001 4
0 0 0 0
0 0 0 0
0 0 0 0
1.006 -2.5020001 -0.184 5
0 0 0 0
0 0 0 0
0 0 0 0
1.0140001 -2.3599999 -0.178 0
0 0 0 0
0 0 0 0
0 0 0 0
0 0 0 0
0 0 0 0
0 0 0 0
1.075 -2.1259999 -0.13699999 3
1.062 -2.1830001 -0.175 3
0 0 0 0
1.096 -1.965 -0.093000002 3
1.0829999 -2.026 -0.133 3
1.067 -2.069 -0.17 3
0 0 0 0
1.0880001 -1.85 -0.088 4
1.0039999 -1.778 -0.12 51
1.066 -1.9529999 -0.16599999 9
0 0 0 0
1.232 -1.989 -0.096000001 3
1.191 -1.997 -0.138 5
1.136 -1.971 -0.17200001 7
0 0 0 0
1.304 -2 -0.097000003 3
1.2589999 -2.0039999 -0.142 5
1.206 -1.982 -0.17900001 4
0 0 0 0
1.374 -2.006 -0.098999999 4
1.33 -2.0109999 -0.146 5
1.2640001 -1.971 -0.183 4
0 0 0 0
1.8890001 -2.625 -0.132 20
1.585 -2.279 -0.169 7
1.294 -1.916 -0.184 2
0 0 0 0
1.995 -2.6429999 -0.13500001 12
1.897 -2.5969999 -0.198 7
1.865 -2.6270001 -0.25999999 7
0 0 0 0
1.489 -1.881 -0.097000003 4
1.469 -1.9170001 -0.15000001 12
1.9579999 -2.625 -0.26800001 7
0 0 0 0
0 0 0 0
1.503 -1.869 -0.15099999 17
1.4450001 -1.845 -0.19499999 4
0 0 0 0
0 0 0 0
2.6800001 -3.1789999 -0.264 0
1.38 -1.678 -0.183 0
0 0 0 0
2.892 -3.178 -0.17399999 0
0 0 0 0
1.411 -1.636 -0.185 0
0 0 0 0
3.04 -3.1889999 -0.178 0
0 0 0 0
1.437 -1.5880001 -0.186 0
0 0 0 0
0 0 0 0
0 0 0 0
1.452 -1.53 -0.185 0
0 0 0 0
0 0 0 0
0 0 0 0
1.489 -1.497 -0.18799999 0
0 0 0 0
2.9289999 -2.6789999 -0.161 1
3.223 -3.0239999 -0.294 5
1.5039999 -1.442 -0.18799999 1
0 0 0 0
3.0380001 -2.654 -0.164 1
3.3180001 -2.97 -0.29899999 5
1.527 -1.396 -0.189 1
0 0 0 0
3.0910001 -2.5769999 -0.163 1
3.369 -2.878 -0.30000001 2
1.562 -1.3609999 -0.191 1
0 0 0 0
2.253 -1.791 -0.117 74
2.2390001 -1.823 -0.197 128
1.587 -1.318 -0.193 1
0 0 0 0
3.2079999 -2.4330001 -0.164 0
2.1730001 -1.6849999 -0.189 0
1.613 -1.275 -0.19400001 0
2.9419999 -2.0840001 -0.045000002 7
1.707 -1.234 -0.086000003 12
1.701 -1.257 -0.147 4
1.6569999 -1.248 -0.198 3
3.0020001 -2.027 -0.044 22
3.3859999 -2.3329999 -0.168 0
3.6600001 -2.576 -0.31400001 2
1.645 -1.178 -0.19599999 1
3.053 -1.9630001 -0.043000001 23
3.4619999 -2.2690001 -0.17 1
3.747 -2.5079999 -0.31900001 1
1.67 -1.137 -0.197 1
3.1140001 -1.905 -0.041999999 23
3.4909999 -2.1760001 -0.169 2
3.8080001 -2.421 -0.322 1
1.668 -1.079 -0.19599999 1
2.4300001 -1.413 -0.030999999 21
0 0 0 0
3.9000001 -2.3540001 -0.32699999 1
1.689 -1.035 -0.198 1
2.286 -1.261 -0.028000001 22
2.3870001 -1.339 -0.113 45
2.4089999 -1.377 -0.20100001 3
1.712 -0.99400002 -0.199 2
2.168 -1.133 -0.026000001 22
2.2130001 -1.176 -0.104 18
2.3469999 -1.27 -0.19499999 0
1.7309999 -0.94999999 -0.20100001 2
2.1229999 -1.05 -0.024 20
2.118 -1.064 -0.097999997 18
2.4070001 -1.23 -0.199 0
1.7539999 -0.90899998 -0.20299999 2
2.1659999 -1.012 -0.024 18
2.168 -1.028 -0.1 20
2.217 -1.069 -0.182 3
1.827 -0.89200002 -0.211 2
2.2160001 -0.97500002 -0.024 21
2.2160001 -0.98900002 -0.102 22
2.464 -1.117 -0.20200001 0
1.781 -0.81800002 -0.205 2
2.26 -0.935 -0.024 19
2.2579999 -0.94599998 -0.103 20
0 0 0 0
1.794 -0.77200001 -0.206 2
2.299 -0.89099997 -0.024 19
2.3039999 -0.90399998 -0.104 19
0 0 0 0
1.816 -0.73000002 -0.208 2
2.3510001 -0.85100001 -0.024 20
2.3510001 -0.861 -0.106 18
0 0 0 0
1.821 -0.68199998 -0.208 2
2.391 -0.80599999 -0.024 20
2.395 -0.815 -0.108 18
0 0 0 0
1.835 -0.63800001 -0.20999999 2
2.441 -0.76200002 -0.024 20
0 0 0 0
0 0 0 0
0 0 0 0
2.503 -0.72000003 -0.024 21
0 0 0 0
0 0 0 0
0 0 0 0
4.402 -1.1619999 -0.043000001 47
4.3920002 -1.164 -0.197 11
0 0 0 0
0 0 0 0
0 0 0 0
4.401 -1.0599999 -0.197 9
0 0 0 0
1.853 -0.44999999 -0.211 1
0 0 0 0
4.4180002 -0.95599997 -0.198 12
0 0 0 0
1.8789999 -0.40900001 -0.215 1
4.4330001 -0.85699999 -0.043000001 55
4.348 -0.83700001 -0.19499999 9
4.487 -0.86500001 -0.36399999 0
1.892 -0.36399999 -0.21600001 1
4.4310002 -0.75300002 -0.044 13
4.48 -0.75599998 -0.20200001 0
2.6329999 -0.44400001 -0.214 0
1.896 -0.317 -0.21699999 1
4.4499998 -0.65499997 -0.044 13
2.2639999 -0.329 -0.102 2
0 0 0 0
1.911 -0.273 -0.219 2
0 0 0 0
0 0 0 0
0 0 0 0
0 0 0 0
0 0 0 0
0 0 0 0
0 0 0 0
0 0 0 0
1.931 -0.153 -0.02 8
1.91 -0.14399999 -0.086999997 12
0 0 0 0
1.897 -0.132 -0.219 2
4.494 -0.25400001 -0.048 13
4.4699998 -0.235 -0.205 10
0 0 0 0
1.92 -0.086999997 -0.223 2
4.5050001 -0.154 -0.048999999 12
4.4970002 -0.132 -0.208 9
0 0 0 0
1.925 -0.041000001 -0.22400001 2
4.5209999 -0.052999999 -0.050999999 12
4.5029998 -0.028999999 -0.20999999 10
0 0 0 0
1.943 0.0049999999 -0.227 2
0 0 0 0
0 0 0 0
0 0 0 0
0 0 0 0
0 0 0 0
0 0 0 0
0 0 0 0
0 0 0 0
3.2509999 0.18000001 -0.039999999 6
3.2520001 0.20299999 -0.155 6
0 0 0 0
1.927 0.145 -0.228 2
3.2639999 0.25400001 -0.041000001 6
3.2639999 0.27900001 -0.15700001 6
0 0 0 0
1.942 0.193 -0.23100001 2
3.263 0.32699999 -0.043000001 5
3.2590001 0.354 -0.15800001 5
0 0 0 0
1.947 0.241 -0.233 2
3.27 0.403 -0.044 5
3.27 0.43200001 -0.16 4
2.1040001 0.29499999 -0.18099999 13
1.939 0.28799999 -0.233 2
3.277 0.47799999 -0.046 5
3.2850001 0.51099998 -0.163 4
0 0 0 0
1.937 0.33500001 -0.234 2
3.293 0.55599999 -0.048 4
3.3 0.59100002 -0.16599999 4
0 0 0 0
1.928 0.382 -0.235 2
3.3110001 0.63599998 -0.050000001 4
3.312 0.67199999 -0.168 4
1.875 0.40000001 -0.16500001 2
1.864 0.41600001 -0.229 11
1.864 0.40099999 -0.028999999 6
0 0 0 0
1.87 0.44499999 -0.16599999 13
1.926 0.47999999 -0.23800001 1
1.862 0.44400001 -0.029999999 80
3.316 0.83399999 -0.17299999 1
0 0 0 0
1.924 0.528 -0.23999999 2
3.3099999 0.87 -0.057 1
0 0 0 0
0 0 0 0
1.924 0.579 -0.241 1
3.3369999 0.958 -0.059999999 0
3.3510001 1.0089999 -0.18000001 0
0 0 0 0
1.9 0.62199998 -0.23999999 1
3.3369999 1.04 -0.061999999 0
3.3510001 1.094 -0.183 0
0 0 0 0
1.913 0.67799997 -0.244 2
3.3510001 1.127 -0.064999998 0
3.369 1.187 -0.18700001 0
1.492 0.54799998 -0.139 2
1.205 0.46000001 -0.155 1
0 0 0 0
0 0 0 0
1.244 0.491 -0.117 0
0 0 0 0
0 0 0 0
0 0 0 0
0 0 0 0
0 0 0 0
0 0 0 0
0 0 0 0
0 0 0 0
0 0 0 0
0 0 0 0
0 0 0 0
0 0 0 0
1.891 0.94099998 -0.25400001 2
0 0 0 0
4.3200002 2.108 -0.26199999 40
0 0 0 0
1.882 0.99299997 -0.25600001 3
4.3850002 2.171 -0.112 3
4.336 2.2420001 -0.26800001 14
1.943 1.046 -0.19599999 26
1.849 1.034 -0.25400001 2
3.4489999 1.8049999 -0.092 23
1.961 1.072 -0.124 36
0 0 0 0
1.84 1.0880001 -0.25600001 0
1.96 1.082 -0.054000001 15
4.375 2.5239999 -0.28200001 16
0 0 0 0
1.572 0.98100001 -0.221 5
4.4050002 2.5650001 -0.12899999 51
4.3740001 2.6600001 -0.28799999 13
0 0 0 0
1.789 1.178 -0.25600001 1
1.582 0.97000003 -0.048 171
4.3920002 2.812 -0.296 15
0 0 0 0
1.765 1.224 -0.25600001 0
4.4039998 2.8399999 -0.141 26
4.427 2.9809999 -0.30599999 13
0 0 0 0
1.761 1.285 -0.259 0
4.4320002 3.0009999 -0.149 33
4.329 3.0639999 -0.30599999 1
0 0 0 0
0 0 0 0
4.4559999 3.1659999 -0.15700001 39
3.8210001 2.839 -0.27700001 2
0 0 0 0
0 0 0 0
4.329 3.227 -0.16 23
0 0 0 0
0 0 0 0
1.321 1.119 -0.204 1
0 0 0 0
0 0 0 0
1.303 1.113 -0.153 1
0 0 0 0
0 0 0 0
1.308 1.12 -0.102 8
0 0 0 0
0 0 0 0
1.3049999 1.118 -0.056000002 35
0 0 0 0
0 0 0 0
1.636 1.602 -0.266 0
0 0 0 0
0 0 0 0
0 0 0 0
1.614 1.658 -0.26800001 0
0 0 0 0
0 0 0 0
0 0 0 0
0 0 0 0
0 0 0 0
0 0 0 0
2.204 2.3870001 -0.28999999 74
0 0 0 0
0 0 0 0
2.224 2.404 -0.20299999 6
0 0 0 0
1.4630001 1.739 -0.259 43
2.2260001 2.3959999 -0.123 10
0 0 0 0
1.4630001 1.7410001 -0.20200001 9
0 0 0 0
3.605 4.0630002 -0.20999999 16
0 0 0 0
1.409 1.761 -0.2 2
0 0 0 0
1.472 1.738 -0.090000004 3
1.415 1.762 -0.14300001 2
0 0 0 0
0.96899998 1.337 -0.185 2
1.42 1.757 -0.092 0
0 0 0 0
0 0 0 0
2.6700001 3.8729999 -0.52499998 0
0 0 0 0
0 0 0 0
0 0 0 0
2.5469999 3.8929999 -0.51599997 0
0 0 0 0
3.0039999 4.3260002 -0.34099999 12
0 0 0 0
0 0 0 0
0.95200002 1.359 -0.072999999 167
2.908 4.4029999 -0.345 11
0 0 0 0
0 0 0 0
1.558 2.3340001 -0.126 61
2.911 4.6370001 -0.36000001 12
0.68099999 1.155 -0.118 1
2.152 3.8670001 -0.47999999 1
2.944 4.6399999 -0.25400001 31
0.70099998 1.177 -0.090000004 1
0 0 0 0
0 0 0 0
0 0 0 0
2.2090001 3.9130001 -0.30000001 2
0 0 0 0
0 0 0 0
2.599 4.5440001 -0.25400001 3
2.3150001 4.3330002 -0.33000001 0
1.169 2.3469999 -0.229 6
0 0 0 0
2.5320001 4.6750002 -0.264 70
2.2609999 4.4790001 -0.33899999 0
0 0 0 0
0 0 0 0
2.28 4.4520001 -0.25400001 15
2.2049999 4.6339998 -0.34900001 1
0 0 0 0
0 0 0 0
2.2460001 4.645 -0.26800001 15
2.168 4.8429999 -0.36300001 1
0.80500001 1.951 -0.183 7
0.51300001 1.344 -0.148 1
2.165 4.7550001 -0.278 12
0.81800002 1.949 -0.145 25
0.51599997 1.34 -0.124 1
0.90499997 2.5539999 -0.27700001 77
0.815 1.905 -0.112 36
1.905 4.8520002 -0.36199999 4
0 0 0 0
0 0 0 0
1.9529999 4.8759999 -0.29100001 17
0 0 0 0
0 0 0 0
0 0 0 0
1.694 4.5289998 -0.27399999 14
0 0 0 0
0 0 0 0
0 0 0 0
0.89300001 2.5680001 -0.15700001 5
0 0 0 0
0 0 0 0
0 0 0 0
0 0 0 0
0 0 0 0
0 0 0 0
0 0 0 0
0 0 0 0
0 0 0 0
0 0 0 0
0 0 0 0
0 0 0 0
0 0 0 0
1.8099999 8.8109999 -0.755 2
0 0 0 0
0 0 0 0
1.893 8.849 -0.65399998 1
0 0 0 0
0 0 0 0
0 0 0 0
0 0 0 0
0 0 0 0
0 0 0 0
0 0 0 0
0 0 0 0
0.495 3.73 -0.31099999 8
0 0 0 0
0 0 0 0
0.523 3.701 -0.27399999 39
0 0 0 0
0.30000001 3.75 -0.34099999 9
0.55699998 3.7179999 -0.25299999 27
0.23800001 2.0239999 -0.15000001 1
0.324 3.793 -0.31200001 0
0.206 3.6619999 -0.32800001 33
0.47099999 3.7379999 -0.257 31
0 0 0 0
0.228 3.694 -0.301 21
0 0 0 0
0 0 0 0
0 0 0 0
0 0 0 0
0 0 0 0
0 0 0 0
0 0 0 0
0 0 0 0
0 0 0 0
0 0 0 0
0 0 0 0
0 0 0 0
0 0 0 0
0 0 0 0
0 0 0 0
0 0 0 0
0 0 0 0
0 0 0 0
0 0 0 0
0 0 0 0
0 0 0 0
0 0 0 0
0 0 0 0
0 0 0 0
0 0 0 0
0 0 0 0
0 0 0 0
0 0 0 0
0 0 0 0
0 0 0 0
0 0 0 0
0 0 0 0
0 0 0 0
0 0 0 0
0 0 0 0
0 0 0 0
0 0 0 0
0 0 0 0
0 0 0 0
0 0 0 0
-0.373 1.825 -0.141 39
0 0 0 0
0 0 0 0
-0.36399999 1.834 -0.142 39
-0.41800001 1.83 -0.14 33
0 0 0 0
-0.34900001 1.841 -0.146 32
-0.40599999 1.824 -0.14 33
-0.51499999 2.0320001 -0.153 36
-0.33399999 1.842 -0.155 2
-0.391 1.827 -0.146 32
-0.477 1.926 -0.148 86
-0.542 1.948 -0.145 58
-0.377 1.83 -0.15700001 27
-0.442 1.854 -0.149 38
-0.53899997 1.978 -0.152 44
-0.58700001 1.9349999 -0.14300001 53
-0.42300001 1.835 -0.16 46
-0.52600002 1.995 -0.162 43
-0.574 1.9299999 -0.148 61
-1.0140001 3.0799999 -0.22499999 5
-0.51300001 2.007 -0.178 13
-0.55800003 1.932 -0.15800001 55
-0.99900001 3.0880001 -0.237 2
0 0 0 0
-0.54699999 1.944 -0.176 13
-0.60500002 1.9220001 -0.15899999 12
-1.061 3.036 -0.23199999 4
0 0 0 0
-0.588 1.915 -0.177 15
-1.049 3.076 -0.25799999 4
0 0 0 0
0 0 0 0
-1.027 3.085 -0.28999999 4
0 0 0 0
0 0 0 0
0 0 0 0
-1.068 2.9679999 -0.285 4
0 0 0 0
-3.7249999 8.6610003 -0.66500002 1
0 0 0 0
-1.082 2.799 -0.27399999 0
0 0 0 0
-3.76 8.2110004 -0.63099998 5
0 0 0 0
0 0 0 0
0 0 0 0
-3.8010001 7.816 -0.602 5
0 0 0 0
0 0 0 0
-3.78 7.9039998 -0.70300001 5
-4.6160002 8.9499998 -0.69099998 1
0 0 0 0
-3.7509999 7.9590001 -0.82800001 2
0 0 0 0
-4.888 8.9589996 -0.69400001 1
0 0 0 0
0 0 0 0
0 0 0 0
-5.1719999 8.9790001 -0.69800001 1
0 0 0 0
0 0 0 0
-5.1069999 8.9879999 -0.83399999 1
-5.4749999 9.0100002 -0.70300001 1
0 0 0 0
-5.0380001 8.9619999 -0.995 1
-5.4029999 9.0039997 -0.84799999 1
-5.7930002 9.0530005 -0.70999998 1
0 0 0 0
-5.3400002 8.9940004 -1.021 1
-5.7140002 9.0340004 -0.86400002 1
-6.0970001 9.059 -0.71399999 1
0 0 0 0
-5.6539998 9.0209999 -1.048 1
-6.039 9.0699997 -0.88200003 1
-6.4569998 9.1260004 -0.72399998 1
-1.181 1.581 -0.1 3
0 0 0 0
-6.3590002 9.0810003 -0.898 1
-6.8130002 9.1700001 -0.73199999 1
-7.7930002 9.9469995 -0.62599999 2
0 0 0 0
-6.7150002 9.1199999 -0.91799998 1
0 0 0 0
-8.1750002 9.9569998 -0.62099999 4
-6.7129998 9.1759996 -1.146 1
-1.21 1.5650001 -0.16 1
0 0 0 0
-8.599 9.9989996 -0.61900002 2
-1.209 1.572 -0.20100001 1
-7.4749999 9.2130003 -0.963 1
-7.9130001 9.2309999 -0.755 1
-9.0410004 10.035 -0.616 7
-7.434 9.2030001 -1.21 1
-7.8909998 9.2670002 -0.98799998 1
-8.3660002 9.316 -0.76899999 2
-9.5019999 10.075 -0.61400002 9
-7.8499999 9.2519999 -1.25 1
-8.2770004 9.2700005 -1.0089999 2
-8.7959995 9.3459997 -0.77899998 2
0 0 0 0
-8.2670002 9.283 -1.289 1
-8.7200003 9.3100004 -1.036 1
-9.2370005 9.3710003 -0.79000002 2
0 0 0 0
-8.698 9.3109999 -1.33 1
-9.2270002 9.3990002 -1.069 2
0 0 0 0
-11.066 10.23 -0.611 2
-9.2370005 9.4200001 -1.385 1
0 0 0 0
-11.041 10.206 -0.88200003 2
0 0 0 0
-10.519 10.225 -1.549 2
0 0 0 0
0 0 0 0
-12.29 10.363 -0.61199999 2
-10.998 10.19 -1.592 8
0 0 0 0
0 0 0 0
-1.2460001 1.003 -0.059 1
-11.658 10.289 -1.66 5
-12.204 10.287 -1.293 4
0 0 0 0
-1.2589999 0.96799999 -0.056000002 1
-12.236 10.288 -1.715 2
0 0 0 0
0 0 0 0
-1.257 0.921 -0.052999999 1
0 0 0 0
-12.257 9.3789997 -1.248 1
-12.504 9.1300001 -0.85600001 2
-1.263 0.88200003 -0.050999999 1
0 0 0 0
0 0 0 0
0 0 0 0
-1.2640001 0.83999997 -0.048 1
0 0 0 0
0 0 0 0
0 0 0 0
-1.271 0.80400002 -0.046 2
0 0 0 0
0 0 0 0
0 0 0 0
-1.278 0.76899999 -0.044 2
0 0 0 0
0 0 0 0
0 0 0 0
-1.284 0.73299998 -0.041999999 2
0 0 0 0
0 0 0 0
0 0 0 0
-1.301 0.704 -0.039999999 2
0 0 0 0
0 0 0 0
0 0 0 0
-1.309 0.671 -0.037999999 2
0 0 0 0
0 0 0 0
0 0 0 0
-1.299 0.62900001 -0.035999998 2
0 0 0 0
0 0 0 0
0 0 0 0
-1.314 0.60000002 -0.035 2
0 0 0 0
0 0 0 0
0 0 0 0
-1.318 0.56599998 -0.033 2
0 0 0 0
0 0 0 0
0 0 0 0
-1.318 0.53100002 -0.030999999 2
0 0 0 0
-27.061001 11.236 -2.319 9
-27.219999 10.77 -1.405 5
-1.325 0.5 -0.028999999 2
0 0 0 0
-27.183001 10.544 -2.3 12
0 0 0 0
-1.2920001 0.454 -0.027000001 1
0 0 0 0
-28.103001 10.15 -2.3510001 5
0 0 0 0
-1.34 0.43799999 -0.027000001 2
-23.304001 8.1700001 -2.7690001 5
-28.104 9.401 -2.3239999 7
0 0 0 0
-1.341 0.405 -0.025 2
0 0 0 0
-28.313999 8.7370005 -2.316 7
0 0 0 0
-1.322 0.36700001 -0.023 5
0 0 0 0
-28.246 7.994 -2.286 7
-28.381001 7.5999999 -1.317 8
0 0 0 0
0 0 0 0
-28.296 7.2940001 -2.267 9
0 0 0 0
0 0 0 0
0 0 0 0
-27.319 6.355 -2.168 6
0 0 0 0
-1.354 0.27900001 -0.02 2
-27.41 6.0219998 -3.152 8
0 0 0 0
-1.323 0.25799999 -0.057 0
0 0 0 0
-28.635 5.5710001 -3.2750001 8
0 0 0 0
-1.3150001 0.22499999 -0.056000002 1
0 0 0 0
0 0 0 0
-1.349 0.214 -0.104 0
-1.322 0.19499999 -0.055 1
-1.3430001 0.183 -0.016000001 5
0 0 0 0
-1.3329999 0.18000001 -0.102 1
0 0 0 0
0 0 0 0
-1.314 0.15800001 -0.148 1
-1.345 0.149 -0.102 22
-1.33 0.134 -0.054000001 3
0 0 0 0
-1.303 0.125 -0.146 1
0 0 0 0
0 0 0 0
0 0 0 0
-1.357 0.097000003 -0.15099999 0
0 0 0 0
-1.3200001 0.071999997 -0.052000001 1
-1.342 0.061999999 -0.012 3
-1.353 0.063000001 -0.15000001 0
-1.3559999 0.054000001 -0.101 0
0 0 0 0
0 0 0 0
-13.267 0.30700001 -1.475 3
-1.359 0.022 -0.1 0
0 0 0 0
0 0 0 0
-1.3329999 -0.001 -0.147 1
-13.372 -0.090000004 -0.986 4
-13.344 -0.17900001 -0.505 5
-1.339 -0.027000001 -0.0089999996 1
-13.381 -0.33700001 -1.48 2
-13.341 -0.403 -0.97799999 4
-13.388 -0.48899999 -0.5 6
-1.355 -0.057999998 -0.0080000004 6
-13.392 -0.66000003 -1.478 4
-13.397 -0.72299999 -0.97799999 3
-13.396 -0.796 -0.49399999 4
0 0 0 0
0 0 0 0
0 0 0 0
0 0 0 0
0 0 0 0
0 0 0 0
0 0 0 0
0 0 0 0
-1.376 -0.152 -0.0060000001 0
-3.895 -0.47600001 -0.428 23
-3.892 -0.486 -0.28 30
-3.8900001 -0.50099999 -0.138 36
-1.4299999 -0.19 -0.0049999999 0
-3.8929999 -0.57099998 -0.42699999 21
-3.902 -0.58099997 -0.28 29
-3.8989999 -0.59200001 -0.13699999 32
-3.9460001 -0.61500001 -0.014 0
-3.9100001 -0.671 -0.42899999 21
-3.9070001 -0.676 -0.28 28
-3.914 -0.68699998 -0.13600001 30
0 0 0 0
-3.918 -0.76899999 -0.42899999 21
-3.9230001 -0.77399999 -0.28 30
-3.924 -0.78200001 -0.13500001 31
0 0 0 0
-3.937 -0.87199998 -0.43099999 17
-3.921 -0.87 -0.28 26
-3.927 -0.87699997 -0.134 30
-1.413 -0.31799999 -0.003 0
-3.938 -0.97299999 -0.43200001 17
-3.928 -0.96799999 -0.28 26
-3.9460001 -0.97600001 -0.134 27
-1.432 -0.35600001 -0.0020000001 0
-3.9489999 -1.077 -0.433 16
-3.9400001 -1.071 -0.28 24
-3.948 -1.073 -0.133 28
-1.427 -0.389 -0.0020000001 0
-3.961 -1.183 -0.435 15
-3.947 -1.173 -0.28099999 24
-3.9549999 -1.173 -0.132 27
-1.419 -0.421 -0.001 0
-3.97 -1.291 -0.43700001 16
-3.951 -1.275 -0.28099999 21
-3.974 -1.278 -0.132 24
-1.405 -0.45100001 -0.001 0
-3.974 -1.398 -0.43799999 12
-3.9679999 -1.3839999 -0.28200001 19
-3.983 -1.382 -0.132 22
-1.398 -0.484 0 1
-3.99 -1.513 -0.44100001 12
-3.983 -1.495 -0.28299999 18
-3.993 -1.488 -0.131 23
-1.406 -0.52200001 0 1
-3.997 -1.627 -0.44299999 12
-3.9909999 -1.6059999 -0.28400001 18
-4.0040002 -1.598 -0.131 20
-1.418 -0.56300002 0 1
-4.0009999 -1.7410001 -0.44400001 12
-4.0079999 -1.724 -0.28600001 17
-4.0139999 -1.709 -0.131 19
-1.415 -0.59899998 0 1
-4.0110002 -1.8609999 -0.447 12
-4.0170002 -1.84 -0.287 17
-4.0170002 -1.821 -0.131 19
-1.421 -0.639 0 1
-5.0170002 -2.477 -0.56099999 13
-4.0700002 -1.98 -0.292 1
-5.0929999 -2.45 -0.16599999 14
-1.419 -0.67699999 0.001 1
0 0 0 0
-4.0380001 -2.082 -0.28999999 1
-5.027 -2.5610001 -0.164 3
-1.421 -0.71700001 0.001 1
0 0 0 0
-4.0079999 -2.188 -0.289 1
0 0 0 0
-1.434 -0.76499999 0.001 1
0 0 0 0
-3.9760001 -2.293 -0.28799999 1
0 0 0 0
-1.4349999 -0.80699998 0.001 1
0 0 0 0
-3.954 -2.4059999 -0.28799999 0
0 0 0 0
-1.443 -0.85500002 0.001 1
-3.9070001 -2.55 -0.44800001 11
-3.951 -2.5320001 -0.289 2
0 0 0 0
-1.459 -0.90899998 0.001 1
-1.469 -1.01 -0.169 0
-3.8099999 -2.569 -0.28 13
-3.8610001 -2.5599999 -0.12800001 13
-1.4529999 -0.94999999 0.0020000001 1
-1.4680001 -1.061 -0.17 1
-3.799 -2.6919999 -0.28099999 0
-3.8039999 -2.6489999 -0.127 2
-1.471 -1.01 0.0020000001 1
-1.454 -1.105 -0.17 2
0 0 0 0
0 0 0 0
-1.479 -1.0650001 0.001 1
-1.459 -1.165 -0.17200001 2
0 0 0 0
0 0 0 0
-1.4630001 -1.104 0.001 0
-1.473 -1.235 -0.175 2
0 0 0 0
0 0 0 0
-1.488 -1.176 0.001 0
-1.48 -1.302 -0.177 3
0 0 0 0
0 0 0 0
0 0 0 0
-1.494 -1.3789999 -0.18099999 2
0 0 0 0
0 0 0 0
0 0 0 0
-1.517 -1.4680001 -0.186 3
0 0 0 0
0 0 0 0
0 0 0 0
-1.538 -1.561 -0.19 2
-2.6860001 -2.658 -0.212 17
-2.7550001 -2.6619999 -0.098999999 19
0 0 0 0
-1.567 -1.6670001 -0.19599999 2
-2.575 -2.6700001 -0.206 19
-2.6370001 -2.6659999 -0.096000001 21
-2.691 -2.668 0 17
-1.581 -1.765 -0.20100001 2
-2.592 -2.8150001 -0.20999999 1
-2.586 -2.7379999 -0.096000001 8
-2.5799999 -2.6760001 0 19
0 0 0 0
-7.8319998 -8.9189997 -0.64600003 1
0 0 0 0
-2.5869999 -2.8069999 -0.001 1
0 0 0 0
0 0 0 0
0 0 0 0
0 0 0 0
0 0 0 0
0 0 0 0
0 0 0 0
0 0 0 0
0 0 0 0
0 0 0 0
0 0 0 0
0 0 0 0
0 0 0 0
0 0 0 0
0 0 0 0
0 0 0 0
0 0 0 0
0 0 0 0
0 0 0 0
0 0 0 0
0 0 0 0
-1.602 -2.4400001 -0.148 5
0 0 0 0
0 0 0 0
-1.364 -2.27 -0.199 5
-1.421 -2.2780001 -0.134 75
0 0 0 0
0 0 0 0
-1.311 -2.302 -0.19599999 7
-1.357 -2.2909999 -0.132 92
-1.401 -2.279 -0.066 94
0 0 0 0
-1.247 -2.3150001 -0.191 7
-1.286 -2.2920001 -0.12800001 99
-1.334 -2.2869999 -0.064999998 91
-1.378 -2.2880001 -0.0099999998 112
-1.181 -2.322 -0.186 11
-1.222 -2.302 -0.125 96
-1.27 -2.2950001 -0.064999998 95
-1.309 -2.289 -0.011 107
-1.119 -2.335 -0.182 14
-1.159 -2.3110001 -0.123 104
-1.206 -2.303 -0.064000003 106
-1.245 -2.2950001 -0.013 108
-1.054 -2.3380001 -0.177 16
-1.097 -2.3199999 -0.12 98
-1.142 -2.3069999 -0.064000003 91
-1.186 -2.3099999 -0.014 120
-0.98799998 -2.3380001 -0.17200001 19
-1.031 -2.3180001 -0.117 105
-1.0829999 -2.3210001 -0.063000001 108
-1.124 -2.316 -0.015 115
-0.80299997 -2.0309999 -0.145 24
-0.89700001 -2.1489999 -0.106 156
-1.022 -2.326 -0.063000001 111
-1.0599999 -2.316 -0.017000001 121
-0.86000001 -2.335 -0.162 40
-0.79400003 -2.0350001 -0.097999997 21
-0.81900001 -1.99 -0.052999999 14
-1.002 -2.3269999 -0.017999999 127
-0.80699998 -2.358 -0.15899999 36
-0.852 -2.3410001 -0.111 101
-0.787 -2.0420001 -0.054000001 38
-0.81 -2.007 -0.017000001 15
-0.74699998 -2.3629999 -0.155 50
-0.79299998 -2.349 -0.109 99
-0.84399998 -2.3469999 -0.061999999 114
-0.81 -2.145 -0.018999999 156
-0.68699998 -2.3640001 -0.15099999 56
-0.736 -2.358 -0.107 102
-0.78399998 -2.349 -0.061999999 108
-0.82300001 -2.339 -0.023 122
-0.62900001 -2.369 -0.147 68
-0.67799997 -2.3599999 -0.105 101
-0.727 -2.359 -0.061999999 102
-0.76800001 -2.3499999 -0.024 119
-0.56999999 -2.369 -0.14300001 83
-0.62 -2.3659999 -0.103 120
-0.67000002 -2.362 -0.061999999 115
-0.71100003 -2.359 -0.026000001 113
-0.51499999 -2.3829999 -0.139 91
-0.56199998 -2.3670001 -0.101 113
-0.61299998 -2.3670001 -0.061999999 111
-0.65499997 -2.3640001 -0.028000001 129
-0.45699999 -2.381 -0.13500001 94
-0.50599998 -2.372 -0.098999999 106
-0.55599999 -2.3699999 -0.061999999 121
-0.597 -2.3640001 -0.028999999 119
-0.40099999 -2.385 -0.132 99
-0.44999999 -2.381 -0.097999997 121
-0.5 -2.378 -0.061999999 126
-0.54100001 -2.369 -0.030999999 125
0 0 0 0
-0.39500001 -2.388 -0.096000001 121
-0.44400001 -2.381 -0.061999999 112
-0.48500001 -2.3729999 -0.033 128
-0.105 -0.87199998 -0.045000002 6
0 0 0 0
-0.389 -2.391 -0.063000001 128
-0.43000001 -2.3800001 -0.035 126
-0.085000001 -0.87400001 -0.044 6
-0.104 -0.884 -0.034000002 5
0 0 0 0
-0.375 -2.3829999 -0.037 137
-0.064999998 -0.88200003 -0.043000001 1
-0.083999999 -0.88499999 -0.034000002 4
-0.102 -0.884 -0.023 5
0 0 0 0
-0.122 -2.411 -0.116 22
-0.17200001 -2.4059999 -0.090000004 16
-0.082000002 -0.88800001 -0.023 5
-0.097000003 -0.88 -0.015 5
-0.066 -2.4189999 -0.113 96
-0.116 -2.3970001 -0.089000002 23
-0.168 -2.4119999 -0.064000003 21
-0.077 -0.88 -0.015 5
-0.0099999998 -2.4289999 -0.11 98
-0.061999999 -2.4230001 -0.088 118
-0.113 -2.4170001 -0.064999998 120
-0.154 -2.3940001 -0.045000002 26
0.045000002 -2.434 -0.107 94
-0.0049999999 -2.427 -0.086999997 115
-0.057 -2.4200001 -0.066 108
-0.1 -2.418 -0.046999998 129
0.101 -2.4349999 -0.104 93
0.048999999 -2.431 -0.086000003 108
-0.001 -2.427 -0.066 110
-0.045000002 -2.4219999 -0.050000001 125
0.15800001 -2.45 -0.101 83
0.106 -2.4400001 -0.085000001 100
0.054000001 -2.431 -0.067000002 102
0.0099999998 -2.4260001 -0.052000001 122
0.215 -2.451 -0.097999997 90
0.162 -2.4449999 -0.083999999 96
0.11 -2.441 -0.068000004 110
0.064999998 -2.427 -0.054000001 117
0.27200001 -2.4519999 -0.094999999 90
0.22 -2.454 -0.082999997 100
0.167 -2.4489999 -0.068999998 101
0.122 -2.437 -0.057 113
0.331 -2.4619999 -0.093000002 95
0.27700001 -2.457 -0.082000002 98
0.22400001 -2.4549999 -0.07 92
0.17900001 -2.444 -0.059999999 112
0.38999999 -2.467 -0.090000004 92
0.33500001 -2.457 -0.081 103
0.28200001 -2.4560001 -0.071000002 96
0.237 -2.4519999 -0.061999999 98
0.449 -2.471 -0.086999997 86
0.39500001 -2.47 -0.079999998 116
0.34099999 -2.4679999 -0.071999997 106
0.294 -2.4530001 -0.064999998 109
0.509 -2.4749999 -0.083999999 97
0.454 -2.474 -0.079999998 102
0.39899999 -2.47 -0.072999999 101
0.352 -2.461 -0.068000004 108
0.56999999 -2.487 -0.082000002 84
0.51300001 -2.4749999 -0.079000004 107
0.458 -2.474 -0.074000001 110
0.412 -2.471 -0.071000002 112
0.63 -2.4890001 -0.079000004 92
0.574 -2.4820001 -0.078000002 91
0.51999998 -2.4820001 -0.075999998 107
0.472 -2.4779999 -0.074000001 115
0.68699998 -2.4719999 -0.075999998 140
0.63599998 -2.4879999 -0.078000002 101
0.58200002 -2.4909999 -0.077 97
0.53200001 -2.4779999 -0.077 119
0.75700003 -2.5 -0.074000001 106
0.699 -2.4920001 -0.077 109
0.64300001 -2.4890001 -0.078000002 112
0.59500003 -2.487 -0.079999998 99
0.82099998 -2.503 -0.071000002 84
0.76300001 -2.4949999 -0.075999998 100
0.70700002 -2.4990001 -0.079999998 103
0.64999998 -2.46 -0.082000002 150
0 0 0 0
0.82800001 -2.5039999 -0.075999998 82
0.76999998 -2.5009999 -0.082000002 101
0.72299999 -2.4990001 -0.086999997 113
0 0 0 0
0 0 0 0
0.83499998 -2.503 -0.082999997 57
0.78500003 -2.4960001 -0.090000004 94
0 0 0 0
0 0 0 0
0 0 0 0
0.852 -2.5050001 -0.093999997 34
0 0 0 0
0 0 0 0
0 0 0 0
0 0 0 0
0 0 0 0
0 0 0 0
0 0 0 0
0 0 0 0
0 0 0 0
0 0 0 0
0 0 0 0
0 0 0 0
0 0 0 0
0 0 0 0
0 0 0 0
0 0 0 0
0 0 0 0
0 0 0 0
0 0 0 0
0 0 0 0
0 0 0 0
0 0 0 0
0 0 0 0
0 0 0 0
0 0 0 0
0 0 0 0
0 0 0 0
0 0 0 0
0 0 0 0
0 0 0 0
0 0 0 0
1.119 -1.976 -0.1 4
0 0 0 0
0 0 0 0
0 0 0 0
1.189 -1.9910001 -0.105 4
0 0 0 0
0 0 0 0
0 0 0 0
1.263 -2.0039999 -0.109 4
0 0 0 0
0 0 0 0
1.3789999 -2.0139999 -0.088 0
1.329 -2.0039999 -0.114 4
0 0 0 0
0 0 0 0
1.886 -2.6229999 -0.118 17
1.823 -2.6140001 -0.154 7
0 0 0 0
0 0 0 0
1.992 -2.6389999 -0.122 16
1.926 -2.6270001 -0.161 6
0 0 0 0
0 0 0 0
1.488 -1.8789999 -0.090000004 3
0 0 0 0
0 0 0 0
0 0 0 0
2.6110001 -3.1429999 -0.155 0
0 0 0 0
0 0 0 0
0 0 0 0
2.7309999 -3.135 -0.15899999 0
2.6860001 -3.1659999 -0.219 0
0 0 0 0
0 0 0 0
2.8770001 -3.151 -0.16500001 0
2.8499999 -3.204 -0.23 0
0 0 0 0
0 0 0 0
3.049 -3.187 -0.17299999 0
0 0 0 0
0 0 0 0
0 0 0 0
3.233 -3.227 -0.18099999 0
0 0 0 0
0 0 0 0
0 0 0 0
2.7869999 -2.6559999 -0.154 0
0 0 0 0
0 0 0 0
0 0 0 0
2.9489999 -2.6800001 -0.161 1
3.2449999 -3.0190001 -0.257 2
0 0 0 0
0 0 0 0
2.997 -2.598 -0.162 1
3.3369999 -2.9590001 -0.26300001 6
0 0 0 0
0 0 0 0
2.5799999 -2.1329999 -0.138 92
3.3959999 -2.8699999 -0.266 3
0 0 0 0
0 0 0 0
3.1259999 -2.4649999 -0.16599999 0
2.2420001 -1.8049999 -0.175 111
2.9300001 -2.0969999 0.0060000001 7
0 0 0 0
3.188 -2.3959999 -0.168 0
3.54 -2.7160001 -0.27599999 1
2.984 -2.036 0.0089999996 21
2.9890001 -2.0880001 -0.072999999 0
3.2639999 -2.336 -0.171 0
0 0 0 0
3.0380001 -1.975 0.011 21
3.0190001 -2.007 -0.071999997 1
3.346 -2.279 -0.17399999 0
3.681 -2.5539999 -0.28600001 3
3.0910001 -1.913 0.014 23
3.086 -1.952 -0.071999997 5
3.398 -2.1989999 -0.176 0
3.753 -2.474 -0.292 2
2.9760001 -1.75 0.016000001 23
3.128 -1.8789999 -0.071000002 7
3.4849999 -2.1400001 -0.17900001 0
3.8310001 -2.3959999 -0.29699999 2
2.316 -1.293 0.014 21
2.3789999 -1.3559999 -0.052999999 20
2.4549999 -1.4299999 -0.126 5
3.908 -2.3150001 -0.303 1
2.191 -1.16 0.015 19
2.2390001 -1.209 -0.048999999 20
2.3199999 -1.28 -0.118 15
2.461 -1.38 -0.191 25
2.1240001 -1.064 0.015 20
2.135 -1.091 -0.046 21
2.1659999 -1.13 -0.11 17
4.0780001 -2.1600001 -0.317 1
2.1600001 -1.023 0.017000001 18
2.158 -1.041 -0.045000002 22
2.1370001 -1.052 -0.108 16
2.1700001 -1.084 -0.168 9
2.2049999 -0.98400003 0.018999999 20
2.2019999 -1.001 -0.046 22
2.1819999 -1.011 -0.11 16
2.457 -1.155 -0.191 0
2.2490001 -0.94400001 0.02 20
2.2360001 -0.95499998 -0.046 21
2.2360001 -0.97299999 -0.113 19
0 0 0 0
2.29 -0.90100002 0.022 19
2.2839999 -0.91399997 -0.046 21
2.2839999 -0.93000001 -0.115 17
0 0 0 0
2.3410001 -0.86199999 0.023 20
2.3310001 -0.87199998 -0.046 21
2.332 -0.88700002 -0.118 17
0 0 0 0
2.3840001 -0.81800002 0.025 20
2.372 -0.82499999 -0.046999998 17
2.3829999 -0.84299999 -0.12 17
0 0 0 0
2.431 -0.77399999 0.026000001 18
2.421 -0.78100002 -0.046999998 19
2.4289999 -0.796 -0.122 17
0 0 0 0
0 0 0 0
0 0 0 0
2.4820001 -0.74900001 -0.125 18
0 0 0 0
4.3979998 -1.188 0.050999999 4
4.4039998 -1.202 -0.083999999 3
0 0 0 0
0 0 0 0
4.4050002 -1.084 0.052999999 46
4.4159999 -1.096 -0.083999999 12
0 0 0 0
0 0 0 0
4.4299998 -0.98500001 0.054000001 52
4.4229999 -0.99000001 -0.082999997 52
4.4050002 -0.99599999 -0.223 3
0 0 0 0
4.434 -0.88300002 0.056000002 54
4.4349999 -0.88700002 -0.082999997 53
4.4349999 -0.89399999 -0.226 9
4.5029998 -0.90899998 -0.36000001 0
4.4219999 -0.77899998 0.057 150
4.4310002 -0.78299999 -0.082999997 150
3.7130001 -0.65799999 -0.189 8
4.4359999 -0.787 -0.35600001 6
4.4520001 -0.68300003 0.057999998 13
4.4369998 -0.67900002 -0.082999997 16
3.859 -0.59200001 -0.197 0
2.323 -0.354 -0.18700001 4
0 0 0 0
0 0 0 0
0 0 0 0
0 0 0 0
0.51999998 -0.056000002 0.0070000002 186
0.54299998 -0.057 -0.0099999998 10
0.55299997 -0.057999998 -0.028000001 7
0.53200001 -0.055 -0.043000001 5
0 0 0 0
1.876 -0.156 -0.035 1
1.91 -0.155 -0.097999997 24
0 0 0 0
1.957 -0.123 0.027000001 1
4.4910002 -0.271 -0.083999999 12
4.4790001 -0.259 -0.233 1
0 0 0 0
4.4980001 -0.183 0.063000001 13
4.4990001 -0.167 -0.083999999 13
4.4889998 -0.154 -0.234 1
0 0 0 0
4.5139999 -0.082999997 0.064000003 13
4.5250001 -0.064000003 -0.085000001 12
4.4949999 -0.048 -0.236 2
0 0 0 0
4.5409999 0.017999999 0.064999998 6
0 0 0 0
0 0 0 0
0 0 0 0
0 0 0 0
0.514 0.016000001 -0.0089999996 6
0.50099999 0.017999999 -0.026000001 2
0 0 0 0
0 0 0 0
3.2679999 0.178 -0.061999999 6
3.256 0.19499999 -0.17399999 5
0 0 0 0
3.2639999 0.23100001 0.046999998 6
3.26 0.252 -0.061999999 6
3.2780001 0.27399999 -0.176 5
0 0 0 0
2.122 0.198 0.029999999 25
3.2650001 0.329 -0.063000001 5
3.2720001 0.35100001 -0.177 5
0 0 0 0
3.2690001 0.37799999 0.046999998 5
3.27 0.405 -0.063000001 5
3.276 0.43099999 -0.17900001 4
2.1170001 0.294 -0.183 15
3.2880001 0.456 0.048 5
3.283 0.48300001 -0.064000003 4
3.2980001 0.51300001 -0.18099999 4
0 0 0 0
3.28 0.52899998 0.046999998 5
3.299 0.56400001 -0.064999998 4
3.296 0.59200001 -0.183 4
0 0 0 0
3.3069999 0.61000001 0.048 4
3.3110001 0.64399999 -0.066 4
3.3099999 0.676 -0.185 4
1.8660001 0.39899999 -0.16599999 4
3.3039999 0.68599999 0.046999998 3
1.8609999 0.40599999 -0.037 8
1.891 0.433 -0.106 17
0 0 0 0
1.898 0.43799999 0.027000001 4
1.865 0.45199999 -0.037999999 14
3.326 0.84500003 -0.189 1
0 0 0 0
3.3239999 0.84600002 0.046999998 1
3.313 0.88499999 -0.068999998 1
3.3559999 0.93699998 -0.193 0
0 0 0 0
0 0 0 0
3.3310001 0.97299999 -0.07 1
3.3410001 1.0190001 -0.19400001 1
0 0 0 0
0 0 0 0
3.3469999 1.062 -0.071999997 1
3.3440001 1.108 -0.19599999 1
0 0 0 0
3.3629999 1.102 0.046999998 0
3.3640001 1.152 -0.072999999 0
0 0 0 0
0 0 0 0
3.3559999 1.184 0.046 0
1.268 0.46700001 -0.028000001 1
1.238 0.47600001 -0.074000001 4
0 0 0 0
0 0 0 0
1.2180001 0.48100001 -0.027000001 1
0 0 0 0
0 0 0 0
1.291 0.52100003 0.017000001 49
0 0 0 0
4.3099999 1.895 -0.26499999 32
0 0 0 0
0 0 0 0
4.3260002 1.944 -0.101 3
4.322 2.0250001 -0.26899999 11
0 0 0 0
4.4299998 2.026 0.057 2
4.3759999 2.089 -0.105 12
0 0 0 0
0 0 0 0
4.4169998 2.141 0.056000002 15
4.402 2.227 -0.108 38
0 0 0 0
1.9680001 1.079 -0.198 2
4.4330001 2.2739999 0.055 56
1.956 1.0470001 -0.048999999 75
1.961 1.094 -0.127 3
0 0 0 0
1.9579999 1.061 0.023 73
4.4130001 2.4960001 -0.113 26
4.388 2.586 -0.289 15
0 0 0 0
4.7820001 2.7309999 0.056000002 21
4.3899999 2.6170001 -0.115 28
0 0 0 0
2.395 1.549 -0.25099999 1
1.587 0.954 0.017999999 0
4.4159999 2.7720001 -0.118 22
0 0 0 0
0 0 0 0
3.6849999 2.3299999 0.039999999 13
4.4499998 2.9400001 -0.122 16
4.4369998 3.0599999 -0.30599999 13
0 0 0 0
3.701 2.46 0.039000001 3
4.4559999 3.0940001 -0.126 25
3.8989999 2.8269999 -0.27399999 1
0 0 0 0
3.6889999 2.573 0.037 9
4.4109998 3.217 -0.12800001 29
0 0 0 0
0 0 0 0
3.7 2.7060001 0.035 8
0 0 0 0
0 0 0 0
0 0 0 0
0 0 0 0
1.942 1.558 -0.059 3
0 0 0 0
0 0 0 0
0 0 0 0
1.337 1.124 -0.041999999 1
0.61500001 0.54100001 -0.046 1
0 0 0 0
1.3329999 1.122 0.0099999998 3
0 0 0 0
0.61199999 0.565 -0.046999998 5
0 0 0 0
0 0 0 0
0.62300003 0.57499999 -0.02 20
0 0 0 0
0 0 0 0
0.62300003 0.574 0.0040000002 22
3.5869999 3.47 -0.124 4
0 0 0 0
2.244 2.3829999 -0.28 5
3.579 3.4530001 0.021 4
3.595 3.642 -0.12899999 69
3.9690001 4.2249999 -0.32699999 1
0 0 0 0
3.5969999 3.6300001 0.017999999 64
3.4679999 3.681 -0.12899999 64
3.71 4.1399999 -0.31299999 2
0 0 0 0
3.4790001 3.674 0.014 74
3.3269999 3.698 -0.12800001 80
3.592 4.2059999 -0.31 3
0 0 0 0
3.3380001 3.691 0.011 77
3.194 3.72 -0.127 73
1.442 1.772 -0.12800001 9
0 0 0 0
3.2119999 3.717 0.0070000002 76
1.4400001 1.758 -0.059 38
0 0 0 0
0 0 0 0
1.454 1.762 0.001 150
0 0 0 0
2.868 3.885 -0.26800001 1
0 0 0 0
1.401 1.78 0 7
2.848 3.8269999 -0.12800001 9
0.95300001 1.357 -0.092 84
0 0 0 0
2.8710001 3.822 -0.003 28
0.963 1.359 -0.045000002 16
1.5599999 2.3369999 -0.155 5
0 0 0 0
2.7490001 3.839 -0.0060000001 69
2.5999999 3.855 -0.127 76
2.951 4.6539998 -0.303 50
0.70599997 1.181 -0.11 1
2.6270001 3.8510001 -0.0099999998 72
2.4849999 3.875 -0.127 57
0.72100002 1.199 -0.075999998 0
0 0 0 0
2.5109999 3.8670001 -0.013 63
2.3640001 3.882 -0.127 35
2.2980001 4.033 -0.25299999 0
0 0 0 0
2.3959999 3.8800001 -0.017000001 67
0.699 1.21 -0.039000001 5
2.5150001 4.6669998 -0.28799999 42
1.189 2.358 -0.207 0
0.69599998 1.188 -0.0060000001 150
2.125 3.8840001 -0.126 14
2.3280001 4.5760002 -0.27700001 37
0 0 0 0
2.1559999 3.8789999 -0.023 14
2.0150001 3.8970001 -0.126 11
2.23 4.6500001 -0.27700001 15
0 0 0 0
2.0510001 3.8970001 -0.027000001 11
1.908 3.9089999 -0.126 120
2.158 4.7859998 -0.28 14
0.81800002 1.96 -0.161 9
1.939 3.9000001 -0.029999999 60
1.8049999 3.927 -0.126 119
0.82999998 1.9630001 -0.113 51
0 0 0 0
1.837 3.918 -0.034000002 106
0.815 1.887 -0.059999999 84
1.928 4.8779998 -0.27700001 16
0 0 0 0
0.81 1.837 -0.017000001 4
1.597 3.9489999 -0.126 50
0 0 0 0
0.69199997 2.062 -0.15899999 180
0.80500001 1.946 -0.02 18
1.641 4.3470001 -0.139 25
0 0 0 0
0 0 0 0
1.637 4.2270002 -0.046999998 18
0.903 2.5699999 -0.082000002 15
2.575 8.1599998 -0.44299999 9
0 0 0 0
0.92400002 2.5610001 -0.030999999 5
0.59299999 1.825 -0.057999998 2
2.391 8.2460003 -0.44100001 3
0 0 0 0
0.60000002 1.793 -0.023 2
2.4460001 8.1639996 -0.26199999 0
2.184 8.2580004 -0.435 8
0 0 0 0
2.5320001 8.1820002 -0.113 1
2.234 8.1389999 -0.26199999 1
1.8150001 7.5819998 -0.39399999 12
1.829 8.809 -0.61699998 2
0 0 0 0
2.02 8.099 -0.26100001 13
1.881 8.7720003 -0.449 5
0 0 0 0
0 0 0 0
1.714 7.6220002 -0.24600001 14
1.678 8.8269997 -0.44600001 7
0 0 0 0
1.795 7.638 -0.125 16
1.7690001 8.8290005 -0.28600001 46
1.452 8.7480001 -0.43700001 7
0.5 3.7260001 -0.24600001 41
1.852 8.7880001 -0.15099999 68
2.0090001 11.401 -0.37 5
1.255 8.8610001 -0.43599999 4
0 0 0 0
2.1270001 11.408 -0.206 5
1.735 11.388 -0.37099999 16
0 0 0 0
0 0 0 0
1.857 11.417 -0.21600001 9
0 0 0 0
0 0 0 0
0.23899999 3.8210001 -0.237 1
1.589 11.438 -0.226 9
0 0 0 0
0.26800001 3.7980001 -0.18000001 5
0 0 0 0
0 0 0 0
0.93199998 11.47 -0.37900001 11
0.42399999 9.0550003 -0.42399999 19
0 0 0 0
1.051 11.476 -0.24699999 11
0.219 3.7909999 -0.125 5
0.212 9.0760002 -0.41999999 10
-0.061000001 7.5689998 -0.44400001 1
0.25799999 3.786 -0.085000001 5
0.31099999 9.0909996 -0.303 4
0 9.1049995 -0.417 9
-0.235 7.448 -0.428 2
0.40900001 9.0970001 -0.212 2
0.1 9.1140003 -0.30500001 3
-0.215 9.1110001 -0.412 2
0 0 0 0
0.19499999 9.1169996 -0.221 3
-0.115 9.1560001 -0.308 3
-0.42300001 8.9770002 -0.40099999 29
0 0 0 0
-0.018999999 9.1359997 -0.23 3
-0.32100001 8.9289999 -0.303 13
-0.64099997 9.0719995 -0.40099999 2
0 0 0 0
-0.229 9.0249996 -0.235 2
-0.542 9.0930004 -0.31 2
0 0 0 0
0 0 0 0
-0.44 9.0249996 -0.244 5
-0.73100001 8.802 -0.30199999 29
0 0 0 0
0 0 0 0
-0.65700001 9.0719995 -0.25400001 2
0 0 0 0
0 0 0 0
-0.32499999 1.868 -0.093999997 5
0 0 0 0
0 0 0 0
0 0 0 0
-0.36500001 1.842 -0.090999998 42
0 0 0 0
0 0 0 0
-0.35100001 1.849 -0.077 42
-0.41 1.844 -0.089000002 37
0 0 0 0
-0.331 1.8559999 -0.064999998 11
-0.39399999 1.842 -0.075999998 40
0 0 0 0
-0.31299999 1.864 -0.059 1
-0.37200001 1.837 -0.064999998 35
-0.442 1.854 -0.075000003 12
-0.52899998 1.943 -0.089000002 7
-0.35299999 1.84 -0.061000001 34
-0.419 1.845 -0.066 31
-0.514 1.95 -0.078000002 14
-0.56699997 1.908 -0.085000001 38
-0.39899999 1.842 -0.063000001 35
0 0 0 0
-0.55299997 1.9170001 -0.075999998 29
-0.61799997 1.914 -0.083999999 14
0 0 0 0
-0.53399998 1.927 -0.07 7
-0.60000002 1.909 -0.075000003 40
-1.053 3.017 -0.12899999 4
-0.52100003 1.955 -0.071000002 26
-0.57700002 1.906 -0.07 36
-1.048 3.0799999 -0.12 4
0 0 0 0
-0.55599999 1.904 -0.071000002 34
-0.62400001 1.899 -0.071000002 10
0 0 0 0
0 0 0 0
-0.60500002 1.902 -0.072999999 39
-1.0700001 3.016 -0.114 4
0 0 0 0
-4.0879998 9.5240002 -0.375 7
-1.046 3.036 -0.121 6
0 0 0 0
0 0 0 0
-4.3520002 9.5290003 -0.36399999 12
0 0 0 0
0 0 0 0
0 0 0 0
-4.6409998 9.5640001 -0.354 5
0 0 0 0
-4.1389999 9.4849997 -0.37099999 18
-4.5349998 9.5229998 -0.354 13
-4.9790001 9.6859999 -0.347 1
-4.0580001 9.5209999 -0.417 4
-4.421 9.5170002 -0.377 18
-4.8330002 9.5629997 -0.352 5
-1.133 2.085 -0.071999997 0
-4.3319998 9.5319996 -0.43000001 15
-4.711 9.5480003 -0.38299999 15
-1.14 2.132 -0.077 0
-5.573 9.71 -0.32499999 2
-4.6100001 9.5360003 -0.44400001 16
-5.0089998 9.573 -0.389 15
-1.15 2.036 -0.072999999 0
-5.8660002 9.6960001 -0.31200001 13
-4.9159999 9.5760002 -0.46000001 11
-5.3109999 9.5959997 -0.39500001 15
-1.159 1.943 -0.068999998 1
-6.0900002 9.5640001 -0.29699999 7
-5.224 9.6070004 -0.47499999 13
-5.6269999 9.6260004 -0.40200001 5
-1.1720001 1.867 -0.064999998 2
-6.4419999 9.618 -0.28600001 1
-5.54 9.6370001 -0.49200001 7
-5.895 9.5570002 -0.405 6
-1.1720001 1.773 -0.061000001 3
-6.9060001 9.8170004 -0.27900001 16
-5.8330002 9.6110001 -0.50599998 3
-5.9660001 9.1850004 -0.39500001 1
-1.182 1.701 -0.057999998 1
-1.178 1.596 -0.043000001 0
-5.921 9.2469997 -0.50199997 7
-6.6960001 9.7969999 -0.428 3
-1.192 1.6339999 -0.055 0
-7.6849999 9.9200001 -0.255 7
-6.493 9.6269999 -0.54000002 1
-7.0619998 9.8240004 -0.43599999 12
-1.2029999 1.5700001 -0.052999999 28
-8.0570002 9.9250002 -0.242 18
-6.9710002 9.8219995 -0.56800002 14
-1.188 1.573 -0.071000002 15
-7.9689999 9.9139996 -0.33000001 7
-8.4820004 9.9750004 -0.228 17
-1.184 1.587 -0.093999997 6
-7.8280001 9.8780003 -0.454 12
-8.3879995 9.9540005 -0.32800001 12
-8.9329996 10.032 -0.215 6
-7.7659998 9.9020004 -0.611 5
-8.2589998 9.9280005 -0.46399999 11
-1.207 1.367 -0.044 1
-9.3830004 10.061 -0.2 15
-8.2259998 9.9879999 -0.63700002 2
-1.198 1.374 -0.064999998 6
-9.2720003 10.021 -0.322 14
-9.849 10.091 -0.185 16
0 0 0 0
-9.1599998 10.015 -0.486 8
-9.7620001 10.073 -0.31999999 9
-10.364 10.147 -0.169 16
0 0 0 0
-1.227 1.28 -0.063000001 0
-3.0280001 2.983 -0.093000002 8
-10.946 10.235 -0.153 15
0 0 0 0
-1.232 1.226 -0.061999999 0
-10.868 10.222 -0.31600001 1
-11.023 9.8479996 -0.12899999 5
0 0 0 0
-1.2460001 1.182 -0.061000001 0
-11.485 10.313 -0.315 2
-12.117 10.342 -0.117 8
0 0 0 0
-1.234 1.117 -0.059 1
-12.068 10.344 -0.31200001 2
-12.763 10.398 -0.097000003 2
-11.276 10.251 -0.80599999 2
-1.252 1.08 -0.057999998 1
-12.743 10.423 -0.30899999 2
-13.439 10.451 -0.075999998 2
0 0 0 0
-1.245 1.024 -0.056000002 1
-13.367 10.424 -0.30399999 2
-12.336 9.1529999 -0.046999998 6
0 0 0 0
-1.258 0.986 -0.056000002 1
-12.225 9.0900002 -0.26100001 45
-15.117 10.69 -0.029999999 2
0 0 0 0
-1.262 0.94199997 -0.054000001 1
-4.3639998 3.092 -0.086999997 3
0 0 0 0
-12.281 9.1700001 -0.84100002 2
-1.265 0.89899999 -0.052999999 1
-15.936 10.742 -0.29800001 3
0 0 0 0
0 0 0 0
-1.263 0.85399997 -0.052000001 1
-16.846001 10.8 -0.294 3
0 0 0 0
0 0 0 0
-1.275 0.81900001 -0.052000001 1
0 0 0 0
0 0 0 0
0 0 0 0
-1.275 0.77700001 -0.050999999 1
0 0 0 0
0 0 0 0
0 0 0 0
-1.2819999 0.74000001 -0.050000001 1
0 0 0 0
0 0 0 0
0 0 0 0
-1.2819999 0.69999999 -0.048999999 1
-21.927 11.361 -0.28200001 3
-20.955999 10.316 0.185 6
0 0 0 0
-1.295 0.66799998 -0.048 1
-20.99 10.266 -0.24699999 43
0 0 0 0
0 0 0 0
-1.29 0.62800002 -0.046999998 1
0 0 0 0
0 0 0 0
0 0 0 0
-1.299 0.59399998 -0.046999998 1
0 0 0 0
-28.066999 11.536 0.361 8
0 0 0 0
-1.293 0.55500001 -0.046 1
-27.965 11.362 -0.245 7
-28.118999 10.827 0.39700001 12
0 0 0 0
-1.3 0.52200001 -0.045000002 1
-28.105 10.675 -0.22 7
-28.134001 10.115 0.43200001 10
-27.148001 10.719 -1.714 9
-1.284 0.48100001 -0.044 1
0 0 0 0
-28.344 9.4729996 0.47099999 7
0 0 0 0
-1.296 0.45100001 -0.043000001 1
0 0 0 0
-28.318001 8.7650003 0.50400001 10
0 0 0 0
-1.302 0.419 -0.043000001 1
-28.304001 8.5740004 -0.145 12
-28.402 8.1000004 0.53899997 13
0 0 0 0
-1.299 0.384 -0.041999999 1
-28.355 7.8860002 -0.121 15
-28.424 7.4190001 0.57200003 9
0 0 0 0
-1.312 0.35499999 -0.041000001 21
-28.483999 7.2179999 -0.096000001 13
-28.518 6.7670002 0.60600001 10
-28.318001 7.381 -1.74 10
0 0 0 0
0 0 0 0
-28.563 6.1009998 0.639 20
-28.407 6.677 -1.737 9
-1.344 0.296 -0.041000001 2
-28.599001 5.8699999 -0.048999999 10
-28.606001 5.4460001 0.671 19
0 0 0 0
-1.3279999 0.25999999 -0.039999999 0
-1.357 0.24600001 -0.001 0
-1.334 0.223 0.032000002 1
0 0 0 0
-1.322 0.227 -0.039000001 3
-1.307 0.206 0 1
-1.3049999 0.18799999 0.033 1
-1.314 0.20900001 -0.079000004 1
-1.337 0.197 -0.039000001 0
-1.321 0.177 0 4
-1.336 0.162 0.035 6
-1.3150001 0.177 -0.079000004 1
-1.342 0.16599999 -0.037999999 5
-1.341 0.149 0.001 8
0 0 0 0
-1.336 0.147 -0.079999998 23
-1.339 0.133 -0.037999999 1
-1.337 0.118 0.0020000001 1
0 0 0 0
0 0 0 0
-1.349 0.102 -0.037 6
-1.3150001 0.085000001 0.003 1
-1.363 0.074000001 0.039999999 0
0 0 0 0
-1.3559999 0.071000002 -0.037 0
-1.322 0.055 0.0040000002 1
0 0 0 0
0 0 0 0
-1.368 0.039000001 -0.035999998 2
-23.924999 0.46200001 0.106 5
0 0 0 0
-13.317 0.17299999 -0.78600001 4
0 0 0 0
-25.281 -0.083999999 0.13 4
0 0 0 0
-13.327 -0.147 -0.78500003 5
0 0 0 0
0 0 0 0
0 0 0 0
-13.36 -0.47299999 -0.78399998 4
-1.351 -0.056000002 -0.034000002 6
0 0 0 0
0 0 0 0
-13.414 -0.79900002 -0.78500003 4
0 0 0 0
-17.16 -1.2359999 0.127 2
0 0 0 0
0 0 0 0
0 0 0 0
-15.269 -1.4529999 0.124 2
0 0 0 0
0 0 0 0
-1.3660001 -0.153 -0.033 1
-13.464 -1.591 0.119 2
-13.247 -1.649 0.5 4
-3.891 -0.51599997 -0.22499999 30
-1.369 -0.186 -0.032000002 1
-12.263 -1.732 0.117 3
-11.972 -1.761 0.46399999 3
-3.9030001 -0.61400002 -0.226 30
-1.382 -0.221 -0.032000002 0
-11.073 -1.822 0.114 4
-10.959 -1.86 0.435 4
-3.9089999 -0.713 -0.22499999 27
-1.402 -0.25799999 -0.032000002 0
-10.307 -1.9400001 0.114 2
-10.12 -1.952 0.412 5
-3.9260001 -0.81400001 -0.226 26
-3.9100001 -0.81699997 -0.088 22
-9.5059996 -2.0139999 0.112 3
-9.3940001 -2.0280001 0.39199999 6
-3.938 -0.917 -0.226 24
-3.914 -0.91399997 -0.086000003 21
-8.8500004 -2.0880001 0.111 3
-8.7559996 -2.0940001 0.37400001 5
-3.9389999 -1.018 -0.226 23
-3.931 -1.015 -0.085000001 22
0 0 0 0
0 0 0 0
-3.95 -1.122 -0.226 21
-3.9300001 -1.115 -0.082999997 20
0 0 0 0
0 0 0 0
-3.9679999 -1.2309999 -0.226 19
-3.9389999 -1.217 -0.081 23
0 0 0 0
-7.2160001 -2.243 0.33000001 9
-3.9719999 -1.339 -0.226 18
-3.97 -1.329 -0.079999998 20
-6.7680001 -2.263 0.105 8
-6.7690001 -2.2690001 0.317 9
-3.984 -1.451 -0.226 18
-3.974 -1.436 -0.078000002 18
-6.3870001 -2.2980001 0.104 8
-6.3920002 -2.303 0.30599999 8
-3.987 -1.561 -0.226 17
-3.98 -1.544 -0.077 19
-6.0430002 -2.3329999 0.104 9
-6.0479999 -2.332 0.296 8
-3.9949999 -1.677 -0.226 12
-3.9920001 -1.656 -0.075000003 19
-5.7550001 -2.3729999 0.103 11
-5.7680001 -2.3729999 0.289 14
-4.013 -1.799 -0.227 13
-4.006 -1.775 -0.072999999 18
-5.4650002 -2.4000001 0.103 12
-5.48 -2.398 0.28 14
-5.1360002 -2.4519999 -0.28999999 12
-5.165 -2.4330001 -0.092 11
-5.2030001 -2.427 0.102 13
-5.2160001 -2.421 0.273 14
-5.0250001 -2.549 -0.28400001 1
-5.0100002 -2.5050001 -0.086999997 10
-4.9569998 -2.4519999 0.101 13
-4.9780002 -2.4460001 0.266 14
0 0 0 0
0 0 0 0
-4.7049999 -2.4619999 0.1 13
-4.757 -2.4690001 0.25999999 15
0 0 0 0
0 0 0 0
-4.507 -2.4909999 0.1 12
-4.5469999 -2.4909999 0.25400001 15
0 0 0 0
0 0 0 0
-4.316 -2.5150001 0.1 12
-4.3410001 -2.5050001 0.248 15
0 0 0 0
0 0 0 0
-4.125 -2.5309999 0.098999999 12
-4.1630001 -2.5280001 0.243 14
-3.835 -2.5650001 -0.215 13
-3.888 -2.5510001 -0.057 13
-3.938 -2.5420001 0.098999999 13
-3.934 -2.5090001 0.234 14
-3.803 -2.678 -0.213 1
-3.8099999 -2.6289999 -0.054000001 7
-3.7869999 -2.5669999 0.097999997 12
-3.8139999 -2.553 0.23199999 14
0 0 0 0
0 0 0 0
-3.6229999 -2.579 0.097999997 11
-3.665 -2.573 0.228 13
0 0 0 0
0 0 0 0
-3.474 -2.5929999 0.097999997 10
-3.516 -2.5880001 0.22400001 16
0 0 0 0
0 0 0 0
-3.3399999 -2.615 0.097999997 10
-3.3789999 -2.6040001 0.22 17
0 0 0 0
0 0 0 0
-3.194 -2.6199999 0.097000003 9
-3.247 -2.6199999 0.21600001 17
0 0 0 0
0 0 0 0
-1.484 -1.274 0.046999998 36
-1.493 -1.26 0.102 1
0 0 0 0
0 0 0 0
-2.954 -2.6559999 0.097000003 10
-2.9949999 -2.645 0.20900001 22
-2.6960001 -2.671 -0.149 19
-2.7520001 -2.654 -0.027000001 1
-2.823 -2.6570001 0.096000001 15
-2.8629999 -2.6429999 0.204 21
-2.5869999 -2.6889999 -0.14300001 18
-2.6259999 -2.6530001 -0.023 22
-2.698 -2.6570001 0.094999999 17
-2.7509999 -2.6559999 0.20100001 23
-2.5869999 -2.819 -0.14300001 1
-2.5829999 -2.734 -0.021 9
-2.596 -2.677 0.094999999 19
-2.635 -2.6600001 0.198 19
0 0 0 0
0 0 0 0
-2.493 -2.6900001 0.094999999 9
-2.533 -2.675 0.19499999 21
-0.69400001 -0.833 -0.037999999 6
0 0 0 0
-2.402 -2.7130001 0.096000001 8
-2.4330001 -2.6860001 0.192 18
-0.66600001 -0.83899999 -0.035999998 8
0 0 0 0
0 0 0 0
-2.3340001 -2.6949999 0.189 19
-0.64099997 -0.84799999 -0.035 0
-0.66600001 -0.852 -0.003 5
-0.69499999 -0.861 0.029999999 6
0 0 0 0
0 0 0 0
0 0 0 0
-0.66399997 -0.86199999 0.028999999 8
-0.68800002 -0.87 0.059 6
0 0 0 0
0 0 0 0
0 0 0 0
-0.65700001 -0.87 0.057999998 5
-1.599 -2.461 -0.086999997 0
0 0 0 0
0 0 0 0
-0.63800001 -0.88599998 0.057999998 7
-1.409 -2.2850001 -0.075999998 91
0 0 0 0
-1.835 -2.7509999 0.093999997 6
-0.60799998 -0.88499999 0.057 9
-1.3380001 -2.29 -0.071999997 89
-1.393 -2.2839999 0.0020000001 87
-1.495 -2.3570001 0.079999998 177
-0.579 -0.884 0.056000002 8
-1.271 -2.2980001 -0.068999998 96
-1.323 -2.2850001 0.003 96
-1.375 -2.2809999 0.077 98
-0.55500001 -0.88999999 0.055 8
-1.207 -2.3080001 -0.064999998 95
-1.2539999 -2.289 0.0049999999 97
-1.308 -2.2839999 0.077 101
-0.52600002 -0.88800001 0.054000001 8
-1.1390001 -2.3099999 -0.061000001 97
-1.1950001 -2.3050001 0.0070000002 114
-1.244 -2.2939999 0.077 104
-0.50300002 -0.89499998 0.054000001 7
-1.0779999 -2.322 -0.057999998 100
-1.131 -2.312 0.0089999996 104
-1.183 -2.3039999 0.077 100
-0.47099999 -0.884 0.052000001 6
-1.015 -2.3280001 -0.054000001 98
-1.067 -2.316 0.011 104
-1.12 -2.3110001 0.077 101
-0.454 -0.89999998 0.052000001 2
-0.81 -1.9859999 -0.043000001 14
-1.006 -2.322 0.012 110
-1.059 -2.319 0.077 109
-0.43000001 -0.90100002 0.052000001 1
-0.792 -2.079 -0.041000001 118
-0.80500001 -1.985 0.012 16
-0.94300002 -2.194 0.071999997 151
-0.40799999 -0.90799999 0.050999999 1
-0.82999998 -2.342 -0.043000001 100
-0.81099999 -2.1389999 0.015 155
-0.79900002 -1.983 0.064999998 21
-0.384 -0.90899998 0.050999999 0
-0.76999998 -2.346 -0.039999999 103
-0.824 -2.336 0.017999999 109
-0.85100001 -2.26 0.074000001 150
-0.78100002 -1.9680001 0.108 1
-0.71200001 -2.3540001 -0.035999998 102
-0.76800001 -2.349 0.018999999 110
-0.82099998 -2.339 0.077 114
-0.72799999 -1.964 0.106 2
-0.65399998 -2.358 -0.033 106
-0.70899999 -2.3499999 0.021 113
-0.764 -2.348 0.077 108
0 0 0 0
-0.59600002 -2.365 -0.029999999 110
-0.65200001 -2.358 0.023 119
-0.70499998 -2.349 0.077 109
0 0 0 0
-0.54000002 -2.3740001 -0.026000001 102
-0.59500003 -2.362 0.024 116
-0.64899999 -2.355 0.077 109
-0.58899999 -1.993 0.103 2
-0.48199999 -2.375 -0.023 119
-0.53799999 -2.365 0.026000001 122
-0.59299999 -2.3610001 0.077 121
-0.54500002 -2.0120001 0.103 3
-0.426 -2.378 -0.02 120
-0.48300001 -2.3740001 0.028000001 129
-0.53899997 -2.3740001 0.077 120
-0.50199997 -2.0320001 0.102 3
-0.368 -2.3770001 -0.016000001 132
-0.42699999 -2.3770001 0.028999999 129
-0.48199999 -2.375 0.077 121
-0.461 -2.0669999 0.103 3
0 0 0 0
-0.37 -2.378 0.030999999 136
-0.428 -2.3840001 0.077 132
-0.42699999 -2.1440001 0.105 5
-0.094999999 -0.88700002 -0.003 6
0 0 0 0
0 0 0 0
-0.39300001 -2.2320001 0.108 11
-0.075000003 -0.88800001 -0.0020000001 6
-0.097000003 -0.89399999 0.013 6
-0.119 -0.898 0.028999999 6
0 0 0 0
-0.147 -2.402 -0.003 27
-0.075999998 -0.89099997 0.013 5
-0.097999997 -0.90200001 0.028999999 6
-0.117 -0.903 0.041999999 6
-0.090999998 -2.4119999 0 113
-0.15000001 -2.402 0.037999999 28
-0.077 -0.89899999 0.028999999 6
-0.094999999 -0.898 0.041000001 6
-0.035 -2.4230001 0.003 113
-0.094999999 -2.411 0.039999999 121
-0.152 -2.398 0.077 30
-0.075999998 -0.90799999 0.041000001 5
0.018999999 -2.425 0.0060000001 114
-0.039000001 -2.4130001 0.041000001 121
-0.097000003 -2.4089999 0.077 120
-0.146 -2.402 0.108 30
0.075000003 -2.4300001 0.0089999996 97
0.015 -2.424 0.043000001 114
-0.043000001 -2.425 0.078000002 130
-0.090999998 -2.4130001 0.107 130
0.132 -2.4389999 0.013 101
0.071000002 -2.428 0.045000002 118
0.012 -2.428 0.078000002 124
-0.037 -2.4200001 0.106 138
0.189 -2.438 0.016000001 104
0.127 -2.4319999 0.046999998 115
0.068000004 -2.4330001 0.078000002 122
0.017999999 -2.424 0.105 123
0.24600001 -2.4489999 0.02 90
0.184 -2.4389999 0.048999999 115
0.124 -2.438 0.078000002 109
0.072999999 -2.427 0.103 122
0.303 -2.4530001 0.023 96
0.241 -2.4449999 0.050999999 106
0.18000001 -2.438 0.078000002 115
0.12899999 -2.4330001 0.102 124
0.36199999 -2.4590001 0.027000001 101
0.29899999 -2.4519999 0.052000001 104
0.237 -2.444 0.079000004 107
0.186 -2.441 0.101 124
0.41999999 -2.461 0.030999999 106
0.35699999 -2.4549999 0.054000001 102
0.29499999 -2.4549999 0.079000004 99
0.242 -2.438 0.1 118
0.48100001 -2.473 0.034000002 107
0.41600001 -2.4630001 0.056000002 113
0.352 -2.4560001 0.079000004 106
0.30000001 -2.4519999 0.098999999 120
0.54000002 -2.473 0.037999999 110
0.47499999 -2.4679999 0.057999998 106
0.412 -2.467 0.079999998 105
0.35800001 -2.4590001 0.097000003 114
0.602 -2.483 0.041999999 95
0.53399998 -2.473 0.059999999 118
0.47099999 -2.4719999 0.079999998 113
0.417 -2.464 0.096000001 126
0.65499997 -2.4549999 0.045000002 150
0.59600002 -2.48 0.063000001 106
0.53200001 -2.48 0.079999998 108
0.47600001 -2.4679999 0.094999999 126
0.727 -2.494 0.050000001 101
0.64700001 -2.4449999 0.064000003 150
0.59399998 -2.4860001 0.081 101
0.537 -2.473 0.093999997 115
0.79000002 -2.497 0.054000001 97
0.722 -2.493 0.067000002 115
0.64600003 -2.4549999 0.079999998 150
0.60000002 -2.484 0.093000002 117
0.85399997 -2.5009999 0.057999998 90
0.78500003 -2.4960001 0.068999998 100
0.71700001 -2.49 0.081 100
0.653 -2.4560001 0.090000004 150
0.92199999 -2.513 0.063000001 86
0.85000002 -2.5009999 0.071999997 95
0.78200001 -2.5009999 0.082000002 102
0.72399998 -2.4920001 0.090000004 120
0.98900002 -2.5139999 0.067000002 88
0.91900003 -2.5139999 0.074000001 96
0.847 -2.5020001 0.082000002 96
0.78799999 -2.4949999 0.089000002 115
1.056 -2.517 0.071000002 55
0.98500001 -2.5139999 0.077 98
0.91600001 -2.513 0.082999997 99
0.85399997 -2.5 0.088 124
1.054 -2.3599999 0.071000002 3
1.054 -2.52 0.079000004 52
0.986 -2.5220001 0.083999999 88
0.92199999 -2.5090001 0.086999997 110
1.063 -2.2420001 0.071999997 3
1.045 -2.345 0.075999998 3
1.051 -2.516 0.083999999 49
0.99199998 -2.5179999 0.086000003 105
0.792 -1.577 0.052999999 9
1.064 -2.247 0.075000003 3
1.05 -2.3610001 0.079000004 3
1.058 -2.5109999 0.083999999 46
0 0 0 0
0.787 -1.5700001 0.054000001 8
1.062 -2.247 0.075999998 3
1.054 -2.348 0.077 3
0 0 0 0
0 0 0 0
0.79100001 -1.579 0.052999999 9
1.068 -2.2390001 0.071999997 3
1.174 -1.989 0.079000004 3
0 0 0 0
0 0 0 0
0.79500002 -1.573 0.050000001 10
1.239 -1.995 0.082999997 4
1.171 -1.983 0.074000001 4
0 0 0 0
0 0 0 0
1.156 -1.771 0.078000002 36
1.2359999 -1.988 0.077 4
1.178 -1.993 0.068999998 4
0 0 0 0
1.382 -2.0150001 0.093000002 4
1.154 -1.765 0.071000002 63
1.247 -2.0020001 0.07 3
1.188 -1.9910001 0.059999999 4
1.874 -2.6059999 0.126 66
1.646 -2.3970001 0.098999999 10
1.156 -1.763 0.061999999 73
1.252 -1.988 0.059 4
1.972 -2.615 0.133 61
1.8839999 -2.6129999 0.111 68
1.802 -2.6159999 0.093000002 22
1.312 -1.982 0.057 4
2.0710001 -2.6229999 0.14 31
1.989 -2.6289999 0.116 75
1.89 -2.6129999 0.093000002 68
1.818 -2.6099999 0.075000003 130
0 0 0 0
2.0810001 -2.6240001 0.119 10
1.9960001 -2.6289999 0.094999999 67
1.914 -2.615 0.072999999 73
2.75 -3.177 0.18700001 11
0 0 0 0
1.302 -1.635 0.059999999 4
2.016 -2.6229999 0.071999997 79
2.8770001 -3.177 0.19499999 24
2.76 -3.1719999 0.154 2
0 0 0 0
1.304 -1.6160001 0.043000001 13
3.02 -3.187 0.206 22
2.8859999 -3.168 0.15899999 22
2.789 -3.1849999 0.119 2
0 0 0 0
2.5380001 -2.562 0.17299999 8
3.036 -3.1830001 0.16599999 20
2.9260001 -3.1919999 0.121 24
2.806 -3.1630001 0.081 2
2.5699999 -2.4820001 0.175 20
2.5250001 -2.53 0.13600001 22
3.0739999 -3.2 0.123 20
2.9590001 -3.1819999 0.079999998 22
2.628 -2.4260001 0.18000001 20
2.579 -2.47 0.138 21
2.552 -2.536 0.098999999 19
3.1300001 -3.2090001 0.079000004 21
2.6849999 -2.369 0.184 21
2.641 -2.4159999 0.14 24
2.6029999 -2.471 0.097000003 18
2.55 -2.494 0.059 21
2.743 -2.3139999 0.18799999 23
2.697 -2.355 0.141 22
2.6589999 -2.408 0.097000003 19
2.6070001 -2.4319999 0.056000002 20
2.28 -1.837 0.15700001 184
2.747 -2.2909999 0.14300001 23
2.7190001 -2.349 0.096000001 19
2.6630001 -2.3699999 0.052999999 21
2.8440001 -2.188 0.19599999 23
2.26 -1.799 0.117 150
2.5220001 -2.0780001 0.086999997 158
2.7149999 -2.303 0.050000001 21
2.908 -2.1370001 0.20100001 23
2.8529999 -2.168 0.146 22
2.823 -2.2190001 0.093999997 28
2.2679999 -1.834 0.039000001 194
2.9630001 -2.0780001 0.206 22
2.9070001 -2.1059999 0.148 22
2.882 -2.1589999 0.093999997 20
2.835 -2.184 0.045000002 20
3.0209999 -2.0190001 0.20999999 16
2.9630001 -2.0450001 0.15000001 22
2.9360001 -2.095 0.093000002 19
2.891 -2.119 0.041999999 20
3.079 -1.96 0.215 15
3.0209999 -1.985 0.152 22
2.9909999 -2.0309999 0.092 20
2.9590001 -2.062 0.039000001 21
3.1440001 -1.904 0.22 14
3.079 -1.924 0.154 22
3.05 -1.9680001 0.092 21
3.013 -1.995 0.035999998 21
3.201 -1.841 0.22499999 13
3.1300001 -1.858 0.156 21
3.108 -1.904 0.090999998 21
3.0699999 -1.9299999 0.033 22
2.4089999 -1.316 0.17 5
2.3510001 -1.324 0.116 20
2.427 -1.41 0.068999998 20
3.1300001 -1.8660001 0.030999999 22
2.2780001 -1.179 0.161 8
2.22 -1.1849999 0.109 18
2.2739999 -1.251 0.064000003 19
2.3410001 -1.321 0.02 21
2.155 -1.056 0.153 15
2.128 -1.074 0.104 16
2.1689999 -1.1289999 0.059 21
2.2130001 -1.179 0.017000001 20
2.1819999 -1.01 0.155 18
2.165 -1.031 0.106 23
2.132 -1.0470001 0.057 19
2.119 -1.066 0.014 18
2.233 -0.97299999 0.15899999 19
2.204 -0.98900002 0.107 19
2.1730001 -1.0039999 0.057 18
2.171 -1.027 0.013 24
2.2720001 -0.93099999 0.163 19
2.244 -0.94599998 0.109 19
2.2290001 -0.96799999 0.057 21
2.2160001 -0.98500001 0.011 22
2.316 -0.88999999 0.16599999 18
2.29 -0.90499997 0.111 21
2.2739999 -0.92400002 0.057 19
2.2609999 -0.94099998 0.0089999996 19
2.3570001 -0.84600002 0.17 16
2.3280001 -0.85900003 0.112 19
2.316 -0.88 0.057 18
2.3110001 -0.898 0.0080000004 19
2.4189999 -0.80800003 0.175 7
2.3740001 -0.815 0.114 18
2.365 -0.83600003 0.057 17
2.3570001 -0.85100001 0.0060000001 19
4.4050002 -1.364 0.32100001 39
2.425 -0.77200001 0.117 18
2.4159999 -0.79000002 0.057 17
2.4089999 -0.80500001 0.0040000002 20
4.4109998 -1.26 0.32300001 9
2.47 -0.72399998 0.119 10
2.473 -0.74599999 0.057999998 18
2.46 -0.75700003 0.003 20
4.4120002 -1.155 0.324 45
4.4130001 -1.1849999 0.213 49
4.408 -1.217 0.101 51
4.408 -1.2410001 0.0020000001 44
4.2270002 -1.007 0.31200001 71
4.421 -1.08 0.213 50
4.4239998 -1.1109999 0.1 47
4.4159999 -1.131 0 45
4.4039998 -0.94599998 0.32699999 41
4.4200001 -0.97399998 0.213 44
4.4330001 -1.003 0.098999999 48
4.415 -1.018 -0.003 44
4.428 -0.85100001 0.33000001 45
3.783 -0.74400002 0.182 16
4.4419999 -0.89600003 0.097000003 51
4.4289999 -0.91000003 -0.0060000001 43
4.2680001 -0.722 0.31900001 63
3.7360001 -0.64700001 0.18000001 41
4.428 -0.78600001 0.096000001 150
4.4380002 -0.801 -0.0080000004 85
4.2270002 -0.61900002 0.31799999 58
3.7 -0.55400002 0.178 39
4.4510002 -0.68300003 0.094999999 16
4.4489999 -0.69300002 -0.011 13
0 0 0 0
0 0 0 0
0 0 0 0
0 0 0 0
0.537 -0.054000001 0.039999999 8
0.54500002 -0.056000002 0.026000001 8
0.55699998 -0.057999998 0.011 152
0.54900002 -0.057999998 -0.0020000001 83
0 0 0 0
0 0 0 0
0 0 0 0
4.5009999 -0.37099999 -0.018999999 1
0 0 0 0
1.9910001 -0.114 0.096000001 4
0 0 0 0
4.4949999 -0.26199999 -0.021 13
2.0439999 -0.071000002 0.15800001 19
4.5029998 -0.156 0.219 12
4.5040002 -0.15700001 0.090999998 12
4.5149999 -0.154 -0.023 13
2.0550001 -0.026000001 0.15899999 16
4.507 -0.052999999 0.22 12
4.5219998 -0.052000001 0.090000004 12
4.5250001 -0.045000002 -0.026000001 12
1.627 0.015 0.127 139
1.636 0.017000001 0.079999998 9
0 0 0 0
0 0 0 0
0 0 0 0
0 0 0 0
0 0 0 0
0 0 0 0
2.105 0.113 0.16599999 2
3.2650001 0.185 0.161 1
3.2609999 0.193 0.063000001 6
3.2650001 0.204 -0.023 6
2.0769999 0.15700001 0.16500001 12
2.128 0.169 0.105 12
3.27 0.271 0.063000001 5
3.2609999 0.28200001 -0.024 6
2.089 0.205 0.167 16
3.2739999 0.33500001 0.163 6
3.277 0.34900001 0.063000001 5
2.125 0.236 -0.016000001 13
2.1029999 0.25299999 0.169 27
3.267 0.41 0.163 5
3.2880001 0.428 0.063000001 5
3.2939999 0.447 -0.027000001 4
3.2950001 0.47099999 0.26699999 4
3.28 0.48800001 0.16500001 4
3.29 0.50700003 0.063000001 5
3.296 0.528 -0.028000001 4
3.3080001 0.54699999 0.27000001 4
3.293 0.56699997 0.16599999 4
3.3010001 0.58899999 0.063000001 4
3.302 0.611 -0.029999999 4
3.312 0.62400001 0.273 4
3.3080001 0.648 0.168 4
3.313 0.67199999 0.063000001 4
0 0 0 0
0 0 0 0
1.8660001 0.41 0.094999999 7
1.8660001 0.42500001 0.035 10
1.868 0.44 -0.017999999 114
1.949 0.45699999 0.163 0
1.873 0.456 0.096000001 10
3.3280001 0.83999997 0.063000001 3
3.3210001 0.86799997 -0.033 1
3.322 0.85799998 0.28 1
3.3280001 0.89200002 0.17299999 1
0 0 0 0
3.3280001 0.95599997 -0.034000002 1
3.3239999 0.93699998 0.28200001 1
0 0 0 0
3.3429999 1.0140001 0.064000003 1
3.348 1.051 -0.035 1
1.9450001 0.59500003 0.16599999 6
0 0 0 0
3.348 1.102 0.064000003 0
3.3610001 1.145 -0.037 0
1.877 0.62 0.162 1
3.3570001 1.152 0.17900001 1
3.362 1.1950001 0.064999998 0
1.278 0.47 -0.014 1
1.873 0.66500002 0.163 15
1.279 0.472 0.068000004 1
0 0 0 0
1.274 0.50400001 -0.014 19
1.24 0.472 0.109 6
1.226 0.484 0.066 1
1.257 0.51499999 0.024 6
0 0 0 0
0 0 0 0
0 0 0 0
0 0 0 0
3.7880001 1.715 -0.045000002 1
1.819 0.78600001 0.163 10
0 0 0 0
3.842 1.79 0.077 2
4.4380002 2.1400001 -0.054000001 38
0 0 0 0
3.4990001 1.668 0.19599999 150
0 0 0 0
3.4619999 1.775 -0.041999999 81
1.864 0.90600002 0.17 47
3.4630001 1.75 0.19599999 40
0 0 0 0
1.977 1.075 -0.024 91
1.84 0.94499999 0.17 4
1.942 1.038 0.111 8
1.962 1.089 0.039999999 13
4.5539999 2.6210001 -0.057 37
1.941 1.053 0.18099999 3
3.9330001 2.2190001 0.228 35
3.4809999 2.0420001 0.072999999 33
1.5829999 0.963 -0.02 39
1.772 1.013 0.167 167
3.961 2.3559999 0.233 7
3.4349999 2.125 0.072999999 9
4.415 2.8340001 -0.057 20
2.0179999 1.214 0.193 128
3.9679999 2.484 0.236 13
3.4400001 2.2420001 0.075000003 21
4.6329999 3.1359999 -0.059999999 52
1.934 1.223 0.18700001 85
2.223 1.464 0.134 37
3.4619999 2.3740001 0.077 37
4.4029999 3.138 -0.057 22
1.933 1.283 0.189 41
3.971 2.7479999 0.244 38
3.451 2.49 0.078000002 37
0 0 0 0
1.946 1.3559999 0.193 40
3.9949999 2.904 0.249 52
0 0 0 0
1.9579999 1.544 -0.025 6
1.9579999 1.4299999 0.197 9
0 0 0 0
0 0 0 0
1.3710001 1.136 -0.017999999 32
0 0 0 0
2.3729999 1.897 0.153 1
1.359 1.1339999 0.033 3
0 0 0 0
2.3870001 1.913 0.248 4
0 0 0 0
0 0 0 0
0.62699997 0.57300001 -0.0080000004 28
1.6569999 1.39 0.17399999 0
0.61299998 0.53799999 0.041000001 1
0.62199998 0.57099998 0.016000001 14
3.5899999 3.4419999 -0.046999998 5
0 0 0 0
0.61900002 0.56900001 0.041999999 1
3.5799999 3.448 0.094999999 3
3.599 3.622 -0.046 68
0.62800002 0.57700002 0.068000004 0
0 0 0 0
3.5899999 3.6259999 0.097999997 64
2.2460001 2.3729999 -0.028000001 7
2.381 2.2869999 0.264 150
2.0190001 2.036 0.14399999 1
3.4760001 3.6800001 0.097999997 66
3.3310001 3.6949999 -0.041000001 76
1.41 1.4170001 0.15899999 2
2.036 2.1489999 0.148 36
3.329 3.697 0.097999997 68
3.191 3.7149999 -0.039000001 76
1.418 1.49 0.163 10
2.02 2.233 0.15099999 25
3.198 3.724 0.097000003 66
1.439 1.76 -0.017000001 151
1.4220001 1.563 0.16599999 16
3.6240001 4.1989999 0.278 0
1.4450001 1.765 0.045000002 22
0 0 0 0
1.436 1.652 0.17200001 26
1.448 1.757 0.113 18
2.9430001 3.7720001 0.097000003 14
2.8329999 3.8269999 -0.030999999 14
1.447 1.742 0.177 37
2.0650001 2.628 0.167 21
2.8429999 3.829 0.097999997 59
0.954 1.3559999 -0.0099999998 0
3.372 4.2529998 0.42199999 18
1.985 2.6500001 0.16500001 10
2.72 3.8510001 0.097999997 43
2.5710001 3.8510001 -0.026000001 58
0 0 0 0
1.97 2.7609999 0.169 167
2.5899999 3.8570001 0.097999997 58
2.454 3.8729999 -0.023 63
2.1819999 3.0220001 0.287 20
1.875 2.76 0.16599999 150
2.473 3.8789999 0.097999997 28
0.71200001 1.187 -0.0060000001 100
0.94400001 1.373 0.127 1
1.551 2.4000001 0.142 113
0 0 0 0
2.201 3.875 -0.017000001 8
2.8789999 4.3940001 0.39899999 70
1.459 2.3770001 0.138 27
2.224 3.878 0.097999997 10
2.0899999 3.8940001 -0.014 57
1.933 3.0999999 0.27599999 113
0 0 0 0
2.1110001 3.8900001 0.097999997 79
1.97 3.891 -0.011 39
0.71700001 1.211 0.105 0
1.314 2.3789999 0.134 37
1.997 3.8989999 0.098999999 10
1.8660001 3.9189999 -0.0080000004 123
0.91799998 1.6339999 0.139 0
0 0 0 0
1.893 3.9189999 0.098999999 97
1.76 3.9360001 -0.0049999999 54
0.89200002 1.675 0.14 19
0 0 0 0
1.79 3.9419999 0.1 103
0.815 1.946 -0.001 17
0 0 0 0
1.214 2.615 0.142 150
0.80199999 1.8839999 0.048 8
1.631 4.1750002 0 21
0.80500001 1.692 0.13600001 0
0.80400002 1.841 0.098999999 0
1.6289999 4.092 0.106 10
0.92500001 2.546 0.0020000001 150
0.71600002 1.599 0.127 2
1.814 4.4299998 0.235 2
1.66 4.474 0.116 62
0.61000001 1.812 0.003 4
0.64700001 1.538 0.12 1
1.712 4.474 0.235 119
0.616 1.788 0.046 150
2.536 8.1789999 0.022 1
0.676 1.715 0.131 12
0 0 0 0
2.6059999 8.184 0.21699999 21
0 0 0 0
0.64099997 1.745 0.131 11
2.6889999 8.1450005 0.41999999 6
2.3859999 8.1569996 0.21799999 0
2.0940001 8.1079998 0.035999998 10
0.60699999 1.774 0.131 3
0.63599998 2.089 0.106 20
2.1760001 8.1459999 0.22 2
1.7819999 7.6459999 0.041000001 19
0.66100001 2.0880001 0.152 42
0.65499997 2.342 0.118 0
1.96 8.092 0.221 41
1.832 8.802 0.055 53
0.60900003 2.0869999 0.15000001 57
0.602 2.362 0.118 2
1.676 7.7059999 0.213 2
2.0880001 11.396 0.082000002 6
0.55800003 2.089 0.147 64
0.55500001 2.4119999 0.12 15
1.7180001 8.901 0.249 8
1.814 11.416 0.093000002 12
0.50599998 2.0880001 0.145 70
0.49200001 2.3889999 0.118 3
1.931 11.454 0.32499999 5
0 0 0 0
0.454 2.082 0.14300001 67
0.42500001 2.342 0.115 3
1.652 11.445 0.33000001 10
0 0 0 0
0.40599999 2.092 0.141 67
0.35100001 2.223 0.109 3
0 0 0 0
0.99199998 11.509 0.12899999 40
0.35699999 2.0910001 0.139 55
0 0 0 0
0 0 0 0
0.235 3.77 0.046 5
0 0 0 0
0 0 0 0
0.27700001 3.7809999 0.114 0
0.352 9.0900002 0.12 5
0 0 0 0
0.99900001 11.493 0.55699998 17
0.184 3.714 0.114 6
0.13600001 8.9589996 0.12800001 33
0 0 0 0
0.237 3.7279999 0.18000001 7
0.237 9.1160002 0.285 3
-0.078000002 9.1260004 0.141 3
0.889 11.538 0.73000002 16
0.149 3.7260001 0.17900001 4
0.022 8.9469995 0.285 38
-0.287 8.9460001 0.148 3
0.197 3.6789999 0.23 6
0.154 9.1049995 0.43799999 3
-0.191 9.1800003 0.29699999 3
-0.509 9.1000004 0.162 3
0.27900001 9.1309996 0.56400001 4
-0.059 9.1269999 0.43900001 2
-0.40000001 9.0349998 0.29800001 3
0 0 0 0
0.068000004 9.1429996 0.55800003 3
-0.26800001 9.0380001 0.435 3
-0.61900002 9.1079998 0.30700001 1
0 0 0 0
-0.14399999 9.1459999 0.55199999 2
-0.48100001 9.0830002 0.43700001 2
0 0 0 0
0 0 0 0
-0.35100001 9.0059996 0.53799999 2
-0.69599998 9.1029997 0.43900001 2
0 0 0 0
0 0 0 0
-0.56699997 9.1070004 0.53899997 3
0 0 0 0
0 0 0 0
-0.322 1.8430001 0.044 42
-0.78100002 9.1339998 0.53399998 1
0 0 0 0
0 0 0 0
-0.36399999 1.827 0.046 45
0 0 0 0
0 0 0 0
-0.34 1.823 0.068000004 34
-0.41299999 1.845 0.048999999 38
0 0 0 0
-0.31799999 1.859 0.090000004 5
-0.384 1.822 0.068999998 36
0 0 0 0
-0.29499999 1.883 0.107 5
-0.35600001 1.826 0.089000002 37
-0.43700001 1.857 0.071999997 13
0 0 0 0
-0.331 1.835 0.103 37
-0.40000001 1.821 0.089000002 35
0 0 0 0
-0.54500002 1.827 0.057 44
-0.37099999 1.813 0.101 30
0 0 0 0
-0.52899998 1.852 0.075999998 1
-0.583 1.796 0.059 39
-0.42199999 1.841 0.102 13
0 0 0 0
-0.56 1.801 0.075999998 40
-0.63300002 1.807 0.063000001 30
0 0 0 0
-0.53899997 1.832 0.090999998 38
-0.60100001 1.786 0.077 39
0 0 0 0
-0.52100003 1.864 0.102 0
-0.57099998 1.786 0.090000004 36
-0.65100002 1.793 0.079000004 14
0 0 0 0
-0.55000001 1.804 0.097999997 36
-0.61500001 1.778 0.090000004 31
0 0 0 0
-4.118 9.559 0.38600001 8
-0.58600003 1.774 0.096000001 35
-0.66600001 1.79 0.090999998 2
0 0 0 0
-4.3800001 9.5509996 0.405 16
-0.63700002 1.786 0.096000001 27
0 0 0 0
-4.2449999 9.5550003 0.461 1
-4.6570001 9.5649996 0.42500001 20
0 0 0 0
0 0 0 0
0 0 0 0
-4.9530001 9.5979996 0.447 22
0 0 0 0
-4.3330002 9.5279999 0.50599998 11
0 0 0 0
-5.2649999 9.6499996 0.47 21
-4.1859999 9.533 0.50999999 17
-4.6329999 9.5810003 0.51499999 1
-5.1220002 9.651 0.50800002 6
-5.5760002 9.6780005 0.495 25
-4.4689999 9.559 0.50999999 7
-1.138 2.221 0.121 0
-5.4070001 9.6359997 0.523 19
-5.8920002 9.7030001 0.51899999 20
0 0 0 0
-5.2420001 9.6619997 0.53299999 4
-5.7220001 9.6660004 0.54000002 20
-6.2290001 9.7460003 0.546 7
-5.0819998 9.6490002 0.514 2
-5.5370002 9.6529999 0.542 19
-6.059 9.7150002 0.56 18
0 0 0 0
-5.3800001 9.6540003 0.514 16
-5.869 9.6990004 0.55299997 18
0 0 0 0
0 0 0 0
-5.7150002 9.7049999 0.51700002 17
-6.2090001 9.7399998 0.56400001 8
0 0 0 0
-1.176 1.587 0.102 5
-6.0440001 9.7290001 0.51899999 18
-6.4829998 9.6590004 0.56999999 1
-7.1230001 9.8240004 0.62400001 19
-7.704 9.9090004 0.667 12
0 0 0 0
-6.9250002 9.8129997 0.58999997 18
-1.204 1.5829999 0.103 2
-8.1040001 9.9469995 0.69999999 18
0 0 0 0
-1.183 1.595 0.097000003 8
-7.901 9.8959999 0.67199999 19
-8.5310001 9.9960003 0.73699999 17
-7.1420002 9.8529997 0.53100002 14
-7.7160001 9.9099998 0.62099999 11
-8.335 9.96 0.70099998 13
-8.9619999 10.024 0.77499998 21
-1.205 1.582 0.085000001 2
-8.1120005 9.9309998 0.63499999 20
-8.7559996 9.9849997 0.72799999 21
-9.434 10.079 0.81599998 14
-7.934 9.9139996 0.54100001 18
-8.5550003 9.9860001 0.653 13
-9.2250004 10.038 0.759 14
-9.915 10.122 0.85799998 2
-8.3769999 9.9709997 0.54799998 12
-8.9940004 10.009 0.671 15
-9.691 10.07 0.79000002 16
0 0 0 0
-8.8260002 10.013 0.55400002 18
-9.4879999 10.074 0.69300002 13
-10.208 10.128 0.82599998 17
0 0 0 0
-9.3149996 10.068 0.56300002 10
-9.9870005 10.119 0.71399999 16
-10.76 10.191 0.86500001 11
-11.536 10.269 1.006 11
-9.8149996 10.114 0.57200003 14
-10.524 10.171 0.73799998 17
-11.322 10.239 0.903 14
0 0 0 0
-10.34 10.158 0.58099997 11
-11.097 10.232 0.764 10
-11.944 10.312 0.94800001 8
0 0 0 0
-10.921 10.223 0.59399998 10
-11.705 10.296 0.792 8
0 0 0 0
0 0 0 0
-11.508 10.268 0.60500002 10
-12.259 10.279 0.81699997 2
0 0 0 0
0 0 0 0
-12.148 10.329 0.61799997 8
-13.106 10.476 0.861 5
-12.32 9.2299995 0.96700001 2
0 0 0 0
-12.883 10.428 0.63700002 9
-12.366 9.4189997 0.801 2
0 0 0 0
0 0 0 0
-12.177 9.3830004 0.58499998 2
-12.518 9.0780001 0.80000001 3
0 0 0 0
0 0 0 0
0 0 0 0
-15.506 10.695 0.98100001 3
0 0 0 0
0 0 0 0
0 0 0 0
-16.413 10.761 1.027 3
0 0 0 0
0 0 0 0
-16.223 10.732 0.71899998 5
0 0 0 0
0 0 0 0
0 0 0 0
-17.386 10.91 0.75199997 4
0 0 0 0
0 0 0 0
0 0 0 0
0 0 0 0
0 0 0 0
0 0 0 0
0 0 0 0
0 0 0 0
0 0 0 0
0 0 0 0
0 0 0 0
0 0 0 0
0 0 0 0
0 0 0 0
0 0 0 0
0 0 0 0
0 0 0 0
0 0 0 0
0 0 0 0
0 0 0 0
0 0 0 0
0 0 0 0
0 0 0 0
0 0 0 0
0 0 0 0
0 0 0 0
0 0 0 0
0 0 0 0
0 0 0 0
0 0 0 0
0 0 0 0
-28.104 10.816 1.046 9
0 0 0 0
0 0 0 0
0 0 0 0
-28.190001 10.076 1.036 10
0 0 0 0
0 0 0 0
0 0 0 0
-28.257999 9.3310003 1.027 12
0 0 0 0
0 0 0 0
0 0 0 0
-28.357 8.6110001 1.02 10
0 0 0 0
0 0 0 0
0 0 0 0
-28.389999 7.8779998 1.011 13
0 0 0 0
0 0 0 0
0 0 0 0
-28.461 7.164 1.003 11
-28.568001 6.612 1.688 6
0 0 0 0
-13.199 2.5079999 1.346 3
-28.523001 6.4450002 1 13
-28.597 5.9169998 1.691 7
0 0 0 0
0 0 0 0
-28.622 5.7449999 0.99699998 9
-1.327 0.242 0.078000002 0
0 0 0 0
0 0 0 0
-28.681999 5.039 0.995 17
-1.329 0.20999999 0.079000004 1
-1.346 0.18700001 0.112 0
-1.334 0.162 0.14 7
-1.318 0.198 0.045000002 1
-1.313 0.176 0.078000002 1
-1.3329999 0.154 0.112 20
0 0 0 0
-1.34 0.169 0.046 2
-1.335 0.147 0.079999998 5
0 0 0 0
0 0 0 0
0 0 0 0
0 0 0 0
0 0 0 0
0 0 0 0
0 0 0 0
0 0 0 0
-25.089001 1.188 2.174 5
0 0 0 0
-25.006001 1.3200001 0.86299998 6
-25.089001 0.99199998 1.536 5
-25.122 0.61900002 2.197 8
0 0 0 0
-20.743999 0.59299999 0.71799999 8
-25.181999 0.40099999 1.553 5
-25.162001 0.048 2.2219999 4
0 0 0 0
-15.165 0.066 0.52700001 5
-25.221001 -0.189 1.569 6
0 0 0 0
0 0 0 0
0 0 0 0
0 0 0 0
0 0 0 0
0 0 0 0
0 0 0 0
0 0 0 0
-17.579 -1.166 1.601 3
-16.471001 -1.289 1.906 2
0 0 0 0
-16.445 -1.284 1.052 3
-15.555 -1.387 1.433 3
0 0 0 0
0 0 0 0
-13.398 -1.362 0.86500001 1
-13.548 -1.521 1.263 1
0 0 0 0
-13.435 -1.576 0.486 2
-13.062 -1.64 0.85399997 3
-12.493 -1.689 1.178 3
-1.404 -0.204 0.168 0
-12.261 -1.74 0.44800001 3
-11.772 -1.7589999 0.77899998 2
-11.332 -1.7970001 1.082 3
-1.383 -0.23199999 0.168 1
-11.081 -1.849 0.41100001 4
-10.777 -1.869 0.722 1
-10.418 -1.895 1.008 4
-1.373 -0.26100001 0.168 1
-10.168 -1.95 0.38100001 3
-4.7080002 -0.93099999 0.31900001 0
-9.6479998 -1.9809999 0.94499999 3
-1.3789999 -0.294 0.17200001 1
-9.3439999 -2.027 0.35600001 5
-9.1719999 -2.0380001 0.63099998 1
-8.9540005 -2.053 0.88999999 4
-1.3839999 -0.32699999 0.17399999 1
-8.6660004 -2.102 0.336 5
-8.5080004 -2.1010001 0.59299999 3
-8.3430004 -2.112 0.83999997 5
-1.392 -0.36199999 0.178 1
-7.4650002 -2.003 0.294 1
-7.4559999 -2.027 0.528 1
0 0 0 0
-1.383 -0.39199999 0.17900001 1
-7.4460001 -2.1919999 0.29899999 1
-7.4130001 -2.204 0.53399998 19
0 0 0 0
-1.398 -0.43000001 0.184 2
-7.026 -2.2550001 0.287 7
-6.9429998 -2.243 0.50800002 8
-6.8779998 -2.2490001 0.72399998 8
-1.3890001 -0.461 0.185 1
-6.5830002 -2.29 0.27500001 9
-6.526 -2.279 0.48500001 10
-6.494 -2.2869999 0.69400001 12
-1.403 -0.5 0.19 2
-6.1929998 -2.325 0.264 8
-6.1789999 -2.3210001 0.46799999 13
-6.1430001 -2.322 0.667 13
-1.409 -0.537 0.19400001 1
-5.8569999 -2.3610001 0.25600001 9
-5.8460002 -2.3529999 0.45100001 13
-5.8200002 -2.352 0.64200002 14
-1.405 -0.57099998 0.19599999 1
-5.5640001 -2.4000001 0.248 10
-5.5380001 -2.3800001 0.435 15
-5.5219998 -2.378 0.62 14
-1.411 -0.61000001 0.2 1
-5.2670002 -2.424 0.241 13
-5.263 -2.411 0.42199999 14
-5.2610002 -2.4070001 0.60100001 15
-1.421 -0.65200001 0.205 0
-4.994 -2.4460001 0.234 13
-5.0089998 -2.437 0.40900001 14
-5.0110002 -2.4330001 0.583 14
-5.006 -2.434 0.73500001 13
-4.75 -2.471 0.229 15
-4.7579999 -2.4549999 0.39700001 15
-4.783 -2.457 0.56599998 15
-4.7870002 -2.4590001 0.71499997 14
-4.5079999 -2.4860001 0.22400001 14
-4.5339999 -2.4749999 0.38699999 15
-4.552 -2.471 0.54900002 14
-4.5710001 -2.4749999 0.69400001 14
-4.3179998 -2.5179999 0.221 14
-4.335 -2.5 0.37799999 14
-4.3569999 -2.494 0.53600001 14
-4.3779998 -2.497 0.67699999 15
-4.1230001 -2.54 0.21699999 13
-4.1339998 -2.5150001 0.36899999 13
-4.1690001 -2.513 0.523 14
-4.1869998 -2.5120001 0.66000003 15
-3.8759999 -2.5179999 0.20999999 13
-3.947 -2.5280001 0.36000001 13
-3.9909999 -2.529 0.51099998 13
-4.0120001 -2.5280001 0.64399999 14
-3.7509999 -2.5680001 0.20999999 13
-3.789 -2.5539999 0.35499999 18
-3.8150001 -2.5420001 0.49900001 12
-3.8469999 -2.543 0.62900001 14
-3.5840001 -2.582 0.208 13
-3.6210001 -2.566 0.34799999 17
-3.6589999 -2.5580001 0.48899999 11
-3.6960001 -2.563 0.616 14
-3.4300001 -2.599 0.206 12
-3.467 -2.5799999 0.34099999 18
-1.4809999 -1.087 0.20200001 1
-3.5380001 -2.5699999 0.602 13
-3.2869999 -2.618 0.204 15
-3.332 -2.6029999 0.33700001 17
-1.474 -1.133 0.206 1
-3.4070001 -2.592 0.59200001 17
-3.1429999 -2.628 0.20299999 11
-3.191 -2.615 0.33199999 15
-1.485 -1.196 0.212 1
-3.277 -2.608 0.58200002 18
-3.007 -2.6389999 0.20100001 19
-1.475 -1.267 0.15800001 2
-1.49 -1.257 0.21799999 2
-3.1459999 -2.619 0.56999999 15
-2.881 -2.654 0.2 21
-2.924 -2.6329999 0.32300001 22
-2.9779999 -2.6300001 0.44800001 9
-3.0139999 -2.6229999 0.55900002 20
-2.753 -2.661 0.199 19
-2.7909999 -2.6329999 0.317 21
-2.8599999 -2.6429999 0.442 13
-2.8970001 -2.6359999 0.55000001 23
-2.6340001 -2.6719999 0.199 18
-2.681 -2.6500001 0.315 23
-2.7460001 -2.6559999 0.435 16
-2.7839999 -2.6470001 0.54100001 24
-2.526 -2.687 0.199 19
-2.572 -2.664 0.31200001 22
-2.628 -2.658 0.428 17
-2.668 -2.652 0.53100002 24
-2.4170001 -2.698 0.199 15
-2.4630001 -2.6719999 0.30899999 23
-2.529 -2.6760001 0.42399999 22
-2.5680001 -2.6670001 0.52499998 24
-2.3050001 -2.701 0.198 19
-2.358 -2.6819999 0.30599999 24
-2.4260001 -2.687 0.419 20
-2.4690001 -2.6800001 0.51800001 24
0 0 0 0
-2.26 -2.6919999 0.30399999 17
-2.3329999 -2.704 0.41499999 20
-2.3710001 -2.6900001 0.51099998 21
-0.66900003 -0.86400002 0.063000001 7
0 0 0 0
-2.2449999 -2.724 0.412 19
-2.273 -2.697 0.50400001 20
-0.64700001 -0.87900001 0.064000003 6
-0.67299998 -0.88200003 0.097000003 5
0 0 0 0
0 0 0 0
-0.60699999 -0.86699998 0.063000001 14
-0.64499998 -0.88800001 0.097000003 6
-0.66799998 -0.89099997 0.131 5
-0.69499999 -0.90200001 0.163 5
-0.59299999 -0.88999999 0.064999998 8
-0.62099999 -0.89700001 0.097999997 7
-0.64399999 -0.89999998 0.131 7
-0.66600001 -0.90499997 0.161 5
-0.56300002 -0.88999999 0.064999998 8
-0.59399998 -0.903 0.097000003 7
-0.61799997 -0.90700001 0.13 7
-0.63999999 -0.912 0.16 8
-0.52999997 -0.88499999 0.064999998 13
-0.56400001 -0.90100002 0.097000003 7
-0.59200001 -0.91000003 0.12899999 7
-0.616 -0.92000002 0.15899999 8
-0.505 -0.89099997 0.064999998 15
-0.53200001 -0.89600003 0.096000001 9
-0.56300002 -0.912 0.12800001 7
-0.58399999 -0.91500002 0.156 7
-0.47799999 -0.88999999 0.066 16
-0.50400001 -0.89600003 0.094999999 9
-0.537 -0.91399997 0.127 7
-0.56300002 -0.92699999 0.156 3
-0.45199999 -0.89300001 0.066 16
-0.47799999 -0.898 0.094999999 10
-0.50199997 -0.90100002 0.124 10
-0.528 -0.91500002 0.152 7
-0.42699999 -0.89499998 0.067000002 17
-0.45100001 -0.89700001 0.093999997 10
-0.479 -0.90700001 0.124 10
-0.505 -0.921 0.152 8
-0.40099999 -0.89399999 0.067000002 17
-0.428 -0.90200001 0.094999999 10
-0.454 -0.90899998 0.123 10
-0.48300001 -0.92900002 0.15099999 4
-0.37799999 -0.89999998 0.068000004 18
-0.40400001 -0.90499997 0.094999999 10
-0.43000001 -0.91399997 0.123 10
-0.45699999 -0.93000001 0.15000001 4
-0.35499999 -0.90399998 0.068999998 17
-0.38100001 -0.91000003 0.094999999 10
-0.40599999 -0.91399997 0.122 10
-0.42699999 -0.91900003 0.147 10
-0.33000001 -0.903 0.068999998 17
-0.35800001 -0.91299999 0.094999999 10
-0.38299999 -0.917 0.122 10
-0.405 -0.926 0.146 6
-0.30700001 -0.90600002 0.07 17
-0.33399999 -0.91399997 0.094999999 10
-0.36000001 -0.92000002 0.121 10
-0.382 -0.92900002 0.145 6
-0.28400001 -0.90799999 0.071000002 17
-0.31 -0.912 0.094999999 10
-0.336 -0.921 0.121 10
-0.361 -0.935 0.145 4
-0.26100001 -0.91000003 0.071999997 17
-0.289 -0.921 0.096000001 10
-0.31400001 -0.92400002 0.121 10
-0.33700001 -0.93599999 0.14399999 5
-0.23800001 -0.90899998 0.071999997 16
-0.266 -0.92000002 0.096000001 9
-0.28999999 -0.92199999 0.12 10
-0.31299999 -0.93300003 0.142 15
-0.21699999 -0.91399997 0.074000001 16
-0.242 -0.91500002 0.096000001 9
-0.26899999 -0.92799997 0.12 10
-0.28999999 -0.93199998 0.141 16
-0.19499999 -0.91900003 0.075000003 16
-0.221 -0.921 0.097000003 9
-0.245 -0.92500001 0.119 9
-0.271 -0.94499999 0.142 2
-0.17299999 -0.91900003 0.075999998 16
-0.199 -0.92400002 0.097000003 9
-0.223 -0.926 0.119 9
-0.24699999 -0.93900001 0.14 6
-0.152 -0.92299998 0.077 16
-0.176 -0.92299998 0.097000003 9
-0.20299999 -0.93400002 0.12 9
-0.223 -0.93300003 0.138 9
-0.13 -0.926 0.078000002 7
-0.156 -0.93099999 0.098999999 9
-0.18099999 -0.93599999 0.12 9
-0.20200001 -0.94099998 0.139 7
-0.107 -0.92199999 0.079000004 6
-0.133 -0.92199999 0.097999997 7
-0.15899999 -0.93300003 0.119 9
-0.18099999 -0.94300002 0.138 15
-0.086000003 -0.92299998 0.079999998 6
-0.111 -0.91900003 0.097999997 5
-0.13600001 -0.92699999 0.118 8
-0.15899999 -0.94099998 0.13699999 15
-0.064000003 -0.92199999 0.081 2
-0.090000004 -0.92699999 0.1 5
-0.116 -0.935 0.119 5
-0.13699999 -0.94 0.13600001 13
-0.112 -2.4059999 0.215 24
-0.068000004 -0.91900003 0.098999999 3
-0.093999997 -0.93199998 0.119 5
-0.115 -0.93599999 0.13500001 5
-0.056000002 -2.415 0.219 112
-0.123 -2.405 0.26199999 26
-0.071999997 -0.92500001 0.118 4
-0.093999997 -0.93599999 0.134 7
0 -2.415 0.222 111
-0.068000004 -2.411 0.264 128
-0.133 -2.402 0.30700001 26
-0.071999997 -0.93400002 0.134 5
0.055 -2.4260001 0.227 112
-0.013 -2.415 0.26699999 106
-0.079000004 -2.4119999 0.308 117
-0.131 -2.378 0.33899999 21
0.112 -2.4300001 0.23100001 102
0.041999999 -2.4200001 0.26899999 111
-0.023 -2.4159999 0.30899999 118
-0.079999998 -2.444 0.34799999 161
0.169 -2.4400001 0.235 92
0.097000003 -2.4260001 0.27200001 113
0.029999999 -2.4219999 0.31 108
-0.025 -2.4590001 0.34900001 156
0.226 -2.441 0.23999999 92
0.154 -2.434 0.27500001 112
0.085000001 -2.424 0.31099999 112
0.028999999 -2.441 0.345 153
0.28299999 -2.4460001 0.244 119
0.211 -2.4460001 0.27900001 111
0.141 -2.4319999 0.31299999 115
0.083999999 -2.4400001 0.345 151
0.34099999 -2.4489999 0.249 99
0.26699999 -2.4449999 0.28099999 111
0.198 -2.4419999 0.315 110
0.14 -2.4360001 0.34400001 150
0.40000001 -2.457 0.25400001 104
0.32499999 -2.447 0.28400001 108
0.25299999 -2.441 0.31600001 98
0.19599999 -2.4519999 0.345 150
0.45899999 -2.464 0.259 108
0.382 -2.447 0.287 103
0.31099999 -2.4489999 0.31799999 107
0.252 -2.451 0.345 150
0.51700002 -2.461 0.26300001 100
0.44100001 -2.4579999 0.292 106
0.368 -2.45 0.31999999 92
0.30899999 -2.4519999 0.345 150
0.57700002 -2.4619999 0.26899999 109
0.50199997 -2.4679999 0.296 110
0.426 -2.4549999 0.322 90
0.36700001 -2.464 0.347 150
0.64200002 -2.48 0.27599999 99
0.55800003 -2.4579999 0.29800001 110
0.486 -2.4649999 0.32499999 92
0.42399999 -2.4619999 0.34599999 150
0.70099998 -2.477 0.28099999 98
0.62300003 -2.4779999 0.30399999 114
0.54299998 -2.4560001 0.32499999 93
0.484 -2.47 0.34799999 150
0.76499999 -2.484 0.287 106
0.685 -2.483 0.30899999 115
0.60299999 -2.4619999 0.32800001 83
0.54500002 -2.484 0.34999999 150
0.83099997 -2.493 0.294 103
0.74599999 -2.483 0.31299999 100
0.66399997 -2.4660001 0.331 82
0.61400002 -2.52 0.35600001 159
0.89700001 -2.5020001 0.301 93
0.81099999 -2.49 0.31799999 120
0.72500002 -2.4660001 0.333 78
0.68099999 -2.5450001 0.36000001 158
0.963 -2.5050001 0.308 94
0.87599999 -2.497 0.32300001 97
0.78799999 -2.4719999 0.336 84
0.73000002 -2.4990001 0.354 150
1.033 -2.5150001 0.31600001 90
0.94099998 -2.4979999 0.32800001 75
0.85399997 -2.4790001 0.34 81
0.81 -2.553 0.36300001 179
1.052 -2.402 0.30899999 3
1.0039999 -2.4909999 0.33199999 67
0.92400002 -2.497 0.34599999 131
0.87699997 -2.5580001 0.366 182
1.061 -2.2809999 0.30000001 3
1.063 -2.4719999 0.33500001 6
0.991 -2.5020001 0.34999999 150
0.95700002 -2.596 0.37200001 180
0 0 0 0
1.052 -2.303 0.31600001 4
1.17 -2.7679999 0.38999999 32
1.17 -2.9619999 0.42699999 150
0 0 0 0
1.066 -2.1989999 0.30700001 2
1.048 -2.329 0.33199999 4
1.262 -2.9920001 0.433 87
0 0 0 0
0.80599999 -1.571 0.223 7
1.064 -2.227 0.32100001 3
1.049 -2.336 0.34 4
0 0 0 0
0 0 0 0
0.796 -1.572 0.229 8
1.067 -2.2360001 0.32699999 4
1.214 -1.9859999 0.294 3
1.132 -1.979 0.29100001 0
0 0 0 0
0.79100001 -1.566 0.23100001 8
1.283 -1.997 0.303 4
1.193 -1.979 0.29699999 5
1.118 -1.977 0.29499999 0
0 0 0 0
1.245 -1.845 0.287 4
1.261 -1.9859999 0.30399999 4
1.183 -1.985 0.30000001 5
0 0 0 0
2.1930001 -3.0969999 0.495 19
1.332 -1.998 0.31200001 4
1.248 -1.989 0.30500001 4
1.1799999 -1.98 0.29899999 5
2.309 -3.1099999 0.50999999 23
1.198 -1.712 0.273 7
1.322 -2.0020001 0.31200001 4
1.245 -1.985 0.303 4
2.4300001 -3.1240001 0.52700001 22
2.2780001 -3.0999999 0.505 27
1.184 -1.707 0.27000001 14
1.319 -1.997 0.308 4
1.313 -1.612 0.27900001 5
2.398 -3.1129999 0.51899999 25
2.266 -3.112 0.5 24
1.187 -1.711 0.266 16
0 0 0 0
1.2920001 -1.602 0.273 5
2.388 -3.1259999 0.51099998 24
2.2639999 -3.1059999 0.48899999 23
2.813 -3.1530001 0.57999998 2
0 0 0 0
1.301 -1.625 0.27000001 4
2.3859999 -3.118 0.49700001 24
2.9719999 -3.1860001 0.60299999 19
2.796 -3.1589999 0.565 3
0 0 0 0
1.3 -1.62 0.26100001 3
3.115 -3.1930001 0.62400001 19
2.9349999 -3.1689999 0.58099997 20
2.7869999 -3.1689999 0.54799998 3
0 0 0 0
3.276 -3.211 0.648 14
3.092 -3.1900001 0.60100001 19
2.925 -3.175 0.56 22
2.789 -3.161 0.52600002 3
3.448 -3.233 0.67299998 15
2.5699999 -2.533 0.49000001 8
3.0840001 -3.197 0.57599998 20
2.9260001 -3.164 0.53500003 25
3.6300001 -3.2539999 0.70099998 14
2.6199999 -2.4690001 0.491 9
2.546 -2.52 0.46399999 21
3.098 -3.197 0.55000001 21
3.8280001 -3.28 0.73100001 15
3.609 -3.2490001 0.66500002 15
2.6059999 -2.464 0.465 22
2.549 -2.51 0.43900001 23
4.0170002 -3.29 0.75999999 15
3.8110001 -3.277 0.69199997 15
3.6170001 -3.266 0.63099998 14
2.6010001 -2.444 0.43599999 24
4.204 -3.29 0.78799999 20
4.0139999 -3.2969999 0.71799999 15
3.816 -3.289 0.65200001 15
3.1860001 -2.8570001 0.51999998 2
4.2220001 -3.155 0.78500003 19
4.197 -3.2909999 0.741 25
4.0170002 -3.303 0.67299998 15
3.2650001 -2.793 0.51899999 10
4.2270002 -3.0150001 0.77899998 18
4.2119999 -3.152 0.73299998 24
4.1989999 -3.293 0.69 26
3.3180001 -2.7049999 0.51499999 11
4.2329998 -2.8800001 0.77399999 18
4.2280002 -3.016 0.727 24
4.21 -3.148 0.67900002 25
3.3900001 -2.635 0.51300001 12
4.2589998 -2.7609999 0.77399999 23
4.2329998 -2.8770001 0.71899998 25
4.23 -3.0120001 0.671 25
3.448 -2.552 0.50999999 12
4.2620001 -2.632 0.76899999 24
4.2540002 -2.753 0.71499997 25
4.2399998 -2.8740001 0.66100001 25
3.5209999 -2.4790001 0.50999999 11
4.283 -2.516 0.76899999 24
4.2600002 -2.622 0.70899999 25
4.2519999 -2.7409999 0.65200001 26
3.5929999 -2.405 0.509 11
4.289 -2.3940001 0.76599997 24
4.2800002 -2.5020001 0.70499998 25
4.2750001 -2.6170001 0.64600003 26
3.661 -2.3280001 0.50800002 11
4.3070002 -2.279 0.76499999 24
4.2930002 -2.382 0.69999999 24
4.2859998 -2.49 0.63800001 25
3.7290001 -2.25 0.50700003 11
4.3249998 -2.168 0.76499999 24
4.3080001 -2.263 0.69700003 14
4.296 -2.365 0.63099998 25
3.8169999 -2.181 0.509 11
4.3280001 -2.0510001 0.76300001 28
4.3049998 -2.1389999 0.69099998 24
2.8870001 -1.502 0.419 31
4.0359998 -2.1819999 0.52899998 15
4.335 -1.939 0.76200002 29
4.3179998 -2.0239999 0.68800002 27
4.3179998 -2.122 0.61799997 28
2.9030001 -1.4809999 0.37400001 73
4.3410001 -1.8279999 0.75999999 31
4.3309999 -1.9119999 0.685 27
4.3270001 -2.0020001 0.61299998 33
4.1999998 -2.0190001 0.53200001 14
4.3559999 -1.723 0.76099998 33
4.335 -1.798 0.68199998 30
4.3439999 -1.89 0.60799998 32
4.2740002 -1.931 0.53200001 16
4.369 -1.618 0.76200002 33
4.3520002 -1.691 0.68000001 31
4.3600001 -1.778 0.60399997 32
3.9170001 -1.66 0.47999999 12
4.3800001 -1.512 0.76300001 35
4.3639998 -1.584 0.67799997 32
4.3660002 -1.663 0.59899998 37
3.674 -1.455 0.44400001 19
4.3899999 -1.409 0.76300001 34
4.3709998 -1.475 0.676 35
4.3800001 -1.553 0.59500003 32
3.6340001 -1.339 0.433 19
4.3990002 -1.3049999 0.764 38
4.3909998 -1.372 0.67699999 35
4.388 -1.441 0.59100002 36
3.711 -1.268 0.43599999 18
1.267 -0.34599999 0.22 38
4.4000001 -1.265 0.676 39
4.3940001 -1.331 0.58700001 40
4.3889999 -1.3839999 0.509 41
1.396 -0.34799999 0.242 0
1.248 -0.32800001 0.191 6
4.4089999 -1.225 0.58499998 41
4.4029999 -1.275 0.505 42
1.25 -0.28299999 0.21699999 1
1.253 -0.30000001 0.191 15
4.4169998 -1.117 0.58200002 18
4.4109998 -1.163 0.5 8
1.288 -0.26199999 0.223 1
1.253 -0.27000001 0.19 15
1.285 -0.29300001 0.168 47
4.4190001 -1.054 0.49599999 44
4.4299998 -0.801 0.76999998 4
1.255 -0.241 0.19 10
0 0 0 0
1.637 -0.34900001 0.18099999 41
1.256 -0.198 0.21799999 3
1.2539999 -0.211 0.19 13
1.411 -0.25299999 0.183 1
1.52 -0.28600001 0.167 1
1.2640001 -0.171 0.22 1
1.268 -0.184 0.192 10
1.4 -0.21799999 0.18000001 16
1.602 -0.26199999 0.175 2
0 0 0 0
0.528 -0.064000003 0.079999998 2
1.405 -0.185 0.18000001 1
2.1489999 -0.29899999 0.233 27
0 0 0 0
0.54500002 -0.054000001 0.082000002 1
0 0 0 0
0 0 0 0
0 0 0 0
0 0 0 0
0.54299998 -0.046 0.068999998 2
0.53500003 -0.048 0.057 2
1.222 -0.057999998 0.215 14
1.2869999 -0.068999998 0.19499999 6
1.558 -0.094999999 0.198 25
1.924 -0.12800001 0.204 25
1.224 -0.030999999 0.21600001 16
1.288 -0.039999999 0.19499999 3
1.582 -0.059 0.20100001 56
1.946 -0.082999997 0.205 44
1.232 -0.0040000002 0.21799999 16
1.2970001 -0.011 0.197 2
1.62 -0.023 0.206 108
1.975 -0.035999998 0.208 51
1.222 0.022 0.21699999 1
1.291 0.017000001 0.197 2
1.559 0.014 0.198 14
1.648 0.0089999996 0.17299999 161
0 0 0 0
0 0 0 0
0 0 0 0
0 0 0 0
1.226 0.075000003 0.22 10
2.3710001 0.139 0.36300001 4
2.368 0.131 0.301 6
2.1140001 0.113 0.22 5
1.233 0.103 0.222 10
0 0 0 0
2.2679999 0.17900001 0.289 36
2.135 0.16599999 0.222 118
1.217 0.12800001 0.221 10
1.251 0.13 0.193 0
2.1989999 0.22499999 0.28099999 41
2.1359999 0.21799999 0.222 49
1.215 0.155 0.221 10
1.252 0.16 0.19400001 1
2.152 0.27200001 0.27500001 50
2.1289999 0.26899999 0.222 50
1.2 0.18000001 0.22 10
1.249 0.18799999 0.19499999 3
3.29 0.495 0.42300001 5
3.2939999 0.498 0.34299999 4
1.176 0.20299999 0.21699999 9
1.258 0.21799999 0.197 5
3.3080001 0.57700002 0.42699999 4
3.319 0.58399999 0.347 4
1.1950001 0.233 0.222 9
1.258 0.248 0.198 7
3.3180001 0.65899998 0.43000001 4
3.323 0.66799998 0.34799999 4
1.2029999 0.26199999 0.22499999 4
1.262 0.27900001 0.2 8
1.887 0.421 0.245 2
0 0 0 0
1.1950001 0.28799999 0.22499999 0
1.265 0.31 0.20200001 10
3.3529999 0.83099997 0.43900001 0
0 0 0 0
0 0 0 0
1.2690001 0.34099999 0.204 10
3.326 0.90799999 0.43799999 1
3.345 0.92900002 0.354 1
0.74299997 0.214 0.142 2
1.271 0.373 0.206 10
1.994 0.59500003 0.264 51
1.9960001 0.60600001 0.213 86
0 0 0 0
1.274 0.405 0.208 10
2.0020001 0.64899999 0.26800001 96
1.849 0.611 0.198 150
0 0 0 0
1.271 0.43700001 0.20999999 9
1.992 0.69700003 0.26800001 43
1.701 0.60799998 0.184 10
0.73400003 0.264 0.14399999 0
1.266 0.46700001 0.211 8
0 0 0 0
0 0 0 0
0.71399999 0.27500001 0.142 0
0 0 0 0
1.2819999 0.51800001 0.176 0
0 0 0 0
0.69 0.28400001 0.139 0
1.255 0.52899998 0.213 0
1.336 0.57700002 0.185 108
1.618 0.71499997 0.18000001 60
0 0 0 0
1.247 0.55900002 0.214 64
0 0 0 0
0 0 0 0
0 0 0 0
1.258 0.59899998 0.219 11
1.296 0.63300002 0.184 4
1.6160001 0.80900002 0.183 72
0 0 0 0
1.262 0.63700002 0.222 3
1.325 0.68599999 0.191 12
1.6109999 0.85699999 0.185 96
0.667 0.345 0.14 0
1.27 0.67699999 0.227 40
1.323 0.72500002 0.193 54
1.599 0.89999998 0.186 66
0 0 0 0
1.271 0.71499997 0.23 11
1.332 0.77100003 0.197 11
1.597 0.95099998 0.189 81
1.279 0.73500001 0.27700001 7
1.284 0.76099998 0.236 53
1.329 0.81199998 0.199 59
2.369 1.49 0.285 93
0 0 0 0
1.281 0.79900002 0.23899999 13
1.3150001 0.847 0.20100001 58
4.4699998 2.964 0.54699999 44
1.288 0.81800002 0.28600001 36
1.299 0.85299999 0.24600001 51
1.309 0.88700002 0.20299999 55
4.4439998 3.1059999 0.55500001 42
1.2970001 0.86400002 0.29300001 40
1.2970001 0.89399999 0.249 56
1.3099999 0.93300003 0.207 49
0 0 0 0
1.3 0.90799999 0.29800001 48
1.307 0.94499999 0.25600001 25
0 0 0 0
1.374 1.063 0.178 4
0 0 0 0
1.3150001 0.99800003 0.26199999 5
1.326 1.0420001 0.21699999 13
1.382 1.123 0.183 28
1.317 1.0089999 0.31200001 11
1.326 1.054 0.26899999 43
1.325 1.0930001 0.222 48
0 0 0 0
1.321 1.059 0.31799999 48
1.324 1.103 0.27399999 46
0 0 0 0
0 0 0 0
1.329 1.114 0.32600001 41
0 0 0 0
0 0 0 0
1.4170001 1.334 0.20100001 2
0 0 0 0
0.76200002 0.69599998 0.164 0
1.358 1.291 0.243 12
1.3710001 1.355 0.2 47
0 0 0 0
0.79900002 0.764 0.176 0
1.364 1.36 0.25099999 41
1.377 1.429 0.207 42
1.367 1.3099999 0.35600001 9
1.368 1.369 0.308 8
1.373 1.4349999 0.259 41
1.385 1.508 0.214 42
1.37 1.372 0.36399999 43
1.373 1.438 0.317 50
1.383 1.515 0.26800001 47
1.399 1.599 0.223 43
1.378 1.443 0.375 43
1.385 1.5190001 0.32800001 42
1.397 1.604 0.278 44
1.408 1.691 0.23199999 37
1.392 1.523 0.38699999 29
1.393 1.599 0.33899999 45
1.406 1.694 0.289 38
0 0 0 0
1.4299999 1.637 0.40799999 3
1.404 1.689 0.35100001 37
1.4119999 1.786 0.30000001 3
0 0 0 0
1.415 1.694 0.414 6
1.4069999 1.774 0.36199999 10
0 0 0 0
2.1860001 3.05 0.40099999 93
1.401 1.755 0.421 38
1.487 1.964 0.39399999 2
1.738 2.4230001 0.39399999 1
0.935 1.374 0.178 40
1.345 1.763 0.41499999 10
1.443 1.999 0.39500001 7
1.6619999 2.4360001 0.391 11
0.89200002 1.381 0.177 54
0 0 0 0
1.406 2.046 0.398 4
1.596 2.4630001 0.38999999 10
0.84600002 1.382 0.176 7
1.249 1.798 0.40900001 0
1.364 2.0840001 0.39899999 4
1.521 2.473 0.38699999 8
0.80699998 1.393 0.175 31
0 0 0 0
1.321 2.1229999 0.40099999 4
0 0 0 0
0.76599997 1.398 0.175 12
0.47999999 0.76200002 0.168 7
0 0 0 0
1.393 2.5239999 0.38699999 1
0 0 0 0
0.465 0.77600002 0.168 2
0.495 0.88300002 0.162 5
1.319 2.5280001 0.38299999 8
0.68099999 1.4 0.17299999 0
0.405 0.71200001 0.152 0
0.493 0.93000001 0.169 2
0 0 0 0
0.64300001 1.406 0.17200001 2
0.426 0.78899997 0.16599999 2
0.43200001 0.86199999 0.155 0
0.43099999 0.93099999 0.139 0
0.60000002 1.401 0.171 1
0.41499999 0.81199998 0.169 2
0.44 0.93099999 0.16500001 2
0.43099999 0.991 0.146 1
0.56599998 1.414 0.17200001 43
0.37900001 0.78299999 0.16 2
0.41600001 0.93599999 0.16500001 11
0.40400001 0.99299997 0.146 0
0.56599998 1.52 0.185 32
0.35299999 0.773 0.15700001 4
0.39199999 0.93900001 0.164 3
0.39399999 1.0369999 0.15099999 0
0.58600003 1.697 0.206 27
0.32499999 0.75800002 0.152 4
0.34599999 0.88499999 0.153 1
0.35100001 0.995 0.14399999 0
2.6489999 8.3129997 1.0089999 4
0.30199999 0.75 0.148 4
0.315 0.86400002 0.148 1
0.32699999 1 0.145 1
2.3889999 8.1700001 0.991 1
0.28200001 0.74900001 0.146 4
0.28799999 0.84899998 0.14399999 1
0.30199999 1.002 0.14399999 1
2.1730001 8.1520004 0.99000001 4
0.25999999 0.74000001 0.14300001 4
0.26499999 0.84500003 0.14300001 1
0.27599999 1.002 0.14399999 2
1.8380001 7.6230001 0.92699999 8
0.243 0.74599999 0.14300001 4
0.241 0.83700001 0.14 2
0.24699999 0.986 0.141 2
1.895 8.7840004 1.071 21
0.226 0.74900001 0.142 4
0.223 0.847 0.141 2
0.215 0.95499998 0.13600001 6
0 0 0 0
0.207 0.74699998 0.141 4
0.19599999 0.81999999 0.13600001 0
0.198 0.98799998 0.141 1
0 0 0 0
0.18000001 0.713 0.133 0
0.185 0.861 0.142 3
0.176 1 0.14300001 2
0 0 0 0
0.178 0.77700001 0.14399999 4
0.167 0.875 0.14399999 2
0 0 0 0
0.25400001 2.171 0.26899999 150
0.16 0.778 0.14300001 4
0.142 0.85000002 0.139 0
0.13 1.016 0.145 1
0.338 3.631 0.45199999 4
0.142 0.78399998 0.14300001 4
0.132 0.91799998 0.15000001 1
0.23999999 2.2950001 0.329 1
0.252 3.6400001 0.456 4
0 0 0 0
0.116 0.96899998 0.15800001 2
0.296 3.6470001 0.52399999 64
0.16500001 3.642 0.45899999 4
0.115 0.85299999 0.154 5
0.215 2.227 0.36300001 1
0.20900001 3.641 0.52499998 69
0.079000004 3.721 0.47299999 2
0.105 0.93900001 0.169 2
0.26699999 3.6370001 0.59200001 77
0.125 3.6619999 0.52899998 57
-0.022 9.1800003 1.178 2
0.324 3.6340001 0.65100002 3
0.183 3.648 0.59299999 67
0.097999997 9.1590004 1.33 2
-0.23899999 9.1520004 1.1849999 2
0.23899999 3.628 0.648 69
0.101 3.7130001 0.60399997 48
-0.117 9.1759996 1.339 2
-0.454 9.1140003 1.191 2
0.15800001 3.671 0.65200001 55
0.035999998 9.1499996 1.489 2
-0.32499999 8.9899998 1.318 2
-0.67400002 9.1300001 1.206 1
0.075999998 3.7509999 0.66399997 1
-0.175 9.1820002 1.495 2
-0.542 9.1059999 1.3430001 2
-0.89399999 9.158 1.223 1
-0.023 9.1459999 1.6160001 3
-0.38100001 9.0310001 1.472 1
-0.76300001 9.1459999 1.358 1
0 0 0 0
-0.233 9.1120005 1.607 1
-0.59799999 9.132 1.492 1
-0.98299998 9.1870003 1.374 1
-0.271 1.857 0.25400001 4
-0.442 9.1029997 1.602 1
-0.81199998 9.1269999 1.4960001 1
-1.197 9.1599998 1.38 1
-0.31 1.827 0.25299999 38
-0.653 9.1309996 1.604 2
-1.028 9.1750002 1.507 2
-0.285 1.847 0.28 15
-0.347 1.7869999 0.25099999 40
-0.866 9.1499996 1.6059999 1
-1.249 9.1999998 1.517 1
-0.322 1.809 0.27700001 36
-0.389 1.779 0.25299999 41
-1.064 9.0349998 1.585 3
-0.292 1.835 0.303 29
-0.36000001 1.779 0.27500001 36
-0.44800001 1.842 0.266 22
-1.277 9.0299997 1.585 3
-0.32800001 1.791 0.29800001 38
-0.405 1.785 0.278 36
-2.2809999 8.4870005 1.245 79
-0.301 1.825 0.31999999 36
-0.36700001 1.77 0.296 36
-0.463 1.837 0.28999999 17
-0.52499998 1.784 0.266 31
-0.33700001 1.784 0.31299999 34
-0.41600001 1.796 0.30199999 36
-0.51300001 1.851 0.29499999 1
-0.55299997 1.728 0.26199999 42
-0.37599999 1.7640001 0.31099999 34
-0.46900001 1.827 0.30899999 10
-0.53100002 1.757 0.28400001 31
-0.58999997 1.706 0.26300001 39
-0.42899999 1.8099999 0.31900001 33
-0.51099998 1.8150001 0.30899999 12
-0.56400001 1.721 0.28099999 36
-0.64300001 1.726 0.271 34
-0.47799999 1.823 0.32300001 2
-0.53399998 1.742 0.29899999 40
-0.60399997 1.707 0.28299999 36
-3.802 9.5139999 1.522 3
-0.51099998 1.783 0.31600001 27
-0.56900001 1.712 0.29699999 39
-0.66100001 1.737 0.292 21
0 0 0 0
-0.54100001 1.734 0.30899999 34
-0.61299998 1.712 0.29899999 36
-3.8729999 9.5 1.6210001 20
0 0 0 0
-0.579 1.711 0.30700001 37
-0.67500001 1.7539999 0.31 9
-4.1420002 9.5229998 1.649 20
-4.645 9.6129999 1.632 11
-0.62900001 1.727 0.31099999 34
-3.9219999 9.5200005 1.701 19
-4.4200001 9.5500002 1.679 21
-4.9260001 9.6169996 1.666 23
-3.756 9.6090002 1.743 2
-4.1859999 9.526 1.721 26
-4.7049999 9.5699997 1.712 21
-5.2290001 9.651 1.7079999 20
-3.987 9.5349998 1.7410001 21
-4.4650002 9.5530005 1.7460001 22
-5.0009999 9.6040001 1.747 22
-5.5380001 9.6739998 1.752 20
-4.2639999 9.5640001 1.7589999 19
-4.763 9.5970001 1.776 23
-5.309 9.6420002 1.786 24
-5.8639998 9.7150002 1.8 20
-4.552 9.6020002 1.78 18
-5.0430002 9.5959997 1.799 20
-5.619 9.665 1.823 24
-6.2010002 9.7559996 1.851 9
-4.8410001 9.618 1.8 20
-5.3660002 9.6529999 1.836 22
-5.9450002 9.7010002 1.8660001 25
-6.5580001 9.8070002 1.906 12
-5.1290002 9.6239996 1.818 22
-5.6799998 9.6809998 1.868 25
-6.2849998 9.7370005 1.911 5
-1.179 1.678 0.33399999 0
-5.461 9.6890001 1.849 20
-6.0149999 9.7270002 1.906 24
-6.6490002 9.7959995 1.9630001 2
-1.188 1.61 0.329 2
-5.7750001 9.7080002 1.873 20
-6.395 9.8170004 1.955 1
-7.046 9.882 2.023 2
-7.743 10.004 2.102 1
-6.1149998 9.7510004 1.903 19
0 0 0 0
-1.198 1.6 0.33500001 2
-8.0979996 9.9809999 2.154 13
-6.487 9.8190002 1.942 4
-1.182 1.642 0.338 1
-7.8660002 10.015 2.1459999 1
-8.4499998 9.9350004 2.2060001 8
0 0 0 0
-1.2 1.587 0.333 2
-8.2089996 9.9689999 2.188 8
-8.5810003 9.6339998 2.2019999 4
0 0 0 0
-7.9219999 9.9860001 2.1389999 4
-8.4840002 9.8260002 2.2130001 4
-8.7869997 9.4209995 2.2190001 3
-7.6810002 10.007 2.066 2
-8.29 9.9639997 2.1789999 14
-8.6750002 9.592 2.2160001 3
-8.842 9.0530005 2.1989999 4
-8.0279999 9.9639997 2.0910001 18
-8.6330004 9.8929996 2.211 4
-8.8240004 9.316 2.21 2
-9.0290003 8.8319998 2.214 4
-8.4580002 10.006 2.1359999 18
-8.8660002 9.6940002 2.2160001 3
-9.0190001 9.0889997 2.2190001 3
-9.1660004 8.566 2.2179999 3
-8.8879995 10.02 2.1789999 8
-9.0939999 9.4890003 2.221 3
-9.2080002 8.8620005 2.2260001 3
0 0 0 0
-9.1870003 9.8769999 2.1889999 5
-9.2770004 9.2349997 2.2160001 3
-9.3620005 8.6029997 2.227 2
0 0 0 0
-9.4309998 9.6700001 2.188 4
-9.467 8.9949999 2.214 3
0 0 0 0
-9.5909996 7.8060002 2.244 4
-9.6929998 9.4750004 2.1919999 3
-9.6859999 8.7819996 2.221 3
-9.6890001 8.1120005 2.2379999 2
-9.6999998 7.533 2.2490001 4
-9.9759998 9.2989998 2.2 5
-9.9499998 8.6029997 2.24 2
-9.8940001 7.9029999 2.2550001 4
-9.8219995 7.277 2.2579999 3
-10.221 9.085 2.2019999 3
0 0 0 0
-10.058 7.6589999 2.2639999 4
-9.9630003 7.0380001 2.2720001 4
-7.6079998 6.4419999 1.603 1
0 0 0 0
-10.196 7.402 2.2679999 3
-10.025 6.7470002 2.2690001 3
-7.8899999 6.3649998 1.627 1
-10.506 7.8670001 2.2479999 3
-10.331 7.1440001 2.273 4
-10.126 6.4860001 2.277 3
0 0 0 0
-10.694 7.6240001 2.2539999 2
-10.435 6.8639998 2.2739999 3
-10.206 6.217 2.2820001 4
0 0 0 0
-10.866 7.3699999 2.257 3
-10.574 6.6129999 2.283 3
-10.313 5.9660001 2.2939999 4
-11.408 7.9260001 2.22 3
-11.045 7.1170001 2.2639999 3
-10.702 6.3579998 2.29 3
-10.412 5.7140002 2.306 3
-11.583 7.645 2.2149999 3
-11.16 6.8280001 2.26 4
-10.816 6.092 2.2969999 3
-10.479 5.4489999 2.3099999 4
-11.896 7.4460001 2.2379999 2
-11.379 6.6009998 2.277 3
-10.947 5.8400002 2.3080001 4
0 0 0 0
-12.105 7.1810002 2.2409999 3
-11.533 6.3319998 2.283 3
-7.8850002 3.977 1.651 1
-10.596 4.9169998 2.322 5
-12.305 6.9070001 2.244 3
-11.693 6.0689998 2.2909999 4
0 0 0 0
-10.627 4.645 2.323 3
-12.556 6.6550002 2.2590001 3
-11.849 5.802 2.3 4
0 0 0 0
-10 4.105 2.1819999 6
-12.719 6.3559999 2.2579999 4
0 0 0 0
-11.36 4.7820001 2.342 3
-10.445 4.0180001 2.276 13
-11.72 5.5110002 2.0550001 1
-12 5.1919999 2.2909999 2
-10.547 4.1570001 2.1659999 4
-10.759 3.865 2.342 4
-13.182 5.8130002 2.2850001 3
-12.234 4.9580002 2.3180001 3
-11.426 4.2049999 2.339 5
-10.816 3.6159999 2.3540001 3
0 0 0 0
-11.271 4.2610002 2.122 2
-11.599 3.971 2.3659999 9
-10.819 3.348 2.3559999 4
-13.481 5.1880002 2.289 2
-12.251 4.3060002 2.293 3
-11.606 3.678 2.3629999 4
-10.845 3.0940001 2.362 4
-12.215 4.3639998 2.056 2
-12.666 4.1220002 2.358 5
-11.637 3.398 2.365 5
-10.828 2.829 2.362 3
-13.509 4.4640002 2.253 4
-12.719 3.8099999 2.3570001 2
-11.668 3.1210001 2.368 4
-10.821 2.572 2.3629999 4
-13.972 4.2470002 2.313 8
-12.829 3.5179999 2.368 3
-11.72 2.848 2.3770001 3
-10.819 2.319 2.368 5
-14.087 3.911 2.3169999 3
-12.811 3.1930001 2.3559999 3
-11.786 2.582 2.3900001 3
-10.898 2.085 2.3900001 2
-14.226 3.5829999 2.325 3
-12.846 2.881 2.3570001 4
-11.806 2.3069999 2.395 4
-10.818 1.821 2.3800001 5
-14.223 3.221 2.3110001 5
-12.88 2.5739999 2.358 3
-11.701 2.0090001 2.3759999 1
-10.831 1.5779999 2.3900001 7
-14.369 2.8889999 2.325 3
-13.21 2.3199999 2.414 1
-11.805 1.752 2.401 4
-1.3430001 0.16500001 0.29699999 6
-14.47 2.5480001 2.332 2
-13.034 1.974 2.381 3
-1.342 0.168 0.273 2
0 0 0 0
-14.536 2.2 2.335 3
-1.316 0.167 0.23999999 1
0 0 0 0
0 0 0 0
-1.323 0.167 0.212 1
-13.092 1.36 2.391 3
0 0 0 0
-10.809 0.60699999 2.4260001 6
-14.856 1.517 2.3759999 4
-13.096 1.049 2.3940001 4
-11.834 0.66900003 2.431 4
-10.756 0.36700001 2.427 4
-14.837 1.154 2.3699999 6
-13.167 0.745 2.411 4
-11.826 0.398 2.4389999 3
-10.667 0.12899999 2.4200001 5
-14.82 0.79000002 2.368 2
-13.144 0.435 2.411 3
-11.796 0.13 2.4430001 4
-10.667 -0.106 2.4349999 4
-14.799 0.43099999 2.365 3
-13.11 0.125 2.4119999 3
-11.763 -0.13600001 2.448 4
-10.612 -0.338 2.437 5
-14.928 0.071000002 2.388 3
-13.089 -0.18000001 2.4159999 4
-11.768 -0.40400001 2.4619999 4
-10.619 -0.57200003 2.4549999 3
-14.825 -0.28600001 2.3759999 3
-13.134 -0.48800001 2.4330001 3
-11.782 -0.67199999 2.4790001 4
-10.54 -0.80199999 2.4549999 4
-15.086 -0.65600002 2.424 3
-13.109 -0.79699999 2.4400001 4
-11.716 -0.93400002 2.48 4
-10.455 -1.025 2.4530001 5
-13.674 -0.926 2.204 2
-11.661 -0.98299998 2.1819999 5
-11.018 -1.131 2.348 3
-10.186 -1.224 2.4089999 6
-14.81 -1.3660001 2.3959999 3
-6.8140001 -0.73500001 1.2819999 0
-11.5 -1.444 2.4679999 4
-9.3249998 -1.33 2.224 4
-13.458 -1.571 2.188 2
-12.528 -1.651 2.372 3
-11.487 -1.706 2.483 4
-10.242 -1.6900001 2.464 5
-12.117 -1.712 1.98 3
-11.364 -1.7690001 2.1659999 4
-10.69 -1.837 2.3299999 3
-10.101 -1.8940001 2.451 6
-11.024 -1.8329999 1.813 4
-10.366 -1.865 1.9910001 3
-9.8830004 -1.929 2.1730001 5
-9.3990002 -1.977 2.303 4
-10.033 -1.918 1.661 6
-9.6190004 -1.9630001 1.862 3
-9.1529999 -2.0009999 2.03 4
-8.7659998 -2.0450001 2.1689999 5
-9.2609997 -2.006 1.546 3
-8.8920002 -2.0320001 1.7359999 4
-8.5450001 -2.073 1.914 4
0 0 0 0
-8.6190004 -2.0869999 1.45 4
-8.2849998 -2.098 1.632 3
0 0 0 0
0 0 0 0
0 0 0 0
-7.527 -2.096 1.498 0
0 0 0 0
-7.244 -2.1989999 1.85 6
0 0 0 0
-7.2509999 -2.2030001 1.4579999 8
-7.0190001 -2.2149999 1.623 9
-6.8429999 -2.2409999 1.768 6
-6.9899998 -2.2409999 1.211 7
-6.7820001 -2.234 1.378 8
-6.612 -2.2520001 1.546 9
-6.4720001 -2.2780001 1.692 6
-6.5479999 -2.2750001 1.148 7
-6.3899999 -2.273 1.314 9
-6.2550001 -2.2880001 1.48 10
-6.1350002 -2.3099999 1.623 3
-6.164 -2.3099999 1.0930001 9
-6.0320001 -2.306 1.256 9
-5.9349999 -2.325 1.4220001 13
-1.41 -0.56599998 0.37799999 1
-5.8169999 -2.3440001 1.046 9
-5.7340002 -2.3469999 1.209 14
-5.6430001 -2.358 1.37 14
-1.4069999 -0.60000002 0.382 1
-5.5209999 -2.381 1.006 12
-5.4250002 -2.369 1.16 13
-5.3660002 -2.3859999 1.3200001 14
-1.4170001 -0.64200002 0.38999999 1
-5.2270002 -2.405 0.96600002 14
-5.1690001 -2.4030001 1.1210001 14
-5.1030002 -2.4070001 1.273 16
-1.4119999 -0.67699999 0.39399999 1
-4.9809999 -2.441 0.935 12
-4.9200001 -2.4289999 1.0829999 15
-4.8629999 -2.4300001 1.232 14
-4.8369999 -2.45 1.37 9
-4.7280002 -2.46 0.90200001 15
-4.678 -2.448 1.046 16
-4.6469998 -2.454 1.1950001 15
-4.5949998 -2.4549999 1.321 15
-4.4889998 -2.4760001 0.87099999 15
-4.461 -2.4679999 1.0140001 14
-4.434 -2.47 1.158 13
-4.3940001 -2.4719999 1.283 15
-4.283 -2.5 0.84600002 14
-4.2670002 -2.4920001 0.986 14
-4.2509999 -2.4960001 1.1289999 12
-4.224 -2.4979999 1.2539999 15
-4.085 -2.5190001 0.82300001 14
-4.079 -2.513 0.95999998 14
-1.4630001 -0.90399998 0.39500001 0
-4.053 -2.5179999 1.223 14
-3.9059999 -2.54 0.80199999 14
-3.9000001 -2.53 0.935 14
-1.462 -0.949 0.40200001 1
-3.8870001 -2.533 1.193 14
-3.7360001 -2.5610001 0.78299999 13
-3.7349999 -2.5480001 0.91299999 13
-1.464 -0.99800003 0.41 1
-3.7309999 -2.5480001 1.166 14
-3.559 -2.5680001 0.76200002 13
-3.572 -2.562 0.89099997 17
-3.582 -2.562 1.023 10
-3.582 -2.5639999 1.14 13
-3.4119999 -2.589 0.74699998 12
-3.4219999 -2.576 0.87199998 17
-3.438 -2.5769999 1.001 12
-3.428 -2.5680001 1.112 13
-3.266 -2.6059999 0.73299998 16
-3.277 -2.589 0.85399997 16
-3.286 -2.5810001 0.977 17
-3.306 -2.589 1.0930001 13
-3.131 -2.6240001 0.72000003 9
-3.1459999 -2.6059999 0.838 10
-3.1700001 -2.6070001 0.963 17
-3.1730001 -2.599 1.071 12
-2.9909999 -2.631 0.70499998 18
-1.4960001 -1.3 0.40799999 0
-3.0369999 -2.6140001 0.94300002 15
0 0 0 0
-2.8629999 -2.6440001 0.69400001 21
-1.4859999 -1.353 0.41499999 0
-2.918 -2.628 0.92799997 19
-2.9449999 -2.6329999 1.0369999 18
-2.7379999 -2.654 0.68199998 22
-2.7739999 -2.6459999 0.796 14
-2.8010001 -2.6389999 0.912 21
-2.826 -2.641 1.018 19
-2.6170001 -2.661 0.671 22
-2.661 -2.6600001 0.78399998 25
-2.6930001 -2.6530001 0.898 22
-2.714 -2.648 1 22
-2.5090001 -2.678 0.66299999 15
-2.5409999 -2.6600001 0.76999998 23
-2.5810001 -2.6600001 0.88300002 22
-2.609 -2.6589999 0.98500001 20
-2.3940001 -2.681 0.653 5
-2.4360001 -2.671 0.759 23
-2.483 -2.677 0.87300003 22
-2.506 -2.668 0.97000003 20
-2.3 -2.704 0.64899999 8
-2.3399999 -2.6900001 0.75199997 23
-2.382 -2.687 0.861 18
-2.414 -2.684 0.958 8
-2.197 -2.714 0.64200002 16
-2.2379999 -2.698 0.74299997 24
-2.2839999 -2.6949999 0.84899998 21
-1.5190001 -1.766 0.61900002 2
0 0 0 0
-2.1489999 -2.7160001 0.736 22
-2.197 -2.7130001 0.84200001 19
-2.223 -2.701 0.93199998 42
-0.66600001 -0.90799999 0.20900001 6
0 0 0 0
0 0 0 0
-2.1340001 -2.71 0.921 73
-0.63999999 -0.91799998 0.20900001 8
-0.66100001 -0.92000002 0.242 4
-0.68800002 -0.93300003 0.28099999 4
0 0 0 0
-0.61400002 -0.92799997 0.20900001 8
-0.63499999 -0.92799997 0.242 6
-0.66000003 -0.93800002 0.278 3
-0.68099999 -0.94800001 0.31200001 5
-0.58899999 -0.93800002 0.20900001 8
-0.60699999 -0.93400002 0.23999999 7
-0.70599997 -1.052 0.308 0
-0.66500002 -0.96899998 0.315 3
-0.55500001 -0.93300003 0.206 8
-0.57800001 -0.93599999 0.23800001 7
-0.71600002 -1.122 0.32499999 46
-0.71100003 -1.086 0.34900001 8
-0.528 -0.93699998 0.206 8
-0.55299997 -0.94400001 0.23800001 7
-0.72799999 -1.198 0.34299999 6
-0.72399998 -1.159 0.36700001 6
-0.50099999 -0.94199997 0.205 8
-0.52499998 -0.94499999 0.236 7
-0.73500001 -1.275 0.361 5
-0.727 -1.224 0.38299999 6
-0.47299999 -0.94199997 0.204 8
-0.49900001 -0.94999999 0.235 7
-0.73699999 -1.346 0.377 26
-0.73199999 -1.295 0.40099999 27
-0.43900001 -0.92900002 0.2 10
-0.47 -0.94800001 0.233 7
-0.74900001 -1.444 0.40099999 27
-0.73900002 -1.377 0.42199999 31
-0.412 -0.92900002 0.199 14
-0.44400001 -0.949 0.23199999 7
-0.75800002 -1.544 0.42500001 28
-0.76800001 -1.5089999 0.45699999 39
-0.39199999 -0.94300002 0.20100001 18
-0.41999999 -0.95499998 0.23199999 7
-0.79000002 -1.706 0.465 35
-0.77899998 -1.618 0.48500001 39
-0.36300001 -0.93599999 0.199 14
-0.39199999 -0.95099998 0.229 7
-0.78799999 -1.809 0.49000001 11
-0.76300001 -1.676 0.498 65
-0.33899999 -0.94099998 0.2 15
-0.36899999 -0.95599997 0.229 7
0 0 0 0
-0.72299999 -1.687 0.49700001 81
-0.31400001 -0.93900001 0.199 15
-0.34200001 -0.95099998 0.227 9
-0.36199999 -0.94300002 0.252 0
-0.68400002 -1.697 0.49599999 99
-0.28999999 -0.94300002 0.199 15
-0.31600001 -0.94700003 0.22499999 9
-0.34299999 -0.958 0.25400001 0
-0.64600003 -1.709 0.495 90
-0.26699999 -0.94499999 0.2 16
-0.29499999 -0.95599997 0.226 9
-0.32100001 -0.96600002 0.25400001 0
-0.61000001 -1.727 0.49700001 107
-0.243 -0.94700003 0.2 16
-0.27000001 -0.954 0.22499999 9
-0.29800001 -0.96899998 0.25400001 1
-0.574 -1.7460001 0.498 103
-0.221 -0.95300001 0.20100001 16
-0.24699999 -0.95499998 0.22499999 9
-0.27500001 -0.97100002 0.25299999 1
-0.53899997 -1.7690001 0.50199997 91
-0.19599999 -0.94999999 0.20100001 16
-0.22499999 -0.96200001 0.226 9
-0.25299999 -0.97500002 0.25299999 2
-0.50800002 -1.808 0.50999999 71
-0.175 -0.95700002 0.20299999 17
-0.20200001 -0.96399999 0.226 9
-0.23 -0.977 0.25299999 3
-0.47600001 -1.85 0.51800001 43
-0.15099999 -0.95300001 0.20299999 15
-0.18000001 -0.96700001 0.227 9
-0.205 -0.96600002 0.249 6
-0.43900001 -1.875 0.52200001 34
-0.12899999 -0.95599997 0.204 8
-0.15700001 -0.96600002 0.227 9
-0.183 -0.96899998 0.249 6
-0.40200001 -1.905 0.528 23
-0.105 -0.95300001 0.204 7
-0.13500001 -0.97500002 0.229 6
-0.163 -0.98299998 0.252 6
-0.36000001 -1.916 0.52899998 17
-0.082999997 -0.95599997 0.205 7
-0.112 -0.96799999 0.227 4
-0.139 -0.97799999 0.25 3
-0.31900001 -1.931 0.53100002 16
-0.18099999 -2.8629999 0.61900002 15
-0.089000002 -0.96799999 0.228 4
-0.116 -0.96899998 0.248 5
0 0 0 0
-0.115 -2.8729999 0.625 19
-0.067000002 -0.97500002 0.23 1
-0.093999997 -0.96700001 0.24699999 5
-0.117 -0.98100001 0.26800001 5
-0.048 -2.8800001 0.62900001 77
-0.133 -2.8670001 0.67900002 20
-0.071999997 -0.97600001 0.249 3
-0.094999999 -0.98000002 0.26699999 5
0.018999999 -2.8900001 0.63599998 76
-0.067000002 -2.8840001 0.685 79
-0.149 -2.8740001 0.73400003 21
-0.074000001 -0.98000002 0.266 4
0.086000003 -2.8970001 0.64200002 72
-0.0020000001 -2.8870001 0.68699998 75
-0.085000001 -2.8770001 0.73500001 77
-0.154 -2.882 0.78100002 18
0.153 -2.9000001 0.64700001 74
0.063000001 -2.8900001 0.69099998 67
-0.02 -2.885 0.73799998 78
-0.090000004 -2.881 0.77999997 80
0.222 -2.9030001 0.653 66
0.13 -2.895 0.69499999 76
0.045000002 -2.891 0.741 73
-0.026000001 -2.8859999 0.77999997 86
0.292 -2.9200001 0.662 70
0.197 -2.905 0.70099998 77
0.11 -2.8940001 0.74299997 71
0.037999999 -2.8959999 0.78299999 87
0.361 -2.927 0.67000002 72
0.26499999 -2.9100001 0.70599997 77
0.176 -2.9059999 0.74699998 78
0.102 -2.9000001 0.78299999 79
0.43000001 -2.9260001 0.67699999 77
0.333 -2.9189999 0.713 73
0.242 -2.9119999 0.75099999 84
0.167 -2.9000001 0.78299999 79
0.5 -2.9349999 0.685 81
0.40099999 -2.924 0.71799999 72
0.308 -2.9159999 0.75400001 75
0.233 -2.914 0.787 74
0.57099998 -2.9389999 0.69300002 69
0.46900001 -2.9230001 0.72299999 74
0.37599999 -2.9230001 0.759 75
0.29800001 -2.9159999 0.78899997 80
0.64099997 -2.9349999 0.69999999 70
0.54000002 -2.934 0.73100001 75
0.44400001 -2.9300001 0.764 81
0.36500001 -2.9159999 0.79000002 83
0.71600002 -2.9489999 0.71200001 78
0.611 -2.941 0.73900002 70
0.51300001 -2.9319999 0.76800001 75
0.43399999 -2.931 0.796 83
0.79100001 -2.9590001 0.72299999 77
0.68300003 -2.9460001 0.74699998 73
0.583 -2.9400001 0.77399999 70
0.5 -2.928 0.79699999 72
0.86400002 -2.9590001 0.73199999 73
0.75599998 -2.9560001 0.75599998 75
0.65499997 -2.95 0.78100002 72
0.56900001 -2.934 0.801 84
0.94300002 -2.971 0.745 71
0.82999998 -2.961 0.76499999 74
0.72600001 -2.9560001 0.78799999 73
0.639 -2.9430001 0.80599999 85
1.02 -2.977 0.75700003 67
0.90499997 -2.9679999 0.77399999 69
0.79900002 -2.9619999 0.79500002 80
0.70999998 -2.9519999 0.81099999 83
1.1 -2.9849999 0.76999998 62
0.98299998 -2.9809999 0.78600001 67
0.87300003 -2.9679999 0.80199999 69
0.78200001 -2.954 0.815 82
1.182 -2.997 0.78399998 68
1.063 -2.99 0.79699999 71
0.94599998 -2.967 0.80800003 72
0.85600001 -2.9619999 0.82200003 77
1.267 -3.0050001 0.79900002 75
1.142 -2.994 0.80699998 75
1.026 -2.9820001 0.81900001 72
0.93000001 -2.9649999 0.82599998 79
1.349 -3.006 0.81199998 65
1.222 -2.9979999 0.81900001 71
1.105 -2.9909999 0.82800001 70
1.006 -2.971 0.833 72
1.434 -3.0109999 0.82700002 79
1.306 -3.006 0.83200002 71
1.183 -2.9920001 0.83600003 75
1.089 -2.9909999 0.84399998 85
0.792 -1.571 0.43900001 2
1.39 -3.0120001 0.84399998 68
1.268 -3.007 0.84899998 72
1.165 -2.9909999 0.84899998 86
0 0 0 0
1.472 -3.007 0.85500002 33
1.355 -3.0190001 0.861 74
1.2460001 -2.9960001 0.85699999 79
0 0 0 0
0.80699998 -1.559 0.449 2
1.439 -3.0220001 0.87099999 67
1.3329999 -3.0120001 0.86900002 66
1.174 -1.979 0.58399999 5
0 0 0 0
0.792 -1.5700001 0.458 2
1.419 -3.0179999 0.87800002 79
1.238 -1.984 0.597 4
1.1289999 -1.957 0.58200002 1
0 0 0 0
1.498 -3.007 0.88300002 8
2.0090001 -3.063 0.94099998 64
1.1950001 -1.9680001 0.59500003 2
0 0 0 0
0 0 0 0
2.119 -3.0769999 0.96499997 17
1.955 -3.059 0.94199997 71
1.812 -3.056 0.92699999 36
0 0 0 0
1.2029999 -1.665 0.53299999 4
2.056 -3.063 0.95999998 44
1.908 -3.0569999 0.94 72
1.146 -1.955 0.59200001 3
2.346 -3.0999999 1.015 44
2.1700001 -3.0799999 0.98299998 22
2.013 -3.0680001 0.958 66
1.882 -3.049 0.935 70
2.4519999 -3.0910001 1.0369999 22
1.217 -1.647 0.53600001 11
2.128 -3.0869999 0.97899997 16
1.989 -3.062 0.95099998 76
0 0 0 0
2.398 -3.096 1.028 57
1.2079999 -1.67 0.53799999 11
2.0829999 -3.052 0.95999998 27
2.7609999 -3.177 1.118 5
1.301 -1.604 0.54299998 1
2.3540001 -3.1029999 1.018 45
2.211 -3.086 0.98500001 20
2.8710001 -3.158 1.14 13
0 0 0 0
2.4549999 -3.089 1.031 5
2.3340001 -3.1040001 1.006 34
3.0120001 -3.168 1.173 13
2.7980001 -3.1459999 1.115 2
0 0 0 0
2.4260001 -3.0769999 1.012 30
3.175 -3.194 1.215 12
2.9530001 -3.174 1.151 18
2.7509999 -3.155 1.094 1
1.326 -1.605 0.537 1
3.332 -3.2049999 1.2539999 14
3.0910001 -3.1760001 1.1799999 13
2.892 -3.1670001 1.122 17
2.7290001 -3.1530001 1.073 2
3.5039999 -3.223 1.298 14
3.2550001 -3.197 1.2180001 14
3.046 -3.187 1.153 17
2.8629999 -3.1570001 1.094 20
3.6819999 -3.2379999 1.344 13
3.4330001 -3.221 1.26 14
3.201 -3.198 1.184 17
3.016 -3.1760001 1.122 18
3.8770001 -3.2590001 1.395 14
3.609 -3.237 1.301 14
3.378 -3.2249999 1.222 14
3.1730001 -3.191 1.151 14
4.0970001 -3.293 1.455 14
3.8010001 -3.257 1.347 14
3.559 -3.2460001 1.261 14
3.339 -3.2060001 1.181 15
4.211 -3.234 1.477 18
4.013 -3.2850001 1.399 15
3.743 -3.2609999 1.3 14
3.523 -3.2290001 1.217 15
4.2270002 -3.099 1.465 17
4.1849999 -3.2720001 1.437 18
3.9560001 -3.289 1.347 14
3.7149999 -3.2509999 1.2539999 15
4.237 -2.964 1.452 18
4.217 -3.1470001 1.426 18
4.1690001 -3.309 1.3940001 17
3.914 -3.2690001 1.293 16
4.2540002 -2.839 1.443 18
4.2259998 -3.007 1.41 18
4.2069998 -3.1860001 1.382 18
4.1529999 -3.3069999 1.344 17
4.2649999 -2.71 1.433 17
4.237 -2.8740001 1.395 18
4.2249999 -3.049 1.365 17
4.2080002 -3.194 1.334 19
4.2600002 -2.5780001 1.418 17
4.2540002 -2.747 1.383 17
4.2329998 -2.9089999 1.345 22
4.21 -3.043 1.309 19
4.289 -2.4679999 1.416 17
4.2639999 -2.619 1.37 23
4.244 -2.776 1.3279999 17
4.2319999 -2.9119999 1.2920001 19
4.3000002 -2.3499999 1.408 17
4.2719998 -2.4949999 1.357 22
4.2610002 -2.6489999 1.3150001 24
4.25 -2.7809999 1.275 18
4.3099999 -2.233 1.401 16
4.283 -2.3740001 1.347 21
4.2709999 -2.5220001 1.299 23
4.2550001 -2.645 1.255 18
4.316 -2.118 1.393 25
4.2989998 -2.257 1.3380001 23
4.2740002 -2.3940001 1.283 24
4.2820001 -2.5239999 1.242 17
4.3280001 -2.007 1.388 24
4.309 -2.1400001 1.329 24
4.296 -2.2780001 1.274 24
4.2930002 -2.3970001 1.226 24
4.3340001 -1.895 1.382 27
4.316 -2.0239999 1.3200001 25
4.3130002 -2.161 1.2640001 24
4.2940001 -2.2679999 1.209 25
4.348 -1.789 1.38 31
4.322 -1.909 1.311 30
4.3189998 -2.0409999 1.252 25
4.3099999 -2.148 1.197 27
4.3579998 -1.683 1.376 33
4.322 -1.795 1.301 32
4.3369999 -1.9299999 1.244 27
4.322 -2.029 1.184 29
4.362 -1.576 1.3710001 35
4.3400002 -1.6900001 1.298 35
4.3509998 -1.816 1.2359999 30
4.3299999 -1.911 1.171 31
4.3769999 -1.473 1.3710001 36
4.3579998 -1.585 1.295 36
4.355 -1.702 1.225 29
4.3340001 -1.7920001 1.159 32
4.3860002 -1.3710001 1.369 37
4.3670001 -1.477 1.29 38
4.3639998 -1.59 1.217 36
4.3470001 -1.678 1.149 34
1.267 -0.366 0.39399999 38
4.3860002 -1.376 1.289 38
4.3779998 -1.483 1.212 38
4.3610001 -1.567 1.141 35
1.539 -0.40799999 0.47799999 2
1.268 -0.36700001 0.37099999 38
4.3889999 -1.374 1.206 37
4.3730001 -1.456 1.133 37
4.415 -1.069 1.369 33
1.506 -0.39899999 0.43799999 3
1.265 -0.36399999 0.345 42
4.3839998 -1.345 1.125 37
1.21 -0.26499999 0.37400001 4
1.601 -0.38600001 0.46399999 3
1.521 -0.40000001 0.412 8
1.2640001 -0.35499999 0.32100001 37
4.4299998 -0.87 1.37 4
4.4190001 -0.96100003 1.278 33
1.3430001 -0.31999999 0.36199999 2
1.538 -0.39300001 0.38800001 12
4.4299998 -0.76999998 1.369 51
4.4310002 -0.85900003 1.278 42
4.4299998 -0.949 1.188 5
4.4229999 -1.021 1.108 13
4.4450002 -0.67400002 1.373 9
4.4380002 -0.75800002 1.277 59
4.4400001 -0.84500003 1.186 42
4.4250002 -0.91100001 1.101 39
4.4640002 -0.57800001 1.378 8
1.543 -0.228 0.44299999 2
1.605 -0.26699999 0.42699999 1
1.648 -0.29899999 0.40700001 2
0 0 0 0
4.4559999 -0.55699998 1.278 6
4.467 -0.63700002 1.184 10
4.4720001 -0.70300001 1.1 9
0 0 0 0
0 0 0 0
0 0 0 0
2.3929999 -0.317 0.58600003 8
0 0 0 0
0 0 0 0
0 0 0 0
0 0 0 0
0 0 0 0
0 0 0 0
0 0 0 0
0 0 0 0
1.184 -0.024 0.368 10
1.176 -0.041000001 0.33700001 8
0 0 0 0
0 0 0 0
1.189 0.001 0.37 15
1.1849999 -0.014 0.33899999 9
1.191 -0.030999999 0.31200001 5
1.177 -0.043000001 0.28400001 8
0 0 0 0
1.184 0.011 0.34 9
1.191 -0.003 0.31200001 9
0.82800001 -0.0099999998 0.199 1
0 0 0 0
0 0 0 0
0 0 0 0
0.73500001 0.0070000002 0.177 3
0 0 0 0
0 0 0 0
0 0 0 0
0 0 0 0
0.52899998 0.046 0.167 1
0 0 0 0
0 0 0 0
0.73299998 0.043000001 0.176 1
0.51700002 0.056000002 0.164 1
0.54900002 0.055 0.15899999 1
0 0 0 0
0.722 0.059 0.17399999 2
0.51800001 0.068000004 0.16500001 1
0.56 0.068000004 0.163 1
0 0 0 0
0.72899997 0.077 0.176 1
0.52399999 0.079999998 0.168 1
0.54900002 0.079999998 0.16 1
0 0 0 0
0 0 0 0
0.54100001 0.094999999 0.17399999 1
0 0 0 0
0.56599998 0.090999998 0.15000001 0
0 0 0 0
0 0 0 0
0.542 0.103 0.16 1
0.579 0.107 0.155 2
0.63999999 0.115 0.156 1
1.222 0.26899999 0.39899999 10
0.55000001 0.118 0.163 1
0.56900001 0.119 0.153 2
0.63499999 0.13 0.155 3
1.224 0.29800001 0.40200001 11
0 0 0 0
0 0 0 0
0.61500001 0.142 0.15099999 3
1.222 0.32600001 0.405 10
0 0 0 0
0.55000001 0.142 0.149 2
0.60100001 0.153 0.148 3
1.233 0.35600001 0.41100001 9
0 0 0 0
0 0 0 0
0.58999997 0.16599999 0.146 3
1.2359999 0.38699999 0.41600001 4
0 0 0 0
0.54799998 0.169 0.15099999 2
0.579 0.178 0.145 2
1.273 0.42899999 0.43200001 1
1.2410001 0.417 0.38299999 10
0 0 0 0
0.57300001 0.191 0.14399999 2
1.295 0.46799999 0.44299999 6
1.24 0.44800001 0.38600001 8
0.53899997 0.19400001 0.15099999 1
0.55699998 0.20100001 0.142 1
1.25 0.48199999 0.43200001 3
1.2539999 0.48500001 0.39399999 0
0.55900002 0.21600001 0.15800001 1
0.542 0.211 0.139 1
1.257 0.51700002 0.43900001 2
1.3049999 0.53899997 0.414 2
0.56300002 0.233 0.161 1
0 0 0 0
1.229 0.53600001 0.433 3
1.2640001 0.55500001 0.405 40
0.56699997 0.25 0.164 0
0 0 0 0
1.249 0.57700002 0.44499999 1
1.267 0.59100002 0.41100001 3
1.271 0.597 0.37200001 10
0 0 0 0
1.235 0.60299999 0.44499999 17
1.299 0.64200002 0.426 6
0 0 0 0
0.55699998 0.28099999 0.149 1
1.22 0.62900001 0.44499999 3
1.3200001 0.68900001 0.43900001 6
1.268 0.67000002 0.38100001 12
0.56400001 0.301 0.153 1
1.198 0.65100002 0.44299999 14
1.2970001 0.71499997 0.43700001 7
1.279 0.71499997 0.389 13
0.57300001 0.32499999 0.15800001 1
1.183 0.676 0.44299999 2
1.278 0.74299997 0.43599999 13
1.285 0.75800002 0.39700001 11
0.56999999 0.34099999 0.15899999 1
1.168 0.70200002 0.44299999 14
1.265 0.773 0.43799999 16
0 0 0 0
0.57700002 0.36500001 0.164 1
1.145 0.722 0.44 2
1.24 0.79699999 0.43599999 11
1.355 0.88700002 0.43099999 0
1.301 0.86699998 0.37599999 9
1.125 0.74400002 0.43900001 16
0 0 0 0
1.327 0.91299999 0.42899999 7
1.303 0.91399997 0.384 13
1.105 0.76499999 0.43799999 2
1.215 0.861 0.44100001 0
0 0 0 0
0 0 0 0
0 0 0 0
0 0 0 0
1.2920001 0.98199999 0.43399999 3
1.341 1.0420001 0.41 2
1.08 0.81999999 0.442 1
1.163 0.90499997 0.43700001 1
1.258 1.0039999 0.43099999 13
1.378 1.125 0.43099999 3
1.052 0.83499998 0.43799999 14
1.135 0.926 0.435 12
1.237 1.035 0.43200001 10
0 0 0 0
1.0190001 0.84500003 0.43200001 2
1.113 0.94999999 0.435 1
0 0 0 0
0 0 0 0
0 0 0 0
0 0 0 0
0 0 0 0
0 0 0 0
0 0 0 0
0 0 0 0
1.149 1.107 0.42899999 1
0 0 0 0
0 0 0 0
1.038 1.015 0.43200001 1
1.117 1.128 0.428 13
1.307 1.3609999 0.461 2
0.94700003 0.93599999 0.435 15
1.011 1.034 0.43099999 13
1.089 1.153 0.428 14
1.232 1.347 0.447 3
0.91399997 0.94400001 0.42899999 2
0.986 1.056 0.43099999 13
1.048 1.163 0.42300001 11
1.1569999 1.329 0.43200001 6
0.90100002 0.972 0.433 15
0.95999998 1.075 0.43000001 13
1.0140001 1.179 0.41999999 8
1.104 1.331 0.42500001 9
0.87 0.98000002 0.428 2
0.93599999 1.097 0.43099999 14
0.98199999 1.198 0.419 6
1.068 1.352 0.42399999 10
0.85100001 1.001 0.42899999 14
0.90399998 1.11 0.428 12
0.95999998 1.229 0.42300001 3
0 0 0 0
0.824 1.0140001 0.42699999 2
0.88 1.132 0.42899999 1
0.926 1.244 0.421 3
0.44600001 0.625 0.19 14
0.80900002 1.041 0.43099999 16
0.84600002 1.141 0.42500001 13
0.889 1.255 0.41800001 2
0.42699999 0.63099998 0.189 15
0.78100002 1.051 0.42699999 2
0.82700002 1.169 0.42899999 1
0.852 1.265 0.41499999 1
0.40700001 0.634 0.18700001 14
0.76300001 1.076 0.43099999 3
0.79299998 1.177 0.42500001 16
0.80800003 1.263 0.40900001 1
0.38499999 0.63200003 0.184 14
0 0 0 0
0 0 0 0
0.73500001 1.21 0.38699999 5
0.36500001 0.63300002 0.183 14
0.70200002 1.087 0.42199999 0
4.1259999 6.7639999 2.3789999 3
0 0 0 0
0.34900001 0.64099997 0.183 13
0.699 1.137 0.435 30
0.71600002 1.2359999 0.42899999 28
0.74000001 1.358 0.42399999 6
0.33000001 0.64300001 0.182 13
3.0179999 5.158 1.948 12
2.8440001 5.177 1.776 8
2.7320001 5.3080001 1.642 13
0.30899999 0.63999999 0.17900001 13
2.8740001 5.1719999 1.928 113
2.6989999 5.1880002 1.7589999 85
2.586 5.3270001 1.632 15
0.28999999 0.63999999 0.178 13
2.73 5.1760001 1.905 110
2.559 5.2059999 1.7460001 66
2.4360001 5.3309999 1.618 14
0.271 0.639 0.176 12
2.595 5.1929998 1.8890001 108
2.421 5.2210002 1.733 38
2.293 5.3460002 1.609 14
0.25299999 0.639 0.175 11
2.457 5.2030001 1.872 109
2.3 5.2690001 1.733 22
2.154 5.368 1.604 13
0.234 0.63300002 0.17200001 10
2.325 5.2179999 1.8559999 109
2.178 5.3179998 1.733 17
0.54400003 1.4529999 0.43099999 14
0.21799999 0.639 0.17299999 7
2.197 5.2360001 1.8430001 106
2.0510001 5.3520002 1.73 14
0.52399999 1.507 0.44400001 41
0.199 0.63 0.17 4
2.062 5.2389998 1.827 103
0.52600002 1.472 0.472 36
0.50700003 1.577 0.46200001 26
0.182 0.63 0.169 3
1.9349999 5.2519999 1.814 96
0.505 1.522 0.484 31
2.1789999 7.3639998 2.148 27
0.169 0.64200002 0.17200001 3
1.809 5.2690001 1.8049999 92
1.673 5.4520001 1.724 14
1.668 6.164 1.79 3
0.152 0.64200002 0.17200001 3
1.683 5.2800002 1.793 100
1.624 5.7610002 1.811 3
1.529 6.224 1.8 16
0.13600001 0.64300001 0.17200001 1
1.556 5.283 1.78 95
1.492 5.7909999 1.8099999 15
1.638 7.414 2.138 24
0 0 0 0
1.454 5.375 1.798 20
1.615 6.9190001 2.152 25
1.45 7.3779998 2.122 2
0 0 0 0
0 0 0 0
1.451 6.928 2.1459999 18
0 0 0 0
0 0 0 0
0 0 0 0
0 0 0 0
0 0 0 0
0.092 0.80900002 0.21600001 1
0 0 0 0
0 0 0 0
0 0 0 0
0.294 3.2850001 0.88099998 1
0 0 0 0
0.972 7.0029998 2.1470001 16
0.096000001 0.95599997 0.27399999 6
0.235 3.5940001 0.96700001 42
1.022 6.6420002 2.1589999 19
0.089000002 0.77399999 0.236 5
0.289 3.7520001 1.075 1
0.155 3.7409999 1.0089999 46
0.87 6.6409998 2.1489999 1
0.089000002 0.96200001 0.29300001 0
0.198 3.697 1.0599999 12
0.064999998 3.77 1.021 14
0 0 0 0
0.25400001 3.6600001 1.1160001 3
0.223 7.3969998 2.125 23
-0.048999999 7.816 2.1259999 20
0 0 0 0
0.171 3.691 1.125 22
0.050000001 7.4060001 2.1329999 21
-0.234 7.763 2.122 22
0.23100001 3.6570001 1.171 8
0.16599999 7.0240002 2.1400001 23
-0.122 7.3740001 2.1300001 25
-0.417 7.7160001 2.1210001 27
0.15000001 3.688 1.178 2
0.0060000001 7.02 2.1389999 23
-0.29300001 7.3449998 2.128 25
-0.59799999 7.6669998 2.1210001 25
0.122 6.7249999 2.145 23
-0.155 7.0170002 2.141 23
-0.46399999 7.3270001 2.131 26
-0.176 1.73 0.48199999 31
-0.028999999 6.743 2.148 25
-0.315 7.0019999 2.1400001 25
-0.153 1.762 0.51499999 0
-0.21600001 1.7130001 0.47999999 17
-0.18099999 6.7449999 2.1459999 23
-0.47499999 6.9860001 2.1389999 26
-0.189 1.717 0.50400001 31
-0.278 1.851 0.523 56
-0.333 6.7449999 2.145 27
-0.15899999 1.747 0.53600001 3
-0.235 1.751 0.51700002 69
-0.31 1.78 0.50700003 41
-0.48500001 6.737 2.1429999 26
-0.19599999 1.723 0.52999997 30
-0.28799999 1.826 0.542 50
-0.352 1.767 0.509 43
-0.16599999 1.7539999 0.55800003 11
-0.245 1.781 0.55000001 130
-0.32300001 1.778 0.53200001 59
-0.39500001 1.7640001 0.51300001 45
-0.20299999 1.729 0.551 30
-0.292 1.812 0.56199998 51
-0.36199999 1.755 0.52899998 59
-0.43599999 1.75 0.514 47
-0.26300001 1.869 0.59600002 27
-0.32699999 1.768 0.551 70
-0.40200001 1.74 0.52899998 64
-0.47999999 1.75 0.51999998 49
-0.29699999 1.808 0.57800001 55
-0.36300001 1.74 0.54500002 74
-0.44 1.722 0.528 70
-0.528 1.7589999 0.52899998 52
-0.33000001 1.757 0.56300002 53
-0.40200001 1.725 0.54400003 73
-0.484 1.725 0.53399998 62
-0.57300001 1.756 0.53500003 55
-0.36700001 1.738 0.55900002 65
-0.442 1.719 0.54500002 72
-0.53299999 1.742 0.54400003 68
-0.63200003 1.795 0.55400002 39
-0.40599999 1.725 0.55699998 69
-0.48699999 1.73 0.55299997 67
-0.58399999 1.762 0.55599999 53
-0.65899998 1.7410001 0.54400003 1
-0.44600001 1.722 0.55800003 66
-0.53299999 1.7359999 0.55900002 65
-0.65600002 1.837 0.58600003 4
-0.70300001 1.7309999 0.54900002 36
-0.49200001 1.734 0.565 63
-0.58700001 1.767 0.57300001 49
-0.67500001 1.7589999 0.56800002 0
-0.98699999 2.2750001 0.73299998 23
-0.53899997 1.744 0.57200003 64
-1.12 3.1259999 1.024 5
-0.71499997 1.74 0.56900001 44
-1.025 2.2190001 0.72600001 19
-0.59200001 1.772 0.58399999 36
-0.67900002 1.766 0.58399999 2
-0.98900002 2.256 0.74800003 37
-1.0700001 2.1789999 0.72500002 18
-1.126 3.128 1.039 4
-0.71700001 1.744 0.58200002 39
-1.0140001 2.174 0.73000002 18
-1.119 2.152 0.72799999 13
-0.68300003 1.767 0.59100002 11
-0.98100001 2.237 0.75599998 40
-1.059 2.1389999 0.72899997 17
-1.15 2.0899999 0.72000003 3
-0.71799999 1.739 0.58600003 13
-1.0039999 2.151 0.73500001 22
-1.107 2.1110001 0.73100001 17
-1.209 2.0810001 0.73000002 13
-0.98400003 2.2349999 0.75999999 21
-1.046 2.1140001 0.73100001 17
-1.145 2.0650001 0.72600001 7
-1.248 2.0369999 0.72899997 13
-1.001 2.1389999 0.73400003 22
-1.092 2.0840001 0.73000002 17
-1.197 2.0450001 0.73100001 6
-3.1229999 4.8390002 1.766 0
-1.045 2.1040001 0.72899997 18
-1.1390001 2.056 0.73000002 12
-1.237 2.0050001 0.72899997 16
-4.2600002 6.2729998 2.3380001 19
-1.096 2.085 0.73000002 18
-1.181 2.02 0.727 4
-1.28 1.972 0.73000002 2
-1.14 1.597 0.60799998 2
-1.1440001 2.0569999 0.72899997 8
-1.2309999 1.998 0.73000002 17
-4.2490001 6.2220001 2.348 5
-1.193 1.5930001 0.62 4
-1.188 2.0250001 0.72600001 6
-1.2690001 1.957 0.727 2
-1.142 1.5930001 0.61199999 2
-4.6220002 5.8800001 2.3429999 31
-1.242 2.01 0.73000002 18
-4.2399998 6.217 2.3469999 8
-1.194 1.587 0.62300003 4
-4.7389998 5.75 2.346 30
-3.1040001 4.77 1.758 0
-1.142 1.595 0.61199999 3
-4.6269999 5.8579998 2.349 31
-4.8530002 5.6199999 2.3499999 33
-4.2740002 6.244 2.3340001 28
-1.1950001 1.589 0.62099999 4
-4.7480001 5.7329998 2.3499999 33
-4.9590001 5.4790001 2.352 33
-1.146 1.5930001 0.60399997 3
-4.645 5.8860002 2.3469999 31
-4.869 5.6110001 2.3540001 33
-5.072 5.3520002 2.359 31
-1.201 1.59 0.61299998 3
-4.777 5.7729998 2.348 33
-4.9920001 5.4899998 2.359 33
-5.171 5.211 2.3610001 28
-4.7220001 5.9569998 2.3380001 30
-4.914 5.664 2.3529999 34
-5.1090002 5.3649998 2.3629999 32
-1.217 1.171 0.546 2
-4.8629999 5.8499999 2.3380001 30
-5.039 5.5440001 2.3540001 32
-1.215 1.219 0.551 1
-1.219 1.12 0.53799999 5
-5.007 5.743 2.3399999 32
-1.2180001 1.279 0.55500001 0
-1.2309999 1.178 0.54699999 5
-1.2359999 1.085 0.537 2
-1.202 1.3150001 0.546 0
-1.212 1.215 0.54000002 4
-1.244 1.137 0.54299998 3
-1.251 1.048 0.53600001 2
-1.216 1.2690001 0.53799999 3
-1.234 1.181 0.53899997 2
-1.255 1.095 0.53799999 2
-5.6560001 4.5219998 2.391 5
-1.235 1.229 0.53399998 2
-1.239 1.132 0.52999997 1
-4.2399998 3.5309999 1.79 0
-5.7220001 4.3649998 2.388 10
-5.5799999 5.302 2.3559999 8
-4.0999999 3.572 1.72 2
-5.7410002 4.5619998 2.3870001 8
-5.7849998 4.2069998 2.3859999 8
-5.7080002 5.1750002 2.3570001 7
-4.2020001 3.494 1.7309999 1
-5.8270001 4.4159999 2.388 8
-5.3070002 3.678 2.164 2
-5.8629999 5.0669999 2.3699999 2
-5.8730001 4.6570001 2.3770001 1
-5.941 4.29 2.402 2
-5.6079998 3.701 2.2639999 2
0 0 0 0
-6.0599999 4.5770001 2.4119999 1
-5.4759998 3.766 2.1860001 0
-5.888 3.6949999 2.3540001 8
0 0 0 0
-6.1020002 4.3909998 2.391 7
-5.5739999 3.6470001 2.198 10
-6.0539999 3.6110001 2.3989999 9
-6.2080002 4.6399999 2.3659999 10
-6.1919999 4.2410002 2.391 8
-5.9699998 3.714 2.3280001 15
-6.1079998 3.4590001 2.401 9
-6.362 4.5250001 2.382 6
-5.658 3.6830001 2.154 9
-6.2220001 3.6760001 2.401 10
-6.158 3.3050001 2.4030001 8
-6.474 4.3779998 2.3840001 6
-5.9889998 3.7030001 2.25 14
-6.3080001 3.5350001 2.4100001 10
-6.2090001 3.154 2.4059999 9
-5.73 3.6789999 2.0769999 3
-6.3520002 3.727 2.3570001 11
-6.3629999 3.375 2.4089999 9
-6.2690001 3.0090001 2.414 7
-6.138 3.7390001 2.191 10
-6.552 3.6400001 2.4030001 9
-6.4310002 3.2249999 2.415 9
-6.303 2.8510001 2.414 7
-6.52 3.763 2.2950001 11
-6.631 3.4849999 2.405 10
-6.4910002 3.0699999 2.4189999 9
-6.3319998 2.6949999 2.4130001 9
-6.836 3.73 2.3740001 25
-6.698 3.3239999 2.404 9
-6.5450001 2.915 2.421 9
-6.3649998 2.5420001 2.415 10
-6.8920002 3.5510001 2.3629999 17
-6.7870002 3.1719999 2.414 8
-6.5840001 2.7550001 2.4200001 8
-6.4039998 2.391 2.4200001 10
-7.0819998 3.4389999 2.3989999 9
-6.8340001 3.0020001 2.4089999 6
-6.6350002 2.5999999 2.424 7
-6.4390001 2.2420001 2.425 10
-7.1599998 3.267 2.3989999 6
-6.8899999 2.8369999 2.408 6
-6.6680002 2.438 2.424 9
-6.4530001 2.086 2.4230001 10
-7.2389998 3.0969999 2.4000001 5
-6.9819999 2.6849999 2.4219999 7
-6.7189999 2.2839999 2.4300001 9
-6.48 1.9349999 2.428 9
-7.3179998 2.9260001 2.4030001 6
-7.0279999 2.517 2.4219999 6
-6.777 2.132 2.4419999 7
-6.5100002 1.7869999 2.4349999 9
-7.3899999 2.7509999 2.405 7
-7.0780001 2.3499999 2.424 7
-6.8169999 1.975 2.447 10
-4.6700001 1.171 1.745 1
-7.4510002 2.573 2.405 11
-7.1329999 2.184 2.4289999 7
-6.8280001 1.811 2.4430001 9
-6.5250001 1.482 2.4360001 5
-7.5120001 2.395 2.4059999 10
-7.1859999 2.0179999 2.4349999 6
-4.9330001 1.188 1.761 0
-6.5219998 1.33 2.434 10
-7.5679998 2.214 2.4070001 12
-7.211 1.845 2.4330001 7
-6.8720002 1.4910001 2.4489999 6
-6.5419998 1.184 2.441 11
-7.6269999 2.0350001 2.411 7
-5.23 1.2079999 1.758 1
-6.8699999 1.329 2.444 9
-6.5450001 1.034 2.444 11
-7.6950002 1.857 2.4189999 9
-6.6209998 1.368 2.2179999 0
-6.902 1.173 2.4530001 10
-1.3380001 0.18099999 0.5 0
0 0 0 0
-7.303 1.332 2.4400001 9
-6.9050002 1.012 2.4530001 10
-6.5549998 0.74000001 2.454 10
-7.8000002 1.489 2.4300001 9
-7.3340001 1.16 2.4460001 10
-1.345 0.16599999 0.47799999 5
-6.5630002 0.59500003 2.4619999 10
-7.8200002 1.299 2.427 8
-7.3649998 0.99000001 2.4530001 8
0 0 0 0
-6.5650001 0.44999999 2.4690001 9
-7.8699999 1.113 2.4360001 8
-7.3759999 0.81699997 2.454 9
0 0 0 0
-6.5469999 0.30399999 2.4690001 9
-1.3430001 0.15700001 0.41499999 2
-7.401 0.64399999 2.4619999 7
-6.9460001 0.38100001 2.477 9
-6.533 0.15800001 2.4719999 10
-7.9089999 0.73299998 2.4389999 8
-7.4089999 0.47099999 2.4649999 7
-6.743 0.21600001 2.4100001 17
-6.5240002 0.015 2.4779999 9
-7.9330001 0.542 2.4449999 5
-7.4109998 0.29800001 2.4679999 8
-6.915 0.066 2.4779999 9
-6.4910002 -0.126 2.4749999 8
-6.6620002 0.294 2.053 1
-7.4169998 0.124 2.474 7
-6.8979998 -0.089000002 2.4790001 11
-6.494 -0.26899999 2.4879999 6
-6.572 0.132 2.026 14
-6.1490002 -0.039999999 2.0550001 3
-6.8930001 -0.24600001 2.487 9
-6.4790001 -0.41100001 2.4949999 5
-7.9910002 -0.032000002 2.4660001 8
-7.4000001 -0.221 2.48 7
-6.8639998 -0.40000001 2.487 9
-6.4679999 -0.55199999 2.5039999 3
-7.9809999 -0.22400001 2.467 7
-7.3979998 -0.39500001 2.487 6
-6.848 -0.55400002 2.4920001 10
-6.4359999 -0.69199997 2.507 2
-7.9629998 -0.41600001 2.467 8
-7.349 -0.56400001 2.48 9
-6.8179998 -0.708 2.4949999 9
-1.387 -0.17900001 0.54299998 0
-7.9580002 -0.61000001 2.473 9
-7.3390002 -0.736 2.487 10
-6.8060002 -0.86199999 2.5039999 9
-6.3660002 -0.96700001 2.5109999 2
-7.9460001 -0.80199999 2.4790001 7
-7.336 -0.91000003 2.4990001 7
-6.7579999 -1.01 2.5009999 11
-6.2849998 -1.096 2.497 3
-7.9260001 -0.99400002 2.483 7
-7.2880001 -1.077 2.4960001 7
-6.7129998 -1.16 2.5009999 11
-6.2540002 -1.2309999 2.5039999 5
-7.8870001 -1.184 2.484 7
-7.243 -1.244 2.4949999 6
-6.6799998 -1.3099999 2.506 8
-1.386 -0.30399999 0.55900002 1
-7.8660002 -1.376 2.4909999 7
-7.2179999 -1.415 2.5039999 10
-6.6589999 -1.461 2.517 9
-1.3839999 -0.33500001 0.56300002 1
-7.4000001 -1.479 2.358 6
-6.8860002 -1.517 2.405 6
-6.526 -1.586 2.487 7
-1.386 -0.368 0.56900001 2
-7.7919998 -1.756 2.5009999 7
-6.619 -1.6210001 2.3299999 5
-6.132 -1.6390001 2.358 16
-1.373 -0.396 0.56900001 4
-7.7340002 -1.9400001 2.5020001 7
-7.0840001 -1.9119999 2.5150001 8
-6.5190001 -1.899 2.5280001 9
-1.377 -0.43000001 0.57599998 4
-7.5209999 -2.0810001 2.4530001 0
-7.0339999 -2.076 2.5190001 7
-6.4549999 -2.04 2.5280001 11
-1.378 -0.46399999 0.58200002 3
-7.2340002 -2.1930001 2.382 6
-6.8860002 -2.2079999 2.49 9
-6.415 -2.187 2.5380001 10
-1.388 -0.50099999 0.59299999 1
-6.7839999 -2.237 2.2550001 7
-6.473 -2.244 2.3659999 9
-6.2259998 -2.279 2.49 8
-5.842 -2.2520001 2.523 31
-6.362 -2.2690001 2.1370001 9
-6.1170001 -2.2820001 2.2590001 9
-1.415 -0.55400002 0.57200003 1
-5.6810002 -2.332 2.4820001 29
-5.9970002 -2.3050001 2.0380001 8
-5.777 -2.309 2.158 9
-1.4069999 -0.588 0.57599998 2
-5.4099998 -2.358 2.392 37
-5.6669998 -2.3369999 1.949 8
-5.513 -2.3540001 2.0840001 12
-1.416 -0.62900001 0.58600003 3
-5.1370001 -2.3729999 2.3 7
-5.3930001 -2.3789999 1.878 10
-5.2379999 -2.3829999 2.006 13
-1.411 -0.66500002 0.59200001 3
-4.9320002 -2.4089999 2.237 38
-5.1110001 -2.405 1.8049999 13
-4.9790001 -2.4070001 1.933 13
-1.41 -0.704 0.59899998 2
-4.71 -2.427 2.165 40
-4.8530002 -2.428 1.738 13
-4.7470002 -2.434 1.869 13
-4.6230001 -2.4389999 1.994 43
-4.5040002 -2.4460001 2.0999999 44
-4.6209998 -2.454 1.6799999 13
-4.5219998 -2.4530001 1.807 10
-4.4130001 -2.457 1.932 52
-4.3210001 -2.4679999 2.0439999 46
-4.3899999 -2.47 1.622 14
-1.434 -0.82200003 0.58200002 2
-4.2309999 -2.48 1.88 32
-4.1360002 -2.4820001 1.9859999 43
-4.1890001 -2.4920001 1.574 14
-1.4349999 -0.86699998 0.59200001 3
-4.0510001 -2.4979999 1.829 55
-3.9619999 -2.4960001 1.933 43
-4.0050001 -2.516 1.531 14
-1.429 -0.91000003 0.60000002 2
-3.8829999 -2.516 1.7819999 53
-3.813 -2.5179999 1.89 42
-3.825 -2.5339999 1.49 13
-3.7520001 -2.5139999 1.603 37
-3.72 -2.5309999 1.737 35
-3.6600001 -2.5309999 1.845 43
-3.6500001 -2.5469999 1.45 10
-3.6040001 -2.5369999 1.568 58
-1.277 -0.91100001 0.60699999 1
-1.549 -1.1210001 0.79400003 6
-1.452 -1.066 0.588 2
-3.451 -2.553 1.5319999 57
-3.4100001 -2.55 1.652 54
-1.544 -1.169 0.80599999 14
-1.442 -1.114 0.597 2
-3.3039999 -2.5650001 1.4960001 54
-3.2780001 -2.5669999 1.619 53
-1.528 -1.209 0.81300002 11
-3.1849999 -2.586 1.348 55
-3.1670001 -2.5780001 1.464 54
-3.1459999 -2.579 1.585 51
-1.469 -1.215 0.79699999 3
-1.465 -1.249 0.63499999 3
-1.467 -1.253 0.69400001 4
-1.461 -1.253 0.75099999 3
-1.442 -1.2460001 0.79799998 8
-2.921 -2.6159999 1.2970001 54
-2.911 -2.605 1.408 56
-1.516 -1.36 0.79699999 10
-1.398 -1.261 0.79000002 4
-2.7920001 -2.625 1.272 52
-2.8 -2.625 1.387 57
-1.517 -1.423 0.81599998 3
-1.405 -1.323 0.81099999 14
-2.6800001 -2.6440001 1.253 57
-1.596 -1.568 0.81099999 5
-1.482 -1.454 0.81599998 11
-1.374 -1.35 0.81099999 14
-2.5710001 -2.6619999 1.2359999 56
-1.584 -1.63 0.82599998 12
-1.454 -1.492 0.82099998 14
-1.349 -1.3839999 0.815 15
-2.4519999 -2.6659999 1.214 58
-1.515 -1.633 0.81099999 3
-1.425 -1.528 0.82499999 12
-1.347 -1.442 0.833 15
-1.622 -1.851 0.82800001 7
-1.489 -1.682 0.81999999 15
0 0 0 0
0 0 0 0
-1.577 -1.8890001 0.82999998 3
0 0 0 0
-0.69499999 -0.81599998 0.42500001 8
-0.64600003 -0.75400001 0.41999999 3
-1.521 -1.914 0.82800001 9
-0.70300001 -0.87300003 0.412 8
-0.66900003 -0.82099998 0.41999999 8
-0.62099999 -0.75700003 0.41499999 7
0 0 0 0
-0.70700002 -0.92000002 0.42699999 9
-0.639 -0.82099998 0.414 7
-0.597 -0.76099998 0.41100001 7
-0.69400001 -0.96499997 0.405 4
-0.71700001 -0.98000002 0.44800001 6
-0.62900001 -0.847 0.41999999 6
-0.57099998 -0.75999999 0.40400001 6
-0.662 -0.97000003 0.40200001 4
-0.67900002 -0.97399998 0.43900001 4
-0.625 -0.88200003 0.43200001 5
-0.55500001 -0.77399999 0.405 6
-0.73199999 -1.13 0.463 8
-0.671 -1.012 0.45100001 3
-0.634 -0.93900001 0.45300001 5
-0.54699999 -0.79799998 0.412 5
-0.72299999 -1.177 0.47600001 11
-0.71899998 -1.141 0.50199997 5
-0.66000003 -1.026 0.48899999 4
-0.53500003 -0.81800002 0.417 5
-0.69300002 -1.191 0.477 9
-0.69 -1.153 0.50099999 30
-0.65100002 -1.063 0.5 6
-0.51800001 -0.829 0.417 5
-0.66399997 -1.207 0.479 7
-0.662 -1.168 0.50199997 7
-0.62400001 -1.0700001 0.498 4
-0.498 -0.83700001 0.41600001 5
-0.63700002 -1.227 0.48199999 5
-0.62699997 -1.1670001 0.49700001 8
-0.59899998 -1.0829999 0.498 4
-0.477 -0.84399998 0.414 5
-0.611 -1.25 0.48699999 42
-0.59200001 -1.165 0.49200001 11
-0.57599998 -1.098 0.5 4
-0.46000001 -0.85600001 0.41600001 5
-0.597 -1.299 0.50300002 3
-0.56599998 -1.181 0.49399999 10
-0.54900002 -1.1059999 0.49900001 4
-0.44800001 -0.87800002 0.42199999 7
-0.56400001 -1.308 0.50300002 24
-0.53100002 -1.179 0.48899999 12
-0.523 -1.1160001 0.49900001 4
-0.45899999 -0.94999999 0.45199999 6
-0.53799999 -1.334 0.50999999 3
-0.50199997 -1.1849999 0.48800001 10
-0.49900001 -1.128 0.5 4
-0.45199999 -0.98799998 0.46599999 4
-0.498 -1.3279999 0.505 19
-0.46900001 -1.183 0.484 11
-0.47299999 -1.137 0.5 4
-0.45300001 -1.049 0.49000001 4
-0.47 -1.349 0.50999999 3
-0.44100001 -1.193 0.48500001 10
-0.447 -1.146 0.5 4
-0.43399999 -1.069 0.495 4
-0.43200001 -1.342 0.50599998 20
-0.41 -1.193 0.48199999 11
-0.421 -1.155 0.5 4
-0.412 -1.081 0.49700001 4
-0.40200001 -1.359 0.50999999 3
-0.38100001 -1.196 0.48100001 10
-0.396 -1.166 0.50199997 4
-0.38999999 -1.092 0.498 4
-0.36399999 -1.349 0.505 20
-0.34900001 -1.1900001 0.477 11
-0.37200001 -1.1799999 0.505 4
-0.36500001 -1.099 0.498 4
-0.333 -1.363 0.50999999 3
-0.32100001 -1.198 0.47799999 10
-0.347 -1.196 0.509 6
-0.34299999 -1.109 0.49900001 4
-0.29899999 -1.3609999 0.50800002 20
-0.29300001 -1.202 0.47799999 11
-0.31999999 -1.199 0.50800002 6
-0.31900001 -1.1160001 0.49900001 4
-0.26699999 -1.373 0.51200002 3
-0.26499999 -1.207 0.479 9
-0.292 -1.204 0.50800002 7
-0.29499999 -1.124 0.5 4
-0.23199999 -1.363 0.509 21
-0.236 -1.206 0.477 11
-0.264 -1.205 0.50599998 8
-0.27000001 -1.131 0.5 4
-0.2 -1.37 0.51099998 3
-0.208 -1.211 0.47799999 9
-0.237 -1.2079999 0.505 8
-0.24699999 -1.141 0.50199997 4
0 0 0 0
-0.17900001 -1.211 0.47799999 11
-0.20999999 -1.214 0.50700003 9
-0.223 -1.15 0.50400001 4
-0.1 -1.0190001 0.38100001 4
-0.12800001 -1.025 0.40400001 3
-0.182 -1.215 0.50599998 9
-0.198 -1.155 0.50400001 4
-0.075999998 -1.035 0.38800001 4
-0.104 -1.027 0.405 3
-0.132 -1.036 0.43000001 4
-0.17299999 -1.158 0.50300002 4
-0.145 -2.862 1.076 7
-0.079999998 -1.025 0.405 3
-0.107 -1.024 0.42500001 4
-0.132 -1.041 0.45100001 3
-0.041000001 -1.553 0.58600003 1
-0.057999998 -1.054 0.41600001 1
-0.085000001 -1.03 0.42699999 4
-0.108 -1.029 0.44499999 3
-0.0049999999 -1.557 0.58999997 2
-0.093000002 -2.8659999 1.135 15
-0.059999999 -1.006 0.417 2
-0.086000003 -1.041 0.449 4
0.030999999 -1.5650001 0.59500003 2
-0.028000001 -2.868 1.138 55
-0.054000001 -1.42 0.588 0
-0.059999999 -0.98100001 0.42199999 5
0.125 -2.8859999 1.104 65
0.037 -2.8870001 1.148 65
-0.022 -1.414 0.58600003 0
-0.114 -2.865 1.2309999 14
0.19400001 -2.904 1.117 70
0.103 -2.8900001 1.153 66
0.0089999996 -1.41 0.58499998 2
-0.050999999 -2.8659999 1.23 68
0.26300001 -2.905 1.124 65
0.169 -2.892 1.158 68
0.039999999 -1.418 0.588 3
0.011 -2.8789999 1.235 74
0.331 -2.9030001 1.131 63
0.236 -2.9000001 1.166 72
0.147 -2.885 1.2 63
0.074000001 -2.882 1.2359999 75
0.40200001 -2.9130001 1.143 66
0.30399999 -2.905 1.174 67
0.212 -2.892 1.205 66
0.13699999 -2.888 1.239 70
0.47299999 -2.9230001 1.156 57
0.37099999 -2.904 1.179 60
0.278 -2.904 1.214 71
0.20100001 -2.892 1.2410001 67
0.542 -2.918 1.164 61
0.44100001 -2.9230001 1.194 71
0.34400001 -2.9100001 1.22 65
0.26499999 -2.898 1.245 64
0.61500001 -2.9300001 1.178 61
0.509 -2.9230001 1.201 65
0.41100001 -2.9189999 1.228 67
0.329 -2.904 1.249 65
0.68699998 -2.9360001 1.192 57
0.57999998 -2.931 1.212 64
0.479 -2.925 1.2359999 69
0.39500001 -2.908 1.2539999 70
0.76200002 -2.944 1.207 60
0.65100002 -2.938 1.224 65
0.546 -2.924 1.2410001 62
0.461 -2.911 1.258 67
0.83700001 -2.95 1.223 58
0.72399998 -2.948 1.237 59
0.61500001 -2.927 1.249 59
0.528 -2.9189999 1.265 63
0.91299999 -2.9579999 1.239 54
0.79500002 -2.9449999 1.247 59
0.68699998 -2.9449999 1.263 60
0.59600002 -2.927 1.273 68
0.98900002 -2.957 1.2539999 59
0.87 -2.9549999 1.262 62
0.75700003 -2.9430001 1.271 56
0.66500002 -2.9319999 1.28 60
1.0700001 -2.971 1.275 57
0.94499999 -2.961 1.276 59
0.82999998 -2.95 1.2819999 58
0.736 -2.9430001 1.29 64
1.151 -2.9779999 1.294 51
1.023 -2.973 1.294 66
0.90499997 -2.9630001 1.2970001 64
0.80699998 -2.951 1.3 74
1.23 -2.9779999 1.311 69
1.102 -2.9790001 1.3099999 60
0.98100001 -2.9719999 1.311 58
0.87800002 -2.951 1.307 70
1.3150001 -2.9879999 1.334 55
1.182 -2.987 1.3279999 61
1.056 -2.9749999 1.323 67
0.95300001 -2.96 1.319 61
1.403 -2.997 1.358 58
1.2640001 -2.9909999 1.346 71
1.136 -2.9860001 1.339 58
1.029 -2.9679999 1.331 67
1.49 -3.0009999 1.381 12
1.347 -2.9979999 1.365 52
1.215 -2.9890001 1.354 67
1.107 -2.9790001 1.345 72
0 0 0 0
1.4299999 -2.9990001 1.3839999 50
1.293 -2.9879999 1.367 59
1.183 -2.977 1.354 73
0 0 0 0
0 0 0 0
1.378 -2.9979999 1.385 61
1.262 -2.983 1.367 79
1.773 -3.033 1.465 46
0 0 0 0
1.459 -2.9979999 1.4 27
1.342 -2.9849999 1.38 52
1.87 -3.0380001 1.494 58
1.712 -3.0409999 1.4630001 28
0 0 0 0
1.428 -2.9960001 1.398 64
1.965 -3.036 1.521 10
1.801 -3.0380001 1.483 58
0 0 0 0
0 0 0 0
0.98799998 -1.4529999 0.74199998 2
1.901 -3.0469999 1.512 41
1.7410001 -3.0369999 1.472 42
0 0 0 0
0 0 0 0
0.958 -1.46 0.73699999 1
1.835 -3.04 1.494 53
1.714 -3.05 1.4680001 15
0 0 0 0
0.99400002 -1.444 0.741 2
1.9299999 -3.0409999 1.516 13
1.795 -3.033 1.478 52
1.15 -1.465 0.79500002 2
1.044 -1.446 0.755 0
0.97600001 -1.465 0.741 2
1.8940001 -3.043 1.501 66
1.21 -1.472 0.81699997 2
1.108 -1.464 0.77899998 2
1.0140001 -1.449 0.745 0
1.9910001 -3.0439999 1.521 11
1.266 -1.473 0.83600003 2
1.165 -1.47 0.79799998 2
1.067 -1.455 0.75999999 0
1.003 -1.461 0.74000001 1
1.327 -1.475 0.85699999 0
1.214 -1.462 0.81 2
1.133 -1.473 0.78299999 2
0 0 0 0
1.385 -1.471 0.87599999 0
1.288 -1.482 0.83899999 2
1.1849999 -1.471 0.796 2
0 0 0 0
1.466 -1.489 0.90899998 0
1.3380001 -1.471 0.85100001 2
1.242 -1.473 0.81199998 2
1.163 -1.47 0.77999997 1
0 0 0 0
1.411 -1.483 0.87800002 1
1.3099999 -1.484 0.83399999 1
1.21 -1.46 0.787 2
0 0 0 0
1.474 -1.482 0.898 0
1.374 -1.488 0.85399997 1
1.279 -1.474 0.81 2
0 0 0 0
1.551 -1.49 0.926 0
1.446 -1.497 0.87800002 2
1.349 -1.485 0.83099997 2
0 0 0 0
1.624 -1.492 0.95099998 0
1.506 -1.49 0.89399999 0
1.419 -1.493 0.852 1
0 0 0 0
0 0 0 0
1.577 -1.492 0.91600001 0
1.472 -1.479 0.86199999 0
4.1999998 -3.256 2.3629999 17
0 0 0 0
0 0 0 0
1.549 -1.487 0.88599998 0
4.223 -3.1259999 2.3440001 18
4.105 -3.29 2.2809999 10
0 0 0 0
0 0 0 0
4.2420001 -2.997 2.3239999 17
4.2059999 -3.2190001 2.3010001 18
0 0 0 0
0 0 0 0
4.2519999 -2.865 2.302 18
4.2210002 -3.0829999 2.2750001 18
4.184 -3.2950001 2.2490001 16
0 0 0 0
4.2600002 -2.7349999 2.2809999 17
4.2379999 -2.9530001 2.2520001 18
4.2160001 -3.1670001 2.227 18
0 0 0 0
4.283 -2.619 2.2690001 16
4.2529998 -2.823 2.23 17
4.2259998 -3.0280001 2.1960001 18
4.217 -3.211 2.1719999 19
4.2909999 -2.4960001 2.25 17
4.2589998 -2.6930001 2.204 18
4.2480001 -2.8989999 2.1730001 17
4.2249999 -3.0680001 2.1370001 19
4.2940001 -2.372 2.2309999 17
4.2719998 -2.569 2.184 17
4.2550001 -2.766 2.1440001 17
4.2399998 -2.931 2.108 18
4.3109999 -2.2590001 2.221 17
4.2820001 -2.4460001 2.165 17
4.2670002 -2.638 2.1199999 17
4.2519999 -2.7980001 2.0780001 18
4.3179998 -2.1440001 2.2060001 18
4.2940001 -2.3269999 2.1470001 18
4.283 -2.5150001 2.099 17
4.2600002 -2.665 2.049 18
4.323 -2.029 2.1930001 18
4.302 -2.2090001 2.1300001 22
4.29 -2.3900001 2.075 17
4.2680001 -2.5350001 2.0220001 18
4.3379998 -1.9220001 2.184 18
4.3130002 -2.095 2.115 23
4.3010001 -2.2690001 2.0550001 22
4.29 -2.4159999 2.0020001 18
4.3369999 -1.809 2.1700001 23
4.3189998 -1.98 2.099 22
4.3109999 -2.152 2.0369999 22
4.3000002 -2.2920001 1.979 18
4.3460002 -1.7029999 2.161 25
4.336 -1.872 2.089 24
4.3169999 -2.0320001 2.017 24
4.2989998 -2.1659999 1.9529999 18
4.3590002 -1.599 2.1559999 25
4.335 -1.758 2.072 26
4.3309999 -1.92 2.003 24
4.322 -2.0539999 1.939 23
4.369 -1.4960001 2.1500001 26
4.3390002 -1.647 2.0599999 26
4.3449998 -1.809 1.99 26
4.335 -1.937 1.9220001 24
4.3730001 -1.392 2.142 29
4.3509998 -1.5420001 2.0510001 33
4.3540001 -1.697 1.977 29
4.3379998 -1.8200001 1.902 26
4.3909998 -1.293 2.1429999 29
4.3660002 -1.439 2.0450001 29
4.369 -1.59 1.967 26
4.349 -1.706 1.887 28
4.3909998 -1.1900001 2.135 32
4.3740001 -1.334 2.0380001 30
4.3829999 -1.482 1.9579999 30
4.3569999 -1.5930001 1.872 33
4.4070001 -1.092 2.1359999 27
4.3850002 -1.2309999 2.0320001 30
4.3920002 -1.374 1.947 29
4.3629999 -1.4809999 1.857 35
4.4169998 -0.99400002 2.1359999 29
4.3990002 -1.13 2.03 31
4.395 -1.266 1.9349999 35
1.289 -0.40400001 0.54400003 16
4.4320002 -0.89700001 2.138 27
4.402 -1.027 2.023 28
4.4180002 -1.164 1.934 34
4.3959999 -1.267 1.84 5
4.4429998 -0.79900002 2.1389999 26
4.4159999 -0.92699999 2.0220001 32
4.4169998 -1.056 1.923 37
4.3940001 -1.156 1.826 34
4.4520001 -0.70200002 2.141 11
4.428 -0.82800001 2.0209999 31
4.4299998 -0.95300001 1.919 32
4.401 -1.048 1.817 35
4.4419999 -0.60299999 2.135 4
4.434 -0.727 2.0190001 22
4.4369998 -0.84899998 1.913 34
4.4180002 -0.94400001 1.812 36
0 0 0 0
4.4569998 -0.62900001 2.0250001 8
4.4400001 -0.745 1.906 26
4.4239998 -0.83700001 1.8049999 38
0 0 0 0
4.4770002 -0.53100002 2.03 1
4.4590001 -0.64300001 1.908 9
4.4419999 -0.73299998 1.803 25
0 0 0 0
0 0 0 0
4.474 -0.54100001 1.909 1
4.4629998 -0.62900001 1.804 8
0.949 -0.046 0.456 7
0.99800003 -0.072999999 0.45199999 1
0 0 0 0
0 0 0 0
0.94800001 -0.026000001 0.456 3
1.011 -0.052000001 0.45699999 3
1.072 -0.079999998 0.45500001 1
0 0 0 0
0 0 0 0
0 0 0 0
1.073 -0.055 0.45500001 3
0 0 0 0
0.53299999 0.0080000004 0.257 2
1.005 -0.0070000002 0.45500001 0
0 0 0 0
0 0 0 0
0 0 0 0
1.003 0.015 0.45500001 2
1.072 -0.0060000001 0.45500001 3
0 0 0 0
0.93300003 0.054000001 0.45300001 7
0 0 0 0
1.075 0.017999999 0.456 1
1.145 0.001 0.456 3
0.88300002 0.07 0.43000001 6
0.99599999 0.059 0.45300001 3
0 0 0 0
0 0 0 0
0.65700001 0.066 0.32100001 4
0.99699998 0.081 0.45500001 3
1.062 0.067000002 0.45199999 3
1.1289999 0.055 0.44999999 0
0.55199999 0.067000002 0.271 8
0.99000001 0.103 0.45300001 3
1.058 0.090999998 0.45100001 3
1.137 0.082000002 0.454 3
0 0 0 0
0.98299998 0.124 0.45199999 4
1.064 0.116 0.45500001 3
1.132 0.109 0.45300001 3
0.56199998 0.093000002 0.278 9
0.97899997 0.146 0.45199999 3
1.052 0.14 0.45100001 4
1.1289999 0.13500001 0.45300001 4
0 0 0 0
0.97000003 0.167 0.449 4
1.048 0.164 0.45100001 3
1.122 0.162 0.45100001 4
0.56300002 0.118 0.28200001 9
0.972 0.189 0.45199999 3
1.04 0.18700001 0.449 3
1.115 0.18799999 0.44999999 4
0 0 0 0
0.773 0.169 0.36199999 6
1.031 0.20999999 0.447 3
1.11 0.214 0.44999999 4
0.55900002 0.142 0.28299999 10
0.63800001 0.154 0.30000001 4
1.025 0.234 0.447 3
1.103 0.241 0.449 4
0 0 0 0
0 0 0 0
1.025 0.259 0.44999999 5
1.094 0.266 0.44800001 3
0.55500001 0.167 0.285 10
0.55699998 0.161 0.266 8
1.015 0.28099999 0.449 3
1.087 0.292 0.44800001 4
0 0 0 0
0 0 0 0
1.008 0.30500001 0.449 5
1.082 0.31799999 0.449 3
0.55199999 0.192 0.289 10
0.55500001 0.18700001 0.26899999 8
0.96499997 0.31600001 0.433 3
1.067 0.34200001 0.44600001 4
0 0 0 0
0 0 0 0
0.74699998 0.264 0.338 5
1.059 0.36700001 0.44600001 4
0.54900002 0.21699999 0.292 10
0.54900002 0.213 0.271 8
0.551 0.20900001 0.252 5
1.045 0.391 0.44499999 4
0 0 0 0
0 0 0 0
0 0 0 0
1.029 0.41299999 0.442 4
0.551 0.24600001 0.29899999 10
0.551 0.243 0.27700001 9
0.56 0.243 0.26100001 8
1.024 0.44 0.44400001 4
0.55599999 0.26199999 0.30500001 11
0 0 0 0
0 0 0 0
1.002 0.45899999 0.43900001 4
0.551 0.27500001 0.30500001 11
0.55900002 0.27599999 0.28799999 9
0.56199998 0.27500001 0.26800001 9
0.77200001 0.377 0.34299999 3
0.55299997 0.28999999 0.31 10
0.55900002 0.292 0.29100001 8
0 0 0 0
0.56599998 0.29300001 0.25400001 7
0.55400002 0.30599999 0.31400001 10
0.55500001 0.30599999 0.29300001 7
0.56999999 0.31299999 0.278 8
0.56800002 0.31200001 0.259 10
0.55500001 0.322 0.31900001 8
0 0 0 0
0.56900001 0.33000001 0.28200001 9
0.56999999 0.331 0.264 10
0.56400001 0.34400001 0.32800001 7
0.56900001 0.34799999 0.30899999 6
0.57499999 0.35100001 0.289 6
0.57599998 0.35299999 0.271 9
0.57200003 0.366 0.338 4
0.57800001 0.37099999 0.31799999 4
0.58899999 0.37900001 0.301 6
0.588 0.38 0.28 7
0.58099997 0.389 0.34799999 4
0.58700001 0.39500001 0.32699999 3
0.597 0.40400001 0.31 4
0.59500003 0.405 0.289 5
0.61500001 0.43099999 0.373 1
0 0 0 0
0 0 0 0
0.60500002 0.43399999 0.29899999 1
0.70999998 0.51999998 0.43799999 2
0.76300001 0.565 0.44 0
0 0 0 0
0.86500001 0.65200001 0.435 3
0.70700002 0.542 0.44400001 4
0.74699998 0.579 0.43900001 0
0 0 0 0
0.84399998 0.66900003 0.43399999 4
0 0 0 0
0.71899998 0.58399999 0.43000001 0
0.787 0.64700001 0.43900001 0
0.82800001 0.69 0.435 3
0 0 0 0
0.65499997 0.55599999 0.39899999 0
0.75999999 0.65399998 0.433 0
0 0 0 0
0.63 0.55000001 0.41600001 0
0 0 0 0
0 0 0 0
0 0 0 0
0 0 0 0
0 0 0 0
0 0 0 0
0 0 0 0
0.63 0.59899998 0.433 7
0 0 0 0
0 0 0 0
0.75599998 0.764 0.43599999 4
0.63700002 0.63300002 0.447 6
0.648 0.65799999 0.43000001 1
0 0 0 0
0.73000002 0.77499998 0.43200001 3
0.64600003 0.66900003 0.463 0
0.64200002 0.68199998 0.43599999 6
0 0 0 0
0 0 0 0
3.046 3.2950001 2.2349999 5
0.64899999 0.72100002 0.45199999 4
0 0 0 0
0 0 0 0
2.974 3.358 2.2349999 51
3.112 3.6170001 2.2249999 5
0.65600002 0.78399998 0.44400001 6
0 0 0 0
2.9000001 3.418 2.233 50
3.0239999 3.677 2.221 54
3.171 3.973 2.214 5
0.67199999 0.86699998 0.44800001 7
2.8299999 3.484 2.2349999 52
2.9319999 3.7320001 2.2160001 52
3.075 4.0419998 2.2149999 49
3.2079999 4.349 2.214 5
2.747 3.533 2.227 52
2.8469999 3.7950001 2.2160001 51
2.971 4.0999999 2.211 47
3.092 4.4099998 2.211 39
2.6700001 3.592 2.227 52
2.7579999 3.8559999 2.2160001 54
2.868 4.1599998 2.21 50
2.98 4.4790001 2.214 38
2.592 3.6500001 2.227 53
2.6689999 3.9130001 2.214 54
2.7679999 4.224 2.2130001 49
2.8629999 4.5370002 2.2130001 39
2.51 3.6989999 2.223 53
2.575 3.9619999 2.21 45
2.6659999 4.2810001 2.2119999 52
2.74 4.5830002 2.2079999 40
2.434 3.756 2.224 51
2.49 4.0240002 2.214 52
2.556 4.3239999 2.2060001 51
2.6289999 4.6440001 2.21 41
2.3529999 3.809 2.224 52
2.3929999 4.0689998 2.21 51
2.451 4.3769999 2.2060001 51
2.507 4.6900001 2.2079999 46
2.27 3.8570001 2.221 51
2.3010001 4.1209998 2.211 53
2.3440001 4.4239998 2.204 52
2.382 4.7280002 2.2030001 48
2.1900001 3.911 2.224 50
2.21 4.1750002 2.2130001 54
2.2320001 4.4619999 2.2 48
2.2609999 4.7729998 2.204 48
2.1010001 3.951 2.22 51
2.1070001 4.2090001 2.207 54
2.1259999 4.513 2.204 48
2.142 4.8189998 2.2060001 42
2.0139999 3.9949999 2.2179999 54
2.0039999 4.2379999 2.1989999 42
2.0190001 4.5580001 2.2060001 41
2.017 4.8520002 2.204 30
1.933 4.0479999 2.2219999 55
1.914 4.296 2.207 52
1.9069999 4.5890002 2.2019999 37
1.892 4.875 2.198 22
1.844 4.0840001 2.2179999 48
1.813 4.322 2.2 46
1.791 4.6090002 2.194 30
1.773 4.9130001 2.201 29
1.752 4.1160002 2.2130001 46
1.71 4.3499999 2.1949999 42
1.683 4.6490002 2.197 29
1.643 4.9229999 2.194 22
1.663 4.1539998 2.211 44
1.613 4.3889999 2.197 40
1.567 4.6680002 2.1919999 30
1.521 4.9510002 2.1949999 21
1.572 4.1900001 2.21 46
1.51 4.4130001 2.1919999 36
1.454 4.6939998 2.1919999 27
1.395 4.9710002 2.1949999 27
1.479 4.2199998 2.207 42
1.41 4.4489999 2.1949999 29
1.341 4.7179999 2.1919999 31
1.27 4.9829998 2.1919999 28
1.3890001 4.257 2.2079999 41
1.307 4.4699998 2.191 38
1.228 4.7350001 2.1889999 35
0 0 0 0
1.296 4.2839999 2.2049999 39
1.207 4.4980001 2.1919999 48
0 0 0 0
1.021 4.9959998 2.187 3
1.202 4.3080001 2.2019999 42
1.102 4.5110002 2.1860001 12
1.0039999 4.77 2.1889999 24
0.898 5.0040002 2.187 27
1.1059999 4.329 2.198 25
1.007 4.5669999 2.2030001 10
0.88700002 4.7670002 2.1819999 35
0.77600002 5.0089998 2.187 31
0 0 0 0
0.89700001 4.552 2.187 43
0.77499998 4.783 2.184 38
0 0 0 0
0.91500002 4.3730001 2.194 4
0.79299998 4.5739999 2.1889999 44
0 0 0 0
0.086000003 0.81199998 0.354 0
0.82200003 4.408 2.2 40
0.68699998 4.5780001 2.1849999 47
0.078000002 0.68199998 0.31 4
0.071999997 0.884 0.38600001 1
0.72600001 4.4260001 2.198 46
0 0 0 0
0.077 0.84600002 0.38499999 3
0.287 4.987 2.184 4
0.62900001 4.4400001 2.1949999 45
0.075999998 0.73199999 0.347 2
0.32499999 4.809 2.1889999 3
0.167 4.9629998 2.178 45
0 0 0 0
0.066 0.81300002 0.38499999 2
0.211 4.79 2.1819999 42
0.048 4.9549999 2.1800001 46
0.072999999 0.755 0.37 4
0.27200001 4.6220002 2.1889999 4
0.1 4.783 2.1819999 45
-0.07 4.9419999 2.1830001 46
0.061999999 0.82700002 0.40400001 1
0.167 4.618 2.1849999 51
-0.011 4.7719998 2.181 47
-0.18799999 4.9219999 2.1830001 45
0.236 4.487 2.191 5
0.061999999 4.6199999 2.1860001 50
-0.123 4.7600002 2.181 46
-0.30399999 4.8930001 2.1800001 39
0.13699999 4.4990001 2.1930001 49
-0.041999999 4.6170001 2.1860001 50
-0.234 4.7579999 2.1860001 47
-0.15899999 1.8430001 0.82499999 6
0.037999999 4.5019999 2.1900001 50
-0.146 4.6230001 2.191 51
-0.34200001 4.7350001 2.1830001 40
-0.20299999 1.849 0.833 48
-0.061000001 4.5139999 2.194 50
-0.25 4.6079998 2.187 50
-0.178 1.865 0.86400002 11
-0.25299999 1.885 0.85500002 58
-0.161 4.5110002 2.1919999 49
-0.354 4.599 2.187 47
-0.22 1.848 0.86000001 52
-0.294 1.8559999 0.84799999 59
-0.26100001 4.506 2.1889999 50
-0.18700001 1.87 0.89099997 20
-0.26699999 1.868 0.87300003 63
-0.32499999 1.775 0.81699997 69
-0.36300001 4.5170002 2.1960001 45
-0.227 1.846 0.88300002 52
-0.30599999 1.835 0.86299998 50
-0.36300001 1.745 0.81 80
-0.192 1.877 0.91299999 34
-0.271 1.853 0.889 77
-0.338 1.771 0.838 65
-0.40200001 1.727 0.80900002 77
-0.229 1.831 0.89300001 62
-0.30700001 1.8150001 0.875 51
-0.373 1.737 0.82800001 79
-0.44400001 1.72 0.81300002 71
-0.273 1.848 0.90200001 76
-0.33899999 1.76 0.852 65
-0.41299999 1.726 0.829 68
-0.49000001 1.729 0.82599998 63
-0.308 1.802 0.88200003 54
-0.37599999 1.74 0.847 65
-0.456 1.726 0.83600003 65
-0.53899997 1.742 0.84100002 60
-0.34099999 1.7589999 0.86400002 61
-0.41600001 1.7309999 0.847 65
-0.50099999 1.733 0.84600002 60
-0.60699999 1.809 0.884 72
-0.37799999 1.7410001 0.85799998 62
-0.458 1.732 0.85299999 61
-0.54699999 1.74 0.85799998 61
-0.65799999 1.816 0.898 68
-0.41800001 1.732 0.85699999 58
-0.50099999 1.734 0.86000001 58
-0.61400002 1.8049999 0.89899999 75
-0.72299999 1.858 0.93099999 42
-0.458 1.73 0.86000001 53
-0.55199999 1.758 0.87900001 54
-0.66500002 1.816 0.91399997 68
-1.97 4.7270002 2.401 52
-0.50199997 1.737 0.86799997 62
-0.61000001 1.796 0.90600002 77
-0.72799999 1.853 0.94300002 28
-2.075 4.6659999 2.4030001 56
-0.55000001 1.7539999 0.88099998 62
-0.66000003 1.807 0.91900003 59
-1.965 4.6799998 2.4100001 57
-2.177 4.6020002 2.405 55
-0.61000001 1.801 0.91100001 75
-0.72500002 1.854 0.95099998 20
-2.0699999 4.6259999 2.4119999 58
-2.2720001 4.5240002 2.401 52
-0.66000003 1.814 0.92400002 63
-1.944 4.6539998 2.4130001 59
-2.1670001 4.5560002 2.408 62
-2.3670001 4.4510002 2.4000001 51
-0.72500002 1.859 0.954 16
-2.05 4.6069999 2.4130001 61
-2.27 4.5019999 2.4119999 52
-2.4630001 4.3800001 2.402 51
-1.936 4.6490002 2.4059999 59
-2.154 4.5560002 2.414 61
-2.3629999 4.427 2.4059999 53
-2.5510001 4.296 2.398 57
-2.0450001 4.6129999 2.408 61
-2.25 4.4920001 2.408 55
-2.461 4.3629999 2.408 56
-2.6429999 4.223 2.401 57
-2.151 4.5679998 2.408 62
-2.346 4.427 2.404 59
-2.55 4.2880001 2.404 58
-2.733 4.1479998 2.4030001 59
-2.253 4.5159998 2.404 54
-2.4460001 4.3699999 2.405 60
-2.648 4.2270002 2.4100001 59
-2.819 4.0669999 2.404 59
-2.3540001 4.4619999 2.401 59
-2.5439999 4.3099999 2.4059999 59
-2.737 4.152 2.4089999 58
-2.9030001 3.987 2.405 54
-2.4579999 4.4099998 2.401 54
-2.6400001 4.2480001 2.405 60
-2.8269999 4.079 2.4100001 60
-2.984 3.902 2.4059999 53
-2.559 4.3530002 2.3989999 54
-2.7379999 4.1869998 2.408 61
-2.9159999 4.007 2.4130001 58
-3.0469999 3.799 2.3940001 55
-2.6600001 4.2979999 2.4000001 57
-2.8299999 4.119 2.408 61
-2.993 3.9189999 2.4070001 56
-2.8599999 3.4000001 2.194 53
-2.7590001 4.237 2.398 56
-2.9219999 4.0489998 2.4089999 59
-3.0799999 3.846 2.411 59
-3.013 3.418 2.2579999 65
-2.855 4.1719999 2.3970001 57
-3.0090001 3.9749999 2.4070001 55
-2.8610001 3.408 2.1830001 51
-3.164 3.425 2.3210001 67
-2.9579999 4.1160002 2.401 49
-3.096 3.901 2.4059999 53
-2.99 3.3989999 2.227 69
-1.091 1.127 0.78399998 21
-3.053 4.0489998 2.401 55
-3.165 3.8039999 2.3929999 57
-1.09 1.184 0.79299998 4
-1.102 1.087 0.77700001 39
-3.1489999 3.9820001 2.402 49
-2.9719999 3.4089999 2.1889999 60
-1.097 1.137 0.78100002 36
-1.105 1.041 0.76499999 34
-3.243 3.911 2.402 46
-1.086 1.1900001 0.78100002 31
-1.098 1.087 0.76599997 35
-1.113 1.001 0.75700003 33
-1.0829999 1.247 0.77999997 30
-1.094 1.1440001 0.76800001 34
-1.11 1.05 0.759 30
-1.125 0.96600002 0.75300002 29
-1.091 1.199 0.76499999 33
-1.103 1.102 0.75700003 29
-1.128 1.018 0.75700003 25
-1.146 0.93900001 0.755 29
-1.097 1.15 0.75 24
-1.122 1.0700001 0.75400001 25
-1.147 0.98799998 0.75599998 26
-1.163 0.90899998 0.75599998 30
-1.122 1.124 0.74900001 22
-1.145 1.043 0.75300002 22
-1.1670001 0.95999998 0.75700003 27
-1.1799999 0.88 0.75700003 27
-1.148 1.098 0.74900001 22
-1.169 1.016 0.75400001 23
-1.1849999 0.93000001 0.75700003 27
-1.196 0.84899998 0.75700003 28
-1.178 1.075 0.75199997 20
-1.193 0.98900002 0.75599998 25
-1.204 0.90100002 0.75700003 27
-1.211 0.81900001 0.75700003 29
-1.204 1.048 0.75199997 21
-1.21 0.95700002 0.75300002 24
-1.226 0.87400001 0.75999999 27
-1.226 0.78899997 0.75800002 31
-1.228 1.02 0.75199997 20
-1.232 0.92900002 0.75400001 24
-1.2410001 0.84200001 0.759 29
-1.238 0.75800002 0.75800002 29
-1.243 0.98400003 0.74599999 6
-1.2460001 0.89600003 0.75099999 8
-1.251 0.80800003 0.75599998 20
-1.253 0.72799999 0.75999999 31
-1.256 0.94800001 0.741 2
-1.251 0.85600001 0.74299997 4
-1.2589999 0.773 0.75199997 7
-1.2640001 0.69700003 0.75999999 26
-1.3 0.93400002 0.75300002 10
-1.273 0.829 0.745 3
-1.271 0.741 0.75099999 4
-1.263 0.65899998 0.75199997 9
-1.324 0.90499997 0.75400001 25
-1.3150001 0.81300002 0.759 9
-1.286 0.71100003 0.75099999 3
-1.2690001 0.62599999 0.75 7
-1.345 0.87300003 0.75400001 25
-1.329 0.77999997 0.75800002 25
-1.3099999 0.68599999 0.75800002 5
-1.28 0.59600002 0.75099999 5
-1.365 0.84200001 0.75400001 19
-1.346 0.74900001 0.75800002 26
-1.335 0.66000003 0.76599997 11
-1.278 0.56 0.745 4
-1.37 0.801 0.74699998 2
-1.3660001 0.71899998 0.76099998 28
-1.347 0.62800002 0.76599997 22
-1.289 0.52999997 0.74699998 3
-3.3710001 1.8660001 1.812 6
-1.378 0.685 0.75999999 23
-1.358 0.59600002 0.76599997 29
-1.307 0.50400001 0.75400001 3
-3.3859999 1.771 1.798 3
-1.381 0.64700001 0.75400001 8
-1.367 0.56300002 0.76599997 31
-1.3049999 0.47 0.74900001 4
-4.638 2.2880001 2.4330001 32
-1.386 0.61000001 0.74900001 2
-1.374 0.52899998 0.76499999 30
-1.3329999 0.44600001 0.76200002 5
-4.6760001 2.171 2.425 45
-3.4030001 1.405 1.825 9
-1.386 0.498 0.76700002 33
-1.336 0.414 0.76099998 7
-4.7319999 2.063 2.4289999 44
-3.4260001 1.323 1.823 8
-1.396 0.46599999 0.76899999 31
-1.35 0.38499999 0.76700002 8
-4.7849998 1.952 2.4330001 47
-3.4449999 1.24 1.819 7
-1.403 0.433 0.76899999 27
-1.358 0.35499999 0.76999998 9
-4.836 1.841 2.437 45
-3.447 1.15 1.809 2
-1.411 0.40099999 0.76999998 27
-1.36 0.32300001 0.76899999 10
-4.8800001 1.726 2.4389999 46
-3.4779999 1.072 1.814 6
-1.413 0.36700001 0.76899999 24
-1.36 0.29100001 0.76700002 10
-4.9219999 1.6109999 2.441 48
-3.5309999 0.99900001 1.831 0
-1.42 0.33399999 0.76999998 21
-1.365 0.26100001 0.76999998 12
-4.9569998 1.493 2.441 42
-4.7649999 1.229 2.46 55
-1.424 0.30199999 0.76999998 19
-1.37 0.23 0.77200001 10
-4.9689999 1.37 2.431 14
-4.7800002 1.1160001 2.4579999 56
-1.426 0.26800001 0.76899999 15
-1.36 0.198 0.76599997 12
-5.0370002 1.26 2.451 52
-4.8039999 1.005 2.461 56
-1.429 0.235 0.76999998 13
-1.313 0.161 0.74000001 10
-5.0619998 1.1390001 2.45 51
-4.823 0.89200002 2.4630001 59
-1.415 0.2 0.76200002 21
-1.365 0.13699999 0.76999998 8
-5.0879998 1.017 2.4519999 57
-4.8540001 0.78200001 2.473 51
-1.395 0.16500001 0.75099999 49
-1.357 0.106 0.76700002 6
-5.1160002 0.89700001 2.4560001 55
-1.283 0.176 0.65200001 6
-1.437 0.13699999 0.773 21
-1.35 0.075999998 0.764 5
-5.1389999 0.77499998 2.46 59
-4.8559999 0.55199999 2.4660001 5
-1.441 0.105 0.77600002 24
-1.342 0.046 0.76099998 5
-1.295 0.163 0.61799997 8
-3.5810001 0.32300001 1.817 0
-1.438 0.071999997 0.77499998 27
-1.3380001 0.016000001 0.76099998 6
-5.1630001 0.528 2.46 7
-3.612 0.241 1.8329999 0
-1.4400001 0.039999999 0.77700001 30
-1.352 -0.013 0.77100003 7
-5.1750002 0.405 2.4630001 49
-3.6140001 0.15700001 1.835 0
-1.441 0.0070000002 0.77899998 31
-1.348 -0.041999999 0.77100003 8
-5.1900001 0.28 2.4690001 49
-3.5910001 0.071999997 1.824 0
-1.4400001 -0.024 0.78100002 31
-1.352 -0.071999997 0.77700001 11
-5.1939998 0.156 2.471 48
-3.586 -0.0099999998 1.825 1
-1.438 -0.057 0.78200001 31
-1.342 -0.101 0.77499998 17
-5.1939998 0.032000002 2.4719999 48
-3.595 -0.093999997 1.8329999 5
-1.4349999 -0.089000002 0.78299999 30
-1.347 -0.131 0.78100002 24
-5.1869998 -0.092 2.473 46
-3.5899999 -0.177 1.835 6
-1.439 -0.122 0.78899997 27
-1.336 -0.15899999 0.77899998 28
-5.1830001 -0.21600001 2.4760001 46
-3.5910001 -0.26100001 1.842 7
-1.432 -0.154 0.78799999 24
-1.331 -0.18799999 0.77999997 29
-5.1739998 -0.34 2.477 41
-3.579 -0.34400001 1.8430001 8
-1.429 -0.186 0.79000002 18
-1.335 -0.21799999 0.787 38
-5.1669998 -0.465 2.483 42
-3.5840001 -0.42899999 1.853 9
-1.413 -0.21600001 0.78600001 10
-1.319 -0.245 0.78299999 26
-5.158 -0.58899999 2.487 41
-1.488 -0.213 0.773 1
-1.393 -0.245 0.77999997 7
-1.312 -0.27399999 0.78500003 29
-5.138 -0.71200001 2.4890001 45
-1.478 -0.24699999 0.77200001 3
-1.382 -0.27500001 0.778 6
-1.306 -0.30199999 0.787 29
-5.1129999 -0.83499998 2.49 43
-1.48 -0.28299999 0.778 8
-1.37 -0.30500001 0.77700001 7
-1.295 -0.329 0.78600001 29
-5.0999999 -0.95899999 2.4979999 41
-1.4809999 -0.31900001 0.78299999 17
-1.367 -0.33700001 0.78100002 11
-1.2869999 -0.35699999 0.78799999 30
-5.0689998 -1.08 2.4990001 39
-1.476 -0.354 0.78600001 23
-1.373 -0.37099999 0.79100001 21
-1.278 -0.384 0.78899997 30
-5.0430002 -1.2029999 2.5039999 38
-1.47 -0.389 0.78899997 26
-1.369 -0.403 0.79500002 31
-1.2690001 -0.41100001 0.79000002 30
-3.6800001 -0.972 1.841 0
-1.462 -0.42300001 0.79100001 25
-1.357 -0.433 0.79500002 32
-1.267 -0.44100001 0.79699999 43
-3.6600001 -1.062 1.846 2
-1.45 -0.45699999 0.792 16
-1.348 -0.463 0.79799998 34
-1.262 -0.47 0.80199999 42
-3.6470001 -1.154 1.857 2
-1.433 -0.48800001 0.79100001 8
-1.335 -0.49200001 0.79799998 32
-1.266 -0.50300002 0.81300002 48
-1.516 -0.51999998 0.77899998 1
-1.409 -0.51700002 0.78500003 6
-1.3200001 -0.52100003 0.79699999 34
-1.271 -0.537 0.82499999 42
-1.5089999 -0.55900002 0.78399998 10
-1.395 -0.54900002 0.78600001 9
-1.308 -0.55000001 0.79900002 35
-1.271 -0.56900001 0.83399999 24
-1.5 -0.597 0.78799999 17
-1.391 -0.58499998 0.792 19
-1.298 -0.58099997 0.80299997 33
-1.2690001 -0.60100001 0.84299999 5
-1.49 -0.63499999 0.792 24
-1.383 -0.62 0.79799998 26
-1.285 -0.60900003 0.80400002 34
-3.7219999 -1.862 2.5050001 31
-1.472 -0.67000002 0.79299998 14
-1.37 -0.653 0.80000001 26
-1.275 -0.63999999 0.80800003 33
-1.632 -0.86000001 1.112 8
-1.4529999 -0.704 0.79299998 7
-1.349 -0.68199998 0.79799998 22
-1.279 -0.67799997 0.82200003 30
-1.605 -0.89099997 1.109 52
-1.421 -0.73199999 0.787 5
-1.329 -0.71100003 0.79799998 19
-1.289 -0.72000003 0.83899999 28
-1.594 -0.93000001 1.117 24
-1.4119999 -0.77100003 0.79400003 11
-1.313 -0.74199998 0.80000001 19
-1.388 -0.81699997 0.91799998 153
-3.563 -2.181 2.533 21
-1.395 -0.80599999 0.79699999 15
-1.299 -0.77499998 0.80400002 19
-1.415 -0.87599999 0.94999999 1
-3.5050001 -2.2509999 2.53 16
-1.374 -0.83899999 0.79799998 15
-1.288 -0.81 0.81099999 17
-3.7320001 -2.4260001 2.5450001 14
-3.45 -2.3199999 2.529 14
-1.353 -0.87199998 0.80000001 15
-1.296 -0.85699999 0.829 13
-3.6700001 -2.5039999 2.546 23
-3.4119999 -2.401 2.5420001 15
-1.33 -0.903 0.801 14
-1.291 -0.898 0.84100002 7
-3.5339999 -2.527 2.494 23
-3.352 -2.467 2.5409999 15
-1.309 -0.93599999 0.80400002 10
-3.457 -2.5250001 2.2950001 30
-3.3889999 -2.54 2.4349999 25
-3.306 -2.543 2.549 24
-1.311 -0.986 0.82200003 24
-3.322 -2.5469999 2.2490001 39
-3.263 -2.5610001 2.3900001 33
-3.1889999 -2.563 2.5039999 27
-1.311 -1.0369999 0.83899999 12
-3.1949999 -2.569 2.207 49
-3.1270001 -2.5669999 2.335 42
-3.066 -2.5739999 2.454 38
-3.108 -2.5829999 2.0339999 54
-3.0599999 -2.5799999 2.1600001 53
-3.003 -2.5780001 2.2869999 50
-2.9590001 -2.5929999 2.415 44
-2.9749999 -2.5969999 1.994 60
-2.9360001 -2.5929999 2.118 53
-2.892 -2.598 2.2509999 53
-2.8540001 -2.609 2.3759999 50
-2.8429999 -2.605 1.952 56
-2.812 -2.6040001 2.0769999 52
-2.7809999 -2.6110001 2.2119999 52
-2.7420001 -2.6159999 2.332 57
-2.7279999 -2.6240001 1.921 56
-2.707 -2.625 2.0469999 54
-2.6689999 -2.6199999 2.1719999 52
-2.6459999 -2.6329999 2.299 57
-2.6159999 -2.641 1.892 54
-2.5940001 -2.6340001 2.0120001 59
-2.569 -2.6359999 2.141 55
-2.5439999 -2.642 2.2620001 58
-2.507 -2.6559999 1.864 55
-2.49 -2.6489999 1.983 60
-2.467 -2.6459999 2.108 58
-2.448 -2.6530001 2.2279999 55
0 0 0 0
0 0 0 0
0 0 0 0
-2.3559999 -2.6630001 2.1960001 61
-0.639 -0.74699998 0.505 4
-0.63800001 -0.74599999 0.53799999 3
-0.63499999 -0.745 0.57200003 3
-2.2639999 -2.6719999 2.1659999 59
-0.60900003 -0.74699998 0.49599999 8
-0.61199999 -0.75 0.53100002 7
-0.611 -0.74900001 0.56599998 7
0 0 0 0
-0.58200002 -0.75099999 0.491 9
-0.588 -0.75400001 0.52600002 7
-0.58499998 -0.75099999 0.55800003 7
0 0 0 0
-0.55699998 -0.755 0.486 5
-0.55900002 -0.75300002 0.51700002 6
-0.56099999 -0.75400001 0.55199999 7
-0.55900002 -0.75199997 0.58099997 7
-0.53600001 -0.764 0.48500001 2
-0.53399998 -0.755 0.51099998 6
-0.53600001 -0.755 0.54400003 7
-0.537 -0.755 0.57499999 7
-0.50700003 -0.76200002 0.477 7
-0.51099998 -0.759 0.50599998 6
-0.514 -0.75800002 0.53899997 7
-0.51499999 -0.75800002 0.56800002 7
-0.48199999 -0.76300001 0.472 7
-0.48800001 -0.76200002 0.50199997 6
-0.49200001 -0.76200002 0.53500003 7
-0.493 -0.75999999 0.56199998 7
-0.458 -0.76599997 0.46799999 7
-0.46399999 -0.76300001 0.49599999 6
-0.47 -0.764 0.52899998 7
-0.47400001 -0.76499999 0.55900002 7
-0.43700001 -0.77200001 0.46700001 7
-0.442 -0.76599997 0.493 6
-0.44800001 -0.76599997 0.52399999 6
-0.45199999 -0.764 0.55199999 7
-0.412 -0.77100003 0.46200001 7
-0.421 -0.76999998 0.49000001 6
-0.426 -0.76700002 0.51899999 6
-0.43099999 -0.76700002 0.54699999 7
-0.38800001 -0.76899999 0.456 6
-0.39700001 -0.76899999 0.48500001 6
-0.405 -0.76899999 0.51499999 6
-0.41100001 -0.76800001 0.542 7
-0.368 -0.77600002 0.456 6
-0.377 -0.77200001 0.48199999 6
-0.38699999 -0.77499998 0.51300001 6
-0.39199999 -0.77200001 0.53899997 7
-0.34799999 -0.78100002 0.45500001 6
-0.35699999 -0.77600002 0.47999999 6
-0.36500001 -0.77200001 0.50700003 6
-0.37200001 -0.77100003 0.53299999 7
-0.32600001 -0.78200001 0.45300001 6
-0.338 -0.78200001 0.47999999 6
-0.34599999 -0.77600002 0.505 6
-0.352 -0.77100003 0.52700001 6
-0.30500001 -0.78500003 0.45199999 6
-0.315 -0.778 0.47299999 6
-0.32499999 -0.77600002 0.5 6
-0.33500001 -0.778 0.52700001 6
-0.28400001 -0.78500003 0.449 6
-0.296 -0.78299999 0.47400001 6
-0.30700001 -0.77999997 0.49900001 6
-0.31600001 -0.77899998 0.523 6
-0.26199999 -0.78299999 0.44600001 6
-0.27500001 -0.77999997 0.46900001 5
-0.289 -0.78500003 0.49900001 6
-0.296 -0.778 0.51800001 6
-0.243 -0.78799999 0.447 6
-0.25799999 -0.78899997 0.47099999 5
-0.26699999 -0.778 0.49000001 6
-0.278 -0.77899998 0.51499999 6
-0.222 -0.78600001 0.44400001 6
-0.236 -0.78500003 0.46700001 5
-0.25 -0.78299999 0.491 6
-0.26100001 -0.78399998 0.514 6
-0.20299999 -0.78899997 0.44499999 7
-0.21799999 -0.78899997 0.46700001 5
-0.23100001 -0.78299999 0.48800001 6
-0.243 -0.78299999 0.50999999 7
-0.183 -0.792 0.44499999 7
-0.198 -0.78600001 0.46399999 5
-0.213 -0.78799999 0.48800001 6
-0.22400001 -0.78200001 0.50599998 7
-0.164 -0.79400003 0.44600001 7
-0.18000001 -0.79100001 0.465 5
-0.19499999 -0.78600001 0.48500001 6
-0.208 -0.78799999 0.50700003 7
-0.145 -0.80000001 0.44800001 7
-0.162 -0.796 0.46599999 5
-0.177 -0.792 0.486 6
-0.191 -0.79100001 0.50599998 7
-0.125 -0.79500002 0.44600001 7
-0.142 -0.792 0.463 5
-0.15899999 -0.79299998 0.48500001 6
-0.17299999 -0.79100001 0.50300002 7
-0.105 -0.79500002 0.44499999 5
-0.124 -0.79699999 0.465 5
-0.142 -0.79699999 0.486 6
-0.15700001 -0.796 0.50400001 7
-0.086000003 -0.79400003 0.44499999 5
-0.106 -0.796 0.46399999 3
-0.124 -0.796 0.48300001 5
-0.138 -0.79100001 0.49900001 6
-0.068000004 -0.801 0.44999999 5
-0.086999997 -0.79799998 0.465 3
-0.105 -0.79100001 0.47999999 3
-0.121 -0.79100001 0.49700001 6
-0.050000001 -0.82499999 0.46399999 2
-0.07 -0.80900002 0.47099999 2
-0.088 -0.79699999 0.48199999 3
-0.104 -0.79400003 0.49700001 3
-0.107 -2.8540001 1.609 10
-0.052000001 -0.82599998 0.48100001 2
-0.07 -0.79799998 0.48199999 2
-0.086999997 -0.79400003 0.495 3
-0.039000001 -2.8570001 1.615 56
-0.116 -2.8510001 1.663 10
-0.055 -0.82300001 0.49700001 2
-0.07 -0.80299997 0.5 3
0.027000001 -2.8659999 1.626 58
-0.050999999 -2.8540001 1.6670001 51
-0.041000001 -0.93599999 0.565 1
-0.055 -0.82599998 0.51300001 2
0.094999999 -2.865 1.633 54
0.013 -2.868 1.679 49
-0.021 -0.95999998 0.579 0
-0.037999999 -0.84799999 0.52499998 0
0.163 -2.872 1.6440001 57
0 0 0 0
-0.001 -2.8670001 1.729 2
-0.068000004 -2.8599999 1.77 13
0.23199999 -2.8840001 1.659 59
0.14399999 -2.8740001 1.692 1
0.061000001 -2.8640001 1.729 30
-0.0070000002 -2.862 1.7690001 69
0.301 -2.892 1.673 62
0 0 0 0
0.125 -2.8740001 1.737 44
0.054000001 -2.8640001 1.7690001 66
0.37 -2.8929999 1.6849999 35
0.093000002 -0.96899998 0.574 0
0.18799999 -2.8759999 1.7410001 58
0.116 -2.8740001 1.775 72
0 0 0 0
0.345 -2.905 1.73 1
0.25299999 -2.8840001 1.75 59
0.178 -2.8789999 1.779 69
0.169 -0.96200001 0.56800002 0
0.412 -2.905 1.738 36
0.31900001 -2.8959999 1.762 58
0.241 -2.8870001 1.785 72
0.583 -2.9119999 1.734 12
0.48100001 -2.9089999 1.75 60
0.384 -2.902 1.771 70
0.30500001 -2.892 1.79 76
0.65499997 -2.9159999 1.751 61
0.54900002 -2.9119999 1.763 67
0.45100001 -2.9130001 1.784 70
0.368 -2.8929999 1.793 67
0.727 -2.9200001 1.7690001 69
0.62099999 -2.925 1.7819999 71
0.51800001 -2.9170001 1.794 78
0.43200001 -2.8989999 1.801 60
0.80199999 -2.9260001 1.79 48
0.68800002 -2.9170001 1.79 72
0.58399999 -2.914 1.8 61
0.498 -2.904 1.808 64
0.42399999 -1.4170001 0.875 4
0.76099998 -2.927 1.809 68
0.653 -2.9170001 1.811 64
0.56300002 -2.908 1.816 69
0.46200001 -1.4220001 0.88800001 4
0.39899999 -1.405 0.87599999 2
0.72299999 -2.9260001 1.827 67
0.62800002 -2.905 1.8200001 81
0.49599999 -1.416 0.89499998 3
0.43700001 -1.413 0.88800001 5
0.792 -2.927 1.8380001 48
0.69800001 -2.9189999 1.836 79
0.53399998 -1.418 0.90700001 3
0.47099999 -1.409 0.89399999 3
0.417 -1.418 0.89600003 4
0.76599997 -2.9230001 1.846 85
0.57099998 -1.415 0.91600001 2
0.50300002 -1.402 0.898 3
0.45300001 -1.423 0.90600002 4
0.398 -1.396 0.88599998 1
0.61000001 -1.418 0.93000001 2
0.546 -1.419 0.91799998 3
0.48800001 -1.423 0.912 3
0.43399999 -1.405 0.89600003 4
0.65100002 -1.42 0.94400001 2
0.583 -1.4170001 0.92699999 3
0.52499998 -1.427 0.92299998 3
0.46900001 -1.4069999 0.903 3
0.69 -1.418 0.95700002 2
0.62400001 -1.427 0.94400001 3
0.56 -1.424 0.92900002 3
0.50800002 -1.42 0.917 3
0.72899997 -1.416 0.97000003 2
0.66399997 -1.429 0.95700002 3
0.59799999 -1.426 0.93900001 3
0.546 -1.429 0.92900002 3
0.77200001 -1.418 0.986 2
0.69999999 -1.4220001 0.96399999 2
0.639 -1.434 0.95300001 3
0.58099997 -1.426 0.93400002 3
0.82300001 -1.432 1.012 2
0.745 -1.4299999 0.98299998 2
0.67400002 -1.428 0.95899999 2
0.616 -1.4220001 0.93900001 3
0.86400002 -1.427 1.026 2
0.78200001 -1.4220001 0.991 2
0.71200001 -1.424 0.96700001 2
0.653 -1.42 0.94599998 2
0.91299999 -1.434 1.049 2
0.82599998 -1.425 1.008 2
0.75300002 -1.428 0.98100001 2
0.68800002 -1.415 0.95099998 2
0.958 -1.4299999 1.0650001 2
0.87300003 -1.431 1.027 2
0.796 -1.4299999 0.995 2
0.73299998 -1.426 0.96799999 2
1.002 -1.425 1.082 2
0.92000002 -1.4349999 1.046 2
0.84299999 -1.439 1.0140001 2
0.76999998 -1.419 0.97299999 2
1.057 -1.433 1.11 1
0.96700001 -1.437 1.0650001 2
0.88300002 -1.433 1.023 2
0.81300002 -1.424 0.98699999 2
1.1059999 -1.4299999 1.13 0
1.015 -1.438 1.084 2
0.93199998 -1.439 1.0420001 2
0.85799998 -1.428 1.002 2
1.16 -1.432 1.156 0
1.067 -1.442 1.1059999 2
0.98100001 -1.444 1.061 2
0.90700001 -1.437 1.02 2
1.234 -1.455 1.2 0
1.114 -1.436 1.123 1
1.033 -1.451 1.082 2
0.94999999 -1.434 1.031 2
0 0 0 0
1.169 -1.439 1.147 1
1.081 -1.448 1.098 2
0.99699998 -1.434 1.045 2
0 0 0 0
1.233 -1.45 1.179 1
1.133 -1.45 1.118 0
1.0470001 -1.437 1.063 2
0 0 0 0
1.2869999 -1.447 1.202 0
1.187 -1.451 1.14 0
1.102 -1.444 1.084 1
0 0 0 0
1.35 -1.452 1.232 0
1.251 -1.461 1.169 0
1.151 -1.441 1.1 0
0 0 0 0
0 0 0 0
1.304 -1.456 1.188 0
1.21 -1.447 1.123 0
0 0 0 0
0 0 0 0
1.372 -1.465 1.22 0
1.2970001 -1.483 1.171 0
0 0 0 0
0 0 0 0
0 0 0 0
0 0 0 0
0 0 0 0
0 0 0 0
0 0 0 0
0 0 0 0
2.891 -2.2709999 2.3770001 38
0 0 0 0
0 0 0 0
0 0 0 0
2.9360001 -2.2019999 2.3789999 54
0 0 0 0
0 0 0 0
0 0 0 0
2.9809999 -2.1340001 2.3840001 52
2.98 -2.339 2.3789999 50
0 0 0 0
0 0 0 0
3.0150001 -2.059 2.3800001 49
3.027 -2.2690001 2.378 53
0 0 0 0
0 0 0 0
3.05 -1.9859999 2.3789999 48
3.0699999 -2.197 2.3770001 53
3.086 -2.404 2.3770001 53
0 0 0 0
3.0810001 -1.911 2.3770001 52
3.112 -2.1229999 2.3759999 54
3.132 -2.329 2.372 48
3.177 -2.529 2.3889999 3
3.1129999 -1.837 2.375 49
3.148 -2.0469999 2.3699999 51
3.1900001 -2.263 2.3759999 53
3.2379999 -2.461 2.3900001 48
3.1370001 -1.7589999 2.3699999 50
3.187 -1.974 2.3699999 47
3.2390001 -2.1900001 2.375 53
3.2880001 -2.3829999 2.3829999 47
3.1730001 -1.689 2.375 48
3.23 -1.902 2.3729999 53
3.2809999 -2.1129999 2.3710001 53
3.349 -2.313 2.385 47
3.1900001 -1.61 2.3670001 48
3.267 -1.8279999 2.3729999 52
3.3299999 -2.0409999 2.3729999 53
3.408 -2.2420001 2.388 47
3.22 -1.5369999 2.368 47
3.299 -1.751 2.3699999 52
3.369 -1.962 2.368 52
3.4519999 -2.1600001 2.3800001 47
3.244 -1.462 2.368 49
3.332 -1.675 2.369 53
3.4119999 -1.886 2.368 52
3.5120001 -2.089 2.3859999 45
3.2690001 -1.388 2.369 51
3.3629999 -1.598 2.368 53
3.454 -1.808 2.368 52
3.562 -2.0090001 2.385 46
3.293 -1.3150001 2.3710001 55
3.391 -1.52 2.3659999 53
3.49 -1.729 2.365 52
3.5940001 -1.92 2.3729999 46
3.3099999 -1.239 2.368 55
3.4189999 -1.443 2.3659999 52
3.5239999 -1.648 2.3629999 53
3.6500001 -1.844 2.3789999 47
3.323 -1.1619999 2.3640001 56
3.438 -1.362 2.3599999 54
3.5599999 -1.568 2.362 55
3.6900001 -1.76 2.3759999 47
3.339 -1.0880001 2.3640001 56
3.461 -1.284 2.358 53
3.595 -1.488 2.3629999 53
3.7260001 -1.674 2.3710001 48
3.3529999 -1.013 2.3629999 55
3.484 -1.206 2.358 57
3.619 -1.403 2.3570001 54
3.7709999 -1.591 2.3729999 52
3.3610001 -0.93599999 2.358 56
3.4979999 -1.124 2.3529999 54
3.652 -1.322 2.358 56
3.8150001 -1.507 2.3759999 47
3.3670001 -0.861 2.3529999 55
3.5239999 -1.0470001 2.3559999 57
3.6789999 -1.239 2.3570001 56
3.8469999 -1.419 2.3729999 51
3.3800001 -0.78600001 2.355 56
3.5369999 -0.96700001 2.352 58
3.698 -1.153 2.3510001 55
3.8770001 -1.33 2.369 56
3.3889999 -0.71200001 2.3540001 55
3.546 -0.88599998 2.3469999 56
3.7260001 -1.0700001 2.3529999 55
3.9059999 -1.24 2.3670001 57
3.385 -0.63599998 2.346 54
3.5610001 -0.80699998 2.3469999 56
3.744 -0.98400003 2.3499999 54
3.931 -1.149 2.3629999 60
3.3929999 -0.56199998 2.3469999 55
3.5710001 -0.727 2.345 56
3.7650001 -0.89899999 2.3499999 54
3.961 -1.058 2.3640001 59
3.4000001 -0.48899999 2.349 56
3.579 -0.64600003 2.342 62
3.78 -0.81300002 2.3469999 55
3.9860001 -0.96700001 2.362 61
3.4000001 -0.41499999 2.346 53
3.5880001 -0.56699997 2.3410001 58
3.796 -0.727 2.346 55
4.006 -0.875 2.3599999 57
0 0 0 0
3.596 -0.48699999 2.3410001 60
3.8010001 -0.639 2.3399999 54
4.027 -0.78100002 2.359 60
0 0 0 0
3.619 -0.40900001 2.352 18
3.8180001 -0.55299997 2.342 55
4.046 -0.68800002 2.358 62
0 0 0 0
0 0 0 0
3.842 -0.46799999 2.349 47
4.0689998 -0.59600002 2.362 67
0.64499998 -0.023 0.44499999 5
0.69099998 -0.046999998 0.44800001 1
0 0 0 0
4.0819998 -0.5 2.3599999 61
0.64399999 -0.0089999996 0.44400001 5
0.69 -0.032000002 0.447 4
0.736 -0.056000002 0.44800001 0
0 0 0 0
0.64499998 0.0040000002 0.44600001 5
0.69 -0.017000001 0.447 4
0.73900002 -0.039000001 0.449 5
0.78799999 -0.059 0.45300001 0
0.64499998 0.017000001 0.44600001 0
0.69 -0.001 0.447 4
0.73900002 -0.022 0.44800001 5
0.78799999 -0.041000001 0.45199999 6
0.63800001 0.030999999 0.44299999 2
0.69700003 0.013 0.45199999 1
0.73500001 -0.0049999999 0.44600001 5
0.79000002 -0.022 0.45199999 6
0.56300002 0.039000001 0.39199999 7
0.60799998 0.025 0.39500001 0
0.74299997 0.011 0.45100001 2
0.78399998 -0.0040000002 0.449 6
0.55599999 0.050000001 0.38800001 7
0.56099999 0.035 0.36500001 4
0 0 0 0
0.79400003 0.014 0.454 2
0.55000001 0.061000001 0.38499999 9
0.55699998 0.046999998 0.36300001 5
0 0 0 0
0 0 0 0
0.54400003 0.071999997 0.382 9
0.55500001 0.059 0.36300001 7
0 0 0 0
0 0 0 0
0.54000002 0.082999997 0.38100001 10
0 0 0 0
0.55299997 0.057999998 0.338 4
0 0 0 0
0.53799999 0.094999999 0.38100001 11
0.55199999 0.083999999 0.36399999 8
0.56 0.071999997 0.34299999 8
0.55900002 0.061999999 0.32100001 9
0.53899997 0.107 0.384 10
0 0 0 0
0.56099999 0.085000001 0.345 9
0 0 0 0
0.53500003 0.118 0.38299999 11
0.542 0.107 0.36000001 8
0 0 0 0
0.55800003 0.089000002 0.322 10
0.53299999 0.12899999 0.384 11
0 0 0 0
0.55599999 0.111 0.345 9
0.55400002 0.102 0.322 10
0.53299999 0.141 0.38600001 11
0.53899997 0.131 0.36199999 9
0 0 0 0
0.55400002 0.115 0.32300001 10
0.53200001 0.153 0.38699999 10
0.54000002 0.14399999 0.36500001 9
0.54699999 0.13500001 0.34299999 8
0 0 0 0
0.52399999 0.162 0.38499999 11
0.53299999 0.155 0.36300001 9
0 0 0 0
0.54799998 0.141 0.32300001 10
0.52499998 0.175 0.38800001 10
0 0 0 0
0.54699999 0.162 0.347 9
0 0 0 0
0 0 0 0
0.52700001 0.178 0.36399999 10
0 0 0 0
0.54400003 0.168 0.32600001 10
0.52700001 0.20100001 0.396 11
0 0 0 0
0.54100001 0.18799999 0.34900001 9
0 0 0 0
0.51700002 0.20900001 0.39199999 11
0.52700001 0.204 0.37 8
0 0 0 0
0.53399998 0.193 0.32499999 10
0.523 0.22400001 0.40000001 10
0.53299999 0.22 0.37799999 9
0.53600001 0.214 0.352 8
0 0 0 0
0.51899999 0.236 0.40099999 11
0.52999997 0.233 0.37900001 8
0 0 0 0
0.54000002 0.22499999 0.33500001 11
0.51800001 0.248 0.40400001 9
0.52600002 0.245 0.38 8
0.537 0.243 0.36000001 8
0 0 0 0
0.51999998 0.26300001 0.41 11
0.52399999 0.25799999 0.38299999 7
0.53500003 0.25799999 0.36300001 8
0.542 0.257 0.34400001 10
0.52399999 0.27900001 0.417 8
0.53200001 0.27700001 0.39300001 7
0.53799999 0.27500001 0.36899999 8
0 0 0 0
0.52700001 0.29499999 0.42500001 9
0.537 0.29499999 0.40200001 6
0.54000002 0.29100001 0.375 6
0.542 0.289 0.352 9
0.53200001 0.31200001 0.43399999 6
0.53899997 0.31200001 0.40900001 6
0.54299998 0.30899999 0.382 6
0.54799998 0.30899999 0.361 8
0.53500003 0.329 0.442 4
0.54299998 0.33000001 0.417 4
0.55400002 0.333 0.396 4
0.55599999 0.33199999 0.37200001 7
0.54500002 0.35100001 0.456 4
0.546 0.34900001 0.426 3
0.55400002 0.34999999 0.40099999 4
0.56199998 0.354 0.382 4
0.55699998 0.37599999 0.47299999 4
0.56300002 0.377 0.44499999 3
0.56999999 0.37900001 0.419 3
0.57499999 0.38100001 0.39700001 4
2.638 1.862 2.2720001 7
2.8180001 1.979 2.263 5
0.59899998 0.41800001 0.44800001 4
0.61799997 0.43099999 0.43399999 2
2.5910001 1.9119999 2.2650001 61
2.766 2.0339999 2.257 60
0.61500001 0.45100001 0.46799999 0
0.61400002 0.45100001 0.43900001 6
2.5510001 1.966 2.266 60
2.717 2.092 2.2550001 60
2.9059999 2.237 2.253 8
0.61799997 0.477 0.45100001 6
2.51 2.0190001 2.2650001 64
2.6670001 2.1500001 2.2539999 63
2.846 2.2969999 2.2479999 56
0.61500001 0.498 0.458 2
2.464 2.0680001 2.2609999 67
2.622 2.2090001 2.256 59
2.786 2.3559999 2.244 55
2.948 2.507 2.2409999 9
2.424 2.122 2.2639999 61
2.569 2.263 2.253 57
2.724 2.414 2.2409999 59
2.8959999 2.586 2.2509999 61
2.3770001 2.1700001 2.2609999 56
2.517 2.3180001 2.253 63
2.6670001 2.4749999 2.2420001 59
2.8280001 2.6489999 2.25 61
2.3299999 2.2190001 2.2590001 59
2.4649999 2.372 2.253 67
2.605 2.5320001 2.24 57
2.7550001 2.707 2.2449999 61
2.286 2.2709999 2.2620001 55
2.4130001 2.428 2.2550001 55
2.539 2.585 2.2360001 54
2.687 2.7709999 2.247 61
2.2420001 2.323 2.2650001 48
2.362 2.483 2.2579999 45
2.4790001 2.6429999 2.2390001 56
2.6129999 2.8269999 2.2449999 60
2.194 2.3699999 2.2650001 48
2.3099999 2.539 2.2620001 46
2.4230001 2.7060001 2.2460001 47
2.5409999 2.8840001 2.2449999 59
2.1440001 2.414 2.2620001 45
2.247 2.5810001 2.2550001 45
2.359 2.7590001 2.2460001 42
2.4630001 2.934 2.2409999 57
2.095 2.4619999 2.2639999 47
2.1849999 2.6240001 2.2509999 46
2.2939999 2.812 2.247 45
2.392 2.9909999 2.244 61
2.0380001 2.5 2.257 46
2.1289999 2.674 2.253 45
2.2190001 2.8510001 2.24 47
2.3099999 3.036 2.2390001 59
1.988 2.5450001 2.2579999 47
2.0650001 2.7149999 2.25 45
2.142 2.8889999 2.233 49
2.2349999 3.0880001 2.2420001 60
1.937 2.592 2.2609999 47
2.0039999 2.76 2.2490001 46
2.072 2.9349999 2.233 50
2.1530001 3.131 2.2390001 59
1.878 2.6259999 2.2550001 48
1.9450001 2.806 2.2520001 46
2.0020001 2.9779999 2.2320001 53
2.0710001 3.1719999 2.2360001 60
1.8200001 2.661 2.25 60
1.874 2.835 2.2420001 46
1.926 3.0120001 2.2260001 55
1.994 3.217 2.2379999 59
1.763 2.698 2.247 58
1.806 2.869 2.237 53
1.855 3.0539999 2.2279999 51
1.906 3.2479999 2.2309999 53
1.702 2.7290001 2.24 58
1.7410001 2.9059999 2.2360001 58
1.7819999 3.092 2.2279999 57
1.823 3.2839999 2.23 58
1.648 2.7709999 2.244 61
1.674 2.9400001 2.233 54
1.705 3.1240001 2.224 49
1.74 3.3199999 2.23 58
1.586 2.799 2.2360001 57
1.6059999 2.974 2.2320001 58
1.63 3.161 2.2260001 54
0 0 0 0
1.526 2.8340001 2.2360001 59
1.541 3.0090001 2.2320001 60
1.552 3.1889999 2.2219999 55
0.26100001 0.56300002 0.37099999 1
1.469 2.8699999 2.237 66
1.471 3.039 2.23 60
1.473 3.2130001 2.217 48
0.25099999 0.57800001 0.377 1
1.408 2.9000001 2.234 62
1.403 3.0669999 2.227 63
1.398 3.243 2.2179999 48
0.236 0.57999998 0.37599999 1
1.344 2.924 2.2279999 55
1.334 3.096 2.227 56
1.3200001 3.2679999 2.2160001 47
0.221 0.583 0.375 1
1.285 2.961 2.2320001 49
1.2640001 3.1210001 2.2249999 57
1.2410001 3.2909999 2.2160001 49
0.20299999 0.57599998 0.368 1
1.22 2.984 2.227 57
1.192 3.1429999 2.221 55
1.163 3.3150001 2.2160001 48
0.189 0.583 0.37099999 3
1.156 3.0109999 2.2260001 51
1.122 3.171 2.223 53
1.0829999 3.3340001 2.214 52
0.17399999 0.58200002 0.368 3
1.095 3.0439999 2.23 56
1.051 3.1930001 2.2219999 55
1.003 3.348 2.211 47
0.15800001 0.57999998 0.366 1
1.029 3.062 2.224 62
0.97799999 3.2090001 2.2179999 57
0.926 3.368 2.2130001 49
0.87400001 3.5250001 2.2149999 9
0.963 3.082 2.221 59
0.90600002 3.23 2.2179999 52
0.84600002 3.3840001 2.2130001 47
0.78799999 3.539 2.217 56
0.89999998 3.1110001 2.2249999 57
0.83399999 3.2490001 2.2179999 57
0.76700002 3.3989999 2.214 50
0.70099998 3.55 2.2190001 55
0.833 3.128 2.221 55
0.76300001 3.27 2.221 54
0.685 3.4030001 2.2090001 47
0.61299998 3.5480001 2.2130001 54
0.76599997 3.148 2.22 52
0.68900001 3.2869999 2.2219999 49
0.60500002 3.4170001 2.2119999 47
0.52600002 3.55 2.2130001 53
0.69999999 3.177 2.227 49
0.61400002 3.2969999 2.2190001 57
0.52399999 3.4170001 2.207 53
0 0 0 0
0.63099998 3.187 2.2219999 55
0.54000002 3.3039999 2.2160001 57
0.44499999 3.424 2.2079999 53
0.068999998 0.699 0.435 5
0.56300002 3.1989999 2.2179999 55
0.46700001 3.316 2.2160001 57
0.36500001 3.425 2.2060001 9
0.056000002 0.75 0.46799999 6
0.495 3.2160001 2.2190001 63
0.39300001 3.325 2.217 57
0 0 0 0
0.039999999 0.78899997 0.493 2
0.426 3.23 2.2179999 58
0 0 0 0
0.045000002 0.76300001 0.491 5
0.097999997 3.5320001 2.211 8
0 0 0 0
0.052999999 0.73000002 0.484 5
0.127 3.438 2.2149999 6
0.013 3.506 2.2019999 56
0.061000001 0.70300001 0.479 9
0.169 3.345 2.2190001 5
0.046 3.4159999 2.204 56
-0.07 3.5020001 2.207 53
0.048 0.72500002 0.493 5
0.093999997 3.3329999 2.21 58
-0.032000002 3.4119999 2.2049999 54
-0.153 3.4860001 2.2049999 59
0.14399999 3.26 2.211 9
0.018999999 3.3410001 2.2149999 58
-0.11 3.4059999 2.2060001 55
-0.234 3.47 2.204 52
0.074000001 3.2690001 2.2119999 54
-0.054000001 3.3340001 2.21 59
-0.18799999 3.388 2.201 53
-0.31600001 3.46 2.21 58
0.003 3.273 2.2119999 57
-0.12899999 3.3310001 2.211 59
-0.26699999 3.3900001 2.2090001 53
-0.396 3.4300001 2.2030001 53
-0.067000002 3.2720001 2.2090001 55
-0.204 3.326 2.211 57
-0.34400001 3.372 2.2060001 55
-0.477 3.4130001 2.2060001 55
-0.14 3.277 2.211 53
-0.27900001 3.3210001 2.2119999 59
-0.42199999 3.3570001 2.207 55
-0.55699998 3.391 2.2079999 58
-0.211 3.273 2.207 59
-0.352 3.3050001 2.2060001 58
-0.49900001 3.3410001 2.2090001 52
-0.34299999 1.817 1.192 3
-0.28400001 3.2739999 2.21 54
-0.428 3.3080001 2.2149999 64
-0.57499999 3.323 2.2090001 54
-0.37900001 1.776 1.175 46
-0.35600001 3.2750001 2.2119999 57
-0.5 3.29 2.21 54
-0.354 1.801 1.204 14
-0.417 1.752 1.169 47
-0.42699999 3.2639999 2.207 57
-0.574 3.2750001 2.2090001 61
-0.38999999 1.768 1.1900001 36
-0.46200001 1.756 1.183 37
-0.49900001 3.2590001 2.207 53
-0.35299999 1.779 1.205 50
-0.428 1.745 1.183 47
-0.92699999 3.2090001 2.1830001 57
-0.57300001 3.256 2.211 50
-0.38999999 1.756 1.196 33
-0.47299999 1.753 1.198 48
-0.995 3.1600001 2.1730001 6
-0.35299999 1.777 1.21 38
-0.42899999 1.744 1.1950001 38
-0.94199997 3.197 2.2049999 71
-1.085 3.181 2.2130001 46
-0.38999999 1.755 1.199 33
-0.47099999 1.745 1.2029999 47
-1.0140001 3.1670001 2.204 25
-1.196 3.253 2.29 92
-0.428 1.744 1.197 39
-0.94099998 3.2 2.221 55
-1.091 3.1559999 2.2179999 52
-1.288 3.263 2.326 99
-0.472 1.757 1.211 31
-1.006 3.152 2.204 50
-1.204 3.2420001 2.302 85
-1.374 3.257 2.352 94
-0.93599999 3.198 2.2149999 51
-1.082 3.148 2.2179999 58
-1.296 3.256 2.3369999 109
-1.483 3.2950001 2.4130001 74
-1.0039999 3.1670001 2.2060001 49
-1.197 3.24 2.302 106
-1.376 3.2390001 2.352 91
-1.5650001 3.27 2.4289999 58
-1.079 3.1589999 2.2130001 51
-1.2869999 3.2550001 2.3340001 101
-1.487 3.2880001 2.4170001 78
-0.86900002 1.711 1.291 10
-1.1900001 3.2460001 2.289 84
-1.369 3.247 2.3510001 106
-1.569 3.266 2.4319999 54
-0.91100001 1.6950001 1.299 20
-1.279 3.2590001 2.316 81
-1.47 3.277 2.3970001 117
-0.87900001 1.727 1.303 4
-1.762 3.102 2.4170001 57
-1.3660001 3.2650001 2.3380001 97
-1.563 3.2839999 2.4289999 63
-0.91000003 1.6900001 1.294 19
-1.829 3.049 2.418 63
-1.448 3.2550001 2.3510001 97
-0.86900002 1.723 1.29 0
-1.7690001 3.1129999 2.4189999 57
-1.89 2.99 2.415 57
-1.558 3.299 2.405 85
-0.90399998 1.696 1.285 23
-1.836 3.063 2.418 60
-1.971 2.9630001 2.438 57
-1.649 3.299 2.4289999 60
-1.773 3.154 2.4200001 60
-1.902 3.0150001 2.4189999 59
-2.0309999 2.902 2.4360001 56
-0.898 1.7 1.265 42
-1.841 3.1059999 2.4170001 66
-1.982 2.9849999 2.438 52
-2.0940001 2.849 2.441 56
-1.8 3.2279999 2.4289999 61
-1.915 3.0710001 2.424 58
-2.046 2.9330001 2.438 51
-2.155 2.7939999 2.4449999 58
-1.857 3.1600001 2.4059999 58
-1.9910001 3.0350001 2.4330001 55
-2.1140001 2.888 2.4449999 52
-2.2130001 2.734 2.4460001 56
-1.948 3.1500001 2.4289999 60
-2.0610001 2.9920001 2.437 55
-2.174 2.8310001 2.4449999 52
-2.267 2.6719999 2.4460001 55
-2.026 3.1159999 2.4360001 61
-2.131 2.948 2.441 53
-2.2360001 2.7780001 2.448 52
-2.3239999 2.6140001 2.451 55
-2.0999999 3.075 2.438 61
-2.194 2.8940001 2.4389999 54
-2.2939999 2.7190001 2.448 54
-2.3729999 2.5469999 2.448 56
-2.1700001 3.0280001 2.437 61
-2.2590001 2.8429999 2.4400001 55
-2.349 2.6589999 2.447 52
-2.418 2.4790001 2.4449999 55
-2.2420001 2.9809999 2.438 61
-2.322 2.7909999 2.4419999 54
-2.4070001 2.602 2.45 51
-2.471 2.4189999 2.45 55
-2.3099999 2.9319999 2.438 61
-2.3859999 2.737 2.444 57
-2.461 2.5409999 2.451 51
-2.516 2.3510001 2.4489999 57
-2.3800001 2.882 2.4389999 61
-2.4460001 2.6800001 2.444 54
-2.513 2.4779999 2.451 51
-2.5539999 2.279 2.444 59
-2.448 2.8299999 2.4400001 62
-2.5050001 2.6229999 2.4449999 53
-2.563 2.415 2.451 51
-2.6040001 2.2179999 2.45 55
-2.5120001 2.7739999 2.438 61
-2.5599999 2.5599999 2.4419999 55
-2.615 2.3529999 2.454 55
-2.642 2.148 2.4489999 54
-2.5799999 2.721 2.441 61
-2.6170001 2.5 2.4430001 56
-2.6619999 2.2880001 2.4549999 54
-2.6819999 2.0799999 2.45 53
-2.642 2.6619999 2.441 61
-2.6719999 2.4389999 2.444 56
-2.7030001 2.217 2.45 53
-2.721 2.0120001 2.451 57
-2.7030001 2.6010001 2.4400001 61
-2.727 2.3770001 2.4460001 58
-2.7509999 2.154 2.454 55
-2.7539999 1.9400001 2.4489999 56
-2.757 2.5339999 2.434 61
-2.779 2.313 2.447 53
-2.7939999 2.086 2.4560001 52
-2.786 1.869 2.448 53
-2.825 2.4779999 2.441 61
-2.8299999 2.2479999 2.4489999 57
-2.829 2.0139999 2.451 54
-2.8239999 1.803 2.4530001 57
-2.881 2.4130001 2.441 61
-2.878 2.1800001 2.448 53
-2.8659999 1.943 2.4489999 50
-2.849 1.728 2.4489999 52
-2.9349999 2.345 2.4389999 60
-2.921 2.1099999 2.4460001 56
-2.9100001 1.878 2.4549999 54
-2.882 1.66 2.4530001 53
-2.9920001 2.279 2.441 61
-2.9660001 2.0409999 2.4449999 53
-2.9419999 1.8049999 2.4530001 51
-2.9130001 1.591 2.457 53
-3.0450001 2.21 2.4400001 61
-3.0050001 1.967 2.4419999 56
-2.9790001 1.7359999 2.4560001 53
-2.938 1.5190001 2.457 53
-3.095 2.138 2.4389999 61
-3.0480001 1.897 2.444 56
-3.0120001 1.664 2.457 51
-2.954 1.444 2.451 52
-3.1459999 2.0669999 2.441 61
-3.089 1.826 2.4449999 56
-3.0420001 1.592 2.457 49
-2.9809999 1.375 2.4560001 51
-3.1930001 1.994 2.4400001 61
-3.1199999 1.749 2.4389999 65
-3.0669999 1.517 2.454 56
-3.0020001 1.303 2.457 54
-3.237 1.919 2.4389999 61
-3.152 1.673 2.437 56
-3.098 1.447 2.4579999 57
-3.0220001 1.2309999 2.4579999 59
-3.283 1.844 2.4400001 61
-3.187 1.599 2.437 55
-3.1240001 1.373 2.4590001 60
-3.0450001 1.1619999 2.4630001 58
-3.3180001 1.763 2.4349999 62
-3.223 1.525 2.4400001 54
-3.1440001 1.2970001 2.4560001 66
-3.0599999 1.089 2.4630001 52
-3.355 1.684 2.4330001 61
-3.2509999 1.448 2.438 56
-3.1630001 1.222 2.4549999 63
-3.0739999 1.018 2.464 58
-3.398 1.607 2.4360001 60
-3.2850001 1.374 2.4419999 57
-3.177 1.146 2.45 54
-3.0880001 0.94599998 2.4649999 61
-3.434 1.526 2.4349999 58
-3.3099999 1.295 2.4400001 58
-3.204 1.074 2.457 62
-3.099 0.87400001 2.467 59
-1.149 0.479 0.80699998 1
-3.3440001 1.221 2.447 56
-3.2279999 1.002 2.4630001 54
-3.1099999 0.80299997 2.4679999 58
-1.159 0.45100001 0.80599999 7
-3.369 1.1440001 2.4489999 58
-3.2550001 0.93000001 2.473 57
-3.1240001 0.73299998 2.474 58
-1.166 0.42300001 0.80400002 19
-3.3889999 1.064 2.448 56
-3.2709999 0.85500002 2.4749999 61
-3.1300001 0.66100001 2.474 66
-1.163 0.391 0.796 10
-3.4300001 0.99000001 2.4630001 61
-3.2809999 0.77899998 2.4749999 59
-3.1359999 0.58999997 2.4760001 68
-1.166 0.36199999 0.792 12
-3.4519999 0.912 2.4660001 58
-3.2909999 0.70300001 2.4749999 53
-3.145 0.51999998 2.4809999 68
-1.1670001 0.33199999 0.787 12
-3.4690001 0.83099997 2.467 61
-3.3080001 0.63 2.4820001 58
-3.148 0.449 2.4820001 56
-1.1619999 0.301 0.77899998 12
-3.4879999 0.75099999 2.471 59
-3.3180001 0.55500001 2.4849999 60
-3.148 0.37900001 2.4820001 58
-1.17 0.27399999 0.78100002 13
-3.5039999 0.671 2.474 60
-3.3199999 0.47799999 2.483 58
-3.148 0.30899999 2.483 62
-1.177 0.24699999 0.78200001 13
-3.516 0.58899999 2.4760001 60
-3.3310001 0.40400001 2.4890001 61
-3.1470001 0.23899999 2.4860001 64
-1.178 0.21799999 0.77899998 13
-3.5339999 0.509 2.4820001 62
-3.329 0.32699999 2.487 58
-3.141 0.169 2.484 58
-1.183 0.19 0.77999997 12
-3.539 0.42699999 2.4820001 68
-3.3280001 0.252 2.487 56
-3.141 0.1 2.4890001 58
-1.182 0.161 0.77700001 12
-3.539 0.34400001 2.48 60
-3.329 0.177 2.4890001 55
-3.131 0.030999999 2.487 57
-1.189 0.134 0.77999997 13
-3.546 0.26199999 2.483 62
-3.325 0.102 2.49 62
-3.128 -0.035999998 2.4920001 56
-1.186 0.105 0.77700001 12
-3.5480001 0.18000001 2.484 61
-3.319 0.028000001 2.4890001 56
-3.1229999 -0.104 2.4960001 57
-1.191 0.077 0.77899998 12
-3.5480001 0.097999997 2.4860001 58
-3.3180001 -0.045000002 2.494 59
-3.1129999 -0.17200001 2.497 55
-1.188 0.048 0.77700001 12
-3.5510001 0.016000001 2.4909999 62
-3.312 -0.12 2.4949999 54
-3.095 -0.23800001 2.4920001 61
-1.202 0.02 0.78600001 11
-3.55 -0.064000003 2.494 59
-3.303 -0.193 2.497 56
-3.086 -0.30500001 2.4960001 57
-1.207 -0.0070000002 0.79000002 11
-3.543 -0.146 2.4949999 60
-3.2950001 -0.26699999 2.4990001 56
-3.069 -0.37099999 2.494 62
-1.202 -0.035999998 0.78899997 12
-3.533 -0.228 2.4949999 59
-3.2820001 -0.34 2.5 56
-3.0569999 -0.43700001 2.4979999 58
-1.21 -0.064999998 0.79500002 11
-3.5209999 -0.308 2.494 62
-3.2709999 -0.412 2.503 58
-3.046 -0.50300002 2.503 57
-1.2130001 -0.093999997 0.80000001 11
-3.5039999 -0.389 2.4920001 59
-3.256 -0.484 2.5039999 55
-3.0250001 -0.56599998 2.5009999 58
-1.216 -0.124 0.80400002 9
-3.494 -0.47 2.4960001 58
-3.2379999 -0.55599999 2.5039999 58
-3.0090001 -0.63099998 2.5039999 56
-1.225 -0.154 0.81300002 7
-3.4779999 -0.54900002 2.497 56
-3.2219999 -0.62699997 2.507 52
-2.994 -0.69499999 2.5090001 55
-1.223 -0.184 0.81599998 21
-3.4619999 -0.62900001 2.4990001 55
-3.211 -0.69999999 2.5139999 55
-2.974 -0.75800002 2.5109999 57
-1.226 -0.214 0.82300001 2
-3.4430001 -0.708 2.5009999 62
-3.1900001 -0.76999998 2.516 54
-2.954 -0.82099998 2.513 59
-1.227 -0.245 0.82800001 5
-3.427 -0.78799999 2.506 60
-3.168 -0.83999997 2.517 52
-2.928 -0.88200003 2.513 63
-3.6689999 -0.82499999 2.493 57
-3.401 -0.86500001 2.5050001 53
-3.145 -0.90899998 2.5179999 59
-2.9070001 -0.94300002 2.516 62
-3.6500001 -0.91299999 2.4979999 58
-3.378 -0.94300002 2.5079999 59
-3.1199999 -0.977 2.52 59
-2.881 -1.003 2.516 58
-3.6300001 -1.001 2.5039999 61
-3.3529999 -1.02 2.51 58
-3.0929999 -1.045 2.5209999 55
-2.859 -1.0650001 2.5209999 64
-3.6040001 -1.087 2.5079999 60
-3.3269999 -1.097 2.513 59
-3.076 -1.115 2.5309999 56
-2.8310001 -1.123 2.5220001 57
-3.575 -1.173 2.5109999 61
-3.3039999 -1.174 2.52 57
-3.049 -1.183 2.5339999 60
-2.803 -1.182 2.523 57
-3.55 -1.2589999 2.5190001 61
-3.273 -1.249 2.5220001 55
-3.0109999 -1.245 2.529 56
-2.777 -1.2410001 2.527 57
-3.5150001 -1.3430001 2.5209999 62
-3.243 -1.324 2.527 54
-2.9879999 -1.314 2.5380001 54
-2.7539999 -1.302 2.5350001 54
-3.47 -1.4220001 2.517 63
-3.2049999 -1.396 2.526 60
-2.954 -1.378 2.539 51
-2.721 -1.357 2.5339999 50
-3.4319999 -1.503 2.52 60
-3.168 -1.467 2.526 56
-2.914 -1.438 2.5350001 46
-2.691 -1.414 2.5380001 50
-3.388 -1.582 2.52 54
-3.131 -1.54 2.53 51
-2.8789999 -1.502 2.5380001 46
-2.6589999 -1.47 2.54 48
-3.3399999 -1.659 2.5179999 45
-3.0929999 -1.61 2.533 48
-2.8429999 -1.563 2.539 45
-2.6159999 -1.5190001 2.5320001 44
-3.3010001 -1.739 2.5250001 40
-3.0539999 -1.681 2.5369999 40
-2.8 -1.6210001 2.536 42
-2.5840001 -1.574 2.536 40
-3.2609999 -1.819 2.533 35
-3.007 -1.747 2.536 35
-2.7679999 -1.6849999 2.543 35
-2.5450001 -1.625 2.533 39
-3.2179999 -1.899 2.54 27
-2.961 -1.812 2.536 28
-2.7290001 -1.745 2.5469999 31
-2.506 -1.675 2.533 38
-3.0539999 -1.902 2.451 12
-2.9159999 -1.878 2.5380001 26
-2.684 -1.801 2.5450001 26
-2.4660001 -1.725 2.5320001 39
-2.9260001 -1.921 2.3900001 19
-2.8599999 -1.937 2.5320001 23
-2.6459999 -1.8609999 2.5510001 25
-2.4289999 -1.776 2.5339999 39
-2.826 -1.955 2.352 24
-2.688 -1.913 2.424 20
-2.6059999 -1.92 2.556 34
-2.388 -1.824 2.5320001 41
-2.8340001 -2.062 2.405 14
-2.6010001 -1.943 2.3889999 41
-2.553 -1.97 2.55 42
-2.362 -1.8839999 2.549 45
-2.9230001 -2.237 2.5309999 24
-2.5220001 -1.976 2.362 43
-2.4200001 -1.9529999 2.4630001 30
-2.325 -1.9349999 2.5539999 47
-2.858 -2.2980001 2.529 34
-2.4630001 -2.023 2.355 36
-2.322 -1.96 2.4089999 42
-2.2820001 -1.982 2.5539999 52
-2.7950001 -2.3599999 2.529 38
-2.6010001 -2.2390001 2.54 43
-2.2460001 -1.982 2.378 49
-2.227 -2.0179999 2.5420001 50
-2.7320001 -2.421 2.53 44
-2.5439999 -2.2939999 2.54 50
-2.1889999 -2.0190001 2.3670001 52
-2.108 -1.9910001 2.454 43
-2.675 -2.4879999 2.5380001 50
-2.4890001 -2.3499999 2.543 50
-2.1099999 -2.0339999 2.3329999 52
-2.02 -1.99 2.402 56
-2.615 -2.553 2.546 55
-2.4300001 -2.4030001 2.5439999 56
-2.244 -2.2590001 2.5369999 139
-1.933 -1.985 2.348 57
-2.5510001 -2.6129999 2.5510001 61
-2.369 -2.4530001 2.543 56
-2.2079999 -2.323 2.5569999 56
-1.88 -2.013 2.335 53
-2.4560001 -2.6400001 2.526 61
-2.312 -2.507 2.5480001 54
-2.128 -2.3399999 2.527 150
-1.839 -2.0539999 2.339 62
-2.3510001 -2.6530001 2.49 59
-2.2520001 -2.559 2.552 57
-1.9299999 -2.2179999 2.352 51
-1.8 -2.0969999 2.346 50
-2.2520001 -2.6670001 2.4590001 57
-2.184 -2.599 2.5469999 74
-1.88 -2.2579999 2.3529999 53
-1.755 -2.1329999 2.345 54
-2.148 -2.671 2.4219999 56
-1.965 -2.45 2.3610001 55
-1.829 -2.2980001 2.3540001 52
-1.71 -2.1689999 2.346 47
-2.043 -2.6689999 2.382 62
-1.904 -2.4909999 2.362 53
-1.778 -2.336 2.355 50
-1.674 -2.217 2.359 41
-1.962 -2.6949999 2.369 68
-1.844 -2.53 2.362 54
-1.73 -2.3789999 2.362 44
-1.637 -2.2650001 2.3740001 59
-1.869 -2.7019999 2.342 58
-1.784 -2.569 2.365 48
-1.677 -2.4170001 2.365 40
-1.5880001 -2.296 2.372 59
-1.781 -2.711 2.319 59
-1.727 -2.6140001 2.3729999 48
-1.627 -2.457 2.3710001 51
-1.541 -2.3310001 2.3740001 56
-1.693 -2.7160001 2.2950001 58
-1.664 -2.648 2.375 55
-1.575 -2.4960001 2.3770001 47
-1.493 -2.3629999 2.3740001 59
-1.598 -2.7079999 2.2620001 55
-1.602 -2.684 2.3770001 58
-1.515 -2.5209999 2.3710001 47
-1.4400001 -2.388 2.369 53
-1.49 -2.6689999 2.2049999 1
-1.4859999 -2.625 2.299 0
-1.4579999 -2.552 2.3710001 34
-1.393 -2.4230001 2.3740001 58
-1.428 -2.7060001 2.2149999 50
-1.447 -2.698 2.3380001 61
-1.404 -2.586 2.3759999 51
-1.341 -2.4489999 2.3699999 50
-1.35 -2.7160001 2.2019999 49
-1.373 -2.707 2.322 56
-1.345 -2.612 2.3740001 45
-1.289 -2.4760001 2.3699999 49
-1.275 -2.7249999 2.191 51
-1.301 -2.7179999 2.3099999 56
-1.2869999 -2.6389999 2.375 45
-1.24 -2.507 2.3740001 49
-1.199 -2.73 2.1789999 47
-1.227 -2.723 2.2939999 53
-1.228 -2.664 2.3740001 44
-1.187 -2.5309999 2.372 48
-1.1210001 -2.7309999 2.164 44
-1.1569999 -2.7320001 2.2839999 51
-1.17 -2.6919999 2.3770001 47
-1.132 -2.553 2.369 50
-1.051 -2.744 2.161 45
-1.084 -2.7320001 2.266 49
-1.108 -2.71 2.3729999 46
-1.082 -2.5840001 2.3740001 42
-0.977 -2.7460001 2.151 43
-1.0140001 -2.737 2.2550001 48
-1.046 -2.7279999 2.369 51
-1.029 -2.6070001 2.3740001 47
-0.90399998 -2.747 2.141 44
-0.94800001 -2.75 2.2509999 48
-0.98299998 -2.7379999 2.3599999 52
-0.97399998 -2.6289999 2.3740001 47
-0.838 -2.7639999 2.145 42
-0.88200003 -2.763 2.25 48
-0.92000002 -2.7490001 2.3540001 51
-0.921 -2.655 2.378 45
-0.76800001 -2.77 2.1429999 44
-0.81400001 -2.7650001 2.24 49
-0.85500002 -2.7539999 2.3429999 54
-0.866 -2.675 2.3770001 47
-0.69800001 -2.7720001 2.138 46
-0.74699998 -2.77 2.234 48
-0.792 -2.763 2.336 57
-0.81 -2.6930001 2.3759999 46
-0.63099998 -2.7839999 2.142 47
-0.68199998 -2.777 2.2309999 58
-0.73000002 -2.773 2.3310001 60
-0.755 -2.714 2.378 45
-0.56300002 -2.79 2.1429999 51
-0.616 -2.7809999 2.2260001 60
-0.66799998 -2.7850001 2.3299999 59
-0.699 -2.733 2.3789999 47
-0.495 -2.7950001 2.1440001 50
-0.551 -2.7909999 2.2279999 58
-0.60500002 -2.7880001 2.322 56
-0.63999999 -2.743 2.3740001 49
-0.42899999 -2.806 2.152 51
-0.48699999 -2.799 2.2290001 61
-0.54299998 -2.7939999 2.3169999 55
-0.58499998 -2.766 2.381 51
-0.361 -2.8099999 2.1559999 52
-0.42199999 -2.8 2.2260001 58
-0.47999999 -2.7980001 2.312 62
-0.52600002 -2.7750001 2.375 55
-0.294 -2.812 2.158 49
-0.35800001 -2.8110001 2.2320001 56
-0.419 -2.8039999 2.3099999 56
-0.46799999 -2.7869999 2.375 56
-0.228 -2.8280001 2.1730001 52
-0.294 -2.8139999 2.233 59
-0.35699999 -2.8099999 2.309 57
-0.41 -2.8 2.3759999 66
-0.161 -2.832 2.1800001 56
-0.23 -2.816 2.233 56
-0.296 -2.816 2.309 56
-0.352 -2.8099999 2.3740001 66
-0.094999999 -2.8329999 2.187 54
-0.16599999 -2.8280001 2.244 59
-0.234 -2.8169999 2.306 61
-0.292 -2.8139999 2.3699999 72
-0.028000001 -2.8429999 2.201 58
-0.102 -2.829 2.247 56
-0.17200001 -2.8210001 2.306 60
-0.233 -2.822 2.369 72
0.037999999 -2.845 2.21 62
-0.037999999 -2.835 2.2539999 53
-0.112 -2.8440001 2.323 61
-0.17299999 -2.823 2.3640001 65
0.105 -2.8499999 2.2219999 63
0.026000001 -2.849 2.2690001 57
-0.050000001 -2.8469999 2.3239999 61
-0.114 -2.832 2.365 74
0.17299999 -2.859 2.24 60
0.090000004 -2.852 2.277 59
0.012 -2.852 2.3280001 66
-0.054000001 -2.835 2.3640001 71
0.241 -2.8670001 2.2579999 54
0.155 -2.8570001 2.2869999 63
0.074000001 -2.8559999 2.3329999 68
0.0049999999 -2.8399999 2.3640001 79
0.30899999 -2.8710001 2.2739999 63
0.221 -2.8659999 2.302 62
0.13600001 -2.862 2.3399999 69
0.064999998 -2.8440001 2.365 70
0.37799999 -2.8770001 2.2939999 58
0.287 -2.8759999 2.319 65
0.2 -2.8629999 2.3440001 64
0.126 -2.8559999 2.3729999 73
0.44800001 -2.885 2.316 61
0.35299999 -2.8770001 2.329 76
0.26300001 -2.869 2.3529999 64
0.18700001 -2.8610001 2.3770001 73
0.51899999 -2.8929999 2.339 69
0.41999999 -2.8859999 2.348 63
0.32699999 -2.875 2.3640001 71
0.248 -2.8599999 2.3770001 72
0.59100002 -2.9030001 2.3659999 72
0.48800001 -2.895 2.368 74
0.391 -2.8759999 2.3710001 78
0.31 -2.8640001 2.382 74
0.662 -2.902 2.3859999 71
0.55599999 -2.8929999 2.381 73
0.45699999 -2.888 2.3889999 73
0.373 -2.8699999 2.3889999 57
0.72799999 -2.8800001 2.3900001 50
0.62199998 -2.8859999 2.3900001 60
0.51899999 -2.8729999 2.385 52
0.43399999 -2.8640001 2.3870001 54
0.792 -2.8540001 2.391 44
0.68400002 -2.858 2.3829999 51
0.58099997 -2.8570001 2.382 53
0.49599999 -2.8570001 2.3859999 55
0.41999999 -1.387 1.174 2
0.74599999 -2.8380001 2.3829999 52
0.64399999 -2.846 2.3840001 51
0.55800003 -2.8510001 2.3870001 62
0.456 -1.391 1.1900001 2
0.398 -1.387 1.174 1
0.70499998 -2.8299999 2.382 48
0.61799997 -2.8369999 2.382 54
0.493 -1.393 1.205 2
0.43399999 -1.393 1.189 3
0.76599997 -2.8099999 2.3789999 39
0.68099999 -2.8329999 2.3859999 46
0.52899998 -1.392 1.219 2
0.46900001 -1.393 1.2 3
0.41299999 -1.395 1.189 3
0.74400002 -2.826 2.3889999 53
0.565 -1.39 1.233 2
0.50199997 -1.388 1.207 2
0.447 -1.395 1.196 3
0.80699998 -2.819 2.3940001 13
0.60500002 -1.396 1.253 2
0.537 -1.386 1.217 2
0.47999999 -1.395 1.204 2
0.433 -1.4 1.194 3
0.64399999 -1.396 1.271 2
0.57499999 -1.392 1.2359999 2
0.51599997 -1.398 1.217 2
0.46200001 -1.387 1.189 2
0.68400002 -1.398 1.291 2
0.61199999 -1.391 1.249 2
0.55000001 -1.396 1.225 2
0.49700001 -1.391 1.2 2
0.72500002 -1.399 1.311 2
0.64899999 -1.391 1.263 2
0.58899999 -1.403 1.242 2
0.53200001 -1.393 1.209 2
0.76700002 -1.401 1.334 2
0.68900001 -1.395 1.2819999 2
0.625 -1.403 1.253 2
0.56699997 -1.393 1.217 2
0.80699998 -1.397 1.352 2
0.72899997 -1.397 1.301 2
0.662 -1.401 1.2640001 2
0.60299999 -1.3940001 1.228 2
0.85000002 -1.398 1.375 2
0.77200001 -1.401 1.322 2
0.69800001 -1.397 1.274 2
0.63800001 -1.391 1.234 2
0.89999998 -1.406 1.408 1
0.81400001 -1.403 1.3430001 2
0.74199998 -1.4069999 1.2970001 2
0.68000001 -1.401 1.2539999 2
0.94700003 -1.409 1.436 0
0.85900003 -1.406 1.3660001 2
0.78500003 -1.414 1.318 2
0.71700001 -1.399 1.2640001 2
0.99299997 -1.4069999 1.461 0
0.89999998 -1.403 1.3839999 2
0.82200003 -1.406 1.327 2
0.75700003 -1.402 1.278 2
1.038 -1.402 1.485 0
0.94499999 -1.403 1.4069999 2
0.87 -1.416 1.354 2
0.79699999 -1.401 1.291 2
1.105 -1.424 1.539 0
0.99699998 -1.4119999 1.439 1
0.91500002 -1.4170001 1.374 2
0.83700001 -1.401 1.304 2
0 0 0 0
1.0470001 -1.414 1.467 0
0.95899999 -1.416 1.392 2
0.88999999 -1.418 1.336 2
1.781 -2.0929999 2.3610001 33
1.104 -1.424 1.505 0
1.007 -1.419 1.4170001 1
0.93099999 -1.413 1.348 2
1.823 -2.0480001 2.3629999 42
1.152 -1.42 1.529 0
1.054 -1.418 1.438 0
0.97500002 -1.411 1.364 1
1.865 -2.003 2.3659999 42
1.215 -1.432 1.572 0
1.109 -1.425 1.4680001 0
1.023 -1.413 1.385 0
1.904 -1.956 2.3670001 42
1.87 -2.1059999 2.3610001 37
1.165 -1.432 1.501 0
1.0700001 -1.413 1.404 0
1.941 -1.906 2.3659999 40
1.916 -2.0650001 2.3640001 47
1.227 -1.441 1.538 0
1.122 -1.415 1.429 0
1.9809999 -1.86 2.3699999 40
1.957 -2.017 2.362 42
1.279 -1.436 1.563 0
1.189 -1.433 1.47 0
2.0139999 -1.809 2.368 41
2.0009999 -1.973 2.365 48
1.985 -2.1329999 2.3659999 36
0 0 0 0
2.043 -1.755 2.3629999 40
2.0409999 -1.926 2.3640001 45
2.029 -2.086 2.362 44
0 0 0 0
2.0769999 -1.705 2.3640001 41
2.082 -1.8789999 2.3659999 46
2.073 -2.039 2.3599999 47
0 0 0 0
2.1070001 -1.654 2.362 40
2.1159999 -1.827 2.3610001 43
2.1229999 -1.998 2.365 44
2.122 -2.1400001 2.3629999 2
2.1359999 -1.602 2.3599999 41
2.151 -1.776 2.358 47
2.1630001 -1.948 2.3599999 39
2.177 -2.1010001 2.368 45
2.164 -1.549 2.3599999 40
2.184 -1.724 2.355 45
2.2 -1.8940001 2.3529999 43
2.2279999 -2.056 2.369 46
2.1889999 -1.495 2.3559999 40
2.2179999 -1.6720001 2.3529999 47
2.2509999 -1.853 2.362 43
2.2750001 -2.007 2.3659999 46
2.2160001 -1.443 2.3559999 41
2.2509999 -1.6210001 2.3529999 47
2.2869999 -1.799 2.3570001 41
2.326 -1.961 2.369 48
2.243 -1.392 2.358 43
2.283 -1.569 2.352 47
2.322 -1.745 2.352 42
2.369 -1.909 2.3659999 49
2.2650001 -1.3380001 2.3559999 42
2.313 -1.516 2.3499999 47
2.365 -1.697 2.355 41
2.415 -1.858 2.365 49
2.2820001 -1.2819999 2.349 43
2.3399999 -1.461 2.3469999 50
2.398 -1.641 2.3510001 43
2.4579999 -1.806 2.3629999 46
2.303 -1.229 2.348 49
2.3699999 -1.409 2.348 49
2.4319999 -1.586 2.348 45
2.5 -1.751 2.362 48
2.3269999 -1.177 2.3510001 49
2.395 -1.352 2.345 46
2.4679999 -1.5319999 2.348 45
2.5420001 -1.697 2.3610001 52
2.345 -1.123 2.3499999 57
2.4230001 -1.299 2.346 57
2.4979999 -1.475 2.345 46
2.579 -1.6390001 2.3570001 48
2.362 -1.069 2.349 56
2.448 -1.244 2.345 61
2.5309999 -1.42 2.3440001 47
2.6229999 -1.585 2.3599999 46
2.378 -1.0140001 2.3469999 48
2.47 -1.188 2.3429999 54
2.5610001 -1.362 2.342 45
2.6600001 -1.526 2.359 47
2.3900001 -0.95899999 2.342 55
2.4920001 -1.133 2.3410001 61
2.5869999 -1.304 2.3380001 51
2.6949999 -1.467 2.3559999 49
2.408 -0.90700001 2.345 54
2.5139999 -1.076 2.3410001 64
2.6170001 -1.247 2.339 50
2.733 -1.408 2.3570001 48
2.4200001 -0.85299999 2.3429999 60
2.526 -1.017 2.3329999 68
2.6440001 -1.187 2.3369999 48
2.7620001 -1.345 2.352 46
2.431 -0.79799998 2.3410001 62
2.553 -0.963 2.3399999 69
2.6700001 -1.128 2.3369999 50
2.802 -1.2869999 2.358 61
2.441 -0.74400002 2.3399999 48
2.569 -0.90499997 2.3380001 64
2.6930001 -1.068 2.335 52
2.835 -1.224 2.359 65
2.457 -0.69199997 2.345 57
2.5840001 -0.84799999 2.336 68
2.721 -1.01 2.3380001 57
2.862 -1.16 2.3559999 67
2.4649999 -0.63700002 2.342 54
2.6029999 -0.792 2.3380001 62
2.7349999 -0.94599998 2.3310001 56
2.8870001 -1.094 2.352 61
2.4760001 -0.58499998 2.3440001 54
2.6140001 -0.73299998 2.3340001 60
2.7579999 -0.88599998 2.332 55
2.9159999 -1.03 2.352 75
2.477 -0.52999997 2.3380001 50
2.6259999 -0.67500001 2.332 64
2.783 -0.82599998 2.336 59
2.9360001 -0.96200001 2.3469999 75
2.4809999 -0.47600001 2.335 46
2.6370001 -0.61699998 2.332 68
2.7939999 -0.75999999 2.3299999 56
2.964 -0.89700001 2.3510001 72
2.487 -0.42199999 2.335 52
2.6440001 -0.55800003 2.3280001 62
2.8069999 -0.69700003 2.3269999 62
2.9860001 -0.829 2.3499999 65
2.49 -0.36899999 2.3340001 47
2.6530001 -0.5 2.3269999 61
2.8239999 -0.634 2.3280001 60
3.0050001 -0.76099998 2.348 70
2.4920001 -0.315 2.3329999 51
2.6600001 -0.44100001 2.326 60
2.839 -0.57099998 2.3280001 59
3.0220001 -0.69199997 2.345 73
2.497 -0.26300001 2.3340001 53
2.6659999 -0.38299999 2.325 65
2.846 -0.50700003 2.323 61
3.0380001 -0.62199998 2.3440001 71
2.4979999 -0.20999999 2.3340001 49
2.6659999 -0.324 2.319 70
2.8570001 -0.44299999 2.323 63
3.053 -0.55199999 2.3429999 74
2.4909999 -0.156 2.326 41
2.6760001 -0.266 2.3239999 44
2.865 -0.37900001 2.3210001 61
3.059 -0.48100001 2.3369999 72
2.494 -0.104 2.329 53
2.6789999 -0.207 2.322 43
2.901 -0.317 2.3429999 13
3.0769999 -0.412 2.3410001 72
2.4879999 -0.050999999 2.325 57
2.681 -0.149 2.322 48
0 0 0 0
0 0 0 0
2.4849999 0 2.3239999 53
0 0 0 0
0.55000001 -0.035 0.44299999 5
0 0 0 0
2.4849999 0.052000001 2.326 53
0 0 0 0
0.55800003 -0.023 0.44800001 6
0 0 0 0
2.4760001 0.103 2.3210001 55
2.674 0.025 2.3150001 8
0.55299997 -0.0099999998 0.44400001 6
0 0 0 0
2.4690001 0.154 2.319 51
2.6700001 0.082999997 2.313 72
0.55599999 0.001 0.44600001 9
0 0 0 0
2.4649999 0.206 2.3199999 50
2.6619999 0.14 2.309 71
0.56199998 0.014 0.45100001 10
0 0 0 0
2.457 0.257 2.319 58
2.655 0.198 2.3069999 76
0.56400001 0.027000001 0.45199999 10
0 0 0 0
2.444 0.30700001 2.3139999 59
2.6500001 0.25600001 2.3080001 75
0.56400001 0.039999999 0.45300001 10
0 0 0 0
2.4389999 0.35800001 2.3169999 62
2.641 0.31299999 2.306 71
0.56300002 0.052000001 0.454 11
0 0 0 0
2.4300001 0.40799999 2.3169999 62
2.631 0.37 2.3039999 76
0.55299997 0.064000003 0.44600001 8
0 0 0 0
2.411 0.456 2.309 58
2.6040001 0.42399999 2.2880001 4
0.55000001 0.075999998 0.44499999 9
0.54799998 0.067000002 0.414 9
2.4059999 0.50800002 2.3139999 54
0 0 0 0
0.54000002 0.086999997 0.43900001 9
0.54500002 0.079000004 0.41299999 9
2.3789999 0.55400002 2.3 33
0.52200001 0.108 0.46200001 9
0.53600001 0.098999999 0.43700001 7
0.542 0.092 0.41100001 9
2.355 0.59899998 2.2880001 7
0.523 0.12 0.46599999 10
0.52899998 0.11 0.433 6
0.53500003 0.104 0.40799999 9
0 0 0 0
0.51700002 0.131 0.463 10
0.528 0.123 0.43399999 6
0 0 0 0
0.50599998 0.15099999 0.49700001 10
0.51599997 0.14300001 0.465 6
0.52600002 0.13500001 0.43599999 8
0.53600001 0.13 0.41299999 10
0.50700003 0.163 0.50099999 8
0 0 0 0
0.52700001 0.148 0.43900001 9
0.53100002 0.142 0.41100001 10
0.505 0.17399999 0.50300002 8
0.51200002 0.16599999 0.46799999 6
0.52200001 0.15899999 0.43700001 8
0.52999997 0.155 0.414 10
0.505 0.185 0.50700003 8
0.51300001 0.178 0.472 6
0 0 0 0
0.52899998 0.168 0.41600001 11
0.50199997 0.19599999 0.50800002 8
0.51099998 0.19 0.47400001 6
0.52100003 0.185 0.44400001 8
0.52600002 0.18099999 0.417 10
0.5 0.208 0.50999999 8
0.50800002 0.20200001 0.47499999 6
0 0 0 0
0.52200001 0.19400001 0.417 11
0.49900001 0.219 0.514 8
0.50800002 0.214 0.479 6
0.51499999 0.20999999 0.44600001 8
0.52100003 0.208 0.421 10
0.50099999 0.23199999 0.51999998 6
0.509 0.228 0.484 6
0 0 0 0
0.51700002 0.22 0.421 11
0.495 0.242 0.51899999 4
0.50599998 0.23999999 0.48699999 6
0.514 0.237 0.45500001 7
0.51999998 0.236 0.42899999 9
0.498 0.25600001 0.52700001 1
0.509 0.255 0.495 6
0 0 0 0
0.51999998 0.25099999 0.43399999 11
2.1459999 1.1619999 2.2950001 9
0.51099998 0.27000001 0.50199997 6
0.51899999 0.26899999 0.47 6
0.523 0.26800001 0.44100001 8
2.1229999 1.206 2.2939999 65
0.509 0.28299999 0.50599998 7
0.51599997 0.28200001 0.472 6
0.52700001 0.285 0.44999999 7
2.0929999 1.247 2.2880001 63
0.50599998 0.29699999 0.50999999 4
0.52600002 0.30399999 0.48800001 4
0.53200001 0.30500001 0.461 6
2.0669999 1.291 2.2869999 63
2.237 1.378 2.2820001 13
0.52600002 0.31999999 0.495 4
0.53299999 0.322 0.46900001 5
2.0420001 1.334 2.2880001 69
2.207 1.426 2.2820001 67
0.52899998 0.33899999 0.505 0
0.53799999 0.34299999 0.47999999 5
2.016 1.376 2.2880001 68
2.1760001 1.474 2.2809999 69
2.345 1.5779999 2.2750001 12
2.506 1.683 2.276 10
1.9859999 1.4170001 2.2850001 65
2.1429999 1.52 2.2809999 65
2.2969999 1.623 2.2650001 65
2.457 1.7359999 2.27 77
1.954 1.455 2.279 58
2.1040001 1.563 2.2750001 67
2.2579999 1.673 2.2639999 62
2.415 1.793 2.2720001 77
1.928 1.5 2.2839999 67
2.0699999 1.608 2.2750001 64
2.217 1.722 2.263 68
2.365 1.844 2.2679999 62
1.8940001 1.536 2.277 59
2.0339999 1.653 2.2739999 65
2.1700001 1.767 2.2579999 70
2.3110001 1.891 2.2609999 65
1.862 1.575 2.276 59
1.9960001 1.6950001 2.2709999 58
2.128 1.8150001 2.257 68
2.2639999 1.9450001 2.2620001 67
1.831 1.614 2.2750001 59
1.961 1.74 2.2739999 65
2.0840001 1.8609999 2.256 62
2.217 1.997 2.2639999 64
1.798 1.652 2.273 57
1.923 1.783 2.2739999 70
2.0380001 1.905 2.2550001 75
2.161 2.0409999 2.2590001 64
1.766 1.692 2.2750001 53
1.883 1.824 2.2739999 67
1.9910001 1.948 2.2520001 67
2.1070001 2.0869999 2.257 73
1.73 1.727 2.2709999 50
1.8380001 1.859 2.266 66
1.9450001 1.993 2.2539999 63
2.0539999 2.1329999 2.256 67
1.6950001 1.763 2.2690001 56
1.798 1.9 2.267 60
1.899 2.036 2.2539999 65
1.9960001 2.174 2.253 75
1.659 1.799 2.2679999 57
1.7539999 1.936 2.2639999 60
1.848 2.075 2.2520001 63
1.944 2.22 2.2550001 69
1.625 1.837 2.27 62
1.71 1.973 2.263 65
1.801 2.1170001 2.2550001 60
1.886 2.2609999 2.2539999 66
1.585 1.868 2.2639999 60
1.668 2.0109999 2.2639999 62
1.748 2.1530001 2.2509999 66
1.826 2.2980001 2.2509999 48
1.55 1.905 2.267 63
1.622 2.0450001 2.2609999 60
1.696 2.1889999 2.25 59
1.77 2.3380001 2.253 62
1.508 1.9349999 2.2609999 56
1.573 2.0739999 2.2539999 60
1.6440001 2.2249999 2.2490001 60
1.709 2.3729999 2.25 60
1.467 1.965 2.257 58
1.531 2.1129999 2.2590001 61
1.5880001 2.256 2.2449999 62
1.646 2.4030001 2.2460001 66
1.429 1.998 2.257 57
1.482 2.1429999 2.2550001 56
1.53 2.2820001 2.2379999 63
1.585 2.437 2.2460001 63
1.3890001 2.0309999 2.2579999 54
1.434 2.1730001 2.253 59
1.48 2.3210001 2.244 57
1.522 2.4660001 2.244 67
1.346 2.0580001 2.253 56
1.386 2.204 2.253 59
1.42 2.3440001 2.2360001 57
1.459 2.494 2.2409999 70
1.303 2.0869999 2.2509999 55
1.3380001 2.234 2.2520001 58
1.363 2.3710001 2.2349999 60
1.395 2.5209999 2.2390001 66
1.265 2.122 2.257 58
1.285 2.2550001 2.244 55
1.309 2.401 2.2360001 63
1.329 2.5420001 2.234 67
1.2180001 2.1429999 2.2479999 57
1.235 2.283 2.244 58
1.253 2.4289999 2.237 63
1.265 2.5639999 2.2320001 62
1.175 2.1730001 2.2490001 52
1.186 2.3110001 2.2449999 54
1.193 2.4489999 2.233 66
1.2 2.585 2.2290001 65
1.133 2.2030001 2.2509999 55
1.133 2.3329999 2.2409999 53
1.136 2.473 2.233 63
1.135 2.6059999 2.2290001 66
1.085 2.223 2.244 50
1.082 2.358 2.2409999 46
1.076 2.493 2.2309999 58
1.068 2.622 2.2260001 65
1.0420001 2.2550001 2.25 60
1.029 2.3800001 2.2390001 49
1.016 2.5109999 2.2279999 60
1.005 2.6440001 2.2290001 65
0.99400002 2.276 2.2449999 56
0.977 2.401 2.2379999 51
0.958 2.5320001 2.2290001 61
0.93900001 2.658 2.227 63
0.94700003 2.2980001 2.243 56
0.926 2.427 2.2420001 53
0.89899999 2.5480001 2.2279999 56
0.87300003 2.6700001 2.224 65
0.90100002 2.323 2.244 52
0.87 2.4419999 2.237 51
0.838 2.563 2.2260001 60
0.80900002 2.687 2.2279999 65
0.85299999 2.346 2.2449999 53
0.81699997 2.461 2.237 50
0.77899998 2.5799999 2.227 59
0.741 2.6919999 2.223 60
0.80400002 2.365 2.2420001 56
0.76099998 2.474 2.233 56
0.71899998 2.596 2.2290001 61
0.67400002 2.7 2.221 64
0.75400001 2.381 2.2379999 53
0.708 2.494 2.2360001 51
0.65700001 2.602 2.224 59
0.61000001 2.7119999 2.2249999 66
0.70599997 2.4059999 2.243 48
0.653 2.51 2.2360001 50
0.597 2.6140001 2.2260001 59
0.54299998 2.7160001 2.223 68
0.65499997 2.421 2.2390001 50
0.59799999 2.5250001 2.237 48
0.537 2.6259999 2.2279999 59
0.477 2.714 2.2179999 71
0.60500002 2.4389999 2.2390001 49
0.54100001 2.5320001 2.2320001 55
0.47600001 2.631 2.2260001 56
0.412 2.721 2.221 67
0.55400002 2.454 2.237 52
0.48500001 2.5409999 2.2290001 53
0.41499999 2.6389999 2.2260001 57
0.347 2.723 2.2219999 63
0.50199997 2.4690001 2.237 54
0.43000001 2.5580001 2.2349999 50
0.354 2.6459999 2.2279999 58
0.28099999 2.7179999 2.2190001 64
0.44999999 2.4860001 2.2379999 53
0.37200001 2.5610001 2.23 55
0.292 2.6459999 2.2260001 53
0.21600001 2.7190001 2.221 66
0.39700001 2.4960001 2.2349999 50
0.315 2.569 2.23 56
0.23199999 2.6500001 2.2279999 54
0.15099999 2.7130001 2.22 66
0.34400001 2.506 2.233 50
0.25799999 2.576 2.2290001 54
0.171 2.6500001 2.227 49
0.086999997 2.7049999 2.217 63
0.292 2.5179999 2.233 52
0.20200001 2.5799999 2.2279999 54
0.11 2.6429999 2.2219999 50
0.023 2.7030001 2.221 62
0.23800001 2.526 2.2309999 53
0.145 2.5829999 2.227 55
0.048999999 2.6429999 2.224 46
-0.039000001 2.684 2.2130001 68
0.183 2.5320001 2.227 51
0.086999997 2.5869999 2.2279999 54
-0.0099999998 2.6429999 2.227 54
-0.102 2.678 2.217 67
0.12899999 2.5409999 2.2279999 57
0.029999999 2.5880001 2.2279999 52
-0.07 2.635 2.2249999 52
-0.16500001 2.6700001 2.22 68
0.074000001 2.5510001 2.2309999 53
-0.026000001 2.5869999 2.2260001 55
-0.131 2.6270001 2.2249999 50
-0.227 2.6570001 2.221 63
0.02 2.5539999 2.2279999 51
-0.083999999 2.5899999 2.23 58
-0.19 2.6199999 2.2260001 52
-0.289 2.6440001 2.2219999 61
-0.034000002 2.559 2.2279999 49
-0.141 2.5840001 2.2260001 55
-0.25 2.6099999 2.2249999 56
-0.34999999 2.6300001 2.224 59
-0.090000004 2.563 2.2290001 55
-0.198 2.579 2.2249999 60
-0.30899999 2.6040001 2.2290001 58
-0.41 2.612 2.224 58
-0.145 2.559 2.224 50
-0.25600001 2.5769999 2.2279999 55
-0.368 2.592 2.2290001 58
-0.47 2.595 2.2260001 58
-0.20200001 2.5639999 2.227 52
-0.31299999 2.5699999 2.227 53
-0.426 2.575 2.227 63
-0.52999997 2.5799999 2.23 50
-0.25799999 2.5610001 2.2249999 53
-0.37 2.5610001 2.2260001 56
-0.48500001 2.5680001 2.234 58
-0.58700001 2.55 2.223 42
-0.31400001 2.5569999 2.2219999 53
-0.42699999 2.5539999 2.2279999 55
-0.54100001 2.543 2.2260001 46
-0.64399999 2.526 2.223 46
-0.37 2.553 2.221 55
-0.484 2.543 2.227 51
-0.597 2.5209999 2.2219999 52
-0.70200002 2.51 2.23 54
-0.42699999 2.553 2.2249999 54
-0.54000002 2.5309999 2.227 49
-0.65399998 2.5079999 2.227 58
-0.75700003 2.4790001 2.227 53
-0.484 2.546 2.224 44
-0.597 2.52 2.2279999 55
-0.70999998 2.487 2.227 54
-0.81199998 2.451 2.2260001 61
-0.54100001 2.5450001 2.2290001 41
-0.653 2.506 2.2279999 55
-0.764 2.4619999 2.2249999 47
-0.86699998 2.428 2.23 53
-0.59799999 2.5380001 2.2290001 47
-0.70899999 2.4909999 2.2279999 55
-0.81999999 2.447 2.2309999 54
-0.91299999 2.3789999 2.2130001 90
-0.65499997 2.526 2.2279999 49
-0.764 2.473 2.2279999 52
-0.875 2.425 2.233 57
-0.94800001 2.3099999 2.1760001 150
-0.71100003 2.5150001 2.227 47
-0.81900001 2.4560001 2.2279999 53
-0.92000002 2.3789999 2.214 99
-1.025 2.3399999 2.234 58
-0.76700002 2.5 2.2249999 48
-0.87300003 2.437 2.2279999 53
-0.96100003 2.325 2.188 150
-1.075 2.3069999 2.234 55
-0.82300001 2.4849999 2.223 50
-0.91399997 2.3800001 2.1949999 145
-1.034 2.3499999 2.237 49
-1.123 2.2709999 2.2320001 63
-0.88099998 2.4760001 2.2290001 53
-0.97799999 2.3859999 2.22 77
-1.084 2.319 2.2349999 53
-1.1720001 2.2379999 2.234 150
-0.89999998 2.3629999 2.141 96
-1.035 2.372 2.2279999 54
-1.136 2.2920001 2.2379999 49
-1.28 2.312 2.346 150
-0.99199998 2.4389999 2.2249999 51
-1.09 2.3540001 2.2349999 51
-0.90499997 1.726 1.709 6
-1.373 2.349 2.424 72
-1.049 2.4230001 2.227 51
-1.143 2.329 2.2349999 51
-0.94 1.698 1.706 7
-1.424 2.313 2.4289999 71
-1.104 2.4030001 2.2279999 53
-1.209 2.329 2.2609999 150
-1.393 2.3859999 2.4319999 60
-1.475 2.276 2.434 71
-1.159 2.381 2.227 51
-1.35 2.4660001 2.4230001 56
-1.446 2.352 2.4349999 61
-0.99199998 1.456 1.5880001 5
-0.89399999 1.737 1.641 4
-1.406 2.4360001 2.425 59
-1.4960001 2.3139999 2.4360001 58
-1.572 2.197 2.444 69
-1.376 2.5320001 2.4170001 60
-1.46 2.404 2.4260001 56
-0.986 1.4529999 1.556 11
-0.94099998 1.253 1.4220001 8
-1.436 2.506 2.4189999 53
-1.517 2.375 2.431 63
-1.596 2.24 2.4419999 57
-1.6569999 2.1040001 2.4400001 68
-1.4960001 2.48 2.4230001 60
-0.96799999 1.442 1.499 49
-0.92799997 1.243 1.38 15
-1.7029999 2.0639999 2.448 62
-1.556 2.4549999 2.428 61
-0.99400002 1.4119999 1.4910001 5
-0.95499998 1.219 1.381 12
-1.742 2.0150001 2.4460001 62
-0.96799999 1.4529999 1.457 50
-0.92500001 1.253 1.345 13
-1.742 2.1229999 2.4530001 66
-1.0039999 1.109 1.3789999 4
-0.99599999 1.425 1.449 7
-0.94700003 1.225 1.3380001 16
-1.7869999 2.0799999 2.4549999 61
-1.018 1.074 1.369 6
-0.93800002 1.279 1.3200001 8
-1.778 2.194 2.441 62
-1.83 2.036 2.457 57
-1.051 1.0599999 1.386 2
-0.96100003 1.251 1.311 7
-1.832 2.1600001 2.4489999 63
-1.017 1.081 1.335 17
-1.888 1.819 2.444 59
-1.842 2.2869999 2.438 57
-1.8839999 2.1210001 2.454 57
-1.0470001 1.063 1.344 9
-1.929 1.775 2.4519999 54
-1.896 2.2490001 2.4389999 62
-1.007 1.084 1.28 18
-1.951 1.8940001 2.4560001 72
-1.964 1.727 2.4560001 78
-0.98199999 1.112 1.229 2
-1.0140001 1.043 1.26 24
-1.976 1.834 2.4400001 63
-1.985 1.6670001 2.4430001 70
-1.028 1.112 1.253 21
-2.017 1.983 2.451 62
-2.0220001 1.793 2.451 66
-0.96700001 0.77600002 1.173 9
-1.05 1.085 1.248 2
-2.0610001 1.936 2.451 62
-2.066 1.75 2.461 66
-1.0089999 0.77200001 1.207 5
-1.072 1.059 1.245 7
-2.1040001 1.8890001 2.4530001 61
-2.0999999 1.7 2.4619999 58
-1.023 0.74699998 1.2079999 20
-2.1559999 2.0339999 2.4460001 58
-2.145 1.84 2.4530001 61
-1.0190001 0.78799999 1.176 1
-1.01 0.70300001 1.177 9
-2.2019999 1.985 2.4449999 53
-2.1830001 1.789 2.451 56
-2.1670001 1.598 2.464 63
-2.138 1.418 2.464 63
-2.247 1.934 2.4430001 57
-2.2260001 1.7410001 2.4560001 62
-2.197 1.544 2.4619999 56
-2.158 1.362 2.4590001 64
-2.3 1.8890001 2.45 64
-2.2639999 1.689 2.4560001 61
-2.227 1.492 2.4630001 58
-2.184 1.311 2.464 62
-2.3429999 1.836 2.45 65
-2.3010001 1.637 2.457 61
-2.2550001 1.439 2.464 60
-2.2019999 1.256 2.46 67
-2.3859999 1.783 2.4489999 62
-2.3429999 1.589 2.4649999 63
-2.2780001 1.382 2.4590001 58
-2.2219999 1.202 2.46 65
-2.428 1.729 2.45 60
-2.3699999 1.53 2.4579999 60
-2.306 1.33 2.4619999 59
-2.244 1.15 2.4649999 70
-2.47 1.674 2.451 57
-2.402 1.474 2.4579999 56
-2.332 1.275 2.464 63
-2.2579999 1.095 2.461 63
-2.5090001 1.618 2.451 65
-2.4360001 1.42 2.461 61
-2.3559999 1.221 2.4649999 62
-2.273 1.04 2.46 59
-2.55 1.563 2.4549999 55
-2.4660001 1.364 2.4619999 64
-2.3710001 1.1619999 2.4579999 69
-2.29 0.98699999 2.4630001 63
-2.5829999 1.502 2.4519999 63
-2.4890001 1.303 2.4560001 64
-2.3959999 1.108 2.4630001 74
-2.309 0.935 2.4690001 67
-2.6159999 1.441 2.45 64
-2.513 1.244 2.454 74
-2.4130001 1.051 2.461 66
-2.3180001 0.87900001 2.4649999 49
-2.652 1.382 2.4519999 61
-2.4779999 1.1569999 2.395 150
-2.402 0.98299998 2.431 88
-2.3329999 0.82700002 2.4690001 49
-2.684 1.3200001 2.4519999 61
-2.562 1.127 2.4530001 90
-2.4619999 0.94400001 2.4760001 64
-2.3429999 0.77200001 2.47 49
-2.7160001 1.258 2.4530001 57
-2.595 1.071 2.4630001 61
-2.4749999 0.88599998 2.473 61
-2.3529999 0.71899998 2.471 61
-2.7420001 1.194 2.451 60
-2.615 1.01 2.4619999 65
-2.4879999 0.829 2.473 64
-2.3599999 0.66399997 2.47 70
-2.7690001 1.13 2.451 62
-2.6359999 0.94999999 2.4630001 66
-2.5009999 0.77200001 2.473 63
-2.3699999 0.611 2.473 59
-2.7950001 1.0650001 2.451 61
-2.6570001 0.88999999 2.4649999 71
-2.51 0.71399999 2.471 66
-2.375 0.55699998 2.473 58
-2.825 1.002 2.4560001 56
-2.675 0.829 2.4660001 66
-2.5209999 0.65600002 2.4719999 63
-2.3829999 0.505 2.4760001 63
-2.8469999 0.93599999 2.457 56
-2.6900001 0.76700002 2.4660001 66
-2.536 0.60000002 2.4779999 70
-2.3889999 0.45199999 2.48 64
-2.8659999 0.86900002 2.4560001 57
-2.707 0.70499998 2.4690001 66
-2.5450001 0.54299998 2.4790001 66
-2.392 0.398 2.4809999 62
-2.8959999 0.80400002 2.4649999 70
-2.721 0.64300001 2.471 65
-2.5510001 0.48500001 2.4779999 62
-2.3970001 0.34599999 2.4849999 65
-2.9159999 0.73699999 2.4679999 77
-2.7320001 0.57999998 2.471 66
-2.5610001 0.428 2.484 68
-2.3989999 0.29300001 2.4860001 57
-2.9300001 0.66799998 2.4660001 72
-2.7449999 0.51800001 2.474 65
-2.5650001 0.37099999 2.483 64
-2.3970001 0.23999999 2.4860001 55
-2.9530001 0.60000002 2.474 72
-2.7550001 0.45500001 2.4749999 64
-2.566 0.31299999 2.483 68
-2.3989999 0.18799999 2.49 55
-2.9630001 0.53100002 2.473 70
-2.7650001 0.39199999 2.4790001 71
-2.5699999 0.25600001 2.4849999 69
-2.395 0.13600001 2.4890001 63
-2.974 0.461 2.474 74
-2.7720001 0.329 2.4809999 70
-2.573 0.198 2.4879999 69
-2.3900001 0.083999999 2.487 47
-2.9890001 0.391 2.4790001 79
-2.7750001 0.26499999 2.48 65
-2.573 0.141 2.4890001 63
-2.3929999 0.032000002 2.4960001 55
-2.994 0.32100001 2.4779999 74
-2.7780001 0.20100001 2.4809999 63
-2.5739999 0.083999999 2.4920001 66
-2.388 -0.017999999 2.497 54
-2.9960001 0.25 2.477 71
-2.7809999 0.138 2.484 65
-2.572 0.027000001 2.494 64
-2.3759999 -0.068999998 2.4920001 44
-3.0020001 0.18000001 2.4790001 68
-2.7809999 0.075000003 2.4849999 63
-2.569 -0.028999999 2.4960001 65
-2.375 -0.12 2.4990001 44
-3.0090001 0.109 2.484 61
-2.78 0.011 2.487 62
-2.566 -0.085000001 2.4979999 63
-2.3670001 -0.17 2.4990001 50
-3.0050001 0.037999999 2.4820001 66
-2.7809999 -0.050999999 2.4909999 62
-2.5610001 -0.142 2.5009999 64
-2.362 -0.221 2.5050001 44
-3.0109999 -0.032000002 2.4890001 63
-2.777 -0.115 2.493 64
-2.5569999 -0.198 2.5050001 59
-2.355 -0.271 2.5079999 62
-3.01 -0.103 2.4920001 60
-2.7709999 -0.178 2.494 61
-2.5450001 -0.25400001 2.5020001 61
-2.3440001 -0.31999999 2.5090001 63
-3.0020001 -0.17399999 2.4909999 58
-2.7639999 -0.241 2.4949999 66
-2.5350001 -0.30899999 2.503 65
-2.325 -0.368 2.5020001 53
-2.9909999 -0.244 2.4890001 72
-2.7509999 -0.303 2.4920001 66
-2.5209999 -0.36399999 2.5009999 69
-2.3139999 -0.417 2.5039999 54
-2.987 -0.315 2.494 63
-2.7379999 -0.366 2.4909999 64
-2.5120001 -0.419 2.5050001 68
-2.3 -0.465 2.5039999 56
-2.97 -0.384 2.49 69
-2.7279999 -0.428 2.493 60
-2.497 -0.47400001 2.5039999 61
-2.2839999 -0.51200002 2.5020001 62
-2.9649999 -0.45500001 2.4979999 60
-2.714 -0.49000001 2.4949999 64
-2.4790001 -0.52700001 2.5009999 57
-2.2739999 -0.56099999 2.5079999 58
-2.947 -0.52399999 2.4960001 67
-2.7 -0.551 2.4960001 61
-2.473 -0.583 2.5109999 68
-2.2579999 -0.60799998 2.5090001 51
-2.9300001 -0.59299999 2.4960001 63
-2.691 -0.61299998 2.5039999 57
-2.4530001 -0.63499999 2.5090001 62
-2.244 -0.65499997 2.5120001 49
-2.921 -0.66299999 2.5050001 62
-2.6730001 -0.67400002 2.5050001 69
-2.437 -0.68800002 2.5109999 61
-2.227 -0.70099998 2.513 55
-2.8970001 -0.73000002 2.503 67
-2.655 -0.73400003 2.506 65
-2.428 -0.74299997 2.5209999 69
-2.211 -0.74699998 2.516 57
-2.865 -0.79500002 2.4949999 53
-2.6400001 -0.79500002 2.513 64
-2.408 -0.79500002 2.5220001 63
-2.1919999 -0.79299998 2.517 56
-2.862 -0.86799997 2.513 64
-2.6159999 -0.85399997 2.5120001 70
-2.382 -0.84500003 2.5179999 60
-2.174 -0.838 2.5190001 50
-2.832 -0.93300003 2.5109999 69
-2.5940001 -0.912 2.5139999 56
-2.3640001 -0.898 2.523 69
-2.154 -0.88200003 2.5209999 57
-2.8069999 -0.99900001 2.513 67
-2.5710001 -0.97100002 2.517 57
-2.3410001 -0.94800001 2.523 70
-2.1300001 -0.92500001 2.5179999 55
-2.78 -1.064 2.5150001 65
-2.539 -1.026 2.5120001 54
-2.319 -0.99800003 2.526 65
-2.1129999 -0.97000003 2.523 58
-2.7520001 -1.1289999 2.5179999 67
-2.5109999 -1.082 2.5120001 57
-2.293 -1.0470001 2.5250001 63
-2.0899999 -1.013 2.5239999 56
-2.71 -1.188 2.51 50
-2.4860001 -1.1390001 2.516 53
-2.2679999 -1.096 2.527 58
-2.0599999 -1.052 2.516 57
-2.688 -1.255 2.5209999 48
-2.457 -1.194 2.5179999 52
-2.2379999 -1.142 2.5239999 58
-2.0239999 -1.0880001 2.5020001 118
-2.6530001 -1.316 2.523 47
-2.4230001 -1.247 2.516 50
-2.2160001 -1.193 2.5320001 53
-1.918 -1.0829999 2.401 150
-2.6199999 -1.378 2.527 47
-2.3989999 -1.3049999 2.526 47
-2.1849999 -1.238 2.529 54
-1.869 -1.107 2.369 150
-2.5869999 -1.4400001 2.533 47
-2.3640001 -1.357 2.526 45
-2.155 -1.284 2.529 56
-1.814 -1.126 2.3299999 58
-2.539 -1.493 2.526 45
-2.3310001 -1.409 2.5280001 45
-2.1289999 -1.332 2.5350001 50
-1.786 -1.16 2.326 53
-2.5 -1.552 2.529 45
-2.293 -1.459 2.527 43
-2.0999999 -1.378 2.539 55
-1.763 -1.198 2.329 56
-2.457 -1.607 2.529 44
-2.2550001 -1.507 2.526 45
-2.036 -1.401 2.5 150
-1.738 -1.234 2.3299999 59
-2.4159999 -1.663 2.533 45
-2.2179999 -1.557 2.5280001 44
-1.92 -1.3839999 2.3970001 150
-1.711 -1.2690001 2.3299999 57
-2.3670001 -1.714 2.53 43
-2.1789999 -1.605 2.529 46
-1.841 -1.388 2.3369999 53
-1.684 -1.304 2.3310001 59
-2.3210001 -1.766 2.5309999 44
-2.1370001 -1.65 2.527 48
-1.809 -1.427 2.339 49
-1.6569999 -1.339 2.332 58
-2.276 -1.818 2.5339999 45
-2.0769999 -1.681 2.506 106
-1.776 -1.465 2.3380001 46
-1.63 -1.374 2.3329999 58
-2.233 -1.873 2.5420001 46
-1.936 -1.642 2.385 150
-1.7460001 -1.505 2.3440001 47
-1.608 -1.413 2.3440001 48
-2.184 -1.9220001 2.5439999 47
-1.8559999 -1.648 2.3369999 43
-1.7079999 -1.538 2.339 45
-1.577 -1.444 2.342 41
-2.1240001 -1.961 2.5350001 75
-1.8150001 -1.687 2.336 46
-1.679 -1.58 2.349 53
-1.549 -1.479 2.345 52
-1.914 -1.853 2.342 61
-1.777 -1.729 2.342 53
-1.643 -1.614 2.348 47
-1.52 -1.512 2.348 59
-1.8609999 -1.8890001 2.339 47
-1.732 -1.763 2.3380001 49
-1.61 -1.652 2.3529999 39
-1.488 -1.543 2.3469999 49
-1.807 -1.923 2.3329999 48
-1.694 -1.8049999 2.346 54
-1.576 -1.689 2.359 57
-1.455 -1.572 2.3440001 47
-1.753 -1.957 2.3299999 48
-1.649 -1.839 2.346 43
-1.535 -1.7180001 2.355 54
-1.424 -1.604 2.3469999 53
-1.709 -2.0009999 2.3399999 48
-1.609 -1.8789999 2.3529999 50
-1.497 -1.75 2.355 52
-1.392 -1.635 2.349 57
-1.661 -2.0409999 2.3469999 39
-1.563 -1.9119999 2.3540001 55
-1.462 -1.786 2.362 59
-1.357 -1.6619999 2.346 59
-1.6109999 -2.0769999 2.352 56
-1.518 -1.9450001 2.3559999 55
-1.419 -1.812 2.3570001 54
-1.326 -1.693 2.3499999 64
-1.556 -2.108 2.352 51
-1.471 -1.976 2.3570001 56
-1.3789999 -1.842 2.3570001 52
-1.291 -1.721 2.349 54
-1.5039999 -2.142 2.3559999 48
-1.4220001 -2.003 2.3540001 51
-1.3380001 -1.8710001 2.358 54
-1.256 -1.747 2.348 56
-1.451 -2.174 2.3599999 50
-1.378 -2.0380001 2.362 53
-1.298 -1.9 2.3610001 52
-1.222 -1.776 2.3510001 62
-1.398 -2.2049999 2.3640001 50
-1.3279999 -2.063 2.3610001 48
-1.257 -1.928 2.3610001 51
-1.1849999 -1.802 2.3499999 63
-1.34 -2.2290001 2.3629999 52
-1.277 -2.086 2.3570001 44
-1.214 -1.954 2.362 52
-1.15 -1.83 2.3529999 57
-1.285 -2.257 2.3670001 52
-1.2309999 -2.118 2.365 49
-1.171 -1.979 2.362 50
-1.113 -1.854 2.352 57
-1.227 -2.2780001 2.3659999 50
-1.181 -2.141 2.365 48
-1.128 -2.0039999 2.3629999 52
-1.0779999 -1.883 2.358 57
-1.169 -2.2980001 2.3659999 47
-1.1289999 -2.1600001 2.362 44
-1.086 -2.03 2.3659999 48
-1.041 -1.908 2.359 54
-1.112 -2.3199999 2.368 48
-1.0779999 -2.1819999 2.3629999 40
-1.04 -2.049 2.362 36
-1.001 -1.9299999 2.358 53
-1.052 -2.3340001 2.3640001 44
-1.027 -2.204 2.365 40
-0.99599999 -2.0710001 2.3640001 51
-0.96200001 -1.951 2.3559999 55
-0.99299997 -2.3499999 2.3640001 50
-0.97399998 -2.22 2.362 44
-0.95099998 -2.0940001 2.3659999 45
-0.92199999 -1.973 2.3559999 56
-0.93300003 -2.362 2.3610001 42
-0.92500001 -2.244 2.369 40
-0.90600002 -2.115 2.3670001 48
-0.88300002 -1.995 2.3570001 51
-0.875 -2.3770001 2.3629999 47
-0.87099999 -2.257 2.3659999 43
-0.85900003 -2.1300001 2.3640001 48
-0.84399998 -2.0190001 2.3610001 54
-0.81599998 -2.388 2.3629999 44
-0.81699997 -2.267 2.3610001 45
-0.81400001 -2.151 2.368 47
-0.80199999 -2.036 2.358 52
-0.75700003 -2.398 2.362 39
-0.76499999 -2.2850001 2.365 48
-0.76700002 -2.1670001 2.3670001 47
-0.76099998 -2.0550001 2.358 54
-0.69999999 -2.414 2.369 43
-0.71399999 -2.3010001 2.369 50
-0.71799999 -2.178 2.362 48
-0.72000003 -2.0769999 2.3610001 50
-0.64200002 -2.4219999 2.3699999 43
-0.65899998 -2.306 2.362 49
-0.67299998 -2.1989999 2.3670001 45
-0.67799997 -2.0929999 2.3599999 48
-0.583 -2.427 2.369 43
-0.60699999 -2.3239999 2.3699999 46
-0.625 -2.2130001 2.368 47
-0.634 -2.109 2.358 47
-0.52399999 -2.4360001 2.3740001 40
-0.55299997 -2.329 2.3659999 48
-0.57599998 -2.22 2.362 45
-0.59100002 -2.1229999 2.3559999 46
-0.465 -2.4360001 2.3710001 38
-0.49900001 -2.335 2.3640001 46
-0.528 -2.2360001 2.3659999 45
-0.54900002 -2.1440001 2.362 52
-0.40700001 -2.434 2.368 40
-0.44600001 -2.3429999 2.3659999 43
-0.47999999 -2.2460001 2.3640001 42
-0.505 -2.158 2.3599999 49
-0.34900001 -2.4360001 2.3699999 40
-0.39199999 -2.346 2.3640001 46
-0.43099999 -2.256 2.3640001 42
-0.461 -2.175 2.3640001 42
-0.29100001 -2.4349999 2.3699999 45
-0.34 -2.3529999 2.3659999 47
-0.38299999 -2.267 2.3659999 39
-0.417 -2.1900001 2.3659999 50
-0.233 -2.4260001 2.3640001 42
-0.28600001 -2.358 2.369 53
-0.33399999 -2.2739999 2.365 42
-0.37099999 -2.2 2.3629999 50
-0.176 -2.427 2.369 47
-0.233 -2.362 2.3710001 50
-0.28400001 -2.279 2.3629999 40
-0.32600001 -2.211 2.3629999 53
-0.119 -2.424 2.3699999 47
-0.17900001 -2.3570001 2.3659999 48
-0.235 -2.2880001 2.3659999 39
-0.28 -2.2249999 2.3659999 50
-0.063000001 -2.415 2.369 44
-0.127 -2.3599999 2.369 54
-0.185 -2.2920001 2.365 43
-0.234 -2.233 2.3640001 49
-0.0070000002 -2.4119999 2.3729999 44
-0.074000001 -2.359 2.369 49
-0.13600001 -2.2939999 2.3629999 41
-0.18700001 -2.2460001 2.368 50
0.048 -2.402 2.372 43
-0.021 -2.349 2.362 46
-0.086000003 -2.303 2.368 44
-0.141 -2.2539999 2.368 53
0.103 -2.392 2.3729999 45
0.030999999 -2.3510001 2.369 46
-0.035999998 -2.303 2.3659999 41
-0.093000002 -2.26 2.3659999 52
0.15800001 -2.3840001 2.3759999 43
0.082999997 -2.3469999 2.3699999 42
0.012 -2.303 2.365 47
-0.046 -2.27 2.3699999 54
0.211 -2.365 2.3699999 42
0.13500001 -2.336 2.365 41
0.061999999 -2.3080001 2.3710001 50
0.001 -2.2750001 2.3699999 54
0.26499999 -2.3499999 2.369 42
0.18700001 -2.332 2.369 48
0.112 -2.3069999 2.3699999 48
0.048999999 -2.277 2.368 54
0.31799999 -2.3369999 2.372 41
0.23899999 -2.3239999 2.369 50
0.162 -2.3010001 2.3659999 45
0.097999997 -2.2850001 2.3710001 53
0.37 -2.322 2.3729999 47
0.28999999 -2.313 2.368 50
0.212 -2.3010001 2.3699999 51
0.146 -2.2850001 2.369 40
0.421 -2.299 2.3670001 44
0.34 -2.303 2.368 48
0.26199999 -2.296 2.369 50
0.19499999 -2.286 2.368 48
0.472 -2.2839999 2.3699999 43
0.39199999 -2.2950001 2.372 50
0.31200001 -2.2909999 2.368 48
0.245 -2.2909999 2.3729999 45
0.52100003 -2.2609999 2.3670001 42
0.44 -2.273 2.3629999 47
0.36199999 -2.2839999 2.3670001 49
0.294 -2.293 2.375 54
0.57099998 -2.2409999 2.3670001 42
0.49000001 -2.2609999 2.3640001 48
0.412 -2.2809999 2.372 48
0.34299999 -2.2850001 2.369 48
0.62 -2.22 2.368 34
0.54000002 -2.2479999 2.3659999 47
0.461 -2.267 2.3659999 48
0.39300001 -2.286 2.372 47
0.41499999 -1.368 1.474 2
0.588 -2.2279999 2.362 45
0.51099998 -2.2609999 2.369 45
0.44299999 -2.279 2.369 49
0.449 -1.367 1.489 2
0.39199999 -1.364 1.457 0
0.55900002 -2.247 2.365 48
0.493 -2.276 2.3699999 50
0.486 -1.373 1.513 2
0.42699999 -1.37 1.475 2
0.60799998 -2.2360001 2.365 40
0.54400003 -2.273 2.3729999 46
0.52200001 -1.375 1.533 2
0.461 -1.373 1.4910001 2
0.40599999 -1.376 1.464 2
0.59200001 -2.2620001 2.368 47
0.55599999 -1.37 1.5470001 2
0.49399999 -1.369 1.5 2
0.43799999 -1.372 1.469 2
0.64399999 -2.2590001 2.3729999 23
0.59200001 -1.369 1.5650001 1
0.52999997 -1.373 1.5190001 2
0.47 -1.37 1.476 2
0.42199999 -1.368 1.443 2
0.93599999 -2.0369999 2.3610001 34
0.56599998 -1.375 1.5369999 2
0.50700003 -1.378 1.495 2
0.456 -1.374 1.456 2
0.98000002 -2.0120001 2.365 43
0.602 -1.375 1.554 2
0.54100001 -1.376 1.5039999 2
0.48899999 -1.374 1.4630001 2
1.021 -1.983 2.3640001 41
0.95700002 -2.0599999 2.3540001 28
0.57800001 -1.381 1.522 2
0.52200001 -1.372 1.4680001 2
1.061 -1.952 2.3629999 44
1.003 -2.0409999 2.3599999 44
0.616 -1.388 1.5420001 2
0.55900002 -1.378 1.484 2
1.099 -1.9170001 2.359 43
1.0470001 -2.017 2.3610001 44
0.653 -1.388 1.557 3
0.59500003 -1.3789999 1.495 2
1.138 -1.887 2.3599999 47
1.09 -1.99 2.3599999 46
0.685 -1.377 1.5599999 1
0.63200003 -1.382 1.5089999 2
1.175 -1.853 2.3570001 42
1.132 -1.9630001 2.3599999 44
1.08 -2.0569999 2.355 33
0.67000002 -1.385 1.524 2
1.212 -1.8200001 2.3570001 38
1.174 -1.936 2.3610001 43
1.128 -2.04 2.3599999 46
0.708 -1.3839999 1.536 2
1.247 -1.786 2.3559999 43
1.214 -1.9069999 2.359 43
1.17 -2.0109999 2.3540001 51
0.74900001 -1.3890001 1.556 2
1.284 -1.7539999 2.358 42
1.25 -1.872 2.352 41
1.217 -1.9910001 2.359 45
0.78600001 -1.3839999 1.5650001 0
1.316 -1.717 2.3540001 44
1.29 -1.8430001 2.3529999 43
1.26 -1.9630001 2.3570001 43
1.237 -2.072 2.3670001 34
1.351 -1.6849999 2.3570001 41
1.33 -1.813 2.355 43
1.298 -1.928 2.346 7
1.283 -2.046 2.3629999 40
1.383 -1.648 2.3559999 38
1.365 -1.779 2.3510001 48
1.3430001 -1.902 2.348 29
1.3329999 -2.026 2.3659999 4
1.41 -1.607 2.348 32
1.404 -1.748 2.3529999 37
1.387 -1.876 2.3510001 34
1.376 -1.994 2.359 8
1.4450001 -1.577 2.3559999 42
1.438 -1.712 2.349 43
1.428 -1.846 2.349 39
1.4299999 -1.978 2.3699999 8
1.476 -1.541 2.3570001 37
1.474 -1.6799999 2.3499999 41
1.473 -1.8200001 2.355 41
0 0 0 0
1.502 -1.502 2.3529999 38
1.51 -1.647 2.352 43
1.513 -1.789 2.3540001 41
1.512 -1.908 2.352 1
1.5319999 -1.465 2.355 40
1.5420001 -1.61 2.349 39
1.553 -1.756 2.3529999 43
1.563 -1.885 2.3610001 35
1.557 -1.426 2.352 37
1.5779999 -1.576 2.352 46
1.592 -1.722 2.3529999 42
1.61 -1.8559999 2.3629999 42
1.584 -1.3890001 2.3529999 40
1.61 -1.54 2.352 44
1.63 -1.687 2.3510001 41
1.653 -1.822 2.3599999 43
1.613 -1.354 2.359 46
1.638 -1.5 2.346 41
1.668 -1.652 2.3510001 41
1.701 -1.794 2.3659999 43
1.6339999 -1.311 2.352 44
1.67 -1.4630001 2.3469999 42
1.706 -1.618 2.352 43
1.742 -1.758 2.3640001 41
1.656 -1.271 2.3499999 40
1.702 -1.427 2.3499999 44
1.742 -1.581 2.3510001 42
1.784 -1.721 2.362 43
1.681 -1.235 2.3540001 49
1.733 -1.391 2.3529999 48
1.777 -1.5420001 2.349 40
1.827 -1.686 2.3640001 44
1.704 -1.1950001 2.3540001 55
1.757 -1.348 2.346 47
1.812 -1.5039999 2.349 42
1.868 -1.647 2.3629999 41
1.721 -1.153 2.349 50
1.789 -1.312 2.352 43
1.846 -1.464 2.348 43
1.906 -1.607 2.3599999 39
1.743 -1.114 2.352 52
1.813 -1.2690001 2.348 48
1.878 -1.423 2.3469999 43
1.95 -1.571 2.365 39
1.766 -1.076 2.355 56
1.8380001 -1.228 2.3469999 53
1.916 -1.386 2.3529999 52
1.982 -1.524 2.3570001 41
1.781 -1.034 2.3510001 57
1.868 -1.191 2.3529999 56
1.948 -1.345 2.3529999 44
2.0220001 -1.484 2.359 42
1.798 -0.99299997 2.349 52
1.89 -1.148 2.3499999 51
1.973 -1.299 2.3469999 41
2.0610001 -1.443 2.3610001 47
1.8150001 -0.95300001 2.3499999 55
1.909 -1.104 2.345 57
2.01 -1.261 2.355 52
2.095 -1.397 2.358 47
1.826 -0.90899998 2.3429999 51
1.9349999 -1.063 2.349 52
2.0339999 -1.214 2.349 56
2.1300001 -1.352 2.358 47
1.8430001 -0.86900002 2.3440001 52
1.954 -1.0190001 2.345 60
2.0580001 -1.1670001 2.3440001 50
2.1630001 -1.306 2.3570001 49
1.858 -0.829 2.345 54
1.973 -0.97500002 2.3440001 58
2.0880001 -1.124 2.3469999 60
2.1949999 -1.258 2.3559999 61
1.87 -0.787 2.3429999 57
1.9960001 -0.93300003 2.3469999 57
2.1140001 -1.079 2.3469999 58
2.2290001 -1.212 2.3570001 63
1.883 -0.74699998 2.3440001 55
2.0120001 -0.88800001 2.3440001 57
2.1370001 -1.031 2.345 62
2.256 -1.161 2.3529999 67
1.9 -0.708 2.349 48
2.029 -0.84399998 2.3429999 58
2.1630001 -0.98500001 2.3469999 65
2.2850001 -1.1109999 2.3529999 63
1.914 -0.667 2.352 39
2.049 -0.801 2.346 62
2.1830001 -0.93599999 2.3429999 60
2.3099999 -1.059 2.348 69
1.929 -0.62699997 2.358 35
2.062 -0.755 2.3429999 61
2.2030001 -0.88700002 2.3410001 62
2.342 -1.01 2.3529999 70
1.9349999 -0.58499998 2.3529999 33
2.0769999 -0.70999998 2.3410001 42
2.224 -0.83899999 2.3410001 65
2.3659999 -0.95700002 2.3499999 69
1.944 -0.54299998 2.352 34
2.0940001 -0.66600001 2.345 47
2.2420001 -0.78899997 2.339 65
2.3889999 -0.903 2.348 67
1.949 -0.50099999 2.349 34
2.108 -0.62 2.345 47
2.2579999 -0.73900002 2.336 58
2.4100001 -0.85000002 2.346 66
1.956 -0.46000001 2.348 33
2.118 -0.574 2.3429999 50
2.2780001 -0.69 2.339 64
2.434 -0.796 2.3469999 73
1.962 -0.41800001 2.346 33
2.1289999 -0.528 2.342 51
2.2920001 -0.639 2.336 63
2.451 -0.74000001 2.3429999 56
1.972 -0.377 2.3510001 35
2.1389999 -0.48199999 2.342 56
2.3039999 -0.58700001 2.3329999 67
2.47 -0.68400002 2.342 68
1.973 -0.33500001 2.345 33
2.1470001 -0.435 2.3399999 55
2.3199999 -0.53600001 2.3340001 63
2.4849999 -0.62699997 2.339 70
1.978 -0.294 2.345 35
2.151 -0.38800001 2.335 57
2.332 -0.484 2.3329999 61
2.503 -0.57099998 2.339 75
1.983 -0.25299999 2.346 35
2.1600001 -0.34200001 2.336 60
2.3410001 -0.43200001 2.3299999 65
2.517 -0.514 2.3380001 66
1.984 -0.211 2.3429999 32
2.1630001 -0.29499999 2.3310001 55
2.3510001 -0.38 2.329 66
2.526 -0.456 2.3329999 61
1.987 -0.17 2.3440001 34
2.1700001 -0.248 2.332 53
2.358 -0.32699999 2.3269999 61
2.5380001 -0.398 2.3329999 70
1.982 -0.12899999 2.335 43
2.1730001 -0.20100001 2.3310001 59
2.3659999 -0.27399999 2.3269999 63
2.5480001 -0.34 2.3310001 63
1.975 -0.088 2.326 57
2.174 -0.154 2.3269999 54
2.3729999 -0.222 2.3269999 65
2.5569999 -0.28099999 2.3299999 65
1.978 -0.046999998 2.329 61
2.175 -0.107 2.326 54
2.3770001 -0.169 2.325 61
2.5639999 -0.222 2.3280001 70
1.978 -0.0060000001 2.329 62
2.1789999 -0.059999999 2.3280001 63
2.375 -0.115 2.319 70
2.566 -0.163 2.3239999 57
1.974 0.033 2.325 59
2.177 -0.013 2.3239999 55
2.3829999 -0.061999999 2.3239999 62
2.573 -0.104 2.326 71
1.973 0.074000001 2.325 59
2.178 0.032000002 2.325 56
2.381 -0.0089999996 2.319 73
2.576 -0.044 2.325 67
1.971 0.114 2.325 58
2.1789999 0.079999998 2.3269999 64
2.3789999 0.043000001 2.3169999 67
2.5769999 0.014 2.3239999 69
1.964 0.154 2.3210001 60
2.1689999 0.126 2.3169999 66
2.378 0.097000003 2.316 70
2.5769999 0.074000001 2.323 71
1.96 0.19499999 2.3199999 58
2.1670001 0.17299999 2.319 68
2.3729999 0.15000001 2.313 63
2.5710001 0.134 2.3180001 73
1.955 0.235 2.319 57
2.1619999 0.219 2.3169999 63
2.3670001 0.20299999 2.3099999 66
2.575 0.19400001 2.323 73
1.952 0.27500001 2.3210001 61
2.1559999 0.266 2.316 65
2.365 0.257 2.312 61
2.5669999 0.25299999 2.3199999 69
1.9450001 0.315 2.319 60
2.151 0.31200001 2.316 66
2.3559999 0.30899999 2.3080001 64
2.5580001 0.31200001 2.316 75
1.937 0.354 2.316 61
2.142 0.35800001 2.3139999 66
2.349 0.36199999 2.3069999 63
2.552 0.37200001 2.3169999 72
1.929 0.39300001 2.3150001 58
2.1300001 0.403 2.309 71
2.3410001 0.41499999 2.3080001 66
0 0 0 0
1.918 0.43200001 2.3099999 64
2.1229999 0.449 2.3099999 73
2.3310001 0.46700001 2.306 55
0.528 0.102 0.48300001 7
1.913 0.472 2.3150001 61
2.1129999 0.495 2.309 60
2.3150001 0.51899999 2.3010001 66
0.523 0.114 0.47999999 10
1.905 0.51200002 2.316 56
2.102 0.54000002 2.3080001 71
2.3080001 0.57200003 2.306 65
0.51999998 0.126 0.47999999 10
1.893 0.55000001 2.312 61
2.092 0.58600003 2.3099999 67
2.293 0.62300003 2.303 58
0.51700002 0.138 0.47999999 11
1.8839999 0.58899999 2.313 66
2.075 0.63 2.3039999 67
0 0 0 0
0.514 0.15000001 0.47999999 10
1.8710001 0.62699997 2.3099999 65
2.0599999 0.67400002 2.302 69
0.50700003 0.162 0.51599997 3
0.514 0.163 0.484 9
1.8559999 0.66500002 2.306 63
2.046 0.71799999 2.302 68
0.50300002 0.17399999 0.51599997 3
0.51300001 0.176 0.486 9
1.8430001 0.70300001 2.3039999 65
2.027 0.76099998 2.2969999 72
0.5 0.185 0.51700002 3
0.51499999 0.19 0.49200001 9
1.832 0.74199998 2.306 60
2.01 0.80500001 2.296 73
0.498 0.197 0.51899999 3
0.51200002 0.20299999 0.49399999 9
1.8150001 0.778 2.302 64
1.997 0.85000002 2.3 68
0.491 0.208 0.51599997 1
0.50700003 0.215 0.495 9
1.804 0.81699997 2.306 62
1.979 0.89300001 2.299 69
0 0 0 0
0.50999999 0.23 0.50300002 9
1.784 0.85299999 2.3 64
1.954 0.93199998 2.2909999 65
2.138 1.021 2.2939999 15
0.50599998 0.243 0.50400001 8
1.768 0.88999999 2.2980001 64
1.9349999 0.97600001 2.293 69
2.1110001 1.067 2.2909999 67
0.50099999 0.255 0.50599998 9
1.753 0.92799997 2.299 69
1.915 1.017 2.2920001 69
2.0829999 1.113 2.2869999 63
0.49900001 0.26899999 0.50999999 4
1.7359999 0.96399999 2.299 64
1.893 1.059 2.2920001 68
2.0569999 1.159 2.2869999 64
2.211 1.2589999 2.289 16
1.7180001 1.001 2.2980001 64
1.8710001 1.1 2.2920001 58
2.029 1.204 2.2850001 65
2.1760001 1.307 2.2850001 73
1.6950001 1.035 2.2920001 66
1.847 1.14 2.29 67
1.998 1.248 2.2820001 65
2.141 1.355 2.283 69
1.678 1.072 2.2939999 61
1.8200001 1.179 2.286 68
1.972 1.295 2.286 66
2.1059999 1.403 2.2820001 71
1.6569999 1.107 2.2920001 55
1.7970001 1.22 2.289 67
1.9400001 1.337 2.283 68
2.069 1.449 2.279 72
1.6390001 1.1440001 2.2950001 58
1.7690001 1.258 2.286 65
1.904 1.377 2.277 70
2.0350001 1.497 2.2820001 68
1.615 1.177 2.29 65
1.743 1.296 2.2850001 63
1.875 1.4220001 2.2809999 62
1.997 1.543 2.2820001 71
1.5930001 1.212 2.289 65
1.715 1.334 2.2839999 63
1.837 1.459 2.2750001 64
1.955 1.585 2.279 70
1.5700001 1.2460001 2.2880001 67
1.686 1.3710001 2.283 62
1.798 1.4960001 2.2679999 67
1.9170001 1.63 2.28 76
1.543 1.278 2.2820001 61
1.6569999 1.408 2.2820001 65
1.768 1.54 2.2750001 63
1.874 1.67 2.277 69
1.52 1.312 2.283 69
1.626 1.443 2.2809999 70
1.732 1.5779999 2.2739999 58
1.8279999 1.7079999 2.273 70
1.497 1.347 2.2839999 64
1.594 1.478 2.279 65
1.692 1.613 2.27 63
1.788 1.75 2.276 72
1.471 1.3789999 2.2820001 63
1.5599999 1.51 2.2739999 72
1.654 1.651 2.27 64
1.737 1.7819999 2.267 68
1.444 1.411 2.28 63
1.531 1.548 2.2780001 68
1.6160001 1.687 2.27 63
1.693 1.8200001 2.267 69
1.416 1.442 2.2780001 64
1.4960001 1.58 2.2750001 66
1.574 1.719 2.266 61
1.647 1.855 2.266 66
1.388 1.473 2.2750001 62
1.461 1.6109999 2.273 69
1.536 1.756 2.2690001 65
1.599 1.8890001 2.2639999 61
1.358 1.503 2.2720001 60
1.427 1.6440001 2.2739999 66
1.494 1.788 2.2679999 57
1.548 1.918 2.2590001 65
1.329 1.533 2.2709999 64
1.391 1.674 2.2709999 63
1.448 1.814 2.2609999 60
1.502 1.952 2.2609999 66
1.301 1.5650001 2.2720001 55
1.3559999 1.706 2.2720001 66
1.406 1.846 2.2609999 60
1.45 1.979 2.256 63
1.27 1.594 2.27 57
1.317 1.733 2.267 64
1.3609999 1.873 2.257 62
1.401 2.0090001 2.257 74
1.24 1.624 2.27 64
1.28 1.763 2.267 64
1.316 1.901 2.256 62
1.352 2.0380001 2.2579999 63
1.2079999 1.654 2.27 63
1.2410001 1.789 2.2639999 63
1.272 1.928 2.2550001 59
1.299 2.0610001 2.2539999 60
1.175 1.681 2.267 63
1.204 1.819 2.266 61
1.225 1.951 2.2509999 61
1.248 2.0869999 2.2539999 65
1.14 1.705 2.2609999 57
1.166 1.848 2.2679999 57
1.179 1.977 2.2509999 50
1.193 2.1040001 2.247 51
1.112 1.7410001 2.2720001 58
1.1210001 1.8660001 2.2590001 58
1.133 2.0009999 2.2509999 55
1.141 2.128 2.2479999 60
1.075 1.762 2.2639999 54
1.0829999 1.895 2.263 60
1.087 2.0239999 2.25 58
1.0880001 2.1470001 2.2449999 54
1.0420001 1.793 2.2679999 52
1.04 1.915 2.257 58
1.038 2.0420001 2.2460001 55
1.0369999 2.1689999 2.2479999 52
1.005 1.8150001 2.263 55
0.99800003 1.938 2.256 58
0.99199998 2.0680001 2.25 56
0.98299998 2.188 2.2479999 53
0.96799999 1.839 2.2609999 53
0.95599997 1.96 2.2550001 58
0.94199997 2.082 2.244 48
0.92799997 2.2019999 2.244 58
0.93199998 1.865 2.2620001 56
0.91299999 1.9809999 2.2539999 58
0.89300001 2.0999999 2.243 53
0.87400001 2.2160001 2.243 53
0.89300001 1.887 2.26 54
0.86799997 1.997 2.2479999 52
0.84500003 2.119 2.2449999 51
0.82099998 2.2320001 2.2449999 56
0.85399997 1.9069999 2.2550001 54
0.82700002 2.0209999 2.253 59
0.79500002 2.132 2.2409999 53
0.76499999 2.237 2.237 59
0.81699997 1.931 2.257 56
0.78200001 2.036 2.2479999 51
0.74699998 2.148 2.243 53
0.71200001 2.2539999 2.2420001 63
0.77600002 1.949 2.2520001 52
0.73799998 2.0569999 2.2509999 57
0.69800001 2.164 2.2449999 55
0.65799999 2.263 2.2409999 55
0.736 1.97 2.2520001 52
0.69400001 2.075 2.2520001 53
0.64700001 2.174 2.2409999 50
0.602 2.2679999 2.2379999 54
0.69800001 1.995 2.257 51
0.648 2.0880001 2.2490001 55
0.597 2.1860001 2.2420001 47
0.54900002 2.2780001 2.2409999 59
0.65600002 2.0120001 2.253 52
0.602 2.1010001 2.2460001 49
0.54699999 2.197 2.2420001 54
0.49399999 2.2809999 2.2390001 61
0.61400002 2.029 2.25 52
0.55699998 2.119 2.25 55
0.49700001 2.207 2.243 52
0.44 2.286 2.2379999 58
0.57200003 2.049 2.2520001 52
0.51099998 2.131 2.2479999 54
0.44600001 2.214 2.2420001 54
0.38499999 2.286 2.2349999 57
0.52899998 2.062 2.2479999 57
0.463 2.1370001 2.2420001 52
0.396 2.2219999 2.243 53
0.331 2.2850001 2.233 61
0.48500001 2.076 2.2449999 57
0.41600001 2.151 2.244 56
0.34599999 2.2290001 2.2449999 53
0.27700001 2.2880001 2.2360001 60
0.442 2.0929999 2.247 53
0.36899999 2.1570001 2.2409999 51
0.294 2.227 2.2390001 59
0.22400001 2.2880001 2.237 59
0.39700001 2.105 2.244 55
0.32100001 2.165 2.24 52
0.243 2.2320001 2.24 58
0.17 2.2839999 2.2349999 62
0.35299999 2.1170001 2.2409999 51
0.27399999 2.1760001 2.2420001 55
0.193 2.234 2.24 56
0.117 2.276 2.2309999 61
0.308 2.1329999 2.2449999 58
0.226 2.1830001 2.2420001 57
0.142 2.2249999 2.2309999 53
0.064999998 2.2750001 2.2349999 62
0.26199999 2.138 2.2379999 52
0.178 2.188 2.2409999 58
0.092 2.23 2.2360001 59
0.012 2.2639999 2.2309999 50
0.21699999 2.151 2.2390001 57
0.13 2.1919999 2.2409999 59
0.041999999 2.2320001 2.24 62
-0.039000001 2.257 2.2309999 57
0.17 2.1619999 2.24 55
0.082000002 2.1949999 2.24 59
-0.0080000004 2.2219999 2.233 50
-0.090999998 2.2509999 2.234 57
0.124 2.1700001 2.2390001 53
0.033 2.1919999 2.2349999 53
-0.057999998 2.224 2.2390001 60
-0.142 2.237 2.2309999 60
0.075999998 2.174 2.2349999 55
-0.014 2.1989999 2.24 53
-0.108 2.2130001 2.233 56
-0.193 2.227 2.2309999 61
0.028999999 2.1849999 2.2390001 56
-0.063000001 2.197 2.2379999 60
-0.15700001 2.207 2.234 60
-0.243 2.214 2.2309999 62
-0.017999999 2.188 2.2360001 56
-0.111 2.191 2.233 53
-0.207 2.204 2.2379999 59
-0.29300001 2.204 2.2349999 61
-0.064999998 2.1900001 2.233 56
-0.16 2.194 2.237 58
-0.25600001 2.1949999 2.2379999 54
-0.34200001 2.188 2.233 61
-0.113 2.1960001 2.2349999 58
-0.20900001 2.1919999 2.2379999 58
-0.30399999 2.1849999 2.237 62
-0.391 2.175 2.2360001 66
-0.162 2.201 2.237 55
-0.257 2.1849999 2.2349999 56
-0.35299999 2.1760001 2.2390001 59
-0.43900001 2.1589999 2.2379999 67
-0.20999999 2.197 2.2320001 54
-0.30500001 2.1800001 2.2349999 59
-0.40000001 2.161 2.2360001 57
-0.486 2.1400001 2.2360001 62
-0.259 2.198 2.2320001 53
-0.354 2.178 2.24 60
-0.449 2.152 2.24 62
-0.53299999 2.122 2.2379999 63
-0.30899999 2.204 2.2390001 59
-0.40200001 2.1670001 2.2360001 57
-0.49599999 2.1370001 2.24 56
-0.579 2.102 2.2379999 62
-0.35800001 2.1960001 2.233 56
-0.45100001 2.1600001 2.2379999 58
-0.54400003 2.1240001 2.2409999 58
-0.62400001 2.0799999 2.237 62
-0.40799999 2.1960001 2.2360001 58
-0.49900001 2.152 2.24 64
-0.58999997 2.108 2.243 59
-0.67000002 2.0599999 2.24 67
-0.45699999 2.1919999 2.237 51
-0.54799998 2.145 2.243 62
-0.63700002 2.0929999 2.244 59
-0.71399999 2.0369999 2.24 71
-0.50700003 2.188 2.2379999 57
-0.59600002 2.132 2.243 52
-0.68300003 2.076 2.2460001 61
-0.75800002 2.016 2.243 70
-0.55699998 2.1789999 2.2360001 55
-0.64200002 2.118 2.2409999 58
-0.727 2.0539999 2.244 62
-0.801 1.99 2.2420001 58
-0.60699999 2.1719999 2.237 47
-0.69 2.1040001 2.2420001 62
-0.773 2.0369999 2.247 67
-0.84299999 1.966 2.2449999 60
-0.65499997 2.1600001 2.233 54
-0.73699999 2.089 2.2409999 61
-0.81699997 2.016 2.2479999 62
-0.884 1.9400001 2.2449999 68
-0.70599997 2.1530001 2.237 56
-0.78299999 2.073 2.2420001 55
-0.86000001 1.993 2.247 57
-0.92299998 1.911 2.243 56
-0.755 2.1389999 2.2349999 56
-0.829 2.0539999 2.2409999 62
-0.90100002 1.967 2.244 48
-0.958 1.874 2.233 87
-0.80299997 2.1240001 2.2320001 56
-0.87599999 2.04 2.2449999 61
-0.94499999 1.947 2.2490001 59
-0.921 1.705 2.0639999 38
-0.85399997 2.1140001 2.237 54
-0.92199999 2.02 2.2449999 55
-0.91799998 1.789 2.0929999 121
-0.98699999 1.734 2.1329999 123
-0.903 2.098 2.2360001 58
-0.93599999 1.934 2.1719999 150
-0.926 1.7079999 2.026 66
-1.0779999 1.799 2.2509999 64
-0.94 2.056 2.2079999 93
-0.921 1.8 2.0439999 38
-1.069 1.8710001 2.2520001 63
-1.114 1.767 2.25 61
-0.92199999 1.902 2.0610001 25
-1.051 1.947 2.2360001 85
-1.108 1.844 2.2520001 65
-1.132 1.709 2.2160001 150
-1.045 2.0380001 2.2279999 139
-1.099 1.931 2.2449999 58
-1.146 1.814 2.2509999 55
-1.182 1.702 2.2490001 61
-1.086 2.006 2.2149999 150
-1.1440001 1.91 2.2490001 66
-1.17 1.762 2.2219999 150
-1.214 1.668 2.247 79
-1.146 2.007 2.24 56
-1.1849999 1.88 2.2449999 57
-1.2079999 1.735 2.2249999 150
-1.2460001 1.6339999 2.247 150
-1.194 1.985 2.2409999 51
-1.225 1.851 2.2420001 150
-1.284 1.76 2.2980001 150
-1.39 1.7410001 2.4449999 115
-1.291 2.0409999 2.332 150
-1.387 1.998 2.457 64
-0.95499998 1.25 1.6619999 5
-1.433 1.714 2.461 71
-0.986 1.484 1.717 6
-1.431 1.965 2.4549999 64
-1.451 1.814 2.4590001 59
-1.465 1.676 2.4619999 62
-1.452 2.0810001 2.441 64
-0.94300002 1.237 1.571 5
-1.4910001 1.78 2.4630001 62
-1.4960001 1.637 2.461 126
-1.5 2.049 2.4389999 64
-1.518 1.9 2.457 64
-1.527 1.744 2.464 59
-1.027 1.076 1.6569999 6
-0.958 1.248 1.5089999 3
-1.5599999 1.8660001 2.457 60
-1.563 1.707 2.4649999 58
-1.5599999 1.563 2.47 70
-1.598 1.987 2.4419999 62
-1.602 1.83 2.457 65
-1.03 1.075 1.589 5
-1.59 1.524 2.471 65
-1.646 1.9529999 2.4419999 64
-1.643 1.795 2.4590001 58
-1.635 1.6339999 2.471 60
-1.618 1.484 2.4719999 63
-1.696 1.921 2.447 64
-1.0089999 1.054 1.474 4
-1.664 1.591 2.4660001 62
-1.643 1.442 2.471 56
-1 1.082 1.405 44
-1.724 1.721 2.4619999 63
-1.7 1.5549999 2.473 58
-1.6670001 1.399 2.4690001 56
-1.025 1.0599999 1.404 13
-1.763 1.683 2.464 58
-1.733 1.516 2.4760001 58
-1.691 1.358 2.47 59
-1.832 1.809 2.4489999 65
-1.803 1.646 2.4690001 59
-1.761 1.473 2.473 63
-0.977 0.75 1.408 9
-1.875 1.7690001 2.448 64
-1.836 1.602 2.4649999 59
-1.789 1.431 2.473 60
-0.97899997 0.71799999 1.393 12
-1.9220001 1.7309999 2.454 65
-1.877 1.5650001 2.4719999 62
-0.98100001 0.74900001 1.335 14
-1.755 1.229 2.4660001 56
-1.9630001 1.688 2.454 71
-1.91 1.52 2.471 62
-0.99199998 0.72399998 1.331 17
-1.78 1.1900001 2.474 66
-1.994 1.637 2.4430001 68
-0.96600002 0.73400003 1.228 25
-1.874 1.3049999 2.4790001 59
-1.802 1.149 2.477 69
-0.97799999 0.76599997 1.174 9
-1.001 0.72500002 1.252 11
-1.897 1.26 2.4760001 66
-1.814 1.102 2.4679999 58
-1.027 0.76700002 1.211 16
-2.006 1.387 2.471 67
-1.918 1.214 2.473 59
-1.834 1.0599999 2.4719999 60
-1.033 0.73500001 1.197 9
-2.026 1.334 2.4590001 67
-1.944 1.171 2.4779999 63
-1.852 1.018 2.4749999 56
-2.158 1.462 2.4590001 55
-2.053 1.286 2.457 72
-1.966 1.126 2.4779999 61
-1.87 0.97600001 2.4779999 57
-2.1889999 1.41 2.454 60
-2.085 1.243 2.4630001 68
-1.9859999 1.081 2.4779999 66
-1.883 0.93199998 2.4760001 62
-2.224 1.3609999 2.4560001 70
-2.1129999 1.1950001 2.464 68
-2.007 1.036 2.48 68
-1.071 0.50099999 1.398 34
-2.253 1.308 2.4530001 62
-2.1459999 1.151 2.474 67
-1.051 0.51300001 1.286 27
-1.08 0.47799999 1.401 18
-2.283 1.256 2.4519999 65
-1.09 0.55299997 1.242 3
-1.067 0.49200001 1.295 22
-1.9220001 0.801 2.4779999 66
-2.3139999 1.204 2.4530001 63
-1.103 0.52899998 1.244 8
-1.059 0.461 1.275 12
-1.928 0.75599998 2.4719999 64
-2.346 1.153 2.457 64
-1.124 0.50800002 1.255 13
-1.0599999 0.43399999 1.266 2
-1.938 0.71200001 2.473 66
-2.358 1.092 2.4419999 82
-2.2379999 0.95200002 2.4760001 67
-2.0869999 0.80199999 2.477 64
-1.952 0.67000002 2.4790001 65
-2.3870001 1.038 2.4449999 73
-2.2550001 0.89999998 2.474 59
-2.1040001 0.75599998 2.4820001 64
-1.957 0.62599999 2.4749999 57
-2.404 0.98000002 2.4389999 81
-2.277 0.84899998 2.477 63
-2.1170001 0.70899999 2.483 60
-1.9630001 0.58200002 2.474 60
-2.45 0.93300003 2.4619999 64
-2.2909999 0.79699999 2.4749999 56
-2.128 0.66100001 2.483 62
-1.973 0.54000002 2.4790001 53
-2.47 0.875 2.461 67
-2.3069999 0.74400002 2.4749999 53
-2.142 0.61400002 2.487 64
-1.977 0.49599999 2.477 53
-2.487 0.81699997 2.4579999 62
-2.3239999 0.69199997 2.477 60
-2.152 0.56699997 2.487 63
-1.984 0.45300001 2.4790001 55
-2.5109999 0.76099998 2.464 64
-2.3380001 0.639 2.4779999 57
-2.1619999 0.51899999 2.4890001 63
-1.988 0.41 2.48 56
-2.527 0.70200002 2.4619999 72
-2.3529999 0.58700001 2.4820001 64
-2.1700001 0.47099999 2.4909999 66
-1.995 0.368 2.4849999 56
-2.5409999 0.64200002 2.461 68
-2.362 0.53299999 2.48 60
-2.1800001 0.42399999 2.4949999 61
-1.997 0.32499999 2.4849999 56
-2.563 0.58499998 2.47 70
-2.3770001 0.47999999 2.4860001 62
-2.184 0.375 2.494 60
-2.0009999 0.28299999 2.4879999 54
-2.5739999 0.52399999 2.4679999 69
-2.3840001 0.426 2.4849999 65
-2.191 0.32699999 2.497 58
-2.0009999 0.23899999 2.4860001 52
-2.5840001 0.46399999 2.4679999 62
-2.3959999 0.37200001 2.49 61
-2.1960001 0.28 2.4990001 58
-2.0009999 0.197 2.487 53
-2.5999999 0.40400001 2.4749999 76
-2.402 0.31799999 2.4909999 59
-2.1949999 0.23100001 2.4949999 64
-2.0020001 0.155 2.4890001 49
-2.605 0.34299999 2.4719999 68
-2.4059999 0.26300001 2.4909999 59
-2.201 0.184 2.5020001 62
-2.0020001 0.113 2.4909999 54
-2.6110001 0.28200001 2.473 69
-2.408 0.20900001 2.49 66
-2.2 0.13500001 2.5 58
-1.9960001 0.071000002 2.487 48
-2.6170001 0.221 2.474 70
-2.411 0.154 2.4909999 64
-2.1989999 0.086999997 2.5 64
-1.998 0.028999999 2.4920001 53
-2.619 0.16 2.474 66
-2.4119999 0.1 2.4909999 61
-2.201 0.039999999 2.5039999 57
-1.9960001 -0.012 2.4949999 56
-2.6240001 0.098999999 2.477 64
-2.4130001 0.045000002 2.493 65
-2.201 -0.0070000002 2.507 61
-1.992 -0.052999999 2.4960001 50
-2.6289999 0.037 2.4820001 72
-2.415 -0.0080000004 2.4979999 58
-2.1960001 -0.055 2.506 57
-1.987 -0.093999997 2.4960001 48
-2.628 -0.023 2.483 64
-2.414 -0.063000001 2.5 59
-2.1949999 -0.102 2.51 54
-1.985 -0.13600001 2.5 58
-2.6270001 -0.083999999 2.4860001 67
-2.4100001 -0.117 2.5009999 58
-2.1889999 -0.15000001 2.5109999 62
-1.979 -0.177 2.5020001 59
-2.628 -0.146 2.4920001 66
-2.4059999 -0.171 2.5020001 58
-2.184 -0.197 2.5120001 63
-1.972 -0.21799999 2.5020001 77
-2.6170001 -0.207 2.4879999 65
-2.398 -0.22499999 2.5020001 60
-2.1789999 -0.244 2.5150001 53
-1.957 -0.257 2.493 106
-2.6070001 -0.26800001 2.487 65
-2.3929999 -0.27900001 2.506 60
-2.1700001 -0.29100001 2.5150001 62
-1.927 -0.294 2.4649999 150
-2.5999999 -0.329 2.49 64
-2.381 -0.333 2.503 65
-2.158 -0.33700001 2.5120001 63
-1.8839999 -0.32699999 2.4219999 150
-2.5869999 -0.38800001 2.4879999 64
-2.3710001 -0.38600001 2.5039999 65
-2.1500001 -0.38299999 2.5150001 70
-1.849 -0.361 2.3889999 150
-2.573 -0.44800001 2.4879999 68
-2.362 -0.43900001 2.5079999 61
-2.1389999 -0.42899999 2.5150001 61
-1.8279999 -0.396 2.3740001 150
-2.5599999 -0.50800002 2.4890001 59
-2.348 -0.49200001 2.507 64
-2.128 -0.47499999 2.516 63
-1.8099999 -0.43099999 2.365 150
-2.5480001 -0.56800002 2.494 55
-2.332 -0.54299998 2.506 59
-2.1170001 -0.52100003 2.5190001 66
-1.7869999 -0.465 2.349 150
-2.527 -0.62599999 2.4909999 60
-2.3180001 -0.59600002 2.5079999 60
-2.1040001 -0.56599998 2.52 67
-1.7539999 -0.495 2.3210001 80
-2.5179999 -0.68599999 2.5009999 61
-2.3050001 -0.648 2.5120001 65
-2.089 -0.61000001 2.52 69
-1.7359999 -0.52899998 2.313 59
-2.5 -0.745 2.503 64
-2.289 -0.699 2.5139999 66
-2.075 -0.65499997 2.5220001 66
-1.725 -0.565 2.3150001 60
-2.4790001 -0.80199999 2.5050001 60
-2.2720001 -0.75099999 2.517 61
-2.0610001 -0.69999999 2.526 64
-1.709 -0.59899998 2.3110001 60
-2.4590001 -0.85900003 2.5090001 60
-2.2509999 -0.80000001 2.517 63
-2.0420001 -0.74299997 2.5239999 66
-1.699 -0.63499999 2.316 62
-2.434 -0.91500002 2.5090001 65
-2.2309999 -0.85000002 2.5179999 65
-2.0209999 -0.78500003 2.5209999 78
-1.6849999 -0.66900003 2.316 62
-2.402 -0.96799999 2.5039999 59
-2.21 -0.89999998 2.52 65
-1.97 -0.815 2.4809999 150
-1.67 -0.70300001 2.316 61
-2.3829999 -1.025 2.513 66
-2.187 -0.94800001 2.5209999 65
-1.883 -0.82700002 2.395 150
-1.655 -0.73699999 2.3169999 62
-2.352 -1.0779999 2.5120001 58
-2.161 -0.995 2.52 58
-1.852 -0.861 2.3800001 150
-1.64 -0.77100003 2.3169999 63
-2.319 -1.1289999 2.5090001 54
-2.138 -1.044 2.5239999 55
-1.799 -0.884 2.3380001 93
-1.623 -0.80500001 2.3169999 60
-2.2920001 -1.183 2.5139999 59
-2.1110001 -1.09 2.5239999 57
-1.768 -0.91600001 2.325 55
-1.613 -0.84100002 2.326 62
-2.2609999 -1.235 2.516 58
-2.0840001 -1.136 2.526 59
-1.753 -0.95700002 2.3329999 67
-1.594 -0.87400001 2.325 60
-2.227 -1.284 2.517 52
-2.053 -1.1799999 2.523 87
-1.729 -0.99199998 2.3299999 63
-1.574 -0.90499997 2.3210001 55
-2.197 -1.337 2.523 46
-1.925 -1.164 2.4000001 150
-1.706 -1.029 2.3310001 61
-1.561 -0.94099998 2.329 54
-2.1619999 -1.385 2.5250001 50
-1.854 -1.179 2.348 118
-1.6799999 -1.063 2.3269999 66
-1.543 -0.97399998 2.332 52
-2.1210001 -1.429 2.5209999 48
-1.809 -1.2079999 2.3280001 51
-1.66 -1.101 2.332 62
-1.522 -1.005 2.3299999 54
-2.0840001 -1.476 2.523 48
-1.779 -1.247 2.329 52
-1.635 -1.136 2.3329999 61
-1.506 -1.039 2.336 66
-1.944 -1.446 2.4000001 150
-1.7460001 -1.283 2.325 47
-1.612 -1.1720001 2.336 66
-1.483 -1.069 2.3329999 63
-1.845 -1.441 2.325 39
-1.7180001 -1.323 2.3310001 50
-1.59 -1.209 2.342 61
-1.464 -1.101 2.336 65
-1.812 -1.483 2.3310001 42
-1.6849999 -1.359 2.3310001 47
-1.5650001 -1.244 2.346 52
-1.443 -1.133 2.3369999 70
-1.77 -1.52 2.329 41
-1.658 -1.4 2.3399999 56
-1.538 -1.277 2.3469999 60
-1.421 -1.164 2.3380001 62
-1.729 -1.556 2.3280001 42
-1.622 -1.433 2.3380001 49
-1.512 -1.311 2.349 63
-1.397 -1.193 2.336 64
-1.691 -1.594 2.332 44
-1.589 -1.4680001 2.3399999 42
-1.48 -1.34 2.3440001 64
-1.375 -1.224 2.339 63
-1.651 -1.63 2.335 45
-1.5549999 -1.503 2.3429999 53
-1.452 -1.373 2.348 61
-1.35 -1.253 2.3380001 58
-1.612 -1.6670001 2.3399999 34
-1.52 -1.536 2.345 52
-1.4220001 -1.404 2.348 60
-1.327 -1.283 2.3399999 69
-1.573 -1.704 2.3469999 52
-1.484 -1.568 2.346 49
-1.391 -1.434 2.348 60
-1.303 -1.312 2.3410001 65
-1.528 -1.735 2.3469999 53
-1.447 -1.599 2.348 53
-1.3609999 -1.465 2.3499999 58
-1.277 -1.342 2.342 60
-1.483 -1.7640001 2.346 48
-1.411 -1.631 2.3510001 60
-1.3279999 -1.492 2.348 59
-1.251 -1.369 2.3410001 65
-1.442 -1.798 2.3529999 54
-1.3710001 -1.658 2.3499999 55
-1.296 -1.521 2.348 59
-1.226 -1.399 2.345 67
-1.395 -1.824 2.3510001 50
-1.332 -1.686 2.3499999 54
-1.266 -1.551 2.3540001 59
-1.2 -1.428 2.348 65
-1.349 -1.851 2.352 47
-1.293 -1.715 2.352 52
-1.232 -1.577 2.352 51
-1.169 -1.451 2.342 58
-1.3049999 -1.88 2.358 49
-1.253 -1.742 2.3540001 52
-1.197 -1.603 2.3499999 54
-1.1440001 -1.482 2.348 69
-1.255 -1.901 2.355 48
-1.2130001 -1.766 2.3540001 55
-1.166 -1.633 2.358 56
-1.114 -1.507 2.3469999 69
-1.209 -1.926 2.358 49
-1.1720001 -1.791 2.3559999 55
-1.128 -1.655 2.3529999 58
-1.086 -1.534 2.349 63
-1.161 -1.947 2.3570001 52
-1.13 -1.8150001 2.3570001 53
-1.094 -1.6799999 2.355 59
-1.056 -1.559 2.349 60
-1.112 -1.967 2.358 47
-1.087 -1.835 2.3540001 48
-1.056 -1.702 2.352 57
-1.025 -1.5829999 2.348 60
-1.064 -1.987 2.3599999 47
-1.046 -1.859 2.358 50
-1.022 -1.728 2.3570001 50
-0.99400002 -1.609 2.3499999 45
-1.015 -2.0039999 2.3599999 48
-0.99900001 -1.872 2.3499999 51
-0.98400003 -1.748 2.3540001 57
-0.963 -1.6339999 2.352 53
-0.96700001 -2.0220001 2.362 46
-0.95700002 -1.892 2.3510001 50
-0.94700003 -1.772 2.358 55
-0.93099999 -1.6569999 2.352 56
-0.91399997 -2.0320001 2.3559999 47
-0.91399997 -1.913 2.3540001 51
-0.90799999 -1.79 2.355 51
-0.898 -1.6799999 2.3510001 59
-0.86699998 -2.049 2.3599999 44
-0.87 -1.9299999 2.355 50
-0.87 -1.811 2.3559999 58
-0.86500001 -1.702 2.3510001 59
-0.81800002 -2.063 2.362 45
-0.82599998 -1.946 2.355 52
-0.83200002 -1.832 2.358 57
-0.82999998 -1.722 2.349 57
-0.76599997 -2.0699999 2.3570001 48
-0.78200001 -1.962 2.3559999 51
-0.792 -1.849 2.3559999 53
-0.79500002 -1.742 2.3469999 56
-0.71700001 -2.0810001 2.359 50
-0.73699999 -1.976 2.3570001 51
-0.75400001 -1.869 2.359 52
-0.76200002 -1.768 2.3540001 56
-0.667 -2.092 2.3610001 49
-0.69099998 -1.9859999 2.3529999 53
-0.71499997 -1.888 2.362 54
-0.727 -1.789 2.355 55
-0.61699998 -2.096 2.358 50
-0.64700001 -2.0009999 2.3570001 55
-0.67299998 -1.901 2.358 51
-0.69099998 -1.807 2.3540001 62
-0.56800002 -2.105 2.3610001 52
-0.602 -2.0109999 2.3559999 52
-0.63099998 -1.913 2.3540001 54
-0.65399998 -1.827 2.355 58
-0.51899999 -2.112 2.3629999 50
-0.55699998 -2.0239999 2.3599999 54
-0.59200001 -1.932 2.3599999 56
-0.61799997 -1.847 2.3570001 59
-0.46799999 -2.1129999 2.3599999 49
-0.51099998 -2.0320001 2.359 51
-0.55000001 -1.944 2.3570001 54
-0.57999998 -1.863 2.355 60
-0.419 -2.118 2.3629999 48
-0.46700001 -2.043 2.3629999 54
-0.50800002 -1.9579999 2.359 55
-0.542 -1.882 2.358 54
-0.37 -2.1170001 2.3599999 48
-0.41999999 -2.049 2.3610001 52
-0.46599999 -1.97 2.3599999 52
-0.50400001 -1.899 2.358 58
-0.32100001 -2.119 2.362 48
-0.37400001 -2.0550001 2.3610001 54
-0.42399999 -1.983 2.3610001 49
-0.46399999 -1.915 2.358 57
-0.27200001 -2.1159999 2.3599999 52
-0.329 -2.059 2.3599999 56
-0.38100001 -1.9910001 2.358 53
-0.42500001 -1.932 2.3610001 41
-0.22400001 -2.1159999 2.362 49
-0.28200001 -2.0610001 2.358 50
-0.33899999 -2.0020001 2.3599999 52
-0.38499999 -1.9450001 2.3599999 57
-0.176 -2.1140001 2.3629999 54
-0.237 -2.0680001 2.3629999 56
-0.296 -2.0109999 2.3610001 50
-0.34400001 -1.9579999 2.359 54
-0.12800001 -2.1129999 2.3659999 53
-0.191 -2.0669999 2.359 52
-0.252 -2.0150001 2.3559999 53
-0.303 -1.971 2.358 56
-0.079999998 -2.108 2.3659999 50
-0.145 -2.0669999 2.358 53
-0.20900001 -2.0250001 2.3599999 49
-0.26100001 -1.982 2.358 52
-0.033 -2.0999999 2.3640001 47
-0.1 -2.069 2.3610001 52
-0.16500001 -2.0309999 2.359 49
-0.22 -1.995 2.3599999 59
0.013 -2.0999999 2.372 51
-0.054000001 -2.0699999 2.3629999 53
-0.121 -2.0350001 2.358 50
-0.178 -2.006 2.3610001 58
0.059 -2.086 2.3659999 52
-0.0089999996 -2.063 2.3570001 53
-0.077 -2.046 2.3670001 53
-0.13500001 -2.02 2.365 60
0.105 -2.0799999 2.369 51
0.035999998 -2.0680001 2.3659999 52
-0.032000002 -2.0480001 2.365 53
-0.092 -2.026 2.3629999 59
0.15099999 -2.0699999 2.3699999 46
0.079999998 -2.0580001 2.3599999 51
0.011 -2.0420001 2.355 48
-0.048 -2.0369999 2.3670001 59
0.19599999 -2.056 2.3670001 50
0.125 -2.0539999 2.3610001 50
0.055 -2.052 2.365 51
-0.0040000002 -2.0439999 2.3659999 59
0.23999999 -2.0409999 2.3629999 52
0.17 -2.0510001 2.3640001 47
0.1 -2.0569999 2.3699999 55
0.039000001 -2.0480001 2.3640001 57
0.285 -2.0309999 2.3670001 52
0.215 -2.0439999 2.3629999 51
0.145 -2.0510001 2.3640001 45
0.083999999 -2.0569999 2.368 58
0.329 -2.0209999 2.3710001 52
0.259 -2.0320001 2.358 53
0.189 -2.05 2.3640001 48
0.12899999 -2.0610001 2.3670001 54
0.37099999 -1.9960001 2.359 44
0.30399999 -2.029 2.3640001 53
0.234 -2.046 2.362 49
0.17399999 -2.062 2.3659999 50
0.41299999 -1.983 2.362 43
0.347 -2.016 2.3599999 53
0.27900001 -2.0450001 2.365 52
0.22 -2.066 2.3670001 59
0.45500001 -1.966 2.3610001 50
0.38999999 -2.0050001 2.359 51
0.324 -2.04 2.3640001 52
0.266 -2.0699999 2.3699999 55
0.49700001 -1.95 2.362 49
0.43399999 -1.9960001 2.362 54
0.36899999 -2.0350001 2.3640001 52
0.31099999 -2.0650001 2.3640001 53
0.53799999 -1.9349999 2.3659999 49
0.477 -1.983 2.3599999 53
0.41299999 -2.0280001 2.3629999 48
0.35800001 -2.069 2.369 50
0.579 -1.916 2.365 54
0.51899999 -1.969 2.3599999 56
0.45899999 -2.023 2.3640001 54
0.405 -2.066 2.368 49
0.61699998 -1.893 2.362 50
0.56199998 -1.9579999 2.362 53
0.50300002 -2.013 2.362 51
0.45100001 -2.062 2.3659999 47
0.65600002 -1.874 2.3629999 53
0.60299999 -1.941 2.3599999 55
0.54699999 -2.003 2.3599999 49
0.49700001 -2.056 2.3640001 50
0.69499999 -1.853 2.3629999 49
0.64399999 -1.923 2.3570001 52
0.59100002 -1.993 2.3599999 54
0.54400003 -2.052 2.365 50
0.73100001 -1.829 2.359 51
0.685 -1.908 2.358 51
0.63499999 -1.9809999 2.359 53
0.58999997 -2.0409999 2.358 30
0.76999998 -1.8099999 2.3640001 43
0.72600001 -1.891 2.358 51
0.67799997 -1.967 2.3559999 49
0.42300001 -1.352 1.567 1
0.80500001 -1.784 2.359 42
0.76499999 -1.8710001 2.3559999 49
0.72399998 -1.959 2.362 53
0.68400002 -2.027 2.359 32
0.83999997 -1.76 2.3570001 48
0.80599999 -1.855 2.358 52
0.76700002 -1.943 2.358 43
0.73100001 -2.0179999 2.3599999 45
0.87599999 -1.737 2.359 49
0.84500003 -1.835 2.3570001 49
0.81 -1.927 2.3570001 52
0.77999997 -2.013 2.365 46
0.90899998 -1.711 2.3570001 54
0.88200003 -1.8099999 2.352 43
0.85299999 -1.9119999 2.359 50
0.82700002 -2.0009999 2.365 52
0.94400001 -1.687 2.359 53
0.921 -1.791 2.3540001 44
0.89600003 -1.895 2.3570001 51
0.87300003 -1.985 2.3610001 52
0.977 -1.6619999 2.3599999 51
0.95700002 -1.766 2.3499999 47
0.93800002 -1.876 2.3559999 51
0.91900003 -1.97 2.359 56
1.008 -1.6339999 2.3559999 52
0.995 -1.745 2.352 50
0.98199999 -1.8609999 2.359 51
0.96700001 -1.9579999 2.362 51
1.038 -1.604 2.352 50
1.0319999 -1.722 2.3510001 49
1.02 -1.835 2.3510001 47
1.013 -1.941 2.3599999 53
1.072 -1.5829999 2.3599999 48
1.069 -1.698 2.3510001 49
1.061 -1.813 2.3499999 49
1.061 -1.927 2.365 53
1.1 -1.552 2.355 54
1.104 -1.6720001 2.3499999 50
1.107 -1.799 2.359 50
1.1059999 -1.906 2.362 53
1.1289999 -1.522 2.352 52
1.14 -1.649 2.3529999 48
1.147 -1.774 2.355 52
1.152 -1.886 2.3599999 52
1.16 -1.4960001 2.3559999 51
1.174 -1.622 2.3510001 50
1.1849999 -1.748 2.3510001 47
1.197 -1.865 2.3599999 47
1.187 -1.465 2.3529999 47
1.2079999 -1.595 2.3499999 51
1.226 -1.725 2.352 53
1.2410001 -1.841 2.3570001 48
1.214 -1.436 2.3529999 48
1.243 -1.569 2.352 50
1.265 -1.7 2.352 51
1.284 -1.816 2.3540001 47
1.243 -1.408 2.355 50
1.276 -1.5420001 2.352 50
1.303 -1.673 2.3510001 50
1.332 -1.796 2.359 48
1.27 -1.3789999 2.3570001 50
1.307 -1.512 2.3499999 49
1.339 -1.643 2.346 45
1.376 -1.771 2.359 44
1.2920001 -1.344 2.349 48
1.34 -1.483 2.3510001 52
1.378 -1.617 2.348 51
1.42 -1.745 2.3599999 41
1.318 -1.316 2.352 50
1.37 -1.452 2.349 52
1.414 -1.586 2.345 35
1.462 -1.716 2.358 44
1.3430001 -1.285 2.3529999 48
1.399 -1.421 2.3469999 49
1.4529999 -1.559 2.349 44
1.5039999 -1.686 2.3570001 48
1.365 -1.253 2.3510001 43
1.429 -1.39 2.348 47
1.49 -1.529 2.349 42
1.546 -1.656 2.3559999 44
1.391 -1.223 2.355 47
1.459 -1.36 2.349 48
1.525 -1.498 2.348 44
1.5880001 -1.626 2.3570001 44
1.411 -1.189 2.3499999 50
1.487 -1.326 2.3469999 48
1.5599999 -1.466 2.349 48
1.6289999 -1.594 2.3570001 43
1.432 -1.158 2.3510001 49
1.515 -1.294 2.3469999 50
1.595 -1.433 2.349 48
1.669 -1.5599999 2.3559999 43
1.452 -1.124 2.348 46
1.5420001 -1.261 2.3469999 48
1.627 -1.398 2.346 49
1.709 -1.526 2.3570001 45
1.471 -1.091 2.346 48
1.5650001 -1.224 2.342 47
1.6619999 -1.365 2.349 50
1.748 -1.4910001 2.3559999 45
1.492 -1.058 2.3469999 50
1.595 -1.194 2.348 49
1.693 -1.329 2.348 49
1.786 -1.454 2.3559999 51
1.512 -1.026 2.349 54
1.623 -1.16 2.3510001 56
1.724 -1.2920001 2.346 44
1.825 -1.418 2.358 53
1.529 -0.99199998 2.346 57
1.6440001 -1.123 2.345 54
1.7539999 -1.255 2.345 51
1.859 -1.378 2.355 53
1.544 -0.95700002 2.3410001 51
1.6670001 -1.087 2.345 54
1.783 -1.216 2.3440001 51
1.893 -1.337 2.352 55
1.563 -0.92400002 2.3440001 58
1.6900001 -1.051 2.345 57
1.812 -1.178 2.345 54
1.934 -1.3 2.3599999 52
1.5779999 -0.88999999 2.342 50
1.709 -1.012 2.3399999 60
1.84 -1.1390001 2.3440001 55
1.966 -1.258 2.3570001 55
1.5930001 -0.85600001 2.3410001 55
1.7359999 -0.97899997 2.348 60
1.8660001 -1.098 2.342 53
1.997 -1.214 2.355 53
1.61 -0.82200003 2.342 56
1.751 -0.93800002 2.339 62
1.892 -1.058 2.342 59
2.029 -1.171 2.355 53
1.623 -0.787 2.3399999 55
1.771 -0.89999998 2.3380001 64
1.9170001 -1.016 2.3399999 59
2.062 -1.128 2.358 63
1.638 -0.75300002 2.3410001 55
1.79 -0.86199999 2.339 61
1.942 -0.97500002 2.3399999 58
2.0880001 -1.08 2.3529999 65
1.654 -0.71899998 2.3440001 54
1.809 -0.824 2.339 61
1.9630001 -0.93099999 2.3369999 58
2.1210001 -1.036 2.3570001 70
1.665 -0.68400002 2.3410001 48
1.826 -0.78500003 2.3380001 62
1.988 -0.889 2.339 63
2.145 -0.98699999 2.3529999 73
1.682 -0.65100002 2.3469999 41
1.845 -0.74699998 2.3399999 65
2.0109999 -0.84600002 2.3399999 63
2.168 -0.93800002 2.3499999 69
1.6950001 -0.616 2.349 32
1.859 -0.70599997 2.3380001 61
2.027 -0.80000001 2.335 65
2.194 -0.88999999 2.3499999 65
1.7029999 -0.57999998 2.3440001 36
1.8789999 -0.66799998 2.3429999 43
2.049 -0.75599998 2.3369999 61
2.2160001 -0.83999997 2.3469999 71
1.716 -0.54500002 2.3469999 32
1.9 -0.63 2.3510001 39
2.0680001 -0.71100003 2.3369999 46
2.2390001 -0.79000002 2.348 68
1.727 -0.50999999 2.348 33
1.911 -0.588 2.3469999 37
2.0880001 -0.66600001 2.3399999 40
2.2620001 -0.74000001 2.348 65
1.733 -0.47400001 2.3440001 34
1.921 -0.546 2.3429999 39
2.1070001 -0.62099999 2.342 49
2.277 -0.68699998 2.3429999 71
1.74 -0.43700001 2.3410001 31
1.932 -0.505 2.342 39
2.1210001 -0.574 2.339 43
2.2920001 -0.634 2.3380001 70
1.751 -0.40200001 2.3440001 35
1.942 -0.463 2.3399999 38
2.131 -0.52499998 2.3340001 46
2.3139999 -0.583 2.342 68
1.756 -0.366 2.3410001 31
1.951 -0.421 2.3369999 39
2.1440001 -0.47799999 2.3329999 51
2.325 -0.52899998 2.336 63
1.763 -0.33000001 2.3399999 32
1.9630001 -0.38 2.3399999 37
2.154 -0.43000001 2.3299999 48
2.3399999 -0.47600001 2.3369999 67
1.771 -0.294 2.3410001 34
1.972 -0.338 2.3399999 40
2.1600001 -0.38100001 2.3239999 55
2.3540001 -0.42199999 2.336 66
1.777 -0.25799999 2.3410001 34
1.978 -0.29499999 2.3380001 41
2.1760001 -0.33399999 2.3299999 59
2.365 -0.368 2.335 64
1.779 -0.221 2.3369999 38
1.9859999 -0.25299999 2.3380001 40
2.1789999 -0.28400001 2.3239999 60
2.3729999 -0.31299999 2.3310001 66
1.786 -0.185 2.3399999 36
1.992 -0.20999999 2.3380001 40
2.1849999 -0.235 2.322 59
2.385 -0.25799999 2.3329999 70
1.7920001 -0.148 2.3410001 35
1.995 -0.167 2.335 40
2.198 -0.18700001 2.3269999 56
2.391 -0.20299999 2.3310001 70
1.7869999 -0.111 2.3310001 43
1.992 -0.124 2.325 56
2.194 -0.13699999 2.3169999 51
2.3929999 -0.147 2.326 60
1.7869999 -0.075000003 2.325 53
1.9910001 -0.081 2.3199999 72
2.1960001 -0.088 2.3139999 58
2.398 -0.092 2.326 71
1.788 -0.037999999 2.3239999 57
1.9960001 -0.037999999 2.322 70
2.2030001 -0.039000001 2.3180001 60
2.4000001 -0.035999998 2.3239999 62
1.79 -0.0020000001 2.3239999 57
1.995 0.0040000002 2.3180001 64
2.201 0.0099999998 2.313 62
2.4000001 0.017999999 2.322 76
1.79 0.034000002 2.3210001 58
1.9960001 0.046999998 2.319 66
2.2 0.059 2.3110001 60
2.4000001 0.074000001 2.3210001 70
1.789 0.071000002 2.3199999 57
1.9960001 0.090000004 2.3180001 68
2.2030001 0.109 2.3139999 65
2.3970001 0.13 2.3169999 72
1.789 0.107 2.319 56
1.993 0.133 2.316 75
2.198 0.15800001 2.3110001 58
2.392 0.186 2.3150001 75
1.794 0.14399999 2.325 63
1.994 0.176 2.3180001 72
2.194 0.208 2.3080001 60
2.3900001 0.241 2.316 74
1.789 0.18099999 2.3199999 55
1.984 0.21799999 2.309 68
2.191 0.257 2.309 58
2.3829999 0.296 2.313 76
1.784 0.21799999 2.316 59
1.987 0.26199999 2.316 71
2.187 0.30700001 2.309 62
2.3759999 0.352 2.313 75
1.7819999 0.25400001 2.316 58
1.9809999 0.30500001 2.3139999 70
2.1789999 0.35600001 2.3069999 62
2.3710001 0.40799999 2.3150001 78
1.78 0.292 2.3180001 62
1.971 0.347 2.3069999 64
2.171 0.405 2.306 63
2.362 0.463 2.3150001 66
1.772 0.32800001 2.312 59
1.969 0.38999999 2.312 72
2.1600001 0.45300001 2.303 57
2.3469999 0.51700002 2.3099999 78
1.772 0.36500001 2.3169999 62
1.961 0.433 2.3110001 68
2.151 0.50199997 2.303 59
2.335 0.57099998 2.3099999 75
1.766 0.40200001 2.316 63
1.95 0.47499999 2.3069999 63
2.1429999 0.551 2.306 68
2.3239999 0.62599999 2.312 55
1.757 0.43799999 2.3099999 55
1.942 0.51800001 2.3080001 68
2.1300001 0.59899998 2.3039999 65
2.3 0.67799997 2.303 38
1.752 0.47600001 2.312 61
1.932 0.56 2.306 67
2.1140001 0.64700001 2.3 67
2.2809999 0.73000002 2.3 33
1.745 0.51300001 2.3110001 48
1.919 0.60100001 2.303 69
2.1010001 0.69499999 2.302 68
2.2539999 0.77899998 2.2909999 31
1.7359999 0.54900002 2.309 58
1.91 0.64399999 2.306 70
2.082 0.741 2.2969999 64
2.2349999 0.83200002 2.29 32
1.726 0.58600003 2.3069999 59
1.8940001 0.685 2.3010001 72
2.0639999 0.787 2.2950001 61
2.22 0.88499999 2.2950001 33
1.72 0.62300003 2.3099999 54
1.883 0.727 2.303 70
2.046 0.83399999 2.2950001 64
2.198 0.93599999 2.2950001 41
1.705 0.65799999 2.303 62
1.865 0.76700002 2.299 74
2.0280001 0.88 2.296 65
0 0 0 0
1.697 0.69599998 2.3050001 55
1.852 0.80900002 2.3010001 70
2.0079999 0.926 2.2950001 65
2.1500001 1.036 2.2939999 14
1.689 0.73400003 2.309 56
1.835 0.85000002 2.299 73
1.987 0.97100002 2.2950001 66
2.125 1.086 2.2939999 67
1.674 0.76899999 2.303 58
1.8200001 0.89099997 2.3 77
1.957 1.011 2.2850001 63
2.096 1.133 2.2909999 74
1.6619999 0.80599999 2.303 55
1.8 0.93000001 2.2969999 70
1.934 1.0549999 2.2850001 65
2.0680001 1.181 2.2920001 75
1.648 0.84200001 2.302 58
1.78 0.96899998 2.2950001 71
1.915 1.101 2.289 58
2.039 1.227 2.2909999 79
1.632 0.87699997 2.299 57
1.761 1.0089999 2.2950001 71
1.89 1.1440001 2.289 59
2.007 1.273 2.29 81
1.62 0.91500002 2.302 62
1.743 1.049 2.2969999 67
1.86 1.184 2.2839999 65
1.971 1.3150001 2.2839999 72
1.601 0.949 2.2969999 58
1.717 1.085 2.29 70
1.834 1.226 2.2850001 69
1.938 1.358 2.283 73
1.584 0.98400003 2.2939999 59
1.698 1.126 2.2950001 60
1.8049999 1.266 2.283 66
1.904 1.401 2.283 71
1.569 1.021 2.2969999 63
1.673 1.1619999 2.2909999 63
1.771 1.303 2.2780001 70
1.87 1.444 2.2839999 68
1.551 1.056 2.2950001 67
1.647 1.198 2.2869999 71
1.744 1.345 2.2809999 63
1.832 1.483 2.28 66
1.53 1.09 2.2909999 61
1.6210001 1.234 2.286 72
1.7130001 1.383 2.28 59
1.795 1.524 2.28 68
1.513 1.126 2.2939999 57
1.595 1.27 2.2839999 70
1.678 1.419 2.2750001 66
1.758 1.564 2.2809999 59
1.4910001 1.159 2.29 57
1.569 1.306 2.283 74
1.647 1.4579999 2.277 68
1.7180001 1.601 2.279 67
1.466 1.191 2.283 64
1.54 1.34 2.2809999 71
1.612 1.493 2.2750001 65
1.679 1.638 2.279 71
1.448 1.228 2.2880001 64
1.512 1.374 2.279 69
1.577 1.527 2.273 64
1.6339999 1.67 2.273 68
1.424 1.26 2.2839999 63
1.482 1.408 2.277 66
1.543 1.563 2.2750001 68
1.592 1.704 2.2709999 57
1.4 1.293 2.2809999 63
1.4529999 1.442 2.276 69
1.505 1.594 2.2709999 71
1.546 1.733 2.2650001 64
1.376 1.326 2.28 63
1.4220001 1.474 2.2750001 68
1.466 1.625 2.2679999 66
1.5039999 1.767 2.267 64
1.35 1.358 2.277 62
1.3890001 1.5039999 2.2709999 62
1.429 1.658 2.2679999 64
1.459 1.796 2.2639999 63
1.323 1.3890001 2.2739999 61
1.359 1.538 2.273 69
1.3890001 1.686 2.2650001 59
1.411 1.821 2.257 64
1.299 1.423 2.276 62
1.325 1.568 2.2709999 68
1.35 1.716 2.263 62
1.368 1.851 2.2590001 63
1.272 1.455 2.2750001 62
1.2920001 1.598 2.2690001 69
1.311 1.745 2.2639999 60
1.324 1.88 2.2609999 63
1.242 1.483 2.27 58
1.26 1.6289999 2.2709999 64
1.27 1.772 2.2620001 57
1.276 1.904 2.257 61
1.216 1.517 2.2739999 58
1.226 1.659 2.2720001 61
1.2309999 1.801 2.2639999 61
1.23 1.928 2.257 66
1.186 1.5470001 2.2720001 58
1.189 1.6849999 2.2679999 61
1.187 1.825 2.26 61
1.182 1.951 2.2550001 53
1.156 1.576 2.2709999 48
1.151 1.71 2.2639999 50
1.146 1.85 2.2609999 59
1.1339999 1.972 2.253 63
1.127 1.608 2.273 57
1.117 1.74 2.2679999 62
1.1 1.869 2.253 61
1.087 1.994 2.2539999 62
1.092 1.632 2.2650001 60
1.077 1.762 2.2620001 53
1.0599999 1.896 2.2590001 58
1.038 2.013 2.2520001 70
1.061 1.663 2.2679999 62
1.039 1.788 2.2609999 54
1.0140001 1.913 2.2520001 56
0.99000001 2.0309999 2.2520001 63
1.028 1.691 2.267 60
1.003 1.816 2.2650001 49
0.97000003 1.934 2.2520001 55
0.94 2.0469999 2.2490001 58
0.995 1.719 2.267 54
0.96100003 1.834 2.2590001 54
0.92699999 1.955 2.253 55
0.89099997 2.063 2.2490001 58
0.95999998 1.745 2.266 57
0.921 1.8559999 2.257 53
0.88200003 1.975 2.2539999 56
0.84200001 2.0780001 2.2490001 53
0.92500001 1.771 2.2650001 55
0.88 1.878 2.256 58
0.83499998 1.987 2.2479999 59
0.79299998 2.0899999 2.2479999 55
0.88800001 1.794 2.2609999 52
0.83999997 1.898 2.2539999 54
0.79000002 2.0050001 2.2490001 50
0.74400002 2.1059999 2.2509999 58
0.85100001 1.8200001 2.2620001 55
0.79900002 1.92 2.256 60
0.745 2.023 2.2509999 49
0.69300002 2.1129999 2.247 63
0.81400001 1.844 2.26 55
0.759 1.943 2.26 57
0.69800001 2.0339999 2.247 54
0.64399999 2.1259999 2.25 61
0.77499998 1.865 2.257 55
0.71399999 1.9529999 2.25 53
0.65200001 2.0480001 2.2479999 54
0.59299999 2.1289999 2.244 56
0.736 1.887 2.2550001 58
0.67400002 1.978 2.2579999 55
0.60600001 2.0610001 2.2479999 53
0.54400003 2.138 2.2460001 62
0.69700003 1.909 2.256 54
0.63 1.994 2.256 56
0.55900002 2.0699999 2.2460001 57
0.49399999 2.1440001 2.2449999 65
0.65600002 1.928 2.2520001 54
0.58600003 2.0050001 2.2509999 46
0.51300001 2.0810001 2.247 56
0.44499999 2.1489999 2.2460001 67
0.61500001 1.948 2.2520001 53
0.54400003 2.027 2.2590001 56
0.46599999 2.0910001 2.2479999 55
0.39399999 2.1489999 2.2409999 65
0.57499999 1.97 2.2539999 50
0.498 2.0350001 2.2520001 53
0.41800001 2.0969999 2.2460001 59
0.345 2.155 2.2449999 68
0.53299999 1.989 2.253 56
0.45300001 2.0469999 2.2509999 56
0.37099999 2.105 2.247 59
0.296 2.154 2.2420001 62
0.48899999 2.003 2.2490001 55
0.40799999 2.0580001 2.25 54
0.324 2.1099999 2.2449999 53
0.24600001 2.152 2.24 68
0.447 2.0250001 2.2539999 57
0.36300001 2.0710001 2.2509999 60
0.27599999 2.112 2.2420001 57
0.198 2.155 2.2449999 64
0.403 2.039 2.2520001 58
0.317 2.0769999 2.247 56
0.229 2.1210001 2.2479999 59
0.149 2.1489999 2.2409999 65
0.35699999 2.043 2.2390001 57
0.271 2.0869999 2.2479999 52
0.182 2.115 2.2390001 57
0.101 2.1470001 2.2420001 68
0.31400001 2.066 2.2490001 55
0.22499999 2.096 2.25 56
0.13500001 2.118 2.2420001 60
0.052999999 2.141 2.2409999 64
0.26899999 2.0769999 2.2460001 59
0.17900001 2.0969999 2.244 56
0.088 2.1210001 2.244 59
0.0049999999 2.1300001 2.2349999 53
0.223 2.086 2.243 54
0.132 2.1070001 2.2479999 56
0.039999999 2.1170001 2.2409999 60
-0.041000001 2.1229999 2.2349999 61
0.177 2.098 2.243 55
0.086000003 2.1099999 2.2460001 55
-0.0060000001 2.1129999 2.2390001 52
-0.088 2.1159999 2.2360001 63
0.13 2.1070001 2.2420001 59
0.039000001 2.1110001 2.243 59
-0.052000001 2.1140001 2.243 59
-0.13500001 2.1099999 2.2390001 62
0.082999997 2.1170001 2.2420001 55
-0.0070000002 2.1159999 2.2460001 55
-0.098999999 2.112 2.2449999 60
-0.18099999 2.099 2.2379999 66
0.035999998 2.1229999 2.24 53
-0.054000001 2.115 2.243 55
-0.146 2.1059999 2.244 57
-0.227 2.089 2.2390001 65
-0.011 2.1300001 2.24 52
-0.101 2.112 2.24 60
-0.192 2.099 2.243 61
-0.273 2.0799999 2.2420001 63
-0.059 2.132 2.2360001 60
-0.149 2.1129999 2.2409999 57
-0.23800001 2.092 2.244 60
-0.317 2.062 2.237 61
-0.108 2.1400001 2.2390001 56
-0.19599999 2.1110001 2.24 58
-0.28299999 2.0780001 2.2379999 59
-0.36199999 2.0510001 2.24 63
-0.156 2.1400001 2.2349999 55
-0.243 2.1059999 2.2390001 55
-0.33000001 2.0769999 2.2460001 58
-0.40599999 2.0380001 2.2420001 65
-0.205 2.1389999 2.2320001 55
-0.28999999 2.102 2.2390001 55
-0.37599999 2.0680001 2.2479999 59
-0.449 2.0220001 2.2420001 70
-0.255 2.1470001 2.2390001 59
-0.338 2.099 2.24 55
-0.41999999 2.0510001 2.2420001 62
-0.49200001 2.006 2.243 66
-0.30399999 2.1470001 2.2390001 54
-0.384 2.0910001 2.2390001 55
-0.465 2.04 2.243 62
-0.53299999 1.985 2.24 64
-0.35299999 2.142 2.234 55
-0.43099999 2.0829999 2.2390001 55
-0.509 2.0280001 2.244 61
-0.57499999 1.965 2.2379999 61
-0.40400001 2.1429999 2.2379999 60
-0.47799999 2.0739999 2.2379999 56
-0.55299997 2.0139999 2.2449999 59
-0.616 1.948 2.2409999 55
-0.45300001 2.1389999 2.237 56
-0.52399999 2.0639999 2.237 54
-0.597 2 2.247 62
-0.65600002 1.927 2.24 62
-0.50199997 2.131 2.234 57
-0.57200003 2.0599999 2.2449999 60
-0.64099997 1.985 2.2490001 60
-0.69700003 1.91 2.2449999 65
-0.55299997 2.1270001 2.2360001 58
-0.61799997 2.0439999 2.2390001 49
-0.68199998 1.965 2.2460001 52
-0.73699999 1.89 2.247 60
-0.602 2.119 2.2349999 45
-0.66399997 2.0339999 2.2420001 58
-0.72500002 1.949 2.2479999 53
-0.77600002 1.87 2.25 61
-0.65200001 2.108 2.234 55
-0.71200001 2.0239999 2.247 65
-0.76499999 1.928 2.2449999 62
-0.81300002 1.845 2.2479999 61
-0.70300001 2.1010001 2.237 59
-0.75599998 2.0050001 2.243 59
-0.80699998 1.909 2.2460001 62
-0.85000002 1.821 2.2479999 70
-0.75400001 2.0929999 2.24 63
-0.80199999 1.9910001 2.244 55
-0.84899998 1.891 2.25 65
-0.88700002 1.798 2.2509999 68
-0.80199999 2.0769999 2.2360001 60
-0.84899998 1.979 2.25 58
-0.889 1.869 2.2490001 59
-0.92199999 1.77 2.247 72
-0.852 2.066 2.2390001 64
-0.89099997 1.955 2.244 54
-0.92799997 1.845 2.247 64
-0.958 1.7460001 2.25 71
-0.90200001 2.0510001 2.24 52
-0.93599999 1.937 2.2460001 62
-0.96600002 1.821 2.2460001 81
-0.95899999 1.664 2.177 150
-0.94599998 2.0250001 2.2279999 75
-0.89899999 1.7589999 2.0610001 30
-0.92699999 1.658 2.073 40
-0.935 1.544 2.053 48
-0.92000002 1.857 2.0610001 27
-0.92299998 1.71 2.026 63
-0.995 1.692 2.145 150
-1.0089999 1.5880001 2.1470001 150
-1.026 1.957 2.1930001 150
-1.066 1.874 2.247 64
-1.084 1.7539999 2.256 61
-0.98199999 1.474 2.0280001 114
-1.094 1.975 2.2349999 51
-1.109 1.851 2.2479999 62
-1.118 1.725 2.253 66
-1.119 1.605 2.247 74
-1.145 1.9579999 2.2409999 60
-1.151 1.827 2.2479999 64
-1.14 1.677 2.2260001 150
-1.153 1.58 2.2539999 89
-1.193 1.937 2.243 56
-1.174 1.775 2.2149999 150
-1.193 1.675 2.2609999 62
-1.184 1.552 2.256 98
-1.276 1.9680001 2.3080001 150
-1.234 1.777 2.2509999 143
-1.215 1.6289999 2.237 150
-1.2130001 1.522 2.2579999 70
-1.401 2.0550001 2.4419999 60
-1.39 1.91 2.457 62
-1.284 1.646 2.3010001 150
-1.243 1.493 2.2609999 71
-1.45 2.026 2.441 67
-1.433 1.8789999 2.4560001 61
-1.413 1.732 2.467 68
-1.275 1.466 2.2679999 80
-0.94 1.251 1.531 13
-1.477 1.848 2.4590001 58
-1.45 1.7 2.47 67
-1.37 1.51 2.3870001 150
-1.549 1.964 2.4419999 62
-1.5190001 1.816 2.46 61
-1.485 1.666 2.47 67
-1.025 1.0829999 1.751 1
-1.595 1.9299999 2.441 64
-1.557 1.779 2.4549999 62
-1.0190001 1.094 1.6569999 8
-1.475 1.494 2.473 62
-1.6440001 1.898 2.4430001 65
-1.0190001 1.112 1.566 2
-1.557 1.601 2.4790001 65
-1.503 1.46 2.4760001 61
-0.995 1.096 1.438 13
-1.64 1.7130001 2.4619999 57
-1.587 1.563 2.477 63
-1.528 1.423 2.4749999 63
-1.0140001 1.067 1.427 42
-1.677 1.674 2.4590001 58
-1.62 1.527 2.4790001 58
-1.553 1.386 2.474 60
-1.781 1.788 2.444 69
-1.717 1.6390001 2.4630001 61
-1.65 1.489 2.4779999 61
-1.575 1.347 2.47 61
-1.83 1.7539999 2.451 70
-1.7539999 1.6 2.4630001 65
-1.681 1.452 2.48 62
-1.6 1.311 2.473 59
-1.8710001 1.7130001 2.4489999 71
-1.794 1.564 2.4690001 56
-1.711 1.414 2.4809999 63
-1.623 1.274 2.4749999 64
-1.915 1.673 2.4530001 70
-1.8279999 1.523 2.4690001 60
-1.733 1.37 2.473 60
-0.99199998 0.74599999 1.493 11
-1.959 1.632 2.4560001 80
-1.862 1.482 2.4690001 60
-0.972 0.73500001 1.3660001 34
-1.664 1.197 2.473 63
-0.96200001 0.764 1.181 25
-0.97899997 0.74400002 1.276 16
-0.991 0.71700001 1.373 13
-1.6849999 1.16 2.473 62
-1.021 0.773 1.2309999 10
-1.003 0.727 1.285 8
-1.812 1.251 2.4749999 55
-1.702 1.12 2.471 61
-1.012 0.73000002 1.197 26
-1.956 1.352 2.467 75
-1.835 1.209 2.474 59
-1.723 1.0829999 2.474 62
-1.017 0.69800001 1.183 9
-1.9859999 1.308 2.467 76
-1.8609999 1.169 2.477 57
-1.744 1.046 2.48 68
-2.145 1.401 2.454 66
-2.013 1.262 2.4649999 67
-1.883 1.127 2.477 61
-1.756 1.0039999 2.4719999 66
-2.1789999 1.352 2.4549999 69
-2.0350001 1.2130001 2.4579999 61
-1.906 1.086 2.4779999 61
-1.776 0.96799999 2.4790001 64
-2.211 1.301 2.454 71
-2.063 1.1670001 2.46 75
-1.927 1.043 2.4790001 60
-1.788 0.92699999 2.474 61
-2.243 1.251 2.454 65
-2.095 1.124 2.467 72
-1.95 1.002 2.483 64
-1.806 0.889 2.4790001 66
-2.277 1.201 2.4590001 68
-1.075 0.546 1.252 9
-1.034 0.50300002 1.304 8
-1.061 0.495 1.4450001 41
-2.309 1.15 2.461 65
-1.091 0.52399999 1.257 8
-1.0700001 0.493 1.3380001 37
-1.069 0.472 1.4450001 16
-2.313 1.086 2.437 61
-1.105 0.5 1.26 10
-2.013 0.875 2.4949999 35
-1.8430001 0.76899999 2.4749999 59
-2.345 1.035 2.444 79
-1.126 0.47999999 1.272 3
-2.0179999 0.82599998 2.4820001 62
-1.8559999 0.73000002 2.477 61
-2.3759999 0.98299998 2.45 68
-2.2090001 0.88300002 2.4719999 57
-2.0350001 0.78200001 2.484 65
-1.868 0.69099998 2.4790001 60
-2.4100001 0.93199998 2.4619999 66
-2.2279999 0.833 2.473 57
-2.046 0.736 2.4809999 65
-1.875 0.64999998 2.4760001 56
-2.4330001 0.87599999 2.4630001 66
-2.2479999 0.78299999 2.4760001 61
-2.063 0.69199997 2.4849999 58
-1.888 0.611 2.4809999 60
-2.4530001 0.81900001 2.4630001 66
-2.2650001 0.73299998 2.477 62
-2.0769999 0.648 2.4879999 65
-1.897 0.57099998 2.4809999 54
-2.4719999 0.76200002 2.4630001 66
-2.2839999 0.68300003 2.4809999 58
-2.0880001 0.602 2.4879999 60
-1.903 0.52999997 2.4790001 46
-2.4890001 0.704 2.4630001 70
-2.2950001 0.63 2.4779999 60
-2.099 0.55699998 2.4890001 61
-1.9119999 0.491 2.4820001 52
-2.506 0.64600003 2.464 73
-2.3080001 0.57800001 2.4790001 66
-2.1110001 0.51200002 2.4909999 63
-1.918 0.45100001 2.4809999 49
-2.52 0.588 2.464 70
-2.3280001 0.528 2.4879999 65
-2.119 0.46599999 2.4920001 62
-1.925 0.41100001 2.4820001 48
-2.5380001 0.52999997 2.4690001 64
-2.339 0.47600001 2.4890001 65
-2.128 0.41999999 2.493 62
-1.934 0.37099999 2.487 53
-2.5510001 0.47099999 2.471 72
-2.345 0.42199999 2.4860001 58
-2.138 0.375 2.4979999 60
-1.936 0.331 2.484 50
-2.562 0.412 2.4719999 69
-2.3599999 0.37099999 2.493 61
-2.145 0.329 2.4990001 59
-1.941 0.29100001 2.487 49
-2.5710001 0.352 2.473 72
-2.368 0.31799999 2.4949999 65
-2.1500001 0.28200001 2.5 57
-1.947 0.25099999 2.49 53
-2.5799999 0.292 2.4749999 74
-2.372 0.264 2.493 63
-2.1530001 0.236 2.4979999 55
-1.951 0.211 2.4909999 53
-2.5840001 0.23199999 2.474 69
-2.3759999 0.211 2.494 62
-2.1570001 0.19 2.5009999 57
-1.951 0.171 2.49 50
-2.5899999 0.17200001 2.477 67
-2.3800001 0.15800001 2.4949999 64
-2.1600001 0.14300001 2.5020001 57
-1.9529999 0.131 2.4909999 48
-2.5940001 0.112 2.4790001 65
-2.378 0.104 2.4920001 56
-2.1619999 0.097000003 2.503 60
-1.954 0.090999998 2.4920001 49
-2.5940001 0.050999999 2.4790001 67
-2.3829999 0.050999999 2.4960001 61
-2.161 0.050999999 2.5020001 55
-1.9529999 0.050999999 2.4909999 51
-2.599 -0.0080000004 2.4849999 69
-2.3840001 -0.0020000001 2.4990001 58
-2.161 0.0040000002 2.503 54
-1.956 0.011 2.4960001 52
-2.598 -0.068000004 2.487 71
-2.3789999 -0.055 2.4960001 51
-2.1630001 -0.041000001 2.5079999 54
-1.9529999 -0.028000001 2.4949999 48
-2.5929999 -0.12899999 2.487 57
-2.3840001 -0.108 2.5050001 59
-2.161 -0.086999997 2.5090001 55
-1.952 -0.068000004 2.4960001 54
-2.5940001 -0.189 2.493 62
-2.3800001 -0.161 2.506 58
-2.161 -0.134 2.513 61
-1.949 -0.108 2.4960001 75
-2.586 -0.249 2.493 66
-2.378 -0.215 2.51 53
-2.1570001 -0.18000001 2.5139999 61
-1.939 -0.147 2.487 82
-2.5769999 -0.30899999 2.493 64
-2.3670001 -0.26699999 2.507 63
-2.1530001 -0.226 2.5150001 47
-1.9349999 -0.18700001 2.4879999 120
-2.5650001 -0.36700001 2.4920001 59
-2.3599999 -0.31999999 2.5079999 63
-2.148 -0.273 2.5179999 69
-1.918 -0.22499999 2.4719999 150
-2.552 -0.426 2.4909999 64
-2.3499999 -0.37200001 2.5079999 63
-2.138 -0.31799999 2.5150001 60
-1.899 -0.26300001 2.4549999 150
-2.54 -0.48500001 2.4920001 60
-2.342 -0.42500001 2.51 66
-2.131 -0.36300001 2.516 62
-1.8559999 -0.29499999 2.4070001 150
-2.526 -0.54299998 2.494 62
-2.329 -0.47600001 2.51 62
-2.122 -0.40900001 2.517 64
-1.835 -0.331 2.388 150
-2.5150001 -0.602 2.4990001 57
-2.3150001 -0.528 2.5090001 65
-2.115 -0.45500001 2.52 68
-1.8200001 -0.36700001 2.3770001 150
-2.4949999 -0.65799999 2.497 63
-2.3050001 -0.57999998 2.513 66
-2.102 -0.49900001 2.517 61
-1.8049999 -0.40200001 2.369 150
-2.4849999 -0.71700001 2.506 58
-2.29 -0.63099998 2.5150001 66
-2.0929999 -0.54500002 2.5209999 68
-1.788 -0.43700001 2.3570001 150
-2.467 -0.77399999 2.51 61
-2.2750001 -0.68099999 2.516 66
-2.0799999 -0.58899999 2.5209999 69
-1.756 -0.46799999 2.326 80
-2.444 -0.82999998 2.5090001 62
-2.2650001 -0.73400003 2.5250001 65
-2.0639999 -0.63300002 2.5179999 61
-1.738 -0.50199997 2.3150001 62
-2.425 -0.88599998 2.5139999 61
-2.243 -0.78200001 2.5209999 61
-2.0539999 -0.67799997 2.5239999 58
-1.73 -0.53799999 2.3169999 62
-2.3989999 -0.94 2.513 65
-2.2190001 -0.82999998 2.517 61
-2.043 -0.72299999 2.529 65
-1.722 -0.57499999 2.3199999 58
-2.372 -0.99299997 2.5120001 66
-2.207 -0.88200003 2.527 64
-2.027 -0.76700002 2.53 71
-1.7079999 -0.61000001 2.316 60
-2.3469999 -1.046 2.5150001 58
-2.184 -0.93000001 2.527 64
-2.0009999 -0.80699998 2.5179999 92
-1.698 -0.64600003 2.319 62
-2.3210001 -1.099 2.5179999 57
-2.1559999 -0.97500002 2.5220001 65
-1.913 -0.81900001 2.4300001 150
-1.6900001 -0.68300003 2.3239999 63
-2.2920001 -1.151 2.52 57
-2.132 -1.022 2.5220001 62
-1.859 -0.84399998 2.3829999 151
-1.676 -0.71799999 2.323 62
-2.26 -1.2 2.5179999 60
-2.108 -1.068 2.523 61
-1.8150001 -0.87099999 2.3499999 138
-1.6619999 -0.75300002 2.322 63
-2.2290001 -1.25 2.5209999 51
-2.0829999 -1.114 2.5239999 60
-1.7819999 -0.903 2.332 65
-1.647 -0.78799999 2.3210001 63
-2.198 -1.3 2.5239999 49
-2.062 -1.163 2.5320001 58
-1.765 -0.94199997 2.335 56
-1.631 -0.82300001 2.3199999 60
-2.165 -1.348 2.526 51
-1.975 -1.1720001 2.46 150
-1.74 -0.97799999 2.3299999 66
-1.62 -0.85900003 2.325 63
-2.1340001 -1.397 2.5309999 47
-1.876 -1.171 2.3710001 150
-1.721 -1.016 2.332 67
-1.604 -0.89499998 2.326 62
-2.095 -1.442 2.53 46
-1.818 -1.191 2.332 52
-1.698 -1.052 2.3310001 65
-1.587 -0.92900002 2.325 62
-2.04 -1.473 2.5079999 140
-1.7869999 -1.229 2.3299999 55
-1.674 -1.0880001 2.329 60
-1.574 -0.96600002 2.332 62
-1.863 -1.411 2.335 48
-1.758 -1.267 2.3299999 52
-1.658 -1.1289999 2.3399999 59
-1.5549999 -1 2.3310001 57
-1.819 -1.444 2.325 38
-1.73 -1.306 2.3340001 49
-1.6339999 -1.165 2.339 56
-1.536 -1.034 2.3310001 45
-1.784 -1.483 2.329 38
-1.7 -1.3430001 2.335 49
-1.609 -1.2 2.3399999 61
-1.522 -1.071 2.3380001 63
-1.75 -1.523 2.3340001 39
-1.6670001 -1.378 2.3329999 47
-1.585 -1.2359999 2.342 53
-1.503 -1.1059999 2.3399999 70
-1.71 -1.559 2.3329999 42
-1.638 -1.416 2.3380001 52
-1.562 -1.272 2.346 49
-1.4809999 -1.138 2.3380001 69
-1.675 -1.598 2.3410001 44
-1.605 -1.451 2.339 41
-1.534 -1.306 2.345 62
-1.464 -1.174 2.345 69
-1.637 -1.633 2.3429999 44
-1.571 -1.484 2.339 40
-1.508 -1.341 2.348 57
-1.4400001 -1.207 2.3429999 69
-1.595 -1.665 2.3429999 36
-1.5420001 -1.523 2.349 53
-1.4809999 -1.376 2.3510001 60
-1.4170001 -1.239 2.342 71
-1.5599999 -1.704 2.3529999 54
-1.5039999 -1.552 2.345 50
-1.452 -1.408 2.3510001 58
-1.397 -1.274 2.3469999 68
-1.515 -1.732 2.3499999 49
-1.47 -1.585 2.3469999 49
-1.4220001 -1.439 2.3499999 58
-1.3710001 -1.3049999 2.345 67
-1.47 -1.7589999 2.3469999 45
-1.434 -1.6160001 2.348 59
-1.391 -1.47 2.3499999 58
-1.345 -1.336 2.3429999 66
-1.428 -1.789 2.3499999 45
-1.397 -1.647 2.3499999 57
-1.36 -1.501 2.349 58
-1.323 -1.3710001 2.3499999 59
-1.385 -1.817 2.3510001 52
-1.357 -1.673 2.346 53
-1.329 -1.533 2.352 58
-1.295 -1.4 2.346 64
-1.339 -1.841 2.349 50
-1.3200001 -1.7029999 2.3499999 53
-1.2970001 -1.562 2.352 54
-1.268 -1.431 2.346 61
-1.2970001 -1.87 2.3559999 45
-1.284 -1.734 2.3540001 59
-1.2640001 -1.592 2.3529999 53
-1.239 -1.46 2.3429999 61
-1.252 -1.895 2.3570001 46
-1.24 -1.7539999 2.3469999 49
-1.23 -1.62 2.3529999 53
-1.211 -1.4910001 2.3440001 59
-1.204 -1.914 2.3540001 45
-1.2029999 -1.7819999 2.3510001 50
-1.196 -1.647 2.352 54
-1.182 -1.52 2.3440001 64
-1.161 -1.939 2.358 47
-1.163 -1.809 2.3540001 52
-1.16 -1.673 2.3510001 56
-1.154 -1.552 2.348 60
-1.114 -1.9579999 2.358 46
-1.1210001 -1.831 2.3529999 49
-1.124 -1.699 2.3499999 54
-1.122 -1.579 2.345 50
-1.067 -1.977 2.358 44
-1.081 -1.8559999 2.3559999 51
-1.091 -1.73 2.3570001 56
-1.0930001 -1.61 2.349 56
-1.02 -1.995 2.359 38
-1.038 -1.875 2.3529999 47
-1.053 -1.752 2.3529999 48
-1.062 -1.6390001 2.3510001 57
-0.97299999 -2.0120001 2.3599999 41
-0.99599999 -1.895 2.3529999 48
-1.017 -1.778 2.355 42
-1.031 -1.67 2.355 55
-0.92299998 -2.0209999 2.3529999 47
-0.95300001 -1.916 2.3540001 47
-0.97899997 -1.802 2.3559999 54
-0.995 -1.694 2.3499999 43
-0.87900001 -2.043 2.362 45
-0.91100001 -1.9349999 2.355 47
-0.94 -1.824 2.355 55
-0.963 -1.722 2.3529999 47
-0.82999998 -2.0539999 2.359 47
-0.86699998 -1.952 2.355 50
-0.903 -1.849 2.358 53
-0.92799997 -1.748 2.3540001 56
-0.78100002 -2.062 2.355 47
-0.824 -1.971 2.3570001 48
-0.86299998 -1.869 2.3570001 52
-0.89300001 -1.774 2.3540001 59
-0.73500001 -2.0769999 2.3610001 46
-0.77999997 -1.985 2.3559999 48
-0.824 -1.892 2.3599999 56
-0.85699999 -1.801 2.3559999 53
-0.68699998 -2.0869999 2.3599999 49
-0.736 -2.0009999 2.3570001 46
-0.78399998 -1.9119999 2.3599999 55
-0.81999999 -1.823 2.3540001 55
-0.63800001 -2.0929999 2.358 48
-0.69199997 -2.0179999 2.3599999 46
-0.74199998 -1.932 2.3610001 54
-0.78200001 -1.846 2.3529999 52
-0.59299999 -2.108 2.3670001 49
-0.64700001 -2.03 2.3599999 48
-0.70099998 -1.949 2.359 52
-0.745 -1.873 2.359 58
-0.54400003 -2.1099999 2.3629999 48
-0.60100001 -2.0369999 2.355 56
-0.66000003 -1.969 2.362 55
-0.708 -1.899 2.3629999 59
-0.49599999 -2.1140001 2.3610001 46
-0.55800003 -2.0539999 2.3610001 50
-0.61699998 -1.983 2.3599999 56
-0.66600001 -1.914 2.355 53
-0.449 -2.1210001 2.3640001 42
-0.51200002 -2.0639999 2.362 49
-0.574 -1.999 2.3599999 55
-0.62699997 -1.938 2.359 54
-0.40099999 -2.125 2.3659999 46
-0.46599999 -2.0710001 2.359 43
-0.53200001 -2.016 2.3629999 53
-0.58600003 -1.959 2.3599999 54
-0.35299999 -2.1229999 2.3610001 46
-0.421 -2.0829999 2.3629999 47
-0.48800001 -2.029 2.3610001 55
-0.54400003 -1.977 2.358 56
-0.30700001 -2.1289999 2.3670001 51
-0.37599999 -2.0899999 2.3629999 49
-0.44299999 -2.04 2.359 44
-0.50300002 -2 2.3629999 56
-0.25999999 -2.1270001 2.3640001 49
-0.329 -2.0910001 2.358 54
-0.40000001 -2.0580001 2.365 47
-0.45899999 -2.0139999 2.3599999 56
-0.213 -2.1210001 2.359 50
-0.28400001 -2.098 2.3599999 54
-0.35600001 -2.0699999 2.3659999 54
-0.41600001 -2.033 2.362 51
-0.167 -2.125 2.3659999 45
-0.23800001 -2.1070001 2.3659999 47
-0.31 -2.079 2.365 53
-0.373 -2.052 2.3659999 53
-0.12 -2.1210001 2.365 49
-0.192 -2.105 2.3599999 53
-0.26499999 -2.0869999 2.3629999 52
-0.32800001 -2.0669999 2.365 59
-0.074000001 -2.1170001 2.365 54
-0.146 -2.115 2.368 50
-0.219 -2.098 2.365 55
-0.28299999 -2.0780001 2.3610001 55
-0.028999999 -2.1140001 2.368 51
-0.1 -2.109 2.3599999 49
-0.17299999 -2.102 2.3610001 52
-0.23800001 -2.0969999 2.3670001 54
0.016000001 -2.1110001 2.3710001 52
-0.054000001 -2.1099999 2.3599999 50
-0.127 -2.115 2.368 51
-0.191 -2.109 2.3670001 51
0.061000001 -2.1029999 2.369 52
-0.0080000004 -2.1110001 2.3629999 52
-0.081 -2.119 2.3670001 53
-0.14399999 -2.1170001 2.3640001 52
0.106 -2.099 2.3740001 49
0.035999998 -2.109 2.362 50
-0.034000002 -2.1229999 2.3659999 50
-0.097000003 -2.1289999 2.3659999 53
0.15000001 -2.0880001 2.3710001 46
0.082000002 -2.105 2.3610001 51
0.012 -2.1289999 2.368 53
-0.048999999 -2.1389999 2.3659999 49
0.193 -2.072 2.3640001 45
0.12800001 -2.105 2.3640001 52
0.059 -2.131 2.368 51
-0.001 -2.1489999 2.368 55
0.237 -2.0680001 2.3710001 52
0.17299999 -2.099 2.3629999 46
0.106 -2.1329999 2.3670001 51
0.046999998 -2.1589999 2.3710001 54
0.28 -2.0550001 2.369 48
0.219 -2.095 2.3640001 49
0.153 -2.131 2.365 42
0.094999999 -2.165 2.3699999 53
0.32300001 -2.0409999 2.3659999 47
0.264 -2.089 2.365 50
0.20100001 -2.132 2.365 48
0.145 -2.168 2.3670001 46
0.36500001 -2.03 2.369 49
0.30899999 -2.0799999 2.3629999 50
0.248 -2.1289999 2.3629999 48
0.19499999 -2.1760001 2.372 47
0.40700001 -2.013 2.365 51
0.35299999 -2.073 2.3629999 50
0.296 -2.125 2.3610001 46
0.245 -2.1760001 2.369 50
0.44800001 -1.997 2.3629999 46
0.39899999 -2.066 2.3659999 53
0.34400001 -2.125 2.365 47
0.296 -2.1819999 2.3729999 51
0.48899999 -1.987 2.369 53
0.44299999 -2.0550001 2.365 51
0.391 -2.119 2.3640001 48
0.347 -2.1819999 2.3729999 55
0.52999997 -1.97 2.3670001 48
0.48699999 -2.0439999 2.3640001 51
0.44 -2.1159999 2.3670001 46
0.39700001 -2.178 2.369 55
0.56900001 -1.95 2.3629999 52
0.52999997 -2.03 2.362 54
0.48699999 -2.1059999 2.3629999 48
0.44800001 -2.177 2.3699999 48
0.60900003 -1.936 2.3670001 55
0.57499999 -2.0209999 2.365 49
0.53399998 -2.096 2.3599999 45
0.5 -2.175 2.3699999 45
0.64700001 -1.915 2.3629999 44
0.61699998 -2.0020001 2.359 51
0.58200002 -2.089 2.362 42
0.551 -2.1700001 2.369 47
0.685 -1.895 2.3599999 50
0.66000003 -1.99 2.362 54
0.41299999 -1.364 1.549 3
0.602 -2.1619999 2.3670001 45
0.72299999 -1.877 2.3629999 50
0.70300001 -1.975 2.362 53
0.44600001 -1.364 1.558 2
0.41100001 -1.357 1.49 2
0.75999999 -1.858 2.3629999 48
0.74299997 -1.954 2.355 56
0.479 -1.362 1.564 2
0.44800001 -1.364 1.503 2
0.79500002 -1.832 2.3570001 42
0.78600001 -1.9400001 2.359 48
0.76800001 -2.036 2.352 40
0.48300001 -1.365 1.511 2
0.83399999 -1.816 2.3629999 47
0.82700002 -1.921 2.358 55
0.815 -2.023 2.3540001 43
0.52100003 -1.37 1.524 2
0.86900002 -1.794 2.362 49
0.86900002 -1.903 2.358 56
0.86400002 -2.0139999 2.3599999 52
0.55800003 -1.373 1.536 2
0.903 -1.768 2.358 47
0.91100001 -1.886 2.3610001 55
0.91100001 -1.999 2.3610001 50
0.59600002 -1.375 1.5470001 2
0.93800002 -1.748 2.3599999 54
0.95099998 -1.865 2.3599999 53
0.95599997 -1.978 2.3570001 49
0.63800001 -1.3839999 1.568 2
0.97299999 -1.725 2.3610001 50
0.98699999 -1.8380001 2.352 49
1.002 -1.961 2.359 51
0.67299998 -1.375 1.5700001 1
1.005 -1.698 2.3559999 50
1.029 -1.8200001 2.3570001 51
1.046 -1.939 2.355 49
1.064 -2.052 2.3610001 32
1.039 -1.675 2.359 52
1.067 -1.795 2.3540001 55
1.092 -1.92 2.3570001 45
1.117 -2.0369999 2.365 41
1.072 -1.651 2.3599999 50
1.105 -1.77 2.352 51
1.137 -1.899 2.3570001 48
1.168 -2.0179999 2.3659999 45
1.102 -1.623 2.3559999 51
1.1440001 -1.749 2.355 58
1.181 -1.876 2.3559999 47
1.217 -1.994 2.3629999 49
1.135 -1.6 2.3599999 51
1.182 -1.724 2.355 55
1.223 -1.849 2.352 43
1.268 -1.974 2.3659999 49
1.166 -1.573 2.3599999 50
1.217 -1.696 2.3510001 51
1.268 -1.826 2.3529999 45
1.329 -1.966 2.3840001 0
1.193 -1.5420001 2.3529999 47
1.255 -1.671 2.3529999 56
1.311 -1.8 2.3529999 46
1.363 -1.92 2.358 10
1.224 -1.517 2.355 48
1.29 -1.642 2.3510001 50
1.351 -1.771 2.349 52
1.4119999 -1.8940001 2.358 26
1.253 -1.489 2.355 46
1.325 -1.614 2.3499999 50
1.3940001 -1.744 2.3510001 39
1.461 -1.868 2.359 35
1.279 -1.4579999 2.3510001 50
1.3609999 -1.587 2.352 55
1.4349999 -1.715 2.3499999 42
1.511 -1.841 2.362 47
1.311 -1.434 2.358 46
1.393 -1.5549999 2.348 48
1.476 -1.6849999 2.349 45
1.556 -1.809 2.3599999 50
1.336 -1.402 2.3529999 46
1.425 -1.524 2.346 44
1.5190001 -1.6569999 2.3529999 43
1.607 -1.783 2.3659999 41
1.364 -1.374 2.355 48
1.46 -1.495 2.349 50
1.558 -1.625 2.352 44
1.652 -1.748 2.3640001 44
1.391 -1.345 2.3559999 49
1.494 -1.465 2.3510001 54
1.595 -1.59 2.348 43
1.696 -1.714 2.3629999 45
1.416 -1.313 2.3529999 48
1.524 -1.432 2.348 51
1.637 -1.5599999 2.3540001 43
1.743 -1.6799999 2.365 43
1.441 -1.283 2.3529999 42
1.558 -1.401 2.3510001 57
1.675 -1.526 2.3540001 45
1.785 -1.642 2.362 43
1.466 -1.252 2.3529999 40
1.586 -1.365 2.3469999 49
1.711 -1.489 2.352 46
1.8279999 -1.605 2.3629999 49
1.49 -1.221 2.3529999 49
1.617 -1.3329999 2.348 55
1.749 -1.454 2.3540001 46
1.872 -1.568 2.365 48
1.51 -1.186 2.348 50
1.65 -1.301 2.3529999 54
1.7819999 -1.415 2.3510001 51
1.91 -1.525 2.3610001 50
1.5369999 -1.1569999 2.3529999 52
1.675 -1.263 2.348 56
1.816 -1.376 2.3499999 45
1.954 -1.4859999 2.3640001 59
1.558 -1.124 2.3510001 52
1.704 -1.228 2.349 62
1.851 -1.3380001 2.3510001 52
1.9910001 -1.442 2.362 59
1.576 -1.089 2.345 55
1.73 -1.191 2.3469999 59
1.882 -1.2970001 2.349 46
2.026 -1.397 2.358 54
1.6 -1.057 2.348 58
1.757 -1.154 2.3469999 61
1.916 -1.257 2.3499999 54
2.0669999 -1.354 2.3610001 44
1.619 -1.023 2.346 54
1.7819999 -1.117 2.3469999 63
1.948 -1.216 2.3510001 54
2.1010001 -1.308 2.358 53
1.6390001 -0.98900002 2.345 58
1.807 -1.0779999 2.3469999 65
1.977 -1.173 2.3499999 56
2.1329999 -1.2589999 2.3540001 57
1.661 -0.95599997 2.348 60
1.831 -1.039 2.345 62
2.003 -1.128 2.346 56
2.1689999 -1.2130001 2.3559999 62
1.6799999 -0.92199999 2.348 59
1.854 -1 2.345 64
2.0320001 -1.084 2.346 56
2.1989999 -1.163 2.3529999 61
1.697 -0.88599998 2.345 58
1.877 -0.95999998 2.3440001 66
2.0610001 -1.04 2.3469999 55
2.2279999 -1.112 2.3499999 57
1.717 -0.852 2.348 55
1.898 -0.92000002 2.3429999 63
2.082 -0.99299997 2.342 56
2.26 -1.063 2.352 59
1.733 -0.81699997 2.346 60
1.918 -0.87900001 2.3410001 67
2.1099999 -0.94800001 2.3440001 68
2.286 -1.01 2.348 66
1.748 -0.77999997 2.3429999 58
1.9400001 -0.83899999 2.3440001 59
2.132 -0.89999998 2.342 56
2.3150001 -0.95899999 2.3499999 64
1.765 -0.745 2.3440001 58
1.957 -0.796 2.3399999 64
2.154 -0.852 2.3399999 58
2.3410001 -0.90600002 2.348 64
1.781 -0.70899999 2.3440001 57
1.975 -0.75400001 2.3380001 65
2.1789999 -0.80599999 2.3429999 64
2.3659999 -0.852 2.348 60
1.798 -0.67299998 2.3469999 49
1.993 -0.71200001 2.339 53
2.198 -0.75599998 2.3399999 62
2.385 -0.796 2.3429999 64
1.816 -0.63700002 2.3510001 36
2.023 -0.67400002 2.3540001 37
2.211 -0.70499998 2.3329999 58
2.404 -0.74000001 2.339 55
1.834 -0.60100001 2.3559999 34
2.0339999 -0.62900001 2.3469999 38
2.2320001 -0.65700001 2.335 63
2.4300001 -0.68599999 2.3440001 67
1.841 -0.56199998 2.348 34
2.053 -0.58600003 2.3510001 38
2.2479999 -0.60699999 2.3329999 61
2.447 -0.63 2.342 66
1.855 -0.52499998 2.348 35
2.063 -0.54100001 2.346 38
2.263 -0.55599999 2.332 64
2.4649999 -0.57300001 2.3410001 64
1.8660001 -0.48699999 2.3469999 34
2.0710001 -0.495 2.3380001 42
2.2780001 -0.505 2.3310001 64
2.4779999 -0.51499999 2.3369999 71
1.874 -0.447 2.3429999 31
2.0899999 -0.45100001 2.345 40
2.29 -0.45300001 2.3299999 65
2.4860001 -0.456 2.3299999 69
1.892 -0.41100001 2.3510001 33
2.102 -0.40599999 2.346 37
2.302 -0.40200001 2.3280001 65
2.506 -0.39899999 2.335 78
1.896 -0.37099999 2.3429999 35
2.1029999 -0.359 2.3340001 42
2.313 -0.34900001 2.3269999 63
2.5150001 -0.34099999 2.332 65
1.905 -0.331 2.3410001 34
2.1210001 -0.315 2.3429999 39
2.322 -0.29699999 2.325 63
2.5239999 -0.28200001 2.3310001 64
1.918 -0.29300001 2.3469999 34
2.1289999 -0.26899999 2.342 39
2.329 -0.245 2.3239999 63
2.533 -0.223 2.3299999 64
1.921 -0.25299999 2.3399999 37
2.1329999 -0.223 2.3369999 43
2.336 -0.192 2.322 63
2.5309999 -0.163 2.3210001 49
1.928 -0.213 2.3380001 36
2.141 -0.176 2.3369999 41
2.3380001 -0.139 2.3180001 48
2.5420001 -0.104 2.326 67
1.942 -0.17399999 2.346 36
2.135 -0.12899999 2.3239999 55
2.342 -0.086000003 2.316 66
2.5439999 -0.044 2.323 68
1.942 -0.133 2.339 40
2.135 -0.082000002 2.3180001 64
2.3469999 -0.033 2.3169999 64
2.546 0.014 2.3210001 72
1.937 -0.092 2.326 54
2.145 -0.035999998 2.3239999 61
2.349 0.02 2.3150001 65
2.5409999 0.074000001 2.3150001 62
1.943 -0.052000001 2.3269999 62
2.1440001 0.0099999998 2.319 66
2.349 0.072999999 2.3139999 67
2.5450001 0.134 2.319 72
1.946 -0.011 2.3239999 61
2.141 0.057 2.313 65
2.349 0.127 2.313 63
2.5420001 0.193 2.3180001 67
1.944 0.028999999 2.3180001 60
2.1459999 0.104 2.3169999 63
2.345 0.18000001 2.3099999 63
2.536 0.25299999 2.3139999 74
1.95 0.07 2.3210001 64
2.1429999 0.15099999 2.313 58
2.3410001 0.233 2.3080001 63
2.53 0.31200001 2.313 71
1.95 0.111 2.3180001 60
2.141 0.198 2.3110001 62
2.3380001 0.28600001 2.3080001 64
2.5190001 0.37099999 2.309 66
1.948 0.152 2.3150001 62
2.142 0.245 2.3139999 62
2.3310001 0.33899999 2.306 63
2.5090001 0.42899999 2.3069999 61
1.949 0.193 2.3139999 59
2.1329999 0.292 2.3069999 71
2.325 0.39300001 2.306 66
2.4949999 0.48699999 2.303 36
1.949 0.235 2.3150001 57
2.131 0.33899999 2.309 64
2.3169999 0.44600001 2.3050001 61
2.4679999 0.542 2.2869999 17
1.9450001 0.27599999 2.3099999 61
2.1270001 0.38699999 2.309 64
2.306 0.498 2.302 61
0 0 0 0
1.942 0.31799999 2.3080001 63
2.1199999 0.433 2.3069999 63
2.2950001 0.55000001 2.3010001 63
0.52399999 0.141 0.49000001 11
1.944 0.361 2.313 58
2.109 0.47999999 2.303 57
2.2850001 0.60299999 2.302 63
0.523 0.153 0.49200001 11
1.9400001 0.403 2.3110001 60
2.1029999 0.52700001 2.3039999 65
2.2709999 0.65499997 2.3 64
0.51700002 0.16500001 0.49000001 10
1.937 0.44600001 2.313 59
2.0929999 0.574 2.302 63
2.2550001 0.70599997 2.2969999 65
0.51700002 0.178 0.49399999 11
1.929 0.48699999 2.309 55
2.082 0.62 2.3010001 65
2.2449999 0.759 2.302 60
0.51599997 0.192 0.498 11
1.9220001 0.52899998 2.3069999 55
2.072 0.667 2.3010001 68
2.223 0.80800003 2.296 60
0.51499999 0.205 0.50099999 10
1.918 0.57300001 2.3099999 61
2.0580001 0.713 2.2980001 63
2.204 0.85799998 2.293 62
0.51300001 0.21799999 0.50400001 11
1.909 0.61500001 2.3069999 63
2.0420001 0.75800002 2.2950001 67
2.184 0.90799999 2.2920001 67
0.51599997 0.234 0.51200002 10
1.899 0.65700001 2.3039999 62
2.033 0.80599999 2.299 66
2.1630001 0.95700002 2.2909999 66
0.514 0.24699999 0.51599997 11
1.8940001 0.70099998 2.3099999 64
2.016 0.85100001 2.2980001 65
2.142 1.006 2.29 66
0.505 0.257 0.51200002 4
1.881 0.74299997 2.3050001 63
1.993 0.89399999 2.289 66
2.119 1.0549999 2.289 57
2.2249999 1.201 2.2839999 15
1.869 0.78500003 2.303 64
1.982 0.94199997 2.296 65
2.095 1.103 2.289 66
2.1960001 1.251 2.2850001 70
1.857 0.82800001 2.303 61
1.961 0.986 2.2920001 65
2.0669999 1.148 2.2839999 60
2.1659999 1.302 2.2850001 69
1.842 0.86900002 2.299 57
1.941 1.03 2.29 66
2.0450001 1.198 2.2880001 67
2.132 1.349 2.2820001 70
1.825 0.91000003 2.2950001 56
1.92 1.074 2.289 62
2.0139999 1.242 2.2820001 64
2.099 1.398 2.2820001 69
1.812 0.95300001 2.296 56
1.898 1.118 2.2869999 61
1.987 1.288 2.283 71
2.066 1.4450001 2.283 73
1.7970001 0.99599999 2.296 62
1.881 1.164 2.293 64
1.957 1.332 2.2809999 62
2.0280001 1.489 2.28 77
1.778 1.0369999 2.2939999 59
1.8559999 1.207 2.2909999 64
1.927 1.376 2.2809999 60
1.989 1.5319999 2.276 69
1.763 1.08 2.296 58
1.832 1.25 2.29 63
1.8940001 1.418 2.2780001 59
1.9529999 1.577 2.277 67
1.743 1.1210001 2.293 57
1.806 1.291 2.2880001 61
1.864 1.4630001 2.28 59
1.909 1.6160001 2.2709999 70
1.724 1.163 2.293 54
1.779 1.3329999 2.2869999 63
1.83 1.5039999 2.279 60
1.87 1.659 2.2720001 67
1.7029999 1.204 2.2909999 56
1.749 1.372 2.283 55
1.793 1.543 2.2750001 59
1.834 1.7029999 2.276 60
1.679 1.243 2.2880001 55
1.722 1.414 2.2839999 58
1.757 1.582 2.273 51
1.788 1.737 2.2690001 63
1.655 1.283 2.2839999 54
1.691 1.452 2.2809999 62
1.722 1.623 2.2739999 60
1.742 1.773 2.2650001 62
1.632 1.324 2.2839999 53
1.6619999 1.493 2.2820001 60
1.682 1.658 2.2690001 57
1.702 1.813 2.2690001 66
1.603 1.36 2.277 56
1.626 1.527 2.2750001 56
1.647 1.697 2.2720001 54
1.655 1.845 2.2639999 70
1.576 1.398 2.273 56
1.597 1.568 2.2780001 59
1.605 1.73 2.267 52
1.608 1.876 2.2590001 63
1.5549999 1.442 2.279 58
1.563 1.605 2.276 59
1.5650001 1.766 2.267 51
1.5650001 1.914 2.263 62
1.525 1.478 2.2750001 59
1.526 1.638 2.27 54
1.527 1.803 2.2679999 57
1.516 1.941 2.2579999 63
1.497 1.518 2.2750001 54
1.494 1.677 2.273 64
1.4809999 1.831 2.2609999 59
1.47 1.974 2.2590001 63
1.469 1.557 2.276 58
1.455 1.709 2.2679999 58
1.4349999 1.857 2.253 56
1.421 2.0009999 2.256 69
1.437 1.5930001 2.2720001 59
1.4170001 1.7410001 2.2639999 53
1.398 1.895 2.26 57
1.373 2.029 2.2539999 67
1.401 1.624 2.263 56
1.382 1.777 2.266 57
1.355 1.926 2.26 56
1.321 2.0510001 2.2490001 62
1.3710001 1.664 2.267 56
1.342 1.808 2.2620001 57
1.307 1.949 2.253 58
1.273 2.0780001 2.25 65
1.339 1.701 2.267 57
1.301 1.837 2.2579999 53
1.263 1.978 2.253 60
1.225 2.1059999 2.253 60
1.302 1.732 2.2609999 52
1.263 1.8710001 2.26 62
1.2180001 2.006 2.253 58
1.173 2.1240001 2.247 62
1.2690001 1.77 2.2639999 54
1.224 1.904 2.2620001 60
1.171 2.029 2.2490001 52
1.124 2.1489999 2.2490001 61
1.232 1.803 2.2609999 51
1.179 1.927 2.2539999 47
1.126 2.056 2.2509999 57
1.072 2.1659999 2.2460001 57
1.193 1.834 2.257 52
1.138 1.9579999 2.2550001 54
1.077 2.0769999 2.247 52
1.02 2.1830001 2.2420001 57
1.156 1.867 2.256 48
1.095 1.985 2.253 54
1.029 2.0969999 2.244 54
0.97000003 2.2030001 2.244 55
1.118 1.9 2.257 52
1.051 2.01 2.2509999 55
0.98199999 2.1199999 2.244 53
0.91799998 2.2190001 2.243 54
1.077 1.929 2.253 52
1.008 2.036 2.2509999 54
0.935 2.1429999 2.2460001 55
0.86699998 2.2360001 2.244 60
1.039 1.964 2.2579999 52
0.96200001 2.059 2.247 55
0.88599998 2.161 2.2449999 54
0.815 2.25 2.244 60
0.99699998 1.992 2.2550001 51
0.91799998 2.085 2.2490001 51
0.83899999 2.1819999 2.2479999 51
0.76300001 2.2639999 2.2449999 56
0.954 2.02 2.253 48
0.87199998 2.108 2.2479999 50
0.78799999 2.1960001 2.244 49
0.70999998 2.2709999 2.2390001 56
0.91000003 2.046 2.25 51
0.82599998 2.1300001 2.2479999 53
0.73799998 2.211 2.2420001 50
0.66000003 2.289 2.247 63
0.86500001 2.072 2.2479999 51
0.778 2.151 2.247 52
0.69 2.2309999 2.247 55
0.60699999 2.293 2.2420001 57
0.81900001 2.095 2.244 51
0.73100001 2.171 2.247 54
0.639 2.2409999 2.243 50
0.55400002 2.2980001 2.2379999 56
0.77600002 2.1240001 2.247 50
0.68300003 2.1889999 2.2449999 53
0.58899999 2.253 2.243 53
0.50199997 2.3069999 2.2409999 61
0.72899997 2.1470001 2.244 49
0.63499999 2.207 2.2449999 51
0.53799999 2.263 2.2409999 58
0.449 2.3069999 2.2349999 57
0.68099999 2.168 2.2420001 48
0.58600003 2.227 2.2479999 53
0.48699999 2.2739999 2.2409999 54
0.39700001 2.313 2.237 57
0.634 2.1930001 2.243 46
0.53600001 2.2390001 2.243 58
0.43700001 2.2839999 2.2420001 55
0.34599999 2.3169999 2.2379999 61
0.58499998 2.2149999 2.243 53
0.48500001 2.25 2.2390001 53
0.38600001 2.2920001 2.2420001 55
0.294 2.3150001 2.234 56
0.53500003 2.2290001 2.2360001 49
0.43599999 2.267 2.2420001 56
0.33399999 2.2920001 2.2349999 56
0.242 2.3139999 2.2320001 59
0.48699999 2.256 2.243 54
0.38499999 2.279 2.2409999 55
0.28200001 2.2980001 2.2349999 57
0.191 2.316 2.2349999 63
0.435 2.27 2.2390001 56
0.33399999 2.2880001 2.2390001 60
0.23100001 2.303 2.2360001 55
0.14 2.3169999 2.2379999 62
0.384 2.2839999 2.2349999 55
0.28299999 2.3039999 2.244 58
0.18000001 2.3069999 2.2360001 55
0.089000002 2.309 2.233 64
0.33199999 2.303 2.2379999 52
0.23100001 2.3110001 2.2420001 58
0.12899999 2.3099999 2.237 56
0.039000001 2.309 2.2360001 56
0.28 2.3139999 2.2349999 48
0.17900001 2.3110001 2.234 57
0.078000002 2.312 2.2379999 56
-0.011 2.3 2.2320001 61
0.227 2.326 2.2320001 47
0.127 2.3239999 2.24 56
0.027000001 2.3080001 2.234 48
-0.061000001 2.293 2.2320001 61
0.17299999 2.3380001 2.2320001 53
0.075000003 2.3280001 2.2390001 55
-0.023 2.3080001 2.2360001 57
-0.11 2.29 2.2360001 64
0.12 2.3529999 2.2360001 51
0.022 2.3269999 2.234 48
-0.074000001 2.306 2.2360001 58
-0.15899999 2.276 2.23 63
0.064999998 2.3559999 2.2290001 46
-0.028999999 2.332 2.2360001 59
-0.124 2.3 2.234 56
-0.208 2.2639999 2.2279999 59
0.011 2.372 2.2349999 50
-0.082000002 2.332 2.234 53
-0.175 2.296 2.234 55
-0.257 2.26 2.234 65
-0.044 2.3770001 2.233 52
-0.13500001 2.332 2.233 57
-0.226 2.2939999 2.2390001 57
-0.30399999 2.247 2.233 59
-0.098999999 2.3770001 2.2279999 50
-0.18799999 2.336 2.2379999 56
-0.27500001 2.283 2.234 57
-0.352 2.2349999 2.233 55
-0.155 2.3859999 2.2309999 50
-0.241 2.3299999 2.233 52
-0.32600001 2.2750001 2.2349999 56
-0.39899999 2.221 2.233 52
-0.211 2.385 2.2279999 49
-0.29300001 2.3269999 2.234 57
-0.37599999 2.27 2.2390001 58
-0.44600001 2.2079999 2.2349999 55
-0.266 2.3840001 2.2249999 52
-0.347 2.3239999 2.234 55
-0.42500001 2.257 2.237 57
-0.491 2.1889999 2.2309999 62
-0.324 2.391 2.2309999 52
-0.39899999 2.3169999 2.234 57
-0.47400001 2.2460001 2.237 57
-0.53799999 2.1800001 2.2390001 55
-0.38 2.3870001 2.2279999 49
-0.45199999 2.309 2.2320001 58
-0.523 2.2349999 2.2379999 57
-0.58200002 2.158 2.234 56
-0.43700001 2.3859999 2.2290001 53
-0.50599998 2.306 2.237 56
-0.57200003 2.2219999 2.2390001 53
-0.62599999 2.138 2.2320001 64
-0.49399999 2.382 2.2290001 54
-0.55699998 2.2920001 2.233 52
-0.61900002 2.2030001 2.2349999 60
-0.67000002 2.1210001 2.234 64
-0.551 2.3729999 2.2249999 50
-0.61000001 2.2809999 2.233 56
-0.66799998 2.1930001 2.24 59
-0.71399999 2.102 2.2349999 66
-0.60699999 2.3629999 2.223 54
-0.662 2.27 2.234 55
-0.71399999 2.1719999 2.2360001 59
-0.75700003 2.0829999 2.237 67
-0.66600001 2.362 2.2290001 52
-0.71399999 2.257 2.234 55
-0.76099998 2.155 2.237 60
-0.801 2.0650001 2.24 65
-0.722 2.349 2.227 54
-0.76499999 2.2420001 2.233 58
-0.80900002 2.142 2.243 58
-0.84200001 2.0409999 2.24 69
-0.77899998 2.339 2.2279999 57
-0.81800002 2.2290001 2.2360001 53
-0.85500002 2.122 2.2420001 56
-0.88300002 2.0190001 2.24 65
-0.83700001 2.329 2.2309999 60
-0.86900002 2.214 2.237 57
-0.89899999 2.096 2.2379999 54
-0.92400002 1.997 2.243 63
-0.89300001 2.312 2.2279999 55
-0.917 2.188 2.2290001 61
-0.92500001 2.0339999 2.194 140
-0.91600001 1.875 2.132 79
-0.87800002 2.1240001 2.0599999 29
-0.898 2.0139999 2.0699999 25
-0.91399997 1.899 2.0710001 24
-0.89200002 1.733 1.995 60
-1.007 2.283 2.2320001 59
-1.0190001 2.1530001 2.2349999 60
-1.031 2.0280001 2.237 86
-1.027 1.895 2.2130001 150
-1.063 2.2639999 2.2309999 61
-1.072 2.138 2.2420001 59
-1.071 1.998 2.2309999 111
-1.08 1.896 2.2449999 66
-1.119 2.244 2.2320001 58
-1.122 2.1170001 2.244 58
-1.123 1.989 2.2490001 53
-1.117 1.87 2.2460001 69
-1.173 2.221 2.23 85
-1.17 2.0910001 2.2420001 56
-1.163 1.959 2.2460001 64
-1.155 1.844 2.2490001 70
-1.332 2.385 2.421 66
-1.2640001 2.1440001 2.3269999 150
-1.207 1.937 2.2520001 58
-1.186 1.808 2.24 150
-1.392 2.3610001 2.4230001 58
-1.375 2.2160001 2.4360001 63
-1.357 2.075 2.447 130
-1.222 1.781 2.2420001 132
-1.4529999 2.335 2.4260001 61
-0.95700002 1.467 1.635 4
-1.402 2.0450001 2.45 69
-1.346 1.877 2.4030001 150
-0.95099998 1.451 1.527 9
-1.477 2.1559999 2.438 68
-1.4450001 2.013 2.45 62
-0.94099998 1.256 1.636 10
-1.5700001 2.2780001 2.4300001 56
-1.529 2.128 2.4419999 69
-0.93099999 1.24 1.534 11
-1.446 1.847 2.4519999 62
-0.91600001 1.2640001 1.368 13
-0.93800002 1.244 1.451 3
-1.529 1.946 2.451 65
-1.485 1.819 2.46 68
-0.93800002 1.233 1.3559999 45
-1.628 2.0599999 2.444 63
-1.574 1.916 2.457 68
-1.5190001 1.783 2.4590001 58
-1.7410001 2.1800001 2.437 57
-1.677 2.0280001 2.448 63
-1.613 1.8789999 2.4560001 67
-1.55 1.745 2.4549999 64
-1.799 2.1459999 2.4400001 61
-1.723 1.99 2.447 64
-0.98199999 1.095 1.46 1
-1.0140001 1.095 1.574 14
-1.853 2.108 2.4419999 53
-0.99199998 1.094 1.372 16
-0.99800003 1.066 1.45 21
-1.619 1.676 2.461 64
-0.98100001 1.0650001 1.258 17
-1.024 1.08 1.382 12
-1.73 1.7690001 2.4590001 70
-1.649 1.6390001 2.46 59
-1.012 1.0470001 1.263 18
-1.86 1.874 2.45 64
-1.765 1.728 2.4560001 65
-1.683 1.605 2.4649999 67
-2.003 1.978 2.438 60
-1.903 1.8329999 2.451 67
-1.804 1.692 2.4619999 69
-1.714 1.568 2.467 63
-2.0550001 1.936 2.441 54
-1.9450001 1.79 2.451 86
-1.84 1.652 2.4630001 69
-1.744 1.531 2.47 65
-2.105 1.891 2.444 60
-1.979 1.7410001 2.4430001 73
-1.876 1.612 2.4649999 75
-1.774 1.493 2.4719999 64
-2.1589999 1.85 2.451 57
-2.027 1.7029999 2.4530001 77
-1.908 1.5700001 2.4649999 69
-1.799 1.452 2.47 53
-2.2030001 1.799 2.4489999 54
-0.98000002 0.78600001 1.164 7
-0.94700003 0.745 1.2029999 17
-0.97600001 0.755 1.3200001 13
-2.2490001 1.75 2.45 62
-1.01 0.77399999 1.178 8
-0.98000002 0.73799998 1.226 32
-0.986 0.73100001 1.3150001 10
-2.2920001 1.699 2.451 63
-1.0420001 0.76099998 1.194 3
-0.97600001 0.70200002 1.202 11
-1.876 1.332 2.47 66
-2.3329999 1.646 2.45 58
-1.041 0.72500002 1.174 1
-2.03 1.395 2.4630001 75
-1.896 1.289 2.4649999 66
-2.3759999 1.5930001 2.451 67
-2.2149999 1.469 2.4579999 70
-2.059 1.35 2.464 79
-1.921 1.249 2.4660001 68
-2.4159999 1.539 2.4530001 64
-2.247 1.418 2.457 66
-2.0899999 1.307 2.4679999 73
-1.947 1.21 2.4719999 73
-2.4530001 1.483 2.4519999 62
-2.2850001 1.3710001 2.464 74
-2.119 1.263 2.4719999 72
-1.965 1.166 2.4679999 66
-2.493 1.428 2.4549999 66
-2.3099999 1.316 2.457 69
-2.1429999 1.215 2.47 73
-1.988 1.125 2.47 67
-2.527 1.369 2.454 65
-2.339 1.2640001 2.457 67
-2.1689999 1.169 2.4719999 71
-2.0139999 1.085 2.4760001 75
-2.5599999 1.311 2.454 67
-2.3740001 1.214 2.464 72
-2.1930001 1.122 2.4719999 76
-1.045 0.53600001 1.273 7
-2.598 1.2539999 2.46 66
-2.391 1.155 2.4530001 112
-1.1160001 0.54100001 1.245 1
-1.056 0.514 1.275 9
-2.628 1.193 2.46 69
-2.4089999 1.098 2.4449999 45
-1.133 0.51899999 1.252 1
-1.061 0.49000001 1.27 17
-2.655 1.131 2.4579999 71
-2.3959999 1.028 2.408 150
-2.2609999 0.97799999 2.4760001 74
-1.067 0.46700001 1.266 24
-2.6919999 1.073 2.467 62
-2.4820001 0.99900001 2.471 70
-2.2839999 0.93000001 2.48 62
-1.072 0.44299999 1.262 3
-2.717 1.01 2.467 67
-2.5020001 0.94199997 2.4690001 75
-2.303 0.88099998 2.48 60
-2.119 0.82499999 2.4779999 70
-2.7360001 0.94400001 2.4619999 63
-2.529 0.88700002 2.4749999 75
-2.3199999 0.82999998 2.48 61
-2.1300001 0.77999997 2.474 63
-2.763 0.88200003 2.4660001 61
-2.5469999 0.82999998 2.474 74
-2.3369999 0.77999997 2.4809999 60
-2.1489999 0.73699999 2.48 65
-2.7820001 0.81699997 2.4649999 64
-2.5639999 0.77200001 2.4719999 69
-2.3559999 0.73000002 2.484 69
-2.1600001 0.69199997 2.4779999 58
-2.7980001 0.75 2.4630001 68
-2.585 0.71499997 2.477 72
-2.365 0.67799997 2.4779999 72
-2.171 0.64700001 2.4760001 63
-2.825 0.68699998 2.471 68
-2.599 0.65600002 2.4749999 75
-2.3770001 0.62699997 2.477 68
-2.187 0.60299999 2.4809999 63
-2.8380001 0.62099999 2.4690001 68
-2.6140001 0.59799999 2.477 80
-2.3970001 0.57700002 2.4860001 72
-2.1960001 0.55800003 2.48 60
-2.852 0.55400002 2.4690001 66
-2.6300001 0.54000002 2.48 73
-2.408 0.52499998 2.4849999 69
-2.2090001 0.51300001 2.483 66
-2.8699999 0.48899999 2.4749999 63
-2.642 0.47999999 2.48 75
-2.4189999 0.47299999 2.4860001 70
-2.221 0.46799999 2.4860001 67
-2.881 0.421 2.4749999 60
-2.652 0.421 2.48 72
-2.4349999 0.42199999 2.493 70
-2.2290001 0.42199999 2.487 58
-2.8929999 0.354 2.4779999 66
-2.6619999 0.36199999 2.483 74
-2.444 0.37 2.494 73
-2.237 0.37599999 2.487 62
-2.9030001 0.287 2.4809999 73
-2.6700001 0.30199999 2.483 74
-2.448 0.317 2.4909999 66
-2.244 0.33000001 2.487 65
-2.904 0.219 2.477 70
-2.675 0.242 2.483 72
-2.4579999 0.26499999 2.4960001 72
-2.2550001 0.285 2.4920001 52
-2.9119999 0.152 2.4809999 63
-2.684 0.182 2.4879999 70
-2.461 0.212 2.494 70
-2.26 0.23800001 2.4920001 57
-2.915 0.083999999 2.483 66
-2.687 0.122 2.4879999 71
-2.464 0.15800001 2.4920001 62
-2.2639999 0.191 2.4920001 57
-2.9200001 0.016000001 2.487 66
-2.691 0.061000001 2.49 69
-2.47 0.106 2.4960001 70
-2.2679999 0.145 2.4909999 58
-2.918 -0.050999999 2.487 68
-2.6900001 0.001 2.4890001 64
-2.4719999 0.052999999 2.4960001 72
-2.2709999 0.097999997 2.4909999 58
-2.921 -0.118 2.493 63
-2.6960001 -0.057999998 2.4960001 59
-2.4719999 0 2.4949999 68
-2.279 0.050999999 2.4979999 56
-2.918 -0.186 2.4949999 65
-2.694 -0.119 2.4960001 59
-2.477 -0.052999999 2.5009999 62
-2.2780001 0.0040000002 2.4960001 51
-2.904 -0.25299999 2.4890001 59
-2.694 -0.17900001 2.5009999 62
-2.4779999 -0.106 2.5039999 58
-2.2780001 -0.041999999 2.4960001 49
-2.9000001 -0.31999999 2.493 68
-2.6900001 -0.23899999 2.5020001 64
-2.4749999 -0.16 2.5039999 66
-2.2839999 -0.089000002 2.5020001 52
-2.8889999 -0.38699999 2.493 63
-2.681 -0.29899999 2.4990001 66
-2.4760001 -0.213 2.5090001 60
-2.2869999 -0.13699999 2.506 53
-2.8770001 -0.45300001 2.493 61
-2.6730001 -0.359 2.5 65
-2.4679999 -0.266 2.506 63
-2.2839999 -0.184 2.506 54
-2.8659999 -0.51999998 2.4960001 60
-2.664 -0.419 2.5009999 65
-2.461 -0.31900001 2.5039999 70
-2.2869999 -0.23199999 2.5109999 63
-2.8499999 -0.58499998 2.4949999 61
-2.6530001 -0.47799999 2.5009999 63
-2.4549999 -0.37200001 2.5050001 64
-2.2820001 -0.28 2.51 55
-2.839 -0.65100002 2.5 55
-2.6429999 -0.537 2.503 62
-2.447 -0.42500001 2.506 64
-2.277 -0.32699999 2.51 60
-2.8269999 -0.71700001 2.506 57
-2.631 -0.59600002 2.5050001 63
-2.438 -0.47799999 2.5050001 66
-2.2720001 -0.375 2.51 64
-2.8069999 -0.78100002 2.507 59
-2.6170001 -0.65499997 2.5050001 63
-2.4319999 -0.53100002 2.5090001 68
-2.2650001 -0.42300001 2.5090001 63
-2.7880001 -0.84500003 2.51 62
-2.6070001 -0.71399999 2.5120001 67
-2.421 -0.58399999 2.5090001 66
-2.2520001 -0.46900001 2.503 53
-2.767 -0.90799999 2.5109999 61
-2.5899999 -0.77200001 2.5120001 65
-2.4070001 -0.63599998 2.5079999 63
-2.25 -0.51800001 2.5090001 55
-2.7420001 -0.97100002 2.5120001 60
-2.569 -0.829 2.51 59
-2.401 -0.69099998 2.516 66
-2.24 -0.565 2.507 60
-2.717 -1.0319999 2.513 62
-2.5580001 -0.88800001 2.5190001 61
-2.392 -0.74400002 2.5220001 64
-2.234 -0.61400002 2.5120001 57
-2.697 -1.096 2.52 56
-2.533 -0.94400001 2.516 55
-2.3759999 -0.796 2.5209999 62
-2.224 -0.662 2.5120001 55
-2.664 -1.154 2.517 56
-2.5109999 -0.99900001 2.517 54
-2.3629999 -0.84899998 2.5250001 68
-2.2149999 -0.71100003 2.5150001 49
-2.6389999 -1.215 2.5220001 54
-2.4909999 -1.056 2.5209999 62
-2.342 -0.89899999 2.5220001 63
-2.204 -0.759 2.516 51
-2.6110001 -1.275 2.526 49
-2.4660001 -1.1109999 2.5220001 63
-2.326 -0.95099998 2.5239999 68
-2.1960001 -0.80800003 2.5220001 55
-2.5799999 -1.334 2.529 47
-2.437 -1.164 2.5190001 55
-2.3069999 -1.002 2.5250001 67
-2.181 -0.85600001 2.5220001 54
-2.5469999 -1.391 2.5309999 47
-2.415 -1.22 2.5250001 56
-2.2880001 -1.053 2.527 61
-2.168 -0.90399998 2.5239999 56
-2.5150001 -1.448 2.5350001 46
-2.3889999 -1.274 2.527 51
-2.2679999 -1.104 2.529 66
-2.155 -0.95300001 2.527 58
-2.474 -1.501 2.5320001 47
-2.3570001 -1.325 2.5250001 47
-2.2479999 -1.155 2.533 62
-2.1370001 -1 2.526 64
-2.437 -1.5549999 2.5339999 44
-2.332 -1.38 2.5320001 50
-2.2219999 -1.204 2.53 61
-2.118 -1.046 2.5239999 63
-2.3970001 -1.607 2.5339999 44
-2.299 -1.4299999 2.5309999 46
-2.198 -1.253 2.5320001 59
-2.1029999 -1.095 2.529 57
-2.3570001 -1.658 2.5350001 34
-2.263 -1.478 2.5280001 45
-2.175 -1.304 2.536 52
-2.0829999 -1.142 2.5280001 55
-2.316 -1.7079999 2.5350001 36
-2.2290001 -1.527 2.529 40
-2.1489999 -1.353 2.5369999 55
-2.0610001 -1.189 2.5280001 60
-2.277 -1.761 2.5409999 37
-2.1960001 -1.577 2.5320001 43
-2.122 -1.401 2.5380001 47
-2.0420001 -1.237 2.5309999 62
-2.2349999 -1.8099999 2.543 38
-2.161 -1.626 2.533 38
-2.095 -1.449 2.54 44
-1.967 -1.25 2.4649999 150
-2.1900001 -1.857 2.5439999 43
-2.1259999 -1.674 2.5369999 40
-2.0599999 -1.493 2.536 50
-1.839 -1.225 2.332 45
-2.148 -1.905 2.5480001 45
-2.0810001 -1.714 2.5280001 43
-1.877 -1.423 2.345 41
-1.818 -1.2690001 2.335 39
-2.0969999 -1.9450001 2.5439999 66
-1.8940001 -1.633 2.346 40
-1.842 -1.461 2.339 33
-1.793 -1.3099999 2.332 40
-1.881 -1.825 2.335 40
-1.855 -1.671 2.3429999 36
-1.811 -1.502 2.3380001 34
-1.77 -1.352 2.3340001 38
-1.8380001 -1.864 2.3369999 45
-1.816 -1.71 2.3429999 40
-1.778 -1.541 2.335 37
-1.743 -1.393 2.3329999 37
-1.793 -1.901 2.3380001 49
-1.776 -1.748 2.342 43
-1.749 -1.585 2.3399999 40
-1.715 -1.433 2.3299999 36
-1.747 -1.938 2.3380001 52
-1.739 -1.788 2.345 43
-1.7180001 -1.626 2.3429999 39
-1.692 -1.477 2.336 37
-1.706 -1.979 2.346 49
-1.699 -1.827 2.3469999 46
-1.6849999 -1.666 2.3440001 39
-1.669 -1.523 2.3429999 36
-1.659 -2.013 2.3469999 46
-1.658 -1.863 2.3469999 46
-1.658 -1.7130001 2.3559999 45
-1.64 -1.563 2.3440001 39
-1.613 -2.049 2.3510001 48
-1.62 -1.903 2.3529999 39
-1.624 -1.753 2.359 32
-1.613 -1.607 2.349 34
-1.568 -2.0840001 2.3559999 53
-1.58 -1.941 2.3570001 48
-1.587 -1.79 2.358 54
-1.582 -1.647 2.3499999 34
-1.5190001 -2.115 2.358 51
-1.5369999 -1.975 2.358 49
-1.548 -1.825 2.3559999 46
-1.553 -1.689 2.3540001 48
-1.4680001 -2.142 2.3559999 49
-1.494 -2.01 2.3599999 48
-1.511 -1.863 2.359 50
-1.5190001 -1.728 2.3529999 47
-1.421 -2.175 2.362 48
-1.449 -2.0409999 2.3610001 47
-1.47 -1.897 2.3570001 51
-1.4859999 -1.767 2.355 51
-1.373 -2.2060001 2.368 55
-1.401 -2.069 2.3570001 45
-1.4349999 -1.938 2.365 51
-1.45 -1.804 2.3540001 46
-1.322 -2.233 2.3699999 53
-1.358 -2.102 2.362 46
-1.393 -1.971 2.3640001 51
-1.4170001 -1.846 2.3599999 54
-1.271 -2.257 2.3710001 49
-1.311 -2.132 2.3640001 43
-1.349 -2.0009999 2.3610001 49
-1.38 -1.881 2.358 47
-1.219 -2.2809999 2.372 51
-1.262 -2.1570001 2.3610001 44
-1.309 -2.036 2.3640001 49
-1.342 -1.918 2.359 49
-1.165 -2.2980001 2.368 49
-1.216 -2.187 2.365 42
-1.268 -2.073 2.3699999 45
-1.304 -1.956 2.3610001 48
-1.113 -2.3210001 2.3710001 48
-1.17 -2.2160001 2.369 42
-1.22 -2.096 2.362 45
-1.266 -1.993 2.3640001 52
-1.059 -2.3369999 2.368 39
-1.122 -2.244 2.3729999 47
-1.178 -2.1300001 2.3670001 44
-1.224 -2.027 2.3640001 46
-1.005 -2.3529999 2.3670001 47
-1.071 -2.2650001 2.3699999 41
-1.133 -2.1600001 2.369 43
-1.182 -2.0610001 2.3640001 50
-0.95200002 -2.372 2.369 44
-1.02 -2.2839999 2.3670001 45
-1.084 -2.184 2.3629999 39
-1.14 -2.0940001 2.365 53
-0.89700001 -2.382 2.365 47
-0.96799999 -2.302 2.3640001 43
-1.038 -2.2130001 2.3659999 39
-1.097 -2.128 2.3659999 42
-0.84399998 -2.395 2.365 42
-0.91900003 -2.326 2.368 43
-0.991 -2.24 2.3670001 42
-1.053 -2.161 2.368 37
-0.792 -2.414 2.3710001 47
-0.86699998 -2.3440001 2.368 42
-0.94199997 -2.2650001 2.3659999 43
-1.007 -2.191 2.368 39
-0.736 -2.421 2.3659999 45
-0.81599998 -2.362 2.368 43
-0.89399999 -2.2909999 2.369 40
-0.96200001 -2.223 2.3699999 39
-0.68300003 -2.4330001 2.369 46
-0.76300001 -2.378 2.3670001 44
-0.84399998 -2.3139999 2.369 40
-0.91399997 -2.2509999 2.369 43
-0.62900001 -2.4400001 2.3670001 42
-0.71200001 -2.395 2.369 42
-0.79400003 -2.3369999 2.3699999 45
-0.866 -2.28 2.3699999 46
-0.57599998 -2.451 2.369 44
-0.65899998 -2.4089999 2.368 44
-0.74400002 -2.3610001 2.3729999 45
-0.81699997 -2.309 2.372 44
-0.52200001 -2.4590001 2.3710001 44
-0.60600001 -2.424 2.3699999 44
-0.69300002 -2.3829999 2.3740001 43
-0.76700002 -2.335 2.372 46
-0.46799999 -2.4649999 2.3710001 38
-0.55299997 -2.437 2.3699999 44
-0.64099997 -2.402 2.3740001 43
-0.71700001 -2.3640001 2.3759999 39
-0.41499999 -2.47 2.372 42
-0.49900001 -2.444 2.3670001 40
-0.58899999 -2.4230001 2.3770001 47
-0.66399997 -2.3840001 2.3710001 43
-0.36199999 -2.4760001 2.3740001 43
-0.44600001 -2.457 2.3699999 43
-0.53399998 -2.4330001 2.3710001 43
-0.61199999 -2.408 2.372 44
-0.308 -2.4749999 2.372 44
-0.39300001 -2.47 2.3740001 48
-0.48100001 -2.45 2.372 40
-0.55900002 -2.4319999 2.3740001 43
-0.255 -2.4790001 2.375 44
-0.338 -2.473 2.369 44
-0.42699999 -2.4679999 2.375 43
-0.505 -2.4519999 2.3729999 41
-0.20200001 -2.4809999 2.3759999 43
-0.285 -2.4849999 2.3740001 48
-0.37200001 -2.48 2.3740001 42
-0.449 -2.467 2.369 40
-0.149 -2.4820001 2.3789999 43
-0.23 -2.487 2.3710001 44
-0.317 -2.49 2.3710001 43
-0.39500001 -2.4920001 2.375 50
-0.096000001 -2.477 2.3770001 47
-0.176 -2.4920001 2.3710001 45
-0.26199999 -2.5050001 2.3740001 43
-0.338 -2.507 2.3729999 50
-0.043000001 -2.471 2.3729999 41
-0.122 -2.4949999 2.372 45
-0.206 -2.5120001 2.372 43
-0.28099999 -2.5239999 2.3729999 43
0.0080000004 -2.474 2.381 47
-0.067000002 -2.497 2.3710001 46
-0.15000001 -2.5220001 2.3729999 47
-0.22400001 -2.5420001 2.3770001 45
0.059999999 -2.467 2.3789999 51
-0.013 -2.4979999 2.3710001 44
-0.093000002 -2.526 2.3699999 44
-0.16599999 -2.5539999 2.375 45
0.112 -2.4579999 2.3759999 39
0.039999999 -2.5009999 2.375 51
-0.037 -2.536 2.3729999 47
-0.107 -2.5639999 2.3729999 48
0.164 -2.4560001 2.382 42
0.094999999 -2.5 2.375 50
0.018999999 -2.5380001 2.3710001 48
-0.046999998 -2.5780001 2.375 52
0.215 -2.4389999 2.3740001 44
0.149 -2.494 2.3710001 45
0.077 -2.5420001 2.3699999 48
0.011 -2.5869999 2.3740001 47
0.266 -2.431 2.375 43
0.20299999 -2.494 2.375 50
0.134 -2.5420001 2.368 46
0.071999997 -2.595 2.3729999 56
0.31600001 -2.424 2.378 43
0.25799999 -2.4879999 2.3740001 50
0.192 -2.54 2.365 47
0.133 -2.609 2.3800001 44
0.36500001 -2.405 2.3699999 43
0.31099999 -2.4790001 2.3710001 44
0.25 -2.5480001 2.372 50
0.19400001 -2.6129999 2.3789999 50
0.41499999 -2.3940001 2.372 43
0.36500001 -2.4719999 2.3710001 44
0.308 -2.5439999 2.3699999 49
0.25600001 -2.6159999 2.378 43
0.465 -2.382 2.3729999 43
0.419 -2.4660001 2.3729999 49
0.36500001 -2.539 2.3670001 51
0.31799999 -2.619 2.378 52
0.51300001 -2.368 2.3729999 40
0.47400001 -2.46 2.3759999 47
0.42500001 -2.5420001 2.3740001 56
0.38100001 -2.6210001 2.378 46
0.56199998 -2.352 2.372 40
0.52600002 -2.4460001 2.372 49
0.48199999 -2.5309999 2.368 46
0.44400001 -2.619 2.3770001 52
0.61000001 -2.3380001 2.3729999 42
0.57999998 -2.437 2.3740001 45
0.54100001 -2.526 2.369 46
0.50700003 -2.618 2.378 48
0.65899998 -2.325 2.3770001 39
0.63099998 -2.4189999 2.369 45
0.59799999 -2.517 2.368 50
0.56999999 -2.6159999 2.3789999 47
0.42199999 -1.378 1.419 2
0.68599999 -2.4119999 2.3759999 40
0.65700001 -2.5079999 2.368 48
0.634 -2.6099999 2.378 52
0.45199999 -1.375 1.428 2
0.42399999 -1.376 1.363 2
0.71600002 -2.5 2.3710001 32
0.69800001 -2.6059999 2.3800001 50
0.48300001 -1.3710001 1.436 2
0.45500001 -1.37 1.3660001 2
0.43000001 -1.382 1.317 2
0.764 -2.6070001 2.388 7
0.51700002 -1.375 1.4529999 2
0.491 -1.378 1.3839999 2
0.46599999 -1.388 1.33 2
0.44100001 -1.382 1.271 3
0.55000001 -1.376 1.467 2
0.52700001 -1.382 1.399 2
0.50199997 -1.3890001 1.3380001 2
0.477 -1.382 1.276 2
0.58600003 -1.382 1.488 2
0.56099999 -1.38 1.408 2
0.53899997 -1.392 1.349 2
0.51499999 -1.386 1.2869999 2
0.61699998 -1.376 1.497 2
0.59500003 -1.378 1.418 2
0.57700002 -1.395 1.362 2
0.55299997 -1.387 1.294 2
0.65799999 -1.39 1.527 2
0.63099998 -1.378 1.432 2
0.61400002 -1.3940001 1.372 2
0.59200001 -1.3890001 1.3049999 2
0.69300002 -1.387 1.5420001 1
0.671 -1.386 1.4529999 2
0.653 -1.396 1.385 2
0.63200003 -1.391 1.316 2
0.727 -1.383 1.5549999 2
0.70999998 -1.3890001 1.471 2
0.69099998 -1.393 1.3940001 2
0.67000002 -1.386 1.321 2
1.146 -2.075 2.362 22
0.75099999 -1.393 1.492 2
0.73699999 -1.404 1.419 2
0.71200001 -1.388 1.334 2
1.189 -2.053 2.3659999 36
0.79000002 -1.391 1.507 2
0.77899998 -1.406 1.4349999 2
0.76099998 -1.402 1.36 2
1.228 -2.0220001 2.3610001 44
0.83399999 -1.397 1.5319999 2
0.81800002 -1.399 1.444 2
0.80400002 -1.4 1.3710001 2
1.271 -1.999 2.3659999 44
0.87199998 -1.391 1.545 1
0.866 -1.4069999 1.469 2
0.85100001 -1.404 1.391 2
1.302 -1.957 2.348 4
0.91799998 -1.396 1.571 0
0.912 -1.408 1.488 0
0.898 -1.406 1.408 2
1.354 -1.947 2.3710001 10
0 0 0 0
0.95899999 -1.409 1.51 0
0.95499998 -1.418 1.438 1
1.385 -1.906 2.3570001 16
0 0 0 0
1.017 -1.423 1.546 0
1.002 -1.415 1.454 0
1.424 -1.877 2.358 35
1.529 -2.023 2.3789999 4
1.063 -1.418 1.563 0
1.0549999 -1.4170001 1.477 0
1.461 -1.846 2.358 38
1.569 -1.985 2.3710001 10
1.655 -2.1059999 2.3570001 11
1.1109999 -1.421 1.503 0
1.503 -1.8200001 2.3640001 45
1.602 -1.939 2.3559999 9
1.705 -2.0710001 2.3559999 46
1.175 -1.432 1.539 0
1.539 -1.788 2.3640001 46
1.649 -1.909 2.3599999 39
1.76 -2.04 2.3610001 48
1.2359999 -1.4349999 1.569 0
1.571 -1.75 2.3570001 41
1.693 -1.876 2.362 43
1.8099999 -2.003 2.3610001 52
1.913 -2.1170001 2.3559999 20
1.607 -1.7180001 2.358 40
1.737 -1.842 2.3640001 47
1.8559999 -1.962 2.358 49
1.988 -2.0969999 2.3800001 44
1.647 -1.689 2.365 46
1.773 -1.8 2.358 44
1.908 -1.927 2.362 42
2.0350001 -2.0469999 2.3699999 49
1.674 -1.648 2.355 44
1.8200001 -1.7690001 2.365 48
1.952 -1.883 2.3570001 46
2.089 -2.003 2.369 45
1.714 -1.619 2.3640001 46
1.859 -1.729 2.3640001 48
1.998 -1.841 2.3559999 43
2.1429999 -1.959 2.3699999 46
1.7460001 -1.582 2.362 45
1.897 -1.689 2.3629999 48
2.043 -1.7970001 2.3559999 47
2.194 -1.9119999 2.369 45
1.776 -1.543 2.358 49
1.9349999 -1.649 2.362 51
2.0829999 -1.75 2.3510001 48
2.2420001 -1.862 2.3659999 46
1.811 -1.5089999 2.362 48
1.971 -1.6059999 2.3599999 49
2.1270001 -1.705 2.3499999 47
2.2909999 -1.812 2.365 52
1.839 -1.469 2.358 49
2.007 -1.564 2.358 48
2.1689999 -1.658 2.3499999 47
2.336 -1.7589999 2.3610001 50
1.869 -1.431 2.3570001 50
2.043 -1.52 2.358 50
2.21 -1.6109999 2.349 47
2.3829999 -1.707 2.3599999 50
1.903 -1.395 2.3610001 51
2.0769999 -1.477 2.3570001 52
2.247 -1.5599999 2.345 48
2.427 -1.652 2.358 47
1.9299999 -1.355 2.359 53
2.1099999 -1.432 2.355 52
2.2880001 -1.511 2.346 50
2.4749999 -1.6 2.3610001 55
1.952 -1.311 2.3510001 40
2.145 -1.388 2.3559999 57
2.325 -1.46 2.345 52
2.5150001 -1.5420001 2.3570001 49
1.985 -1.274 2.3570001 53
2.175 -1.34 2.3529999 49
2.359 -1.4069999 2.3410001 49
2.5599999 -1.487 2.3599999 53
2.0120001 -1.233 2.3559999 52
2.207 -1.294 2.3540001 59
2.395 -1.355 2.3399999 43
2.595 -1.426 2.355 53
2.039 -1.192 2.355 52
2.2349999 -1.2460001 2.3510001 58
2.4360001 -1.3049999 2.346 59
2.635 -1.367 2.3559999 45
2.0669999 -1.151 2.358 53
2.2639999 -1.197 2.3499999 61
2.464 -1.248 2.3410001 55
2.6730001 -1.307 2.3559999 50
2.0880001 -1.107 2.3529999 55
2.293 -1.149 2.3499999 64
2.494 -1.192 2.339 54
2.707 -1.245 2.3540001 55
2.1110001 -1.063 2.3510001 53
2.3180001 -1.098 2.3469999 62
2.523 -1.136 2.3369999 60
2.7390001 -1.181 2.3499999 55
2.1340001 -1.02 2.3499999 53
2.345 -1.049 2.3469999 65
2.5539999 -1.079 2.3369999 60
2.773 -1.118 2.352 52
2.161 -0.97799999 2.3540001 64
2.369 -0.99800003 2.345 65
2.5799999 -1.021 2.335 60
2.8010001 -1.052 2.348 51
2.178 -0.93099999 2.348 56
2.395 -0.94700003 2.346 67
2.608 -0.96399999 2.335 66
2.832 -0.98799998 2.349 61
2.2049999 -0.88800001 2.3529999 60
2.415 -0.89399999 2.342 68
2.6270001 -0.90200001 2.3280001 65
2.8559999 -0.921 2.346 60
2.2190001 -0.83999997 2.346 58
2.4360001 -0.84100002 2.3399999 70
2.6530001 -0.84399998 2.3299999 65
2.882 -0.85399997 2.345 57
2.237 -0.79400003 2.3429999 54
2.4579999 -0.78899997 2.3410001 71
2.6719999 -0.78200001 2.326 48
2.901 -0.78500003 2.3399999 61
2.2550001 -0.74800003 2.342 45
2.4760001 -0.73400003 2.3380001 66
2.6989999 -0.72299999 2.3299999 61
2.928 -0.71799999 2.3429999 71
2.2750001 -0.70099998 2.3429999 54
2.4909999 -0.68000001 2.3340001 68
2.7179999 -0.662 2.329 60
2.944 -0.648 2.339 58
2.2880001 -0.653 2.3380001 55
2.5090001 -0.625 2.3340001 65
2.7309999 -0.59899998 2.3239999 53
2.961 -0.57800001 2.336 65
2.3099999 -0.60699999 2.3429999 60
2.5239999 -0.56999999 2.3310001 64
2.7479999 -0.53600001 2.323 62
2.9779999 -0.50800002 2.336 72
2.3210001 -0.55699998 2.3380001 52
2.5369999 -0.514 2.329 63
2.763 -0.47400001 2.322 61
2.99 -0.43799999 2.3329999 63
2.3369999 -0.509 2.3369999 58
2.552 -0.45899999 2.3280001 64
2.776 -0.41 2.3210001 59
2.9990001 -0.366 2.329 58
2.348 -0.46000001 2.335 51
2.5639999 -0.403 2.326 71
2.7839999 -0.347 2.3169999 62
0 0 0 0
2.362 -0.41100001 2.3340001 58
2.5739999 -0.34599999 2.3239999 72
2.78 -0.28200001 2.3050001 19
0 0 0 0
2.3729999 -0.361 2.332 59
2.585 -0.28999999 2.323 68
2.7880001 -0.21699999 2.302 14
0 0 0 0
2.3829999 -0.31 2.3299999 55
2.5929999 -0.23199999 2.3210001 69
2.789 -0.153 2.296 14
0 0 0 0
2.392 -0.25999999 2.3280001 57
2.5969999 -0.175 2.316 62
2.7980001 -0.089000002 2.2980001 18
0.58700001 -0.001 0.449 1
2.4030001 -0.20999999 2.329 52
2.6059999 -0.117 2.3169999 73
2.802 -0.024 2.2969999 23
0.56999999 0.011 0.43599999 3
2.4100001 -0.15800001 2.326 48
2.6110001 -0.059999999 2.316 69
2.8139999 0.039000001 2.3039999 29
0.56599998 0.024 0.433 4
2.4170001 -0.107 2.326 57
2.612 -0.0020000001 2.312 71
2.8099999 0.103 2.299 33
0.56300002 0.037999999 0.43099999 4
2.4200001 -0.055 2.3210001 52
2.6140001 0.055 2.3099999 74
2.809 0.168 2.2969999 35
0.57200003 0.052000001 0.43799999 9
2.428 -0.003 2.322 56
2.6140001 0.114 2.3080001 72
0 0 0 0
0.56099999 0.064000003 0.43000001 11
2.4300001 0.048 2.319 55
2.615 0.17200001 2.3069999 69
0.58700001 0.061999999 0.48100001 0
0.55800003 0.077 0.428 8
2.431 0.101 2.316 56
2.6159999 0.23100001 2.3069999 75
0.54900002 0.071000002 0.44999999 3
0.55500001 0.090000004 0.42699999 9
2.4360001 0.154 2.3169999 51
2.6129999 0.289 2.3050001 64
0.55199999 0.083999999 0.45300001 8
0.55299997 0.103 0.42699999 10
2.4360001 0.207 2.3139999 51
2.6040001 0.347 2.299 71
0.54799998 0.096000001 0.45100001 8
0.54699999 0.116 0.42500001 10
2.4360001 0.25999999 2.313 55
0 0 0 0
0.54799998 0.109 0.45300001 9
0.54000002 0.127 0.421 9
2.438 0.31400001 2.3139999 54
0.537 0.096000001 0.47499999 4
0.54000002 0.121 0.44800001 6
0.542 0.142 0.42500001 10
2.4349999 0.368 2.312 51
0.53500003 0.108 0.47499999 8
0.54100001 0.134 0.44999999 8
0.54000002 0.154 0.42500001 10
2.4300001 0.421 2.309 52
0.53200001 0.12 0.47400001 9
0.53600001 0.146 0.449 7
0.53500003 0.167 0.42500001 10
2.431 0.47600001 2.313 50
0.52700001 0.131 0.47099999 9
0.537 0.16 0.45199999 8
0.53500003 0.18099999 0.428 10
0 0 0 0
0.528 0.14399999 0.47400001 10
0.53200001 0.17200001 0.44999999 8
0.53399998 0.19400001 0.43000001 10
0.528 0.127 0.50400001 3
0.528 0.15700001 0.47600001 6
0.53100002 0.185 0.45199999 8
0.53299999 0.208 0.433 10
0.51300001 0.13600001 0.491 4
0.52200001 0.168 0.47299999 6
0.52600002 0.19599999 0.45100001 8
0.52999997 0.221 0.435 9
0.523 0.15099999 0.50199997 6
0.52100003 0.18000001 0.47400001 7
0.52999997 0.212 0.458 8
0.53100002 0.237 0.44 9
0.52100003 0.163 0.50199997 7
0.52499998 0.19499999 0.48100001 6
0.52999997 0.226 0.46200001 8
0.53600001 0.25400001 0.449 9
0.51899999 0.175 0.50099999 8
0.52200001 0.208 0.48199999 6
0.52399999 0.23800001 0.461 7
0.53600001 0.27000001 0.454 9
0.51999998 0.18799999 0.505 7
0.52200001 0.221 0.48500001 7
0.528 0.255 0.46900001 7
0.537 0.28600001 0.46000001 8
0.51800001 0.2 0.50599998 8
0.51999998 0.234 0.486 6
0.52899998 0.27000001 0.47499999 6
0.54400003 0.30599999 0.472 6
0.51499999 0.212 0.50599998 8
0.52200001 0.249 0.493 6
0.53200001 0.287 0.48300001 6
0.54299998 0.322 0.47799999 5
0.51700002 0.227 0.51099998 7
0.51999998 0.26300001 0.495 6
0.53399998 0.30399999 0.491 4
0.55400002 0.34599999 0.49399999 5
0.514 0.23899999 0.51200002 7
0.52399999 0.28 0.50400001 4
0.54000002 0.324 0.50199997 4
2.503 1.648 2.2679999 10
0.51899999 0.25600001 0.51999998 6
0.528 0.29800001 0.51300001 4
2.414 1.526 2.276 9
2.467 1.707 2.2709999 76
0.51599997 0.26899999 0.52100003 1
2.3199999 1.378 2.279 5
2.3699999 1.575 2.267 61
2.418 1.758 2.2639999 70
2.2420001 1.233 2.283 10
2.289 1.431 2.2750001 78
2.3299999 1.626 2.2609999 63
2.3770001 1.813 2.2639999 54
2.22 1.2869999 2.283 54
2.2579999 1.483 2.2720001 66
2.289 1.676 2.257 56
2.3299999 1.864 2.2609999 63
2.198 1.341 2.2820001 58
2.2260001 1.535 2.27 66
2.2590001 1.735 2.2639999 61
2.2839999 1.915 2.26 58
2.1700001 1.392 2.277 56
2.197 1.589 2.2709999 69
2.2190001 1.785 2.2620001 59
2.237 1.966 2.2590001 60
2.1500001 1.449 2.2809999 58
2.1600001 1.638 2.266 64
2.171 1.83 2.253 57
2.188 2.013 2.256 61
2.122 1.501 2.279 55
2.1259999 1.689 2.2639999 65
2.1359999 1.886 2.26 59
2.141 2.062 2.2579999 64
2.092 1.551 2.2750001 51
2.0910001 1.7410001 2.2650001 76
2.089 1.931 2.2550001 64
2.086 2.1040001 2.2509999 62
2.063 1.603 2.2750001 61
2.0510001 1.7869999 2.26 67
2.043 1.976 2.2520001 58
2.04 2.1530001 2.256 59
2.0309999 1.654 2.2720001 56
2.0150001 1.837 2.2609999 63
2.0039999 2.0280001 2.2579999 60
1.984 2.1919999 2.25 71
1.9960001 1.702 2.267 55
1.978 1.887 2.2620001 68
1.9579999 2.073 2.257 62
1.932 2.2349999 2.25 60
1.962 1.752 2.2650001 58
1.936 1.933 2.2579999 66
1.904 2.1110001 2.2479999 56
1.8789999 2.277 2.25 51
1.926 1.801 2.2620001 61
1.891 1.975 2.253 60
1.86 2.158 2.2520001 68
1.824 2.3169999 2.25 50
1.888 1.847 2.257 63
1.855 2.029 2.26 63
1.809 2.197 2.2490001 45
1.766 2.3499999 2.244 61
1.854 1.899 2.26 59
1.809 2.0710001 2.256 46
1.758 2.237 2.247 58
1.711 2.388 2.2460001 64
1.816 1.947 2.2590001 53
1.76 2.108 2.25 52
1.705 2.2739999 2.2449999 59
1.65 2.418 2.24 65
1.776 1.994 2.257 52
1.717 2.155 2.2520001 65
1.653 2.3110001 2.243 52
1.592 2.45 2.2379999 71
1.7359999 2.0420001 2.257 54
1.67 2.197 2.2509999 63
1.598 2.346 2.24 52
1.535 2.4820001 2.2379999 68
1.691 2.0840001 2.253 55
1.622 2.237 2.25 57
1.546 2.3829999 2.2409999 58
1.476 2.5120001 2.237 63
1.647 2.128 2.25 59
1.572 2.276 2.2479999 57
1.4910001 2.415 2.2379999 60
1.4170001 2.5409999 2.2360001 61
1.604 2.174 2.2509999 53
1.522 2.313 2.2449999 57
1.432 2.4430001 2.233 57
1.357 2.5680001 2.2349999 66
1.556 2.214 2.2460001 56
1.469 2.348 2.2420001 58
1.3789999 2.477 2.2349999 58
1.295 2.5910001 2.2309999 73
1.507 2.2520001 2.2409999 55
1.4170001 2.3829999 2.24 59
1.3200001 2.503 2.23 60
1.234 2.6129999 2.2290001 64
1.46 2.2969999 2.2420001 57
1.365 2.4189999 2.2390001 57
1.263 2.5320001 2.2290001 50
1.173 2.635 2.227 71
1.4119999 2.339 2.2420001 50
1.3099999 2.451 2.2360001 58
1.206 2.5599999 2.2290001 59
1.1109999 2.654 2.2249999 65
1.359 2.3740001 2.237 49
1.257 2.487 2.2379999 50
1.149 2.589 2.2309999 57
1.05 2.675 2.2260001 65
1.309 2.415 2.2379999 59
1.199 2.513 2.2320001 60
1.0880001 2.608 2.2260001 50
0.99000001 2.697 2.2279999 56
1.2539999 2.447 2.2320001 47
1.143 2.5409999 2.2290001 60
1.03 2.6329999 2.2260001 55
0.926 2.7060001 2.221 72
1.201 2.484 2.2309999 56
1.0880001 2.575 2.2320001 60
0.97000003 2.655 2.2260001 54
0.86400002 2.724 2.2219999 69
1.146 2.5190001 2.2309999 61
1.028 2.598 2.227 53
0.91000003 2.674 2.224 52
0.80299997 2.7390001 2.223 71
1.09 2.553 2.2290001 51
0.97000003 2.6229999 2.2249999 56
0.85000002 2.6960001 2.2249999 52
0.74000001 2.7479999 2.22 69
1.033 2.5829999 2.2260001 53
0.912 2.651 2.227 59
0.78899997 2.7130001 2.224 56
0.676 2.7539999 2.2160001 51
0.97600001 2.6159999 2.2260001 57
0.852 2.6730001 2.224 60
0.727 2.7249999 2.22 56
0.616 2.7720001 2.2219999 69
0.91600001 2.645 2.224 54
0.79100001 2.694 2.2219999 61
0.667 2.7460001 2.224 51
0.55299997 2.776 2.2179999 67
0.85699999 2.6730001 2.2219999 54
0.73199999 2.721 2.2260001 58
0.60500002 2.7590001 2.224 54
0.491 2.783 2.2179999 61
0.79699999 2.704 2.223 52
0.671 2.744 2.227 50
0.542 2.7679999 2.22 55
0.42899999 2.789 2.2179999 61
0.73500001 2.73 2.2219999 57
0.60799998 2.756 2.2219999 60
0.48100001 2.7820001 2.223 53
0.36700001 2.79 2.2149999 62
0.67199999 2.75 2.217 44
0.546 2.7750001 2.223 54
0.41800001 2.789 2.22 58
0.30399999 2.789 2.2130001 57
0.61000001 2.7780001 2.22 53
0.48300001 2.789 2.22 55
0.35600001 2.7980001 2.22 56
0.243 2.793 2.2149999 66
0.546 2.7969999 2.2160001 53
0.419 2.799 2.217 56
0.29300001 2.8050001 2.22 57
0.18099999 2.7909999 2.2130001 61
0.48100001 2.8169999 2.2149999 49
0.35499999 2.8150001 2.2190001 57
0.23100001 2.809 2.2190001 58
0.12 2.7880001 2.211 65
0.41600001 2.839 2.2160001 52
0.29100001 2.826 2.2179999 59
0.168 2.809 2.2160001 62
0.059 2.7880001 2.214 64
0.34999999 2.8570001 2.2160001 53
0.227 2.832 2.214 57
0.105 2.813 2.217 55
-0.001 2.7850001 2.2149999 67
0.28200001 2.865 2.2090001 48
0.162 2.846 2.2179999 60
0.043000001 2.8139999 2.217 61
-0.061000001 2.779 2.214 64
0.21600001 2.8870001 2.214 55
0.097000003 2.849 2.214 50
-0.018999999 2.8110001 2.2149999 62
-0.121 2.776 2.217 64
0.148 2.905 2.217 54
0.032000002 2.8529999 2.2130001 61
-0.081 2.8099999 2.2149999 59
-0.18099999 2.767 2.2160001 71
0.079999998 2.908 2.21 49
-0.033 2.858 2.214 58
-0.14300001 2.803 2.2119999 56
-0.23999999 2.7509999 2.211 72
0.0099999998 2.924 2.2149999 57
-0.097999997 2.8610001 2.2130001 63
-0.206 2.8010001 2.214 63
-0.29899999 2.743 2.2130001 70
-0.057999998 2.9300001 2.2130001 59
-0.164 2.862 2.214 62
-0.26800001 2.799 2.217 65
-0.35699999 2.727 2.2090001 63
-0.12800001 2.937 2.2119999 53
-0.23 2.8629999 2.2149999 60
-0.33000001 2.793 2.2179999 63
-0.41499999 2.7160001 2.211 73
-0.198 2.9389999 2.21 56
-0.29499999 2.859 2.2130001 61
-0.39199999 2.7820001 2.2160001 62
-0.47299999 2.7049999 2.214 72
-0.26800001 2.9400001 2.2079999 55
-0.361 2.8529999 2.21 60
-0.45300001 2.773 2.217 60
-0.52999997 2.691 2.214 48
-0.338 2.938 2.2049999 53
-0.428 2.855 2.2160001 61
-0.51499999 2.7620001 2.217 46
-0.588 2.678 2.217 70
-0.41 2.941 2.2079999 55
-0.49399999 2.846 2.214 49
-0.57499999 2.747 2.2149999 51
-0.64399999 2.6630001 2.22 71
-0.48100001 2.937 2.2060001 46
-0.34099999 1.727 1.348 2
-0.63599998 2.7360001 2.2179999 46
-0.699 2.6389999 2.2149999 73
-0.32800001 1.744 1.312 16
-0.38100001 1.721 1.348 13
-0.69700003 2.724 2.22 64
-0.75400001 2.618 2.2149999 73
-0.36500001 1.717 1.293 33
-0.42199999 1.722 1.354 5
-0.75599998 2.704 2.2179999 62
-0.81 2.602 2.2190001 67
-0.40799999 1.714 1.295 19
-0.75599998 2.803 2.2130001 49
-0.81599998 2.6900001 2.221 66
-0.86299998 2.579 2.2179999 59
-0.45500001 1.729 1.311 11
-0.82300001 2.793 2.2179999 64
-0.875 2.671 2.221 63
-0.89499998 2.4979999 2.1670001 120
-0.84100002 2.911 2.2149999 55
-0.889 2.783 2.2219999 54
-0.93400002 2.6500001 2.2219999 63
-0.97100002 2.5380001 2.223 70
-0.91100001 2.8940001 2.211 56
-0.954 2.766 2.223 61
-0.99400002 2.635 2.227 60
-1.022 2.5090001 2.22 69
-0.98100001 2.875 2.2090001 53
-1.0190001 2.747 2.223 57
-1.051 2.6099999 2.2249999 59
-1.074 2.4849999 2.2219999 65
-1.054 2.862 2.2119999 57
-1.082 2.7260001 2.223 64
-1.1059999 2.5829999 2.223 55
-1.126 2.4619999 2.2249999 73
-1.151 2.9100001 2.2639999 150
-1.2180001 2.8729999 2.362 150
-1.25 2.7509999 2.391 150
-1.2460001 2.5780001 2.3570001 150
-1.2970001 3.0650001 2.402 63
-1.3099999 2.904 2.4089999 65
-1.319 2.7409999 2.408 59
-0.88499999 1.737 1.608 5
-1.374 3.0409999 2.402 56
-1.38 2.882 2.4130001 65
-0.88099998 1.733 1.54 4
-1.385 2.582 2.4200001 60
-1.451 3.0179999 2.404 58
-0.86400002 1.702 1.4400001 12
-1.45 2.7019999 2.428 72
-1.436 2.546 2.4170001 69
-0.86299998 1.691 1.36 42
-1.515 2.823 2.415 59
-1.512 2.674 2.4330001 63
-1.488 2.513 2.4189999 66
-1.601 2.9590001 2.405 56
-1.582 2.793 2.4170001 59
-1.5700001 2.6400001 2.434 64
-1.543 2.4849999 2.4260001 61
-1.677 2.931 2.4089999 55
-1.651 2.763 2.421 57
-1.6289999 2.609 2.438 65
-0.949 1.46 1.446 32
-1.753 2.9000001 2.4119999 55
-0.92400002 1.469 1.304 13
-0.958 1.462 1.386 27
-0.97899997 1.438 1.447 15
-1.832 2.8740001 2.4200001 65
-0.972 1.47 1.323 16
-1.742 2.5350001 2.4389999 55
-1.693 2.3789999 2.4319999 61
-1.905 2.8369999 2.4230001 58
-0.96399999 1.387 1.267 43
-0.889 1.2359999 1.2079999 2
-0.92000002 1.237 1.285 3
-1.982 2.8050001 2.4300001 55
-0.93400002 1.28 1.188 11
-0.93000001 1.234 1.226 19
-1.786 2.3 2.431 69
-2.0610001 2.773 2.4400001 57
-0.96200001 1.258 1.186 16
-1.901 2.4100001 2.4360001 64
-1.84 2.2690001 2.4419999 63
-2.1300001 2.727 2.438 57
-2.0450001 2.55 2.4449999 62
-1.962 2.3800001 2.4489999 70
-1.883 2.2249999 2.4400001 84
-2.2 2.6819999 2.4400001 56
-2.105 2.506 2.4460001 61
-2.0139999 2.336 2.4489999 71
-0.97299999 1.103 1.233 11
-2.2679999 2.635 2.441 58
-2.165 2.46 2.448 56
-2.0680001 2.296 2.454 66
-1.017 1.105 1.26 15
-2.3329999 2.5829999 2.4400001 58
-2.2219999 2.411 2.447 60
-2.1229999 2.256 2.461 62
-1.029 1.073 1.248 4
-2.395 2.5280001 2.437 59
-2.279 2.362 2.447 60
-2.168 2.2049999 2.457 62
-2.0580001 2.0580001 2.447 64
-2.46 2.4749999 2.438 56
-2.335 2.313 2.4489999 63
-2.22 2.1619999 2.4619999 68
-2.102 2.016 2.451 62
-2.5209999 2.418 2.437 57
-2.3929999 2.2639999 2.4530001 64
-2.2639999 2.1099999 2.46 60
-2.1389999 1.9680001 2.448 60
-2.5840001 2.3629999 2.4389999 56
-2.4430001 2.207 2.45 61
-2.309 2.0599999 2.4590001 60
-2.174 1.918 2.4449999 68
-2.6470001 2.3069999 2.4419999 57
-2.494 2.152 2.4489999 57
-2.3510001 2.007 2.4579999 58
-2.2130001 1.872 2.4460001 67
-2.7049999 2.247 2.4430001 56
-2.543 2.095 2.448 59
-2.3959999 1.957 2.46 67
-2.2550001 1.8279999 2.4519999 63
-2.7579999 2.181 2.4389999 57
-2.5929999 2.039 2.45 60
-2.4349999 1.902 2.457 63
-2.2869999 1.777 2.448 64
-2.8139999 2.119 2.441 59
-2.6400001 1.98 2.4489999 61
-2.4760001 1.849 2.457 62
-2.329 1.733 2.4560001 66
-2.8640001 2.052 2.4389999 59
-2.6860001 1.92 2.4489999 62
-2.5179999 1.796 2.46 66
-2.358 1.6799999 2.451 70
-2.9159999 1.9859999 2.4389999 57
-2.73 1.859 2.448 64
-2.5599999 1.743 2.4630001 65
-2.391 1.63 2.4519999 68
-2.9679999 1.92 2.441 58
-2.7720001 1.796 2.447 63
-2.5940001 1.6849999 2.46 60
-2.431 1.584 2.46 63
-3.0150001 1.85 2.4400001 58
-2.816 1.735 2.4489999 69
-2.635 1.631 2.4649999 62
-2.4560001 1.529 2.454 59
-3.059 1.778 2.4389999 58
-2.8640001 1.676 2.4560001 61
-2.665 1.571 2.461 58
-2.4860001 1.478 2.454 67
-3.1010001 1.705 2.437 61
-2.9030001 1.6109999 2.4560001 60
-2.701 1.5140001 2.4630001 64
-2.5150001 1.425 2.454 70
-3.1400001 1.631 2.4349999 58
-2.938 1.543 2.454 60
-2.734 1.455 2.4630001 65
-2.5439999 1.373 2.4560001 69
-3.177 1.5549999 2.431 58
-2.973 1.477 2.454 58
-2.766 1.396 2.464 66
-2.5699999 1.318 2.454 67
-3.2179999 1.482 2.434 60
-3.007 1.409 2.4530001 58
-2.7939999 1.335 2.4630001 63
-2.598 1.265 2.4560001 64
-3.253 1.405 2.4330001 59
-3.0420001 1.342 2.4560001 63
-2.823 1.274 2.4630001 65
-2.6240001 1.211 2.457 60
-3.286 1.3279999 2.4319999 58
-3.0780001 1.275 2.46 69
-2.8540001 1.214 2.4660001 64
-2.648 1.1569999 2.457 66
-3.322 1.253 2.4349999 58
-3.1040001 1.204 2.457 72
-2.8759999 1.15 2.4630001 65
-2.6730001 1.102 2.4590001 72
-3.3610001 1.177 2.441 57
-3.1270001 1.131 2.4530001 64
-2.9089999 1.09 2.47 67
-2.701 1.049 2.4649999 67
-3.3900001 1.098 2.441 56
-3.154 1.061 2.4549999 63
-2.937 1.029 2.474 64
-2.721 0.99199998 2.4630001 63
-3.4219999 1.02 2.4460001 58
-3.1919999 0.99299997 2.4649999 68
-2.9579999 0.96499997 2.474 63
-2.7420001 0.93599999 2.4649999 57
-1.1289999 0.30700001 0.801 1
-3.2160001 0.921 2.4660001 69
-2.98 0.90100002 2.4749999 62
-2.763 0.87900001 2.4660001 54
-1.155 0.285 0.81400001 6
-3.2379999 0.84899998 2.467 63
-3.003 0.83700001 2.477 65
-2.7780001 0.82099998 2.4630001 66
-1.1619999 0.25799999 0.815 1
-3.267 0.77700001 2.474 68
-3.02 0.77200001 2.477 68
-2.7980001 0.764 2.4660001 63
-1.16 0.229 0.80900002 14
-3.2839999 0.70300001 2.474 67
-3.0439999 0.70700002 2.4820001 72
-2.813 0.70599997 2.4660001 63
-1.159 0.20100001 0.80500001 4
-3.302 0.62900001 2.4760001 71
-3.063 0.64200002 2.4849999 74
-2.8369999 0.64899999 2.473 72
-1.171 0.175 0.81 19
-3.322 0.55500001 2.48 63
-3.076 0.57499999 2.4849999 70
-2.852 0.58999997 2.4749999 73
-1.1720001 0.147 0.80800003 5
-3.336 0.47999999 2.4809999 62
-3.096 0.509 2.49 69
-2.869 0.53200001 2.4779999 73
-1.174 0.119 0.80800003 24
-3.349 0.405 2.483 65
-3.1059999 0.442 2.4890001 67
-2.8789999 0.472 2.477 69
-1.1849999 0.092 0.81300002 6
-3.358 0.329 2.483 64
-3.1159999 0.375 2.4890001 68
-2.8959999 0.41299999 2.4820001 72
-1.182 0.064000003 0.81 6
-3.3640001 0.25299999 2.483 65
-3.1329999 0.308 2.4960001 68
-2.904 0.352 2.48 58
-1.183 0.035999998 0.81 5
-3.3759999 0.177 2.4879999 70
-3.1389999 0.23999999 2.4949999 69
-2.915 0.292 2.4820001 68
-1.191 0.0089999996 0.81599998 19
-3.3770001 0.101 2.4860001 63
-3.1429999 0.171 2.493 66
-2.924 0.23100001 2.484 74
-1.192 -0.017999999 0.81699997 4
-3.381 0.024 2.4879999 61
-3.1500001 0.103 2.4949999 63
-2.9330001 0.17 2.4860001 67
-1.192 -0.046 0.81800002 15
-3.391 -0.050999999 2.4949999 72
-3.155 0.034000002 2.497 63
-2.9349999 0.109 2.483 57
-1.202 -0.074000001 0.82599998 2
-3.3929999 -0.12800001 2.4979999 66
-3.158 -0.033 2.4979999 67
-2.9449999 0.046999998 2.4879999 66
-1.204 -0.103 0.829 6
-3.3800001 -0.204 2.4909999 62
-3.164 -0.102 2.503 58
-2.948 -0.013 2.4879999 53
-3.592 -0.39199999 2.48 7
-3.3800001 -0.28099999 2.4949999 60
-3.1630001 -0.171 2.503 58
-2.96 -0.075999998 2.4960001 75
-3.5999999 -0.477 2.494 59
-3.368 -0.35600001 2.4909999 61
-3.1570001 -0.23999999 2.5 62
-2.9660001 -0.138 2.5009999 70
-3.5869999 -0.56099999 2.4949999 59
-3.352 -0.43099999 2.4860001 53
-3.154 -0.30899999 2.5009999 60
-2.9690001 -0.20100001 2.503 72
-3.572 -0.64399999 2.4960001 59
-3.352 -0.50800002 2.494 59
-3.151 -0.37799999 2.503 63
-2.9630001 -0.264 2.4990001 74
-3.563 -0.727 2.503 60
-3.342 -0.58399999 2.4960001 59
-3.142 -0.447 2.5020001 56
-2.96 -0.32699999 2.5 71
-3.5420001 -0.80900002 2.5020001 58
-3.3280001 -0.65899998 2.4960001 58
-3.138 -0.51599997 2.5050001 57
-2.954 -0.38999999 2.497 71
-3.523 -0.89099997 2.5039999 61
-3.3180001 -0.73500001 2.5 61
-3.1340001 -0.58600003 2.51 60
-2.951 -0.45300001 2.4990001 66
-3.507 -0.97299999 2.51 60
-3.313 -0.81199998 2.5090001 61
-3.122 -0.65499997 2.5090001 57
-2.957 -0.51800001 2.51 68
-3.484 -1.054 2.513 60
-3.293 -0.88599998 2.5090001 57
-3.1159999 -0.72500002 2.5150001 63
-2.951 -0.58200002 2.51 62
-3.4579999 -1.1339999 2.5150001 61
-3.276 -0.96100003 2.5120001 58
-3.1010001 -0.79299998 2.5139999 60
-2.9389999 -0.64499998 2.5079999 63
-3.441 -1.217 2.5250001 62
-3.256 -1.035 2.5139999 62
-3.089 -0.86299998 2.517 56
-2.9330001 -0.70999998 2.5109999 68
-3.4119999 -1.296 2.527 61
-3.2360001 -1.11 2.517 61
-3.072 -0.93099999 2.517 58
-2.9260001 -0.77499998 2.5150001 66
-3.3729999 -1.37 2.523 60
-3.2160001 -1.184 2.5209999 62
-3.0610001 -1.001 2.523 58
-2.914 -0.838 2.5150001 60
-3.3410001 -1.447 2.526 61
-3.194 -1.257 2.526 60
-3.0409999 -1.069 2.523 55
-2.9030001 -0.903 2.517 64
-3.3039999 -1.522 2.527 60
-3.164 -1.329 2.526 57
-3.029 -1.1390001 2.5309999 61
-2.8889999 -0.96700001 2.517 58
-3.266 -1.596 2.5280001 58
-3.1340001 -1.399 2.527 57
-3.003 -1.206 2.5280001 58
-2.8740001 -1.031 2.5190001 60
-3.2290001 -1.671 2.5309999 48
-3.1010001 -1.469 2.5250001 53
-2.983 -1.274 2.5320001 56
-2.8629999 -1.097 2.5239999 64
-3.1830001 -1.739 2.5280001 40
-3.069 -1.539 2.527 50
-2.9630001 -1.3430001 2.5369999 56
-2.8440001 -1.161 2.5239999 57
-3.154 -1.818 2.54 32
-3.0409999 -1.61 2.5339999 49
-2.938 -1.41 2.539 50
-2.8299999 -1.227 2.529 55
-3.108 -1.887 2.54 22
-3.0020001 -1.677 2.5320001 43
-2.905 -1.474 2.5350001 47
-2.816 -1.294 2.536 56
-2.9920001 -1.911 2.483 12
-2.9660001 -1.745 2.5339999 33
-2.878 -1.541 2.5369999 46
-2.7939999 -1.358 2.536 52
-2.8399999 -1.906 2.3959999 11
-2.931 -1.813 2.5380001 22
-2.8440001 -1.604 2.5350001 44
-2.77 -1.4220001 2.5369999 52
-2.7620001 -1.9450001 2.369 16
-2.8889999 -1.878 2.5380001 18
-2.816 -1.671 2.539 33
-2.7460001 -1.485 2.5380001 50
-2.7190001 -2.0090001 2.3740001 11
-2.8210001 -1.925 2.516 11
-2.79 -1.74 2.5469999 22
-2.7160001 -1.546 2.5350001 46
-2.8340001 -2.1949999 2.5209999 13
-2.674 -1.913 2.421 16
-2.756 -1.804 2.549 16
-2.6889999 -1.61 2.536 34
-2.7969999 -2.2690001 2.5369999 24
-2.5810001 -1.9349999 2.3759999 24
-2.723 -1.869 2.552 15
-2.658 -1.671 2.5350001 22
-2.7409999 -2.3280001 2.536 39
-2.517 -1.976 2.3570001 26
-2.6800001 -1.928 2.549 17
-2.6429999 -1.744 2.55 16
-2.6819999 -2.3829999 2.5339999 43
-2.553 -2.098 2.434 30
-2.569 -1.9349999 2.4790001 16
-2.6040001 -1.802 2.5439999 11
-2.638 -2.4519999 2.5469999 50
-2.6159999 -2.2490001 2.5420001 42
-2.4449999 -1.928 2.3970001 29
-2.5829999 -1.872 2.556 15
-2.5780001 -2.507 2.5469999 57
-2.5669999 -2.309 2.543 49
-2.381 -1.964 2.3729999 40
-2.5510001 -1.936 2.559 17
-2.5239999 -2.5669999 2.5539999 60
-2.517 -2.3670001 2.546 50
-2.336 -2.017 2.3699999 42
-2.4719999 -1.9630001 2.516 19
-2.457 -2.6129999 2.5480001 61
-2.464 -2.4230001 2.5469999 51
-2.4349999 -2.197 2.5150001 45
-2.3410001 -1.946 2.4200001 32
-2.369 -2.635 2.5209999 64
-2.4089999 -2.477 2.546 51
-2.421 -2.2839999 2.5480001 47
-2.2709999 -1.973 2.385 45
-2.277 -2.6500001 2.4890001 63
-2.358 -2.5339999 2.5510001 53
-2.372 -2.339 2.5469999 48
-2.214 -2.0120001 2.3659999 45
-2.188 -2.664 2.46 62
-2.303 -2.589 2.5539999 55
-2.326 -2.3970001 2.55 53
-2.1389999 -2.033 2.3269999 39
-2.098 -2.6730001 2.428 60
-2.2390001 -2.631 2.546 54
-2.276 -2.4530001 2.5510001 54
-2.2639999 -2.2490001 2.5090001 71
-1.998 -2.665 2.3840001 62
-2.1589999 -2.655 2.5220001 76
-2.224 -2.506 2.5510001 54
-2.256 -2.3429999 2.55 53
-1.924 -2.6889999 2.3699999 71
-1.969 -2.5339999 2.365 44
-2.1700001 -2.5569999 2.549 62
-2.211 -2.401 2.552 52
-1.84 -2.697 2.3440001 64
-1.911 -2.5739999 2.362 51
-1.96 -2.418 2.362 42
-2.1630001 -2.457 2.5510001 53
-1.757 -2.701 2.3169999 65
-1.868 -2.638 2.382 56
-1.9069999 -2.461 2.359 45
-1.959 -2.329 2.365 64
-1.679 -2.71 2.296 63
-1.8150001 -2.6860001 2.3889999 69
-1.854 -2.507 2.359 43
-1.9069999 -2.3740001 2.359 45
-1.5930001 -2.7019999 2.2620001 62
-1.74 -2.7019999 2.368 78
-1.8099999 -2.5650001 2.3699999 46
-1.86 -2.425 2.3610001 52
-1.497 -2.6719999 2.2119999 5
-1.66 -2.7090001 2.342 65
-1.756 -2.6099999 2.372 46
-1.8099999 -2.474 2.3610001 47
-1.436 -2.701 2.214 59
-1.572 -2.697 2.3 47
-1.706 -2.6619999 2.3800001 50
-1.77 -2.5369999 2.375 49
-1.364 -2.7079999 2.197 51
-1.477 -2.668 2.247 27
-1.647 -2.7 2.3770001 61
-1.717 -2.5840001 2.375 48
-1.2920001 -2.71 2.1789999 52
-1.418 -2.7 2.247 55
-1.562 -2.6949999 2.3369999 29
-1.668 -2.638 2.381 54
-1.225 -2.721 2.1689999 53
-1.347 -2.7090001 2.2290001 51
-1.475 -2.6819999 2.2920001 39
-1.615 -2.6860001 2.3829999 57
-1.1569999 -2.7279999 2.1570001 48
-1.274 -2.711 2.207 62
-1.406 -2.697 2.2739999 54
-1.536 -2.691 2.349 10
-1.087 -2.727 2.1400001 44
-1.206 -2.721 2.1919999 51
-1.332 -2.701 2.247 47
-1.455 -2.691 2.3110001 48
-1.023 -2.7379999 2.1340001 42
-1.1390001 -2.7320001 2.1800001 52
-1.26 -2.707 2.224 50
-1.383 -2.704 2.2869999 50
-0.95700002 -2.744 2.125 44
-1.0700001 -2.733 2.161 51
-1.194 -2.7249999 2.2119999 53
-1.307 -2.7060001 2.256 50
-0.89399999 -2.753 2.119 47
-1.005 -2.744 2.152 46
-1.123 -2.7279999 2.1900001 50
-1.235 -2.7130001 2.23 48
-0.83099997 -2.7609999 2.1140001 51
-0.93800002 -2.7479999 2.1370001 46
-1.053 -2.7290001 2.1670001 49
-1.165 -2.7219999 2.2079999 55
-0.76899999 -2.77 2.112 59
-0.87199998 -2.75 2.1229999 45
-0.986 -2.7360001 2.151 46
-1.095 -2.7309999 2.187 47
0 0 0 0
-0.80800003 -2.76 2.1170001 48
-0.92000002 -2.7460001 2.1370001 46
-1.023 -2.733 2.161 45
-0.18000001 -0.78100002 0.58999997 1
-0.74599999 -2.773 2.112 56
-0.85399997 -2.7550001 2.125 46
-0.95599997 -2.7449999 2.145 43
-0.163 -0.78399998 0.59100002 2
0 0 0 0
-0.79000002 -2.766 2.115 54
-0.88700002 -2.7479999 2.1240001 40
-0.14399999 -0.77399999 0.58099997 6
-0.175 -0.78799999 0.59399998 2
0 0 0 0
-0.81999999 -2.757 2.108 46
-0.12899999 -0.787 0.58899999 6
-0.15700001 -0.79000002 0.59200001 4
-0.18700001 -0.78799999 0.59299999 4
0 0 0 0
-0.112 -0.78899997 0.58999997 6
-0.139 -0.787 0.58700001 5
-0.167 -0.78100002 0.58399999 6
-0.192 -0.778 0.583 7
-0.094999999 -0.792 0.59200001 2
-0.121 -0.78799999 0.58600003 5
-0.149 -0.787 0.58399999 6
-0.175 -0.787 0.58499998 8
-0.078000002 -0.79500002 0.59299999 2
-0.104 -0.79500002 0.588 4
-0.132 -0.79100001 0.583 6
-0.156 -0.787 0.57999998 8
-0.061999999 -0.80599999 0.60100001 1
-0.086000003 -0.79500002 0.58700001 3
-0.114 -0.79400003 0.583 6
-0.138 -0.79000002 0.57800001 8
-0.15800001 -2.8399999 2.1170001 10
-0.068999998 -0.79799998 0.588 2
-0.093999997 -0.78500003 0.57300001 3
-0.119 -0.79299998 0.57599998 8
-0.097000003 -2.8429999 2.1199999 67
-0.052000001 -0.80199999 0.58899999 2
-0.077 -0.79000002 0.574 3
-0.101 -0.79900002 0.57599998 3
-0.037 -2.842 2.1210001 64
-0.122 -2.842 2.085 8
-0.059999999 -0.80299997 0.58099997 3
-0.081 -0.78399998 0.56199998 3
0.023 -2.8410001 2.122 59
-0.059 -2.842 2.0829999 68
-0.041999999 -0.815 0.588 2
-0.063000001 -0.79699999 0.56800002 3
0.083999999 -2.8469999 2.1300001 63
0.0020000001 -2.845 2.0840001 70
-0.082999997 -2.852 2.052 12
-0.045000002 -0.81300002 0.57599998 2
0.145 -2.8529999 2.138 60
0.064999998 -2.8510001 2.0880001 71
-0.017999999 -2.849 2.0439999 63
-0.027000001 -0.83099997 0.58600003 1
0.206 -2.8559999 2.1459999 59
0.12800001 -2.8599999 2.095 72
0.046 -2.8510001 2.0420001 61
-0.026000001 -2.859 2.0090001 16
0.26800001 -2.868 2.1600001 63
0.192 -2.8610001 2.0969999 77
0.111 -2.8599999 2.0450001 66
0.039999999 -2.8540001 1.999 78
0.33000001 -2.872 2.171 64
0.25600001 -2.8670001 2.1040001 65
0.176 -2.865 2.0469999 70
0.107 -2.8559999 1.994 81
0.39300001 -2.8789999 2.1830001 66
0.31999999 -2.8770001 2.115 70
0.243 -2.8699999 2.05 66
0.175 -2.8670001 1.998 69
0.458 -2.8970001 2.2060001 66
0.38499999 -2.8800001 2.1210001 69
0.30899999 -2.8759999 2.0539999 69
0.244 -2.8759999 2 75
0.51999998 -2.8929999 2.2130001 73
0.44999999 -2.8829999 2.1289999 63
0.377 -2.8840001 2.0599999 65
0.31299999 -2.8800001 2 83
0.58399999 -2.898 2.2279999 75
0.51700002 -2.895 2.1440001 62
0.44499999 -2.892 2.0680001 67
0.382 -2.8829999 2.0009999 68
0.64999998 -2.904 2.244 61
0.58399999 -2.902 2.1570001 64
0.514 -2.8959999 2.075 66
0.454 -2.8940001 2.0090001 77
0.71700001 -2.9130001 2.2639999 63
0.65200001 -2.908 2.1700001 66
0.58499998 -2.9070001 2.0869999 71
0.52399999 -2.8940001 2.0090001 72
0.78200001 -2.914 2.279 70
0.722 -2.9170001 2.187 64
0.65600002 -2.9159999 2.099 74
0.597 -2.901 2.017 77
0.85000002 -2.921 2.299 31
0.79299998 -2.9260001 2.204 70
0.72899997 -2.9230001 2.112 75
0.67199999 -2.9130001 2.0280001 77
0.44 -1.401 1.11 4
0.40799999 -1.385 1.049 0
0.80199999 -2.9300001 2.1240001 68
0.74599999 -2.918 2.0369999 68
0.47400001 -1.405 1.122 3
0.44400001 -1.393 1.062 4
0.41800001 -1.401 1.02 2
0.824 -2.9300001 2.0510001 63
0.50400001 -1.396 1.123 2
0.479 -1.397 1.071 3
0.45699999 -1.411 1.0319999 4
0.43099999 -1.403 0.986 3
0.53899997 -1.4 1.136 2
0.51599997 -1.401 1.082 3
0.49200001 -1.408 1.036 3
0.47099999 -1.413 0.99699998 3
0.57200003 -1.4 1.146 2
0.55500001 -1.414 1.1 3
0.53100002 -1.4170001 1.049 3
0.50999999 -1.418 1.005 3
0.60600001 -1.397 1.155 2
0.58999997 -1.41 1.1059999 3
0.56699997 -1.411 1.051 3
0.54400003 -1.406 1.002 2
0.64700001 -1.409 1.176 2
0.62099999 -1.397 1.1059999 2
0.60799998 -1.419 1.066 3
0.58399999 -1.409 1.01 2
0.68099999 -1.405 1.184 2
0.662 -1.405 1.122 2
0.64600003 -1.4170001 1.073 2
0.62400001 -1.408 1.017 2
0.722 -1.414 1.205 2
0.704 -1.413 1.1390001 2
0.685 -1.415 1.08 2
0.66600001 -1.4119999 1.028 2
0.75800002 -1.41 1.215 2
0.74000001 -1.4069999 1.145 2
0.727 -1.4170001 1.092 2
0.71100003 -1.418 1.04 2
0.79799998 -1.414 1.232 2
0.78299999 -1.411 1.1619999 2
0.76999998 -1.42 1.105 2
0.75800002 -1.425 1.0549999 2
0.833 -1.406 1.24 2
0.82599998 -1.416 1.179 2
0.81400001 -1.4220001 1.118 2
0.80199999 -1.424 1.0650001 2
0.88099998 -1.418 1.267 2
0.86799997 -1.414 1.192 2
0.85900003 -1.423 1.132 2
0.85399997 -1.436 1.085 2
0.92199999 -1.4170001 1.283 2
0.91399997 -1.418 1.211 2
0.90700001 -1.427 1.149 2
0.89700001 -1.429 1.092 2
0.96899998 -1.423 1.307 1
0.96100003 -1.4220001 1.2309999 2
0.95899999 -1.434 1.17 2
0.94800001 -1.432 1.108 2
1.008 -1.416 1.319 0
1.011 -1.426 1.252 2
1.01 -1.438 1.189 2
1.005 -1.441 1.13 2
1.059 -1.424 1.347 0
1.0599999 -1.428 1.272 2
1.064 -1.442 1.21 2
1.058 -1.443 1.147 1
1.108 -1.426 1.37 0
1.113 -1.433 1.296 1
1.117 -1.444 1.23 1
1.1160001 -1.447 1.169 0
1.163 -1.433 1.399 0
1.161 -1.428 1.313 0
1.169 -1.441 1.247 1
1.168 -1.442 1.183 0
0 0 0 0
1.224 -1.4400001 1.347 0
1.23 -1.446 1.273 0
1.229 -1.4450001 1.205 0
0 0 0 0
1.279 -1.438 1.37 0
1.291 -1.448 1.298 0
0 0 0 0
0 0 0 0
1.339 -1.441 1.398 0
1.374 -1.472 1.345 0
0 0 0 0
0 0 0 0
0 0 0 0
0 0 0 0
0 0 0 0
0 0 0 0
0 0 0 0
0 0 0 0
0 0 0 0
2.2590001 -2.1630001 2.3640001 7
0 0 0 0
0 0 0 0
0 0 0 0
2.322 -2.132 2.381 50
0 0 0 0
0 0 0 0
0 0 0 0
2.3670001 -2.085 2.381 50
2.5280001 -2.1800001 2.3570001 5
0 0 0 0
0 0 0 0
2.408 -2.033 2.3770001 52
2.599 -2.1440001 2.375 51
0 0 0 0
3.02 -2.411 2.401 13
2.4549999 -1.985 2.3789999 49
2.652 -2.0899999 2.3770001 51
2.8559999 -2.2060001 2.3740001 6
3.063 -2.326 2.3829999 53
2.497 -1.934 2.3770001 51
2.6989999 -2.0320001 2.3740001 50
2.9070001 -2.1400001 2.3699999 50
3.1300001 -2.26 2.385 50
2.5380001 -1.881 2.375 50
2.7379999 -1.9680001 2.3670001 49
2.9619999 -2.076 2.3699999 50
3.1849999 -2.1849999 2.381 45
2.575 -1.827 2.372 49
2.79 -1.914 2.3710001 50
3.013 -2.0090001 2.3670001 50
3.2509999 -2.118 2.3859999 50
2.6129999 -1.772 2.369 52
2.835 -1.854 2.3699999 52
3.0639999 -1.942 2.3670001 50
3.296 -2.0350001 2.375 45
2.655 -1.72 2.3710001 50
2.8699999 -1.786 2.3610001 53
3.1170001 -1.876 2.369 51
3.3710001 -1.971 2.3889999 49
2.691 -1.665 2.369 50
2.9200001 -1.729 2.3670001 51
3.1619999 -1.804 2.365 50
3.415 -1.8890001 2.382 48
2.7309999 -1.61 2.3699999 50
2.961 -1.666 2.3659999 51
3.21 -1.735 2.3670001 51
3.4579999 -1.804 2.375 46
2.7650001 -1.553 2.3670001 53
2.9990001 -1.601 2.3629999 52
3.2550001 -1.6619999 2.3659999 51
3.5190001 -1.73 2.382 52
2.799 -1.495 2.365 52
3.039 -1.5369999 2.3640001 55
3.2969999 -1.589 2.365 51
3.5550001 -1.643 2.3740001 52
2.8329999 -1.437 2.365 50
3.073 -1.469 2.3599999 50
3.336 -1.513 2.362 52
3.605 -1.562 2.3770001 53
2.8640001 -1.378 2.362 50
3.1099999 -1.403 2.3599999 53
3.3770001 -1.438 2.362 51
3.645 -1.477 2.3740001 44
2.8959999 -1.318 2.3610001 51
3.1470001 -1.336 2.3610001 50
3.4130001 -1.36 2.359 51
3.6800001 -1.388 2.369 54
2.9300001 -1.26 2.3629999 51
3.178 -1.267 2.358 51
3.4430001 -1.281 2.355 50
3.721 -1.303 2.369 56
2.9579999 -1.198 2.3610001 53
3.211 -1.198 2.358 55
3.4809999 -1.204 2.3570001 53
3.757 -1.215 2.368 58
2.983 -1.135 2.3559999 54
3.243 -1.128 2.358 56
3.51 -1.123 2.3540001 53
3.7850001 -1.124 2.3629999 57
3.0109999 -1.073 2.3559999 54
3.263 -1.054 2.3499999 62
3.5369999 -1.0420001 2.3510001 53
3.819 -1.035 2.3640001 60
3.039 -1.01 2.3559999 58
3.2939999 -0.98400003 2.352 58
3.569 -0.96200001 2.352 53
3.8499999 -0.94499999 2.365 57
3.062 -0.94599998 2.3529999 57
3.3280001 -0.91299999 2.3570001 60
3.599 -0.88099998 2.3529999 52
3.8740001 -0.85299999 2.3610001 58
3.0910001 -0.88300002 2.355 57
3.3510001 -0.83999997 2.355 56
3.6099999 -0.796 2.3440001 53
3.895 -0.76099998 2.359 58
3.1110001 -0.81800002 2.3529999 56
3.368 -0.76499999 2.3510001 59
3.6340001 -0.713 2.3440001 53
3.9170001 -0.66799998 2.358 57
3.1289999 -0.75099999 2.348 53
3.391 -0.69099998 2.3510001 58
3.651 -0.62800002 2.3410001 53
3.931 -0.574 2.3529999 58
3.1559999 -0.68699998 2.352 56
3.405 -0.61400002 2.345 58
3.6630001 -0.542 2.335 52
0 0 0 0
3.171 -0.61900002 2.3469999 54
3.421 -0.53899997 2.3429999 62
3.688 -0.45899999 2.339 52
0 0 0 0
3.1889999 -0.55199999 2.346 59
3.438 -0.463 2.342 61
0 0 0 0
0.76899999 -0.056000002 0.45500001 1
3.2079999 -0.484 2.345 58
0 0 0 0
0 0 0 0
0.76800001 -0.037 0.45300001 5
3.2290001 -0.417 2.349 57
0 0 0 0
0 0 0 0
0.76599997 -0.018999999 0.44999999 6
3.198 -0.34299999 2.3139999 2
0.66600001 -0.044 0.44800001 4
0.71399999 -0.022 0.447 5
0.76899999 -0.001 0.45199999 5
0 0 0 0
0.66399997 -0.028999999 0.44499999 4
0.71100003 -0.0049999999 0.44400001 5
0 0 0 0
0.60399997 -0.037999999 0.433 1
0.67000002 -0.014 0.44800001 4
0.722 0.011 0.44999999 2
0 0 0 0
0 0 0 0
0.67199999 0 0.44800001 4
0 0 0 0
0 0 0 0
0 0 0 0
0.66299999 0.015 0.44100001 0
0.58399999 0.035999998 0.36399999 3
0 0 0 0
0 0 0 0
0.625 0.028000001 0.41600001 3
0.579 0.048999999 0.361 5
0.57599998 0.068000004 0.338 10
0 0 0 0
0.58099997 0.039000001 0.38600001 7
0.56999999 0.061000001 0.35499999 8
0.574 0.081 0.338 10
0 0 0 0
0.58099997 0.052000001 0.38600001 6
0.56999999 0.075000003 0.35600001 8
0.57099998 0.094999999 0.33700001 10
0 0 0 0
0.56800002 0.064000003 0.377 10
0 0 0 0
0.56300002 0.107 0.33399999 10
0.579 0.050999999 0.40799999 7
0.57099998 0.078000002 0.38 8
0.56900001 0.102 0.35600001 9
0.56900001 0.123 0.338 10
0.56900001 0.063000001 0.40000001 8
0.56900001 0.090000004 0.37799999 9
0 0 0 0
0.56300002 0.13500001 0.336 11
0.56300002 0.075000003 0.396 9
0.56800002 0.103 0.37799999 9
0.565 0.12800001 0.35600001 9
0.56599998 0.15000001 0.34 11
0.55800003 0.086999997 0.39300001 10
0.56300002 0.116 0.37599999 9
0 0 0 0
0.55699998 0.162 0.33700001 11
0.55800003 0.098999999 0.39399999 10
0.56199998 0.12899999 0.37599999 9
0.55900002 0.154 0.35600001 9
0 0 0 0
0.54900002 0.11 0.38800001 11
0 0 0 0
0 0 0 0
0.55699998 0.191 0.34099999 11
0.55199999 0.124 0.38999999 11
0.55500001 0.154 0.37400001 9
0.55599999 0.182 0.35800001 9
0.56 0.207 0.34599999 11
0.55500001 0.138 0.39300001 11
0.55400002 0.167 0.375 9
0 0 0 0
0.55900002 0.222 0.34799999 11
0.551 0.15000001 0.391 11
0.55299997 0.18099999 0.377 9
0.55800003 0.212 0.36399999 9
0.56300002 0.23899999 0.354 11
0.55199999 0.163 0.39300001 11
0 0 0 0
0 0 0 0
0.56099999 0.25400001 0.35600001 12
0.55000001 0.176 0.39300001 11
0.54799998 0.207 0.377 9
0.55599999 0.241 0.36899999 9
0.55900002 0.26899999 0.359 10
0.54900002 0.189 0.39399999 11
0.54799998 0.221 0.38 9
0 0 0 0
0.56400001 0.28799999 0.36700001 11
0.54799998 0.20200001 0.39500001 11
0.54799998 0.236 0.382 8
0.56 0.27399999 0.37799999 8
0.56999999 0.308 0.375 9
0.54500002 0.21600001 0.39500001 11
0.55000001 0.252 0.38699999 8
0.55699998 0.289 0.38100001 7
0.56999999 0.32600001 0.38 7
0.542 0.228 0.39500001 10
0.54799998 0.266 0.389 7
0.56300002 0.30899999 0.389 6
0.57999998 0.34999999 0.39199999 5
0.54500002 0.244 0.40000001 9
0.55599999 0.28600001 0.398 6
0.56999999 0.33000001 0.39899999 6
0.58999997 0.375 0.40400001 4
0.546 0.259 0.403 9
0.55599999 0.30199999 0.403 6
0.57700002 0.352 0.40900001 4
0.63300002 0.42300001 0.44 6
0.551 0.27700001 0.41 9
0.565 0.324 0.41299999 4
0.58899999 0.377 0.42300001 4
0.62599999 0.44 0.44299999 9
0.551 0.29300001 0.414 8
0.57200003 0.345 0.42300001 4
0.62300003 0.41999999 0.45300001 4
0.64099997 0.47400001 0.461 6
0.55800003 0.31299999 0.42300001 5
0.58499998 0.37099999 0.43700001 3
3.052 2.164 2.256 4
3.076 2.385 2.2539999 7
0.56900001 0.33700001 0.435 5
0.60100001 0.40099999 0.45500001 0
3.0039999 2.2349999 2.256 52
3.0179999 2.4549999 2.253 60
0.56900001 0.35499999 0.44 5
2.9549999 2.073 2.2690001 5
2.947 2.3010001 2.25 52
2.9549999 2.52 2.25 59
0.58499998 0.38299999 0.45699999 1
2.904 2.1370001 2.2620001 53
2.891 2.3659999 2.247 51
2.8959999 2.5869999 2.2509999 60
2.865 1.969 2.263 7
2.8559999 2.204 2.2579999 51
2.8429999 2.437 2.2509999 53
2.835 2.652 2.2509999 61
2.8310001 2.043 2.2650001 54
2.8080001 2.27 2.2550001 53
2.7869999 2.5020001 2.2490001 53
2.7709999 2.714 2.25 60
2.7909999 2.112 2.2620001 54
2.763 2.3410001 2.257 55
2.724 2.562 2.244 52
2.7049999 2.776 2.2490001 60
2.7509999 2.184 2.2620001 54
2.707 2.4030001 2.25 58
2.6700001 2.6289999 2.247 52
2.6359999 2.8340001 2.247 60
2.704 2.2490001 2.256 53
2.6600001 2.4719999 2.2520001 56
2.6099999 2.6900001 2.2449999 53
2.569 2.8929999 2.247 59
2.661 2.319 2.256 55
2.609 2.5380001 2.253 56
2.5469999 2.7490001 2.243 52
2.5 2.9489999 2.247 58
2.6140001 2.3859999 2.2539999 56
2.5480001 2.5940001 2.2460001 57
2.487 2.809 2.2449999 50
2.428 3 2.2449999 60
2.5639999 2.448 2.25 55
2.4979999 2.6619999 2.25 51
2.4230001 2.8670001 2.244 51
2.3529999 3.0480001 2.2409999 59
2.52 2.52 2.253 55
2.448 2.7309999 2.256 47
2.3529999 2.9170001 2.2390001 51
2.2809999 3.098 2.2409999 59
2.4690001 2.5869999 2.2520001 52
2.388 2.7920001 2.2539999 43
2.2869999 2.973 2.2390001 52
2.2049999 3.1459999 2.2379999 59
2.4219999 2.658 2.256 38
2.3239999 2.846 2.2490001 50
2.22 3.027 2.2390001 52
2.131 3.1930001 2.2379999 59
2.3710001 2.7260001 2.2579999 38
2.256 2.8959999 2.243 52
2.1470001 3.073 2.2349999 52
2.0550001 3.237 2.237 59
2.3150001 2.789 2.257 37
2.191 2.951 2.2409999 52
2.0799999 3.1259999 2.2379999 52
1.975 3.2720001 2.233 56
2.247 2.8380001 2.2460001 48
2.1300001 3.0090001 2.243 52
2.006 3.168 2.233 51
1.9 3.316 2.234 58
2.187 2.898 2.244 55
2.0610001 3.0569999 2.2379999 51
1.936 3.217 2.2360001 50
1.812 3.3369999 2.2219999 34
2.125 2.957 2.2420001 55
1.992 3.1070001 2.2360001 52
1.86 3.256 2.2309999 50
0 0 0 0
2.0610001 3.013 2.24 55
1.925 3.161 2.237 51
1.784 3.2969999 2.2290001 50
0.27500001 0.56699997 0.36899999 1
1.998 3.073 2.24 56
1.853 3.2090001 2.234 52
0 0 0 0
0.264 0.57800001 0.373 1
1.9299999 3.1259999 2.237 52
1.781 3.2539999 2.233 51
0.27599999 0.57099998 0.37599999 0
0.25299999 0.58899999 0.37599999 1
1.8609999 3.178 2.233 55
1.706 3.2939999 2.2279999 49
0.264 0.57999998 0.37799999 1
0.23899999 0.59299999 0.37599999 1
1.793 3.233 2.234 56
0 0 0 0
0.248 0.579 0.37400001 1
0.221 0.58600003 0.36899999 1
1.722 3.2839999 2.2320001 56
0.266 0.57700002 0.38 1
0.235 0.58600003 0.37400001 1
0.20999999 0.59799999 0.373 1
1.642 3.319 2.22 29
0.248 0.574 0.373 1
0.21799999 0.58099997 0.368 1
0.19599999 0.59899998 0.37200001 1
0 0 0 0
0.234 0.57599998 0.37 1
0.207 0.59299999 0.37200001 1
0.189 0.62599999 0.38600001 0
0.25299999 0.57999998 0.377 1
0.221 0.58200002 0.37 1
0.189 0.58200002 0.36199999 1
1.006 3.6140001 2.217 6
0.241 0.588 0.377 1
0.206 0.58499998 0.368 1
0.178 0.59399998 0.36700001 0
0.92400002 3.628 2.2149999 58
0.222 0.58200002 0.368 1
0.193 0.58899999 0.36700001 1
0.99599999 3.615 2.221 4
0.84299999 3.648 2.2179999 56
0.208 0.58600003 0.366 1
0.178 0.59100002 0.36500001 0
0.91299999 3.6340001 2.2179999 51
0.759 3.6600001 2.217 53
0.19400001 0.58899999 0.36399999 1
1.008 3.6359999 2.2249999 4
0.82800001 3.6459999 2.2119999 51
0.67699999 3.6689999 2.2149999 55
0 0 0 0
0.92299998 3.651 2.217 52
0.74699998 3.6700001 2.2160001 50
0 0 0 0
1.0140001 3.652 2.2079999 5
0.83999997 3.681 2.217 52
0.66600001 3.6930001 2.2190001 51
0.096000001 0.69700003 0.419 9
0.93199998 3.6930001 2.211 54
0.75700003 3.71 2.22 51
0 0 0 0
0.085000001 0.73799998 0.442 5
0.847 3.7290001 2.2119999 54
0.67199999 3.73 2.2179999 52
0.094999999 0.71200001 0.42399999 5
0.072999999 0.787 0.47099999 4
0.76300001 3.7690001 2.2160001 51
0 0 0 0
0.082999997 0.75199997 0.447 5
0.059 0.82999998 0.49700001 0
0.67299998 3.783 2.207 52
0.093000002 0.70200002 0.41299999 5
0.07 0.80299997 0.47600001 3
0.182 3.681 2.204 6
0 0 0 0
0.082999997 0.75999999 0.44499999 4
0.245 3.7320001 2.21 4
0.1 3.6930001 2.2119999 55
0.092 0.71700001 0.412 5
0.07 0.82300001 0.47999999 2
0.161 3.7360001 2.2090001 51
0.018999999 3.677 2.204 56
0.081 0.773 0.442 5
0.23800001 3.796 2.2049999 4
0.075999998 3.7360001 2.207 51
-0.061000001 3.6719999 2.204 56
0.068000004 0.84500003 0.47999999 2
0.15099999 3.8069999 2.2060001 53
-0.0070000002 3.7320001 2.204 51
-0.142 3.6700001 2.207 56
0.221 3.8740001 2.1919999 5
0.061999999 3.822 2.2090001 53
-0.090000004 3.7309999 2.204 51
-0.222 3.658 2.2049999 55
0.12899999 3.9070001 2.2 61
-0.025 3.819 2.2030001 53
-0.17399999 3.7309999 2.2049999 50
-0.301 3.645 2.2030001 56
0.035999998 3.9130001 2.1960001 63
-0.114 3.8280001 2.2049999 53
-0.25799999 3.727 2.2049999 51
-0.382 3.642 2.2090001 56
-0.056000002 3.934 2.2 57
-0.20200001 3.822 2.2 52
-0.34200001 3.7249999 2.2079999 51
-0.45899999 3.6199999 2.2030001 56
-0.15099999 3.9360001 2.1960001 57
-0.29100001 3.8299999 2.2049999 54
-0.426 3.717 2.2079999 49
-0.537 3.6040001 2.2030001 55
-0.24600001 3.9449999 2.197 56
-0.184 1.851 1.0650001 2
-0.25099999 1.831 1.09 19
-0.616 3.5929999 2.2060001 55
-0.34 3.9449999 2.1930001 57
-0.22400001 1.8279999 1.053 52
-0.29300001 1.834 1.096 19
-0.35699999 1.841 1.137 21
-0.20299999 1.841 1.022 56
-0.264 1.8049999 1.0420001 41
-0.33199999 1.811 1.086 29
-0.39300001 1.813 1.126 54
-0.244 1.8150001 1.008 57
-0.30399999 1.79 1.035 37
-0.37099999 1.8 1.084 55
-0.433 1.807 1.1289999 61
-0.28299999 1.777 0.98799998 53
-0.34599999 1.783 1.034 38
-0.41100001 1.7869999 1.081 71
-0.477 1.816 1.142 10
-0.324 1.76 0.97899997 45
-0.38699999 1.777 1.034 39
-0.454 1.79 1.089 59
-0.94400001 3.302 2.0910001 2
-0.36500001 1.75 0.97500002 46
-0.43200001 1.78 1.04 43
-0.50300002 1.813 1.109 40
-0.97500002 3.152 2.0109999 4
-0.41100001 1.757 0.98199999 45
-0.47600001 1.7819999 1.046 44
-0.94800001 3.1440001 1.936 4
-1.045 3.1359999 2.017 2
-0.45699999 1.76 0.986 42
-0.523 1.79 1.056 33
-1.023 3.138 1.946 5
-1.332 3.727 2.4170001 30
-0.50099999 1.755 0.98699999 39
-0.57200003 1.801 1.068 29
-1.099 3.1329999 1.957 2
-1.409 3.688 2.414 67
-0.551 1.768 0.99900001 46
-0.61699998 1.798 1.073 7
-1.454 3.8640001 2.4330001 60
-1.3430001 3.303 2.1819999 110
-0.60799998 1.799 1.022 56
-1.488 4.0310001 2.4219999 63
-1.536 3.8210001 2.427 60
-1.4119999 3.2679999 2.181 62
-1.5369999 4.2090001 2.4059999 53
-1.582 3.997 2.4200001 63
-1.617 3.7780001 2.4219999 59
-1.497 3.2690001 2.2049999 93
-1.641 4.1799998 2.405 56
-1.674 3.9590001 2.4159999 62
-1.705 3.7509999 2.428 62
-0.84299999 1.7410001 1.188 16
-1.735 4.1220002 2.3889999 58
-1.743 3.872 2.3840001 23
-1.763 3.661 2.3940001 100
-0.88599998 1.735 1.197 26
-1.85 4.1170001 2.405 56
-1.865 3.8970001 2.4219999 61
-1.681 3.3010001 2.1819999 75
-1.784 3.316 2.316 84
-1.955 4.0840001 2.4059999 57
-1.956 3.8570001 2.4219999 62
-1.772 3.296 2.204 72
-1.877 3.3169999 2.3469999 81
-2.0569999 4.0450001 2.4059999 56
-2.0469999 3.813 2.4200001 58
-1.878 3.3150001 2.244 69
-1.989 3.345 2.398 75
-2.1630001 4.0120001 2.411 56
-2.1289999 3.756 2.4119999 57
-1.985 3.329 2.283 65
-2.05 3.286 2.3889999 61
-2.2609999 3.9619999 2.408 57
-1.997 3.3410001 2.1719999 74
-2.0929999 3.3399999 2.3210001 71
-2.0869999 3.191 2.3540001 60
-2.3570001 3.908 2.4030001 56
-2.0969999 3.332 2.194 63
-2.1989999 3.3410001 2.355 73
-2.1470001 3.1359999 2.348 60
-2.454 3.8559999 2.402 55
-2.2219999 3.3540001 2.2390001 67
-2.332 3.3789999 2.4170001 63
-2.2839999 3.188 2.424 63
-2.546 3.7950001 2.3959999 60
-2.3429999 3.3659999 2.2809999 67
-2.4200001 3.3440001 2.4289999 60
-2.349 3.1359999 2.424 63
-2.3959999 3.392 2.1730001 54
-2.47 3.378 2.3239999 66
-2.49 3.286 2.427 60
-2.4119999 3.0799999 2.4219999 63
-2.5120001 3.381 2.2 67
-2.6070001 3.398 2.3759999 74
-2.5650001 3.234 2.4289999 60
-2.48 3.0320001 2.427 62
-2.6600001 3.4059999 2.253 72
-2.7309999 3.395 2.415 65
-2.635 3.174 2.427 61
-2.5439999 2.9790001 2.428 62
-2.8010001 3.4119999 2.2969999 73
-2.8110001 3.3340001 2.415 63
-2.7049999 3.1159999 2.427 59
-2.602 2.9189999 2.425 60
-2.951 3.424 2.3469999 72
-2.891 3.2709999 2.414 61
-2.7739999 3.0569999 2.428 60
-2.668 2.869 2.431 61
-3.105 3.431 2.3989999 55
-2.96 3.197 2.408 61
-2.8440001 2.997 2.4300001 60
-2.724 2.8069999 2.4289999 59
-3.177 3.3469999 2.388 71
-3.0469999 3.1429999 2.4159999 61
-2.911 2.9360001 2.431 59
-2.7780001 2.744 2.425 58
-1.072 1.076 0.78500003 11
-3.119 3.072 2.414 57
-2.9749999 2.8699999 2.4289999 58
-2.835 2.6849999 2.4260001 59
-1.081 1.035 0.77200001 30
-3.197 3.007 2.418 54
-3.0439999 2.809 2.434 59
-2.891 2.6240001 2.427 59
-1.089 0.99299997 0.759 29
-1.0779999 0.96799999 0.79699999 2
-3.1070001 2.744 2.4349999 58
-2.944 2.5610001 2.427 60
-1.105 0.95899999 0.75199997 26
-1.087 0.93099999 0.787 24
-3.161 2.6689999 2.4300001 58
-3.0020001 2.5020001 2.431 62
-1.13 0.935 0.75300002 27
-1.094 0.89499998 0.77700001 36
-3.223 2.602 2.4330001 60
-3.049 2.4330001 2.427 61
-1.151 0.90600002 0.75099999 25
-1.098 0.85600001 0.764 37
-3.2809999 2.5320001 2.4330001 58
-3.1029999 2.3710001 2.4300001 61
-1.1799999 0.884 0.755 26
-1.112 0.82599998 0.75999999 34
-1.097 0.80800003 0.80000001 7
-3.161 2.3110001 2.437 62
-1.199 0.85399997 0.75300002 26
-1.128 0.79900002 0.75800002 34
-1.103 0.77600002 0.79100001 29
-3.2030001 2.24 2.4330001 59
-1.2180001 0.82499999 0.75199997 22
-1.151 0.77600002 0.76099998 30
-1.108 0.74400002 0.78299999 40
-3.244 2.1689999 2.4300001 60
-1.2359999 0.79400003 0.75 11
-1.17 0.75 0.76099998 31
-1.113 0.71200001 0.77499998 10
-3.2920001 2.1010001 2.431 61
-1.247 0.75999999 0.745 5
-1.186 0.72299999 0.75999999 32
-1.1210001 0.68199998 0.76899999 38
-3.336 2.0320001 2.4319999 61
-1.279 0.73699999 0.75199997 8
-1.21 0.69999999 0.764 33
-1.133 0.65600002 0.76700002 9
-1.115 0.64700001 0.80299997 6
-1.3099999 0.71399999 0.759 15
-1.226 0.671 0.764 32
-1.1390001 0.62699997 0.76200002 35
-1.1210001 0.62 0.79699999 22
-1.325 0.68099999 0.75700003 28
-1.235 0.63999999 0.759 28
-1.158 0.60399997 0.76499999 8
-1.126 0.59200001 0.792 7
-1.341 0.64999998 0.75700003 28
-1.248 0.61000001 0.75800002 17
-1.169 0.57700002 0.76300001 33
-1.127 0.56199998 0.78399998 43
-1.35 0.61400002 0.75300002 23
-1.255 0.579 0.75400001 8
-1.187 0.55400002 0.76700002 8
-1.136 0.537 0.78100002 9
-1.375 0.58700001 0.75800002 16
-1.263 0.54699999 0.75 6
-1.1950001 0.52600002 0.76300001 36
-1.14 0.50999999 0.77600002 43
-1.3710001 0.54699999 0.74800003 8
-1.283 0.52100003 0.75400001 6
-1.216 0.50400001 0.76899999 9
-1.143 0.48199999 0.77100003 8
-1.386 0.51499999 0.74900001 1
-1.304 0.495 0.759 7
-1.223 0.47499999 0.76599997 35
-1.149 0.45699999 0.76899999 9
-3.3940001 1.169 1.818 9
-1.3200001 0.46700001 0.76200002 12
-1.239 0.45100001 0.76999998 9
-1.164 0.43399999 0.77100003 8
-3.4200001 1.087 1.817 9
-1.3430001 0.44100001 0.76899999 23
-1.247 0.42300001 0.76800001 37
-1.164 0.40700001 0.76499999 9
-3.4489999 1.007 1.819 10
-1.354 0.41 0.76899999 31
-1.256 0.39500001 0.76800001 8
-1.183 0.38499999 0.77200001 8
-3.46 0.92199999 1.812 7
-1.3609999 0.37799999 0.76700002 34
-1.263 0.36700001 0.76700002 31
-1.1849999 0.359 0.76800001 9
-3.4749999 0.83700001 1.808 6
-1.3710001 0.34799999 0.76800001 36
-1.28 0.34200001 0.77200001 6
-1.197 0.33500001 0.76999998 8
-3.4809999 0.75199997 1.801 2
-1.3789999 0.31600001 0.76800001 37
-1.276 0.31099999 0.76499999 22
-1.198 0.308 0.76599997 9
-3.503 0.66900003 1.803 1
-1.3890001 0.285 0.76899999 35
-1.2920001 0.28400001 0.76999998 4
-1.216 0.28600001 0.773 8
-3.5179999 0.58600003 1.803 0
-1.3940001 0.25299999 0.76800001 32
-1.288 0.25400001 0.764 11
-1.2130001 0.25799999 0.76700002 9
-1.257 0.17900001 0.64099997 4
-1.402 0.221 0.76899999 26
-1.299 0.227 0.76599997 1
-1.2309999 0.235 0.77399999 8
-4.8340001 0.57200003 2.461 5
-1.296 0.17399999 0.70899999 39
-1.286 0.19499999 0.755 7
-1.234 0.208 0.77200001 43
-3.543 0.33399999 1.799 15
-1.41 0.15700001 0.76899999 6
-1.2920001 0.167 0.75599998 6
-1.237 0.182 0.77100003 8
-4.8600001 0.34299999 2.4630001 54
-1.4119999 0.124 0.76800001 24
-1.304 0.14 0.76099998 6
-1.2410001 0.156 0.76999998 10
-4.8829999 0.228 2.471 49
-1.418 0.092 0.76899999 23
-1.314 0.112 0.764 6
-1.249 0.13 0.77200001 10
-4.8790002 0.113 2.4679999 52
-1.425 0.059999999 0.77200001 20
-1.316 0.082999997 0.764 6
-1.252 0.103 0.77200001 10
-4.8860002 -0.001 2.471 46
-1.429 0.028000001 0.773 22
-1.3200001 0.054000001 0.764 6
-1.257 0.077 0.773 10
-4.8829999 -0.117 2.471 45
-1.4299999 -0.0040000002 0.773 19
-1.325 0.025 0.76599997 6
-1.2589999 0.050000001 0.77200001 10
-3.602 -0.171 1.825 0
-1.432 -0.035999998 0.77399999 22
-1.325 -0.003 0.76499999 6
-1.266 0.024 0.77499998 9
-3.598 -0.255 1.826 1
-1.434 -0.068999998 0.77600002 22
-1.324 -0.032000002 0.764 6
-1.271 -0.0020000001 0.77700001 37
-3.575 -0.33899999 1.819 3
-1.433 -0.102 0.77600002 25
-1.3279999 -0.061999999 0.76599997 6
-1.273 -0.028999999 0.77700001 9
-3.602 -0.42699999 1.8380001 6
-1.433 -0.13500001 0.778 26
-1.3279999 -0.090999998 0.76700002 6
-1.274 -0.057 0.77700001 34
-3.5880001 -0.50999999 1.837 8
-1.431 -0.168 0.778 28
-1.329 -0.121 0.76800001 6
-1.277 -0.083999999 0.77899998 8
-3.5869999 -0.597 1.844 8
-1.427 -0.2 0.778 28
-1.332 -0.15099999 0.77100003 7
-1.277 -0.111 0.77899998 36
-3.576 -0.68099999 1.847 8
-1.431 -0.234 0.78200001 29
-1.336 -0.18099999 0.77399999 8
-1.2819999 -0.14 0.78200001 9
-3.569 -0.76599997 1.854 7
-1.427 -0.26699999 0.78299999 28
-1.336 -0.211 0.77600002 12
-1.277 -0.167 0.77999997 35
-3.563 -0.85299999 1.862 2
-1.424 -0.30000001 0.78500003 24
-1.34 -0.242 0.77999997 16
-1.278 -0.19499999 0.78100002 8
-1.477 -0.38999999 0.77700001 2
-1.418 -0.333 0.78600001 18
-1.334 -0.27200001 0.77999997 22
-1.277 -0.223 0.78200001 34
-1.475 -0.426 0.78100002 11
-1.413 -0.366 0.787 9
-1.334 -0.30199999 0.78200001 26
-1.275 -0.25099999 0.78299999 7
-1.469 -0.46200001 0.78399998 25
-1.393 -0.39399999 0.78100002 5
-1.342 -0.336 0.79000002 33
-1.2690001 -0.278 0.78100002 32
-1.46 -0.49700001 0.78600001 28
-1.3710001 -0.42199999 0.773 4
-1.335 -0.36500001 0.79000002 33
-1.272 -0.308 0.78500003 7
-1.452 -0.53200001 0.78899997 26
-1.3660001 -0.45500001 0.77600002 6
-1.327 -0.39500001 0.78899997 33
-1.273 -0.33700001 0.78799999 31
-1.447 -0.56900001 0.79400003 17
-1.365 -0.48899999 0.78100002 10
-1.33 -0.428 0.79500002 31
-1.267 -0.36500001 0.78799999 36
-1.414 -0.59399998 0.78399998 6
-1.367 -0.52499998 0.78899997 22
-1.3200001 -0.45699999 0.79400003 31
-1.2589999 -0.39199999 0.78600001 32
-1.3940001 -0.62400001 0.78100002 3
-1.36 -0.55800003 0.792 29
-1.312 -0.48699999 0.79500002 30
-1.26 -0.42199999 0.79100001 33
-1.3890001 -0.66100001 0.78799999 9
-1.349 -0.58899999 0.79299998 27
-1.306 -0.51800001 0.79699999 32
-1.251 -0.44999999 0.78899997 32
-1.3839999 -0.69800001 0.79500002 20
-1.335 -0.62 0.792 27
-1.2970001 -0.54799998 0.79799998 35
-1.245 -0.47799999 0.79000002 30
-1.37 -0.73100001 0.79699999 22
-1.327 -0.653 0.796 25
-1.283 -0.57599998 0.79500002 33
-1.244 -0.509 0.79400003 42
-1.3559999 -0.764 0.79900002 17
-1.3099999 -0.68199998 0.79500002 23
-1.279 -0.60799998 0.80000001 32
-1.247 -0.54299998 0.80199999 48
-1.3380001 -0.79500002 0.80000001 13
-1.3 -0.71399999 0.79799998 21
-1.267 -0.63800001 0.80000001 29
-1.248 -0.57499999 0.80800003 45
-1.3200001 -0.82599998 0.801 10
-1.289 -0.74599999 0.801 16
-1.26 -0.67000002 0.80400002 31
-1.252 -0.611 0.81699997 40
-1.304 -0.85799998 0.80400002 10
-1.273 -0.77600002 0.80199999 14
-1.266 -0.70899999 0.81599998 26
-1.26 -0.64899999 0.829 35
-1.284 -0.88800001 0.80500001 11
-1.272 -0.81599998 0.81300002 14
-1.275 -0.75099999 0.83099997 23
-1.266 -0.68800002 0.84100002 20
-1.283 -0.93099999 0.81800002 14
-1.276 -0.85900003 0.82700002 11
-1.272 -0.78899997 0.83899999 11
-1.596 -0.91299999 1.071 23
-1.29 -0.98199999 0.838 17
-1.283 -0.90700001 0.84500003 3
-1.265 -0.824 0.84500003 0
-1.539 -0.92500001 1.0420001 2
-3.194 -2.549 2.115 48
-3.398 -2.5190001 2.2739999 30
-3.6589999 -2.5009999 2.4779999 15
-3.6949999 -2.335 2.5309999 8
-3.073 -2.5699999 2.076 57
-3.2690001 -2.54 2.2249999 44
-3.4979999 -2.506 2.402 22
-3.658 -2.4260001 2.5350001 10
-2.957 -2.5880001 2.039 59
-3.1329999 -2.5480001 2.1700001 52
-3.3629999 -2.5239999 2.3440001 32
-3.5899999 -2.4960001 2.5179999 15
-2.8340001 -2.5969999 1.997 58
-3.017 -2.569 2.1289999 55
-3.224 -2.5350001 2.283 43
-3.4549999 -2.517 2.4549999 16
-2.7260001 -2.6140001 1.964 59
-2.8989999 -2.5829999 2.086 54
-3.1010001 -2.552 2.2309999 50
-3.322 -2.5350001 2.3929999 29
-2.618 -2.628 1.931 63
-2.7869999 -2.599 2.046 61
-2.9809999 -2.5669999 2.1819999 54
-3.1919999 -2.549 2.332 41
-2.517 -2.6429999 1.903 61
-2.684 -2.618 2.0120001 64
-2.865 -2.5810001 2.135 52
-3.063 -2.5599999 2.2720001 46
-2.418 -2.6570001 1.876 66
-2.579 -2.631 1.977 62
-2.753 -2.5929999 2.0899999 52
-2.9579999 -2.585 2.23 53
0 0 0 0
-2.4760001 -2.641 1.942 64
-2.6530001 -2.6129999 2.0550001 61
-2.839 -2.5940001 2.1760001 57
-0.62099999 -0.74699998 0.50800002 4
0 0 0 0
-2.552 -2.628 2.0179999 60
-2.727 -2.605 2.128 57
-0.59399998 -0.74900001 0.50099999 8
-0.63599998 -0.74299997 0.52499998 2
-2.451 -2.6389999 1.98 64
-2.6240001 -2.622 2.086 58
-0.56800002 -0.75 0.493 8
-0.61199999 -0.74800003 0.51800001 4
0 0 0 0
-2.5209999 -2.635 2.0439999 56
-0.54500002 -0.75400001 0.48899999 6
-0.588 -0.75199997 0.51099998 7
-0.63099998 -0.74400002 0.53399998 3
-2.4219999 -2.6470001 2.0050001 63
-0.52499998 -0.76200002 0.486 1
-0.56199998 -0.75300002 0.50300002 7
-0.60699999 -0.74900001 0.52700001 6
0 0 0 0
-0.495 -0.755 0.47499999 8
-0.53899997 -0.75800002 0.498 7
-0.57999998 -0.74900001 0.51700002 7
-0.62599999 -0.75 0.542 3
-0.479 -0.76700002 0.477 7
-0.514 -0.75800002 0.49000001 7
-0.55500001 -0.75199997 0.509 7
-0.597 -0.74800003 0.52999997 7
-0.45699999 -0.76899999 0.472 7
-0.49399999 -0.76499999 0.48699999 7
-0.52999997 -0.75300002 0.50099999 7
-0.57599998 -0.75599998 0.52399999 8
-0.42899999 -0.75999999 0.461 9
-0.46900001 -0.76300001 0.479 6
-0.51200002 -0.76300001 0.498 7
-0.54900002 -0.755 0.51300001 7
-0.414 -0.77399999 0.46399999 7
-0.449 -0.76800001 0.47499999 6
-0.49000001 -0.76700002 0.493 7
-0.52100003 -0.75199997 0.50099999 7
-0.38699999 -0.76300001 0.45300001 10
-0.43000001 -0.77499998 0.47400001 6
-0.46900001 -0.77100003 0.48800001 7
-0.5 -0.75800002 0.49599999 9
-0.36700001 -0.76700002 0.45100001 10
-0.40599999 -0.77200001 0.46599999 6
-0.44600001 -0.77200001 0.48100001 7
-0.47799999 -0.76200002 0.48899999 9
-0.352 -0.77899998 0.454 8
-0.38800001 -0.77999997 0.465 6
-0.41600001 -0.75999999 0.46599999 8
-0.45699999 -0.76599997 0.48300001 8
-0.329 -0.773 0.44600001 10
-0.366 -0.77899998 0.46000001 6
-0.39700001 -0.76599997 0.463 8
-0.43399999 -0.76700002 0.47600001 8
-0.308 -0.77100003 0.442 10
-0.34599999 -0.78200001 0.456 6
-0.38100001 -0.77700001 0.46399999 6
-0.40799999 -0.76099998 0.465 10
-0.28799999 -0.76999998 0.43799999 10
-0.32499999 -0.77999997 0.44999999 6
-0.36000001 -0.778 0.458 6
-0.39399999 -0.77700001 0.46700001 8
-0.27500001 -0.787 0.44400001 7
-0.30599999 -0.78399998 0.449 6
-0.34099999 -0.78200001 0.45500001 6
-0.37099999 -0.77600002 0.46000001 8
-0.252 -0.77600002 0.43599999 9
-0.28200001 -0.77399999 0.43900001 7
-0.317 -0.77499998 0.44600001 8
-0.35100001 -0.77899998 0.45500001 8
-0.236 -0.78600001 0.43900001 7
-0.26699999 -0.78500003 0.44100001 6
-0.296 -0.77399999 0.44 7
-0.32699999 -0.773 0.44499999 10
-0.219 -0.79000002 0.43799999 7
-0.24699999 -0.78500003 0.43799999 6
-0.27700001 -0.77499998 0.43599999 7
-0.30500001 -0.76800001 0.43700001 10
-0.2 -0.78899997 0.43599999 7
-0.23 -0.79000002 0.43799999 6
-0.25799999 -0.77700001 0.433 7
-0.285 -0.76800001 0.43200001 10
-0.182 -0.792 0.43599999 7
-0.211 -0.79100001 0.435 5
-0.23899999 -0.77999997 0.43000001 8
-0.27000001 -0.78299999 0.435 7
-0.163 -0.78399998 0.43000001 9
-0.192 -0.79100001 0.43200001 5
-0.22400001 -0.79299998 0.43399999 6
-0.25 -0.78500003 0.43099999 7
-0.145 -0.78500003 0.42899999 9
-0.17399999 -0.79400003 0.43099999 5
-0.20100001 -0.78100002 0.42399999 8
-0.23 -0.78600001 0.426 7
-0.127 -0.787 0.42899999 10
-0.15700001 -0.79699999 0.43099999 5
-0.184 -0.787 0.42300001 8
-0.212 -0.78899997 0.42399999 7
-0.11 -0.78799999 0.428 9
-0.13600001 -0.787 0.42300001 7
-0.164 -0.78200001 0.41800001 8
-0.192 -0.79000002 0.41999999 7
-0.090999998 -0.77100003 0.41800001 2
-0.12 -0.79900002 0.428 5
-0.146 -0.78399998 0.41600001 8
-0.175 -0.79699999 0.41999999 7
-0.075999998 -0.79400003 0.43000001 5
-0.102 -0.79699999 0.42500001 5
-0.12899999 -0.79299998 0.41800001 8
-0.155 -0.79699999 0.41600001 7
-0.059 -0.80199999 0.43399999 5
-0.083999999 -0.796 0.42300001 3
-0.112 -0.80299997 0.421 6
-0.13699999 -0.801 0.41499999 7
-0.041999999 -0.80599999 0.43599999 3
-0.066 -0.79799998 0.42300001 3
-0.092 -0.79500002 0.41499999 3
-0.115 -0.78500003 0.40400001 9
-0.025 -0.83700001 0.45199999 1
-0.048999999 -0.81099999 0.42899999 3
-0.075000003 -0.801 0.41600001 3
-0.097999997 -0.80000001 0.40900001 6
-0.025 -2.8710001 1.553 10
-0.032000002 -0.82800001 0.43700001 2
-0.057 -0.80500001 0.41600001 3
-0.086000003 -0.861 0.43700001 7
0.037 -2.875 1.556 58
-0.046999998 -2.8610001 1.5089999 2
-0.039000001 -0.82200003 0.42300001 2
-0.066 -0.86900002 0.43900001 8
0.098999999 -2.881 1.561 62
0.016000001 -2.875 1.515 4
-0.021 -0.85100001 0.43700001 0
-0.045000002 -0.86199999 0.433 5
0.161 -2.8859999 1.566 67
0.079999998 -2.8729999 1.513 29
-0.0060000001 -2.8659999 1.4680001 8
-0.024 -0.84299999 0.421 2
0.22400001 -2.8859999 1.569 61
0.14399999 -2.8800001 1.517 35
0.059 -2.8729999 1.4680001 40
-0.017000001 -2.868 1.427 14
0.287 -2.891 1.576 64
0.20900001 -2.8870001 1.521 40
0.125 -2.8759999 1.467 37
0.050000001 -2.8729999 1.425 59
0.35100001 -2.895 1.5829999 64
0.27399999 -2.8959999 1.527 50
0.191 -2.881 1.4680001 37
0.118 -2.878 1.423 62
0.41499999 -2.8970001 1.589 65
0.33899999 -2.8970001 1.529 52
0.25799999 -2.8940001 1.473 30
0.186 -2.888 1.424 64
0.47999999 -2.905 1.6 63
0.40599999 -2.9070001 1.538 64
0.32499999 -2.891 1.472 28
0.255 -2.8889999 1.4220001 59
0.546 -2.9119999 1.61 62
0.47299999 -2.915 1.546 68
0.39399999 -2.8989999 1.477 27
0.32499999 -2.9000001 1.425 63
0.61199999 -2.9189999 1.622 58
0.54100001 -2.9200001 1.553 67
0.463 -2.911 1.484 14
0.396 -2.911 1.4299999 59
0.67900002 -2.925 1.633 59
0.61000001 -2.931 1.564 67
0 0 0 0
0.46700001 -2.914 1.431 59
0.74699998 -2.9330001 1.646 57
0.68000001 -2.937 1.573 67
0.60500002 -2.928 1.498 15
0.54000002 -2.9260001 1.437 64
0.81599998 -2.938 1.659 64
0.74900001 -2.9349999 1.579 55
0.67699999 -2.9330001 1.5039999 58
0.61299998 -2.928 1.439 64
0.42399999 -1.408 0.80000001 2
0.82099998 -2.944 1.591 53
0.75 -2.9400001 1.512 54
0.68699998 -2.934 1.444 63
0.463 -1.429 0.81699997 5
0.428 -1.414 0.76800001 3
0.82499999 -2.948 1.522 60
0.76300001 -2.9400001 1.451 69
0.498 -1.4299999 0.824 4
0.46599999 -1.424 0.778 5
0.43200001 -1.419 0.736 8
0.84200001 -2.9560001 1.4630001 62
0.53200001 -1.428 0.829 4
0.50199997 -1.426 0.78399998 5
0.46900001 -1.421 0.74000001 10
0.91900003 -2.9549999 1.467 62
0.56900001 -1.433 0.83899999 3
0.53899997 -1.429 0.79100001 5
0.50199997 -1.411 0.73900002 7
1.001 -2.9690001 1.48 61
0.60600001 -1.437 0.84799999 3
0.57099998 -1.419 0.79100001 4
0.54400003 -1.424 0.75 4
1.08 -2.9649999 1.484 63
0.639 -1.4299999 0.852 2
0.61299998 -1.428 0.80299997 4
0.57999998 -1.42 0.75300002 2
1.161 -2.9660001 1.493 35
0.67799997 -1.434 0.86299998 2
0.64899999 -1.425 0.80800003 3
0.62699997 -1.438 0.76800001 2
1.247 -2.974 1.506 14
0.71499997 -1.431 0.87 2
0.69599998 -1.444 0.82599998 3
0.67199999 -1.449 0.77999997 3
0.64099997 -1.434 0.73100001 2
0.75400001 -1.432 0.88 2
0.74199998 -1.4529999 0.83999997 3
0.71499997 -1.452 0.78899997 3
0.68199998 -1.431 0.73500001 2
0.79799998 -1.442 0.89499998 2
0.77999997 -1.449 0.84600002 3
0.75599998 -1.451 0.79500002 3
0.72899997 -1.439 0.745 2
0.838 -1.441 0.90499997 2
0.81999999 -1.4450001 0.85299999 2
0.80199999 -1.456 0.80599999 3
0.773 -1.439 0.75199997 2
0.88300002 -1.446 0.92000002 2
0.86199999 -1.443 0.86199999 2
0.84899998 -1.46 0.81699997 3
0.81900001 -1.441 0.75999999 1
0.926 -1.447 0.93199998 2
0.90600002 -1.444 0.87199998 2
0.89300001 -1.456 0.824 2
0.86799997 -1.447 0.77100003 2
0.97399998 -1.452 0.94800001 2
0.95700002 -1.451 0.88800001 2
0.94499999 -1.464 0.838 2
0.92000002 -1.452 0.78299999 2
1.024 -1.459 0.96600002 2
1.0089999 -1.459 0.90499997 2
0.99299997 -1.4630001 0.84899998 2
0.97100002 -1.455 0.79400003 2
1.066 -1.452 0.97500002 2
1.0599999 -1.462 0.92000002 2
1.046 -1.466 0.86199999 2
1.033 -1.47 0.81300002 2
1.112 -1.449 0.98799998 1
1.108 -1.46 0.93199998 2
1.103 -1.474 0.87900001 2
1.09 -1.474 0.82700002 2
1.1619999 -1.45 1.005 1
1.163 -1.4630001 0.949 2
1.151 -1.465 0.88800001 2
1.148 -1.476 0.83999997 2
1.232 -1.471 1.0369999 0
1.216 -1.462 0.96399999 2
1.214 -1.474 0.90700001 2
1.204 -1.474 0.852 2
1.283 -1.469 1.052 0
1.2869999 -1.478 0.99199998 1
1.28 -1.482 0.92799997 2
1.274 -1.484 0.87300003 1
1.337 -1.466 1.0700001 0
1.339 -1.471 1.005 0
1.35 -1.4910001 0.95099998 1
1.337 -1.485 0.889 0
0 0 0 0
1.405 -1.476 1.028 0
1.4119999 -1.488 0.96799999 0
1.411 -1.492 0.91100001 0
0 0 0 0
1.48 -1.487 1.056 0
1.475 -1.485 0.98500001 0
1.471 -1.483 0.92400002 0
0 0 0 0
0 0 0 0
1.574 -1.512 1.024 0
0 0 0 0
0 0 0 0
0 0 0 0
0 0 0 0
0 0 0 0
0 0 0 0
0 0 0 0
0 0 0 0
0 0 0 0
0 0 0 0
0 0 0 0
0 0 0 0
0 0 0 0
1.868 -1.5190001 1.2869999 0
3.786 -3.0380001 2.4219999 2
4.073 -3.2409999 2.4200001 32
0 0 0 0
3.552 -2.7639999 2.402 42
3.8310001 -2.937 2.404 41
4.1539998 -3.1500001 2.418 32
4.2199998 -3.171 2.293 19
3.6129999 -2.6900001 2.4000001 37
3.902 -2.8559999 2.404 40
4.217 -3.046 2.4070001 30
4.2410002 -3.0280001 2.257 18
3.677 -2.618 2.402 41
3.967 -2.7690001 2.4000001 40
4.2550001 -2.925 2.3829999 19
4.2529998 -2.885 2.22 18
3.734 -2.54 2.3989999 39
4.04 -2.688 2.4030001 34
4.2729998 -2.793 2.3499999 18
4.2729998 -2.75 2.1889999 17
3.7939999 -2.4649999 2.3989999 43
4.1110001 -2.6040001 2.405 39
4.2909999 -2.664 2.3199999 17
4.2870002 -2.6140001 2.1570001 16
3.8559999 -2.3900001 2.401 38
4.1760001 -2.517 2.404 37
4.2989998 -2.5320001 2.286 17
4.3010001 -2.483 2.128 17
3.904 -2.306 2.3959999 39
4.23 -2.4219999 2.398 35
4.3210001 -2.411 2.2620001 17
4.3080001 -2.349 2.096 16
3.9549999 -2.223 2.3929999 41
4.276 -2.323 2.3900001 30
4.3270001 -2.2839999 2.2320001 17
4.3140001 -2.2190001 2.0680001 17
4.013 -2.145 2.395 30
4.3070002 -2.217 2.3740001 27
4.3379998 -2.161 2.2049999 17
4.3249998 -2.0940001 2.043 17
4.0640001 -2.0610001 2.3940001 33
4.3189998 -2.1029999 2.3499999 23
4.3499999 -2.0420001 2.1819999 17
4.336 -1.972 2.02 17
4.112 -1.977 2.392 36
4.342 -1.994 2.332 18
4.3540001 -1.921 2.1570001 21
4.3520002 -1.853 2.0020001 17
4.158 -1.891 2.3900001 37
4.348 -1.881 2.3069999 23
4.3579998 -1.802 2.132 23
4.3759999 -1.739 1.988 24
4.2080002 -1.8049999 2.3900001 39
4.3639998 -1.772 2.2880001 24
4.3709998 -1.689 2.1140001 25
4.3779998 -1.618 1.965 25
4.25 -1.716 2.3870001 44
4.3779998 -1.665 2.2709999 25
4.3860002 -1.5779999 2.0969999 26
4.3850002 -1.502 1.947 29
4.2950001 -1.6289999 2.388 46
4.3769999 -1.553 2.247 25
4.3969998 -1.4680001 2.082 25
4.401 -1.39 1.9349999 30
4.335 -1.539 2.385 46
4.381 -1.4450001 2.227 26
4.408 -1.357 2.0669999 26
4.4180002 -1.279 1.925 28
4.3660002 -1.4450001 2.378 43
4.3909998 -1.34 2.2119999 26
4.4289999 -1.252 2.0580001 26
4.4239998 -1.165 1.91 30
4.3909998 -1.349 2.3699999 43
4.401 -1.2359999 2.1960001 29
4.4310002 -1.141 2.0420001 26
4.4390001 -1.054 1.901 31
4.4070001 -1.251 2.358 37
4.4089999 -1.131 2.1819999 30
4.4520001 -1.036 2.0350001 30
4.4450002 -0.94300002 1.89 32
4.4200001 -1.152 2.345 31
4.4229999 -1.03 2.1719999 30
4.46 -0.92799997 2.023 26
4.4510002 -0.833 1.88 31
4.4330001 -1.054 2.3329999 28
4.4400001 -0.92900002 2.165 30
4.4640002 -0.82099998 2.013 30
4.4879999 -0.72899997 1.8839999 6
4.4429998 -0.95599997 2.3210001 29
4.4510002 -0.82800001 2.1559999 26
4.4889998 -0.71799999 2.0120001 8
4.4970002 -0.61900002 1.878 6
4.4520001 -0.85699999 2.3080001 27
4.4699998 -0.72799999 2.152 10
4.5019999 -0.61199999 2.007 9
0 0 0 0
4.4699998 -0.76200002 2.303 16
4.4949999 -0.62800002 2.151 6
0 0 0 0
0 0 0 0
4.4770002 -0.66399997 2.2920001 4
0 0 0 0
0 0 0 0
1.1160001 -0.071999997 0.46000001 3
0 0 0 0
0 0 0 0
1.043 -0.068000004 0.45899999 3
0 0 0 0
0 0 0 0
0.97600001 -0.068999998 0.46000001 1
1.036 -0.043000001 0.454 2
1.125 -0.017999999 0.46200001 2
0 0 0 0
0.97799999 -0.046999998 0.45899999 3
0 0 0 0
1.112 0.0080000004 0.45500001 3
0 0 0 0
0.97000003 -0.025 0.454 3
1.049 0.0049999999 0.458 2
0 0 0 0
0.92199999 -0.035 0.46000001 4
0 0 0 0
0 0 0 0
1.1160001 0.061999999 0.45699999 3
0.926 -0.015 0.46000001 4
0 0 0 0
1.041 0.052999999 0.45300001 3
1.114 0.089000002 0.456 3
0.91600001 0.0040000002 0.454 3
0.97899997 0.039999999 0.45500001 0
1.0470001 0.078000002 0.456 3
1.112 0.115 0.456 3
0 0 0 0
0.94400001 0.059999999 0.43799999 3
1.041 0.102 0.45300001 3
1.1109999 0.142 0.456 4
0.579 0.028000001 0.285 6
0.76800001 0.066 0.35600001 3
1.041 0.127 0.45300001 3
1.104 0.168 0.454 4
0 0 0 0
0.74299997 0.081 0.345 5
1.039 0.15099999 0.45300001 3
1.099 0.19499999 0.45300001 4
0.583 0.054000001 0.28600001 9
0.57800001 0.075999998 0.26800001 5
1.034 0.175 0.45199999 3
1.097 0.222 0.45500001 4
0.58600003 0.067000002 0.287 10
0 0 0 0
1.035 0.20100001 0.454 4
1.082 0.24600001 0.44999999 3
0.58200002 0.079999998 0.285 10
0.583 0.104 0.271 8
1.029 0.22400001 0.45199999 3
1.079 0.27200001 0.45100001 3
0 0 0 0
0 0 0 0
1.0140001 0.24600001 0.44800001 8
1.068 0.29699999 0.449 3
0.58200002 0.106 0.285 10
0.58399999 0.132 0.27200001 9
0.64700001 0.17299999 0.287 4
1.063 0.32300001 0.44999999 3
0 0 0 0
0 0 0 0
0.58700001 0.17200001 0.26100001 9
1.054 0.34799999 0.449 4
0.579 0.132 0.28400001 10
0.57999998 0.15899999 0.27200001 9
0.58600003 0.186 0.26199999 9
1.039 0.37099999 0.44600001 3
0 0 0 0
0 0 0 0
0.58399999 0.20100001 0.26300001 10
0.59200001 0.227 0.25600001 3
0.57999998 0.16 0.28600001 10
0.579 0.18700001 0.27399999 9
0 0 0 0
0.58399999 0.23999999 0.255 10
0 0 0 0
0 0 0 0
0.583 0.23100001 0.266 10
0.59399998 0.26100001 0.26199999 11
0.57800001 0.18700001 0.287 11
0.58399999 0.219 0.27900001 9
0 0 0 0
0.59200001 0.27700001 0.264 12
0 0 0 0
0 0 0 0
0.58700001 0.26499999 0.273 10
0.59799999 0.29699999 0.26899999 11
0.57599998 0.21600001 0.28799999 11
0.58099997 0.249 0.28200001 9
0.59200001 0.285 0.278 9
0.597 0.315 0.27200001 11
0 0 0 0
0.58099997 0.264 0.28400001 11
0.59399998 0.303 0.28200001 9
0.60100001 0.33500001 0.278 11
0.57999998 0.24699999 0.29300001 11
0.58399999 0.28200001 0.287 9
0.597 0.322 0.28600001 9
0.61000001 0.359 0.28600001 9
0.588 0.266 0.29800001 11
0.58999997 0.30199999 0.29300001 9
0.60000002 0.34200001 0.29100001 8
0.62099999 0.38600001 0.29499999 7
0.58600003 0.28099999 0.29899999 11
0.59100002 0.31999999 0.296 7
0.60600001 0.36399999 0.29800001 6
0.62699997 0.41100001 0.30199999 5
0.58399999 0.29699999 0.30000001 11
0.59799999 0.34099999 0.303 6
0.61699998 0.391 0.30700001 4
0.89899999 0.62 0.44100001 0
0.59200001 0.31799999 0.30700001 10
0.611 0.368 0.31299999 6
0.62800002 0.41800001 0.317 0
0 0 0 0
0.59299999 0.336 0.31 11
0.61500001 0.38999999 0.31900001 4
0 0 0 0
0.866 0.66000003 0.43900001 3
0.60500002 0.361 0.31900001 5
0 0 0 0
0.79900002 0.588 0.41600001 0
0.84899998 0.67900002 0.43900001 2
0.61699998 0.38699999 0.329 5
0 0 0 0
0.83499998 0.64499998 0.442 1
0 0 0 0
0 0 0 0
0 0 0 0
0.81199998 0.65799999 0.43700001 2
0 0 0 0
0.79900002 0.55400002 0.435 0
0 0 0 0
0 0 0 0
0 0 0 0
0.78200001 0.56900001 0.43099999 0
0 0 0 0
0 0 0 0
0.77200001 0.74599999 0.43399999 3
0 0 0 0
0 0 0 0
0 0 0 0
0.73699999 0.74699998 0.42399999 1
0 0 0 0
0 0 0 0
0.74800003 0.73000002 0.435 0
0 0 0 0
0 0 0 0
0.74599999 0.69300002 0.43599999 1
0 0 0 0
0 0 0 0
0 0 0 0
0 0 0 0
0 0 0 0
0 0 0 0
0 0 0 0
0 0 0 0
0 0 0 0
0.69199997 0.84600002 0.44299999 8
0 0 0 0
0 0 0 0
0.69 0.81199998 0.442 8
3.378 4.329 2.2279999 4
0 0 0 0
0.68400002 0.764 0.435 6
0.68800002 0.84799999 0.45300001 0
3.2709999 4.401 2.2260001 31
0 0 0 0
0.68300003 0.79900002 0.44400001 7
3.286 4.25 2.2249999 3
3.165 4.4710002 2.2249999 33
0.68199998 0.755 0.43599999 8
3.3440001 4.1009998 2.233 3
3.1849999 4.323 2.2219999 33
3.052 4.5310001 2.221 33
0.68699998 0.796 0.449 5
3.247 4.1750002 2.2260001 32
3.0899999 4.402 2.224 33
2.944 4.5949998 2.22 34
3.329 4.04 2.227 4
3.1589999 4.2600002 2.227 33
2.987 4.4710002 2.2219999 34
2.8310001 4.652 2.2179999 33
3.247 4.132 2.2260001 31
3.059 4.3309999 2.22 36
2.8829999 4.5380001 2.22 34
2.721 4.7129998 2.2179999 33
3.1589999 4.2160001 2.223 32
2.9649999 4.4099998 2.22 34
2.7780001 4.6040001 2.2179999 34
2.6010001 4.7550001 2.211 42
3.0639999 4.296 2.2160001 30
2.8670001 4.4829998 2.2179999 34
2.6730001 4.6700001 2.2190001 34
2.483 4.8000002 2.2060001 43
2.9820001 4.3930001 2.22 31
2.763 4.552 2.2119999 34
2.566 4.7340002 2.2190001 44
2.3710001 4.855 2.2079999 43
2.8859999 4.473 2.2160001 32
2.6589999 4.619 2.2090001 34
2.4549999 4.7909999 2.2160001 40
2.256 4.901 2.207 41
2.7909999 4.5549998 2.2149999 29
2.563 4.6989999 2.2130001 46
2.3429999 4.8429999 2.2130001 39
2.1429999 4.9510002 2.2090001 33
2.6930001 4.6350002 2.2130001 22
2.4530001 4.757 2.2079999 43
2.2309999 4.8959999 2.2119999 40
2.0280001 4.9980001 2.21 29
2.595 4.7160001 2.2130001 37
2.3440001 4.8150001 2.2030001 43
2.119 4.948 2.2119999 31
1.908 5.0279999 2.207 29
2.4909999 4.79 2.21 37
2.2420001 4.888 2.207 40
2.0050001 4.9949999 2.21 31
1.7869999 5.0580001 2.2030001 22
2.3870001 4.8629999 2.2079999 35
2.1359999 4.9590001 2.211 32
1.888 5.0349998 2.207 30
1.67 5.0929999 2.2030001 21
2.2780001 4.9330001 2.2049999 36
2.0220001 5.0100002 2.207 31
1.773 5.0819998 2.2079999 28
1.549 5.1110001 2.198 20
2.1719999 5.0079999 2.2049999 31
1.911 5.0700002 2.2079999 30
1.658 5.1259999 2.2090001 20
1.433 5.151 2.2030001 2
2.062 5.0739999 2.204 23
1.795 5.1160002 2.2049999 28
1.538 5.151 2.204 19
1.311 5.1550002 2.1949999 13
1.947 5.1350002 2.201 22
1.679 5.1659999 2.204 20
1.425 5.2049999 2.211 1
1.1900001 5.1700001 2.191 21
1.831 5.1929998 2.198 22
1.562 5.2140002 2.2030001 20
1.298 5.2080002 2.198 14
1.069 5.1789999 2.187 21
1.716 5.2600002 2.1989999 20
1.451 5.2859998 2.214 1
1.178 5.2319999 2.1949999 20
0.95300001 5.2119999 2.1930001 15
1.597 5.3189998 2.1989999 19
1.318 5.2800002 2.1919999 14
1.059 5.2600002 2.1949999 20
0 0 0 0
1.4809999 5.3899999 2.204 1
1.199 5.3239999 2.194 20
0 0 0 0
0.126 0.92699999 0.38800001 1
1.346 5.4000001 2.1849999 14
1.0779999 5.3639998 2.1949999 21
0.109 0.71200001 0.294 1
0 0 0 0
1.223 5.4520001 2.1849999 21
0.95499998 5.4070001 2.197 1
0.121 0.92799997 0.382 3
0.47400001 5.2210002 2.181 3
1.098 5.506 2.1860001 22
0 0 0 0
0.57300001 5.3280001 2.188 3
0.35699999 5.2220001 2.1800001 21
0 0 0 0
0.119 0.92500001 0.37200001 5
0.45100001 5.3319998 2.184 20
0.23899999 5.2360001 2.1849999 29
0.83899999 5.573 2.178 2
0.57700002 5.467 2.1860001 3
0.33000001 5.3449998 2.1849999 20
0.122 5.237 2.1860001 30
0 0 0 0
0.44999999 5.473 2.1789999 21
0.208 5.3569999 2.187 30
0.0049999999 5.2280002 2.1849999 32
0.57700002 5.6430001 2.175 3
0.32300001 5.5050001 2.1830001 22
0.086000003 5.3559999 2.1849999 31
-0.112 5.2220001 2.1849999 33
0.44400001 5.677 2.175 22
0.19599999 5.5209999 2.1819999 30
-0.035 5.3720002 2.1900001 30
-0.228 5.2090001 2.1830001 21
0.30899999 5.7010002 2.1719999 22
0.068000004 5.5370002 2.1830001 22
-0.15800001 5.3709998 2.1889999 30
-0.12 1.816 0.76300001 12
0.17399999 5.737 2.175 22
-0.061000001 5.5450001 2.1819999 22
-0.28 5.3709998 2.191 31
-0.16 1.803 0.75999999 40
0.037 5.7610002 2.175 22
-0.19 5.5599999 2.184 21
-0.13500001 1.8 0.73500001 29
-0.20299999 1.8279999 0.773 5
-0.101 5.7839999 2.1760001 22
-0.104 1.813 0.71100003 1
-0.176 1.801 0.736 33
-0.24699999 1.85 0.78500003 39
-0.23999999 5.8039999 2.177 23
-0.14399999 1.783 0.699 30
-0.64499998 5.3460002 2.191 32
-0.27900001 1.7869999 0.76099998 65
-0.117 1.801 0.67400002 9
-0.18799999 1.8 0.70599997 10
-0.26100001 1.818 0.74699998 47
-0.31299999 1.747 0.74800003 61
-0.15800001 1.768 0.66000003 28
-0.235 1.84 0.722 2
-0.296 1.773 0.73100001 52
-0.34799999 1.721 0.741 74
-0.66100001 5.8210001 2.1730001 23
-0.27200001 1.794 0.70599997 41
-0.329 1.73 0.71600002 69
-0.384 1.706 0.73900002 78
-0.25299999 1.837 0.685 48
-0.30700001 1.751 0.69 56
-0.36700001 1.714 0.71200001 62
-0.42399999 1.7079999 0.74400002 80
-0.289 1.779 0.66299999 51
-0.345 1.729 0.68300003 63
-0.40700001 1.712 0.71499997 74
-0.46700001 1.716 0.75300002 73
-0.32499999 1.739 0.64899999 55
-0.38299999 1.709 0.67699999 72
-0.44800001 1.709 0.71799999 70
-0.51300001 1.733 0.76599997 58
-0.36399999 1.715 0.64099997 69
-0.426 1.7130001 0.68099999 71
-0.49200001 1.719 0.72600001 59
-0.57300001 1.789 0.796 20
-0.40599999 1.711 0.64099997 66
-0.46900001 1.7130001 0.68400002 72
-0.54799998 1.763 0.74900001 37
-0.63099998 1.832 0.82300001 56
-0.45300001 1.721 0.64700001 72
-0.51800001 1.734 0.69599998 45
-0.62199998 1.851 0.792 9
-0.66799998 1.809 0.81900001 40
-0.49700001 1.719 0.648 68
-1.016 3.132 1.265 5
-0.653 1.809 0.77999997 38
-2.0469999 5.1869998 2.3710001 50
-0.57999998 1.841 0.69700003 9
-0.63499999 1.811 0.736 31
-0.69 1.784 0.77600002 20
-2.174 5.1750002 2.3889999 41
-1.069 3.125 1.189 4
-0.671 1.78 0.72799999 38
-2.2279999 5.3940001 2.3670001 52
-2.2820001 5.1160002 2.3870001 42
-0.65899998 1.786 0.68300003 41
-2.3199999 5.743 2.3670001 38
-2.369 5.3889999 2.3870001 40
-2.3889999 5.0539999 2.3829999 43
-0.70200002 1.77 0.68099999 8
-2.457 5.698 2.368 38
-2.493 5.342 2.3900001 41
-2.4960001 4.9949999 2.3829999 41
-2.572 6.046 2.3440001 31
-2.5880001 5.638 2.3629999 37
-2.612 5.2800002 2.3870001 39
-2.5999999 4.9320002 2.381 46
-2.723 5.9970002 2.3440001 31
-2.7049999 5.546 2.3469999 49
-2.7320001 5.2249999 2.388 42
-2.7049999 4.869 2.3800001 49
-2.8659999 5.9289999 2.3369999 30
-2.8440001 5.5029998 2.352 41
-2.8380001 5.1420002 2.378 55
-2.806 4.802 2.378 48
-0.98199999 1.911 0.75999999 27
-0.98699999 1.806 0.77999997 3
-2.967 5.0999999 2.388 51
-2.9130001 4.744 2.382 50
-0.99299997 1.824 0.73299998 21
-0.99599999 1.725 0.75400001 34
-1.006 1.643 0.77899998 12
-3.013 4.677 2.382 49
-1.038 1.8 0.73100001 16
-1.013 1.664 0.736 21
-1.018 1.5829999 0.76099998 33
-1.023 1.515 0.78299999 10
-1.085 1.7819999 0.73299998 15
-1.0549999 1.645 0.73799998 18
-1.03 1.525 0.74400002 23
-1.026 1.451 0.76099998 36
-1.123 1.747 0.727 10
-1.073 1.589 0.72299999 7
-1.062 1.499 0.74299997 21
-1.034 1.396 0.745 36
-1.107 1.6339999 0.68900001 8
-1.126 1.5880001 0.73299998 12
-1.097 1.476 0.74299997 20
-1.0599999 1.369 0.74299997 28
-1.142 1.601 0.68599999 4
-1.158 1.5549999 0.72899997 3
-1.131 1.452 0.74299997 21
-1.0930001 1.349 0.745 24
-1.247 1.661 0.72299999 2
-1.209 1.5470001 0.73699999 14
-1.158 1.421 0.74000001 10
-1.122 1.325 0.745 25
-3.1370001 3.9749999 1.758 0
-1.244 1.517 0.736 16
-1.188 1.393 0.73900002 2
-1.151 1.302 0.74599999 25
-4.3509998 5.2470002 2.362 29
-1.2690001 1.476 0.72899997 1
-1.234 1.382 0.74800003 14
-1.165 1.262 0.73799998 13
-4.4759998 5.1409998 2.358 30
-3.1789999 3.527 1.777 1
-1.257 1.346 0.74199998 21
-1.193 1.237 0.73799998 3
-4.6069999 5.0380001 2.3559999 31
-3.2639999 3.457 1.778 1
-1.283 1.313 0.74000001 10
-1.227 1.2180001 0.74299997 7
-4.743 4.9419999 2.3599999 32
-3.4549999 3.4920001 1.834 1
-3.1819999 3.1159999 1.795 2
-1.2589999 1.197 0.74699998 17
-4.881 4.8470001 2.3659999 31
-4.5869999 4.4250002 2.3770001 37
-3.2490001 3.043 1.793 1
-1.283 1.169 0.74599999 24
-3.7579999 3.5539999 1.775 0
-4.7090001 4.3369999 2.3859999 38
-4.4489999 3.983 2.404 26
-1.298 1.133 0.741 11
-1.199 1.08 0.55299997 1
-4.8239999 4.2379999 2.3900001 30
-4.145 3.5469999 2.1960001 49
-1.3200001 1.102 0.73900002 2
-1.2130001 1.041 0.54699999 4
-4.9180002 4.1230001 2.3859999 30
-4.3720002 3.575 2.2709999 57
-3.2609999 2.6070001 1.795 3
-1.219 0.99599999 0.537 2
-4.5359998 3.625 2.1559999 23
-4.6009998 3.5940001 2.3469999 58
-3.306 2.527 1.788 0
-1.232 0.95700002 0.53200001 1
-4.7389998 3.6110001 2.21 40
-4.8049998 3.5840001 2.408 40
-4.4840002 3.2780001 2.3870001 42
-5.6170001 4.152 2.3800001 5
-1.207 0.87599999 0.55299997 2
-4.8930001 3.4809999 2.411 39
-4.598 3.2130001 2.4100001 37
-5.2319999 3.6760001 2.1760001 3
-1.221 0.84299999 0.54900002 4
-4.9699998 3.372 2.4100001 38
-4.6570001 3.1070001 2.405 43
-5.5510001 3.704 2.2679999 9
-1.222 0.80299997 0.54100001 4
-5.0489998 3.2639999 2.4119999 26
-4.7210002 3.0050001 2.4030001 25
-5.8930001 3.73 2.368 9
-1.239 0.773 0.54000002 2
-5.1290002 3.155 2.414 38
-4.7950001 2.9100001 2.408 35
-6.04 3.6210001 2.388 8
-1.257 0.74400002 0.53899997 1
-5.1989999 3.0409999 2.4130001 36
-4.8559999 2.806 2.4070001 39
-6.125 3.474 2.3859999 7
-5.645 3.1700001 2.3889999 5
-1.233 0.685 0.56400001 1
-4.9200001 2.704 2.408 25
-6.2199998 3.3310001 2.388 9
-5.6890001 3.0239999 2.3759999 9
-1.244 0.65499997 0.56199998 3
-4.9899998 2.6040001 2.4119999 39
-6.3200002 3.1919999 2.395 7
-5.8239999 2.924 2.402 8
-1.247 0.62099999 0.55699998 5
-5.0489998 2.5 2.414 35
-6.3870001 3.0350001 2.3900001 8
-5.9060001 2.7950001 2.4059999 8
-1.2539999 0.58999997 0.55400002 5
-5.1160002 2.398 2.4189999 37
-6.487 2.8929999 2.4000001 7
-5.9689999 2.658 2.404 10
-1.258 0.55800003 0.54900002 3
-5.1659999 2.2880001 2.4170001 42
-6.5489998 2.733 2.395 8
-6.0450001 2.526 2.4089999 10
-1.275 0.53200001 0.551 2
-5.2220001 2.1789999 2.418 38
-6.638 2.5829999 2.402 8
-6.125 2.3929999 2.4159999 11
-1.261 0.493 0.53899997 1
-5.2859998 2.075 2.425 40
-6.7030001 2.425 2.4030001 7
-6.1810002 2.2520001 2.4159999 9
-1.281 0.46900001 0.54299998 1
-5.3470001 1.967 2.431 35
-6.7709999 2.267 2.4059999 8
-6.2519999 2.1140001 2.421 11
-1.29 0.44 0.542 1
-1.261 0.433 0.56800002 1
-6.8460002 2.112 2.414 9
-6.2989998 1.969 2.4200001 11
-1.291 0.40900001 0.53799999 0
-1.273 0.40700001 0.56900001 2
-6.9109998 1.952 2.4189999 8
-6.3590002 1.8279999 2.425 10
-1.295 0.37799999 0.53600001 0
-1.2640001 0.375 0.56099999 4
-6.9369998 1.779 2.411 8
0 0 0 0
-1.311 0.35100001 0.53899997 0
-1.274 0.34799999 0.56099999 6
0 0 0 0
-6.487 1.543 2.441 1
-1.299 0.317 0.52999997 0
-1.272 0.31799999 0.55599999 1
0 0 0 0
-6.5300002 1.393 2.4419999 15
-1.311 0.28999999 0.53200001 1
-1.289 0.29300001 0.56 6
-7.0869999 1.283 2.425 8
-6.5310001 1.237 2.4300001 12
-1.3200001 0.26100001 0.53200001 1
-1.286 0.264 0.55500001 1
-7.1209998 1.113 2.4260001 8
-6.605 1.094 2.447 14
-1.322 0.23100001 0.53100002 1
-1.288 0.236 0.55299997 5
-1.306 0.17200001 0.44299999 5
-6.5929999 0.93599999 2.4319999 10
-1.322 0.20100001 0.528 0
-1.295 0.208 0.55299997 0
0 0 0 0
-6.6630001 0.78899997 2.4489999 15
-1.291 0.167 0.51300001 4
-1.314 0.182 0.55900002 5
0 0 0 0
-6.6900001 0.63599998 2.4519999 15
0 0 0 0
-1.324 0.155 0.56099999 0
-7.244 0.43099999 2.444 8
-6.7350001 0.48300001 2.4619999 13
0 0 0 0
-1.2920001 0.123 0.54500002 1
-6.625 0.235 2.233 4
-6.7090001 0.32600001 2.448 13
-6.2649999 0.38800001 2.4690001 7
-1.289 0.094999999 0.542 1
-7.2649999 0.085000001 2.4489999 8
-6.6869998 0.17 2.437 16
-6.2839999 0.249 2.471 7
-1.294 0.067000002 0.542 1
-7.2779999 -0.086000003 2.454 8
-6.7350001 0.017999999 2.4530001 10
-6.3039999 0.11 2.474 8
-1.314 0.039999999 0.55000001 1
-7.276 -0.259 2.457 8
-6.7459998 -0.13699999 2.4560001 11
-6.316 -0.028999999 2.4749999 8
-1.312 0.012 0.54699999 1
-7.302 -0.43399999 2.47 8
-6.7649999 -0.29300001 2.464 9
-6.335 -0.169 2.48 7
-1.329 -0.015 0.55299997 1
-7.2690001 -0.60600001 2.464 8
-6.7620001 -0.449 2.4649999 10
-6.3499999 -0.31200001 2.4849999 8
-1.321 -0.044 0.54900002 1
-7.2680001 -0.78100002 2.47 5
-6.7449999 -0.60500002 2.4619999 10
-6.3460002 -0.454 2.484 9
-1.319 -0.071999997 0.54799998 1
-7.237 -0.95200002 2.4690001 8
-6.7529998 -0.76300001 2.47 12
-6.3470001 -0.59600002 2.4849999 9
-1.336 -0.102 0.55400002 1
-7.2069998 -1.122 2.4690001 8
-6.7490001 -0.92000002 2.4749999 10
-6.3319998 -0.73699999 2.4820001 10
-1.334 -0.131 0.55299997 1
-7.191 -1.294 2.4749999 6
-6.723 -1.074 2.473 10
-6.348 -0.88200003 2.4920001 9
-1.332 -0.16 0.55299997 1
-7.1620002 -1.464 2.4790001 9
-6.7080002 -1.23 2.4760001 11
-6.3369999 -1.024 2.493 10
-1.336 -0.189 0.55500001 1
-6.6919999 -1.534 2.3299999 8
-6.698 -1.387 2.483 11
-6.3319998 -1.169 2.4960001 10
-1.332 -0.21799999 0.55400002 1
-7.1209998 -1.8099999 2.4960001 1
-6.5840001 -1.523 2.451 8
-6.3169999 -1.313 2.497 9
-1.339 -0.249 0.55699998 1
-7.0700002 -1.976 2.4960001 8
-6.244 -1.597 2.3369999 4
-6.3270001 -1.462 2.51 8
-1.346 -0.28099999 0.56099999 2
-7.0170002 -2.1400001 2.4960001 9
-6.619 -1.855 2.4920001 9
-6.0910001 -1.552 2.425 2
-1.358 -0.31400001 0.56699997 2
-6.678 -2.211 2.3959999 10
-6.5819998 -2.0079999 2.494 9
-5.6430001 -1.571 2.257 15
-1.347 -0.34299999 0.56400001 3
-6.2930002 -2.247 2.279 10
-6.5430002 -2.161 2.497 11
-6.244 -1.89 2.5090001 8
-1.344 -0.373 0.56400001 4
-5.9320002 -2.2780001 2.1689999 9
-6.2670002 -2.23 2.4100001 9
-6.2080002 -2.0309999 2.5079999 8
-1.349 -0.40599999 0.56900001 4
-5.631 -2.3150001 2.0810001 12
-5.9489999 -2.2720001 2.306 13
-6.198 -2.181 2.52 10
-1.352 -0.43900001 0.57200003 5
-5.3670001 -2.3559999 2.006 13
-5.6490002 -2.3069999 2.2090001 14
-1.392 -0.52499998 0.56900001 0
-1.3559999 -0.47400001 0.57599998 5
-5.0910001 -2.3770001 1.925 14
-5.368 -2.3369999 2.118 14
-1.383 -0.55699998 0.56999999 1
-1.357 -0.50700003 0.57999998 5
-4.8449998 -2.4030001 1.855 15
-5.1139998 -2.3670001 2.0380001 14
-1.3890001 -0.59600002 0.57599998 2
-1.369 -0.546 0.588 2
-4.618 -2.425 1.7920001 15
-4.8709998 -2.391 1.962 15
-1.3839999 -0.63099998 0.579 3
-5.48 -2.326 2.369 27
-4.4120002 -2.45 1.7359999 15
-1.402 -0.72799999 0.57099998 1
-1.386 -0.66900003 0.58499998 5
-5.2350001 -2.359 2.277 25
-4.2119999 -2.4690001 1.681 15
-1.408 -0.773 0.57999998 2
-1.393 -0.71100003 0.59299999 4
-4.9710002 -2.3710001 2.178 48
-4.0289998 -2.49 1.633 10
-1.391 -0.80500001 0.57999998 3
-4.4879999 -2.421 1.9299999 52
-4.7589998 -2.4000001 2.0999999 51
-1.42 -0.92400002 0.58499998 2
-1.393 -0.85000002 0.58899999 3
-4.289 -2.438 1.864 60
-4.5539999 -2.4230001 2.026 57
-1.414 -0.96700001 0.59200001 3
-3.892 -2.497 1.669 64
-4.105 -2.457 1.804 52
-4.362 -2.4449999 1.9579999 58
-3.5309999 -2.5380001 1.505 57
-3.724 -2.5109999 1.6210001 50
-3.938 -2.4790001 1.751 65
-4.171 -2.4590001 1.8890001 47
-3.381 -2.5510001 1.4680001 61
-3.569 -2.526 1.577 60
-3.7809999 -2.4990001 1.702 59
-4.0170002 -2.4890001 1.837 53
-3.2309999 -2.5569999 1.431 59
-3.415 -2.536 1.533 59
-3.6210001 -2.5120001 1.651 53
-3.842 -2.5 1.776 51
-3.115 -2.585 1.4069999 57
-3.2809999 -2.5539999 1.498 62
-3.4690001 -2.523 1.604 56
-3.6900001 -2.5190001 1.725 48
-1.438 -1.25 0.66299999 4
-3.145 -2.566 1.462 63
-3.3369999 -2.543 1.566 55
-3.53 -2.5250001 1.67 58
-2.859 -2.6040001 1.348 62
-1.4529999 -1.2410001 0.68800002 4
-3.198 -2.553 1.524 57
-3.391 -2.54 1.625 60
-2.753 -2.6259999 1.3279999 69
-1.406 -1.257 0.67900002 2
-1.472 -1.23 0.713 2
-3.267 -2.563 1.586 61
-2.642 -2.638 1.3049999 68
-2.7869999 -2.6099999 1.374 70
-1.4299999 -1.25 0.704 4
-3.132 -2.5699999 1.5420001 57
-1.614 -1.688 0.81699997 0
-2.6830001 -2.6289999 1.351 67
-2.842 -2.599 1.424 58
-1.447 -1.242 0.72299999 3
-1.5829999 -1.733 0.82300001 14
-1.584 -1.624 0.815 16
-1.587 -1.518 0.81099999 5
-1.397 -1.255 0.70899999 3
-1.525 -1.749 0.815 0
-1.5420001 -1.655 0.81199998 8
-1.563 -1.564 0.81400001 15
-1.5700001 -1.474 0.81 9
-1.494 -1.794 0.82099998 12
-1.502 -1.686 0.81099999 3
-1.53 -1.602 0.81400001 3
-1.5470001 -1.518 0.81199998 15
-1.454 -1.83 0.82300001 14
-1.483 -1.744 0.82200003 16
-1.501 -1.643 0.815 3
-1.516 -1.556 0.81099999 3
0 0 0 0
-1.446 -1.78 0.82300001 16
-1.472 -1.686 0.81800002 15
-1.484 -1.5930001 0.80900002 3
-0.68000001 -0.94199997 0.41 9
0 0 0 0
-1.438 -1.724 0.81900001 15
-1.465 -1.645 0.815 16
-0.66799998 -0.97100002 0.417 5
-0.68699998 -0.92900002 0.414 7
0 0 0 0
-1.447 -1.7 0.82300001 12
-0.63499999 -0.96799999 0.41 5
-0.68800002 -0.97500002 0.42699999 6
-0.68699998 -0.903 0.412 7
0 0 0 0
-0.70300001 -1.128 0.47099999 9
-0.653 -0.972 0.419 4
-0.69199997 -0.954 0.426 8
-0.68699998 -0.884 0.40900001 6
-0.69499999 -1.173 0.484 9
-0.66299999 -1.036 0.44 4
-0.67699999 -0.98000002 0.43000001 4
-0.68300003 -0.92199999 0.41800001 8
-0.65600002 -1.166 0.47600001 12
-0.70499998 -1.16 0.48500001 10
-0.64600003 -0.98100001 0.42300001 4
-0.685 -0.96799999 0.43000001 7
-0.62400001 -1.171 0.472 12
-0.676 -1.171 0.48300001 10
-0.713 -1.137 0.48199999 8
-0.66000003 -0.97899997 0.426 4
-0.59200001 -1.174 0.46799999 11
-0.63700002 -1.1619999 0.47299999 10
-0.69499999 -1.1670001 0.486 10
-0.64899999 -1.012 0.43200001 4
-0.56999999 -1.198 0.47299999 8
-0.60699999 -1.17 0.47 10
-0.66000003 -1.168 0.479 11
-0.708 -1.161 0.486 11
-0.55000001 -1.226 0.47999999 5
-0.57599998 -1.175 0.46599999 9
-0.62800002 -1.1720001 0.47400001 11
-0.67799997 -1.17 0.48100001 11
-0.53399998 -1.267 0.49200001 38
-0.55900002 -1.207 0.47400001 8
-0.59500003 -1.174 0.46799999 10
-0.63999999 -1.165 0.47099999 12
-0.51800001 -1.311 0.505 4
-0.55000001 -1.2640001 0.491 4
-0.58600003 -1.223 0.47999999 5
-0.61400002 -1.1799999 0.46900001 9
-0.48500001 -1.312 0.50199997 21
-0.53100002 -1.298 0.49900001 23
-0.58099997 -1.286 0.498 5
-0.61900002 -1.258 0.49200001 4
-0.46000001 -1.337 0.50800002 4
-0.50700003 -1.324 0.50400001 3
-0.55500001 -1.307 0.5 21
-0.602 -1.299 0.5 21
-0.426 -1.332 0.50300002 20
-0.47499999 -1.331 0.50199997 20
-0.53200001 -1.336 0.505 4
-0.57999998 -1.33 0.505 23
-0.398 -1.35 0.50700003 4
-0.44999999 -1.3559999 0.50700003 3
-0.49900001 -1.3430001 0.50199997 21
-0.551 -1.346 0.50400001 19
-0.36700001 -1.355 0.50599998 19
-0.417 -1.3559999 0.50300002 19
-0.47499999 -1.3710001 0.50700003 4
-0.523 -1.364 0.50400001 22
-0.338 -1.367 0.50800002 4
-0.38999999 -1.3789999 0.50800002 3
-0.44100001 -1.374 0.50300002 21
-0.49399999 -1.385 0.50400001 22
-0.30500001 -1.364 0.505 20
-0.35600001 -1.377 0.50400001 20
-0.41299999 -1.396 0.50599998 4
-0.465 -1.402 0.505 22
-0.27700001 -1.381 0.509 4
-0.329 -1.4 0.50800002 3
-0.382 -1.406 0.505 20
-0.435 -1.421 0.505 19
-0.244 -1.376 0.50599998 21
-0.29499999 -1.398 0.505 19
-0.354 -1.433 0.50999999 4
-0.405 -1.441 0.50599998 19
-0.215 -1.391 0.50999999 4
-0.264 -1.408 0.50599998 19
-0.31999999 -1.432 0.505 20
-0.37599999 -1.465 0.509 24
-0.183 -1.385 0.50599998 20
-0.233 -1.418 0.50599998 17
-0.28799999 -1.443 0.505 20
-0.34400001 -1.484 0.50999999 19
-0.13 -1.1849999 0.43200001 4
-0.20200001 -1.425 0.50700003 17
-0.25600001 -1.454 0.505 21
-0.31200001 -1.5 0.51099998 23
-0.086999997 -1 0.36399999 5
-0.168 -1.419 0.50300002 28
-0.223 -1.464 0.505 20
-0.278 -1.512 0.50999999 22
-0.064999998 -1.0089999 0.36700001 6
-0.097000003 -1.011 0.35699999 4
-0.191 -1.477 0.50700003 19
-0.245 -1.53 0.51099998 22
-0.045000002 -1.054 0.38299999 4
-0.074000001 -1.01 0.35499999 4
0 0 0 0
-0.211 -1.549 0.51300001 21
-0.059 -2.8710001 1.045 16
-0.050999999 -1.0140001 0.35600001 4
-0.082999997 -1.005 0.34099999 4
0 0 0 0
0.0040000002 -2.881 1.049 64
-0.048 -1.71 0.59899998 0
-0.059999999 -1.0089999 0.34 4
-0.089000002 -1.001 0.32699999 5
0.067000002 -2.8859999 1.052 59
-0.0099999998 -1.698 0.59399998 3
-0.108 -2.881 0.96899998 15
-0.066 -0.99900001 0.324 5
0.131 -2.8889999 1.054 64
0.046 -2.8870001 1.0089999 50
-0.041999999 -2.8829999 0.96600002 18
-0.041999999 -0.99599999 0.32100001 2
0.19499999 -2.8959999 1.059 63
0.112 -2.8889999 1.0089999 72
0.023 -2.8829999 0.963 65
-0.055 -2.8659999 0.91900003 4
0.259 -2.898 1.062 61
0.177 -2.8970001 1.012 67
0.090000004 -2.8970001 0.96499997 61
0.0070000002 -1.8710001 0.597 0
0.32499999 -2.9070001 1.067 61
0.243 -2.905 1.015 59
0.15700001 -2.8970001 0.963 60
0.050999999 -1.869 0.59299999 0
0.38999999 -2.914 1.073 66
0.31 -2.9119999 1.018 68
0.22400001 -2.904 0.96399999 66
0.147 -2.9000001 0.917 58
0.45699999 -2.9260001 1.081 66
0.377 -2.9170001 1.021 67
0.29300001 -2.9170001 0.96700001 67
0.215 -2.904 0.91500002 73
0.523 -2.925 1.085 64
0.44499999 -2.928 1.027 72
0.36000001 -2.9189999 0.96700001 65
0.28400001 -2.9030001 0.91299999 77
0.58999997 -2.934 1.0930001 64
0.51300001 -2.931 1.03 71
0.43000001 -2.9260001 0.96899998 69
0.354 -2.914 0.91399997 69
0.65899998 -2.9419999 1.102 63
0.57999998 -2.9289999 1.0319999 64
0.49900001 -2.9319999 0.972 74
0.42500001 -2.9219999 0.91500002 73
0.72799999 -2.9460001 1.109 60
0.653 -2.9449999 1.041 60
0.56999999 -2.9349999 0.97299999 74
0.49599999 -2.925 0.91399997 71
0.801 -2.96 1.12 61
0.72299999 -2.9489999 1.046 62
0.64300001 -2.947 0.97899997 64
0.56999999 -2.9360001 0.917 84
0.87199998 -2.9630001 1.128 61
0.79500002 -2.9530001 1.052 67
0.71600002 -2.9530001 0.98299998 63
0.64300001 -2.941 0.91900003 75
0.94099998 -2.961 1.135 51
0.86799997 -2.9579999 1.059 67
0.79100001 -2.9590001 0.98699999 66
0.71600002 -2.941 0.91900003 69
1.018 -2.9790001 1.15 58
0.94400001 -2.971 1.069 59
0.866 -2.967 0.99299997 65
0.79400003 -2.954 0.92500001 72
1.0930001 -2.983 1.16 57
1.0190001 -2.974 1.076 62
0.94400001 -2.9779999 1 58
0.87300003 -2.9679999 0.93099999 75
1.17 -2.99 1.1720001 59
1.099 -2.987 1.0880001 64
1.023 -2.9849999 1.007 57
0.95099998 -2.9690001 0.93300003 77
1.248 -2.9949999 1.184 61
1.178 -2.9920001 1.097 57
1.105 -2.9960001 1.016 60
1.035 -2.9849999 0.94099998 60
1.327 -3.0009999 1.197 62
1.263 -3.01 1.1109999 66
1.187 -3.0039999 1.024 55
1.118 -2.994 0.94800001 79
1.4119999 -3.013 1.2130001 39
1.3430001 -3.01 1.12 68
1.2690001 -3.006 1.031 68
1.2 -2.9949999 0.95200002 69
1.494 -3.017 1.226 44
1.427 -3.0139999 1.131 63
1.355 -3.0139999 1.041 58
1.288 -3.0039999 0.95999998 64
0.82499999 -1.579 0.64899999 0
1.513 -3.0190001 1.1440001 46
1.441 -3.017 1.05 41
1.377 -3.013 0.96799999 37
0 0 0 0
0.82700002 -1.563 0.597 1
1.5369999 -3.0339999 1.064 18
1.466 -3.016 0.97600001 71
1.763 -3.046 1.279 2
0 0 0 0
0 0 0 0
0 0 0 0
1.858 -3.0550001 1.298 56
1.796 -3.0539999 1.193 7
0 0 0 0
0 0 0 0
1.954 -3.0610001 1.318 55
1.896 -3.0639999 1.211 59
1.827 -3.059 1.104 47
1.785 -3.086 1.023 0
2.0599999 -3.079 1.3430001 56
1.9960001 -3.0699999 1.228 54
0 0 0 0
1.8710001 -3.0639999 1.025 48
2.1700001 -3.096 1.369 19
0 0 0 0
0 0 0 0
1.976 -3.0680001 1.038 32
0.99299997 -1.354 0.60699999 5
0 0 0 0
0 0 0 0
2.0880001 -3.0769999 1.053 5
1.268 -1.654 0.75300002 17
0 0 0 0
0 0 0 0
0 0 0 0
2.5050001 -3.1240001 1.4450001 11
0 0 0 0
0 0 0 0
0 0 0 0
0 0 0 0
0 0 0 0
0 0 0 0
1.224 -1.551 0.55199999 0
0 0 0 0
0 0 0 0
0 0 0 0
1.278 -1.541 0.55699998 2
2.8989999 -3.171 1.543 10
2.8529999 -3.165 1.4069999 12
0 0 0 0
0 0 0 0
1.439 -1.507 0.74699998 0
2.9990001 -3.1819999 1.441 12
0 0 0 0
2.9100001 -3.1849999 1.1900001 2
0 0 0 0
3.1500001 -3.1949999 1.474 10
0 0 0 0
3.0639999 -3.1949999 1.216 14
0 0 0 0
3.309 -3.2090001 1.511 13
3.29 -3.2320001 1.378 14
3.237 -3.217 1.249 11
0 0 0 0
3.493 -3.2390001 1.558 9
3.46 -3.244 1.413 14
3.4189999 -3.237 1.283 10
1.732 -1.526 0.82200003 0
1.7 -1.507 0.741 0
3.6489999 -3.2650001 1.454 9
3.609 -3.256 1.319 14
0 0 0 0
1.789 -1.515 0.76300001 0
3.842 -3.279 1.495 13
3.819 -3.283 1.3609999 15
0 0 0 0
4.1030002 -3.319 1.7130001 10
4.0760002 -3.3180001 1.551 13
4.0510001 -3.3150001 1.41 15
4.2199998 -3.2609999 1.887 18
4.2270002 -3.266 1.729 19
4.2220001 -3.277 1.572 18
4.2179999 -3.2850001 1.434 20
4.23 -3.1240001 1.857 18
4.2350001 -3.1240001 1.699 18
4.237 -3.131 1.544 18
4.2340002 -3.1359999 1.408 19
4.2490001 -2.9990001 1.8329999 18
4.257 -2.994 1.676 18
4.2529998 -2.993 1.52 18
4.2509999 -2.9920001 1.3839999 18
4.27 -2.8789999 1.811 18
4.2600002 -2.855 1.647 17
4.2659998 -2.8540001 1.495 17
4.27 -2.8540001 1.363 18
4.2800002 -2.7520001 1.784 17
4.2740002 -2.7279999 1.624 17
4.2880001 -2.727 1.476 17
4.2800002 -2.7119999 1.34 18
4.283 -2.6259999 1.757 18
4.2919998 -2.605 1.603 17
4.2969999 -2.5940001 1.4529999 17
4.2789998 -2.569 1.3150001 18
4.2979999 -2.51 1.737 18
4.3070002 -2.484 1.584 17
4.3109999 -2.467 1.434 16
4.3080001 -2.447 1.301 17
4.3070002 -2.391 1.714 17
4.3080001 -2.358 1.5599999 16
4.3169999 -2.3369999 1.4119999 21
4.3200002 -2.3180001 1.283 17
4.3140001 -2.276 1.693 17
4.3260002 -2.243 1.544 21
4.3319998 -2.2160001 1.396 22
4.3280001 -2.188 1.265 17
4.3429999 -2.1719999 1.6799999 17
4.336 -2.125 1.525 22
4.3410001 -2.0929999 1.378 23
4.3400002 -2.0650001 1.25 21
4.3530002 -2.0599999 1.6619999 17
4.3390002 -2.006 1.505 23
4.3629999 -1.98 1.3660001 23
4.3709998 -1.95 1.24 23
4.355 -1.948 1.642 23
4.3629999 -1.899 1.494 24
4.3720002 -1.862 1.351 24
4.369 -1.824 1.223 23
4.3590002 -1.837 1.623 23
4.3639998 -1.785 1.476 25
4.3800001 -1.745 1.336 26
4.3839998 -1.707 1.212 26
4.381 -1.7359999 1.6109999 25
4.3709998 -1.674 1.461 25
4.3969998 -1.6339999 1.326 29
4.3850002 -1.586 1.198 31
4.3920002 -1.632 1.597 24
4.395 -1.5700001 1.452 31
4.4039998 -1.52 1.313 28
4.3940001 -1.47 1.187 33
4.3930001 -1.525 1.58 26
4.3959999 -1.46 1.437 33
4.415 -1.409 1.302 31
4.4099998 -1.358 1.179 36
4.414 -1.426 1.571 31
4.4060001 -1.353 1.425 35
1.2869999 -0.377 0.375 1
1.301 -0.366 0.34400001 28
1.3049999 -0.38999999 0.45899999 28
1.364 -0.38499999 0.43700001 44
1.524 -0.40799999 0.44100001 9
1.568 -0.40000001 0.41100001 5
1.577 -0.435 0.55000001 1
1.612 -0.417 0.51200002 3
4.4489999 -1.082 1.276 31
4.4650002 -1.026 1.161 1
4.4390001 -1.1210001 1.534 32
4.4419999 -1.041 1.398 38
4.4549999 -0.97299999 1.267 19
4.461 -0.912 1.152 36
4.4499998 -1.021 1.524 32
1.2359999 -0.25999999 0.38499999 1
4.4749999 -0.86799997 1.263 37
4.46 -0.80000001 1.143 58
1.2079999 -0.25 0.41 4
4.467 -0.83700001 1.3839999 39
4.4710002 -0.759 1.253 20
4.4879999 -0.69400001 1.1440001 2
1.21 -0.223 0.40799999 1
4.4850001 -0.73500001 1.3789999 11
4.5009999 -0.65600002 1.2539999 7
4.506 -0.58499998 1.142 11
1.223 -0.198 0.40900001 5
4.494 -0.63300002 1.373 10
4.5050001 -0.54799998 1.247 1
0 0 0 0
1.24 -0.17299999 0.412 0
0 0 0 0
0 0 0 0
1.207 -0.097000003 0.303 10
0 0 0 0
0 0 0 0
1.211 -0.090000004 0.33199999 9
0 0 0 0
0 0 0 0
1.204 -0.086000003 0.361 9
0 0 0 0
0.89700001 -0.028000001 0.223 0
0 0 0 0
0 0 0 0
1.2180001 -0.033 0.331 10
1.221 -0.0089999996 0.30399999 9
0 0 0 0
1.219 -0.032000002 0.36300001 10
1.2180001 -0.0040000002 0.33000001 10
0 0 0 0
1.214 -0.035999998 0.391 10
1.223 -0.0049999999 0.36199999 10
0 0 0 0
0.72899997 0.028999999 0.18099999 0
1.225 -0.0089999996 0.39300001 11
0 0 0 0
0 0 0 0
0 0 0 0
1.224 0.017000001 0.391 1
0 0 0 0
0 0 0 0
0 0 0 0
0 0 0 0
0 0 0 0
0.60500002 0.054000001 0.163 1
0 0 0 0
1.229 0.071000002 0.389 11
0 0 0 0
0.588 0.067000002 0.15800001 1
0.62 0.085000001 0.154 3
1.235 0.097999997 0.38999999 10
0 0 0 0
0.58899999 0.081 0.15899999 2
0.62900001 0.102 0.15700001 2
0 0 0 0
0 0 0 0
0.56400001 0.090999998 0.152 1
0.616 0.115 0.154 2
1.244 0.154 0.391 12
0 0 0 0
0.588 0.109 0.15899999 2
0.61199999 0.13 0.154 2
1.249 0.183 0.39199999 13
0.565 0.101 0.16500001 1
0.55599999 0.116 0.15099999 1
0.54799998 0.13 0.138 1
1.248 0.211 0.391 11
0.55699998 0.113 0.163 1
0.56800002 0.133 0.154 1
0.57599998 0.15099999 0.146 1
1.255 0.241 0.39300001 11
0.62199998 0.141 0.182 1
0.57700002 0.149 0.15700001 1
0.58399999 0.168 0.149 1
1.257 0.27000001 0.39300001 11
1.268 0.31799999 0.373 9
0.583 0.16599999 0.16 1
0.588 0.185 0.15099999 1
1.258 0.29899999 0.39300001 11
1.2690001 0.34900001 0.37400001 10
0.60000002 0.186 0.16500001 0
0.58899999 0.20100001 0.152 1
1.2690001 0.33199999 0.39700001 11
1.272 0.38100001 0.37599999 10
0 0 0 0
0.58600003 0.21600001 0.153 1
1.267 0.36199999 0.39700001 11
1.274 0.414 0.37799999 10
1.289 0.46700001 0.36000001 8
0.59899998 0.237 0.15800001 1
1.27 0.39300001 0.39899999 11
1.28 0.44800001 0.38100001 3
0 0 0 0
0.597 0.25299999 0.15899999 1
1.277 0.42699999 0.40099999 11
1.3279999 0.49900001 0.39700001 1
1.301 0.542 0.368 1
0.611 0.27700001 0.164 1
1.2920001 0.46399999 0.40700001 8
1.329 0.53500003 0.40000001 1
1.303 0.579 0.37200001 50
0.61199999 0.29499999 0.16599999 1
1.298 0.5 0.41 1
1.303 0.55900002 0.39399999 41
1.303 0.616 0.37599999 13
0.62300003 0.31900001 0.171 0
1.299 0.53299999 0.412 13
1.298 0.59200001 0.39500001 13
1.3099999 0.65700001 0.38100001 11
0.62300003 0.338 0.17299999 0
1.337 0.58399999 0.426 0
1.308 0.63300002 0.40099999 9
1.3099999 0.69599998 0.38499999 52
0 0 0 0
1.369 0.63499999 0.43799999 4
1.323 0.67900002 0.40900001 21
1.318 0.74000001 0.39199999 13
1.336 0.81 0.38299999 10
1.363 0.67000002 0.43799999 4
1.3430001 0.72799999 0.419 7
0 0 0 0
1.344 0.85900003 0.391 54
1.362 0.708 0.44 4
1.386 0.79299998 0.43599999 5
1.352 0.84600002 0.412 1
1.3430001 0.90499997 0.39700001 6
1.348 0.74000001 0.43900001 5
0 0 0 0
1.42 0.935 0.43900001 3
1.388 0.98400003 0.417 4
1.3279999 0.76800001 0.435 8
0 0 0 0
0 0 0 0
1.4220001 1.059 0.435 3
1.312 0.79799998 0.433 6
1.329 0.88700002 0.43200001 6
1.363 0.99199998 0.433 1
1.372 1.074 0.428 4
1.321 0.84500003 0.44 1
1.3329999 0.935 0.43799999 5
1.341 1.024 0.433 12
0 0 0 0
1.274 0.85600001 0.428 2
1.309 0.96399999 0.43599999 11
1.314 1.054 0.43200001 3
0 0 0 0
1.281 0.90399998 0.435 8
1.286 0.99299997 0.43399999 9
0 0 0 0
1.296 1.173 0.43000001 2
1.261 0.93300003 0.43200001 9
0 0 0 0
0 0 0 0
1.263 1.198 0.42899999 2
1.245 0.96600002 0.43200001 9
0 0 0 0
1.238 1.143 0.43000001 1
1.257 1.25 0.43700001 2
0 0 0 0
1.23 1.0930001 0.435 0
1.198 1.16 0.426 6
1.391 1.45 0.49599999 2
0 0 0 0
1.199 1.1160001 0.43200001 9
1.184 1.202 0.43000001 3
1.424 1.557 0.52100003 0
1.204 1.073 0.43399999 5
1.173 1.1440001 0.43000001 13
1.149 1.221 0.42699999 3
1.209 1.386 0.45500001 3
1.176 1.097 0.43000001 9
1.143 1.1670001 0.42699999 8
1.132 1.261 0.43099999 2
1.097 1.3200001 0.42500001 8
1.155 1.128 0.42899999 9
1.12 1.197 0.42699999 3
1.456 1.7 0.56800002 0
0 0 0 0
1.133 1.158 0.428 11
1.09 1.221 0.42500001 3
1.071 1.311 0.42899999 0
0.47099999 0.62400001 0.19400001 9
1.115 1.194 0.42899999 3
1.066 1.251 0.42500001 1
1.03 1.323 0.42500001 4
0.449 0.62400001 0.191 13
1.084 1.215 0.42500001 3
0 0 0 0
0 0 0 0
0.42899999 0.62800002 0.189 13
1.057 1.2410001 0.42300001 2
0 0 0 0
0.44600001 0.63099998 0.19499999 4
0.41299999 0.63700002 0.189 12
0 0 0 0
0 0 0 0
0.42500001 0.63300002 0.192 4
0.391 0.634 0.186 12
0 0 0 0
0.44999999 0.639 0.199 2
0.40599999 0.63499999 0.19 4
0.37200001 0.63700002 0.184 12
0 0 0 0
0.417 0.62400001 0.19 4
0.38100001 0.62900001 0.185 6
0.35499999 0.64099997 0.183 12
0.44400001 0.63 0.19499999 5
0.40000001 0.62900001 0.189 4
0.36300001 0.63099998 0.183 8
0.336 0.64099997 0.18099999 12
0.42300001 0.63099998 0.191 5
0.382 0.63200003 0.186 6
0.34799999 0.639 0.183 9
0.317 0.64099997 0.17900001 12
0.403 0.63300002 0.18700001 10
0.36399999 0.63499999 0.184 9
0.329 0.63999999 0.18099999 10
0.29899999 0.64200002 0.178 11
0.384 0.63499999 0.184 13
0.345 0.63599998 0.18099999 10
0.31200001 0.64300001 0.18000001 10
0.28099999 0.64300001 0.176 11
0.366 0.63800001 0.18099999 13
0.33000001 0.64200002 0.18000001 11
0.29499999 0.64499998 0.178 10
0.264 0.64399999 0.175 9
0.35100001 0.64499998 0.18000001 13
0.31200001 0.64399999 0.178 11
0.27700001 0.64499998 0.176 10
0.24600001 0.64300001 0.17399999 7
0.329 0.64099997 0.176 13
0.29300001 0.64200002 0.175 11
0.259 0.64499998 0.17399999 9
0.229 0.64200002 0.17200001 6
0.31099999 0.64099997 0.17299999 13
0 0 0 0
0.243 0.64700001 0.17299999 10
0.214 0.64600003 0.17200001 4
0.294 0.64600003 0.171 13
0.25799999 0.64499998 0.171 11
0 0 0 0
0.199 0.653 0.17299999 6
0.27599999 0.64600003 0.168 12
0.243 0.64999998 0.17 11
0.211 0.653 0.17200001 9
0.182 0.648 0.171 5
0.25999999 0.64999998 0.167 12
0.227 0.653 0.169 11
0 0 0 0
0.16500001 0.64499998 0.169 4
0.244 0.65399998 0.16500001 12
0.211 0.65700001 0.168 11
0.18000001 0.65899998 0.171 10
0.15099999 0.653 0.171 1
0.227 0.653 0.162 12
0 0 0 0
0 0 0 0
0.13500001 0.65100002 0.17 12
0.20999999 0.65399998 0.16 12
0.17900001 0.66000003 0.16500001 10
0.145 0.64999998 0.16599999 5
0.125 0.68099999 0.177 3
0.19400001 0.65700001 0.15899999 12
0 0 0 0
0 0 0 0
0.127 0.79400003 0.206 1
0.176 0.653 0.156 12
0.146 0.65799999 0.162 9
0.124 0.708 0.17900001 3
0 0 0 0
0.15700001 0.63999999 0.15099999 3
0 0 0 0
0.127 0.83700001 0.211 1
0.37400001 3.3099999 0.85799998 1
0.147 0.671 0.156 3
0.12800001 0.73699999 0.17900001 3
0.42899999 3.336 0.83899999 1
0.29499999 3.2780001 0.85000002 15
0.13600001 0.69499999 0.161 4
0.134 0.89499998 0.21600001 0
0.34999999 3.3210001 0.833 11
0.233 3.49 0.90399998 31
0.13 0.76300001 0.17399999 4
0.42300001 3.358 0.80599999 1
0.271 3.3010001 0.82599998 13
0.163 3.7060001 0.96100003 59
0.13500001 0.91900003 0.208 0
0.34099999 3.3329999 0.79500002 12
0.214 3.6370001 0.90799999 122
0.079000004 3.7320001 0.96899998 31
0 0 0 0
0.25999999 3.306 0.78399998 14
0.134 3.7219999 0.92799997 68
-0.012 8.132 2.1140001 15
0.33199999 3.355 0.74800003 11
0.20299999 3.674 0.86799997 73
0.048 3.7360001 0.93000001 29
-0.19599999 8.1309996 2.118 14
0.25 3.346 0.74000001 13
0.119 3.717 0.875 58
-0.085000001 8.5279999 2.1229999 18
-0.38 8.1070004 2.1170001 11
0.19 3.7130001 0.815 56
0.030999999 3.697 0.86699998 28
-0.28099999 8.526 2.1229999 15
-0.56300002 8.0790005 2.1159999 15
0.1 3.678 0.80299997 26
-0.132 8.9890003 2.1029999 20
-0.47799999 8.5209999 2.1229999 15
-0.15800001 1.716 0.45100001 21
0.012 3.694 0.801 7
-0.34099999 8.9870005 2.098 12
-0.671 8.4849997 2.1170001 15
-0.197 1.707 0.44999999 2
-0.186 9.198 1.985 1
-0.55500001 9.0249996 2.1029999 10
-0.86500001 8.4639997 2.1159999 18
-0.248 1.7970001 0.47600001 47
-0.40200001 9.132 1.962 1
-0.76599997 9.0220003 2.1010001 9
-0.23 1.835 0.45899999 7
-0.285 1.765 0.47 44
-0.62300003 9.1549997 1.959 1
-0.97799999 9.0120001 2.098 15
-0.26499999 1.785 0.44800001 40
-0.324 1.752 0.46900001 49
-0.84399998 9.1689997 1.955 1
-0.23999999 1.816 0.42199999 22
-0.303 1.758 0.44299999 41
-0.366 1.76 0.47400001 45
-1.068 9.1940002 1.955 1
-0.27599999 1.77 0.412 38
-0.34299999 1.751 0.44299999 39
-0.405 1.747 0.47400001 51
-0.25299999 1.804 0.38299999 32
-0.31600001 1.7539999 0.40900001 39
-0.38800001 1.7640001 0.44800001 39
-0.447 1.749 0.47799999 43
-0.29100001 1.768 0.37400001 34
-0.35800001 1.753 0.40900001 34
-0.42899999 1.76 0.449 41
-0.49000001 1.753 0.48199999 42
-0.333 1.755 0.37099999 34
-0.40599999 1.775 0.41600001 36
-0.47299999 1.762 0.45199999 45
-0.52600002 1.7309999 0.47999999 43
-0.38299999 1.783 0.377 32
-0.44999999 1.776 0.417 31
-0.509 1.737 0.449 37
-0.57099998 1.738 0.486 42
-0.433 1.804 0.382 31
-0.48699999 1.747 0.412 34
-0.54900002 1.727 0.449 42
-0.90799999 2.5680001 0.72500002 22
-0.47 1.77 0.375 29
-0.523 1.72 0.40700001 36
-0.59799999 1.74 0.456 39
-0.64499998 1.702 0.48500001 36
-0.50400001 1.729 0.36700001 30
-0.56699997 1.719 0.40900001 37
-0.634 1.719 0.454 4
-0.68800002 1.699 0.48899999 52
-0.54299998 1.71 0.36399999 35
-0.61500001 1.728 0.414 10
-0.67400002 1.706 0.45500001 34
-1.061 2.4619999 0.71600002 2
-0.58999997 1.714 0.366 33
-2.73 7.132 1.72 34
-1.132 2.681 0.72100002 8
-1.122 2.4519999 0.722 13
-2.6530001 7.1389999 1.534 70
-3.8740001 9.4469995 2.2939999 14
0 0 0 0
-1.169 2.4089999 0.71700001 0
-3.1919999 7.9970002 1.728 0
-4.0430002 9.2390003 2.2609999 34
-4.0029998 8.3950005 2.303 26
-2.983 5.8169999 1.7539999 0
-4.0949998 9.5790005 2.0810001 55
-4.2529998 9.1330004 2.2550001 34
-4.2030001 8.3190002 2.3069999 30
-4.0630002 7.5089998 2.293 15
-1.0599999 2.323 0.50800002 0
-4.4689999 9.0369997 2.2520001 31
-4.3829999 8.2060003 2.303 32
-4.2550001 7.461 2.309 31
-4.6849999 9.6459999 2.125 17
-1.0880001 2.076 0.52200001 3
-4.5599999 8.0909996 2.2980001 26
-4.414 7.3569999 2.309 33
-4.9790001 9.6479998 2.1429999 12
-4.9860001 8.9949999 2.2880001 2
-1.11 1.868 0.537 2
-4.5799999 7.2639999 2.313 30
-5.3060002 9.6999998 2.174 16
-5.184 8.8529997 2.277 2
-1.127 1.803 0.52499998 2
-4.743 7.164 2.316 27
-5.6259999 9.7229996 2.2019999 17
-5.3860002 8.724 2.2709999 4
0 0 0 0
-1.13 1.628 0.53399998 2
-5.974 9.7679996 2.2349999 9
-5.6560001 8.7010002 2.296 3
0 0 0 0
-1.147 1.577 0.52600002 3
-6.158 9.5439997 2.21 1
-5.9070001 8.6350002 2.3099999 2
-1.156 1.595 0.486 2
-5.237 6.8720002 2.335 4
-6.4759998 9.5240002 2.2349999 4
-1.142 1.589 0.43099999 1
-5.7010002 7.506 2.3269999 4
-5.382 6.75 2.335 6
-1.154 1.612 0.38299999 0
-4.5619998 6.0419998 1.666 1
-5.869 7.3720002 2.325 4
-5.5149999 6.6129999 2.3299999 3
-6.941 9.2150002 2.224 3
0 0 0 0
-6.0479999 7.2540002 2.329 4
-5.6490002 6.4759998 2.326 2
-7.2410002 9.1450005 2.2420001 3
0 0 0 0
-6.2329998 7.1370001 2.335 3
-5.8579998 6.4260001 2.355 2
-1.1569999 1.39 0.34599999 3
-6.862 7.8720002 2.2869999 2
-6.3930001 6.9959998 2.335 4
-5.9679999 6.2620001 2.3429999 5
-1.178 1.348 0.34200001 1
-7.1040001 7.7709999 2.3010001 3
-6.5949998 6.8969998 2.3510001 3
-6.099 6.1259999 2.3429999 6
-8.1239996 8.8500004 2.289 1
-7.3010001 7.6209998 2.303 3
-6.7459998 6.7420001 2.348 3
-6.2529998 6.0110002 2.3510001 6
-8.2010002 8.5120001 2.247 2
-7.447 7.4190001 2.2920001 4
-5.7919998 5.5320001 1.971 1
-6.3639998 5.8540001 2.345 5
0 0 0 0
-1.201 1.142 0.36000001 0
-5.8829999 5.3709998 1.959 1
-6.5089998 5.7290001 2.352 6
-8.5179996 8.0270004 2.2160001 1
-1.204 1.092 0.35299999 1
-5.9899998 5.224 1.954 2
-6.651 5.6009998 2.358 5
-8.7819996 7.8790002 2.2279999 3
-1.211 1.0470001 0.347 1
-5.9920001 4.9920001 1.916 8
-6.7659998 5.448 2.3559999 5
-9.1169996 7.7909999 2.2609999 4
-1.214 1.001 0.34099999 1
-6.1529999 4.8959999 1.931 2
-6.9180002 5.3260002 2.368 5
-9.2639999 7.5339999 2.247 2
-8.4250002 6.625 2.3210001 3
-7.651 5.809 2.3570001 4
-7.1550002 5.2639999 2.4089999 1
-9.533 7.3759999 2.2639999 4
-8.5909996 6.4380002 2.323 3
-7.7750001 5.631 2.3540001 3
0 0 0 0
-9.7209997 7.1529999 2.263 2
-8.7110004 6.2119999 2.312 3
-1.23 0.84899998 0.366 1
0 0 0 0
-9.8540001 6.8870001 2.25 2
-8.9020004 6.04 2.322 3
-1.23 0.80900002 0.36000001 1
-7.3709998 4.7119999 2.3699999 6
-10.119 6.7140002 2.27 3
-9.033 5.8260002 2.3169999 3
-1.238 0.77499998 0.35699999 1
-7.5019999 4.566 2.378 1
-10.343 6.5079999 2.2809999 2
-9.1999998 5.632 2.322 3
-1.234 0.73400003 0.35100001 1
-7.5960002 4.4000001 2.375 6
-10.469 6.237 2.2720001 4
-9.3690004 5.4390001 2.3299999 4
-1.2460001 0.70300001 0.34900001 1
-7.0019999 3.855 2.1619999 8
-10.67 6.0120001 2.2820001 4
-9.6999998 5.3299999 2.378 1
-1.248 0.66799998 0.345 0
-7.447 3.8900001 2.27 14
-10.844 5.7690001 2.286 2
-7.5669999 3.931 1.831 3
-7.849 3.9779999 2.145 1
-7.8889999 3.905 2.3770001 16
-7.8860002 3.9519999 1.64 1
-9.7810001 4.7950001 2.3369999 5
-8.3430004 3.993 2.253 7
-7.9510002 3.723 2.368 18
-11.05 5.2080002 2.27 1
-8.8909998 4.105 2.099 1
-8.9230003 4.027 2.3829999 8
-1.2589999 0.55599999 0.37099999 0
-11.4 5.04 2.3150001 4
-9.4910002 4.1139998 2.214 6
-9.0749998 3.8529999 2.3970001 13
-1.247 0.51899999 0.36300001 1
-11.595 4.7919998 2.3280001 4
-10.221 4.1500001 2.3599999 13
-9.1540003 3.6440001 2.3929999 5
-1.28 0.5 0.36899999 2
-11.103 4.2789998 2.2079999 4
-10.319 3.9100001 2.358 9
-9.2799997 3.4549999 2.402 5
-1.275 0.46599999 0.36399999 2
-11.59 4.1479998 2.2839999 13
-10.415 3.6719999 2.359 4
-9.3339996 3.2390001 2.395 5
-1.266 0.43200001 0.359 3
-11.87 3.925 2.319 2
-10.477 3.4219999 2.3529999 4
-9.4440002 3.039 2.402 4
0 0 0 0
-12.036 3.661 2.3340001 4
-10.628 3.197 2.368 3
-9.5159998 2.829 2.401 4
-1.261 0.37 0.35100001 0
-12.162 3.381 2.3429999 4
-10.701 2.95 2.3659999 3
-9.5930004 2.619 2.4030001 4
-1.2640001 0.34099999 0.34900001 1
-12.129 3.056 2.3210001 3
-10.819 2.7130001 2.3770001 4
-9.6829996 2.4100001 2.408 4
-1.2690001 0.31299999 0.34799999 1
-12.254 2.776 2.332 3
-10.866 2.4579999 2.372 4
-9.7349997 2.1919999 2.404 4
-1.289 0.28799999 0.35100001 1
-12.383 2.494 2.3469999 4
-10.953 2.2090001 2.3770001 3
0 0 0 0
-1.302 0.26199999 0.35299999 0
0 0 0 0
-11.028 1.959 2.3829999 4
-9.9259996 1.77 2.4219999 4
-9.0030003 1.6109999 2.425 3
0 0 0 0
-11.098 1.704 2.3870001 4
-9.9650002 1.548 2.4200001 4
-9.0349998 1.414 2.4189999 4
-1.293 0.164 0.242 10
-1.299 0.168 0.278 7
-1.301 0.17200001 0.31400001 5
-1.274 0.171 0.33899999 1
0 0 0 0
0 0 0 0
0 0 0 0
-9.1660004 1.03 2.4300001 4
0 0 0 0
0 0 0 0
0 0 0 0
-9.1929998 0.83200002 2.427 4
-12.738 0.69099998 2.381 4
-11.329 0.67299998 2.408 5
-10.196 0.65700001 2.437 4
-9.2410002 0.63300002 2.428 7
-12.77 0.38499999 2.388 4
-11.35 0.41 2.4089999 4
-10.23 0.42699999 2.4389999 4
-9.2980003 0.435 2.4349999 5
-12.807 0.077 2.3959999 2
-11.415 0.145 2.4200001 4
-10.274 0.199 2.4430001 4
-9.3389997 0.23199999 2.437 6
-12.808 -0.228 2.3989999 4
-11.456 -0.119 2.428 4
-10.334 -0.029999999 2.4530001 5
-9.408 0.029999999 2.448 4
-12.855 -0.54000002 2.4130001 2
-11.47 -0.38499999 2.431 3
-10.342 -0.26100001 2.4519999 5
-9.4449997 -0.17299999 2.451 7
-12.837 -0.84399998 2.418 5
-11.494 -0.65200001 2.4389999 4
-10.366 -0.49700001 2.454 4
-9.4589996 -0.37900001 2.4489999 7
-11.58 -1.0420001 2.188 13
-11.531 -0.92199999 2.45 5
-10.403 -0.73199999 2.4630001 4
-9.5019999 -0.58899999 2.4549999 6
-12.726 -1.4529999 2.414 5
-6.8150001 -0.70499998 1.45 0
-10.421 -0.96799999 2.467 5
-9.5170002 -0.79699999 2.4560001 5
-11.97 -1.659 2.2809999 2
-11.461 -1.4579999 2.444 4
-10.043 -1.1619999 2.378 3
-9.5640001 -1.013 2.4649999 2
-10.975 -1.789 2.1029999 3
-11.293 -1.7029999 2.415 5
-9.2869997 -1.286 2.201 2
-9.5469999 -1.221 2.4590001 7
-9.9840002 -1.874 1.924 4
-10.376 -1.8099999 2.227 3
-10.429 -1.6849999 2.474 4
-8.9280005 -1.34 2.299 6
-9.2150002 -1.956 1.788 4
-9.5950003 -1.903 2.0680001 3
-10.009 -1.847 2.3789999 5
-9.5889997 -1.653 2.47 8
-8.6059999 -2.0439999 1.682 5
-8.8929996 -1.979 1.926 4
-9.2559996 -1.923 2.2049999 4
-9.5740004 -1.867 2.467 6
-3.9159999 -1.029 0.77100003 0
-8.3000002 -2.0510001 1.806 3
-8.6630001 -2.0039999 2.0699999 6
-9.0270004 -1.965 2.3280001 6
-7.4180002 -2.138 1.475 2
-7.46 -2.027 1.633 0
-3.905 -0.99599999 0.93599999 0
-8.4589996 -2.0369999 2.184 5
-7.0029998 -2.2019999 1.405 8
-7.2639999 -2.1559999 1.6 7
0 0 0 0
0 0 0 0
-6.5780001 -2.2420001 1.3329999 9
-6.816 -2.1949999 1.512 9
0 0 0 0
0 0 0 0
-6.2020001 -2.279 1.27 9
-6.4349999 -2.2390001 1.437 11
-6.691 -2.197 1.624 10
-7.0320001 -2.188 1.8279999 8
-5.875 -2.3180001 1.217 11
-6.085 -2.276 1.37 10
-6.3369999 -2.2390001 1.546 11
-6.631 -2.224 1.728 7
-5.559 -2.3469999 1.166 13
-5.7649999 -2.309 1.3099999 14
-6.0250001 -2.283 1.478 14
-6.283 -2.2609999 1.643 9
-5.27 -2.3740001 1.119 15
-5.4790001 -2.342 1.257 14
-5.7119999 -2.312 1.411 14
-5.9439998 -2.2869999 1.5599999 10
-5.0279999 -2.4100001 1.082 16
-5.1999998 -2.3670001 1.204 15
-5.4219999 -2.3380001 1.348 14
-5.6960001 -2.336 1.502 10
-4.7729998 -2.4289999 1.0420001 16
-4.961 -2.3989999 1.161 17
-5.177 -2.372 1.2970001 15
-5.402 -2.3570001 1.431 13
-4.5370002 -2.4449999 1.005 16
-4.73 -2.4230001 1.119 16
-4.9400001 -2.4000001 1.247 16
-5.1539998 -2.3840001 1.372 16
-4.3429999 -2.474 0.977 15
-4.5089998 -2.4419999 1.08 15
-4.7080002 -2.418 1.199 16
-4.9250002 -2.4100001 1.319 13
-4.1469998 -2.493 0.949 15
-4.3179998 -2.4690001 1.048 15
-4.493 -2.437 1.154 15
-4.704 -2.431 1.267 11
-3.964 -2.513 0.92199999 14
-4.125 -2.4860001 1.0140001 15
-4.3070002 -2.4630001 1.118 15
-4.4980001 -2.451 1.221 9
-3.789 -2.5280001 0.898 14
-3.948 -2.5050001 0.98400003 19
-4.119 -2.48 1.08 14
-4.2789998 -2.457 1.169 2
-3.6340001 -2.5510001 0.87699997 17
-3.779 -2.523 0.95599997 18
-3.961 -2.5079999 1.05 18
-1.408 -0.85000002 0.38699999 1
-3.471 -2.5599999 0.85399997 17
-3.618 -2.5369999 0.92900002 18
-3.7850001 -2.5190001 1.015 13
-1.408 -0.89300001 0.391 1
-3.325 -2.575 0.83499998 18
-3.467 -2.552 0.90499997 18
-3.6240001 -2.5309999 0.98400003 10
-1.413 -0.94 0.396 2
-3.1949999 -2.595 0.81999999 17
-3.319 -2.562 0.88099998 18
-1.438 -1.053 0.39500001 1
-1.413 -0.98500001 0.40000001 2
-3.069 -2.615 0.80500001 10
-3.1949999 -2.586 0.86400002 11
-1.4400001 -1.105 0.40099999 1
-1.419 -1.0369999 0.40599999 2
-2.931 -2.618 0.787 17
-1.45 -1.229 0.39899999 1
-1.4450001 -1.161 0.40900001 1
-3.3570001 -2.5710001 0.97100002 12
0 0 0 0
-1.451 -1.289 0.40700001 1
-3.095 -2.6040001 0.889 9
-3.224 -2.5840001 0.94300002 19
-1.4630001 -1.436 0.412 2
-2.822 -2.6259999 0.80900002 13
-2.9579999 -2.6070001 0.86299998 15
-3.1070001 -2.6059999 0.921 17
-2.5840001 -2.6570001 0.74800003 20
-2.7090001 -2.6400001 0.79299998 25
-2.8429999 -2.6210001 0.84399998 22
-2.9679999 -2.6040001 0.89099997 9
-2.4749999 -2.665 0.736 26
-2.5969999 -2.6489999 0.778 28
-2.737 -2.638 0.82700002 24
-2.858 -2.6210001 0.87 23
-2.375 -2.6789999 0.72600001 25
-2.4949999 -2.664 0.76499999 27
-2.619 -2.642 0.80599999 25
-2.7460001 -2.632 0.84799999 24
-2.276 -2.691 0.71700001 25
-2.3889999 -2.6700001 0.75099999 24
-2.517 -2.6559999 0.79100001 27
-2.6370001 -2.6440001 0.82800001 23
-2.191 -2.7149999 0.71200001 23
-2.2939999 -2.6849999 0.73900002 26
-2.415 -2.6659999 0.77499998 24
-2.5280001 -2.6500001 0.80699998 24
-2.0969999 -2.727 0.704 24
-2.2130001 -2.7160001 0.73299998 25
-2.319 -2.6800001 0.75999999 23
-2.4330001 -2.668 0.79000002 25
0 0 0 0
-2.115 -2.7190001 0.72000003 24
-2.237 -2.707 0.75 22
-2.336 -2.678 0.773 25
-0.63700002 -0.91399997 0.229 6
0 0 0 0
-2.145 -2.7179999 0.73699999 22
-2.243 -2.6919999 0.75700003 24
-0.611 -0.921 0.228 6
-0.648 -0.91600001 0.234 4
0 0 0 0
-2.1589999 -2.7090001 0.74400002 21
-0.588 -0.93099999 0.227 8
-0.62099999 -0.92299998 0.23199999 4
-0.65899998 -0.91799998 0.23899999 4
-2.0710001 -2.723 0.73000002 22
-0.55900002 -0.93199998 0.22499999 8
-0.59799999 -0.93300003 0.23100001 8
-0.63 -0.921 0.235 4
0 0 0 0
-0.53200001 -0.93599999 0.223 8
-0.56800002 -0.93300003 0.227 7
-0.60900003 -0.93400002 0.234 8
-0.639 -0.92400002 0.236 5
-0.50400001 -0.935 0.221 8
-0.54100001 -0.93699998 0.22499999 7
-0.57999998 -0.935 0.23 8
-0.60900003 -0.92400002 0.23100001 7
-0.479 -0.94 0.22 8
-0.514 -0.93900001 0.223 7
-0.551 -0.935 0.22499999 7
-0.58600003 -0.935 0.229 8
-0.45300001 -0.94099998 0.21799999 8
-0.48699999 -0.94 0.22 7
-0.52399999 -0.93699998 0.222 7
-0.55699998 -0.93300003 0.22400001 8
-0.428 -0.94499999 0.21699999 8
-0.463 -0.94400001 0.21799999 7
-0.49599999 -0.93699998 0.21799999 7
-0.53200001 -0.93900001 0.221 8
-0.403 -0.94700003 0.21600001 8
-0.43599999 -0.94300002 0.21600001 7
-0.46900001 -0.93699998 0.215 7
-0.505 -0.94099998 0.21699999 8
-0.37799999 -0.94700003 0.215 7
-0.41 -0.94400001 0.213 7
-0.447 -0.94599998 0.214 7
-0.477 -0.94 0.213 8
-0.35499999 -0.95300001 0.215 7
-0.38699999 -0.949 0.212 7
-0.42199999 -0.949 0.211 7
-0.45100001 -0.93900001 0.208 8
-0.33000001 -0.95200002 0.213 7
-0.36199999 -0.94999999 0.20999999 7
-0.396 -0.94800001 0.208 7
-0.42699999 -0.94400001 0.206 8
-0.303 -0.94300002 0.20999999 10
-0.338 -0.95300001 0.20900001 7
-0.37200001 -0.94999999 0.206 7
-0.39899999 -0.93800002 0.20100001 7
-0.28200001 -0.94999999 0.20999999 10
-0.315 -0.95300001 0.207 7
-0.34900001 -0.954 0.204 7
-0.377 -0.94499999 0.199 7
-0.259 -0.94999999 0.20900001 10
-0.287 -0.94199997 0.20299999 8
-0.31999999 -0.94 0.199 9
-0.34999999 -0.93900001 0.19499999 10
-0.236 -0.94999999 0.20900001 10
-0.266 -0.949 0.20299999 8
-0.29699999 -0.94300002 0.197 9
-0.324 -0.935 0.191 10
-0.213 -0.95300001 0.20900001 10
-0.243 -0.94700003 0.20100001 8
-0.273 -0.94 0.19400001 9
-0.303 -0.94099998 0.189 10
-0.19 -0.94999999 0.207 13
-0.219 -0.94599998 0.2 8
-0.25099999 -0.94599998 0.193 9
-0.278 -0.93900001 0.186 14
-0.169 -0.954 0.208 10
-0.198 -0.954 0.2 9
-0.228 -0.94700003 0.191 9
-0.25999999 -0.958 0.18700001 1
-0.147 -0.95700002 0.208 10
-0.176 -0.95499998 0.199 9
-0.205 -0.94400001 0.189 8
-0.236 -0.95599997 0.184 0
-0.126 -0.95999998 0.208 13
-0.154 -0.95499998 0.198 9
-0.184 -0.95099998 0.18799999 9
-0.212 -0.949 0.18000001 7
-0.103 -0.95700002 0.207 12
-0.131 -0.95200002 0.197 9
-0.162 -0.95300001 0.18700001 9
-0.192 -0.963 0.18000001 2
-0.081 -0.95499998 0.207 7
-0.11 -0.95700002 0.197 9
-0.14 -0.954 0.186 9
-0.167 -0.95099998 0.176 14
-0.059999999 -0.958 0.208 5
-0.088 -0.95300001 0.19499999 4
-0.117 -0.95300001 0.184 9
-0.14399999 -0.949 0.17299999 14
-0.037999999 -0.963 0.20900001 5
-0.066 -0.95499998 0.19499999 4
-0.094999999 -0.954 0.183 6
-0.122 -0.95200002 0.17200001 14
-0.050999999 -2.8859999 0.62599999 17
-0.044 -0.95700002 0.19499999 4
-0.072999999 -0.95499998 0.182 5
-0.098999999 -0.94599998 0.169 10
0.013 -2.8929999 0.62800002 79
-0.068999998 -2.875 0.58399999 20
-0.050999999 -0.95499998 0.18099999 5
-0.077 -0.94499999 0.167 7
0.078000002 -2.8970001 0.63 76
-0.0040000002 -2.8929999 0.58700001 76
-0.028999999 -0.949 0.17900001 1
-0.055 -0.94400001 0.16500001 7
0.142 -2.901 0.63200003 80
0.061000001 -2.898 0.58700001 75
-0.025 -2.8889999 0.54100001 21
-0.033 -0.94599998 0.164 6
0.208 -2.908 0.63599998 80
0.126 -2.898 0.58600003 79
0.041000001 -2.9000001 0.54100001 78
-0.035999998 -2.888 0.498 20
0.27399999 -2.9130001 0.63800001 76
0.19400001 -2.911 0.58899999 78
0.108 -2.9059999 0.53899997 78
0.030999999 -2.8959999 0.495 81
0.34200001 -2.9260001 0.64300001 74
0.25999999 -2.9159999 0.58899999 82
0.175 -2.9100001 0.53799999 74
0.097999997 -2.905 0.49200001 86
0.40900001 -2.931 0.64700001 70
0.32699999 -2.918 0.58999997 79
0.243 -2.9219999 0.53799999 77
0.167 -2.9130001 0.49000001 82
0.47499999 -2.9289999 0.64899999 73
0.39500001 -2.9300001 0.59299999 75
0.31099999 -2.927 0.53799999 80
0.234 -2.918 0.48800001 92
0.54500002 -2.9449999 0.65600002 80
0.465 -2.9419999 0.59600002 74
0.38 -2.9300001 0.537 84
0.30399999 -2.9230001 0.48500001 90
0.61299998 -2.9489999 0.66000003 76
0.53299999 -2.9400001 0.597 80
0.44999999 -2.9430001 0.53799999 82
0.373 -2.928 0.48300001 92
0.68300003 -2.951 0.66299999 76
0.60299999 -2.9460001 0.60000002 80
0.52100003 -2.9489999 0.53899997 74
0.44499999 -2.9360001 0.48199999 87
0.755 -2.96 0.66900003 74
0.67500001 -2.9530001 0.602 74
0.59100002 -2.947 0.53799999 84
0.51700002 -2.947 0.48100001 82
0.82800001 -2.97 0.676 73
0.74699998 -2.96 0.60600001 80
0.66399997 -2.9549999 0.53899997 81
0.58899999 -2.951 0.47999999 89
0.90100002 -2.974 0.68099999 72
0.82300001 -2.973 0.611 77
0.73799998 -2.9660001 0.54100001 80
0.66100001 -2.95 0.47799999 91
0.97500002 -2.983 0.68800002 74
0.89600003 -2.9749999 0.61400002 79
0.81199998 -2.9679999 0.542 82
0.73799998 -2.967 0.47999999 95
1.051 -2.99 0.69499999 72
0.97100002 -2.98 0.61799997 77
0.875 -2.931 0.53600001 150
0.80599999 -2.944 0.47499999 150
1.13 -3 0.70300001 71
1.05 -2.99 0.62300003 75
0.96899998 -2.9949999 0.54799998 78
0.77100003 -2.5769999 0.414 106
1.2079999 -3.0050001 0.70999998 78
1.13 -2.9979999 0.62800002 82
1.0470001 -2.994 0.55000001 82
0.972 -2.9879999 0.47999999 93
1.286 -3.0039999 0.71600002 75
1.211 -3.0079999 0.634 73
1.1289999 -3.0050001 0.55299997 78
1.051 -2.9890001 0.47999999 93
1.075 -2.3670001 0.56900001 3
1.293 -3.0139999 0.63999999 78
1.212 -3.0120001 0.55599999 71
1.135 -3 0.48199999 85
1.091 -2.267 0.55000001 3
1.075 -2.355 0.50300002 3
1.2920001 -3.0079999 0.55800003 65
1.224 -3.017 0.484 87
0 0 0 0
1.09 -2.253 0.48500001 3
1.076 -2.3540001 0.43799999 3
1.304 -3.007 0.48300001 43
0.84200001 -1.5700001 0.389 2
0 0 0 0
1.091 -2.2479999 0.421 3
1.0779999 -2.3340001 0.37599999 4
0 0 0 0
0 0 0 0
0.81999999 -1.594 0.30000001 0
1.098 -2.237 0.36199999 3
0 0 0 0
0 0 0 0
0 0 0 0
0.82499999 -1.586 0.257 3
1.244 -1.992 0.51200002 4
1.182 -1.969 0.44 0
0 0 0 0
0 0 0 0
1.312 -2.0009999 0.52100003 4
1.25 -1.979 0.44800001 5
1.202 -1.984 0.382 3
0 0 0 0
1.376 -2.0009999 0.528 3
1.323 -1.993 0.456 4
1.274 -1.997 0.38800001 4
1.224 -1.9910001 0.32800001 4
2.2379999 -3.1070001 0.83099997 22
1.396 -2.003 0.46399999 4
1.339 -1.995 0.391 3
1.296 -2 0.331 4
2.3559999 -3.1229999 0.84799999 21
1.221 -1.671 0.39199999 7
1.4170001 -2.0090001 0.398 4
1.364 -1.998 0.33399999 4
2.4790001 -3.1400001 0.86500001 21
2.3889999 -3.118 0.74199998 23
2.3180001 -3.131 0.62900001 24
1.214 -1.691 0.285 12
1.334 -1.617 0.45300001 2
2.52 -3.141 0.75800002 15
2.4430001 -3.1440001 0.639 21
2.3540001 -3.1199999 0.53100002 22
0 0 0 0
1.35 -1.608 0.39399999 2
0 0 0 0
2.4890001 -3.1389999 0.53899997 21
2.8599999 -3.171 0.91900003 2
2.8050001 -3.188 0.79299998 1
0 0 0 0
1.342 -1.6109999 0.28 7
3.0050001 -3.188 0.94 13
2.9360001 -3.1889999 0.80699998 18
2.8570001 -3.188 0.67500001 10
0 0 0 0
3.1630001 -3.2130001 0.96600002 14
3.0880001 -3.2049999 0.82499999 19
3.0020001 -3.198 0.68800002 18
2.921 -3.184 0.56800002 2
3.325 -3.233 0.991 14
3.24 -3.2149999 0.84399998 19
3.1689999 -3.2219999 0.70499998 18
3.089 -3.2119999 0.58099997 14
3.4879999 -3.247 1.016 14
3.418 -3.2420001 0.86799997 14
3.339 -3.2409999 0.722 18
2.575 -2.55 0.46900001 9
3.678 -3.277 1.048 14
3.5969999 -3.2609999 0.89099997 14
3.526 -3.266 0.74199998 14
2.625 -2.4790001 0.46399999 19
3.859 -3.29 1.076 14
3.7939999 -3.2880001 0.91799998 14
3.723 -3.2909999 0.76300001 14
3.645 -3.28 0.625 14
4.0760002 -3.323 1.112 14
4.007 -3.3150001 0.94599998 15
3.9260001 -3.3080001 0.78299999 15
3.8399999 -3.29 0.639 15
4.2309999 -3.299 1.131 19
4.2080002 -3.3239999 0.972 24
4.165 -3.346 0.81 16
4.0739999 -3.325 0.66000003 14
4.2480001 -3.165 1.113 18
4.2340002 -3.1930001 0.958 23
4.2379999 -3.2449999 0.80500001 24
4.2340002 -3.29 0.66799998 19
4.2600002 -3.0320001 1.095 17
4.244 -3.052 0.94 23
4.2459998 -3.099 0.78899997 23
4.244 -3.1370001 0.653 19
4.2659998 -2.8989999 1.077 18
4.2610002 -2.9219999 0.926 23
4.2649999 -2.9619999 0.77499998 24
4.2610002 -2.994 0.63999999 19
4.2789998 -2.773 1.062 17
4.277 -2.793 0.91100001 23
4.2779999 -2.825 0.76099998 24
4.2649999 -2.845 0.62599999 18
4.2909999 -2.651 1.046 17
4.2950001 -2.6659999 0.898 23
4.2979999 -2.694 0.74900001 25
4.29 -2.714 0.61500001 17
4.3140001 -2.5339999 1.034 16
4.309 -2.543 0.88499999 23
4.302 -2.559 0.73500001 24
4.303 -2.5780001 0.60299999 17
4.3309999 -2.4189999 1.021 17
4.3150001 -2.4159999 0.87 23
4.3280001 -2.4400001 0.72600001 24
4.316 -2.447 0.59299999 17
4.3270001 -2.2939999 1.0039999 21
4.336 -2.3 0.86000001 23
4.3410001 -2.313 0.71499997 24
4.3299999 -2.319 0.58399999 22
4.342 -2.1830001 0.99199998 22
4.3410001 -2.1800001 0.847 24
4.3470001 -2.1900001 0.704 21
2.9579999 -1.494 0.391 27
4.3600001 -2.075 0.98199999 23
4.3439999 -2.059 0.83499998 24
4.362 -2.0699999 0.69499999 24
4.3639998 -2.0739999 0.56800002 24
4.3639998 -1.961 0.96799999 25
4.3579998 -1.947 0.82499999 27
4.3740001 -1.951 0.685 25
4.3720002 -1.947 0.55800003 25
4.3850002 -1.8559999 0.95999998 24
4.3670001 -1.832 0.81400001 29
4.382 -1.832 0.676 25
4.3439999 -1.8099999 0.546 16
4.3870001 -1.744 0.94700003 28
4.3740001 -1.72 0.80500001 32
4.4060001 -1.721 0.66900003 29
3.6789999 -1.4299999 0.45500001 11
4.3990002 -1.6390001 0.93699998 32
4.3909998 -1.612 0.79699999 30
4.408 -1.605 0.66100001 29
3.7030001 -1.337 0.45100001 11
4.4050002 -1.5319999 0.926 32
4.401 -1.5039999 0.78799999 34
4.4169998 -1.493 0.65399998 32
4.4099998 -1.474 0.53100002 33
4.4219999 -1.431 0.91900003 34
4.4130001 -1.398 0.78100002 36
4.4359999 -1.383 0.648 34
4.415 -1.358 0.52499998 33
4.4239998 -1.326 0.90899998 35
4.4299998 -1.294 0.77399999 37
4.4439998 -1.273 0.64200002 38
4.4289999 -1.245 0.51999998 35
1.322 -0.36500001 0.26800001 14
1.362 -0.36399999 0.235 8
1.2920001 -0.33700001 0.184 5
4.447 -1.1339999 0.51599997 34
1.574 -0.39700001 0.315 0
1.577 -0.384 0.26899999 0
1.293 -0.30500001 0.182 9
4.4580002 -1.022 0.51200002 39
4.46 -1.023 0.88499999 38
4.4660001 -0.98000002 0.755 41
1.298 -0.27399999 0.18099999 10
1.607 -0.32800001 0.183 7
4.474 -0.92400002 0.87900001 36
1.298 -0.25400001 0.21699999 1
1.311 -0.245 0.18099999 8
1.609 -0.28799999 0.18099999 51
4.4809999 -0.824 0.87199998 42
1.311 -0.226 0.21699999 4
1.3200001 -0.215 0.18099999 6
1.651 -0.25400001 0.184 17
4.4829998 -0.72399998 0.86400002 21
1.301 -0.19400001 0.214 2
1.317 -0.183 0.17900001 3
1.666 -0.215 0.185 54
2.1040001 -0.292 0.40099999 16
0 0 0 0
0.58099997 -0.066 0.078000002 2
0 0 0 0
0 0 0 0
0.574 -0.059 0.092 2
0.55599999 -0.050000001 0.074000001 1
0 0 0 0
0 0 0 0
0 0 0 0
0 0 0 0
1.7130001 -0.094999999 0.18700001 155
0 0 0 0
1.294 -0.072999999 0.206 8
1.448 -0.063000001 0.192 1
2.0650001 -0.064999998 0.22400001 150
1.211 -0.059999999 0.223 10
1.301 -0.044 0.206 10
1.5039999 -0.029999999 0.198 3
1.779 -0.013 0.193 86
1.222 -0.034000002 0.223 10
1.3 -0.015 0.204 9
1.505 0.0040000002 0.197 9
0 0 0 0
1.229 -0.0080000004 0.223 10
1.288 0.013 0.20100001 3
0 0 0 0
2.401 0.097000003 0.259 2
0 0 0 0
0 0 0 0
2.411 0.122 0.31400001 5
2.316 0.15099999 0.25 37
1.261 0.046999998 0.226 0
1.288 0.072999999 0.199 5
2.312 0.171 0.30000001 32
2.2420001 0.20100001 0.241 39
0 0 0 0
1.278 0.101 0.197 10
2.233 0.219 0.289 39
2.178 0.249 0.235 50
1.243 0.102 0.22 10
1.289 0.132 0.198 9
2.1949999 0.26699999 0.28400001 46
3.3399999 0.463 0.361 4
1.242 0.12899999 0.21799999 10
1.291 0.161 0.197 9
3.3410001 0.48500001 0.433 4
3.3559999 0.54799998 0.36399999 4
1.248 0.15700001 0.21799999 10
1.298 0.192 0.198 6
3.3429999 0.56699997 0.433 4
3.358 0.63200003 0.36500001 4
1.2460001 0.185 0.21699999 10
1.3 0.223 0.198 7
3.365 0.65200001 0.43599999 4
1.9450001 0.41600001 0.212 3
1.2539999 0.215 0.21699999 10
1.303 0.255 0.198 8
0 0 0 0
3.385 0.81 0.37099999 0
1.266 0.24600001 0.21799999 8
1.3049999 0.28600001 0.198 8
0 0 0 0
3.4089999 0.903 0.37599999 0
1.268 0.27599999 0.21799999 6
1.303 0.31799999 0.197 9
3.3900001 0.91100001 0.44100001 1
2.043 0.59399998 0.226 92
1.272 0.30599999 0.21799999 6
1.312 0.352 0.198 9
2.0409999 0.60000002 0.266 86
1.997 0.63300002 0.223 130
1.261 0.333 0.21600001 3
1.317 0.38499999 0.199 10
2.0380001 0.65100002 0.26699999 86
1.766 0.60699999 0.199 46
1.27 0.366 0.21600001 4
1.316 0.41800001 0.2 10
2.089 0.722 0.27500001 1
0 0 0 0
1.285 0.40099999 0.219 7
1.321 0.45300001 0.2 11
0 0 0 0
1.6390001 0.65399998 0.18799999 1
1.288 0.43399999 0.21799999 8
0 0 0 0
0 0 0 0
1.636 0.699 0.189 69
1.283 0.465 0.21699999 1
0 0 0 0
2.0009999 0.85500002 0.26800001 152
0 0 0 0
0 0 0 0
1.349 0.56900001 0.206 45
1.351 0.61500001 0.182 5
1.645 0.79900002 0.19499999 14
1.294 0.53500003 0.219 56
1.344 0.60299999 0.206 11
1.372 0.66399997 0.18700001 2
1.647 0.84899998 0.198 52
1.2920001 0.56800002 0.219 12
0 0 0 0
1.365 0.69999999 0.18700001 47
1.649 0.90100002 0.20100001 36
1.301 0.60699999 0.22 11
1.332 0.67299998 0.206 8
1.369 0.74400002 0.19 11
4.112 2.378 0.509 16
1.33 0.65799999 0.22499999 4
1.326 0.70899999 0.206 49
1.3789999 0.792 0.193 57
2.418 1.477 0.30399999 92
1.318 0.68900001 0.22400001 47
1.319 0.745 0.206 12
1.3839999 0.83899999 0.19599999 62
1.392 0.89700001 0.178 13
1.318 0.727 0.22400001 13
1.342 0.79900002 0.211 57
1.391 0.889 0.199 55
0 0 0 0
1.3380001 0.778 0.228 54
1.34 0.83999997 0.213 58
1.368 0.92000002 0.199 25
1.409 1.006 0.18700001 50
1.339 0.81900001 0.229 54
1.348 0.88800001 0.21600001 52
1.369 0.96700001 0.20200001 12
1.415 1.063 0.192 55
1.344 0.86400002 0.23100001 49
0 0 0 0
1.36 1.01 0.20299999 52
1.424 1.124 0.197 3
0 0 0 0
1.354 0.98500001 0.221 12
1.37 1.069 0.208 41
0 0 0 0
1.362 0.96499997 0.236 38
1.365 1.0420001 0.22499999 46
0 0 0 0
0 0 0 0
1.364 1.0140001 0.23800001 48
0 0 0 0
0 0 0 0
1.41 1.288 0.20900001 49
1.3710001 1.068 0.23999999 33
0 0 0 0
1.415 1.274 0.227 11
1.4220001 1.363 0.21600001 51
0 0 0 0
1.416 1.244 0.242 1
1.415 1.335 0.23100001 44
1.432 1.4400001 0.223 41
0 0 0 0
1.413 1.301 0.245 45
1.419 1.404 0.237 48
1.442 1.52 0.23100001 49
1.405 1.256 0.252 41
1.4170001 1.365 0.249 43
1.433 1.485 0.244 43
1.448 1.602 0.23899999 45
1.4119999 1.322 0.25600001 45
1.425 1.4400001 0.255 43
1.439 1.5650001 0.25099999 46
1.461 1.696 0.249 41
1.4170001 1.3890001 0.259 45
1.434 1.517 0.26100001 42
1.452 1.655 0.25999999 41
0 0 0 0
1.433 1.47 0.26499999 44
1.443 1.6 0.26699999 44
1.45 1.733 0.266 14
0 0 0 0
1.4450001 1.551 0.27000001 47
1.4579999 1.693 0.27500001 41
2.141 2.6849999 0.40400001 0
2.26 3.0350001 0.426 75
1.456 1.635 0.27599999 40
0 0 0 0
2.085 2.743 0.40599999 0
0.97000003 1.369 0.189 9
1.4630001 1.72 0.28200001 31
0 0 0 0
2.2090001 3.053 0.44299999 19
0.93400002 1.387 0.189 9
0 0 0 0
0 0 0 0
2.138 3.1059999 0.44299999 36
0 0 0 0
0 0 0 0
2.1559999 3.03 0.447 6
2.0480001 3.1300001 0.43900001 20
0 0 0 0
0 0 0 0
2.096 3.095 0.44600001 20
4.9949999 8.0389996 1.109 1
0 0 0 0
2.142 3.046 0.442 8
0 0 0 0
3.0569999 5.1859999 0.70499998 7
1.52 2.799 0.36700001 19
2.0829999 3.1129999 0.43900001 32
0 0 0 0
0 0 0 0
1.439 2.8010001 0.36500001 74
0 0 0 0
0 0 0 0
1.4809999 2.803 0.37099999 17
1.355 2.8010001 0.36199999 78
0 0 0 0
0.54100001 0.98299998 0.13 4
1.399 2.8050001 0.366 73
0.889 1.954 0.25099999 0
0 0 0 0
1.455 2.796 0.36399999 17
1.318 2.8039999 0.36199999 25
0.61000001 1.428 0.182 56
1.521 2.8 0.35499999 14
1.375 2.802 0.35800001 65
0.62699997 1.421 0.18099999 6
0.61799997 1.548 0.19599999 33
1.438 2.799 0.34599999 20
0 0 0 0
0.60699999 1.467 0.185 39
0.63300002 1.7029999 0.215 30
0.68699998 1.4170001 0.171 2
0.61199999 1.41 0.17399999 11
0.62 1.603 0.2 32
0 0 0 0
0.64600003 1.416 0.16599999 5
0.61299998 1.506 0.183 33
0.62800002 1.7460001 0.21600001 14
0 0 0 0
0.61400002 1.432 0.164 42
0.62800002 1.653 0.197 30
2.8050001 8.4029999 1.0319999 15
2.3770001 8.0860004 1.012 20
0.62199998 1.548 0.17399999 32
0.625 1.768 0.208 3
0 0 0 0
2.1900001 8.1459999 1.018 4
0.63499999 1.6950001 0.186 29
2.763 8.4329996 0.97899997 24
0 0 0 0
1.855 7.6020002 0.949 11
3.0309999 8.6969995 0.93599999 38
2.46 8.1520004 0.93300003 1
2.0739999 8.052 0.96799999 8
0 0 0 0
2.803 8.6870003 0.91500002 11
2.2550001 8.151 0.92199999 2
1.773 7.618 0.91000003 35
0 0 0 0
2.4200001 8.1520004 0.84100002 1
1.9220001 7.6259999 0.852 7
0 0 0 0
1.969 11.504 1.436 3
2.2130001 8.1359997 0.82300001 5
1.734 7.6350002 0.84299999 17
0.192 1.043 0.123 2
0.31 2.109 0.26300001 39
1.881 7.6139998 0.75599998 11
2.329 11.479 1.253 1
0 0 0 0
0.296 2.3970001 0.30000001 20
0 0 0 0
0 0 0 0
0.31200001 2.283 0.26800001 2
0.36199999 3.6210001 0.454 5
0 0 0 0
0.32499999 2.105 0.22499999 2
0.40599999 3.5910001 0.421 5
0.278 3.6270001 0.456 6
0 0 0 0
0.31299999 2.392 0.25299999 31
0.32499999 3.6389999 0.42500001 6
0.19400001 3.6429999 0.45899999 5
0.31400001 2.102 0.19400001 4
0.384 3.586 0.377 5
0.23999999 3.641 0.42500001 5
0.27700001 9.1429996 1.158 6
0.44600001 3.5580001 0.322 1
0.30700001 3.678 0.38299999 8
0.15700001 3.677 0.428 7
0.064000003 9.1499996 1.163 3
0.36700001 3.6099999 0.322 6
0.219 3.651 0.37799999 5
0.178 9.1359997 1.0650001 3
-0.14399999 9.0909996 1.1619999 2
0.28600001 3.681 0.32300001 5
0.33399999 9.1149998 0.93699998 9
-0.033 9.1440001 1.066 2
-0.354 9.0909996 1.168 3
0.199 3.6849999 0.31900001 5
0.12 9.1110001 0.93000001 83
-0.23899999 8.9549999 1.044 2
-0.56699997 9.1149998 1.177 2
0.27900001 9.1120005 0.77700001 47
-0.092 9.1529999 0.93000001 2
-0.45500001 9.0900002 1.062 2
-0.78100002 9.1569996 1.1900001 1
0.061999999 9.1230001 0.76700002 35
-0.301 9.0190001 0.912 2
-0.66799998 9.1129999 1.066 2
-0.99900001 9.1999998 1.204 1
-0.15099999 9.052 0.75099999 2
-0.51899999 9.1059999 0.91600001 2
-0.56300002 5.8369999 0.68400002 1
-0.244 1.85 0.243 28
-0.368 9.1079998 0.74599999 2
-0.51999998 6.4660001 0.648 1
-0.68000001 5.6599998 0.66500002 2
-0.278 1.795 0.23800001 32
-0.45899999 7.1360002 0.57700002 0
-0.64899999 6.2410002 0.62300003 2
-0.26300001 1.832 0.21600001 35
-0.31600001 1.7690001 0.236 34
-0.63200003 7.177 0.574 1
-0.23899999 1.868 0.186 3
-0.29800001 1.783 0.211 27
-0.36399999 1.7970001 0.242 33
-1.034 9.2089996 0.72799999 1
-0.27700001 1.826 0.18099999 35
-0.33899999 1.774 0.211 34
-1.915 8.4569998 1.152 50
-0.25099999 1.846 0.14399999 22
-0.31299999 1.783 0.177 31
-0.39500001 1.835 0.219 15
-2.128 8.4879999 1.1670001 43
-0.29100001 1.814 0.14 29
-0.36000001 1.799 0.178 34
-2.0350001 8.4940004 1.022 6
-0.484 1.762 0.244 26
-0.333 1.7970001 0.138 25
0 0 0 0
-0.47099999 1.784 0.21600001 8
-0.51200002 1.709 0.23999999 35
-0.382 1.819 0.138 2
0 0 0 0
-0.50099999 1.735 0.211 34
-0.54799998 1.688 0.23899999 45
0 0 0 0
-0.48800001 1.78 0.177 9
-0.537 1.711 0.20999999 34
-0.59299999 1.6950001 0.243 36
0 0 0 0
-0.52100003 1.737 0.17299999 33
-0.57300001 1.686 0.208 37
0 0 0 0
-0.51099998 1.7869999 0.133 32
-0.55699998 1.712 0.171 33
-0.62 1.697 0.212 12
0 0 0 0
-0.542 1.737 0.12899999 33
-0.59899998 1.704 0.171 31
0 0 0 0
0 0 0 0
-0.58200002 1.7180001 0.127 33
0 0 0 0
0 0 0 0
0 0 0 0
0 0 0 0
0 0 0 0
0 0 0 0
0 0 0 0
0 0 0 0
0 0 0 0
0 0 0 0
0 0 0 0
0 0 0 0
0 0 0 0
0 0 0 0
0 0 0 0
-4.2969999 9.5600004 0.704 3
0 0 0 0
0 0 0 0
0 0 0 0
-4.6020002 9.6140003 0.708 2
0 0 0 0
0 0 0 0
0 0 0 0
-4.908 9.6459999 0.71100003 3
0 0 0 0
0 0 0 0
0 0 0 0
-5.1989999 9.6389999 0.71200001 2
0 0 0 0
0 0 0 0
0 0 0 0
0 0 0 0
0 0 0 0
0 0 0 0
0 0 0 0
0 0 0 0
0 0 0 0
0 0 0 0
-1.166 1.598 0.27900001 0
0 0 0 0
0 0 0 0
-1.151 1.59 0.23100001 2
-7.6139998 9.9530001 1.773 18
0 0 0 0
-1.155 1.617 0.18000001 0
0 0 0 0
-8.0139999 10.005 1.818 17
-1.126 1.594 0.121 7
0 0 0 0
0 0 0 0
-8.4189997 10.042 1.863 17
-7.3920002 9.9420004 0.76200002 13
0 0 0 0
0 0 0 0
-8.8450003 10.081 1.911 10
-7.7680001 9.9399996 0.76999998 17
0 0 0 0
0 0 0 0
-9.3129997 10.149 1.966 9
-8.2189999 10.005 0.78399998 14
0 0 0 0
0 0 0 0
-9.8199997 10.229 2.027 9
-8.677 10.059 0.79799998 12
-1.173 1.29 0.155 1
-9.79 10.218 1.671 4
-10.323 10.284 2.0869999 9
-9.1429996 10.095 0.81300002 13
-1.182 1.24 0.152 1
-10.269 10.235 1.711 7
-9.8179998 9.3559999 1.946 2
-9.6599998 10.158 0.82999998 7
-1.1799999 1.181 0.148 1
-10.812 10.296 1.762 7
-11.273 10.27 2.191 8
-10.169 10.189 0.84799999 6
-1.1950001 1.141 0.146 1
-11.341 10.317 1.8099999 10
-11.296 9.8409996 2.155 2
-10.775 10.288 0.87300003 11
-1.1900001 1.084 0.142 1
-11.961 10.39 1.87 8
-11.585 9.6499996 2.1730001 3
-11.345 10.315 0.89200002 10
0 0 0 0
-12.609 10.458 1.934 5
-11.992 9.5419998 2.21 2
-12.018 10.409 0.92199999 9
0 0 0 0
-13.346 10.566 2.0090001 6
0 0 0 0
-12.718 10.483 0.94999999 7
0 0 0 0
-14.101 10.648 2.085 6
0 0 0 0
-12.101 9.493 0.88300002 2
0 0 0 0
-14.845 10.688 2.158 7
0 0 0 0
0 0 0 0
0 0 0 0
-1.22 0.83700001 0.17399999 0
0 0 0 0
0 0 0 0
0 0 0 0
-1.222 0.79699999 0.17200001 1
-13.403 8.427 2.2909999 2
0 0 0 0
0 0 0 0
-1.2130001 0.75300002 0.168 1
-13.267 7.934 2.237 5
0 0 0 0
0 0 0 0
-1.237 0.73000002 0.169 2
0 0 0 0
0 0 0 0
-15.935 9.276 1.607 3
-1.2359999 0.69099998 0.16599999 2
0 0 0 0
0 0 0 0
0 0 0 0
-1.245 0.65899998 0.16500001 0
0 0 0 0
0 0 0 0
0 0 0 0
-1.2359999 0.61900002 0.162 3
-11.544 5.5840001 1.855 9
0 0 0 0
0 0 0 0
-1.252 0.59200001 0.162 0
0 0 0 0
0 0 0 0
0 0 0 0
-1.255 0.55900002 0.161 2
0 0 0 0
0 0 0 0
0 0 0 0
0 0 0 0
-14.681 5.9359999 2.286 5
0 0 0 0
0 0 0 0
-1.244 0.48699999 0.156 1
0 0 0 0
0 0 0 0
0 0 0 0
-1.243 0.45500001 0.155 1
0 0 0 0
0 0 0 0
0 0 0 0
-1.2690001 0.43099999 0.156 0
-13.951 4.5929999 2.112 3
0 0 0 0
0 0 0 0
0 0 0 0
-15.164 4.6220002 2.276 10
0 0 0 0
0 0 0 0
0 0 0 0
-15.67 4.4029999 2.3340001 3
0 0 0 0
0 0 0 0
-18.757 4.987 2.2609999 6
-16.173 4.1630001 2.3900001 4
0 0 0 0
0 0 0 0
0 0 0 0
0 0 0 0
0 0 0 0
0 0 0 0
-12.978 2.829 1.543 1
0 0 0 0
0 0 0 0
0 0 0 0
-13.002 2.5250001 1.536 1
-15.999 3.0079999 2.3150001 2
-21.702 3.9549999 1.2640001 12
0 0 0 0
-12.936 2.21 1.5190001 2
0 0 0 0
-21.775 3.428 1.2690001 4
-1.28 0.19499999 0.111 0
-1.293 0.19 0.15099999 0
-1.267 0.18000001 0.18099999 1
-1.272 0.169 0.074000001 1
-1.291 0.16599999 0.112 12
-1.2869999 0.16 0.149 17
-1.3 0.156 0.184 6
0 0 0 0
0 0 0 0
0 0 0 0
-1.321 0.12899999 0.186 0
0 0 0 0
0 0 0 0
0 0 0 0
-1.307 0.098999999 0.183 2
-24.997 1.483 1.469 12
-25.007999 1.448 2.1670001 7
0 0 0 0
-1.3099999 0.07 0.183 0
-20.764999 0.73100001 1.226 4
-25.051001 0.85900003 2.1670001 5
0 0 0 0
-1.302 0.041000001 0.18099999 3
-15.124 0.168 0.89700001 3
-25.156 0.27599999 2.1760001 5
0 0 0 0
-1.306 0.012 0.18099999 0
0 0 0 0
0 0 0 0
0 0 0 0
-1.307 -0.015 0.18000001 4
0 0 0 0
0 0 0 0
-19.465 -0.67400002 2.214 2
-1.314 -0.044 0.18099999 0
0 0 0 0
0 0 0 0
-17.872999 -1.027 2.029 3
-1.316 -0.072999999 0.18000001 5
0 0 0 0
-15.577 -1.2869999 1.355 2
-15.665 -1.255 1.777 2
-1.323 -0.103 0.18099999 0
-13.467 -1.48 0.83099997 1
-6.71 -0.713 0.58499998 4
-6.7350001 -0.69300002 0.76300001 1
-1.3329999 -0.133 0.182 5
-12.368 -1.66 0.77100003 3
-12.493 -1.623 1.094 2
-12.662 -1.595 1.434 3
-1.332 -0.163 0.18099999 0
-11.304 -1.7970001 0.71200001 1
-11.338 -1.742 0.99599999 3
-11.466 -1.7079999 1.3 4
-1.3150001 -0.19 0.178 4
0 0 0 0
-10.374 -1.845 0.91500002 4
-10.549 -1.8150001 1.196 3
-1.3329999 -0.223 0.18000001 0
0 0 0 0
-9.5830002 -1.9349999 0.85000002 4
-9.7860003 -1.915 1.11 5
-1.327 -0.252 0.17900001 3
-8.7530003 -2.0469999 0.57200003 5
-8.9130001 -2.0190001 0.79500002 4
-9.0539999 -1.984 1.029 5
-1.342 -0.28600001 0.18099999 0
0 0 0 0
-8.3290005 -2.0910001 0.74800003 1
-8.46 -2.0569999 0.963 6
-1.337 -0.31600001 0.18000001 2
0 0 0 0
-3.757 -1.036 0.33899999 1
-7.4590001 -1.9910001 0.852 1
-1.3430001 -0.34799999 0.18099999 0
-7.0970001 -2.2090001 0.48500001 9
-7.23 -2.177 0.65899998 9
-7.3509998 -2.1429999 0.84100002 10
-1.3660001 -0.38600001 0.184 2
-6.6620002 -2.2490001 0.463 8
-6.776 -2.2149999 0.62199998 11
-6.947 -2.1960001 0.79699999 9
-1.362 -0.41800001 0.184 2
-6.2729998 -2.286 0.44299999 10
-6.415 -2.2620001 0.59399998 13
-6.5580001 -2.237 0.75599998 12
-1.3430001 -0.44499999 0.18099999 1
-5.9250002 -2.322 0.426 11
-6.0619998 -2.2969999 0.56699997 14
-6.2189999 -2.2809999 0.71899998 14
-1.353 -0.48199999 0.183 1
-5.6110001 -2.355 0.41100001 14
-5.7410002 -2.3310001 0.542 14
-5.8870001 -2.3110001 0.68400002 14
-1.357 -0.51700002 0.183 1
-5.3200002 -2.3840001 0.39700001 14
-5.4450002 -2.3599999 0.51999998 15
-5.5749998 -2.3369999 0.65100002 15
-1.357 -0.55199999 0.184 1
-5.0630002 -2.414 0.38600001 17
-5.1859999 -2.391 0.50099999 15
-5.3039999 -2.365 0.62300003 15
-1.363 -0.58899999 0.185 1
-4.816 -2.4400001 0.375 16
-4.9260001 -2.411 0.48100001 16
-5.0739999 -2.401 0.60000002 18
-1.368 -0.62800002 0.186 1
-4.5679998 -2.4519999 0.36300001 15
-4.7010002 -2.4389999 0.465 16
-4.8299999 -2.4200001 0.57499999 15
-1.374 -0.66799998 0.18700001 1
-4.3709998 -2.4820001 0.35499999 14
-4.4819999 -2.4590001 0.449 15
-4.5960002 -2.4349999 0.55000001 14
-1.378 -0.708 0.18799999 1
-4.1729999 -2.503 0.347 14
-4.2800002 -2.48 0.435 15
-4.4180002 -2.47 0.53299999 14
-1.383 -0.75 0.19 1
-3.9790001 -2.5179999 0.33899999 13
-4.098 -2.503 0.42300001 14
-4.2210002 -2.4879999 0.51300001 14
-1.395 -0.796 0.192 1
-3.809 -2.539 0.33199999 13
-3.914 -2.516 0.41 18
-4.0359998 -2.5039999 0.495 14
-1.4 -0.84100002 0.193 1
-3.642 -2.5539999 0.32600001 13
-3.74 -2.529 0.398 18
-3.8659999 -2.5209999 0.479 17
-1.401 -0.884 0.19499999 1
-3.4809999 -2.566 0.31999999 16
-3.586 -2.5480001 0.38800001 18
-3.704 -2.536 0.463 17
-1.405 -0.93099999 0.19599999 1
-3.342 -2.5869999 0.31600001 18
-3.4330001 -2.5610001 0.37799999 18
-3.549 -2.55 0.449 17
-1.403 -0.97500002 0.197 1
-3.1989999 -2.6010001 0.31 11
-3.296 -2.5810001 0.37 18
-3.4070001 -2.5669999 0.435 18
-1.409 -1.027 0.199 1
-3.0610001 -2.6110001 0.30599999 11
-3.1619999 -2.596 0.36199999 17
-3.2720001 -2.5840001 0.42300001 18
-1.418 -1.082 0.20100001 2
-2.9349999 -2.6259999 0.30199999 15
-1.452 -1.249 0.169 1
-3.1429999 -2.5999999 0.412 18
-1.428 -1.141 0.204 2
-2.809 -2.635 0.29800001 24
-2.8970001 -2.6110001 0.345 20
-1.4529999 -1.258 0.193 2
-1.432 -1.197 0.206 2
-2.691 -2.6459999 0.29499999 25
-2.7880001 -2.631 0.34 26
-2.898 -2.6259999 0.38999999 19
-1.4400001 -1.2589999 0.20900001 2
-2.579 -2.658 0.292 23
-2.6670001 -2.638 0.33199999 28
-2.773 -2.6300001 0.37900001 19
-1.451 -1.327 0.213 1
-2.474 -2.674 0.289 26
-2.5580001 -2.6489999 0.32600001 27
-2.664 -2.645 0.37 16
-1.448 -1.385 0.214 1
-2.3670001 -2.681 0.287 23
-2.4590001 -2.668 0.322 27
-2.5639999 -2.664 0.36199999 12
-1.461 -1.461 0.219 0
-2.2750001 -2.7030001 0.28600001 23
-2.3610001 -2.6830001 0.317 25
-2.441 -2.654 0.34999999 9
-1.46 -1.527 0.221 0
-2.1819999 -2.7190001 0.28400001 23
-2.2620001 -2.6949999 0.31200001 21
-1.489 -1.694 0.21799999 0
-2.447 -2.6760001 0.375 8
0 0 0 0
-2.1670001 -2.704 0.308 15
-1.499 -1.785 0.223 0
-2.3529999 -2.6919999 0.36500001 12
-0.63599998 -0.87300003 0.089000002 6
0 0 0 0
-2.168 -2.7049999 0.33000001 7
-2.257 -2.701 0.35499999 23
-0.60900003 -0.87800002 0.089000002 5
-0.64200002 -0.88099998 0.096000001 4
0 0 0 0
-2.164 -2.71 0.345 24
-0.57700002 -0.87599999 0.088 15
-0.61500001 -0.88700002 0.096000001 4
-0.64300001 -0.88200003 0.102 5
0 0 0 0
-0.54799998 -0.87599999 0.088 15
-0.59100002 -0.89600003 0.094999999 7
-0.61699998 -0.88800001 0.1 4
-0.63999999 -0.88 0.105 5
-0.52600002 -0.88599998 0.088 10
-0.56099999 -0.89600003 0.093999997 7
-0.59299999 -0.89600003 0.098999999 7
-0.61299998 -0.88499999 0.102 5
-0.50199997 -0.89300001 0.088 11
-0.53399998 -0.89700001 0.092 7
-0.56800002 -0.903 0.097999997 7
-0.59200001 -0.89700001 0.101 8
-0.477 -0.89499998 0.088 11
-0.50199997 -0.88800001 0.090000004 9
-0.53200001 -0.88999999 0.093999997 9
-0.56300002 -0.89499998 0.097999997 8
-0.45100001 -0.89600003 0.088 11
-0.479 -0.89600003 0.090000004 9
-0.50800002 -0.89399999 0.093000002 9
-0.53200001 -0.889 0.093999997 10
-0.42500001 -0.89600003 0.086999997 11
-0.454 -0.898 0.089000002 9
-0.48300001 -0.898 0.090999998 10
-0.50700003 -0.89399999 0.092 10
-0.40200001 -0.90100002 0.088 12
-0.42899999 -0.89899999 0.088 10
-0.456 -0.89600003 0.089000002 10
-0.48199999 -0.89600003 0.090000004 11
-0.37799999 -0.90200001 0.088 12
-0.40400001 -0.90100002 0.086999997 10
-0.43200001 -0.89899999 0.086999997 10
-0.45500001 -0.89399999 0.086999997 15
-0.35299999 -0.903 0.086999997 17
-0.38100001 -0.90399998 0.086999997 10
-0.40799999 -0.90100002 0.086000003 10
-0.43200001 -0.89700001 0.085000001 11
-0.331 -0.90600002 0.088 18
-0.35800001 -0.90499997 0.086000003 10
-0.384 -0.90100002 0.085000001 10
-0.40700001 -0.898 0.082999997 16
-0.308 -0.90700001 0.088 18
-0.333 -0.903 0.085000001 10
-0.36000001 -0.903 0.082999997 10
-0.384 -0.89899999 0.081 16
-0.28600001 -0.91100001 0.088 18
-0.31200001 -0.91000003 0.085000001 10
-0.336 -0.90200001 0.082000002 10
-0.36000001 -0.90100002 0.079000004 16
-0.264 -0.91399997 0.088 17
-0.289 -0.91000003 0.083999999 10
-0.315 -0.90899998 0.081 10
-0.33899999 -0.90600002 0.077 16
-0.242 -0.91600001 0.088 18
-0.26499999 -0.90899998 0.082999997 9
-0.294 -0.91299999 0.079999998 10
-0.31400001 -0.903 0.075000003 17
-0.22 -0.91799998 0.089000002 17
-0.245 -0.91600001 0.082999997 10
-0.27000001 -0.912 0.078000002 14
-0.29300001 -0.90700001 0.072999999 17
-0.197 -0.91500002 0.088 17
-0.222 -0.91299999 0.082999997 10
-0.24699999 -0.90799999 0.077 11
-0.271 -0.90899998 0.071999997 17
-0.176 -0.92000002 0.089000002 17
-0.2 -0.91299999 0.082000002 9
-0.22499999 -0.90899998 0.075999998 14
-0.249 -0.912 0.07 17
-0.154 -0.921 0.089000002 17
-0.17900001 -0.91799998 0.082000002 9
-0.204 -0.91399997 0.075000003 14
-0.227 -0.91000003 0.068000004 17
-0.133 -0.92199999 0.089000002 16
-0.15800001 -0.92000002 0.082000002 9
-0.182 -0.91299999 0.074000001 13
-0.206 -0.91500002 0.067000002 17
-0.112 -0.92400002 0.090000004 15
-0.13600001 -0.921 0.081 9
-0.161 -0.917 0.072999999 13
-0.185 -0.92000002 0.064999998 17
-0.090000004 -0.92199999 0.090000004 11
-0.115 -0.92299998 0.081 9
-0.14 -0.91900003 0.071999997 13
-0.162 -0.91500002 0.064000003 16
-0.068999998 -0.92299998 0.090000004 6
-0.093000002 -0.921 0.081 8
-0.119 -0.92199999 0.071000002 13
-0.141 -0.917 0.061999999 17
-0.048 -0.91799998 0.090000004 6
-0.071999997 -0.917 0.079999998 5
-0.097000003 -0.91799998 0.07 12
-0.12 -0.92199999 0.061000001 16
-0.027000001 -0.91399997 0.090000004 5
-0.050999999 -0.91600001 0.079999998 6
-0.075000003 -0.912 0.068999998 6
-0.097999997 -0.917 0.059 14
-0.016000001 -2.4089999 0.23999999 22
-0.029999999 -0.91799998 0.079000004 4
-0.054000001 -0.90899998 0.068000004 6
-0.075999998 -0.90799999 0.057 5
0.037999999 -2.4200001 0.242 104
-0.024 -2.408 0.20900001 25
-0.033 -0.90899998 0.067000002 6
-0.055 -0.90600002 0.056000002 6
0.093000002 -2.4200001 0.243 99
0.030999999 -2.4159999 0.20900001 122
-0.034000002 -2.4159999 0.176 27
-0.034000002 -0.91100001 0.054000001 6
0.149 -2.4289999 0.245 101
0.086000003 -2.421 0.20900001 111
0.021 -2.415 0.17299999 102
-0.035999998 -2.4000001 0.141 26
0.205 -2.4400001 0.248 98
0.142 -2.4260001 0.20900001 107
0.077 -2.425 0.17200001 115
0.017999999 -2.4189999 0.138 119
0.26100001 -2.4400001 0.249 97
0.198 -2.4360001 0.20999999 107
0.133 -2.4349999 0.171 108
0.074000001 -2.4260001 0.13500001 122
0.31799999 -2.45 0.252 105
0.255 -2.4489999 0.211 110
0.189 -2.4389999 0.17 106
0.131 -2.4319999 0.132 110
0.37400001 -2.4489999 0.25400001 100
0.31200001 -2.448 0.211 106
0.24699999 -2.451 0.168 101
0.18799999 -2.4389999 0.13 114
0.43200001 -2.4549999 0.25600001 99
0.37 -2.4549999 0.211 112
0.30399999 -2.4530001 0.167 109
0.24600001 -2.4449999 0.126 103
0.491 -2.4649999 0.259 102
0.428 -2.46 0.212 110
0.361 -2.45 0.16500001 104
0.30399999 -2.45 0.124 115
0.55199999 -2.4760001 0.26199999 98
0.486 -2.46 0.212 108
0.42199999 -2.4660001 0.16500001 116
0.36199999 -2.4560001 0.121 109
0.60600001 -2.457 0.26199999 113
0.54699999 -2.4719999 0.214 110
0.48199999 -2.474 0.164 101
0.421 -2.46 0.118 116
0.671 -2.4809999 0.26699999 105
0.602 -2.4530001 0.212 124
0.54100001 -2.474 0.162 110
0.48199999 -2.4649999 0.115 123
0.73400003 -2.4879999 0.27000001 105
0.66900003 -2.4820001 0.215 103
0.60399997 -2.4849999 0.162 108
0.54299998 -2.4719999 0.113 118
0.79699999 -2.493 0.273 94
0.73199999 -2.487 0.21600001 116
0.65499997 -2.447 0.15800001 150
0.60500002 -2.4790001 0.11 104
0.861 -2.5020001 0.27700001 110
0.796 -2.494 0.21799999 100
0.72899997 -2.4909999 0.16 110
0.653 -2.425 0.105 150
0.926 -2.506 0.28 92
0.861 -2.5 0.219 111
0.79500002 -2.5 0.15899999 98
0.73299998 -2.4890001 0.105 120
0.99299997 -2.5109999 0.28299999 92
0.93000001 -2.513 0.221 94
0.86000001 -2.5039999 0.15800001 99
0.79799998 -2.4949999 0.103 102
1.0599999 -2.516 0.287 95
0.99699998 -2.517 0.222 102
0.92900002 -2.513 0.15800001 91
0.86699998 -2.5050001 0.1 114
1.081 -2.4130001 0.278 3
1.064 -2.516 0.223 107
0.99800003 -2.5190001 0.15700001 96
0.93699998 -2.5150001 0.097999997 98
1.091 -2.296 0.26800001 3
1.081 -2.404 0.214 4
1.069 -2.527 0.15700001 92
1.0039999 -2.5150001 0.096000001 102
1.107 -2.2019999 0.25999999 3
1.095 -2.2920001 0.206 3
1.081 -2.3989999 0.148 3
1.079 -2.527 0.093000002 97
0.83600003 -1.573 0.18799999 10
1.1109999 -2.1960001 0.198 2
1.098 -2.2920001 0.141 3
1.0880001 -2.391 0.086000003 3
0 0 0 0
0.84299999 -1.577 0.14300001 9
0 0 0 0
1.098 -2.2709999 0.079000004 3
0 0 0 0
0 0 0 0
0.84899998 -1.582 0.096000001 3
0 0 0 0
1.237 -1.995 0.248 4
1.184 -1.992 0.184 0
0 0 0 0
0 0 0 0
1.303 -2.0009999 0.252 4
1.2460001 -1.992 0.185 4
0 0 0 0
0 0 0 0
1.375 -2.0120001 0.257 4
1.318 -2.003 0.18799999 4
1.262 -2.003 0.121 5
0 0 0 0
1.4 -1.9529999 0.25299999 1
1.2029999 -1.742 0.16500001 61
1.339 -2.0179999 0.122 4
1.283 -2.0079999 0.059999999 4
1.952 -2.599 0.34200001 22
1.898 -2.618 0.25099999 44
1.405 -2.016 0.122 4
1.182 -1.756 0.050999999 54
2.0480001 -2.605 0.34799999 41
1.994 -2.622 0.25400001 41
1.919 -2.6199999 0.15800001 60
1.855 -2.622 0.074000001 24
1.3380001 -1.627 0.221 3
2.098 -2.6340001 0.25799999 52
2.0250001 -2.6340001 0.15899999 43
1.955 -2.6289999 0.071999997 64
0 0 0 0
1.35 -1.618 0.16 12
2.1300001 -2.642 0.16 27
2.063 -2.6400001 0.07 66
2.858 -3.1760001 0.447 2
0 0 0 0
0 0 0 0
1.341 -1.635 0.041999999 5
3.0220001 -3.2130001 0.46000001 18
2.9170001 -3.1889999 0.32499999 2
2.8340001 -3.197 0.19400001 16
0 0 0 0
3.1630001 -3.2149999 0.46900001 13
3.073 -3.21 0.331 19
2.9809999 -3.21 0.19599999 20
2.875 -3.1819999 0.075000003 1
2.5899999 -2.5190001 0.375 21
2.5550001 -2.549 0.26699999 20
3.1370001 -3.224 0.197 19
3.052 -3.221 0.072999999 19
2.645 -2.461 0.37400001 21
2.6070001 -2.4860001 0.26499999 23
2.5829999 -2.5350001 0.156 22
2.5680001 -2.585 0.056000002 8
3.158 -2.8110001 0.43599999 11
2.6760001 -2.4389999 0.264 22
2.6340001 -2.467 0.153 19
2.596 -2.4909999 0.052000001 21
3.247 -2.763 0.43799999 12
3.1500001 -2.7420001 0.30199999 16
2.697 -2.4089999 0.15000001 21
2.6630001 -2.437 0.048999999 22
3.3050001 -2.6889999 0.43599999 11
3.2130001 -2.671 0.30000001 17
2.757 -2.3499999 0.147 22
2.72 -2.3710001 0.045000002 22
2.306 -1.793 0.29800001 87
2.293 -1.819 0.208 150
2.5369999 -2.062 0.13 159
2.7679999 -2.3 0.041999999 22
2.348 -1.744 0.29699999 76
3.323 -2.516 0.294 12
2.868 -2.2219999 0.142 22
2.2950001 -1.8150001 0.030999999 150
2.3889999 -1.694 0.296 57
3.362 -2.427 0.28999999 12
2.931 -2.164 0.14 21
2.8929999 -2.178 0.035 19
2.431 -1.6440001 0.29499999 41
3.474 -2.391 0.29300001 17
2.9909999 -2.102 0.138 21
2.9519999 -2.1140001 0.032000002 18
2.483 -1.6 0.296 30
3.5480001 -2.325 0.292 17
3.0480001 -2.0369999 0.13500001 21
3.0150001 -2.052 0.028999999 19
2.526 -1.55 0.29499999 28
3.54 -2.2049999 0.28400001 12
3.1040001 -1.971 0.133 21
3.075 -1.9859999 0.026000001 20
2.5680001 -1.499 0.29499999 25
3.6270001 -2.1470001 0.285 12
3.168 -1.908 0.131 22
3.1300001 -1.9170001 0.023 20
2.6099999 -1.447 0.294 21
3.671 -2.062 0.28200001 12
2.4489999 -1.399 0.097999997 20
2.48 -1.438 0.016000001 18
2.6800001 -1.41 0.296 21
3.7520001 -1.9960001 0.28099999 12
2.3 -1.243 0.089000002 19
2.329 -1.277 0.013 21
2.6960001 -1.3430001 0.29300001 17
3.802 -1.913 0.27900001 11
2.191 -1.118 0.082000002 19
2.2019999 -1.1390001 0.0099999998 21
2.753 -1.296 0.294 16
2.217 -1.053 0.15899999 4
2.1949999 -1.056 0.079000004 20
2.1889999 -1.066 0.0080000004 22
2.7969999 -1.243 0.294 13
2.2379999 -1.001 0.15700001 8
2.2379999 -1.013 0.078000002 18
2.2360001 -1.023 0.0060000001 19
2.8369999 -1.186 0.29300001 7
2.2950001 -0.96499997 0.15800001 12
2.2820001 -0.96899998 0.077 18
2.2839999 -0.98000002 0.0049999999 19
2.8959999 -1.137 0.294 7
2.3310001 -0.91799998 0.15700001 17
2.326 -0.92400002 0.075999998 17
2.3340001 -0.935 0.003 19
2.9419999 -1.081 0.294 7
2.3940001 -0.88 0.15800001 14
2.369 -0.87800002 0.075000003 17
2.3829999 -0.889 0.0020000001 19
2.984 -1.022 0.29300001 8
2.4360001 -0.83399999 0.15800001 13
2.4170001 -0.83099997 0.074000001 17
2.425 -0.838 0 20
4.4400001 -1.411 0.43000001 35
2.487 -0.78799999 0.15800001 6
2.474 -0.787 0.074000001 17
2.4809999 -0.79100001 0 18
4.4419999 -1.3049999 0.42300001 39
4.4439998 -1.298 0.278 46
2.5420001 -0.74199998 0.074000001 13
1.257 -0.36700001 -0.001 5
1.24 -0.33399999 0.116 1
4.4450002 -1.1900001 0.273 34
4.4530001 -1.188 0.126 44
4.448 -1.1849999 -0.0060000001 4
4.4640002 -1.1 0.41299999 4
4.434 -1.079 0.26699999 46
4.46 -1.079 0.122 49
0 0 0 0
1.679 -0.375 0.153 4
3.848 -0.84399998 0.228 43
4.474 -0.972 0.12 49
4.4720001 -0.963 -0.011 4
4.4720001 -0.89399999 0.40099999 45
3.796 -0.74199998 0.221 84
4.487 -0.86400002 0.116 52
4.4790001 -0.852 -0.012 44
4.4809999 -0.79400003 0.396 66
3.7520001 -0.64499998 0.214 117
4.4390001 -0.74599999 0.112 13
4.493 -0.74199998 -0.014 12
4.2989998 -0.66399997 0.37400001 58
3.6889999 -0.54799998 0.207 45
3.9879999 -0.57499999 0.097999997 6
4.0240002 -0.56400001 -0.015 1
2.165 -0.285 0.186 19
0 0 0 0
0 0 0 0
0 0 0 0
0 0 0 0
0 0 0 0
0.58200002 -0.056000002 0.013 107
0.60000002 -0.054000001 -0.0020000001 150
0.58200002 -0.050000001 0.048 4
0 0 0 0
2.007 -0.146 0.045000002 15
4.5469999 -0.30500001 -0.021 12
1.994 -0.12899999 0.164 7
2.043 -0.115 0.107 1
4.5479999 -0.223 0.101 12
4.5560002 -0.19400001 -0.023 12
2.039 -0.086999997 0.16500001 13
2.2539999 -0.075000003 0.116 0
4.5640001 -0.116 0.098999999 12
4.5760002 -0.085000001 -0.024 12
2.0650001 -0.041999999 0.16500001 14
2.309 -0.024 0.117 3
4.585 -0.0089999996 0.097000003 8
0 0 0 0
1.674 0.0020000001 0.132 151
0 0 0 0
0 0 0 0
0 0 0 0
0 0 0 0
0 0 0 0
0 0 0 0
3.309 0.17900001 -0.018999999 6
2.135 0.097000003 0.163 2
3.316 0.191 0.161 6
3.316 0.228 0.064999998 6
3.3199999 0.26100001 -0.02 5
2.1259999 0.14399999 0.16 10
2.181 0.176 0.104 11
2.188 0.20200001 0.041999999 3
3.336 0.34299999 -0.021 4
2.145 0.19400001 0.16 11
3.325 0.345 0.15700001 5
3.3280001 0.38699999 0.063000001 5
3.346 0.426 -0.021 4
2.1600001 0.243 0.15899999 9
3.3340001 0.42300001 0.155 5
3.3499999 0.47 0.061999999 5
3.3610001 0.51099998 -0.022 4
3.3499999 0.45300001 0.243 4
3.3570001 0.505 0.154 5
3.3499999 0.55000001 0.061000001 4
3.3610001 0.59500003 -0.022 4
3.362 0.53100002 0.23999999 5
3.3570001 0.583 0.152 4
3.3670001 0.63499999 0.059999999 4
1.919 0.38699999 -0.013 8
3.3670001 0.60799998 0.237 4
3.362 0.66500002 0.15000001 4
1.91 0.40700001 0.033 70
1.925 0.43799999 -0.013 33
1.916 0.38999999 0.133 2
1.939 0.42899999 0.085000001 2
3.3699999 0.80299997 0.057999998 1
3.3859999 0.85600001 -0.023 1
1.921 0.43599999 0.131 20
3.365 0.82599998 0.146 4
3.3840001 0.88999999 0.057 1
3.392 0.94599998 -0.023 1
3.3840001 0.84799999 0.229 1
0 0 0 0
3.3989999 0.98000002 0.057 1
3.4089999 1.04 -0.023 0
0 0 0 0
3.405 1.0039999 0.14399999 1
3.402 1.069 0.056000002 0
3.421 1.135 -0.023 0
0 0 0 0
3.4070001 1.09 0.142 1
0 0 0 0
1.285 0.461 -0.0080000004 151
3.411 1.102 0.221 1
0 0 0 0
0 0 0 0
1.293 0.5 -0.0080000004 11
0 0 0 0
0 0 0 0
1.274 0.50199997 0.02 1
4.506 1.868 -0.029999999 3
0 0 0 0
1.3049999 0.51899999 0.052000001 0
4.5110002 1.902 0.07 14
4.296 1.903 -0.028000001 31
3.839 1.53 0.23800001 12
0 0 0 0
4.5159998 2.03 0.07 59
4.4959998 2.1229999 -0.028999999 12
0 0 0 0
3.546 1.602 0.138 2
0 0 0 0
2.013 1.011 -0.012 2
3.825 1.728 0.23 3
3.677 1.765 0.142 9
2.0079999 1.0190001 0.029999999 47
2.0039999 1.068 -0.012 11
3.6240001 1.735 0.215 10
1.997 1.015 0.075999998 6
2.013 1.0829999 0.029999999 5
4.7210002 2.665 -0.028000001 54
2.0150001 1.021 0.117 1
2.01 1.081 0.075000003 3
3.7090001 2.109 0.056000002 16
4.6919999 2.799 -0.026000001 2
2.0209999 1.082 0.116 3
3.4719999 1.971 0.12899999 42
3.7679999 2.2620001 0.056000002 6
4.7579999 2.9960001 -0.025 4
4.0120001 2.2650001 0.227 14
3.483 2.085 0.12800001 15
3.665 2.319 0.055 8
4.6890001 3.1129999 -0.023 59
4.0370002 2.4000001 0.22499999 6
3.4820001 2.1949999 0.126 33
3.6670001 2.4419999 0.055 18
0 0 0 0
4.0339999 2.523 0.221 42
3.4909999 2.316 0.125 48
0 0 0 0
4.1820002 3.0780001 -0.017999999 7
4.0440001 2.6589999 0.21699999 57
0 0 0 0
0 0 0 0
0 0 0 0
0 0 0 0
3.5009999 2.5610001 0.123 3
1.429 1.1059999 0.021 1
0.671 0.546 -0.0020000001 20
4.0500002 2.9319999 0.20999999 5
1.446 1.11 0.050000001 1
0 0 0 0
0.66500002 0.56800002 -0.0020000001 5
4.0999999 3.1110001 0.20900001 3
0 0 0 0
0.67000002 0.57099998 0.0099999998 10
3.635 3.2579999 -0.0089999996 5
0 0 0 0
0.66299999 0.56 0.022 7
3.635 3.247 0.056000002 4
3.6600001 3.4419999 -0.0070000002 16
0 0 0 0
3.6340001 3.2130001 0.122 3
3.6359999 3.4089999 0.056000002 33
3.6630001 3.615 -0.0049999999 58
0 0 0 0
3.635 3.3670001 0.12 39
3.664 3.5999999 0.057999998 65
2.2909999 2.372 -0.001 152
0 0 0 0
3.6559999 3.5480001 0.12 63
2.306 2.375 0.037 0
2.0899999 2.2720001 0 150
3.6989999 3.533 0.17 0
3.6240001 3.6830001 0.117 65
2.109 2.2780001 0.034000002 6
1.522 1.735 0.001 4
4.447 4.4460001 0.199 41
3.4430001 3.665 0.11 67
1.5369999 1.739 0.025 2
1.469 1.758 0.0020000001 57
2.2839999 2.3900001 0.1 1
3.306 3.6860001 0.105 68
1.466 1.7410001 0.025 18
2.9790001 3.743 0.0070000002 68
2.0910001 2.289 0.089000002 6
0 0 0 0
2.9949999 3.7309999 0.052000001 72
1.022 1.349 0.003 1
1.525 1.748 0.063000001 3
3.0350001 3.7190001 0.093999997 5
2.9159999 3.8139999 0.052000001 63
2.7550001 3.826 0.012 68
0 0 0 0
2.954 3.7939999 0.090999998 48
2.7880001 3.8310001 0.050999999 61
2.6300001 3.842 0.015 43
2.9749999 3.743 0.116 6
2.8380001 3.8269999 0.086000003 13
2.6600001 3.8429999 0.050000001 56
0.76599997 1.179 0.0049999999 49
2.8970001 3.8199999 0.109 68
2.707 3.8329999 0.082000002 69
2.552 3.878 0.050000001 1
2.3889999 3.875 0.02 2
2.7650001 3.8239999 0.101 69
2.5899999 3.8529999 0.077 41
2.424 3.8789999 0.048999999 12
0 0 0 0
2.6470001 3.8440001 0.093000002 38
0.759 1.187 0.022 18
2.2880001 3.862 0.048 27
2.141 3.8740001 0.025 13
0.764 1.166 0.025 1
2.349 3.8699999 0.068999998 3
2.177 3.881 0.048 64
2.03 3.8900001 0.028000001 96
2.4059999 3.8640001 0.077 2
2.2190001 3.8570001 0.064000003 9
2.0680001 3.8970001 0.046999998 48
1.918 3.9000001 0.029999999 85
2.286 3.8640001 0.068999998 22
2.1170001 3.8870001 0.061000001 70
1.9529999 3.901 0.046999998 78
0.86000001 1.86 0.016000001 75
2.1719999 3.8740001 0.061999999 66
2.0039999 3.8900001 0.057 90
0.86199999 1.827 0.022 11
1.71 3.9389999 0.035999998 76
2.0599999 3.881 0.055 54
1.899 3.9100001 0.054000001 76
1.743 3.9300001 0.046999998 9
1.707 4.1999998 0.041999999 23
1.955 3.8959999 0.048 84
0.86500001 1.89 0.024 32
1.663 4.0029998 0.046999998 37
0.67400002 1.777 0.017999999 3
0.86699998 1.832 0.018999999 24
1.692 3.938 0.046999998 80
1.721 4.4320002 0.052999999 14
2.8529999 8.1009998 0.090999998 9
1.748 3.924 0.035999998 11
1.704 4.2329998 0.046999998 22
1.927 5.3319998 0.063000001 3
2.6489999 8.1289997 0.097999997 11
1.675 4.0100002 0.029999999 37
0.67199999 1.791 0.017999999 4
2.723 8.1289997 0.096000001 58
0 0 0 0
0.99699998 2.5539999 0.015 3
2.8299999 8.1090002 0.078000002 21
0 0 0 0
0 0 0 0
1.954 5.3670001 0.023 0
2.625 8.1300001 0.071999997 9
0 0 0 0
1.885 7.5799999 0.106 17
2.744 8.1149998 0.023 46
2.4219999 8.1470003 0.066 0
2.0899999 8.0909996 0.096000001 42
1.96 8.757 0.12899999 16
0 0 0 0
2.2060001 8.1040001 0.059999999 7
1.7819999 7.6389999 0.090999998 7
0 0 0 0
0 0 0 0
1.881 7.612 0.050999999 24
0 0 0 0
0.18000001 1.0319999 0.016000001 0
2.118 8.0810003 -0.011 45
1.955 8.7849998 0.052999999 32
0 0 0 0
0 0 0 0
1.811 7.6350002 -0.021 7
0 0 0 0
0 0 0 0
0 0 0 0
1.874 8.8050003 -0.035999998 11
0 0 0 0
0 0 0 0
1.184 11.504 0.211 38
2.1530001 11.418 -0.061999999 3
1.716 11.436 0.048999999 8
0 0 0 0
0.29699999 3.737 0.071000002 5
0 0 0 0
0.45500001 3.602 0.013 5
0.33700001 3.78 0.046999998 1
0.51099998 9.099 0.182 3
0 0 0 0
1.1799999 11.469 0.035999998 55
0.24600001 3.7460001 0.048 6
0.29499999 9.0439997 0.18700001 8
0 0 0 0
0.29699999 3.7550001 0.0089999996 5
0.38299999 9.059 0.117 48
0.082999997 8.9910002 0.193 12
0.354 3.79 -0.039000001 1
0.505 9.0550003 0.018999999 50
0.167 8.9399996 0.117 47
-0.126 9.0710001 0.20200001 2
0.26199999 3.7679999 -0.044 4
0.29300001 9.066 0.014 5
-0.041000001 9.1529999 0.122 3
-0.34 9.0939999 0.20999999 3
0.419 9.0839996 -0.117 4
0.079000004 9.0039997 0.0089999996 9
-0.249 8.9790001 0.121 5
-0.55199999 9.0970001 0.21799999 1
0.207 9.1190004 -0.127 4
-0.131 9.0439997 0.0040000002 2
-0.46700001 9.1040001 0.124 3
0 0 0 0
-0.0080000004 9.1420002 -0.139 4
-0.34099999 9.0179996 0 5
-0.67900002 9.0900002 0.126 1
0 0 0 0
-0.21799999 8.9320002 -0.146 18
-0.56 9.1110001 -0.0040000002 2
-0.89099997 9.0839996 0.12800001 2
-0.244 1.8660001 0.048999999 7
-0.43799999 9.0930004 -0.16 3
-0.778 9.1499996 -0.0080000004 0
0 0 0 0
-0.28200001 1.822 0.050000001 38
-0.50999999 7.112 -0.133 2
0 0 0 0
-0.26899999 1.853 0.027000001 7
-0.32600001 1.824 0.050999999 39
0 0 0 0
0 0 0 0
-0.30700001 1.813 0.027000001 33
-0.375 1.85 0.054000001 23
0 0 0 0
-0.287 1.837 -0.0040000002 40
-0.35499999 1.837 0.027000001 32
0 0 0 0
-0.26499999 1.85 -0.041000001 28
-0.329 1.822 -0.0040000002 31
0 0 0 0
0 0 0 0
-0.30700001 1.832 -0.041999999 29
-0.38100001 1.859 -0.0049999999 14
0 0 0 0
-0.49900001 1.808 0.057999998 42
-0.35299999 1.837 -0.044 28
0 0 0 0
-0.491 1.84 0.028999999 2
-0.52899998 1.76 0.057999998 43
0 0 0 0
0 0 0 0
-0.52200001 1.788 0.028999999 35
-0.574 1.758 0.059999999 42
0 0 0 0
-0.50800002 1.819 -0.0080000004 33
-0.56 1.7640001 0.028999999 35
-0.61900002 1.76 0.061999999 10
-0.493 1.8430001 -0.050999999 11
-0.546 1.789 -0.0080000004 34
-0.60799998 1.773 0.029999999 24
0 0 0 0
-0.53200001 1.817 -0.052000001 30
-0.59200001 1.79 -0.0089999996 32
0 0 0 0
0 0 0 0
-0.57800001 1.812 -0.054000001 28
0 0 0 0
0 0 0 0
-4.1290002 9.5690002 0.37099999 13
0 0 0 0
0 0 0 0
-4.0359998 9.5349998 0.175 14
-4.395 9.5780001 0.38299999 16
0 0 0 0
-3.941 9.5780001 -0.061000001 2
-4.3109999 9.5620003 0.18000001 18
-4.684 9.6160002 0.396 16
0 0 0 0
-4.1950002 9.5539999 -0.064999998 18
-4.5910001 9.5810003 0.185 14
-4.9780002 9.6549997 0.41 17
-4.0809999 9.5369997 -0.33399999 6
-4.4720001 9.5679998 -0.068999998 16
-4.8920002 9.6309996 0.19 12
-5.2810001 9.6920004 0.42399999 19
-4.3660002 9.5670004 -0.34599999 6
-4.7740002 9.6140003 -0.074000001 13
-5.1939998 9.6639996 0.19599999 14
-5.585 9.7119999 0.43799999 19
-4.6500001 9.5769997 -0.359 4
-5.0619998 9.6219997 -0.077 14
-5.5079999 9.7049999 0.20200001 6
-5.915 9.7639999 0.454 17
-4.9619999 9.6230001 -0.373 7
-5.368 9.6470003 -0.081 3
-5.8390002 9.7519999 0.208 5
0 0 0 0
-5.276 9.658 -0.38699999 7
-5.7179999 9.7250004 -0.086000003 16
-6.1350002 9.7299995 0.213 2
0 0 0 0
-5.5440001 9.5950003 -0.39700001 3
-6.0450001 9.75 -0.090000004 12
0 0 0 0
-1.126 1.601 0.081 4
-5.756 9.4289999 -0.403 2
-6.0489998 9.2639999 -0.089000002 1
0 0 0 0
-7.3390002 9.9460001 0.52399999 12
0 0 0 0
-6.7729998 9.8540001 -0.098999999 13
0 0 0 0
-7.7090001 9.9610004 0.54100001 21
0 0 0 0
-1.15 1.592 -0.016000001 3
-7.382 9.6120005 0.236 3
-8.1090002 10.003 0.56099999 18
-1.128 1.58 -0.074000001 12
-7.4809999 9.8599997 -0.107 12
-7.8369999 9.7290001 0.24600001 2
-8.5389996 10.06 0.583 19
-7.4499998 9.9219999 -0.48300001 10
-7.8850002 9.8940001 -0.112 8
-8.4469995 10.005 0.26100001 3
-8.9709997 10.093 0.60399997 17
-7.862 9.9639997 -0.5 10
-8.3129997 9.9429998 -0.117 9
-8.9219999 10.083 0.27000001 4
-9.441 10.151 0.62800002 15
-8.3140001 10.026 -0.51999998 7
-8.8439999 10.087 -0.123 4
-9.4169998 10.161 0.28099999 3
-9.927 10.202 0.65200001 15
-8.7559996 10.058 -0.53899997 7
-9.3030005 10.117 -0.12800001 8
-9.8990002 10.2 0.29100001 4
-10.436 10.248 0.67699999 17
-9.2460003 10.12 -0.56 6
-9.8059998 10.173 -0.134 9
-10.431 10.262 0.303 4
-10.98 10.306 0.70499998 12
-9.7559996 10.172 -0.58099997 2
-10.336 10.23 -0.139 7
-10.967 10.304 0.315 7
-11.551 10.365 0.73500001 12
0 0 0 0
-10.913 10.302 -0.145 7
-11.547 10.36 0.32699999 8
0 0 0 0
0 0 0 0
-10.862 9.7810001 -0.14300001 1
-12.145 10.405 0.34099999 2
-12.827 10.503 0.80000001 4
0 0 0 0
-12.12 10.409 -0.15800001 3
-12.853 10.504 0.35699999 7
-12.088 9.4530001 0.74699998 2
0 0 0 0
-12.835 10.504 -0.16599999 5
-12.153 9.4759998 0.33399999 2
-12.339 9.2060003 0.75599998 2
0 0 0 0
-12.103 9.4390001 -0.154 4
-14.381 10.687 0.391 2
-15.093 10.743 0.917 4
0 0 0 0
-12.352 9.1750002 -0.155 10
-15.172 10.744 0.40900001 4
-16.025999 10.874 0.96499997 3
0 0 0 0
-15.197 10.738 -0.189 3
-16.048 10.822 0.42899999 4
-16.914 10.928 1.011 3
0 0 0 0
-16.212999 10.894 -0.199 3
-17.055 10.942 0.45300001 4
0 0 0 0
0 0 0 0
-17.150999 10.949 -0.207 4
0 0 0 0
0 0 0 0
0 0 0 0
0 0 0 0
-19.410999 11.229 0.50800002 4
0 0 0 0
0 0 0 0
0 0 0 0
-20.656 11.326 0.537 4
0 0 0 0
0 0 0 0
0 0 0 0
0 0 0 0
0 0 0 0
0 0 0 0
0 0 0 0
0 0 0 0
0 0 0 0
0 0 0 0
-21.004999 10.153 -0.237 6
0 0 0 0
0 0 0 0
0 0 0 0
0 0 0 0
0 0 0 0
0 0 0 0
0 0 0 0
0 0 0 0
-27.92 11.374 0.704 9
0 0 0 0
0 0 0 0
-27.924 11.139 -0.303 7
-28.004999 10.67 0.70200002 11
0 0 0 0
0 0 0 0
0 0 0 0
0 0 0 0
0 0 0 0
0 0 0 0
0 0 0 0
-28.125 9.2639999 0.699 7
0 0 0 0
0 0 0 0
0 0 0 0
-28.245001 8.5939999 0.699 10
0 0 0 0
-28.190001 8.6719999 -1.29 8
-1.228 0.36000001 -0.012 1
-28.329 7.9109998 0.69700003 10
0 0 0 0
-28.218 7.9330001 -1.278 11
0 0 0 0
-28.410999 7.2410002 0.69700003 8
0 0 0 0
0 0 0 0
0 0 0 0
-28.468 6.5689998 0.69599998 10
0 0 0 0
0 0 0 0
-1.258 0.27399999 -0.012 1
-28.548 5.8979998 0.69499999 10
-28.589001 5.6129999 1.5420001 7
0 0 0 0
-1.245 0.241 -0.011 1
0 0 0 0
0 0 0 0
-1.261 0.226 -0.054000001 1
0 0 0 0
-1.268 0.20200001 0.029999999 1
0 0 0 0
-1.256 0.193 -0.052999999 1
-1.271 0.184 -0.011 0
-1.286 0.175 0.030999999 4
-1.261 0.161 0.067000002 32
-1.281 0.16500001 -0.054000001 1
-1.267 0.153 -0.011 39
-1.29 0.145 0.030999999 0
0 0 0 0
-1.298 0.13600001 -0.054000001 0
-1.279 0.124 -0.011 10
-1.274 0.114 0.029999999 1
0 0 0 0
-1.303 0.105 -0.054000001 2
-1.289 0.094999999 -0.011 0
0 0 0 0
-24.955 1.5089999 1.306 10
0 0 0 0
-1.313 0.066 -0.011 4
0 0 0 0
0 0 0 0
0 0 0 0
-1.307 0.034000002 -0.0099999998 0
-25.072001 0.53200001 0.59600002 5
0 0 0 0
-13.253 0.105 -0.53100002 4
-1.28 0.0040000002 -0.0099999998 2
-25.216 -0.041000001 0.59799999 5
0 0 0 0
-13.309 -0.21699999 -0.528 4
-1.303 -0.026000001 -0.0099999998 0
0 0 0 0
0 0 0 0
-13.356 -0.54000002 -0.52399999 4
-1.318 -0.057 -0.0099999998 2
0 0 0 0
0 0 0 0
0 0 0 0
0 0 0 0
-16.731001 -1.17 0.39300001 3
-16.427 -1.198 0.83499998 3
0 0 0 0
0 0 0 0
-14.911 -1.388 0.34900001 2
0 0 0 0
-3.8399999 -0.435 -0.145 31
-1.29 -0.147 -0.0089999996 1
-13.321 -1.545 0.31200001 4
0 0 0 0
-3.8399999 -0.52899998 -0.14300001 31
0 0 0 0
-12.019 -1.6720001 0.28099999 2
0 0 0 0
-3.848 -0.62400001 -0.142 31
0 0 0 0
-10.977 -1.784 0.25600001 6
-10.977 -1.788 0.54699999 4
-3.8670001 -0.72399998 -0.141 31
-1.3049999 -0.243 -0.0080000004 1
-10.125 -1.882 0.235 4
-10.143 -1.887 0.50199997 5
-3.8770001 -0.82300001 -0.14 30
-1.3150001 -0.27700001 -0.0080000004 1
-9.3669996 -1.9630001 0.21699999 6
-9.3959999 -1.9630001 0.463 5
-3.891 -0.92400002 -0.138 28
-1.323 -0.31099999 -0.0080000004 1
-8.7130003 -2.0350001 0.20100001 6
-8.7799997 -2.0380001 0.43000001 7
-3.8959999 -1.026 -0.13699999 29
-1.319 -0.34299999 -0.0080000004 1
0 0 0 0
0 0 0 0
-3.9089999 -1.13 -0.13500001 27
-1.326 -0.37799999 -0.0070000002 1
0 0 0 0
-7.4460001 -2.082 0.361 1
-3.911 -1.233 -0.134 24
-1.33 -0.41299999 -0.0070000002 1
-7.1370001 -2.1900001 0.164 10
-7.2059999 -2.188 0.347 10
-3.9319999 -1.345 -0.133 23
-1.334 -0.449 -0.0070000002 1
-6.711 -2.2279999 0.153 12
-6.7880001 -2.2260001 0.32499999 9
-3.95 -1.4579999 -0.131 22
-1.327 -0.48100001 -0.0070000002 1
-6.3520002 -2.27 0.145 13
-6.4190001 -2.266 0.30500001 11
-3.95 -1.566 -0.12899999 20
-1.351 -0.52600002 -0.0070000002 1
-6.0149999 -2.306 0.13699999 15
-6.0970001 -2.3050001 0.28799999 11
-3.9649999 -1.684 -0.12800001 19
-1.354 -0.56400001 -0.0060000001 1
-5.6919999 -2.332 0.12899999 14
-5.7839999 -2.3340001 0.27200001 14
-3.9790001 -1.803 -0.127 19
-1.355 -0.60299999 -0.0060000001 1
-5.402 -2.358 0.122 14
-5.5040002 -2.3659999 0.257 15
-5.0219998 -2.4230001 -0.15700001 15
-1.368 -0.64700001 -0.0060000001 1
-5.1469998 -2.3859999 0.116 14
-5.2379999 -2.391 0.243 14
-4.9879999 -2.556 -0.154 1
-1.372 -0.68800002 -0.0049999999 1
-4.9130001 -2.4159999 0.11 15
-5.0009999 -2.418 0.23 14
0 0 0 0
-1.385 -0.736 -0.0049999999 1
-4.6919999 -2.4419999 0.105 15
-4.7709999 -2.4400001 0.21799999 17
0 0 0 0
-1.386 -0.778 -0.0049999999 1
-4.4840002 -2.464 0.1 15
-4.5450001 -2.4530001 0.206 16
0 0 0 0
-1.387 -0.82200003 -0.0049999999 1
-4.289 -2.487 0.094999999 14
-4.3629999 -2.4820001 0.19599999 15
0 0 0 0
-1.401 -0.875 -0.0040000002 1
-4.1069999 -2.5079999 0.090999998 13
-4.1799998 -2.503 0.186 15
-3.777 -2.5450001 -0.107 14
-1.403 -0.92299998 -0.0040000002 1
-3.9100001 -2.5109999 0.086000003 16
-3.9990001 -2.517 0.177 14
-3.7869999 -2.6849999 -0.105 0
-1.413 -0.977 -0.0040000002 1
-3.7690001 -2.5439999 0.082999997 16
-3.836 -2.5350001 0.168 14
0 0 0 0
-1.419 -1.031 -0.003 0
-3.6259999 -2.569 0.079000004 10
-3.675 -2.5480001 0.15899999 13
0 0 0 0
-1.4 -1.068 -0.003 8
-3.473 -2.5810001 0.075999998 9
-3.5190001 -2.559 0.15099999 12
0 0 0 0
0 0 0 0
-3.348 -2.609 0.072999999 10
-3.3759999 -2.572 0.14399999 16
0 0 0 0
0 0 0 0
-3.224 -2.6329999 0.068999998 5
-3.2409999 -2.5840001 0.13600001 16
0 0 0 0
-1.439 -1.267 -0.0020000001 10
-3.1059999 -2.6570001 0.067000002 0
-3.1099999 -2.5969999 0.12899999 22
0 0 0 0
0 0 0 0
-1.423 -1.274 0.029999999 2
-1.439 -1.258 0.059 5
-2.664 -2.6530001 -0.061999999 20
-2.733 -2.6389999 -0.003 2
0 0 0 0
-2.872 -2.625 0.116 20
-2.5469999 -2.6600001 -0.057 22
-2.6129999 -2.6440001 -0.0020000001 21
-2.697 -2.6470001 0.057 1
-2.7579999 -2.6370001 0.11 25
-2.556 -2.7980001 -0.055 2
-2.5450001 -2.698 -0.001 12
-2.579 -2.6500001 0.054000001 13
-2.6470001 -2.6459999 0.104 21
0 0 0 0
0 0 0 0
-2.5469999 -2.7379999 0.052999999 1
-2.5450001 -2.661 0.097999997 21
0 0 0 0
0 0 0 0
0 0 0 0
-2.4400001 -2.6670001 0.093000002 19
0 0 0 0
0 0 0 0
0 0 0 0
-2.3559999 -2.6960001 0.088 15
-0.63200003 -0.83899999 -0.011 8
-0.65899998 -0.84299999 0 4
0 0 0 0
-2.2650001 -2.711 0.082999997 9
-0.60299999 -0.84100002 -0.0099999998 8
-0.63200003 -0.84899998 0 5
-0.65899998 -0.852 0.013 5
-2.1919999 -2.7479999 0.078000002 7
0 0 0 0
-0.60900003 -0.85799998 0 4
-0.62699997 -0.85000002 0.012 5
0 0 0 0
0 0 0 0
0 0 0 0
-0.60100001 -0.85500002 0.011 2
-0.62300003 -0.85799998 0.021 6
-1.392 -2.263 -0.018999999 22
0 0 0 0
0 0 0 0
-0.59799999 -0.86400002 0.018999999 1
-1.33 -2.2809999 -0.017000001 93
-1.383 -2.2690001 0.003 69
0 0 0 0
0 0 0 0
-1.263 -2.2869999 -0.014 98
-1.316 -2.2750001 0.0040000002 90
-1.373 -2.2709999 0.025 96
-1.546 -2.461 0.048 3
-1.198 -2.2950001 -0.012 99
-1.249 -2.2820001 0.0040000002 105
-1.309 -2.2809999 0.023 91
-1.357 -2.273 0.039999999 103
-1.1339999 -2.302 -0.0089999996 94
-1.1900001 -2.2969999 0.0049999999 96
-1.242 -2.2839999 0.021 105
-1.294 -2.2839999 0.035999998 100
-1.072 -2.312 -0.0070000002 91
-1.125 -2.3010001 0.0049999999 99
-1.183 -2.299 0.02 93
-1.228 -2.286 0.033 114
-1.008 -2.313 -0.0049999999 99
-1.062 -2.3039999 0.0049999999 110
-1.119 -2.302 0.017999999 96
-1.168 -2.296 0.028999999 105
-0.94499999 -2.3150001 -0.0020000001 128
-0.99900001 -2.309 0.0060000001 106
-1.057 -2.306 0.016000001 96
-1.108 -2.3080001 0.026000001 107
-0.76200002 -1.998 0 18
-0.90399998 -2.227 0.0060000001 150
-0.99699998 -2.316 0.015 105
-1.048 -2.3150001 0.022 105
-0.77899998 -2.1949999 0.001 151
-0.75400001 -1.99 0.0049999999 21
-0.847 -2.098 0.012 156
-0.98500001 -2.3139999 0.018999999 108
-0.77100003 -2.3440001 0.003 106
-0.80900002 -2.2939999 0.0060000001 150
-0.75199997 -1.993 0.0099999998 23
-0.833 -2.0869999 0.014 157
-0.70999998 -2.342 0.0049999999 111
-0.76499999 -2.3380001 0.0070000002 123
-0.81900001 -2.332 0.0099999998 132
-0.74599999 -2 0.0099999998 24
-0.653 -2.348 0.0080000004 116
-0.70700002 -2.3440001 0.0070000002 117
-0.76200002 -2.336 0.0080000004 112
-0.81 -2.3329999 0.0089999996 118
-0.597 -2.359 0.0099999998 113
-0.65100002 -2.355 0.0070000002 113
-0.70499998 -2.3429999 0.0070000002 117
-0.755 -2.346 0.0049999999 118
-0.54000002 -2.362 0.012 114
-0.59399998 -2.3559999 0.0080000004 113
-0.64899999 -2.352 0.0049999999 116
-0.69700003 -2.3440001 0.0020000001 126
-0.48300001 -2.3659999 0.014 114
-0.53799999 -2.365 0.0080000004 122
-0.59399998 -2.3599999 0.003 123
-0.64099997 -2.3499999 0 121
-0.428 -2.3740001 0.016000001 123
-0.48199999 -2.3670001 0.0080000004 133
-0.537 -2.3640001 0.0020000001 120
-0.58600003 -2.3599999 -0.0040000002 127
-0.373 -2.3829999 0.017999999 121
-0.426 -2.3740001 0.0080000004 131
-0.48100001 -2.3670001 0 137
-0.52899998 -2.3640001 -0.0070000002 128
-0.31600001 -2.381 0.02 135
-0.37 -2.3759999 0.0080000004 139
-0.42699999 -2.3770001 -0.001 133
-0.47400001 -2.3699999 -0.0099999998 129
-0.26100001 -2.3889999 0.022 136
-0.315 -2.385 0.0080000004 142
-0.37200001 -2.3840001 -0.0020000001 134
-0.419 -2.3759999 -0.014 141
0 0 0 0
-0.25999999 -2.3889999 0.0089999996 148
-0.317 -2.3889999 -0.0040000002 138
-0.36399999 -2.381 -0.017000001 127
-0.056000002 -0.88800001 0.0089999996 6
0 0 0 0
-0.26100001 -2.391 -0.0060000001 146
-0.31 -2.3889999 -0.02 145
-0.035 -0.89099997 0.0099999998 6
-0.056000002 -0.89499998 0.003 4
0 0 0 0
-0.25400001 -2.3889999 -0.024 150
-0.041000001 -2.405 0.028999999 23
-0.035 -0.88700002 0.003 4
-0.056000002 -0.88999999 -0.003 5
0 0 0 0
0.014 -2.411 0.030999999 24
-0.039999999 -2.4119999 0.0089999996 20
-0.035 -0.89300001 -0.0040000002 5
-0.052999999 -0.88999999 -0.011 6
0.07 -2.424 0.033 112
0.015 -2.4200001 0.0089999996 24
-0.039999999 -2.414 -0.013 21
-0.033 -0.89200002 -0.012 6
0.126 -2.4360001 0.035 109
0.07 -2.4289999 0.0089999996 107
0.014 -2.4219999 -0.015 27
-0.034000002 -2.4119999 -0.037 20
0.182 -2.4400001 0.037 104
0.127 -2.4360001 0.0089999996 104
0.07 -2.431 -0.016000001 105
0.02 -2.4230001 -0.041000001 111
0.23899999 -2.451 0.039000001 93
0.183 -2.4389999 0.0089999996 100
0.126 -2.434 -0.017999999 96
0.077 -2.437 -0.045000002 111
0.296 -2.4530001 0.041000001 97
0.23999999 -2.4460001 0.0089999996 107
0.183 -2.4460001 -0.02 103
0.133 -2.4360001 -0.048 111
0.354 -2.4560001 0.041999999 101
0.29899999 -2.4590001 0.0089999996 112
0.241 -2.4579999 -0.022 104
0.19 -2.4400001 -0.052000001 100
0.412 -2.4630001 0.044 114
0.35600001 -2.4560001 0.0089999996 102
0.29899999 -2.4590001 -0.024 113
0.249 -2.4549999 -0.055 109
0.47299999 -2.4719999 0.046 97
0.41499999 -2.4679999 0.0089999996 117
0.35800001 -2.4660001 -0.026000001 106
0.30599999 -2.457 -0.059 108
0.53100002 -2.4719999 0.048 98
0.47499999 -2.474 0.0089999996 113
0.41600001 -2.4690001 -0.028000001 106
0.36500001 -2.4649999 -0.063000001 104
0.59299999 -2.4860001 0.050000001 98
0.53500003 -2.4790001 0.0089999996 113
0.47600001 -2.4719999 -0.029999999 109
0.42399999 -2.4649999 -0.067000002 117
0.65499997 -2.4909999 0.052000001 100
0.59600002 -2.4809999 0.0089999996 103
0.53799999 -2.4820001 -0.033 109
0.48500001 -2.4749999 -0.071000002 113
0.71600002 -2.4909999 0.054000001 115
0.65700001 -2.4860001 0.0089999996 116
0.60100001 -2.494 -0.035 101
0.54699999 -2.483 -0.075000003 103
0.78100002 -2.5 0.056000002 98
0.72100002 -2.494 0.0080000004 108
0.662 -2.4920001 -0.037 107
0.61000001 -2.4920001 -0.079000004 105
0.84500003 -2.5039999 0.057999998 91
0.78500003 -2.497 0.0080000004 97
0.72600001 -2.5 -0.039999999 120
0.67400002 -2.4979999 -0.082999997 108
0.912 -2.5150001 0.059999999 85
0.852 -2.51 0.0080000004 94
0.79100001 -2.506 -0.041999999 99
0.71799999 -2.4360001 -0.085000001 150
0.97899997 -2.5190001 0.061999999 89
0.91900003 -2.5150001 0.0080000004 97
0.85600001 -2.506 -0.044 90
0.80199999 -2.503 -0.092 112
1.049 -2.5280001 0.064000003 92
0.64899999 -1.66 0.0049999999 0
0 0 0 0
0.87 -2.513 -0.097000003 101
1.089 -2.4660001 0.064000003 4
0.68000001 -1.627 0.0040000002 0
0 0 0 0
0.935 -2.5090001 -0.101 5
1.089 -2.3210001 0.061999999 3
0.71700001 -1.6109999 0.0040000002 0
0 0 0 0
0 0 0 0
1.105 -2.223 0.061000001 3
0.76099998 -1.609 0.0040000002 0
0 0 0 0
0 0 0 0
0.82999998 -1.58 0.044 9
0.80500001 -1.6059999 0.003 0
0 0 0 0
0 0 0 0
0 0 0 0
0.83399999 -1.572 0.003 10
0.57999998 -1.148 -0.027000001 1
0 0 0 0
0 0 0 0
0.87199998 -1.557 0.003 1
0 0 0 0
0.58099997 -1.1339999 -0.056000002 6
1.234 -2.006 0.061000001 4
0.95099998 -1.61 0.0020000001 4
0 0 0 0
0 0 0 0
1.299 -2.0090001 0.063000001 4
0.98900002 -1.591 0.0020000001 4
0 0 0 0
0 0 0 0
1.202 -1.771 0.057 23
1.151 -1.76 0.0020000001 3
0 0 0 0
1.118 -1.846 -0.104 11
1.863 -2.6159999 0.086000003 109
1.222 -1.779 0.001 4
0 0 0 0
1.283 -2.01 -0.118 4
