# .PCD v0.7 - Point Cloud Data file format
VERSION 0.7
FIELDS x y z intensity
SIZE 4 4 4 4
TYPE F F F F
COUNT 1 1 1 1
WIDTH 19872
HEIGHT 1
VIEWPOINT 0 0 0 1 0 0 0
POINTS 19872
DATA ascii
-0.72600001 -2.1129999 2.3659999 38
-0.74199998 -2.003 2.3599999 46
-0.75400001 -1.89 2.359 50
-0.75999999 -1.791 2.3570001 58
0 0 0 0
-0.69499999 -2.0120001 2.3559999 48
-0.713 -1.9069999 2.358 50
-0.72399998 -1.8099999 2.355 59
0 0 0 0
-0.26199999 -0.81699997 0.95099998 1
-0.67299998 -1.925 2.3610001 57
-0.68599999 -1.826 2.352 56
0 0 0 0
0 0 0 0
-0.266 -0.81599998 0.99400002 1
-0.65200001 -1.853 2.362 54
0 0 0 0
0 0 0 0
-0.244 -0.80900002 0.97799999 1
-0.61199999 -1.863 2.352 11
0 0 0 0
0 0 0 0
0 0 0 0
-0.24699999 -0.81099999 1.015 1
0 0 0 0
0 0 0 0
0 0 0 0
-0.226 -0.80199999 0.995 1
0 0 0 0
0 0 0 0
0 0 0 0
0 0 0 0
0 0 0 0
0 0 0 0
0 0 0 0
0 0 0 0
0 0 0 0
0 0 0 0
0 0 0 0
0 0 0 0
0 0 0 0
0 0 0 0
0 0 0 0
0 0 0 0
0 0 0 0
0 0 0 0
0 0 0 0
0 0 0 0
0 0 0 0
0 0 0 0
0 0 0 0
0 0 0 0
0 0 0 0
0 0 0 0
0 0 0 0
0 0 0 0
0 0 0 0
0 0 0 0
0 0 0 0
0 0 0 0
0 0 0 0
0 0 0 0
0 0 0 0
0 0 0 0
0 0 0 0
0 0 0 0
0 0 0 0
0 0 0 0
0 0 0 0
0 0 0 0
0 0 0 0
0 0 0 0
0 0 0 0
0 0 0 0
0 0 0 0
0 0 0 0
0 0 0 0
0 0 0 0
0 0 0 0
0 0 0 0
0 0 0 0
0 0 0 0
0 0 0 0
0 0 0 0
0 0 0 0
0 0 0 0
0 0 0 0
0 0 0 0
0 0 0 0
0 0 0 0
0 0 0 0
0 0 0 0
0 0 0 0
0 0 0 0
0 0 0 0
0 0 0 0
0 0 0 0
0 0 0 0
0 0 0 0
0 0 0 0
0 0 0 0
0 0 0 0
0 0 0 0
0 0 0 0
0 0 0 0
0 0 0 0
0 0 0 0
0 0 0 0
0 0 0 0
0 0 0 0
0 0 0 0
0 0 0 0
0 0 0 0
0 0 0 0
0 0 0 0
0 0 0 0
0 0 0 0
0 0 0 0
0 0 0 0
0 0 0 1
0 0 0 0
0 0 0 0
0 0 0 1
0 0 0 1
0 0 0 0
0 0 0 0
0 0 0 2
0 0 0 2
0 0 0 0
0 0 0 0
0 0 0 2
0 0 0 2
0 0 0 0
0 0 0 0
0 0 0 2
0 0 0 1
0 0 0 0
0 0 0 0
0 0 0 2
0 0 0 3
0 0 0 0
0 0 0 0
0 0 0 3
0 0 0 4
0 0 0 1
0 0 0 0
0 0 0 5
0 0 0 3
0 0 0 1
0 0 0 1
0 0 0 5
0 0 0 1
0 0 0 1
0 0 0 2
0 0 0 5
0 0 0 0
0 0 0 1
0 0 0 0
0 0 0 1
0 0 0 0
0 0 0 1
0 0 0 0
0 0 0 0
0 0 0 0
0 0 0 0
0 0 0 0
0 0 0 0
0 0 0 0
0 0 0 0
0 0 0 0
0 0 0 0
0 0 0 0
0 0 0 0
0 0 0 0
0 0 0 0
0 0 0 0
0 0 0 0
0 0 0 0
0 0 0 0
0 0 0 0
0 0 0 0
0 0 0 0
0 0 0 1
0 0 0 0
0 0 0 0
0 0 0 0
0 0 0 1
0 0 0 0
0 0 0 0
0 0 0 0
0 0 0 1
0 0 0 0
0 0 0 0
0 0 0 0
0 0 0 0
0 0 0 0
0 0 0 0
0 0 0 0
0 0 0 1
0 0 0 0
0 0 0 0
0 0 0 0
0 0 0 0
0 0 0 0
0 0 0 0
0 0 0 0
0 0 0 0
0 0 0 0
0 0 0 0
0 0 0 0
0 0 0 0
0 0 0 0
0 0 0 0
0 0 0 0
0 0 0 0
0 0 0 0
0 0 0 0
0 0 0 0
0 0 0 0
0 0 0 0
0 0 0 0
0 0 0 0
0 0 0 0
0 0 0 0
0 0 0 0
0 0 0 0
0 0 0 0
0 0 0 0
0 0 0 0
0 0 0 0
0 0 0 0
0 0 0 0
0 0 0 0
0 0 0 0
0 0 0 0
0.52499998 -0.44800001 0.70599997 0
0 0 0 0
0 0 0 0
0 0 0 0
0.546 -0.44499999 0.71799999 1
0 0 0 0
0 0 0 0
0 0 0 0
0.56 -0.435 0.722 1
0 0 0 0
0 0 0 0
0 0 0 0
0.56999999 -0.42199999 0.71899998 0
0 0 0 0
0 0 0 0
0 0 0 0
0.58600003 -0.414 0.72600001 0
0 0 0 0
0 0 0 0
0 0 0 0
0.60399997 -0.40700001 0.73500001 0
0 0 0 0
0 0 0 0
0 0 0 0
0 0 0 0
0 0 0 0
0 0 0 0
0 0 0 0
0 0 0 0
0 0 0 0
0 0 0 0
0 0 0 0
0 0 0 0
0 0 0 0
0 0 0 0
0 0 0 0
0 0 0 0
0 0 0 0
0 0 0 0
0 0 0 0
0 0 0 0
0.73299998 -0.31099999 1.028 1
0 0 0 0
0 0 0 0
0 0 0 0
0.74699998 -0.29899999 1.039 1
0 0 0 0
0 0 0 0
0 0 0 0
0.77700001 -0.292 1.074 1
0 0 0 0
0 0 0 0
0 0 0 0
0.796 -0.28099999 1.092 1
0 0 0 0
0 0 0 0
0 0 0 0
0.82599998 -0.273 1.127 0
0 0 0 0
0 0 0 0
0 0 0 0
0.852 -0.26199999 1.155 0
0.82499999 -0.26800001 1.0140001 1
0 0 0 0
0 0 0 0
0.88499999 -0.252 1.193 0
0.85399997 -0.25799999 1.0420001 1
0.84399998 -0.26800001 0.94199997 1
0 0 0 0
0 0 0 0
0.88300002 -0.24600001 1.0700001 1
0 0 0 0
0 0 0 0
0 0 0 0
0.91399997 -0.234 1.101 1
0 0 0 0
0 0 0 0
0 0 0 0
0.93800002 -0.21799999 1.124 1
0.935 -0.229 1.021 1
0.91399997 -0.23100001 0.92299998 1
0 0 0 0
0.96799999 -0.20299999 1.153 0
0.96799999 -0.214 1.05 1
0.95499998 -0.21799999 0.958 1
0 0 0 0
1.001 -0.18799999 1.187 0
0.99800003 -0.197 1.076 1
0.98799998 -0.20200001 0.98400003 1
0 0 0 5
1.962 -0.32600001 2.3169999 38
2.154 -0.37599999 2.3099999 19
2.352 -0.42500001 2.329 3
1.774 -0.23999999 2.323 54
1.966 -0.28299999 2.312 68
2.1689999 -0.329 2.3150001 62
2.359 -0.37 2.323 73
1.777 -0.20299999 2.3199999 52
1.979 -0.242 2.319 61
2.1789999 -0.28099999 2.316 65
2.365 -0.315 2.319 75
1.781 -0.167 2.3199999 54
1.984 -0.199 2.319 61
2.1819999 -0.23199999 2.3099999 61
2.3759999 -0.25999999 2.319 72
1.784 -0.13 2.319 55
1.983 -0.156 2.312 62
2.1900001 -0.183 2.312 61
2.3829999 -0.206 2.3180001 75
1.785 -0.093999997 2.3169999 52
1.99 -0.114 2.3139999 65
2.1919999 -0.134 2.3080001 58
2.3840001 -0.15000001 2.312 64
1.789 -0.057999998 2.319 56
1.9910001 -0.071000002 2.312 66
2.1960001 -0.085000001 2.3080001 57
2.3940001 -0.094999999 2.316 65
1.791 -0.021 2.3180001 54
1.99 -0.028000001 2.3080001 68
2.2 -0.035999998 2.309 61
2.3959999 -0.039000001 2.3139999 76
1.79 0.015 2.3150001 52
1.992 0.014 2.3080001 70
2.2019999 0.013 2.3080001 61
2.3959999 0.015 2.312 66
1.79 0.050999999 2.3139999 53
1.992 0.057 2.3080001 72
2.2 0.061999999 2.3039999 61
2.3970001 0.071000002 2.312 74
1.79 0.088 2.313 52
1.9910001 0.1 2.306 70
2.1989999 0.112 2.3039999 62
2.395 0.126 2.3099999 65
1.791 0.125 2.316 57
1.992 0.14300001 2.3080001 68
2.197 0.161 2.303 63
2.388 0.182 2.3050001 68
1.789 0.161 2.3139999 55
1.988 0.185 2.3050001 71
2.1919999 0.20999999 2.3010001 60
2.391 0.23800001 2.3110001 75
1.7869999 0.198 2.313 55
1.983 0.228 2.303 68
2.1889999 0.25999999 2.302 64
2.385 0.29300001 2.3099999 78
1.784 0.234 2.312 57
1.979 0.271 2.302 67
2.184 0.30899999 2.3010001 64
2.375 0.34799999 2.306 81
1.78 0.271 2.3110001 57
1.976 0.31400001 2.3050001 67
2.174 0.35800001 2.2969999 61
2.3699999 0.40400001 2.3080001 77
1.776 0.308 2.3099999 58
1.9680001 0.35600001 2.3010001 68
2.171 0.40799999 2.3010001 64
2.358 0.45899999 2.3050001 85
1.77 0.34400001 2.3080001 55
1.961 0.39899999 2.3 70
2.1600001 0.456 2.299 63
2.346 0.51300001 2.3039999 80
1.7640001 0.38100001 2.306 45
1.9529999 0.442 2.299 69
2.1470001 0.50400001 2.2950001 55
2.3329999 0.56800002 2.303 80
1.761 0.41800001 2.3080001 57
1.943 0.48300001 2.2969999 67
2.1370001 0.55299997 2.2950001 51
2.3139999 0.62 2.2969999 63
1.752 0.454 2.3050001 59
1.9349999 0.52600002 2.2969999 70
2.125 0.60100001 2.2950001 59
2.2950001 0.67199999 2.293 73
1.745 0.491 2.3050001 55
1.924 0.56699997 2.2950001 70
2.109 0.648 2.2920001 57
2.2850001 0.727 2.2980001 73
1.7359999 0.52700001 2.3010001 56
1.911 0.60900003 2.293 70
2.096 0.69599998 2.293 62
2.26 0.778 2.2909999 69
1.726 0.56300002 2.3 56
1.9 0.65100002 2.2939999 71
2.0739999 0.741 2.286 63
2.243 0.83099997 2.2920001 72
1.717 0.59899998 2.2980001 57
1.886 0.69199997 2.2920001 69
2.0569999 0.787 2.2839999 61
2.223 0.88300002 2.293 69
1.7079999 0.63599998 2.2980001 57
1.872 0.73299998 2.29 67
2.0409999 0.83399999 2.286 68
2.198 0.93300003 2.289 76
1.6950001 0.671 2.2950001 59
1.858 0.77399999 2.2909999 72
2.0220001 0.88 2.286 66
2.175 0.98299998 2.289 72
1.6849999 0.708 2.2939999 58
1.842 0.815 2.289 71
2.0009999 0.92500001 2.2839999 65
2.154 1.034 2.2920001 71
1.676 0.745 2.2980001 62
1.824 0.85500002 2.2880001 67
1.982 0.97100002 2.286 68
2.1270001 1.0829999 2.29 71
1.663 0.78100002 2.296 62
1.806 0.89399999 2.286 67
1.9579999 1.0140001 2.283 65
2.0969999 1.13 2.286 72
1.651 0.81800002 2.2969999 57
1.788 0.93400002 2.2850001 69
1.933 1.057 2.2809999 64
2.066 1.176 2.283 64
1.6339999 0.852 2.2909999 61
1.7690001 0.97299999 2.2850001 71
1.9069999 1.1 2.2780001 59
2.039 1.224 2.2850001 76
1.618 0.88700002 2.289 62
1.749 1.012 2.283 72
1.8839999 1.1440001 2.28 63
2.0050001 1.268 2.2809999 69
1.607 0.92400002 2.2939999 58
1.728 1.051 2.2820001 70
1.853 1.183 2.2739999 66
1.978 1.316 2.2850001 78
1.59 0.95999998 2.2920001 52
1.706 1.089 2.2809999 70
1.8279999 1.226 2.276 68
1.941 1.357 2.2809999 76
1.5700001 0.99299997 2.2869999 56
1.6849999 1.127 2.2820001 68
1.798 1.265 2.2739999 67
1.903 1.398 2.2750001 73
1.5549999 1.029 2.2880001 61
1.659 1.163 2.2780001 70
1.768 1.304 2.2720001 65
1.869 1.441 2.276 70
1.535 1.062 2.2850001 60
1.635 1.2 2.277 72
1.739 1.345 2.2739999 67
1.834 1.482 2.277 60
1.515 1.096 2.2820001 60
1.61 1.2359999 2.276 71
1.707 1.382 2.2720001 64
1.793 1.5190001 2.27 60
1.497 1.131 2.283 61
1.585 1.273 2.277 70
1.671 1.4170001 2.266 67
1.7589999 1.561 2.2750001 67
1.476 1.165 2.2809999 56
1.556 1.306 2.2720001 66
1.6440001 1.459 2.273 66
1.715 1.595 2.2679999 67
1.4529999 1.198 2.279 59
1.531 1.3430001 2.276 66
1.609 1.494 2.2709999 67
1.67 1.626 2.2609999 63
1.4299999 1.23 2.276 58
1.502 1.376 2.273 66
1.571 1.525 2.2650001 68
1.632 1.665 2.2639999 67
1.41 1.265 2.2780001 60
1.471 1.408 2.2679999 67
1.536 1.559 2.2650001 65
1.591 1.7 2.2639999 65
1.386 1.2970001 2.2750001 62
1.443 1.443 2.27 68
1.499 1.592 2.263 59
1.546 1.7309999 2.26 69
1.363 1.331 2.277 63
1.413 1.476 2.27 66
1.461 1.624 2.2609999 64
1.5039999 1.763 2.26 66
1.336 1.3609999 2.2720001 58
1.377 1.503 2.2609999 61
1.423 1.655 2.26 65
1.461 1.795 2.26 67
1.3099999 1.393 2.27 58
1.351 1.54 2.27 63
1.385 1.686 2.2609999 60
1.415 1.823 2.257 69
1.285 1.426 2.2720001 60
1.3150001 1.567 2.2639999 66
1.345 1.714 2.257 66
1.37 1.852 2.257 65
1.256 1.455 2.2679999 52
1.28 1.595 2.26 70
1.3049999 1.743 2.257 65
1.323 1.877 2.2539999 73
1.228 1.485 2.266 59
1.247 1.626 2.2620001 67
1.265 1.771 2.257 65
1.275 1.899 2.2490001 64
1.199 1.5140001 2.263 63
1.2130001 1.655 2.2620001 65
1.224 1.798 2.256 63
1.229 1.927 2.2520001 63
1.17 1.545 2.2639999 57
1.176 1.6799999 2.2579999 63
1.181 1.821 2.253 63
1.181 1.949 2.2490001 59
1.1390001 1.572 2.2609999 57
1.143 1.711 2.2620001 62
1.14 1.846 2.253 64
1.132 1.969 2.2460001 70
1.11 1.603 2.2620001 51
1.104 1.734 2.257 63
1.096 1.867 2.2490001 59
1.086 1.992 2.2479999 67
1.079 1.632 2.263 53
1.068 1.761 2.2579999 61
1.0549999 1.895 2.2539999 64
1.038 2.0120001 2.2479999 62
1.046 1.658 2.2590001 52
1.03 1.785 2.257 60
1.0089999 1.9119999 2.2479999 59
0.98799998 2.0280001 2.2449999 59
1.0140001 1.687 2.2609999 64
0.99199998 1.8099999 2.257 51
0.96600002 1.933 2.2490001 58
0.94099998 2.049 2.2490001 63
0.98100001 1.716 2.263 58
0.95200002 1.8329999 2.256 62
0.921 1.952 2.2479999 46
0.88999999 2.062 2.2449999 52
0.94199997 1.733 2.2509999 57
0.912 1.853 2.253 60
0.87599999 1.97 2.2460001 53
0.83899999 2.072 2.24 61
0.91000003 1.7640001 2.257 56
0.87199998 1.875 2.253 61
0.83200002 1.989 2.2479999 62
0.79100001 2.089 2.243 66
0.87599999 1.794 2.2620001 56
0.82999998 1.893 2.2490001 58
0.78600001 2.003 2.2460001 56
0.741 2.102 2.243 62
0.83899999 1.814 2.257 54
0.79100001 1.918 2.2550001 53
0.74000001 2.02 2.2460001 54
0.69099998 2.109 2.2390001 64
0.80299997 1.841 2.2609999 60
0.74900001 1.936 2.2539999 54
0.69300002 2.0320001 2.244 57
0.64099997 2.1210001 2.2420001 64
0.76300001 1.859 2.2539999 54
0.70599997 1.95 2.2479999 61
0.64700001 2.043 2.2420001 59
0.59100002 2.1259999 2.2379999 67
0.72399998 1.8789999 2.2509999 51
0.66399997 1.969 2.25 56
0.60000002 2.056 2.243 61
0.54000002 2.1340001 2.2379999 64
0.68599999 1.904 2.2539999 61
0.62199998 1.988 2.253 59
0.55400002 2.0669999 2.243 61
0.49200001 2.1429999 2.2420001 63
0.64499998 1.921 2.25 56
0.57599998 1.9960001 2.244 62
0.50700003 2.0780001 2.244 61
0.44299999 2.151 2.2449999 70
0.60500002 1.9400001 2.2490001 60
0.53299999 2.013 2.2460001 57
0.46000001 2.086 2.2420001 56
0.39300001 2.154 2.244 50
0.56400001 1.96 2.2490001 57
0.49000001 2.029 2.25 61
0.41299999 2.0940001 2.243 64
0.34200001 2.152 2.24 22
0.52200001 1.976 2.2460001 57
0.44499999 2.039 2.2449999 60
0.36700001 2.105 2.247 62
0 0 0 0
0.479 1.992 2.244 58
0.40099999 2.052 2.247 61
0.31900001 2.1110001 2.2479999 60
0.052999999 0.472 0.491 11
0.43700001 2.01 2.2449999 61
0.35499999 2.0610001 2.2460001 61
0 0 0 0
0 0 0 0
0.39399999 2.026 2.2460001 59
0.30899999 2.069 2.243 58
0.048999999 0.46900001 0.498 5
0.032000002 0.47299999 0.49200001 10
0.34999999 2.039 2.244 58
0.264 2.082 2.2490001 56
0.039000001 0.46900001 0.49700001 9
0.021 0.46599999 0.48699999 10
0.30599999 2.0539999 2.244 64
0 0 0 0
0 0 0 0
0.0099999998 0.46399999 0.486 10
0.26100001 2.0680001 2.2460001 56
0.039000001 0.472 0.50599998 3
0.017999999 0.47 0.498 9
0 0 0 0
0.21600001 2.0780001 2.243 44
0.027000001 0.463 0.495 10
0 0 0 0
-0.0099999998 0.46000001 0.484 7
0 0 0 0
0.017000001 0.465 0.49599999 10
-0.0020000001 0.46599999 0.49399999 8
-0.093999997 2.1259999 2.2460001 72
0.027000001 0.46200001 0.49399999 11
0.0070000002 0.46900001 0.5 8
-0.012 0.45699999 0.486 3
-0.14 2.112 2.2420001 63
0.017000001 0.46399999 0.49399999 11
-0.0020000001 0.465 0.495 9
-0.105 2.1099999 2.2460001 11
-0.18700001 2.1010001 2.2409999 60
0.0060000001 0.46200001 0.49000001 11
0 0 0 0
-0.15099999 2.102 2.244 61
-0.233 2.089 2.24 47
-0.003 0.46200001 0.48800001 11
-0.107 2.112 2.2479999 10
-0.197 2.0940001 2.2420001 54
-0.27900001 2.0799999 2.244 56
-0.013 0.44100001 0.46399999 1
-0.153 2.1059999 2.2420001 61
-0.244 2.0899999 2.2460001 50
-0.324 2.0680001 2.2449999 62
-0.111 2.131 2.2409999 12
-0.20100001 2.108 2.2460001 51
-0.28999999 2.0810001 2.2460001 56
-0.368 2.0510001 2.2420001 63
-0.16 2.1340001 2.2409999 53
-0.24699999 2.102 2.2420001 56
-0.336 2.075 2.2490001 62
-0.412 2.036 2.2420001 57
-0.208 2.1340001 2.2379999 55
-0.29499999 2.098 2.243 55
-0.38 2.0599999 2.2449999 64
-0.45500001 2.0179999 2.2409999 71
-0.257 2.132 2.2349999 55
-0.34099999 2.092 2.243 54
-0.426 2.049 2.2460001 50
-0.498 2 2.2390001 65
-0.30599999 2.138 2.2409999 63
-0.38800001 2.0840001 2.24 59
-0.47 2.0350001 2.244 63
-0.54000002 1.9809999 2.2379999 69
-0.35499999 2.132 2.2360001 59
-0.435 2.0780001 2.2420001 52
-0.514 2.023 2.2460001 61
-0.58099997 1.962 2.2390001 61
-0.40400001 2.132 2.2390001 56
-0.48100001 2.069 2.2420001 55
-0.55699998 2.003 2.24 60
-0.62300003 1.943 2.24 67
-0.454 2.1289999 2.24 49
-0.52700001 2.0569999 2.2390001 56
-0.60000002 1.989 2.2420001 61
-0.66399997 1.925 2.243 65
-0.50300002 2.1229999 2.2379999 58
-0.57300001 2.0469999 2.24 56
-0.64399999 1.974 2.243 62
-0.70200002 1.901 2.24 61
-0.55299997 2.118 2.2390001 59
-0.61900002 2.0350001 2.2390001 55
-0.68699998 1.959 2.247 66
-0.74299997 1.883 2.2449999 67
-0.60100001 2.1070001 2.2360001 61
-0.66500002 2.0209999 2.2390001 56
-0.72799999 1.938 2.243 65
-0.77899998 1.854 2.2379999 64
-0.64899999 2.092 2.2290001 59
-0.70999998 2.006 2.2379999 57
-0.76800001 1.916 2.24 67
-0.81599998 1.83 2.237 64
-0.69999999 2.0869999 2.2349999 60
-0.755 1.9910001 2.237 56
-0.80900002 1.895 2.2390001 65
-0.85399997 1.808 2.24 67
-0.74800003 2.0739999 2.2320001 60
-0.79900002 1.973 2.2349999 57
-0.84899998 1.876 2.2409999 64
-0.88999999 1.783 2.2409999 62
-0.796 2.059 2.2290001 59
-0.84399998 1.956 2.2360001 56
-0.88999999 1.854 2.2420001 64
-0.92500001 1.756 2.2390001 68
-0.84500003 2.046 2.23 54
-0.889 1.941 2.24 63
-0.92900002 1.831 2.2409999 65
-0.95999998 1.73 2.2390001 62
-0.89300001 2.029 2.2279999 54
-0.92900002 1.915 2.2320001 59
-0.96899998 1.811 2.2449999 63
-0.99299997 1.7029999 2.2390001 64
-0.94199997 2.0139999 2.2290001 60
-0.97500002 1.9 2.2379999 61
-1.007 1.786 2.2449999 63
-1.025 1.673 2.2360001 66
-0.99199998 2 2.234 62
-1.016 1.875 2.234 50
-1.044 1.761 2.2449999 65
-1.059 1.647 2.2390001 66
-1.035 1.973 2.224 60
-1.058 1.852 2.233 55
-1.082 1.7359999 2.2460001 63
-1.091 1.62 2.2409999 64
-1.084 1.957 2.2279999 59
-1.102 1.8329999 2.2379999 62
-1.117 1.709 2.2449999 67
-1.122 1.59 2.2409999 70
-1.133 1.937 2.23 64
-1.145 1.811 2.2409999 62
-1.155 1.6849999 2.2490001 63
-1.153 1.561 2.2420001 68
-1.178 1.9119999 2.227 65
-1.1849999 1.785 2.2409999 60
-1.1900001 1.658 2.2509999 63
-1.1849999 1.535 2.247 71
-1.226 1.892 2.2309999 59
-1.225 1.758 2.24 61
-1.224 1.628 2.25 60
-1.212 1.502 2.244 64
-1.273 1.869 2.233 57
-1.267 1.735 2.2449999 67
-1.257 1.597 2.2490001 59
-1.242 1.474 2.2479999 66
-1.317 1.841 2.2320001 59
-1.3049999 1.705 2.243 67
-1.2920001 1.5700001 2.253 59
-1.268 1.442 2.2479999 67
-1.3609999 1.813 2.2309999 59
-1.344 1.677 2.244 67
-1.326 1.5420001 2.257 61
-1.295 1.41 2.2479999 63
-1.405 1.783 2.23 58
-1.382 1.646 2.244 71
-1.355 1.508 2.2539999 63
-1.319 1.376 2.2460001 68
-1.45 1.756 2.233 63
-1.418 1.615 2.244 64
-1.39 1.48 2.26 66
-1.345 1.345 2.2479999 66
-1.489 1.722 2.2290001 59
-1.457 1.586 2.2479999 67
-1.4170001 1.446 2.257 64
-1.3710001 1.314 2.2509999 67
-1.534 1.693 2.233 61
-1.494 1.554 2.25 62
-1.446 1.4119999 2.257 59
-1.396 1.2819999 2.2539999 48
-1.577 1.661 2.2349999 47
-1.526 1.518 2.2449999 62
-1.473 1.376 2.2539999 71
-1.4170001 1.247 2.2520001 65
-1.6160001 1.626 2.234 63
-1.561 1.485 2.2479999 66
-1.505 1.347 2.2620001 64
-1.439 1.2130001 2.253 64
-1.658 1.5930001 2.237 66
-1.595 1.451 2.25 62
-1.528 1.309 2.257 68
-1.462 1.181 2.256 65
-1.696 1.554 2.2349999 56
-1.627 1.414 2.2479999 64
-1.5549999 1.274 2.2579999 67
-1.48 1.145 2.2539999 61
-1.734 1.518 2.2360001 63
-1.66 1.378 2.25 65
-1.58 1.238 2.2579999 69
-1.501 1.1109999 2.256 62
-1.77 1.478 2.2349999 61
-1.688 1.339 2.2479999 66
-1.603 1.201 2.257 63
-1.522 1.0779999 2.2590001 63
-1.808 1.4400001 2.237 62
-1.7180001 1.301 2.2479999 64
-1.63 1.1670001 2.2620001 68
-1.5369999 1.041 2.256 70
-1.842 1.398 2.2360001 58
-1.748 1.263 2.25 64
-1.653 1.13 2.2620001 68
-1.552 1.0039999 2.253 64
-1.878 1.359 2.2390001 64
-1.777 1.224 2.2520001 67
-1.671 1.09 2.2579999 69
-1.573 0.972 2.26 69
-1.9119999 1.316 2.24 57
-1.803 1.183 2.2509999 64
-1.699 1.056 2.267 68
-1.5880001 0.93599999 2.2590001 63
-1.9450001 1.273 2.2409999 57
-1.834 1.146 2.257 68
-1.715 1.016 2.2620001 71
-1.601 0.89899999 2.256 67
-1.976 1.229 2.2420001 59
-1.86 1.104 2.2579999 67
-1.734 0.977 2.2620001 69
-1.6160001 0.86400002 2.2579999 68
-2.0079999 1.1849999 2.244 53
-1.881 1.061 2.2550001 71
-1.76 0.94099998 2.2709999 72
-1.631 0.829 2.26 68
-2.039 1.14 2.247 61
-1.9069999 1.02 2.2590001 72
-1.773 0.89999998 2.266 73
-1.646 0.79299998 2.263 68
-2.069 1.095 2.2490001 67
-1.928 0.97500002 2.257 61
-1.791 0.861 2.2679999 72
-1.659 0.75800002 2.2650001 67
-2.0929999 1.046 2.2479999 64
-1.947 0.93099999 2.256 64
-1.811 0.82300001 2.273 70
-1.6720001 0.722 2.266 65
-2.1159999 0.99699998 2.2449999 59
-1.973 0.889 2.2620001 67
-1.827 0.78299999 2.2750001 69
-1.683 0.685 2.267 69
-2.1470001 0.95099998 2.253 60
-1.992 0.84500003 2.2620001 67
-1.8380001 0.741 2.27 70
-1.6950001 0.64999998 2.2709999 66
-2.1670001 0.89999998 2.2509999 63
-2.0120001 0.801 2.2650001 72
-1.858 0.70300001 2.279 69
-1.704 0.61299998 2.2690001 69
-2.1900001 0.85000002 2.2520001 62
-2.03 0.755 2.267 75
-1.865 0.66000003 2.273 69
-1.711 0.57599998 2.2679999 66
-2.2149999 0.801 2.2579999 58
-2.0450001 0.70899999 2.266 71
-1.878 0.61900002 2.2739999 68
-1.724 0.54100001 2.2750001 68
-2.2349999 0.75 2.26 61
-2.0599999 0.66299999 2.267 72
-1.891 0.579 2.277 75
-1.73 0.50400001 2.2739999 65
-2.2520001 0.69800001 2.2590001 59
-2.0799999 0.61799997 2.2739999 74
-1.903 0.53799999 2.279 78
-1.7359999 0.46700001 2.2720001 68
-2.2690001 0.64600003 2.2609999 65
-2.092 0.57099998 2.273 62
-1.9119999 0.49700001 2.28 76
-1.7460001 0.43099999 2.2780001 72
-2.2880001 0.59399998 2.266 63
-2.1040001 0.52399999 2.2739999 66
-1.924 0.456 2.2839999 70
-1.751 0.39500001 2.2780001 74
-2.3 0.54000002 2.2650001 63
-2.1159999 0.47600001 2.276 71
-1.933 0.414 2.2869999 71
-1.755 0.35699999 2.276 67
-2.3180001 0.48800001 2.2709999 57
-2.1240001 0.42899999 2.2750001 69
-1.936 0.37099999 2.283 75
-1.76 0.32100001 2.279 70
-2.3280001 0.43399999 2.2709999 57
-2.1329999 0.38100001 2.276 66
-1.947 0.33000001 2.289 73
-1.766 0.285 2.2820001 69
-2.3410001 0.38 2.2750001 64
-2.141 0.333 2.2780001 71
-1.952 0.28799999 2.29 72
-1.765 0.248 2.277 76
-2.349 0.32499999 2.2750001 63
-2.151 0.285 2.2820001 70
-1.9529999 0.24600001 2.2869999 79
-1.772 0.211 2.283 69
-2.358 0.271 2.2780001 62
-2.1559999 0.237 2.2820001 65
-1.961 0.204 2.2920001 67
-1.774 0.175 2.2839999 69
-2.3629999 0.215 2.2780001 64
-2.1619999 0.18799999 2.2850001 67
-1.9630001 0.162 2.293 71
-1.776 0.138 2.2850001 70
-2.369 0.161 2.2809999 61
-2.1619999 0.14 2.2839999 67
-1.966 0.119 2.2950001 70
-1.778 0.102 2.2880001 69
-2.3710001 0.106 2.2820001 61
-2.165 0.090999998 2.2850001 65
-1.969 0.077 2.2980001 73
-1.78 0.064999998 2.2909999 63
-2.372 0.050000001 2.283 61
-2.168 0.043000001 2.2880001 64
-1.967 0.035 2.296 70
-1.776 0.028999999 2.286 64
-2.375 -0.0040000002 2.286 64
-2.1730001 -0.0049999999 2.2950001 65
-1.967 -0.0060000001 2.2980001 69
-1.779 -0.0060000001 2.293 71
-2.372 -0.059 2.286 59
-2.168 -0.054000001 2.293 70
-1.97 -0.048 2.3039999 62
-1.776 -0.043000001 2.2909999 67
-2.368 -0.114 2.2869999 59
-2.1659999 -0.102 2.2950001 60
-1.965 -0.090999998 2.3010001 73
-1.773 -0.079000004 2.29 67
-2.3670001 -0.169 2.2909999 62
-2.158 -0.15000001 2.2909999 62
-1.959 -0.132 2.3 70
-1.772 -0.115 2.293 74
-2.362 -0.22400001 2.293 52
-2.1559999 -0.199 2.2950001 69
-1.957 -0.17399999 2.303 74
-1.7690001 -0.152 2.296 73
-2.3540001 -0.27900001 2.293 61
-2.154 -0.24699999 2.3 66
-1.952 -0.21600001 2.3039999 75
-1.765 -0.18799999 2.296 71
-2.348 -0.333 2.2969999 57
-2.1440001 -0.29499999 2.2969999 61
-1.95 -0.25799999 2.3080001 67
-1.762 -0.22400001 2.299 68
-2.3380001 -0.38699999 2.2980001 57
-2.1370001 -0.34299999 2.3 65
-1.944 -0.30000001 2.3099999 68
-1.7589999 -0.25999999 2.3010001 69
-2.325 -0.44100001 2.2969999 60
-2.131 -0.391 2.3039999 60
-1.937 -0.34200001 2.3110001 67
-1.7460001 -0.29499999 2.293 69
-2.3150001 -0.495 2.3010001 56
-2.1210001 -0.43799999 2.306 65
-1.928 -0.38299999 2.3110001 70
-1.745 -0.33199999 2.3 69
-2.3010001 -0.54799998 2.303 58
-2.109 -0.48500001 2.306 63
-1.9220001 -0.42500001 2.316 67
-1.738 -0.368 2.3010001 72
-2.286 -0.60100001 2.3039999 58
-2.098 -0.53200001 2.3080001 64
-1.9119999 -0.46599999 2.316 68
-1.729 -0.403 2.3 69
-2.27 -0.653 2.306 57
-2.0840001 -0.57800001 2.309 67
-1.902 -0.50599998 2.3169999 68
-1.723 -0.43900001 2.303 72
-2.253 -0.70499998 2.3080001 57
-2.0680001 -0.62400001 2.309 62
-1.891 -0.54699999 2.319 68
-1.714 -0.47400001 2.303 73
-2.237 -0.75700003 2.313 63
-2.056 -0.671 2.3139999 68
-1.877 -0.58700001 2.3180001 69
-1.705 -0.50999999 2.3039999 70
-2.2130001 -0.80599999 2.3099999 52
-2.0369999 -0.71499997 2.312 61
-1.865 -0.62800002 2.3199999 66
-1.696 -0.546 2.306 66
-2.1930001 -0.85699999 2.3139999 56
-2.0190001 -0.75999999 2.313 65
-1.85 -0.667 2.319 67
-1.691 -0.58200002 2.3139999 55
-2.1689999 -0.90600002 2.3139999 61
-2.0020001 -0.80500001 2.316 59
-1.835 -0.70599997 2.319 61
-1.674 -0.616 2.3069999 63
-2.148 -0.95499998 2.3180001 57
-1.9809999 -0.84799999 2.3150001 63
-1.8200001 -0.74599999 2.3210001 65
-1.671 -0.65399998 2.319 67
-2.119 -1.002 2.316 56
-1.96 -0.89099997 2.316 61
-1.804 -0.78500003 2.322 64
-1.656 -0.68800002 2.316 62
-2.0929999 -1.049 2.3180001 55
-1.9400001 -0.935 2.3180001 66
-1.7869999 -0.82300001 2.323 66
-1.638 -0.72000003 2.309 69
-2.069 -1.097 2.323 53
-1.9170001 -0.977 2.319 62
-1.768 -0.861 2.322 63
-1.631 -0.75800002 2.319 63
-2.0420001 -1.143 2.326 50
-1.891 -1.017 2.3169999 56
-1.751 -0.89999998 2.3239999 68
-1.617 -0.792 2.319 65
-2.007 -1.1849999 2.3210001 47
-1.87 -1.0599999 2.322 64
-1.73 -0.93599999 2.322 63
-1.599 -0.82499999 2.3150001 58
-1.982 -1.232 2.329 49
-1.848 -1.103 2.3269999 58
-1.709 -0.97299999 2.322 65
-1.586 -0.86000001 2.319 64
-1.949 -1.275 2.3299999 53
-1.822 -1.143 2.3280001 60
-1.6900001 -1.01 2.3239999 65
-1.568 -0.89300001 2.316 62
-1.9119999 -1.3150001 2.3269999 45
-1.794 -1.182 2.3280001 58
-1.67 -1.048 2.3280001 63
-1.5549999 -0.92900002 2.322 66
-1.881 -1.358 2.3310001 48
-1.768 -1.221 2.3310001 56
-1.643 -1.081 2.322 63
-1.534 -0.95999998 2.3180001 62
-1.8430001 -1.395 2.3280001 44
-1.7359999 -1.257 2.3280001 51
-1.627 -1.1210001 2.332 62
-1.522 -0.99699998 2.326 62
-1.808 -1.4349999 2.3299999 42
-1.709 -1.2970001 2.3329999 61
-1.6 -1.154 2.329 54
-1.501 -1.029 2.323 60
-1.776 -1.477 2.3369999 43
-1.676 -1.331 2.3299999 51
-1.58 -1.192 2.3340001 52
-1.482 -1.063 2.325 65
-1.737 -1.513 2.3369999 45
-1.645 -1.367 2.3310001 62
-1.554 -1.226 2.335 55
-1.4630001 -1.095 2.326 63
-1.696 -1.546 2.3340001 45
-1.613 -1.402 2.332 53
-1.527 -1.2589999 2.3340001 53
-1.441 -1.127 2.3239999 57
-1.66 -1.584 2.339 50
-1.5829999 -1.438 2.336 55
-1.503 -1.294 2.3369999 59
-1.4220001 -1.161 2.3269999 60
-1.62 -1.618 2.3399999 49
-1.5470001 -1.469 2.3329999 54
-1.476 -1.327 2.3380001 60
-1.402 -1.1950001 2.3310001 66
-1.579 -1.649 2.3399999 52
-1.516 -1.505 2.339 56
-1.448 -1.359 2.339 67
-1.378 -1.225 2.329 62
-1.539 -1.683 2.3440001 50
-1.482 -1.539 2.342 54
-1.418 -1.39 2.3380001 60
-1.3559999 -1.258 2.332 62
-1.497 -1.714 2.3440001 52
-1.442 -1.5650001 2.335 57
-1.393 -1.425 2.345 57
-1.331 -1.288 2.3299999 64
-1.451 -1.739 2.3399999 46
-1.409 -1.598 2.3399999 52
-1.362 -1.455 2.3440001 58
-1.309 -1.321 2.335 62
-1.4119999 -1.772 2.348 43
-1.372 -1.627 2.3399999 50
-1.326 -1.48 2.336 60
-1.284 -1.352 2.335 63
-1.369 -1.8 2.349 52
-1.3329999 -1.653 2.339 56
-1.301 -1.516 2.3469999 57
-1.262 -1.386 2.3410001 61
-1.327 -1.8279999 2.3529999 50
-1.298 -1.6849999 2.345 47
-1.27 -1.546 2.349 57
-1.234 -1.414 2.339 64
-1.283 -1.853 2.3540001 41
-1.26 -1.712 2.346 50
-1.235 -1.572 2.345 56
-1.205 -1.442 2.3369999 62
-1.234 -1.873 2.3499999 47
-1.219 -1.7359999 2.3440001 52
-1.2029999 -1.601 2.348 57
-1.1799999 -1.474 2.342 64
-1.188 -1.8940001 2.349 43
-1.182 -1.7640001 2.349 55
-1.168 -1.627 2.346 51
-1.151 -1.503 2.3410001 59
-1.1440001 -1.918 2.3529999 45
-1.141 -1.7869999 2.348 51
-1.1339999 -1.653 2.346 54
-1.124 -1.534 2.346 58
-1.097 -1.9349999 2.3510001 49
-1.099 -1.808 2.346 57
-1.101 -1.682 2.3510001 58
-1.094 -1.563 2.3469999 58
-1.05 -1.9529999 2.3499999 46
-1.0599999 -1.8329999 2.3510001 52
-1.064 -1.706 2.349 56
-1.062 -1.5880001 2.3440001 55
-1.0039999 -1.973 2.3529999 49
-1.017 -1.852 2.3469999 55
-1.028 -1.729 2.348 56
-1.031 -1.6160001 2.345 59
-0.95700002 -1.989 2.3529999 49
-0.97600001 -1.872 2.349 52
-0.99199998 -1.755 2.352 52
-0.99900001 -1.643 2.346 62
-0.91000003 -2.0020001 2.352 44
-0.93599999 -1.896 2.3540001 52
-0.954 -1.777 2.3499999 51
-0.96499997 -1.6670001 2.3429999 63
-0.86500001 -2.023 2.3599999 50
-0.89200002 -1.911 2.3510001 54
-0.91600001 -1.799 2.3499999 54
-0.935 -1.697 2.349 60
-0.81699997 -2.0339999 2.358 47
-0.84799999 -1.926 2.348 47
-0.88099998 -1.826 2.3570001 52
-0.89999998 -1.721 2.348 63
-0.76899999 -2.0450001 2.358 49
-0.80699998 -1.948 2.355 51
-0.84100002 -1.844 2.355 54
-0.86400002 -1.743 2.345 62
-0.72100002 -2.0550001 2.3570001 45
-0.76300001 -1.9630001 2.355 54
-0.80000001 -1.862 2.352 53
-0.83099997 -1.771 2.3510001 60
0 0 0 0
-0.71899998 -1.975 2.3529999 51
-0.76099998 -1.883 2.3540001 51
-0.79500002 -1.796 2.3529999 54
0 0 0 0
-0.676 -1.993 2.359 28
-0.72100002 -1.9 2.3529999 52
-0.759 -1.821 2.355 55
0 0 0 0
-0.25999999 -0.82499999 0.97100002 1
-0.68099999 -1.92 2.3559999 49
-0.72100002 -1.842 2.3540001 56
0 0 0 0
-0.236 -0.81 0.94700003 1
-0.26899999 -0.81699997 0.99400002 1
-0.68400002 -1.865 2.3570001 56
0 0 0 0
0 0 0 0
-0.249 -0.81400001 0.98199999 1
-0.64300001 -1.882 2.3510001 30
0 0 0 0
0 0 0 0
0 0 0 0
-0.25999999 -0.81800002 1.012 1
0 0 0 0
0 0 0 0
0 0 0 0
-0.237 -0.80699998 0.98799998 1
0 0 0 0
0 0 0 0
0 0 0 0
-0.215 -0.79699999 0.96600002 1
0 0 0 0
0 0 0 0
0 0 0 0
0 0 0 0
0 0 0 0
0 0 0 0
0 0 0 0
0 0 0 0
0 0 0 0
0 0 0 0
0 0 0 0
0 0 0 0
0 0 0 0
0 0 0 0
0 0 0 0
0 0 0 0
0 0 0 0
0 0 0 0
0 0 0 0
0 0 0 0
0 0 0 0
0 0 0 0
0 0 0 0
0 0 0 0
0 0 0 0
0 0 0 0
0 0 0 0
0 0 0 0
0 0 0 0
0 0 0 0
0 0 0 0
0 0 0 0
0 0 0 0
0 0 0 0
0 0 0 0
0 0 0 0
0 0 0 0
0 0 0 0
0 0 0 0
0 0 0 0
0 0 0 0
0 0 0 0
0 0 0 0
0 0 0 0
0 0 0 0
0 0 0 0
0 0 0 0
0 0 0 0
0 0 0 0
0 0 0 0
0 0 0 0
0 0 0 0
0 0 0 0
0 0 0 0
0 0 0 0
0 0 0 0
0 0 0 0
0 0 0 0
0 0 0 0
0 0 0 0
0 0 0 0
0 0 0 0
0 0 0 0
0 0 0 0
0 0 0 0
0 0 0 0
0 0 0 0
0 0 0 0
0 0 0 0
0 0 0 0
0 0 0 0
0 0 0 0
0 0 0 0
0 0 0 0
0 0 0 0
0 0 0 1
0 0 0 0
0 0 0 0
0 0 0 1
0 0 0 2
0 0 0 0
0 0 0 0
0 0 0 1
0 0 0 2
0 0 0 0
0 0 0 0
0 0 0 2
0 0 0 3
0 0 0 0
0 0 0 0
0 0 0 2
0 0 0 4
0 0 0 0
0 0 0 0
0 0 0 2
0 0 0 1
0 0 0 0
0 0 0 1
0 0 0 2
0.193 -0.634 0.70999998 0
0 0 0 0
0 0 0 2
0 0 0 2
0 0 0 0
0 0 0 0
0 0 0 2
0 0 0 3
0 0 0 0
0 0 0 0
0 0 0 3
0 0 0 5
0 0 0 0
0 0 0 0
0 0 0 4
0 0 0 4
0 0 0 0
0 0 0 1
0 0 0 6
0 0 0 1
0 0 0 0
0 0 0 1
0 0 0 9
0 0 0 0
0 0 0 0
0 0 0 1
0 0 0 4
0 0 0 0
0 0 0 0
0 0 0 1
0 0 0 3
0 0 0 0
0 0 0 0
0 0 0 1
0 0 0 2
0 0 0 0
0 0 0 0
0 0 0 0
0 0 0 2
0 0 0 0
0 0 0 0
0 0 0 0
0 0 0 1
0 0 0 0
0 0 0 0
0 0 0 0
0 0 0 1
0 0 0 0
0 0 0 0
0 0 0 0
0 0 0 0
0 0 0 0
0 0 0 0
0 0 0 0
0 0 0 0
0 0 0 0
0 0 0 0
0 0 0 0
0 0 0 0
0 0 0 0
0 0 0 0
0 0 0 0
0 0 0 0
0 0 0 0
0 0 0 0
0 0 0 0
0 0 0 0
0 0 0 0
0 0 0 0
0 0 0 0
0 0 0 0
0 0 0 0
0 0 0 0
0 0 0 0
0 0 0 0
0.42399999 -0.46200001 0.66900003 0
0 0 0 0
0 0 0 0
0 0 0 0
0.45199999 -0.47 0.69400001 0
0 0 0 0
0 0 0 0
0 0 0 0
0.47099999 -0.46799999 0.70599997 0
0 0 0 0
0 0 0 0
0 0 0 0
0.48899999 -0.465 0.71499997 0
0 0 0 0
0 0 0 0
0 0 0 0
0.505 -0.45899999 0.72299999 0
0 0 0 0
0 0 0 0
0 0 0 0
0.51200002 -0.44499999 0.71700001 0
0 0 0 0
0 0 0 0
0 0 0 0
0.53100002 -0.44 0.727 0
0 0 0 0
0 0 0 0
0 0 0 0
0.54699999 -0.43399999 0.73500001 0
0.546 -0.43799999 0.68900001 0
0 0 0 0
0 0 0 0
0.56699997 -0.42899999 0.74800003 0
0.57200003 -0.43700001 0.70700002 0
0 0 0 0
0 0 0 0
0.58499998 -0.42199999 0.75700003 0
0.59100002 -0.43000001 0.71600002 1
0 0 0 0
0 0 0 0
0.60000002 -0.41299999 0.76300001 0
0.61000001 -0.42199999 0.72399998 1
0 0 0 0
0 0 0 0
0.62 -0.40700001 0.77600002 0
0.62099999 -0.40900001 0.72399998 1
0 0 0 0
0 0 0 0
0.63300002 -0.39500001 0.77899998 0
0.63200003 -0.39500001 0.72299999 0
0 0 0 0
0 0 0 0
0.64999998 -0.38499999 0.787 0
0.63300002 -0.37599999 0.713 0
0 0 0 0
0 0 0 0
0 0 0 0
0 0 0 0
0 0 0 0
0 0 0 0
0 0 0 0
0 0 0 0
0 0 0 0
0 0 0 0
0 0 0 0
0 0 0 0
0 0 0 0
0 0 0 0
0 0 0 0
0 0 0 0
0 0 0 0
0 0 0 0
0 0 0 0
0 0 0 0
0 0 0 0
0 0 0 0
0 0 0 0
0 0 0 0
0 0 0 0
0 0 0 0
0 0 0 0
0 0 0 0
0 0 0 0
0 0 0 0
0 0 0 0
0 0 0 0
0.792 -0.28999999 1.0549999 1
0.80599999 -0.285 0.96499997 1
0 0 0 0
0 0 0 0
0.80400002 -0.27599999 1.063 1
0 0 0 0
0 0 0 0
0 0 0 0
0.833 -0.26699999 1.0930001 1
0 0 0 0
0 0 0 0
0 0 0 0
0.86199999 -0.257 1.122 1
0.87599999 -0.24699999 1.023 1
0.89099997 -0.241 0.94400001 1
0.90700001 -0.236 0.884 1
0.88700002 -0.244 1.148 0
0.903 -0.234 1.0470001 1
0.91799998 -0.226 0.96399999 1
0.94 -0.221 0.91000003 1
0.92400002 -0.234 1.188 0
0.93800002 -0.221 1.081 1
0.95700002 -0.212 0.99900001 1
0.98400003 -0.208 0.94599998 1
0 0 0 0
0.95700002 -0.204 1.096 1
0.995 -0.197 1.0319999 1
1.012 -0.189 0.96700001 1
0 0 0 0
1.005 -0.191 1.145 1
2.2479999 -0.39399999 2.319 28
2.45 -0.398 2.3269999 69
0 0 0 0
2.0480001 -0.345 2.322 45
2.2579999 -0.34299999 2.3169999 66
2.46 -0.34099999 2.325 68
0 0 0 2
2.059 -0.301 2.323 67
2.266 -0.292 2.3150001 64
2.467 -0.28299999 2.322 62
1.858 -0.27200001 2.3269999 56
2.0669999 -0.25600001 2.322 66
2.2720001 -0.23999999 2.312 61
2.477 -0.226 2.322 69
1.864 -0.233 2.3239999 46
2.073 -0.211 2.3210001 67
2.283 -0.19 2.3150001 64
2.483 -0.168 2.3199999 71
1.87 -0.19499999 2.323 49
2.079 -0.16599999 2.3199999 67
2.2880001 -0.138 2.313 67
2.4820001 -0.11 2.313 59
1.878 -0.15700001 2.3239999 53
2.082 -0.121 2.316 62
2.289 -0.086000003 2.309 66
2.4909999 -0.052000001 2.3180001 64
1.881 -0.118 2.3210001 56
2.085 -0.075999998 2.3139999 65
2.2909999 -0.034000002 2.3069999 58
2.4920001 0.0049999999 2.3150001 58
1.883 -0.079000004 2.3169999 58
2.0899999 -0.029999999 2.3150001 65
2.2950001 0.017000001 2.3080001 65
2.4879999 0.064000003 2.3099999 52
1.89 -0.039000001 2.3199999 57
2.092 0.014 2.3139999 65
2.293 0.068999998 2.3039999 58
2.4920001 0.122 2.313 69
1.891 0 2.316 54
2.0929999 0.059999999 2.312 66
2.2950001 0.121 2.306 66
2.4890001 0.18000001 2.312 70
1.888 0.037999999 2.309 54
2.0929999 0.105 2.3110001 67
2.293 0.17299999 2.3039999 63
2.4860001 0.23800001 2.3110001 70
1.896 0.078000002 2.3150001 57
2.0940001 0.15099999 2.3110001 64
2.2869999 0.22499999 2.3 59
2.48 0.296 2.3099999 67
1.896 0.118 2.313 56
2.0880001 0.197 2.306 64
2.2869999 0.27700001 2.3039999 64
2.473 0.354 2.3080001 68
1.895 0.15800001 2.3099999 53
2.0910001 0.243 2.3110001 68
2.279 0.329 2.3 64
2.4649999 0.412 2.3069999 72
1.897 0.198 2.312 60
2.082 0.28799999 2.3039999 67
2.27 0.38 2.2969999 58
2.4560001 0.47 2.3069999 71
1.892 0.23800001 2.3069999 55
2.079 0.33399999 2.3050001 64
2.2709999 0.43399999 2.3050001 57
2.444 0.52700001 2.306 73
1.89 0.278 2.3050001 56
2.075 0.38 2.3050001 61
2.257 0.484 2.299 63
2.428 0.583 2.302 77
1.8940001 0.31999999 2.312 57
2.0680001 0.426 2.303 61
2.247 0.53500003 2.2980001 65
2.414 0.639 2.302 77
1.8890001 0.36000001 2.309 57
2.0599999 0.472 2.3010001 60
2.24 0.58700001 2.302 60
2.398 0.69499999 2.3 72
1.8839999 0.40000001 2.3069999 56
2.0539999 0.51800001 2.303 51
2.22 0.63599998 2.2939999 60
2.378 0.75 2.296 65
1.883 0.442 2.3099999 50
2.0469999 0.56400001 2.3050001 71
2.2079999 0.68699998 2.2950001 63
2.3670001 0.80699998 2.303 69
1.8789999 0.48300001 2.3110001 58
2.0339999 0.60799998 2.3010001 65
2.1930001 0.73699999 2.2939999 64
2.345 0.861 2.3 77
1.8710001 0.52399999 2.3080001 56
2.0239999 0.65399998 2.302 73
2.1760001 0.787 2.293 60
2.3139999 0.91100001 2.289 70
1.863 0.56400001 2.306 57
2.0109999 0.699 2.3 72
2.1570001 0.83600003 2.2909999 65
2.2980001 0.96700001 2.2950001 68
1.853 0.60500002 2.303 59
1.994 0.74299997 2.2950001 65
2.1400001 0.88499999 2.2920001 65
2.27 1.018 2.2909999 72
1.845 0.64600003 2.302 62
1.985 0.79000002 2.3 66
2.119 0.93300003 2.29 66
2.247 1.071 2.2920001 73
1.836 0.68699998 2.302 60
1.971 0.83499998 2.3 67
2.0969999 0.98100001 2.2880001 66
2.2179999 1.1210001 2.2880001 67
1.825 0.72799999 2.3 62
1.947 0.875 2.29 64
2.075 1.029 2.2869999 66
2.194 1.173 2.2909999 74
1.813 0.76899999 2.299 63
1.934 0.921 2.2939999 68
2.052 1.075 2.2869999 65
2.155 1.217 2.28 62
1.802 0.81 2.299 61
1.916 0.96499997 2.293 69
2.026 1.1210001 2.2839999 63
2.1289999 1.2690001 2.2850001 75
1.788 0.85100001 2.296 62
1.896 1.008 2.2920001 68
2.003 1.1670001 2.2850001 63
2.095 1.314 2.2809999 69
1.771 0.889 2.2909999 59
1.876 1.051 2.2909999 66
1.975 1.212 2.283 66
2.063 1.362 2.2809999 69
1.757 0.93099999 2.2909999 64
1.851 1.091 2.286 58
1.943 1.2539999 2.277 64
2.027 1.4069999 2.2780001 73
1.742 0.97100002 2.2909999 61
1.831 1.1339999 2.2869999 64
1.916 1.298 2.2780001 60
1.9910001 1.45 2.2750001 66
1.722 1.01 2.2850001 56
1.8099999 1.177 2.2880001 67
1.885 1.341 2.276 63
1.955 1.494 2.2750001 70
1.709 1.053 2.29 62
1.784 1.217 2.2850001 63
1.852 1.381 2.273 60
1.919 1.538 2.2750001 66
1.688 1.091 2.286 57
1.756 1.256 2.279 65
1.821 1.423 2.273 58
1.88 1.579 2.273 62
1.668 1.13 2.2820001 60
1.734 1.299 2.2839999 65
1.789 1.464 2.2720001 58
1.841 1.62 2.2720001 71
1.65 1.1720001 2.2850001 58
1.7029999 1.336 2.2780001 66
1.7539999 1.503 2.27 61
1.803 1.661 2.273 65
1.6289999 1.211 2.2839999 61
1.676 1.376 2.2780001 64
1.722 1.543 2.2709999 57
1.762 1.699 2.273 66
1.604 1.247 2.2780001 56
1.649 1.416 2.279 64
1.6849999 1.581 2.27 59
1.716 1.733 2.266 66
1.586 1.291 2.2850001 61
1.619 1.4529999 2.277 63
1.65 1.618 2.27 58
1.675 1.77 2.2679999 59
1.562 1.329 2.2820001 61
1.586 1.488 2.2720001 63
1.6109999 1.653 2.267 52
1.628 1.802 2.2620001 63
1.534 1.364 2.277 59
1.556 1.526 2.273 64
1.571 1.687 2.263 62
1.582 1.8329999 2.2579999 66
1.51 1.403 2.2780001 59
1.523 1.562 2.2709999 59
1.534 1.723 2.2639999 62
1.539 1.868 2.26 69
1.482 1.4400001 2.276 58
1.489 1.597 2.2690001 58
1.493 1.755 2.2609999 58
1.495 1.9 2.2609999 67
1.4529999 1.476 2.2720001 56
1.456 1.632 2.2690001 63
1.4529999 1.788 2.2609999 57
1.448 1.929 2.2579999 67
1.426 1.5140001 2.273 51
1.42 1.665 2.267 63
1.41 1.816 2.256 60
1.399 1.956 2.2550001 60
1.398 1.551 2.2739999 54
1.3839999 1.698 2.2650001 62
1.368 1.847 2.256 59
1.353 1.984 2.2550001 61
1.3660001 1.585 2.27 55
1.348 1.73 2.263 61
1.327 1.877 2.256 61
1.304 2.0090001 2.2520001 59
1.334 1.62 2.2679999 59
1.3099999 1.761 2.2609999 61
1.281 1.902 2.2509999 59
1.256 2.0339999 2.2520001 60
1.301 1.653 2.2650001 60
1.271 1.7920001 2.2590001 61
1.24 1.933 2.2539999 56
1.209 2.0599999 2.2539999 59
1.266 1.6849999 2.2609999 58
1.234 1.824 2.2609999 57
1.1950001 1.9579999 2.2520001 59
1.1569999 2.079 2.2479999 52
1.234 1.72 2.2620001 53
1.194 1.853 2.2590001 60
1.149 1.9809999 2.2479999 52
1.109 2.1040001 2.2520001 60
1.197 1.751 2.2579999 55
1.151 1.876 2.2520001 57
1.1059999 2.0079999 2.2509999 59
1.058 2.1199999 2.247 57
1.16 1.781 2.2550001 57
1.113 1.908 2.256 58
1.059 2.03 2.2490001 49
1.006 2.135 2.2420001 60
1.126 1.817 2.2590001 60
1.072 1.9349999 2.2550001 58
1.013 2.052 2.2479999 54
0.958 2.1570001 2.2460001 62
1.0880001 1.847 2.256 58
1.029 1.96 2.253 56
0.96700001 2.0739999 2.2490001 54
0.90499997 2.168 2.24 61
1.049 1.875 2.253 59
0.98799998 1.988 2.2550001 51
0.91900003 2.092 2.2460001 53
0.85399997 2.1830001 2.24 60
1.011 1.906 2.2539999 53
0.94400001 2.0109999 2.253 51
0.87 2.1059999 2.2409999 54
0.80400002 2.197 2.2390001 48
0.97100002 1.936 2.2550001 56
0.89899999 2.033 2.2509999 51
0.82300001 2.1270001 2.243 45
0.75300002 2.2090001 2.2390001 61
0.92900002 1.96 2.25 44
0.85500002 2.056 2.2509999 51
0.77499998 2.142 2.2420001 54
0.70099998 2.2190001 2.237 68
0.88800001 1.989 2.2509999 53
0.80900002 2.075 2.2479999 52
0.72600001 2.1559999 2.2390001 54
0.64999998 2.23 2.2379999 62
0.84600002 2.017 2.2520001 54
0.76200002 2.092 2.243 52
0.67900002 2.175 2.243 60
0.60000002 2.2420001 2.24 44
0.80199999 2.04 2.247 54
0.71700001 2.115 2.247 53
0.62900001 2.1860001 2.2409999 57
0.54900002 2.2509999 2.2420001 10
0.759 2.0669999 2.2490001 56
0.67000002 2.131 2.244 52
0.579 2.1960001 2.2390001 55
0 0 0 0
0.71399999 2.0910001 2.2490001 54
0.62199998 2.1459999 2.2409999 53
0 0 0 0
0.097000003 0.491 0.48699999 12
0.66799998 2.1110001 2.2449999 54
0.57599998 2.1659999 2.244 59
0.106 0.491 0.49599999 9
0 0 0 0
0.62199998 2.1329999 2.2460001 56
0.52700001 2.1800001 2.2420001 54
0.094999999 0.48899999 0.49200001 10
0.074000001 0.49000001 0.484 11
0.57499999 2.1559999 2.247 53
0 0 0 0
0.082999997 0.486 0.486 10
0.063000001 0.48800001 0.48100001 11
0.52700001 2.1730001 2.243 54
0.093999997 0.48300001 0.49000001 10
0.071999997 0.48699999 0.48699999 9
0.050999999 0.48100001 0.47499999 10
0 0 0 0
0.082000002 0.47999999 0.48500001 10
0.059999999 0.484 0.48300001 9
0.039999999 0.479 0.47299999 11
0.094999999 0.48800001 0.49599999 11
0.071999997 0.484 0.48699999 9
0.048999999 0.48100001 0.47799999 9
0.029999999 0.479 0.47299999 10
0.082000002 0.48300001 0.486 11
0.061000001 0.48500001 0.48500001 9
0 0 0 0
0.018999999 0.47499999 0.47 11
0 0 0 0
0 0 0 0
0.028000001 0.47799999 0.47400001 9
0.0089999996 0.47400001 0.47 10
0.059 0.47999999 0.477 11
0.037999999 0.47299999 0.46900001 8
0 0 0 0
0 0 0 0
0 0 0 0
0 0 0 0
0.0060000001 0.477 0.47299999 9
-0.011 0.47099999 0.46900001 10
0.037 0.47999999 0.47099999 10
0.016000001 0.472 0.46599999 9
0 0 0 0
-0.021 0.463 0.46200001 5
0 0 0 0
0.0049999999 0.47099999 0.46399999 9
-0.013 0.47099999 0.46799999 8
-0.152 2.2379999 2.243 13
0.014 0.47499999 0.46200001 10
0 0 0 0
-0.116 2.2509999 2.24 25
-0.199 2.2179999 2.233 62
0 0 0 0
-0.015 0.46700001 0.45899999 9
-0.16500001 2.244 2.2379999 62
-0.24600001 2.21 2.2360001 66
-0.0060000001 0.47299999 0.45699999 11
-0.124 2.27 2.2309999 1
-0.215 2.244 2.244 58
-0.294 2.201 2.2379999 67
-0.017000001 0.47 0.45199999 10
-0.176 2.279 2.2409999 66
-0.264 2.233 2.2390001 61
-0.34 2.1860001 2.2360001 72
0 0 0 0
-0.227 2.276 2.2390001 61
-0.31200001 2.224 2.2390001 58
-0.38600001 2.174 2.237 67
-0.19599999 2.3269999 2.233 13
-0.27900001 2.27 2.2360001 59
-0.361 2.217 2.2409999 60
-0.433 2.1619999 2.24 65
-0.25 2.3269999 2.2320001 52
-0.331 2.27 2.24 57
-0.40900001 2.2049999 2.2390001 61
-0.47600001 2.1389999 2.2320001 57
-0.30500001 2.326 2.23 54
-0.382 2.2620001 2.2379999 56
-0.45699999 2.1949999 2.24 60
-0.52100003 2.1259999 2.2349999 66
-0.36000001 2.325 2.2290001 57
-0.433 2.2550001 2.237 57
-0.505 2.1830001 2.2409999 54
-0.565 2.109 2.2349999 62
-0.41499999 2.323 2.2290001 51
-0.48500001 2.2479999 2.237 56
-0.55199999 2.1700001 2.2409999 58
-0.60799998 2.089 2.233 71
-0.472 2.326 2.2360001 53
-0.53600001 2.2390001 2.2379999 49
-0.59899998 2.152 2.2379999 62
-0.65200001 2.0739999 2.237 67
-0.52600002 2.3169999 2.2309999 50
-0.58600003 2.227 2.2360001 61
-0.64700001 2.1429999 2.244 62
-0.69400001 2.0539999 2.237 65
-0.57999998 2.3050001 2.2260001 48
-0.63700002 2.214 2.2349999 60
-0.68900001 2.1159999 2.233 55
-0.73500001 2.03 2.233 68
-0.63599998 2.299 2.2279999 49
-0.68699998 2.2 2.233 55
-0.73799998 2.1059999 2.2409999 64
-0.77600002 2.01 2.2349999 72
-0.69199997 2.2920001 2.2290001 52
-0.736 2.184 2.2309999 57
-0.78100002 2.0840001 2.237 62
-0.815 1.985 2.2320001 68
-0.74599999 2.277 2.2260001 50
-0.78600001 2.1700001 2.2320001 60
-0.82499999 2.063 2.2349999 56
-0.85500002 1.9630001 2.2320001 67
-0.80000001 2.263 2.224 54
-0.83600003 2.154 2.2320001 57
-0.86900002 2.0409999 2.233 59
-0.898 1.947 2.2409999 75
-0.85600001 2.253 2.227 56
-0.884 2.132 2.2279999 58
-0.91399997 2.023 2.2379999 64
-0.93300003 1.916 2.233 70
-0.91000003 2.2349999 2.224 54
-0.93400002 2.1170001 2.2309999 55
-0.95599997 1.999 2.2349999 58
-0.97000003 1.8890001 2.2309999 65
-0.96399999 2.2190001 2.224 52
-0.98299998 2.099 2.233 60
-0.99800003 1.975 2.234 62
-1.008 1.8660001 2.234 60
-1.0190001 2.2019999 2.224 58
-1.03 2.075 2.2309999 61
-1.041 1.954 2.237 58
-1.046 1.842 2.2360001 65
-1.072 2.181 2.223 55
-1.077 2.0539999 2.2309999 57
-1.085 1.933 2.2409999 66
-1.081 1.813 2.2349999 67
-1.126 2.1619999 2.2249999 57
-1.126 2.033 2.234 62
-1.123 1.903 2.237 62
-1.117 1.788 2.237 68
-1.176 2.1340001 2.2179999 57
-1.169 2.003 2.227 59
-1.165 1.8789999 2.24 68
-1.153 1.762 2.24 69
-1.229 2.112 2.22 59
-1.215 1.978 2.2279999 58
-1.204 1.851 2.2390001 63
-1.184 1.729 2.234 69
-1.284 2.092 2.2249999 58
-1.262 1.954 2.2309999 64
-1.243 1.823 2.24 62
-1.2180001 1.701 2.237 69
-1.334 2.063 2.223 56
-1.307 1.926 2.23 61
-1.283 1.7970001 2.244 70
-1.252 1.673 2.2390001 71
-1.385 2.036 2.223 63
-1.353 1.9 2.234 59
-1.322 1.7690001 2.2449999 65
-1.284 1.6440001 2.2409999 68
-1.4349999 2.007 2.223 61
-1.395 1.868 2.2320001 71
-1.358 1.738 2.2449999 67
-1.317 1.615 2.244 67
-1.4859999 1.978 2.224 62
-1.438 1.8380001 2.2320001 60
-1.395 1.707 2.2460001 67
-1.344 1.58 2.2390001 72
-1.534 1.9450001 2.224 61
-1.482 1.809 2.2360001 62
-1.4299999 1.674 2.2449999 62
-1.374 1.549 2.24 69
-1.5829999 1.913 2.224 62
-1.524 1.776 2.2360001 65
-1.4630001 1.64 2.243 66
-1.405 1.5190001 2.243 65
-1.63 1.878 2.224 59
-1.566 1.744 2.2390001 60
-1.5 1.609 2.2460001 62
-1.434 1.487 2.244 69
-1.678 1.845 2.2260001 50
-1.6059999 1.709 2.2390001 55
-1.533 1.575 2.247 55
-1.462 1.455 2.2460001 67
-1.724 1.808 2.2260001 59
-1.642 1.67 2.234 65
-1.564 1.54 2.2460001 68
-1.489 1.4220001 2.2460001 63
-1.77 1.771 2.2279999 63
-1.682 1.635 2.237 60
-1.599 1.507 2.2490001 61
-1.516 1.3890001 2.2479999 70
-1.812 1.73 2.2260001 61
-1.722 1.6 2.2409999 64
-1.628 1.469 2.247 68
-1.539 1.352 2.244 71
-1.857 1.691 2.2279999 60
-1.757 1.5599999 2.2390001 62
-1.659 1.433 2.2479999 65
-1.5650001 1.318 2.2460001 72
-1.897 1.648 2.227 60
-1.7920001 1.52 2.2379999 62
-1.689 1.397 2.25 61
-1.589 1.284 2.247 69
-1.939 1.6059999 2.2279999 63
-1.8279999 1.4809999 2.24 64
-1.717 1.359 2.2490001 65
-1.613 1.25 2.2490001 73
-1.983 1.566 2.233 59
-1.86 1.439 2.2390001 63
-1.745 1.321 2.2490001 67
-1.636 1.214 2.25 70
-2.0190001 1.5190001 2.23 62
-1.893 1.397 2.2390001 64
-1.773 1.283 2.2520001 68
-1.659 1.179 2.2509999 72
-2.059 1.474 2.233 54
-1.931 1.359 2.247 67
-1.801 1.245 2.2539999 63
-1.679 1.142 2.25 66
-2.099 1.429 2.2360001 62
-1.96 1.314 2.2449999 62
-1.826 1.204 2.253 66
-1.7 1.1059999 2.2509999 68
-2.135 1.382 2.237 56
-1.99 1.27 2.2449999 63
-1.855 1.1670001 2.26 70
-1.72 1.0700001 2.2520001 66
-2.168 1.331 2.2360001 67
-2.023 1.228 2.25 56
-1.878 1.126 2.2590001 71
-1.74 1.033 2.2539999 65
-2.2060001 1.285 2.2420001 64
-2.0510001 1.182 2.25 59
-1.899 1.084 2.2579999 72
-1.76 0.99599999 2.2550001 66
-2.2390001 1.235 2.244 67
-2.0769999 1.136 2.25 60
-1.924 1.044 2.2609999 69
-1.779 0.95999998 2.2579999 69
-2.2679999 1.182 2.243 67
-2.1059999 1.091 2.2539999 68
-1.946 1.002 2.263 70
-1.796 0.92199999 2.2579999 65
-2.3 1.131 2.2449999 59
-2.1300001 1.043 2.2539999 68
-1.9630001 0.958 2.26 70
-1.813 0.884 2.26 65
-2.326 1.077 2.2449999 60
-2.1530001 0.995 2.253 67
-1.9859999 0.917 2.2639999 71
-1.8279999 0.84600002 2.26 65
-2.3529999 1.023 2.2460001 65
-2.1800001 0.94800001 2.2590001 63
-2.0050001 0.87400001 2.2650001 70
-1.844 0.80800003 2.2609999 61
-2.3840001 0.97100002 2.2520001 63
-2.201 0.89899999 2.2590001 63
-2.0220001 0.82999998 2.2650001 66
-1.8609999 0.76999998 2.2639999 67
-2.4070001 0.91500002 2.2509999 61
-2.22 0.84899998 2.2590001 60
-2.04 0.787 2.2679999 68
-1.874 0.73100001 2.2650001 65
-2.428 0.85900003 2.2520001 63
-2.2420001 0.80000001 2.2620001 61
-2.056 0.74299997 2.2679999 68
-1.888 0.69199997 2.266 66
-2.4519999 0.80299997 2.2550001 60
-2.26 0.75 2.263 62
-2.0710001 0.69800001 2.2690001 68
-1.899 0.653 2.2650001 63
-2.4719999 0.74599999 2.256 59
-2.277 0.69800001 2.263 58
-2.089 0.65499997 2.2739999 73
-1.9119999 0.61400002 2.2679999 61
-2.4920001 0.68900001 2.2590001 66
-2.2950001 0.648 2.267 67
-2.1010001 0.60900003 2.273 70
-1.9220001 0.574 2.267 70
-2.5120001 0.63099998 2.2620001 64
-2.3110001 0.597 2.2690001 68
-2.118 0.565 2.279 67
-1.937 0.53500003 2.273 74
-2.5250001 0.57300001 2.2620001 63
-2.323 0.54500002 2.2679999 63
-2.125 0.51800001 2.2750001 72
-1.944 0.495 2.2709999 68
-2.5420001 0.514 2.266 68
-2.342 0.49399999 2.276 66
-2.138 0.47299999 2.2780001 68
-1.9529999 0.45500001 2.2709999 69
-2.5550001 0.45500001 2.267 66
-2.3499999 0.44100001 2.2739999 52
-2.1440001 0.426 2.2739999 69
-1.9630001 0.41499999 2.2739999 64
-2.5699999 0.396 2.2709999 63
-2.362 0.38800001 2.277 73
-2.1600001 0.38100001 2.283 71
-1.969 0.37400001 2.273 68
-2.576 0.336 2.27 55
-2.3740001 0.336 2.2809999 66
-2.165 0.33500001 2.2820001 66
-1.976 0.33399999 2.273 65
-2.5899999 0.27599999 2.276 68
-2.381 0.28200001 2.2809999 69
-2.171 0.28799999 2.2809999 67
-1.984 0.294 2.276 71
-2.5910001 0.21600001 2.2739999 61
-2.385 0.229 2.28 63
-2.1789999 0.242 2.2839999 68
-1.992 0.25299999 2.279 74
-2.599 0.156 2.277 69
-2.3940001 0.175 2.2850001 65
-2.1860001 0.19499999 2.2869999 61
-1.995 0.212 2.2780001 72
-2.602 0.094999999 2.2780001 70
-2.3959999 0.122 2.2850001 64
-2.1900001 0.148 2.289 63
-2.0009999 0.171 2.28 71
-2.5769999 0.034000002 2.256 104
-2.398 0.068000004 2.2850001 67
-2.1949999 0.101 2.2909999 63
-2.0039999 0.13 2.28 72
-2.5190001 -0.024 2.2060001 150
-2.398 0.014 2.286 64
-2.2030001 0.054000001 2.2980001 62
-2.006 0.089000002 2.28 72
-2.4619999 -0.081 2.1589999 150
-2.398 -0.037999999 2.2869999 67
-2.197 0.0070000002 2.2909999 66
-2.0109999 0.048 2.2850001 72
-2.4100001 -0.13500001 2.118 122
-2.3970001 -0.092 2.2869999 66
-2.2049999 -0.039000001 2.3 62
-2.0139999 0.0060000001 2.286 70
-2.4130001 -0.191 2.1240001 150
-2.3989999 -0.146 2.293 71
-2.2030001 -0.086999997 2.3 65
-2.0150001 -0.034000002 2.2880001 67
-2.4289999 -0.249 2.145 153
-2.3959999 -0.199 2.2950001 70
-2.1960001 -0.134 2.2950001 51
-2.0150001 -0.075999998 2.2880001 62
-2.4890001 -0.31400001 2.2049999 150
-2.3870001 -0.25299999 2.2920001 62
-2.2 -0.182 2.302 63
-2.0150001 -0.118 2.29 64
-2.566 -0.384 2.283 101
-2.391 -0.30700001 2.302 68
-2.1949999 -0.229 2.3010001 61
-2.0109999 -0.15899999 2.2880001 68
-2.5669999 -0.44499999 2.2950001 65
-2.3829999 -0.36000001 2.303 68
-2.188 -0.27599999 2.3010001 64
-2.013 -0.20100001 2.2920001 61
-2.5539999 -0.50300002 2.296 62
-2.372 -0.41299999 2.302 71
-2.1860001 -0.324 2.3050001 65
-2.01 -0.243 2.2920001 62
-2.54 -0.56199998 2.296 61
-2.3629999 -0.46599999 2.3039999 68
-2.177 -0.37 2.303 58
-2.007 -0.285 2.2950001 63
-2.5280001 -0.62 2.3 60
-2.349 -0.51800001 2.303 64
-2.1689999 -0.417 2.303 58
-2.007 -0.32800001 2.3 63
-2.5090001 -0.67699999 2.299 58
-2.339 -0.57099998 2.3050001 66
-2.161 -0.46399999 2.3039999 59
-2.0009999 -0.37 2.299 62
-2.4920001 -0.73400003 2.3010001 58
-2.3280001 -0.62300003 2.309 65
-2.155 -0.51099998 2.309 62
-1.9960001 -0.412 2.3010001 58
-2.4719999 -0.79100001 2.302 54
-2.316 -0.676 2.313 65
-2.1440001 -0.55800003 2.3080001 61
-1.99 -0.454 2.303 64
-2.4530001 -0.847 2.3039999 60
-2.299 -0.727 2.312 66
-2.1359999 -0.60500002 2.312 68
-1.983 -0.49599999 2.303 64
-2.431 -0.90200001 2.306 61
-2.283 -0.778 2.3139999 64
-2.1259999 -0.65200001 2.316 64
-1.974 -0.53799999 2.303 60
-2.408 -0.95700002 2.3069999 66
-2.2639999 -0.82800001 2.3150001 50
-2.112 -0.69800001 2.3150001 61
-1.965 -0.57999998 2.303 64
-2.3829999 -1.011 2.3080001 63
-2.2449999 -0.87800002 2.3150001 62
-2.0999999 -0.74400002 2.3180001 56
-1.96 -0.62400001 2.3099999 59
-2.3559999 -1.063 2.309 58
-2.223 -0.92699999 2.3150001 59
-2.0810001 -0.78899997 2.316 59
-1.9450001 -0.66399997 2.3039999 58
-2.3329999 -1.118 2.3139999 57
-2.2019999 -0.97600001 2.316 59
-2.0680001 -0.83499998 2.319 63
-1.942 -0.70899999 2.3150001 59
-2.303 -1.168 2.3139999 54
-2.1789999 -1.025 2.3169999 61
-2.052 -0.88099998 2.3210001 61
-1.924 -0.74900001 2.3080001 65
-2.276 -1.22 2.3169999 48
-2.161 -1.076 2.3239999 61
-2.0320001 -0.92500001 2.319 60
-1.915 -0.792 2.3139999 67
-2.2420001 -1.2690001 2.316 45
-2.1340001 -1.1210001 2.322 53
-2.0150001 -0.97000003 2.3210001 63
-1.903 -0.83499998 2.316 72
-2.2079999 -1.316 2.3150001 42
-2.109 -1.169 2.3239999 53
-1.998 -1.016 2.326 55
-1.888 -0.87699997 2.316 65
-2.1789999 -1.367 2.3199999 38
-2.0829999 -1.216 2.326 50
-1.978 -1.0599999 2.3269999 62
-1.873 -0.91900003 2.3169999 64
-2.148 -1.416 2.3239999 37
-2.0580001 -1.263 2.3299999 50
-1.955 -1.103 2.326 59
-1.8559999 -0.95899999 2.316 65
-2.1129999 -1.4630001 2.3269999 37
-2.027 -1.307 2.3280001 47
-1.933 -1.147 2.3269999 53
-1.84 -1.002 2.3180001 60
-2.0769999 -1.508 2.3280001 37
-1.998 -1.351 2.3299999 40
-1.911 -1.191 2.3299999 56
-1.821 -1.0420001 2.3169999 58
-2.0409999 -1.554 2.3310001 37
-1.9680001 -1.396 2.3329999 41
-1.8890001 -1.234 2.3340001 49
-1.8049999 -1.085 2.3210001 56
-2.003 -1.598 2.3329999 37
-1.934 -1.437 2.3310001 42
-1.86 -1.274 2.3299999 44
-1.789 -1.128 2.325 66
-1.961 -1.637 2.3299999 37
-1.9069999 -1.483 2.3369999 41
-1.835 -1.316 2.332 46
-1.77 -1.17 2.3280001 56
-1.923 -1.6799999 2.3340001 38
-1.87 -1.521 2.3340001 39
-1.807 -1.357 2.3310001 45
-1.751 -1.212 2.3310001 56
-1.882 -1.72 2.335 38
-1.835 -1.562 2.335 42
-1.783 -1.4 2.3369999 44
-1.726 -1.251 2.3280001 48
-1.8380001 -1.757 2.3329999 40
-1.802 -1.603 2.3380001 42
-1.752 -1.439 2.3340001 43
-1.702 -1.29 2.3269999 55
-1.801 -1.8 2.3410001 49
-1.763 -1.64 2.336 45
-1.726 -1.4809999 2.3399999 40
-1.681 -1.332 2.332 47
-1.7589999 -1.839 2.345 50
-1.728 -1.6799999 2.3399999 44
-1.696 -1.521 2.342 46
-1.6569999 -1.373 2.3340001 49
-1.712 -1.8710001 2.342 45
-1.692 -1.719 2.3429999 49
-1.665 -1.5599999 2.3429999 48
-1.6289999 -1.41 2.3310001 46
-1.669 -1.908 2.346 47
-1.654 -1.756 2.345 53
-1.633 -1.599 2.3440001 48
-1.604 -1.451 2.3340001 50
-1.625 -1.943 2.349 48
-1.613 -1.791 2.3440001 51
-1.6 -1.636 2.345 48
-1.577 -1.4910001 2.335 48
-1.5779999 -1.975 2.349 48
-1.574 -1.826 2.345 48
-1.5650001 -1.671 2.3429999 50
-1.55 -1.53 2.3380001 50
-1.533 -2.0079999 2.3529999 49
-1.534 -1.86 2.3469999 52
-1.529 -1.707 2.3429999 48
-1.52 -1.567 2.3369999 54
-1.483 -2.0350001 2.3499999 46
-1.488 -1.888 2.3410001 49
-1.497 -1.7460001 2.349 50
-1.4910001 -1.607 2.3399999 53
-1.436 -2.0650001 2.3529999 46
-1.451 -1.927 2.3510001 57
-1.461 -1.7819999 2.3510001 46
-1.4579999 -1.642 2.3369999 52
-1.3890001 -2.0940001 2.3559999 46
-1.406 -1.955 2.348 46
-1.4220001 -1.813 2.3469999 47
-1.428 -1.682 2.3410001 52
-1.34 -2.1199999 2.3570001 44
-1.363 -1.9859999 2.3499999 50
-1.388 -1.853 2.355 56
-1.397 -1.72 2.3440001 47
-1.289 -2.142 2.3540001 47
-1.319 -2.0150001 2.3510001 52
-1.349 -1.886 2.3559999 53
-1.364 -1.758 2.3469999 51
-1.24 -2.168 2.3570001 46
-1.275 -2.0439999 2.3529999 48
-1.308 -1.916 2.3540001 53
-1.329 -1.7920001 2.3469999 47
-1.191 -2.1919999 2.3599999 47
-1.23 -2.0710001 2.3529999 49
-1.268 -1.949 2.3559999 51
-1.296 -1.831 2.352 37
-1.142 -2.2149999 2.3629999 43
-1.1849999 -2.099 2.3570001 40
-1.225 -1.975 2.352 36
-1.258 -1.863 2.3499999 53
-1.09 -2.2349999 2.3629999 38
-1.1390001 -2.1259999 2.359 44
-1.1849999 -2.01 2.358 46
-1.22 -1.898 2.352 41
-1.039 -2.253 2.3640001 39
-1.09 -2.145 2.3540001 46
-1.142 -2.0369999 2.3570001 46
-1.183 -1.934 2.355 48
-0.98900002 -2.2739999 2.368 45
-1.043 -2.168 2.3559999 51
-1.098 -2.0639999 2.355 45
-1.142 -1.9630001 2.352 49
-0.93599999 -2.2869999 2.365 38
-0.99599999 -2.1930001 2.359 43
-1.054 -2.092 2.3570001 46
-1.1059999 -2.003 2.3610001 46
-0.88499999 -2.3039999 2.3670001 41
-0.94800001 -2.214 2.3599999 41
-1.011 -2.1210001 2.3610001 47
-1.062 -2.03 2.3570001 48
-0.83099997 -2.3110001 2.3610001 39
-0.89999998 -2.2349999 2.362 45
-0.96499997 -2.1459999 2.3610001 47
-1.02 -2.0610001 2.358 45
-0.77999997 -2.3280001 2.365 28
-0.85000002 -2.2539999 2.3629999 44
-0.91900003 -2.171 2.362 40
-0.977 -2.089 2.3559999 45
0 0 0 0
-0.801 -2.273 2.3640001 46
-0.875 -2.201 2.369 45
-0.93300003 -2.1210001 2.3599999 45
0 0 0 0
0 0 0 0
-0.82700002 -2.2219999 2.3670001 47
-0.88800001 -2.148 2.359 43
0 0 0 0
0 0 0 0
-0.77700001 -2.2390001 2.362 33
-0.84600002 -2.1830001 2.368 39
0 0 0 0
0 0 0 0
0 0 0 0
-0.79799998 -2.207 2.365 42
0 0 0 0
0 0 0 0
0 0 0 0
-0.74900001 -2.2290001 2.362 20
0 0 0 0
0 0 0 0
0 0 0 0
0 0 0 0
0 0 0 0
0 0 0 0
0 0 0 0
0 0 0 0
0 0 0 0
0 0 0 0
0 0 0 0
0 0 0 0
0 0 0 0
-0.12800001 -0.77499998 0.77200001 0
0 0 0 0
0 0 0 0
0 0 0 0
0 0 0 0
0 0 0 0
0 0 0 0
-0.063000001 -0.72500002 0.71799999 0
-0.093000002 -0.76700002 0.75999999 0
0 0 0 0
0 0 0 0
-0.048 -0.72600001 0.72100002 0
0 0 0 0
0 0 0 0
0 0 0 0
-0.032000002 -0.72100002 0.71600002 0
-0.057 -0.73500001 0.72600001 0
0 0 0 0
0 0 0 0
-0.017000001 -0.72399998 0.72000003 1
-0.041000001 -0.73500001 0.72500002 1
-0.064999998 -0.73299998 0.72000003 0
0 0 0 0
-0.001 -0.71899998 0.71600002 1
-0.024 -0.73100001 0.72000003 1
-0.048999999 -0.73799998 0.722 2
0 0 0 0
0.013 -0.70599997 0.70499998 2
-0.0080000004 -0.72399998 0.713 1
-0.032000002 -0.73299998 0.71499997 2
-0.054000001 -0.745 0.72100002 3
0.028000001 -0.71399999 0.71399999 1
0.0060000001 -0.72100002 0.70999998 1
-0.016000001 -0.73299998 0.713 1
-0.035999998 -0.73900002 0.71200001 1
0.041999999 -0.70099998 0.704 0
0.022 -0.72299999 0.71200001 0
0 -0.72600001 0.70499998 0
0 0 0 0
0 0 0 0
0 0 0 0
0 0 0 0
0 0 0 0
0 0 0 0
0 0 0 0
0 0 0 0
0 0 0 0
0 0 0 0
0 0 0 0
0.154 -2.286 2.211 0
0.097999997 -2.3 2.1830001 7
0 0 0 0
0 0 0 0
0.204 -2.2590001 2.184 5
0.15000001 -2.28 2.1589999 52
0 0 0 0
0.30899999 -2.1989999 2.1860001 2
0.252 -2.2309999 2.158 46
0.2 -2.247 2.1240001 43
0 0 0 0
0.35499999 -2.1800001 2.175 40
0.30000001 -2.211 2.1400001 45
0.25099999 -2.2320001 2.1059999 62
0 0 0 0
0.40000001 -2.161 2.164 45
0.347 -2.188 2.1210001 44
0.301 -2.2090001 2.0829999 51
0 0 0 0
0 0 0 0
0.39399999 -2.165 2.102 62
0.34999999 -2.1860001 2.062 52
0 0 0 0
0 0 0 0
0 0 0 0
0.39899999 -2.1670001 2.0450001 54
0 0 0 0
0 0 0 0
0 0 0 0
0 0 0 0
0 0 0 0
0 0 0 0
0 0 0 0
0 0 0 0
0 0 0 0
0 0 0 0
0 0 0 0
0 0 0 0
0 0 0 0
0 0 0 0
0 0 0 0
0 0 0 0
0 0 0 0
0 0 0 0
0 0 0 0
0 0 0 0
0 0 0 0
0 0 0 0
0 0 0 0
0 0 0 0
0 0 0 0
0 0 0 0
0 0 0 0
0 0 0 0
0 0 0 0
0 0 0 0
0 0 0 0
0 0 0 0
0 0 0 0
0 0 0 0
0 0 0 0
0 0 0 0
0 0 0 0
0 0 0 0
0 0 0 0
0 0 0 0
0 0 0 0
0 0 0 0
0 0 0 0
0 0 0 0
0 0 0 0
0 0 0 0
0 0 0 0
0 0 0 0
0 0 0 0
0 0 0 0
0 0 0 0
0 0 0 0
0 0 0 0
0 0 0 0
0 0 0 0
0 0 0 0
0 0 0 0
0 0 0 0
0 0 0 0
0 0 0 0
0 0 0 0
0 0 0 0
0 0 0 0
0 0 0 0
0 0 0 0
0 0 0 0
0 0 0 0
0 0 0 0
0 0 0 0
0 0 0 0
0 0 0 0
0 0 0 0
0 0 0 0
0 0 0 0
0 0 0 0
0 0 0 0
0 0 0 0
0 0 0 0
0 0 0 0
0 0 0 0
0 0 0 0
0 0 0 0
0 0 0 0
0 0 0 0
0 0 0 0
0 0 0 0
0 0 0 0
0 0 0 0
0 0 0 0
0 0 0 0
0 0 0 0
0 0 0 0
0 0 0 0
0 0 0 0
0 0 0 0
0 0 0 0
0 0 0 0
0 0 0 0
0 0 0 0
0 0 0 0
0 0 0 0
0 0 0 0
0 0 0 0
0 0 0 0
0 0 0 0
0 0 0 0
0 0 0 0
0 0 0 0
0 0 0 0
0 0 0 0
0 0 0 0
0 0 0 0
0.50800002 -0.44800001 0.708 0
0 0 0 0
0 0 0 0
0 0 0 0
0.52700001 -0.44499999 0.72100002 0
0 0 0 0
0 0 0 0
0 0 0 0
0.52899998 -0.428 0.71100003 0
0 0 0 0
0 0 0 0
0 0 0 0
0.54699999 -0.42500001 0.72399998 0
0.55699998 -0.42199999 0.67400002 0
0 0 0 0
0 0 0 0
0 0 0 0
0.588 -0.426 0.699 0
0 0 0 0
0 0 0 0
0 0 0 0
0.61299998 -0.42399999 0.71700001 1
0 0 0 0
2.0840001 -1.382 2.082 19
0 0 0 0
0.62 -0.40799999 0.713 1
0 0 0 0
2.141 -1.348 2.102 19
0 0 0 0
0.64200002 -0.40400001 0.72799999 1
0 0 0 0
2.2049999 -1.316 2.1270001 17
0 0 0 0
0.64399999 -0.38499999 0.72000003 0
0 0 0 0
2.2750001 -1.285 2.1600001 17
0 0 0 0
0.64200002 -0.36500001 0.708 0
0.69 -0.37900001 0.69599998 0
2.3429999 -1.251 2.1900001 20
0 0 0 0
0 0 0 0
0.71399999 -0.37099999 0.70899999 0
2.415 -1.217 2.2249999 15
0 0 0 0
0 0 0 0
0.727 -0.35699999 0.713 1
2.48 -1.176 2.253 5
0 0 0 0
0.71700001 -0.34799999 0.75999999 0
0.736 -0.34099999 0.713 0
0 0 0 0
0 0 0 0
0 0 0 0
0.75 -0.32600001 0.71700001 0
0.78200001 -0.32600001 0.69199997 0
0 0 0 0
0 0 0 0
0 0 0 0
0 0 0 0
0 0 0 0
0 0 0 0
0 0 0 0
0.833 -0.30199999 0.72100002 1
0 0 0 0
0 0 0 0
0 0 0 0
0.83200002 -0.28 0.713 0
0 0 0 0
0 0 0 0
0 0 0 0
0 0 0 0
0 0 0 0
0 0 0 0
0 0 0 0
0 0 0 0
0 0 0 0
0 0 0 0
0 0 0 0
0 0 0 0
0 0 0 0
0 0 0 0
0 0 0 0
0.96100003 -0.22400001 0.79500002 1
0.86900002 -0.255 0.93000001 1
0 0 0 0
0 0 0 0
0 0 0 0
0.88700002 -0.241 0.94300002 1
0.93800002 -0.221 0.90499997 1
0.98199999 -0.20299999 0.86500001 1
2.8499999 -0.52399999 2.3280001 8
0.92400002 -0.23 0.97500002 1
0.96499997 -0.205 0.92500001 1
2.6489999 -0.48500001 2.3210001 33
2.8670001 -0.45699999 2.3280001 64
0.95200002 -0.21600001 0.99800003 1
1.006 -0.191 0.95899999 1
2.655 -0.42399999 2.3139999 67
2.8740001 -0.389 2.322 59
0.98299998 -0.20100001 1.025 1
2.4549999 -0.41100001 2.3269999 62
2.6619999 -0.36199999 2.309 58
2.8889999 -0.32100001 2.3239999 64
2.2639999 -0.414 2.3440001 23
2.4619999 -0.35600001 2.3210001 68
2.674 -0.30199999 2.309 65
2.895 -0.25299999 2.3199999 63
2.257 -0.36399999 2.325 52
2.473 -0.303 2.3210001 61
2.6860001 -0.241 2.3110001 57
2.904 -0.185 2.3199999 61
2.2679999 -0.31600001 2.3239999 56
2.4809999 -0.248 2.319 60
2.6900001 -0.17900001 2.306 69
2.9119999 -0.116 2.3210001 56
2.28 -0.26899999 2.326 54
2.4890001 -0.193 2.319 63
2.6949999 -0.117 2.3050001 72
2.911 -0.046999998 2.316 60
2.2850001 -0.22 2.3199999 53
2.4960001 -0.138 2.3169999 62
2.704 -0.056000002 2.3069999 62
2.914 0.021 2.3139999 60
2.2980001 -0.17200001 2.3239999 52
2.5 -0.082999997 2.3150001 60
2.7060001 0.0049999999 2.3050001 62
2.914 0.090000004 2.313 65
2.3010001 -0.123 2.319 55
2.503 -0.028000001 2.312 58
2.7090001 0.068000004 2.3050001 62
2.911 0.15800001 2.3110001 65
2.3080001 -0.074000001 2.3169999 54
2.5090001 0.027000001 2.313 57
2.707 0.12899999 2.302 59
2.9000001 0.226 2.303 65
2.312 -0.025 2.316 41
2.51 0.082000002 2.3110001 54
2.704 0.191 2.299 62
2.9000001 0.29499999 2.306 67
2.3180001 0.024 2.316 50
2.51 0.138 2.309 61
2.704 0.25400001 2.3010001 66
2.8959999 0.36300001 2.3069999 66
2.319 0.074000001 2.313 49
2.5079999 0.19400001 2.3069999 59
2.6989999 0.31600001 2.299 66
2.8829999 0.43099999 2.302 67
2.326 0.124 2.3150001 49
2.5079999 0.25 2.3069999 59
2.6889999 0.37799999 2.2950001 64
2.8740001 0.49900001 2.3010001 74
2.3280001 0.175 2.3150001 48
2.5020001 0.30599999 2.303 61
2.6860001 0.44 2.2969999 67
2.8599999 0.56699997 2.299 74
2.3280001 0.22499999 2.313 47
2.5009999 0.36199999 2.3050001 61
2.6760001 0.50199997 2.2950001 70
2.8469999 0.63300002 2.2980001 75
2.326 0.27599999 2.3099999 45
2.4949999 0.41800001 2.303 63
2.665 0.56300002 2.2939999 69
2.8399999 0.70200002 2.3039999 74
2.326 0.32699999 2.3099999 53
2.4879999 0.47400001 2.3 61
2.655 0.62400001 2.2939999 76
2.8239999 0.76899999 2.3039999 74
2.322 0.37799999 2.3080001 53
2.484 0.53100002 2.303 62
2.642 0.68599999 2.2920001 74
2.7980001 0.833 2.2969999 72
2.319 0.43000001 2.3069999 53
2.474 0.58700001 2.3010001 62
2.6240001 0.74599999 2.289 68
2.7750001 0.89700001 2.2939999 76
2.3139999 0.48100001 2.3050001 57
2.457 0.64099997 2.293 65
2.6140001 0.80800003 2.293 70
2.7509999 0.96100003 2.29 68
2.309 0.53200001 2.3039999 61
2.451 0.69800001 2.2969999 55
2.592 0.866 2.2880001 73
2.7260001 1.024 2.2880001 72
2.3050001 0.58499998 2.3050001 56
2.4400001 0.75400001 2.2980001 64
2.569 0.92400002 2.2839999 66
2.7 1.087 2.2869999 68
2.2939999 0.63599998 2.3010001 45
2.424 0.80900002 2.2950001 62
2.549 0.98299998 2.2839999 64
2.6700001 1.148 2.283 65
2.2869999 0.68800002 2.3010001 54
2.4170001 0.86699998 2.3010001 67
2.527 1.0420001 2.2820001 69
2.642 1.209 2.283 70
2.279 0.741 2.302 57
2.392 0.91900003 2.2920001 63
2.5020001 1.099 2.28 71
2.6159999 1.272 2.2850001 74
2.2690001 0.79299998 2.3010001 59
2.375 0.97500002 2.2909999 62
2.4790001 1.1569999 2.28 68
2.5829999 1.331 2.2820001 67
2.2539999 0.84399998 2.2969999 59
2.3599999 1.03 2.2939999 66
2.451 1.214 2.277 68
2.5439999 1.387 2.276 61
2.243 0.89700001 2.2980001 54
2.3380001 1.084 2.2909999 65
2.425 1.27 2.277 70
2.516 1.448 2.28 72
2.227 0.94800001 2.296 58
2.312 1.135 2.2850001 58
2.3970001 1.325 2.277 56
2.4809999 1.506 2.2809999 75
2.2090001 0.99900001 2.2920001 56
2.2939999 1.191 2.289 60
2.369 1.381 2.277 63
2.437 1.557 2.273 70
2.198 1.053 2.296 57
2.2720001 1.245 2.289 63
2.3340001 1.434 2.273 65
2.4030001 1.615 2.276 64
2.174 1.102 2.2880001 54
2.243 1.296 2.2850001 58
2.299 1.485 2.2690001 64
2.3599999 1.6670001 2.2720001 66
2.1530001 1.152 2.2839999 53
2.217 1.348 2.2839999 63
2.2679999 1.539 2.2709999 65
2.3169999 1.717 2.2690001 61
2.1370001 1.206 2.2880001 51
2.187 1.398 2.28 64
2.2249999 1.585 2.2620001 68
2.2750001 1.7690001 2.2679999 64
2.115 1.256 2.2850001 57
2.158 1.449 2.279 61
2.1949999 1.64 2.2679999 62
2.234 1.821 2.27 61
2.0910001 1.306 2.283 60
2.1300001 1.5 2.279 59
2.1570001 1.6900001 2.267 60
2.187 1.868 2.266 58
2.069 1.358 2.283 57
2.098 1.55 2.2780001 62
2.1129999 1.734 2.2590001 64
2.1459999 1.92 2.27 57
2.0409999 1.406 2.2780001 52
2.063 1.597 2.273 59
2.0780001 1.786 2.263 60
2.0929999 1.961 2.2620001 71
2.0139999 1.455 2.276 56
2.0309999 1.648 2.2739999 60
2.036 1.832 2.2609999 57
2.0450001 2.006 2.2609999 64
1.988 1.506 2.277 51
1.997 1.696 2.2739999 55
1.994 1.878 2.26 56
2 2.053 2.2639999 70
1.964 1.559 2.28 50
1.959 1.74 2.2690001 58
1.954 1.925 2.2620001 58
1.9450001 2.0899999 2.257 63
1.931 1.605 2.276 50
1.925 1.79 2.2720001 56
1.906 1.964 2.256 69
1.892 2.128 2.253 57
1.902 1.655 2.276 52
1.886 1.835 2.27 58
1.858 2.0050001 2.2520001 59
1.841 2.1689999 2.253 60
1.8660001 1.7 2.2709999 46
1.844 1.876 2.2650001 53
1.814 2.0480001 2.253 60
1.79 2.2079999 2.253 63
1.83 1.745 2.267 44
1.8049999 1.9220001 2.2650001 60
1.766 2.0880001 2.2509999 60
1.7309999 2.2379999 2.2449999 66
1.798 1.794 2.2679999 57
1.762 1.9630001 2.2620001 58
1.7180001 2.1270001 2.25 63
1.681 2.2780001 2.2490001 60
1.761 1.839 2.2650001 47
1.7180001 2.0039999 2.2590001 55
1.6720001 2.1670001 2.2520001 62
1.625 2.3099999 2.2449999 66
1.724 1.8839999 2.2639999 52
1.676 2.046 2.2590001 57
1.617 2.197 2.244 60
1.567 2.339 2.2409999 71
1.689 1.933 2.267 49
1.63 2.085 2.256 58
1.568 2.2349999 2.244 64
1.516 2.3770001 2.247 72
1.648 1.976 2.2639999 51
1.5829999 2.122 2.2520001 60
1.517 2.2679999 2.243 61
1.456 2.4000001 2.2390001 63
1.6059999 2.0179999 2.2609999 46
1.5369999 2.1600001 2.2509999 58
1.465 2.302 2.2420001 63
1.398 2.4260001 2.2360001 64
1.564 2.059 2.2579999 48
1.489 2.197 2.2490001 56
1.413 2.3340001 2.2420001 58
1.3430001 2.4579999 2.24 50
1.52 2.1010001 2.256 42
1.439 2.23 2.2449999 45
1.358 2.3629999 2.2390001 53
1.284 2.48 2.2360001 64
1.473 2.1370001 2.2490001 44
1.392 2.2690001 2.247 60
1.304 2.391 2.237 57
1.223 2.4990001 2.2309999 60
1.428 2.1789999 2.25 45
1.341 2.302 2.244 60
1.249 2.4170001 2.234 62
1.166 2.523 2.2309999 61
1.382 2.2179999 2.2479999 44
1.289 2.332 2.2409999 59
1.194 2.4449999 2.234 61
1.107 2.5439999 2.2309999 65
1.334 2.256 2.247 46
1.237 2.3640001 2.2390001 61
1.138 2.4679999 2.2309999 54
0 0 0 0
1.285 2.2909999 2.243 48
1.1849999 2.395 2.2379999 58
1.081 2.49 2.2279999 58
0.215 0.56300002 0.486 11
1.235 2.3280001 2.2420001 51
1.13 2.421 2.234 60
0 0 0 0
0.19599999 0.55000001 0.47099999 12
1.183 2.359 2.237 49
1.077 2.45 2.234 61
0.21600001 0.56599998 0.49700001 8
0.182 0.54699999 0.46599999 11
1.132 2.395 2.237 56
1.023 2.4790001 2.234 66
0.197 0.55400002 0.48199999 11
0.167 0.54100001 0.458 11
1.0779999 2.4260001 2.234 59
0 0 0 0
0.17900001 0.54299998 0.46900001 10
0.152 0.53399998 0.45100001 11
1.023 2.4549999 2.23 55
0.19599999 0.54500002 0.47999999 10
0.164 0.53799999 0.461 9
0.138 0.52999997 0.44499999 11
0 0 0 0
0.18000001 0.53799999 0.47 11
0.15000001 0.53399998 0.45500001 9
0.125 0.528 0.44100001 11
0.199 0.54900002 0.486 9
0.16500001 0.53200001 0.461 8
0.13699999 0.52999997 0.449 9
0 0 0 0
0.182 0.54000002 0.47299999 12
0.15000001 0.52899998 0.454 8
0.123 0.52399999 0.442 9
0.097999997 0.51700002 0.43000001 11
0.167 0.53799999 0.465 11
0 0 0 0
0.11 0.52100003 0.43700001 10
0 0 0 0
0.15099999 0.52899998 0.45300001 12
0.123 0.523 0.442 9
0.097000003 0.51700002 0.43200001 9
0.074000001 0.51099998 0.42300001 10
0.13699999 0.52499998 0.44499999 11
0.11 0.52200001 0.43799999 9
0 0 0 0
0 0 0 0
0.122 0.51700002 0.43399999 11
0 0 0 0
0.071999997 0.51200002 0.42500001 9
0.050999999 0.50400001 0.417 10
0.109 0.51700002 0.43000001 11
0.083999999 0.50999999 0.42300001 9
0 0 0 0
0 0 0 0
0.094999999 0.51200002 0.42300001 11
0.071999997 0.509 0.41999999 9
0.048999999 0.50800002 0.419 9
0.028000001 0.50099999 0.414 10
0.082999997 0.514 0.42199999 11
0.059 0.50300002 0.41299999 9
0.037999999 0.509 0.419 8
0 0 0 0
0.07 0.50800002 0.414 11
0 0 0 0
0.026000001 0.50300002 0.41299999 9
0.0060000001 0.49700001 0.41100001 10
0 0 0 0
0.035999998 0.50199997 0.41 9
0 0 0 0
0 0 0 0
0.045000002 0.505 0.40599999 10
0.024 0.49900001 0.405 8
0.003 0.5 0.41100001 8
-0.014 0.49200001 0.40799999 9
0 0 0 0
0 0 0 0
0 0 0 0
0 0 0 0
0.021 0.49700001 0.396 10
0.001 0.495 0.40099999 8
-0.017999999 0.493 0.405 8
-0.035 0.48699999 0.40700001 9
0.0099999998 0.505 0.40000001 10
0 0 0 0
0 0 0 0
-0.25 2.641 2.2149999 38
-0.001 0.49399999 0.38999999 10
-0.02 0.493 0.398 8
-0.039000001 0.48800001 0.40200001 8
-0.30700001 2.638 2.2219999 64
0 0 0 0
0 0 0 0
-0.27700001 2.6819999 2.2190001 54
-0.36300001 2.625 2.221 63
-0.024 0.48199999 0.37900001 9
-0.041999999 0.48300001 0.38999999 7
-0.33500001 2.668 2.214 56
-0.419 2.6140001 2.223 65
0 0 0 0
-0.303 2.737 2.2130001 62
-0.39500001 2.665 2.2179999 49
-0.47299999 2.596 2.22 66
-0.045000002 0.461 0.36199999 3
-0.366 2.7379999 2.217 64
-0.45300001 2.6559999 2.2190001 56
-0.528 2.5829999 2.2219999 63
-0.345 2.816 2.2090001 58
-0.42899999 2.727 2.2119999 67
-0.51099998 2.641 2.2160001 61
-0.58200002 2.566 2.221 57
-0.412 2.812 2.2060001 52
-0.49200001 2.7219999 2.2130001 63
-0.57099998 2.635 2.2219999 62
-0.63499999 2.546 2.2190001 52
-0.47999999 2.8069999 2.204 56
-0.55500001 2.7160001 2.2149999 70
-0.62699997 2.6170001 2.2190001 68
-0.68800002 2.526 2.2179999 43
-0.54900002 2.8069999 2.207 58
-0.61900002 2.7119999 2.22 67
-0.68400002 2.599 2.2160001 57
-0.74199998 2.51 2.2219999 50
-0.616 2.7969999 2.204 59
-0.67900002 2.6900001 2.2119999 68
-0.74199998 2.586 2.2190001 64
-0.79400003 2.4920001 2.224 50
-0.68599999 2.796 2.2090001 62
-0.74400002 2.6849999 2.2179999 51
-0.79900002 2.569 2.22 66
-0.84399998 2.467 2.221 47
-0.75400001 2.7850001 2.2079999 56
-0.80500001 2.6670001 2.2149999 62
-0.85399997 2.549 2.2190001 60
-0.89499998 2.4449999 2.221 60
-0.82300001 2.777 2.21 59
-0.866 2.648 2.2130001 65
-0.91000003 2.529 2.22 66
-0.94499999 2.4200001 2.22 56
-0.889 2.7590001 2.2060001 52
-0.92900002 2.635 2.2160001 61
-0.96399999 2.506 2.2179999 63
-0.99199998 2.392 2.217 60
-0.95700002 2.7449999 2.207 65
-0.98799998 2.612 2.2130001 59
-1.0190001 2.484 2.2190001 64
-1.0420001 2.368 2.22 61
-1.026 2.73 2.2079999 58
-1.049 2.5910001 2.2119999 59
-1.074 2.4630001 2.221 68
-1.091 2.3440001 2.221 54
-1.094 2.714 2.21 60
-1.109 2.569 2.2119999 63
-1.126 2.434 2.2179999 63
-1.135 2.3110001 2.2160001 58
-1.16 2.691 2.2079999 63
-1.168 2.5450001 2.2119999 61
-1.179 2.4089999 2.2179999 64
-1.1849999 2.29 2.223 60
-1.225 2.665 2.204 64
-1.227 2.5190001 2.21 61
-1.232 2.3840001 2.22 64
-1.232 2.2609999 2.223 67
-1.289 2.638 2.201 62
-1.286 2.4949999 2.2119999 70
-1.283 2.3559999 2.221 63
-1.278 2.233 2.2249999 64
-1.353 2.609 2.198 55
-1.345 2.4679999 2.2130001 65
-1.334 2.326 2.22 59
-1.321 2.2 2.2219999 62
-1.421 2.5869999 2.2030001 62
-1.401 2.437 2.211 62
-1.385 2.2969999 2.221 62
-1.365 2.1689999 2.223 60
-1.483 2.5550001 2.2 58
-1.4579999 2.4070001 2.211 62
-1.4349999 2.2650001 2.221 62
-1.406 2.1340001 2.22 64
-1.549 2.527 2.2030001 63
-1.5140001 2.375 2.211 60
-1.4809999 2.23 2.2190001 59
-1.449 2.1010001 2.221 60
-1.612 2.4949999 2.2030001 58
-1.568 2.3399999 2.2090001 61
-1.5319999 2.201 2.223 64
-1.492 2.069 2.2219999 62
-1.6720001 2.4590001 2.201 57
-1.626 2.3099999 2.214 60
-1.5779999 2.164 2.221 61
-1.53 2.0320001 2.22 64
-1.737 2.4260001 2.2030001 54
-1.679 2.2739999 2.2119999 66
-1.626 2.131 2.223 61
-1.576 2.0039999 2.227 64
-1.798 2.3900001 2.204 60
-1.734 2.24 2.2160001 66
-1.6720001 2.0940001 2.224 61
-1.613 1.965 2.224 67
-1.858 2.3510001 2.2049999 55
-1.786 2.201 2.2149999 68
-1.717 2.0580001 2.2249999 65
-1.649 1.926 2.221 69
-1.9170001 2.3099999 2.2049999 55
-1.836 2.1600001 2.214 69
-1.761 2.0179999 2.224 58
-1.687 1.89 2.223 54
-1.974 2.267 2.204 57
-1.887 2.1199999 2.2149999 64
-1.804 1.98 2.2249999 60
-1.728 1.857 2.2279999 66
-2.0320001 2.2249999 2.2049999 52
-1.939 2.0799999 2.217 71
-1.849 1.942 2.2279999 67
-1.763 1.816 2.2260001 60
-2.0910001 2.1830001 2.2090001 51
-1.987 2.0369999 2.217 66
-1.888 1.899 2.2249999 66
-1.7970001 1.776 2.2249999 65
-2.1470001 2.1359999 2.21 51
-2.033 1.9910001 2.2160001 69
-1.9299999 1.858 2.2260001 64
-1.832 1.738 2.2260001 68
-2.201 2.0880001 2.21 56
-2.085 1.951 2.2219999 65
-1.969 1.8150001 2.227 62
-1.867 1.698 2.227 67
-2.2509999 2.0369999 2.2079999 52
-2.128 1.902 2.2190001 60
-2.0109999 1.774 2.23 70
-1.904 1.661 2.2320001 76
-2.3039999 1.987 2.21 55
-2.171 1.853 2.2179999 62
-2.0469999 1.729 2.2290001 62
-1.932 1.6160001 2.2279999 65
-2.3499999 1.931 2.2060001 50
-2.217 1.807 2.221 58
-2.085 1.684 2.23 65
-1.964 1.575 2.2279999 63
-2.4059999 1.883 2.2130001 53
-2.257 1.755 2.2190001 55
-2.1210001 1.6390001 2.2309999 70
-2.0009999 1.538 2.2360001 76
-2.4579999 1.831 2.2179999 58
-2.2969999 1.704 2.2190001 67
-2.1589999 1.594 2.234 74
-2.0280001 1.493 2.233 67
-2.503 1.774 2.217 57
-2.3429999 1.6569999 2.2249999 66
-2.1960001 1.549 2.237 62
-2.0569999 1.449 2.233 70
-2.5539999 1.72 2.223 60
-2.381 1.603 2.2249999 68
-2.2249999 1.498 2.233 71
-2.086 1.406 2.234 71
-2.595 1.659 2.221 48
-2.4200001 1.551 2.227 75
-2.2590001 1.451 2.2360001 78
-2.115 1.363 2.2360001 66
-2.638 1.6 2.223 58
-2.4649999 1.501 2.234 70
-2.293 1.403 2.2390001 70
-2.142 1.319 2.237 67
-2.6819999 1.541 2.227 63
-2.5 1.4450001 2.2349999 66
-2.323 1.354 2.2390001 67
-2.168 1.274 2.2379999 63
-2.72 1.479 2.227 62
-2.5320001 1.388 2.234 71
-2.3529999 1.303 2.2409999 69
-2.197 1.23 2.2420001 74
-2.757 1.415 2.227 58
-2.5710001 1.335 2.24 67
-2.3840001 1.253 2.243 76
-2.224 1.186 2.2460001 67
-2.802 1.355 2.2349999 60
-2.598 1.274 2.237 71
-2.4070001 1.2 2.2409999 71
-2.2490001 1.14 2.2479999 65
-2.835 1.289 2.2349999 62
-2.6300001 1.217 2.2390001 65
-2.441 1.151 2.2490001 70
-2.27 1.0930001 2.247 68
-2.865 1.222 2.234 61
-2.6659999 1.161 2.2460001 58
-2.4690001 1.1 2.2509999 66
-2.2920001 1.045 2.2479999 67
-2.901 1.1569999 2.2390001 64
-2.6919999 1.1 2.2460001 59
-2.4920001 1.046 2.2509999 64
-2.3139999 0.99800003 2.2490001 66
-2.9319999 1.09 2.2409999 68
-2.721 1.04 2.2490001 63
-2.516 0.99199998 2.253 61
-2.3340001 0.94999999 2.25 66
-2.961 1.022 2.243 59
-2.7449999 0.97899997 2.2490001 64
-2.5369999 0.93699998 2.253 62
-2.3529999 0.90100002 2.25 67
-2.9679999 0.94700003 2.23 81
-2.7679999 0.917 2.25 62
-2.5599999 0.88300002 2.256 67
-2.378 0.85500002 2.257 68
-2.904 0.85100001 2.165 150
-2.7939999 0.85600001 2.2539999 69
-2.5840001 0.829 2.26 67
-2.3959999 0.80599999 2.2579999 65
-2.7780001 0.74299997 2.0569999 73
-2.813 0.792 2.2539999 70
-2.6040001 0.77399999 2.2620001 73
-2.4119999 0.75599998 2.2579999 66
-2.848 0.69099998 2.096 150
-2.8099999 0.72299999 2.237 91
-2.6199999 0.71700001 2.2620001 72
-2.4360001 0.708 2.2650001 66
-2.7980001 0.61000001 2.0480001 150
-2.813 0.65600002 2.227 119
-2.6389999 0.662 2.2650001 77
-2.451 0.65799999 2.266 66
-3.336 0.64499998 2.4289999 150
-2.7539999 0.57700002 2.168 150
-2.654 0.60399997 2.266 79
-2.464 0.60699999 2.266 70
-3.4159999 0.57800001 2.4760001 58
-2.6819999 0.49900001 2.102 92
-2.6659999 0.54699999 2.2650001 79
-2.4790001 0.55599999 2.2679999 66
-3.4289999 0.498 2.477 58
-2.648 0.43099999 2.0669999 38
-2.6860001 0.491 2.2720001 77
-2.4909999 0.505 2.2679999 67
-2.5680001 0.31099999 1.849 9
-2.678 0.37400001 2.0829999 150
-2.701 0.433 2.276 69
-2.5009999 0.45300001 2.2679999 66
-3.45 0.336 2.4790001 59
-2.6819999 0.31200001 2.0799999 166
-2.704 0.373 2.27 80
-2.516 0.40200001 2.2720001 71
-3.4560001 0.25600001 2.4779999 59
-3.04 0.285 2.352 157
-2.6670001 0.31 2.233 150
-2.5220001 0.34999999 2.27 67
-3.4590001 0.175 2.477 59
-3.2090001 0.228 2.4779999 132
-2.605 0.245 2.175 150
-2.529 0.29699999 2.2690001 65
-3.4719999 0.093999997 2.4849999 57
-3.2249999 0.156 2.487 71
-2.552 0.184 2.1259999 123
-2.5450001 0.245 2.277 66
-3.4779999 0.013 2.49 58
-2.5079999 0.064000003 1.932 4
-2.5650001 0.13 2.1329999 150
-2.5510001 0.192 2.277 65
-3.473 -0.067000002 2.487 57
-3.23 0.0099999998 2.487 61
-2.506 0.071999997 2.0810001 105
-2.556 0.139 2.276 64
-3.4719999 -0.148 2.49 57
-3.2309999 -0.061000001 2.4890001 62
-2.7119999 0.018999999 2.2509999 150
-2.563 0.086000003 2.279 57
-3.4649999 -0.229 2.4890001 57
-3.2279999 -0.134 2.4879999 67
-2.8039999 -0.039999999 2.326 151
-2.572 0.032000002 2.2839999 60
-3.4590001 -0.30899999 2.49 56
-3.2190001 -0.207 2.484 57
-2.855 -0.103 2.369 153
-2.5639999 -0.021 2.2750001 72
-3.4530001 -0.38999999 2.493 56
-2.983 -0.259 2.306 91
-2.7539999 -0.15899999 2.2869999 54
-2.5120001 -0.072999999 2.2279999 150
-3.444 -0.47 2.4960001 57
-3.0090001 -0.33000001 2.332 150
-2.7579999 -0.22 2.2920001 55
-2.4430001 -0.122 2.1659999 150
-3.4319999 -0.54900002 2.497 57
-3.03 -0.40099999 2.3540001 150
-2.75 -0.28 2.289 55
-2.3870001 -0.17 2.1170001 89
-3.427 -0.63 2.5050001 57
-3.1210001 -0.48500001 2.4319999 150
-2.747 -0.34 2.29 51
-2.401 -0.222 2.1300001 150
-3.411 -0.70899999 2.507 56
-3.168 -0.565 2.4790001 125
-2.744 -0.40000001 2.293 53
-2.4319999 -0.27599999 2.161 153
-3.3889999 -0.787 2.5050001 57
-3.1760001 -0.64099997 2.4960001 60
-2.74 -0.461 2.2969999 54
-2.517 -0.34 2.2390001 150
-3.3699999 -0.86500001 2.507 56
-3.1659999 -0.713 2.5009999 53
-2.7249999 -0.51899999 2.2909999 53
-2.572 -0.403 2.2920001 79
-3.349 -0.94199997 2.5090001 58
-3.1489999 -0.78399998 2.5009999 51
-2.723 -0.58099997 2.2980001 53
-2.569 -0.458 2.2950001 62
-3.3239999 -1.018 2.51 55
-3.1340001 -0.85500002 2.503 53
-2.71 -0.63999999 2.2969999 53
-2.5580001 -0.51300001 2.2909999 53
-3.3080001 -1.097 2.5179999 56
-3.1210001 -0.92699999 2.5090001 54
-2.698 -0.69999999 2.2980001 55
-2.5599999 -0.56999999 2.299 49
-3.2839999 -1.174 2.523 58
-3.098 -0.99599999 2.5079999 49
-2.6900001 -0.75999999 2.302 52
-2.5510001 -0.625 2.299 54
-3.2509999 -1.2460001 2.5209999 56
-3.0869999 -1.0700001 2.5179999 55
-2.6819999 -0.82200003 2.309 55
-2.5439999 -0.68099999 2.3010001 65
-3.221 -1.321 2.5239999 57
-3.0650001 -1.14 2.5209999 49
-2.6700001 -0.88200003 2.313 66
-2.5309999 -0.736 2.3 59
-3.1889999 -1.3940001 2.5250001 57
-3.036 -1.207 2.5190001 59
-2.6659999 -0.94599998 2.3239999 97
-2.5209999 -0.792 2.3010001 62
-3.1489999 -1.462 2.5220001 57
-3.0090001 -1.275 2.52 53
-2.6619999 -1.01 2.3380001 150
-2.51 -0.847 2.303 60
-3.1159999 -1.535 2.526 56
-2.977 -1.34 2.5179999 54
-2.668 -1.08 2.3610001 150
-2.5 -0.90399998 2.3080001 65
-3.0810001 -1.605 2.529 49
-2.951 -1.409 2.5220001 48
-2.654 -1.143 2.368 150
-2.48 -0.958 2.303 63
-3.0409999 -1.674 2.5309999 39
-2.918 -1.474 2.5220001 48
-2.6389999 -1.205 2.375 150
-2.464 -1.013 2.3039999 55
-3.006 -1.745 2.5380001 29
-2.891 -1.5420001 2.5280001 47
-2.6199999 -1.267 2.381 150
-2.451 -1.0700001 2.3069999 57
-2.9660001 -1.813 2.5409999 19
-2.8559999 -1.607 2.529 45
-2.605 -1.33 2.3900001 150
-2.4360001 -1.127 2.3110001 53
-2.9260001 -1.881 2.546 12
-2.819 -1.67 2.529 35
-2.5840001 -1.392 2.3959999 150
-2.4170001 -1.182 2.312 53
-2.8789999 -1.944 2.546 12
-2.7839999 -1.734 2.5309999 25
-2.6700001 -1.515 2.503 43
-2.3970001 -1.237 2.3139999 42
-2.8329999 -2.0079999 2.549 12
-2.743 -1.795 2.53 17
-2.596 -1.549 2.4619999 38
-2.3759999 -1.2920001 2.3139999 41
-2.7820001 -2.0669999 2.5469999 12
-2.71 -1.86 2.5380001 17
-2.4779999 -1.554 2.3800001 27
-2.3510001 -1.345 2.312 39
-2.7320001 -2.128 2.549 12
-2.6670001 -1.919 2.5380001 17
-2.4300001 -1.599 2.3640001 18
-2.332 -1.403 2.3180001 39
-2.6830001 -2.188 2.552 23
-2.6199999 -1.975 2.5339999 18
-2.3900001 -1.649 2.3570001 18
-2.312 -1.46 2.323 27
-2.635 -2.2490001 2.5569999 33
-2.582 -2.039 2.5409999 22
-2.3399999 -1.692 2.342 18
-2.279 -1.51 2.3180001 25
-2.5780001 -2.303 2.5550001 39
-2.5439999 -2.1010001 2.549 33
-2.299 -1.7410001 2.335 18
-2.247 -1.561 2.3139999 23
-2.5220001 -2.3570001 2.556 49
-2.5020001 -2.1630001 2.5550001 39
-2.26 -1.791 2.332 23
-2.2219999 -1.617 2.3180001 24
-2.461 -2.405 2.552 55
-2.4519999 -2.2160001 2.553 46
-2.223 -1.8430001 2.332 28
-2.194 -1.671 2.3199999 23
-2.411 -2.464 2.5599999 56
-2.3989999 -2.267 2.5510001 60
-2.194 -1.902 2.342 36
-2.164 -1.726 2.322 26
-2.3499999 -2.5120001 2.559 56
-2.2720001 -2.2449999 2.4690001 123
-2.1570001 -1.955 2.345 37
-2.1329999 -1.779 2.325 28
-2.293 -2.563 2.562 56
-2.1140001 -2.1830001 2.349 50
-2.115 -2.0039999 2.3440001 38
-2.1040001 -1.835 2.3310001 38
-2.2309999 -2.608 2.5610001 67
-2.0599999 -2.224 2.3429999 44
-2.0680001 -2.0480001 2.339 40
-2.075 -1.893 2.3380001 41
-2.0009999 -2.447 2.362 48
-2.0120001 -2.2709999 2.345 47
-2.0309999 -2.102 2.345 44
-2.0350001 -1.9400001 2.3340001 41
-1.939 -2.4809999 2.3570001 48
-1.961 -2.3150001 2.346 48
-1.987 -2.1500001 2.345 47
-2.0009999 -1.994 2.3380001 41
-1.8839999 -2.5250001 2.362 49
-1.909 -2.358 2.346 48
-1.943 -2.198 2.3469999 45
-1.965 -2.049 2.3429999 44
-1.821 -2.556 2.3559999 49
-1.858 -2.401 2.348 49
-1.896 -2.244 2.3469999 44
-1.924 -2.0969999 2.342 48
-1.763 -2.5940001 2.359 48
-1.807 -2.4460001 2.352 51
-1.851 -2.2909999 2.349 49
-1.881 -2.1440001 2.3410001 49
-1.709 -2.6389999 2.368 53
-1.753 -2.4849999 2.352 50
-1.806 -2.3399999 2.3540001 48
-1.845 -2.201 2.3499999 48
-1.648 -2.671 2.368 49
-1.699 -2.5250001 2.3529999 48
-1.76 -2.388 2.359 47
-1.802 -2.25 2.352 47
-1.5880001 -2.7049999 2.3710001 50
-1.648 -2.5699999 2.3610001 49
-1.714 -2.438 2.3659999 48
-1.761 -2.302 2.3570001 43
-1.534 -2.75 2.3840001 48
-1.595 -2.6129999 2.368 41
-1.66 -2.4760001 2.3629999 39
-1.72 -2.3570001 2.3659999 42
-1.474 -2.7839999 2.388 50
-1.548 -2.6659999 2.385 54
-1.618 -2.5339999 2.3789999 47
-1.6670001 -2.3959999 2.359 47
-1.41 -2.8110001 2.388 49
-1.488 -2.6989999 2.3840001 49
-1.5650001 -2.576 2.381 46
-1.622 -2.448 2.3659999 49
-1.346 -2.8369999 2.388 48
-1.429 -2.7320001 2.3840001 52
-1.5089999 -2.6129999 2.3789999 47
-1.58 -2.5050001 2.378 50
-1.261 -2.8139999 2.3499999 1
-1.3609999 -2.7490001 2.372 45
-1.454 -2.6530001 2.382 45
-1.529 -2.552 2.382 50
-1.211 -2.869 2.3759999 35
-1.307 -2.7920001 2.3840001 33
-1.396 -2.6889999 2.381 48
-1.476 -2.5940001 2.382 48
-1.1390001 -2.8710001 2.3610001 47
-1.243 -2.8139999 2.3789999 41
-1.336 -2.72 2.3770001 43
-1.421 -2.6359999 2.3829999 50
-1.053 -2.8340001 2.3139999 46
-1.179 -2.8369999 2.375 43
-1.281 -2.763 2.385 39
-1.365 -2.677 2.3829999 47
-0.97000003 -2.793 2.267 42
-1.1109999 -2.8510001 2.3659999 49
-1.2180001 -2.7869999 2.378 42
-1.308 -2.714 2.381 45
-0.89099997 -2.7579999 2.2260001 42
-1.027 -2.8169999 2.3180001 47
-1.156 -2.816 2.375 42
-1.251 -2.756 2.3840001 44
-0.81400001 -2.7179999 2.1819999 41
-0.94400001 -2.776 2.266 38
-1.09 -2.8340001 2.365 42
-1.191 -2.7939999 2.3840001 46
-0.74000001 -2.6819999 2.1429999 39
-0.86400002 -2.737 2.2179999 42
-1.005 -2.8010001 2.3139999 40
-1.131 -2.829 2.3840001 47
-0.671 -2.654 2.112 41
-0.78899997 -2.7060001 2.178 42
-0.92000002 -2.756 2.2550001 38
-1.0549999 -2.8280001 2.3529999 46
-0.60600001 -2.6340001 2.0880001 39
-0.71499997 -2.671 2.1359999 42
-0.84299999 -2.727 2.211 41
-0.96799999 -2.789 2.2939999 42
-0.54000002 -2.602 2.056 41
-0.64700001 -2.6470001 2.105 41
-0.76599997 -2.691 2.164 37
-0.88300002 -2.7449999 2.233 41
-0.47600001 -2.572 2.027 39
-0.579 -2.619 2.072 40
-0.69099998 -2.6559999 2.118 39
-0.80400002 -2.714 2.1849999 39
-0.41499999 -2.5469999 2.0020001 46
-0.51200002 -2.585 2.0350001 42
-0.62199998 -2.632 2.0829999 40
-0.72600001 -2.678 2.1340001 38
-0.35499999 -2.5179999 1.976 41
-0.44999999 -2.5610001 2.007 40
-0.55400002 -2.605 2.0469999 40
-0.65399998 -2.6500001 2.0910001 37
-0.29800001 -2.4949999 1.956 43
-0.38800001 -2.5380001 1.9809999 45
-0.486 -2.5710001 2.0079999 37
-0.58200002 -2.6210001 2.05 37
-0.241 -2.4679999 1.932 40
-0.32699999 -2.5009999 1.946 40
-0.42399999 -2.5539999 1.983 38
-0.51300001 -2.5880001 2.0079999 38
-0.186 -2.437 1.9069999 42
-0.26899999 -2.484 1.927 48
-0.359 -2.5150001 1.941 36
-0.44499999 -2.5569999 1.9680001 38
-0.132 -2.4159999 1.891 49
-0.211 -2.4530001 1.899 44
-0.29800001 -2.4879999 1.911 42
-0.37900001 -2.527 1.931 38
-0.079999998 -2.3989999 1.878 52
-0.156 -2.434 1.88 50
-0.23899999 -2.4690001 1.888 49
-0.31600001 -2.5 1.898 48
-0.028999999 -2.3670001 1.855 27
-0.101 -2.402 1.852 49
-0.18099999 -2.4400001 1.858 43
-0.25299999 -2.4679999 1.8609999 41
0.021 -2.3499999 1.844 47
-0.048 -2.3840001 1.837 24
-0.123 -2.4119999 1.83 46
-0.19400001 -2.4460001 1.835 42
0.07 -2.3239999 1.826 52
0.003 -2.355 1.813 47
-0.068000004 -2.391 1.809 28
-0.134 -2.421 1.806 46
0.118 -2.3 1.811 47
0.055 -2.3380001 1.8 46
-0.014 -2.362 1.783 43
-0.077 -2.392 1.777 48
0.16599999 -2.2820001 1.801 55
0.105 -2.3080001 1.777 60
0.039000001 -2.348 1.768 54
-0.021 -2.368 1.752 50
0.212 -2.2579999 1.7869999 55
0.154 -2.29 1.765 65
0.090999998 -2.3210001 1.7460001 56
0.034000002 -2.3429999 1.727 53
0.25799999 -2.2349999 1.775 61
0.20299999 -2.273 1.7539999 64
0.142 -2.2969999 1.727 56
0.088 -2.3169999 1.7029999 53
0.30399999 -2.224 1.773 66
0.25099999 -2.2490001 1.738 59
0.193 -2.27 1.706 54
0.141 -2.2980001 1.6849999 53
0.34799999 -2.1960001 1.758 64
0.29699999 -2.22 1.719 57
0.243 -2.2509999 1.691 55
0.19400001 -2.2750001 1.665 69
0.391 -2.174 1.748 55
0.34400001 -2.2019999 1.71 65
0.29100001 -2.2249999 1.6720001 63
0.245 -2.243 1.64 63
0 0 0 0
0.38999999 -2.1819999 1.7 57
0.34099999 -2.2090001 1.6619999 66
0.296 -2.224 1.625 62
0 0 0 0
0 0 0 0
0.38699999 -2.175 1.64 75
0.345 -2.1949999 1.604 70
0 0 0 0
0 0 0 0
0 0 0 0
0.39399999 -2.1719999 1.5880001 69
0 0 0 0
0 0 0 0
0 0 0 0
0 0 0 0
0 0 0 0
0 0 0 0
0 0 0 0
0 0 0 0
0 0 0 0
0 0 0 0
0 0 0 0
0 0 0 0
0.68900001 -2.043 1.716 36
0 0 0 0
0 0 0 0
0 0 0 0
0 0 0 0
0 0 0 0
0 0 0 0
0 0 0 0
0 0 0 0
0.74199998 -2.0179999 1.64 3
0.70999998 -2.0320001 1.573 45
0 0 0 0
0 0 0 0
0 0 0 0
0.75199997 -2.0050001 1.562 17
0.72799999 -2.0209999 1.508 76
0 0 0 0
0 0 0 0
0 0 0 0
0.77399999 -2 1.5 61
0 0 0 0
0 0 0 0
0 0 0 0
0 0 0 0
0 0 0 0
0 0 0 0
0 0 0 0
0 0 0 0
0 0 0 0
0 0 0 0
0 0 0 0
0 0 0 0
0 0 0 0
0 0 0 0
0 0 0 0
0 0 0 0
0 0 0 0
0 0 0 0
0 0 0 0
0 0 0 0
0 0 0 0
0 0 0 0
0 0 0 0
0 0 0 0
0 0 0 0
0 0 0 0
0 0 0 0
0 0 0 0
0 0 0 0
0 0 0 0
0 0 0 0
0.414 -0.65899998 0.53100002 0
0 0 0 0
0 0 0 0
0 0 0 0
0 0 0 0
0 0 0 0
0 0 0 0
0 0 0 0
0 0 0 0
0 0 0 0
0 0 0 0
0 0 0 0
0 0 0 0
0 0 0 0
0 0 0 0
0 0 0 0
0 0 0 0
0 0 0 0
0 0 0 0
0 0 0 0
0 0 0 0
0 0 0 0
0 0 0 0
0 0 0 0
0 0 0 0
0 0 0 0
0 0 0 0
0 0 0 0
0 0 0 0
0 0 0 0
0 0 0 0
0 0 0 0
0 0 0 0
0 0 0 0
0 0 0 0
0 0 0 0
1.589 -1.617 1.503 36
0 0 0 0
0 0 0 0
1.6339999 -1.598 1.6 3
1.6390001 -1.591 1.51 53
0 0 0 0
0 0 0 0
0 0 0 0
0 0 0 0
0 0 0 0
0 0 0 0
0 0 0 0
0 0 0 0
0 0 0 0
0 0 0 0
0 0 0 0
0 0 0 0
0 0 0 0
0 0 0 0
0 0 0 0
0 0 0 0
0 0 0 0
0 0 0 0
0 0 0 0
0 0 0 0
0 0 0 0
0 0 0 0
0 0 0 0
1.982 -1.434 1.591 10
0 0 0 0
1.983 -1.429 1.807 44
2.013 -1.414 1.697 23
2.0450001 -1.405 1.609 21
1.9910001 -1.418 1.937 39
2.0409999 -1.404 1.829 18
2.079 -1.3890001 1.721 23
2.1199999 -1.383 1.638 22
2.053 -1.399 1.966 20
2.0999999 -1.377 1.851 23
2.145 -1.363 1.7460001 24
2.1789999 -1.348 1.653 23
2.105 -1.37 1.9859999 20
2.1630001 -1.351 1.877 23
2.207 -1.331 1.767 23
2.244 -1.3150001 1.675 20
2.164 -1.345 2.0120001 19
2.223 -1.321 1.9 20
0 0 0 0
2.3199999 -1.285 1.704 20
0 0 0 0
2.2869999 -1.2920001 1.927 21
2.348 -1.272 1.824 2
0 0 0 0
2.2720001 -1.283 2.056 1
2.3440001 -1.256 1.948 20
0 0 0 0
2.4590001 -1.212 1.753 2
2.3469999 -1.261 2.096 16
2.4219999 -1.23 1.987 6
2.4860001 -1.201 1.878 2
2.54 -1.177 1.785 20
2.4130001 -1.2309999 2.128 8
2.48 -1.1900001 2.0079999 19
2.5639999 -1.166 1.9119999 19
2.609 -1.1339999 1.811 17
2.4790001 -1.199 2.1589999 7
2.5480001 -1.154 2.039 17
2.638 -1.127 1.944 17
2.698 -1.095 1.849 19
2.5369999 -1.1619999 2.1849999 17
2.6270001 -1.12 2.0769999 19
2.7260001 -1.091 1.985 18
2.783 -1.053 1.886 18
2.608 -1.128 2.2219999 16
2.688 -1.076 2.1029999 18
2.7969999 -1.045 2.0150001 17
2.888 -1.015 1.936 8
2.6730001 -1.09 2.253 8
2.77 -1.039 2.145 18
2.8829999 -1.001 2.056 17
2.9679999 -0.963 1.97 16
0 0 0 0
2.8570001 -1 2.191 18
2.974 -0.95700002 2.1010001 16
3.0710001 -0.91600001 2.0190001 17
0 0 0 0
2.9489999 -0.958 2.24 15
0 0 0 0
3.188 -0.86799997 2.0769999 18
0.85799998 -0.287 0.70200002 0
3.059 -0.91900003 2.303 7
3.1860001 -0.86299998 2.21 2
3.302 -0.81400001 2.1340001 15
0.875 -0.27200001 0.70999998 1
0 0 0 0
3.2939999 -0.81099999 2.2679999 15
3.4289999 -0.759 2.2 15
0.88499999 -0.255 0.71200001 0
0.95300001 -0.23999999 0.70599997 0
3.411 -0.75599998 2.332 33
3.5439999 -0.69599998 2.2579999 12
0 0 0 0
0.97100002 -0.222 0.71499997 0
3.454 -0.68199998 2.346 51
3.6800001 -0.63200003 2.332 29
0 0 0 0
0 0 0 0
3.47 -0.602 2.3429999 50
3.7460001 -0.551 2.3599999 58
0 0 0 0
3.224 -0.58899999 2.3410001 6
3.4879999 -0.523 2.342 54
3.76 -0.461 2.3570001 58
0 0 0 0
3.2460001 -0.51800001 2.3440001 58
3.4990001 -0.44100001 2.3369999 56
3.7639999 -0.37099999 2.3499999 59
3.013 -0.52899998 2.3410001 6
3.257 -0.44499999 2.339 60
3.51 -0.36000001 2.3340001 50
3.773 -0.28099999 2.3469999 57
3.0239999 -0.465 2.336 53
3.266 -0.37200001 2.335 53
3.5239999 -0.27900001 2.336 51
3.7709999 -0.19 2.339 55
3.033 -0.39899999 2.3299999 48
3.2780001 -0.29899999 2.3329999 56
3.526 -0.197 2.329 51
3.7460001 -0.1 2.319 42
3.05 -0.33500001 2.3310001 46
3.2850001 -0.227 2.3299999 47
3.5350001 -0.116 2.329 48
3.7179999 -0.0099999998 2.2969999 30
3.0599999 -0.27000001 2.329 52
3.296 -0.153 2.3299999 56
3.539 -0.034000002 2.3269999 50
3.6789999 0.075999998 2.2709999 23
3.0680001 -0.204 2.325 50
3.3069999 -0.079000004 2.3299999 60
3.5420001 0.048 2.325 52
3.6359999 0.162 2.243 25
3.0829999 -0.138 2.3269999 50
3.313 -0.0049999999 2.329 58
3.5420001 0.13 2.322 50
3.6029999 0.24699999 2.223 25
3.0880001 -0.071000002 2.3239999 47
3.312 0.068999998 2.3239999 62
3.54 0.212 2.3199999 54
3.569 0.33000001 2.204 28
3.096 -0.0040000002 2.322 50
3.3139999 0.14300001 2.323 58
3.5380001 0.294 2.319 50
3.526 0.41100001 2.181 29
3.1059999 0.063000001 2.3239999 49
3.3139999 0.21699999 2.3210001 60
3.527 0.37599999 2.313 48
3.4960001 0.49200001 2.1670001 30
3.1070001 0.131 2.3199999 50
3.309 0.292 2.3169999 58
3.513 0.456 2.3080001 46
3.45 0.56900001 2.1440001 29
3.1070001 0.198 2.316 49
3.3050001 0.36700001 2.3139999 59
3.4849999 0.53500003 2.293 40
3.4170001 0.64700001 2.131 31
3.1140001 0.26800001 2.319 48
3.3080001 0.442 2.3180001 55
3.4449999 0.611 2.2720001 34
3.382 0.72399998 2.1170001 33
3.109 0.336 2.313 48
3.2950001 0.51700002 2.3110001 59
3.414 0.68699998 2.2590001 33
3.3469999 0.80000001 2.105 33
3.1140001 0.405 2.316 56
3.2939999 0.59299999 2.3139999 68
3.3770001 0.76200002 2.2420001 34
3.3069999 0.87300003 2.0910001 32
3.1129999 0.47499999 2.316 55
3.2869999 0.66799998 2.3139999 70
3.3329999 0.83200002 2.2219999 33
3.28 0.949 2.086 33
3.1070001 0.54400003 2.313 57
3.2720001 0.74199998 2.3099999 65
3.3050001 0.90700001 2.214 33
3.2409999 1.022 2.075 33
3.1029999 0.61400002 2.313 57
3.2609999 0.81699997 2.3099999 65
3.2679999 0.97899997 2.201 32
3.198 1.091 2.063 33
3.096 0.68400002 2.3110001 65
3.244 0.89200002 2.3069999 65
3.2309999 1.05 2.1889999 32
3.1719999 1.1670001 2.062 33
3.0899999 0.755 2.3110001 66
3.2190001 0.96399999 2.299 57
3.2030001 1.123 2.1849999 32
3.1370001 1.239 2.0569999 33
3.075 0.824 2.306 59
3.204 1.038 2.299 52
3.1700001 1.194 2.178 32
3.0999999 1.309 2.0510001 34
3.0680001 0.89499998 2.3069999 59
3.184 1.112 2.2969999 46
3.135 1.265 2.1700001 32
3.0699999 1.383 2.052 33
3.053 0.96499997 2.3039999 54
3.158 1.183 2.2920001 46
3.1040001 1.336 2.1670001 34
3.039 1.455 2.053 33
3.04 1.035 2.3039999 57
3.131 1.255 2.2880001 45
3.0650001 1.404 2.1600001 34
3.0020001 1.525 2.0510001 33
3.0250001 1.107 2.303 54
3.1040001 1.326 2.2850001 45
3.036 1.476 2.1600001 35
2.973 1.599 2.056 33
3.003 1.176 2.2980001 54
3.066 1.393 2.2739999 43
2.9990001 1.545 2.1559999 33
2.938 1.669 2.0580001 33
2.983 1.245 2.296 51
3.0380001 1.465 2.273 41
2.973 1.619 2.161 33
2.9030001 1.7410001 2.0610001 32
2.9690001 1.318 2.299 54
3.0039999 1.533 2.267 41
2.9360001 1.688 2.1600001 32
2.875 1.817 2.0710001 9
2.948 1.3890001 2.299 51
2.97 1.602 2.263 40
2.9100001 1.763 2.168 31
2.846 1.893 2.082 6
2.921 1.457 2.2950001 51
2.944 1.675 2.267 38
2.869 1.829 2.1659999 9
2.802 1.959 2.0829999 6
2.8970001 1.527 2.2939999 53
2.9089999 1.743 2.2650001 39
2.836 1.902 2.1719999 6
2.7839999 2.0439999 2.1040001 6
2.8670001 1.595 2.29 51
2.8610001 1.804 2.2539999 20
2.803 1.975 2.178 6
2.7379999 2.1099999 2.1059999 6
2.8380001 1.664 2.2880001 51
2.842 1.885 2.267 13
2.7709999 2.049 2.188 6
2.707 2.1889999 2.122 6
2.8039999 1.7309999 2.2850001 51
2.8 1.95 2.263 16
2.7390001 2.1240001 2.198 6
2.684 2.2750001 2.1440001 6
2.773 1.801 2.283 51
2.757 2.0150001 2.2609999 23
2.7049999 2.2 2.21 7
2.642 2.346 2.154 6
2.7349999 1.865 2.2780001 51
2.733 2.0940001 2.2739999 38
2.6670001 2.2720001 2.2190001 6
2.6070001 2.425 2.1719999 6
2.7030001 1.9349999 2.279 52
2.6900001 2.1600001 2.2739999 46
2.635 2.3499999 2.234 6
2.573 2.507 2.1930001 5
2.6659999 2.0020001 2.2780001 51
2.6429999 2.224 2.2709999 47
2.6010001 2.4300001 2.25 7
2.5320001 2.5829999 2.2090001 6
2.6270001 2.0680001 2.276 51
2.599 2.289 2.2720001 49
2.562 2.5050001 2.263 17
2.494 2.665 2.23 6
2.589 2.135 2.276 51
2.5480001 2.3499999 2.2690001 49
2.506 2.566 2.2639999 47
2.448 2.74 2.2460001 8
2.5420001 2.197 2.2709999 51
2.4979999 2.4119999 2.2690001 54
2.451 2.6270001 2.266 49
2.402 2.8150001 2.263 56
2.4979999 2.2609999 2.2690001 51
2.448 2.474 2.2690001 51
2.388 2.6789999 2.2620001 49
2.332 2.8640001 2.26 57
2.4560001 2.3280001 2.27 53
2.3889999 2.527 2.2620001 54
2.322 2.7290001 2.257 49
2.263 2.9130001 2.2590001 56
2.4070001 2.388 2.266 52
2.335 2.5869999 2.2620001 48
2.2579999 2.78 2.2550001 49
2.188 2.954 2.2520001 58
2.3570001 2.448 2.263 52
2.28 2.645 2.2620001 52
2.194 2.8310001 2.2539999 49
2.1159999 2.9979999 2.25 57
2.3080001 2.5120001 2.263 52
2.2179999 2.6960001 2.256 51
2.1259999 2.8770001 2.2490001 49
2.0439999 3.0409999 2.2490001 56
2.257 2.573 2.2620001 51
2.158 2.7490001 2.253 53
2.0610001 2.9260001 2.2490001 49
1.9529999 3.053 2.2260001 48
2.2019999 2.6300001 2.2590001 53
2.0899999 2.7909999 2.243 52
1.978 2.9489999 2.23 48
1.8940001 3.115 2.2409999 59
2.1329999 2.671 2.243 49
2.0280001 2.8429999 2.2420001 48
1.921 3.0090001 2.24 57
1.821 3.155 2.2409999 56
2.086 2.7409999 2.2509999 53
1.972 2.901 2.2479999 57
1.854 3.0569999 2.2420001 48
1.743 3.1830001 2.234 57
2.03 2.799 2.2509999 58
1.906 2.9489999 2.2449999 48
1.778 3.0880001 2.234 49
1.664 3.211 2.2290001 53
1.967 2.8499999 2.247 53
1.839 2.994 2.2420001 49
1.705 3.1229999 2.23 49
1.59 3.2449999 2.2290001 55
1.904 2.901 2.2420001 53
1.77 3.0339999 2.237 47
1.6339999 3.161 2.2290001 48
1.515 3.276 2.2290001 56
1.8380001 2.948 2.2360001 53
1.704 3.082 2.2379999 48
1.561 3.1960001 2.227 49
1.434 3.2939999 2.221 53
1.778 3.006 2.24 51
1.632 3.119 2.2320001 49
1.487 3.2279999 2.2249999 48
0 0 0 0
1.71 3.052 2.2360001 52
1.561 3.1570001 2.2290001 48
1.413 3.2620001 2.224 48
0.23100001 0.60399997 0.40000001 11
1.641 3.096 2.2309999 53
1.489 3.194 2.2260001 48
0 0 0 0
0.212 0.59399998 0.391 12
1.573 3.1440001 2.23 53
1.4170001 3.233 2.224 48
0.229 0.602 0.40200001 10
0.19499999 0.58700001 0.384 11
1.5039999 3.1900001 2.2290001 53
0 0 0 0
0.211 0.59600002 0.39500001 11
0.177 0.57800001 0.37599999 11
1.427 3.223 2.22 54
0.23199999 0.60299999 0.40599999 9
0.19400001 0.58899999 0.38699999 9
0.96600002 3.4119999 2.2060001 6
1.357 3.2690001 2.221 51
0.212 0.59200001 0.39399999 11
0.176 0.57800001 0.377 9
0.88800001 3.4289999 2.2060001 6
0 0 0 0
0.193 0.58099997 0.38299999 11
0 0 0 0
0.81099999 3.444 2.207 54
0.214 0.59299999 0.39300001 12
0.17900001 0.583 0.38100001 9
0.87800002 3.431 2.21 5
0.73199999 3.4519999 2.2030001 53
0.19599999 0.58499998 0.38299999 12
0.96499997 3.4170001 2.2119999 4
0.79699999 3.437 2.2019999 47
0.65399998 3.4619999 2.2030001 53
0.17900001 0.57999998 0.375 12
0.88599998 3.4419999 2.2090001 5
0.72000003 3.4549999 2.201 47
0.57499999 3.4679999 2.2 54
0.972 3.4389999 2.2030001 7
0.80699998 3.4630001 2.2060001 48
0.64200002 3.473 2.2030001 47
0.49700001 3.467 2.1949999 53
0.89499998 3.4779999 2.2049999 52
0.72799999 3.4849999 2.2049999 50
0.56199998 3.4779999 2.197 47
0.41999999 3.4779999 2.198 52
0.815 3.507 2.2030001 54
0.648 3.5020001 2.2019999 48
0.484 3.493 2.198 48
0.34200001 3.477 2.1949999 53
0.73199999 3.529 2.198 53
0.56800002 3.5220001 2.201 48
0.405 3.503 2.198 48
0.26499999 3.4790001 2.1949999 52
0.64999998 3.556 2.197 53
0.48699999 3.54 2.201 48
0.32699999 3.5139999 2.1989999 47
0.18799999 3.483 2.197 53
0.56599998 3.5739999 2.191 53
0.405 3.5480001 2.1949999 50
0.248 3.5150001 2.1960001 47
0.111 3.4779999 2.194 55
0.48300001 3.599 2.1919999 52
0.324 3.5639999 2.1960001 49
0.168 3.52 2.1949999 47
0 0 0 0
0.398 3.6240001 2.1930001 53
0.242 3.573 2.194 49
0.089000002 3.5239999 2.1960001 46
-0.0049999999 0.50199997 0.317 10
0.31400001 3.6459999 2.194 54
0.15899999 3.579 2.191 48
0.001 0.51499999 0.31999999 8
0 0 0 0
0.227 3.6559999 2.1889999 55
0.077 3.6010001 2.1989999 46
-0.0089999996 0.51099998 0.31799999 8
-0.028000001 0.50400001 0.31999999 9
0.14 3.677 2.191 52
0 0 0 0
0 0 0 0
0 0 0 0
0.052999999 3.6960001 2.194 12
-0.012 0.50599998 0.308 8
-0.032000002 0.50800002 0.317 7
-0.048999999 0.49599999 0.31600001 8
0 0 0 0
0 0 0 0
0 0 0 0
-0.417 3.4289999 2.198 7
-0.016000001 0.50099999 0.29499999 9
-0.035 0.50400001 0.30599999 7
-0.054000001 0.49399999 0.30899999 7
-0.49200001 3.4200001 2.201 43
0 0 0 0
0 0 0 0
-0.46200001 3.503 2.1989999 16
-0.56699997 3.4089999 2.204 41
-0.039000001 0.486 0.28600001 8
-0.057999998 0.495 0.301 7
0 0 0 0
-0.639 3.391 2.2030001 41
0 0 0 0
0 0 0 0
-0.123 0.69199997 0.43700001 8
-0.71200001 3.3740001 2.2049999 42
-0.066 0.51200002 0.301 9
-0.114 0.69300002 0.42300001 7
-0.13699999 0.68199998 0.433 7
0 0 0 0
0 0 0 0
-0.12899999 0.68699998 0.421 11
-0.15099999 0.67400002 0.43000001 4
0 0 0 0
-0.126 0.70700002 0.41499999 10
-0.145 0.68300003 0.419 6
-0.133 0.54000002 0.34599999 0
0 0 0 0
-0.14300001 0.70499998 0.41499999 3
0 0 0 0
-0.18000001 0.66600001 0.42899999 6
0 0 0 0
0 0 0 0
-0.176 0.67400002 0.417 4
-0.169 0.574 0.37200001 0
-0.197 0.60399997 0.40799999 0
0 0 0 0
-0.192 0.67199999 0.41800001 3
-0.18000001 0.56199998 0.36700001 0
-0.23 0.65600002 0.447 0
0 0 0 0
-0.18000001 0.57800001 0.36199999 0
-0.22400001 0.65100002 0.428 6
-0.235 0.62599999 0.43099999 13
-0.19 0.62300003 0.37200001 0
-0.22 0.65499997 0.412 0
-0.234 0.63300002 0.41999999 2
-0.248 0.62 0.43099999 12
-0.20200001 0.611 0.366 0
0 0 0 0
-0.24699999 0.62599999 0.41800001 2
-0.26199999 0.61699998 0.433 12
-0.252 0.70200002 0.42399999 1
0 0 0 0
-0.26499999 0.63 0.42500001 4
-0.27500001 0.611 0.433 13
0 0 0 0
0 0 0 0
-0.27500001 0.61500001 0.419 6
-0.28799999 0.60399997 0.433 12
-0.27599999 0.66600001 0.40700001 1
-0.271 0.61299998 0.39700001 1
-0.28799999 0.60699999 0.41800001 4
-0.30199999 0.60000002 0.435 12
-0.30399999 0.68699998 0.42300001 1
-0.29100001 0.61799997 0.405 0
-0.30399999 0.60699999 0.42199999 4
-0.315 0.59399998 0.43599999 12
-0.32100001 0.68099999 0.42300001 1
0 0 0 0
-0.315 0.59500003 0.41800001 4
-0.32800001 0.588 0.43700001 10
-0.338 0.67400002 0.42300001 1
0 0 0 0
-0.333 0.597 0.42500001 5
-0.34400001 0.588 0.44299999 9
-0.354 0.66600001 0.42199999 2
0 0 0 0
-0.34200001 0.58099997 0.419 7
-0.35699999 0.58099997 0.44299999 5
-0.37200001 0.66100001 0.42300001 2
0 0 0 0
-0.35600001 0.57599998 0.421 6
-0.366 0.56699997 0.43900001 5
-0.391 0.65700001 0.426 1
0 0 0 0
-0.37099999 0.57200003 0.42399999 10
-0.38699999 0.57300001 0.45100001 4
-0.40599999 0.64600003 0.42399999 1
0 0 0 0
-0.384 0.565 0.42399999 8
-0.40000001 0.56599998 0.45199999 0
-0.42399999 0.639 0.426 1
0 0 0 0
-0.398 0.55800003 0.426 12
-2.003 2.711 2.2 9
-0.442 0.634 0.428 0
0 0 0 0
-0.41100001 0.55000001 0.42699999 10
-2.0610001 2.6689999 2.2030001 53
-0.45500001 0.62 0.42500001 0
0 0 0 0
-0.42899999 0.54799998 0.43200001 12
-2.1159999 2.6229999 2.2030001 59
0 0 0 0
0 0 0 0
-0.442 0.54000002 0.43399999 7
-2.168 2.575 2.2019999 59
0 0 0 0
0 0 0 0
-0.45899999 0.53600001 0.43799999 13
-2.2260001 2.5320001 2.207 64
0 0 0 0
-0.46799999 0.537 0.41600001 1
-0.472 0.52700001 0.44 7
-2.2739999 2.4790001 2.204 59
0 0 0 0
-0.48899999 0.53600001 0.42399999 2
-0.49200001 0.52499998 0.447 4
-2.322 2.4260001 2.201 56
-2.6849999 2.8629999 2.1500001 0
-0.50099999 0.523 0.42199999 4
-0.50599998 0.51700002 0.44999999 3
-2.3789999 2.3829999 2.2079999 59
-2.76 2.8039999 2.151 1
-0.50999999 0.50800002 0.41999999 7
-0.52200001 0.51099998 0.454 0
-2.425 2.329 2.2060001 59
-2.8440001 2.7539999 2.161 2
-0.52399999 0.49900001 0.421 8
-2.6099999 2.4419999 2.2190001 5
-2.471 2.2750001 2.2049999 59
-2.9389999 2.7119999 2.1789999 2
-0.54100001 0.49200001 0.426 9
-2.6500001 2.3729999 2.2079999 49
-2.5239999 2.227 2.211 56
-3.033 2.668 2.1989999 1
-0.55900002 0.48500001 0.43000001 10
-2.7060001 2.3180001 2.2119999 54
-2.5669999 2.171 2.2090001 61
0 0 0 0
-0.57700002 0.47799999 0.435 8
-2.7590001 2.26 2.2130001 56
-2.6070001 2.112 2.2049999 54
-0.60299999 0.48100001 0.419 5
-0.59899998 0.47400001 0.44299999 3
-2.813 2.2019999 2.2160001 56
-2.6589999 2.063 2.2130001 56
-0.62400001 0.47400001 0.42500001 6
-0.62699997 0.47299999 0.456 0
-2.8629999 2.142 2.2179999 56
-2.7019999 2.007 2.2130001 59
-0.634 0.458 0.42300001 12
-3.1010001 2.2279999 2.214 5
-2.9100001 2.0780001 2.217 56
-2.7420001 1.949 2.2119999 56
-0.65399998 0.44800001 0.42899999 15
-3.1600001 2.161 2.2179999 55
-2.957 2.0150001 2.2179999 56
-2.7880001 1.8940001 2.217 59
-0.67400002 0.43900001 0.43399999 13
-3.211 2.0899999 2.2179999 58
-3.0009999 1.95 2.2190001 53
-2.8269999 1.835 2.217 60
-0.69099998 0.42699999 0.43799999 6
-3.2620001 2.0179999 2.2190001 54
-3.046 1.885 2.2190001 57
-2.865 1.775 2.217 60
-2.0910001 1.223 1.306 1
-3.3110001 1.944 2.22 55
-3.089 1.819 2.221 60
-2.9070001 1.7180001 2.2219999 64
-2.175 1.204 1.339 0
-3.362 1.8710001 2.223 55
-3.141 1.758 2.2290001 56
-2.948 1.659 2.2260001 61
-3.6500001 1.908 2.2160001 55
-3.402 1.7920001 2.22 63
-3.1819999 1.691 2.2309999 53
-2.9820001 1.597 2.2249999 57
-4.0089998 1.975 2.4030001 52
-3.4300001 1.7079999 2.211 46
-3.22 1.6210001 2.2309999 52
-3.0239999 1.539 2.2320001 58
-4.0640001 1.883 2.4059999 51
-3.5020001 1.645 2.2320001 55
-3.263 1.554 2.2349999 53
-3.0569999 1.476 2.233 59
-4.1110001 1.7869999 2.4070001 51
-3.8169999 1.686 2.405 62
-3.2219999 1.449 2.1849999 41
-3.085 1.41 2.23 53
-4.177 1.698 2.4189999 53
-3.902 1.618 2.434 59
-3.303 1.399 2.217 62
-3.1210001 1.348 2.2349999 58
-4.2449999 1.609 2.434 53
-2.994 1.1619999 1.849 8
-3.003 1.1950001 1.997 150
-3.1500001 1.283 2.2349999 74
-4.277 1.505 2.4300001 58
-3.9920001 1.4450001 2.4430001 59
-3.6800001 1.3710001 2.425 119
-3.0079999 1.152 2.1159999 54
-2.8940001 0.94099998 1.63 5
-4.0289998 1.355 2.4449999 59
-3.753 1.3049999 2.4519999 58
-3.1159999 1.118 2.174 44
-4.3730001 1.309 2.444 53
-4.0710001 1.266 2.4519999 62
-2.911 0.94099998 1.887 11
-3.233 1.084 2.2379999 77
-2.77 0.75800002 1.5369999 26
-4.112 1.176 2.457 65
-3.835 1.148 2.4690001 59
0 0 0 0
-4.4450002 1.103 2.451 55
-4.1230001 1.0779999 2.448 57
-2.7909999 0.76899999 1.784 8
-3.5899999 1.038 2.451 62
-4.4829998 1 2.457 57
-4.1719999 0.98900002 2.4619999 64
-3.8870001 0.98000002 2.4690001 59
-3.632 0.96799999 2.4619999 61
-4.5110002 0.89499998 2.4590001 61
-2.7590001 0.588 1.619 11
-3.914 0.89600003 2.4719999 60
-3.6500001 0.89099997 2.46 61
-4.5380001 0.78799999 2.4630001 58
-4.2199998 0.79900002 2.464 59
-3.9330001 0.80900002 2.47 60
-3.6830001 0.81699997 2.4679999 61
-4.5560002 0.68099999 2.4630001 56
-4.2470002 0.70300001 2.4679999 62
-3.9489999 0.72299999 2.4690001 63
-2.7739999 0.55500001 1.85 3
-2.54 0.31799999 1.369 16
-4.27 0.60699999 2.4719999 64
-3.98 0.639 2.477 61
-3.733 0.66399997 2.4760001 61
-4.598 0.46700001 2.471 47
-2.562 0.30500001 1.478 17
-4.006 0.55299997 2.483 60
-3.7590001 0.588 2.483 63
-4.599 0.35699999 2.4660001 57
-4.2989998 0.41299999 2.474 64
-2.5550001 0.296 1.579 17
-2.5350001 0.34200001 1.668 1
-4.6069999 0.248 2.467 57
-4.3150001 0.315 2.477 63
-4.039 0.37799999 2.4879999 60
-2.576 0.292 1.689 6
-4.6209998 0.139 2.4719999 56
-4.3260002 0.21699999 2.48 62
-4.0489998 0.289 2.4879999 58
-3.7880001 0.34799999 2.4749999 67
-2.523 0.016000001 1.35 22
-2.4909999 0.068000004 1.426 16
-4.0630002 0.20100001 2.4909999 60
-3.793 0.26800001 2.471 61
-4.6279998 -0.077 2.477 53
-2.506 0.011 1.434 15
-2.5250001 0.068999998 1.545 0
-3.8150001 0.18799999 2.4790001 61
-4.619 -0.185 2.474 56
-4.3319998 -0.078000002 2.4779999 62
-4.072 0.022 2.49 60
-3.823 0.108 2.48 57
-4.6290002 -0.29499999 2.483 58
-4.336 -0.177 2.4820001 59
-4.0770001 -0.066 2.4909999 62
-3.8440001 0.027000001 2.4890001 58
-4.6020002 -0.40200001 2.474 62
-4.3400002 -0.27700001 2.4860001 60
-3.9960001 -0.153 2.441 120
-3.8210001 -0.054000001 2.471 50
-4.5890002 -0.509 2.474 61
-4.3369999 -0.375 2.4879999 63
-4.0869999 -0.24699999 2.497 58
-3.8199999 -0.13500001 2.4679999 42
-4.599 -0.62 2.4879999 58
-4.3299999 -0.47400001 2.4890001 57
-4.0929999 -0.33700001 2.5020001 59
-3.862 -0.21799999 2.494 54
-4.5830002 -0.727 2.4890001 54
-4.323 -0.57300001 2.4909999 61
-4.0869999 -0.42699999 2.5020001 58
-3.8499999 -0.30000001 2.4860001 46
-4.573 -0.83499998 2.4949999 53
-4.3200002 -0.67299998 2.497 57
-4.0819998 -0.51700002 2.503 59
-3.862 -0.384 2.4949999 55
-4.5549998 -0.94300002 2.4979999 57
-4.302 -0.76999998 2.4960001 58
-4.0840001 -0.61000001 2.5090001 59
-3.858 -0.46700001 2.494 54
-4.5289998 -1.048 2.4979999 57
-4.2950001 -0.87 2.5020001 58
-4.0700002 -0.699 2.507 59
-3.852 -0.55000001 2.493 57
-4.513 -1.155 2.5050001 57
-4.2810001 -0.96899998 2.5050001 62
-4.0630002 -0.79000002 2.51 60
-3.852 -0.63499999 2.497 56
-4.4840002 -1.26 2.506 58
-4.2620001 -1.066 2.507 61
-4.059 -0.88300002 2.516 59
-3.8510001 -0.71899998 2.5020001 57
-4.4489999 -1.363 2.506 58
-4.2389998 -1.164 2.5079999 61
-4.0469999 -0.97399998 2.5190001 60
-3.8429999 -0.80400002 2.5020001 56
-4.4219999 -1.467 2.5109999 58
-4.2220001 -1.262 2.5139999 64
-4.0279999 -1.064 2.5179999 62
-3.845 -0.88999999 2.51 58
-4.3850002 -1.569 2.5120001 58
-4.1849999 -1.355 2.5090001 64
-4.0089998 -1.154 2.5190001 61
-3.829 -0.97399998 2.5079999 57
-4.3540001 -1.673 2.5179999 57
-4.1729999 -1.457 2.52 65
-3.9949999 -1.2460001 2.5239999 62
-3.8180001 -1.059 2.5109999 60
-4.316 -1.773 2.5209999 58
-4.1409998 -1.551 2.5209999 63
-3.9779999 -1.3380001 2.5280001 61
-3.8069999 -1.145 2.5139999 56
-4.2719998 -1.872 2.5220001 56
-4.1090002 -1.646 2.523 61
-3.9560001 -1.429 2.53 62
-3.799 -1.232 2.5209999 59
-4.2199998 -1.967 2.52 54
-4.0689998 -1.738 2.5220001 64
-3.934 -1.52 2.5339999 60
-3.7780001 -1.317 2.52 58
-4.1760001 -2.0639999 2.5239999 48
-4.0409999 -1.835 2.529 59
-3.898 -1.6059999 2.53 61
-3.7639999 -1.404 2.5239999 58
-4.1350002 -2.164 2.5309999 38
-3.9920001 -1.923 2.5250001 55
-3.869 -1.6950001 2.5309999 61
-3.743 -1.489 2.526 56
-4.0830002 -2.2579999 2.533 30
-3.951 -2.0139999 2.526 47
-3.8280001 -1.778 2.527 58
-3.717 -1.573 2.5250001 58
-4.0380001 -2.3559999 2.5409999 19
-3.9030001 -2.102 2.5250001 38
-3.796 -1.867 2.529 49
-3.6919999 -1.658 2.5250001 57
-3.9890001 -2.4519999 2.5469999 17
-3.858 -2.1900001 2.526 27
-3.7780001 -1.9630001 2.5420001 43
-3.665 -1.742 2.527 54
-3.9289999 -2.54 2.5480001 15
-3.8269999 -2.289 2.539 23
-3.744 -2.0510001 2.5450001 26
-3.6400001 -1.829 2.53 47
-3.881 -2.6370001 2.5580001 15
-3.7820001 -2.3789999 2.543 16
-3.7079999 -2.1400001 2.549 23
-3.6129999 -1.916 2.5339999 42
-3.822 -2.727 2.563 17
-3.727 -2.4630001 2.543 15
-3.664 -2.2249999 2.5480001 15
-3.5810001 -2 2.5350001 30
-3.747 -2.8039999 2.5580001 18
-3.6849999 -2.5569999 2.552 15
-3.6270001 -2.3139999 2.5539999 14
-3.5599999 -2.092 2.5450001 22
-3.681 -2.888 2.5599999 26
-3.631 -2.642 2.5550001 16
-3.5880001 -2.4030001 2.5599999 12
-3.523 -2.175 2.5450001 15
-3.609 -2.967 2.559 10
-3.5710001 -2.723 2.5550001 24
-3.552 -2.4949999 2.569 13
-3.49 -2.2620001 2.55 13
-3.5369999 -3.0439999 2.559 33
-3.4990001 -2.7950001 2.5469999 27
-3.5039999 -2.5780001 2.5710001 15
-3.457 -2.3510001 2.556 10
-3.4719999 -3.1289999 2.5669999 38
-3.4519999 -2.8859999 2.559 12
-3.4389999 -2.651 2.562 24
-3.421 -2.438 2.562 11
-3.392 -3.1989999 2.5639999 40
-3.3729999 -2.9519999 2.5480001 37
-3.391 -2.7360001 2.5669999 29
-3.381 -2.5250001 2.566 15
-3.122 -3.0810001 2.415 42
-3.322 -3.0420001 2.5599999 44
-3.3280001 -2.809 2.5610001 11
-3.3280001 -2.6010001 2.562 22
-3.0220001 -3.119 2.3940001 34
-3.253 -3.1159999 2.5599999 52
-3.28 -2.8970001 2.5699999 33
-3.2780001 -2.681 2.5610001 33
-3.1559999 -3.408 2.563 35
-3.0079999 -3.0120001 2.4189999 43
-3.227 -2.9809999 2.575 45
-3.2279999 -2.7620001 2.5610001 14
-3.0829999 -3.484 2.5699999 13
-2.8959999 -3.0339999 2.382 44
-3.1689999 -3.0599999 2.5780001 48
-3.181 -2.846 2.566 29
-2.994 -3.54 2.5650001 48
-3.03 -3.3199999 2.553 45
-2.947 -2.9760001 2.447 38
-3.1240001 -2.924 2.5650001 43
-2.914 -3.608 2.569 47
-2.9679999 -3.4030001 2.563 13
-2.8199999 -2.9779999 2.392 45
-3.082 -3.016 2.5769999 50
-2.8210001 -3.658 2.562 48
-2.8840001 -3.4590001 2.5569999 49
-2.951 -3.26 2.5599999 43
-2.9130001 -2.98 2.4820001 39
-2.6500001 -3.5999999 2.4820001 39
-2.8139999 -3.533 2.563 52
-2.888 -3.3369999 2.5650001 12
-2.747 -2.9400001 2.3889999 47
-2.4790001 -3.53 2.398 43
-2.7360001 -3.5969999 2.5639999 52
-2.8180001 -3.4059999 2.5650001 44
-2.8710001 -3.214 2.5510001 43
-2.313 -3.4549999 2.3139999 46
-2.586 -3.563 2.497 41
-2.747 -3.477 2.566 49
-2.8199999 -3.303 2.563 14
-2.1619999 -3.391 2.2409999 48
-2.418 -3.4920001 2.408 45
-2.671 -3.54 2.563 53
-2.753 -3.3740001 2.562 39
-2.013 -3.3180001 2.1659999 46
-2.26 -3.4260001 2.326 50
-2.55 -3.543 2.5179999 44
-2.6889999 -3.4530001 2.566 51
-1.882 -3.2650001 2.1059999 50
-2.112 -3.3629999 2.25 52
-2.375 -3.461 2.4170001 45
-2.622 -3.527 2.5680001 52
-1.757 -3.21 2.0469999 48
-1.976 -3.309 2.1830001 52
-2.2249999 -3.404 2.3369999 49
-2.506 -3.5339999 2.5239999 44
-1.6339999 -3.1500001 1.988 49
-1.84 -3.243 2.1110001 50
-2.076 -3.3369999 2.2550001 50
-2.3369999 -3.461 2.425 45
-1.5319999 -3.119 1.949 18
-1.716 -3.1860001 2.0480001 47
-1.942 -3.283 2.184 51
-2.184 -3.3959999 2.3369999 45
-1.263 -2.724 1.686 1
-1.597 -3.1300001 1.988 47
-1.806 -3.2160001 2.108 47
-2.0320001 -3.323 2.2460001 44
-1.2460001 -2.849 1.748 0
-1.327 -2.753 1.728 1
-1.684 -3.164 2.0439999 46
-1.901 -3.2750001 2.1760001 46
-1.192 -2.8989999 1.7640001 41
-1.266 -2.7809999 1.727 0
-1.567 -3.1110001 1.982 34
-1.762 -3.2019999 2.0929999 46
-1.104 -2.862 1.729 39
-1.24 -2.8959999 1.78 12
-1.294 -2.72 1.711 1
-1.6390001 -3.1470001 2.0250001 47
-1.018 -2.8239999 1.693 38
-1.159 -2.882 1.755 46
-1.266 -2.822 1.753 1
-1.538 -3.125 1.9809999 17
-0.93800002 -2.793 1.664 36
-1.072 -2.8469999 1.717 41
-1.219 -2.892 1.775 33
-1.2690001 -2.733 1.7079999 0
-0.85799998 -2.753 1.63 35
-0.98900002 -2.813 1.683 36
-1.132 -2.8640001 1.738 35
-1.253 -2.8699999 1.768 1
-0.78299999 -2.7219999 1.604 34
-0.90600002 -2.773 1.645 37
-1.045 -2.8299999 1.699 38
-1.1849999 -2.8929999 1.7589999 40
-0.70899999 -2.684 1.573 36
-0.82800001 -2.74 1.614 34
-0.963 -2.8010001 1.664 36
-1.092 -2.852 1.712 38
-0.64200002 -2.6659999 1.556 35
-0.75300002 -2.707 1.5829999 36
-0.87800002 -2.7550001 1.622 36
-1.006 -2.8199999 1.673 37
-0.57200003 -2.6289999 1.528 38
-0.68199998 -2.681 1.558 36
-0.801 -2.7260001 1.59 33
-0.92199999 -2.7839999 1.632 35
-0.50599998 -2.5969999 1.5039999 42
-0.61000001 -2.6440001 1.527 39
-0.72600001 -2.6930001 1.557 37
-0.838 -2.7409999 1.59 34
-0.44299999 -2.5710001 1.484 38
-0.54299998 -2.6170001 1.503 41
-0.65200001 -2.6559999 1.524 35
-0.76099998 -2.7149999 1.558 35
-0.382 -2.5439999 1.466 46
-0.47600001 -2.582 1.476 48
-0.583 -2.6340001 1.5 41
-0.685 -2.678 1.522 33
-0.322 -2.52 1.448 46
-0.41299999 -2.5550001 1.454 45
-0.51499999 -2.6029999 1.472 47
-0.61000001 -2.642 1.487 33
-0.264 -2.4909999 1.4299999 47
-0.352 -2.5369999 1.438 47
-0.44800001 -2.5699999 1.444 44
-0.54000002 -2.612 1.4579999 45
-0.207 -2.4630001 1.411 46
-0.29100001 -2.5020001 1.413 52
-0.384 -2.546 1.4220001 47
-0.47299999 -2.5910001 1.4349999 49
-0.152 -2.438 1.396 52
-0.23199999 -2.4779999 1.395 53
-0.32100001 -2.513 1.396 44
-0.405 -2.5539999 1.403 45
-0.097999997 -2.4159999 1.383 59
-0.176 -2.4530001 1.378 50
-0.25999999 -2.4809999 1.3710001 46
-0.34099999 -2.527 1.3789999 52
-0.045000002 -2.378 1.362 68
-0.119 -2.421 1.357 53
-0.20200001 -2.467 1.358 49
-0.27700001 -2.4960001 1.353 49
0.0049999999 -2.3570001 1.351 65
-0.064999998 -2.395 1.34 67
-0.14300001 -2.438 1.336 57
-0.21600001 -2.473 1.332 50
0 0 0 0
-0.011 -2.3789999 1.33 71
-0.086000003 -2.4070001 1.3150001 61
-0.156 -2.4449999 1.3099999 55
0.106 -2.322 1.334 16
0 0 0 0
-0.030999999 -2.3800001 1.296 59
-0.097000003 -2.4089999 1.284 68
0.154 -2.299 1.323 68
0.090999998 -2.3210001 1.296 16
0.022 -2.3559999 1.28 62
-0.039999999 -2.381 1.263 64
0.20200001 -2.2750001 1.312 74
0.141 -2.3039999 1.2869999 67
0.075000003 -2.329 1.263 40
0.015 -2.362 1.249 69
0.248 -2.2520001 1.302 73
0.191 -2.2809999 1.275 72
0.127 -2.3099999 1.251 16
0.068999998 -2.335 1.23 53
0.294 -2.227 1.2920001 71
0.23899999 -2.2520001 1.261 74
0.17900001 -2.2850001 1.2359999 69
0.123 -2.313 1.216 80
0.33899999 -2.204 1.283 69
0.287 -2.2360001 1.2539999 77
0.229 -2.263 1.224 72
0.176 -2.286 1.199 83
0.38499999 -2.1889999 1.279 63
0.33399999 -2.2130001 1.243 67
0.27900001 -2.244 1.214 81
0 0 0 0
0 0 0 0
0 0 0 0
0 0 0 0
0.27900001 -2.2379999 1.171 16
0 0 0 0
0 0 0 0
0.377 -2.1989999 1.192 13
0.33000001 -2.2179999 1.159 85
0 0 0 0
0 0 0 0
0 0 0 0
0.38100001 -2.198 1.149 78
0 0 0 0
0 0 0 0
0 0 0 0
0 0 0 0
0 0 0 0
0 0 0 0
0 0 0 0
0 0 0 0
0 0 0 0
0 0 0 0
0 0 0 0
0 0 0 0
0.68400002 -2.039 1.2410001 2
0 0 0 0
0 0 0 0
0 0 0 0
0.72799999 -2.026 1.242 70
0.69499999 -2.0469999 1.191 68
0 0 0 0
0 0 0 0
0.77100003 -2.0090001 1.2410001 69
0.73799998 -2.027 1.187 70
0.69999999 -2.0409999 1.1339999 16
0.67699999 -2.0829999 1.104 2
0.80900002 -1.983 1.2359999 51
0.78299999 -2.01 1.186 77
0.74900001 -2.029 1.1339999 72
0.71700001 -2.04 1.086 76
0.85299999 -1.97 1.238 56
0.82700002 -1.9910001 1.184 76
0.79400003 -2.006 1.128 69
0.76300001 -2.0179999 1.08 77
0.89399999 -1.949 1.237 68
0.86699998 -1.964 1.177 73
0.84100002 -1.99 1.127 74
0.81099999 -1.997 1.075 70
0.93599999 -1.9299999 1.237 65
0.91500002 -1.9529999 1.181 64
0.88599998 -1.9680001 1.123 68
0.85900003 -1.978 1.071 81
0.977 -1.911 1.237 66
0.954 -1.924 1.175 72
0.93000001 -1.944 1.119 68
0.90700001 -1.9579999 1.069 81
1.02 -1.895 1.24 67
0.99699998 -1.904 1.174 76
0.977 -1.928 1.119 71
0.95200002 -1.933 1.063 74
1.058 -1.87 1.238 68
1.043 -1.89 1.178 66
1.018 -1.899 1.113 73
0.99599999 -1.906 1.057 78
1.101 -1.852 1.2410001 71
1.087 -1.87 1.179 68
1.066 -1.883 1.115 69
1.045 -1.888 1.057 75
1.143 -1.834 1.245 64
1.1289999 -1.847 1.178 65
1.114 -1.865 1.117 72
1.0930001 -1.868 1.057 82
1.187 -1.818 1.25 64
1.174 -1.8279999 1.1799999 72
1.158 -1.84 1.115 73
0.61400002 -0.99299997 0.56800002 1
1.228 -1.796 1.252 63
1.22 -1.809 1.184 65
1.202 -1.8150001 1.114 71
0.62699997 -0.96200001 0.55699998 1
1.2690001 -1.774 1.2539999 64
1.2589999 -1.781 1.181 72
1.25 -1.796 1.1160001 70
0.64999998 -0.94700003 0.55500001 1
1.313 -1.755 1.2589999 66
1.3049999 -1.762 1.186 84
1.295 -1.772 1.117 65
0.67500001 -0.93400002 0.55500001 1
1.358 -1.738 1.266 35
1.349 -1.74 1.189 58
1.341 -1.748 1.119 68
0.69999999 -0.921 0.55500001 1
1.4 -1.715 1.27 52
1.398 -1.722 1.196 73
1.392 -1.73 1.125 43
0.68900001 -0.86299998 0.52899998 0
0 0 0 0
0 0 0 0
0 0 0 0
0 0 0 0
1.49 -1.675 1.284 14
1.493 -1.681 1.209 11
1.489 -1.684 1.133 12
0.792 -0.89999998 0.56999999 0
1.535 -1.654 1.291 62
1.536 -1.654 1.212 68
1.535 -1.6569999 1.136 69
0.79900002 -0.86500001 0.55800003 0
1.577 -1.6289999 1.296 65
1.586 -1.633 1.22 70
1.59 -1.638 1.145 65
1.585 -1.6339999 1.076 12
1.627 -1.6109999 1.307 69
1.632 -1.607 1.225 67
1.638 -1.6109999 1.15 68
1.643 -1.614 1.085 76
0 0 0 0
0 0 0 0
0 0 0 0
0 0 0 0
0 0 0 0
0.62 -0.55900002 0.44499999 0
0 0 0 0
0 0 0 0
0 0 0 0
0 0 0 0
0 0 0 0
0 0 0 0
0 0 0 0
0 0 0 0
0 0 0 0
0 0 0 0
0 0 0 0
0 0 0 0
0 0 0 0
0 0 0 0
0 0 0 0
0 0 0 0
1.971 -1.46 1.211 1
1.987 -1.454 1.14 11
1.974 -1.4450001 1.385 52
1.999 -1.433 1.3 63
2.017 -1.4220001 1.215 20
2.0450001 -1.4220001 1.151 21
2.0220001 -1.415 1.395 16
2.062 -1.41 1.318 22
2.082 -1.397 1.232 21
2.1059999 -1.39 1.163 21
2.0940001 -1.401 1.4220001 24
2.1240001 -1.3839999 1.335 22
2.1489999 -1.3710001 1.25 21
2.1670001 -1.3559999 1.174 46
2.145 -1.37 1.434 24
2.1819999 -1.353 1.349 22
2.2160001 -1.342 1.267 21
2.243 -1.33 1.1950001 17
2.1989999 -1.339 1.448 23
2.2479999 -1.325 1.368 23
2.2869999 -1.313 1.2869999 20
2.3099999 -1.295 1.21 18
2.2639999 -1.313 1.47 22
2.3050001 -1.291 1.383 16
2.3529999 -1.278 1.304 22
2.388 -1.2640001 1.232 18
0 0 0 0
2.3789999 -1.2640001 1.408 21
2.428 -1.247 1.327 23
2.461 -1.227 1.251 18
2.3859999 -1.252 1.508 1
2.46 -1.237 1.436 22
2.4949999 -1.209 1.344 21
2.5320001 -1.187 1.2690001 18
2.461 -1.224 1.535 20
2.5220001 -1.198 1.4529999 22
2.576 -1.175 1.37 19
2.622 -1.153 1.2970001 18
2.529 -1.192 1.558 20
2.596 -1.163 1.477 22
2.661 -1.1390001 1.398 19
2.7130001 -1.115 1.324 20
2.602 -1.159 1.584 18
2.671 -1.125 1.502 20
2.7449999 -1.1 1.424 21
2.7920001 -1.069 1.347 21
2.6719999 -1.122 1.608 18
2.75 -1.087 1.529 22
2.823 -1.0549999 1.449 20
2.881 -1.025 1.375 19
2.75 -1.087 1.638 18
2.826 -1.044 1.5549999 22
2.9189999 -1.0140001 1.483 21
2.9820001 -0.98100001 1.408 19
2.8269999 -1.048 1.6670001 20
2.914 -1.0039999 1.5880001 21
3.017 -0.97000003 1.517 19
3.0799999 -0.93099999 1.441 19
2.9089999 -1.008 1.698 18
3.0039999 -0.95999998 1.6210001 19
3.108 -0.92000002 1.548 19
3.1819999 -0.87900001 1.475 20
2.997 -0.96700001 1.733 18
3.0929999 -0.91299999 1.654 24
3.2 -0.866 1.58 19
3.3069999 -0.82800001 1.521 19
3.086 -0.92299998 1.768 20
3.1860001 -0.86299998 1.689 17
3.3310001 -0.81900001 1.633 18
3.4319999 -0.77200001 1.566 16
3.1849999 -0.87900001 1.809 17
3.3010001 -0.815 1.7359999 18
3.4430001 -0.76099998 1.674 15
3.572 -0.713 1.619 14
3.2939999 -0.83200002 1.855 15
3.425 -0.764 1.788 15
3.579 -0.704 1.728 15
3.72 -0.64999998 1.675 15
3.4030001 -0.78299999 1.902 14
3.559 -0.70999998 1.845 15
3.7179999 -0.64200002 1.784 15
3.8759999 -0.58099997 1.735 12
3.527 -0.73100001 1.957 11
3.687 -0.64999998 1.899 15
3.8629999 -0.574 1.8430001 11
3.9289999 -0.493 1.75 24
3.6370001 -0.67199999 2.0050001 11
3.835 -0.58700001 1.9630001 15
3.9489999 -0.493 1.875 24
3.882 -0.39199999 1.721 24
3.7750001 -0.61400002 2.0669999 11
3.9360001 -0.51300001 2.0039999 21
3.904 -0.39500001 1.845 25
3.836 -0.29499999 1.6950001 27
3.9159999 -0.551 2.131 12
3.8970001 -0.419 1.974 22
3.8640001 -0.301 1.819 23
3.7950001 -0.2 1.6720001 25
3.9349999 -0.46700001 2.131 20
3.8429999 -0.32600001 1.938 23
3.8199999 -0.207 1.7920001 24
3.7490001 -0.107 1.648 28
3.8859999 -0.375 2.092 20
3.8210001 -0.23800001 1.92 24
3.773 -0.116 1.765 25
3.7060001 -0.016000001 1.625 27
3.855 -0.28799999 2.066 21
3.776 -0.149 1.89 24
3.733 -0.028000001 1.742 28
3.674 0.071999997 1.61 28
3.8069999 -0.20100001 2.0320001 20
3.74 -0.063000001 1.8660001 26
3.6949999 0.057999998 1.721 27
3.6259999 0.15800001 1.5880001 30
3.7639999 -0.116 2 21
3.704 0.02 1.844 29
3.6559999 0.14300001 1.701 29
3.592 0.243 1.573 30
3.737 -0.034000002 1.979 22
3.6570001 0.102 1.817 28
3.608 0.22400001 1.679 28
3.5569999 0.32499999 1.559 31
3.6930001 0.045000002 1.95 25
3.618 0.182 1.795 28
3.5769999 0.30599999 1.665 31
3.5139999 0.40599999 1.543 32
3.654 0.124 1.924 25
3.5899999 0.26199999 1.779 31
3.5320001 0.38499999 1.6440001 30
3.4690001 0.48500001 1.526 32
3.618 0.204 1.901 27
3.553 0.34200001 1.7589999 31
3.5020001 0.46599999 1.632 34
3.4330001 0.56599998 1.5140001 31
3.5829999 0.28099999 1.8789999 26
3.5179999 0.419 1.742 31
3.4619999 0.54400003 1.6160001 34
3.3940001 0.64300001 1.501 31
3.546 0.35600001 1.858 29
3.48 0.495 1.724 31
3.4200001 0.61900002 1.6 34
3.3699999 0.72299999 1.497 33
3.5120001 0.43099999 1.8380001 29
3.4489999 0.56999999 1.711 36
3.3840001 0.69400001 1.5880001 35
3.3199999 0.79400003 1.482 30
3.4760001 0.50400001 1.819 30
3.408 0.64200002 1.694 35
3.352 0.76899999 1.579 35
3.3050001 0.875 1.483 33
3.437 0.57499999 1.799 31
3.3759999 0.71600002 1.681 35
3.323 0.84399998 1.571 36
3.2620001 0.94700003 1.472 33
3.401 0.64700001 1.781 32
3.336 0.787 1.666 36
3.2780001 0.91600001 1.557 35
3.22 1.02 1.4630001 36
3.3710001 0.72000003 1.766 31
3.3010001 0.85900003 1.653 36
3.2490001 0.99000001 1.551 35
3.187 1.094 1.4579999 35
3.3269999 0.78799999 1.7460001 32
3.273 0.93199998 1.645 37
3.217 1.062 1.546 35
3.1440001 1.163 1.451 35
3.3069999 0.86199999 1.739 32
3.2379999 1.002 1.6339999 37
3.174 1.131 1.534 35
3.1229999 1.24 1.4529999 37
3.2709999 0.93000001 1.724 32
3.2060001 1.072 1.626 37
3.145 1.2029999 1.5319999 35
3.085 1.3099999 1.45 37
3.234 0.99699998 1.71 32
3.174 1.142 1.618 37
3.1140001 1.275 1.528 36
3.0480001 1.381 1.446 37
3.2090001 1.068 1.7029999 33
3.145 1.2130001 1.613 37
3.0710001 1.341 1.52 35
3.0239999 1.4579999 1.451 38
3.181 1.1390001 1.694 36
3.1059999 1.281 1.604 37
3.0480001 1.418 1.522 35
2.987 1.529 1.449 38
3.1359999 1.2029999 1.677 31
3.0769999 1.352 1.6 37
3.0109999 1.487 1.5190001 35
2.95 1.599 1.449 37
3.1110001 1.274 1.673 32
3.046 1.4220001 1.596 37
2.9749999 1.556 1.517 36
2.9159999 1.6720001 1.451 37
3.082 1.3430001 1.6670001 36
3.0120001 1.4910001 1.592 37
2.947 1.63 1.5190001 35
2.8829999 1.744 1.455 40
3.05 1.411 1.66 36
2.9820001 1.561 1.591 37
2.911 1.698 1.5190001 35
2.8599999 1.823 1.465 8
3.0209999 1.4809999 1.656 35
2.9530001 1.633 1.591 37
2.8710001 1.765 1.518 35
2.8280001 1.897 1.471 8
2.9860001 1.548 1.649 37
2.918 1.701 1.5880001 37
2.845 1.8430001 1.524 7
2.783 1.965 1.471 7
2.954 1.618 1.6440001 35
2.8729999 1.765 1.581 34
2.8110001 1.915 1.528 7
2.747 2.0369999 1.477 7
2.918 1.6849999 1.638 32
2.846 1.84 1.585 7
2.77 1.983 1.528 6
2.717 2.1170001 1.488 7
2.8789999 1.75 1.632 32
2.8099999 1.91 1.585 8
2.7409999 2.0599999 1.536 7
2.678 2.1889999 1.494 7
2.848 1.821 1.631 7
2.7820001 1.985 1.59 7
2.7090001 2.1340001 1.544 7
2.654 2.2739999 1.51 7
2.816 1.891 1.631 6
2.7449999 2.0539999 1.592 7
2.678 2.2130001 1.554 7
2.615 2.348 1.52 6
2.789 1.967 1.6339999 6
2.704 2.122 1.592 7
2.658 2.302 1.571 7
2.5829999 2.4319999 1.534 7
2.75 2.036 1.631 6
2.6830001 2.2090001 1.605 7
2.6110001 2.3699999 1.573 7
2.546 2.5139999 1.548 7
2.721 2.112 1.635 7
2.642 2.2780001 1.607 8
2.573 2.448 1.5829999 6
2.516 2.602 1.566 7
2.6949999 2.1919999 1.642 6
2.609 2.3559999 1.615 7
2.5350001 2.5250001 1.594 7
2.474 2.681 1.579 7
2.6559999 2.263 1.643 7
2.579 2.4389999 1.627 7
2.5039999 2.6129999 1.61 7
2.4330001 2.763 1.595 6
2.6229999 2.3399999 1.649 7
2.543 2.516 1.636 7
2.4619999 2.6889999 1.6210001 6
2.4000001 2.855 1.617 6
2.5940001 2.4230001 1.658 7
2.5090001 2.599 1.648 6
2.424 2.773 1.636 6
2.3640001 2.9489999 1.64 6
2.559 2.5020001 1.665 6
2.477 2.688 1.663 7
2.3929999 2.869 1.659 6
2.313 3.0280001 1.654 6
2.526 2.5880001 1.675 6
2.4330001 2.767 1.6720001 6
2.346 2.95 1.671 6
2.28 3.1329999 1.683 6
2.4779999 2.658 1.677 6
2.3929999 2.8499999 1.6849999 6
2.3080001 3.0439999 1.693 6
2.227 3.214 1.699 7
2.4519999 2.756 1.694 5
2.348 2.9319999 1.696 7
2.2690001 3.1400001 1.715 6
2.191 3.322 1.7309999 6
2.408 2.836 1.702 5
2.3139999 3.03 1.717 5
2.221 3.2260001 1.733 6
2.1470001 3.424 1.76 5
2.368 2.9219999 1.714 6
2.2690001 3.1159999 1.732 6
2.184 3.3340001 1.763 6
2.085 3.5020001 1.776 3
2.3139999 2.994 1.717 2
2.2309999 3.2179999 1.756 6
2.1340001 3.4289999 1.785 6
2.039 3.6099999 1.808 4
2.2869999 3.1059999 1.743 5
2.188 3.3150001 1.777 6
2.086 3.53 1.811 6
1.992 3.724 1.844 4
2.2379999 3.191 1.7539999 3
2.1340001 3.404 1.7920001 6
2.036 3.6359999 1.8380001 6
1.9400001 3.8399999 1.8789999 3
2.1860001 3.28 1.766 3
2.095 3.5190001 1.822 6
1.994 3.7609999 1.877 6
1.886 3.9560001 1.916 3
2.1459999 3.3870001 1.789 3
2.049 3.631 1.851 6
1.926 3.8429999 1.8940001 3
1.831 4.079 1.957 2
2.099 3.49 1.8099999 3
1.999 3.7409999 1.878 6
1.869 3.954 1.926 3
1.778 4.2160001 2.0039999 3
2.0510001 3.599 1.834 2
1.941 3.8429999 1.902 6
1.819 4.0879998 1.969 3
0 0 0 0
2.0009999 3.71 1.858 3
1.883 3.954 1.9299999 3
1.756 4.2030001 2.0039999 2
0.23 0.62300003 0.29100001 12
1.954 3.835 1.8890001 2
1.823 4.0679998 1.96 2
0 0 0 0
0 0 0 0
1.895 3.9449999 1.913 3
1.762 4.1890001 1.994 2
0.228 0.625 0.292 10
0.193 0.60699999 0.28 10
1.842 4.0770001 1.948 2
0 0 0 0
0.20900001 0.61799997 0.28600001 10
0.184 0.62800002 0.28799999 1
1.78 4.2010002 1.979 2
0.227 0.62 0.28799999 11
0 0 0 0
0 0 0 0
0 0 0 0
0.208 0.61199999 0.28200001 11
0.17299999 0.60000002 0.27399999 1
0 0 0 0
0.229 0.62199998 0.285 11
0.19 0.602 0.27399999 8
0 0 0 0
0 0 0 0
0.20999999 0.61299998 0.278 12
0.17399999 0.59899998 0.271 1
0.22 0.91799998 0.414 0
0.184 0.93300003 0.41999999 6
0.191 0.60500002 0.271 10
0.24600001 0.92900002 0.41600001 0
0.20299999 0.94 0.421 1
0.162 0.93400002 0.419 7
0.176 0.60600001 0.26800001 3
0.22499999 0.93800002 0.417 1
0.18000001 0.93900001 0.41800001 2
0.141 0.935 0.419 7
0.248 0.935 0.40900001 1
0.20299999 0.93800002 0.414 0
0.15800001 0.93699998 0.41600001 4
0.118 0.92799997 0.41499999 11
0.22499999 0.93900001 0.40700001 1
0.18099999 0.94499999 0.414 1
0.109 0.75199997 0.33199999 2
0.057999998 0.55599999 0.248 7
0.199 0.92799997 0.39899999 1
0.14 0.833 0.36199999 6
0.068000004 0.55699998 0.245 5
0.044 0.54400003 0.243 9
0.112 0.59100002 0.252 3
0.081 0.56400001 0.244 7
0.054000001 0.55400002 0.243 8
0 0 0 0
0.093000002 0.56099999 0.237 9
0 0 0 0
0 0 0 0
0.018999999 0.52600002 0.234 9
0 0 0 0
0.052000001 0.54299998 0.233 8
0.028999999 0.54100001 0.237 7
0 0 0 0
0.064000003 0.54900002 0.229 9
0 0 0 0
0 0 0 0
-0.003 0.51599997 0.23 9
0 0 0 0
0.026000001 0.52499998 0.223 8
0.0040000002 0.528 0.23 7
0 0 0 0
0.037 0.537 0.221 9
0 0 0 0
0 0 0 0
-0.026000001 0.505 0.226 9
0 0 0 0
0.0020000001 0.514 0.21699999 8
-0.018999999 0.51800001 0.226 7
0 0 0 0
0.011 0.51899999 0.211 8
0 0 0 0
0 0 0 0
-0.046999998 0.49000001 0.221 8
0 0 0 0
-0.021 0.505 0.213 8
-0.041999999 0.509 0.223 7
0 0 0 0
-0.013 0.509 0.206 9
0 0 0 0
0 0 0 0
-0.067000002 0.47799999 0.21699999 8
0 0 0 0
-0.043000001 0.48800001 0.206 7
-0.063000001 0.49599999 0.21799999 7
0 0 0 0
-0.035999998 0.49700001 0.2 8
0 0 0 0
0 0 0 0
-0.17 0.91000003 0.417 5
0 0 0 0
-0.064999998 0.479 0.20200001 7
-0.167 0.95700002 0.42300001 4
-0.19 0.90700001 0.41800001 0
-0.059999999 0.495 0.199 8
0 0 0 0
-0.18799999 0.94700003 0.421 5
-0.208 0.89300001 0.414 0
0 0 0 0
-0.17900001 0.97600001 0.414 4
0 0 0 0
-0.23100001 0.90200001 0.421 5
-0.177 1.034 0.41600001 3
0 0 0 0
-0.23199999 0.94300002 0.42300001 4
-0.24699999 0.88300002 0.41499999 3
-0.20200001 1.03 0.41499999 2
-0.228 0.98000002 0.41800001 1
-0.252 0.93400002 0.421 4
0 0 0 0
0 0 0 0
-0.25099999 0.97500002 0.41800001 3
0 0 0 0
-0.227 0.69400001 0.331 4
-0.25299999 1.026 0.41499999 3
-0.264 0.935 0.40200001 1
-0.223 0.69999999 0.31999999 0
-0.308 0.87599999 0.42199999 4
-0.278 1.021 0.414 3
0 0 0 0
-0.27500001 0.80199999 0.36899999 1
0 0 0 0
0 0 0 0
-0.23 0.69099998 0.301 2
-0.33700001 0.912 0.42300001 1
0 0 0 0
-0.226 0.69499999 0.28400001 3
-0.34099999 0.949 0.41499999 3
0 0 0 0
0 0 0 0
-0.33700001 0.95899999 0.39399999 1
0 0 0 0
-0.377 0.89600003 0.42300001 4
-0.38299999 0.84500003 0.42300001 4
0 0 0 0
-0.38699999 0.93800002 0.417 1
-0.39199999 0.875 0.41600001 3
-0.40000001 0.83399999 0.42199999 4
-0.39399999 0.96799999 0.403 0
-0.41 0.93099999 0.417 3
-0.414 0.87099999 0.419 3
-0.419 0.82499999 0.42199999 4
0 0 0 0
-0.43000001 0.91900003 0.41499999 4
-0.435 0.86500001 0.421 3
-0.433 0.81 0.41999999 4
-0.45500001 0.97899997 0.414 3
-0.454 0.91299999 0.417 3
-0.458 0.861 0.42300001 4
-0.454 0.80599999 0.42300001 4
-0.479 0.97000003 0.414 3
-0.47600001 0.90399998 0.417 3
-0.477 0.85100001 0.42300001 4
-0.46900001 0.792 0.421 4
-0.50400001 0.95999998 0.414 3
-0.49599999 0.89099997 0.41600001 3
-0.49599999 0.84100002 0.42300001 4
-0.48699999 0.78399998 0.42199999 4
-0.52700001 0.94800001 0.41299999 3
-0.51999998 0.88599998 0.41800001 3
-0.51099998 0.82200003 0.41999999 3
-0.50300002 0.77200001 0.42199999 4
-0.55199999 0.93900001 0.414 3
-0.54100001 0.87400001 0.41800001 3
-0.53100002 0.81400001 0.421 4
-0.51899999 0.75999999 0.42199999 4
-0.57599998 0.92799997 0.414 3
-0.56199998 0.86199999 0.41800001 3
-0.551 0.80400002 0.42199999 3
-0.53399998 0.74699998 0.421 4
-0.59799999 0.91299999 0.41299999 3
-0.583 0.85100001 0.41800001 3
-0.56099999 0.77999997 0.41600001 3
-0.55400002 0.73900002 0.42399999 4
-0.62199998 0.90100002 0.41299999 3
-0.60299999 0.83600003 0.417 3
-0.57999998 0.77100003 0.41800001 3
-0.56999999 0.727 0.42399999 4
-0.64600003 0.88999999 0.414 3
-0.62400001 0.82499999 0.419 3
-0.60600001 0.76800001 0.42399999 3
-0.58099997 0.70999998 0.421 4
-0.66900003 0.87599999 0.414 3
-0.64399999 0.81099999 0.419 3
-0.62300003 0.75400001 0.42399999 4
-0.60000002 0.70099998 0.42399999 4
-0.69099998 0.86000001 0.414 3
-0.66299999 0.79699999 0.419 3
-0.63999999 0.74000001 0.42399999 3
-0.611 0.68400002 0.421 4
-0.713 0.84500003 0.414 3
-0.68300003 0.78299999 0.419 3
-0.64899999 0.71799999 0.419 3
-0.62900001 0.67400002 0.42399999 4
-0.736 0.82999998 0.414 3
-0.69999999 0.76499999 0.41800001 3
-0.67299998 0.71200001 0.42399999 3
-0.63499999 0.65200001 0.41800001 3
-0.75999999 0.81699997 0.41600001 3
-0.72000003 0.75099999 0.41800001 3
-0.68800002 0.69599998 0.42300001 3
-0.64700001 0.63599998 0.417 3
-0.77999997 0.79900002 0.41600001 3
-0.73799998 0.736 0.419 2
-0.70300001 0.68099999 0.42300001 3
-0.662 0.62400001 0.41800001 3
-0.801 0.78200001 0.41600001 2
-0.75700003 0.72000003 0.419 2
-0.72000003 0.66600001 0.42399999 3
-0.685 0.61799997 0.42399999 4
-0.82300001 0.76599997 0.417 3
-0.77399999 0.70300001 0.419 2
-0.73299998 0.64899999 0.42300001 3
-0.69700003 0.602 0.42300001 4
-0.84200001 0.74599999 0.417 3
-0.79100001 0.685 0.419 2
-0.74900001 0.634 0.42399999 3
-0.70200002 0.57999998 0.419 3
-0.86299998 0.72799999 0.41800001 3
-0.80500001 0.66500002 0.41800001 2
-0.76300001 0.616 0.42300001 3
-0.713 0.565 0.41800001 3
-0.88300002 0.70899999 0.41800001 3
-0.82499999 0.64999998 0.41999999 2
-0.77999997 0.602 0.42500001 3
-0.73100001 0.55299997 0.42199999 3
-0.89700001 0.685 0.41600001 3
-0.84399998 0.634 0.42199999 2
-0.79500002 0.58600003 0.426 3
-0.73699999 0.53299999 0.41800001 3
-0.91799998 0.667 0.41800001 3
-0.85500002 0.611 0.419 2
-0.80900002 0.56900001 0.426 3
-0.74900001 0.51899999 0.419 3
-0.92900002 0.64099997 0.41499999 1
-0.87199998 0.59299999 0.421 3
-0.82099998 0.55000001 0.426 3
-0.76599997 0.50599998 0.42199999 3
-0.96499997 0.63200003 0.42399999 0
-0.88499999 0.57200003 0.41999999 3
-0.833 0.53200001 0.426 3
-0.778 0.49000001 0.42300001 2
-0.99699998 0.61900002 0.43099999 2
-0.90200001 0.55400002 0.421 1
-0.84600002 0.514 0.426 3
-0.87900001 0.528 0.47099999 0
-0.95700002 0.56300002 0.40700001 1
-0.90200001 0.52600002 0.41600001 0
-0.852 0.49200001 0.42300001 3
0 0 0 0
0 0 0 0
-2.0829999 1.151 0.94599998 4
-0.87199998 0.47799999 0.42699999 1
0 0 0 0
-2.0639999 1.084 0.85399997 6
-2.0369999 1.0650001 0.91299999 71
-0.81699997 0.42500001 0.39500001 0
-4.3000002 2.223 2.2219999 1
0 0 0 0
0 0 0 0
0 0 0 0
0 0 0 0
0 0 0 0
-5.5370002 2.576 2.424 3
-5.1789999 2.4059999 2.451 3
-4.553 2.1129999 2.302 7
-2.4849999 1.084 0.991 14
-5.579 2.4400001 2.415 41
-4.678 2.049 2.1900001 53
-4.6880002 2.0550001 2.346 11
-2.5320001 1.033 0.99900001 55
-2.664 1.092 1.141 0
-2.961 1.219 1.372 0
-4.7969999 1.982 2.3770001 66
-2.6070001 0.991 1.018 63
-2.599 0.99599999 1.103 25
-2.5869999 0.99800003 1.187 22
-2.576 1 1.2640001 1
-2.691 0.94999999 1.041 36
-2.5669999 0.91600001 1.079 23
-2.5610001 0.92400002 1.165 63
-2.5380001 0.92299998 1.235 14
-6.2670002 2.043 2.404 32
-2.6300001 0.87099999 1.096 4
-2.615 0.87800002 1.179 104
-2.5610001 0.87099999 1.2359999 24
-6.3270001 1.897 2.4089999 32
-5.4990001 1.681 2.273 69
-2.925 0.91000003 1.309 29
-2.8970001 0.91600001 1.387 29
-5.743 1.573 2.171 23
-2.8150001 0.78899997 1.155 5
-5.4990001 1.5779999 2.4419999 44
-5.1199999 1.5 2.4319999 51
-5.927 1.472 2.2260001 54
-2.8139999 0.72000003 1.147 3
-5.546 1.46 2.447 43
-2.7739999 0.74900001 1.309 21
-6.1370001 1.368 2.2909999 65
-5.9070001 1.3660001 2.3929999 40
-5.5840001 1.337 2.447 42
-5.1960001 1.284 2.4349999 51
-6.3769999 1.263 2.369 52
-6.0240002 1.247 2.4260001 44
-5.6220002 1.216 2.4489999 42
-2.7709999 0.62199998 1.29 6
-6.5650001 1.138 2.428 33
-6.072 1.112 2.434 42
-5.6669998 1.095 2.4549999 38
-2.7609999 0.55800003 1.278 29
-6.599 0.98199999 2.431 33
-6.112 0.97399998 2.4389999 42
-5.6939998 0.96899998 2.4549999 40
-5.3000002 0.95499998 2.441 50
-6.631 0.82499999 2.4349999 32
-6.145 0.83499998 2.4430001 40
-5.7280002 0.84399998 2.4579999 39
-5.3390002 0.84299999 2.447 46
-6.658 0.66799998 2.4389999 31
-6.1700001 0.69300002 2.444 40
-5.7529998 0.71799999 2.46 43
-5.3600001 0.73000002 2.4449999 47
-6.6719999 0.509 2.4400001 32
-6.1950002 0.55199999 2.447 39
-5.7810001 0.59100002 2.4619999 41
-2.596 0.29699999 1.179 17
-6.6950002 0.34999999 2.444 31
-6.21 0.41 2.448 39
-5.7930002 0.463 2.46 40
-2.5610001 0.23800001 1.159 11
-6.6810002 0.19 2.438 28
-6.2189999 0.266 2.447 39
-5.823 0.336 2.4660001 40
-5.447 0.38800001 2.457 47
-5.132 0.024 1.872 1
-6.25 0.124 2.4560001 40
-5.8449998 0.207 2.47 41
-5.4569998 0.27200001 2.4549999 45
-5.0619998 -0.096000001 1.848 3
-6.2579999 -0.018999999 2.4579999 39
-5.8509998 0.077 2.4690001 39
-5.4949999 0.156 2.4649999 42
-5.0300002 -0.215 1.8380001 3
-6.2540002 -0.163 2.4560001 39
-5.8639998 -0.050999999 2.471 40
-5.5079999 0.037 2.4649999 43
-5.02 -0.33399999 1.8380001 1
-6.27 -0.308 2.464 39
-5.8769999 -0.18099999 2.4749999 40
-5.5209999 -0.079000004 2.4679999 43
-6.77 -0.61299998 2.484 23
-6.29 -0.45300001 2.474 36
-5.8829999 -0.31299999 2.477 39
-5.5419998 -0.199 2.474 39
-6.7379999 -0.77100003 2.4809999 30
-6.2750001 -0.59799999 2.4719999 29
-5.8920002 -0.44499999 2.4809999 38
-5.552 -0.31900001 2.4749999 38
-6.7059999 -0.92799997 2.4779999 32
-4.875 -0.57800001 1.925 0
-5.8870001 -0.57599998 2.4809999 38
-5.5489998 -0.43900001 2.473 38
0 0 0 0
-4.77 -0.676 1.888 1
-5.881 -0.708 2.4809999 38
-5.5599999 -0.56 2.4779999 41
-6.6620002 -1.2460001 2.484 5
-4.7210002 -0.77999997 1.875 4
-5.8839998 -0.84100002 2.4860001 37
-5.5679998 -0.68300003 2.4820001 35
-6.6430001 -1.405 2.4909999 33
-4.691 -0.88599998 1.87 10
-5.8829999 -0.97399998 2.4909999 38
-5.5609999 -0.80299997 2.48 40
-6.6160002 -1.562 2.4960001 32
-4.6459999 -0.98900002 1.86 11
-5.8759999 -1.109 2.4949999 37
-5.5669999 -0.92699999 2.4860001 38
-6.5760002 -1.7180001 2.497 32
-4.6139998 -1.0930001 1.8559999 10
-5.869 -1.243 2.4990001 38
-5.5689998 -1.052 2.49 36
-6.54 -1.874 2.5020001 33
-4.5929999 -1.2 1.857 8
-5.8530002 -1.375 2.5009999 38
-5.5650001 -1.176 2.493 36
-6.506 -2.03 2.5090001 33
-4.5310001 -1.295 1.8430001 3
-5.8520002 -1.5140001 2.51 41
-5.5630002 -1.301 2.4979999 38
-6.4559999 -2.1830001 2.5109999 32
-4.5149999 -1.402 1.849 2
-5.8309999 -1.647 2.513 37
-5.559 -1.429 2.5039999 40
-6.414 -2.3369999 2.5179999 32
-4.4910002 -1.5089999 1.852 1
-4.4699998 -1.37 1.936 0
-5.5430002 -1.553 2.5050001 39
-6.3579998 -2.487 2.5209999 32
-4.4650002 -1.614 1.855 0
-4.3940001 -1.455 1.913 4
-5.5339999 -1.6799999 2.51 39
-6.2969999 -2.635 2.523 32
-6.0139999 -2.3310001 2.52 30
-4.3779998 -1.559 1.918 11
-5.513 -1.8049999 2.5109999 41
-6.224 -2.777 2.5220001 31
-5.9619999 -2.4690001 2.5209999 40
-4.3260002 -1.649 1.908 14
-5.4889998 -1.931 2.5109999 40
-6.1490002 -2.9170001 2.5209999 32
-5.9050002 -2.6059999 2.52 39
-4.2779999 -1.7410001 1.901 29
-5.4759998 -2.0610001 2.5190001 37
-6.092 -3.0669999 2.53 31
-4.2639999 -1.998 1.8380001 13
-4.2410002 -1.8380001 1.899 53
-5.4450002 -2.1860001 2.5190001 35
-6.0209999 -3.2090001 2.5339999 30
-5.79 -2.8770001 2.523 39
-4.198 -1.931 1.895 150
-5.4200001 -2.3139999 2.5220001 37
-1.072 -0.60299999 0.45699999 4
-5.7519999 -3.023 2.5350001 30
-4.1630001 -2.029 1.896 45
-5.3759999 -2.4349999 2.5190001 27
-0.96799999 -0.57499999 0.419 4
-1.135 -0.63 0.50599998 3
-4.1240001 -2.125 1.896 24
-5.3540001 -2.5680001 2.527 36
-0.95099998 -0.59500003 0.41800001 5
-0.98000002 -0.57300001 0.442 2
-1.177 -0.63999999 0.546 1
-5.3189998 -2.6960001 2.53 27
-0.93099999 -0.61299998 0.41600001 5
-0.95300001 -0.58700001 0.43599999 4
0 0 0 0
-5.277 -2.8210001 2.5309999 27
-0.91600001 -0.634 0.41600001 4
-0.93300003 -0.60500002 0.433 4
-0.95899999 -0.57800001 0.45500001 3
-1.0420001 -0.58600003 0.50400001 5
-0.90899998 -0.66100001 0.41999999 13
-0.917 -0.62400001 0.43200001 4
-0.949 -0.60100001 0.456 5
-0.97299999 -0.57700002 0.47499999 3
-0.90200001 -0.68800002 0.42500001 10
-0.91000003 -0.64999998 0.435 8
-0.92799997 -0.61799997 0.45100001 4
-0.95099998 -0.59200001 0.46900001 4
-0.88599998 -0.70899999 0.426 10
-0.89999998 -0.67500001 0.43799999 9
-0.91900003 -0.64200002 0.45300001 7
-0.93699998 -0.61199999 0.46700001 5
-0.87400001 -0.73400003 0.42899999 9
-0.88700002 -0.69700003 0.43900001 9
-0.90899998 -0.66600001 0.454 9
-0.91799998 -0.62900001 0.463 4
-0.85900003 -0.755 0.43000001 9
-0.87699997 -0.722 0.44100001 8
-0.89200002 -0.68400002 0.45199999 8
-0.912 -0.65499997 0.465 9
-0.84799999 -0.78100002 0.43399999 9
-0.86900002 -0.74900001 0.44600001 8
-0.88499999 -0.71100003 0.456 9
-0.89899999 -0.676 0.465 9
-0.83999997 -0.80900002 0.44 9
-0.85699999 -0.773 0.44800001 8
-0.875 -0.73500001 0.458 9
-0.88599998 -0.69800001 0.465 9
-0.824 -0.83200002 0.442 9
-0.84500003 -0.79799998 0.45100001 7
-0.861 -0.75800002 0.45899999 9
-0.88200003 -0.727 0.46900001 10
-0.81300002 -0.85900003 0.447 10
-0.83399999 -0.824 0.45500001 8
-0.85000002 -0.78200001 0.461 9
-0.86699998 -0.74800003 0.46799999 10
-0.801 -0.88599998 0.45199999 10
-0.81900001 -0.847 0.45699999 8
-0.83899999 -0.80699998 0.46399999 8
-0.85500002 -0.77100003 0.46900001 10
-0.787 -0.912 0.45699999 10
-0.81099999 -0.87800002 0.46399999 8
-0.829 -0.83399999 0.46700001 9
-0.84399998 -0.79500002 0.47 10
-0.778 -0.94400001 0.46399999 10
-0.79799998 -0.90399998 0.46700001 8
-0.81599998 -0.86000001 0.47 9
-0.833 -0.82099998 0.47299999 9
-0.76200002 -0.96899998 0.46900001 10
-0.78399998 -0.92900002 0.47099999 8
-0.80800003 -0.88999999 0.47600001 9
-0.82099998 -0.84600002 0.47499999 10
-0.74900001 -0.99800003 0.47499999 10
-0.76999998 -0.95599997 0.47499999 8
-0.792 -0.91299999 0.477 9
-0.81099999 -0.87400001 0.479 10
-0.73500001 -1.027 0.48100001 10
-0.75700003 -0.98400003 0.47999999 8
-0.77999997 -0.94099998 0.48100001 8
-0.796 -0.89700001 0.479 10
-0.71899998 -1.0549999 0.48800001 10
-0.74400002 -1.015 0.48699999 9
-0.76800001 -0.97000003 0.486 9
-0.78399998 -0.92500001 0.48300001 10
-0.70300001 -1.0829999 0.493 10
-0.73000002 -1.044 0.493 8
-0.75 -0.99299997 0.48800001 9
-0.76999998 -0.95099998 0.48500001 10
-0.69300002 -1.123 0.505 10
-0.71200001 -1.068 0.49599999 8
-0.73900002 -1.025 0.49399999 9
-0.75999999 -0.98199999 0.491 10
-0.676 -1.153 0.51200002 10
-0.70099998 -1.1059999 0.50599998 8
-0.72600001 -1.057 0.5 9
-0.74299997 -1.007 0.49200001 10
-0.662 -1.1900001 0.52200001 9
-0.68699998 -1.1390001 0.514 8
-0.70899999 -1.0829999 0.50400001 9
-0.73000002 -1.036 0.49700001 10
-0.64600003 -1.225 0.53200001 9
-0.67000002 -1.17 0.51999998 8
-0.69300002 -1.114 0.509 9
-0.713 -1.063 0.49900001 10
-0.62699997 -1.257 0.54000002 39
-0.65100002 -1.2 0.52600002 10
-0.68099999 -1.151 0.51800001 9
-0.70200002 -1.1 0.50700003 10
-0.611 -1.298 0.55199999 8
-0.63700002 -1.238 0.53600001 8
-0.66600001 -1.186 0.52499998 9
-0.68900001 -1.135 0.514 10
-0.58899999 -1.3279999 0.56 34
-0.62 -1.275 0.546 33
-0.64999998 -1.221 0.53299999 11
-0.671 -1.164 0.51800001 9
-0.57499999 -1.378 0.57599998 31
-0.60299999 -1.314 0.55599999 9
-0.63599998 -1.262 0.54299998 8
-0.65600002 -1.199 0.52499998 9
-0.55599999 -1.421 0.58999997 33
-0.58399999 -1.354 0.56699997 35
-0.616 -1.295 0.55000001 38
-0.63999999 -1.2359999 0.53200001 11
-0.53399998 -1.462 0.60299999 33
-0.56699997 -1.4 0.58099997 32
-0.60000002 -1.3380001 0.56099999 9
-0.62099999 -1.27 0.53799999 47
-0.50999999 -1.498 0.61299998 8
-0.54699999 -1.442 0.59200001 31
-0.579 -1.374 0.56800002 37
-0.60299999 -1.308 0.546 10
-0.87800002 -2.783 1.132 39
-0.52399999 -1.483 0.60299999 42
-0.56 -1.4170001 0.57999998 38
-0.58600003 -1.351 0.55500001 43
-0.80500001 -2.7639999 1.118 0
-0.5 -1.522 0.61400002 7
-0.537 -1.457 0.58899999 33
-0.56699997 -1.395 0.565 41
-0.72399998 -2.7079999 1.09 8
-0.83999997 -2.7650001 1.108 2
-0.51700002 -1.505 0.602 21
-0.54500002 -1.432 0.57300001 38
-0.65100002 -2.674 1.071 37
-0.75999999 -2.7190001 1.081 25
-0.493 -1.55 0.61400002 0
-0.523 -1.476 0.583 32
-0.583 -2.6459999 1.056 53
-0.68599999 -2.687 1.061 50
-0.80400002 -2.7390001 1.074 51
-0.50400001 -1.534 0.59899998 23
-0.51499999 -2.6110001 1.038 52
-0.61500001 -2.6589999 1.043 57
-0.72799999 -2.7090001 1.053 50
-0.47799999 -1.575 0.60699999 39
-0.45100001 -2.589 1.026 59
-0.546 -2.628 1.025 56
-0.65499997 -2.6760001 1.031 55
-0.449 -1.612 0.61500001 9
-0.38699999 -2.5610001 1.012 54
-0.477 -2.586 1.003 27
-0.58399999 -2.6459999 1.011 26
-0.68400002 -2.694 1.017 59
-0.32499999 -2.527 0.99599999 63
-0.41600001 -2.5769999 0.995 63
-0.30599999 -1.554 0.58899999 0
-0.36300001 -1.585 0.59200001 0
-0.266 -2.5050001 0.986 61
-0.352 -2.5369999 0.97600001 71
-0.447 -2.579 0.972 51
-0.542 -2.6389999 0.97600001 3
-0.208 -2.4719999 0.972 59
-0.29100001 -2.5090001 0.96100003 65
-0.382 -2.549 0.954 71
-0.47 -2.5899999 0.94999999 57
-0.15099999 -2.447 0.96100003 71
-0.23199999 -2.484 0.949 70
-0.31900001 -2.52 0.93699998 67
-0.40200001 -2.5539999 0.92900002 79
-0.096000001 -2.418 0.949 63
-0.17299999 -2.4530001 0.93400002 65
-0.25799999 -2.4949999 0.92299998 63
-0.33899999 -2.53 0.91299999 73
-0.041999999 -2.3940001 0.94 65
-0.116 -2.4289999 0.92199999 68
-0.199 -2.4679999 0.90799999 72
-0.27599999 -2.503 0.89600003 76
0.0089999996 -2.3729999 0.93199998 62
-0.061999999 -2.4070001 0.912 66
-0.141 -2.4419999 0.89499998 68
-0.215 -2.4790001 0.88099998 74
0.061000001 -2.352 0.92500001 65
-0.0080000004 -2.3900001 0.90499997 65
-0.083999999 -2.4219999 0.884 66
-0.155 -2.4530001 0.86699998 75
0.11 -2.322 0.91399997 76
0.044 -2.3529999 0.88999999 64
-0.028000001 -2.401 0.87300003 67
-0.097000003 -2.4260001 0.852 72
0.161 -2.3039999 0.90899998 70
0.096000001 -2.3440001 0.88599998 76
0.025 -2.3699999 0.86000001 66
-0.039999999 -2.3989999 0.838 68
0.20900001 -2.283 0.90200001 74
0.147 -2.316 0.875 69
0.079000004 -2.3410001 0.847 67
0.015 -2.3759999 0.82599998 83
0.257 -2.2609999 0.89600003 69
0.197 -2.2950001 0.86799997 70
0.131 -2.319 0.83700001 70
0.07 -2.349 0.81400001 76
0.30399999 -2.2360001 0.889 71
0.24600001 -2.266 0.85799998 79
0.182 -2.2939999 0.82700002 73
0.124 -2.322 0.801 75
0.352 -2.22 0.88499999 84
0.294 -2.2409999 0.84899998 74
0.233 -2.2720001 0.81800002 78
0.177 -2.303 0.79299998 79
0.39899999 -2.2049999 0.88300002 43
0.34200001 -2.2190001 0.84299999 77
0.28400001 -2.253 0.81099999 79
0.229 -2.2780001 0.78200001 80
0 0 0 0
0.38999999 -2.1989999 0.83700001 60
0.33199999 -2.227 0.80199999 77
0.28099999 -2.2579999 0.77399999 75
0.17299999 -0.76800001 0.31 0
0 0 0 0
0.382 -2.2079999 0.796 75
0.331 -2.2360001 0.76499999 82
0.18799999 -0.75700003 0.30700001 0
0.169 -0.75599998 0.28999999 0
0 0 0 0
0.38100001 -2.2060001 0.75400001 81
0.20100001 -0.74000001 0.30199999 0
0.186 -0.75400001 0.28999999 0
0.168 -0.76200002 0.27500001 0
0 0 0 0
0 0 0 0
0.204 -0.75400001 0.29100001 0
0.184 -0.75300002 0.27200001 0
0.171 -0.77499998 0.26499999 0
0.66399997 -2.0769999 0.85900003 1
0.21699999 -0.736 0.285 0
0.20100001 -0.74699998 0.271 0
0.191 -0.77499998 0.26499999 0
0.70099998 -2.0409999 0.85000002 60
0.662 -2.0699999 0.80699998 2
0.222 -0.75599998 0.27500001 0
0.207 -0.76200002 0.26100001 0
0.74400002 -2.0220001 0.84899998 66
0.704 -2.0420001 0.801 61
0.66600001 -2.0829999 0.76300001 4
0 0 0 0
0.78799999 -2.007 0.84899998 38
0.74800003 -2.0239999 0.79900002 64
0.70599997 -2.0450001 0.75199997 69
0.67199999 -2.076 0.71499997 8
0.829 -1.983 0.84600002 64
0.79299998 -2.0039999 0.79699999 57
0.75300002 -2.029 0.75 69
0.71399999 -2.04 0.70499998 72
0.87099999 -1.964 0.84600002 63
0.83600003 -1.984 0.79500002 42
0.796 -2.0020001 0.74400002 67
0.759 -2.0139999 0.699 78
0.91100001 -1.939 0.84299999 65
0.87900001 -1.961 0.792 64
0.84299999 -1.983 0.74199998 68
0.80599999 -1.995 0.69599998 73
0.954 -1.923 0.84399998 59
0.92299998 -1.941 0.79100001 68
0.88499999 -1.956 0.73699999 46
0.85299999 -1.974 0.69199997 74
0.99599999 -1.902 0.84399998 60
0.96700001 -1.9220001 0.79000002 66
0.93099999 -1.937 0.73500001 35
0.89899999 -1.952 0.68900001 73
1.04 -1.886 0.84600002 65
1.0089999 -1.899 0.78799999 65
0 0 0 0
0.94300002 -1.925 0.68400002 71
1.0779999 -1.859 0.84299999 104
1.057 -1.885 0.79100001 64
1.026 -1.905 0.736 18
0.99199998 -1.908 0.68300003 85
0.62400001 -1.024 0.47 3
0 0 0 0
1.045 -1.836 0.71700001 12
1.04 -1.8890001 0.68300003 79
0.611 -0.95599997 0.44400001 0
0.53899997 -0.86799997 0.37200001 0
0.64300001 -1.072 0.42199999 2
0.713 -1.225 0.447 2
0.63800001 -0.95300001 0.449 0
0.62900001 -0.96499997 0.419 1
0.61900002 -0.97899997 0.38999999 1
0 0 0 0
0 0 0 0
0.653 -0.95300001 0.419 0
0.64099997 -0.96399999 0.389 1
0.62599999 -0.96600002 0.36000001 1
0.68900001 -0.94 0.45500001 0
0.67900002 -0.94700003 0.42199999 1
0.66600001 -0.95300001 0.389 1
0.64899999 -0.94999999 0.35800001 1
0.71200001 -0.92799997 0.456 1
0.70200002 -0.93300003 0.42199999 0
0.69199997 -0.94300002 0.391 1
0.68199998 -0.949 0.36199999 1
0.64499998 -0.80400002 0.40200001 0
0.72600001 -0.921 0.42300001 0
0.71700001 -0.93099999 0.391 1
0.708 -0.93599999 0.36199999 1
0.755 -0.90100002 0.45699999 0
0.67799997 -0.82200003 0.384 1
0.611 -0.75599998 0.32300001 1
0.64300001 -0.81 0.31799999 1
0.78399998 -0.89600003 0.463 0
0.77899998 -0.903 0.42899999 0
0.77200001 -0.91100001 0.39500001 1
0.736 -0.88200003 0.352 0
0.81099999 -0.88800001 0.46700001 5
0.801 -0.88700002 0.42899999 1
0.79400003 -0.89399999 0.39399999 1
0.78399998 -0.89499998 0.36300001 1
0.83399999 -0.87400001 0.46799999 0
0.83200002 -0.88099998 0.43399999 0
0.82099998 -0.88200003 0.396 0
0.81800002 -0.88999999 0.36700001 1
0.86500001 -0.86799997 0.47400001 5
0.847 -0.85799998 0.43000001 1
0.84799999 -0.86900002 0.398 1
0.84500003 -0.87599999 0.368 1
0.88099998 -0.847 0.472 0
0.88300002 -0.85500002 0.43799999 0
0.87199998 -0.85299999 0.39899999 1
0.875 -0.86500001 0.37099999 1
0 0 0 0
0 0 0 0
0 0 0 0
0 0 0 0
0.616 -0.54299998 0.31600001 0
0.61900002 -0.54799998 0.29300001 0
0.61299998 -0.546 0.26699999 0
0.616 -0.55199999 0.24699999 0
0 0 0 0
0.64499998 -0.546 0.29899999 0
0.64399999 -0.54699999 0.27399999 0
0 0 0 0
0 0 0 0
0.65700001 -0.53100002 0.29800001 0
0 0 0 0
0 0 0 0
0 0 0 0
0 0 0 0
0 0 0 0
0 0 0 0
1.969 -1.456 0.93599999 12
1.984 -1.461 0.866 10
1.984 -1.46 0.79100001 10
1.988 -1.4630001 0.72799999 12
2.0150001 -1.425 0.94099998 19
2.029 -1.425 0.86900002 18
2.039 -1.429 0.79699999 19
2.0450001 -1.4299999 0.73400003 21
0 0 0 0
2.0940001 -1.402 0.88200003 20
2.0929999 -1.395 0.80299997 19
2.108 -1.4 0.74199998 21
2.1359999 -1.376 0.96499997 4
2.151 -1.3710001 0.88999999 20
2.161 -1.369 0.815 19
2.1819999 -1.374 0.75300002 22
2.194 -1.348 0.97500002 36
2.217 -1.344 0.90200001 20
2.244 -1.349 0.83099997 20
2.25 -1.342 0.76300001 21
2.266 -1.326 0.99299997 23
2.29 -1.319 0.917 21
2.306 -1.313 0.83999997 20
2.3169999 -1.307 0.77200001 21
2.3110001 -1.2869999 0.99699998 44
2.352 -1.285 0.92799997 21
2.369 -1.277 0.85000002 21
2.391 -1.273 0.78399998 20
2.381 -1.258 1.013 18
2.424 -1.255 0.94199997 22
2.4530001 -1.25 0.86699998 21
2.4649999 -1.237 0.796 21
2.45 -1.229 1.028 18
2.4949999 -1.222 0.95700002 22
2.5220001 -1.211 0.87800002 22
2.54 -1.199 0.80800003 21
2.526 -1.199 1.046 19
2.5650001 -1.186 0.97100002 23
2.5940001 -1.1720001 0.89099997 22
2.6300001 -1.164 0.82499999 23
2.5999999 -1.1670001 1.063 19
2.6370001 -1.147 0.98500001 23
2.681 -1.137 0.91000003 23
2.7090001 -1.1210001 0.83899999 21
2.6730001 -1.13 1.08 20
2.7190001 -1.1109999 1.003 24
2.7690001 -1.097 0.92699999 23
2.8010001 -1.081 0.85699999 21
2.763 -1.099 1.103 21
2.8050001 -1.073 1.023 24
2.849 -1.053 0.94300002 24
2.898 -1.038 0.87599999 22
2.8429999 -1.061 1.122 21
2.882 -1.029 1.04 23
2.9460001 -1.011 0.96499997 25
2.994 -0.99199998 0.89499998 22
2.918 -1.018 1.14 22
2.987 -0.99199998 1.066 24
3.0439999 -0.96600002 0.98699999 22
3.0929999 -0.94300002 0.91600001 22
3.0179999 -0.98000002 1.1670001 23
3.0799999 -0.94599998 1.0880001 23
3.141 -0.917 1.0089999 21
3.2030001 -0.89200002 0.93900001 19
3.1059999 -0.935 1.189 20
3.1760001 -0.898 1.112 22
3.263 -0.87 1.038 19
3.3099999 -0.83600003 0.96200001 20
3.2019999 -0.889 1.214 22
3.273 -0.84600002 1.136 20
3.362 -0.81199998 1.0599999 17
3.4330001 -0.77899998 0.98900002 18
3.3 -0.83999997 1.24 21
3.382 -0.79299998 1.163 20
3.4820001 -0.75599998 1.09 17
3.5869999 -0.72299999 1.026 17
3.408 -0.78799999 1.2690001 18
3.503 -0.73900002 1.1950001 19
3.628 -0.69800001 1.127 16
3.744 -0.66100001 1.064 15
3.539 -0.73799998 1.308 17
3.652 -0.685 1.237 16
3.7780001 -0.63599998 1.166 15
3.892 -0.59100002 1.1 15
3.6760001 -0.68400002 1.348 15
3.7969999 -0.62400001 1.277 15
3.9319999 -0.56699997 1.206 17
3.921 -0.49900001 1.102 27
3.813 -0.625 1.388 11
3.931 -0.55400002 1.314 25
3.927 -0.47299999 1.198 30
3.878 -0.398 1.085 30
3.947 -0.55900002 1.427 24
3.918 -0.463 1.302 33
3.8770001 -0.375 1.177 30
3.8280001 -0.29899999 1.067 30
3.924 -0.46900001 1.409 27
3.8770001 -0.36899999 1.281 32
3.8329999 -0.28 1.158 30
3.796 -0.204 1.054 32
3.8789999 -0.37799999 1.3839999 26
3.829 -0.27700001 1.2589999 32
3.7920001 -0.18700001 1.141 32
3.753 -0.111 1.039 31
3.8310001 -0.289 1.359 28
3.803 -0.189 1.245 32
3.753 -0.097999997 1.126 36
3.6919999 -0.02 1.02 32
3.7909999 -0.204 1.3380001 30
3.7539999 -0.102 1.224 35
3.701 -0.0099999998 1.108 35
3.6570001 0.067000002 1.0089999 32
3.7550001 -0.119 1.319 31
3.7079999 -0.017000001 1.205 33
3.6689999 0.075000003 1.096 35
3.625 0.154 1 34
3.724 -0.037 1.302 31
3.675 0.066 1.191 34
3.631 0.16 1.0829999 36
3.5840001 0.23899999 0.98799998 35
3.6830001 0.043000001 1.283 31
3.631 0.148 1.173 34
3.592 0.243 1.0700001 35
3.5469999 0.324 0.97799999 34
3.638 0.123 1.262 32
3.5899999 0.228 1.158 34
3.5550001 0.324 1.059 34
3.507 0.405 0.96899998 33
3.5969999 0.20100001 1.244 31
3.562 0.30700001 1.147 36
3.517 0.405 1.048 34
3.4649999 0.48500001 0.95899999 33
3.5599999 0.27700001 1.228 31
3.5179999 0.38299999 1.132 35
3.471 0.48100001 1.035 34
3.431 0.56400001 0.95300001 32
3.529 0.352 1.215 31
3.4779999 0.46000001 1.118 36
3.4389999 0.55900002 1.027 34
3.391 0.64200002 0.94499999 34
3.487 0.42500001 1.198 30
3.451 0.53600001 1.11 36
3.401 0.63499999 1.018 33
3.348 0.71799999 0.93699998 33
3.4660001 0.5 1.189 34
3.414 0.61000001 1.099 35
3.3570001 0.70899999 1.007 34
3.319 0.79500002 0.93300003 34
3.4330001 0.57300001 1.176 33
3.3699999 0.68199998 1.085 35
3.326 0.78500003 1.001 33
3.2820001 0.87099999 0.92699999 35
3.395 0.64499998 1.1619999 33
3.3429999 0.75599998 1.079 34
3.2869999 0.85699999 0.99299997 33
3.2550001 0.94800001 0.92500001 35
3.3670001 0.71600002 1.153 34
3.3110001 0.829 1.0700001 34
3.257 0.93099999 0.98900002 34
3.2190001 1.022 0.921 36
3.322 0.78399998 1.138 35
3.276 0.89899999 1.062 34
3.227 1.005 0.98500001 33
3.1730001 1.092 0.91500002 34
3.29 0.85399997 1.127 35
3.244 0.97000003 1.0549999 34
3.184 1.074 0.977 33
3.1429999 1.1670001 0.91399997 35
3.26 0.92400002 1.119 36
3.2130001 1.041 1.049 34
3.1470001 1.1440001 0.972 33
3.1170001 1.243 0.91399997 35
3.23 0.99299997 1.1109999 37
3.1700001 1.108 1.039 34
3.1199999 1.2180001 0.97100002 33
3.085 1.316 0.91399997 36
3.1949999 1.0599999 1.101 36
3.142 1.179 1.035 34
3.0880001 1.289 0.96799999 33
3.053 1.39 0.91299999 35
3.174 1.132 1.097 37
3.1070001 1.248 1.03 34
3.0550001 1.3609999 0.96600002 33
3.016 1.461 0.91299999 36
3.138 1.199 1.0880001 37
3.079 1.319 1.026 34
3.026 1.433 0.96499997 34
2.98 1.533 0.912 36
3.105 1.267 1.081 36
3.0450001 1.388 1.022 34
2.9879999 1.502 0.96200001 33
2.9489999 1.607 0.91399997 35
3.076 1.336 1.075 38
3.0120001 1.457 1.018 34
2.9519999 1.572 0.96100003 34
2.9200001 1.683 0.91799998 37
3.0409999 1.403 1.068 37
2.977 1.525 1.0140001 34
2.925 1.646 0.963 34
2.868 1.7460001 0.91399997 50
3.0120001 1.472 1.064 37
2.948 1.596 1.0140001 34
2.891 1.716 0.963 35
2.8499999 1.8279999 0.92199999 8
2.9790001 1.538 1.059 37
2.915 1.665 1.012 34
2.8629999 1.791 0.96700001 12
2.822 1.906 0.92799997 8
2.9449999 1.6059999 1.054 37
2.8740001 1.73 1.008 43
2.8329999 1.8660001 0.96899998 7
2.7880001 1.983 0.93300003 8
2.9170001 1.677 1.051 38
2.869 1.819 1.017 7
2.803 1.943 0.97299999 7
2.744 2.0510001 0.93400002 8
2.8759999 1.742 1.045 39
2.829 1.886 1.0140001 7
2.77 2.0179999 0.97600001 7
2.717 2.1329999 0.94199997 8
2.8559999 1.819 1.0470001 7
2.8039999 1.9630001 1.018 7
2.7379999 2.0940001 0.98000002 7
2.6830001 2.211 0.949 8
2.823 1.888 1.044 7
2.7639999 2.0320001 1.016 7
2.7030001 2.168 0.98400003 7
2.631 2.2739999 0.94999999 8
2.796 1.961 1.045 7
2.73 2.1029999 1.018 7
2.6670001 2.243 0.98900002 7
2.602 2.358 0.95999998 8
2.7690001 2.0380001 1.046 7
2.6960001 2.178 1.021 7
2.6270001 2.316 0.99299997 7
2.5650001 2.437 0.96799999 7
2.727 2.1040001 1.0420001 7
2.655 2.25 1.02 7
2.5910001 2.395 0.99900001 7
2.5220001 2.5150001 0.97500002 8
2.6849999 2.1719999 1.039 8
2.615 2.3210001 1.022 8
2.55 2.47 1.0039999 7
2.494 2.6059999 0.98799998 7
2.6489999 2.2449999 1.039 7
2.579 2.3970001 1.026 7
2.5120001 2.55 1.011 7
2.4649999 2.701 1.003 7
2.619 2.3239999 1.0420001 7
2.546 2.4790001 1.0319999 7
2.4760001 2.6340001 1.02 7
2.4189999 2.78 1.011 7
2.582 2.398 1.043 7
2.5039999 2.552 1.035 8
2.4360001 2.7130001 1.028 7
2.3800001 2.8670001 1.024 7
2.5469999 2.4749999 1.046 7
2.4719999 2.638 1.043 8
2.3940001 2.796 1.0369999 7
0.85399997 1.079 0.37799999 22
2.5120001 2.5569999 1.049 7
2.4400001 2.727 1.053 7
2.3640001 2.8929999 1.051 7
0.75999999 1.0089999 0.34799999 9
2.477 2.6400001 1.053 6
2.398 2.809 1.058 7
0.84799999 1.089 0.38699999 35
0.70499998 0.98299998 0.333 9
2.434 2.7179999 1.056 7
2.362 2.9000001 1.068 7
0.736 0.99199998 0.34599999 9
0.66799998 0.98000002 0.32699999 8
2.401 2.8069999 1.063 6
0.84600002 1.09 0.39199999 39
0.69800001 0.98900002 0.33899999 9
0.63200003 0.97500002 0.32100001 8
2.3629999 2.895 1.069 6
0.73000002 0.986 0.34799999 8
0.65700001 0.97799999 0.33000001 8
0.59299999 0.963 0.31299999 8
0.847 1.087 0.39199999 38
0.69 0.97799999 0.338 9
0.62300003 0.97500002 0.324 8
0.565 0.96700001 0.31 8
0.74000001 0.99599999 0.35100001 8
0.65700001 0.97799999 0.33199999 7
0.588 0.96799999 0.317 8
0.53299999 0.963 0.30500001 8
0.69800001 0.98699999 0.34 8
0.62099999 0.972 0.324 7
0.55500001 0.96499997 0.31099999 8
0.50199997 0.95999998 0.301 8
0.65799999 0.977 0.33000001 8
0.58399999 0.96499997 0.31600001 7
0.52499998 0.96499997 0.30599999 8
0.47299999 0.958 0.29699999 8
0.62 0.97000003 0.31999999 8
0.55299997 0.963 0.31 7
0.493 0.95899999 0.301 8
0.44400001 0.95499998 0.29300001 8
0.58700001 0.96600002 0.31200001 8
0.52200001 0.95899999 0.30399999 7
0.46399999 0.954 0.296 7
0.428 0.97899997 0.29800001 2
0.55299997 0.96100003 0.30500001 8
0.493 0.95899999 0.29899999 7
0.435 0.95200002 0.29100001 7
0.271 0.66100001 0.199 0
0.52499998 0.963 0.30000001 8
0.463 0.954 0.29300001 7
0.42199999 0.98199999 0.29699999 0
0.244 0.63800001 0.191 12
0.49399999 0.95700002 0.29300001 8
0.43799999 0.958 0.28999999 7
0.25600001 0.63700002 0.191 2
0.226 0.63300002 0.18799999 12
0.46399999 0.95499998 0.287 8
0.42199999 0.98400003 0.294 0
0.241 0.64200002 0.19 10
0.207 0.625 0.184 11
0.43700001 0.954 0.28200001 8
0.255 0.63599998 0.18700001 3
0.221 0.63200003 0.186 10
0 0 0 0
0.414 0.96200001 0.28 0
0.241 0.64200002 0.18700001 11
0 0 0 0
0.171 0.611 0.178 11
0.25600001 0.63800001 0.183 3
0.222 0.63800001 0.184 10
0.186 0.62400001 0.18000001 9
0.156 0.60799998 0.177 10
0.243 0.648 0.183 12
0.204 0.63200003 0.18000001 10
0 0 0 0
0.14 0.60600001 0.175 10
0.222 0.63700002 0.177 12
0.185 0.62 0.175 9
0.153 0.61400002 0.175 8
0 0 0 0
0.20200001 0.62599999 0.17200001 12
0 0 0 0
0 0 0 0
0.107 0.58600003 0.169 9
0.185 0.62400001 0.169 11
0.15000001 0.60699999 0.168 8
0.122 0.611 0.17200001 8
0 0 0 0
0.167 0.616 0.16500001 10
0.13500001 0.60600001 0.16599999 8
0 0 0 0
0.079000004 0.579 0.16599999 9
0 0 0 0
0.12 0.60600001 0.16500001 9
0.090999998 0.59899998 0.167 7
0 0 0 0
0.13500001 0.60900003 0.15899999 9
0 0 0 0
0 0 0 0
0.050999999 0.56599998 0.162 8
0 0 0 0
0.090000004 0.597 0.16 8
0.063000001 0.59399998 0.16500001 7
0 0 0 0
0.103 0.59600002 0.153 8
0 0 0 0
0 0 0 0
0.025 0.55900002 0.16 8
0 0 0 0
0.059999999 0.58099997 0.154 6
0.034000002 0.574 0.15899999 5
0 0 0 0
0.072999999 0.58999997 0.149 5
0 0 0 0
0 0 0 0
0 0.54799998 0.15700001 8
0 0 0 0
0.032000002 0.57300001 0.15099999 4
0.0080000004 0.56999999 0.15700001 4
0 0 0 0
0.044 0.58499998 0.145 3
0 0 0 0
0 0 0 0
-0.024 0.542 0.156 7
0.030999999 0.59600002 0.147 3
0.0049999999 0.57599998 0.15099999 2
-0.017000001 0.551 0.152 3
0 0 0 0
0.017000001 0.58899999 0.14399999 3
0 0 0 0
0 0 0 0
-0.048 0.53100002 0.154 7
0.003 0.60100001 0.147 3
-0.02 0.57300001 0.149 2
-0.041999999 0.542 0.15000001 3
0 0 0 0
-0.011 0.602 0.146 4
0 0 0 0
0 0 0 0
-0.071999997 0.52700001 0.154 7
-0.025 0.59799999 0.14399999 5
-0.048 0.57999998 0.15099999 2
-0.067000002 0.54400003 0.15099999 2
0 0 0 0
-0.039000001 0.59600002 0.14399999 4
0 0 0 0
0 0 0 0
-0.093999997 0.514 0.152 7
0 0 0 0
-0.075000003 0.574 0.149 5
-0.092 0.542 0.15099999 2
0 0 0 0
0 0 0 0
0 0 0 0
0 0 0 0
-0.30500001 1.33 0.39700001 0
0 0 0 0
0 0 0 0
-0.123 0.56699997 0.15899999 0
-0.33399999 1.318 0.396 6
0 0 0 0
0 0 0 0
-0.15099999 0.62400001 0.176 0
-0.361 1.303 0.39500001 0
0 0 0 0
-0.133 0.58600003 0.153 2
0 0 0 0
-1.267 4.197 1.2819999 1
0 0 0 0
0 0 0 0
0 0 0 0
0 0 0 0
0 0 0 0
-0.426 1.54 0.40599999 1
0 0 0 0
-0.30199999 0.861 0.26699999 0
-0.184 0.69700003 0.167 1
-1.263 4.1799998 1.109 1
-0.233 0.685 0.199 4
0 0 0 0
-0.206 0.71200001 0.171 1
0 0 0 0
-0.37200001 1.016 0.29699999 0
0 0 0 0
-0.222 0.70200002 0.169 4
-0.317 0.89499998 0.23999999 0
-0.242 0.61699998 0.182 0
-0.51800001 1.21 0.38699999 21
-0.27399999 0.79900002 0.19400001 0
-0.244 0.64300001 0.17299999 0
-0.56300002 1.3430001 0.40000001 0
-0.55599999 1.224 0.396 1
0 0 0 0
-0.266 0.653 0.177 0
-0.60699999 1.359 0.40799999 15
-0.588 1.221 0.39899999 6
0 0 0 0
-0.64499998 1.482 0.40599999 2
-0.63800001 1.347 0.40900001 11
-0.61299998 1.204 0.39899999 1
-0.68599999 1.612 0.39700001 1
-0.68099999 1.471 0.40599999 9
-0.66500002 1.324 0.40599999 12
-0.648 1.206 0.405 6
-0.73000002 1.6059999 0.39899999 10
-0.71600002 1.455 0.40599999 9
-0.70099998 1.3200001 0.41 7
-0.67500001 1.191 0.405 1
-0.77200001 1.595 0.39899999 9
-0.75199997 1.441 0.40599999 9
-0.73299998 1.308 0.41100001 8
-0.70700002 1.1849999 0.40799999 6
-0.81099999 1.5779999 0.398 9
-0.78600001 1.425 0.40599999 8
-0.764 1.294 0.412 7
-0.72399998 1.156 0.40400001 1
-0.85000002 1.5599999 0.39700001 9
-0.81900001 1.406 0.405 8
-0.79100001 1.272 0.41 7
-0.75400001 1.146 0.40700001 6
-0.89300001 1.548 0.398 9
-0.852 1.387 0.40400001 8
-0.82200003 1.257 0.41100001 7
-0.77499998 1.123 0.405 1
-0.92900002 1.524 0.39700001 8
-0.88800001 1.372 0.405 8
-0.85299999 1.242 0.412 7
-0.80500001 1.114 0.40799999 6
-0.97000003 1.508 0.39700001 9
-0.92000002 1.352 0.405 8
-0.88499999 1.228 0.414 6
-0.82599998 1.092 0.40700001 1
-1.008 1.487 0.39700001 9
-0.954 1.3329999 0.405 8
-0.91500002 1.212 0.41499999 4
-0.85299999 1.077 0.40799999 14
-1.0549999 1.477 0.40000001 8
-0.986 1.312 0.405 8
-0.93699998 1.184 0.41299999 2
-0.87099999 1.051 0.40599999 4
-1.091 1.452 0.39899999 7
-1.0190001 1.2920001 0.40599999 8
-0.96700001 1.1670001 0.414 1
-0.90399998 1.044 0.41100001 21
-1.122 1.4220001 0.39700001 9
-1.05 1.2690001 0.405 8
-0.98000002 1.1289999 0.40900001 1
-0.93099999 1.028 0.41299999 5
-1.1619999 1.4 0.398 8
-1.08 1.244 0.405 8
-0.98000002 1.0779999 0.398 1
-0.95599997 1.011 0.414 20
0 0 0 0
-1.11 1.221 0.405 8
-0.98900002 1.041 0.39199999 2
-0.97799999 0.98900002 0.414 4
-0.55400002 0.60500002 0.178 0
-1.147 1.2029999 0.40700001 11
-1.043 1.049 0.40400001 1
-1 0.96899998 0.41499999 13
-0.56900001 0.59200001 0.178 0
-1.165 1.166 0.403 2
-1.071 1.03 0.405 2
-1.023 0.949 0.41600001 3
-0.597 0.59200001 0.182 0
-6.335 6.0500002 2.142 8
-1.057 0.97100002 0.391 23
-1.0369999 0.92000002 0.41299999 13
0 0 0 0
-1.058 0.96399999 0.34900001 0
0 0 0 0
-1.064 0.903 0.41600001 0
0 0 0 0
-6.605 5.7410002 2.1340001 48
-1.016 0.852 0.361 9
-1.031 0.83700001 0.39500001 33
0 0 0 0
-1.02 0.84600002 0.32300001 39
-1.024 0.81999999 0.35699999 11
-1.033 0.80199999 0.389 10
-1.029 0.83899999 0.285 7
-1.021 0.80699998 0.31600001 8
-1.026 0.78399998 0.35100001 8
-1.031 0.76499999 0.382 9
-1.022 0.79299998 0.27700001 8
-1.016 0.76499999 0.30899999 7
-1.028 0.75 0.34599999 7
-1.029 0.72899997 0.37599999 7
0 0 0 0
-1.01 0.72399998 0.30199999 6
-1.0140001 0.70499998 0.33500001 6
-1.021 0.69099998 0.36700001 6
-0.97100002 0.68099999 0.25299999 0
-0.99199998 0.676 0.29100001 3
-1 0.66299999 0.32600001 5
-1 0.64499998 0.354 5
0 0 0 0
0 0 0 0
-0.97600001 0.616 0.31299999 4
-0.96399999 0.59200001 0.336 3
-0.94499999 0.59600002 0.23800001 5
-0.91900003 0.56599998 0.26100001 0
-0.92500001 0.55500001 0.292 3
-0.91799998 0.537 0.31600001 2
-1.766 1.056 0.43799999 10
-0.898 0.52499998 0.25099999 2
-0.884 0.50400001 0.27500001 3
-0.87400001 0.486 0.29699999 2
-1.728 0.977 0.42199999 37
-1.8150001 1.003 0.50099999 4
0 0 0 0
-2.0120001 1.063 0.676 6
0 0 0 0
-1.704 0.89099997 0.46399999 20
-2.1340001 1.091 0.648 10
0 0 0 0
0 0 0 0
0 0 0 0
0 0 0 0
0 0 0 0
0 0 0 0
0 0 0 0
-2.4849999 1.133 0.73799998 5
-2.602 1.165 0.84500003 66
-2.5539999 1.1339999 0.59299999 62
-2.5680001 1.122 0.67400002 68
-2.493 1.0700001 0.73199999 36
-2.566 1.0829999 0.824 82
-2.549 1.059 0.58600003 61
-2.5569999 1.0470001 0.66399997 76
-2.5039999 1.008 0.727 57
-2.5680001 1.0190001 0.81699997 83
-2.5780001 0.99800003 0.58600003 58
-2.5780001 0.986 0.66299999 72
-2.4979999 0.94099998 0.71899998 37
-2.6040001 0.96799999 0.81999999 67
-2.625 0.94400001 0.59100002 56
-2.618 0.93199998 0.667 61
-2.5109999 0.88200003 0.71600002 26
-2.654 0.92199999 0.829 48
-2.7320001 0.90899998 0.61000001 37
-2.9089999 0.95999998 0.73500001 150
-2.506 0.81800002 0.708 10
-2.842 0.91799998 0.88 79
-3.0810001 0.94300002 0.68300003 5
-2.974 0.90399998 0.745 20
-2.4860001 0.75 0.69700003 4
-2.444 0.73199999 0.75 7
-3.257 0.91100001 0.71700001 0
-2.8789999 0.80299997 0.71600002 6
-2.5209999 0.699 0.70099998 6
-2.483 0.685 0.75700003 7
-10.793 2.743 2.362 19
-2.8659999 0.72799999 0.708 6
-2.563 0.64999998 0.708 6
-2.5420001 0.64200002 0.76899999 7
-10.866 2.4849999 2.365 21
-3.0109999 0.69099998 0.73900002 10
-2.6259999 0.60399997 0.72100002 5
-2.569 0.58999997 0.77200001 5
-9.0369997 1.837 1.956 11
-3.0280001 0.62 0.73900002 6
-2.8499999 0.588 0.77700001 31
-2.6240001 0.54299998 0.78299999 5
-9.0889997 1.62 1.959 12
-3.0480001 0.551 0.74000001 6
-2.819 0.51499999 0.764 35
-8.1549997 1.507 2.4200001 36
-9.0810003 1.3940001 1.951 17
-3.0610001 0.47999999 0.74000001 5
-2.8080001 0.449 0.75800002 29
-8.2309999 1.336 2.428 35
-9.165 1.182 1.9630001 1
-7.1360002 0.95099998 1.72 1
-2.8069999 0.384 0.75400001 23
-8.283 1.163 2.4319999 34
-11.211 1.174 2.3959999 24
-7.368 0.80900002 1.77 4
-2.8210001 0.322 0.755 20
-2.727 0.32300001 0.79699999 16
-11.256 0.90700001 2.4030001 26
-7.7049999 0.66399997 1.845 1
-2.819 0.25799999 0.75099999 12
-2.7019999 0.25999999 0.78600001 30
-8.0690002 0.45500001 1.721 5
-10.152 0.639 2.427 31
-2.8540001 0.197 0.75800002 8
-2.6789999 0.2 0.77600002 56
-8.5869999 0.27700001 1.831 1
-10.179 0.40200001 2.4289999 30
-2.8670001 0.133 0.75999999 8
-2.655 0.14 0.76599997 48
-11.331 0.093999997 2.418 19
-10.22 0.167 2.437 32
-2.8659999 0.068999998 0.75700003 5
-2.6500001 0.082000002 0.76200002 28
-11.329 -0.178 2.4200001 23
-9.2810001 -0.061999999 2.2119999 26
-2.848 0.0049999999 0.75099999 3
-2.651 0.024 0.75999999 23
-11.326 -0.44600001 2.424 21
-9.7779999 -0.292 2.3299999 48
-9.1739998 -0.18799999 2.4170001 50
-2.6619999 -0.032000002 0.76200002 21
-2.654 -0.168 0.56900001 0
-10.181 -0.54000002 2.428 67
-9.4099998 -0.403 2.477 34
-2.664 -0.089000002 0.76099998 16
-2.631 -0.23 0.56599998 3
-10.189 -0.77899998 2.4330001 61
-9.4379997 -0.61500001 2.484 38
-2.6659999 -0.148 0.75999999 9
-2.6029999 -0.28999999 0.56199998 3
-10.31 -1.028 2.4660001 36
-9.4639997 -0.83200002 2.49 35
-2.71 -0.20999999 0.77100003 8
-2.582 -0.35100001 0.56 4
-10.301 -1.27 2.4690001 28
-9.4540005 -1.044 2.4890001 31
-2.7019999 -0.26800001 0.76800001 9
-2.5569999 -0.41 0.55699998 2
-10.377 -1.524 2.4949999 15
-2.5309999 -0.33700001 0.667 4
-2.6889999 -0.32600001 0.764 5
-2.5339999 -0.46900001 0.55500001 0
-10.285 -1.753 2.4809999 32
-9.4569998 -1.475 2.4960001 33
-2.5810001 -0.37 0.73299998 2
-11.396 -2.3900001 2.5150001 3
-10.252 -1.992 2.483 32
-9.4460001 -1.692 2.497 28
-8.7980003 -1.456 2.5009999 26
-11.265 -2.6440001 2.5039999 3
-10.24 -2.2379999 2.49 26
-9.4449997 -1.911 2.503 32
-8.7939997 -1.654 2.5009999 32
-11.22 -2.9159999 2.513 4
-10.21 -2.48 2.4960001 30
-6.8299999 -1.541 1.8150001 0
-6.3369999 -1.335 1.804 1
-8.842 -2.5250001 1.9960001 1
-10.197 -2.7290001 2.506 15
-9.4549999 -2.359 2.5209999 3
0 0 0 0
-11.141 -3.4690001 2.5380001 3
-10.12 -2.96 2.503 29
-9.3879995 -2.566 2.5120001 30
0 0 0 0
-11.041 -3.7290001 2.54 3
-2.3840001 -0.75700003 0.59299999 0
-9.3690004 -2.79 2.517 30
-8.7869997 -2.46 2.5150001 30
-10.963 -3.994 2.5469999 5
-2.3540001 -0.80800003 0.58999997 2
-9.3509998 -3.0109999 2.526 26
-8.7720003 -2.6630001 2.5179999 27
-10.847 -4.244 2.5480001 5
-2.3239999 -0.85799998 0.588 3
-9.2849998 -3.223 2.5209999 30
-8.743 -2.8629999 2.5179999 31
-10.691 -4.4770002 2.5409999 4
-2.3010001 -0.91000003 0.58700001 4
-9.2620001 -3.4489999 2.529 31
-8.7489996 -3.0799999 2.5280001 26
-10.609 -4.7389998 2.553 3
-2.2809999 -0.963 0.58700001 4
-7.6929998 -3.062 2.1140001 3
-7.0710001 -2.664 2.0510001 5
-10.486 -4.9860001 2.556 5
-2.2690001 -1.021 0.58999997 6
-7.4710002 -3.171 2.0669999 1
-7.132 -2.868 2.0780001 24
-10.388 -5.243 2.5669999 4
-2.2460001 -1.073 0.58999997 6
-9.1260004 -4.1160002 2.5439999 30
-7.0570002 -3.0179999 2.0669999 41
-10.23 -5.4679999 2.5650001 3
-2.22 -1.124 0.58899999 6
-9.0819998 -4.3460002 2.552 31
-7.0640001 -3.2049999 2.0799999 4
-1.556 -0.87900001 0.396 2
-1.497 -0.80199999 0.40200001 23
-8.9989996 -4.5539999 2.5510001 26
-8.6009998 -4.132 2.5480001 26
-1.527 -0.91100001 0.39500001 9
-1.5 -0.84799999 0.40799999 33
-1.457 -0.77899998 0.417 7
-8.5489998 -4.3390002 2.55 27
-1.516 -0.95300001 0.398 14
-1.48 -0.88300002 0.40799999 61
-1.41 -0.79500002 0.40700001 23
-1.479 -0.792 0.44400001 2
-1.494 -0.98900002 0.39899999 16
-1.508 -0.94700003 0.421 90
-1.404 -0.83399999 0.40900001 31
-1.34 -0.75599998 0.405 39
-1.471 -1.025 0.40099999 25
-1.488 -0.98299998 0.421 95
-1.505 -0.94 0.44400001 91
-1.345 -0.79900002 0.41 29
-1.443 -1.056 0.40000001 25
-1.472 -1.022 0.42300001 90
-1.493 -0.98000002 0.44499999 90
-1.375 -0.85799998 0.42300001 152
-1.419 -1.091 0.40200001 71
-1.427 -1.04 0.417 15
-1.478 -1.018 0.44600001 91
-1.489 -0.97500002 0.46200001 92
0 0 0 0
-1.425 -1.089 0.42300001 20
-1.433 -1.035 0.43799999 25
-1.472 -1.011 0.46200001 88
-0.87800002 -0.74299997 0.259 8
0 0 0 0
-1.429 -1.082 0.44299999 21
-1.449 -1.043 0.45899999 62
-0.87 -0.77100003 0.26300001 8
-0.88800001 -0.745 0.27399999 6
0 0 0 0
-1.427 -1.075 0.45699999 12
-0.85900003 -0.79799998 0.266 8
-0.87800002 -0.77200001 0.27599999 6
-0.89399999 -0.74299997 0.28600001 7
-1.41 -1.112 0.45699999 25
-1.3329999 -1.2970001 0.42199999 20
-0.86400002 -0.796 0.27700001 6
-0.87800002 -0.764 0.285 6
0 0 0 0
-1.317 -1.342 0.428 77
-1.342 -1.294 0.43900001 20
-0.87400001 -0.79500002 0.289 6
-0.87800002 -0.75800002 0.292 7
-1.298 -1.386 0.433 80
-1.322 -1.334 0.442 84
-1.346 -1.281 0.45300001 22
-0.87099999 -0.787 0.294 7
-1.279 -1.4299999 0.43900001 85
-1.304 -1.377 0.447 83
-1.334 -1.3279999 0.45699999 20
-0.86299998 -0.815 0.296 8
-1.255 -1.471 0.44299999 81
-1.2819999 -1.418 0.44999999 87
-1.3099999 -1.365 0.458 81
-1.329 -1.312 0.463 24
-1.235 -1.518 0.44999999 75
-1.261 -1.461 0.454 86
-1.288 -1.404 0.46000001 87
-1.309 -1.352 0.46399999 24
-1.205 -1.553 0.45300001 81
-1.2410001 -1.506 0.45899999 82
-1.266 -1.444 0.46200001 90
-1.291 -1.393 0.46599999 24
-1.1900001 -1.608 0.46200001 81
-1.217 -1.5470001 0.463 82
-1.238 -1.478 0.46200001 150
-1.274 -1.439 0.46799999 24
-1.17 -1.66 0.47 68
-1.186 -1.581 0.46399999 150
-1.233 -1.541 0.472 24
-1.2589999 -1.4859999 0.472 23
-0.74599999 -1.112 0.31 1
-0.75800002 -1.0599999 0.30599999 4
-0.787 -1.031 0.30899999 4
-0.80699998 -0.99699998 0.30899999 5
0 0 0 0
0 0 0 0
-1.189 -1.632 0.479 19
-1.217 -1.574 0.477 24
-0.70099998 -1.1569999 0.315 11
-0.727 -1.122 0.31299999 10
0 0 0 0
-1.193 -1.618 0.479 23
-0.68800002 -1.196 0.322 12
-0.70700002 -1.147 0.31600001 11
-0.73500001 -1.1109999 0.31400001 10
0 0 0 0
-0.66900003 -1.227 0.32699999 13
-0.69300002 -1.184 0.32100001 11
-0.71700001 -1.14 0.31600001 11
0 0 0 0
-0.653 -1.267 0.33399999 13
-0.67299998 -1.212 0.324 11
-0.70099998 -1.1720001 0.31900001 11
-0.72299999 -1.1339999 0.31400001 10
-0.63599998 -1.306 0.34099999 13
-0.65899998 -1.253 0.331 12
-0.68699998 -1.21 0.324 12
-0.70300001 -1.158 0.315 11
-0.61699998 -1.344 0.34799999 14
-0.64200002 -1.291 0.33700001 12
-0.667 -1.24 0.32699999 12
-0.68400002 -1.187 0.31600001 12
-0.60100001 -1.393 0.35800001 57
-0.625 -1.332 0.34299999 58
-0.65200001 -1.28 0.33199999 13
-0.67199999 -1.229 0.32100001 12
-0.57800001 -1.427 0.36399999 64
-0.60500002 -1.37 0.34900001 14
-0.634 -1.318 0.33700001 12
-0.65600002 -1.267 0.32499999 13
-0.55900002 -1.476 0.37400001 37
-0.588 -1.419 0.35800001 63
-0.61799997 -1.363 0.34400001 14
-0.639 -1.306 0.329 13
-0.53799999 -1.524 0.38299999 16
-0.56699997 -1.459 0.36399999 60
-0.597 -1.4 0.34799999 14
-0.62 -1.342 0.333 13
-0.51099998 -1.561 0.38999999 23
-0.54500002 -1.503 0.37200001 33
-0.57800001 -1.446 0.35499999 65
-0.60000002 -1.382 0.33700001 63
-0.50300002 -1.661 0.41299999 90
-0.51999998 -1.544 0.37900001 22
-0.55599999 -1.489 0.361 62
-0.58099997 -1.425 0.34200001 64
-0.498 -1.791 0.44299999 20
-0.498 -1.599 0.389 27
-0.53299999 -1.531 0.36700001 36
-0.56199998 -1.474 0.34799999 64
-0.45899999 -1.807 0.44600001 30
-0.52499998 -1.83 0.44100001 22
-0.509 -1.577 0.373 23
-0.53899997 -1.516 0.352 60
-0.41299999 -1.798 0.442 0
-0.47600001 -1.813 0.43399999 9
-0.49700001 -1.67 0.391 13
-0.51300001 -1.5549999 0.35600001 24
-0.53600001 -2.596 0.63599998 88
-0.63999999 -2.6789999 0.63800001 68
-0.745 -2.727 0.63200003 74
-0.48800001 -1.601 0.361 12
-0.47099999 -2.5710001 0.62800002 84
-0.56199998 -2.619 0.61900002 110
-0.671 -2.694 0.61799997 71
-0.76700002 -2.7390001 0.61000001 71
-0.41100001 -2.573 0.62699997 81
-0.49200001 -2.573 0.60500002 90
-0.597 -2.6559999 0.60299999 80
-0.69099998 -2.7030001 0.59399998 71
-0.34799999 -2.5409999 0.61799997 77
-0.433 -2.5840001 0.60399997 92
-0.51800001 -2.5780001 0.57999998 89
-0.61799997 -2.6719999 0.57999998 70
-0.287 -2.5190001 0.61199999 85
-0.36899999 -2.5510001 0.59399998 81
-0.458 -2.5840001 0.57700002 90
-0.537 -2.592 0.55599999 88
-0.227 -2.494 0.60500002 80
-0.30700001 -2.523 0.58499998 87
-0.39300001 -2.5580001 0.56599998 81
-0.477 -2.599 0.551 73
-0.169 -2.4660001 0.59799999 75
-0.24699999 -2.5039999 0.57800001 75
-0.331 -2.5339999 0.55699998 79
-0.41299999 -2.586 0.542 82
-0.113 -2.4389999 0.59100002 81
-0.18799999 -2.473 0.56900001 77
-0.27000001 -2.5120001 0.54799998 76
-0.34599999 -2.543 0.528 82
-0.057999998 -2.411 0.58499998 81
-0.13 -2.4460001 0.56099999 81
-0.211 -2.494 0.54100001 80
-0.28400001 -2.5179999 0.51700002 82
-0.003 -2.3900001 0.57999998 78
-0.074000001 -2.424 0.55400002 79
-0.15099999 -2.4579999 0.52999997 78
-0.223 -2.494 0.50700003 82
0.048 -2.3670001 0.57499999 77
-0.018999999 -2.402 0.54799998 77
-0.093000002 -2.4289999 0.51999998 79
-0.163 -2.4660001 0.49700001 85
0.1 -2.3399999 0.56900001 76
0.034000002 -2.3800001 0.54299998 87
-0.037 -2.4130001 0.514 74
-0.105 -2.4389999 0.48699999 81
0.15099999 -2.3169999 0.565 76
0.086999997 -2.3510001 0.53500003 84
0.017000001 -2.381 0.505 81
-0.048 -2.414 0.479 81
0.20100001 -2.2950001 0.56099999 80
0.139 -2.3239999 0.52899998 79
0.07 -2.359 0.49900001 81
0.0070000002 -2.3889999 0.47 90
0.25 -2.2750001 0.55800003 75
0.189 -2.302 0.52399999 89
0.123 -2.3269999 0.49000001 81
0.061999999 -2.355 0.46000001 91
0.29699999 -2.237 0.55000001 59
0.23899999 -2.28 0.51899999 88
0.175 -2.309 0.48500001 86
0.116 -2.336 0.45300001 87
0.345 -2.223 0.54900002 64
0.28799999 -2.2479999 0.51200002 85
0.226 -2.2820001 0.47799999 80
0.169 -2.3139999 0.44600001 80
0.39199999 -2.1989999 0.54500002 29
0.336 -2.224 0.50700003 63
0.27500001 -2.2490001 0.47 70
0.221 -2.2920001 0.44 94
0 0 0 0
0.384 -2.2049999 0.50400001 43
0.32499999 -2.2309999 0.465 70
0.26899999 -2.24 0.428 150
0.169 -0.75400001 0.189 0
0 0 0 0
0.37400001 -2.2079999 0.46000001 61
0.26499999 -1.842 0.34999999 167
0.182 -0.73699999 0.185 0
0.168 -0.76099998 0.17399999 0
0 0 0 0
0.29800001 -1.775 0.336 164
0.199 -0.736 0.186 1
0.184 -0.75400001 0.17299999 0
0.163 -0.75099999 0.156 0
0 0 0 0
0 0 0 0
0.2 -0.74400002 0.17200001 0
0.18099999 -0.75 0.156 0
0.163 -0.75599998 0.142 0
0.66399997 -2.082 0.53399998 7
0.219 -0.74900001 0.17399999 0
0.197 -0.74199998 0.155 0
0.18000001 -0.74699998 0.14 0
0.70499998 -2.052 0.52999997 79
0.66000003 -2.075 0.484 10
0.21699999 -0.74699998 0.156 0
0.198 -0.74299997 0.139 1
0.63499999 -1.723 0.44800001 155
0.60500002 -1.7640001 0.414 158
0.65799999 -2.082 0.43599999 9
0.21799999 -0.75 0.14 0
0.75599998 -1.919 0.50400001 150
0.61699998 -1.675 0.39500001 80
0.62300003 -1.825 0.38299999 155
0.51300001 -1.617 0.303 7
0.83700001 -1.9960001 0.52899998 83
0.69400001 -1.762 0.41800001 157
0.61500001 -1.675 0.35299999 72
0.55000001 -1.602 0.30000001 70
0.87900001 -1.975 0.528 76
0.83899999 -1.995 0.477 85
0.685 -1.74 0.368 157
0.58499998 -1.581 0.296 75
0.91900003 -1.946 0.52499998 76
0.884 -1.977 0.47600001 86
0.77200001 -1.834 0.38999999 153
0.62300003 -1.567 0.294 80
0.96499997 -1.933 0.52600002 77
0.92500001 -1.947 0.472 94
0.815 -1.818 0.38800001 152
0.66100001 -1.5549999 0.29300001 86
1.008 -1.913 0.52600002 73
0.96799999 -1.925 0.47099999 94
0.76099998 -1.597 0.34299999 161
0.69700003 -1.539 0.28999999 89
1.049 -1.888 0.52600002 77
1.011 -1.903 0.47 93
0.79299998 -1.5700001 0.34 161
0.73400003 -1.522 0.289 89
0.69700003 -1.193 0.336 2
1.049 -1.872 0.46700001 114
0.829 -1.551 0.338 161
0.76999998 -1.506 0.287 95
0 0 0 0
0.65499997 -1.109 0.27900001 3
0.82700002 -1.465 0.322 81
0.81099999 -1.498 0.287 86
0.62 -0.96200001 0.27700001 1
0.60900003 -0.98100001 0.25 1
0.64600003 -1.085 0.23999999 4
0.796 -1.3890001 0.26699999 8
0.64499998 -0.95300001 0.27900001 1
0.63499999 -0.972 0.25 1
0.61299998 -0.977 0.21799999 1
0 0 0 0
0.667 -0.94099998 0.27900001 1
0.65600002 -0.95700002 0.249 1
0.63800001 -0.96600002 0.21799999 1
0.62300003 -0.97600001 0.19 1
0.52100003 -0.70200002 0.211 12
0.54900002 -0.764 0.20100001 3
0.66399997 -0.95700002 0.21799999 1
0.64700001 -0.96200001 0.189 1
0.71799999 -0.926 0.28299999 1
0.70899999 -0.94 0.252 1
0.56699997 -0.778 0.17900001 2
0.51999998 -0.73400003 0.146 7
0.745 -0.917 0.28400001 1
0.73100001 -0.92500001 0.25099999 1
0.71600002 -0.935 0.21799999 1
0.69800001 -0.93800002 0.18799999 1
0.76499999 -0.90200001 0.28400001 1
0.759 -0.917 0.25299999 1
0.741 -0.92299998 0.21799999 1
0 0 0 0
0.78899997 -0.889 0.285 1
0.77999997 -0.90100002 0.252 1
0.73400003 -0.87099999 0.20900001 0
0 0 0 0
0.80800003 -0.87199998 0.285 1
0.80000001 -0.88200003 0.25099999 0
0.78799999 -0.89200002 0.21799999 0
0.77700001 -0.90100002 0.18799999 1
0.84100002 -0.86900002 0.289 1
0.76599997 -0.80699998 0.234 0
0.80699998 -0.87199998 0.21600001 0
0.80000001 -0.884 0.18700001 1
0.86699998 -0.85699999 0.29100001 1
0.80500001 -0.81199998 0.23999999 0
0.84600002 -0.87300003 0.22 1
0.829 -0.87300003 0.18700001 1
0 0 0 0
0.87300003 -0.84100002 0.25299999 0
0.87300003 -0.86000001 0.221 1
0.86000001 -0.86400002 0.189 1
0.60399997 -0.54699999 0.193 0
0.60600001 -0.55800003 0.171 0
0 0 0 0
0 0 0 0
0.63200003 -0.54799998 0.198 0
0.61000001 -0.537 0.169 0
0.60799998 -0.54500002 0.145 1
0.60100001 -0.54799998 0.124 2
0.64099997 -0.53200001 0.197 0
0.63700002 -0.53500003 0.17200001 0
0.63200003 -0.54100001 0.148 0
0.63099998 -0.54799998 0.127 0
0 0 0 0
0.653 -0.52399999 0.17200001 0
0.66399997 -0.542 0.15099999 0
0.65100002 -0.53799999 0.127 0
0 0 0 0
0 0 0 0
0 0 0 0
0 0 0 0
2.0039999 -1.4529999 0.57999998 71
1.988 -1.454 0.50400001 16
1.9859999 -1.471 0.433 14
1.5420001 -1.155 0.287 12
2.056 -1.424 0.58399999 21
2.049 -1.429 0.509 24
2.0409999 -1.4400001 0.435 23
1.574 -1.122 0.28600001 75
2.119 -1.4 0.59100002 21
2.112 -1.403 0.51499999 23
2.099 -1.408 0.43900001 21
1.626 -1.1 0.289 62
2.174 -1.369 0.59600002 22
2.1700001 -1.372 0.51899999 23
2.168 -1.381 0.44400001 22
1.6720001 -1.073 0.29100001 59
2.24 -1.3430001 0.60399997 22
2.2379999 -1.345 0.52600002 21
2.227 -1.347 0.447 20
1.723 -1.048 0.294 48
2.313 -1.319 0.61299998 22
2.299 -1.312 0.53100002 20
2.2939999 -1.3150001 0.45199999 20
1.77 -1.0190001 0.296 50
2.3740001 -1.2869999 0.62 23
2.3740001 -1.284 0.53899997 21
2.372 -1.2869999 0.45899999 20
1.83 -0.99599999 0.30000001 53
2.4360001 -1.253 0.62599999 22
2.4449999 -1.253 0.54699999 22
2.4449999 -1.2539999 0.46599999 21
2.448 -1.256 0.39399999 23
2.517 -1.226 0.63800001 23
2.5109999 -1.216 0.55299997 22
2.5139999 -1.216 0.47099999 21
2.529 -1.221 0.40099999 24
2.585 -1.1900001 0.64600003 23
2.592 -1.183 0.56300002 23
2.602 -1.183 0.47999999 22
2.6110001 -1.184 0.40700001 23
2.654 -1.152 0.65399998 24
2.6789999 -1.15 0.57300001 23
2.6800001 -1.1440001 0.48699999 23
2.694 -1.143 0.41299999 22
2.7390001 -1.119 0.66600001 23
2.7579999 -1.1109999 0.58200002 24
2.767 -1.105 0.49599999 23
2.7809999 -1.102 0.421 22
2.819 -1.08 0.676 24
2.8329999 -1.068 0.58999997 24
2.8529999 -1.063 0.505 24
2.8729999 -1.059 0.42899999 20
2.8940001 -1.038 0.68599999 22
2.9300001 -1.029 0.60299999 25
2.142 -0.741 0.37400001 16
2.1429999 -0.73100001 0.315 16
2.9920001 -1 0.70099998 22
2.177 -0.70999998 0.44299999 3
2.1400001 -0.685 0.36899999 16
2.1389999 -0.67299998 0.31099999 16
3.085 -0.95599997 0.71399999 22
2.178 -0.65600002 0.43799999 4
2.1470001 -0.63099998 0.366 15
2.1559999 -0.62099999 0.31 16
3.188 -0.91299999 0.73000002 21
2.2019999 -0.60900003 0.43700001 3
2.1819999 -0.58700001 0.368 14
2.2460001 -0.588 0.31900001 11
3.296 -0.866 0.74599999 18
3.3280001 -0.83999997 0.65399998 21
3.3889999 -0.82599998 0.56599998 18
2.79 -0.65899998 0.39300001 12
3.3940001 -0.81300002 0.75999999 20
3.4260001 -0.78200001 0.667 18
3.5 -0.76700002 0.579 17
2.8150001 -0.59299999 0.39300001 13
3.5139999 -0.76099998 0.77899998 15
3.5639999 -0.73000002 0.68699998 15
3.631 -0.70700002 0.59500003 14
2.832 -0.52600002 0.39199999 16
3.6389999 -0.70599997 0.79900002 15
3.7 -0.671 0.70700002 15
1.507 -0.25600001 0.245 48
1.528 -0.245 0.20999999 82
3.7780001 -0.64700001 0.82200003 13
3.8599999 -0.61000001 0.73199999 15
1.5089999 -0.22 0.243 12
1.976 -0.26800001 0.26899999 84
3.9360001 -0.58600003 0.84899998 17
3.9449999 -0.53100002 0.74199998 32
1.518 -0.185 0.243 44
1.973 -0.219 0.26699999 47
3.924 -0.49700001 0.83899999 29
3.908 -0.43700001 0.72899997 32
1.53 -0.15099999 0.243 39
1.997 -0.17299999 0.26899999 29
3.8829999 -0.405 0.82300001 31
3.8559999 -0.34299999 0.71399999 32
1.5369999 -0.115 0.243 35
2.0020001 -0.125 0.26899999 17
3.839 -0.31600001 0.80800003 32
3.8150001 -0.25099999 0.70200002 34
1.5420001 -0.079000004 0.242 31
2.0090001 -0.075999998 0.26899999 13
3.799 -0.229 0.79299998 33
3.7650001 -0.163 0.68800002 38
1.554 -0.043000001 0.243 28
2.0220001 -0.028000001 0.27000001 10
3.7550001 -0.14399999 0.778 33
3.727 -0.075999998 0.67799997 37
1.563 -0.0060000001 0.243 24
2.0239999 0.02 0.26899999 7
3.7130001 -0.061000001 0.764 33
3.6889999 0.0080000004 0.667 37
1.566 0.029999999 0.243 20
2.0209999 0.068999998 0.26800001 6
3.6849999 0.018999999 0.75400001 34
3.652 0.090000004 0.65700001 37
1.572 0.067000002 0.243 17
2.049 0.12 0.27200001 4
3.6530001 0.098999999 0.74299997 36
3.612 0.17200001 0.64700001 36
1.58 0.104 0.244 11
2.0239999 0.167 0.26800001 6
3.615 0.178 0.73100001 35
3.575 0.25099999 0.63800001 35
1.5880001 0.14300001 0.245 9
1.937 0.207 0.257 6
3.582 0.25600001 0.72000003 35
3.5369999 0.329 0.62900001 35
1.591 0.18000001 0.245 7
1.666 0.22 0.221 7
3.5320001 0.331 0.70700002 34
3.503 0.40799999 0.62099999 34
1.6059999 0.221 0.24699999 6
1.613 0.252 0.215 9
3.4909999 0.405 0.69499999 34
3.4649999 0.484 0.61299998 34
1.624 0.26300001 0.25 3
1.625 0.29499999 0.21699999 13
3.4649999 0.47999999 0.68699998 36
1.933 0.315 0.34099999 10
1.881 0.34900001 0.28999999 45
1.6289999 0.336 0.21799999 13
1.938 0.31099999 0.38299999 10
1.923 0.35800001 0.33899999 56
3.3870001 0.71200001 0.523 11
1.638 0.37900001 0.221 14
1.919 0.352 0.37799999 46
3.358 0.70499998 0.59200001 33
3.3410001 0.78500003 0.51700002 18
1.642 0.42199999 0.222 13
3.3640001 0.69499999 0.66100001 37
3.3280001 0.778 0.58700001 33
3.2920001 0.85600001 0.51099998 30
1.649 0.46700001 0.22499999 13
3.326 0.764 0.65200001 36
3.2920001 0.85000002 0.57999998 32
3.2650001 0.93199998 0.50800002 33
1.6569999 0.51300001 0.227 12
3.3010001 0.83600003 0.64499998 36
3.2690001 0.92500001 0.57700002 33
2.5550001 0.79400003 0.39899999 14
1.6619999 0.55900002 0.23 10
3.27 0.90600002 0.63800001 36
3.2320001 0.99400002 0.57099998 32
2.49 0.83899999 0.391 17
1.677 0.60900003 0.234 9
3.237 0.97399998 0.63099998 36
3.1949999 1.062 0.56599998 32
2.5139999 0.91299999 0.39700001 14
1.699 0.66399997 0.23899999 4
3.207 1.043 0.62400001 35
3.1689999 1.1339999 0.56199998 36
3.1240001 1.2180001 0.49700001 32
1.7180001 0.71899998 0.244 1
3.181 1.113 0.61900002 35
3.1370001 1.205 0.55800003 34
3.092 1.29 0.495 33
3.052 1.3660001 0.43900001 19
3.1489999 1.182 0.61299998 35
3.095 1.271 0.55299997 33
3.0610001 1.363 0.49399999 38
3.0239999 1.442 0.44 38
3.1140001 1.249 0.60600001 35
3.0699999 1.345 0.55000001 35
3.0320001 1.437 0.493 37
2.9879999 1.515 0.44 37
3.0880001 1.319 0.60100001 35
3.036 1.414 0.54699999 37
2.994 1.506 0.491 38
2.9590001 1.59 0.442 38
3.0550001 1.387 0.59600002 35
3.0039999 1.483 0.54400003 37
2.9630001 1.5779999 0.491 35
2.9189999 1.66 0.442 37
3.026 1.455 0.59100002 35
2.9749999 1.553 0.542 37
2.924 1.647 0.49000001 36
2.875 1.727 0.442 104
2.993 1.523 0.58600003 35
2.9389999 1.6210001 0.53899997 37
2.892 1.72 0.49000001 50
2.7780001 1.761 0.43399999 24
2.9619999 1.591 0.58200002 36
2.901 1.689 0.53600001 36
2.8699999 1.799 0.49200001 13
2.694 1.8 0.428 46
2.9300001 1.66 0.57800001 35
2.862 1.755 0.53299999 37
2.724 1.799 0.47299999 46
2.6400001 1.858 0.42699999 45
2.8889999 1.725 0.57200003 69
2.796 1.806 0.52499998 23
2.6730001 1.857 0.47 45
2.589 1.916 0.42699999 50
2.872 1.803 0.57099998 7
2.7149999 1.8430001 0.51499999 31
2.6199999 1.914 0.46799999 43
2.52 1.961 0.42399999 43
2.8369999 1.8710001 0.56699997 8
2.6819999 1.911 0.514 28
2.5539999 1.9579999 0.463 38
2.4400001 1.993 0.419 45
2.809 1.9450001 0.565 7
2.625 1.964 0.509 27
2.483 1.997 0.458 42
2.3640001 2.027 0.41499999 42
2.776 2.0150001 0.56199998 7
2.5510001 2.0009999 0.5 31
2.4089999 2.0339999 0.45199999 40
2.279 2.0510001 0.41 46
2.7409999 2.0869999 0.55900002 7
2.467 2.029 0.49000001 35
2.326 2.059 0.44499999 44
2.5699999 2.425 0.47400001 8
2.707 2.1600001 0.55699998 7
2.381 2.052 0.479 38
2.257 2.095 0.44 35
2.533 2.5090001 0.479 7
2.6129999 2.1830001 0.542 8
2.2969999 2.0739999 0.46900001 41
2.553 2.484 0.50800002 7
2.494 2.5910001 0.484 7
2.3629999 2.0669999 0.495 32
2.4189999 2.2880001 0.50199997 8
2.5150001 2.563 0.51200002 7
0 0 0 0
2.277 2.0840001 0.48199999 36
2.539 2.513 0.53500003 7
2.46 2.6270001 0.51200002 7
0 0 0 0
2.566 2.4590001 0.55000001 6
2.4909999 2.5829999 0.53500003 7
0 0 0 0
0 0 0 0
2.53 2.5369999 0.54900002 7
2.4649999 2.677 0.53899997 0
0 0 0 0
0 0 0 0
2.4949999 2.619 0.54799998 6
0 0 0 0
0 0 0 0
0 0 0 0
0 0 0 0
0 0 0 0
0.81199998 1.05 0.18799999 0
0.72399998 1.005 0.169 8
0 0 0 0
0 0 0 0
0 0 0 0
0.67299998 0.98400003 0.163 9
0 0 0 0
0.76700002 1.005 0.183 4
0.704 1.003 0.17299999 7
0.64600003 0.99299997 0.163 8
0 0 0 0
0.73199999 1.007 0.17900001 6
0.662 0.99199998 0.168 7
0.60799998 0.98500001 0.16 8
0 0 0 0
0.685 0.99000001 0.17200001 8
0.62800002 0.991 0.16500001 7
0.574 0.98199999 0.15700001 8
0.72399998 1.005 0.176 7
0.65200001 0.99000001 0.168 7
0.59500003 0.98900002 0.162 7
0.54500002 0.98500001 0.156 8
0.685 0.99900001 0.171 7
0.61400002 0.98299998 0.164 6
0.56300002 0.98699999 0.16 8
0.51300001 0.98100001 0.154 8
0.64499998 0.98799998 0.164 8
0.583 0.98199999 0.16 7
0.53100002 0.98400003 0.15700001 7
0.48500001 0.98199999 0.153 8
0.611 0.986 0.16 8
0.55299997 0.98199999 0.15700001 7
0.50099999 0.98299998 0.155 7
0.456 0.98199999 0.152 7
0.57499999 0.97799999 0.155 8
0.52499998 0.986 0.155 7
0.47400001 0.98699999 0.153 7
0.428 0.97899997 0.15099999 7
0.54699999 0.98000002 0.15099999 8
0.49700001 0.98699999 0.153 7
0.44400001 0.98100001 0.15099999 7
0.398 0.97500002 0.149 7
0.52100003 0.986 0.149 8
0.46799999 0.98799998 0.15000001 7
0.41600001 0.98100001 0.149 7
0.26499999 0.69499999 0.105 0
0.493 0.98900002 0.146 7
0.43799999 0.98199999 0.147 6
0.391 0.98400003 0.148 5
0 0 0 0
0.46599999 0.991 0.14300001 7
0.41299999 0.986 0.145 6
0.36199999 0.97899997 0.146 0
0.48100001 1.464 0.22 7
0.43799999 0.991 0.14 7
0.354 0.90399998 0.131 0
0 0 0 0
0.44800001 1.479 0.222 52
0.40900001 0.986 0.13600001 7
0.36700001 1.006 0.14399999 0
0.46700001 1.4680001 0.215 9
0.41100001 1.477 0.221 54
0 0 0 0
0.37599999 1.109 0.15700001 0
0.43000001 1.471 0.214 57
0.37599999 1.488 0.222 30
0 0 0 0
0.38800001 1.242 0.17299999 152
0.39399999 1.474 0.213 12
1.215 5.3189998 0.792 14
0.37799999 1.13 0.147 2
0.42199999 1.4680001 0.20200001 9
0.36199999 1.494 0.215 17
1.072 5.2519999 0.78200001 42
0.37400001 1.209 0.155 4
0.38699999 1.474 0.20100001 39
1.153 5.276 0.755 41
1.051 5.8330002 0.86799997 1
0.40799999 1.438 0.18099999 8
0.35699999 1.502 0.20200001 7
1.039 5.3470001 0.76200002 7
0.94400001 6.039 0.898 1
0.38 1.472 0.182 9
1.105 5.1719999 0.69 56
0.884 5.1929998 0.73699999 2
0.81699997 6.158 0.91600001 110
0.35100001 1.5 0.182 3
0.93900001 4.9650002 0.65600002 15
0.89700001 6.1300001 0.866 22
0.67699999 6.211 0.92500001 64
1.0700001 5.112 0.61299998 59
0.87099999 5.276 0.69099998 15
0.75400001 6.1399999 0.86500001 101
0.55900002 6.5229998 0.97299999 27
0.97100002 5.256 0.62 14
0.86900002 6.1500001 0.79799998 74
0.62599999 6.3140001 0.88700002 65
0 0 0 0
0.83200002 5.1789999 0.602 19
0.72299999 6.1469998 0.792 98
0.49900001 6.5879998 0.92299998 22
0.064000003 1.651 0.24699999 4
0.84299999 6.171 0.708 86
0.59799999 6.3740001 0.815 57
0.075999998 1.456 0.204 1
0 0 0 0
0.69700003 6.1950002 0.69999999 73
0 0 0 0
0.046999998 1.635 0.228 111
-0.017000001 2.6070001 0.39300001 11
0.588 6.6230001 0.73900002 37
0 0 0 0
0.015 2.5580001 0.35699999 41
-0.057999998 1.96 0.29699999 54
0 0 0 0
0.045000002 1.943 0.244 11
-0.044 2.631 0.368 91
0 0 0 0
0 0 0 0
0 1.809 0.226 0
-0.079000004 1.973 0.27599999 39
0 0 0 0
0.030999999 1.783 0.192 9
-0.045000002 1.955 0.243 10
-0.19400001 3.0710001 0.43000001 8
0 0 0 0
-0.0099999998 1.859 0.198 50
-0.092 1.972 0.244 22
-0.17399999 2.0109999 0.28200001 2
0 0 0 0
-0.057 1.937 0.204 42
-0.18700001 2.6800001 0.331 3
-0.303 2.756 0.38699999 2
-0.361 2.4849999 0.38699999 3
-0.106 1.998 0.208 7
-0.193 2.062 0.25400001 1
-0.36500001 2.7320001 0.38499999 39
-0.417 2.47 0.38699999 3
-0.122 1.58 0.163 11
0 0 0 0
-0.42699999 2.7179999 0.38499999 8
-0.47299999 2.4590001 0.38800001 2
-0.156 1.55 0.15899999 32
-0.39899999 2.832 0.347 0
0 0 0 0
0 0 0 0
-0.193 1.5420001 0.15700001 49
-0.456 2.7639999 0.33899999 0
0 0 0 0
0 0 0 0
-0.228 1.528 0.154 35
-0.55599999 2.938 0.36000001 0
0 0 0 0
-0.63200003 2.391 0.38699999 18
-0.26100001 1.503 0.15099999 34
0 0 0 0
-0.65899998 2.6029999 0.37599999 1
0 0 0 0
-0.30700001 1.5470001 0.154 13
0 0 0 0
0 0 0 0
-0.259 0.82599998 0.13600001 2
0 0 0 0
-0.78500003 2.9849999 0.36700001 5
-0.27500001 0.90700001 0.132 0
0 0 0 0
0 0 0 0
0 0 0 0
-0.226 0.68800002 0.101 2
-0.36000001 0.98900002 0.167 1
-1.063 3.875 0.38299999 9
0 0 0 0
0 0 0 0
-0.24699999 0.634 0.108 0
0 0 0 0
-0.21799999 0.64200002 0.079000004 0
-0.41100001 1.0829999 0.162 0
0 0 0 0
-0.211 0.64700001 0.063000001 3
-0.44999999 1.228 0.153 0
-0.248 0.611 0.092 1
-0.99000001 2.233 0.391 1
0 0 0 0
0 0 0 0
-1.0420001 2.402 0.36700001 35
-1.0319999 2.1930001 0.389 6
0 0 0 0
-0.259 0.61799997 0.078000002 0
-1.097 2.3770001 0.36700001 82
-1.075 2.158 0.38800001 5
-0.249 0.61199999 0.059999999 3
-1.323 2.9489999 0.375 1
-1.156 2.362 0.368 36
-1.122 2.1300001 0.38800001 4
-1.452 3.326 0.32800001 11
-1.385 2.902 0.37200001 9
-1.214 2.342 0.37 19
-1.168 2.0999999 0.38800001 4
-1.53 3.2850001 0.32499999 54
-1.4529999 2.8710001 0.37099999 7
-1.277 2.3299999 0.373 9
-1.215 2.073 0.389 4
-1.6059999 3.243 0.322 45
-1.5190001 2.8329999 0.36899999 7
-1.332 2.3050001 0.373 8
-1.262 2.0469999 0.38999999 5
-1.674 3.1849999 0.31799999 80
-1.586 2.799 0.36899999 7
-1.392 2.286 0.375 7
-1.304 2.013 0.38999999 4
0 0 0 0
-1.658 2.7720001 0.36899999 7
-1.448 2.26 0.37599999 5
-1.3430001 1.975 0.389 6
-6.2750001 10.658 1.077 13
-1.7309999 2.744 0.37 7
-1.503 2.2309999 0.377 7
-1.38 1.9349999 0.38800001 7
-6.5279999 10.503 1.0700001 31
-1.781 2.6819999 0.366 4
0 0 0 0
0 0 0 0
-5.744 8.7600002 0.89999998 2
0 0 0 0
-0.64300001 0.866 0.15099999 0
-0.583 0.745 0.155 0
-5.651 8.1809998 0.84899998 36
-5.9369998 8.0880003 1.135 1
-0.653 0.83899999 0.149 1
-0.59799999 0.72899997 0.155 2
-5.8860002 8.0970001 0.84899998 12
-6.1700001 8.0059996 1.14 1
-0.66399997 0.81400001 0.147 2
-0.60900003 0.70999998 0.154 2
-6.1269999 8.0150003 0.85000002 2
0 0 0 0
-0.676 0.79100001 0.146 3
-0.62400001 0.69599998 0.154 2
0 0 0 0
0 0 0 0
-0.69 0.77100003 0.145 2
-0.63599998 0.67699999 0.153 2
0 0 0 0
-1.687 1.896 0.28400001 4
-0.69300002 0.73900002 0.142 3
-0.64999998 0.662 0.153 2
-1.694 1.911 0.211 7
0 0 0 0
-0.70700002 0.72100002 0.141 3
-0.66399997 0.64700001 0.153 2
-1.586 1.704 0.192 28
-0.78299999 0.80000001 0.124 0
-0.727 0.708 0.142 3
-0.68000001 0.634 0.154 2
-2.3329999 2.388 0.27399999 13
0 0 0 0
-0.73799998 0.68699998 0.141 2
-0.68800002 0.61299998 0.153 2
0 0 0 0
0 0 0 0
0 0 0 0
0 0 0 0
0 0 0 0
0 0 0 0
-0.76800001 0.65200001 0.141 0
0 0 0 0
-1.357 1.2 0.146 23
-0.90100002 0.76300001 0.13 0
-0.787 0.63800001 0.142 2
0 0 0 0
-1.3660001 1.15 0.14399999 67
-0.92500001 0.74699998 0.131 1
-0.79500002 0.61400002 0.14 2
-0.75199997 0.55900002 0.155 2
-1.38 1.1059999 0.142 9
-0.917 0.70599997 0.127 2
-0.80900002 0.59600002 0.14 2
-0.77399999 0.54900002 0.15800001 1
0 0 0 0
-0.91299999 0.66799998 0.124 3
-0.829 0.583 0.142 1
-0.78500003 0.53100002 0.15700001 1
-1.45 1.052 0.14300001 0
-0.935 0.65100002 0.125 2
-0.83700001 0.56 0.141 0
-0.80400002 0.51899999 0.15899999 1
-1.439 0.991 0.139 8
-1.038 0.68800002 0.13600001 2
-0.84299999 0.537 0.139 0
-0.81800002 0.50199997 0.15899999 1
-1.454 0.94999999 0.138 6
-1.001 0.63 0.12899999 0
-0.83700001 0.50700003 0.13600001 0
-0.83899999 0.49000001 0.161 0
-1.452 0.89899999 0.13500001 9
-1.735 1.035 0.221 122
-0.847 0.48699999 0.13600001 0
-2.069 1.148 0.39300001 10
-1.479 0.86699998 0.13500001 15
-1.707 0.96499997 0.214 132
-0.86000001 0.46799999 0.13600001 0
0 0 0 0
-1.51 0.83700001 0.13600001 28
-1.653 0.884 0.204 32
0 0 0 0
0 0 0 0
0 0 0 0
-1.612 0.81400001 0.197 7
0 0 0 0
0 0 0 0
0 0 0 0
0 0 0 0
0 0 0 0
-2.605 1.159 0.47299999 1
0 0 0 0
0 0 0 0
-2.5999999 1.124 0.39399999 1
-2.55 1.067 0.458 5
0 0 0 0
-2.6029999 1.092 0.30700001 1
-2.569 1.0420001 0.38499999 7
-2.569 1.0089999 0.45699999 7
0 0 0 0
-2.5869999 1.015 0.30199999 6
-2.589 0.98199999 0.384 7
-2.6029999 0.95700002 0.458 5
-2.6270001 0.99000001 0.222 5
-2.638 0.96399999 0.30500001 5
-2.6930001 0.95300001 0.396 7
-2.6700001 0.91600001 0.46599999 5
0 0 0 0
-2.668 0.90499997 0.30599999 5
-2.6700001 0.87599999 0.389 4
-2.714 0.86500001 0.47 5
-2.6589999 0.85799998 0.221 1
-2.652 0.83099997 0.301 5
-2.7019999 0.81999999 0.38999999 5
-3.1719999 0.93400002 0.54400003 4
-2.665 0.78899997 0.22 5
0 0 0 0
-14.658 4.0900002 2.1029999 6
-3.1429999 0.85100001 0.53500003 0
0 0 0 0
-15.089 3.961 1.693 2
-15.185 3.869 2.1630001 5
-13.993 3.4630001 2.3670001 2
0 0 0 0
-15.607 3.7090001 1.74 2
-15.72 3.6259999 2.223 9
0 0 0 0
0 0 0 0
-16.112 3.4300001 1.786 2
-16.198999 3.3529999 2.276 11
0 0 0 0
0 0 0 0
-16.674 3.145 1.84 3
-16.778 3.079 2.3429999 6
0 0 0 0
0 0 0 0
0 0 0 0
-17.011999 2.724 2.3629999 3
0 0 0 0
0 0 0 0
0 0 0 0
0 0 0 0
0 0 0 0
0 0 0 0
-18.813999 2.1960001 2.052 4
0 0 0 0
-14.509 1.615 2.362 3
0 0 0 0
-19.593 1.825 2.1329999 6
0 0 0 0
-14.515 1.295 2.3510001 3
0 0 0 0
-20.503 1.428 2.2279999 7
0 0 0 0
0 0 0 0
0 0 0 0
-21.459999 0.98699999 2.3269999 5
0 0 0 0
0 0 0 0
0 0 0 0
0 0 0 0
0 0 0 0
-14.947 0.34599999 2.388 3
0 0 0 0
0 0 0 0
-2.773 0.001 0.375 0
0 0 0 0
0 0 0 0
0 0 0 0
-2.7309999 -0.059999999 0.368 0
0 0 0 0
0 0 0 0
0 0 0 0
-2.7 -0.121 0.36300001 0
-15.291 -0.65200001 2.418 4
0 0 0 0
0 0 0 0
-2.6589999 -0.17900001 0.35800001 0
-15.533 -1.006 2.4489999 3
0 0 0 0
0 0 0 0
0 0 0 0
0 0 0 0
0 0 0 0
0 0 0 0
0 0 0 0
0 0 0 0
0 0 0 0
-2.5769999 -0.36500001 0.28200001 0
0 0 0 0
0 0 0 0
0 0 0 0
0 0 0 0
0 0 0 0
0 0 0 0
0 0 0 0
0 0 0 0
0 0 0 0
0 0 0 0
0 0 0 0
0 0 0 0
0 0 0 0
-15.641 -3.108 2.4419999 9
0 0 0 0
0 0 0 0
-18.174999 -4.1680002 2.457 6
-2.4909999 -0.55199999 0.38800001 7
0 0 0 0
0 0 0 0
-18.85 -4.7719998 2.5539999 4
-2.4630001 -0.60299999 0.384 0
0 0 0 0
0 0 0 0
0 0 0 0
-2.4579999 -0.65899998 0.38299999 2
0 0 0 0
-13.895 -4.3530002 1.584 2
0 0 0 0
-2.4200001 -0.70599997 0.377 0
0 0 0 0
-13.67 -4.6339998 1.571 3
0 0 0 0
-2.398 -0.75800002 0.37400001 0
-13.526 -5.1279998 1.286 3
-13.671 -4.994 1.584 2
0 0 0 0
0 0 0 0
0 0 0 0
0 0 0 0
0 0 0 0
0 0 0 0
0 0 0 0
0 0 0 0
0 0 0 0
0 0 0 0
-23.544001 -10.905 2.3510001 6
0 0 0 0
0 0 0 0
0 0 0 0
0 0 0 0
0 0 0 0
0 0 0 0
-14.818 -6.5500002 2.3369999 2
0 0 0 0
0 0 0 0
0 0 0 0
0 0 0 0
-23.021999 -12.732 2.431 7
0 0 0 0
0 0 0 0
0 0 0 0
0 0 0 0
0 0 0 0
0 0 0 0
0 0 0 0
0 0 0 0
0 0 0 0
0 0 0 0
0 0 0 0
-1.467 -0.95300001 0.164 1
0 0 0 0
0 0 0 0
-16.51 -9.6000004 2.6559999 4
-1.271 -0.87 0.146 5
-1.4450001 -0.95099998 0.189 9
0 0 0 0
0 0 0 0
0 0 0 0
-1.261 -0.87199998 0.167 7
-1.447 -0.963 0.215 10
-4.2210002 -2.71 0.68599999 0
-0.912 -0.68900001 0.109 8
0 0 0 0
-1.239 -0.86500001 0.186 9
-1.433 -0.96499997 0.234 10
-0.89700001 -0.71200001 0.11 8
-0.91000003 -0.69400001 0.125 6
0 0 0 0
-1.251 -0.88499999 0.206 8
-0.88700002 -0.73900002 0.112 8
-0.89700001 -0.71799999 0.125 6
-0.912 -0.69999999 0.14 7
0 0 0 0
0 0 0 0
-0.88800001 -0.745 0.127 6
-0.89999998 -0.72500002 0.14 7
-0.90700001 -0.70300001 0.15099999 8
0 0 0 0
0 0 0 0
-0.88700002 -0.74699998 0.14 7
-0.89600003 -0.727 0.15099999 7
-4.8670001 -4.6739998 0.671 6
0 0 0 0
0 0 0 0
-0.88200003 -0.74800003 0.15000001 8
-4.4460001 -4.4770002 0.63099998 9
-4.7880001 -4.6160002 0.72899997 7
0 0 0 0
0 0 0 0
-4.085 -4.3109999 0.59799999 8
-4.402 -4.4460001 0.68599999 8
-4.756 -4.5949998 0.787 8
0 0 0 0
-3.7609999 -4.1609998 0.56800002 7
-4.0580001 -4.2930002 0.64700001 11
-4.3839998 -4.4310002 0.73799998 9
-4.7459998 -4.6100001 0.83399999 8
-3.467 -4.0229998 0.54100001 11
-3.7449999 -4.1490002 0.61199999 12
-4.0469999 -4.2810001 0.69300002 12
-4.3709998 -4.4390001 0.778 8
-3.2149999 -3.9119999 0.51999998 12
-3.46 -4.013 0.58099997 11
-3.7420001 -4.1399999 0.653 12
-4.0370002 -4.2859998 0.72799999 8
-2.983 -3.8050001 0.5 13
-3.2 -3.891 0.55199999 12
-3.4630001 -4.0100002 0.61699998 12
-3.7479999 -4.1609998 0.685 12
-2.7679999 -3.707 0.48100001 12
-2.973 -3.789 0.528 13
-3.2149999 -3.8989999 0.58499998 12
-3.4630001 -4.0219998 0.64200002 12
-2.5680001 -3.612 0.46399999 12
-2.766 -3.6960001 0.50599998 12
-2.983 -3.79 0.55500001 12
-3.22 -3.914 0.60600001 12
-2.3929999 -3.539 0.44999999 11
-2.5680001 -3.605 0.484 12
-2.7809999 -3.7060001 0.52899998 12
-2.99 -3.8050001 0.57200003 13
-2.223 -3.4590001 0.435 11
-2.392 -3.527 0.46599999 11
-2.5810001 -3.6059999 0.50300002 12
-2.7839999 -3.711 0.542 13
-2.072 -3.3940001 0.42399999 14
-2.2360001 -3.4660001 0.45100001 15
-2.411 -3.5350001 0.48300001 11
-2.5910001 -3.6210001 0.514 12
-1.072 -1.851 0.229 15
-2.0810001 -3.392 0.435 15
-2.2520001 -3.467 0.46399999 14
-2.4230001 -3.55 0.491 12
-1.0470001 -1.909 0.235 15
-1.079 -1.853 0.234 19
-2.099 -3.3989999 0.44499999 16
-2.2539999 -3.4679999 0.46700001 12
0 0 0 0
-1.051 -1.904 0.23800001 13
-1.084 -1.848 0.237 19
-2.119 -3.425 0.449 15
0 0 0 0
0 0 0 0
-1.052 -1.89 0.237 13
-1.087 -1.85 0.236 11
0 0 0 0
0 0 0 0
0 0 0 0
-1.054 -1.89 0.235 15
0 0 0 0
0 0 0 0
0 0 0 0
0 0 0 0
0 0 0 0
0 0 0 0
0 0 0 0
0 0 0 0
0 0 0 0
0 0 0 0
0 0 0 0
0 0 0 0
0 0 0 0
0 0 0 0
0 0 0 0
0 0 0 0
0 0 0 0
0 0 0 0
0 0 0 0
0 0 0 0
-0.48899999 -1.615 0.191 23
0 0 0 0
0 0 0 0
0 0 0 0
-0.49000001 -1.7640001 0.208 159
-0.495 -1.613 0.183 21
0 0 0 0
0 0 0 0
-0.53100002 -2.1010001 0.248 78
-0.48899999 -1.734 0.19499999 160
-0.50199997 -1.609 0.17299999 18
0 0 0 0
-0.47400001 -2.0739999 0.245 71
-0.54299998 -2.1070001 0.236 76
-0.486 -1.688 0.17900001 84
-0.505 -1.603 0.161 9
-0.421 -2.056 0.243 81
-0.48500001 -2.0810001 0.23100001 76
-0.55599999 -2.1110001 0.221 69
-0.47600001 -1.642 0.161 27
-0.36700001 -2.026 0.23899999 70
-0.43099999 -2.0580001 0.227 77
-0.49900001 -2.0869999 0.215 85
-0.55000001 -2.0710001 0.199 150
-0.31600001 -2.0039999 0.237 67
-0.377 -2.03 0.223 88
-0.44299999 -2.063 0.20999999 79
-0.50400001 -2.0899999 0.197 79
-0.266 -1.98 0.234 73
-0.32600001 -2.0109999 0.219 71
-0.389 -2.0380001 0.204 79
-0.449 -2.0680001 0.191 74
-0.21799999 -1.9630001 0.23199999 73
-0.27500001 -1.984 0.215 72
-0.338 -2.02 0.2 72
-0.39700001 -2.052 0.185 80
-0.171 -1.9400001 0.23 69
-0.227 -1.969 0.213 79
-0.287 -1.99 0.19499999 75
-0.34299999 -2.0209999 0.17900001 81
-0.125 -1.919 0.228 67
-0.18000001 -1.943 0.20900001 75
-0.23800001 -1.972 0.191 74
-0.29100001 -1.99 0.17200001 87
-0.081 -1.901 0.227 76
-0.134 -1.924 0.206 80
-0.19 -1.944 0.186 82
-0.242 -1.971 0.167 82
-0.037 -1.881 0.22499999 77
-0.088 -1.9 0.20299999 77
-0.14399999 -1.927 0.182 79
-0.19499999 -1.952 0.162 80
0.0040000002 -1.8559999 0.222 74
-0.045000002 -1.881 0.20100001 71
-0.097999997 -1.906 0.178 79
-0.148 -1.933 0.15800001 84
0.046 -1.835 0.221 76
-0.001 -1.8609999 0.198 81
-0.054000001 -1.89 0.175 77
-0.102 -1.915 0.153 83
0.086999997 -1.825 0.22 79
0.039999999 -1.842 0.19499999 77
-0.0099999998 -1.868 0.171 79
-0.057 -1.8890001 0.148 83
0.127 -1.804 0.219 75
0.081 -1.827 0.19400001 78
0.030999999 -1.844 0.168 77
-0.014 -1.869 0.14399999 83
0.167 -1.788 0.21799999 68
0.121 -1.809 0.192 86
0.072999999 -1.832 0.16500001 77
0.028000001 -1.847 0.14 77
0.204 -1.7640001 0.21600001 81
0.161 -1.785 0.189 86
0.114 -1.816 0.162 79
0.07 -1.8329999 0.13600001 72
0.244 -1.755 0.21600001 85
0.2 -1.767 0.18700001 77
0.154 -1.796 0.15899999 80
0.112 -1.818 0.133 81
0.28 -1.732 0.215 82
0.23800001 -1.751 0.185 79
0.193 -1.77 0.155 82
0.153 -1.796 0.12899999 85
0 0 0 0
0.27700001 -1.735 0.184 87
0.23199999 -1.7539999 0.153 82
0.193 -1.779 0.125 83
0.16 -0.76800001 0.096000001 1
0 0 0 0
0.271 -1.737 0.15000001 85
0.23100001 -1.753 0.121 82
0.17399999 -0.74900001 0.093999997 1
0.15800001 -0.76599997 0.081 0
0 0 0 0
0.27000001 -1.7359999 0.118 82
0.19 -0.74599999 0.094999999 1
0.17399999 -0.75599998 0.079999998 0
0 0 0 0
0.31 -1.726 0.115 6
0.205 -0.73199999 0.093999997 4
0.191 -0.75199997 0.079999998 1
0.17299999 -0.76300001 0.064999998 1
0 0 0 0
0 0 0 0
0.207 -0.74299997 0.079000004 3
0.19 -0.75700003 0.064000003 1
0.17399999 -0.76200002 0.048999999 1
0.53399998 -1.624 0.212 19
0 0 0 0
0.204 -0.736 0.061999999 4
0.19400001 -0.76800001 0.048999999 1
0.565 -1.597 0.20999999 84
0.53100002 -1.615 0.17399999 25
0 0 0 0
0.204 -0.736 0.046 4
0.60000002 -1.582 0.20999999 92
0.56599998 -1.6 0.17299999 84
0.52999997 -1.622 0.13500001 26
0 0 0 0
0.63599998 -1.5700001 0.211 105
0.60299999 -1.5880001 0.17200001 110
0.565 -1.602 0.133 79
0.53100002 -1.614 0.097999997 25
0.67000002 -1.554 0.20999999 94
0.63800001 -1.571 0.171 114
0.602 -1.589 0.132 108
0.56900001 -1.604 0.096000001 97
0.70499998 -1.539 0.211 90
0.67299998 -1.556 0.171 121
0.63700002 -1.571 0.13 118
0.60600001 -1.5880001 0.093999997 101
0.73900002 -1.522 0.211 92
0.708 -1.54 0.17 104
0.67299998 -1.5549999 0.12800001 108
0.64099997 -1.568 0.090999998 119
0.77399999 -1.508 0.211 93
0.74400002 -1.526 0.169 118
0.70899999 -1.539 0.127 114
0.68000001 -1.557 0.089000002 113
0.80699998 -1.49 0.211 83
0.77600002 -1.5039999 0.168 98
0.745 -1.523 0.126 115
0.71600002 -1.54 0.086999997 107
0.801 -1.404 0.20100001 7
0.81400001 -1.493 0.168 105
0.778 -1.503 0.124 102
0.75199997 -1.524 0.085000001 113
0 0 0 0
0.79299998 -1.3789999 0.15700001 6
0.81800002 -1.493 0.123 90
0.78899997 -1.508 0.082999997 98
0.61199999 -0.96899998 0.142 2
0 0 0 0
0.79500002 -1.376 0.114 5
0.82300001 -1.4859999 0.081 73
0.63800001 -0.963 0.14300001 2
0.62099999 -0.97600001 0.113 1
0.60299999 -0.99000001 0.082000002 3
0.79299998 -1.354 0.072999999 4
0.51800001 -0.745 0.112 7
0.64899999 -0.96899998 0.113 1
0.62599999 -0.97500002 0.081 2
0.61199999 -0.991 0.052000001 4
0.69099998 -0.94800001 0.145 1
0.52600002 -0.74800003 0.088 5
0.64999998 -0.963 0.079999998 1
0.63300002 -0.97299999 0.050999999 1
0.71100003 -0.93099999 0.145 1
0.69099998 -0.93699998 0.112 1
0.634 -0.89300001 0.074000001 1
0.514 -0.75099999 0.039000001 7
0.72600001 -0.90899998 0.14399999 0
0.72100002 -0.93400002 0.113 1
0.70200002 -0.94199997 0.079000004 1
0.68199998 -0.94700003 0.048 1
0.764 -0.91399997 0.147 1
0.745 -0.92000002 0.112 0
0.727 -0.92900002 0.078000002 1
0.713 -0.94099998 0.048 1
0.78600001 -0.89899999 0.147 1
0.64700001 -0.76300001 0.093999997 0
0.75300002 -0.91799998 0.078000002 1
0.73500001 -0.92400002 0.046 1
0.81 -0.88700002 0.148 1
0.77499998 -0.87300003 0.11 0
0.77999997 -0.90700001 0.077 1
0.76099998 -0.912 0.045000002 1
0.83700001 -0.87699997 0.149 1
0.82200003 -0.88499999 0.113 1
0.80400002 -0.89300001 0.077 1
0.78600001 -0.898 0.044 1
0.85900003 -0.861 0.149 0
0.85299999 -0.87699997 0.113 1
0.833 -0.88200003 0.075999998 1
0.81400001 -0.88599998 0.043000001 1
0 0 0 0
0.866 -0.85100001 0.112 0
0.85900003 -0.86900002 0.075999998 1
0.83999997 -0.87099999 0.041999999 1
0.59899998 -0.54900002 0.098999999 4
0.60900003 -0.57099998 0.075999998 0
0 0 0 0
0.87300003 -0.86299998 0.041999999 1
0.62 -0.54400003 0.1 0
0.61000001 -0.54699999 0.074000001 1
0.59899998 -0.551 0.048999999 4
0 0 0 0
0.639 -0.53600001 0.101 0
0.62800002 -0.53799999 0.075000003 0
0.61400002 -0.54000002 0.048999999 0
0.61000001 -0.54799998 0.026000001 2
0.65799999 -0.52700001 0.101 0
0.65399998 -0.53500003 0.075999998 0
0.64399999 -0.54000002 0.048999999 0
0 0 0 0
1.531 -1.173 0.23100001 1
0 0 0 0
0.66100001 -0.528 0.048999999 0
0 0 0 0
1.561 -1.143 0.23100001 73
1.548 -1.154 0.171 19
1.538 -1.171 0.111 11
0 0 0 0
1.61 -1.124 0.233 74
1.594 -1.132 0.17200001 78
1.576 -1.142 0.11 80
1.562 -1.154 0.055 85
1.652 -1.101 0.235 70
1.641 -1.1109999 0.17299999 76
1.627 -1.122 0.111 80
1.602 -1.125 0.054000001 82
1.704 -1.082 0.23800001 64
1.6900001 -1.0880001 0.17399999 69
1.677 -1.1 0.111 78
1.6569999 -1.105 0.052999999 80
1.749 -1.057 0.23999999 62
1.739 -1.0650001 0.176 65
1.732 -1.079 0.111 68
1.705 -1.079 0.052999999 86
1.801 -1.035 0.242 60
1.785 -1.039 0.177 80
1.779 -1.052 0.111 72
1.763 -1.057 0.052000001 80
2.372 -1.295 0.31400001 23
2.3010001 -1.27 0.223 150
1.862 -1.043 0.113 150
1.822 -1.034 0.050999999 82
2.444 -1.265 0.31799999 23
2.421 -1.265 0.23 22
2.395 -1.268 0.142 24
2.3900001 -1.281 0.064000003 25
2.5090001 -1.229 0.31999999 24
2.497 -1.232 0.23199999 22
2.4879999 -1.244 0.14399999 21
2.467 -1.2460001 0.064000003 23
2.586 -1.197 0.32499999 25
2.5710001 -1.197 0.235 22
2.559 -1.205 0.14399999 22
2.552 -1.214 0.063000001 24
2.6559999 -1.159 0.32800001 25
2.651 -1.1619999 0.237 23
2.6429999 -1.17 0.145 22
2.6389999 -1.178 0.063000001 25
2.7309999 -1.122 0.333 24
2.7360001 -1.127 0.241 23
2.7279999 -1.132 0.146 23
2.7249999 -1.14 0.061999999 26
2.823 -1.087 0.338 23
2.8180001 -1.087 0.244 24
2.809 -1.089 0.147 24
2.8199999 -1.1 0.061999999 26
2.904 -1.046 0.34299999 24
2.9059999 -1.045 0.24699999 25
2.902 -1.048 0.149 24
2.905 -1.053 0.061000001 25
2.128 -0.713 0.24699999 16
2.1340001 -0.71200001 0.178 17
2.132 -0.713 0.107 16
2.132 -0.71399999 0.043000001 17
2.1329999 -0.66299999 0.244 16
2.142 -0.66100001 0.176 18
2.141 -0.66100001 0.105 18
2.1370001 -0.65899998 0.041999999 18
2.148 -0.616 0.242 16
2.154 -0.61199999 0.17399999 18
2.1559999 -0.61000001 0.103 18
2.148 -0.60600001 0.039999999 20
2.2219999 -0.58399999 0.24699999 15
2.2019999 -0.57099998 0.175 13
2.1719999 -0.56 0.102 19
2.1589999 -0.55400002 0.039000001 20
2.73 -0.65499997 0.29899999 23
2.217 -0.52200001 0.17299999 14
2.178 -0.50800002 0.101 19
2.177 -0.50300002 0.037999999 19
2.756 -0.59799999 0.29800001 23
2.2179999 -0.47 0.171 14
2.1900001 -0.45699999 0.098999999 20
2.1819999 -0.449 0.037 19
2.779 -0.53799999 0.296 20
2.2349999 -0.419 0.169 14
2.105 -0.38699999 0.093999997 131
1.5190001 -0.273 0.025 173
1.505 -0.257 0.15800001 150
1.5039999 -0.24699999 0.112 152
1.541 -0.24600001 0.067000002 164
2.2119999 -0.34400001 0.035 2
2.7969999 -0.414 0.28999999 2
2.253 -0.31799999 0.16599999 1
2.2349999 -0.303 0.096000001 2
2.227 -0.29100001 0.034000002 18
2.8050001 -0.352 0.287 22
2.2620001 -0.266 0.164 14
2.2379999 -0.25 0.093999997 17
2.237 -0.237 0.033 17
2.825 -0.29300001 0.28600001 23
2.273 -0.21600001 0.163 14
2.2479999 -0.198 0.093999997 17
2.2460001 -0.184 0.033 17
2.836 -0.23 0.28299999 21
2.2869999 -0.16500001 0.162 14
2.2539999 -0.145 0.092 16
2.25 -0.13 0.032000002 16
2.8510001 -0.169 0.28099999 22
2.2939999 -0.113 0.161 14
2.263 -0.092 0.092 18
2.266 -0.075000003 0.032000002 17
2.868 -0.105 0.27900001 21
2.309 -0.059999999 0.15899999 14
2.2780001 -0.037999999 0.090999998 17
2.279 -0.02 0.030999999 17
2.8759999 -0.041999999 0.27700001 22
2.3099999 -0.0080000004 0.15800001 14
2.29 0.014 0.090000004 18
2.296 0.035 0.030999999 16
2.878 0.021 0.27399999 18
2.325 0.045000002 0.15700001 15
2.306 0.068999998 0.090000004 17
2.306 0.090999998 0.030999999 17
2.911 0.086000003 0.27399999 21
2.3340001 0.097999997 0.155 15
2.312 0.123 0.089000002 17
2.316 0.147 0.029999999 16
2.924 0.149 0.27200001 20
2.3410001 0.15099999 0.154 15
2.3280001 0.17900001 0.088 17
2.323 0.204 0.029999999 17
2.9300001 0.215 0.26899999 23
2.369 0.207 0.155 15
2.3329999 0.235 0.088 17
1.493 0.167 0.018999999 23
2.954 0.28299999 0.26800001 22
2.3789999 0.264 0.153 15
1.456 0.182 0.054000001 15
1.396 0.191 0.017999999 4
2.964 0.35100001 0.266 24
1.471 0.197 0.093999997 12
1.375 0.204 0.050999999 5
1.331 0.215 0.017000001 28
2.967 0.41800001 0.264 20
1.367 0.215 0.086000003 3
1.303 0.22499999 0.048 4
1.2640001 0.236 0.016000001 4
2.9849999 0.48800001 0.26199999 20
1.284 0.23199999 0.079999998 4
1.238 0.244 0.045000002 4
1.201 0.25400001 0.015 5
3.0009999 0.55900002 0.26100001 19
1.224 0.25 0.075999998 4
1.1849999 0.26199999 0.043000001 4
1.15 0.273 0.014 5
1.283 0.26800001 0.11 3
1.1799999 0.26899999 0.071999997 4
1.1339999 0.27900001 0.041000001 4
1.102 0.289 0.014 5
1.228 0.28600001 0.104 1
1.123 0.28299999 0.068000004 3
1.079 0.29300001 0.037999999 4
1.051 0.30399999 0.013 5
1.158 0.29699999 0.097000003 1
1.073 0.29800001 0.064999998 3
1.0470001 0.31099999 0.037 4
1.041 0.32800001 0.013 5
1.091 0.30599999 0.090000004 2
1.041 0.315 0.061999999 3
1.043 0.33700001 0.037 4
1.0470001 0.35800001 0.014 3
1.049 0.31999999 0.086000003 3
1.0420001 0.34099999 0.061999999 4
1.045 0.36500001 0.037 3
1.054 0.38999999 0.014 3
1.049 0.345 0.085000001 4
1.043 0.368 0.061000001 3
1.052 0.39500001 0.037 3
1.059 0.41999999 0.014 3
1.0420001 0.368 0.083999999 3
1.0470001 0.396 0.061000001 2
1.056 0.426 0.037 2
1.0599999 0.45100001 0.015 3
1.051 0.398 0.083999999 3
1.052 0.426 0.061000001 2
1.0650001 0.45899999 0.037 2
1.0779999 0.49000001 0.015 2
1.0549999 0.42699999 0.082999997 3
1.062 0.46000001 0.061000001 2
1.073 0.493 0.037999999 2
1.087 0.52600002 0.016000001 2
1.068 0.461 0.082999997 3
1.073 0.49399999 0.061999999 2
1.079 0.52700001 0.037999999 2
1.095 0.56300002 0.016000001 2
1.074 0.49200001 0.082999997 3
1.084 0.52999997 0.061999999 2
1.097 0.56800002 0.039000001 3
1.1059999 0.60299999 0.017000001 2
1.0880001 0.52899998 0.082999997 3
1.096 0.56699997 0.061999999 2
1.1 0.60299999 0.039000001 2
1.122 0.64700001 0.017999999 2
1.0930001 0.56099999 0.082999997 3
1.1059999 0.60399997 0.063000001 2
1.1109999 0.64300001 0.039999999 2
1.136 0.69199997 0.018999999 2
1.112 0.602 0.083999999 2
1.114 0.64200002 0.063000001 2
1.117 0.68199998 0.039999999 1
1.159 0.745 0.02 14
1.109 0.63300002 0.082999997 3
1.125 0.68400002 0.063000001 2
1.143 0.736 0.041999999 1
1.184 0.80199999 0.021 1
1.123 0.676 0.082999997 2
1.147 0.73400003 0.064000003 1
1.164 0.79000002 0.043000001 8
2.355 1.6799999 0.044 129
1.143 0.72399998 0.082999997 2
1.161 0.78200001 0.064999998 1
2.2179999 1.5829999 0.082000002 1
2.3280001 1.748 0.045000002 14
1.15 0.76499999 0.082999997 1
2.1470001 1.518 0.12 61
2.197 1.647 0.082000002 23
2.3110001 1.824 0.046 27
2.1659999 1.513 0.155 97
2.1029999 1.561 0.118 44
2.1730001 1.711 0.082999997 25
2.2739999 1.8839999 0.048 27
2.1029999 1.539 0.15000001 55
2.085 1.623 0.117 31
2.154 1.778 0.082999997 23
2.2590001 1.964 0.050000001 15
2.053 1.575 0.145 58
2.0650001 1.6849999 0.116 32
2.1589999 1.87 0.083999999 24
2.592 2.3659999 0.059999999 7
2.0109999 1.6160001 0.141 36
2.076 1.776 0.116 35
2.2049999 2.0039999 0.086999997 16
2.559 2.4519999 0.061999999 7
2.0220001 1.7029999 0.14 26
2.1700001 1.946 0.121 25
2.563 2.4419999 0.103 6
2.52 2.5339999 0.064000003 7
2.1429999 1.8890001 0.147 36
2.569 2.4130001 0.14399999 7
2.53 2.527 0.104 6
2.4649999 2.5999999 0.066 7
2.5810001 2.382 0.176 7
2.5380001 2.497 0.14300001 7
2.4860001 2.602 0.104 6
0 0 0 0
2.5510001 2.464 0.17200001 7
2.5 2.5739999 0.141 6
0 0 0 0
0 0 0 0
2.5150001 2.54 0.168 6
2.4549999 2.648 0.139 4
0 0 0 0
0 0 0 0
2.473 2.6129999 0.164 7
0 0 0 0
0 0 0 0
0 0 0 0
0 0 0 0
0 0 0 0
0 0 0 0
1.406 1.893 0.048999999 3
0 0 0 0
0 0 0 0
1.4170001 1.885 0.067000002 3
1.3789999 1.9529999 0.050999999 0
0 0 0 0
0 0 0 0
1.3890001 1.941 0.068000004 2
1.349 2.01 0.052999999 0
0 0 0 0
1.397 1.911 0.082000002 2
1.353 1.988 0.068000004 2
0 0 0 0
1.415 1.886 0.090000004 3
1.369 1.965 0.081 2
1.339 2.0699999 0.07 0
0 0 0 0
1.39 1.944 0.088 0
1.344 2.0280001 0.081 0
0 0 0 0
0 0 0 0
1.3609999 1.999 0.085000001 0
0 0 0 0
0 0 0 0
0 0 0 0
0 0 0 0
0.64999998 1.0880001 0.039999999 1
0 0 0 0
0 0 0 0
0 0 0 0
0 0 0 0
1.2130001 2.3299999 0.075000003 0
0.66600001 1.385 0.039000001 8
0 0 0 0
0 0 0 0
1.181 2.4059999 0.075999998 0
0 0 0 0
0 0 0 0
0 0 0 0
0.64300001 1.391 0.044 19
0 0 0 0
0 0 0 0
0.66100001 1.382 0.044 0
0 0 0 0
0 0 0 0
0 0 0 0
0 0 0 0
0 0 0 0
0 0 0 0
0.64700001 1.385 0.037999999 18
0 0 0 0
0 0 0 0
0 0 0 0
0 0 0 0
0 0 0 0
0 0 0 0
0 0 0 0
0 0 0 0
0 0 0 0
0 0 0 0
0.40700001 1.401 0.044 11
0 0 0 0
0 0 0 0
0.421 1.4 0.041999999 2
0.84299999 3.181 0.103 2
0 0 0 0
0 0 0 0
0.86199999 3.132 0.093999997 28
0.79400003 3.3080001 0.109 34
0 0 0 0
0.40799999 1.405 0.035 39
0.81 3.2349999 0.097000003 30
0.736 3.4219999 0.115 36
0 0 0 0
0 0 0 0
0.75599998 3.352 0.1 31
0.81999999 4.2989998 0.147 42
0.39300001 1.4 0.022 0
0 0 0 0
0.69400001 3.4519999 0.103 54
0.74400002 4.4629998 0.155 44
0.903 3.5250001 0.050999999 38
0.74299997 3.4449999 0.079000004 32
0.77200001 4.3639998 0.13 42
0.662 4.6490002 0.164 44
0.80599999 3.4790001 0.045000002 40
0.66399997 3.467 0.077 42
0.69400001 4.54 0.13500001 49
0.57499999 4.8439999 0.17399999 48
0.71399999 3.451 0.039999999 40
0.60100001 3.586 0.077 38
0.60799998 4.7080002 0.141 42
0.48800001 5.1339998 0.189 50
0.64499998 3.5280001 0.035999998 38
0.53399998 3.7160001 0.077 38
0.528 5.0009999 0.15000001 48
0 0 0 0
0.57999998 3.6470001 0.032000002 38
0.463 3.8610001 0.078000002 25
0.42699999 5.2189999 0.15700001 47
0.068999998 1.446 0.055 2
0.50999999 3.777 0.028000001 38
0.38499999 3.9920001 0.078000002 16
0 0 0 0
0.156 6.2639999 0.244 11
0.43700001 3.9300001 0.025 35
0.301 4.1490002 0.079000004 9
0 0 0 0
0.0099999998 6.4840002 0.257 16
0.35800001 4.0879998 0.021 36
0.071000002 1.455 0.026000001 48
0 0 0 0
-0.052000001 2.411 0.097000003 0
0 0 0 0
0.121 4.6869998 0.083999999 1
-0.079000004 6.757 0.206 12
-0.113 2.533 0.104 4
0.059 1.475 0.003 4
0.011 4.914 0.085000001 14
0 0 0 0
-0.167 2.4519999 0.103 3
0.081 4.7690001 0.0070000002 40
-0.108 5.1479998 0.086999997 9
0 0 0 0
-0.18799999 2.0580001 0.088 9
-0.033 5.0279999 0.001 30
-0.22499999 5.0910001 0.082999997 23
-0.168 2.0599999 0.064000003 4
-0.31 2.7 0.118 4
-0.155 5.1589999 -0.0040000002 12
-0.35499999 5.2329998 0.082999997 23
-0.31400001 2.983 0.093000002 25
-0.34900001 2.516 0.112 4
-0.27200001 5.0679998 -0.0089999996 37
-0.18700001 2.0439999 0.030999999 13
0 0 0 0
-0.41999999 2.5910001 0.117 5
-0.15899999 2.0580001 -0.0060000001 3
-0.57099998 4.96 0.074000001 50
0 0 0 0
-0.537 2.8900001 0.134 10
-0.50400001 4.9699998 -0.02 71
-0.389 2.799 0.039999999 4
-0.44 2.494 0.079999998 4
-0.60500002 2.8770001 0.13600001 20
-0.61699998 4.9260001 -0.025 16
-0.43200001 2.6500001 0.037 14
0 0 0 0
0 0 0 0
-0.72899997 4.8759999 -0.029999999 26
-0.91799998 4.9039998 0.068000004 3
0 0 0 0
-1.001 3.868 0.191 6
-0.852 4.9000001 -0.035999998 16
-1.021 4.822 0.064999998 19
-0.44400001 1.783 0.059 4
-1.48 5.2150002 0.26300001 62
-0.95899999 4.8369999 -0.039999999 63
0 0 0 0
-0.949 3.46 0.116 73
0 0 0 0
0 0 0 0
-1.234 4.724 0.059999999 3
0 0 0 0
-0.213 0.63800001 0.033 5
0 0 0 0
-1.34 4.6739998 0.057999998 48
0 0 0 0
0 0 0 0
-1.289 4.711 -0.054000001 70
0 0 0 0
0 0 0 0
-0.24600001 0.63800001 0.035 1
-1.405 4.6900001 -0.059 7
0 0 0 0
0 0 0 0
-0.25 0.60699999 0.034000002 5
0 0 0 0
-0.44400001 1.219 0.014 1
0 0 0 0
-1.457 3.313 0.191 14
0 0 0 0
0 0 0 0
0 0 0 0
-1.531 3.277 0.193 1
0 0 0 0
-0.25799999 0.61699998 0.0060000001 13
-1.3380001 2.9159999 0.108 34
-1.595 3.22 0.19400001 0
-0.25099999 0.61799997 -0.0099999998 181
-1.965 4.4000001 0.048 3
-1.402 2.878 0.109 37
-1.668 3.1819999 0.19599999 135
0 0 0 0
-3.6199999 7.6160002 0.081 66
-1.465 2.8399999 0.109 36
-5.9790001 10.801 0.68400002 11
-3.5409999 7.6360002 -0.14300001 46
-5.52 10.947 0.114 72
-1.7 3.115 0.122 7
-6.2179999 10.654 0.69099998 20
-3.7509999 7.6030002 -0.15000001 11
-5.7820001 10.826 0.111 19
-6.1389999 10.655 0.426 30
-6.4699998 10.525 0.69999999 22
-5.6859999 10.863 -0.226 48
-6.0320001 10.677 0.107 37
-6.3969998 10.534 0.42899999 28
-1.234 1.909 0.13 31
-5.9359999 10.711 -0.234 40
-6.296 10.557 0.104 38
-6.6550002 10.405 0.43200001 65
-1.242 1.83 0.12800001 13
-6.2199998 10.611 -0.244 44
-6.5700002 10.453 0.102 49
-5.5960002 8.3210001 0.35299999 4
-1.286 1.804 0.12899999 31
-6.487 10.482 -0.252 14
-1.864 2.816 0.027000001 49
-1.618 2.29 0.098999999 3
-1.33 1.778 0.131 45
-1.862 2.855 -0.071000002 5
-1.605 2.3039999 0.021 0
0 0 0 0
0 0 0 0
-5.645 8.2119999 -0.215 2
0 0 0 0
-1.997 2.566 0.116 7
-1.414 1.723 0.134 3
-1.568 2.1670001 -0.059 22
0 0 0 0
-1.608 1.971 0.090999998 3
-1.525 1.774 0.141 130
-6.1139998 8.0380001 -0.229 1
0 0 0 0
-1.74 2.0350001 0.096000001 10
-1.548 1.72 0.141 113
-6.1690001 7.7150002 -0.23 15
-1.3279999 1.569 0.014 13
-1.9910001 2.223 0.108 22
-1.575 1.673 0.141 19
-1.325 1.577 -0.048 171
0 0 0 0
0 0 0 0
0 0 0 0
0 0 0 0
0 0 0 0
-2.109 2.148 0.11 2
-2.1819999 2.118 0.19 6
0 0 0 0
0 0 0 0
0 0 0 0
-1.067 0.99000001 0.090999998 0
0 0 0 0
-2.1459999 2.098 0.018999999 0
0 0 0 0
0 0 0 0
0 0 0 0
-1.066 0.99400002 0.0089999996 6
0 0 0 0
0 0 0 0
-1.0700001 0.99900001 -0.037 8
0 0 0 0
0 0 0 0
-1.046 0.847 0.086000003 12
0 0 0 0
0 0 0 0
-1.0470001 0.84500003 0.050000001 16
0 0 0 0
0 0 0 0
-1.049 0.84799999 0.0080000004 6
0 0 0 0
-1.589 1.1720001 0.12800001 0
-1.039 0.838 -0.035 1
0 0 0 0
0 0 0 0
-1.598 1.124 0.127 8
0 0 0 0
0 0 0 0
0 0 0 0
-1.614 1.082 0.127 50
0 0 0 0
0 0 0 0
0 0 0 0
-1.587 1.013 0.123 7
0 0 0 0
0 0 0 0
-1.992 1.261 0.089000002 32
-1.591 0.96600002 0.122 6
0 0 0 0
-2 1.2589999 0.013 59
-2.0150001 1.212 0.089000002 109
-1.9960001 1.153 0.152 11
-1.989 1.242 -0.064000003 36
-2.023 1.2079999 0.013 57
-2.0739999 1.184 0.090999998 53
-1.543 0.84500003 0.117 0
-2.0469999 1.211 -0.064999998 40
-2.247 1.271 0.014 18
-2.2349999 1.209 0.097000003 53
0 0 0 0
-2.2620001 1.2640001 -0.071000002 2
-2.243 1.2 0.014 53
0 0 0 0
0 0 0 0
-2.2420001 1.182 -0.07 47
0 0 0 0
-0.81 0.391 0.034000002 0
0 0 0 0
0 0 0 0
-0.81800002 0.389 0.0049999999 20
0 0 0 0
-12.058 5.2670002 0.884 2
-0.80599999 0.377 -0.024 2
0 0 0 0
0 0 0 0
-2.638 1.0829999 0.192 5
0 0 0 0
0 0 0 0
-2.6440001 1.0599999 0.11 5
-2.6329999 1.013 0.19 8
0 0 0 0
-2.6719999 1.0470001 0.016000001 5
-2.6789999 1.0039999 0.11 7
-13.186 4.737 0.94499999 10
-12.865 4.908 -0.38 3
-12.767 4.6620002 0.078000002 6
-13.346 4.6550002 0.54699999 6
-13.617 4.5539999 0.96899998 7
-13.25 4.6880002 -0.38699999 10
-13.23 4.4809999 0.081 6
-13.79 4.46 0.56099999 5
-2.675 0.82800001 0.189 7
-13.696 4.4770002 -0.39399999 12
-2.6989999 0.84299999 0.016000001 7
-2.688 0.80199999 0.108 5
-2.6789999 0.76499999 0.18799999 5
-2.698 0.81 -0.075999998 5
-2.7079999 0.77700001 0.016000001 6
-14.756 4.04 0.59399998 4
-14.976 3.9200001 1.045 2
-14.708 4.0289998 -0.41299999 7
-14.903 3.901 0.092 7
-15.239 3.7980001 0.60900003 9
-15.483 3.688 1.074 3
0 0 0 0
-15.51 3.674 0.097000003 4
-15.757 3.549 0.62699997 7
-16.014999 3.438 1.104 6
0 0 0 0
-16.086 3.411 0.101 4
-16.337999 3.2909999 0.64700001 8
-16.576 3.1760001 1.136 8
0 0 0 0
-15.704 2.947 0.1 6
-16.969 3.0139999 0.66799998 11
0 0 0 0
0 0 0 0
0 0 0 0
-17.597 2.714 0.68900001 9
-17.862 2.605 1.21 7
0 0 0 0
0 0 0 0
-18.301001 2.398 0.71399999 4
0 0 0 0
0 0 0 0
-16.524 1.908 0.11 9
-16.745001 1.809 0.65100002 3
0 0 0 0
0 0 0 0
-19.573999 1.7970001 0.132 3
-19.823 1.682 0.76700002 4
0 0 0 0
0 0 0 0
-20.499001 1.393 0.14 3
-20.719 1.284 0.79900002 5
0 0 0 0
0 0 0 0
0 0 0 0
-21.743999 0.852 0.83600003 3
0 0 0 0
0 0 0 0
0 0 0 0
0 0 0 0
0 0 0 0
0 0 0 0
0 0 0 0
0 0 0 0
0 0 0 0
0 0 0 0
0 0 0 0
-25.195999 -0.73299998 0.96100003 5
0 0 0 0
0 0 0 0
0 0 0 0
0 0 0 0
-2.6989999 -0.147 0.17399999 0
0 0 0 0
0 0 0 0
0 0 0 0
-2.6860001 -0.207 0.17299999 0
0 0 0 0
0 0 0 0
0 0 0 0
-2.6530001 -0.26300001 0.17 0
0 0 0 0
0 0 0 0
0 0 0 0
0 0 0 0
-2.5780001 -0.37200001 -0.052999999 4
-2.559 -0.368 0.021 8
-2.5840001 -0.37200001 0.097000003 7
-2.5880001 -0.373 0.164 8
0 0 0 0
0 0 0 0
-30.830999 -5.1570001 1.163 9
0 0 0 0
0 0 0 0
0 0 0 0
0 0 0 0
0 0 0 0
-30.179001 -6.619 -0.583 8
-30.169001 -6.5349998 0.27200001 10
0 0 0 0
0 0 0 0
-29.811001 -7.2919998 -0.56 11
-29.878 -7.2129998 0.27500001 9
-29.899 -7.1259999 1.125 10
0 0 0 0
0 0 0 0
-29.596001 -7.881 0.28 16
-29.610001 -7.7719998 1.114 8
-29.750999 -7.7280002 1.853 5
0 0 0 0
0 0 0 0
-29.363001 -8.4309998 1.103 14
-29.416 -8.3470001 1.824 8
-28.922001 -9.3299999 -0.49599999 9
0 0 0 0
-29.030001 -9.0530005 1.091 11
-29.094999 -8.9560003 1.7970001 8
-28.646 -10.005 -0.47400001 8
-28.672001 -9.8339996 0.29499999 9
-28.766001 -9.6969995 1.081 11
-28.839001 -9.5799999 1.774 9
-28.35 -10.67 -0.45300001 9
-13.426 -4.9569998 0.142 14
-13.45 -4.8759999 0.505 4
-28.572001 -10.199 1.751 9
0 0 0 0
0 0 0 0
0 0 0 0
-13.395 -5.1170001 0.81800002 2
0 0 0 0
0 0 0 0
-27.896 -11.571 1.05 15
0 0 0 0
-2.2709999 -1.046 -0.032000002 18
-2.263 -1.021 0.026000001 150
-23.834 -10.531 0.898 5
0 0 0 0
-2.2520001 -1.104 -0.029999999 0
-22.554001 -10.814 0.26899999 8
-2.28 -1.0700001 0.086000003 0
-22.697001 -10.459 1.369 6
-4.4289999 -2.3050001 -0.056000002 26
-4.4419999 -2.26 0.054000001 2
-19.591 -9.7410002 0.74000001 5
-23.593 -11.512 1.4170001 6
-4.375 -2.411 -0.052000001 25
-4.3940001 -2.365 0.055 1
0 0 0 0
-23.292999 -12.012 1.3940001 6
-4.316 -2.516 -0.048 26
-4.3530002 -2.4760001 0.057 1
-22.974001 -12.759 0.87099999 6
-9.3070002 -5.0640001 0.55400002 2
-1.485 -0.91299999 -0.015 14
-4.3280001 -2.596 0.057999998 0
-17.671 -10.345 0.67199999 4
-6.7449999 -3.868 0.40000001 0
-1.497 -0.97100002 -0.014 23
-1.505 -0.95099998 0.02 21
-1.5 -0.92400002 0.057 5
0 0 0 0
0 0 0 0
-1.489 -0.99000001 0.021 21
-1.425 -0.92400002 0.054000001 48
-1.475 -0.935 0.086000003 2
-0.92900002 -0.66799998 -0.0070000002 8
0 0 0 0
-1.169 -0.796 0.044 151
-1.271 -0.847 0.074000001 8
-0.91600001 -0.69099998 -0.0060000001 8
-0.921 -0.67699999 0.014 7
-0.93400002 -0.66799998 0.035 7
0 0 0 0
-4.0040002 -3.177 -0.025 2
-0.912 -0.70300001 0.014 6
-0.92000002 -0.69 0.035 7
-0.92299998 -0.676 0.052999999 8
-3.9530001 -3.2920001 -0.021 16
0 0 0 0
-0.90600002 -0.71200001 0.035 7
-0.91399997 -0.70099998 0.052000001 8
-3.8970001 -3.405 -0.016000001 17
-1.973 -1.673 0.033 1
0 0 0 0
-0.90200001 -0.72399998 0.050999999 7
-5.4460001 -4.9910002 -0.017000001 16
0 0 0 0
0 0 0 0
0 0 0 0
0 0 0 0
0 0 0 0
-5.46 -4.9310002 0.213 6
0 0 0 0
0 0 0 0
-1.893 -1.848 0.035 2
-4.9819999 -4.7080002 0.19499999 9
-5.3150001 -4.8889999 0.301 5
0 0 0 0
-1.873 -1.914 0.035999998 0
-4.5830002 -4.533 0.18099999 11
-4.8709998 -4.6849999 0.27500001 5
0 0 0 0
-1.858 -1.989 0.037999999 0
-4.2249999 -4.3720002 0.168 12
-4.4619999 -4.487 0.25 8
0 0 0 0
-1.813 -2.0339999 0.037999999 0
-3.9000001 -4.2259998 0.155 12
-4.1170001 -4.329 0.23 7
-3.2950001 -4.0170002 0.014 8
-1.789 -2.1029999 0.039000001 0
-3.6170001 -4.1030002 0.145 12
-3.822 -4.2059999 0.212 10
0 0 0 0
-1.755 -2.1630001 0.039999999 0
-3.3410001 -3.9679999 0.13500001 12
-3.516 -4.0469999 0.19400001 11
0 0 0 0
0 0 0 0
-3.1159999 -3.8770001 0.127 10
-3.2420001 -3.9070001 0.177 12
0 0 0 0
0 0 0 0
-2.8989999 -3.78 0.119 7
-3.02 -3.809 0.164 14
-2.3889999 -3.546 0.026000001 1
-1.673 -2.3829999 0.043000001 0
-2.6889999 -3.677 0.111 2
-2.8199999 -3.7260001 0.152 13
-2.2260001 -3.477 0.028999999 19
-2.342 -3.506 0.063000001 5
-2.5320001 -3.6329999 0.105 0
-2.6370001 -3.6500001 0.141 12
-2.1589999 -3.5550001 0.033 3
-2.21 -3.4790001 0.063000001 8
-2.319 -3.4949999 0.097000003 10
-2.4660001 -3.5799999 0.131 11
0 0 0 0
-1.561 -2.5899999 0.046 0
-2.2030001 -3.4909999 0.093000002 10
-2.2909999 -3.4920001 0.121 10
-1.046 -1.919 0.021 2
-1.4450001 -2.526 0.045000002 5
0 0 0 0
-2.1429999 -3.4330001 0.112 9
-1.0089999 -1.959 0.023 15
-1.046 -1.931 0.034000002 15
-1.431 -2.516 0.061999999 1
-2.0150001 -3.398 0.104 1
-1.17 -2.408 0.029999999 71
-0.99900001 -1.951 0.034000002 24
-1.044 -1.937 0.046 15
-1.066 -1.8940001 0.054000001 4
-1.082 -2.3659999 0.032000002 73
-1.16 -2.401 0.041999999 70
-1.053 -2.0650001 0.046999998 158
-1.035 -1.939 0.052000001 16
-1 -2.3280001 0.033 80
-1.074 -2.3610001 0.041000001 80
-1.153 -2.3940001 0.052000001 71
-1.1950001 -2.3659999 0.059999999 150
-0.92199999 -2.2950001 0.034000002 77
-0.99400002 -2.3239999 0.041000001 80
-1.069 -2.3559999 0.048999999 81
-1.142 -2.3929999 0.056000002 78
-0.84799999 -2.26 0.035 82
-0.917 -2.29 0.039999999 80
-0.98900002 -2.3180001 0.046 79
-1.059 -2.3559999 0.050999999 87
-0.77700001 -2.2290001 0.037 81
-0.84299999 -2.2539999 0.039000001 84
-0.91500002 -2.2909999 0.043000001 78
-0.98000002 -2.3180001 0.046999998 89
-0.70700002 -2.191 0.037999999 65
-0.77499998 -2.2279999 0.037999999 85
-0.84100002 -2.253 0.041000001 85
-0.90700001 -2.2920001 0.041999999 88
-0.53899997 -1.813 0.032000002 158
-0.70300001 -2.1830001 0.037999999 70
-0.77399999 -2.2290001 0.037999999 84
-0.83499998 -2.2579999 0.037999999 88
-0.46000001 -1.689 0.030999999 21
-0.51999998 -1.752 0.029999999 163
-0.704 -2.1860001 0.035999998 74
-0.76700002 -2.2260001 0.034000002 92
-0.51999998 -2.102 0.041000001 73
-0.463 -1.702 0.028999999 32
-0.51899999 -1.748 0.027000001 160
-0.69800001 -2.1860001 0.029999999 74
-0.46399999 -2.0799999 0.041999999 74
-0.51800001 -2.0929999 0.035999998 75
-0.465 -1.709 0.025 43
-0.52100003 -1.773 0.022 162
-0.40900001 -2.0550001 0.043000001 77
-0.46200001 -2.0699999 0.035 79
-0.51999998 -2.1010001 0.028999999 80
-0.45699999 -1.696 0.017999999 28
-0.354 -2.023 0.043000001 69
-0.40900001 -2.0569999 0.035 79
-0.465 -2.0780001 0.027000001 82
-0.51499999 -2.099 0.018999999 82
-0.30199999 -1.994 0.044 80
-0.35499999 -2.027 0.034000002 75
-0.41100001 -2.0580001 0.025 78
-0.45899999 -2.0739999 0.016000001 77
-0.25299999 -1.983 0.045000002 75
-0.303 -1.998 0.034000002 70
-0.35699999 -2.029 0.023 73
-0.405 -2.0550001 0.013 85
-0.204 -1.954 0.046 73
-0.25400001 -1.979 0.033 77
-0.30399999 -1.997 0.021 78
-0.352 -2.026 0.0099999998 81
-0.15700001 -1.937 0.046999998 69
-0.204 -1.9529999 0.033 81
-0.255 -1.979 0.02 81
-0.30000001 -1.9960001 0.0070000002 87
-0.111 -1.9119999 0.048 70
-0.15800001 -1.933 0.032000002 76
-0.207 -1.961 0.017999999 80
-0.25099999 -1.977 0.0040000002 81
-0.066 -1.8940001 0.048999999 81
-0.111 -1.9119999 0.032000002 77
-0.16 -1.9400001 0.016000001 71
-0.20299999 -1.9579999 0.001 82
-0.022 -1.878 0.048999999 75
-0.067000002 -1.893 0.032000002 81
-0.114 -1.921 0.015 73
-0.156 -1.939 -0.001 83
0.018999999 -1.8559999 0.050000001 74
-0.023 -1.88 0.030999999 83
-0.068999998 -1.899 0.013 76
-0.109 -1.914 -0.0040000002 77
0.061000001 -1.839 0.050999999 79
0.018999999 -1.859 0.030999999 75
-0.025 -1.877 0.011 77
-0.064999998 -1.897 -0.0060000001 79
0.102 -1.8200001 0.052000001 76
0.059999999 -1.832 0.030999999 78
0.017000001 -1.857 0.0099999998 76
-0.021 -1.877 -0.0089999996 85
0.14300001 -1.804 0.052000001 77
0.102 -1.825 0.029999999 86
0.059 -1.841 0.0080000004 80
0.021 -1.852 -0.011 78
0.182 -1.778 0.052999999 75
0.142 -1.804 0.029999999 75
0.101 -1.824 0.0070000002 82
0.063000001 -1.842 -0.014 73
0.221 -1.763 0.054000001 81
0.182 -1.779 0.028999999 77
0.141 -1.8049999 0.0049999999 81
0.105 -1.825 -0.016000001 78
0.25999999 -1.748 0.054000001 86
0.221 -1.7640001 0.028999999 88
0.18099999 -1.784 0.0040000002 82
0.146 -1.808 -0.018999999 75
0.29800001 -1.732 0.055 9
0.25999999 -1.747 0.028999999 82
0.22 -1.762 0.0020000001 80
0 0 0 0
0 0 0 0
0.29800001 -1.733 0.028999999 7
0.25999999 -1.7539999 0.001 82
0.22499999 -1.77 -0.023 16
0.167 -0.76499999 0.025 1
0 0 0 0
0.30000001 -1.745 0 5
0 0 0 0
0.183 -0.75400001 0.025 1
0.169 -0.77200001 0.012 1
0 0 0 0
0 0 0 0
0.197 -0.73900002 0.025 8
0.185 -0.75999999 0.012 1
0.169 -0.76999998 -0.001 1
0 0 0 0
0 0 0 0
0.199 -0.74199998 0.012 4
0.184 -0.755 -0.001 1
0.171 -0.76599997 -0.014 1
0.51700002 -1.633 0.059 18
0 0 0 0
0.199 -0.73900002 -0.0020000001 4
0.185 -0.74800003 -0.015 1
0.551 -1.613 0.059999999 90
0.51800001 -1.6289999 0.026000001 25
0 0 0 0
0.20100001 -0.73799998 -0.016000001 4
0.58499998 -1.5930001 0.059999999 104
0.54900002 -1.598 0.026000001 84
0.51999998 -1.631 -0.0070000002 26
0 0 0 0
0.62099999 -1.58 0.061000001 105
0.588 -1.5930001 0.026000001 108
0.55599999 -1.614 -0.0089999996 95
0.257 -0.79699999 -0.02 0
0.65499997 -1.562 0.061000001 91
0.62400001 -1.577 0.025 104
0 0 0 0
0 0 0 0
0.68800002 -1.5420001 0.061999999 112
0.66000003 -1.563 0.025 91
0 0 0 0
0.296 -0.78799999 -0.022 0
0.72500002 -1.5319999 0.063000001 109
0.69499999 -1.545 0.024 100
0 0 0 0
0 0 0 0
0.759 -1.515 0.063000001 101
0.73000002 -1.531 0.024 96
0 0 0 0
0.29300001 -0.68300003 -0.022 4
0.79400003 -1.499 0.064000003 92
0.76499999 -1.5140001 0.024 94
0.73699999 -1.534 -0.016000001 24
0 0 0 0
0.82200003 -1.47 0.064000003 34
0.79900002 -1.4960001 0.023 93
0.77100003 -1.515 -0.017000001 95
0 0 0 0
0.755 -1.281 0.057 3
0.80900002 -1.433 0.022 10
0.80900002 -1.502 -0.017999999 84
0 0 0 0
0.60699999 -0.98100001 0.044 3
0 0 0 0
0.81 -1.423 -0.018999999 6
0 0 0 0
0.634 -0.97299999 0.045000002 1
0.61699998 -0.98500001 0.015 1
0 0 0 0
0 0 0 0
0.51999998 -0.75999999 0.035 7
0.505 -0.76700002 0.011 6
0.51300001 -0.81199998 -0.012 6
0.40700001 -0.66799998 -0.028999999 0
0.68199998 -0.95099998 0.045000002 1
0.66299999 -0.95899999 0.014 1
0.64399999 -0.96899998 -0.016000001 1
0 0 0 0
0.70899999 -0.94400001 0.046 1
0.68699998 -0.94700003 0.014 1
0.671 -0.95999998 -0.017000001 1
0 0 0 0
0.73000002 -0.92699999 0.046 1
0.71499997 -0.93900001 0.014 1
0.69400001 -0.94599998 -0.017999999 1
0 0 0 0
0.75400001 -0.91600001 0.046999998 1
0.73900002 -0.926 0.013 1
0.72000003 -0.93400002 -0.018999999 1
0 0 0 0
0.77899998 -0.903 0.046999998 1
0.76300001 -0.912 0.013 1
0.74599999 -0.92199999 -0.02 1
0 0 0 0
0.80400002 -0.88999999 0.046999998 1
0.78799999 -0.89999998 0.013 1
0.76899999 -0.90700001 -0.021 1
0 0 0 0
0.829 -0.87800002 0.048 1
0.81599998 -0.88999999 0.012 1
0.79100001 -0.88999999 -0.022 1
0 0 0 0
0.85399997 -0.86500001 0.048 1
0.83899999 -0.875 0.012 1
0.81900001 -0.87900001 -0.023 1
0 0 0 0
0 0 0 0
0.86900002 -0.86500001 0.012 0
0.84100002 -0.86299998 -0.024 1
0 0 0 0
0.58700001 -0.54400003 0.030999999 5
0.611 -0.58099997 0.0080000004 0
0 0 0 0
0 0 0 0
0.62300003 -0.55199999 0.033 0
0.60399997 -0.54900002 0.0070000002 4
0.59500003 -0.55500001 -0.017000001 4
0 0 0 0
0.62699997 -0.53100002 0.032000002 0
0.63300002 -0.54900002 0.0070000002 0
0.616 -0.54900002 -0.017999999 0
0 0 0 0
0.653 -0.52899998 0.033 0
0.65100002 -0.53899997 0.0070000002 0
0.63200003 -0.537 -0.018999999 0
0 0 0 0
1.52 -1.175 0.075000003 1
0 0 0 0
0.65200001 -0.528 -0.02 0
0 0 0 0
1.5599999 -1.151 0.075000003 78
1.536 -1.158 0.014 20
1.533 -1.184 -0.048 0
0 0 0 0
1.596 -1.124 0.075000003 82
1.584 -1.138 0.013 79
0 0 0 0
0 0 0 0
1.649 -1.108 0.075999998 72
1.632 -1.118 0.013 85
0.77999997 -0.546 -0.025 0
0 0 0 0
1.693 -1.0829999 0.077 77
1.682 -1.096 0.012 66
0.792 -0.52700001 -0.025 0
0 0 0 0
1.7460001 -1.062 0.077 73
1.723 -1.068 0.011 84
0.80599999 -0.50999999 -0.026000001 0
0 0 0 0
1.794 -1.0369999 0.078000002 75
1.784 -1.049 0.0099999998 83
0.80699998 -0.484 -0.026000001 0
0 0 0 0
2.358 -1.295 0.1 24
1.911 -1.067 0.0099999998 173
0.79500002 -0.45199999 -0.026000001 0
0 0 0 0
2.434 -1.267 0.101 23
2.4070001 -1.272 0.011 29
0.80900002 -0.43599999 -0.027000001 0
0 0 0 0
2.5039999 -1.234 0.102 24
2.4920001 -1.245 0.0099999998 24
0.81199998 -0.41299999 -0.027000001 0
0 0 0 0
2.582 -1.202 0.103 25
2.5599999 -1.207 0.0080000004 22
0.81699997 -0.391 -0.028000001 0
0 0 0 0
2.6570001 -1.165 0.104 25
2.6359999 -1.169 0.0070000002 23
0.81300002 -0.366 -0.028000001 0
0 0 0 0
2.747 -1.132 0.105 26
2.72 -1.133 0.0049999999 24
0.82300001 -0.34799999 -0.028999999 0
0 0 0 0
2.826 -1.092 0.106 26
2.8039999 -1.0930001 0.0040000002 24
0.83899999 -0.33199999 -0.028999999 0
0 0 0 0
2.9030001 -1.048 0.106 25
2.8970001 -1.054 0.0020000001 25
0.83399999 -0.30700001 -0.028999999 0
0 0 0 0
2.132 -0.71700001 0.075999998 18
2.128 -0.72000003 0 18
2.1400001 -0.73299998 -0.077 1
0 0 0 0
2.1329999 -0.66500002 0.074000001 19
2.132 -0.66799998 0 19
2.1340001 -0.67400002 -0.078000002 13
0 0 0 0
2.145 -0.61699998 0.072999999 18
2.142 -0.61699998 -0.001 20
2.1459999 -0.62300003 -0.079000004 13
0 0 0 0
2.1600001 -0.56900001 0.071000002 18
2.1559999 -0.56800002 -0.003 20
2.1559999 -0.57099998 -0.079999998 14
0 0 0 0
2.1719999 -0.52100003 0.07 18
2.161 -0.51700002 -0.0040000002 19
2.1630001 -0.51899999 -0.081 16
0 0 0 0
2.181 -0.472 0.068999998 19
2.177 -0.46799999 -0.0049999999 20
2.178 -0.46900001 -0.082999997 16
0 0 0 0
2.1930001 -0.42399999 0.067000002 19
2.1889999 -0.419 -0.0070000002 19
2.187 -0.417 -0.083999999 16
0 0 0 0
1.511 -0.257 0.045000002 162
1.5089999 -0.25299999 -0.0049999999 171
1.5140001 -0.252 -0.059 156
0 0 0 0
2.2219999 -0.32800001 0.064000003 2
2.223 -0.32100001 -0.0099999998 1
2.2290001 -0.31799999 -0.086999997 2
0 0 0 0
2.2260001 -0.278 0.063000001 16
2.2149999 -0.26800001 -0.011 17
2.2190001 -0.26300001 -0.088 18
0 0 0 0
2.233 -0.228 0.061000001 17
2.2260001 -0.21799999 -0.012 17
2.234 -0.211 -0.089000002 18
0 0 0 0
2.24 -0.17900001 0.059 16
2.24 -0.167 -0.014 18
2.2490001 -0.16 -0.090999998 16
0 0 0 0
2.25 -0.12899999 0.057 18
2.2509999 -0.117 -0.015 18
2.2579999 -0.107 -0.092 18
0 0 0 0
2.2650001 -0.079999998 0.056000002 17
2.26 -0.064999998 -0.017000001 17
2.2639999 -0.054000001 -0.093999997 17
0 0 0 0
2.2739999 -0.028999999 0.054000001 17
2.2709999 -0.013 -0.018999999 16
2.2780001 -0.001 -0.094999999 17
0 0 0 0
2.29 0.021 0.052000001 17
2.2869999 0.037999999 -0.02 17
2.2869999 0.052000001 -0.097000003 17
3.0469999 0.088 -0.222 1
2.296 0.071000002 0.050999999 17
2.2969999 0.090999998 -0.022 16
2.2980001 0.107 -0.097999997 16
3.0940001 0.164 -0.226 1
2.3099999 0.124 0.048999999 17
2.3099999 0.14399999 -0.024 16
2.3150001 0.162 -0.1 17
3.0910001 0.23800001 -0.227 1
2.3169999 0.176 0.046999998 18
2.319 0.198 -0.025 16
2.322 0.219 -0.102 15
1.524 0.155 -0.112 2
2.332 0.23 0.045000002 17
1.503 0.163 -0.017000001 25
1.464 0.17200001 -0.064999998 20
1.432 0.18099999 -0.106 21
1.4579999 0.176 0.026000001 20
1.421 0.18799999 -0.017000001 5
1.383 0.19599999 -0.061999999 3
1.355 0.204 -0.101 3
1.377 0.197 0.024 3
1.348 0.20900001 -0.017000001 24
1.313 0.21799999 -0.059 5
1.28 0.22499999 -0.096000001 25
0 0 0 0
1.275 0.228 -0.017000001 6
1.247 0.237 -0.057 4
1.221 0.245 -0.092 3
1.258 0.23800001 0.018999999 4
1.221 0.248 -0.017999999 4
1.1950001 0.257 -0.055 5
1.163 0.26300001 -0.088 4
1.192 0.25299999 0.017000001 5
1.164 0.264 -0.017999999 4
1.136 0.27200001 -0.052999999 4
1.109 0.27900001 -0.083999999 3
1.1440001 0.27000001 0.015 5
1.113 0.27900001 -0.017999999 4
1.086 0.28799999 -0.052000001 4
1.066 0.296 -0.081 4
1.1 0.28600001 0.013 5
1.0650001 0.29300001 -0.017999999 5
1.054 0.30599999 -0.050999999 4
1.0420001 0.31600001 -0.079999998 4
1.059 0.301 0.011 5
1.043 0.31299999 -0.017999999 4
1.035 0.32699999 -0.050999999 4
1.0420001 0.34400001 -0.081 3
1.0369999 0.31999999 0.0099999998 5
1.031 0.336 -0.018999999 3
1.04 0.35600001 -0.050999999 3
1.044 0.373 -0.081 2
1.041 0.347 0.0089999996 4
1.041 0.366 -0.02 3
1.044 0.38499999 -0.052000001 3
1.054 0.40599999 -0.082999997 2
1.04 0.37200001 0.0080000004 3
1.046 0.39500001 -0.021 3
1.0549999 0.41800001 -0.054000001 3
1.062 0.43900001 -0.083999999 3
1.049 0.40200001 0.0060000001 3
1.052 0.42500001 -0.023 2
1.064 0.45100001 -0.055 2
1.077 0.47499999 -0.086000003 2
1.0549999 0.43200001 0.0049999999 3
1.061 0.45699999 -0.024 2
1.071 0.484 -0.056000002 2
1.085 0.51099998 -0.086999997 2
1.063 0.463 0.0040000002 3
1.068 0.49000001 -0.025 2
1.0829999 0.51999998 -0.057999998 3
1.1 0.551 -0.089000002 2
1.067 0.49399999 0.0020000001 3
1.082 0.52700001 -0.027000001 2
1.096 0.55900002 -0.059999999 2
1.11 0.58999997 -0.090999998 2
1.0829999 0.53100002 0.001 2
1.095 0.565 -0.028000001 2
1.1109999 0.60000002 -0.061000001 2
1.12 0.63 -0.093000002 2
1.091 0.56599998 0 2
1.113 0.60699999 -0.029999999 2
1.119 0.639 -0.063000001 2
1.138 0.67699999 -0.094999999 2
1.107 0.60699999 -0.001 2
1.126 0.648 -0.030999999 2
1.133 0.68300003 -0.064999998 2
1.151 0.72299999 -0.097000003 2
1.122 0.648 -0.003 2
1.1339999 0.68800002 -0.033 2
1.153 0.73199999 -0.067000002 2
1.174 0.77700001 -0.1 11
1.132 0.68800002 -0.0049999999 2
1.149 0.73400003 -0.035 1
1.1720001 0.78399998 -0.07 1
0 0 0 0
1.153 0.73699999 -0.0070000002 14
1.17 0.78600001 -0.037 12
2.777 1.955 -0.169 6
0 0 0 0
1.175 0.78899997 -0.0089999996 2
0 0 0 0
2.747 2.033 -0.17 7
2.7090001 2.0910001 -0.23999999 7
2.773 1.955 -0.026000001 4
2.7309999 2.0250001 -0.096000001 1
2.7030001 2.102 -0.171 7
2.684 2.177 -0.241 7
2.747 2.0309999 -0.030999999 7
2.7060001 2.1040001 -0.098999999 7
2.677 2.184 -0.17299999 7
2.6489999 2.256 -0.241 7
2.7149999 2.1059999 -0.035999998 7
2.6789999 2.1849999 -0.102 7
2.641 2.2620001 -0.17399999 7
2.6129999 2.3369999 -0.241 7
2.6860001 2.1819999 -0.041000001 7
2.641 2.2579999 -0.105 7
2.5999999 2.335 -0.175 7
2.5739999 2.4170001 -0.241 6
2.6470001 2.2509999 -0.046 7
2.612 2.3399999 -0.109 7
2.5710001 2.421 -0.177 7
2.533 2.4960001 -0.23999999 6
2.6159999 2.329 -0.050999999 7
2.5799999 2.421 -0.112 6
2.533 2.5009999 -0.17900001 6
2.4960001 2.579 -0.241 5
2.576 2.4000001 -0.056000002 6
2.539 2.4949999 -0.115 6
2.494 2.5799999 -0.18000001 6
0 0 0 0
2.55 2.4860001 -0.061000001 6
2.5009999 2.573 -0.119 6
0 0 0 0
0 0 0 0
2.497 2.5480001 -0.067000002 6
2.451 2.641 -0.122 1
0 0 0 0
0 0 0 0
2.4549999 2.6240001 -0.071999997 5
0 0 0 0
0 0 0 0
0 0 0 0
0 0 0 0
0 0 0 0
0 0 0 0
1.426 1.881 -0.15099999 3
0 0 0 0
0 0 0 0
1.432 1.8839999 -0.119 0
0.76700002 1.064 -0.082999997 2
0 0 0 0
0 0 0 0
1.396 1.929 -0.119 0
0.72399998 1.056 -0.079999998 2
0 0 0 0
1.387 1.896 -0.086999997 2
0.71899998 1.044 -0.063000001 37
0 0 0 0
1.402 1.89 -0.064000003 2
0.72799999 1.046 -0.048 1
0 0 0 0
0 0 0 0
1.388 1.964 -0.068999998 0
0.70700002 1.066 -0.048999999 4
0 0 0 0
0 0 0 0
0 0 0 0
0 0 0 0
1.284 2.1800001 -0.126 0
0 0 0 0
0 0 0 0
0 0 0 0
1.244 2.2320001 -0.127 0
0 0 0 0
0 0 0 0
1.263 2.2279999 -0.104 0
1.224 2.323 -0.13 0
0.71100003 1.4450001 -0.093000002 2
1.276 2.21 -0.086999997 0
1.222 2.279 -0.107 0
0.70999998 1.429 -0.079000004 16
0 0 0 0
0 0 0 0
0.722 1.425 -0.067000002 2
1.166 2.4920001 -0.13600001 0
0.27599999 0.63499999 -0.039000001 12
0 0 0 0
0.68599999 1.436 -0.067000002 2
0 0 0 0
0 0 0 0
0.69300002 1.419 -0.061000001 17
0 0 0 0
0.34999999 0.85000002 -0.045000002 2
0 0 0 0
0 0 0 0
0.26699999 0.634 -0.029999999 11
0 0 0 0
0.31900001 0.90700001 -0.050999999 1
0.27599999 0.63800001 -0.028000001 3
0 0 0 0
0.32100001 0.898 -0.046 0
0 0 0 0
0.412 1.018 -0.046999998 5
0 0 0 0
0.29899999 0.903 -0.046 0
0 0 0 0
0 0 0 0
0.30899999 0.90600002 -0.043000001 0
0.93199998 3.05 -0.154 1
0.391 1.431 -0.075999998 17
0.31299999 0.889 -0.043000001 1
0 0 0 0
0.396 1.4170001 -0.071000002 1
1.141 4.5929999 -0.23800001 4
0 0 0 0
1.262 4.348 -0.212 2
0.36899999 1.448 -0.071000002 2
0.824 3.6889999 -0.18700001 2
0 0 0 0
0.38100001 1.4400001 -0.07 22
1.079 4.6890001 -0.23 14
0.98299998 4.9489999 -0.245 24
0.396 1.4349999 -0.074000001 12
1.1160001 4.645 -0.229 3
0.71100003 3.4630001 -0.168 5
0.89999998 5.1599998 -0.249 27
1.146 4.5669999 -0.23999999 3
0.74199998 3.444 -0.171 9
0.91900003 5.0780001 -0.244 26
0.79799998 5.3210001 -0.25099999 20
0.84299999 3.723 -0.2 9
0.954 4.9879999 -0.249 26
0.82700002 5.2740002 -0.25099999 25
0.62 4.9229999 -0.226 53
0.99599999 4.9310002 -0.27000001 22
0.86699998 5.1890001 -0.26100001 26
0.68400002 5.1550002 -0.243 24
0.486 4.757 -0.213 52
0.91000003 5.1160002 -0.28600001 29
0.77399999 5.4039998 -0.273 19
0.53200001 4.8899999 -0.229 14
0.375 4.796 -0.20999999 52
0.81999999 5.322 -0.30399999 20
0.67199999 5.6360002 -0.287 20
0.41100001 4.822 -0.223 24
0.079000004 1.456 -0.061999999 19
0.68199998 5.2399998 -0.30500001 27
0.435 4.5489998 -0.233 6
0 0 0 0
0.046 1.495 -0.061999999 1
0.61500001 5.7820001 -0.34299999 19
0.396 5.4829998 -0.28400001 13
0.057 1.5 -0.068000004 5
0.037 4.8899999 -0.199 31
0.47799999 5.763 -0.34900001 19
0.07 1.457 -0.075999998 29
0.071000002 4.8189998 -0.21799999 23
-0.079999998 5.1370001 -0.204 32
0 0 0 0
0.148 5.888 -0.31 3
-0.043000001 5.1170001 -0.23 17
-0.199 5.0970001 -0.198 76
0.054000001 1.501 -0.093999997 2
0.0099999998 5.7880001 -0.30700001 14
-0.164 5.1129999 -0.228 24
-0.186 2.9879999 -0.113 3
0.072999999 5.8829999 -0.377 17
-0.123 5.744 -0.30700001 12
-0.28200001 5.0840001 -0.226 13
-0.176 2.0469999 -0.075000003 14
-0.057 5.2789998 -0.34400001 17
-0.233 5.1869998 -0.28 16
-0.234 2.97 -0.131 81
-0.54400003 4.961 -0.178 48
-0.18099999 5.2690001 -0.34999999 4
-0.204 2.9760001 -0.162 23
-0.51099998 4.9759998 -0.21799999 49
-0.368 2.7590001 -0.097000003 150
0 0 0 0
-0.18799999 2.0420001 -0.112 10
-0.62300003 4.9330001 -0.215 48
-0.414 2.6340001 -0.090000004 19
-0.167 2.052 -0.141 3
-0.676 5.8270001 -0.324 20
-0.73299998 4.8850002 -0.212 27
0 0 0 0
0 0 0 0
-0.69 4.941 -0.27700001 1
-0.85399997 4.9039998 -0.212 38
-0.99000001 4.8239999 -0.156 9
0 0 0 0
-0.43200001 2.6389999 -0.149 12
-0.96200001 4.849 -0.20900001 46
0 0 0 0
-0.40799999 2.6570001 -0.19400001 2
0 0 0 0
-1.068 4.8000002 -0.206 12
0 0 0 0
-0.442 2.4860001 -0.185 0
-1.1950001 5.6279998 -0.32600001 6
0 0 0 0
-1.312 4.7010002 -0.14 74
-1.142 5.6399999 -0.42899999 17
0 0 0 0
-1.284 4.7150002 -0.20100001 8
0 0 0 0
0 0 0 0
-1.447 5.52 -0.32800001 3
-1.3839999 4.6529999 -0.198 55
0 0 0 0
0 0 0 0
-1.36 4.7340002 -0.285 46
0 0 0 0
0 0 0 0
-1.322 4.7600002 -0.38299999 0
0 0 0 0
-0.227 0.64999998 -0.027000001 10
0 0 0 0
0 0 0 0
-0.219 0.64700001 -0.039000001 11
0 0 0 0
-0.255 0.625 -0.016000001 255
0 0 0 0
0 0 0 0
-0.252 0.62800002 -0.026000001 31
0 0 0 0
0 0 0 0
0 0 0 0
-0.266 0.61900002 -0.026000001 49
-3.5280001 7.6079998 -0.184 5
0 0 0 0
-0.26100001 0.62199998 -0.039999999 10
-3.7620001 8.224 -0.34900001 39
-3.753 7.6230001 -0.178 8
-0.25099999 0.61199999 -0.054000001 10
-3.6830001 8.2259998 -0.537 1
-3.7049999 7.6269999 -0.324 49
-5.6669998 10.874 -0.245 56
-0.264 0.60299999 -0.054000001 3
-3.635 7.6329999 -0.505 10
-5.6059999 10.885 -0.463 17
-5.9039998 10.72 -0.233 44
0 0 0 0
-5.5349998 10.952 -0.73699999 2
-1.512 2.776 -0.118 4
-6.1830001 10.637 -0.223 51
0 0 0 0
0 0 0 0
-6.1160002 10.633 -0.454 20
-6.4159999 10.479 -0.211 37
0 0 0 0
0 0 0 0
-6.3860002 10.525 -0.45100001 12
-1.8329999 2.846 -0.055 43
0 0 0 0
0 0 0 0
-6.6420002 10.395 -0.447 39
-5.5900002 8.2519999 -0.153 5
0 0 0 0
0 0 0 0
-5.586 8.3120003 -0.359 7
0 0 0 0
0 0 0 0
0 0 0 0
-1.62 2.293 -0.098999999 22
0 0 0 0
0 0 0 0
0 0 0 0
-5.967 8.0459995 -0.35100001 1
0 0 0 0
0 0 0 0
0 0 0 0
-6.1589999 7.915 -0.34799999 1
-1.309 1.596 -0.024 49
0 0 0 0
0 0 0 0
-1.313 1.608 -0.071000002 3
-6.3709998 7.4169998 -0.108 60
0 0 0 0
0 0 0 0
0 0 0 0
0 0 0 0
0 0 0 0
0 0 0 0
0 0 0 0
0 0 0 0
0 0 0 0
0 0 0 0
0 0 0 0
-5.2179999 5.296 -0.063000001 0
0 0 0 0
0 0 0 0
0 0 0 0
-2.1470001 2.0829999 -0.023 1
0 0 0 0
-1.568 1.602 -0.139 3
0 0 0 0
-1.063 0.98500001 -0.0099999998 69
0 0 0 0
0 0 0 0
-1.0700001 0.99199998 -0.046 18
0 0 0 0
0 0 0 0
0 0 0 0
0 0 0 0
0 0 0 0
0 0 0 0
0 0 0 0
0 0 0 0
-1.041 0.83999997 -0.0060000001 4
0 0 0 0
0 0 0 0
-1.048 0.84399998 -0.041000001 0
0 0 0 0
0 0 0 0
0 0 0 0
0 0 0 0
0 0 0 0
0 0 0 0
0 0 0 0
0 0 0 0
0 0 0 0
-1.214 0.93000001 -0.146 3
0 0 0 0
0 0 0 0
0 0 0 0
-1.916 1.395 -0.228 17
0 0 0 0
0 0 0 0
-1.997 1.268 -0.003 61
-1.9450001 1.345 -0.228 20
-1.993 1.317 -0.148 63
-1.984 1.251 -0.068000004 32
-2.016 1.217 -0.001 64
-1.997 1.311 -0.23100001 55
-1.985 1.245 -0.145 25
-2.039 1.221 -0.068000004 54
-10.426 5.98 -0.0020000001 16
0 0 0 0
-3.7839999 2.2520001 -0.273 3
-10.457 5.9390001 -0.34200001 11
-2.2460001 1.222 0 61
-2.1300001 1.256 -0.23999999 13
0 0 0 0
-2.2579999 1.215 -0.071999997 45
0 0 0 0
-2.1589999 1.2029999 -0.23999999 20
-2.253 1.2 -0.15800001 7
0 0 0 0
0 0 0 0
-2.211 1.164 -0.243 20
0 0 0 0
-0.81099999 0.389 -0.024 17
0 0 0 0
0 0 0 0
-0.80699998 0.382 -0.055 5
0 0 0 0
-12.095 5.2319999 0.032000002 9
0 0 0 0
0 0 0 0
0 0 0 0
-2.668 1.0829999 0.0080000004 5
0 0 0 0
0 0 0 0
-2.7019999 1.074 -0.077 5
-12.652 4.8070002 0.046 4
-2.7449999 1.1210001 -0.289 20
-2.7850001 1.086 -0.183 5
-12.999 4.8249998 -0.36500001 9
-13.042 4.625 0.052999999 7
-2.701 1.027 -0.28200001 31
-12.222 4.4369998 -0.796 1
-13.398 4.6269999 -0.36899999 9
-13.273 4.3709998 0.059 18
-2.7320001 0.96499997 -0.28200001 26
-12.654 4.2579999 -0.815 1
0 0 0 0
-2.6860001 0.81800002 0.013 5
0 0 0 0
-2.7130001 0.84200001 -0.17299999 5
-2.7 0.79500002 -0.071000002 5
-2.707 0.759 0.014 5
-2.6949999 0.80699998 -0.27399999 3
-2.675 0.76099998 -0.169 10
-14.79 3.9920001 -0.38600001 5
-15.081 3.8640001 0.082000002 7
-2.7060001 0.73900002 -0.27200001 5
-14.01 3.6340001 -0.87599999 2
0 0 0 0
-15.624 3.6340001 0.090000004 8
-2.6960001 0.667 -0.26899999 5
0 0 0 0
0 0 0 0
-16.167999 3.381 0.097999997 5
0 0 0 0
0 0 0 0
-16.412001 3.237 -0.41 2
-15.947 2.9649999 0.1 1
0 0 0 0
0 0 0 0
-17.033001 2.957 -0.41999999 3
0 0 0 0
0 0 0 0
0 0 0 0
0 0 0 0
0 0 0 0
0 0 0 0
0 0 0 0
0 0 0 0
-16.541 1.9349999 0.114 8
0 0 0 0
0 0 0 0
0 0 0 0
-19.478001 1.839 0.13699999 4
0 0 0 0
0 0 0 0
0 0 0 0
-20.445999 1.471 0.147 3
0 0 0 0
0 0 0 0
0 0 0 0
0 0 0 0
-2.8210001 0.138 -0.26699999 0
0 0 0 0
0 0 0 0
0 0 0 0
-2.832 0.071000002 -0.26699999 0
0 0 0 0
0 0 0 0
0 0 0 0
-2.799 0.0020000001 -0.26199999 0
0 0 0 0
0 0 0 0
0 0 0 0
-2.7420001 -0.063000001 -0.25600001 0
0 0 0 0
0 0 0 0
0 0 0 0
-2.744 -0.12899999 -0.255 0
0 0 0 0
0 0 0 0
-24.764 -1.543 0.186 15
-2.7030001 -0.19400001 -0.25 0
0 0 0 0
0 0 0 0
0 0 0 0
-2.687 -0.25799999 -0.248 0
0 0 0 0
0 0 0 0
0 0 0 0
-2.6340001 -0.317 -0.242 0
0 0 0 0
0 0 0 0
-31.25 -4.0599999 0.23100001 9
-2.5910001 -0.375 -0.237 4
-2.5669999 -0.377 -0.145 9
0 0 0 0
0 0 0 0
-2.605 -0.442 -0.23800001 3
-30.750999 -5.263 -1.744 8
0 0 0 0
-30.709999 -5.3889999 0.221 9
-2.556 -0.49700001 -0.233 0
0 0 0 0
0 0 0 0
-30.408001 -6.0440001 0.214 16
-2.5209999 -0.55299997 -0.229 0
0 0 0 0
-30.096001 -6.6409998 -0.67900002 9
-30.136 -6.691 0.208 8
-2.4809999 -0.60799998 -0.22499999 0
-29.753 -7.2810001 -1.683 10
-29.83 -7.3070002 -0.676 9
-29.805 -7.3150001 0.20100001 11
-2.4690001 -0.66799998 -0.223 2
-29.402 -7.9289999 -1.663 10
0 0 0 0
-29.538 -7.9580002 0.192 14
-2.447 -0.72600001 -0.221 3
-28.1 -8.2950001 -1.59 9
0 0 0 0
0 0 0 0
-2.4170001 -0.77999997 -0.21799999 3
0 0 0 0
-28.959999 -9.2399998 -0.66900003 8
0 0 0 0
-2.3929999 -0.83700001 -0.21600001 3
0 0 0 0
-28.684999 -9.8780003 -0.667 7
-28.673 -9.8280001 0.163 10
-2.3629999 -0.89099997 -0.213 3
-13.613 -5.0830002 -0.773 3
0 0 0 0
-13.378 -4.921 0.071999997 58
-2.3299999 -0.94300002 -0.20999999 4
0 0 0 0
0 0 0 0
-2.3410001 -0.92000002 0.011 0
-2.309 -1 -0.208 4
0 0 0 0
0 0 0 0
-2.3199999 -0.972 0.0099999998 4
-2.283 -1.054 -0.206 4
-2.279 -1.039 -0.13 0
-2.28 -1.026 -0.055 5
-2.289 -1.021 0.0089999996 19
-2.2550001 -1.107 -0.204 4
-4.4899998 -2.174 -0.25799999 12
-2.2690001 -1.084 -0.055 3
-2.257 -1.067 0.0080000004 16
-2.2349999 -1.165 -0.20200001 4
-4.4289999 -2.2739999 -0.255 31
-2.2479999 -1.138 -0.056000002 0
-2.257 -1.1289999 0.0070000002 6
-2.197 -1.2130001 -0.199 4
-4.3829999 -2.381 -0.25400001 29
-4.4089999 -2.3599999 -0.112 30
-2.217 -1.173 0.0060000001 4
-1.5039999 -0.87800002 -0.13600001 10
-4.3390002 -2.4920001 -0.25299999 25
-4.3610001 -2.464 -0.112 31
-2.2019999 -1.228 0.0040000002 4
-1.521 -0.93800002 -0.138 16
-1.523 -0.92199999 -0.089000002 17
-1.5039999 -0.89600003 -0.039000001 8
-2.1789999 -1.28 0.003 3
0 0 0 0
-1.5039999 -0.95899999 -0.089000002 9
-1.515 -0.94999999 -0.039999999 23
-1.49 -0.92000002 0.001 19
-0.93800002 -0.64200002 -0.086000003 8
0 0 0 0
0 0 0 0
-1.5039999 -0.977 0 26
-0.92900002 -0.66799998 -0.085000001 8
-0.93900001 -0.66299999 -0.056000002 7
-0.94300002 -0.653 -0.026000001 8
0 0 0 0
-4.0580001 -3.072 -0.37599999 2
-0.92400002 -0.685 -0.056000002 6
-0.93099999 -0.67699999 -0.026000001 7
-0.94 -0.67199999 -0.001 8
-2.0339999 -1.617 -0.189 2
-4.0380001 -3.142 -0.24699999 2
-0.93000001 -0.70899999 -0.027000001 5
-0.921 -0.69 -0.001 8
-2.013 -1.6799999 -0.18799999 3
-3.9820001 -3.2509999 -0.24600001 23
-4.0190001 -3.211 -0.121 3
-0.921 -0.72299999 -0.0020000001 1
-2 -1.752 -0.18799999 3
-3.928 -3.3629999 -0.24600001 15
-2.0039999 -1.678 -0.061999999 0
-3.9749999 -3.266 -0.015 2
-1.9630001 -1.804 -0.186 0
-3.8859999 -3.487 -0.24600001 14
-3.905 -3.424 -0.124 25
-3.9189999 -3.3710001 -0.018999999 17
-1.937 -1.867 -0.185 0
-3.8399999 -3.612 -0.24699999 3
-5.4349999 -4.9899998 -0.17900001 8
-5.5170002 -4.9650002 -0.033 7
-1.919 -1.939 -0.185 0
-3.753 -3.698 -0.244 3
0 0 0 0
0 0 0 0
-1.893 -2.006 -0.184 0
-3.6619999 -3.7809999 -0.242 3
-4.4679999 -4.4959998 -0.15700001 2
0 0 0 0
-1.881 -2.0910001 -0.185 0
-3.569 -3.8610001 -0.23999999 0
0 0 0 0
-4.3940001 -4.526 -0.043000001 7
-3.4159999 -3.983 -0.34 16
0 0 0 0
0 0 0 0
0 0 0 0
-1.83 -2.24 -0.184 0
0 0 0 0
0 0 0 0
0 0 0 0
0 0 0 0
-3.2839999 -4.092 -0.234 0
-3.312 -4.006 -0.134 11
-3.3740001 -3.9809999 -0.048999999 14
-1.747 -2.3570001 -0.18000001 0
0 0 0 0
0 0 0 0
-3.2880001 -4.0619998 -0.054000001 1
-1.7130001 -2.4289999 -0.18000001 0
0 0 0 0
0 0 0 0
0 0 0 0
-1.677 -2.5020001 -0.17900001 0
0 0 0 0
0 0 0 0
0 0 0 0
-2.2149999 -3.4790001 -0.23999999 12
0 0 0 0
0 0 0 0
0 0 0 0
-1.5930001 -2.635 -0.176 1
-1.601 -2.5539999 -0.12899999 0
-2.2539999 -3.4660001 -0.114 16
0 0 0 0
-1.543 -2.6960001 -0.17399999 1
-1.551 -2.608 -0.12800001 0
-2.194 -3.549 -0.116 8
-2.2149999 -3.474 -0.063000001 20
-1.35 -2.4920001 -0.156 17
-1.4220001 -2.5220001 -0.121 43
0 0 0 0
-2.1589999 -3.5599999 -0.067000002 3
-1.023 -2 -0.121 5
-1.0420001 -1.952 -0.092 16
0 0 0 0
0 0 0 0
-1.161 -2.405 -0.141 13
-0.99900001 -1.98 -0.090999998 14
-1.0369999 -1.9680001 -0.064000003 15
0 0 0 0
-1.079 -2.3789999 -0.13500001 11
-1.136 -2.388 -0.108 67
-1.039 -2.0880001 -0.068000004 158
-1.023 -1.977 -0.043000001 15
-1.001 -2.3510001 -0.12899999 6
-1.052 -2.349 -0.104 67
-1.119 -2.3829999 -0.078000002 75
-1.171 -2.3970001 -0.054000001 111
-0.91799998 -2.303 -0.123 3
-0.97399998 -2.3199999 -0.101 80
-1.036 -2.345 -0.077 74
-1.095 -2.3759999 -0.056000002 78
-0.84100002 -2.2650001 -0.117 0
-0.898 -2.2850001 -0.097999997 69
-0.958 -2.3099999 -0.077 75
-1.012 -2.336 -0.057999998 79
0 0 0 0
-0.82499999 -2.2520001 -0.094999999 77
-0.88300002 -2.276 -0.075999998 72
-0.93699998 -2.302 -0.059 82
0 0 0 0
-0.755 -2.2190001 -0.092 71
-0.81 -2.2379999 -0.075000003 84
-0.86500001 -2.2720001 -0.059999999 90
0 0 0 0
-0.685 -2.1760001 -0.089000002 35
-0.741 -2.2019999 -0.074000001 63
-0.79400003 -2.237 -0.061999999 83
0 0 0 0
0 0 0 0
-0.67500001 -2.1730001 -0.074000001 68
-0.72500002 -2.201 -0.063000001 95
0 0 0 0
-0.44800001 -1.694 -0.067000002 3
-0.50800002 -1.775 -0.061000001 156
-0.66000003 -2.168 -0.064000003 80
0 0 0 0
-0.50199997 -2.0929999 -0.082000002 4
-0.46399999 -1.779 -0.061999999 103
-0.472 -1.6900001 -0.052000001 28
0 0 0 0
0 0 0 0
0 0 0 0
-0.465 -1.825 -0.057999998 156
0 0 0 0
0 0 0 0
0 0 0 0
-0.47999999 -2.0799999 -0.068000004 51
0 0 0 0
0 0 0 0
0 0 0 0
0 0 0 0
0 0 0 0
0 0 0 0
0 0 0 0
0 0 0 0
0 0 0 0
0 0 0 0
0 0 0 0
0 0 0 0
0 0 0 0
0 0 0 0
0 0 0 0
0 0 0 0
0 0 0 0
0 0 0 0
0 0 0 0
0 0 0 0
0 0 0 0
0 0 0 0
0 0 0 0
0 0 0 0
0 0 0 0
0 0 0 0
0 0 0 0
0 0 0 0
0 0 0 0
0 0 0 0
0 0 0 0
0 0 0 0
0 0 0 0
0 0 0 0
0 0 0 0
0 0 0 0
0 0 0 0
0 0 0 0
0 0 0 0
0 0 0 0
0 0 0 0
0 0 0 0
0 0 0 0
0 0 0 0
0 0 0 0
0 0 0 0
0 0 0 0
0 0 0 0
0 0 0 0
0 0 0 0
0 0 0 0
0 0 0 0
0 0 0 0
0 0 0 0
0 0 0 0
0 0 0 0
0 0 0 0
0 0 0 0
0 0 0 0
0 0 0 0
0 0 0 0
0 0 0 0
0 0 0 0
0 0 0 0
0 0 0 0
0 0 0 0
0 0 0 0
0 0 0 0
0 0 0 0
0 0 0 0
0 0 0 0
0 0 0 0
0 0 0 0
0 0 0 0
0 0 0 0
0 0 0 0
0 0 0 0
0 0 0 0
0 0 0 0
0 0 0 0
0 0 0 0
0 0 0 0
0 0 0 0
0 0 0 0
0 0 0 0
0 0 0 0
0 0 0 0
0 0 0 0
0 0 0 0
0 0 0 0
0 0 0 0
0 0 0 0
0 0 0 0
0 0 0 0
0 0 0 0
0 0 0 0
0 0 0 0
0 0 0 0
0 0 0 0
0 0 0 0
0 0 0 0
0 0 0 0
0 0 0 0
0 0 0 0
0 0 0 0
0 0 0 0
0 0 0 0
0 0 0 0
0 0 0 0
0 0 0 0
0 0 0 0
0 0 0 0
0 0 0 0
0 0 0 0
0 0 0 0
0 0 0 0
0 0 0 0
0 0 0 0
0 0 0 0
0 0 0 0
0 0 0 0
0 0 0 0
0 0 0 0
0 0 0 0
0 0 0 0
0 0 0 0
0 0 0 0
0 0 0 0
0 0 0 0
0 0 0 0
0 0 0 0
0 0 0 0
0 0 0 0
0 0 0 0
0 0 0 0
0 0 0 0
0 0 0 0
0 0 0 0
0 0 0 0
0 0 0 0
0 0 0 0
0 0 0 0
0 0 0 0
0 0 0 0
0 0 0 0
0 0 0 0
0 0 0 0
0 0 0 0
0 0 0 0
0 0 0 0
0 0 0 0
0 0 0 0
0 0 0 0
0 0 0 0
0 0 0 0
0 0 0 0
0 0 0 0
0 0 0 0
0 0 0 0
0 0 0 0
0 0 0 0
0 0 0 0
0 0 0 0
0 0 0 0
0 0 0 0
0 0 0 0
0 0 0 0
0 0 0 0
0 0 0 0
0 0 0 0
0 0 0 0
0 0 0 0
0 0 0 0
0 0 0 0
0 0 0 0
0 0 0 0
0 0 0 0
0 0 0 0
0 0 0 0
0 0 0 0
0 0 0 0
0 0 0 0
0 0 0 0
0 0 0 0
0 0 0 0
0 0 0 0
0 0 0 0
0 0 0 0
0 0 0 0
0 0 0 0
0 0 0 0
0 0 0 0
1.58 -1.138 -0.0099999998 82
0 0 0 0
0 0 0 0
0 0 0 0
1.626 -1.117 -0.0089999996 86
0 0 0 0
0 0 0 0
0 0 0 0
1.675 -1.096 -0.0089999996 81
0 0 0 0
0 0 0 0
0 0 0 0
1.7130001 -1.067 -0.0089999996 90
0 0 0 0
0 0 0 0
0 0 0 0
1.776 -1.052 -0.0089999996 80
0 0 0 0
0 0 0 0
0 0 0 0
1.8940001 -1.0650001 -0.0089999996 166
0 0 0 0
0 0 0 0
0 0 0 0
2.388 -1.273 -0.012 25
0 0 0 0
0 0 0 0
0 0 0 0
2.4790001 -1.252 -0.012 25
0 0 0 0
0 0 0 0
0 0 0 0
2.549 -1.216 -0.012 25
0 0 0 0
0 0 0 0
0 0 0 0
2.619 -1.178 -0.012 25
0 0 0 0
0 0 0 0
0 0 0 0
2.704 -1.1440001 -0.013 27
0 0 0 0
0 0 0 0
0 0 0 0
2.7809999 -1.104 -0.013 27
0 0 0 0
0 0 0 0
0 0 0 0
2.8710001 -1.066 -0.014 27
0 0 0 0
0 0 0 0
0 0 0 0
2.1240001 -0.73500001 -0.0099999998 20
0 0 0 0
0 0 0 0
0 0 0 0
2.1270001 -0.68300003 -0.011 21
2.1140001 -0.685 -0.086999997 4
0 0 0 0
0 0 0 0
2.132 -0.63300002 -0.011 20
2.1210001 -0.63300002 -0.086999997 5
0 0 0 0
0 0 0 0
2.1459999 -0.58499998 -0.012 19
2.131 -0.58399999 -0.088 8
0 0 0 0
0 0 0 0
2.161 -0.537 -0.012 21
2.1570001 -0.53799999 -0.089000002 10
0 0 0 0
0 0 0 0
2.1630001 -0.48699999 -0.013 23
2.1730001 -0.48899999 -0.090000004 13
0 0 0 0
0 0 0 0
2.178 -0.44 -0.013 21
2.1889999 -0.44 -0.090999998 13
0 0 0 0
0 0 0 0
1.5039999 -0.26800001 -0.0089999996 174
0 0 0 0
0 0 0 0
0 0 0 0
0 0 0 0
2.2060001 -0.33899999 -0.093000002 14
0 0 0 0
0 0 0 0
2.21 -0.294 -0.015 18
2.2079999 -0.28799999 -0.093999997 15
0 0 0 0
0 0 0 0
2.224 -0.245 -0.016000001 16
2.217 -0.23800001 -0.094999999 16
0 0 0 0
0 0 0 0
2.2309999 -0.19499999 -0.017000001 17
2.243 -0.18799999 -0.097000003 17
0 0 0 0
0 0 0 0
2.2409999 -0.145 -0.017999999 17
2.2520001 -0.13699999 -0.097999997 17
0 0 0 0
0 0 0 0
2.2520001 -0.096000001 -0.018999999 17
2.2590001 -0.086000003 -0.098999999 17
0 0 0 0
0 0 0 0
2.2620001 -0.046 -0.021 16
2.2720001 -0.034000002 -0.101 19
2.8510001 -0.029999999 -0.23100001 5
0 0 0 0
2.277 0.0040000002 -0.022 17
2.2820001 0.017999999 -0.102 19
2.8599999 0.037 -0.233 5
2.0020001 0.035 -0.23 1
2.289 0.055 -0.023 17
2.2880001 0.07 -0.103 18
2.868 0.104 -0.235 5
2.016 0.083999999 -0.233 1
2.2950001 0.107 -0.025 17
2.3050001 0.124 -0.105 17
2.852 0.171 -0.235 5
2.0139999 0.133 -0.233 1
2.3080001 0.16 -0.026000001 18
2.3139999 0.178 -0.107 19
2.875 0.241 -0.23800001 5
2.027 0.183 -0.236 1
2.3169999 0.212 -0.028000001 17
2.3299999 0.233 -0.109 18
1.5 0.161 -0.125 19
1.513 0.17299999 -0.177 9
1.473 0.168 -0.017999999 22
1.447 0.178 -0.068999998 21
0 0 0 0
1.428 0.199 -0.168 22
0 0 0 0
0 0 0 0
0 0 0 0
0 0 0 0
0 0 0 0
1.298 0.221 -0.063000001 25
0 0 0 0
0 0 0 0
0 0 0 0
0 0 0 0
0 0 0 0
0 0 0 0
0 0 0 0
0 0 0 0
0 0 0 0
0 0 0 0
0 0 0 0
0 0 0 0
0 0 0 0
0 0 0 0
0 0 0 0
0 0 0 0
0 0 0 0
0 0 0 0
0 0 0 0
0 0 0 0
0 0 0 0
0 0 0 0
0 0 0 0
0 0 0 0
0 0 0 0
0 0 0 0
0 0 0 0
0 0 0 0
0 0 0 0
0 0 0 0
0 0 0 0
0 0 0 0
0 0 0 0
0 0 0 0
0 0 0 0
0 0 0 0
0 0 0 0
0 0 0 0
0 0 0 0
0 0 0 0
0 0 0 0
0 0 0 0
0 0 0 0
0 0 0 0
0 0 0 0
0 0 0 0
0 0 0 0
0 0 0 0
0 0 0 0
0 0 0 0
0 0 0 0
0 0 0 0
0 0 0 0
0 0 0 0
0 0 0 0
0 0 0 0
0 0 0 0
1.1289999 0.65399998 -0.152 14
0 0 0 0
0 0 0 0
0 0 0 0
0 0 0 0
0 0 0 0
0 0 0 0
0 0 0 0
1.163 0.75099999 -0.16 13
0 0 0 0
0 0 0 0
0 0 0 0
0 0 0 0
0 0 0 0
1.163 0.76899999 -0.079999998 13
1.169 0.80599999 -0.124 2
0 0 0 0
1.165 0.77399999 -0.043000001 13
0 0 0 0
2.3369999 1.694 -0.25400001 21
0 0 0 0
0 0 0 0
2.756 2.01 -0.20100001 0
2.266 1.726 -0.25 4
0 0 0 0
2.7409999 2.006 -0.112 4
2.72 2.082 -0.204 7
2.211 1.768 -0.249 4
0 0 0 0
2.7160001 2.0840001 -0.116 7
2.6860001 2.158 -0.207 7
0 0 0 0
0 0 0 0
2.6860001 2.1589999 -0.121 7
2.648 2.23 -0.20999999 6
2.5450001 2.2409999 -0.29899999 0
0 0 0 0
2.6530001 2.2349999 -0.126 7
2.6199999 2.312 -0.214 7
2.5209999 2.3280001 -0.30199999 0
0 0 0 0
2.622 2.312 -0.131 7
2.582 2.3870001 -0.21799999 7
2.494 2.414 -0.30599999 0
0 0 0 0
2.5799999 2.382 -0.13500001 6
2.5480001 2.467 -0.222 6
2.4330001 2.4690001 -0.30500001 0
0 0 0 0
2.549 2.4630001 -0.141 6
2.51 2.546 -0.22499999 6
2.425 2.5799999 -0.31200001 0
0 0 0 0
2.5 2.5280001 -0.145 6
2.4690001 2.6229999 -0.229 6
0 0 0 0
1.663 1.9400001 -0.28200001 0
2.474 2.618 -0.15099999 6
0 0 0 0
0 0 0 0
1.574 1.929 -0.273 0
0 0 0 0
0 0 0 0
0 0 0 0
0 0 0 0
0 0 0 0
0 0 0 0
0 0 0 0
0 0 0 0
0 0 0 0
0 0 0 0
0.76999998 1.043 -0.113 1
0 0 0 0
0 0 0 0
1.404 1.89 -0.156 3
0 0 0 0
0 0 0 0
1.416 1.891 -0.113 3
0.73100001 1.034 -0.083999999 27
0 0 0 0
1.325 2.092 -0.26300001 0
1.383 1.936 -0.117 0
0 0 0 0
0 0 0 0
1.289 2.1470001 -0.264 0
0 0 0 0
0 0 0 0
1.2920001 2.1470001 -0.21799999 0
1.255 2.2090001 -0.26499999 0
0 0 0 0
1.298 2.1370001 -0.171 0
0 0 0 0
1.25 2.3269999 -0.27399999 0
0 0 0 0
1.263 2.1919999 -0.175 0
1.2359999 2.2920001 -0.226 0
0.74000001 1.461 -0.168 10
0 0 0 0
1.2359999 2.2650001 -0.18000001 0
0.73299998 1.4400001 -0.14 13
1.174 2.461 -0.278 0
0 0 0 0
0.73799998 1.432 -0.113 1
1.171 2.4389999 -0.233 0
0 0 0 0
0 0 0 0
0.70200002 1.443 -0.113 2
0 0 0 0
0 0 0 0
0 0 0 0
0 0 0 0
0 0 0 0
0 0 0 0
0 0 0 0
0 0 0 0
0 0 0 0
0 0 0 0
0 0 0 0
0 0 0 0
0 0 0 0
0 0 0 0
0 0 0 0
0 0 0 0
0 0 0 0
0.92900002 2.9809999 -0.301 3
0 0 0 0
0 0 0 0
0 0 0 0
0 0 0 0
0 0 0 0
0 0 0 0
0 0 0 0
0 0 0 0
0 0 0 0
0 0 0 0
0.382 1.444 -0.125 2
0 0 0 0
0 0 0 0
1.2130001 4.4499998 -0.345 10
0.89300001 3.723 -0.32100001 8
0 0 0 0
1.232 4.388 -0.31099999 34
0.359 1.45 -0.112 6
0.78799999 3.668 -0.31299999 8
0.66799998 3.5969999 -0.333 5
0.36899999 1.444 -0.103 20
0.82999998 3.7179999 -0.28799999 40
0.68400002 3.589 -0.30399999 5
0.58200002 3.612 -0.33000001 2
0 0 0 0
0.68900001 3.47 -0.26899999 12
0 0 0 0
0 0 0 0
0 0 0 0
0.90200001 5.1700001 -0.40200001 1
0 0 0 0
0 0 0 0
0.91900003 5.0279999 -0.375 5
0.69400001 4.612 -0.359 0
0 0 0 0
0 0 0 0
0.83399999 5.2490001 -0.39700001 1
0.57800001 4.5739999 -0.35699999 7
0 0 0 0
0 0 0 0
0.62099999 4.6009998 -0.35299999 8
0.463 4.5120001 -0.35299999 8
0 0 0 0
0.061000001 1.466 -0.124 5
0.505 4.5409999 -0.35299999 8
0.352 4.4549999 -0.34999999 7
0.068000004 1.45 -0.117 10
0 0 0 0
0.391 4.4790001 -0.352 8
0 0 0 0
0 0 0 0
0 0 0 0
0 0 0 0
0 0 0 0
0 0 0 0
0 0 0 0
0 0 0 0
0 0 0 0
0 0 0 0
0 0 0 0
0 0 0 0
0 0 0 0
0 0 0 0
0 0 0 0
0 0 0 0
-0.19599999 5.1560001 -0.414 0
0 0 0 0
0 0 0 0
0 0 0 0
0 0 0 0
0 0 0 0
0 0 0 0
0 0 0 0
0 0 0 0
0 0 0 0
-0.72299999 4.9190001 -0.373 1
0 0 0 0
0 0 0 0
0 0 0 0
-0.847 4.9549999 -0.37099999 12
0 0 0 0
0 0 0 0
-0.43799999 2.6500001 -0.206 7
-1.102 5.6490002 -0.41800001 6
0 0 0 0
-0.41499999 2.648 -0.22 4
-0.27500001 1.451 -0.112 1
-1.23 5.6059999 -0.41 13
0 0 0 0
0 0 0 0
-1.209 5.652 -0.43700001 11
0 0 0 0
0 0 0 0
0 0 0 0
0 0 0 0
0 0 0 0
0 0 0 0
0 0 0 0
0 0 0 0
-1.427 4.8559999 -0.34299999 2
0 0 0 0
0 0 0 0
-1.365 4.7329998 -0.36500001 8
0 0 0 0
0 0 0 0
0 0 0 0
0 0 0 0
0 0 0 0
0 0 0 0
0 0 0 0
0 0 0 0
0 0 0 0
0 0 0 0
0 0 0 0
0 0 0 0
0 0 0 0
0 0 0 0
0 0 0 0
0 0 0 0
0 0 0 0
0 0 0 0
0 0 0 0
0 0 0 0
-3.7349999 8.2510004 -0.546 2
0 0 0 0
0 0 0 0
0 0 0 0
-3.6800001 7.6539998 -0.50099999 22
0 0 0 0
0 0 0 0
0 0 0 0
-5.5840001 10.951 -0.71100003 1
0 0 0 0
0 0 0 0
0 0 0 0
-1.508 2.7969999 -0.17900001 0
0 0 0 0
0 0 0 0
-5.8039999 10.86 -0.85100001 1
0 0 0 0
0 0 0 0
0 0 0 0
0 0 0 0
0 0 0 0
0 0 0 0
0 0 0 0
0 0 0 0
-4.7870002 7.573 -0.47400001 1
0 0 0 0
0 0 0 0
-6.5669999 10.46 -0.833 2
-4.9310002 7.4180002 -0.461 1
0 0 0 0
0 0 0 0
0 0 0 0
-1.61 2.3050001 -0.142 4
0 0 0 0
-1.183 1.809 -0.186 3
0 0 0 0
-1.586 2.1630001 -0.132 1
-1.173 1.809 -0.23199999 56
0 0 0 0
-1.586 2.1730001 -0.176 2
-6.1149998 7.9510002 -0.48300001 3
0 0 0 0
0 0 0 0
0 0 0 0
-6.2399998 7.7379999 -0.46700001 28
0 0 0 0
0 0 0 0
0 0 0 0
-1.327 1.571 -0.093999997 30
0 0 0 0
0 0 0 0
-1.337 1.587 -0.132 7
0 0 0 0
0 0 0 0
0 0 0 0
0 0 0 0
0 0 0 0
0 0 0 0
0 0 0 0
0 0 0 0
-1.563 1.612 -0.094999999 182
0 0 0 0
0 0 0 0
-1.571 1.6210001 -0.14 0
0 0 0 0
0 0 0 0
0 0 0 0
0 0 0 0
0 0 0 0
0 0 0 0
0 0 0 0
0 0 0 0
0 0 0 0
0 0 0 0
0 0 0 0
-1.063 0.954 -0.086000003 3
-4.5159998 3.878 -0.22499999 16
0 0 0 0
0 0 0 0
0 0 0 0
0 0 0 0
0 0 0 0
0 0 0 0
0 0 0 0
0 0 0 0
0 0 0 0
0 0 0 0
-1.068 0.83200002 -0.079000004 5
0 0 0 0
0 0 0 0
-1.076 0.838 -0.117 4
0 0 0 0
0 0 0 0
-1.0829999 0.83899999 -0.16 2
0 0 0 0
0 0 0 0
0 0 0 0
0 0 0 0
-1.956 1.38 -0.206 20
0 0 0 0
0 0 0 0
-1.939 1.359 -0.278 14
-1.984 1.331 -0.205 63
0 0 0 0
-2.0190001 1.239 -0.071999997 71
-1.979 1.318 -0.28 16
-2.0239999 1.29 -0.206 52
-2.056 1.251 -0.134 36
-10.342 6.0279999 -0.354 3
-2.04 1.288 -0.285 18
0 0 0 0
-8.5819998 4.9549999 -0.546 1
-2.2609999 1.25 -0.074000001 20
-2.1110001 1.263 -0.29100001 14
0 0 0 0
-2.2550001 1.234 -0.14 9
-2.253 1.1799999 -0.07 61
-2.1400001 1.211 -0.292 15
-2.1930001 1.188 -0.213 30
-2.26 1.169 -0.13699999 63
0 0 0 0
-2.1949999 1.173 -0.296 13
-2.244 1.148 -0.215 34
0 0 0 0
0 0 0 0
0 0 0 0
0 0 0 0
0 0 0 0
0 0 0 0
0 0 0 0
0 0 0 0
-11.299 4.8899999 -0.64399999 1
0 0 0 0
0 0 0 0
0 0 0 0
-2.747 1.114 -0.153 5
-2.74 1.061 -0.068000004 5
0 0 0 0
0 0 0 0
0 0 0 0
-13.137 4.7540002 -0.31299999 8
0 0 0 0
-2.74 1.015 -0.24699999 24
-12.449 4.395 -0.66900003 1
-13.573 4.5669999 -0.30899999 8
0 0 0 0
0 0 0 0
-12.882 4.2179999 -0.68000001 1
-2.698 0.83999997 -0.057999998 3
-2.2219999 0.741 -0.28099999 0
-3.2279999 1.027 -0.285 0
-2.7130001 0.81900001 -0.14 7
-2.691 0.773 -0.056000002 5
0 0 0 0
-2.6949999 0.787 -0.235 37
-2.707 0.75 -0.138 7
-14.922 3.921 -0.29699999 6
0 0 0 0
-2.6689999 0.71200001 -0.23100001 31
-14.186 3.5829999 -0.71100003 1
0 0 0 0
-2.54 0.64600003 -0.31400001 4
-2.635 0.63700002 -0.226 28
0 0 0 0
0 0 0 0
-2.3139999 0.52999997 -0.285 0
-3.0769999 0.66799998 -0.26100001 0
0 0 0 0
0 0 0 0
-2.217 0.45199999 -0.271 0
-3.0339999 0.583 -0.255 0
-17.062 3.0780001 -0.81699997 2
0 0 0 0
-2.21 0.39500001 -0.26899999 0
-3.006 0.505 -0.25099999 0
0 0 0 0
0 0 0 0
-2.2160001 0.34099999 -0.26800001 0
-2.977 0.428 -0.24699999 0
0 0 0 0
0 0 0 0
-2.1989999 0.28400001 -0.264 0
-2.927 0.35100001 -0.241 0
0 0 0 0
0 0 0 0
-2.2030001 0.23 -0.264 0
-2.8929999 0.278 -0.237 0
0 0 0 0
0 0 0 0
-2.1989999 0.176 -0.26199999 0
-2.8540001 0.207 -0.23199999 0
0 0 0 0
0 0 0 0
-2.2 0.123 -0.26100001 0
-2.816 0.13699999 -0.228 2
0 0 0 0
0 0 0 0
-2.1960001 0.07 -0.25999999 0
-2.8050001 0.07 -0.226 0
0 0 0 0
0 0 0 0
-2.178 0.016000001 -0.257 0
-2.757 0.0049999999 -0.221 0
0 0 0 0
0 0 0 0
-2.1700001 -0.035 -0.255 0
-2.7320001 -0.059 -0.21799999 0
0 0 0 0
0 0 0 0
-2.1530001 -0.086999997 -0.252 0
-2.6949999 -0.122 -0.214 0
0 0 0 0
-24.639 -1.401 -0.27599999 3
-2.1730001 -0.14 -0.25400001 0
-2.6800001 -0.184 -0.212 2
0 0 0 0
0 0 0 0
-2.152 -0.191 -0.25099999 0
-2.655 -0.24600001 -0.20900001 2
0 0 0 0
0 0 0 0
-2.1530001 -0.243 -0.25099999 0
-2.612 -0.303 -0.205 2
0 0 0 0
0 0 0 0
-2.1359999 -0.294 -0.249 0
-2.5899999 -0.36300001 -0.20299999 3
-2.596 -0.37200001 -0.108 7
0 0 0 0
-2.1029999 -0.34099999 -0.244 0
-2.559 -0.41999999 -0.2 2
0 0 0 0
-2.5639999 -0.43599999 -0.024 0
-2.1099999 -0.39500001 -0.245 0
-2.523 -0.47499999 -0.197 2
0 0 0 0
-2.536 -0.49000001 -0.023 0
-2.109 -0.447 -0.245 0
-2.5020001 -0.53200001 -0.19499999 2
-30.289 -6.4980001 -1.2460001 6
-2.513 -0.54500002 -0.023 2
-2.0799999 -0.49399999 -0.242 0
-2.47 -0.58700001 -0.193 2
-29.84 -7.1160002 -1.224 11
-2.5079999 -0.602 -0.022 0
-2.0940001 -0.55000001 -0.243 0
-2.4489999 -0.64300001 -0.191 3
-29.537001 -7.7600002 -1.21 13
-2.47 -0.65200001 -0.022 0
-2.0710001 -0.59799999 -0.241 1
-2.4230001 -0.69700003 -0.189 3
-28.159 -8.0970001 -1.152 6
-2.4260001 -0.69800001 -0.021 0
-2.0599999 -0.64899999 -0.23999999 0
-2.3959999 -0.75099999 -0.18700001 3
0 0 0 0
-2.421 -0.75599998 -0.021 2
-2.0190001 -0.69 -0.235 0
-2.3710001 -0.80400002 -0.185 4
0 0 0 0
-2.3870001 -0.80500001 -0.02 2
-2.0450001 -0.75400001 -0.23899999 0
-2.358 -0.86199999 -0.185 4
-13.475 -4.8979998 -0.55199999 1
-2.3729999 -0.86000001 -0.02 3
-2.0250001 -0.80299997 -0.237 0
-2.3299999 -0.91500002 -0.183 4
0 0 0 0
-2.3429999 -0.90899998 -0.02 3
-2.0179999 -0.85600001 -0.237 0
-2.2950001 -0.963 -0.18099999 4
0 0 0 0
-2.322 -0.96100003 -0.02 4
-2.0120001 -0.91100001 -0.237 0
-2.2750001 -1.018 -0.18000001 4
-2.2909999 -1.015 -0.093999997 2
-2.3080001 -1.015 -0.02 6
-1.978 -0.954 -0.234 0
-2.2409999 -1.067 -0.178 4
-2.2739999 -1.0700001 -0.093999997 3
-2.267 -1.059 -0.02 18
0 0 0 0
-2.224 -1.124 -0.177 4
-4.4780002 -2.234 -0.18700001 31
-2.257 -1.1160001 -0.02 2
-1.947 -1.057 -0.23199999 0
-2.21 -1.182 -0.177 4
-4.428 -2.3380001 -0.186 30
-2.2360001 -1.169 -0.02 0
-1.5190001 -0.87199998 -0.182 18
-2.1730001 -1.228 -0.175 4
-4.3790002 -2.441 -0.185 27
-4.381 -2.418 -0.041000001 22
-1.58 -0.958 -0.19 2
-1.534 -0.91500002 -0.124 18
-1.4960001 -0.87900001 -0.063000001 9
-4.336 -2.52 -0.041999999 23
0 0 0 0
-1.507 -0.94700003 -0.123 8
-1.52 -0.94 -0.064999998 28
-1.5 -0.917 -0.015 24
0 0 0 0
0 0 0 0
0 0 0 0
-1.506 -0.96799999 -0.015 31
0 0 0 0
0 0 0 0
0 0 0 0
0 0 0 0
0 0 0 0
0 0 0 0
0 0 0 0
0 0 0 0
0 0 0 0
0 0 0 0
0 0 0 0
0 0 0 0
-1.722 -1.4170001 -0.21600001 0
-2.0109999 -1.62 -0.171 3
0 0 0 0
0 0 0 0
-1.75 -1.511 -0.222 0
-1.993 -1.684 -0.17200001 6
0 0 0 0
0 0 0 0
-1.696 -1.536 -0.21699999 0
-1.966 -1.7410001 -0.171 3
-3.915 -3.3959999 -0.186 24
-1.98 -1.687 -0.027000001 4
-1.652 -1.5700001 -0.214 0
-1.928 -1.789 -0.17 2
-5.4720001 -4.9689999 -0.26499999 21
-3.8829999 -3.4619999 -0.056000002 16
0 0 0 0
-1.909 -1.857 -0.171 3
0 0 0 0
0 0 0 0
0 0 0 0
-1.8940001 -1.9299999 -0.17200001 3
0 0 0 0
0 0 0 0
0 0 0 0
-1.8609999 -1.9859999 -0.17200001 2
-4.4229999 -4.6079998 -0.228 1
0 0 0 0
0 0 0 0
-1.835 -2.0539999 -0.17200001 3
0 0 0 0
0 0 0 0
0 0 0 0
-1.811 -2.1240001 -0.17299999 2
0 0 0 0
0 0 0 0
0 0 0 0
-1.7920001 -2.2030001 -0.175 0
-3.325 -3.977 -0.186 16
-3.4189999 -3.9960001 -0.071000002 13
0 0 0 0
-1.771 -2.2839999 -0.176 0
0 0 0 0
-3.3099999 -4.0510001 -0.072999999 1
0 0 0 0
-1.742 -2.358 -0.177 0
0 0 0 0
0 0 0 0
0 0 0 0
-1.7029999 -2.421 -0.177 0
0 0 0 0
0 0 0 0
0 0 0 0
-1.673 -2.5 -0.178 0
0 0 0 0
0 0 0 0
0 0 0 0
-2.2130001 -3.48 -0.243 12
-2.283 -3.4690001 -0.15000001 14
0 0 0 0
0 0 0 0
-1.58 -2.6170001 -0.178 0
-2.2079999 -3.529 -0.15099999 9
-2.234 -3.467 -0.07 22
0 0 0 0
0 0 0 0
0 0 0 0
-2.1819999 -3.5610001 -0.074000001 6
0 0 0 0
0 0 0 0
0 0 0 0
0 0 0 0
0 0 0 0
-1.025 -2 -0.127 2
-1.0470001 -1.962 -0.081 15
0 0 0 0
0 0 0 0
-1.163 -2.4070001 -0.15000001 4
-0.99699998 -1.976 -0.081 15
-1.031 -1.972 -0.044 15
0 0 0 0
-1.08 -2.372 -0.145 2
-1.133 -2.3789999 -0.097000003 77
-1.1799999 -2.388 -0.055 138
0 0 0 0
0 0 0 0
-1.052 -2.346 -0.094999999 78
-1.107 -2.372 -0.056000002 88
0 0 0 0
0 0 0 0
-0.97399998 -2.3110001 -0.093000002 78
-1.027 -2.3380001 -0.056000002 81
0 0 0 0
0 0 0 0
-0.898 -2.277 -0.090999998 79
-0.94999999 -2.303 -0.057 85
0 0 0 0
0 0 0 0
-0.82499999 -2.2420001 -0.090000004 74
-0.875 -2.2690001 -0.057999998 89
0 0 0 0
0 0 0 0
-0.755 -2.204 -0.088 53
-0.80500001 -2.2360001 -0.057999998 86
0 0 0 0
0 0 0 0
-0.69 -2.177 -0.086999997 39
-0.73699999 -2.2019999 -0.059 104
0 0 0 0
0 0 0 0
-0.62 -2.125 -0.083999999 36
-0.67000002 -2.164 -0.059999999 80
0 0 0 0
0 0 0 0
-0.45100001 -1.6900001 -0.067000002 2
-0.47999999 -1.686 -0.048 37
0 0 0 0
0 0 0 0
0 0 0 0
-0.47 -1.807 -0.052000001 156
0 0 0 0
0 0 0 0
0 0 0 0
-0.491 -2.0810001 -0.061999999 86
0 0 0 0
0 0 0 0
0 0 0 0
-0.435 -2.056 -0.063000001 74
0 0 0 0
0 0 0 0
0 0 0 0
0 0 0 0
0 0 0 0
0 0 0 0
0 0 0 0
0 0 0 0
0 0 0 0
0 0 0 0
0 0 0 0
0 0 0 0
0 0 0 0
0 0 0 0
0 0 0 0
0 0 0 0
0 0 0 0
0 0 0 0
0 0 0 0
0 0 0 0
0 0 0 0
0 0 0 0
0 0 0 0
0 0 0 0
0 0 0 0
0 0 0 0
0 0 0 0
0 0 0 0
0 0 0 0
0 0 0 0
0 0 0 0
0 0 0 0
0 0 0 0
0 0 0 0
0 0 0 0
0 0 0 0
0 0 0 0
0 0 0 0
0 0 0 0
0 0 0 0
0 0 0 0
0 0 0 0
0 0 0 0
0 0 0 0
0 0 0 0
0 0 0 0
0 0 0 0
0 0 0 0
0 0 0 0
0 0 0 0
0 0 0 0
0 0 0 0
0 0 0 0
0 0 0 0
0 0 0 0
0 0 0 0
0 0 0 0
0 0 0 0
0 0 0 0
0 0 0 0
0 0 0 0
0 0 0 0
0 0 0 0
0 0 0 0
0 0 0 0
0 0 0 0
0 0 0 0
0 0 0 0
0 0 0 0
0 0 0 0
0 0 0 0
0 0 0 0
0 0 0 0
0 0 0 0
0 0 0 0
0 0 0 0
0 0 0 0
0 0 0 0
0 0 0 0
0 0 0 0
0 0 0 0
0 0 0 0
0 0 0 0
0 0 0 0
0 0 0 0
0 0 0 0
0 0 0 0
0 0 0 0
0 0 0 0
0 0 0 0
0 0 0 0
0 0 0 0
0 0 0 0
0 0 0 0
0 0 0 0
0 0 0 0
0 0 0 0
0 0 0 0
0 0 0 0
0 0 0 0
0 0 0 0
0 0 0 0
0 0 0 0
0 0 0 0
0 0 0 0
0 0 0 0
0 0 0 0
0 0 0 0
0 0 0 0
0 0 0 0
0 0 0 0
0 0 0 0
0 0 0 0
0 0 0 0
0 0 0 0
0 0 0 0
0 0 0 0
0 0 0 0
0 0 0 0
0 0 0 0
0 0 0 0
0 0 0 0
0 0 0 0
0 0 0 0
0 0 0 0
0 0 0 0
0 0 0 0
0 0 0 0
0 0 0 0
0 0 0 0
0 0 0 0
0 0 0 0
0 0 0 0
0 0 0 0
0 0 0 0
0 0 0 0
0 0 0 0
0 0 0 0
0 0 0 0
0 0 0 0
0 0 0 0
0 0 0 0
0 0 0 0
0 0 0 0
0 0 0 0
0 0 0 0
0 0 0 0
0 0 0 0
0 0 0 0
0 0 0 0
0 0 0 0
0 0 0 0
0 0 0 0
0 0 0 0
0 0 0 0
0 0 0 0
0 0 0 0
0 0 0 0
0 0 0 0
0 0 0 0
0 0 0 0
0 0 0 0
0 0 0 0
0 0 0 0
0 0 0 0
0 0 0 0
0 0 0 0
0 0 0 0
0 0 0 0
0 0 0 0
0 0 0 0
0 0 0 0
0 0 0 0
0 0 0 0
0 0 0 0
0 0 0 0
0 0 0 0
0 0 0 0
0 0 0 0
0 0 0 0
0 0 0 0
0 0 0 0
0 0 0 0
0 0 0 0
0 0 0 0
0 0 0 0
0 0 0 0
0 0 0 0
1.568 -1.142 -0.02 79
0 0 0 0
0 0 0 0
0 0 0 0
1.6160001 -1.123 -0.018999999 83
0 0 0 0
0 0 0 0
0 0 0 0
1.666 -1.102 -0.017999999 88
0 0 0 0
0 0 0 0
0 0 0 0
1.707 -1.075 -0.017000001 84
0 0 0 0
0 0 0 0
0 0 0 0
1.762 -1.056 -0.017000001 76
0 0 0 0
0 0 0 0
0 0 0 0
1.827 -1.04 -0.016000001 147
0 0 0 0
0 0 0 0
0 0 0 0
2.378 -1.285 -0.018999999 26
0 0 0 0
0 0 0 0
0 0 0 0
2.46 -1.258 -0.018999999 25
0 0 0 0
0 0 0 0
0 0 0 0
2.5320001 -1.224 -0.017999999 24
0 0 0 0
0 0 0 0
0 0 0 0
2.6029999 -1.187 -0.017000001 25
0 0 0 0
0 0 0 0
0 0 0 0
2.6889999 -1.154 -0.016000001 26
0 0 0 0
0 0 0 0
0 0 0 0
2.766 -1.115 -0.015 27
0 0 0 0
0 0 0 0
0 0 0 0
2.8540001 -1.077 -0.015 28
0 0 0 0
0 0 0 0
0 0 0 0
2.1129999 -0.74400002 -0.0099999998 22
0 0 0 0
0 0 0 0
0 0 0 0
2.122 -0.69400001 -0.0089999996 19
0 0 0 0
0 0 0 0
0 0 0 0
2.1289999 -0.64399999 -0.0089999996 19
2.1340001 -0.65100002 -0.079999998 11
0 0 0 0
0 0 0 0
2.141 -0.59500003 -0.0080000004 20
2.1340001 -0.59799999 -0.079000004 13
0 0 0 0
0 0 0 0
2.1489999 -0.546 -0.0080000004 20
2.141 -0.54699999 -0.079000004 13
0 0 0 0
0 0 0 0
2.1589999 -0.498 -0.0070000002 22
2.1559999 -0.49900001 -0.079999998 15
0 0 0 0
0 0 0 0
2.171 -0.44999999 -0.0070000002 20
2.171 -0.44999999 -0.079999998 16
0 0 0 0
0 0 0 0
1.5 -0.27599999 -0.0049999999 169
1.498 -0.27500001 -0.055 165
0 0 0 0
0 0 0 0
0 0 0 0
0 0 0 0
0 0 0 0
0 0 0 0
2.2019999 -0.30399999 -0.0060000001 18
2.2019999 -0.30000001 -0.081 18
0 0 0 0
0 0 0 0
2.2160001 -0.25600001 -0.0060000001 17
2.2090001 -0.25 -0.082000002 19
0 0 0 0
0 0 0 0
2.224 -0.206 -0.0060000001 18
2.2279999 -0.20100001 -0.082999997 19
0 0 0 0
0 0 0 0
2.244 -0.15800001 -0.0060000001 18
2.244 -0.15000001 -0.082999997 19
0 0 0 0
0 0 0 0
2.25 -0.108 -0.0070000002 18
2.2539999 -0.098999999 -0.083999999 18
0 0 0 0
0 0 0 0
2.2539999 -0.057 -0.0070000002 17
2.2620001 -0.046999998 -0.085000001 18
0 0 0 0
2.152 -0.026000001 -0.227 0
2.2709999 -0.0070000002 -0.0070000002 19
2.2639999 0.0040000002 -0.085000001 17
0 0 0 0
2.1600001 0.024 -0.229 0
2.2850001 0.044 -0.0070000002 17
2.2820001 0.056000002 -0.086000003 18
3.2479999 0.097999997 -0.23999999 2
2.1719999 0.077 -0.23199999 0
2.2920001 0.094999999 -0.0070000002 17
2.2920001 0.11 -0.086999997 19
3.5050001 0.18799999 -0.25999999 5
2.161 0.12899999 -0.23199999 0
2.309 0.147 -0.0080000004 17
2.303 0.163 -0.088 17
3.381 0.26100001 -0.252 6
2.148 0.18000001 -0.23199999 0
2.322 0.2 -0.0080000004 17
2.312 0.21699999 -0.089000002 17
1.508 0.152 -0.113 1
1.505 0.163 -0.163 15
1.492 0.162 -0.0060000001 23
1.462 0.171 -0.057 21
1.432 0.17900001 -0.108 19
1.418 0.18799999 -0.155 19
0 0 0 0
0 0 0 0
0 0 0 0
0 0 0 0
1.339 0.207 -0.0060000001 31
1.307 0.214 -0.052000001 23
0 0 0 0
0 0 0 0
0 0 0 0
0 0 0 0
0 0 0 0
0 0 0 0
0 0 0 0
0 0 0 0
0 0 0 0
0 0 0 0
0 0 0 0
0 0 0 0
0 0 0 0
0 0 0 0
0 0 0 0
0 0 0 0
0 0 0 0
0 0 0 0
0 0 0 0
0 0 0 0
0 0 0 0
0 0 0 0
0 0 0 0
0 0 0 0
0 0 0 0
0 0 0 0
0 0 0 0
0 0 0 0
0 0 0 0
0 0 0 0
0 0 0 0
0 0 0 0
0 0 0 0
0 0 0 0
0 0 0 0
0 0 0 0
0 0 0 0
0 0 0 0
0 0 0 0
0 0 0 0
0 0 0 0
0 0 0 0
0 0 0 0
0 0 0 0
0 0 0 0
0 0 0 0
0 0 0 0
0 0 0 0
0 0 0 0
0 0 0 0
0 0 0 0
0 0 0 0
0 0 0 0
0 0 0 0
0 0 0 0
0 0 0 0
0 0 0 0
0 0 0 0
0 0 0 0
0 0 0 0
0 0 0 0
1.142 0.68900001 -0.147 14
0 0 0 0
0 0 0 0
0 0 0 0
0 0 0 0
0 0 0 0
0 0 0 0
0 0 0 0
1.169 0.78500003 -0.154 19
0 0 0 0
0 0 0 0
1.17 0.79500002 -0.111 17
0 0 0 0
1.149 0.75300002 -0.017999999 14
1.163 0.79699999 -0.064000003 12
0 0 0 0
0 0 0 0
0 0 0 0
0 0 0 0
2.6789999 2.013 -0.26300001 7
0 0 0 0
0 0 0 0
0 0 0 0
2.6900001 2.1229999 -0.26899999 7
0 0 0 0
2.72 2.0610001 -0.054000001 7
2.6900001 2.131 -0.15899999 7
2.645 2.191 -0.27000001 9
0 0 0 0
2.6849999 2.131 -0.057 7
2.6570001 2.2079999 -0.161 7
2.615 2.2720001 -0.27200001 7
0 0 0 0
2.6559999 2.2079999 -0.059999999 7
2.622 2.283 -0.164 7
2.5799999 2.352 -0.27399999 7
0 0 0 0
2.6170001 2.279 -0.063000001 7
2.5969999 2.369 -0.167 7
2.5539999 2.441 -0.27700001 7
0 0 0 0
2.5910001 2.3610001 -0.066 7
2.5569999 2.4430001 -0.169 6
2.5109999 2.516 -0.27900001 7
0 0 0 0
2.5539999 2.4360001 -0.068999998 6
2.516 2.5190001 -0.171 7
2.4820001 2.6070001 -0.28200001 7
0 0 0 0
2.516 2.5120001 -0.072999999 6
2.4809999 2.602 -0.17399999 7
0 0 0 0
1.7130001 1.976 -0.27599999 0
2.483 2.5940001 -0.077 6
0 0 0 0
0 0 0 0
1.613 1.9529999 -0.266 0
0 0 0 0
0 0 0 0
0 0 0 0
0 0 0 0
0 0 0 0
0 0 0 0
0 0 0 0
0 0 0 0
0 0 0 0
0 0 0 0
1.402 1.873 -0.182 3
0.74800003 1.052 -0.133 6
0 0 0 0
1.411 1.872 -0.118 2
0 0 0 0
0 0 0 0
1.425 1.876 -0.061000001 0
1.378 1.921 -0.12 2
0 0 0 0
0 0 0 0
1.388 1.9170001 -0.063000001 0
0 0 0 0
1.325 2.0599999 -0.189 0
1.298 2.135 -0.25299999 0
1.3609999 1.975 -0.066 0
0 0 0 0
1.301 2.131 -0.192 0
1.266 2.2 -0.255 0
0 0 0 0
0 0 0 0
1.272 2.1989999 -0.19499999 0
1.233 2.266 -0.257 0
0 0 0 0
1.275 2.1789999 -0.132 0
1.234 2.2539999 -0.197 0
0.74900001 1.4579999 -0.162 15
0 0 0 0
1.2410001 2.2390001 -0.134 0
0 0 0 0
1.176 2.431 -0.26499999 0
0 0 0 0
1.2180001 2.3239999 -0.139 0
0 0 0 0
0 0 0 0
0 0 0 0
0.71100003 1.438 -0.085000001 20
1.135 2.4760001 -0.206 0
0 0 0 0
0 0 0 0
0 0 0 0
0 0 0 0
0 0 0 0
0 0 0 0
0 0 0 0
0 0 0 0
0 0 0 0
0 0 0 0
0 0 0 0
0 0 0 0
0 0 0 0
0 0 0 0
0 0 0 0
0 0 0 0
0 0 0 0
0 0 0 0
0 0 0 0
0 0 0 0
0 0 0 0
0 0 0 0
0.29699999 0.898 -0.052000001 0
0 0 0 0
0 0 0 0
0.301 0.88499999 -0.037 0
0.926 3.033 -0.177 1
1.204 4.4359999 -0.338 1
0 0 0 0
0 0 0 0
1.23 4.3930001 -0.25600001 41
0.35600001 1.447 -0.109 6
0.78799999 3.654 -0.33199999 6
0 0 0 0
0.36700001 1.441 -0.083999999 17
0 0 0 0
0.68800002 3.6029999 -0.322 6
0.377 1.4299999 -0.063000001 28
0 0 0 0
0 0 0 0
0.60399997 3.6229999 -0.31900001 1
0 0 0 0
0.71600002 3.477 -0.20299999 1
0.88300002 5.1069999 -0.373 5
0 0 0 0
0.74299997 3.448 -0.15800001 22
0.921 5.0619998 -0.296 29
0.69400001 4.6669998 -0.33700001 1
0 0 0 0
0.96200001 5.0349998 -0.236 17
0.83200002 5.2709999 -0.308 26
0.60100001 4.8299999 -0.34599999 15
0 0 0 0
0.86900002 5.2090001 -0.249 18
0.70200002 5.2480001 -0.30700001 25
0.454 4.5089998 -0.31999999 2
0 0 0 0
0.77499998 5.4289999 -0.264 19
0.63099998 5.7360001 -0.33700001 20
0.428 5.5689998 -0.39199999 1
0.068000004 1.447 -0.117 11
0.67400002 5.6550002 -0.28 21
0.50099999 5.7930002 -0.34099999 16
0 0 0 0
0 0 0 0
0.435 4.5349998 -0.229 7
0 0 0 0
0.045000002 1.503 -0.104 1
0 0 0 0
0.398 5.4889998 -0.28200001 16
0.057 1.457 -0.086000003 5
0.037999999 5.8600001 -0.40200001 5
0 0 0 0
0.071000002 1.4529999 -0.075999998 32
0.096000001 5.8730001 -0.34999999 20
-0.088 5.2620001 -0.359 16
0 0 0 0
0 0 0 0
-0.039000001 5.421 -0.324 21
-0.207 5.1599998 -0.34900001 16
-0.40000001 5.6750002 -0.42699999 0
0 0 0 0
-0.17299999 5.6529999 -0.34 0
-0.189 2.97 -0.199 5
-0.193 2.0569999 -0.152 4
-0.123 5.7399998 -0.31900001 5
0 0 0 0
-0.17900001 2.053 -0.13699999 5
-0.67199999 5.698 -0.41600001 2
-0.233 5.1939998 -0.294 14
0 0 0 0
-0.64999998 5.8590002 -0.389 10
-0.70300001 4.9629998 -0.35699999 1
-0.20299999 2.9679999 -0.171 18
-0.57099998 5.645 -0.345 1
-0.75400001 5.5929999 -0.36899999 1
-0.43700001 2.6440001 -0.18700001 8
-0.18799999 2.0480001 -0.12 7
-0.70099998 5.6139998 -0.345 17
-0.421 2.655 -0.17399999 7
-0.27500001 1.4529999 -0.101 0
-0.65899998 5.691 -0.34200001 10
-0.85799998 5.7550001 -0.35600001 21
-0.61500001 3.369 -0.22 0
-1.205 5.6300001 -0.38699999 62
0 0 0 0
-0.95200002 5.5040002 -0.34299999 39
-1.17 5.6500001 -0.36700001 90
-1.33 5.5770001 -0.37799999 22
-0.433 2.641 -0.16500001 0
-1.117 5.6669998 -0.35600001 28
-1.296 5.5970001 -0.36199999 61
0 0 0 0
-0.62800002 3.339 -0.213 4
-1.245 5.6110001 -0.35499999 33
0 0 0 0
-1.3609999 4.7199998 -0.31099999 2
-1.2 5.6409998 -0.36700001 67
0 0 0 0
-1.335 4.7459998 -0.30399999 1
0 0 0 0
-1.326 5.5830002 -0.37099999 39
0 0 0 0
-1.432 4.6700001 -0.29899999 22
0 0 0 0
0 0 0 0
-1.471 4.9549999 -0.322 7
0 0 0 0
0 0 0 0
-1.364 4.7350001 -0.32800001 2
0 0 0 0
-0.23199999 0.64700001 -0.041000001 10
0 0 0 0
0 0 0 0
-0.22400001 0.64200002 -0.041999999 11
-0.472 1.226 -0.077 0
0 0 0 0
0 0 0 0
0 0 0 0
0 0 0 0
-0.27200001 0.60900003 -0.035999998 11
0 0 0 0
-0.25099999 0.62400001 -0.041999999 2
-0.27399999 0.62400001 -0.039000001 11
-3.6259999 7.6420002 -0.454 6
0 0 0 0
-0.266 0.62 -0.041999999 13
-3.54 7.5669999 -0.47799999 16
-4.3200002 8.5810003 -0.50199997 15
0 0 0 0
0 0 0 0
-5.4640002 11.006 -0.69400001 2
-1.494 2.8050001 -0.161 0
-0.26699999 0.59299999 -0.046999998 3
-5.3909998 11.07 -0.77999997 1
0 0 0 0
-4.7470002 8.441 -0.479 3
0 0 0 0
-5.6339998 10.91 -0.77899998 2
0 0 0 0
-4.9650002 8.3710003 -0.46799999 4
0 0 0 0
0 0 0 0
0 0 0 0
0 0 0 0
-1.503 2.789 -0.237 4
-6.164 10.67 -0.78399998 1
0 0 0 0
0 0 0 0
0 0 0 0
0 0 0 0
0 0 0 0
0 0 0 0
0 0 0 0
0 0 0 0
-0.69700003 1.0190001 -0.064000003 0
0 0 0 0
-6.6230001 10.428 -0.954 3
0 0 0 0
0 0 0 0
0 0 0 0
0 0 0 0
-1.624 2.2850001 -0.17900001 2
0 0 0 0
-6.1570001 7.7199998 -0.39199999 22
-1.607 2.2809999 -0.219 1
0 0 0 0
-5.27 6.6500001 -0.42500001 1
-1.325 1.585 -0.079000004 150
0 0 0 0
0 0 0 0
-1.3200001 1.589 -0.102 41
0 0 0 0
0 0 0 0
-1.322 1.6059999 -0.132 4
0 0 0 0
0 0 0 0
0 0 0 0
0 0 0 0
0 0 0 0
-1.566 1.631 -0.077 13
0 0 0 0
0 0 0 0
-1.556 1.628 -0.106 123
0 0 0 0
0 0 0 0
0 0 0 0
0 0 0 0
0 0 0 0
0 0 0 0
0 0 0 0
-2.165 2.0639999 -0.13600001 2
-1.061 0.96399999 -0.043000001 85
0 0 0 0
0 0 0 0
-1.079 0.98199999 -0.064999998 22
-4.5019999 3.9059999 -0.17 3
0 0 0 0
-1.069 0.977 -0.092 2
0 0 0 0
0 0 0 0
-1.073 0.98199999 -0.123 1
0 0 0 0
0 0 0 0
-1.0650001 0.84200001 -0.035 1
0 0 0 0
0 0 0 0
-1.061 0.83899999 -0.057 7
0 0 0 0
0 0 0 0
-1.074 0.85000002 -0.086000003 5
0 0 0 0
0 0 0 0
-1.05 0.82999998 -0.115 1
0 0 0 0
0 0 0 0
0 0 0 0
-1.929 1.45 -0.20900001 7
0 0 0 0
0 0 0 0
-2.0090001 1.312 -0.048999999 5
-1.952 1.395 -0.20900001 17
0 0 0 0
-1.9960001 1.299 -0.093999997 10
-2.0079999 1.247 -0.045000002 87
-1.984 1.348 -0.20999999 63
-2 1.2970001 -0.149 13
-2.0209999 1.25 -0.092 60
-2.0569999 1.214 -0.043000001 47
-2.0179999 1.301 -0.211 75
-2.04 1.256 -0.149 39
0 0 0 0
-2.2550001 1.263 -0.043000001 19
0 0 0 0
-3.7920001 2.2149999 -0.27399999 1
-10.612 5.902 -0.45300001 6
-2.2509999 1.194 -0.039000001 58
0 0 0 0
-2.26 1.249 -0.16 0
-2.2609999 1.1900001 -0.093000002 51
0 0 0 0
-2.1900001 1.196 -0.223 21
-2.2539999 1.177 -0.15700001 86
0 0 0 0
-0.824 0.391 -0.012 31
-2.2460001 1.158 -0.226 51
0 0 0 0
-0.82800001 0.38800001 -0.032000002 19
0 0 0 0
0 0 0 0
0 0 0 0
0 0 0 0
0 0 0 0
0 0 0 0
0 0 0 0
-2.7349999 1.131 -0.098999999 1
-2.697 1.063 -0.027000001 5
0 0 0 0
-2.757 1.124 -0.18099999 5
-2.7679999 1.071 -0.097000003 5
-13.075 4.8150001 -0.116 14
-2.721 1.085 -0.26499999 5
-12.074 4.592 -0.78500003 1
-13.193 4.763 -0.44999999 6
-13.46 4.6129999 -0.102 11
-2.7320001 1.0140001 -0.264 28
-12.436 4.3969998 -0.79799998 2
-13.626 4.5650001 -0.44999999 5
-13.909 4.4219999 -0.089000002 10
0 0 0 0
-12.872 4.2140002 -0.81599998 1
-14.086 4.3629999 -0.45100001 6
-2.6889999 0.78799999 -0.013 5
0 0 0 0
-2.7079999 0.81599998 -0.169 7
-2.6949999 0.76700002 -0.082999997 5
-2.721 0.73199999 -0.0099999998 5
-2.6930001 0.78299999 -0.25600001 41
-2.6659999 0.73500001 -0.16500001 8
0 0 0 0
-15.351 3.7639999 -0.044 9
-2.6730001 0.70700002 -0.252 23
-14.188 3.5580001 -0.86799997 2
0 0 0 0
-15.94 3.5320001 -0.028000001 7
-2.6489999 0.63200003 -0.249 16
0 0 0 0
0 0 0 0
-15.829 3.1340001 -0.0099999998 2
-16.041 3.4230001 -1.5 2
0 0 0 0
0 0 0 0
-17.061001 2.9849999 0.0049999999 10
-3.03 0.56999999 -0.28200001 0
-17.017 3.0090001 -1.007 9
0 0 0 0
-17.735001 2.6960001 0.023 8
0 0 0 0
0 0 0 0
0 0 0 0
-16.622999 2.145 0.039000001 10
-2.9860001 0.414 -0.27500001 0
0 0 0 0
-16.51 1.9400001 -0.41499999 9
-19.200001 2.043 0.063000001 3
0 0 0 0
0 0 0 0
0 0 0 0
-19.964001 1.676 0.083999999 3
-2.918 0.26100001 -0.26699999 0
0 0 0 0
0 0 0 0
0 0 0 0
0 0 0 0
0 0 0 0
0 0 0 0
0 0 0 0
0 0 0 0
0 0 0 0
0 0 0 0
0 0 0 0
0 0 0 0
0 0 0 0
0 0 0 0
0 0 0 0
-2.776 -0.02 -0.25099999 0
0 0 0 0
0 0 0 0
0 0 0 0
-2.766 -0.086000003 -0.249 0
0 0 0 0
0 0 0 0
0 0 0 0
-2.7320001 -0.152 -0.24600001 0
0 0 0 0
0 0 0 0
0 0 0 0
-2.698 -0.215 -0.242 0
0 0 0 0
0 0 0 0
0 0 0 0
-2.6670001 -0.278 -0.23899999 2
0 0 0 0
0 0 0 0
0 0 0 0
-2.6440001 -0.34 -0.237 2
-30.374001 -3.9949999 -1.618 9
0 0 0 0
-2.5940001 -0.36399999 0.032000002 8
-2.6270001 -0.403 -0.235 4
-30.040001 -4.6750002 -1.591 9
0 0 0 0
0 0 0 0
-2.5829999 -0.46000001 -0.23100001 3
-30.622999 -5.5050001 -1.612 9
0 0 0 0
0 0 0 0
-2.54 -0.51599997 -0.227 2
0 0 0 0
0 0 0 0
-30.280001 -6.3379998 0.447 11
-2.523 -0.57599998 -0.22499999 2
0 0 0 0
-30.006001 -6.9050002 -0.47600001 9
-30.139 -7.0110002 0.46599999 6
-2.5020001 -0.63499999 -0.223 3
-29.635 -7.5050001 -1.538 9
0 0 0 0
0 0 0 0
-2.448 -0.68400002 -0.219 3
-29.287001 -8.1590004 -1.513 16
0 0 0 0
0 0 0 0
-2.437 -0.745 -0.21799999 3
0 0 0 0
0 0 0 0
-29.135 -8.8660002 0.51099998 19
-2.415 -0.80299997 -0.21600001 4
0 0 0 0
-28.91 -9.5 -0.40400001 6
-28.691999 -9.4390001 0.523 12
-2.3800001 -0.85500002 -0.213 4
0 0 0 0
0 0 0 0
-28.382 -10.042 0.53600001 9
-2.362 -0.91399997 -0.212 4
0 0 0 0
-13.361 -5.0780001 -0.175 10
-13.401 -5.0780001 0.26100001 4
-2.3310001 -0.96700001 -0.20900001 4
-23.452999 -9.6070004 -1.191 7
0 0 0 0
0 0 0 0
-2.303 -1.02 -0.207 4
-2.302 -1.007 -0.116 0
0 0 0 0
0 0 0 0
-2.283 -1.0779999 -0.206 4
-2.2739999 -1.058 -0.115 2
-2.2809999 -1.05 -0.027000001 8
-2.2780001 -1.0420001 0.048 3
-2.2590001 -1.133 -0.204 4
-4.4650002 -2.2060001 -0.22499999 33
-2.266 -1.107 -0.026000001 0
-22.483 -10.897 0.49599999 10
-2.223 -1.183 -0.20200001 4
-4.4239998 -2.3180001 -0.223 31
-4.4499998 -2.3 -0.048999999 30
-22.235001 -11.4 0.505 6
-1.545 -0.87 -0.14 0
-4.3709998 -2.4219999 -0.22 32
-4.3969998 -2.401 -0.046999998 26
0 0 0 0
-1.533 -0.91299999 -0.14 13
-1.508 -0.88200003 -0.075000003 9
-4.3509998 -2.5079999 -0.045000002 25
0 0 0 0
0 0 0 0
-1.529 -0.94300002 -0.077 21
-1.512 -0.917 -0.015 22
0 0 0 0
-0.96100003 -0.63599998 -0.088 7
0 0 0 0
-1.512 -0.96600002 -0.014 23
-1.516 -0.95700002 0.037999999 28
-0.94 -0.65499997 -0.086999997 8
-0.95200002 -0.64999998 -0.046999998 7
0 0 0 0
-1.489 -0.986 0.037999999 27
-0.93300003 -0.68400002 -0.086999997 1
-0.93599999 -0.67199999 -0.046999998 7
-0.94599998 -0.667 -0.0080000004 8
0 0 0 0
-4.0430002 -3.1159999 -0.37900001 2
-4.072 -3.0710001 -0.205 2
-0.935 -0.69099998 -0.0080000004 7
-0.94 -0.685 0.025 8
-2.0339999 -1.646 -0.192 3
-4.0209999 -3.1819999 -0.20299999 3
-4.0619998 -3.1489999 -0.034000002 2
-0.92699999 -0.70700002 0.025 8
-1.998 -1.698 -0.189 4
-3.9719999 -3.296 -0.20100001 15
-3.997 -3.2490001 -0.032000002 23
0 0 0 0
-1.987 -1.772 -0.19 2
-3.918 -3.4100001 -0.199 25
-3.9430001 -3.355 -0.029999999 24
0 0 0 0
-1.961 -1.834 -0.189 0
-5.448 -4.9699998 -0.278 8
-5.5500002 -4.948 -0.041000001 5
-5.8140001 -5.0900002 0.171 4
-1.924 -1.888 -0.18700001 0
0 0 0 0
0 0 0 0
-5.3049998 -4.8579998 0.15899999 5
-1.897 -1.952 -0.186 0
-4.473 -4.48 -0.23 2
0 0 0 0
-4.8730001 -4.6680002 0.15000001 4
-1.865 -2.013 -0.184 0
0 0 0 0
-4.441 -4.539 -0.028999999 3
-4.473 -4.48 0.14 14
-1.849 -2.0929999 -0.184 0
0 0 0 0
0 0 0 0
-4.1279998 -4.323 0.132 3
-1.8200001 -2.161 -0.184 0
-3.484 -4.0149999 -0.183 8
0 0 0 0
-3.823 -4.1890001 0.125 3
0 0 0 0
-3.313 -4.0009999 -0.175 4
-3.375 -3.9590001 -0.02 16
-3.5209999 -4.0359998 0.117 10
0 0 0 0
0 0 0 0
0 0 0 0
-3.312 -3.971 0.113 5
-1.727 -2.375 -0.18099999 0
0 0 0 0
0 0 0 0
-3.075 -3.8610001 0.107 1
-1.686 -2.438 -0.17900001 0
0 0 0 0
0 0 0 0
-2.8859999 -3.7950001 0.102 0
-1.649 -2.51 -0.178 0
-2.3929999 -3.5090001 -0.131 1
0 0 0 0
0 0 0 0
-1.62 -2.5969999 -0.178 0
-2.237 -3.4489999 -0.124 21
-2.346 -3.4909999 -0.011 1
-2.464 -3.562 0.090999998 1
-1.5930001 -2.6930001 -0.178 0
-2.1960001 -3.566 -0.124 6
-2.233 -3.4920001 -0.0099999998 10
-2.2909999 -3.4749999 0.086000003 9
-1.411 -2.5179999 -0.161 14
0 0 0 0
0 0 0 0
-2.2030001 -3.5109999 0.085000001 2
-1.0470001 -1.976 -0.122 6
0 0 0 0
-1.452 -2.517 -0.0060000001 2
0 0 0 0
-0.991 -1.982 -0.118 3
-1.033 -1.971 -0.061000001 15
-1.061 -1.9400001 -0.0040000002 18
-1.077 -1.901 0.043000001 2
-1.1210001 -2.381 -0.13699999 18
-1.184 -2.3959999 -0.071999997 83
-1.011 -1.952 -0.0040000002 21
-1.043 -1.943 0.043000001 15
-1.036 -2.3399999 -0.12899999 14
-1.1 -2.3599999 -0.068000004 76
-1.166 -2.385 -0.0040000002 69
-1.225 -2.4089999 0.050999999 116
-0.95899999 -2.313 -0.123 12
-1.021 -2.3299999 -0.064999998 77
-1.084 -2.352 -0.0040000002 72
-1.1440001 -2.381 0.048999999 87
-0.88499999 -2.283 -0.118 8
-0.94099998 -2.2920001 -0.061000001 83
-1.0039999 -2.316 -0.0040000002 74
-1.0599999 -2.342 0.046999998 79
-0.80900002 -2.2409999 -0.111 4
-0.866 -2.257 -0.057999998 85
-0.93000001 -2.2880001 -0.003 79
-0.986 -2.316 0.045000002 91
-0.74000001 -2.21 -0.106 3
-0.796 -2.227 -0.055 75
-0.85799998 -2.257 -0.003 84
-0.912 -2.283 0.043000001 87
-0.671 -2.174 -0.1 2
-0.72600001 -2.188 -0.052000001 65
-0.78799999 -2.224 -0.003 87
-0.83899999 -2.2449999 0.039999999 93
0 0 0 0
-0.65899998 -2.152 -0.050000001 79
-0.71700001 -2.1800001 -0.003 76
-0.76999998 -2.2160001 0.037999999 103
0 0 0 0
-0.47799999 -1.702 -0.037999999 23
-0.537 -1.7690001 -0.0020000001 159
-0.70200002 -2.178 0.035999998 82
0 0 0 0
-0.53799999 -2.0999999 -0.045000002 82
-0.47799999 -1.714 -0.0020000001 35
-0.49399999 -1.658 0.026000001 26
-0.154 -0.736 -0.028999999 0
-0.48100001 -2.0780001 -0.043000001 76
-0.53299999 -2.096 -0.0020000001 79
-0.48899999 -1.793 0.027000001 158
-0.142 -0.76899999 -0.028999999 0
-0.426 -2.0550001 -0.041000001 79
-0.477 -2.0739999 -0.0020000001 81
-0.52100003 -2.0940001 0.030999999 89
-0.126 -0.787 -0.028000001 0
-0.37200001 -2.027 -0.039000001 77
-0.42300001 -2.0550001 -0.0020000001 78
-0.46399999 -2.0639999 0.028999999 80
0 0 0 0
-0.31999999 -2 -0.037 88
-0.36899999 -2.0280001 -0.0020000001 77
-0.412 -2.049 0.027000001 82
0 0 0 0
-0.27000001 -1.9809999 -0.035 77
-0.317 -1.998 -0.0020000001 85
-0.359 -2.023 0.025 85
0 0 0 0
-0.221 -1.9630001 -0.033 68
-0.26800001 -1.98 -0.003 75
-0.30700001 -1.992 0.023 86
-0.054000001 -0.81599998 -0.025 0
-0.17399999 -1.939 -0.030999999 74
-0.219 -1.96 -0.003 79
-0.25799999 -1.973 0.022 84
-0.035999998 -0.82599998 -0.024 0
-0.127 -1.914 -0.029999999 83
-0.17200001 -1.937 -0.003 76
-0.20999999 -1.947 0.02 84
0 0 0 0
-0.082000002 -1.897 -0.028000001 80
-0.126 -1.9119999 -0.003 83
-0.163 -1.927 0.018999999 85
0.001 -0.82300001 -0.021 0
-0.037999999 -1.877 -0.027000001 82
-0.081 -1.891 -0.003 80
-0.118 -1.908 0.017000001 82
0.021 -0.85600001 -0.021 0
0.0040000002 -1.859 -0.025 80
-0.037 -1.875 -0.003 80
-0.072999999 -1.888 0.015 83
0.041999999 -0.88 -0.021 0
0.046 -1.8380001 -0.024 74
0.0049999999 -1.858 -0.003 81
-0.028999999 -1.872 0.014 82
0.064000003 -0.898 -0.02 0
0.088 -1.822 -0.022 84
0.046999998 -1.841 -0.003 79
0.012 -1.848 0.012 86
0.086999997 -0.92400002 -0.018999999 0
0.12899999 -1.807 -0.021 80
0.089000002 -1.824 -0.0040000002 80
0.054000001 -1.8329999 0.011 77
0.11 -0.93300003 -0.017999999 0
0.169 -1.786 -0.02 84
0.12899999 -1.794 -0.0040000002 82
0.094999999 -1.821 0.0089999996 82
0.131 -0.93199998 -0.017000001 0
0.208 -1.766 -0.018999999 81
0.169 -1.783 -0.0040000002 80
0.13600001 -1.799 0.0080000004 78
0 0 0 0
0.24699999 -1.748 -0.017000001 77
0.208 -1.763 -0.0040000002 79
0.176 -1.78 0.0060000001 79
0.14399999 -0.76599997 -0.012 0
0 0 0 0
0.24699999 -1.744 -0.0049999999 68
0.214 -1.758 0.0049999999 81
0.161 -0.75800002 -0.011 1
0.146 -0.773 -0.0070000002 0
0 0 0 0
0.25400001 -1.7460001 0.003 66
0.17200001 -0.73000002 -0.0089999996 3
0.16 -0.75599998 -0.0060000001 1
0.14300001 -0.75800002 -0.0020000001 0
0 0 0 0
0.192 -0.73900002 -0.0080000004 1
0.177 -0.75 -0.0049999999 1
0.16 -0.75400001 -0.0020000001 1
0.148 -0.76599997 0 1
0.47400001 -1.6619999 -0.017000001 4
0.19400001 -0.745 -0.0049999999 0
0.17900001 -0.755 -0.0020000001 3
0.16599999 -0.76499999 0 1
0.50599998 -1.632 -0.015 87
0.46900001 -1.6440001 -0.011 9
0.198 -0.75800002 -0.0020000001 0
0.17900001 -0.74400002 -0.001 4
0 0 0 0
0.50700003 -1.631 -0.0099999998 95
0.47299999 -1.652 -0.0060000001 13
0 0 0 0
0 0 0 0
0 0 0 0
0.50700003 -1.628 -0.0070000002 82
0.47799999 -1.643 -0.0049999999 17
0.27200001 -0.704 -0.003 0
0 0 0 0
0 0 0 0
0.51300001 -1.623 -0.0070000002 86
0.292 -0.70700002 -0.0020000001 0
0 0 0 0
0 0 0 0
0 0 0 0
0.68199998 -1.551 -0.003 14
0.29899999 -0.722 -0.003 0
0 0 0 0
0 0 0 0
0.71600002 -1.533 -0.001 94
0.68400002 -1.549 -0.0049999999 14
0.30000001 -0.72100002 -0.0040000002 0
0.28400001 -0.72000003 -0.0049999999 0
0.75 -1.515 0 84
0.71700001 -1.528 -0.0040000002 25
0.31799999 -0.71700001 -0.0040000002 0
0 0 0 0
0.78600001 -1.501 0.0020000001 88
0.75300002 -1.515 -0.0040000002 89
0.722 -1.531 -0.0089999996 25
0.69999999 -1.558 -0.015 5
0.78899997 -1.428 0.0040000002 6
0.78899997 -1.498 -0.003 83
0.75700003 -1.516 -0.0099999998 88
0.72799999 -1.523 -0.016000001 94
0 0 0 0
0.80400002 -1.447 -0.0020000001 6
0.79299998 -1.497 -0.0099999998 84
0.764 -1.508 -0.017999999 88
0.50099999 -0.81599998 0.0049999999 7
0 0 0 0
0.78200001 -1.398 -0.0099999998 5
0.79900002 -1.488 -0.018999999 77
0.61699998 -0.95599997 0.0070000002 2
0.48199999 -0.77999997 0 5
0 0 0 0
0.78299999 -1.381 -0.018999999 5
0.64600003 -0.95300001 0.0080000004 1
0.63 -0.97100002 0 1
0.55699998 -0.89499998 -0.0070000002 2
0.46599999 -0.778 -0.012 12
0.67400002 -0.94800001 0.0099999998 1
0.65499997 -0.95999998 0 1
0.63300002 -0.96799999 -0.0080000004 1
0.61500001 -0.97500002 -0.016000001 2
0.69999999 -0.93900001 0.011 1
0.68099999 -0.94999999 0.001 1
0.65899998 -0.958 -0.0089999996 1
0.64600003 -0.972 -0.017999999 2
0.72299999 -0.92500001 0.013 1
0.70499998 -0.93699998 0.001 1
0.685 -0.94800001 -0.0089999996 1
0.66600001 -0.95300001 -0.018999999 1
0.74800003 -0.91399997 0.014 1
0.73100001 -0.92699999 0.0020000001 1
0.71399999 -0.94099998 -0.0089999996 1
0.69199997 -0.94199997 -0.02 1
0.77600002 -0.90499997 0.016000001 1
0.75999999 -0.92000002 0.0020000001 1
0.73400003 -0.92299998 -0.0099999998 1
0.71700001 -0.93099999 -0.021 1
0.801 -0.89399999 0.017000001 1
0.78399998 -0.90600002 0.003 1
0.76499999 -0.917 -0.0099999998 1
0.73500001 -0.90899998 -0.022 1
0.82599998 -0.88099998 0.017999999 1
0.80800003 -0.89200002 0.003 1
0.78500003 -0.89700001 -0.011 1
0.74699998 -0.88099998 -0.023 1
0.847 -0.86400002 0.02 1
0.83499998 -0.88 0.0040000002 1
0.81800002 -0.89200002 -0.011 1
0.741 -0.833 -0.023 1
0.58499998 -0.56999999 0.014 0
0 0 0 0
0.83999997 -0.875 -0.012 1
0.70599997 -0.75599998 -0.022 0
0.588 -0.54799998 0.015 4
0 0 0 0
0 0 0 0
0.66799998 -0.68199998 -0.022 0
0.62 -0.55199999 0.016000001 0
0.59500003 -0.54699999 0.003 0
0.59600002 -0.565 -0.0080000004 5
0.59399998 -0.579 -0.018999999 0
0.63300002 -0.53899997 0.017000001 0
0.62599999 -0.55000001 0.003 0
0.60100001 -0.54400003 -0.0080000004 0
0.59100002 -0.54900002 -0.02 1
0 0 0 0
0.64099997 -0.537 0.0040000002 0
0.62400001 -0.54000002 -0.0089999996 0
0.60799998 -0.53899997 -0.021 0
1.513 -1.175 0.044 17
0 0 0 0
0.63999999 -0.52700001 -0.0089999996 0
0.62199998 -0.52499998 -0.021 0
1.5549999 -1.154 0.046 72
1.526 -1.165 0.011 20
1.511 -1.187 -0.022 14
0.63300002 -0.50999999 -0.022 0
1.594 -1.128 0.048 79
1.575 -1.146 0.011 78
1.543 -1.155 -0.023 81
0.65600002 -0.50300002 -0.023 0
1.646 -1.1109999 0.050999999 79
1.614 -1.119 0.012 87
1.597 -1.138 -0.024 87
0.67299998 -0.491 -0.024 0
1.691 -1.087 0.052999999 79
1.668 -1.101 0.013 74
1.6440001 -1.115 -0.025 82
0.676 -0.46900001 -0.025 0
1.7460001 -1.067 0.056000002 70
1.7130001 -1.075 0.014 81
1.694 -1.0930001 -0.026000001 78
0.69400001 -0.45699999 -0.026000001 0
1.7920001 -1.0420001 0.057999998 75
1.768 -1.054 0.014 73
1.751 -1.072 -0.027000001 78
0.68900001 -0.43099999 -0.026000001 0
2.3540001 -1.299 0.078000002 25
1.899 -1.075 0.016000001 172
1.803 -1.046 -0.028999999 79
0.71899998 -0.426 -0.027000001 0
2.434 -1.273 0.082000002 25
2.391 -1.281 0.021 28
2.362 -1.298 -0.037999999 26
0.736 -0.41299999 -0.028000001 0
2.5020001 -1.239 0.086000003 25
2.464 -1.249 0.022 24
2.4430001 -1.2690001 -0.039999999 26
0.755 -0.40000001 -0.028999999 0
2.5710001 -1.202 0.089000002 25
2.5450001 -1.2180001 0.023 25
2.5150001 -1.233 -0.041000001 25
0 0 0 0
2.655 -1.17 0.093000002 25
2.619 -1.1799999 0.024 24
2.5810001 -1.191 -0.043000001 23
0 0 0 0
2.7379999 -1.135 0.097999997 26
2.698 -1.143 0.025 24
2.674 -1.159 -0.045000002 24
0 0 0 0
2.8169999 -1.095 0.102 27
2.7850001 -1.105 0.026000001 25
2.76 -1.12 -0.046999998 24
0 0 0 0
2.128 -0.773 0.078000002 5
2.878 -1.067 0.027000001 26
2.8469999 -1.0779999 -0.048999999 25
0 0 0 0
2.115 -0.71499997 0.078000002 18
2.1070001 -0.727 0.02 20
2.1140001 -0.74400002 -0.037 21
0 0 0 0
2.119 -0.66399997 0.079000004 19
2.1210001 -0.67799997 0.021 20
2.115 -0.68900001 -0.037 18
0 0 0 0
2.135 -0.61799997 0.079999998 19
2.1259999 -0.62599999 0.021 19
2.122 -0.63700002 -0.037999999 20
0 0 0 0
2.1470001 -0.56999999 0.082000002 20
2.1370001 -0.57599998 0.021 19
2.142 -0.58899999 -0.037999999 20
0 0 0 0
2.1559999 -0.52100003 0.082999997 21
2.151 -0.528 0.021 19
2.1500001 -0.537 -0.039000001 20
2.1329999 -0.53899997 -0.093000002 0
2.165 -0.472 0.083999999 21
2.161 -0.479 0.022 19
2.1589999 -0.486 -0.039999999 20
2.168 -0.493 -0.096000001 3
2.1800001 -0.42500001 0.085000001 19
2.1670001 -0.428 0.022 18
2.1700001 -0.435 -0.039999999 20
2.1659999 -0.43799999 -0.097000003 3
1.4960001 -0.257 0.059 158
1.507 -0.26199999 0.015 177
1.4960001 -0.26300001 -0.028000001 166
0 0 0 0
2.2119999 -0.33000001 0.088 4
2.211 -0.33199999 0.023 2
2.2090001 -0.336 -0.041999999 2
2.1989999 -0.33500001 -0.1 9
2.2149999 -0.28099999 0.089000002 19
2.207 -0.28 0.023 18
2.204 -0.28200001 -0.041999999 18
2.204 -0.28200001 -0.102 11
2.2160001 -0.23100001 0.090000004 18
2.217 -0.23 0.023 18
2.214 -0.23100001 -0.043000001 18
2.223 -0.23 -0.104 13
2.233 -0.183 0.090999998 18
2.2279999 -0.18000001 0.023 18
2.223 -0.17900001 -0.044 17
2.24 -0.177 -0.105 15
2.24 -0.133 0.092 17
2.233 -0.13 0.024 18
2.2409999 -0.127 -0.044 18
2.2590001 -0.124 -0.107 16
2.2509999 -0.083999999 0.093000002 19
2.257 -0.079000004 0.024 17
2.253 -0.075000003 -0.045000002 17
2.267 -0.07 -0.109 20
2.2620001 -0.034000002 0.093999997 18
2.26 -0.027000001 0.024 17
2.26 -0.022 -0.046 16
2.279 -0.015 -0.111 18
2.277 0.016000001 0.096000001 18
2.2690001 0.023 0.024 19
2.2750001 0.030999999 -0.046999998 18
2.289 0.039000001 -0.112 19
2.283 0.066 0.096000001 20
2.283 0.075999998 0.025 19
2.279 0.083999999 -0.046999998 17
2.3010001 0.094999999 -0.114 18
2.2950001 0.118 0.097999997 19
2.293 0.12899999 0.025 19
2.2939999 0.139 -0.048 17
2.312 0.152 -0.116 19
2.3150001 0.17 0.098999999 17
2.3080001 0.183 0.025 18
2.3110001 0.19499999 -0.048999999 16
2.323 0.20900001 -0.118 14
2.316 0.223 0.1 19
1.512 0.154 0.016000001 2
1.4859999 0.16 -0.032000002 20
1.4529999 0.16599999 -0.074000001 19
1.46 0.17299999 0.063000001 17
1.419 0.178 0.015 22
1.404 0.185 -0.029999999 6
1.376 0.191 -0.071000002 3
1.375 0.19400001 0.059999999 4
1.351 0.20100001 0.015 3
1.323 0.206 -0.028999999 4
1.3 0.213 -0.068000004 24
1.306 0.214 0.057 6
0 0 0 0
1.267 0.228 -0.028000001 6
1.234 0.23199999 -0.064999998 4
1.244 0.23199999 0.055 5
1.221 0.23899999 0.013 4
1.207 0.24699999 -0.027000001 5
1.1799999 0.252 -0.063000001 4
1.1900001 0.25 0.052999999 4
1.176 0.25799999 0.013 4
1.143 0.26199999 -0.026000001 5
1.126 0.26899999 -0.061000001 5
1.1390001 0.26499999 0.050999999 5
1.12 0.273 0.012 4
1.096 0.27900001 -0.025 5
1.069 0.28299999 -0.057999998 5
1.096 0.28099999 0.048999999 5
1.073 0.28799999 0.012 5
1.051 0.294 -0.024 5
1.038 0.30199999 -0.057 4
1.048 0.294 0.046999998 5
1.038 0.30399999 0.011 4
1.026 0.31299999 -0.024 5
1.029 0.32699999 -0.057 4
1.026 0.31299999 0.046999998 5
1.028 0.32699999 0.011 4
1.024 0.33899999 -0.024 3
1.033 0.35600001 -0.057999998 3
1.02 0.336 0.046999998 4
1.031 0.354 0.011 3
1.03 0.368 -0.025 3
1.041 0.38699999 -0.059 3
1.025 0.36300001 0.046999998 3
1.034 0.382 0.011 3
1.041 0.40000001 -0.025 3
1.05 0.419 -0.061000001 3
1.034 0.39300001 0.048 3
1.039 0.41100001 0.011 2
1.0470001 0.43099999 -0.026000001 3
1.053 0.44999999 -0.061999999 3
1.0420001 0.42199999 0.048 3
1.049 0.44400001 0.012 2
1.054 0.463 -0.026000001 3
1.069 0.48800001 -0.063000001 2
1.05 0.45300001 0.048999999 3
1.054 0.47400001 0.012 2
1.0650001 0.49900001 -0.027000001 3
1.08 0.52499998 -0.064999998 2
1.0549999 0.484 0.050000001 3
1.067 0.50999999 0.012 2
1.076 0.53500003 -0.028000001 3
1.096 0.56599998 -0.066 2
1.067 0.51800001 0.050999999 3
1.073 0.54400003 0.012 2
1.085 0.57300001 -0.028000001 2
1.101 0.60299999 -0.068000004 2
1.0779999 0.55400002 0.052000001 3
1.085 0.58200002 0.012 2
1.108 0.61799997 -0.028999999 2
1.114 0.64600003 -0.068999998 2
1.085 0.58899999 0.052000001 3
1.101 0.62300003 0.012 2
1.117 0.65899998 -0.029999999 2
1.124 0.68800002 -0.071000002 2
1.099 0.62900001 0.052999999 3
1.113 0.66399997 0.013 1
1.128 0.70099998 -0.030999999 1
1.149 0.74299997 -0.074000001 2
1.107 0.66600001 0.054000001 2
1.126 0.708 0.013 1
1.147 0.75099999 -0.032000002 1
1.163 0.792 -0.075000003 15
1.117 0.70700002 0.055 2
1.156 0.764 0.013 14
1.161 0.80000001 -0.033 6
0 0 0 0
1.137 0.75700003 0.056000002 2
0 0 0 0
0 0 0 0
0 0 0 0
2.168 1.513 0.109 43
2.3269999 1.697 0.027000001 11
0 0 0 0
2.688 2.1329999 -0.183 7
2.128 1.558 0.108 40
2.4170001 1.85 0.028000001 12
2.678 2.142 -0.079999998 7
2.6530001 2.211 -0.184 7
2.1070001 1.6160001 0.107 36
2.332 1.8710001 0.027000001 21
2.6500001 2.224 -0.079999998 7
2.618 2.2920001 -0.184 6
2.0910001 1.6799999 0.107 30
2.3 1.934 0.027000001 12
2.618 2.3050001 -0.079999998 6
2.5880001 2.378 -0.185 6
2.082 1.752 0.108 38
2.6099999 2.3 0.030999999 7
2.5769999 2.3800001 -0.079999998 7
2.5569999 2.4679999 -0.186 7
2.1240001 1.87 0.111 28
2.585 2.388 0.030999999 7
2.5439999 2.4630001 -0.081 6
2.506 2.5380001 -0.185 6
2.582 2.3789999 0.13600001 7
2.5450001 2.461 0.029999999 7
2.5090001 2.5480001 -0.081 6
2.4649999 2.619 -0.186 6
2.5439999 2.4519999 0.13500001 6
2.507 2.539 0.029999999 7
2.46 2.618 -0.081 6
0 0 0 0
2.5150001 2.536 0.13500001 6
2.467 2.6159999 0.029999999 7
0 0 0 0
0 0 0 0
2.47 2.6059999 0.134 6
0 0 0 0
0 0 0 0
0 0 0 0
0 0 0 0
0 0 0 0
0 0 0 0
0 0 0 0
0 0 0 0
0 0 0 0
0 0 0 0
1.399 1.901 -0.116 2
0 0 0 0
0 0 0 0
1.399 1.8940001 -0.050999999 3
0.72600001 1.0369999 -0.061999999 4
0 0 0 0
1.405 1.885 0.017000001 3
1.3710001 1.952 -0.050999999 2
0.70999998 1.069 -0.061999999 5
1.419 1.885 0.082000002 3
1.374 1.936 0.017000001 2
0.71399999 1.069 -0.027000001 5
0 0 0 0
1.3839999 1.928 0.081 0
1.348 1.9960001 0.017000001 0
0.68800002 1.084 -0.027000001 7
0 0 0 0
1.358 1.985 0.079999998 0
0.69400001 1.081 0.0089999996 11
0 0 0 0
1.2640001 2.237 -0.119 0
1.331 2.0450001 0.079999998 0
0.66600001 1.091 0.0080000004 6
0 0 0 0
0 0 0 0
0 0 0 0
0 0 0 0
0 0 0 0
0.71499997 1.4220001 -0.071999997 3
0.63800001 1.085 0.039000001 1
0 0 0 0
0 0 0 0
0.68300003 1.443 -0.071000002 3
0 0 0 0
1.212 2.3380001 0.016000001 0
0.67299998 1.404 -0.029999999 17
0 0 0 0
0 0 0 0
1.178 2.4089999 0.016000001 0
1.126 2.4979999 -0.052999999 0
0.26199999 0.62900001 -0.028999999 9
0 0 0 0
0.64200002 1.3940001 0.0089999996 14
1.104 2.609 -0.054000001 0
0.39700001 1.023 -0.046 4
0.648 1.375 0.044 0
0 0 0 0
0 0 0 0
0 0 0 0
0 0 0 0
0 0 0 0
0 0 0 0
0.29899999 0.89499998 -0.037999999 0
0 0 0 0
0 0 0 0
0 0 0 0
0 0 0 0
0 0 0 0
0 0 0 0
0.28400001 0.89999998 -0.016000001 2
1.2460001 4.4180002 -0.178 2
0 0 0 0
0 0 0 0
0 0 0 0
0.368 1.434 -0.056000002 6
1.1 3.2609999 0.086999997 5
0.93800002 3.115 0.016000001 1
0.37599999 1.421 -0.024 14
0.85799998 3.7090001 -0.14 23
0 0 0 0
0.389 1.411 0.0070000002 25
0 0 0 0
1.005 4.869 -0.178 23
0.40099999 1.399 0.034000002 8
0.889 3.5450001 0.017000001 4
1.12 5.211 -0.083999999 2
0.94800001 5.2150002 -0.185 20
0.84799999 3.233 0.077 1
0.78399998 3.4619999 0.016000001 31
1.0089999 5.3060002 -0.082999997 18
0.84100002 5.342 -0.184 18
0.80299997 3.3759999 0.077 13
0.71499997 3.536 0.016000001 24
0.852 5.1300001 -0.077 12
0.65700001 4.9369998 -0.164 77
0.73199999 3.4289999 0.075000003 38
0.648 3.6429999 0.016000001 21
0.70499998 4.961 -0.071999997 43
0.53200001 4.8800001 -0.156 73
0.65700001 3.4649999 0.072999999 38
0.57599998 3.74 0.016000001 22
0.57800001 4.8979998 -0.068000004 69
0.405 4.756 -0.147 150
0.597 3.605 0.072999999 41
0.50199997 3.858 0.015 23
0.43000001 4.5630002 -0.061000001 150
0.294 4.79 -0.142 13
0.52999997 3.7360001 0.071999997 39
0.42199999 3.964 0.015 26
0.33899999 4.7909999 -0.061999999 72
0.055 1.462 -0.041000001 79
0.458 3.872 0.071999997 34
0.34 4.1020002 0.015 31
0.067000002 1.428 -0.017000001 84
0.066 4.8080001 -0.132 4
0.38299999 4.0409999 0.071999997 33
0.25099999 4.2210002 0.015 8
0.111 4.723 -0.056000002 2
-0.048 5.0599999 -0.133 31
0.30000001 4.2030001 0.071000002 26
0.052000001 1.455 0.0049999999 80
0.001 4.9380002 -0.055 31
-0.169 5.1129999 -0.12800001 18
0 0 0 0
0.061000001 4.8000002 0.016000001 3
-0.121 5.1960001 -0.055 27
-0.28600001 5.0570002 -0.121 31
0 0 0 0
-0.052999999 5.0500002 0.016000001 35
-0.237 5.0770001 -0.050999999 71
-0.16500001 2.056 -0.046 3
0.0080000004 4.9650002 0.071999997 2
-0.17299999 5.1160002 0.016000001 15
-0.354 5.0419998 -0.048 39
-0.51499999 4.9580002 -0.107 67
-0.113 5.1999998 0.071000002 5
-0.289 5.059 0.015 59
-0.193 2.056 -0.017999999 28
-0.62800002 4.9159999 -0.1 50
-0.228 5.085 0.064999998 54
-0.405 5.0040002 0.015 26
-0.58099997 4.9460001 -0.041000001 56
-0.40700001 2.681 -0.050999999 0
-0.34299999 5.0279999 0.061000001 28
-0.51700002 4.9590001 0.014 65
-0.39500001 2.7980001 -0.021 3
-0.58899999 3.352 -0.059999999 17
-0.18799999 2.046 0.023 15
-0.62800002 4.9099998 0.014 31
-0.43799999 2.6470001 -0.018999999 18
-0.96799999 4.8429999 -0.081 50
-0.57099998 4.941 0.052000001 61
-0.741 4.8730001 0.013 31
-0.92799997 4.8969998 -0.032000002 0
-1.076 4.7930002 -0.074000001 63
-0.38999999 2.7950001 0.027000001 0
-0.861 4.8909998 0.013 21
-1.033 4.829 -0.028000001 46
0 0 0 0
-0.433 2.6470001 0.023 16
-0.97000003 4.842 0.013 55
-1.14 4.7789998 -0.024 19
-1.291 4.7069998 -0.059999999 12
-0.91500002 4.8790002 0.039999999 0
-1.08 4.8039999 0.012 66
0 0 0 0
-1.391 4.6459999 -0.054000001 72
-1.025 4.829 0.035999998 38
0 0 0 0
-1.354 4.6929998 -0.017999999 9
0 0 0 0
-1.132 4.7789998 0.032000002 24
-1.29 4.7020001 0.012 11
0 0 0 0
-0.226 0.64499998 -0.0049999999 7
0 0 0 0
-1.393 4.6440001 0.011 68
0 0 0 0
-0.46599999 1.2359999 -0.0089999996 6
-1.348 4.6960001 0.024 8
-0.625 1.919 0.0040000002 1
-0.23800001 0.64999998 -0.001 8
-0.252 0.62400001 -0.003 8
0 0 0 0
0 0 0 0
0 0 0 0
-0.27000001 0.62800002 -0.0020000001 24
-0.65100002 1.92 0.0070000002 3
0 0 0 0
0 0 0 0
-0.27599999 0.60100001 -0.001 3
0 0 0 0
-0.25099999 0.61900002 0.001 3
-0.285 0.63700002 0 14
0 0 0 0
0 0 0 0
-0.27399999 0.634 0.001 13
-3.628 7.6259999 0.011 69
-5.631 10.91 0 55
0 0 0 0
0 0 0 0
-5.526 10.952 0.025 78
-5.8759999 10.764 0.017000001 35
-0.278 0.62 0 15
-5.3959999 11.012 0.028000001 8
-5.7779999 10.813 0.035 27
-6.1329999 10.645 0.035 37
-3.6459999 7.6399999 -0.001 68
-5.6599998 10.898 0.028000001 52
-6.039 10.698 0.044 40
-6.3979998 10.536 0.052999999 32
-5.546 10.947 -0.011 67
-5.908 10.746 0.028999999 26
-6.2919998 10.567 0.052999999 39
-1.8380001 2.8740001 0.018999999 4
-5.8000002 10.806 -0.02 28
-6.184 10.651 0.028999999 36
-6.5580001 10.455 0.063000001 23
-5.552 8.2589998 0.071999997 4
-6.066 10.681 -0.028000001 43
-6.4289999 10.497 0.029999999 35
-1.873 2.836 0.02 31
-1.6109999 2.283 0.024 4
-6.3330002 10.559 -0.037 37
-1.844 2.859 0.0080000004 70
-5.6690001 8.1669998 0.067000002 28
0 0 0 0
-6.605 10.442 -0.045000002 66
-5.573 8.2060003 0.025 49
0 0 0 0
0 0 0 0
-5.5580001 8.3369999 -0.043000001 1
-1.619 2.2690001 0.0070000002 15
-6.1259999 8.0050001 0.083999999 1
0 0 0 0
-1.6059999 2.29 -0.013 22
-6.0380001 8.052 0.027000001 1
-6.2709999 7.8130002 0.092 1
-1.348 1.579 0.029999999 0
-5.9200001 8.0249996 -0.055 2
-6.1760001 7.8410001 0.028000001 1
-1.335 1.587 0.02 52
0 0 0 0
-6.1420002 7.9250002 -0.061999999 2
-1.3200001 1.598 0.0049999999 29
-6.7129998 7.6110001 0.11 2
0 0 0 0
-6.3520002 7.8000002 -0.068000004 2
-6.5879998 7.6030002 0.028999999 1
0 0 0 0
0 0 0 0
-6.3790002 7.4619999 -0.071999997 11
0 0 0 0
0 0 0 0
0 0 0 0
0 0 0 0
0 0 0 0
0 0 0 0
0 0 0 0
0 0 0 0
0 0 0 0
0 0 0 0
0 0 0 0
0 0 0 0
0 0 0 0
-1.0700001 0.96200001 0.021 4
0 0 0 0
0 0 0 0
-1.086 0.99000001 0.0049999999 39
0 0 0 0
0 0 0 0
-1.0829999 0.99599999 -0.014 81
0 0 0 0
0 0 0 0
0 0 0 0
0 0 0 0
0 0 0 0
0 0 0 0
0 0 0 0
0 0 0 0
-1.068 0.84299999 0.0049999999 10
0 0 0 0
0 0 0 0
-1.066 0.847 -0.015 13
0 0 0 0
0 0 0 0
0 0 0 0
0 0 0 0
0 0 0 0
0 0 0 0
-2.01 1.285 0.079999998 43
0 0 0 0
0 0 0 0
-2.0009999 1.286 0.050000001 2
-2.0190001 1.227 0.082999997 98
0 0 0 0
-1.956 1.265 0.011 5
-2.0190001 1.232 0.052000001 90
-2.0739999 1.197 0.088 56
-2.006 1.301 -0.030999999 1
-2.0139999 1.237 0.012 97
-2.072 1.2 0.054000001 58
-2.2409999 1.228 0.097000003 60
-2.017 1.24 -0.032000002 77
-2.0680001 1.204 0.013 37
-2.24 1.23 0.059999999 54
0 0 0 0
-10.389 6.0479999 -0.167 6
-2.2460001 1.237 0.014 52
-2.266 1.177 0.063000001 24
0 0 0 0
-2.257 1.242 -0.035999998 48
-2.257 1.175 0.015 37
0 0 0 0
0 0 0 0
-2.2590001 1.173 -0.037 39
0 0 0 0
0 0 0 0
-12.123 5.2859998 0.57999998 8
-2.109 1.031 -0.034000002 1
0 0 0 0
-12.147 5.283 0.36000001 4
-2.6600001 1.089 0.13 5
0 0 0 0
-12.142 5.27 0.090999998 5
-2.6630001 1.086 0.079999998 5
-2.6470001 1.016 0.132 7
0 0 0 0
-2.6730001 1.086 0.02 5
-2.6730001 1.0190001 0.082000002 7
-13.245 4.7420001 0.676 21
0 0 0 0
-12.62 4.7849998 0.101 2
-13.279 4.7179999 0.41999999 7
-13.694 4.5619998 0.71200001 16
-12.999 4.8660002 -0.219 8
-12.954 4.566 0.108 6
-13.744 4.5289998 0.44499999 9
-2.688 0.829 0.142 5
-3.2460001 1.126 -0.054000001 5
-13.432 4.3839998 0.115 5
-2.6960001 0.81999999 0.089000002 7
-2.681 0.76099998 0.145 5
-13.904 4.4499998 -0.235 2
-2.6830001 0.80500001 0.023 5
-2.6900001 0.75199997 0.090000004 5
-15.058 3.9159999 0.83099997 14
-2.6830001 0.78799999 -0.045000002 5
-2.6989999 0.74199998 0.024 6
-15.18 3.8699999 0.52200001 10
-15.611 3.691 0.87699997 14
-2.7149999 0.72600001 -0.045000002 5
-15.279 3.8169999 0.146 4
-15.703 3.6240001 0.551 9
-16.165001 3.444 0.92500001 12
0 0 0 0
-15.164 3.4089999 0.15000001 2
-16.313 3.3740001 0.58399999 8
-16.756001 3.1789999 0.977 8
0 0 0 0
-15.793 3.1630001 0.161 4
-16.877001 3.092 0.61500001 7
0 0 0 0
0 0 0 0
-17.131001 3.0150001 0.18099999 2
-17.635 2.813 0.65600002 3
0 0 0 0
0 0 0 0
-17.774 2.7 0.19499999 3
-18.263 2.4879999 0.69300002 6
-16.707001 2.0250001 1.027 3
0 0 0 0
-16.738001 2.1389999 0.19 2
-16.736 1.893 0.64700001 2
0 0 0 0
-16.485001 1.925 -0.27399999 39
0 0 0 0
-19.804001 1.781 0.78100002 4
0 0 0 0
0 0 0 0
0 0 0 0
-20.672001 1.385 0.83099997 4
0 0 0 0
0 0 0 0
0 0 0 0
-21.601999 0.954 0.88499999 4
0 0 0 0
0 0 0 0
0 0 0 0
0 0 0 0
0 0 0 0
0 0 0 0
0 0 0 0
0 0 0 0
0 0 0 0
0 0 0 0
0 0 0 0
0 0 0 0
0 0 0 0
0 0 0 0
0 0 0 0
0 0 0 0
0 0 0 0
0 0 0 0
0 0 0 0
0 0 0 0
0 0 0 0
0 0 0 0
0 0 0 0
0 0 0 0
0 0 0 0
0 0 0 0
0 0 0 0
-31.502001 -3.654 1.478 9
0 0 0 0
0 0 0 0
-31.254999 -4.125 0.52200001 10
-2.598 -0.361 0.124 9
0 0 0 0
0 0 0 0
-30.927999 -4.8270001 0.53500003 9
-30.843 -5.0029998 1.503 10
0 0 0 0
0 0 0 0
-30.641001 -5.52 0.54900002 16
-30.552 -5.6700001 1.5190001 10
0 0 0 0
0 0 0 0
-30.371 -6.2080002 0.56400001 7
0 0 0 0
0 0 0 0
0 0 0 0
-30.080999 -6.8860002 0.579 7
-29.962 -6.987 1.552 10
0 0 0 0
-29.77 -7.5009999 -0.40000001 9
0 0 0 0
-29.708 -7.6490002 1.571 9
0 0 0 0
0 0 0 0
0 0 0 0
-29.405001 -8.2849998 1.586 12
0 0 0 0
-2.4400001 -0.74199998 -0.030999999 0
-29.134001 -8.8719997 0.625 10
-29.099001 -8.915 1.602 14
0 0 0 0
-2.4000001 -0.79299998 -0.028999999 0
-28.698999 -9.4759998 0.63700002 13
-28.822001 -9.5500002 1.62 10
0 0 0 0
-2.385 -0.85299999 -0.028000001 0
-28.395 -10.117 0.653 9
0 0 0 0
-2.405 -0.86199999 0.20999999 0
-2.3510001 -0.90499997 -0.026000001 0
0 0 0 0
0 0 0 0
-2.3610001 -0.90600002 0.20999999 0
-2.3380001 -0.96499997 -0.025 2
-27.92 -11.451 0.69199997 16
0 0 0 0
-2.3310001 -0.954 0.211 0
-2.3069999 -1.018 -0.024 6
-22.867001 -10.007 0.58700001 6
0 0 0 0
-2.3139999 -1.007 0.213 0
-2.279 -1.073 -0.022 9
-22.599001 -10.531 0.60299999 5
-23.455 -10.858 1.4680001 5
-2.283 -1.0549999 0.214 2
-2.2609999 -1.131 -0.02 0
-19.594 -9.6929998 0.54299998 7
0 0 0 0
-2.2579999 -1.104 0.21600001 0
-2.217 -1.177 -0.018999999 0
-22.173 -11.62 0.63800001 3
-23.243999 -12.072 1.524 5
-2.2520001 -1.163 0.219 0
-4.3720002 -2.4579999 -0.034000002 15
-22.952 -12.718 0.68400002 7
-23.072001 -12.653 1.546 6
-2.2290001 -1.214 0.221 0
-1.51 -0.89700001 -0.0099999998 8
-17.684999 -10.351 0.54900002 4
0 0 0 0
0 0 0 0
-1.522 -0.954 -0.0099999998 23
-1.497 -0.92299998 0.048 18
0 0 0 0
0 0 0 0
0 0 0 0
-1.421 -0.92299998 0.046999998 89
-1.393 -0.89200002 0.1 8
-1.48 -0.93900001 0.156 10
-0.94400001 -0.65700001 -0.0040000002 8
0 0 0 0
-1.132 -0.76200002 0.082999997 11
-1.291 -0.86000001 0.139 5
-0.93400002 -0.68400002 -0.003 9
-0.94599998 -0.67900002 0.034000002 7
-0.94800001 -0.67000002 0.071000002 8
0 0 0 0
-0.921 -0.70899999 -0.0020000001 1
-0.93000001 -0.70099998 0.035 7
-0.93699998 -0.69400001 0.071999997 8
-0.93900001 -0.68699998 0.105 8
0 0 0 0
0 0 0 0
-0.92500001 -0.71799999 0.072999999 7
-0.92400002 -0.708 0.106 8
0 0 0 0
0 0 0 0
0 0 0 0
-0.91399997 -0.73299998 0.107 8
-5.54 -4.9400001 0.001 10
-5.822 -5.066 0.249 2
0 0 0 0
0 0 0 0
0 0 0 0
-5.2810001 -4.8179998 0.236 5
-5.4959998 -4.9029999 0.47600001 5
0 0 0 0
0 0 0 0
-4.8150001 -4.6020002 0.22400001 5
-5.027 -4.6919999 0.44800001 6
-5.2290001 -4.796 0.65700001 4
-4.4369998 -4.5679998 0.017999999 1
-4.402 -4.408 0.214 6
-4.612 -4.507 0.42399999 9
-4.796 -4.598 0.61799997 5
0 0 0 0
-4.0710001 -4.27 0.207 10
-4.2399998 -4.335 0.40099999 7
-4.4029999 -4.4120002 0.58099997 7
0 0 0 0
-3.7509999 -4.1230001 0.2 11
-3.9349999 -4.2090001 0.384 9
-4.072 -4.2659998 0.55199999 7
-3.352 -3.983 0.029999999 16
-3.4460001 -3.9690001 0.192 10
-3.5899999 -4.0190001 0.36199999 11
-3.7869999 -4.1479998 0.52700001 9
0 0 0 0
-3.2030001 -3.865 0.18700001 10
-3.3559999 -3.934 0.34999999 11
-3.503 -4.0110002 0.50099999 11
0 0 0 0
-2.9679999 -3.7579999 0.182 10
-3.1170001 -3.825 0.336 11
-3.244 -3.8859999 0.477 10
0 0 0 0
-2.7520001 -3.655 0.177 12
-2.904 -3.733 0.324 10
-3.0280001 -3.7950001 0.458 12
0 0 0 0
-2.563 -3.5739999 0.17399999 11
-2.6989999 -3.6389999 0.31200001 12
-2.8180001 -3.697 0.44 11
-2.2679999 -3.4560001 0.046 11
-2.381 -3.487 0.17 11
-2.5120001 -3.5510001 0.30199999 11
-2.622 -3.602 0.42199999 12
-2.2 -3.533 0.050000001 2
-2.2160001 -3.415 0.167 14
-2.348 -3.484 0.29300001 11
-2.45 -3.529 0.40700001 11
0 0 0 0
-2.0639999 -3.348 0.164 14
-2.1889999 -3.4119999 0.28400001 14
-2.2869999 -3.4560001 0.39300001 11
-1.074 -1.9220001 0.030999999 2
-1.101 -1.881 0.092 8
-2.0339999 -3.336 0.27599999 14
-2.1370001 -3.392 0.38100001 11
-1.029 -1.947 0.034000002 15
-1.066 -1.923 0.094999999 17
-1.09 -1.883 0.154 15
-1.108 -1.848 0.204 21
-1.196 -2.4000001 0.045000002 75
-1.263 -2.4089999 0.12 13
-1.059 -1.929 0.15700001 2
-1.079 -1.895 0.207 18
-1.109 -2.3640001 0.046999998 78
-1.1720001 -2.365 0.118 13
0 0 0 0
0 0 0 0
-1.025 -2.326 0.048 71
-1.086 -2.3269999 0.117 11
0 0 0 0
0 0 0 0
-0.94499999 -2.2869999 0.050000001 74
-1.008 -2.296 0.116 11
0 0 0 0
0 0 0 0
-0.86900002 -2.253 0.052000001 84
-0.92699999 -2.2520001 0.115 9
0 0 0 0
0 0 0 0
-0.79900002 -2.2260001 0.054000001 87
-0.85299999 -2.217 0.114 9
0 0 0 0
0 0 0 0
-0.72500002 -2.1789999 0.055 67
-0.778 -2.171 0.112 7
0 0 0 0
0 0 0 0
-0.50700003 -1.652 0.044 41
-0.71100003 -2.138 0.111 6
0 0 0 0
0 0 0 0
-0.49900001 -1.774 0.048999999 155
-0.505 -1.6440001 0.086000003 23
-0.53600001 -1.615 0.125 0
0 0 0 0
-0.53500003 -2.0880001 0.059999999 75
-0.509 -1.806 0.094999999 159
-0.50599998 -1.649 0.127 24
-0.52700001 -1.608 0.15899999 20
-0.47799999 -2.066 0.061999999 69
-0.537 -2.086 0.111 76
-0.59200001 -2.098 0.162 99
-0.5 -1.653 0.162 30
-0.42300001 -2.043 0.064000003 71
-0.47999999 -2.063 0.111 74
-0.53899997 -2.0899999 0.161 76
-0.58999997 -2.118 0.206 79
-0.368 -2.016 0.064999998 71
-0.426 -2.0409999 0.111 86
-0.48300001 -2.0669999 0.15800001 76
-0.53100002 -2.0869999 0.20100001 85
-0.315 -1.988 0.067000002 82
-0.373 -2.0190001 0.111 81
-0.42899999 -2.0450001 0.156 69
-0.47600001 -2.0650001 0.197 84
-0.266 -1.972 0.068999998 82
-0.31999999 -1.9910001 0.11 77
-0.377 -2.0250001 0.154 73
-0.42300001 -2.043 0.193 90
-0.21600001 -1.938 0.07 73
-0.271 -1.972 0.11 75
-0.32300001 -1.987 0.15099999 79
-0.37 -2.0150001 0.189 84
-0.169 -1.931 0.071999997 74
-0.222 -1.949 0.11 81
-0.27500001 -1.974 0.15000001 75
-0.31900001 -1.985 0.185 85
-0.123 -1.908 0.074000001 74
-0.175 -1.928 0.11 74
-0.226 -1.943 0.148 78
-0.27000001 -1.967 0.182 82
-0.078000002 -1.887 0.075000003 82
-0.12899999 -1.905 0.11 77
-0.18000001 -1.934 0.147 82
-0.223 -1.948 0.17900001 83
-0.033 -1.8660001 0.077 75
-0.083999999 -1.886 0.11 77
-0.134 -1.906 0.145 84
-0.177 -1.9299999 0.176 85
0.0089999996 -1.847 0.079000004 76
-0.039999999 -1.868 0.111 83
-0.089000002 -1.887 0.14300001 80
-0.131 -1.901 0.17200001 89
0.050999999 -1.8329999 0.081 73
0.0020000001 -1.849 0.111 77
-0.045000002 -1.869 0.142 79
-0.086999997 -1.885 0.17 81
0.092 -1.812 0.082000002 76
0.044 -1.83 0.111 81
-0.003 -1.853 0.141 79
-0.044 -1.867 0.167 85
0.133 -1.795 0.083999999 86
0.085000001 -1.816 0.112 87
0.037999999 -1.834 0.14 81
-0.001 -1.848 0.16500001 81
0.17299999 -1.776 0.086000003 78
0.125 -1.793 0.112 82
0.079000004 -1.8150001 0.139 82
0.039000001 -1.829 0.162 81
0.212 -1.761 0.088 80
0.16500001 -1.777 0.112 80
0.119 -1.801 0.138 81
0.079999998 -1.816 0.16 84
0.25 -1.739 0.090000004 25
0.204 -1.7589999 0.113 85
0.15899999 -1.779 0.13699999 84
0.12 -1.796 0.15800001 85
0 0 0 0
0.244 -1.745 0.113 45
0.198 -1.757 0.13500001 80
0.15899999 -1.771 0.155 87
0.142 -0.74599999 0.041000001 0
0 0 0 0
0.236 -1.738 0.134 64
0.198 -1.755 0.153 83
0.162 -0.75599998 0.041999999 1
0.142 -0.76499999 0.050999999 0
0 0 0 0
0.237 -1.738 0.15099999 79
0.17399999 -0.72899997 0.041999999 5
0.15800001 -0.75 0.050999999 0
0 0 0 0
0 0 0 0
0 0 0 0
0.17299999 -0.73900002 0.050999999 4
0.15700001 -0.75999999 0.059 0
0.139 -0.76099998 0.064999998 1
0.47400001 -1.647 0.102 17
0.19499999 -0.755 0.052999999 0
0.171 -0.74400002 0.057999998 4
0.15700001 -0.76300001 0.064999998 1
0.50599998 -1.617 0.103 101
0.465 -1.643 0.117 16
0.19400001 -0.76099998 0.059999999 0
0.17200001 -0.74800003 0.064000003 3
0.542 -1.605 0.106 86
0.498 -1.617 0.117 101
0.461 -1.652 0.132 13
0.18700001 -0.73199999 0.061999999 0
0.579 -1.5930001 0.108 96
0.53600001 -1.608 0.119 83
0.495 -1.6289999 0.131 91
0.46200001 -1.653 0.141 12
0.61199999 -1.5700001 0.11 102
0.57099998 -1.591 0.12 111
0.53100002 -1.614 0.13 79
0.495 -1.625 0.139 103
0.64700001 -1.5549999 0.112 102
0.60699999 -1.575 0.121 106
0.56599998 -1.595 0.13 107
0.53100002 -1.6109999 0.138 84
0.68400002 -1.545 0.115 103
0.64099997 -1.558 0.122 109
0.602 -1.582 0.13 107
0.56599998 -1.59 0.13600001 101
0.71600002 -1.523 0.117 101
0.67799997 -1.546 0.123 111
0.63599998 -1.561 0.12899999 101
0.602 -1.577 0.13500001 104
0.75300002 -1.511 0.119 95
0.70999998 -1.525 0.124 109
0.67199999 -1.548 0.12899999 110
0.63700002 -1.5599999 0.133 102
0.787 -1.493 0.122 92
0.74699998 -1.511 0.125 98
0.708 -1.5319999 0.12899999 116
0.67400002 -1.5470001 0.132 117
0.76999998 -1.3839999 0.116 6
0.78299999 -1.497 0.126 88
0.74199998 -1.513 0.12899999 98
0.70899999 -1.529 0.131 102
0 0 0 0
0.77700001 -1.408 0.121 7
0.77700001 -1.498 0.12899999 89
0.74400002 -1.512 0.13 100
0.59799999 -0.96899998 0.086999997 2
0 0 0 0
0.76499999 -1.3940001 0.121 7
0.77899998 -1.495 0.12899999 92
0.54699999 -0.84399998 0.078000002 3
0.60000002 -0.98000002 0.088 2
0 0 0 0
0.78200001 -1.419 0.122 6
0.63300002 -0.93000001 0.089000002 2
0.597 -0.926 0.085000001 2
0.59799999 -0.98100001 0.086999997 2
0 0 0 0
0.66799998 -0.935 0.092 1
0.61000001 -0.89999998 0.083999999 1
0.602 -0.93800002 0.085000001 2
0.59899998 -0.977 0.085000001 3
0.69800001 -0.93199998 0.094999999 1
0.67299998 -0.94599998 0.090999998 1
0.61000001 -0.90399998 0.082999997 2
0.61000001 -0.94499999 0.082000002 2
0.72600001 -0.92500001 0.097000003 1
0.69999999 -0.93800002 0.092 1
0.67199999 -0.94800001 0.088 1
0.63599998 -0.93699998 0.082000002 1
0.74699998 -0.90899998 0.098999999 1
0.72600001 -0.92799997 0.093999997 1
0.69499999 -0.93300003 0.088 1
0.67699999 -0.949 0.083999999 1
0.56599998 -0.65799999 0.074000001 0
0.74900001 -0.91399997 0.094999999 1
0.72299999 -0.926 0.089000002 1
0.704 -0.94 0.082999997 1
0.76200002 -0.847 0.098999999 0
0.75099999 -0.87400001 0.093000002 0
0.75199997 -0.91799998 0.089000002 1
0.727 -0.92400002 0.082999997 1
0.82099998 -0.87300003 0.105 1
0.58999997 -0.65600002 0.071999997 0
0.77999997 -0.90899998 0.090000004 1
0.75599998 -0.91600001 0.082999997 1
0 0 0 0
0 0 0 0
0.796 -0.88499999 0.089000002 0
0.778 -0.89899999 0.082000002 1
0.57499999 -0.55900002 0.071999997 1
0.67199999 -0.68300003 0.079000004 0
0.82599998 -0.87599999 0.090000004 0
0.80400002 -0.88599998 0.082000002 1
0.59200001 -0.55000001 0.074000001 1
0.57300001 -0.55599999 0.066 1
0.66100001 -0.67000002 0.07 0
0.83600003 -0.87900001 0.082000002 1
0.59899998 -0.53299999 0.074000001 0
0.59500003 -0.55199999 0.068000004 0
0.57700002 -0.55800003 0.059999999 4
0 0 0 0
0.62800002 -0.53399998 0.078000002 0
0.61500001 -0.54500002 0.068999998 0
0.59100002 -0.546 0.059999999 0
0.57599998 -0.551 0.052000001 5
0 0 0 0
0.63599998 -0.53799999 0.07 0
0.61000001 -0.53799999 0.059999999 0
0.60399997 -0.551 0.052999999 0
1.51 -1.171 0.185 17
0 0 0 0
0.63700002 -0.53600001 0.061999999 0
0.62 -0.54000002 0.052999999 0
1.549 -1.147 0.189 71
1.508 -1.163 0.163 19
1.489 -1.1950001 0.142 1
0.65100002 -0.54100001 0.054000001 0
1.5930001 -1.126 0.193 69
1.556 -1.1440001 0.167 76
1.518 -1.1619999 0.141 82
1.497 -1.184 0.12 14
1.641 -1.1059999 0.198 75
1.601 -1.122 0.17 79
1.571 -1.146 0.14399999 82
1.534 -1.156 0.12 86
1.683 -1.081 0.20200001 75
1.651 -1.103 0.17299999 68
1.6160001 -1.123 0.145 83
1.5829999 -1.136 0.12 85
1.738 -1.062 0.20900001 68
1.696 -1.0779999 0.176 70
1.664 -1.099 0.147 83
1.635 -1.115 0.12 84
1.7869999 -1.039 0.214 62
1.751 -1.057 0.18000001 71
1.709 -1.073 0.148 75
1.6799999 -1.0880001 0.121 84
2.349 -1.296 0.28 23
1.813 -1.039 0.185 123
1.7690001 -1.053 0.15099999 71
1.739 -1.069 0.121 80
2.4200001 -1.266 0.289 23
2.3599999 -1.283 0.23899999 23
2.2539999 -1.273 0.189 150
1.795 -1.045 0.122 86
2.4920001 -1.235 0.29699999 24
2.4430001 -1.256 0.24600001 22
2.3870001 -1.275 0.197 24
2.346 -1.293 0.156 25
2.5669999 -1.201 0.30500001 25
2.517 -1.223 0.252 23
2.473 -1.248 0.20200001 21
2.4319999 -1.266 0.15800001 24
2.6470001 -1.169 0.31400001 25
2.5840001 -1.184 0.257 23
2.5510001 -1.215 0.205 22
2.5079999 -1.2309999 0.15899999 24
2.72 -1.13 0.32300001 23
2.671 -1.152 0.264 23
2.631 -1.178 0.20900001 22
2.579 -1.1900001 0.16 24
2.806 -1.0930001 0.333 24
2.7550001 -1.115 0.271 24
2.7079999 -1.138 0.212 23
2.678 -1.159 0.162 25
2.1199999 -0.77200001 0.252 4
2.8380001 -1.074 0.278 25
2.799 -1.099 0.21699999 24
2.7590001 -1.117 0.163 26
2.112 -0.71700001 0.25099999 16
2.109 -0.74299997 0.206 17
2.1259999 -0.778 0.163 5
2.8440001 -1.073 0.16500001 26
2.122 -0.66900003 0.252 17
2.1099999 -0.69 0.205 17
2.109 -0.71600002 0.16 18
2.1059999 -0.73699999 0.12 18
2.138 -0.62199998 0.25400001 18
2.1199999 -0.64099997 0.205 18
2.119 -0.66600001 0.15899999 18
2.112 -0.68400002 0.117 19
2.2309999 -0.59600002 0.266 13
2.152 -0.59799999 0.208 17
2.1359999 -0.61699998 0.15899999 21
2.1289999 -0.63300002 0.116 17
2.711 -0.66100001 0.32300001 22
2.6570001 -0.67299998 0.25600001 24
2.1570001 -0.56800002 0.15899999 15
2.1429999 -0.58200002 0.115 23
2.7409999 -0.60500002 0.32800001 20
2.6830001 -0.616 0.25799999 26
2.1730001 -0.51899999 0.15899999 14
2.148 -0.528 0.113 18
2.7620001 -0.54500002 0.331 22
2.7219999 -0.56 0.26199999 25
2.1830001 -0.46700001 0.15899999 16
2.161 -0.477 0.112 21
1.485 -0.259 0.178 117
1.5140001 -0.27500001 0.145 159
1.752 -0.33199999 0.126 158
2.1760001 -0.426 0.111 22
1.952 -0.29699999 0.235 7
2.6849999 -0.426 0.25799999 1
1.501 -0.249 0.107 66
1.497 -0.25600001 0.075000003 156
1.95 -0.25299999 0.235 13
2.7750001 -0.37599999 0.266 22
2.234 -0.317 0.15899999 2
2.21 -0.32300001 0.109 3
1.965 -0.211 0.23800001 95
2.79 -0.31400001 0.26800001 22
2.227 -0.26300001 0.15800001 14
2.21 -0.26899999 0.108 20
1.973 -0.168 0.23999999 75
2.802 -0.25099999 0.26899999 23
2.244 -0.211 0.15899999 14
2.22 -0.21699999 0.107 18
1.976 -0.124 0.241 52
2.816 -0.18700001 0.271 22
2.257 -0.16 0.15899999 14
2.2320001 -0.164 0.106 18
1.982 -0.081 0.243 47
2.8329999 -0.124 0.273 22
2.27 -0.107 0.15899999 13
2.2409999 -0.11 0.105 18
2.0020001 -0.037999999 0.24600001 38
2.848 -0.059999999 0.27500001 22
2.2850001 -0.054000001 0.16 14
2.253 -0.057 0.105 19
2.0079999 0.0049999999 0.248 34
2.862 0.003 0.27700001 22
2.2980001 -0.001 0.161 14
2.266 -0.0020000001 0.105 20
2.0150001 0.050000001 0.25 30
2.885 0.068999998 0.28 22
2.316 0.052999999 0.162 14
2.2850001 0.052000001 0.104 21
2.0280001 0.093999997 0.25299999 24
2.895 0.13500001 0.28200001 21
2.3280001 0.108 0.163 14
2.2920001 0.107 0.104 19
2.033 0.14 0.255 23
2.9159999 0.20299999 0.285 23
2.335 0.163 0.163 14
2.303 0.164 0.104 18
2.0350001 0.185 0.257 16
2.9319999 0.271 0.28799999 23
2.3570001 0.221 0.16500001 14
2.3180001 0.221 0.104 17
2.0469999 0.23199999 0.25999999 13
2.9449999 0.34099999 0.28999999 22
2.392 0.28099999 0.167 11
1.439 0.17200001 0.064000003 18
2.052 0.278 0.26199999 9
2.9719999 0.412 0.294 23
1.4349999 0.20200001 0.1 13
1.353 0.19499999 0.059999999 4
2.0650001 0.32600001 0.266 6
2.9790001 0.48199999 0.296 21
1.341 0.221 0.093999997 3
1.277 0.21600001 0.056000002 4
2.0450001 0.36899999 0.26499999 3
2.079 0.38499999 0.208 2
1.2589999 0.23800001 0.089000002 4
1.2180001 0.236 0.054000001 4
1.873 0.38100001 0.244 3
2.092 0.43700001 0.211 3
1.1950001 0.255 0.083999999 3
1.165 0.255 0.050999999 4
1.697 0.384 0.223 7
2.085 0.48500001 0.212 4
1.138 0.271 0.081 4
1.112 0.27200001 0.048999999 5
1.652 0.412 0.219 7
2.105 0.54100001 0.215 4
1.091 0.28799999 0.078000002 4
1.062 0.287 0.046999998 5
1.63 0.44499999 0.21799999 10
1.183 0.333 0.122 0
1.044 0.301 0.075000003 4
1.035 0.30700001 0.046 4
1.6339999 0.48500001 0.22 11
0 0 0 0
1.023 0.322 0.074000001 5
1.025 0.331 0.045000002 5
1.645 0.528 0.22400001 12
1.039 0.34400001 0.109 1
1.023 0.34799999 0.074000001 3
1.03 0.361 0.046 4
1.65 0.56999999 0.226 11
1.028 0.366 0.108 2
1.029 0.37799999 0.075999998 3
1.029 0.389 0.046 3
1.655 0.61400002 0.229 10
1.035 0.396 0.11 2
1.0369999 0.40900001 0.077 3
1.04 0.42199999 0.046999998 3
1.67 0.66100001 0.234 10
1.039 0.42500001 0.112 2
1.043 0.44 0.078000002 3
1.0470001 0.454 0.048 3
1.673 0.70599997 0.237 8
1.054 0.45899999 0.115 2
1.052 0.47299999 0.079999998 3
1.057 0.49000001 0.048 3
1.6950001 0.759 0.242 3
1.068 0.495 0.118 3
1.0599999 0.50700003 0.081 3
1.0650001 0.52499998 0.048999999 3
3.01 1.429 0.43599999 36
1.076 0.528 0.12 2
1.069 0.542 0.082999997 3
1.08 0.56599998 0.050999999 3
2.9719999 1.492 0.435 38
1.095 0.56900001 0.124 1
1.089 0.58499998 0.085000001 3
1.089 0.60399997 0.052000001 3
2.944 1.561 0.43700001 38
1.104 0.60600001 0.126 0
1.096 0.62300003 0.086999997 4
1.098 0.64399999 0.052999999 2
2.9170001 1.63 0.43799999 42
2.891 1.675 0.336 41
1.1 0.65899998 0.089000002 3
1.107 0.68699998 0.054000001 2
2.885 1.697 0.43900001 39
2.8570001 1.743 0.33700001 31
1.114 0.70499998 0.092 3
1.127 0.73699999 0.056000002 2
2.8599999 1.7690001 0.44100001 12
2.6760001 1.7180001 0.31999999 56
1.146 0.76300001 0.096000001 0
1.1289999 0.778 0.057999998 0
2.7019999 1.755 0.42199999 51
2.6289999 1.775 0.31999999 52
2.5580001 1.791 0.21799999 91
2.122 1.54 0.111 42
2.6500001 1.806 0.41999999 52
2.5829999 1.83 0.31900001 47
2.4630001 1.814 0.214 150
2.095 1.599 0.112 36
2.6010001 1.859 0.419 49
2.526 1.878 0.31799999 50
2.1070001 1.63 0.18700001 167
2.073 1.663 0.113 31
2.5420001 1.903 0.41600001 49
2.457 1.916 0.315 47
1.9960001 1.62 0.18099999 97
2.0680001 1.744 0.116 33
2.4790001 1.944 0.41299999 47
2.3929999 1.955 0.31200001 50
2.0539999 1.749 0.19 150
2.1289999 1.885 0.122 25
2.4189999 1.985 0.41 41
2.3139999 1.982 0.308 49
2.214 1.978 0.20999999 45
2.573 2.392 0.152 7
2.342 2.01 0.403 45
2.2420001 2.0109999 0.30500001 46
2.5680001 2.405 0.249 7
2.5309999 2.47 0.154 6
2.2650001 2.033 0.398 46
2.5639999 2.4070001 0.35600001 7
2.526 2.4809999 0.252 7
2.4909999 2.5510001 0.15700001 7
2.5439999 2.388 0.45500001 8
2.5280001 2.4849999 0.359 7
2.4960001 2.5680001 0.255 7
2.451 2.6359999 0.16 5
2.5409999 2.494 0.46399999 7
2.493 2.566 0.36199999 7
2.4449999 2.6370001 0.257 6
0 0 0 0
2.4860001 2.552 0.46399999 6
2.4549999 2.645 0.366 6
0 0 0 0
0 0 0 0
2.4560001 2.6359999 0.46799999 7
0 0 0 0
0 0 0 0
0 0 0 0
0 0 0 0
0 0 0 0
1.554 1.9349999 0.17900001 2
0 0 0 0
0 0 0 0
0 0 0 0
1.449 1.8940001 0.17299999 3
1.385 1.9069999 0.109 2
0 0 0 0
0 0 0 0
1.383 1.899 0.171 2
1.359 1.969 0.112 0
0 0 0 0
0 0 0 0
0 0 0 0
1.335 2.0380001 0.115 0
0 0 0 0
0.708 1.013 0.125 8
0.70499998 1.071 0.093999997 5
1.307 2.105 0.119 0
0.70300001 0.99400002 0.156 9
0.68000001 1.022 0.124 6
0.66799998 1.069 0.093000002 2
0 0 0 0
0.67000002 0.99400002 0.153 9
0.64600003 1.02 0.122 6
0.64700001 1.092 0.093999997 0
0 0 0 0
0.63499999 0.98900002 0.15000001 8
0.61199999 1.018 0.12 6
0.63099998 1.125 0.096000001 1
0 0 0 0
0.60600001 0.99199998 0.148 8
0.58600003 1.027 0.12 6
0.61199999 1.153 0.097000003 2
0.68699998 1.3890001 0.078000002 1
0.57200003 0.98500001 0.14399999 8
0.55699998 1.031 0.119 5
0.602 1.201 0.1 2
0.61799997 1.33 0.075000003 19
0.54299998 0.98699999 0.142 8
0.52999997 1.038 0.118 5
0.57499999 1.22 0.101 3
0 0 0 0
0.51700002 0.99199998 0.141 8
0.5 1.0369999 0.117 4
0.542 1.223 0.101 2
0.43399999 1.0650001 0.059999999 1
0.48899999 0.99299997 0.139 7
0.46900001 1.034 0.115 3
0.50599998 1.221 0.101 3
0 0 0 0
0.46200001 0.99400002 0.13699999 7
0.44800001 1.051 0.116 1
0.417 1.075 0.088 3
0 0 0 0
0.43700001 0.99699998 0.13600001 7
0.428 1.071 0.117 1
0.44499999 1.235 0.101 0
0 0 0 0
0.41100001 1 0.134 7
0 0 0 0
0.30199999 0.90399998 0.074000001 0
0.41499999 1.386 0.079999998 31
0.38299999 0.99599999 0.132 7
0 0 0 0
0.41499999 1.346 0.11 0
0.97399998 3.5580001 0.208 6
0 0 0 0
0 0 0 0
0.391 1.382 0.112 2
0.87400001 3.5209999 0.208 51
0 0 0 0
0.352 1.191 0.126 4
0.36000001 1.397 0.114 6
0.77700001 3.4890001 0.208 44
0.359 1.163 0.149 4
0.34200001 1.2640001 0.133 4
0.33700001 1.45 0.118 2
0.69700003 3.5220001 0.212 5
0.35499999 1.253 0.15899999 4
0.34200001 1.391 0.145 3
0.73100001 3.5109999 0.287 86
0.78100002 4.5040002 0.27500001 49
0.37900001 1.462 0.183 12
0.33199999 1.497 0.156 6
0.81999999 4.4619999 0.36500001 52
0.69400001 4.665 0.28799999 47
0.34999999 1.489 0.185 24
0.958 4.8470001 0.50300002 51
0.74000001 4.6350002 0.38 53
0.60600001 4.8649998 0.30399999 45
1.091 5.1620002 0.63700002 64
0.92000002 5.2989998 0.54699999 19
0.65200001 4.8119998 0.396 42
0.51700002 5.1420002 0.32600001 48
0.95300001 5.0799999 0.62099999 21
0.90200001 6.013 0.61900002 27
0.68699998 6.1599998 0.509 79
0.412 5.3940001 0.347 39
0.84899998 5.184 0.62800002 19
0.77600002 6.1440001 0.63099998 103
0.57800001 6.579 0.54699999 37
0 0 0 0
0.72899997 5.1890001 0.62400001 18
0.64300001 6.2659998 0.64099997 58
0.42899999 6.6700001 0.55699998 43
0.043000001 1.498 0.098999999 0
0.72299999 6.1609998 0.73500001 79
0.435 5.4699998 0.55900002 7
0 0 0 0
0.0080000004 1.6619999 0.112 55
0.616 6.5419998 0.77499998 39
0 0 0 0
0.028999999 1.669 0.141 7
-0.029999999 1.664 0.114 1
0.47600001 6.6999998 0.78799999 42
0 0 0 0
-0.0089999996 1.664 0.141 67
-0.072999999 1.734 0.12 2
0 0 0 0
0.017000001 1.781 0.18099999 11
-0.048 1.636 0.14 67
-0.112 1.709 0.121 3
0.041999999 1.7309999 0.20100001 0
-0.025 1.851 0.18799999 43
-0.085000001 1.614 0.139 57
-0.15099999 1.6849999 0.121 6
0.003 1.804 0.208 38
-0.071000002 1.927 0.197 42
-0.121 1.589 0.138 46
-0.191 1.681 0.123 8
-0.056000002 2.6340001 0.303 130
-0.118 1.964 0.20100001 22
-0.15800001 1.576 0.139 33
-0.233 1.693 0.127 8
-0.086999997 1.964 0.22499999 34
-0.131 1.573 0.161 6
-0.192 1.5549999 0.138 17
-0.264 1.638 0.125 3
-0.205 3.04 0.347 5
-0.16500001 1.553 0.15899999 24
-0.228 1.549 0.139 9
-0.31400001 1.693 0.132 2
-0.19400001 2.135 0.243 4
-0.20200001 1.549 0.15899999 42
-0.26300001 1.535 0.139 4
-0.375 1.786 0.142 10
0 0 0 0
-0.236 1.531 0.15800001 51
-0.296 1.512 0.139 38
-0.39899999 1.7 0.138 18
0 0 0 0
-0.27000001 1.5190001 0.15800001 54
-0.35600001 1.617 0.15099999 6
0 0 0 0
-0.245 1.521 0.17200001 8
-0.31200001 1.5420001 0.161 16
0 0 0 0
-1.1109999 3.898 0.33199999 9
-0.28400001 1.534 0.17299999 2
-0.75400001 3.329 0.34999999 7
0 0 0 0
0 0 0 0
-0.662 3.158 0.35600001 6
0 0 0 0
0 0 0 0
0 0 0 0
-0.736 3.1440001 0.35499999 6
0 0 0 0
0 0 0 0
-0.229 0.63300002 0.057 3
0 0 0 0
0 0 0 0
0 0 0 0
-0.495 1.271 0.119 0
0 0 0 0
0 0 0 0
-0.245 0.65799999 0.067000002 1
0 0 0 0
0 0 0 0
0 0 0 0
0 0 0 0
-1.4579999 3.2850001 0.32300001 0
0 0 0 0
-0.46700001 1.23 0.13500001 0
-0.26199999 0.61500001 0.064999998 1
-1.536 3.253 0.329 30
-0.235 0.65100002 0.074000001 3
-0.75400001 1.8559999 0.206 4
-0.27500001 0.60600001 0.064999998 0
-1.599 3.194 0.331 9
-0.47600001 1.228 0.14 0
0 0 0 0
-1.467 3.0380001 0.333 2
-1.617 3.052 0.32499999 7
0 0 0 0
-1.4170001 3.066 0.34900001 1
-1.54 3.007 0.336 12
-1.665 2.973 0.32600001 7
-0.26899999 0.60699999 0.07 1
-1.482 3.0209999 0.34799999 14
-1.6160001 2.984 0.34 11
-1.7539999 2.967 0.33500001 5
-1.4299999 3.0309999 0.35100001 1
-1.556 2.9909999 0.34999999 12
-1.698 2.9679999 0.34599999 7
-1.822 2.9260001 0.34 7
-1.507 3.0090001 0.35100001 11
-1.6289999 2.961 0.35100001 12
-1.7690001 2.9300001 0.34900001 7
-1.864 2.846 0.34 7
-1.58 2.977 0.34999999 11
-1.706 2.9349999 0.35299999 11
-1.8279999 2.875 0.35100001 19
-5.6999998 8.2749996 1.021 2
-1.659 2.9549999 0.34999999 8
-1.774 2.8940001 0.354 10
-1.846 2.76 0.345 0
0 0 0 0
-1.737 2.9300001 0.34999999 7
-1.841 2.852 0.354 30
0 0 0 0
0 0 0 0
-1.817 2.9059999 0.35100001 8
-5.6100001 8.2609997 1.044 1
-6.0110002 8.1440001 1.069 1
-6.2160001 7.8130002 1.058 1
-1.869 2.8369999 0.34599999 1
0 0 0 0
-6.1890001 7.9910002 1.076 2
-1.332 1.598 0.223 0
-5.7059999 8.2320004 1.015 1
0 0 0 0
0 0 0 0
-1.752 2.006 0.28999999 6
0 0 0 0
-6.1469998 7.8099999 1.045 1
0 0 0 0
0 0 0 0
0 0 0 0
-1.342 1.625 0.222 0
-1.512 1.6950001 0.248 2
0 0 0 0
-6.2800002 7.8080001 1.002 1
0 0 0 0
-1.623 1.737 0.26100001 3
0 0 0 0
0 0 0 0
-1.513 1.666 0.23800001 50
0 0 0 0
-0.792 0.755 0.126 0
0 0 0 0
-1.603 1.6849999 0.24600001 15
-0.80599999 0.78600001 0.126 0
0 0 0 0
-1.5930001 1.715 0.23100001 5
0 0 0 0
0 0 0 0
0 0 0 0
0 0 0 0
0 0 0 0
0 0 0 0
0 0 0 0
0 0 0 0
0 0 0 0
0 0 0 0
-0.81999999 0.64999998 0.127 0
0 0 0 0
0 0 0 0
-0.815 0.66000003 0.121 0
-0.82300001 0.62300003 0.126 0
0 0 0 0
-0.91000003 0.755 0.127 0
-0.815 0.62900001 0.12 0
-0.82599998 0.59600002 0.126 0
0 0 0 0
0 0 0 0
-0.82999998 0.611 0.121 0
-0.84399998 0.57999998 0.12899999 0
-0.995 0.80299997 0.123 1
-0.92400002 0.69599998 0.124 1
-0.82999998 0.58200002 0.12 0
-0.85600001 0.56 0.13 0
-1.22 0.93699998 0.148 6
-0.92400002 0.66299999 0.123 2
-0.866 0.57800001 0.124 0
-0.85799998 0.53399998 0.13 0
-1.028 0.75099999 0.122 59
-0.92699999 0.63300002 0.121 3
-0.926 0.58700001 0.132 0
-0.86900002 0.514 0.131 1
-1.286 0.89300001 0.149 3
-0.949 0.61500001 0.123 1
-0.93199998 0.56199998 0.132 0
-0.884 0.49599999 0.133 1
-1.377 0.90799999 0.15700001 59
-0.94199997 0.57999998 0.12 0
-2.066 1.182 0.29100001 2
-0.89200002 0.47499999 0.13500001 1
-1.459 0.912 0.163 154
-1.818 1.062 0.23 12
-2.1559999 1.169 0.30199999 82
-1.633 0.82300001 0.24699999 1
-1.546 0.91600001 0.17 153
-1.697 0.93800002 0.213 59
0 0 0 0
0 0 0 0
-1.6619999 0.93099999 0.18000001 95
0 0 0 0
0 0 0 0
0 0 0 0
-1.665 0.88099998 0.177 44
0 0 0 0
0 0 0 0
-2.5929999 1.096 0.39300001 1
-1.5829999 0.78899997 0.16599999 2
0 0 0 0
-2.6110001 1.119 0.36000001 0
-2.5680001 1.017 0.38999999 8
0 0 0 0
0 0 0 0
-2.582 1.038 0.35600001 7
-2.5969999 0.96200001 0.39500001 5
0 0 0 0
-2.599 1.061 0.31299999 1
-2.596 0.97399998 0.35699999 6
-2.675 0.92400002 0.40700001 5
0 0 0 0
-2.6029999 0.99199998 0.31200001 6
-2.6960001 0.94199997 0.37099999 5
-2.6830001 0.86000001 0.41 5
-2.608 1 0.26100001 5
-2.7119999 0.96100003 0.324 3
-2.6789999 0.86799997 0.368 5
-2.733 0.80900002 0.419 5
0 0 0 0
-2.668 0.87599999 0.317 5
-2.694 0.80500001 0.37099999 5
-14.768 4.02 2.273 3
-2.6919999 0.88599998 0.26499999 5
-2.668 0.80699998 0.31600001 5
-14.843 4.072 2.0439999 5
0 0 0 0
-2.6630001 0.80599999 0.25999999 5
-14.83 4.1059999 1.753 5
-15.355 3.8380001 2.118 5
0 0 0 0
-2.71 0.74900001 0.26199999 3
-15.333 3.8610001 1.807 10
-15.9 3.589 2.1960001 8
-14.961 3.017 2.332 2
0 0 0 0
-15.874 3.605 1.868 8
-16.389 3.3099999 2.2690001 7
-14.881 2.6600001 2.3299999 3
0 0 0 0
-16.443001 3.3269999 1.934 5
-16.929001 3.02 2.3499999 5
0 0 0 0
0 0 0 0
0 0 0 0
-16.922001 2.6229999 2.3559999 3
-14.627 1.949 2.316 2
0 0 0 0
0 0 0 0
0 0 0 0
-14.764 1.636 2.352 2
0 0 0 0
-18.591 2.415 2.188 3
0 0 0 0
-14.503 1.28 2.326 4
-18.691999 2.342 1.762 7
-19.268 2.0450001 2.2709999 4
0 0 0 0
-14.743 0.97399998 2.3800001 3
-19.525999 1.965 1.839 8
-19.958 1.647 2.3570001 3
0 0 0 0
-14.7 0.64700001 2.3889999 3
-20.409 1.557 1.921 5
0 0 0 0
-17.105 0.68300003 2.437 2
-14.73 0.31999999 2.4130001 3
0 0 0 0
0 0 0 0
0 0 0 0
-14.435 -0.0020000001 2.3829999 3
0 0 0 0
0 0 0 0
0 0 0 0
-14.627 -0.324 2.434 4
0 0 0 0
0 0 0 0
0 0 0 0
-14.761 -0.65200001 2.4760001 2
0 0 0 0
0 0 0 0
0 0 0 0
0 0 0 0
0 0 0 0
0 0 0 0
0 0 0 0
0 0 0 0
0 0 0 0
0 0 0 0
-16.327 -1.577 2.427 2
-14.207 -1.572 2.4489999 2
0 0 0 0
0 0 0 0
0 0 0 0
-2.6140001 -0.34799999 0.45500001 2
0 0 0 0
0 0 0 0
0 0 0 0
-13.507 -2.0999999 2.375 6
0 0 0 0
0 0 0 0
-14.727 -2.4419999 2.2490001 2
-13.879 -2.47 2.4649999 4
0 0 0 0
0 0 0 0
-15.728 -2.974 2.4260001 7
-13.814 -2.7739999 2.4809999 3
0 0 0 0
0 0 0 0
-2.5120001 -0.53399998 0.391 4
-13.848 -3.098 2.5139999 5
0 0 0 0
0 0 0 0
-2.5020001 -0.59200001 0.39399999 0
-13.334 -3.2909999 2.4489999 4
0 0 0 0
-20.072001 -5.0380001 2.6029999 3
-2.49 -0.648 0.396 0
-13.465 -3.6370001 2.5020001 3
0 0 0 0
0 0 0 0
-2.45 -0.69700003 0.39399999 0
0 0 0 0
0 0 0 0
0 0 0 0
-2.4260001 -0.75 0.396 0
0 0 0 0
0 0 0 0
0 0 0 0
-2.401 -0.80299997 0.39700001 0
-13.037 -4.4590001 2.5150001 6
-13.733 -4.7919998 1.444 1
0 0 0 0
-2.385 -0.85699999 0.39899999 2
-13.002 -4.7690001 2.5420001 3
0 0 0 0
0 0 0 0
-2.3659999 -0.91100001 0.40099999 2
-12.868 -5.0409999 2.55 4
0 0 0 0
0 0 0 0
-2.3429999 -0.96399999 0.403 3
-12.744 -5.316 2.5610001 3
0 0 0 0
-14.823 -6.4390001 2.109 6
-2.319 -1.016 0.405 3
-12.549 -5.5619998 2.559 2
0 0 0 0
0 0 0 0
-2.2950001 -1.068 0.40700001 3
-12.412 -5.829 2.569 3
0 0 0 0
0 0 0 0
-2.2720001 -1.12 0.40900001 2
-12.212 -6.0630002 2.5669999 4
0 0 0 0
0 0 0 0
-2.25 -1.173 0.412 2
-12.103 -6.3410001 2.5829999 3
0 0 0 0
0 0 0 0
-2.2219999 -1.223 0.414 0
-12.021 -6.6389999 2.609 2
-17.735001 -10.372 2.138 4
0 0 0 0
-2.2 -1.277 0.417 0
-11.852 -6.8870001 2.615 2
-14.791 -9.1400003 1.823 2
0 0 0 0
-2.1789999 -1.331 0.41999999 0
-10.738 -6.5599999 2.411 2
-1.455 -0.94800001 0.183 10
-1.4859999 -0.95999998 0.23899999 8
-2.148 -1.3789999 0.42199999 0
-11.517 -7.3860002 2.6329999 6
-1.1849999 -0.81300002 0.152 5
-1.294 -0.87900001 0.213 7
-1.488 -1.003 0.29800001 21
-1.469 -0.98799998 0.34200001 10
-0.93800002 -0.67799997 0.124 8
0 0 0 0
-1.295 -0.917 0.26499999 151
-1.477 -1.04 0.34999999 24
-0.93099999 -0.708 0.126 8
-0.93800002 -0.70300001 0.161 6
-0.93900001 -0.69700003 0.19599999 7
-1.4 -1.033 0.338 152
-0.91500002 -0.73000002 0.127 8
-0.92500001 -0.72799999 0.163 6
-0.92699999 -0.72100002 0.198 7
-0.93199998 -0.72000003 0.23 8
0 0 0 0
-0.91299999 -0.75300002 0.164 6
-0.91600001 -0.74599999 0.2 7
-0.92199999 -0.745 0.23199999 7
0 0 0 0
0 0 0 0
-0.90899998 -0.77600002 0.20299999 5
-0.91000003 -0.76899999 0.234 7
-5.132 -4.744 0.77600002 4
0 0 0 0
-1.39 -1.2410001 0.31799999 6
-1.39 -1.227 0.36500001 20
-4.665 -4.5240002 0.72799999 7
-4.8169999 -4.5760002 0.94 7
-1.3660001 -1.275 0.31999999 38
-1.37 -1.263 0.368 20
-4.2779999 -4.3530002 0.68900001 6
-4.4250002 -4.4029999 0.88800001 7
-1.346 -1.3150001 0.32300001 42
-1.35 -1.301 0.37099999 80
-3.9230001 -4.1900001 0.65399998 7
-4.0689998 -4.2420001 0.84100002 11
-1.3279999 -1.357 0.32699999 49
-1.3329999 -1.3430001 0.37599999 80
-3.625 -4.0630002 0.62599999 10
-3.7579999 -4.1059999 0.801 11
-1.3099999 -1.401 0.33199999 52
-1.311 -1.3789999 0.37900001 75
-3.3299999 -3.918 0.59600002 10
-3.4690001 -3.973 0.76300001 11
-1.288 -1.441 0.336 56
-1.291 -1.419 0.38299999 77
-3.092 -3.8180001 0.57300001 10
-3.2079999 -3.8510001 0.73000002 11
-1.267 -1.483 0.34 62
-1.274 -1.464 0.38800001 74
-2.8599999 -3.7119999 0.55199999 11
-2.9779999 -3.7479999 0.69999999 11
-1.248 -1.529 0.345 57
-1.253 -1.5039999 0.39300001 72
-2.652 -3.615 0.53200001 10
-2.766 -3.651 0.67400002 10
-1.222 -1.569 0.34900001 64
-1.23 -1.545 0.39700001 76
-2.464 -3.5339999 0.51599997 11
-2.573 -3.5650001 0.64999998 8
-1.207 -1.623 0.35600001 58
-1.217 -1.598 0.40400001 64
-2.2869999 -3.4519999 0.5 11
-2.3940001 -3.4860001 0.62900001 8
-1.183 -1.669 0.36199999 64
-1.192 -1.64 0.40900001 62
-2.132 -3.392 0.48899999 11
-2.2309999 -3.4170001 0.61000001 8
-1.1619999 -1.719 0.368 62
-1.174 -1.692 0.41600001 60
-1.1059999 -1.8559999 0.266 15
-1.122 -1.808 0.31999999 17
-1.138 -1.77 0.37400001 60
-1.147 -1.733 0.421 62
-1.054 -1.869 0.266 7
-1.097 -1.864 0.32699999 16
-1.12 -1.831 0.38299999 21
-1.125 -1.783 0.42699999 60
-0.96499997 -1.8099999 0.257 2
-1.045 -1.873 0.32600001 5
-1.0700001 -1.84 0.38100001 12
-1.105 -1.84 0.43599999 15
-0.90200001 -1.794 0.25400001 1
-1.668 -3.1559999 0.54500002 61
-1.751 -3.1719999 0.65100002 24
-1.08 -1.891 0.442 18
0 0 0 0
-1.396 -2.799 0.48100001 6
-1.643 -3.142 0.63800001 58
-1.062 -1.959 0.45300001 34
0 0 0 0
-1.298 -2.76 0.47099999 5
-1.355 -2.74 0.55199999 4
-1.021 -1.984 0.454 20
0 0 0 0
-1.152 -2.6040001 0.442 59
-1.2079999 -2.589 0.51700002 48
-0.97299999 -2 0.45300001 32
0 0 0 0
-1.091 -2.628 0.44499999 68
-1.142 -2.5969999 0.51499999 67
-0.92000002 -2.0009999 0.449 5
0 0 0 0
-1.081 -2.7820001 0.46900001 69
-1.079 -2.6140001 0.51499999 63
-1.122 -2.5880001 0.57599998 150
-0.53600001 -1.597 0.22499999 5
-0.579 -1.601 0.26800001 0
-1.079 -2.789 0.546 68
-0.59600002 -1.462 0.322 7
-0.51899999 -1.676 0.236 109
-0.53600001 -1.594 0.266 25
-0.56 -1.55 0.301 8
-0.57800001 -1.5140001 0.331 20
-0.60100001 -2.1170001 0.29899999 66
-0.51099998 -1.645 0.27500001 8
-0.53399998 -1.591 0.30700001 23
-0.55299997 -1.551 0.336 24
-0.53899997 -2.0840001 0.29499999 65
-0.77499998 -2.714 0.45199999 150
-0.50800002 -1.6339999 0.31400001 0
-0.52899998 -1.592 0.34299999 27
-0.48100001 -2.0569999 0.29300001 75
-0.68699998 -2.6329999 0.43900001 152
-0.778 -2.7149999 0.51999998 69
-0.84500003 -2.7479999 0.588 72
-0.426 -2.039 0.29100001 68
-0.50199997 -2.125 0.354 182
-0.70200002 -2.678 0.51099998 75
-0.76999998 -2.7149999 0.57700002 79
-0.37099999 -2.0079999 0.28799999 70
-0.44299999 -2.086 0.347 180
-0.62900001 -2.638 0.50199997 86
-0.699 -2.6900001 0.56800002 73
-0.31999999 -1.99 0.287 63
-0.38699999 -2.0580001 0.34299999 179
-0.55500001 -2.5899999 0.491 114
-0.62800002 -2.655 0.55699998 77
-0.26899999 -1.969 0.28600001 70
-0.33199999 -2.017 0.336 173
-0.49399999 -2.5880001 0.48899999 77
-0.55299997 -2.596 0.542 101
-0.219 -1.943 0.28400001 70
-0.278 -1.971 0.329 150
-0.42899999 -2.559 0.48300001 83
-0.49200001 -2.5899999 0.53799999 94
-0.171 -1.916 0.28200001 70
-0.227 -1.931 0.32300001 107
-0.36500001 -2.523 0.47499999 82
-0.42699999 -2.5539999 0.528 88
-0.125 -1.904 0.28200001 75
-0.18000001 -1.909 0.31999999 70
-0.30500001 -2.5039999 0.47099999 82
-0.36500001 -2.5339999 0.52200001 90
-0.079999998 -1.88 0.28099999 74
-0.134 -1.886 0.317 57
-0.244 -2.4790001 0.46599999 84
-0.30500001 -2.506 0.514 86
-0.035 -1.86 0.28 74
-0.090000004 -1.865 0.315 55
-0.186 -2.45 0.46000001 83
-0.245 -2.4779999 0.50700003 94
0.0070000002 -1.839 0.27900001 80
-0.046999998 -1.846 0.31299999 46
-0.12899999 -2.428 0.456 76
-0.18799999 -2.4579999 0.50099999 93
0.048999999 -1.821 0.27900001 78
-0.0040000002 -1.826 0.31099999 50
-0.074000001 -2.4070001 0.45199999 94
-0.131 -2.431 0.49399999 94
0.090999998 -1.804 0.27900001 75
0.035999998 -1.813 0.31 48
-0.018999999 -2.378 0.447 99
-0.075999998 -2.408 0.48899999 86
0.132 -1.79 0.28 76
0.078000002 -1.7970001 0.31 48
0.033 -2.3180001 0.43700001 150
-0.022 -2.3770001 0.48199999 93
0.171 -1.77 0.28 84
0.117 -1.774 0.30700001 51
0.075000003 -2.03 0.38299999 157
0.029999999 -2.3540001 0.47600001 94
0.211 -1.752 0.28 76
0.156 -1.758 0.30700001 57
0.111 -1.864 0.35299999 165
0.082000002 -2.3340001 0.472 88
0.25099999 -1.7460001 0.28299999 3
0.19499999 -1.743 0.30599999 57
0.15099999 -1.84 0.34900001 165
0.133 -2.3080001 0.46599999 87
0 0 0 0
0.233 -1.722 0.30500001 23
0.19 -1.807 0.34400001 162
0.183 -2.283 0.461 104
0.14300001 -0.74800003 0.124 0
0 0 0 0
0.229 -1.791 0.34200001 161
0.23199999 -2.2590001 0.45699999 100
0.16 -0.74299997 0.125 0
0.139 -0.76099998 0.13699999 0
0 0 0 0
0.28099999 -2.233 0.45199999 73
0.176 -0.73699999 0.126 3
0.154 -0.74900001 0.13600001 0
0.131 -0.75300002 0.145 0
0 0 0 0
0 0 0 0
0.17 -0.741 0.13600001 1
0.148 -0.74699998 0.145 0
0.133 -0.77700001 0.15800001 0
0.47299999 -1.6390001 0.28799999 18
0 0 0 0
0.16500001 -0.745 0.145 0
0.146 -0.75 0.152 0
0.50599998 -1.615 0.289 81
0.45300001 -1.626 0.30399999 12
0.18099999 -0.73900002 0.145 0
0.16 -0.73400003 0.149 0
0.54000002 -1.595 0.289 83
0.486 -1.603 0.303 69
0.43900001 -1.6289999 0.32100001 6
0.182 -0.75099999 0.153 1
0.574 -1.576 0.29100001 101
0.52100003 -1.589 0.30399999 63
0.477 -1.619 0.322 136
0 0 0 0
0.611 -1.5650001 0.294 90
0.55599999 -1.5700001 0.30399999 74
0.51099998 -1.601 0.32100001 106
0.60399997 -2.075 0.428 25
0.64499998 -1.548 0.296 90
0.58999997 -1.5549999 0.30500001 83
0.542 -1.573 0.31799999 78
0.52999997 -1.681 0.34799999 163
0.68099999 -1.534 0.29800001 86
0.625 -1.54 0.30599999 75
0.57800001 -1.561 0.31799999 81
0.551 -1.618 0.33700001 96
0.71200001 -1.511 0.29899999 82
0.65700001 -1.5190001 0.30599999 81
0.61500001 -1.553 0.31900001 111
0.59100002 -1.612 0.33700001 155
0.74400002 -1.4910001 0.301 72
0.69400001 -1.5089999 0.30899999 78
0.64600003 -1.529 0.31799999 94
0.62400001 -1.59 0.33500001 163
0.77600002 -1.469 0.30199999 67
0.72799999 -1.493 0.31 78
0.68199998 -1.516 0.31799999 104
0.66000003 -1.575 0.33399999 161
0.708 -1.271 0.26699999 6
0.76099998 -1.475 0.31099999 79
0.71700001 -1.503 0.31900001 111
0.69099998 -1.549 0.331 162
0.56999999 -0.97100002 0.208 2
0.75700003 -1.388 0.29699999 34
0.755 -1.494 0.32100001 147
0.72600001 -1.533 0.33000001 162
0.59500003 -0.963 0.211 1
0 0 0 0
0.773 -1.446 0.31400001 76
0.76099998 -1.516 0.329 162
0.59299999 -0.91299999 0.204 2
0.59200001 -0.97799999 0.21699999 1
0 0 0 0
0.79500002 -1.497 0.32800001 155
0.50999999 -0.74699998 0.171 6
0.61799997 -0.96899998 0.219 1
0.583 -0.98000002 0.219 1
0.66100001 -1.179 0.26100001 5
0.67000002 -0.93599999 0.219 1
0.491 -0.73299998 0.168 5
0.60699999 -0.96899998 0.219 1
0.58200002 -0.98400003 0.22 1
0.69800001 -0.92900002 0.223 1
0.66600001 -0.94800001 0.222 1
0.491 -0.74599999 0.171 4
0.60500002 -0.972 0.219 1
0.70700002 -0.89899999 0.221 0
0.68699998 -0.93199998 0.223 1
0.65700001 -0.949 0.221 1
0.54900002 -0.83899999 0.192 2
0.727 -0.884 0.223 0
0.70999998 -0.91900003 0.22400001 1
0.68099999 -0.93900001 0.222 1
0.61500001 -0.89300001 0.207 1
0.764 -0.88700002 0.23 0
0.69 -0.852 0.212 0
0.704 -0.92500001 0.223 1
0.676 -0.93599999 0.219 1
0.79500002 -0.88300002 0.235 1
0.76599997 -0.90399998 0.23 1
0.65700001 -0.82300001 0.20200001 0
0.704 -0.92799997 0.221 1
0.81999999 -0.87 0.23800001 1
0.79000002 -0.88999999 0.23199999 0
0 0 0 0
0.69199997 -0.87 0.20999999 0
0 0 0 0
0.81300002 -0.875 0.234 1
0.76899999 -0.87800002 0.22400001 0
0 0 0 0
0.56400001 -0.54799998 0.15800001 1
0.833 -0.85699999 0.235 0
0.80599999 -0.87900001 0.229 1
0.76300001 -0.87300003 0.21799999 0
0.58899999 -0.546 0.163 0
0.57700002 -0.56699997 0.15899999 0
0.82999998 -0.86400002 0.23 1
0.80599999 -0.88 0.223 1
0.62099999 -0.551 0.169 0
0.58399999 -0.54900002 0.15800001 0
0.565 -0.56199998 0.153 0
0.83099997 -0.86500001 0.22400001 1
0.62900001 -0.53399998 0.169 0
0.60699999 -0.54500002 0.162 0
0.57599998 -0.54699999 0.152 1
0 0 0 0
0 0 0 0
0.63200003 -0.542 0.16599999 0
0.59899998 -0.54299998 0.155 0
0.574 -0.54500002 0.147 1
1.923 -1.489 0.50700003 13
0 0 0 0
0.61699998 -0.53399998 0.15700001 0
0.60399997 -0.54699999 0.15000001 0
1.9680001 -1.456 0.51300001 59
1.897 -1.484 0.48300001 15
0 0 0 0
0.62699997 -0.542 0.153 0
2.0280001 -1.432 0.52399999 22
1.962 -1.465 0.493 77
1.9 -1.498 0.46399999 17
0 0 0 0
2.0910001 -1.408 0.53500003 21
2.0190001 -1.438 0.5 24
1.96 -1.474 0.47099999 87
1.906 -1.498 0.44400001 15
2.1489999 -1.3789999 0.54500002 22
2.079 -1.411 0.509 24
2.016 -1.444 0.47600001 23
1.962 -1.47 0.44800001 83
2.2060001 -1.348 0.55500001 22
2.141 -1.383 0.51800001 25
2.069 -1.411 0.48100001 22
2.0179999 -1.439 0.45100001 24
2.27 -1.319 0.56699997 23
2.2030001 -1.353 0.52700001 21
2.1329999 -1.3839999 0.48800001 24
2.079 -1.41 0.456 28
2.3380001 -1.291 0.57999998 23
2.27 -1.326 0.537 22
2.1989999 -1.357 0.49599999 23
2.1389999 -1.3789999 0.46000001 23
2.414 -1.2640001 0.59500003 23
2.3310001 -1.291 0.546 25
2.2650001 -1.326 0.50300002 20
2.2049999 -1.35 0.46599999 24
2.4820001 -1.2309999 0.60799998 24
2.408 -1.2640001 0.55900002 21
2.3280001 -1.2920001 0.51099998 23
2.277 -1.321 0.47299999 23
2.5539999 -1.197 0.62199998 25
2.4790001 -1.2309999 0.56999999 22
2.415 -1.268 0.523 21
2.342 -1.286 0.479 24
2.6300001 -1.163 0.63800001 25
2.5510001 -1.196 0.58200002 23
2.4879999 -1.234 0.53200001 21
2.4289999 -1.26 0.48899999 23
2.714 -1.1289999 0.65499997 26
2.6270001 -1.16 0.59399998 24
2.569 -1.201 0.54400003 22
2.5009999 -1.224 0.49599999 24
2.7839999 -1.087 0.66900003 26
2.7090001 -1.123 0.60900003 24
2.6389999 -1.16 0.55299997 23
2.5840001 -1.189 0.50599998 25
2.8670001 -1.048 0.68699998 26
2.8010001 -1.0880001 0.625 25
2.72 -1.1210001 0.56400001 24
2.6659999 -1.152 0.514 26
2.96 -1.0089999 0.70700002 23
2.8840001 -1.0470001 0.63999999 25
2.8080001 -1.0829999 0.57700002 25
2.7520001 -1.113 0.52399999 25
3.0550001 -0.96799999 0.72799999 22
2.984 -1.008 0.65899998 25
2.902 -1.043 0.59100002 22
2.836 -1.069 0.53399998 24
3.1500001 -0.92199999 0.74900001 21
3.0669999 -0.95999998 0.67400002 26
2.1240001 -0.708 0.42899999 14
2.0999999 -0.736 0.391 19
3.256 -0.87599999 0.773 21
3.177 -0.91600001 0.69400001 23
2.132 -0.65600002 0.42699999 14
2.1099999 -0.68300003 0.38800001 18
3.3610001 -0.82599998 0.79699999 19
3.28 -0.866 0.71399999 22
2.158 -0.60900003 0.42899999 6
2.125 -0.63300002 0.38699999 18
3.4719999 -0.77399999 0.82200003 19
3.381 -0.81099999 0.73400003 18
3.3269999 -0.85699999 0.65799999 20
2.1800001 -0.59299999 0.39300001 12
3.602 -0.72000003 0.85299999 16
3.4960001 -0.75700003 0.75599998 18
3.441 -0.80199999 0.676 19
3.3710001 -0.83200002 0.60299999 22
3.74 -0.66399997 0.88599998 16
3.625 -0.69999999 0.78299999 18
3.5599999 -0.74400002 0.69599998 19
3.474 -0.77100003 0.61699998 18
3.885 -0.602 0.92000002 19
3.7780001 -0.64099997 0.81400001 16
3.7049999 -0.685 0.72100002 17
3.6300001 -0.71499997 0.63999999 17
3.891 -0.51700002 0.92199999 32
3.918 -0.574 0.84299999 38
3.8699999 -0.62300003 0.75 16
1.477 -0.25400001 0.25799999 43
3.8469999 -0.42500001 0.91299999 32
3.881 -0.479 0.83399999 34
3.8989999 -0.53399998 0.75300002 32
1.482 -0.219 0.25799999 10
3.812 -0.33700001 0.90600002 33
3.8329999 -0.38600001 0.82300001 36
3.8599999 -0.43700001 0.74299997 34
1.493 -0.184 0.25799999 35
3.7650001 -0.25099999 0.89600003 34
3.7909999 -0.296 0.81400001 36
3.813 -0.34299999 0.73299998 35
1.502 -0.149 0.25799999 29
3.7219999 -0.168 0.88800001 33
3.747 -0.208 0.80500001 37
3.7679999 -0.25099999 0.722 35
1.51 -0.114 0.259 21
3.6919999 -0.086000003 0.88300002 38
3.7119999 -0.123 0.79900002 38
3.7279999 -0.161 0.71399999 36
1.512 -0.077 0.25799999 16
3.642 -0.0049999999 0.87400001 33
3.671 -0.039000001 0.79000002 37
3.6919999 -0.074000001 0.70700002 36
1.521 -0.041000001 0.259 9
3.612 0.071999997 0.86900002 36
3.6389999 0.043000001 0.78500003 37
3.655 0.012 0.69999999 35
1.5319999 -0.0049999999 0.25999999 7
3.5869999 0.15099999 0.86699998 36
3.5999999 0.124 0.77899998 37
3.602 0.094999999 0.69 35
1.535 0.030999999 0.25999999 5
3.5480001 0.227 0.861 38
3.5610001 0.20299999 0.77200001 35
3.576 0.178 0.68599999 35
1.551 0.068999998 0.26300001 2
3.51 0.301 0.85500002 37
3.5239999 0.28 0.76700002 35
3.529 0.25799999 0.67699999 34
1.552 0.106 0.26300001 1
3.4760001 0.373 0.85100001 38
3.484 0.35600001 0.76099998 35
3.4860001 0.33700001 0.671 33
3.5009999 0.324 0.59399998 15
3.441 0.44600001 0.847 35
3.45 0.43099999 0.75599998 34
3.454 0.41499999 0.66600001 33
3.4679999 0.405 0.588 22
3.4119999 0.51700002 0.84399998 36
3.4200001 0.50700003 0.75300002 34
3.4170001 0.49200001 0.66100001 32
3.428 0.48500001 0.583 28
1.9069999 0.33199999 0.47499999 63
1.914 0.32699999 0.42300001 9
1.892 0.31799999 0.36700001 32
1.888 0.31299999 0.322 42
3.3510001 0.65899998 0.83999997 36
3.345 0.64999998 0.745 34
1.905 0.366 0.37200001 3
1.906 0.36399999 0.32600001 6
3.316 0.727 0.83600003 36
3.3169999 0.72299999 0.74299997 33
3.3180001 0.71799999 0.65100002 33
3.323 0.71799999 0.57099998 35
3.289 0.796 0.83499998 36
3.2809999 0.79299998 0.74000001 33
3.2839999 0.79100001 0.648 31
3.299 0.796 0.56900001 36
3.2539999 0.86299998 0.833 36
3.2550001 0.86500001 0.73900002 33
3.2620001 0.86699998 0.648 32
3.256 0.86900002 0.565 35
3.224 0.93000001 0.83200002 36
3.2249999 0.935 0.73799998 32
3.2249999 0.93800002 0.64499998 32
3.2179999 0.94300002 0.56199998 35
3.198 0.99800003 0.83200002 36
3.197 1.006 0.73799998 32
3.197 1.012 0.64399999 32
3.1889999 1.018 0.56099999 36
3.1670001 1.0650001 0.83099997 37
3.1570001 1.072 0.73500001 32
3.1630001 1.0829999 0.64200002 32
3.1530001 1.092 0.55900002 35
3.1359999 1.131 0.83099997 36
3.1359999 1.145 0.73699999 33
3.1270001 1.154 0.64099997 32
3.118 1.165 0.55699998 36
3.1099999 1.199 0.83200002 36
3.098 1.21 0.73400003 34
3.089 1.222 0.639 33
3.0910001 1.239 0.55699998 38
3.0739999 1.262 0.83099997 36
3.063 1.278 0.73400003 36
3.063 1.295 0.63999999 33
3.053 1.311 0.55599999 39
3.046 1.3279999 0.83200002 36
3.0339999 1.346 0.73500001 37
3.036 1.368 0.64099997 36
3.0179999 1.383 0.55599999 39
3.0190001 1.396 0.83399999 36
3.007 1.416 0.736 40
2.994 1.4349999 0.63999999 33
2.9860001 1.457 0.55599999 39
2.984 1.46 0.83399999 36
2.9679999 1.482 0.736 36
2.9679999 1.51 0.64300001 35
2.957 1.533 0.55800003 36
2.951 1.524 0.83499998 36
2.948 1.556 0.741 38
2.937 1.582 0.64399999 35
2.921 1.605 0.55900002 38
2.9300001 1.595 0.83999997 37
2.9100001 1.6210001 0.741 37
2.8959999 1.648 0.64399999 33
2.8859999 1.678 0.56 36
2.895 1.658 0.83999997 37
2.882 1.691 0.74299997 35
2.862 1.719 0.64600003 99
2.8610001 1.758 0.56400001 12
2.8570001 1.72 0.84100002 76
2.8410001 1.755 0.74400002 14
2.8369999 1.795 0.64999998 11
2.816 1.825 0.56400001 11
2.8429999 1.7970001 0.84799999 8
2.8110001 1.825 0.74699998 111
2.8039999 1.868 0.653 11
2.783 1.9 0.56699997 8
2.806 1.8609999 0.85000002 8
2.7869999 1.9 0.75300002 11
2.776 1.9450001 0.65799999 7
2.7479999 1.977 0.57099998 8
2.78 1.932 0.85500002 8
2.7479999 1.967 0.755 10
2.74 2.0179999 0.66100001 7
2.7179999 2.056 0.57499999 8
2.7460001 2 0.85900003 8
2.7130001 2.036 0.759 10
2.71 2.096 0.667 7
2.6919999 2.142 0.58200002 7
2.7179999 2.0710001 0.86400002 7
2.6889999 2.115 0.76599997 7
2.674 2.1700001 0.671 7
2.6459999 2.2119999 0.58399999 8
2.6819999 2.1370001 0.86799997 8
2.6600001 2.1919999 0.77200001 7
2.6429999 2.2490001 0.67699999 7
2.5450001 2.234 0.574 8
2.655 2.2130001 0.87400001 7
2.6270001 2.266 0.778 7
2.599 2.3199999 0.68099999 7
2.4849999 2.29 0.574 8
2.6229999 2.2850001 0.88 7
2.5969999 2.345 0.78500003 7
2.569 2.4030001 0.68800002 7
2.5409999 2.4579999 0.602 8
2.5799999 2.349 0.88300002 7
2.5599999 2.4189999 0.79100001 7
2.533 2.484 0.69499999 7
2.4890001 2.527 0.60500002 8
2.55 2.4260001 0.89099997 7
2.5179999 2.4909999 0.796 8
2.4909999 2.5599999 0.70099998 7
2.451 2.612 0.61299998 7
2.517 2.5020001 0.89899999 7
2.4749999 2.562 0.801 8
2.4489999 2.638 0.708 8
0 0 0 0
2.4790001 2.575 0.90499997 8
2.4460001 2.6489999 0.81099999 8
0 0 0 0
0 0 0 0
2.45 2.6589999 0.91500002 7
2.4089999 2.7320001 0.82099998 4
0 0 0 0
0 0 0 0
2.411 2.7349999 0.92299998 8
0 0 0 0
0 0 0 0
0 0 0 0
2.375 2.8169999 0.93199998 7
0 0 0 0
0 0 0 0
0 0 0 0
0 0 0 0
0 0 0 0
0 0 0 0
0.68800002 0.98699999 0.20900001 9
0.81800002 1.062 0.33899999 0
0.73000002 0.99699998 0.27900001 8
0.68699998 0.98900002 0.23899999 8
0.648 0.98000002 0.205 8
0 0 0 0
0.68300003 0.97899997 0.27000001 9
0.64600003 0.97799999 0.233 8
0.61199999 0.977 0.20200001 8
0.69300002 0.986 0.30399999 8
0.65100002 0.98000002 0.266 7
0.61000001 0.972 0.229 8
0.57800001 0.97299999 0.199 8
0.65399998 0.977 0.296 9
0.61400002 0.972 0.25999999 8
0.57999998 0.97500002 0.226 8
0.54699999 0.97399998 0.197 8
0.61799997 0.96799999 0.289 8
0.583 0.972 0.25600001 7
0.54699999 0.972 0.223 8
0.51200002 0.96600002 0.193 8
0.58700001 0.96600002 0.28400001 8
0.551 0.96600002 0.252 8
0.51300001 0.963 0.219 8
0.48300001 0.96600002 0.192 8
0.55599999 0.963 0.28 8
0.51999998 0.963 0.248 7
0.48500001 0.96399999 0.21699999 7
0.45300001 0.96499997 0.19 8
0.52899998 0.96399999 0.27599999 8
0.49200001 0.963 0.245 7
0.456 0.96100003 0.214 7
0.41999999 0.954 0.18700001 8
0.49900001 0.95999998 0.27200001 8
0.46000001 0.95499998 0.23999999 7
0.42699999 0.95899999 0.212 7
0.39399999 0.958 0.186 8
0.47099999 0.958 0.26800001 8
0.43200001 0.95099998 0.237 7
0.40099999 0.96100003 0.211 7
0.373 0.972 0.18799999 6
0.44299999 0.95300001 0.26300001 8
0.40700001 0.95300001 0.235 7
0.37799999 0.96899998 0.211 5
0.52700001 1.478 0.285 8
0.417 0.95200002 0.25999999 8
0.38499999 0.963 0.236 5
0.53799999 1.479 0.31999999 10
0 0 0 0
0.389 0.94599998 0.25600001 7
0.55699998 1.489 0.361 9
0 0 0 0
0.449 1.479 0.28299999 2
0 0 0 0
0.51999998 1.492 0.359 42
0 0 0 0
0.40799999 1.473 0.28099999 8
0.54100001 1.502 0.398 1
0 0 0 0
0.19499999 0.685 0.146 4
0 0 0 0
0 0 0 0
0.193 0.64999998 0.154 9
0.18000001 0.69099998 0.147 3
0.167 0.741 0.141 0
0.199 0.64300001 0.167 11
0.177 0.64999998 0.153 5
0.164 0.69700003 0.148 3
0 0 0 0
0.18099999 0.634 0.164 11
0.16 0.64700001 0.152 5
0.147 0.69800001 0.147 3
0.119 0.68000001 0.13 0
0.16500001 0.63200003 0.162 10
0.145 0.648 0.15099999 3
0.132 0.708 0.149 4
0.121 0.80199999 0.153 0
0.148 0.62400001 0.15899999 10
0.13 0.65100002 0.15099999 3
0.11 0.68300003 0.14399999 3
0 0 0 0
0.133 0.61900002 0.156 9
0 0 0 0
0.093000002 0.67500001 0.142 5
0 0 0 0
0.118 0.61799997 0.155 7
0.097000003 0.63700002 0.147 3
0.077 0.68000001 0.14300001 3
0 0 0 0
0.102 0.60900003 0.152 8
0 0 0 0
0.059999999 0.671 0.141 3
0 0 0 0
0.088 0.61000001 0.152 6
0.067000002 0.63300002 0.146 3
0.044 0.66100001 0.139 2
0.023 0.75099999 0.146 0
0 0 0 0
0 0 0 0
0.028000001 0.65200001 0.138 2
0.0040000002 0.71899998 0.14 1
0.059 0.60299999 0.149 4
0.037 0.634 0.145 3
0 0 0 0
-0.012 0.71799999 0.141 1
0 0 0 0
0.023 0.63099998 0.145 4
0 0 0 0
-0.028000001 0.708 0.14 1
0.032000002 0.602 0.147 3
0.0080000004 0.63800001 0.146 3
0 0 0 0
-0.045000002 0.70700002 0.141 1
0.017999999 0.60100001 0.147 3
-0.0049999999 0.62900001 0.14399999 4
0 0 0 0
-0.061999999 0.704 0.141 1
0.0040000002 0.60100001 0.146 3
0 0 0 0
0 0 0 0
-0.077 0.68800002 0.139 1
-0.0080000004 0.60100001 0.146 3
-0.034000002 0.61699998 0.142 4
0 0 0 0
-0.097000003 0.71499997 0.146 1
0 0 0 0
0 0 0 0
-0.07 0.58200002 0.127 2
-0.115 0.71799999 0.148 1
-0.035999998 0.602 0.146 3
-0.061999999 0.61000001 0.141 2
0 0 0 0
-0.132 0.71700001 0.149 1
0 0 0 0
-0.072999999 0.58600003 0.13600001 2
-0.108 0.63999999 0.141 0
-0.155 0.73900002 0.156 1
-0.064000003 0.60100001 0.146 5
0 0 0 0
-0.12899999 0.67000002 0.149 1
-0.178 0.759 0.162 4
-0.077 0.59299999 0.14399999 5
0 0 0 0
-0.142 0.65700001 0.147 1
0 0 0 0
-0.090999998 0.59500003 0.145 3
0 0 0 0
0 0 0 0
-0.208 0.73199999 0.16 1
0 0 0 0
0 0 0 0
0 0 0 0
-0.229 0.73900002 0.164 1
-0.11 0.54900002 0.134 1
0 0 0 0
0 0 0 0
-0.234 0.69599998 0.156 4
0 0 0 0
0 0 0 0
-0.233 0.736 0.17200001 0
-0.255 0.70200002 0.16 3
0 0 0 0
-0.19499999 0.662 0.16 1
-0.241 0.704 0.16599999 4
0 0 0 0
0 0 0 0
-0.52200001 1.633 0.398 1
-0.25999999 0.70300001 0.168 1
-0.722 1.732 0.40799999 1
-0.2 0.67000002 0.16599999 1
0 0 0 0
-0.50700003 1.28 0.31099999 0
0 0 0 0
-0.514 1.5880001 0.39700001 1
-0.25 0.67199999 0.167 0
-0.72500002 1.7130001 0.421 13
-0.77100003 1.628 0.39700001 1
-1.464 4.191 1.054 0
-0.53200001 1.336 0.33500001 0
0 0 0 0
-0.80299997 1.598 0.39700001 9
-0.54900002 1.4630001 0.37 1
-0.73299998 1.722 0.43599999 7
-0.75999999 1.584 0.40099999 1
-0.833 1.567 0.396 9
-0.62699997 1.5599999 0.398 9
0 0 0 0
-0.787 1.549 0.398 9
-0.866 1.541 0.398 9
0 0 0 0
-0.74599999 1.549 0.40200001 1
-0.82200003 1.529 0.39899999 9
-0.89999998 1.517 0.39899999 9
-0.70700002 1.5470001 0.40099999 0
-0.778 1.525 0.40000001 9
-0.85399997 1.503 0.39899999 8
-0.926 1.4809999 0.398 9
-0.74199998 1.527 0.40000001 9
-0.81400001 1.508 0.40099999 9
-0.88599998 1.478 0.40000001 8
-0.95300001 1.449 0.398 9
-0.77899998 1.5140001 0.40000001 9
-0.847 1.484 0.40099999 9
-0.91600001 1.45 0.39899999 8
-0.986 1.426 0.40000001 9
-0.81699997 1.5 0.40000001 9
-0.88200003 1.467 0.40200001 8
-0.94800001 1.427 0.40000001 8
-1.008 1.388 0.39899999 9
-0.85299999 1.483 0.40099999 9
-0.91500002 1.443 0.40099999 8
-0.97899997 1.402 0.40099999 8
-1.0420001 1.367 0.40200001 9
-0.88999999 1.467 0.40099999 9
-0.94800001 1.4220001 0.40200001 8
-1.008 1.375 0.40200001 8
-1.066 1.334 0.40200001 9
-0.92500001 1.448 0.40099999 9
-0.98100001 1.399 0.40200001 8
-1.039 1.351 0.403 8
-1.0930001 1.304 0.403 9
-0.96100003 1.428 0.40099999 9
-1.012 1.375 0.403 8
-1.067 1.321 0.403 8
-1.117 1.272 0.40400001 9
-0.99199998 1.402 0.40000001 9
-1.044 1.351 0.403 8
-1.095 1.294 0.405 8
-1.1339999 1.233 0.403 9
-1.027 1.382 0.40000001 8
-1.076 1.327 0.40400001 8
-1.117 1.261 0.40400001 8
-1.158 1.2029999 0.40400001 9
-1.059 1.358 0.39899999 8
-1.104 1.299 0.40400001 8
-1.1440001 1.232 0.40400001 8
-1.174 1.165 0.403 5
-1.095 1.337 0.40000001 9
-1.135 1.274 0.40400001 8
-1.171 1.2029999 0.40599999 10
-1.178 1.115 0.398 1
-1.131 1.317 0.40099999 9
-1.1619999 1.245 0.40400001 8
-1.186 1.164 0.403 2
-1.095 0.991 0.36399999 1
-1.161 1.29 0.40099999 10
-1.189 1.216 0.40400001 8
0 0 0 0
-6.6550002 5.7509999 2.1849999 54
-1.194 1.2640001 0.40099999 10
-1.2 1.171 0.39899999 1
0 0 0 0
-1.0470001 0.86400002 0.33899999 36
-1.225 1.237 0.40099999 2
-6.4770002 6.0300002 2.112 7
-6.6999998 5.724 2.165 67
-1.049 0.82599998 0.336 12
-6.52 6.283 2.085 16
-6.6059999 5.868 2.1129999 1
-1.049 0.85399997 0.33399999 42
-1.048 0.787 0.33199999 11
0 0 0 0
-6.7490001 5.7199998 2.118 33
-1.05 0.81599998 0.329 11
-1.05 0.75199997 0.329 8
0 0 0 0
-1.053 0.85100001 0.324 28
-1.05 0.778 0.32499999 10
-1.0420001 0.71100003 0.32300001 7
-1.049 0.87599999 0.31400001 6
-1.041 0.80199999 0.315 10
-1.046 0.73900002 0.31999999 8
-1.025 0.66600001 0.315 6
-1.045 0.83099997 0.30599999 11
-1.048 0.76899999 0.31200001 7
-1.035 0.69599998 0.31299999 7
-1.005 0.62099999 0.30599999 5
-1.0470001 0.79299998 0.301 10
-1.0420001 0.72799999 0.30599999 7
-1.02 0.65200001 0.30500001 5
-0.95700002 0.56199998 0.28999999 4
-1.046 0.75400001 0.29499999 9
-1.027 0.68199998 0.29699999 6
-0.991 0.602 0.29300001 4
-0.91799998 0.51099998 0.27599999 4
-1.033 0.70700002 0.28600001 7
-1.0039999 0.63300002 0.287 2
-0.94400001 0.54400003 0.27700001 2
0 0 0 0
0 0 0 0
0 0 0 0
0 0 0 0
-2.243 1.12 0.667 2
0 0 0 0
0 0 0 0
0 0 0 0
0 0 0 0
0 0 0 0
-1.7690001 0.94999999 0.48800001 0
-1.686 0.82300001 0.48199999 2
-2.4849999 1.104 0.73199999 7
-1.773 0.98100001 0.463 8
-1.699 0.861 0.46399999 12
0 0 0 0
-2.4960001 1.0420001 0.73299998 35
-1.691 0.88300002 0.435 1
0 0 0 0
-2.523 1.092 0.713 2
-2.54 0.99400002 0.74299997 57
0 0 0 0
0 0 0 0
-2.5190001 1.022 0.708 7
-2.5090001 0.91799998 0.73199999 26
0 0 0 0
-2.572 1.085 0.68400002 69
-2.51 0.95200002 0.70200002 35
-2.559 0.87199998 0.745 8
-2.5810001 1.12 0.64200002 3
-2.5680001 1.013 0.67799997 77
-2.5190001 0.89099997 0.70099998 31
-2.582 0.81599998 0.75099999 6
-2.5639999 1.041 0.63099998 68
-2.5769999 0.94700003 0.67500001 69
-2.5780001 0.84500003 0.71499997 32
-2.4630001 0.71799999 0.71499997 7
-2.5710001 0.972 0.62699997 65
-2.6289999 0.89700001 0.685 69
-2.54 0.76899999 0.70200002 7
-2.5009999 0.66900003 0.72600001 7
-2.6110001 0.91600001 0.63099998 68
-2.747 0.866 0.71200001 30
-2.5109999 0.699 0.69199997 4
-2.5420001 0.62 0.73799998 6
-2.698 0.875 0.64700001 60
-2.8659999 0.83099997 0.73900002 1
-2.5550001 0.648 0.70300001 6
-2.5899999 0.57099998 0.75199997 5
-3.085 0.91900003 0.73400003 11
-2.628 0.69599998 0.67500001 8
-2.602 0.597 0.71499997 7
-2.6329999 0.51899999 0.76499999 4
-3.1099999 0.84500003 0.73500001 9
-2.6229999 0.62800002 0.671 4
-2.802 0.57700002 0.76899999 9
-8.3389997 1.454 2.4260001 34
-3.1210001 0.76899999 0.73400003 5
-2.904 0.625 0.74000001 17
-2.8429999 0.51800001 0.77999997 43
-8.3579998 1.268 2.4349999 35
-3.165 0.69800001 0.741 7
-2.948 0.56199998 0.75 18
-2.8199999 0.44800001 0.773 43
-8.3629999 1.08 2.4419999 35
-3.142 0.61500001 0.73199999 1
-2.9460001 0.49000001 0.74800003 13
-2.7850001 0.37799999 0.764 40
-2.7409999 0.292 0.80199999 5
-10.344 1.767 2.401 25
-2.95 0.41999999 0.74800003 6
-2.7650001 0.31099999 0.759 23
-2.72 0.229 0.79900002 24
-9.118 1.331 2.1110001 19
-2.984 0.354 0.75599998 6
-2.7739999 0.248 0.76300001 22
-2.691 0.167 0.79299998 38
-7.428 0.90200001 1.715 1
-2.984 0.28299999 0.75599998 9
-2.7780001 0.185 0.76599997 21
-2.6659999 0.107 0.78799999 61
-7.6199999 0.74000001 1.756 4
-2.957 0.211 0.74900001 5
-2.7739999 0.122 0.76700002 20
-2.628 0.046999998 0.77999997 72
-7.9920001 0.57999998 1.841 1
-9.7340002 0.46799999 2.47 29
-2.757 0.057999998 0.764 16
-2.6040001 -0.0089999996 0.77700001 62
-10.538 0.50999999 2.4260001 25
-8.8260002 0.21799999 2.243 47
-2.7360001 -0.003 0.76099998 11
-2.5810001 -0.066 0.77399999 46
-10.565 0.257 2.4330001 25
-9.25 0.0099999998 2.3570001 46
-2.7420001 -0.064999998 0.76599997 7
-2.5510001 -0.121 0.76899999 46
-9.4639997 0 2.1819999 1
-9.6669998 -0.213 2.4690001 39
-2.7620001 -0.12800001 0.77499998 8
-2.5380001 -0.177 0.76999998 32
-9.8199997 -0.236 2.2679999 37
-9.7220001 -0.44400001 2.4920001 31
-2.7579999 -0.19 0.77700001 8
-2.5250001 -0.23199999 0.77100003 30
-10.284 -0.49599999 2.381 52
-9.6680002 -0.66799998 2.4879999 34
-2.737 -0.252 0.77600002 9
-2.517 -0.28600001 0.773 24
-10.604 -0.76999998 2.4619999 31
-9.6750002 -0.89600003 2.5 31
-2.7249999 -0.31299999 0.77700001 8
-2.5 -0.34 0.77399999 23
-10.574 -1.025 2.464 26
-9.6440001 -1.1210001 2.5050001 30
-2.691 -0.37 0.77200001 7
-2.4909999 -0.39399999 0.77700001 22
-10.583 -1.285 2.477 28
-9.5290003 -1.335 2.49 27
-2.665 -0.428 0.76999998 4
-2.48 -0.44800001 0.77899998 22
-10.561 -1.5420001 2.484 22
-9.5120001 -1.5599999 2.5009999 31
-2.645 -0.48699999 0.76999998 3
-2.4649999 -0.50099999 0.78100002 22
-10.506 -1.796 2.4860001 23
-9.474 -1.7819999 2.507 33
-2.635 -0.54699999 0.773 0
-2.447 -0.55400002 0.78200001 22
-10.474 -2.053 2.4949999 27
-9.408 -2 2.5090001 26
-8.5780001 -1.982 2.5380001 29
-2.431 -0.60600001 0.78399998 23
-10.43 -2.3069999 2.5020001 28
-9.2390003 -2.1900001 2.484 1
-8.5 -2.168 2.5380001 33
-2.411 -0.65700001 0.78500003 21
-10.435 -2.5769999 2.523 14
-9.2720003 -2.428 2.5139999 31
-8.4469995 -2.358 2.546 33
-2.3889999 -0.70700002 0.78600001 23
-10.306 -2.8110001 2.513 24
-9.2250004 -2.6470001 2.5239999 28
-8.3739996 -2.5420001 2.5480001 33
-2.372 -0.759 0.78799999 23
-10.197 -3.0480001 2.51 26
-9.1479998 -2.859 2.529 27
-8.309 -2.727 2.5550001 33
-2.3510001 -0.80800003 0.79000002 21
-2.3929999 -0.77899998 0.59500003 0
-9.059 -3.0650001 2.53 28
-8.2419996 -2.914 2.563 33
-2.332 -0.85900003 0.792 21
-2.3640001 -0.833 0.59399998 0
-9.0179996 -3.289 2.5469999 30
-6.7480001 -2.5569999 2.122 20
-2.3010001 -0.90499997 0.79100001 22
-2.3410001 -0.88999999 0.59500003 0
-7.4050002 -2.8989999 2.1159999 17
-8.0889997 -3.2739999 2.5739999 34
-2.2850001 -0.95599997 0.79500002 22
-2.319 -0.94700003 0.597 3
-7.1500001 -2.993 2.0680001 24
-7.9920001 -3.447 2.576 33
-2.2620001 -1.005 0.79699999 22
-2.293 -1.001 0.59799999 2
-7.1869998 -3.207 2.1059999 2
-7.8959999 -3.618 2.579 32
-2.233 -1.05 0.79699999 23
-2.276 -1.0599999 0.60100001 3
-7.171 -3.402 2.1300001 1
-7.822 -3.7980001 2.589 33
-2.2090001 -1.098 0.80000001 22
-2.25 -1.115 0.60299999 2
-7.164 -3.6070001 2.1589999 1
-1.5369999 -0.78899997 0.51599997 5
-1.357 -0.71200001 0.498 2
-1.4630001 -0.76999998 0.398 22
-1.308 -0.69700003 0.40000001 22
-1.17 -0.634 0.398 33
0 0 0 0
-1.477 -0.824 0.40900001 20
-1.344 -0.75700003 0.41800001 24
-1.232 -0.704 0.426 6
-1.152 -0.66900003 0.43599999 12
-1.489 -0.87800002 0.419 150
-1.314 -0.78100002 0.41499999 151
-1.166 -0.70200002 0.41 3
-1.076 -0.65600002 0.41299999 3
-1.535 -0.95599997 0.44 83
-1.525 -0.95499998 0.49000001 60
-1.375 -0.87 0.49200001 21
-1.223 -0.78299999 0.477 5
-1.513 -0.99400002 0.442 90
-1.502 -0.991 0.491 58
-1.354 -0.89999998 0.49200001 22
-1.222 -0.81999999 0.48500001 22
-1.4859999 -1.029 0.44299999 31
-1.482 -1.028 0.49399999 41
-1.3329999 -0.92900002 0.493 20
-1.202 -0.84500003 0.486 23
-1.4680001 -1.069 0.44600001 15
-1.461 -1.064 0.49700001 35
-1.308 -0.95599997 0.493 20
-1.178 -0.86699998 0.48500001 23
0 0 0 0
-1.424 -1.089 0.49399999 32
-1.289 -0.98799998 0.49599999 22
-1.164 -0.89499998 0.48800001 24
-0.91900003 -0.74000001 0.292 8
0 0 0 0
0 0 0 0
-1.013 -0.815 0.433 86
-0.90799999 -0.76800001 0.29499999 7
-0.912 -0.76800001 0.331 5
-0.912 -0.76599997 0.366 6
-0.91600001 -0.76999998 0.40000001 6
-0.90399998 -0.80299997 0.30199999 6
-0.903 -0.796 0.33500001 6
-0.90600002 -0.796 0.37099999 6
-0.90200001 -0.792 0.40099999 7
-0.89399999 -0.83399999 0.30599999 10
-0.89399999 -0.82599998 0.33899999 9
-0.89700001 -0.82499999 0.37599999 6
-0.88800001 -0.815 0.40400001 7
-0.87900001 -0.86000001 0.30899999 10
-0.88300002 -0.85600001 0.34400001 10
-0.884 -0.85000002 0.38 10
-0.87599999 -0.83899999 0.40700001 8
-0.86500001 -0.889 0.31299999 11
-0.86799997 -0.88099998 0.347 10
-0.87199998 -0.87699997 0.384 10
-0.88099998 -0.88099998 0.419 9
-0.85100001 -0.91799998 0.317 11
-0.85500002 -0.90899998 0.35100001 9
-0.86199999 -0.90700001 0.389 10
-0.85299999 -0.88999999 0.41600001 9
-0.83600003 -0.94599998 0.32100001 11
-0.84500003 -0.94099998 0.35699999 7
-0.847 -0.93099999 0.39199999 11
-0.83600003 -0.91100001 0.41800001 10
-0.82200003 -0.97600001 0.32600001 11
-0.83600003 -0.97500002 0.36399999 6
-0.83499998 -0.95999998 0.39700001 11
-0.81900001 -0.93300003 0.41999999 10
-0.80599999 -1.006 0.331 11
-0.81599998 -0.99900001 0.36700001 7
-0.82099998 -0.98799998 0.40200001 11
-0.80299997 -0.95599997 0.42300001 10
-0.79500002 -1.043 0.338 12
-0.801 -1.028 0.37200001 9
-0.80599999 -1.016 0.40700001 11
-0.796 -0.99000001 0.43099999 10
-0.77700001 -1.071 0.34299999 12
-0.787 -1.0599999 0.37799999 11
-0.79500002 -1.049 0.414 11
-0.77899998 -1.013 0.435 10
-0.76099998 -1.105 0.34900001 12
-0.76899999 -1.0880001 0.38299999 11
-0.77999997 -1.079 0.41999999 10
-0.76499999 -1.04 0.44 10
-0.74400002 -1.138 0.35499999 12
-0.75599998 -1.123 0.38999999 11
-0.764 -1.108 0.42500001 9
-0.75 -1.067 0.44499999 10
-0.74000001 -1.192 0.368 7
-0.736 -1.151 0.39500001 11
-0.73799998 -1.124 0.426 9
-0.741 -1.104 0.454 10
-0.71899998 -1.223 0.37400001 5
-0.72600001 -1.1950001 0.405 12
-0.71399999 -1.141 0.42699999 10
-0.72799999 -1.138 0.46200001 10
-0.699 -1.257 0.38 43
-0.70700002 -1.226 0.412 13
-0.70599997 -1.187 0.43900001 10
-0.713 -1.169 0.46900001 9
-0.68000001 -1.296 0.389 13
-0.69700003 -1.278 0.42500001 11
-0.69199997 -1.225 0.44800001 9
-0.70099998 -1.209 0.479 9
-0.66000003 -1.334 0.39700001 68
-0.68000001 -1.317 0.43399999 126
-0.67199999 -1.255 0.454 11
-0.68199998 -1.235 0.484 9
-0.64200002 -1.378 0.40799999 13
-0.64600003 -1.326 0.433 8
-0.66000003 -1.3 0.46599999 9
-0.66600001 -1.27 0.49200001 45
-0.62199998 -1.423 0.419 58
-0.62800002 -1.368 0.44299999 42
-0.64099997 -1.335 0.47400001 37
-0.64999998 -1.309 0.50199997 11
-0.60500002 -1.4809999 0.433 108
-0.60799998 -1.408 0.45300001 43
-0.62300003 -1.376 0.48500001 11
-0.63 -1.341 0.50999999 46
-0.56800002 -1.4910001 0.43399999 34
-0.58600003 -1.45 0.463 40
-0.60399997 -1.4170001 0.495 41
-0.61500001 -1.388 0.52200001 46
-0.54400003 -1.536 0.44600001 41
-0.56599998 -1.499 0.47600001 43
-0.583 -1.459 0.50599998 44
-0.59500003 -1.425 0.53200001 42
-0.51999998 -1.5880001 0.45899999 37
-0.54400003 -1.546 0.48899999 27
-0.56199998 -1.503 0.51800001 40
-0.574 -1.461 0.54100001 39
-0.49599999 -1.648 0.47499999 39
-0.51800001 -1.589 0.5 37
-0.54000002 -1.548 0.52999997 40
-0.55599999 -1.512 0.55500001 39
-0.46700001 -1.694 0.48800001 21
-0.493 -1.6390001 0.514 39
-0.51700002 -1.595 0.54299998 41
-0.53399998 -1.554 0.56599998 41
-0.43799999 -1.751 0.50300002 0
-0.46900001 -1.699 0.52999997 19
-0.495 -1.651 0.55900002 38
-0.50999999 -1.599 0.579 38
-0.59299999 -2.6289999 0.755 65
-0.43799999 -1.7460001 0.54400003 0
-0.46700001 -1.6950001 0.56999999 15
-0.48800001 -1.653 0.59399998 25
-0.51899999 -2.5899999 0.74400002 79
-0.59399998 -2.6199999 0.81400001 62
-0.44 -1.751 0.58700001 0
-0.461 -1.698 0.60699999 16
-0.45100001 -2.5650001 0.73699999 69
-0.52399999 -2.585 0.80199999 79
-0.59799999 -2.6259999 0.87699997 60
-0.66000003 -2.655 0.94400001 62
-0.38499999 -2.5380001 0.73100001 71
-0.45899999 -2.5650001 0.79500002 77
-0.52999997 -2.5940001 0.86299998 60
-0.59100002 -2.6240001 0.92799997 63
-0.31999999 -2.5079999 0.72299999 80
-0.39300001 -2.536 0.78500003 74
-0.463 -2.5580001 0.84899998 71
-0.52600002 -2.596 0.91399997 68
-0.257 -2.477 0.71600002 78
-0.331 -2.51 0.77700001 79
-0.40000001 -2.529 0.83700001 73
-0.461 -2.5599999 0.89700001 88
-0.197 -2.4530001 0.71100003 74
-0.26899999 -2.4820001 0.76800001 81
-0.33899999 -2.5020001 0.82599998 70
-0.40000001 -2.5369999 0.88599998 75
-0.138 -2.428 0.70599997 76
-0.20999999 -2.4530001 0.75999999 67
-0.28 -2.4860001 0.81999999 78
-0.33899999 -2.513 0.875 81
-0.079000004 -2.3970001 0.69999999 74
-0.15099999 -2.425 0.75199997 76
-0.22 -2.4519999 0.80800003 76
-0.28 -2.4779999 0.86000001 76
-0.022 -2.3710001 0.69599998 71
-0.094999999 -2.405 0.74699998 73
-0.163 -2.427 0.79900002 63
-0.223 -2.4590001 0.85100001 84
0.032000002 -2.3499999 0.69300002 72
-0.039000001 -2.3740001 0.74000001 80
-0.108 -2.4130001 0.79400003 73
-0.167 -2.4330001 0.83999997 79
0.085000001 -2.319 0.68800002 67
0.014 -2.355 0.736 73
-0.054000001 -2.388 0.78600001 70
-0.113 -2.411 0.83099997 75
0.138 -2.299 0.68599999 78
0.067000002 -2.325 0.72899997 74
-0.001 -2.359 0.778 70
-0.059 -2.388 0.82200003 81
0.19 -2.2720001 0.68199998 71
0.119 -2.2980001 0.72299999 74
0.050999999 -2.3410001 0.77200001 76
-0.0060000001 -2.365 0.81400001 81
0.241 -2.25 0.68099999 79
0.17 -2.277 0.72000003 84
0.102 -2.312 0.764 80
0.045000002 -2.3340001 0.80299997 81
0.28999999 -2.22 0.67699999 27
0.221 -2.256 0.71700001 74
0.153 -2.2869999 0.75800002 77
0.094999999 -2.3180001 0.79699999 74
0 0 0 0
0.27000001 -2.2360001 0.71399999 72
0.20299999 -2.2690001 0.75400001 76
0.145 -2.2880001 0.787 80
0.133 -0.74800003 0.23199999 0
0 0 0 0
0.25099999 -2.243 0.74800003 78
0.19400001 -2.2709999 0.78200001 84
0.152 -0.75099999 0.235 0
0.12899999 -0.77399999 0.25 0
0.30000001 -2.227 0.745 3
0.242 -2.253 0.77700001 86
0.164 -0.72399998 0.229 0
0.14399999 -0.75800002 0.24699999 0
0 0 0 0
0.29100001 -2.2379999 0.773 35
0 0 0 0
0.162 -0.75700003 0.248 0
0.138 -0.764 0.25799999 0
0 0 0 0
0.574 -2.0810001 0.67199999 15
0.178 -0.74900001 0.24699999 0
0.156 -0.76599997 0.25999999 0
0.13600001 -0.778 0.27000001 0
0.62099999 -2.0639999 0.67500001 72
0.551 -2.098 0.69999999 2
0.169 -0.745 0.25400001 0
0.152 -0.76700002 0.26699999 0
0.66500002 -2.039 0.67500001 74
0.59600002 -2.073 0.69800001 70
0 0 0 0
0.16599999 -0.74900001 0.26199999 0
0.71100003 -2.0209999 0.67699999 72
0.63999999 -2.0510001 0.69700003 74
0.57200003 -2.0810001 0.71899998 18
0 0 0 0
0.75599998 -2.003 0.68000001 74
0.68400002 -2.029 0.69599998 67
0.61799997 -2.063 0.71799999 75
0.565 -2.1040001 0.74199998 8
0.80000001 -1.9809999 0.68199998 75
0.73000002 -2.0120001 0.69800001 67
0.66299999 -2.0469999 0.71799999 76
0.60500002 -2.0650001 0.73199999 73
0.84500003 -1.962 0.685 76
0.77399999 -1.9910001 0.69800001 74
0.70700002 -2.0220001 0.71499997 75
0.65100002 -2.0510001 0.73100001 73
0.88999999 -1.941 0.68900001 71
0.81900001 -1.971 0.69999999 70
0.75199997 -2.006 0.71499997 75
0.69400001 -2.027 0.727 80
0.935 -1.9220001 0.69199997 72
0.86199999 -1.951 0.70099998 74
0.79500002 -1.983 0.71399999 74
0.73799998 -2.0079999 0.72500002 75
0.97799999 -1.899 0.69499999 77
0.90600002 -1.931 0.70300001 74
0.83700001 -1.959 0.71200001 74
0.78100002 -1.987 0.72299999 79
1.025 -1.883 0.70099998 12
0.94800001 -1.908 0.704 71
0.88300002 -1.9450001 0.71399999 75
0.824 -1.966 0.72000003 73
0 0 0 0
0.991 -1.886 0.70599997 105
0.92799997 -1.928 0.71600002 72
0.86900002 -1.949 0.72000003 82
0.583 -0.96600002 0.37200001 1
0.60299999 -1.087 0.41299999 3
0.96899998 -1.903 0.71499997 75
0.91100001 -1.926 0.71799999 74
0.60600001 -0.95200002 0.37400001 1
0.57099998 -0.97500002 0.37599999 1
0.68300003 -1.267 0.48199999 1
0.95599997 -1.9069999 0.71799999 81
0.63200003 -0.94499999 0.37900001 1
0.59299999 -0.963 0.37799999 1
0 0 0 0
0.99599999 -1.88 0.71499997 100
0.64899999 -0.92500001 0.37799999 1
0.62300003 -0.96200001 0.38299999 1
0.58499998 -0.97799999 0.382 1
0.60000002 -1.074 0.41299999 3
0.50999999 -0.69300002 0.289 6
0.64399999 -0.94700003 0.384 1
0.60600001 -0.963 0.382 1
0.574 -0.97600001 0.37900001 1
0.67799997 -0.88 0.375 0
0.52100003 -0.73100001 0.30199999 2
0.62699997 -0.94800001 0.38100001 1
0.60000002 -0.96700001 0.38100001 1
0.73199999 -0.90700001 0.39500001 1
0.57599998 -0.76999998 0.324 1
0.65200001 -0.94 0.384 1
0.62 -0.95099998 0.37900001 1
0.75 -0.88800001 0.396 1
0.71700001 -0.91399997 0.39199999 0
0.509 -0.699 0.28999999 5
0.64899999 -0.94800001 0.38299999 1
0.77399999 -0.875 0.40000001 0
0.74000001 -0.90100002 0.39500001 0
0.67500001 -0.884 0.373 0
0.51099998 -0.71100003 0.292 6
0.80599999 -0.87 0.40799999 0
0.76499999 -0.88999999 0.398 0
0.727 -0.90899998 0.391 1
0.66900003 -0.88800001 0.37 1
0.82499999 -0.852 0.40900001 0
0.79000002 -0.87900001 0.40200001 0
0.75099999 -0.89700001 0.39300001 0
0.71700001 -0.90799999 0.384 1
0 0 0 0
0.81199998 -0.86299998 0.40400001 1
0.773 -0.88200003 0.39399999 0
0.741 -0.89600003 0.38600001 1
0.56900001 -0.53799999 0.273 0
0 0 0 0
0.80299997 -0.87400001 0.39899999 0
0.76499999 -0.88300002 0.38699999 1
0 0 0 0
0.57200003 -0.55500001 0.273 0
0.82200003 -0.85600001 0.39899999 0
0.79299998 -0.87300003 0.38999999 1
0 0 0 0
0.58700001 -0.54400003 0.27500001 0
0.57099998 -0.56699997 0.271 0
0.82599998 -0.86900002 0.396 1
0 0 0 0
0 0 0 0
0.56999999 -0.54100001 0.264 0
0 0 0 0
0.67500001 -0.53200001 0.30399999 0
0 0 0 0
0.58999997 -0.53600001 0.26800001 0
0.57200003 -0.54900002 0.26100001 0
1.948 -1.4680001 0.86699998 9
0 0 0 0
0 0 0 0
0 0 0 0
2.0020001 -1.4400001 0.88 21
1.911 -1.478 0.83700001 48
0 0 0 0
0 0 0 0
2.053 -1.409 0.89200002 22
1.957 -1.444 0.84500003 42
1.8890001 -1.493 0.81099999 49
0 0 0 0
2.1099999 -1.381 0.90700001 21
2.0239999 -1.425 0.861 20
1.947 -1.4680001 0.82099998 62
1.882 -1.5 0.787 7
2.1789999 -1.358 0.92699999 21
2.0840001 -1.398 0.875 20
1.9960001 -1.4349999 0.82800001 19
1.934 -1.47 0.79299998 78
2.2409999 -1.329 0.94499999 23
2.1389999 -1.3660001 0.88700002 20
2.059 -1.41 0.84100002 19
1.987 -1.439 0.80000001 24
2.2969999 -1.295 0.95899999 24
2.2179999 -1.347 0.90899998 21
2.122 -1.383 0.85399997 19
2.049 -1.413 0.81 21
2.375 -1.27 0.98299998 22
2.277 -1.314 0.92199999 20
2.1760001 -1.349 0.86299998 20
2.1110001 -1.385 0.82099998 22
2.431 -1.233 0.99900001 23
2.3380001 -1.281 0.93699998 21
2.2609999 -1.331 0.88499999 21
2.174 -1.355 0.83099997 22
2.4979999 -1.198 1.0190001 23
2.4070001 -1.249 0.95499998 22
2.3269999 -1.299 0.898 20
2.2409999 -1.326 0.84399998 22
2.582 -1.17 1.046 23
2.48 -1.217 0.97500002 23
2.3889999 -1.263 0.91100001 21
2.316 -1.298 0.85900003 22
2.658 -1.1339999 1.071 23
2.5550001 -1.184 0.995 24
2.4630001 -1.23 0.92799997 22
2.3929999 -1.2690001 0.875 23
2.737 -1.098 1.096 24
2.6359999 -1.15 1.018 24
2.5350001 -1.1950001 0.94499999 23
2.4590001 -1.232 0.88700002 24
2.8180001 -1.0599999 1.122 25
2.7060001 -1.109 1.0369999 26
2.612 -1.159 0.96399999 23
2.5380001 -1.198 0.90399998 26
2.9030001 -1.02 1.151 23
2.7909999 -1.072 1.062 25
2.6989999 -1.125 0.98699999 25
2.6129999 -1.16 0.91900003 26
2.993 -0.97899997 1.181 23
2.8870001 -1.036 1.092 27
2.777 -1.0829999 1.006 25
2.694 -1.122 0.93699998 27
3.095 -0.93800002 1.217 23
2.973 -0.99199998 1.118 27
2.865 -1.043 1.029 26
2.776 -1.08 0.95499998 27
3.188 -0.89099997 1.25 22
3.0569999 -0.94400001 1.143 25
2.9619999 -1.001 1.056 25
2.8729999 -1.041 0.97899997 25
3.279 -0.83999997 1.2819999 22
3.1830001 -0.90600002 1.184 24
3.0680001 -0.95899999 1.085 26
2.96 -0.99400002 0.99900001 25
3.3959999 -0.792 1.324 19
3.267 -0.85100001 1.21 24
3.158 -0.90899998 1.11 25
3.069 -0.95099998 1.027 23
3.5239999 -0.74199998 1.3710001 17
3.362 -0.796 1.24 20
3.2820001 -0.86299998 1.146 22
3.175 -0.903 1.054 24
3.6400001 -0.68400002 1.415 15
3.4879999 -0.745 1.2819999 20
3.385 -0.80699998 1.175 21
3.2839999 -0.852 1.082 23
3.786 -0.62699997 1.47 11
3.6270001 -0.68900001 1.33 17
3.516 -0.75400001 1.215 18
3.3900001 -0.79400003 1.109 22
3.911 -0.56099999 1.517 26
3.77 -0.63 1.378 16
3.6530001 -0.69599998 1.256 17
3.5150001 -0.736 1.142 19
3.8740001 -0.47099999 1.503 28
3.9089999 -0.56400001 1.426 30
3.8010001 -0.63300002 1.302 16
3.6700001 -0.67900002 1.186 17
3.8310001 -0.38100001 1.4859999 30
3.8800001 -0.472 1.413 33
3.905 -0.55900002 1.3329999 34
3.836 -0.616 1.233 16
3.79 -0.29499999 1.471 30
3.8399999 -0.38 1.398 32
3.8740001 -0.46399999 1.319 32
3.8900001 -0.53100002 1.245 34
3.753 -0.211 1.4579999 32
3.8 -0.28999999 1.382 33
3.8340001 -0.36899999 1.303 36
3.848 -0.433 1.227 33
3.721 -0.12800001 1.448 31
3.7539999 -0.20200001 1.365 33
3.7850001 -0.27700001 1.283 32
3.809 -0.33700001 1.211 33
3.6789999 -0.048 1.434 31
3.711 -0.117 1.35 35
3.75 -0.18700001 1.27 34
3.763 -0.244 1.193 33
3.638 0.029999999 1.421 32
3.674 -0.035 1.3380001 35
3.704 -0.1 1.2539999 35
3.721 -0.153 1.177 32
3.609 0.107 1.413 32
3.631 0.046 1.324 35
3.6589999 -0.015 1.238 35
3.681 -0.064000003 1.1619999 32
3.5680001 0.183 1.402 32
3.589 0.126 1.311 36
3.625 0.068999998 1.227 36
3.6289999 0.022 1.145 32
3.54 0.25799999 1.395 31
3.566 0.205 1.306 36
3.5829999 0.15099999 1.215 36
3.6040001 0.108 1.137 33
3.4979999 0.331 1.3839999 31
3.527 0.28200001 1.295 36
3.5469999 0.23199999 1.205 35
3.5650001 0.193 1.126 35
3.4660001 0.403 1.377 31
3.49 0.35800001 1.286 36
3.513 0.31099999 1.1950001 35
3.5239999 0.27500001 1.114 36
3.441 0.47600001 1.374 34
3.4630001 0.433 1.281 36
3.4749999 0.38800001 1.1849999 34
3.477 0.354 1.101 34
3.4070001 0.54500002 1.367 34
3.4260001 0.50599998 1.272 36
3.4349999 0.465 1.176 34
3.45 0.43399999 1.095 36
3.378 0.61500001 1.363 36
3.391 0.579 1.265 36
3.405 0.54100001 1.17 35
3.4170001 0.51300001 1.087 36
3.3269999 0.68000001 1.35 37
3.358 0.64999998 1.2589999 35
3.3710001 0.616 1.163 34
3.3729999 0.58899999 1.077 36
3.3050001 0.75 1.349 37
3.3199999 0.72100002 1.252 36
3.3280001 0.68900001 1.155 33
3.336 0.66600001 1.0700001 36
3.2720001 0.81699997 1.345 36
3.29 0.792 1.249 35
3.3010001 0.764 1.151 34
3.3080001 0.74299997 1.067 35
3.244 0.884 1.3430001 36
3.2609999 0.86199999 1.2460001 35
3.266 0.83700001 1.146 33
3.2679999 0.81699997 1.0599999 35
3.22 0.95099998 1.342 37
3.2260001 0.92900002 1.2410001 35
3.227 0.90499997 1.14 33
3.244 0.89200002 1.058 36
3.184 1.015 1.3380001 36
3.1930001 0.99699998 1.237 34
3.201 0.97799999 1.1390001 33
3.211 0.96700001 1.0549999 36
3.151 1.079 1.335 38
3.1670001 1.068 1.238 35
3.168 1.049 1.136 32
3.1689999 1.038 1.049 37
3.1229999 1.145 1.335 38
3.132 1.1339999 1.235 34
3.1300001 1.118 1.132 33
3.1389999 1.113 1.049 36
3.098 1.212 1.337 39
3.098 1.202 1.233 34
3.0999999 1.191 1.133 33
3.1070001 1.187 1.0470001 37
3.062 1.275 1.335 37
3.073 1.272 1.235 35
3.063 1.2589999 1.13 33
3.0739999 1.26 1.0470001 37
3.0409999 1.3430001 1.339 38
3.0369999 1.337 1.234 34
3.0369999 1.33 1.131 34
3.0450001 1.3329999 1.0470001 37
3.006 1.404 1.3380001 38
3.0039999 1.402 1.233 35
3.0009999 1.399 1.131 33
3.006 1.403 1.045 38
2.977 1.47 1.34 38
2.974 1.47 1.235 34
2.9679999 1.4680001 1.132 33
2.974 1.476 1.0470001 37
2.951 1.536 1.344 37
2.9430001 1.538 1.237 35
2.941 1.541 1.136 33
2.9419999 1.55 1.05 37
2.925 1.603 1.348 38
2.911 1.6059999 1.24 35
2.914 1.6160001 1.141 33
2.908 1.624 1.053 38
2.8840001 1.663 1.347 36
2.8789999 1.674 1.244 35
2.8759999 1.683 1.142 33
2.8670001 1.692 1.053 37
2.846 1.724 1.348 40
2.842 1.738 1.245 56
2.855 1.762 1.151 23
2.8440001 1.772 1.061 8
2.826 1.796 1.357 8
2.826 1.8150001 1.256 7
2.8280001 1.835 1.1569999 7
2.8139999 1.848 1.066 8
2.799 1.862 1.362 7
2.8010001 1.8890001 1.2640001 7
2.7939999 1.908 1.1619999 7
2.7780001 1.9220001 1.071 7
2.77 1.9299999 1.369 8
2.766 1.957 1.2690001 7
2.7579999 1.979 1.1670001 7
2.743 1.997 1.077 7
2.7349999 1.994 1.374 7
2.7260001 2.0220001 1.272 7
2.7260001 2.0539999 1.175 7
2.7130001 2.0769999 1.086 8
2.7030001 2.063 1.381 7
2.691 2.092 1.278 8
2.6900001 2.128 1.182 7
2.668 2.1489999 1.091 7
2.6730001 2.132 1.3890001 8
2.658 2.164 1.2869999 8
2.6440001 2.194 1.186 7
2.6359999 2.2290001 1.101 8
2.648 2.2060001 1.4 8
2.6240001 2.2360001 1.295 8
2.6110001 2.2720001 1.196 7
2.595 2.302 1.107 7
2.615 2.2750001 1.408 7
2.5999999 2.316 1.308 8
2.5810001 2.352 1.207 7
2.5669999 2.391 1.1210001 8
2.589 2.352 1.421 7
2.5680001 2.3929999 1.3200001 8
2.546 2.431 1.2180001 7
2.529 2.473 1.132 8
2.5539999 2.4219999 1.4299999 6
2.527 2.464 1.3279999 7
2.513 2.5139999 1.2309999 7
2.484 2.549 1.141 7
2.517 2.493 1.4400001 6
2.5 2.5480001 1.344 8
2.471 2.592 1.242 7
2.4449999 2.635 1.155 7
2.4879999 2.575 1.456 7
2.457 2.6210001 1.354 7
2.434 2.6760001 1.257 7
2.4189999 2.7360001 1.175 7
2.4530001 2.6500001 1.4680001 7
2.4260001 2.7079999 1.3710001 7
2.404 2.7709999 1.276 7
2.3800001 2.8280001 1.192 7
2.4200001 2.7290001 1.483 7
2.3940001 2.7939999 1.388 7
2.3640001 2.8540001 1.29 7
2.3410001 2.9189999 1.209 6
2.3889999 2.813 1.499 7
2.352 2.8729999 1.401 7
0.861 1.091 0.484 30
0.82700002 1.084 0.44100001 43
2.3510001 2.8929999 1.5140001 7
0.86000001 1.1 0.52700001 27
0.82099998 1.091 0.47600001 10
0.80400002 1.109 0.44400001 8
2.3139999 2.977 1.5319999 6
0.83399999 1.118 0.52700001 7
0.82099998 1.146 0.493 5
0.68300003 0.99199998 0.391 7
2.2820001 3.072 1.554 6
0.84299999 1.186 0.55000001 6
0.82499999 1.212 0.51300001 26
0.63200003 0.96700001 0.37599999 9
2.2409999 3.158 1.572 6
2.1930001 3.2360001 1.479 7
0.69700003 1.0779999 0.44999999 152
0.59399998 0.95899999 0.368 9
2.1930001 3.237 1.587 6
2.1559999 3.3410001 1.505 6
0.59500003 0.96899998 0.39899999 7
0.56199998 0.95700002 0.36300001 8
2.1559999 3.3329999 1.61 6
2.109 3.4319999 1.525 7
0.56300002 0.96499997 0.39300001 8
0.52999997 0.95599997 0.35800001 8
2.1259999 3.447 1.642 5
2.0639999 3.5339999 1.55 6
0.52999997 0.95899999 0.38600001 8
0.5 0.954 0.354 8
2.076 3.5369999 1.6619999 5
0 0 0 0
0.49900001 0.95700002 0.38 8
0.46900001 0.95200002 0.34999999 8
2.029 3.635 1.686 5
0.49900001 0.95200002 0.40700001 5
0.46900001 0.954 0.37599999 8
0.44100001 0.95300001 0.347 8
1.969 3.7179999 1.704 3
0.47099999 0.95099998 0.403 7
0.442 0.95300001 0.37200001 7
0.419 0.96600002 0.34900001 6
1.9299999 3.845 1.7410001 4
0.44600001 0.95300001 0.39899999 0
0.42399999 0.97399998 0.377 0
0 0 0 0
1.873 3.9449999 1.767 3
0 0 0 0
0 0 0 0
0 0 0 0
1.825 4.0669999 1.801 2
0 0 0 0
0 0 0 0
0 0 0 0
1.773 4.1939998 1.839 2
1.688 4.3439999 1.772 2
0 0 0 0
0.20299999 0.62800002 0.221 11
1.711 4.3070002 1.87 1
1.625 4.4819999 1.814 1
0.206 0.62699997 0.235 10
0 0 0 0
1.654 4.447 1.914 1
0 0 0 0
0.18799999 0.62 0.23199999 10
0.167 0.61699998 0.21600001 10
0 0 0 0
0.193 0.61900002 0.24699999 10
0 0 0 0
0 0 0 0
0.20299999 0.62900001 0.266 12
0 0 0 0
0.154 0.611 0.226 9
0.132 0.59899998 0.208 10
0.186 0.62300003 0.26100001 11
0.161 0.61199999 0.241 9
0 0 0 0
0 0 0 0
0.16599999 0.60299999 0.25099999 11
0 0 0 0
0.122 0.602 0.221 9
0.101 0.59399998 0.206 9
0.152 0.60500002 0.25 11
0.12800001 0.59500003 0.23199999 8
0 0 0 0
0 0 0 0
0.13500001 0.59500003 0.245 11
0.112 0.588 0.228 8
0.090999998 0.58999997 0.21600001 8
0.07 0.57599998 0.2 9
0.121 0.59100002 0.242 10
0.097999997 0.58399999 0.226 8
0 0 0 0
0 0 0 0
0.107 0.59200001 0.241 10
0 0 0 0
0.061000001 0.57300001 0.20900001 8
0.041000001 0.565 0.19599999 9
0.093000002 0.58700001 0.23800001 9
0.07 0.58200002 0.22400001 8
0 0 0 0
0 0 0 0
0.078000002 0.56999999 0.23 10
0 0 0 0
0.033 0.55599999 0.20299999 8
0.013 0.54699999 0.191 9
0.064999998 0.57200003 0.23 9
0.041999999 0.56599998 0.21699999 8
0 0 0 0
0 0 0 0
0 0 0 0
0 0 0 0
0.0070000002 0.53799999 0.197 8
-0.012 0.53600001 0.189 9
0.039000001 0.56400001 0.22499999 9
0.016000001 0.55199999 0.211 7
0 0 0 0
0 0 0 0
0 0 0 0
0 0 0 0
-0.017000001 0.528 0.19499999 7
-0.035999998 0.52499998 0.18700001 9
0.013 0.551 0.219 9
-0.0080000004 0.54400003 0.208 7
0 0 0 0
0 0 0 0
0 0 0 0
0 0 0 0
-0.041000001 0.52200001 0.19400001 8
-0.061000001 0.51700002 0.186 9
-0.0099999998 0.53899997 0.214 9
-0.032000002 0.53100002 0.204 7
0 0 0 0
0 0 0 0
0 0 0 0
0 0 0 0
-0.064000003 0.50599998 0.19 8
-0.083999999 0.50400001 0.184 9
-0.034000002 0.528 0.20900001 8
-0.055 0.51700002 0.2 7
0 0 0 0
0 0 0 0
0 0 0 0
0 0 0 0
-0.086999997 0.498 0.189 8
-0.106 0.49000001 0.182 9
-0.056000002 0.514 0.204 8
-0.077 0.50700003 0.197 7
0 0 0 0
0 0 0 0
0 0 0 0
0 0 0 0
-0.107 0.48199999 0.185 8
-0.28600001 1.072 0.40700001 0
-0.078000002 0.50400001 0.20100001 8
-0.097999997 0.48899999 0.192 7
0 0 0 0
-0.31200001 1.069 0.41 1
0 0 0 0
0 0 0 0
-0.28099999 1.031 0.40400001 0
-0.338 1.0650001 0.41299999 3
-0.098999999 0.491 0.197 8
-0.259 1.0420001 0.41499999 3
-0.31099999 1.045 0.41299999 1
0 0 0 0
0 0 0 0
-0.27399999 1.005 0.403 0
-0.33500001 1.039 0.414 3
-0.25799999 0.69599998 0.27700001 1
-0.257 1.029 0.41600001 4
-0.30599999 1.029 0.41499999 1
0 0 0 0
-0.40000001 1.007 0.40599999 3
0 0 0 0
-0.32699999 1.015 0.41299999 3
-0.25799999 0.69 0.28099999 0
0 0 0 0
0 0 0 0
0 0 0 0
-0.39700001 0.98900002 0.40799999 3
0 0 0 0
-0.32499999 1.003 0.412 3
-0.26100001 0.69700003 0.289 1
0 0 0 0
0 0 0 0
0 0 0 0
-0.396 0.98699999 0.41299999 3
0 0 0 0
-0.495 0.96700001 0.414 4
-0.26100001 0.69599998 0.28999999 1
0 0 0 0
-0.472 0.972 0.417 3
-0.51499999 0.94999999 0.414 3
-0.39500001 0.98299998 0.41299999 3
-0.43399999 0.95200002 0.40700001 0
-0.49200001 0.95599997 0.41600001 3
-0.53799999 0.94 0.417 3
0 0 0 0
0 0 0 0
-0.51700002 0.95099998 0.41999999 4
-0.55500001 0.91799998 0.41499999 3
-0.43900001 0.96499997 0.412 0
-0.48800001 0.95300001 0.417 3
-0.53399998 0.92900002 0.417 3
-0.57700002 0.90799999 0.41800001 3
-0.465 0.96200001 0.41499999 3
-0.509 0.94 0.417 3
-0.55299997 0.91299999 0.417 3
-0.597 0.89099997 0.41800001 3
-0.48800001 0.954 0.41600001 3
-0.52899998 0.92500001 0.41600001 3
-0.574 0.89899999 0.417 3
-0.61400002 0.87300003 0.41800001 3
-0.51099998 0.94400001 0.41600001 3
-0.551 0.91399997 0.417 3
-0.59399998 0.884 0.41800001 3
-0.63099998 0.85399997 0.41800001 3
-0.53299999 0.93199998 0.41600001 3
-0.57200003 0.90100002 0.417 3
-0.61199999 0.86799997 0.41800001 3
-0.65100002 0.83899999 0.41999999 3
-0.55500001 0.92199999 0.417 3
-0.59299999 0.88800001 0.41800001 3
-0.63200003 0.85299999 0.419 3
-0.66500002 0.81800002 0.419 3
-0.57800001 0.91100001 0.41800001 3
-0.61299998 0.87400001 0.41800001 3
-0.65100002 0.838 0.41999999 3
-0.68400002 0.80199999 0.421 3
-0.59899998 0.89700001 0.417 3
-0.63200003 0.85799998 0.41800001 3
-0.66900003 0.82099998 0.41999999 3
-0.70200002 0.78500003 0.42199999 3
-0.61799997 0.88200003 0.41600001 3
-0.65100002 0.84299999 0.41800001 3
-0.68800002 0.80599999 0.42199999 3
-0.71600002 0.76499999 0.42199999 3
-0.639 0.86799997 0.41600001 3
-0.67199999 0.829 0.419 3
-0.699 0.78100002 0.41800001 3
-0.73299998 0.74699998 0.42300001 3
-0.66100001 0.85500002 0.417 3
-0.68800002 0.81 0.41800001 2
-0.722 0.76999998 0.42300001 3
-0.74400002 0.72500002 0.42199999 3
-0.68199998 0.84100002 0.417 3
-0.71200001 0.79900002 0.421 3
-0.73699999 0.75099999 0.42199999 3
-0.75999999 0.70700002 0.42399999 3
-0.70200002 0.82700002 0.41800001 3
-0.72600001 0.77899998 0.41999999 2
-0.75300002 0.73199999 0.42300001 2
-0.77200001 0.685 0.42300001 3
-0.72299999 0.81199998 0.419 3
-0.74299997 0.76099998 0.41999999 2
-0.76999998 0.71499997 0.42399999 2
-0.78500003 0.66500002 0.42399999 3
-0.73900002 0.792 0.41600001 3
-0.75999999 0.74299997 0.41999999 2
-0.77899998 0.69099998 0.42199999 2
-0.79799998 0.64600003 0.42500001 3
-0.75800002 0.77600002 0.417 3
-0.77700001 0.72500002 0.421 2
-0.792 0.671 0.42199999 3
-0.81099999 0.62599999 0.42500001 3
-0.77899998 0.75999999 0.41800001 2
-0.792 0.70599997 0.41999999 2
-0.80800003 0.653 0.42300001 3
-0.81900001 0.60299999 0.42399999 3
-0.79400003 0.73900002 0.417 3
-0.81 0.68800002 0.42199999 2
-0.824 0.63499999 0.42500001 3
-0.829 0.58099997 0.42399999 3
-0.81800002 0.727 0.41999999 3
-0.82599998 0.67000002 0.42199999 2
-0.83499998 0.61400002 0.42500001 3
-0.84600002 0.56400001 0.428 3
-0.83700001 0.70899999 0.421 3
-0.83999997 0.64899999 0.42199999 2
-0.85000002 0.59500003 0.42699999 3
-0.85299999 0.542 0.42699999 3
-0.85399997 0.68900001 0.421 3
-0.85500002 0.63 0.42300001 2
-0.86299998 0.57499999 0.42699999 3
-0.861 0.51899999 0.42699999 3
-0.875 0.67299998 0.42300001 3
-0.86900002 0.61000001 0.42300001 2
-0.87099999 0.551 0.426 3
-0.875 0.50099999 0.43000001 3
-0.88599998 0.64899999 0.421 3
-0.88099998 0.588 0.42300001 2
-0.88200003 0.53100002 0.42699999 3
-0.884 0.47999999 0.43099999 1
-0.89999998 0.62800002 0.421 3
-0.89999998 0.57099998 0.426 3
-0.90100002 0.51499999 0.43200001 4
0 0 0 0
-0.917 0.60799998 0.421 3
-0.90600002 0.546 0.42300001 3
-0.90200001 0.48800001 0.428 0
0 0 0 0
-0.93000001 0.58600003 0.421 1
-0.92299998 0.52700001 0.426 0
-0.89399999 0.45699999 0.41999999 0
-4.6560001 2.135 2.223 20
-0.94199997 0.56199998 0.41999999 1
-0.92400002 0.5 0.42199999 0
-0.85299999 0.412 0.39700001 1
-4.7740002 2.059 2.266 79
-0.92000002 0.51999998 0.405 0
-2.1040001 1.075 0.94999999 0
0 0 0 0
-2.9820001 1.2079999 1.408 38
-2.0710001 1.1059999 0.89999998 9
0 0 0 0
-4.789 2.0510001 2.1989999 4
-2.5940001 0.98299998 1.219 2
-2.109 1.063 0.90499997 31
-5.4710002 2.483 2.4230001 3
-2.9719999 1.193 1.3559999 33
-2.55 0.90100002 1.193 27
0 0 0 0
-5.5489998 2.3629999 2.437 39
-2.5940001 0.97399998 1.176 23
-2.562 0.84100002 1.1950001 29
-5.7459998 2.5639999 2.4119999 5
-2.99 1.192 1.302 31
-2.562 0.89499998 1.155 32
-2.625 0.79799998 1.221 5
-2.506 1.0470001 1.041 29
-2.5969999 0.96600002 1.123 15
-2.609 0.84500003 1.171 95
-2.819 0.78799999 1.307 1
-2.5810001 1.007 1.062 55
-2.5639999 0.88599998 1.101 23
-2.9430001 0.88 1.3150001 7
-5.3000002 1.355 2.4530001 49
-2.609 0.94700003 1.0650001 48
-2.595 0.82999998 1.108 16
-2.8150001 0.77200001 1.2539999 34
-2.813 0.653 1.299 9
-2.6359999 0.88599998 1.067 6
-2.783 0.81900001 1.181 6
-5.552 1.3890001 2.4649999 45
-2.793 0.583 1.289 28
-5.553 1.721 2.2320001 59
-2.826 0.75999999 1.193 31
-2.809 0.63499999 1.244 8
-5.3340001 0.99000001 2.461 44
-5.73 1.628 2.2880001 74
-5.789 1.415 2.4349999 87
-2.832 0.57300001 1.251 25
-5.342 0.87 2.464 45
-5.9200001 1.529 2.3499999 69
-5.7880001 1.273 2.425 72
-5.6079998 1.003 2.474 41
-2.572 0.36000001 1.187 5
-6.1350002 1.4299999 2.4230001 45
-5.8920002 1.153 2.461 40
-5.619 0.87400001 2.477 43
-2.608 0.30700001 1.205 38
-6.2129998 1.2920001 2.4419999 31
-5.9060001 1.013 2.46 42
-5.632 0.745 2.4820001 41
-5.3569999 0.51099998 2.4779999 40
-6.2490001 1.1440001 2.447 31
-5.9299998 0.875 2.4660001 40
-5.6329999 0.616 2.4820001 41
-5.3340001 0.38999999 2.471 41
-6.2820001 0.995 2.4519999 31
-5.947 0.736 2.47 39
-5.645 0.48800001 2.4879999 42
-5.3449998 0.27200001 2.4820001 41
-6.3070002 0.84500003 2.4549999 31
-5.9450002 0.59600002 2.467 41
-5.6440001 0.36000001 2.49 50
-5.3319998 0.154 2.4820001 41
-6.3340001 0.69400001 2.46 30
-5.96 0.45699999 2.4719999 40
-5.6329999 0.23100001 2.49 46
-5.3270001 0.037 2.4879999 39
-6.3410001 0.54100001 2.46 30
-5.9689999 0.31900001 2.477 38
-5.625 0.104 2.4909999 38
-5.302 -0.079000004 2.4849999 41
-6.3559999 0.389 2.464 30
-5.9660001 0.178 2.4790001 39
-5.6360002 -0.023 2.503 44
-5.2909999 -0.19499999 2.49 44
-6.3610001 0.236 2.4660001 30
-5.9689999 0.039999999 2.4820001 41
-5.618 -0.15000001 2.503 38
-5.2719998 -0.30899999 2.4920001 44
-6.3790002 0.082999997 2.474 30
-5.9689999 -0.098999999 2.4879999 40
-5.5999999 -0.27500001 2.503 38
-5.2579999 -0.42500001 2.4979999 41
-6.381 -0.068999998 2.4779999 30
-5.954 -0.23800001 2.4879999 38
-5.5799999 -0.40099999 2.5039999 43
-5.2470002 -0.53899997 2.5050001 33
-6.3730001 -0.223 2.48 30
-5.9559999 -0.377 2.497 38
-5.5570002 -0.52600002 2.5050001 39
-5.204 -0.64999998 2.4990001 43
-6.369 -0.37599999 2.484 31
-5.9369998 -0.514 2.4979999 38
-5.533 -0.64899999 2.507 39
-5.1550002 -0.75800002 2.4909999 22
-6.3639998 -0.52999997 2.49 30
-5.908 -0.65200001 2.497 38
-5.52 -0.77399999 2.5139999 36
-5.152 -0.87300003 2.506 45
-6.3319998 -0.68099999 2.4860001 26
-5.8969998 -0.79000002 2.5039999 39
-5.494 -0.89700001 2.5179999 36
-5.1290002 -0.98400003 2.5120001 45
-4.8299999 -0.63800001 1.905 1
-5.8759999 -0.92799997 2.5090001 40
-5.4629998 -1.0190001 2.52 38
-5.092 -1.092 2.513 51
-4.7690001 -0.74699998 1.89 3
-5.8509998 -1.064 2.513 38
-5.4400001 -1.141 2.526 43
-5.0640001 -1.202 2.5179999 51
-4.7410002 -0.861 1.89 7
-5.8299999 -1.201 2.5209999 38
-5.4109998 -1.263 2.5320001 47
-5.0310001 -1.309 2.5220001 52
-4.691 -0.97000003 1.883 9
-5.7930002 -1.334 2.523 41
-5.3759999 -1.383 2.536 45
-4.9990001 -1.418 2.5280001 52
-4.6399999 -1.076 1.875 10
-5.7589998 -1.47 2.5280001 40
-5.3309999 -1.499 2.536 50
-4.9499998 -1.52 2.526 53
-4.6069999 -1.187 1.876 9
-5.724 -1.603 2.533 40
-5.289 -1.617 2.539 45
-4.9039998 -1.622 2.527 53
-4.5570002 -1.2920001 1.8710001 10
-5.6820002 -1.735 2.5369999 38
-5.2389998 -1.73 2.539 44
-4.8699999 -1.729 2.5350001 52
-4.5240002 -1.402 1.875 9
-5.6170001 -1.86 2.5320001 40
-5.2080002 -1.85 2.549 39
-4.822 -1.83 2.5369999 49
-4.4660001 -1.503 1.869 12
-5.5799999 -1.993 2.5409999 39
-5.1599998 -1.965 2.553 40
-4.7729998 -1.9299999 2.5380001 49
-4.4359999 -1.614 1.877 12
-5.5359998 -2.1240001 2.5480001 38
-5.1030002 -2.075 2.553 38
-4.7220001 -2.029 2.54 47
-4.3909998 -1.719 1.878 14
-5.4660001 -2.2449999 2.546 40
-5.0409999 -2.1819999 2.5510001 41
-4.6659999 -2.125 2.54 46
-4.3410001 -1.822 1.8789999 17
-5.4070001 -2.369 2.5480001 39
-4.9899998 -2.2950001 2.5569999 38
-4.6209998 -2.2249999 2.5469999 42
-4.2859998 -1.9220001 1.8789999 150
-5.3470001 -2.4920001 2.552 39
-4.9330001 -2.4030001 2.5599999 37
-4.5650001 -2.3210001 2.55 40
-4.244 -2.0280001 1.886 26
-5.2839999 -2.615 2.556 36
-4.875 -2.5109999 2.5639999 36
-4.5100002 -2.4159999 2.552 31
-4.1950002 -2.131 1.891 15
-1.1289999 -0.59200001 0.55400002 0
-1.036 -0.56300002 0.55199999 12
-1.007 -0.56699997 0.57800001 14
-1.0549999 -0.56800002 0.48300001 7
0 0 0 0
-1.0039999 -0.57499999 0.54299998 4
-0.99000001 -0.58600003 0.57700002 3
-1.0039999 -0.57200003 0.46700001 4
-0.991 -0.57999998 0.50099999 4
-0.97899997 -0.58999997 0.53799999 4
-0.97399998 -0.60500002 0.57599998 3
-0.98000002 -0.59100002 0.463 4
-0.97500002 -0.60100001 0.50099999 4
-0.97100002 -0.616 0.542 3
-0.96399999 -0.62800002 0.579 2
-0.96700001 -0.616 0.465 4
-0.963 -0.625 0.50300002 3
-0.95999998 -0.639 0.54500002 7
-0.958 -0.65399998 0.58499998 5
-0.95899999 -0.64399999 0.47 9
-0.94700003 -0.64700001 0.50400001 7
-0.94999999 -0.66299999 0.54900002 8
-0.93599999 -0.66900003 0.58099997 4
-0.94599998 -0.66900003 0.47299999 9
-0.94400001 -0.67799997 0.51200002 8
-0.94099998 -0.68900001 0.55299997 6
0 0 0 0
-0.93300003 -0.69400001 0.47600001 10
-0.93000001 -0.69999999 0.514 8
-0.92400002 -0.708 0.55299997 8
-0.91799998 -0.71700001 0.58999997 2
-0.91799998 -0.71799999 0.47799999 9
-0.91600001 -0.72399998 0.51700002 8
-0.91299999 -0.73199999 0.55699998 8
-0.91299999 -0.745 0.59799999 0
-0.90799999 -0.74599999 0.48300001 10
-0.90499997 -0.75 0.52100003 8
-0.89999998 -0.75599998 0.56099999 8
-0.88 -0.74900001 0.58700001 1
-0.88999999 -0.76899999 0.48500001 10
-0.89499998 -0.778 0.52700001 8
-0.89200002 -0.78399998 0.56800002 8
-3.7119999 -3.3010001 2.529 2
-0.88099998 -0.79799998 0.49200001 9
-0.87800002 -0.80000001 0.52899998 8
-0.88099998 -0.81 0.57300001 7
-3.3180001 -3.0799999 2.309 49
-0.86500001 -0.82300001 0.49599999 10
-0.86799997 -0.82800001 0.53600001 8
-0.86699998 -0.833 0.57700002 3
-3.6210001 -3.5079999 2.575 19
-0.85000002 -0.84899998 0.5 10
-0.86000001 -0.86000001 0.54400003 8
-0.85600001 -0.85900003 0.583 8
-3.572 -3.612 2.598 19
-0.84200001 -0.88200003 0.509 10
-0.84399998 -0.884 0.54799998 8
-0.84600002 -0.88800001 0.59100002 8
-3.477 -3.668 2.5880001 32
-0.824 -0.90700001 0.51300001 10
-0.829 -0.91000003 0.55400002 7
-0.83600003 -0.91799998 0.59899998 6
-3.395 -3.7390001 2.5899999 36
-0.81099999 -0.93699998 0.51999998 10
-0.81999999 -0.94199997 0.56300002 7
-0.82099998 -0.94199997 0.60399997 2
-3.316 -3.813 2.5940001 37
-0.796 -0.96600002 0.52700001 10
-0.80599999 -0.97100002 0.56999999 6
0 0 0 0
-3.154 -3.786 2.533 27
-0.78299999 -0.99800003 0.53600001 10
-0.79299998 -1.002 0.579 8
0 0 0 0
-2.9389999 -3.6830001 2.424 28
-0.76700002 -1.027 0.54299998 10
-0.77899998 -1.0319999 0.58700001 8
-2.721 -3.579 2.184 33
-2.7390001 -3.5880001 2.325 35
-0.75599998 -1.0650001 0.55500001 11
-0.76599997 -1.066 0.597 7
-2.5420001 -3.503 2.1059999 43
-2.5680001 -3.516 2.244 42
-0.745 -1.105 0.56900001 8
-0.74800003 -1.0930001 0.60399997 2
-2.378 -3.4330001 2.036 54
-2.408 -3.4489999 2.1700001 45
-0.72899997 -1.141 0.57999998 9
-0.73900002 -1.135 0.61900002 2
-2.2260001 -3.3729999 1.973 51
-2.257 -3.385 2.1010001 45
-0.713 -1.177 0.59100002 9
-2.04 -3.299 1.779 49
-2.082 -3.3110001 1.9119999 48
-2.1140001 -3.322 2.0350001 42
-0.69199997 -1.207 0.60000002 27
-1.901 -3.2390001 1.726 47
-0.61000001 -1.02 0.58200002 2
-1.984 -3.2690001 1.978 47
-1.72 -3.174 1.562 2
-1.767 -3.1760001 1.674 48
-1.816 -3.1930001 1.801 6
-1.854 -3.2079999 1.918 47
0 0 0 0
-1.633 -3.102 1.619 41
-1.6900001 -3.131 1.747 44
-1.735 -3.155 1.865 46
0 0 0 0
-1.359 -2.7320001 1.4119999 0
-1.399 -2.7360001 1.511 1
-1.62 -3.099 1.811 43
-1.294 -2.8610001 1.373 1
-1.318 -2.8099999 1.4400001 1
-1.324 -2.737 1.497 3
-1.341 -2.7049999 1.5650001 1
-1.223 -2.8859999 1.375 37
-1.274 -2.8900001 1.469 32
-1.304 -2.8559999 1.548 4
-1.319 -2.8099999 1.61 1
-1.123 -2.8410001 1.345 36
-1.189 -2.8729999 1.449 40
-1.24 -2.882 1.548 40
-1.28 -2.8870001 1.6390001 23
-1.034 -2.8099999 1.323 37
-1.0930001 -2.826 1.416 38
-1.148 -2.8410001 1.5140001 35
-1.199 -2.8640001 1.6109999 38
-0.94400001 -2.766 1.296 36
-1.0039999 -2.7839999 1.386 36
-1.063 -2.8069999 1.485 36
-1.117 -2.8380001 1.5829999 36
-0.85900003 -2.73 1.274 38
-0.921 -2.7490001 1.3609999 38
-0.98100001 -2.7750001 1.4579999 37
-1.034 -2.8010001 1.55 35
-0.77899998 -2.6989999 1.255 40
-0.84200001 -2.7190001 1.339 39
-0.89899999 -2.733 1.427 35
-0.95499998 -2.7690001 1.521 34
-0.69999999 -2.661 1.234 46
-0.76200002 -2.6789999 1.314 39
-0.82200003 -2.701 1.402 35
-0.87699997 -2.733 1.49 33
-0.62400001 -2.6289999 1.216 46
-0.68900001 -2.652 1.295 41
-0.74900001 -2.671 1.3789999 39
-0.80299997 -2.6989999 1.4630001 39
-0.55299997 -2.6010001 1.201 47
-0.61500001 -2.6159999 1.274 45
-0.67699999 -2.6389999 1.3559999 41
-0.73400003 -2.6760001 1.441 45
-0.48199999 -2.5639999 1.183 53
-0.54500002 -2.5799999 1.253 47
-0.60900003 -2.6110001 1.335 42
-0.66399997 -2.6389999 1.413 35
-0.414 -2.533 1.168 45
-0.479 -2.5569999 1.239 49
-0.54299998 -2.585 1.317 45
-0.59600002 -2.6059999 1.388 34
-0.34799999 -2.507 1.156 43
-0.414 -2.5309999 1.224 52
-0.477 -2.55 1.295 43
-0.53299999 -2.5810001 1.368 45
-0.28400001 -2.47 1.14 59
-0.35100001 -2.503 1.209 49
-0.41499999 -2.527 1.279 44
-0.47 -2.5539999 1.348 44
-0.222 -2.4419999 1.1289999 53
-0.28799999 -2.4630001 1.189 68
-0.354 -2.5020001 1.2640001 47
-0.41 -2.533 1.332 57
-0.162 -2.4170001 1.119 56
-0.228 -2.4400001 1.178 60
-0.294 -2.471 1.245 48
-0.34999999 -2.5020001 1.311 58
-0.104 -2.3959999 1.112 62
-0.171 -2.4159999 1.1670001 61
-0.236 -2.4419999 1.229 61
-0.292 -2.473 1.291 50
-0.046999998 -2.368 1.102 65
-0.114 -2.3959999 1.158 63
-0.18000001 -2.4219999 1.2180001 60
-0.236 -2.4519999 1.277 57
0.0080000004 -2.3380001 1.0930001 73
-0.059 -2.365 1.145 66
-0.124 -2.3929999 1.2029999 62
-0.18099999 -2.4200001 1.257 73
0.063000001 -2.3180001 1.0880001 68
-0.0049999999 -2.342 1.136 73
-0.07 -2.3629999 1.187 71
-0.126 -2.3929999 1.2410001 65
0.116 -2.2939999 1.081 69
0.046999998 -2.3210001 1.128 75
-0.017999999 -2.348 1.1799999 68
-0.074000001 -2.3729999 1.229 75
0.168 -2.2709999 1.076 73
0.098999999 -2.2980001 1.12 69
0.033 -2.323 1.168 71
0 0 0 0
0.22 -2.2460001 1.071 74
0.15000001 -2.276 1.114 75
0.083999999 -2.303 1.16 78
0.027000001 -2.339 1.209 3
0.27000001 -2.2249999 1.067 46
0.20100001 -2.257 1.109 82
0.134 -2.283 1.152 79
0.077 -2.299 1.188 46
0 0 0 0
0.25 -2.2279999 1.1 73
0.182 -2.2539999 1.14 80
0.125 -2.2809999 1.1799999 76
0 0 0 0
0 0 0 0
0.23100001 -2.2379999 1.1339999 77
0.17399999 -2.2650001 1.1720001 80
0 0 0 0
0 0 0 0
0.28 -2.23 1.1339999 9
0.222 -2.2460001 1.164 85
0 0 0 0
0 0 0 0
0 0 0 0
0.26800001 -2.224 1.154 49
0 0 0 0
0 0 0 0
0 0 0 0
0 0 0 0
0.55699998 -2.086 1.052 8
0 0 0 0
0 0 0 0
0 0 0 0
0.60399997 -2.0699999 1.0549999 73
0.53100002 -2.098 1.075 0
0 0 0 0
0 0 0 0
0.65100002 -2.05 1.056 58
0.57599998 -2.075 1.072 79
0 0 0 0
0 0 0 0
0.69599998 -2.027 1.056 66
0.62199998 -2.059 1.073 77
0.55299997 -2.095 1.097 12
0 0 0 0
0.741 -2.007 1.058 76
0.667 -2.0380001 1.072 43
0.59600002 -2.069 1.09 73
0.54000002 -2.105 1.113 0
0.78500003 -1.984 1.059 76
0.70999998 -2.016 1.071 74
0.64200002 -2.0550001 1.091 74
0.583 -2.0840001 1.108 92
0.82999998 -1.964 1.063 74
0.75599998 -2.0009999 1.074 78
0.685 -2.0320001 1.087 61
0.62699997 -2.063 1.102 84
0.87400001 -1.942 1.0650001 76
0.79900002 -1.977 1.073 80
0.72799999 -2.0120001 1.085 77
0.67000002 -2.0420001 1.098 48
0.917 -1.919 1.067 70
0.84299999 -1.957 1.074 77
0.77100003 -1.99 1.0829999 82
0.713 -2.0239999 1.095 83
0.96200001 -1.899 1.072 69
0.88700002 -1.939 1.077 75
0.815 -1.972 1.0829999 83
0.755 -2 1.089 88
1.008 -1.883 1.08 74
0.93099999 -1.92 1.08 74
0.85799998 -1.951 1.082 74
0.79799998 -1.98 1.087 88
0 0 0 0
0.97399998 -1.897 1.081 70
0.903 -1.9349999 1.084 73
0.84200001 -1.964 1.086 85
1.098 -1.842 1.092 66
1.02 -1.881 1.087 72
0.94300002 -1.91 1.082 72
0.88200003 -1.939 1.082 78
1.145 -1.826 1.102 72
1.064 -1.8609999 1.091 87
0.986 -1.8890001 1.0829999 74
0.92400002 -1.9170001 1.08 80
1.188 -1.802 1.107 71
1.108 -1.84 1.095 72
1.033 -1.876 1.0880001 78
0.97000003 -1.904 1.0829999 88
1.23 -1.776 1.112 64
1.153 -1.822 1.102 83
1.077 -1.857 1.091 74
1.013 -1.8839999 1.082 83
0 0 0 0
1.197 -1.8 1.107 79
1.1210001 -1.837 1.094 79
0 0 0 0
0.493 -0.64700001 0.42199999 5
1.2410001 -1.778 1.112 70
1.168 -1.821 1.1 82
0.57499999 -0.96499997 0.56699997 0
1.3710001 -1.7180001 1.143 12
0 0 0 0
1.211 -1.7970001 1.102 78
0 0 0 0
1.4170001 -1.6950001 1.153 66
0.5 -0.65200001 0.42300001 4
1.255 -1.776 1.1059999 69
1.183 -1.796 1.0829999 15
1.4630001 -1.6720001 1.164 69
1.376 -1.7130001 1.133 15
0 0 0 0
1.235 -1.786 1.092 83
1.51 -1.65 1.175 62
1.424 -1.692 1.142 79
0.50400001 -0.64899999 0.41800001 2
0 0 0 0
1.558 -1.628 1.188 56
1.472 -1.6720001 1.153 74
1.393 -1.714 1.124 15
0.495 -0.65100002 0.41 4
0 0 0 0
1.5190001 -1.65 1.163 72
1.4349999 -1.688 1.128 65
1.3710001 -1.723 1.103 16
0 0 0 0
1.5650001 -1.625 1.1720001 37
1.484 -1.669 1.137 71
1.4119999 -1.6950001 1.104 77
0 0 0 0
0 0 0 0
1.5319999 -1.646 1.145 71
1.464 -1.679 1.113 76
0 0 0 0
0.565 -0.537 0.40599999 0
1.573 -1.6160001 1.148 15
1.507 -1.652 1.1160001 74
0 0 0 0
0 0 0 0
0 0 0 0
1.5549999 -1.6289999 1.122 68
1.86 -1.483 1.279 23
0 0 0 0
0 0 0 0
0 0 0 0
1.914 -1.457 1.2970001 61
0 0 0 0
0 0 0 0
0 0 0 0
1.961 -1.426 1.311 27
1.878 -1.488 1.257 8
0 0 0 0
0 0 0 0
2.0350001 -1.4119999 1.3430001 23
1.924 -1.457 1.268 72
0 0 0 0
0 0 0 0
2.096 -1.386 1.367 24
1.976 -1.427 1.2819999 21
1.887 -1.477 1.221 78
0 0 0 0
2.135 -1.346 1.377 18
2.0469999 -1.41 1.3099999 21
1.939 -1.449 1.233 49
1.865 -1.487 1.1799999 32
2.214 -1.3279999 1.4119999 17
2.1029999 -1.38 1.327 22
2.006 -1.429 1.255 20
1.92 -1.46 1.191 87
2.279 -1.299 1.439 22
2.168 -1.355 1.351 8
2.0650001 -1.402 1.272 20
1.97 -1.429 1.201 24
2.335 -1.2640001 1.461 21
2.23 -1.326 1.373 23
2.122 -1.372 1.288 11
2.0439999 -1.4119999 1.224 23
2.4059999 -1.235 1.492 21
2.2909999 -1.294 1.395 22
2.1949999 -1.35 1.313 2
2.098 -1.38 1.2359999 16
2.4749999 -1.2029999 1.522 21
2.362 -1.266 1.4220001 23
2.2520001 -1.317 1.329 22
2.1589999 -1.351 1.252 22
2.543 -1.168 1.552 21
2.4300001 -1.233 1.448 24
2.3239999 -1.289 1.354 23
2.23 -1.325 1.274 22
2.6210001 -1.135 1.5880001 21
2.5009999 -1.2 1.476 24
2.3889999 -1.255 1.375 23
2.293 -1.2920001 1.291 23
2.6949999 -1.098 1.622 21
2.5769999 -1.166 1.507 23
2.4630001 -1.223 1.401 23
2.3640001 -1.262 1.313 22
2.7809999 -1.063 1.664 22
2.6530001 -1.131 1.539 24
2.5350001 -1.188 1.427 24
2.437 -1.23 1.336 23
2.865 -1.024 1.705 20
2.7190001 -1.0880001 1.5650001 21
2.608 -1.152 1.4529999 24
2.487 -1.184 1.346 21
2.9419999 -0.98000002 1.742 20
2.812 -1.054 1.607 23
2.6900001 -1.1160001 1.485 21
2.589 -1.16 1.385 21
3.023 -0.935 1.781 19
2.8989999 -1.013 1.645 23
2.7750001 -1.0779999 1.517 25
2.6659999 -1.1210001 1.411 22
3.125 -0.89300001 1.834 18
2.984 -0.97000003 1.682 21
2.859 -1.036 1.55 22
2.7509999 -1.0829999 1.4400001 22
3.224 -0.84600002 1.885 18
3.0669999 -0.92199999 1.72 22
2.9530001 -0.99599999 1.589 22
2.835 -1.041 1.47 23
3.3380001 -0.79900002 1.9450001 14
3.164 -0.875 1.765 19
3.0580001 -0.954 1.6339999 21
2.928 -0.99900001 1.5039999 23
3.4619999 -0.75 2.0120001 15
3.2720001 -0.82700002 1.816 18
3.138 -0.90100002 1.665 21
3.0320001 -0.95700002 1.544 24
3.569 -0.69300002 2.0699999 12
3.3940001 -0.778 1.876 16
3.2490001 -0.85399997 1.7130001 21
3.108 -0.90200001 1.571 22
3.6949999 -0.63599998 2.1389999 12
3.5239999 -0.72600001 1.941 16
3.365 -0.80299997 1.7640001 17
3.217 -0.85299999 1.614 20
3.8310001 -0.57499999 2.214 12
3.6500001 -0.66900003 2.0039999 16
3.494 -0.75099999 1.822 16
3.3399999 -0.80299997 1.664 20
3.904 -0.5 2.2539999 20
3.78 -0.60699999 2.0699999 15
3.6259999 -0.69300002 1.883 16
3.4790001 -0.75099999 1.723 18
3.865 -0.41100001 2.2309999 19
3.8970001 -0.537 2.1289999 19
3.7579999 -0.62900001 1.944 15
3.612 -0.69199997 1.779 15
3.8239999 -0.324 2.207 21
3.849 -0.44299999 2.099 21
3.9000001 -0.56199998 2.01 20
3.75 -0.62800002 1.8380001 12
3.779 -0.23899999 2.181 19
3.816 -0.354 2.0780001 24
3.8800001 -0.47 1.994 22
3.902 -0.56 1.905 22
3.7390001 -0.156 2.1589999 19
3.779 -0.26699999 2.056 26
3.8399999 -0.37599999 1.969 24
3.862 -0.463 1.878 27
3.7030001 -0.075999998 2.141 21
3.744 -0.18099999 2.0369999 25
3.8010001 -0.285 1.9450001 24
3.8310001 -0.368 1.857 27
3.671 0.0020000001 2.125 20
3.7030001 -0.097000003 2.0139999 24
3.7539999 -0.19499999 1.92 26
3.7839999 -0.27500001 1.83 27
3.6259999 0.079999998 2.1029999 21
3.675 -0.014 2.0009999 27
3.7179999 -0.108 1.899 28
3.733 -0.182 1.802 29
3.598 0.156 2.092 24
3.631 0.064999998 1.979 29
3.6719999 -0.023 1.876 29
3.694 -0.093999997 1.781 29
3.556 0.23100001 2.0739999 28
3.596 0.14399999 1.9630001 31
3.6359999 0.059999999 1.858 28
3.6570001 -0.0070000002 1.762 30
3.5250001 0.30399999 2.0610001 30
3.5639999 0.221 1.949 32
3.598 0.142 1.84 29
3.6159999 0.078000002 1.7410001 30
3.4920001 0.375 2.049 29
3.5320001 0.29699999 1.936 33
3.5599999 0.221 1.823 31
3.5880001 0.161 1.729 32
3.457 0.44600001 2.0350001 31
3.4890001 0.37099999 1.919 34
3.53 0.30000001 1.811 32
3.552 0.243 1.712 32
3.428 0.51599997 2.027 30
3.4660001 0.44600001 1.9119999 32
3.49 0.37799999 1.795 35
3.5039999 0.324 1.692 32
3.3970001 0.58600003 2.0179999 32
3.427 0.51899999 1.898 34
3.45 0.454 1.78 35
3.471 0.40400001 1.681 32
3.3659999 0.65399998 2.01 32
3.3889999 0.59100002 1.886 37
3.421 0.52999997 1.772 37
3.427 0.48100001 1.664 33
3.326 0.72000003 1.997 33
3.3529999 0.66100001 1.874 37
3.382 0.60399997 1.7589999 37
3.4030001 0.56 1.658 34
3.299 0.78799999 1.993 33
3.3210001 0.73100001 1.867 37
3.3399999 0.676 1.745 36
3.362 0.63499999 1.645 34
3.2609999 0.85100001 1.982 33
3.2939999 0.801 1.862 37
3.3150001 0.75 1.7410001 36
3.325 0.70999998 1.6339999 37
3.2320001 0.917 1.978 33
3.2609999 0.87 1.855 38
3.2809999 0.82200003 1.733 36
3.2880001 0.78399998 1.625 36
3.2019999 0.98199999 1.973 33
3.2279999 0.93800002 1.85 38
3.244 0.89300001 1.725 37
3.257 0.85900003 1.62 36
3.1760001 1.049 1.973 33
3.194 1.006 1.8430001 38
3.217 0.96600002 1.723 36
3.223 0.93300003 1.614 38
3.1470001 1.113 1.97 33
3.1719999 1.076 1.845 39
3.1819999 1.036 1.717 37
3.1860001 1.005 1.607 37
3.1240001 1.1799999 1.972 34
3.135 1.141 1.839 38
3.152 1.107 1.715 37
3.161 1.08 1.608 39
3.085 1.24 1.965 32
3.1029999 1.2079999 1.836 37
3.122 1.178 1.714 36
3.122 1.15 1.602 39
3.0510001 1.301 1.962 34
3.0769999 1.276 1.8380001 38
3.0910001 1.248 1.7130001 36
3.0880001 1.222 1.6 38
3.033 1.37 1.97 33
3.0409999 1.342 1.835 37
3.0550001 1.316 1.71 37
3.0569999 1.295 1.6 38
3.003 1.433 1.97 34
3.0150001 1.41 1.839 37
3.026 1.387 1.712 37
3.0209999 1.365 1.598 38
2.9690001 1.495 1.969 32
2.983 1.476 1.84 37
2.9890001 1.454 1.711 36
2.987 1.437 1.599 38
2.948 1.563 1.977 33
2.9519999 1.543 1.842 37
2.954 1.523 1.711 36
2.9590001 1.512 1.604 37
2.9189999 1.627 1.9809999 33
2.9200001 1.61 1.845 37
2.9319999 1.598 1.721 36
2.9289999 1.586 1.609 38
2.8859999 1.6900001 1.984 32
2.891 1.678 1.85 36
2.8970001 1.6670001 1.724 36
2.8900001 1.655 1.61 37
2.8499999 1.75 1.984 30
2.8570001 1.744 1.854 39
2.8570001 1.733 1.724 36
2.8610001 1.7309999 1.618 39
2.8369999 1.826 2.0020001 6
2.823 1.8099999 1.858 8
2.823 1.802 1.729 7
2.822 1.801 1.622 8
2.8050001 1.89 2.0079999 6
2.802 1.885 1.872 7
2.7969999 1.8789999 1.742 7
2.786 1.873 1.627 7
2.7690001 1.952 2.0120001 6
2.77 1.954 1.88 7
2.7620001 1.949 1.749 6
2.7620001 1.954 1.642 7
2.7479999 2.0250001 2.027 6
2.7379999 2.0239999 1.89 7
2.7309999 2.023 1.7589999 6
2.7279999 2.0309999 1.653 7
2.7190001 2.0929999 2.0369999 6
2.7119999 2.099 1.904 7
2.707 2.1040001 1.776 7
2.6919999 2.1059999 1.663 7
2.6900001 2.164 2.05 5
2.6760001 2.1670001 1.913 7
2.671 2.178 1.7869999 7
2.6600001 2.1860001 1.677 8
2.654 2.2279999 2.0569999 6
2.6400001 2.237 1.923 7
2.6370001 2.253 1.8 7
2.6270001 2.267 1.692 8
2.625 2.299 2.0710001 5
2.612 2.3139999 1.9400001 6
2.605 2.332 1.8150001 7
2.5880001 2.342 1.704 7
2.596 2.372 2.0869999 5
2.575 2.385 1.952 7
2.5680001 2.408 1.83 7
2.5550001 2.427 1.722 6
2.556 2.437 2.096 6
2.54 2.46 1.967 6
2.5380001 2.4920001 1.85 7
2.5220001 2.513 1.743 7
2.526 2.513 2.1140001 5
2.517 2.5480001 1.993 6
2.4960001 2.5669999 1.864 7
2.4809999 2.596 1.761 6
2.4960001 2.592 2.135 6
2.473 2.618 2.0050001 7
2.4619999 2.654 1.888 7
2.448 2.687 1.785 6
2.4590001 2.6630001 2.1489999 6
2.434 2.6930001 2.0220001 7
2.4260001 2.74 1.91 7
2.408 2.7750001 1.807 6
2.425 2.7409999 2.1689999 6
2.402 2.78 2.0469999 6
2.3870001 2.8239999 1.931 6
2.3729999 2.8699999 1.835 6
2.395 2.823 2.1930001 5
2.369 2.8670001 2.072 7
2.352 2.918 1.96 7
2.3340001 2.964 1.862 6
2.3599999 2.9059999 2.217 7
2.325 2.944 2.0910001 7
2.312 3.0079999 1.9859999 6
2.286 3.052 1.885 7
2.3110001 2.971 2.2279999 17
2.293 3.0409999 2.1240001 6
2.2679999 3.096 2.0109999 6
2.2460001 3.155 1.919 6
2.2620001 3.039 2.2409999 53
2.2509999 3.1289999 2.151 6
2.2260001 3.194 2.0439999 5
2.1989999 3.2520001 1.949 6
2.198 3.0899999 2.243 60
2.207 3.2149999 2.1760001 6
2.191 3.3039999 2.0829999 6
2.145 3.3429999 1.976 3
2.1300001 3.132 2.2390001 57
2.164 3.309 2.2079999 9
2.1359999 3.3900001 2.108 6
2.098 3.451 2.013 3
2.062 3.174 2.2360001 55
2.1059999 3.3789999 2.223 48
2.095 3.5009999 2.1489999 6
2.0569999 3.572 2.0580001 3
1.9910001 3.214 2.2309999 59
2.03 3.4260001 2.2249999 57
2.043 3.6010001 2.1830001 7
2.0050001 3.6849999 2.0999999 4
1.9220001 3.256 2.2309999 60
1.954 3.471 2.2249999 57
1.98 3.687 2.21 31
1.942 3.7820001 2.1329999 3
1.841 3.276 2.2149999 53
1.8710001 3.5039999 2.22 57
1.891 3.727 2.21 55
1.893 3.918 2.1889999 4
1.776 3.3239999 2.22 60
1.7869999 3.5369999 2.2160001 56
1.8 3.7609999 2.2079999 53
1.8150001 3.9990001 2.214 48
1.704 3.3610001 2.2190001 59
1.697 3.552 2.2019999 53
1.71 3.8 2.21 55
1.707 4.0139999 2.204 47
1.63 3.395 2.2149999 59
1.623 3.602 2.211 56
1.601 3.789 2.184 44
1.6059999 4.0430002 2.2030001 48
1.5599999 3.4330001 2.2160001 55
1.541 3.6300001 2.207 55
1.522 3.848 2.201 58
1.49 4.0300002 2.181 39
1.483 3.4590001 2.21 56
1.457 3.6600001 2.2060001 54
1.426 3.8659999 2.194 55
0 0 0 0
1.41 3.4920001 2.2090001 55
1.37 3.6789999 2.198 55
1.332 3.885 2.1900001 42
0.19400001 0.61400002 0.329 11
1.334 3.5220001 2.2079999 53
1.285 3.7030001 2.1960001 54
0 0 0 0
0.176 0.60799998 0.324 11
1.255 3.5409999 2.201 55
0 0 0 0
0.177 0.61000001 0.34 10
0.15800001 0.60100001 0.31900001 11
0 0 0 0
0.17900001 0.60399997 0.35299999 11
0.15899999 0.60000002 0.333 9
0.98199999 4.1279998 2.184 4
0.186 0.60600001 0.37 11
0.163 0.59799999 0.347 8
0.145 0.60100001 0.331 3
0.87699997 4.1149998 2.171 2
0.169 0.59899998 0.36300001 12
0.147 0.59100002 0.34099999 6
0.86000001 3.9590001 2.178 4
0 0 0 0
0.152 0.58700001 0.354 12
0.861 3.8050001 2.1889999 4
0.76599997 3.9630001 2.1730001 51
0.118 0.72600001 0.38100001 1
0.14 0.59100002 0.354 1
0.773 3.813 2.184 53
0 0 0 0
0.105 0.76099998 0.40000001 1
0.78500003 3.6689999 2.1849999 5
0.68400002 3.8199999 2.1800001 49
0.104 0.722 0.39399999 1
0.093000002 0.81400001 0.428 6
0.70599997 3.6889999 2.1849999 58
0.59799999 3.836 2.181 53
0.088 0.73000002 0.398 2
0.071000002 0.79799998 0.419 9
0.62599999 3.7049999 2.184 56
0.51099998 3.8399999 2.178 55
0.079000004 0.81 0.44100001 5
0.052999999 0.80199999 0.42199999 6
0.546 3.717 2.1800001 55
0.426 3.852 2.178 55
0.059 0.79500002 0.433 9
0.033 0.801 0.42199999 5
0.465 3.7290001 2.1789999 53
0.33899999 3.8529999 2.175 54
0.039999999 0.78500003 0.428 11
0.014 0.79299998 0.419 5
0.38499999 3.7460001 2.1800001 57
0 0 0 0
0.022 0.78100002 0.426 12
-0.0040000002 0.79699999 0.42300001 5
0.30199999 3.75 2.1760001 58
0.033 0.77399999 0.435 3
0.003 0.773 0.42199999 8
-0.023 0.78500003 0.41800001 3
0.22 3.767 2.181 59
0.015 0.76599997 0.43099999 8
-0.014 0.764 0.41800001 7
-0.037999999 0.71499997 0.382 1
0.13699999 3.767 2.1760001 58
-0.001 0.76300001 0.42899999 11
-0.032000002 0.77399999 0.42500001 5
-0.039999999 0.52200001 0.28 9
0.056000002 3.77 2.1730001 53
-0.017999999 0.75800002 0.42699999 12
-0.046999998 0.727 0.40000001 5
-0.052000001 0.51499999 0.278 9
-0.0049999999 0.77200001 0.44400001 3
-0.035 0.75 0.42300001 8
-0.046 0.52600002 0.28999999 8
0 0 0 0
-0.021 0.75199997 0.433 12
-0.041000001 0.59399998 0.33500001 11
0 0 0 0
-0.074000001 0.495 0.271 9
-0.037999999 0.75199997 0.43200001 9
-0.048 0.52200001 0.296 8
-0.068999998 0.51099998 0.285 7
0 0 0 0
-0.039999999 0.54699999 0.315 11
0 0 0 0
0 0 0 0
-0.097000003 0.48899999 0.271 9
-0.048999999 0.51700002 0.29699999 9
-0.071000002 0.51200002 0.292 8
-0.090999998 0.50199997 0.28299999 7
0 0 0 0
0 0 0 0
0 0 0 0
0 0 0 0
0 0 0 0
-0.071000002 0.51300001 0.296 9
-0.093000002 0.50300002 0.289 7
0 0 0 0
0 0 0 0
0 0 0 0
0 0 0 0
0 0 0 0
0 0 0 0
-0.093000002 0.50199997 0.29100001 9
-0.16500001 0.713 0.414 5
0 0 0 0
0 0 0 0
0 0 0 0
0 0 0 0
0 0 0 0
0 0 0 0
-0.16500001 0.70999998 0.41499999 13
-0.199 0.70899999 0.417 2
0 0 0 0
0 0 0 0
-0.17900001 0.70099998 0.41100001 11
-0.211 0.69099998 0.40900001 0
0 0 0 0
-0.264 0.64999998 0.39300001 0
-0.198 0.70700002 0.417 4
-0.23 0.69800001 0.417 0
0 0 0 0
0 0 0 0
0 0 0 0
-0.23800001 0.67000002 0.403 0
-0.26100001 0.63800001 0.38999999 0
-0.29699999 0.64300001 0.40000001 0
-0.23 0.70099998 0.41800001 1
-0.228 0.59899998 0.36399999 0
0 0 0 0
0 0 0 0
-0.244 0.69099998 0.41499999 0
-0.259 0.63700002 0.38999999 0
0 0 0 0
0 0 0 0
-0.229 0.60500002 0.366 0
0 0 0 0
0 0 0 0
0 0 0 0
-0.252 0.62400001 0.38 0
0 0 0 0
0 0 0 0
0 0 0 0
0 0 0 0
-0.308 0.63 0.39899999 0
0 0 0 0
0 0 0 0
0 0 0 0
0 0 0 0
0 0 0 0
0 0 0 0
0 0 0 0
0 0 0 0
0 0 0 0
0 0 0 0
-0.31400001 0.61199999 0.38699999 0
0 0 0 0
0 0 0 0
-0.41800001 0.58399999 0.41800001 2
-0.34200001 0.62900001 0.403 0
0 0 0 0
0 0 0 0
-0.433 0.57599998 0.421 5
0 0 0 0
0 0 0 0
-0.414 0.57999998 0.41299999 0
-0.44600001 0.56599998 0.42300001 9
0 0 0 0
0 0 0 0
-0.43000001 0.57499999 0.417 1
-0.461 0.55800003 0.426 13
0 0 0 0
0 0 0 0
-0.44999999 0.57200003 0.42399999 5
-0.47799999 0.55199999 0.43200001 13
0 0 0 0
0 0 0 0
-0.46700001 0.56699997 0.428 5
-0.49200001 0.542 0.43399999 12
0 0 0 0
0 0 0 0
-0.47099999 0.546 0.42199999 12
-0.51300001 0.53899997 0.44299999 6
0 0 0 0
-0.46599999 0.57300001 0.42300001 1
-0.49200001 0.54400003 0.43000001 10
-0.53399998 0.53600001 0.45199999 1
0 0 0 0
-0.46900001 0.55000001 0.41499999 5
-0.50599998 0.53399998 0.43200001 10
-2.6500001 2.5380001 2.2030001 6
0 0 0 0
-0.49599999 0.55500001 0.42699999 4
-0.528 0.53299999 0.442 9
-2.7049999 2.473 2.2090001 55
-2.4760001 2.9200001 2.1389999 0
-0.5 0.53399998 0.421 11
-0.54500002 0.52499998 0.447 5
-2.7550001 2.405 2.2119999 56
-2.552 2.8740001 2.1459999 0
-0.52100003 0.53100002 0.428 14
-0.56099999 0.51599997 0.45100001 0
-2.7980001 2.332 2.2119999 56
0 0 0 0
-0.537 0.523 0.43200001 14
-2.8039999 2.464 2.2149999 5
-2.8469999 2.2639999 2.217 55
-0.523 0.537 0.41800001 5
-0.55699998 0.51899999 0.43799999 7
-2.849 2.3900001 2.2119999 51
-2.8859999 2.188 2.2160001 54
-0.53799999 0.528 0.41999999 6
-0.57599998 0.51200002 0.44400001 5
-2.898 2.3210001 2.214 51
-2.928 2.1159999 2.2179999 55
-0.551 0.51599997 0.421 11
-0.58999997 0.50099999 0.447 1
-2.9489999 2.2520001 2.2179999 51
-2.9690001 2.0439999 2.2219999 54
-0.56900001 0.50800002 0.42500001 14
-2.977 2.4119999 2.2149999 4
-2.9949999 2.181 2.22 50
-3.0090001 1.971 2.2260001 54
-0.588 0.50099999 0.43000001 15
-3.0350001 2.345 2.2190001 56
-3.0420001 2.1110001 2.224 51
-3.0439999 1.897 2.227 53
-0.60500002 0.49200001 0.43399999 13
-3.0840001 2.273 2.2190001 54
-3.0840001 2.036 2.2249999 49
-3.0780001 1.822 2.2290001 54
-0.62400001 0.484 0.43900001 6
-3.1359999 2.2019999 2.2219999 54
-3.1300001 1.966 2.2309999 53
-3.105 1.743 2.227 55
-0.648 0.479 0.44800001 1
-3.1900001 2.131 2.2260001 55
-3.1689999 1.891 2.233 52
-3.1400001 1.67 2.233 55
-3.2520001 2.2880001 2.211 8
-3.237 2.056 2.2279999 55
-3.204 1.814 2.233 50
-3.1700001 1.595 2.2360001 54
-3.3080001 2.214 2.2130001 61
-3.2780001 1.978 2.227 54
-3.2420001 1.739 2.2360001 52
-3.2 1.52 2.24 54
-2.086 1.327 1.374 0
-3.325 1.903 2.2309999 55
-3.276 1.6619999 2.2390001 51
-3.2260001 1.444 2.243 54
-2.112 1.275 1.3710001 1
-3.368 1.826 2.234 54
-3.306 1.5829999 2.2390001 50
-3.221 1.3559999 2.2260001 51
-3.4660001 1.984 2.22 43
-3.408 1.748 2.2360001 55
-3.115 1.406 2.0929999 32
-3.006 1.187 2.0650001 44
-3.4430001 1.865 2.1760001 45
-3.22 1.558 2.0910001 34
-3.323 1.41 2.2160001 40
-3.283 1.211 2.244 56
-3.5739999 1.829 2.2309999 58
-3.4890001 1.591 2.244 56
-3.1059999 1.235 2.0569999 150
-3.293 1.131 2.24 133
-3.6300001 1.751 2.24 49
-3.773 1.6160001 2.405 58
-3.7119999 1.3789999 2.4430001 76
-2.967 0.94599998 2.0109999 18
-3.977 1.8049999 2.428 54
-3.0079999 1.206 1.901 7
-3.7739999 1.306 2.4690001 57
-2.8199999 0.829 1.905 2
-4.0419998 1.721 2.4430001 52
-3.911 1.465 2.4530001 59
-2.954 0.94700003 1.923 5
-3.675 0.99199998 2.4749999 61
-3.01 1.198 1.802 1
-3.9489999 1.376 2.4590001 60
-3.832 1.1339999 2.483 59
-3.6919999 0.90899998 2.48 62
-4.1259999 1.531 2.448 49
-2.9560001 0.954 1.83 7
-2.816 0.764 1.817 1
-2.8110001 0.62599999 1.885 5
-4.1739998 1.438 2.4560001 53
-4.0240002 1.197 2.4749999 62
-3.855 0.95300001 2.4790001 57
-3.7160001 0.741 2.4879999 61
-2.947 0.93800002 1.722 4
-4.0489998 1.103 2.4779999 62
-2.8039999 0.62599999 1.798 6
-3.727 0.65799999 2.493 60
-2.823 0.82599998 1.638 1
-4.0739999 1.01 2.4820001 65
-3.898 0.778 2.493 59
-3.7260001 0.57200003 2.4909999 61
-4.2839999 1.1440001 2.471 50
-2.8080001 0.62699997 1.7029999 7
-3.9059999 0.68900001 2.494 61
-2.6199999 0.34299999 1.752 5
-4.322 1.045 2.4790001 56
-2.8 0.55800003 1.693 5
-3.8989999 0.597 2.4849999 59
-3.73 0.405 2.4949999 61
-2.806 0.60799998 1.602 7
-4.1269999 0.72299999 2.4879999 63
-2.6170001 0.34 1.6670001 6
-3.723 0.32100001 2.4920001 61
-4.3639998 0.838 2.4809999 54
-4.1409998 0.62699997 2.4909999 62
-3.9300001 0.421 2.5020001 57
-3.724 0.23899999 2.4960001 64
-4.3800001 0.73400003 2.4809999 55
-2.5880001 0.331 1.554 11
-3.931 0.331 2.503 58
-3.704 0.156 2.487 65
-4.395 0.62900001 2.4820001 55
-4.1659999 0.435 2.4979999 62
-3.9330001 0.243 2.506 58
-2.5599999 0.050999999 1.723 6
-2.608 0.31 1.469 5
-4.1729999 0.338 2.5009999 62
-3.9289999 0.154 2.506 58
-3.7090001 -0.0060000001 2.503 58
-4.4239998 0.41999999 2.4879999 55
-4.1700001 0.241 2.4990001 62
-2.5569999 0.041999999 1.633 5
-3.701 -0.086000003 2.506 55
-4.4289999 0.31400001 2.4890001 54
-2.573 0.088 1.543 0
-3.9119999 -0.022 2.5050001 57
-3.6930001 -0.167 2.51 57
-4.4349999 0.20900001 2.49 54
-4.1529999 0.046999998 2.493 60
-3.901 -0.109 2.5039999 57
-3.6760001 -0.24699999 2.5079999 56
-2.546 0.057999998 1.4299999 40
-4.1170001 -0.048 2.4749999 62
-3.9159999 -0.198 2.5209999 55
-3.664 -0.32600001 2.51 52
-4.4330001 -0.0020000001 2.4920001 53
-3.994 -0.138 2.4059999 141
-3.8970001 -0.285 2.5179999 55
-3.6440001 -0.405 2.5090001 53
-4.434 -0.108 2.4960001 54
-4.1620002 -0.241 2.5139999 59
-3.885 -0.37200001 2.5209999 54
-3.6329999 -0.484 2.5139999 57
-4.4299998 -0.214 2.4990001 54
-4.1469998 -0.33700001 2.513 58
-3.872 -0.45899999 2.5239999 58
-3.6159999 -0.56099999 2.517 53
-4.421 -0.31999999 2.5009999 54
-4.1329999 -0.43200001 2.5139999 60
-3.855 -0.54400003 2.5250001 57
-3.598 -0.639 2.52 55
-4.4159999 -0.426 2.506 54
-4.1160002 -0.528 2.5150001 58
-3.8410001 -0.63 2.53 57
-3.5769999 -0.71499997 2.5220001 55
-4.3979998 -0.53100002 2.507 54
-4.1069999 -0.62300003 2.5220001 60
-3.823 -0.71600002 2.5339999 57
-3.556 -0.79100001 2.5239999 57
-4.382 -0.63599998 2.5090001 53
-4.099 -0.72000003 2.5309999 62
-3.806 -0.801 2.5380001 58
-3.529 -0.866 2.5239999 57
-4.3699999 -0.74199998 2.5150001 55
-4.0760002 -0.81400001 2.5320001 62
-3.78 -0.884 2.5380001 58
-3.5109999 -0.94199997 2.5309999 58
-4.349 -0.84600002 2.5179999 55
-4.0479999 -0.90600002 2.5309999 59
-3.7539999 -0.96600002 2.54 56
-3.4849999 -1.016 2.533 57
-4.323 -0.94999999 2.5190001 56
-4.0250001 -0.99900001 2.536 62
-3.73 -1.05 2.5439999 57
-3.4519999 -1.087 2.5309999 52
-4.3000002 -1.053 2.5239999 55
-4.0040002 -1.094 2.5420001 62
-3.694 -1.1289999 2.5409999 57
-3.438 -1.165 2.5439999 56
-4.2719998 -1.156 2.527 55
-3.9649999 -1.182 2.539 62
-3.6760001 -1.215 2.552 57
-3.404 -1.235 2.543 56
-4.2379999 -1.257 2.5280001 55
-3.937 -1.274 2.543 62
-3.6489999 -1.296 2.5580001 58
-3.372 -1.306 2.5450001 58
-4.2030001 -1.357 2.53 55
-3.9070001 -1.365 2.549 62
-3.602 -1.37 2.55 56
-3.335 -1.374 2.543 57
-4.1719999 -1.459 2.5369999 55
-3.868 -1.4529999 2.549 62
-3.569 -1.449 2.553 57
-3.3010001 -1.443 2.5450001 57
-4.1339998 -1.559 2.5409999 54
-3.8280001 -1.54 2.55 62
-3.533 -1.527 2.556 56
-3.2579999 -1.508 2.5409999 53
-4.0869999 -1.654 2.54 55
-3.7839999 -1.625 2.549 62
-3.4879999 -1.601 2.553 56
-3.2290001 -1.579 2.549 49
-4.0419998 -1.751 2.543 55
-3.733 -1.7079999 2.5469999 59
-3.4549999 -1.6799999 2.5610001 55
-3.1919999 -1.646 2.5510001 43
-3.9890001 -1.8430001 2.543 49
-3.694 -1.795 2.553 54
-3.4119999 -1.753 2.5610001 49
-3.152 -1.712 2.552 39
-3.9460001 -1.9400001 2.549 49
-3.6589999 -1.883 2.563 46
-3.3740001 -1.83 2.5669999 43
-3.1129999 -1.777 2.5550001 31
-3.8900001 -2.0309999 2.55 38
-3.6010001 -1.96 2.5580001 40
-3.339 -1.9069999 2.576 33
-3.076 -1.844 2.5599999 23
-3.842 -2.125 2.5569999 32
-3.5469999 -2.0380001 2.5569999 31
-3.2909999 -1.979 2.5780001 24
-3.0350001 -1.9069999 2.562 20
-3.7869999 -2.2149999 2.5599999 25
-3.506 -2.125 2.5680001 23
-3.234 -2.043 2.572 19
-2.9949999 -1.972 2.5669999 19
-3.737 -2.3080001 2.569 17
-3.457 -2.2060001 2.573 20
-3.1960001 -2.119 2.582 18
-2.951 -2.0350001 2.5710001 18
-3.671 -2.392 2.569 17
-3.3989999 -2.2820001 2.5739999 19
-3.141 -2.1849999 2.5810001 18
-2.901 -2.092 2.5680001 19
-3.619 -2.484 2.579 16
-3.3440001 -2.359 2.5780001 20
-3.085 -2.2490001 2.5799999 19
-2.8570001 -2.1530001 2.5710001 23
-3.5539999 -2.569 2.5840001 16
-3.29 -2.437 2.5840001 21
-3.0439999 -2.3239999 2.5910001 21
-2.803 -2.2060001 2.5669999 28
-3.4790001 -2.6440001 2.5810001 22
-3.227 -2.5079999 2.585 23
-2.9860001 -2.385 2.5899999 27
-2.7579999 -2.267 2.572 37
0 0 0 0
-3.1459999 -2.5639999 2.572 30
-2.931 -2.4489999 2.592 33
-2.7060001 -2.322 2.572 39
-3.325 -2.79 2.576 3
-3.095 -2.6440001 2.5840001 37
-2.8699999 -2.5079999 2.5910001 38
-2.655 -2.3770001 2.573 41
-3.2579999 -2.8710001 2.5840001 39
-3.0250001 -2.7079999 2.5829999 45
-2.8039999 -2.563 2.586 43
-2.6029999 -2.431 2.575 48
-3.1889999 -2.95 2.5929999 45
-2.9619999 -2.7780001 2.589 52
-2.7460001 -2.6229999 2.589 43
-2.552 -2.4860001 2.5769999 51
-3.1099999 -3.0190001 2.5929999 50
-2.892 -2.8410001 2.5899999 57
-2.6900001 -2.6849999 2.5940001 43
-2.4990001 -2.54 2.5799999 54
-2.835 -2.888 2.428 48
-2.802 -2.8829999 2.573 49
-2.632 -2.7460001 2.5999999 55
-2.4460001 -2.5929999 2.5829999 56
-2.723 -2.911 2.398 45
-2.5710001 -2.77 2.424 53
-2.51 -2.7360001 2.5409999 42
-2.398 -2.651 2.592 58
-2.8410001 -3.188 2.576 22
-2.4749999 -2.7920001 2.398 50
-2.339 -2.6659999 2.431 49
-2.316 -2.6700001 2.5650001 48
-2.7650001 -3.2590001 2.586 51
-2.598 -3.072 2.5910001 59
-2.25 -2.681 2.402 49
-2.138 -2.573 2.4289999 50
-2.6800001 -3.3169999 2.5880001 53
-2.5179999 -3.1210001 2.5880001 60
-2.3199999 -2.892 2.5480001 54
-2.0539999 -2.5810001 2.3970001 53
-2.598 -3.3789999 2.5940001 52
-2.4400001 -3.171 2.5880001 60
-2.299 -2.9979999 2.599 56
-2.0880001 -2.74 2.5039999 51
-2.51 -3.4330001 2.595 52
-2.3610001 -3.22 2.5880001 58
-2.224 -3.036 2.5929999 55
-1.931 -2.6470001 2.3829999 50
-2.3789999 -3.424 2.553 46
-2.2869999 -3.2750001 2.5929999 57
-2.152 -3.079 2.5910001 55
-1.877 -2.6900001 2.3859999 52
-2.207 -3.345 2.46 45
-2.2060001 -3.319 2.5929999 58
-2.089 -3.132 2.599 56
-1.8200001 -2.7279999 2.3870001 52
-2.0450001 -3.267 2.3729999 46
-2.072 -3.279 2.529 48
-1.999 -3.1440001 2.575 57
-1.762 -2.766 2.3870001 52
-1.901 -3.207 2.303 43
-1.931 -3.2179999 2.4519999 49
-1.798 -2.971 2.4030001 48
-1.707 -2.8069999 2.392 51
-1.771 -3.158 2.243 40
-1.796 -3.155 2.3770001 47
-1.733 -3.01 2.4059999 48
-1.649 -2.845 2.395 51
-1.635 -3.0880001 2.1719999 42
-1.673 -3.1040001 2.313 47
-1.679 -3.0710001 2.4260001 49
-1.589 -2.8800001 2.3959999 50
-1.349 -2.704 1.8839999 0
-1.415 -2.7750001 2.0480001 1
-1.5829999 -3.0539999 2.3870001 47
-1.529 -2.914 2.3970001 45
-1.323 -2.8180001 1.948 0
-1.331 -2.766 2.0220001 1
-1.462 -2.9779999 2.3050001 9
-1.471 -2.951 2.401 47
-1.27 -2.8829999 1.977 43
-1.304 -2.8770001 2.085 5
-1.316 -2.8369999 2.175 0
-1.327 -2.8099999 2.263 1
-1.1720001 -2.842 1.936 41
-1.214 -2.852 2.05 38
-1.252 -2.8610001 2.174 39
-1.288 -2.882 2.299 15
-1.077 -2.8 1.895 39
-1.1210001 -2.8110001 2.006 39
-1.165 -2.829 2.131 38
-1.2029999 -2.8510001 2.253 44
-0.98500001 -2.7579999 1.8559999 37
-1.033 -2.773 1.965 36
-1.076 -2.7869999 2.0829999 36
-1.118 -2.812 2.2030001 42
-0.90100002 -2.7260001 1.825 36
-0.94800001 -2.7360001 1.927 38
-0.991 -2.744 2.0350001 35
-1.0369999 -2.7780001 2.158 41
-0.81699997 -2.6860001 1.791 35
-0.86900002 -2.707 1.896 39
-0.91600001 -2.721 2.0039999 38
-0.95700002 -2.7379999 2.1099999 39
-0.73799998 -2.654 1.763 35
-0.792 -2.675 1.864 39
-0.83899999 -2.6849999 1.966 32
-0.88 -2.7 2.0650001 39
-0.66299999 -2.6229999 1.737 38
-0.71399999 -2.6329999 1.826 35
-0.76599997 -2.6570001 1.934 38
-0.81 -2.6730001 2.0309999 38
-0.58899999 -2.5910001 1.712 37
-0.64200002 -2.6029999 1.798 38
-0.69599998 -2.6289999 1.903 41
-0.74199998 -2.652 2.0009999 36
-0.51700002 -2.5539999 1.6849999 45
-0.574 -2.5799999 1.776 44
-0.62800002 -2.598 1.872 41
-0.67400002 -2.619 1.964 38
-0.44999999 -2.5339999 1.67 49
-0.50700003 -2.549 1.75 44
-0.56 -2.562 1.8380001 38
-0.60900003 -2.5899999 1.932 38
-0.384 -2.5009999 1.647 48
-0.44100001 -2.5190001 1.726 49
-0.49700001 -2.54 1.814 44
-0.54500002 -2.5639999 1.902 46
-0.31799999 -2.4660001 1.624 44
-0.37799999 -2.4920001 1.704 47
-0.43399999 -2.5109999 1.7869999 48
-0.484 -2.5380001 1.873 49
-0.257 -2.444 1.61 48
-0.317 -2.467 1.6849999 52
-0.375 -2.4909999 1.768 50
-0.42399999 -2.5109999 1.845 48
0 0 0 0
-0.257 -2.4419999 1.666 54
-0.315 -2.464 1.744 53
-0.36500001 -2.4790001 1.814 47
-0.13699999 -2.3829999 1.575 10
-0.198 -2.4159999 1.649 40
-0.25799999 -2.4360001 1.721 39
-0.30899999 -2.457 1.791 58
-0.079999998 -2.3629999 1.566 55
-0.141 -2.3800001 1.625 12
-0.20100001 -2.4070001 1.698 47
-0.255 -2.444 1.776 40
-0.023 -2.342 1.556 58
-0.086000003 -2.3599999 1.612 53
-0.148 -2.3959999 1.688 52
-0.2 -2.4100001 1.747 52
0.030999999 -2.3169999 1.545 60
-0.032000002 -2.335 1.598 53
-0.093999997 -2.3729999 1.671 63
-0.147 -2.385 1.725 53
0.083999999 -2.28 1.527 71
0.02 -2.3150001 1.587 60
-0.041999999 -2.342 1.649 59
-0.096000001 -2.3699999 1.71 53
0.13699999 -2.2579999 1.5190001 62
0.071000002 -2.273 1.562 74
0.0089999996 -2.3169999 1.632 54
-0.045000002 -2.3440001 1.688 66
0.18799999 -2.2360001 1.512 65
0.123 -2.263 1.5599999 74
0.059 -2.296 1.618 62
0.0040000002 -2.325 1.673 69
0.23800001 -2.21 1.503 73
0.17299999 -2.244 1.551 80
0.109 -2.2709999 1.602 63
0.052999999 -2.302 1.655 71
0 0 0 0
0.221 -2.217 1.539 66
0.156 -2.243 1.585 75
0.102 -2.28 1.6390001 62
0 0 0 0
0 0 0 0
0.204 -2.2249999 1.576 72
0.149 -2.2539999 1.62 67
0 0 0 0
0 0 0 0
0.25099999 -2.201 1.562 25
0.19499999 -2.227 1.602 85
0 0 0 0
0 0 0 0
0 0 0 0
0.241 -2.21 1.591 74
0 0 0 0
0 0 0 0
0 0 0 0
0 0 0 0
0 0 0 0
0 0 0 0
0 0 0 0
0 0 0 0
0 0 0 0
0 0 0 0
0 0 0 0
0 0 0 0
0 0 0 0
0 0 0 0
0 0 0 0
0 0 0 0
0 0 0 0
0 0 0 0
0 0 0 0
0 0 0 0
0 0 0 0
0 0 0 0
0 0 0 0
0 0 0 0
0 0 0 0
0 0 0 0
0 0 0 0
0 0 0 0
0 0 0 0
0 0 0 0
0 0 0 0
0 0 0 0
0 0 0 0
0 0 0 0
0 0 0 0
0 0 0 0
0 0 0 0
0 0 0 0
0 0 0 0
0 0 0 0
0 0 0 0
0 0 0 0
0 0 0 0
0 0 0 0
0.345 -0.66500002 0.53500003 0
0 0 0 0
0 0 0 0
0 0 0 0
0 0 0 0
0 0 0 0
0 0 0 0
0 0 0 0
0 0 0 0
0 0 0 0
0 0 0 0
0 0 0 0
0 0 0 0
0.36399999 -0.65799999 0.53600001 0
0 0 0 0
0 0 0 0
0 0 0 0
0 0 0 0
0.352 -0.66500002 0.53100002 0
0 0 0 0
0 0 0 0
0 0 0 0
0 0 0 0
0.34 -0.66000003 0.51899999 0
0 0 0 0
0 0 0 0
0.38499999 -0.65399998 0.53600001 0
0.36000001 -0.662 0.52600002 1
0 0 0 0
0 0 0 0
0.39300001 -0.63599998 0.528 0
0.377 -0.65799999 0.528 0
0 0 0 0
0 0 0 0
0 0 0 0
0 0 0 0
0 0 0 0
0 0 0 0
0 0 0 0
0 0 0 0
0 0 0 0
0 0 0 0
0 0 0 0
0 0 0 0
0 0 0 0
0 0 0 0
0 0 0 0
0 0 0 0
1.524 -1.63 1.656 50
0 0 0 0
0 0 0 0
0 0 0 0
0 0 0 0
1.478 -1.656 1.6059999 6
0 0 0 0
0 0 0 0
0 0 0 0
1.518 -1.627 1.612 61
1.431 -1.67 1.551 24
0 0 0 0
0 0 0 0
0 0 0 0
1.482 -1.654 1.566 70
0 0 0 0
0 0 0 0
0 0 0 0
1.523 -1.625 1.571 45
1.467 -1.678 1.5319999 0
0 0 0 0
0 0 0 0
0 0 0 0
1.515 -1.658 1.5420001 21
0 0 0 0
0 0 0 0
0 0 0 0
0 0 0 0
1.87 -1.46 1.795 36
0 0 0 0
0 0 0 0
0 0 0 0
1.9220001 -1.433 1.8200001 41
0 0 0 0
0 0 0 0
0 0 0 0
1.978 -1.408 1.848 19
1.873 -1.467 1.74 42
0 0 0 0
0 0 0 0
2.0409999 -1.386 1.882 19
1.924 -1.439 1.7589999 53
0 0 0 0
0 0 0 0
2.0969999 -1.357 1.911 17
1.9859999 -1.419 1.789 22
1.885 -1.47 1.683 62
0 0 0 0
0 0 0 0
2.04 -1.39 1.812 23
1.9349999 -1.441 1.698 44
1.859 -1.484 1.615 25
2.22 -1.302 1.978 1
2.1029999 -1.3660001 1.8430001 22
2 -1.4220001 1.727 22
1.906 -1.4529999 1.626 67
2.2839999 -1.273 2.0150001 7
0 0 0 0
2.0610001 -1.396 1.752 24
1.957 -1.424 1.6390001 27
2.3440001 -1.24 2.0480001 15
2.217 -1.304 1.8940001 2
2.115 -1.365 1.771 23
2.026 -1.405 1.668 24
2.4130001 -1.21 2.0899999 17
2.2950001 -1.283 1.938 7
0 0 0 0
2.0799999 -1.374 1.684 24
2.484 -1.178 2.1340001 15
2.3510001 -1.247 1.964 2
2.2390001 -1.307 1.824 1
2.141 -1.346 1.706 23
2.5450001 -1.14 2.1689999 16
2.4189999 -1.215 1.999 22
2.313 -1.2819999 1.86 14
2.2060001 -1.319 1.7309999 22
2.6159999 -1.105 2.214 17
2.4879999 -1.182 2.0369999 21
2.378 -1.25 1.888 20
0 0 0 0
2.6930001 -1.069 2.263 17
2.5569999 -1.147 2.075 21
2.4419999 -1.215 1.9170001 19
2.332 -1.2539999 1.779 2
2.7909999 -1.038 2.332 18
2.628 -1.11 2.1140001 18
2.5109999 -1.1799999 1.95 19
2.405 -1.224 1.811 20
2.846 -0.98900002 2.3640001 8
2.7019999 -1.072 2.1559999 21
2.5910001 -1.147 1.9910001 19
2.4779999 -1.191 1.8430001 21
0 0 0 0
2.7720001 -1.029 2.1949999 20
2.6659999 -1.109 2.0280001 19
2.5480001 -1.153 1.872 21
0.85699999 -0.257 0.70499998 0
2.859 -0.991 2.2479999 18
2.7460001 -1.071 2.0699999 20
2.6259999 -1.117 1.908 22
0.87 -0.23999999 0.71200001 0
2.967 -0.95599997 2.3180001 35
2.8180001 -1.027 2.1059999 19
2.704 -1.0779999 1.944 20
0 0 0 0
0 0 0 0
2.904 -0.98500001 2.1530001 15
2.802 -1.044 1.995 12
0 0 0 0
0.917 -0.25099999 0.70899999 0
3.0090001 -0.94599998 2.214 17
2.872 -0.99599999 2.026 22
0 0 0 0
0 0 0 0
3.1129999 -0.90200001 2.2739999 18
2.9590001 -0.94999999 2.069 21
2.885 -0.53799999 2.3329999 51
0.93000001 -0.212 0.71200001 0
3.2030001 -0.85100001 2.325 44
3.0639999 -0.90700001 2.1259999 19
2.8829999 -0.47400001 2.326 51
3.059 -0.62599999 2.332 52
3.244 -0.78399998 2.3410001 57
3.177 -0.86199999 2.187 18
2.8870001 -0.412 2.325 47
3.0739999 -0.55900002 2.335 73
3.256 -0.70999998 2.3369999 60
3.29 -0.81199998 2.2490001 17
2.8870001 -0.34900001 2.323 51
3.075 -0.49000001 2.3280001 67
3.263 -0.63499999 2.3310001 60
3.4089999 -0.75800002 2.316 29
2.881 -0.287 2.316 51
3.082 -0.42199999 2.3280001 73
3.273 -0.56099999 2.329 55
3.474 -0.68900001 2.3469999 55
2.885 -0.226 2.3180001 50
3.0869999 -0.354 2.3269999 68
3.277 -0.48500001 2.323 56
3.484 -0.60799998 2.3410001 56
2.8829999 -0.164 2.316 51
3.0780001 -0.285 2.316 55
3.286 -0.41100001 2.322 55
3.5 -0.528 2.342 64
2.8759999 -0.103 2.312 54
3.0780001 -0.21699999 2.3139999 58
3.2950001 -0.33700001 2.322 62
3.5109999 -0.44600001 2.3399999 57
2.8729999 -0.041999999 2.3110001 49
3.0810001 -0.15000001 2.3139999 57
3.2950001 -0.26199999 2.3169999 53
3.5150001 -0.36399999 2.3340001 56
2.8729999 0.017999999 2.313 51
3.0739999 -0.082000002 2.309 57
3.296 -0.18799999 2.3150001 55
3.53 -0.28400001 2.3380001 61
2.8659999 0.078000002 2.3110001 55
3.0739999 -0.015 2.309 55
3.302 -0.113 2.316 57
3.5280001 -0.20100001 2.3310001 55
2.8540001 0.138 2.306 58
3.0739999 0.050999999 2.3099999 57
3.3010001 -0.039000001 2.3139999 63
3.53 -0.119 2.329 55
2.848 0.198 2.306 53
3.066 0.118 2.3080001 64
3.2950001 0.035 2.3099999 60
3.536 -0.037 2.3310001 56
2.835 0.257 2.302 53
3.053 0.185 2.3010001 64
3.2920001 0.11 2.309 58
3.52 0.044 2.319 65
2.826 0.31600001 2.3010001 57
3.049 0.252 2.303 63
3.289 0.184 2.309 59
3.526 0.127 2.3239999 58
2.8210001 0.375 2.3050001 62
3.0380001 0.31799999 2.3010001 60
3.2709999 0.25799999 2.3 56
3.5150001 0.20900001 2.3180001 73
2.799 0.43200001 2.2950001 56
3.0250001 0.38299999 2.2980001 70
3.2679999 0.33199999 2.303 63
3.5009999 0.28999999 2.312 62
2.786 0.49000001 2.2950001 58
3.016 0.449 2.2980001 70
3.25 0.405 2.2969999 60
3.4809999 0.37 2.303 53
2.77 0.54699999 2.293 66
2.993 0.51300001 2.29 65
3.237 0.47799999 2.2939999 70
3.448 0.449 2.2869999 46
2.7520001 0.60399997 2.289 60
2.983 0.57800001 2.2920001 73
3.2249999 0.55199999 2.2950001 72
3.4260001 0.528 2.279 36
2.7379999 0.66100001 2.29 60
2.97 0.64399999 2.2939999 77
3.207 0.62400001 2.2909999 69
3.385 0.60299999 2.2609999 33
2.721 0.71700001 2.289 63
2.947 0.70599997 2.2880001 77
3.184 0.69499999 2.2869999 68
3.3540001 0.67900002 2.2509999 34
2.704 0.773 2.2880001 61
2.928 0.76999998 2.2869999 68
3.175 0.76899999 2.2920001 73
3.3199999 0.75400001 2.2390001 34
2.674 0.82499999 2.2780001 53
2.9089999 0.833 2.286 79
3.1489999 0.83899999 2.2869999 68
3.283 0.82700002 2.227 34
2.6600001 0.88200003 2.2820001 70
2.8859999 0.89499998 2.2839999 66
3.1229999 0.90899998 2.283 76
3.2520001 0.90100002 2.22 33
2.642 0.93699998 2.283 62
2.8610001 0.95599997 2.2809999 76
3.1059999 0.98100001 2.2869999 65
3.221 0.97500002 2.214 34
2.612 0.98799998 2.2750001 62
2.8380001 1.018 2.28 72
3.0780001 1.05 2.2839999 77
3.1819999 1.045 2.2030001 33
2.592 1.0420001 2.276 62
2.8139999 1.079 2.28 76
3.0480001 1.118 2.28 67
3.151 1.118 2.201 33
2.5669999 1.095 2.2739999 63
2.7869999 1.14 2.279 71
3.017 1.186 2.2780001 73
3.1199999 1.191 2.1989999 33
2.5409999 1.147 2.273 63
2.7609999 1.2 2.279 70
2.9879999 1.253 2.277 77
3.0829999 1.261 2.194 32
2.52 1.201 2.276 62
2.73 1.258 2.276 69
2.95 1.318 2.2720001 62
3.059 1.336 2.2 33
2.4920001 1.251 2.273 63
2.6949999 1.314 2.2709999 74
2.9159999 1.383 2.2709999 68
3.0209999 1.406 2.197 34
2.461 1.3 2.2690001 63
2.6659999 1.372 2.2709999 72
2.881 1.448 2.2690001 67
2.9879999 1.477 2.1989999 33
2.4319999 1.35 2.267 48
2.631 1.428 2.2679999 62
2.8440001 1.511 2.267 71
2.9590001 1.551 2.2049999 33
2.405 1.401 2.2690001 63
2.595 1.483 2.2650001 71
2.8080001 1.576 2.2679999 78
2.9230001 1.622 2.2090001 33
2.3729999 1.449 2.266 62
2.562 1.539 2.2650001 71
2.7679999 1.637 2.266 69
2.8859999 1.692 2.2119999 33
2.3399999 1.497 2.263 61
2.5220001 1.591 2.26 63
2.723 1.697 2.263 69
2.849 1.762 2.217 28
2.3099999 1.546 2.263 70
2.483 1.643 2.257 75
2.6819999 1.757 2.2620001 71
2.8239999 1.842 2.233 8
2.2690001 1.5880001 2.2539999 66
2.447 1.698 2.2579999 72
2.6370001 1.8150001 2.26 65
2.7869999 1.913 2.2409999 11
2.24 1.637 2.2579999 58
2.411 1.752 2.26 70
2.5869999 1.87 2.2550001 67
2.7449999 1.9809999 2.2460001 30
2.207 1.684 2.2579999 65
2.3699999 1.803 2.2579999 69
2.5450001 1.9299999 2.257 70
2.694 2.0439999 2.2460001 45
2.168 1.727 2.253 68
2.3329999 1.8559999 2.2609999 64
2.493 1.982 2.253 71
2.652 2.1129999 2.2550001 48
2.132 1.772 2.2520001 65
2.2869999 1.904 2.257 68
2.4330001 2.027 2.2409999 56
2.602 2.177 2.2590001 61
2.095 1.816 2.2509999 65
2.234 1.943 2.2460001 63
2.3840001 2.0799999 2.2409999 61
2.5420001 2.2320001 2.2550001 59
2.0569999 1.86 2.25 64
2.1900001 1.99 2.2449999 56
2.329 2.1289999 2.237 60
2.4790001 2.283 2.25 60
2.0190001 1.903 2.2490001 67
2.1440001 2.036 2.243 56
2.279 2.1819999 2.2379999 62
2.421 2.339 2.25 61
1.978 1.943 2.247 68
2.095 2.079 2.2390001 59
2.2309999 2.2349999 2.2409999 67
2.3599999 2.391 2.2479999 64
1.938 1.985 2.2460001 67
2.0510001 2.1270001 2.2420001 62
2.175 2.2820001 2.24 64
2.2969999 2.4400001 2.2460001 59
1.898 2.026 2.2460001 66
2 2.1670001 2.237 67
2.1159999 2.325 2.2349999 61
2.2320001 2.4879999 2.244 58
1.854 2.0639999 2.2420001 70
1.952 2.21 2.237 68
2.0610001 2.3710001 2.2360001 59
2.161 2.5280001 2.237 59
1.8099999 2.102 2.24 64
1.9 2.2490001 2.234 66
1.999 2.4100001 2.23 53
2.098 2.576 2.2379999 69
1.767 2.1400001 2.2390001 63
1.851 2.2920001 2.2349999 64
1.937 2.448 2.2260001 47
2.033 2.622 2.2390001 65
1.722 2.177 2.237 65
1.8 2.3299999 2.234 65
1.878 2.4890001 2.2260001 57
1.961 2.6570001 2.2320001 72
1.675 2.211 2.233 69
1.745 2.3659999 2.2309999 58
1.817 2.527 2.223 62
1.891 2.6949999 2.23 56
1.633 2.2509999 2.237 67
1.691 2.401 2.2279999 63
1.756 2.5639999 2.2219999 58
1.8200001 2.73 2.2260001 58
1.5829999 2.2809999 2.23 55
1.637 2.4349999 2.2260001 67
1.6950001 2.602 2.223 60
1.75 2.766 2.2249999 65
1.538 2.3180001 2.2320001 61
1.584 2.4719999 2.227 61
1.631 2.6340001 2.22 63
1.677 2.7969999 2.2219999 62
1.49 2.3499999 2.23 63
1.527 2.503 2.2249999 64
1.564 2.6600001 2.214 56
1.6059999 2.829 2.221 61
1.441 2.382 2.2290001 62
1.471 2.536 2.2249999 60
1.502 2.6949999 2.2160001 60
1.533 2.858 2.2190001 57
1.391 2.4130001 2.227 63
1.415 2.5669999 2.2249999 65
1.437 2.724 2.214 55
1.46 2.8840001 2.2160001 56
1.339 2.4389999 2.2219999 55
1.3559999 2.5929999 2.22 58
1.368 2.7449999 2.2079999 57
1.388 2.9119999 2.217 64
1.288 2.467 2.22 57
1.298 2.622 2.22 57
1.304 2.7739999 2.2090001 53
1.3150001 2.9360001 2.2149999 63
1.238 2.4990001 2.221 60
1.24 2.6500001 2.22 57
1.238 2.7980001 2.2079999 52
1.237 2.95 2.207 66
1.186 2.526 2.22 64
1.178 2.6689999 2.214 61
1.17 2.8199999 2.2060001 57
1.163 2.971 2.207 73
1.132 2.5480001 2.2149999 57
1.118 2.6919999 2.2119999 61
1.104 2.8429999 2.2060001 53
1.086 2.9820001 2.201 52
1.0779999 2.573 2.2130001 58
1.059 2.7179999 2.214 61
1.034 2.8559999 2.2 57
1.013 3.0020001 2.2030001 53
1.026 2.602 2.217 68
0.99699998 2.7360001 2.2090001 69
0.96799999 2.8800001 2.204 50
0 0 0 0
0.97100002 2.6240001 2.2130001 58
0.935 2.753 2.2060001 60
0 0 0 0
0.16599999 0.58200002 0.42300001 11
0.91600001 2.6459999 2.2119999 49
0 0 0 0
0.16599999 0.57999998 0.43900001 10
0.148 0.57300001 0.41499999 10
0 0 0 0
0.167 0.57499999 0.454 10
0.149 0.56999999 0.42899999 8
0.133 0.56900001 0.41100001 11
0.17200001 0.57700002 0.47400001 9
0.15099999 0.56599998 0.44400001 6
0.134 0.56900001 0.42699999 9
0.118 0.56800002 0.40799999 11
0.156 0.565 0.461 10
0.13600001 0.56 0.43700001 7
0.118 0.56 0.41800001 9
0.102 0.55699998 0.40000001 11
0.14 0.55500001 0.44999999 11
0.122 0.55400002 0.43000001 9
0.103 0.54900002 0.40900001 9
0.086999997 0.546 0.391 11
0.127 0.551 0.44299999 11
0 0 0 0
0.090000004 0.54799998 0.40700001 10
0.072999999 0.54299998 0.389 11
0.114 0.546 0.43700001 11
0.093999997 0.54299998 0.41800001 9
0.075999998 0.542 0.40200001 9
0.059999999 0.53899997 0.38600001 10
0.101 0.54400003 0.43200001 11
0 0 0 0
0 0 0 0
0.26899999 3.0810001 2.21 4
0.086999997 0.53399998 0.42199999 12
0.068000004 0.53299999 0.40799999 9
0.050000001 0.53399998 0.39500001 9
0.19400001 3.0599999 2.197 24
0 0 0 0
0 0 0 0
0.037999999 0.53600001 0.396 9
0.12 3.0510001 2.1949999 42
0.063000001 0.52600002 0.412 11
0.044 0.52499998 0.40000001 9
0 0 0 0
0 0 0 0
0.050999999 0.51999998 0.40599999 11
0 0 0 0
0.013 0.52999997 0.39199999 9
0 0 0 0
0.039000001 0.51800001 0.403 10
0.02 0.52100003 0.39500001 9
0 0 0 0
-0.015 0.50400001 0.366 8
0.028999999 0.52200001 0.405 10
0 0 0 0
-0.0099999998 0.51599997 0.38299999 9
-0.028000001 0.51700002 0.377 10
0 0 0 0
-0.0020000001 0.51700002 0.39300001 9
0 0 0 0
0 0 0 0
0.0060000001 0.51700002 0.39899999 10
0 0 0 0
-0.034000002 0.51200002 0.382 9
-0.052000001 0.51200002 0.377 10
0 0 0 0
-0.025 0.51200002 0.389 9
0 0 0 0
0 0 0 0
-0.015 0.51300001 0.39500001 10
0 0 0 0
-0.056000002 0.50099999 0.377 9
-0.075000003 0.498 0.37200001 9
0 0 0 0
-0.046999998 0.5 0.38100001 9
0 0 0 0
0 0 0 0
-0.037 0.50300002 0.38699999 10
0 0 0 0
-0.079000004 0.495 0.37599999 8
-0.097999997 0.49200001 0.37200001 8
0 0 0 0
-0.068000004 0.48899999 0.375 9
0 0 0 0
-0.64600003 2.8770001 2.197 65
-0.057999998 0.49399999 0.38 10
0 0 0 0
-0.098999999 0.477 0.36700001 4
-0.71200001 2.855 2.2 73
0 0 0 0
-0.090000004 0.486 0.375 9
-0.65600002 2.8329999 2.1949999 56
-0.778 2.8310001 2.2030001 63
-0.079999998 0.491 0.37900001 10
-0.59399998 2.8410001 2.207 36
-0.722 2.819 2.201 62
-0.84100002 2.802 2.204 60
0 0 0 0
-0.65700001 2.825 2.2049999 67
-0.78399998 2.7939999 2.1989999 57
-0.90200001 2.7679999 2.201 64
-0.097000003 0.46599999 0.36199999 2
-0.72000003 2.8099999 2.2060001 70
-0.847 2.77 2.2 51
-0.96499997 2.7379999 2.2019999 72
-0.653 2.819 2.198 11
-0.78100002 2.7850001 2.201 54
-0.90899998 2.7490001 2.2030001 62
-1.022 2.6989999 2.197 64
-0.71600002 2.809 2.197 62
-0.84399998 2.7739999 2.2060001 65
-0.96899998 2.7190001 2.201 64
-1.081 2.664 2.1960001 67
-0.78100002 2.8050001 2.204 49
-0.90499997 2.7509999 2.204 62
-1.026 2.6830001 2.194 59
-1.1390001 2.628 2.1960001 69
-0.84200001 2.783 2.198 56
-0.96399999 2.72 2.197 61
-1.086 2.6559999 2.197 58
-1.197 2.5940001 2.198 71
-0.903 2.7639999 2.1949999 59
-1.026 2.7019999 2.2 67
-1.145 2.6270001 2.198 60
-1.252 2.553 2.1960001 60
-0.96700001 2.7490001 2.197 63
-1.086 2.677 2.201 67
-1.202 2.5940001 2.198 58
-1.309 2.5190001 2.2 60
-1.03 2.7349999 2.2 58
-1.1440001 2.648 2.198 61
-1.263 2.5680001 2.204 57
-1.363 2.4790001 2.201 69
-1.091 2.7130001 2.198 58
-1.2029999 2.622 2.1989999 61
-1.317 2.53 2.201 58
-1.4119999 2.4330001 2.1960001 60
-1.155 2.6960001 2.2019999 60
-1.2640001 2.5969999 2.2030001 70
-1.37 2.493 2.2 54
-1.467 2.3959999 2.201 61
-1.215 2.6700001 2.2 59
-1.319 2.563 2.1989999 62
-1.428 2.461 2.2060001 61
-1.518 2.3540001 2.204 63
-1.276 2.6429999 2.198 60
-1.38 2.5380001 2.2049999 54
-1.478 2.4189999 2.2030001 57
-1.568 2.312 2.2060001 65
-1.336 2.618 2.198 64
-1.436 2.5039999 2.204 69
-1.5319999 2.382 2.2049999 56
-1.618 2.2709999 2.21 66
-1.397 2.5910001 2.1989999 60
-1.49 2.467 2.2019999 62
-1.587 2.348 2.2119999 55
-1.668 2.2290001 2.214 71
-1.455 2.5599999 2.198 62
-1.545 2.4330001 2.2030001 60
-1.635 2.3039999 2.21 59
-1.707 2.174 2.207 71
-1.518 2.536 2.2030001 55
-1.599 2.3970001 2.2030001 62
-1.684 2.2620001 2.21 64
-1.758 2.135 2.2160001 64
-1.575 2.5020001 2.2019999 55
-1.653 2.359 2.204 60
-1.7359999 2.224 2.2160001 59
-1.796 2.082 2.211 55
-1.632 2.4679999 2.201 61
-1.711 2.329 2.2119999 62
-1.781 2.177 2.214 59
-1.8380001 2.033 2.2130001 62
-1.692 2.4360001 2.204 61
-1.757 2.2809999 2.2060001 58
-1.826 2.132 2.214 51
-1.881 1.987 2.2179999 64
-1.748 2.3989999 2.2030001 64
-1.808 2.2409999 2.2060001 60
-1.875 2.0899999 2.221 65
-1.919 1.936 2.217 69
-1.802 2.359 2.201 59
-1.864 2.207 2.2149999 60
-1.919 2.043 2.221 63
-1.956 1.885 2.2179999 68
-1.858 2.322 2.2030001 58
-1.9170001 2.1670001 2.22 64
-1.96 1.994 2.221 57
-1.997 1.837 2.224 65
-1.915 2.2850001 2.207 63
-1.961 2.118 2.2160001 60
-2.0039999 1.947 2.224 56
-2.033 1.7869999 2.2260001 63
-1.967 2.2409999 2.2049999 52
-2.0079999 2.073 2.217 60
-2.0420001 1.897 2.223 59
-2.063 1.7309999 2.223 70
-2.0209999 2.2 2.207 61
-2.0550001 2.026 2.2190001 58
-2.085 1.85 2.2279999 60
-2.0969999 1.679 2.2260001 69
-2.072 2.154 2.207 58
-2.099 1.978 2.2190001 62
-2.1229999 1.799 2.23 62
-2.1259999 1.625 2.2249999 71
-2.1259999 2.1110001 2.21 58
-2.1429999 1.9299999 2.22 60
-2.1559999 1.745 2.227 62
-2.155 1.5700001 2.2249999 63
-2.175 2.0639999 2.211 56
-2.184 1.8789999 2.22 58
-2.1919999 1.693 2.23 60
-2.191 1.521 2.234 59
-2.223 2.0150001 2.211 58
-2.2260001 1.8279999 2.221 58
-2.2290001 1.642 2.233 62
-2.217 1.466 2.234 67
-2.27 1.964 2.21 58
-2.27 1.779 2.2249999 66
-2.2609999 1.5880001 2.234 59
-2.243 1.411 2.2360001 66
-2.319 1.915 2.2130001 53
-2.3069999 1.725 2.224 57
-2.29 1.5319999 2.233 65
-2.2720001 1.358 2.2420001 64
-2.3659999 1.865 2.2160001 49
-2.345 1.6720001 2.2260001 59
-2.3269999 1.4809999 2.24 60
-2.296 1.303 2.244 61
-2.4089999 1.8099999 2.2149999 48
-2.3889999 1.622 2.233 68
-2.3510001 1.423 2.237 62
-2.316 1.247 2.243 63
-2.4590001 1.761 2.2219999 52
-2.4200001 1.564 2.2309999 68
-2.381 1.369 2.24 68
-2.342 1.193 2.2490001 64
-2.4990001 1.704 2.2219999 55
-2.457 1.5089999 2.234 65
-2.411 1.3150001 2.2449999 68
-2.362 1.137 2.2509999 51
-2.5380001 1.646 2.221 53
-2.494 1.455 2.2390001 66
-2.434 1.256 2.2449999 62
-2.381 1.081 2.253 57
-2.582 1.59 2.2260001 56
-2.5239999 1.396 2.2390001 67
-2.4560001 1.198 2.244 68
-2.395 1.023 2.2520001 55
-2.619 1.53 2.2260001 61
-2.553 1.337 2.2390001 62
-2.4879999 1.145 2.2539999 67
-2.414 0.96799999 2.257 57
-2.654 1.469 2.2249999 59
-2.585 1.279 2.243 66
-2.506 1.086 2.2539999 57
-2.428 0.91100001 2.2579999 56
-2.698 1.413 2.234 58
-2.6129999 1.22 2.2449999 67
-2.523 1.026 2.2520001 62
-2.4389999 0.85399997 2.257 57
-2.737 1.353 2.2390001 57
-2.6389999 1.159 2.2460001 66
-2.5480001 0.97000003 2.2590001 62
-2.454 0.79799998 2.2609999 56
-2.7690001 1.29 2.2409999 49
-2.6719999 1.101 2.2550001 48
-2.562 0.91000003 2.2579999 64
-2.4630001 0.741 2.2609999 61
-2.8050001 1.228 2.2460001 55
-2.6930001 1.039 2.2550001 63
-2.5799999 0.852 2.2609999 68
-2.4790001 0.68599999 2.2690001 55
-2.8299999 1.161 2.244 57
-2.7160001 0.977 2.256 63
-2.5999999 0.79400003 2.2679999 76
-2.487 0.62900001 2.27 52
-2.8629999 1.097 2.2490001 67
-2.7379999 0.91399997 2.2590001 67
-2.612 0.73400003 2.2679999 71
-2.494 0.57300001 2.2720001 62
-2.892 1.031 2.253 63
-2.757 0.852 2.2609999 68
-2.6229999 0.67400002 2.2690001 74
-2.4949999 0.51499999 2.2679999 66
-2.914 0.963 2.253 62
-2.773 0.787 2.2620001 70
-2.6400001 0.61500001 2.276 75
-2.5020001 0.45899999 2.2720001 61
-2.9360001 0.89499998 2.2539999 58
-2.7880001 0.72299999 2.2620001 83
-2.645 0.55400002 2.273 73
-2.507 0.403 2.2750001 57
-2.9560001 0.82499999 2.2539999 64
-2.806 0.65899998 2.266 70
-2.6559999 0.49399999 2.277 74
-2.513 0.34799999 2.279 65
-2.8570001 0.72600001 2.1659999 150
-2.8169999 0.59399998 2.267 69
-2.665 0.435 2.2809999 70
-2.5139999 0.292 2.2809999 61
-2.7460001 0.63 2.0710001 47
-2.8299999 0.52899998 2.27 69
-2.671 0.375 2.2839999 70
-2.516 0.236 2.2839999 66
-2.77 0.56699997 2.0799999 104
-2.8069999 0.45899999 2.2449999 150
-2.6689999 0.31400001 2.28 68
-2.517 0.18099999 2.2880001 66
-2.7880001 0.50300002 2.085 150
-2.661 0.373 2.1240001 103
-2.681 0.255 2.289 69
-2.516 0.126 2.29 60
-3.266 0.50999999 2.434 100
-2.6129999 0.30500001 2.0810001 51
-2.6789999 0.19400001 2.2880001 69
-2.513 0.071000002 2.2909999 64
-3.3429999 0.442 2.484 150
-2.671 0.25 2.1259999 150
-2.6730001 0.134 2.2839999 79
-2.5109999 0.016000001 2.2950001 64
-3.348 0.36199999 2.483 56
-2.826 0.199 2.2479999 150
-2.6240001 0.072999999 2.2449999 150
-2.5020001 -0.037 2.293 60
-3.355 0.28299999 2.4849999 55
-2.891 0.13699999 2.3 150
-2.5450001 0.014 2.181 150
-2.503 -0.090999998 2.3010001 62
-3.3659999 0.204 2.4909999 56
-2.6110001 0.064000003 2.0780001 150
-2.477 -0.041000001 2.1270001 91
-2.494 -0.145 2.3010001 55
-3.3710001 0.124 2.494 92
-3.1170001 0.0049999999 2.483 112
-2.438 -0.093999997 2.0999999 45
-2.4849999 -0.198 2.302 52
-3.3710001 0.044 2.4949999 56
-3.1289999 -0.066 2.497 60
-2.464 -0.15000001 2.128 150
-2.4760001 -0.252 2.3039999 50
-3.3659999 -0.034000002 2.494 56
-3 -0.132 2.3989999 150
-2.493 -0.208 2.161 153
-2.47 -0.30500001 2.309 59
-3.359 -0.114 2.4920001 55
-2.8610001 -0.192 2.2939999 54
-2.5969999 -0.27500001 2.26 150
-2.4560001 -0.35699999 2.3080001 63
-3.349 -0.193 2.4909999 54
-2.859 -0.25799999 2.3 55
-2.6389999 -0.338 2.3069999 82
-2.4419999 -0.40799999 2.3080001 59
-3.29 -0.26800001 2.454 130
-2.8499999 -0.324 2.302 55
-2.631 -0.39700001 2.3110001 57
-2.4360001 -0.461 2.316 56
-3.3340001 -0.352 2.4949999 56
-2.8369999 -0.38800001 2.3010001 57
-2.619 -0.45500001 2.3139999 57
-2.4170001 -0.51099998 2.313 56
-3.323 -0.43000001 2.497 54
-2.829 -0.454 2.3069999 56
-2.6070001 -0.51200002 2.316 61
-2.4030001 -0.56199998 2.3150001 58
-3.3139999 -0.509 2.503 53
-2.813 -0.51800001 2.306 59
-2.589 -0.56900001 2.316 62
-2.391 -0.61400002 2.3210001 59
-3.303 -0.58899999 2.507 54
-2.802 -0.58200002 2.3110001 56
-2.5769999 -0.62599999 2.3210001 57
-2.372 -0.66299999 2.3199999 60
-3.283 -0.66600001 2.507 53
-2.786 -0.64600003 2.313 56
-2.5580001 -0.68199998 2.3199999 61
-2.355 -0.71200001 2.322 58
-3.2739999 -0.74599999 2.517 55
-2.7679999 -0.70999998 2.3150001 55
-2.5350001 -0.736 2.3169999 59
-2.3399999 -0.76200002 2.3269999 62
-3.2520001 -0.82300001 2.5179999 56
-2.7449999 -0.77100003 2.3139999 54
-2.52 -0.792 2.323 57
-2.316 -0.80900002 2.323 49
-3.2290001 -0.89899999 2.5209999 55
-2.7309999 -0.83499998 2.3210001 64
-2.493 -0.84500003 2.319 61
-2.2920001 -0.85600001 2.3210001 51
-3.207 -0.97600001 2.5250001 56
-2.7090001 -0.89700001 2.3239999 69
-2.4760001 -0.89999998 2.325 63
-2.279 -0.90600002 2.3299999 56
-3.181 -1.052 2.5280001 55
-2.684 -0.958 2.3239999 74
-2.4560001 -0.95499998 2.329 66
-2.2539999 -0.95200002 2.3280001 48
-3.152 -1.126 2.5309999 55
-2.664 -1.02 2.3299999 88
-2.4300001 -1.007 2.3280001 67
-2.2279999 -0.99699998 2.3269999 57
-3.1210001 -1.2 2.533 57
-2.635 -1.079 2.3299999 82
-2.402 -1.058 2.3269999 60
-2.2049999 -1.043 2.3280001 58
-3.089 -1.273 2.536 56
-2.6059999 -1.138 2.3310001 75
-2.3800001 -1.1109999 2.332 57
-2.184 -1.09 2.3329999 49
-3.0469999 -1.342 2.5320001 55
-2.576 -1.196 2.332 60
-2.352 -1.1619999 2.3329999 54
-2.1589999 -1.135 2.3340001 50
-3.0150001 -1.415 2.5380001 54
-2.5450001 -1.2539999 2.3340001 53
-2.325 -1.212 2.335 53
-2.135 -1.1799999 2.3380001 49
-2.9679999 -1.48 2.5320001 49
-2.507 -1.307 2.3299999 44
-2.2969999 -1.263 2.339 44
-2.109 -1.223 2.339 42
-2.938 -1.554 2.543 43
-2.474 -1.363 2.332 38
-2.263 -1.3099999 2.336 42
-2.0810001 -1.266 2.3399999 47
-2.8959999 -1.6210001 2.5450001 35
-2.438 -1.418 2.3329999 37
-2.233 -1.359 2.3380001 39
-2.056 -1.311 2.345 41
-2.8559999 -1.6900001 2.5510001 32
-2.402 -1.471 2.3340001 37
-2.207 -1.41 2.346 34
-2.023 -1.35 2.3410001 43
-2.812 -1.756 2.5539999 31
-2.368 -1.526 2.3369999 37
-2.171 -1.455 2.3440001 37
-1.993 -1.391 2.3410001 48
-2.7620001 -1.818 2.553 30
-2.329 -1.5779999 2.339 37
-2.135 -1.5 2.3429999 38
-1.965 -1.434 2.345 48
-2.711 -1.8789999 2.553 27
-2.2880001 -1.628 2.339 36
-2.1070001 -1.549 2.352 35
-1.933 -1.472 2.3440001 44
-2.6600001 -1.939 2.5539999 32
-2.2479999 -1.679 2.3410001 37
-2.0680001 -1.592 2.349 39
-1.902 -1.513 2.3469999 49
-2.6059999 -1.997 2.553 34
-2.207 -1.728 2.3440001 37
-2.0280001 -1.633 2.348 42
-1.87 -1.552 2.348 44
-2.5190001 -2.027 2.5209999 38
-2.164 -1.776 2.3440001 37
-1.995 -1.6799999 2.355 45
-1.839 -1.592 2.3510001 54
-2.4059999 -2.0339999 2.4630001 44
-2.119 -1.821 2.3440001 43
-1.96 -1.724 2.359 49
-1.802 -1.627 2.348 52
-2.3010001 -2.0409999 2.411 41
-2.0739999 -1.868 2.3469999 44
-1.918 -1.7640001 2.3570001 53
-1.771 -1.666 2.352 49
-2.1949999 -2.0420001 2.3559999 46
-2.0250001 -1.91 2.3440001 46
-1.878 -1.803 2.358 58
-1.737 -1.704 2.355 58
-2.1329999 -2.0829999 2.3499999 46
-1.994 -1.9680001 2.3640001 48
-1.837 -1.8430001 2.359 57
-1.7 -1.738 2.3540001 50
-2.082 -2.132 2.355 48
-1.939 -2.0039999 2.358 47
-1.794 -1.881 2.359 46
-1.668 -1.778 2.3599999 56
-2.0280001 -2.178 2.358 52
-1.893 -2.0480001 2.362 52
-1.758 -1.925 2.368 64
-1.63 -1.812 2.3610001 43
-1.9680001 -2.2190001 2.3570001 49
-1.847 -2.0929999 2.369 59
-1.712 -1.959 2.365 60
-1.5930001 -1.845 2.3610001 57
-1.916 -2.266 2.365 53
-1.7970001 -2.132 2.3710001 63
-1.666 -1.992 2.3640001 57
-1.5549999 -1.8789999 2.3629999 52
-1.853 -2.3010001 2.3610001 53
-1.739 -2.1619999 2.3640001 53
-1.622 -2.0280001 2.365 58
-1.517 -1.913 2.365 53
-1.801 -2.349 2.372 46
-1.6900001 -2.2030001 2.3699999 59
-1.5779999 -2.063 2.368 55
-1.478 -1.944 2.365 54
-1.739 -2.3840001 2.3729999 45
-1.636 -2.2360001 2.369 53
-1.531 -2.095 2.3670001 58
-1.437 -1.974 2.365 48
-1.678 -2.421 2.3759999 47
-1.582 -2.2690001 2.3699999 56
-1.4859999 -2.1289999 2.3710001 54
-1.4 -2.0090001 2.3710001 59
-1.62 -2.46 2.382 48
-1.53 -2.3039999 2.3740001 53
-1.438 -2.1589999 2.3710001 52
-1.3559999 -2.0339999 2.3659999 49
-1.5650001 -2.503 2.395 49
-1.474 -2.335 2.375 53
-1.3890001 -2.1860001 2.368 48
-1.316 -2.0669999 2.3699999 51
-1.497 -2.527 2.391 45
-1.419 -2.365 2.3759999 48
-1.3430001 -2.2190001 2.3740001 53
-1.273 -2.0929999 2.369 54
-1.4299999 -2.5510001 2.388 47
-1.37 -2.4059999 2.3900001 53
-1.293 -2.2449999 2.3729999 51
-1.2309999 -2.1210001 2.3710001 38
-1.3660001 -2.579 2.3900001 45
-1.311 -2.4289999 2.3870001 48
-1.245 -2.2750001 2.3770001 48
-1.187 -2.148 2.3710001 41
-1.299 -2.599 2.388 45
-1.25 -2.4489999 2.3829999 47
-1.197 -2.3039999 2.381 46
-1.145 -2.1760001 2.3729999 50
-1.233 -2.6229999 2.3889999 44
-1.193 -2.4749999 2.3859999 46
-1.148 -2.3340001 2.3870001 44
-1.102 -2.204 2.378 43
-1.169 -2.648 2.3940001 45
-1.1339999 -2.4960001 2.385 47
-1.092 -2.346 2.3759999 39
-1.057 -2.23 2.3800001 40
-1.098 -2.6559999 2.385 30
-1.074 -2.516 2.385 45
-1.0420001 -2.372 2.3800001 43
-1.011 -2.2520001 2.3789999 40
0 0 0 0
0 0 0 0
0 0 0 0
-0.96499997 -2.273 2.3770001 41
-0.28400001 -0.79299998 0.70300001 0
0 0 0 0
0 0 0 0
0 0 0 0
0 0 0 0
0 0 0 0
0 0 0 0
0 0 0 0
-0.24699999 -0.80900002 0.71100003 0
0 0 0 0
0 0 0 0
0 0 0 0
0 0 0 0
-0.235 -0.78799999 0.72399998 0
0 0 0 0
0 0 0 0
-0.65799999 -2.5799999 2.2550001 1
-0.21600001 -0.78899997 0.72100002 1
0 0 0 0
0 0 0 0
-0.59100002 -2.5669999 2.2379999 42
-0.193 -0.77499998 0.70499998 0
0 0 0 0
0 0 0 0
-0.523 -2.546 2.2160001 41
0 0 0 0
-0.18700001 -0.76499999 0.72600001 0
0 0 0 0
-0.45500001 -2.513 2.1849999 38
0 0 0 0
-0.171 -0.77100003 0.727 1
0 0 0 0
-0.38800001 -2.4779999 2.154 36
0 0 0 0
-0.15099999 -0.75700003 0.71100003 1
-0.161 -0.74299997 0.72500002 0
-0.32600001 -2.457 2.135 38
-0.384 -2.4779999 2.2309999 5
-0.133 -0.75199997 0.704 0
-0.148 -0.755 0.73199999 1
-0.264 -2.428 2.112 45
-0.324 -2.448 2.2019999 47
0 0 0 0
-0.13 -0.74699998 0.72100002 2
-0.205 -2.408 2.0969999 19
-0.26499999 -2.4300001 2.1830001 42
0 0 0 0
-0.113 -0.745 0.71600002 1
-0.147 -2.3829999 2.079 8
-0.208 -2.411 2.165 23
-0.266 -2.4089999 2.2349999 28
0 0 0 0
-0.089000002 -2.352 2.056 45
-0.15099999 -2.3710001 2.1289999 47
-0.212 -2.392 2.2149999 27
0 0 0 0
-0.034000002 -2.326 2.04 49
-0.097000003 -2.3540001 2.115 51
-0.15800001 -2.3740001 2.194 44
0 0 0 0
0.02 -2.303 2.027 49
-0.043000001 -2.3280001 2.095 51
-0.105 -2.348 2.168 42
-0.16 -2.3670001 2.2390001 4
0.072999999 -2.2780001 2.013 54
0.0080000004 -2.299 2.072 48
-0.054000001 -2.3280001 2.148 41
-0.11 -2.3570001 2.223 56
0.125 -2.26 2.006 57
0.059999999 -2.2820001 2.062 56
-0.0040000002 -2.3039999 2.125 47
-0.059999999 -2.3299999 2.1930001 52
0.176 -2.233 1.993 62
0.11 -2.2539999 2.0409999 51
0.045000002 -2.2839999 2.1070001 55
-0.011 -2.3099999 2.1689999 43
0.226 -2.2090001 1.983 53
0.15899999 -2.237 2.0320001 52
0.093999997 -2.2639999 2.089 54
0.037 -2.2839999 2.141 48
0 0 0 0
0.208 -2.2160001 2.02 54
0.142 -2.24 2.069 53
0.083999999 -2.2639999 2.1199999 58
0 0 0 0
0.259 -2.2179999 2.03 4
0.189 -2.221 2.0550001 54
0.131 -2.247 2.1029999 60
0 0 0 0
0 0 0 0
0.235 -2.1989999 2.0380001 25
0.178 -2.2279999 2.0840001 51
0 0 0 0
0 0 0 0
0 0 0 0
0.223 -2.2030001 2.0599999 54
0 0 0 0
0 0 0 0
0 0 0 0
0 0 0 0
0 0 0 0
0 0 0 0
0 0 0 0
0 0 0 0
0 0 0 0
0 0 0 0
0 0 0 0
0 0 0 0
0 0 0 0
0 0 0 0
0 0 0 0
0 0 0 0
0 0 0 0
0 0 0 0
0 0 0 0
0 0 0 0
0 0 0 0
0 0 0 0
0 0 0 0
0 0 0 0
0 0 0 0
0 0 0 0
0 0 0 0
0 0 0 0
0 0 0 0
0 0 0 0
0 0 0 0
0 0 0 0
0 0 0 0
0 0 0 0
0 0 0 0
0 0 0 0
0 0 0 0
0 0 0 0
0 0 0 0
0 0 0 0
0 0 0 0
0 0 0 0
0 0 0 0
0 0 0 0
0 0 0 0
0 0 0 0
0 0 0 0
0 0 0 0
0 0 0 0
0 0 0 0
0 0 0 0
0 0 0 0
0 0 0 0
0 0 0 0
0 0 0 0
0 0 0 0
0 0 0 0
0 0 0 0
0 0 0 0
0 0 0 0
0 0 0 0
0 0 0 0
0 0 0 0
0 0 0 0
0 0 0 0
0 0 0 0
0 0 0 0
0 0 0 0
0 0 0 0
0 0 0 0
0 0 0 0
0 0 0 0
0 0 0 0
0 0 0 0
0 0 0 0
0 0 0 0
0 0 0 0
0 0 0 0
0 0 0 0
0 0 0 0
0 0 0 0
0 0 0 0
0 0 0 0
0 0 0 0
0 0 0 0
0 0 0 0
0 0 0 0
0 0 0 0
0 0 0 0
0 0 0 0
0 0 0 0
0 0 0 0
0 0 0 0
0 0 0 0
0 0 0 0
0 0 0 0
0 0 0 0
0 0 0 0
0 0 0 0
0 0 0 0
0 0 0 0
0 0 0 0
0 0 0 0
0 0 0 0
0 0 0 0
0 0 0 0
0 0 0 0
0 0 0 0
0 0 0 0
0 0 0 0
0 0 0 0
0 0 0 0
0 0 0 0
0 0 0 0
0 0 0 0
0 0 0 0
0 0 0 0
0 0 0 0
0 0 0 0
0 0 0 0
0 0 0 0
0 0 0 0
0 0 0 0
0 0 0 0
0 0 0 0
0 0 0 0
0 0 0 0
0 0 0 0
0.56 -0.41100001 0.69999999 0
0 0 0 0
0 0 0 0
0 0 0 0
0.57999998 -0.40599999 0.71499997 1
0 0 0 0
0 0 0 0
0 0 0 0
0.58899999 -0.39399999 0.71700001 1
1.9220001 -1.4170001 2.2820001 28
1.85 -1.4859999 2.152 10
0 0 0 0
0.60600001 -0.38600001 0.72899997 1
0 0 0 0
1.89 -1.45 2.1589999 37
0 0 0 0
0.60399997 -0.366 0.71799999 0
0 0 0 0
1.9349999 -1.418 2.1719999 28
1.862 -1.46 2.0439999 6
0 0 0 0
0.616 -0.39399999 0.70099998 0
2.0050001 -1.402 2.2149999 17
1.914 -1.432 2.0610001 50
0 0 0 0
0.62199998 -0.37900001 0.699 0
2.0650001 -1.377 2.2449999 16
1.961 -1.4 2.0739999 15
0 0 0 0
0.639 -0.37099999 0.70899999 1
0 0 0 0
2.03 -1.382 2.1099999 20
0 0 0 0
0.65600002 -0.36199999 0.72000003 0
0 0 0 0
0 0 0 0
0 0 0 0
0.66100001 -0.34599999 0.71700001 0
0 0 0 0
2.152 -1.327 2.165 1
0 0 0 0
0.66600001 -0.33000001 0.71499997 0
0 0 0 0
2.2049999 -1.293 2.1849999 18
0 0 0 0
0 0 0 0
0.70200002 -0.36300001 0.713 0
2.2809999 -1.2690001 2.2279999 10
0 0 0 0
0 0 0 0
0.70300001 -0.34400001 0.70499998 0
2.3380001 -1.232 2.2520001 7
0 0 0 0
0 0 0 0
0.72000003 -0.333 0.71399999 1
2.408 -1.2 2.289 12
0 0 0 0
0 0 0 0
0.73000002 -0.31799999 0.71700001 0
0 0 0 0
0 0 0 0
0 0 0 0
0.74299997 -0.30399999 0.72299999 0
0 0 0 0
0 0 0 0
0 0 0 0
0 0 0 0
0.75800002 -0.315 0.69499999 0
0 0 0 0
0 0 0 0
0 0 0 0
0 0 0 0
0 0 0 0
0 0 0 0
0 0 0 0
0.79400003 -0.289 0.713 1
0.91799998 -0.20999999 0.98500001 1
0 0 0 0
0 0 0 0
0.80199999 -0.271 0.71399999 0
0.93699998 -0.19400001 1.002 1
0 0 0 0
0 0 0 0
0 0 0 0
2.1719999 -0.40200001 2.3180001 50
0 0 0 0
0 0 0 0
0 0 0 0
2.1819999 -0.35699999 2.322 55
2.3329999 -0.47299999 2.3039999 25
0 0 0 0
0 0 0 0
2.184 -0.31 2.3199999 51
2.3540001 -0.42399999 2.3169999 64
0 0 0 0
0 0 0 0
2.1830001 -0.264 2.3150001 52
2.3629999 -0.373 2.3169999 63
2.539 -0.484 2.3150001 65
0 0 0 0
2.1860001 -0.21799999 2.3150001 54
2.3610001 -0.31999999 2.309 62
2.5469999 -0.426 2.3110001 60
2.7249999 -0.52100003 2.322 67
2.1900001 -0.17200001 2.3180001 56
2.368 -0.26899999 2.309 63
2.552 -0.368 2.3069999 60
2.733 -0.458 2.3169999 66
2.187 -0.126 2.3139999 58
2.372 -0.21799999 2.3099999 63
2.5599999 -0.31099999 2.3069999 53
2.7390001 -0.39399999 2.3110001 71
2.1860001 -0.081 2.312 54
2.3729999 -0.16599999 2.3069999 60
2.5650001 -0.25400001 2.3039999 56
2.7509999 -0.33199999 2.312 71
2.1849999 -0.035 2.3110001 55
2.3759999 -0.115 2.3069999 63
2.575 -0.197 2.3080001 60
2.7590001 -0.26899999 2.3110001 71
2.181 0.0089999996 2.3080001 53
2.3770001 -0.064000003 2.3069999 62
2.5710001 -0.139 2.3 56
2.763 -0.205 2.3069999 73
2.181 0.054000001 2.3110001 56
2.378 -0.012 2.3069999 60
2.5739999 -0.081 2.3 57
2.77 -0.141 2.3080001 73
2.1760001 0.098999999 2.309 55
2.372 0.037999999 2.302 52
2.575 -0.023 2.299 58
2.7720001 -0.077 2.306 70
2.1719999 0.14399999 2.3080001 58
2.3759999 0.089000002 2.3069999 62
2.575 0.033 2.299 59
2.767 -0.013 2.3 71
2.1670001 0.189 2.3080001 56
2.369 0.141 2.303 64
2.5710001 0.090999998 2.2950001 55
2.7739999 0.050000001 2.3039999 75
2.1619999 0.233 2.3080001 56
2.359 0.191 2.2969999 59
2.5710001 0.149 2.2969999 63
2.766 0.114 2.2980001 70
2.154 0.27700001 2.3050001 53
2.358 0.242 2.3010001 69
2.566 0.207 2.296 63
2.7620001 0.178 2.296 66
2.1459999 0.32100001 2.3039999 63
2.3510001 0.29300001 2.3 68
2.556 0.264 2.2909999 63
2.7579999 0.242 2.296 73
2.1359999 0.36500001 2.3010001 61
2.3410001 0.34299999 2.2969999 62
2.55 0.32100001 2.29 62
2.75 0.30599999 2.2939999 75
2.1259999 0.40799999 2.299 61
2.336 0.39399999 2.3 70
2.5420001 0.37799999 2.29 62
2.74 0.36899999 2.2909999 81
2.1170001 0.45199999 2.299 62
2.3210001 0.44299999 2.2939999 65
2.5280001 0.435 2.2850001 67
2.7320001 0.433 2.2909999 79
2.109 0.49599999 2.3010001 59
2.3110001 0.49399999 2.2939999 66
2.5179999 0.491 2.2850001 65
2.717 0.49599999 2.2869999 72
2.0969999 0.53799999 2.2980001 58
2.3 0.54299998 2.293 67
2.506 0.54799998 2.2850001 68
2.704 0.55900002 2.286 79
2.086 0.58099997 2.299 62
2.2839999 0.59200001 2.289 61
2.4920001 0.60399997 2.2839999 65
2.694 0.62199998 2.289 86
2.0739999 0.62400001 2.299 62
2.2690001 0.63999999 2.2880001 58
2.4719999 0.65899998 2.279 75
2.671 0.68300003 2.2820001 81
2.0550001 0.66399997 2.2909999 59
2.2579999 0.69 2.2909999 65
2.461 0.71600002 2.283 61
2.654 0.745 2.2820001 84
2.0469999 0.70899999 2.2969999 63
2.243 0.73900002 2.2909999 64
2.4449999 0.77100003 2.283 70
2.632 0.80599999 2.279 70
2.026 0.74800003 2.29 59
2.223 0.78600001 2.2869999 62
2.4200001 0.824 2.276 70
2.6110001 0.86699998 2.2780001 75
2.0109999 0.78899997 2.289 57
2.2060001 0.83399999 2.2869999 62
2.402 0.87800002 2.2780001 73
2.5869999 0.926 2.276 82
1.995 0.83099997 2.289 60
2.188 0.88099998 2.2869999 62
2.3800001 0.93199998 2.276 74
2.5669999 0.98699999 2.2780001 75
1.979 0.87199998 2.2880001 59
2.165 0.92699999 2.283 64
2.358 0.98500001 2.276 68
2.543 1.0470001 2.279 76
1.96 0.912 2.2869999 58
2.145 0.97399998 2.2820001 64
2.335 1.038 2.276 68
2.51 1.103 2.273 75
1.9450001 0.954 2.29 64
2.1229999 1.02 2.2820001 61
2.309 1.09 2.2739999 74
2.484 1.1619999 2.2739999 70
1.924 0.99299997 2.286 60
2.1010001 1.0650001 2.2809999 61
2.28 1.14 2.2709999 64
2.451 1.217 2.27 79
1.899 1.03 2.279 56
2.0780001 1.1109999 2.2809999 61
2.25 1.189 2.2679999 67
2.421 1.274 2.2709999 78
1.883 1.071 2.283 60
2.0539999 1.155 2.28 61
2.2219999 1.24 2.2679999 66
2.3889999 1.329 2.2709999 58
1.862 1.11 2.2820001 56
2.023 1.197 2.2750001 68
2.1949999 1.29 2.27 68
2.3499999 1.381 2.266 87
1.84 1.148 2.2809999 61
1.998 1.2410001 2.2750001 68
2.1619999 1.3380001 2.267 63
2.3150001 1.4349999 2.266 89
1.818 1.187 2.2809999 64
1.971 1.284 2.2739999 68
2.1259999 1.383 2.263 68
2.2750001 1.485 2.2620001 88
1.7920001 1.223 2.277 63
1.943 1.326 2.273 68
2.0940001 1.431 2.263 66
2.2360001 1.536 2.2609999 83
1.763 1.257 2.27 60
1.91 1.365 2.2679999 75
2.0569999 1.475 2.26 64
2.194 1.584 2.257 81
1.744 1.298 2.2750001 61
1.877 1.404 2.2639999 68
2.0190001 1.5190001 2.256 67
2.1530001 1.633 2.256 82
1.7180001 1.335 2.2739999 61
1.847 1.4450001 2.2639999 67
1.987 1.566 2.2609999 62
2.1129999 1.682 2.257 85
1.6900001 1.369 2.27 60
1.818 1.487 2.267 75
1.947 1.607 2.256 64
2.0669999 1.726 2.2539999 77
1.666 1.4069999 2.273 67
1.783 1.523 2.2620001 65
1.903 1.646 2.25 65
2.0220001 1.771 2.2520001 80
1.633 1.438 2.2639999 58
1.747 1.5599999 2.2579999 60
1.87 1.692 2.256 65
1.978 1.816 2.2520001 69
1.608 1.475 2.2679999 60
1.714 1.598 2.2590001 59
1.823 1.727 2.2479999 57
1.929 1.857 2.2490001 81
1.577 1.508 2.2639999 61
1.6799999 1.636 2.2579999 57
1.783 1.768 2.2490001 64
1.8839999 1.9 2.25 79
1.549 1.543 2.2650001 60
1.641 1.669 2.2539999 49
1.744 1.808 2.2509999 66
1.829 1.934 2.2420001 71
1.516 1.573 2.2579999 53
1.6059999 1.706 2.2539999 62
1.7 1.845 2.2490001 60
1.78 1.973 2.2409999 73
1.487 1.609 2.2609999 59
1.5700001 1.7410001 2.2550001 62
1.652 1.877 2.244 62
1.732 2.0139999 2.244 76
1.455 1.64 2.2590001 60
1.528 1.771 2.2490001 64
1.609 1.915 2.2460001 67
1.679 2.049 2.2420001 68
1.42 1.669 2.2539999 62
1.493 1.808 2.253 62
1.564 1.949 2.2449999 57
1.6289999 2.085 2.243 64
1.39 1.704 2.2579999 66
1.45 1.837 2.2479999 63
1.515 1.978 2.2409999 53
1.576 2.119 2.243 62
1.354 1.732 2.253 59
1.41 1.867 2.2460001 58
1.4680001 2.0090001 2.2390001 56
1.522 2.1500001 2.2420001 67
1.319 1.761 2.25 58
1.37 1.899 2.247 60
1.421 2.0409999 2.24 56
1.466 2.177 2.237 67
1.288 1.795 2.2550001 59
1.3279999 1.927 2.2449999 58
1.3710001 2.0680001 2.2360001 62
1.41 2.2049999 2.2360001 54
1.249 1.821 2.2490001 65
1.283 1.952 2.24 64
1.322 2.0969999 2.237 63
1.3559999 2.234 2.237 58
1.2130001 1.849 2.2479999 62
1.242 1.983 2.2420001 60
1.273 2.1240001 2.2360001 59
1.296 2.2539999 2.23 63
1.177 1.878 2.2490001 59
1.199 2.01 2.2420001 58
1.221 2.1470001 2.2320001 51
1.2410001 2.2809999 2.2320001 63
1.14 1.906 2.2490001 60
1.155 2.036 2.2409999 59
1.17 2.1700001 2.23 56
1.182 2.299 2.2260001 65
1.099 1.927 2.2409999 55
1.1109999 2.062 2.2409999 55
1.117 2.1900001 2.2260001 61
1.125 2.322 2.2279999 62
1.062 1.956 2.244 59
1.067 2.0869999 2.2420001 57
1.0650001 2.211 2.224 55
1.069 2.3440001 2.2290001 65
1.022 1.979 2.2420001 58
1.02 2.1059999 2.237 56
1.015 2.2360001 2.2279999 60
1.012 2.3659999 2.2320001 64
0.98299998 2.007 2.244 50
0.972 2.125 2.2320001 57
0.963 2.2550001 2.227 56
0.94999999 2.3740001 2.223 64
0.94300002 2.0320001 2.244 57
0.92500001 2.1459999 2.2320001 58
0.90899998 2.2709999 2.224 55
0.89300001 2.392 2.2249999 61
0.90100002 2.0539999 2.2420001 57
0.87800002 2.1659999 2.2309999 57
0.85699999 2.29 2.2260001 58
0.833 2.402 2.221 56
0.85799998 2.072 2.237 52
0.83099997 2.1849999 2.23 57
0.80299997 2.3050001 2.224 56
0.773 2.411 2.2179999 64
0.81599998 2.095 2.2379999 48
0.78299999 2.2030001 2.23 57
0.74900001 2.3180001 2.223 52
0.71499997 2.425 2.22 63
0.773 2.115 2.237 52
0.73299998 2.217 2.2260001 52
0.69499999 2.332 2.223 49
0 0 0 0
0.72899997 2.132 2.233 47
0.68599999 2.237 2.2290001 55
0.64200002 2.3469999 2.2249999 51
0.131 0.53500003 0.48699999 11
0.685 2.152 2.2320001 53
0.63700002 2.2509999 2.2279999 55
0.58700001 2.3540001 2.2219999 54
0.116 0.528 0.479 12
0.63999999 2.168 2.23 55
0.588 2.266 2.2279999 59
0 0 0 0
0.102 0.52399999 0.47400001 12
0.59600002 2.187 2.23 54
0.53899997 2.2809999 2.23 63
0.105 0.52399999 0.491 10
0.089000002 0.52399999 0.47400001 11
0.55000001 2.204 2.23 54
0.48800001 2.29 2.227 57
0.093000002 0.523 0.48800001 10
0.075999998 0.51999998 0.47 11
0.50400001 2.2179999 2.227 56
0 0 0 0
0.079999998 0.51700002 0.48199999 10
0.063000001 0.51700002 0.46599999 11
0.45699999 2.23 2.2249999 54
0.085000001 0.509 0.49000001 10
0.067000002 0.51099998 0.47499999 9
0.050000001 0.50400001 0.45500001 11
0.41100001 2.2490001 2.2290001 58
0.072999999 0.50700003 0.486 11
0.054000001 0.505 0.46900001 9
0.037999999 0.505 0.456 11
0 0 0 0
0.061000001 0.50199997 0.47999999 10
0.043000001 0.50300002 0.46700001 9
0.026000001 0.505 0.45699999 11
0.068999998 0.49900001 0.48899999 10
0.050000001 0.50400001 0.48100001 9
0.030999999 0.5 0.46399999 9
0.014 0.49900001 0.45199999 10
0.059 0.50300002 0.491 11
0 0 0 0
0.018999999 0.493 0.458 10
0.003 0.498 0.45300001 10
0 0 0 0
0.027000001 0.49000001 0.465 10
0.0080000004 0.498 0.463 9
-0.0080000004 0.493 0.44999999 10
0.035999998 0.49399999 0.47799999 11
0.016000001 0.49599999 0.47099999 9
0 0 0 0
-0.018999999 0.48800001 0.447 11
0 0 0 0
0 0 0 0
-0.013 0.491 0.458 9
0 0 0 0
0.015 0.48800001 0.46799999 11
-0.0040000002 0.48699999 0.461 9
0 0 0 0
-0.041999999 0.48100001 0.44499999 10
0.0040000002 0.48800001 0.46700001 11
-0.015 0.48500001 0.46000001 9
-0.035 0.48500001 0.454 9
0 0 0 0
-0.0060000001 0.48500001 0.463 11
0 0 0 0
-0.046 0.486 0.45699999 9
-0.064000003 0.47999999 0.44999999 10
-0.016000001 0.486 0.46399999 11
-0.035999998 0.47999999 0.456 9
-0.057 0.48100001 0.45500001 8
0 0 0 0
-0.026000001 0.479 0.456 11
0 0 0 0
0 0 0 0
-0.085000001 0.46700001 0.44400001 3
0 0 0 0
-0.057 0.47400001 0.45199999 9
-0.079000004 0.477 0.45500001 8
-0.47799999 2.3239999 2.224 71
-0.046999998 0.47600001 0.45300001 11
0 0 0 0
-0.089000002 0.472 0.45300001 2
-0.52999997 2.303 2.223 65
-0.057 0.47600001 0.45300001 11
-0.079000004 0.47499999 0.456 8
-0.49000001 2.3099999 2.2309999 12
-0.58099997 2.283 2.224 57
-0.068000004 0.47600001 0.454 11
-0.086999997 0.463 0.44499999 0
-0.54000002 2.29 2.227 54
-0.63099998 2.2609999 2.2249999 62
-0.078000002 0.47400001 0.45199999 11
-0.49000001 2.3080001 2.2309999 8
-0.59100002 2.2739999 2.227 49
-0.68099999 2.2360001 2.223 65
0 0 0 0
-0.54100001 2.296 2.2290001 63
-0.64099997 2.2539999 2.2260001 59
-0.73000002 2.214 2.2249999 65
-0.491 2.322 2.2219999 13
-0.59200001 2.283 2.2290001 52
-0.69 2.2360001 2.227 57
-0.77700001 2.1860001 2.223 61
-0.54400003 2.3180001 2.2249999 52
-0.64200002 2.2679999 2.227 58
-0.73900002 2.2160001 2.227 57
-0.82499999 2.161 2.224 60
-0.59500003 2.306 2.221 47
-0.69199997 2.2539999 2.227 57
-0.787 2.1919999 2.2249999 62
-0.87099999 2.1329999 2.224 65
-0.648 2.299 2.223 54
-0.74199998 2.2360001 2.2249999 56
-0.83499998 2.1700001 2.2249999 55
-0.91600001 2.1040001 2.223 59
-0.699 2.2869999 2.221 49
-0.792 2.221 2.227 58
-0.88300002 2.1500001 2.2290001 64
-0.96100003 2.076 2.224 62
-0.75 2.2709999 2.217 55
-0.84200001 2.2019999 2.227 58
-0.92900002 2.1229999 2.2260001 57
-1.0039999 2.0450001 2.224 64
-0.80299997 2.2639999 2.2219999 53
-0.88999999 2.1830001 2.2260001 56
-0.97399998 2.095 2.224 56
-1.049 2.017 2.227 59
-0.85399997 2.2460001 2.2190001 55
-0.93800002 2.161 2.2249999 57
-1.021 2.073 2.2290001 60
-1.09 1.984 2.2260001 54
-0.90499997 2.2290001 2.2179999 54
-0.98699999 2.141 2.227 57
-1.064 2.0439999 2.227 58
-1.1289999 1.949 2.223 63
-0.95700002 2.217 2.2219999 56
-1.034 2.1170001 2.2249999 61
-1.108 2.016 2.2279999 53
-1.171 1.919 2.227 62
-1.006 2.1930001 2.2160001 53
-1.079 2.0910001 2.2219999 63
-1.151 1.9859999 2.227 61
-1.21 1.8839999 2.227 59
-1.057 2.175 2.217 56
-1.128 2.0699999 2.2260001 55
-1.194 1.9579999 2.2290001 61
-1.248 1.85 2.2279999 66
-1.108 2.1559999 2.2190001 52
-1.174 2.0439999 2.227 58
-1.235 1.926 2.23 58
-1.2869999 1.817 2.2309999 64
-1.158 2.1340001 2.2179999 47
-1.2180001 2.0150001 2.2249999 61
-1.277 1.897 2.233 65
-1.321 1.779 2.2290001 66
-1.207 2.1110001 2.2179999 58
-1.2640001 1.99 2.227 59
-1.316 1.863 2.2320001 60
-1.358 1.744 2.2320001 68
-1.257 2.0880001 2.22 58
-1.308 1.961 2.2279999 59
-1.3559999 1.831 2.233 58
-1.395 1.71 2.237 65
-1.304 2.0599999 2.217 56
-1.351 1.929 2.2260001 57
-1.397 1.8 2.2379999 60
-1.428 1.673 2.2379999 69
-1.353 2.0339999 2.2179999 55
-1.396 1.901 2.2290001 60
-1.433 1.763 2.2360001 62
-1.46 1.633 2.237 66
-1.402 2.0079999 2.221 63
-1.437 1.868 2.2279999 58
-1.47 1.728 2.2379999 58
-1.492 1.595 2.2390001 68
-1.448 1.977 2.2179999 59
-1.479 1.836 2.23 62
-1.508 1.694 2.2420001 62
-1.522 1.556 2.2409999 62
-1.495 1.948 2.22 58
-1.521 1.803 2.2320001 64
-1.5420001 1.656 2.2409999 55
-1.551 1.516 2.2409999 53
-1.546 1.923 2.2279999 63
-1.563 1.772 2.2360001 60
-1.576 1.619 2.2420001 56
-1.58 1.476 2.2420001 67
-1.589 1.886 2.224 60
-1.599 1.7309999 2.2309999 61
-1.61 1.581 2.244 55
-1.607 1.436 2.243 68
-1.632 1.851 2.2219999 58
-1.64 1.698 2.2360001 53
-1.645 1.544 2.2479999 61
-1.6339999 1.396 2.2449999 64
-1.679 1.819 2.227 48
-1.678 1.661 2.237 61
-1.675 1.5039999 2.2479999 57
-1.6619999 1.3559999 2.2490001 66
-1.724 1.785 2.23 57
-1.7130001 1.6210001 2.2349999 59
-1.702 1.461 2.2449999 61
-1.684 1.312 2.247 62
-1.765 1.745 2.2279999 59
-1.752 1.584 2.24 58
-1.7309999 1.42 2.2460001 59
-1.702 1.267 2.2420001 58
-1.809 1.709 2.2309999 65
-1.786 1.543 2.2390001 61
-1.762 1.38 2.2490001 61
-1.727 1.227 2.2460001 59
-1.85 1.669 2.2309999 69
-1.8200001 1.502 2.2390001 62
-1.791 1.34 2.2520001 64
-1.747 1.184 2.2460001 63
-1.887 1.626 2.2290001 64
-1.855 1.4630001 2.243 63
-1.818 1.298 2.2550001 62
-1.767 1.141 2.2460001 61
-1.9299999 1.587 2.233 61
-1.888 1.421 2.2449999 69
-1.8430001 1.255 2.2550001 64
-1.79 1.1 2.2520001 59
-1.967 1.543 2.233 63
-1.9170001 1.376 2.243 59
-1.8660001 1.211 2.2539999 69
-1.809 1.058 2.2539999 57
-2.0020001 1.498 2.2309999 62
-1.9529999 1.336 2.2509999 58
-1.888 1.166 2.2539999 64
-1.8279999 1.015 2.257 62
-2.0409999 1.455 2.2349999 62
-1.977 1.288 2.2460001 61
-1.914 1.124 2.2579999 70
-1.845 0.972 2.2590001 70
-2.075 1.409 2.2360001 59
-2.0050001 1.243 2.2460001 62
-1.937 1.08 2.2609999 71
-1.855 0.926 2.2539999 67
-2.108 1.3609999 2.2349999 59
-2.0369999 1.2 2.253 60
-1.956 1.034 2.2609999 65
-1.872 0.884 2.2579999 70
-2.142 1.314 2.237 64
-2.063 1.153 2.2539999 59
-1.974 0.98900002 2.26 57
-1.886 0.83999997 2.26 63
-2.1760001 1.267 2.24 57
-2.0880001 1.1059999 2.2550001 59
-1.9960001 0.94499999 2.2650001 66
-1.899 0.79699999 2.2609999 61
-2.2090001 1.219 2.244 55
-2.115 1.0599999 2.2590001 66
-2.013 0.89899999 2.267 68
-1.915 0.755 2.2679999 66
-2.2409999 1.17 2.2479999 62
-2.138 1.011 2.26 64
-2.029 0.85299999 2.267 64
-1.924 0.70999998 2.267 65
-2.2679999 1.118 2.2479999 59
-2.152 0.95899999 2.253 64
-2.0439999 0.80599999 2.2679999 75
-1.936 0.667 2.27 65
-2.2939999 1.0650001 2.247 60
-2.1830001 0.91399997 2.2650001 60
-2.062 0.76099998 2.273 67
-1.941 0.62199998 2.2679999 65
-2.3239999 1.015 2.253 61
-2.1989999 0.86299998 2.263 67
-2.075 0.71399999 2.2739999 70
-1.951 0.579 2.2709999 66
-2.348 0.96100003 2.2539999 59
-2.2179999 0.81300002 2.2639999 69
-2.0899999 0.66799998 2.2780001 66
-1.959 0.53600001 2.2739999 68
-2.3710001 0.90600002 2.2550001 59
-2.234 0.76200002 2.2650001 67
-2.102 0.62099999 2.28 65
-1.96 0.491 2.2690001 71
-2.3940001 0.852 2.257 64
-2.2550001 0.713 2.2709999 60
-2.1059999 0.57200003 2.2750001 64
-1.97 0.44800001 2.2750001 67
-2.4159999 0.79699999 2.26 63
-2.2650001 0.66000003 2.2679999 68
-2.1210001 0.52600002 2.283 69
-1.977 0.405 2.279 72
-2.434 0.741 2.26 62
-2.2850001 0.61000001 2.276 66
-2.1270001 0.47799999 2.2809999 69
-1.978 0.361 2.2780001 66
-2.4530001 0.685 2.263 61
-2.2950001 0.55699998 2.2739999 57
-2.135 0.43099999 2.283 70
-1.9809999 0.31799999 2.28 62
-2.473 0.62800002 2.267 52
-2.309 0.505 2.279 57
-2.145 0.384 2.289 68
-1.9809999 0.27500001 2.279 64
-2.4849999 0.56999999 2.267 66
-2.3199999 0.45300001 2.2809999 61
-2.148 0.336 2.2880001 71
-1.984 0.23199999 2.2809999 64
-2.5039999 0.51300001 2.273 63
-2.3239999 0.39899999 2.2780001 61
-2.1470001 0.28799999 2.2839999 69
-1.9859999 0.189 2.2850001 63
-2.5150001 0.454 2.2739999 60
-2.335 0.347 2.2820001 56
-2.1559999 0.241 2.2909999 69
-1.984 0.146 2.2839999 65
-2.5179999 0.39399999 2.2690001 65
-2.342 0.294 2.2850001 57
-2.1589999 0.193 2.293 69
-1.982 0.104 2.2850001 62
-2.5339999 0.336 2.277 67
-2.346 0.23999999 2.286 61
-2.1600001 0.145 2.2950001 70
-1.983 0.061999999 2.29 67
-2.539 0.27700001 2.276 57
-2.3499999 0.18700001 2.2880001 62
-2.1619999 0.097999997 2.2980001 72
-1.98 0.02 2.29 62
-2.5439999 0.21699999 2.277 63
-2.358 0.134 2.2939999 64
-2.1589999 0.050000001 2.2969999 65
-1.976 -0.021 2.2920001 59
-2.5539999 0.15800001 2.2839999 61
-2.3570001 0.079999998 2.2939999 63
-2.1570001 0.003 2.2980001 65
-1.975 -0.063000001 2.2969999 68
-2.556 0.097999997 2.2850001 61
-2.355 0.027000001 2.293 58
-2.155 -0.043000001 2.3 63
-1.969 -0.105 2.2969999 59
-2.556 0.037999999 2.286 59
-2.3559999 -0.026000001 2.2969999 64
-2.154 -0.090000004 2.3050001 57
-1.961 -0.146 2.296 65
-2.556 -0.021 2.2869999 61
-2.355 -0.079000004 2.3 63
-2.1489999 -0.13699999 2.306 69
-1.956 -0.18700001 2.2980001 65
-2.5569999 -0.081 2.2909999 55
-2.348 -0.132 2.2980001 57
-2.142 -0.184 2.306 66
-1.95 -0.228 2.3010001 68
-2.55 -0.141 2.29 61
-2.3429999 -0.185 2.3 62
-2.135 -0.23 2.3069999 64
-1.942 -0.26800001 2.302 68
-2.5280001 -0.199 2.276 96
-2.339 -0.23800001 2.3039999 63
-2.1329999 -0.27700001 2.3139999 66
-1.937 -0.30899999 2.3080001 66
-2.4979999 -0.25600001 2.257 146
-2.332 -0.292 2.306 65
-2.122 -0.32300001 2.313 68
-1.925 -0.34900001 2.306 64
-2.4530001 -0.31 2.2249999 150
-2.3239999 -0.34400001 2.3080001 66
-2.1110001 -0.368 2.312 66
-1.911 -0.38699999 2.302 72
-2.4430001 -0.36700001 2.2260001 150
-2.3099999 -0.396 2.3050001 54
-2.0999999 -0.414 2.3139999 64
-1.905 -0.428 2.3080001 62
-2.45 -0.42699999 2.244 150
-2.302 -0.449 2.3110001 64
-2.089 -0.45899999 2.3150001 65
-1.8940001 -0.46700001 2.3110001 68
-2.503 -0.49700001 2.306 60
-2.29 -0.5 2.313 66
-2.079 -0.505 2.319 70
-1.882 -0.50599998 2.3110001 61
-2.4909999 -0.55599999 2.3099999 60
-2.276 -0.55199999 2.3139999 62
-2.063 -0.54799998 2.3169999 68
-1.87 -0.54500002 2.313 63
-2.4749999 -0.61400002 2.3110001 57
-2.2590001 -0.602 2.313 58
-2.049 -0.59299999 2.3180001 67
-1.857 -0.583 2.3150001 55
-2.4579999 -0.67199999 2.313 58
-2.2460001 -0.65399998 2.3180001 65
-2.0369999 -0.63700002 2.323 68
-1.842 -0.62099999 2.3150001 64
-2.4389999 -0.72899997 2.3150001 57
-2.2309999 -0.704 2.3210001 59
-2.016 -0.68000001 2.319 60
-1.826 -0.65799999 2.3139999 60
-2.4189999 -0.78500003 2.3169999 58
-2.2060001 -0.75199997 2.316 51
-2.0039999 -0.72399998 2.325 69
-1.813 -0.69599998 2.3169999 64
-2.3929999 -0.83999997 2.3150001 45
-2.1930001 -0.80299997 2.325 59
-1.987 -0.76700002 2.3269999 70
-1.7970001 -0.73299998 2.3180001 61
-2.3789999 -0.898 2.325 57
-2.171 -0.85100001 2.3239999 62
-1.967 -0.80900002 2.3269999 64
-1.7819999 -0.76999998 2.3210001 61
-2.352 -0.95200002 2.3239999 57
-2.1459999 -0.89899999 2.323 59
-1.95 -0.852 2.3299999 69
-1.765 -0.80699998 2.322 58
-2.3239999 -1.005 2.3239999 53
-2.128 -0.949 2.3299999 58
-1.928 -0.89200002 2.329 65
-1.745 -0.84100002 2.3199999 59
-2.2969999 -1.058 2.326 52
-2.0999999 -0.99299997 2.326 57
-1.9069999 -0.93300003 2.3299999 65
-1.729 -0.87800002 2.3239999 63
-2.2690001 -1.1109999 2.329 51
-2.0739999 -1.039 2.3269999 52
-1.887 -0.97500002 2.3329999 70
-1.71 -0.91399997 2.325 62
-2.2390001 -1.1619999 2.3299999 44
-2.0510001 -1.087 2.332 50
-1.864 -1.015 2.335 60
-1.6900001 -0.94800001 2.3239999 57
-2.2119999 -1.215 2.336 44
-2.0239999 -1.132 2.3340001 52
-1.841 -1.054 2.336 61
-1.673 -0.98500001 2.329 58
-2.1800001 -1.265 2.3380001 43
-1.9960001 -1.176 2.335 48
-1.821 -1.096 2.342 67
-1.652 -1.0190001 2.3299999 65
-2.1470001 -1.3150001 2.3410001 42
-1.97 -1.222 2.3399999 52
-1.793 -1.132 2.339 59
-1.628 -1.05 2.326 62
-2.1099999 -1.362 2.3410001 36
-1.938 -1.263 2.339 48
-1.768 -1.171 2.3410001 66
-1.609 -1.086 2.3310001 64
-2.072 -1.4069999 2.3399999 39
-1.9069999 -1.306 2.3410001 48
-1.742 -1.2079999 2.342 57
-1.584 -1.117 2.3280001 56
-2.0350001 -1.4529999 2.342 40
-1.877 -1.348 2.345 50
-1.716 -1.2460001 2.346 62
-1.563 -1.151 2.3310001 63
-1.995 -1.497 2.342 37
-1.8430001 -1.3890001 2.345 50
-1.686 -1.281 2.3440001 66
-1.541 -1.1849999 2.3340001 69
-1.959 -1.543 2.3469999 39
-1.808 -1.427 2.3440001 52
-1.66 -1.319 2.348 65
-1.52 -1.219 2.3380001 65
-1.915 -1.5829999 2.345 40
-1.773 -1.466 2.346 53
-1.63 -1.353 2.348 63
-1.492 -1.247 2.3329999 62
-1.877 -1.627 2.3510001 41
-1.738 -1.505 2.348 54
-1.595 -1.383 2.342 53
-1.469 -1.281 2.3380001 65
-1.831 -1.664 2.3469999 43
-1.7 -1.54 2.346 56
-1.572 -1.424 2.3540001 58
-1.444 -1.312 2.3399999 62
-1.79 -1.705 2.352 51
-1.666 -1.579 2.352 52
-1.539 -1.456 2.3529999 58
-1.418 -1.342 2.3399999 58
-1.747 -1.745 2.3559999 50
-1.627 -1.613 2.352 56
-1.508 -1.489 2.355 58
-1.391 -1.372 2.3410001 66
-1.698 -1.777 2.352 53
-1.589 -1.648 2.3540001 59
-1.471 -1.516 2.349 56
-1.364 -1.402 2.342 57
-1.651 -1.811 2.3510001 46
-1.55 -1.682 2.3559999 56
-1.437 -1.548 2.349 59
-1.3380001 -1.433 2.345 60
-1.608 -1.849 2.358 52
-1.507 -1.711 2.3529999 48
-1.409 -1.584 2.359 59
-1.309 -1.462 2.345 61
-1.561 -1.883 2.3610001 51
-1.467 -1.743 2.355 50
-1.373 -1.612 2.358 59
-1.28 -1.489 2.345 60
-1.511 -1.9119999 2.359 46
-1.429 -1.778 2.362 54
-1.3380001 -1.641 2.358 55
-1.252 -1.5190001 2.349 55
-1.464 -1.944 2.3640001 49
-1.3839999 -1.804 2.358 48
-1.302 -1.669 2.358 57
-1.224 -1.549 2.3529999 50
-1.413 -1.971 2.362 45
-1.341 -1.832 2.358 50
-1.267 -1.699 2.362 60
-1.193 -1.576 2.3529999 56
-1.364 -1.998 2.3640001 45
-1.298 -1.86 2.3599999 52
-1.229 -1.724 2.3599999 58
-1.16 -1.598 2.348 45
-1.314 -2.026 2.368 43
-1.255 -1.887 2.362 51
-1.192 -1.75 2.3610001 59
-1.13 -1.627 2.352 56
-1.263 -2.05 2.368 39
-1.21 -1.911 2.362 48
-1.154 -1.775 2.3610001 57
-1.099 -1.654 2.355 59
-1.211 -2.072 2.3670001 46
-1.1670001 -1.937 2.3659999 51
-1.118 -1.8049999 2.368 54
-1.0650001 -1.678 2.3529999 60
-1.16 -2.0969999 2.3710001 46
-1.119 -1.957 2.3629999 46
-1.076 -1.823 2.3610001 56
-1.033 -1.7029999 2.3559999 56
-1.1059999 -2.1129999 2.368 45
-1.074 -1.979 2.3629999 54
-1.039 -1.85 2.3670001 50
-0.99900001 -1.728 2.3570001 55
-1.0549999 -2.135 2.372 45
-1.028 -2.0009999 2.365 53
-0.99900001 -1.872 2.3670001 52
-0.96600002 -1.752 2.359 61
-1 -2.148 2.369 45
-0.98100001 -2.0179999 2.3640001 46
-0.958 -1.893 2.3670001 50
-0.93300003 -1.779 2.365 59
-0.94700003 -2.165 2.3699999 41
-0.93400002 -2.039 2.3659999 50
-0.91799998 -1.915 2.369 53
-0.89499998 -1.796 2.3570001 49
0 0 0 0
-0.352 -0.815 0.93900001 0
-0.87800002 -1.936 2.3710001 51
-0.861 -1.8200001 2.3610001 61
